"Timestamp","TZ","TA_1_1_1","RH_1_1_1","PPFD_BC_IN_1_1_1","PPFD_BC_IN_1_1_1_SD","PPFD_BC_IN_1_1_2","PPFD_BC_IN_1_1_2_SD","TS_6_1_1","TS_6_2_1","TS_7_1_1","TS_7_2_1","TS_8_1_1","TS_8_2_1","TS_9_1_1","TS_9_2_1","TS_10_1_1","TS_10_2_1","P_1_2_1","P_1_3_1","P_1_4_1","1160CV","1038CV","1161CV"
2025/07/30 23:46:01.000,n,9.16324,65.323012,0.000158,8.695818e-06,-9.842282e-05,5.391383e-06,15.592018,15.89996,15.783804,15.966718,15.63563,16.11137,16.308616,16.367134,16.133864,16.181524,0,0,0,0,0,0
2025/07/30 23:47:00.922,n,9.136678,64.542444,0.000168,6.125928e-06,-8.74359e-05,6.351436e-06,15.583298,15.898526,15.788154,15.96098,15.63563,16.105748,16.300074,16.358398,16.128256,16.175688,0,0,0,0,0,0
2025/07/30 23:48:00.925,n,9.126668,64.4674,0.000168,7.868142e-06,-8.194245e-05,8.016488e-06,15.581832,15.888372,15.779452,15.952246,15.629778,16.097356,16.297268,16.359864,16.125502,16.175688,0,0,0,0,0,0
2025/07/30 23:49:00.927,n,9.119976,64.202552,0.000174,8.181109e-06,-9.842282e-05,4.990379e-06,15.576014,15.883988,15.779452,15.943526,15.632694,16.091716,16.300074,16.362798,16.125502,16.172804,0,0,0,0,0,0
2025/07/30 23:50:00.928,n,9.119976,64.256216,0.000153,7.168615e-06,-8.74359e-05,7.845368e-06,15.573162,15.878168,15.775068,15.947862,15.626892,16.10011,16.302976,16.354092,16.11701,16.165566,0,0,0,0,0,0
2025/07/30 23:51:00.932,n,9.124958,64.116324,0.000158,8.866042e-06,-0.000109,5.33205e-06,15.56586,15.875252,15.776536,15.94209,15.621108,16.091716,16.294466,16.349756,16.122618,16.174222,0,0,0,0,0,0
2025/07/30 23:52:00.917,n,9.075054,64.145624,0.000158,6.556216e-06,-0.000104,6.535789e-06,15.557158,15.86655,15.757614,15.944976,15.610922,16.091716,16.288858,16.349756,16.11701,16.165566,0,0,0,0,0,0
2025/07/30 23:53:00.920,n,9.041756,64.209044,0.000137,5.955044e-06,-0.00012,2.631947e-06,15.552774,15.870934,15.75186,15.929004,15.599302,16.10011,16.29163,16.34392,16.125502,16.16118,0,0,0,0,0,0
2025/07/30 23:54:00.920,n,8.973492,64.309828,0.000126,7.360938e-06,-0.000126,5.317614e-06,15.546942,15.857878,15.74456,15.92752,15.596368,16.102994,16.300074,16.329446,16.122618,16.145242,0,0,0,0,0,0
2025/07/30 23:55:00.923,n,8.99374,64.593316,0.000226,1.083667e-05,-2.764125e-05,8.756398e-06,15.57981,15.896536,15.778898,15.963344,15.63214,16.059116,16.25626,16.369546,16.084412,16.19264,0,0,0,0,0,0
2025/07/30 23:56:00.924,n,8.960492,64.614556,0.000232,6.429269e-06,-2.764125e-05,5.209985e-06,15.575492,15.898036,15.780366,15.95896,15.635058,16.059116,16.250652,16.362308,16.09002,16.183872,0,0,0,0,0,0
2025/07/30 23:57:00.926,n,8.958828,64.730324,0.000216,8.556538e-06,-3.298623e-05,7.276756e-06,15.565244,15.886384,15.778898,15.95751,15.620522,16.047772,16.247782,16.362308,16.081626,16.18829,0,0,0,0,0,0
2025/07/30 23:58:00.930,n,8.978752,65.297316,0.00021,6.409144e-06,-3.847968e-05,3.672651e-06,15.565244,15.880596,15.773064,15.95319,15.629224,16.053412,16.253422,16.359374,16.078774,16.185388,0,0,0,0,0,0
2025/07/30 23:59:00.932,n,8.99374,65.083984,0.000216,6.591589e-06,-4.946659e-05,6.780072e-06,15.560924,15.868976,15.768746,15.941568,15.61322,16.047772,16.250652,16.350736,16.084412,16.181002,0,0,0,0,0,0
2025/07/31 00:00:00.931,n,8.96713,64.697656,0.00021,7.487186e-06,-4.382467e-05,8.228219e-06,15.55222,15.873296,15.76436,15.935752,15.61617,16.056264,16.250652,16.356504,16.084412,16.1767,0,0,0,0,0,0
2025/07/31 00:01:00.909,n,8.94384,64.684668,0.000247,3.293943e-05,-3.22462e-07,3.146267e-05,15.572544,15.87473,15.774514,15.95896,15.607466,16.022428,16.211222,16.376814,16.04492,16.194092,0,0,0,0,0,0
2025/07/31 00:02:00.910,n,8.95546,65.220804,0.000216,1.334254e-05,-2.21478e-05,5.596633e-06,15.566726,15.864592,15.765842,15.947372,15.603082,16.025264,16.225256,16.368142,16.050656,16.178148,0,0,0,0,0,0
2025/07/31 00:03:00.910,n,8.94711,64.82818,0.000226,9.89287e-06,-3.298623e-05,6.638381e-06,15.55222,15.860226,15.754222,15.941568,15.595782,16.028034,16.219616,16.35507,16.061886,16.179552,0,0,0,0,0,0
2025/07/31 00:04:00.917,n,8.922162,64.777588,0.0002,6.884554e-06,-5.481157e-05,7.877874e-06,15.537684,15.84862,15.73822,15.932834,15.576894,16.033674,16.233766,16.339128,16.076018,16.162144,0,0,0,0,0,0
2025/07/31 00:05:00.917,n,8.91884,64.705908,0.000189,9.11875e-06,-5.481157e-05,6.046674e-06,15.531834,15.851522,15.73822,15.931398,15.575492,16.036526,16.236534,16.337692,16.070396,16.156342,0,0,0,0,0,0
2025/07/31 00:06:00.917,n,8.89887,64.666704,0.000184,7.292435e-06,-6.030502e-05,4.902097e-06,15.526066,15.838434,15.7266,15.931398,15.569658,16.03928,16.230928,16.33189,16.070396,16.15926,0,0,0,0,0,0
2025/07/31 00:07:00.922,n,8.837246,64.521484,0.000184,1.073281e-05,-7.114346e-05,6.057108e-06,15.51878,15.845736,15.730982,15.919794,15.569658,16.042166,16.233766,16.326054,16.076018,16.14617,0,0,0,0,0,0
2025/07/31 00:08:00.922,n,8.783878,64.692824,0.000179,7.338527e-06,-8.213036e-05,7.503775e-06,15.510062,15.834114,15.72083,15.905208,15.560924,16.03928,16.236534,16.321686,16.076018,16.1404,0,0,0,0,0,0
2025/07/31 00:09:00.924,n,8.74389,64.956888,0.000158,9.924552e-06,-8.213036e-05,7.108395e-06,15.505678,15.82828,15.717914,15.906674,15.55222,16.033674,16.233766,16.310114,16.081626,16.13608,0,0,0,0,0,0
2025/07/31 00:10:00.911,n,8.755558,64.87378,0.000152,7.275941e-06,-9.29688e-05,8.086326e-06,15.51298,15.81376,15.722216,15.903772,15.540602,16.03928,16.236534,16.315916,16.076018,16.141868,0,0,0,0,0,0
2025/07/31 00:11:00.913,n,8.757168,65.044876,0.000163,6.163562e-06,-9.831378e-05,5.077761e-06,15.498394,15.815226,15.712062,15.903772,15.539102,16.036526,16.233766,16.315916,16.073166,16.138966,0,0,0,0,0,0
2025/07/31 00:12:00.911,n,8.735538,64.829736,0.000142,1.258948e-05,-0.000104,4.594797e-06,15.496974,15.807958,15.70044,15.896536,15.540602,16.03928,16.225256,16.317384,16.073166,16.13608,0,0,0,0,0,0
2025/07/31 00:13:00.915,n,8.68388,64.846048,0.000152,6.526393e-06,-0.000109,5.64499e-06,15.479538,15.80649,15.697526,15.89362,15.527482,16.042166,16.225256,16.302876,16.078774,16.124458,0,0,0,0,0,0
2025/07/31 00:14:00.919,n,8.613858,64.986284,0.000142,9.849156e-06,-0.00012,6.32453e-06,15.48094,15.79782,15.683004,15.890736,15.527482,16.036526,16.228158,16.294206,16.081626,16.11719,0,0,0,0,0,0
2025/07/31 00:15:00.920,n,8.59716,64.881936,0.000126,7.944857e-06,-0.000126,6.974785e-06,15.473706,15.796336,15.68447,15.87768,15.520214,16.03928,16.230928,16.292704,16.081626,16.114274,0,0,0,0,0,0
2025/07/31 00:16:00.922,n,8.592178,64.932472,0.000126,5.792952e-06,-0.000126,5.087039e-06,15.465002,15.80069,15.68447,15.879114,15.514428,16.036526,16.228158,16.284034,16.081626,16.108486,0,0,0,0,0,0
2025/07/31 00:17:00.922,n,8.582288,65.155616,0.000247,8.244659e-06,-1.660099e-05,6.802943e-06,15.49176,15.827516,15.715614,15.905942,15.549922,15.986978,16.184116,16.3181,16.037716,16.148338,0,0,0,0,0,0
2025/07/31 00:18:00.925,n,8.598934,65.32334,0.000237,6.198466e-06,-2.75879e-05,9.061116e-06,15.494742,15.823164,15.709828,15.901556,15.538304,15.992616,16.178476,16.312298,16.026372,16.145452,0,0,0,0,0,0
2025/07/31 00:19:00.910,n,8.587316,65.163772,0.000226,9.281916e-06,-2.75879e-05,5.063828e-06,15.490326,15.804274,15.705444,15.895772,15.531004,15.986978,16.175626,16.316636,16.029224,16.142552,0,0,0,0,0,0
2025/07/31 00:20:00.915,n,8.548936,65.131248,0.00021,8.075255e-06,-3.293288e-05,6.748056e-06,15.48886,15.807192,15.698208,15.895772,15.526684,15.981338,16.175626,16.316636,16.026372,16.135316,0,0,0,0,0,0
2025/07/31 00:21:00.914,n,8.522228,65.240288,0.00021,6.857102e-06,-3.293288e-05,4.002498e-06,15.48451,15.796988,15.699676,15.892886,15.519382,15.984092,16.17287,16.3181,16.023518,16.138216,0,0,0,0,0,0
2025/07/31 00:22:00.915,n,8.540586,65.267968,0.000205,7.200083e-06,-4.926476e-05,7.409034e-06,15.471408,15.794104,15.690908,15.88415,15.512148,15.989732,16.17287,16.30793,16.029224,16.12661,0,0,0,0,0,0
2025/07/31 00:23:00.920,n,8.508896,65.1687,0.00021,8.859482e-06,-5.490669e-05,6.26179e-06,15.46562,15.79557,15.67497,15.882668,15.50633,15.989732,16.17287,16.297792,16.026372,16.12516,0,0,0,0,0,0
2025/07/31 00:24:00.919,n,8.465538,65.025292,0.0002,7.820216e-06,-6.574512e-05,8.21155e-06,15.45397,15.783884,15.67497,15.878348,15.503382,15.986978,16.175626,16.296354,16.032076,16.11786,0,0,0,0,0,0
2025/07/31 00:25:00.921,n,8.493908,65.022028,0.000184,8.503224e-06,-7.658355e-05,8.5511e-06,15.452534,15.773748,15.66915,15.860942,15.493242,15.989732,16.175626,16.289086,16.032076,16.11062,0,0,0,0,0,0
2025/07/31 00:26:00.923,n,8.470566,64.863916,0.000189,7.597324e-06,-6.574512e-05,7.411573e-06,15.436532,15.782452,15.667702,15.875432,15.487442,15.984092,16.170018,16.276048,16.037716,16.113506,0,0,0,0,0,0
2025/07/31 00:27:00.927,n,8.44386,64.8395,0.0002,8.535676e-06,-6.574512e-05,5.868946e-06,15.442318,15.776666,15.66185,15.865262,15.487442,15.975732,16.164378,16.27458,16.04047,16.113506,0,0,0,0,0,0
2025/07/31 00:28:00.913,n,8.427158,64.979692,0.000179,7.265813e-06,-6.025167e-05,8.50425e-06,15.443786,15.76648,15.658934,15.868178,15.48886,15.975732,16.161622,16.281882,16.023518,16.11062,0,0,0,0,0,0
2025/07/31 00:29:00.912,n,8.40382,65.1687,0.000173,6.568618e-06,-7.658355e-05,4.917424e-06,15.437934,15.762128,15.658934,15.862344,15.477242,15.972878,16.164378,16.277482,16.032076,16.10772,0,0,0,0,0,0
2025/07/31 00:30:00.916,n,8.402158,65.202836,0.000168,7.623466e-06,-8.757046e-05,6.373112e-06,15.427814,15.75781,15.656048,15.858026,15.472858,15.972878,16.158738,16.27458,16.032076,16.101918,0,0,0,0,0,0
2025/07/31 00:31:00.913,n,8.440488,65.157228,0.000205,3.580588e-05,-3.842633e-05,3.611793e-05,15.439402,15.76648,15.6604,15.860942,15.481626,15.944732,16.141868,16.284718,16.001026,16.112072,0,0,0,0,0,0
2025/07/31 00:32:00.916,n,8.42384,65.098632,0.00021,9.888952e-06,-5.490669e-05,9.965852e-06,15.435082,15.759212,15.648814,15.855108,15.468472,15.955978,16.14472,16.276048,16.009486,16.106302,0,0,0,0,0,0
2025/07/31 00:33:00.923,n,8.41549,65.3478,0.000184,7.180679e-06,-6.574512e-05,7.541835e-06,15.420564,15.743238,15.63861,15.850722,15.46417,15.955978,16.139112,16.258606,16.009486,16.088862,0,0,0,0,0,0
2025/07/31 00:34:00.921,n,8.360459,64.921044,0.000168,1.065501e-05,-7.658355e-05,6.699963e-06,15.410314,15.74469,15.642962,15.849288,15.461238,15.95883,16.141868,16.261508,16.01224,16.088862,0,0,0,0,0,0
2025/07/31 00:35:00.924,n,8.360459,64.966652,0.000168,7.455543e-06,-8.2077e-05,5.633478e-06,15.400176,15.741774,15.634292,15.840584,15.452534,15.95883,16.14472,16.257202,16.015126,16.090328,0,0,0,0,0,0
2025/07/31 00:36:00.925,n,8.350399,64.748244,0.000173,1.015056e-05,-8.757046e-05,6.942435e-06,15.388556,15.733068,15.625524,15.839134,15.452534,15.96447,16.14472,16.248466,16.015126,16.087396,0,0,0,0,0,0
2025/07/31 00:37:00.913,n,8.32877,64.710692,0.000163,7.603443e-06,-9.84089e-05,5.341249e-06,15.40161,15.721448,15.629908,15.831866,15.439402,15.95883,16.14472,16.252804,16.009486,16.087396,0,0,0,0,0,0
2025/07/31 00:38:00.912,n,8.335411,64.710692,0.000163,8.765072e-06,-8.757046e-05,5.647335e-06,15.392876,15.719966,15.62699,15.827516,15.436532,15.95883,16.14472,16.248466,16.009486,16.08306,0,0,0,0,0,0
2025/07/31 00:39:00.913,n,8.318711,64.710692,0.000142,7.569555e-06,-0.000109,5.236582e-06,15.384172,15.71273,15.612454,15.82023,15.424914,15.96724,16.141868,16.242664,16.015126,16.07724,0,0,0,0,0,0
2025/07/31 00:40:00.915,n,8.245323,64.3835,0.000131,6.505774e-06,-0.000115,4.425219e-06,15.369604,15.711296,15.603718,15.812992,15.41323,15.961584,16.14472,16.23396,16.020734,16.070004,0,0,0,0,0,0
2025/07/31 00:41:00.919,n,8.225254,64.445268,0.000137,8.529544e-06,-0.00012,6.194192e-06,15.369604,15.706912,15.60807,15.805724,15.414696,15.970108,16.13623,16.231026,16.020734,16.05985,0,0,0,0,0,0
2025/07/31 00:42:00.920,n,8.235214,64.572076,0.000131,9.667318e-06,-0.00012,7.438455e-06,15.359468,15.701126,15.597932,15.807192,15.40891,15.95883,16.13623,16.225256,16.01788,16.05695,0,0,0,0,0,0
2025/07/31 00:43:00.922,n,8.247158,64.851188,0.000231,9.371948e-06,-2.231019e-05,6.326137e-06,15.38031,15.729206,15.615828,15.830888,15.428318,15.885764,16.063142,16.246024,15.944912,16.08353,0,0,0,0,0,0
2025/07/31 00:44:00.923,n,8.222107,64.614708,0.000231,6.902919e-06,-2.231019e-05,5.688654e-06,15.371576,15.716136,15.608592,15.814916,15.423936,15.888534,16.066012,16.235884,15.944912,16.076262,0,0,0,0,0,0
2025/07/31 00:45:00.925,n,8.227089,64.673356,0.000231,8.28062e-06,-2.231019e-05,6.396615e-06,15.364342,15.717618,15.601306,15.817834,15.42105,15.882896,16.063142,16.235884,15.950518,16.07196,0,0,0,0,0,0
2025/07/31 00:46:00.913,n,8.18705,64.629356,0.000221,6.149922e-06,-2.231019e-05,5.982289e-06,15.370126,15.694314,15.601306,15.806214,15.415216,15.882896,16.063142,16.23735,15.950518,16.07196,0,0,0,0,0,0
2025/07/31 00:47:00.913,n,8.118592,64.702752,0.00021,9.680874e-06,-4.4284e-05,3.880341e-06,15.357008,15.698698,15.595538,15.801828,15.402132,15.877274,16.063142,16.230082,15.944912,16.069026,0,0,0,0,0,0
2025/07/31 00:48:00.915,n,8.105213,64.922868,0.000205,6.133515e-06,-4.4284e-05,4.902015e-06,15.35269,15.687078,15.59262,15.798944,15.405048,15.880124,16.063142,16.228646,15.939272,16.06319,0,0,0,0,0,0
2025/07/31 00:49:00.916,n,8.120251,65.06466,0.00021,8.241211e-06,-4.962898e-05,4.308097e-06,15.345422,15.687078,15.585302,15.798944,15.387548,15.877274,16.063142,16.218506,15.942156,16.05452,0,0,0,0,0,0
2025/07/31 00:50:00.919,n,8.113613,64.846252,0.000189,1.099079e-05,-4.962898e-05,3.673926e-06,15.331294,15.676892,15.572234,15.794594,15.384694,15.880124,16.057518,16.214138,15.947762,16.045816,0,0,0,0,0,0
2025/07/31 00:51:00.922,n,8.100231,64.983168,0.000194,8.577648e-06,-6.061589e-05,7.357383e-06,15.32691,15.682694,15.566448,15.788774,15.38031,15.880124,16.057518,16.20832,15.944912,16.042866,0,0,0,0,0,0
2025/07/31 00:52:00.923,n,8.050137,64.803872,0.000179,9.870122e-06,-7.694777e-05,5.884362e-06,15.316822,15.669658,15.564998,15.782974,15.377394,15.877274,16.054764,16.192348,15.950518,16.039982,0,0,0,0,0,0
2025/07/31 00:53:00.925,n,8.035046,64.795716,0.000179,5.61723e-06,-7.694777e-05,5.827804e-06,15.313972,15.665256,15.562096,15.780056,15.368692,15.882896,16.060372,16.201082,15.939272,16.045816,0,0,0,0,0,0
2025/07/31 00:54:00.926,n,8.028408,64.653772,0.000184,5.169542e-06,-8.77862e-05,7.981157e-06,15.311054,15.665256,15.556262,15.775736,15.365808,15.871666,16.049126,16.193814,15.944912,16.039982,0,0,0,0,0,0
2025/07/31 00:55:00.911,n,7.99828,64.78756,0.000157,8.735248e-06,-8.229275e-05,4.073702e-06,15.313972,15.646368,15.559148,15.767034,15.36721,15.880124,16.051912,16.199634,15.944912,16.038578,0,0,0,0,0,0
2025/07/31 00:56:00.913,n,7.974942,64.860956,0.000163,5.620908e-06,-7.694777e-05,3.602015e-06,15.306672,15.652218,15.554762,15.77132,15.355542,15.874518,16.049126,16.193814,15.942156,16.02981,0,0,0,0,0,0
2025/07/31 00:57:00.917,n,7.989929,64.676672,0.000168,8.569964e-06,-8.77862e-05,5.800863e-06,15.298066,15.644918,15.537358,15.765534,15.351224,15.86888,16.046272,16.188012,15.942156,16.02404,0,0,0,0,0,0
2025/07/31 00:58:00.921,n,7.861317,64.821792,0.000168,5.522363e-06,-9.877312e-05,6.535542e-06,15.29947,15.644918,15.533006,15.762616,15.342816,15.866026,16.043518,16.179308,15.942156,16.026894,0,0,0,0,0,0
2025/07/31 00:59:00.922,n,7.874695,65.058168,0.000157,6.895429e-06,-8.229275e-05,6.985705e-06,15.286448,15.6391,15.535908,15.761182,15.337048,15.86888,16.040632,16.180776,15.933632,16.022606,0,0,0,0,0,0
2025/07/31 01:00:00.927,n,7.864636,65.18522,0.000147,9.125122e-06,-8.77862e-05,4.119116e-06,15.279244,15.636214,15.527206,15.752432,15.34138,15.863272,16.040632,16.173488,15.939272,16.008036,0,0,0,0,0,0
2025/07/31 01:01:00.928,n,7.816201,65.354508,0.000205,2.890536e-05,-6.061589e-05,3.16453e-05,15.284998,15.649284,15.533006,15.761182,15.357008,15.83788,16.018124,16.179308,15.911124,16.019658,0,0,0,0,0,0
2025/07/31 01:02:00.930,n,7.809559,65.417984,0.000173,1.274166e-05,-7.145432e-05,8.208185e-06,15.28068,15.64345,15.52864,15.746678,15.339964,15.849158,16.02101,16.170636,15.916764,16.019658,0,0,0,0,0,0
2025/07/31 01:03:00.930,n,7.766052,65.484732,0.000184,6.85239e-06,-7.145432e-05,7.154499e-06,15.260424,15.631832,15.521322,15.743728,15.337048,15.846372,16.02101,16.163334,15.925222,16.009518,0,0,0,0,0,0
2025/07/31 01:04:00.916,n,7.757702,65.444052,0.000168,9.660702e-06,-9.342814e-05,5.345117e-06,15.27201,15.615828,15.514086,15.748112,15.321142,15.846372,16.023764,16.172102,15.928024,16.016754,0,0,0,0,0,0
2025/07/31 01:05:00.918,n,7.724255,65.331704,0.000152,7.436978e-06,-9.877312e-05,8.124578e-06,15.26331,15.608592,15.505384,15.73791,15.31539,15.846372,16.029402,16.16193,15.925222,16.006632,0,0,0,0,0,0
2025/07/31 01:06:00.919,n,7.705899,65.408264,0.000147,1.233488e-05,-0.000115,8.909722e-06,15.25609,15.60569,15.501,15.729206,15.306672,15.852012,16.029402,16.154664,15.928024,15.996414,0,0,0,0,0,0
2025/07/31 01:07:00.923,n,7.677479,65.528624,0.000126,1.134898e-05,-0.000131,8.20366e-06,15.245956,15.602774,15.495168,15.723372,15.300918,15.846372,16.026616,16.151778,15.930878,15.990662,0,0,0,0,0,0
2025/07/31 01:08:00.923,n,7.655251,65.90428,0.000216,9.868812e-06,-3.303959e-05,7.561725e-06,15.281544,15.6413,15.52644,15.760466,15.33659,15.800852,15.981094,16.18449,15.888096,16.029192,0,0,0,0,0,0
2025/07/31 01:09:00.925,n,7.643532,65.951448,0.000221,8.69136e-06,-2.205269e-05,5.317333e-06,15.267138,15.6413,15.530824,15.760466,15.33224,15.80649,15.969832,16.18017,15.879702,16.032108,0,0,0,0,0,0
2025/07/31 01:10:00.928,n,7.626831,65.993684,0.000226,8.679758e-06,-3.853304e-05,6.123245e-06,15.268574,15.634048,15.525004,15.751828,15.33074,15.795212,15.989552,16.16855,15.882456,16.024808,0,0,0,0,0,0
2025/07/31 01:11:00.929,n,7.606762,65.969324,0.000216,1.042891e-05,-3.853304e-05,4.518996e-06,15.249784,15.620978,15.517768,15.751828,15.326422,15.797968,15.986732,16.16855,15.882456,16.021954,0,0,0,0,0,0
2025/07/31 01:12:00.931,n,7.574978,65.832796,0.000226,1.157676e-05,-5.486493e-05,1.625287e-05,15.242484,15.620978,15.51482,15.738676,15.322088,15.817802,15.978208,16.161248,15.890946,16.013218,0,0,0,0,0,0
2025/07/31 01:13:00.918,n,7.554959,65.912436,0.000205,9.91713e-06,-4.937148e-05,9.290638e-06,15.251218,15.609324,15.509052,15.74306,15.314884,15.77559,15.96698,16.17287,15.885342,16.013218,0,0,0,0,0,0
2025/07/31 01:14:00.918,n,7.573269,65.787284,0.000189,6.900298e-06,-6.035838e-05,5.123542e-06,15.249784,15.607858,15.507586,15.735824,15.309098,15.80649,15.96134,16.161248,15.885342,16.010284,0,0,0,0,0,0
2025/07/31 01:15:00.921,n,7.53318,65.998564,0.000195,1.040746e-05,-6.570336e-05,5.802812e-06,15.249784,15.600622,15.501766,15.728522,15.306182,15.795212,15.958586,16.154012,15.890946,16.00013,0,0,0,0,0,0
2025/07/31 01:16:00.925,n,7.539868,65.956328,0.000195,4.089291e-06,-6.570336e-05,6.312314e-06,15.23823,15.600622,15.49885,15.73144,15.306182,15.812098,15.983946,16.155428,15.89375,16.004516,0,0,0,0,0,0
2025/07/31 01:17:00.925,n,7.519753,66.003404,0.000179,7.250684e-06,-8.218372e-05,9.146846e-06,15.22658,15.597738,15.49305,15.725622,15.293194,15.803606,15.981094,16.151158,15.885342,16.001596,0,0,0,0,0,0
2025/07/31 01:18:00.930,n,7.546509,65.96282,0.000179,7.496153e-06,-7.654179e-05,6.31106e-06,15.215058,15.593354,15.482846,15.718384,15.284444,15.800852,15.969832,16.138038,15.896586,15.991426,0,0,0,0,0,0
2025/07/31 01:19:00.930,n,7.504666,66.003404,0.000173,7.873559e-06,-8.218372e-05,4.953938e-06,15.21796,15.584618,15.48428,15.71982,15.287362,15.78959,15.978208,16.133718,15.871244,15.989976,0,0,0,0,0,0
2025/07/31 01:20:00.932,n,7.486355,66.104132,0.000158,8.978404e-06,-8.218372e-05,6.410958e-06,15.200588,15.572968,15.472662,15.705252,15.272924,15.80649,15.981094,16.122096,15.888096,15.987092,0,0,0,0,0,0
2025/07/31 01:21:00.934,n,7.459595,66.274644,0.000168,6.071913e-06,-8.218372e-05,7.820216e-06,15.20344,15.567214,15.477028,15.703848,15.283042,15.78959,15.96698,16.135186,15.871244,15.991426,0,0,0,0,0,0
2025/07/31 01:22:00.919,n,7.479615,66.136652,0.000173,6.042266e-06,-9.836714e-05,7.492619e-06,15.20494,15.564296,15.475546,15.706766,15.25702,15.79236,15.96698,16.133718,15.882456,15.982738,0,0,0,0,0,0
2025/07/31 01:23:00.921,n,7.414379,66.089532,0.000158,8.804776e-06,-0.000115,8.477738e-06,15.20344,15.572968,15.46976,15.699464,15.258454,15.78959,15.969832,16.122096,15.89375,15.978356,0,0,0,0,0,0
2025/07/31 01:24:00.924,n,7.417752,66.097588,0.000158,7.523848e-06,-9.836714e-05,5.704635e-06,15.19482,15.556996,15.461058,15.693612,15.255552,15.795212,15.96134,16.11918,15.882456,15.974036,0,0,0,0,0,0
2025/07/31 01:25:00.926,n,7.382546,66.237288,0.000147,8.05892e-06,-0.000109,5.572433e-06,15.18467,15.56133,15.45084,15.699464,15.258454,15.78959,15.958586,16.11486,15.879702,15.972602,0,0,0,0,0,0
2025/07/31 01:26:00.928,n,7.390896,66.54564,0.000136,6.962736e-06,-0.000104,7.856229e-06,15.18035,15.55121,15.445022,15.69508,15.2454,15.786738,15.9557,16.11918,15.876848,15.972602,0,0,0,0,0,0
2025/07/31 01:27:00.930,n,7.374195,66.38504,0.000136,6.97997e-06,-9.836714e-05,6.115691e-06,15.174534,15.55121,15.445022,15.679076,15.2454,15.778344,15.947308,16.107558,15.879702,15.963834,0,0,0,0,0,0
2025/07/31 01:28:00.916,n,7.352417,66.404472,0.000136,6.173824e-06,-0.000115,4.418791e-06,15.178886,15.536674,15.44354,15.677642,15.2454,15.783952,15.958586,16.10904,15.882456,15.969652,0,0,0,0,0,0
2025/07/31 01:29:00.916,n,7.317311,66.493684,0.000126,6.720371e-06,-0.000115,5.73659e-06,15.164448,15.533772,15.439222,15.67184,15.235314,15.778344,15.950094,16.110442,15.874094,15.966734,0,0,0,0,0,0
2025/07/31 01:30:00.934,n,7.340698,66.490464,0.000147,9.68561e-06,-0.000126,4.810183e-06,15.155712,15.530824,15.426136,15.652952,15.241082,15.781098,15.950094,16.087264,15.879702,15.958064,0,0,0,0,0,0
2025/07/31 01:31:00.921,n,7.385914,66.80192,0.000268,3.522942e-05,2.130105e-05,3.00271e-05,15.18998,15.554976,15.461874,15.698844,15.247846,15.701664,15.870656,16.133132,15.803052,15.98504,0,0,0,0,0,0
2025/07/31 01:32:00.921,n,7.377514,66.826188,0.000268,1.187641e-05,-3.75819e-07,5.254022e-06,15.174078,15.538972,15.453204,15.687226,15.240626,15.707288,15.884704,16.121446,15.803052,15.977752,0,0,0,0,0,0
2025/07/31 01:33:00.927,n,7.390896,67.10968,0.000253,9.607466e-06,-5.869271e-06,7.823154e-06,15.169726,15.537504,15.444502,15.684356,15.229024,15.69891,15.870656,16.11569,15.80866,15.967598,0,0,0,0,0,0
2025/07/31 01:34:00.926,n,7.419411,66.53434,0.000221,8.660088e-06,-1.685618e-05,4.529746e-06,15.156724,15.52297,15.435702,15.681472,15.226188,15.707288,15.887524,16.105504,15.814314,15.961812,0,0,0,0,0,0
2025/07/31 01:35:00.931,n,7.355786,66.206504,0.000231,4.876599e-06,-3.303959e-05,6.873224e-06,15.153806,15.53027,15.426998,15.67999,15.23194,15.710156,15.884704,16.10407,15.814314,15.957446,0,0,0,0,0,0
2025/07/31 01:36:00.932,n,7.320584,66.39318,0.000215,6.211375e-06,-4.951995e-05,5.414681e-06,15.139338,15.525852,15.428466,15.6655,15.220356,15.712924,15.881902,16.093948,15.811428,15.956042,0,0,0,0,0,0
2025/07/31 01:37:00.914,n,7.350708,66.555436,0.000205,6.173405e-06,-4.417497e-05,4.972598e-06,15.14654,15.508448,15.419732,15.658168,15.211684,15.712924,15.89031,16.095366,15.814314,15.956042,0,0,0,0,0,0
2025/07/31 01:38:00.916,n,7.344021,66.339616,0.000205,8.222692e-06,-3.868151e-05,6.741868e-06,15.145104,15.512832,15.422648,15.659602,15.218888,15.701664,15.884704,16.095366,15.805806,15.957446,0,0,0,0,0,0
2025/07/31 01:39:00.917,n,7.32732,66.164268,0.000189,1.000558e-05,-5.50134e-05,4.88991e-06,15.133552,15.501212,15.412462,15.653814,15.19865,15.715778,15.884704,16.089562,15.814314,15.950158,0,0,0,0,0,0
2025/07/31 01:40:00.905,n,7.255299,66.553824,0.000184,9.906572e-06,-7.134528e-05,4.907629e-06,15.1234,15.490978,15.413898,15.629142,15.19865,15.712924,15.89031,16.076506,15.81992,15.948742,0,0,0,0,0,0
2025/07/31 01:41:00.906,n,7.282154,66.641372,0.000189,7.554863e-06,-6.035838e-05,6.31042e-06,15.114732,15.489528,15.40513,15.630544,15.197216,15.704518,15.887524,16.07941,15.81992,15.942922,0,0,0,0,0,0
2025/07/31 01:42:00.907,n,7.270336,66.646204,0.000194,1.300867e-05,-6.600031e-05,6.089229e-06,15.122,15.48226,15.40808,15.63201,15.194364,15.710156,15.879048,16.076506,15.811428,15.940004,0,0,0,0,0,0
2025/07/31 01:43:00.910,n,7.258667,66.495424,0.000173,7.171498e-06,-7.134528e-05,5.072989e-06,15.117648,15.474942,15.397896,15.630544,15.184164,15.707288,15.87341,16.072124,15.811428,15.935684,0,0,0,0,0,0
2025/07/31 01:44:00.914,n,7.248608,66.391564,0.000179,4.744198e-06,-8.218372e-05,4.314652e-06,15.107498,15.472122,15.39245,15.62184,15.171162,15.710156,15.876294,16.070674,15.817068,15.928418,0,0,0,0,0,0
2025/07/31 01:45:00.913,n,7.228543,66.40944,0.000179,5.430361e-06,-8.218372e-05,4.548595e-06,15.103146,15.469206,15.3896,15.62184,15.172626,15.704518,15.876294,16.054734,15.814314,15.924064,0,0,0,0,0,0
2025/07/31 01:46:00.916,n,7.178295,66.370476,0.000179,7.622788e-06,-8.767716e-05,3.672695e-06,15.094462,15.466226,15.380948,15.629142,15.163926,15.701664,15.879048,16.054734,15.814314,15.921148,0,0,0,0,0,0
2025/07/31 01:47:00.920,n,7.171559,66.813196,0.000173,9.03649e-06,-8.767716e-05,5.952874e-06,15.090112,15.467708,15.378046,15.62184,15.155256,15.704518,15.870656,16.053298,15.817068,15.913862,0,0,0,0,0,0
2025/07/31 01:48:00.924,n,7.131375,66.736976,0.000163,7.646985e-06,-9.866408e-05,7.531786e-06,15.081442,15.460438,15.36936,15.613138,15.153806,15.707288,15.879048,16.047496,15.81992,15.909528,0,0,0,0,0,0
2025/07/31 01:49:00.908,n,7.128052,66.63488,0.000163,8.661432e-06,-0.00011,7.483993e-06,15.077092,15.44732,15.364976,15.595652,15.15234,15.701664,15.87341,16.047496,15.817068,15.91101,0,0,0,0,0,0
2025/07/31 01:50:00.909,n,7.146462,66.806756,0.000152,8.285143e-06,-0.000115,6.471329e-06,15.071292,15.444502,15.36936,15.60292,15.14654,15.704518,15.876294,16.04311,15.817068,15.908126,0,0,0,0,0,0
2025/07/31 01:51:00.910,n,7.15984,66.779168,0.000137,7.892569e-06,-0.00012,5.730506e-06,15.061188,15.434234,15.35199,15.589898,15.139338,15.707288,15.881902,16.030054,15.82556,15.913862,0,0,0,0,0,0
2025/07/31 01:52:00.913,n,7.158718,66.630716,0.000252,4.155105e-06,-1.105418e-05,3.60588e-06,15.098208,15.471324,15.390416,15.62546,15.176374,15.657466,15.831998,16.061236,15.781344,15.943688,0,0,0,0,0,0
2025/07/31 01:53:00.916,n,7.162091,66.629152,0.000242,8.119608e-06,-1.105418e-05,5.502185e-06,15.092376,15.465524,15.384662,15.626926,15.163306,15.65458,15.823604,16.06712,15.775704,15.930618,0,0,0,0,0,0
2025/07/31 01:54:00.917,n,7.110134,66.5188,0.000247,6.287449e-06,-1.669611e-05,4.349671e-06,15.092376,15.464024,15.378894,15.622542,15.15317,15.651828,15.82921,16.055498,15.76731,15.937838,0,0,0,0,0,0
2025/07/31 01:55:00.920,n,7.098416,66.86904,0.000242,1.296639e-05,-1.669611e-05,3.880372e-06,15.07939,15.455322,15.37451,15.615274,15.15317,15.65458,15.823604,16.062736,15.775704,15.926232,0,0,0,0,0,0
2025/07/31 01:56:00.920,n,7.064873,66.867432,0.000231,1.018423e-05,-3.287952e-05,8.721764e-06,15.072154,15.450938,15.367306,15.61964,15.1387,15.65458,15.823604,16.05695,15.775704,15.916096,0,0,0,0,0,0
2025/07/31 01:57:00.922,n,7.044804,66.75396,0.000205,9.027336e-06,-3.287952e-05,6.068854e-06,15.066354,15.446556,15.357188,15.60802,15.132966,15.66317,15.823604,16.05695,15.775704,15.90591,0,0,0,0,0,0
2025/07/31 01:58:00.908,n,7.016289,66.645316,0.000221,8.205391e-06,-3.287952e-05,3.414652e-06,15.070688,15.443636,15.364424,15.602154,15.147402,15.646188,15.823604,16.042376,15.770066,15.921848,0,0,0,0,0,0
2025/07/31 01:59:00.912,n,7.007939,66.844728,0.000221,8.46302e-06,-4.935988e-05,5.926992e-06,15.062002,15.430552,15.360072,15.594886,15.131498,15.651828,15.826358,16.04968,15.76731,15.921848,0,0,0,0,0,0
2025/07/31 02:00:00.912,n,7.017998,66.796096,0.000216,1.118236e-05,-4.935988e-05,8.087035e-06,15.057686,15.433486,15.358604,15.597836,15.137252,15.651828,15.823604,16.04968,15.775704,15.914628,0,0,0,0,0,0
2025/07/31 02:01:00.910,n,7.011257,66.582132,0.000258,3.166056e-05,-2.157479e-07,3.035237e-05,15.069238,15.446556,15.370224,15.605072,15.145968,15.62083,15.798212,16.052596,15.744706,15.92333,0,0,0,0,0,0
2025/07/31 02:02:00.914,n,7.043095,66.67124,0.000226,1.290467e-05,-2.204109e-05,8.059964e-06,15.057686,15.429102,15.354288,15.597836,15.125698,15.623682,15.789818,16.046762,15.756048,15.91321,0,0,0,0,0,0
2025/07/31 02:03:00.916,n,7.007939,66.742632,0.000221,8.235252e-06,-3.287952e-05,6.288967e-06,15.053334,15.429102,15.347084,15.593418,15.11988,15.623682,15.798212,16.039526,15.756048,15.914628,0,0,0,0,0,0
2025/07/31 02:04:00.917,n,6.968777,66.73452,0.000221,9.393978e-06,-4.386643e-05,8.104359e-06,15.040298,15.416472,15.345602,15.590534,15.11703,15.629322,15.803848,16.020634,15.756048,15.90591,0,0,0,0,0,0
2025/07/31 02:05:00.918,n,6.923661,66.645316,0.0002,6.068295e-06,-4.935988e-05,4.276702e-06,15.028714,15.417924,15.335466,15.587634,15.105444,15.632076,15.798212,16.033708,15.75882,15.901526,0,0,0,0,0,0
2025/07/31 02:06:00.922,n,6.900322,66.893312,0.0002,9.67393e-06,-5.470486e-05,6.058761e-06,15.035948,15.413604,15.32393,15.580398,15.098208,15.637712,15.801094,16.020634,15.75882,15.889904,0,0,0,0,0,0
2025/07/31 02:07:00.909,n,6.886944,66.907912,0.0002,1.199892e-05,-6.554329e-05,3.268142e-06,15.018578,15.410686,15.331164,15.571678,15.105444,15.632076,15.801094,16.014784,15.75882,15.894288,0,0,0,0,0,0
2025/07/31 02:08:00.921,n,6.856915,66.882036,0.000195,7.752187e-06,-6.019831e-05,5.884472e-06,15.020044,15.397682,15.331164,15.567278,15.096758,15.632076,15.801094,16.01043,15.761672,15.901526,0,0,0,0,0,0
2025/07/31 02:09:00.910,n,6.860283,67.050492,0.000173,1.095677e-05,-7.103674e-05,5.956399e-06,15.011312,15.38758,15.319546,15.555658,15.090974,15.623682,15.803848,16.003228,15.761672,15.885552,0,0,0,0,0,0
2025/07/31 02:10:00.914,n,6.866925,67.065088,0.000195,9.080132e-06,-8.202365e-05,5.95092e-06,15.006992,15.378894,15.313824,15.555658,15.082272,15.629322,15.795458,16.004664,15.756048,15.879766,0,0,0,0,0,0
2025/07/31 02:11:00.914,n,6.853543,66.971144,0.000184,8.757846e-06,-7.667867e-05,7.671737e-06,15.006992,15.38758,15.313824,15.554176,15.08374,15.623682,15.795458,16.004664,15.75882,15.878284,0,0,0,0,0,0
2025/07/31 02:12:00.916,n,6.830204,66.890092,0.000173,5.332413e-06,-8.202365e-05,6.380305e-06,14.995374,15.375978,15.302206,15.551308,15.067772,15.623682,15.801094,15.997376,15.75882,15.875382,0,0,0,0,0,0
2025/07/31 02:13:00.918,n,6.821854,66.979248,0.000168,8.259687e-06,-9.286208e-05,6.279276e-06,14.989608,15.371658,15.293522,15.542558,15.060568,15.629322,15.798212,15.991606,15.75882,15.860844,0,0,0,0,0,0
2025/07/31 02:14:00.919,n,6.823563,67.047264,0.000168,1.018461e-05,-9.286208e-05,5.707804e-06,14.98379,15.361522,15.284884,15.544006,15.05625,15.629322,15.792572,15.987222,15.75882,15.862312,0,0,0,0,0,0
2025/07/31 02:15:00.921,n,6.786797,66.93062,0.000163,1.04273e-05,-0.000109,7.491196e-06,14.979456,15.365906,15.286286,15.544006,15.0461,15.629322,15.801094,15.985806,15.761672,15.855076,0,0,0,0,0,0
2025/07/31 02:16:00.908,n,6.813504,66.987304,0.000147,9.119884e-06,-0.000104,7.121786e-06,14.969354,15.357188,15.281968,15.526554,15.051868,15.62647,15.795458,15.9742,15.756048,15.857926,0,0,0,0,0,0
2025/07/31 02:17:00.907,n,6.811844,67.053712,0.000147,9.29221e-06,-9.820706e-05,6.835118e-06,14.962088,15.355754,15.276198,15.526554,15.043182,15.618074,15.792572,15.972684,15.756048,15.852174,0,0,0,0,0,0
2025/07/31 02:18:00.910,n,6.773464,67.090964,0.000152,7.758185e-06,-0.00012,8.742492e-06,14.960638,15.345602,15.277616,15.517852,15.037398,15.615224,15.786966,15.966898,15.756048,15.849256,0,0,0,0,0,0
2025/07/31 02:19:00.913,n,6.813504,67.013284,0.000152,7.436805e-06,-0.00012,4.879777e-06,14.95632,15.342752,15.273298,15.520768,15.033048,15.618074,15.786966,15.968364,15.756048,15.850692,0,0,0,0,0,0
2025/07/31 02:20:00.915,n,6.813504,67.065088,0.000137,8.553668e-06,-0.000126,6.793789e-06,14.951968,15.341284,15.266064,15.517852,15.034482,15.612454,15.789818,15.97125,15.75036,15.849256,0,0,0,0,0,0
2025/07/31 02:21:00.918,n,6.795826,67.064468,0.000226,4.988696e-06,-2.769461e-05,7.134733e-06,14.979832,15.366264,15.29248,15.545718,15.053708,15.572022,15.743646,15.994736,15.707124,15.869858,0,0,0,0,0,0
2025/07/31 02:22:00.922,n,6.769116,67.05636,0.000216,9.23671e-06,-3.303959e-05,5.451641e-06,14.97843,15.366264,15.289626,15.54422,15.050824,15.557892,15.72963,15.987498,15.707124,15.871274,0,0,0,0,0,0
2025/07/31 02:23:00.921,n,6.774147,67.223104,0.000205,1.386317e-05,-3.868151e-05,4.95503e-06,14.969746,15.359094,15.285308,15.5414,15.040706,15.563498,15.73527,15.980262,15.715534,15.86262,0,0,0,0,0,0
2025/07/31 02:24:00.927,n,6.742459,67.145424,0.000205,6.977378e-06,-4.40265e-05,7.725499e-06,14.965362,15.360512,15.27517,15.538484,15.029088,15.557892,15.72963,15.975878,15.701518,15.858204,0,0,0,0,0,0
2025/07/31 02:25:00.909,n,6.742459,67.197224,0.000205,1.084906e-05,-4.40265e-05,1.11643e-05,14.956694,15.34604,15.27949,15.526814,15.040706,15.569138,15.732416,15.965724,15.707124,15.861122,0,0,0,0,0,0
2025/07/31 02:26:00.910,n,6.725758,67.347768,0.00021,9.09861e-06,-5.724048e-05,7.23974e-06,14.959546,15.34459,15.27949,15.521012,15.034904,15.560646,15.732416,15.970076,15.707124,15.858204,0,0,0,0,0,0
2025/07/31 02:27:00.912,n,6.717407,67.448056,0.0002,5.387128e-06,-5.174702e-05,9.164308e-06,14.950894,15.331538,15.26502,15.521012,15.02477,15.566286,15.724024,15.967174,15.701518,15.858204,0,0,0,0,0,0
2025/07/31 02:28:00.915,n,6.734108,67.627744,0.000231,1.041205e-05,-8.426232e-05,1.557718e-05,14.942226,15.334456,15.26357,15.51513,15.026238,15.566286,15.72963,15.96864,15.698634,15.850968,0,0,0,0,0,0
2025/07/31 02:29:00.916,n,6.759156,67.493368,0.000205,8.402046e-06,-9.510076e-05,2.124034e-05,14.930608,15.321452,15.257786,15.512278,15.016068,15.557892,15.72114,15.959874,15.701518,15.848064,0,0,0,0,0,0
2025/07/31 02:30:00.918,n,6.804177,67.676528,0.000179,1.141697e-05,-2.769461e-05,3.064727e-05,14.936408,15.320018,15.259254,15.512278,15.01462,15.557892,15.724024,15.956956,15.698634,15.845182,0,0,0,0,0,0
2025/07/31 02:31:00.929,n,6.874295,67.629408,0.000237,3.374455e-05,-1.685618e-05,3.721517e-05,14.937874,15.34319,15.252018,15.52828,15.010268,15.535388,15.698634,15.956956,15.676126,15.83933,0,0,0,0,0,0
2025/07/31 02:32:00.930,n,6.850952,67.528968,0.000205,7.961182e-06,-4.40265e-05,7.760948e-06,14.92194,15.331538,15.240432,15.512278,15.011704,15.538238,15.701518,15.9454,15.681782,15.842264,0,0,0,0,0,0
2025/07/31 02:33:00.932,n,6.890991,67.877744,0.0002,7.997772e-06,-5.174702e-05,6.429257e-06,14.917588,15.325802,15.243348,15.510812,14.998714,15.540994,15.701518,15.943932,15.687388,15.829176,0,0,0,0,0,0
2025/07/31 02:34:00.919,n,6.954468,67.923208,0.000216,6.88568e-06,-5.724048e-05,4.699086e-06,14.919024,15.307014,15.23753,15.504978,14.997248,15.540994,15.709894,15.9454,15.69024,15.840798,0,0,0,0,0,0
2025/07/31 02:35:00.920,n,6.939381,67.684584,0.000184,7.497359e-06,-5.724048e-05,5.40374e-06,14.920488,15.308448,15.24188,15.49919,14.985648,15.535388,15.704272,15.954104,15.681782,15.835028,0,0,0,0,0,0
2025/07/31 02:36:00.923,n,6.97942,67.673208,0.000189,6.850693e-06,-5.724048e-05,2.538109e-05,14.90747,15.308448,15.234676,15.49919,14.988564,15.540994,15.707124,15.943932,15.684616,15.824794,0,0,0,0,0,0
2025/07/31 02:37:00.923,n,6.97781,67.718664,0.000152,9.972598e-06,-7.876887e-05,2.82358e-05,14.910322,15.30263,15.230294,15.500628,14.974096,15.535388,15.707124,15.93228,15.693026,15.827728,0,0,0,0,0,0
2025/07/31 02:38:00.926,n,6.982788,67.717104,0.000168,1.320384e-05,-7.342389e-05,2.42591e-05,14.89732,15.301214,15.215858,15.497742,14.97843,15.538238,15.707124,15.936696,15.684616,15.819024,0,0,0,0,0,0
2025/07/31 02:39:00.928,n,7.012818,67.582288,0.00012,2.628976e-05,-7.876887e-05,1.039566e-05,14.892938,15.29831,15.214376,15.49189,14.972662,15.540994,15.701518,15.920724,15.681782,15.82044,0,0,0,0,0,0
2025/07/31 02:40:00.929,n,7.040356,67.7382,0.00021,2.880675e-05,-7.876887e-05,7.327207e-06,14.885736,15.29248,15.211474,15.48319,14.975514,15.5326,15.701518,15.919256,15.67898,15.810256,0,0,0,0,0,0
2025/07/31 02:41:00.931,n,7.0303,67.564512,0.000152,2.73271e-05,-7.876887e-05,1.00229e-05,14.881352,15.293928,15.201386,15.48319,14.961012,15.535388,15.695878,15.919256,15.684616,15.80302,0,0,0,0,0,0
2025/07/31 02:42:00.934,n,7.032009,67.389808,0.000184,1.115414e-05,-0.000101,7.56012e-06,14.87995,15.283842,15.201386,15.477356,14.956694,15.535388,15.695878,15.910506,15.676126,15.80302,0,0,0,0,0,0
2025/07/31 02:43:00.920,n,7.058766,67.559632,0.000173,2.476003e-05,-9.510076e-05,6.332135e-06,14.881352,15.26502,15.19847,15.46427,14.950894,15.540994,15.695878,15.917774,15.684616,15.7972,0,0,0,0,0,0
2025/07/31 02:44:00.920,n,7.077271,67.596888,0.000168,1.648187e-05,-0.000101,7.867239e-06,14.878436,15.269404,15.201386,15.461352,14.945076,15.526994,15.69024,15.913422,15.684616,15.804502,0,0,0,0,0,0
2025/07/31 02:45:00.923,n,7.035378,67.338048,0.000168,1.164618e-05,-0.000106,6.937456e-06,14.86685,15.26067,15.197036,15.467186,14.947992,15.529748,15.693026,15.910506,15.673372,15.798636,0,0,0,0,0,0
2025/07/31 02:46:00.923,n,7.053784,67.142208,0.000152,7.264568e-06,-9.510076e-05,6.378229e-06,14.862532,15.267936,15.192654,15.462802,14.934958,15.521388,15.687388,15.901802,15.676126,15.801584,0,0,0,0,0,0
2025/07/31 02:47:00.926,n,7.090603,67.114616,0.000163,7.171137e-06,-0.000117,7.889786e-06,14.856764,15.26357,15.181116,15.454556,14.932074,15.526994,15.695878,15.896016,15.670488,15.789964,0,0,0,0,0,0
2025/07/31 02:48:00.931,n,7.110718,67.038492,0.000136,1.381959e-05,-0.000112,6.793884e-06,14.850948,15.25635,15.178216,15.46026,14.929172,15.52414,15.684616,15.894566,15.667734,15.776876,0,0,0,0,0,0
2025/07/31 02:49:00.932,n,7.140896,67.05636,0.000158,7.844956e-06,-0.000106,8.091078e-06,14.846598,15.266486,15.181116,15.455926,14.932074,15.518502,15.681782,15.893098,15.676126,15.779778,0,0,0,0,0,0
2025/07/31 02:50:00.934,n,7.147534,67.153528,0.000163,9.742198e-06,-0.000101,5.393719e-06,14.833564,15.2549,15.166596,15.447256,14.92484,15.515734,15.676126,15.884362,15.676126,15.781198,0,0,0,0,0,0
2025/07/31 02:51:00.934,n,7.211209,67.27008,0.000158,1.103232e-05,-0.000117,4.875672e-06,14.830694,15.252018,15.168032,15.44002,14.92194,15.512896,15.676126,15.874208,15.670488,15.776876,0,0,0,0,0,0
2025/07/31 02:52:00.922,n,7.226296,67.488544,0.000142,7.186794e-06,-0.000106,4.500339e-06,14.833564,15.24188,15.176732,15.435702,14.917588,15.515734,15.67898,15.894566,15.664882,15.781198,0,0,0,0,0,0
2025/07/31 02:53:00.924,n,7.241432,67.697568,0.000131,1.113025e-05,-0.000112,5.691939e-06,14.833564,15.233196,15.165214,15.438586,14.920488,15.507242,15.673372,15.88728,15.659144,15.784114,0,0,0,0,0,0
2025/07/31 02:54:00.928,n,7.261452,67.843664,0.000142,1.39161e-05,-0.000122,5.685239e-06,14.833564,15.22596,15.162296,15.432818,14.92194,15.504488,15.673372,15.882896,15.667734,15.769576,0,0,0,0,0,0
2025/07/31 02:55:00.908,n,7.28323,67.777112,0.000152,8.962274e-06,-0.000117,7.01468e-06,14.82201,15.228846,15.15941,15.428466,14.92484,15.501638,15.667734,15.874208,15.659144,15.77396,0,0,0,0,0,0
2025/07/31 02:56:00.912,n,7.26648,67.653728,0.000142,1.040448e-05,-0.000117,5.841919e-06,14.816194,15.22596,15.165214,15.422666,14.919024,15.495996,15.667734,15.87856,15.659144,15.779778,0,0,0,0,0,0
2025/07/31 02:57:00.929,n,7.291577,67.788488,0.00012,9.643836e-06,-0.000122,5.38221e-06,14.823428,15.228846,15.150678,15.429902,14.90602,15.49885,15.659144,15.869858,15.659144,15.763758,0,0,0,0,0,0
2025/07/31 02:58:00.922,n,7.291577,67.77228,0.000147,9.107764e-06,-0.000128,5.153397e-06,14.811844,15.211474,15.153594,15.415494,14.90602,15.487604,15.66203,15.872742,15.66203,15.762276,0,0,0,0,0,0
2025/07/31 02:59:00.919,n,7.273171,67.833944,0.000152,7.914309e-06,-0.000112,5.363335e-06,14.808928,15.20279,15.149276,15.415494,14.90747,15.490392,15.65639,15.86839,15.653538,15.762276,0,0,0,0,0,0
2025/07/31 03:00:00.919,n,7.293286,67.824232,0.000142,9.125476e-06,-0.000128,6.694466e-06,14.808928,15.20714,15.147826,15.419764,14.901638,15.493242,15.65639,15.86694,15.645144,15.762276,0,0,0,0,0,0
2025/07/31 03:01:00.915,n,7.336842,67.992984,0.00021,2.440343e-05,-7.342389e-05,2.876607e-05,14.820544,15.217292,15.162296,15.415494,14.908872,15.48187,15.628244,15.87566,15.633884,15.775428,0,0,0,0,0,0
2025/07/31 03:02:00.917,n,7.301636,67.928096,0.000173,9.311792e-06,-8.96073e-05,6.471179e-06,14.808928,15.215858,15.16083,15.415494,14.900204,15.470642,15.63113,15.86694,15.622638,15.771044,0,0,0,0,0,0
2025/07/31 03:03:00.918,n,7.259838,67.928096,0.000168,1.089054e-05,-6.807891e-05,9.705262e-06,14.80316,15.20714,15.150678,15.418314,14.901638,15.467854,15.628244,15.869858,15.633884,15.765258,0,0,0,0,0,0
2025/07/31 03:04:00.920,n,7.228005,67.991328,0.000147,2.569124e-05,-0.000117,1.099367e-05,14.80316,15.19847,15.144926,15.408226,14.89732,15.470642,15.636768,15.865506,15.633884,15.757956,0,0,0,0,0,0
2025/07/31 03:05:00.922,n,7.217945,68.247616,0.000152,9.68194e-06,-0.000106,6.839747e-06,14.80316,15.195554,15.133308,15.413996,14.894404,15.47341,15.63113,15.858204,15.633884,15.756522,0,0,0,0,0,0
2025/07/31 03:06:00.925,n,7.244702,68.514952,0.000136,1.008314e-05,-0.000122,6.90086e-06,14.79011,15.197036,15.136208,15.408226,14.884268,15.462248,15.628244,15.858204,15.622638,15.756522,0,0,0,0,0,0
2025/07/31 03:07:00.927,n,7.254761,68.437168,0.000142,8.262502e-06,-0.000117,5.786146e-06,14.791544,15.192654,15.123188,15.40241,14.881352,15.465002,15.63113,15.850968,15.633884,15.742016,0,0,0,0,0,0
2025/07/31 03:08:00.930,n,7.212918,68.223256,0.000147,8.54702e-06,-0.000128,5.827638e-06,14.79011,15.191236,15.118838,15.403844,14.872682,15.465002,15.62549,15.848064,15.628244,15.743418,0,0,0,0,0,0
2025/07/31 03:09:00.931,n,7.217945,68.189224,0.000147,1.014037e-05,-0.000122,6.44833e-06,14.775576,15.194152,15.114486,15.403844,14.875534,15.462248,15.622638,15.83788,15.62549,15.742016,0,0,0,0,0,0
2025/07/31 03:10:00.914,n,7.212918,68.228144,0.000131,9.14584e-06,-0.000139,6.273565e-06,14.778492,15.175332,15.123188,15.386504,14.877034,15.470642,15.62549,15.83356,15.636768,15.742016,0,0,0,0,0,0
2025/07/31 03:11:00.916,n,7.214577,68.207048,0.000131,6.899924e-06,-0.000122,6.989588e-06,14.774142,15.172416,15.111636,15.38217,14.869766,15.459364,15.62549,15.83356,15.628244,15.7391,0,0,0,0,0,0
2025/07/31 03:12:00.920,n,7.194508,68.051384,0.000126,9.926504e-06,-0.000133,1.184783e-05,14.758206,15.163746,15.107286,15.379334,14.862532,15.465002,15.622638,15.83356,15.628244,15.737634,0,0,0,0,0,0
2025/07/31 03:13:00.923,n,7.201149,67.997816,0.000136,1.042569e-05,-0.000139,5.153272e-06,14.765474,15.168032,15.10872,15.377818,14.862532,15.456608,15.62549,15.830644,15.628244,15.7318,0,0,0,0,0,0
2025/07/31 03:14:00.924,n,7.18943,68.041664,0.000142,9.394392e-06,-0.000128,4.810451e-06,14.76399,15.15941,15.102934,15.376416,14.861066,15.465002,15.617034,15.829176,15.619884,15.724512,0,0,0,0,0,0
2025/07/31 03:15:00.925,n,7.149292,67.908656,0.000147,1.114881e-05,-0.000128,5.571969e-06,14.756758,15.163746,15.100018,15.38217,14.862532,15.448152,15.617034,15.82626,15.617034,15.72598,0,0,0,0,0,0
2025/07/31 03:16:00.927,n,7.149292,68.070864,0.00012,6.821022e-06,-0.000128,6.463639e-06,14.746622,15.15651,15.097102,15.380768,14.855298,15.451002,15.608624,15.813172,15.61423,15.715828,0,0,0,0,0,0
2025/07/31 03:17:00.929,n,7.184452,68.081056,0.000239,1.098491e-05,-2.189262e-05,6.535913e-06,14.802638,15.209568,15.142954,15.426592,14.899714,15.377426,15.54355,15.870688,15.551944,15.768938,0,0,0,0,0,0
2025/07/31 03:18:00.929,n,7.202862,68.094096,0.000239,6.210959e-06,-2.738607e-05,3.481437e-06,14.796822,15.200898,15.135784,15.413604,14.893882,15.383066,15.54355,15.860452,15.55755,15.764556,0,0,0,0,0,0
2025/07/31 03:19:00.918,n,7.166043,68.021048,0.000239,9.636466e-06,-2.189262e-05,6.471239e-06,14.798256,15.190812,15.147306,15.410686,14.901182,15.374672,15.537898,15.859002,15.549188,15.767456,0,0,0,0,0,0
2025/07/31 03:20:00.918,n,7.18948,67.988576,0.000244,9.782296e-06,-3.273105e-05,5.153069e-06,14.79244,15.193664,15.144404,15.412154,14.899714,15.36902,15.537898,15.860452,15.54355,15.773258,0,0,0,0,0,0
2025/07/31 03:21:00.921,n,7.162724,67.78896,0.000223,1.066337e-05,-3.807603e-05,4.028969e-06,14.786672,15.183512,15.135784,15.406336,14.89098,15.36902,15.529438,15.859002,15.551944,15.757256,0,0,0,0,0,0
2025/07/31 03:22:00.924,n,7.125809,67.756544,0.000223,8.557746e-06,-2.189262e-05,5.841919e-06,14.79102,15.176276,15.128484,15.397682,14.893882,15.36056,15.53506,15.851766,15.54355,15.761638,0,0,0,0,0,0
2025/07/31 03:23:00.928,n,7.10574,67.84092,0.000239,1.137093e-05,-2.189262e-05,5.691797e-06,14.782354,15.182096,15.124166,15.409238,14.880896,15.36902,15.5238,15.850298,15.540668,15.758722,0,0,0,0,0,0
2025/07/31 03:24:00.926,n,7.063847,67.948048,0.000223,8.10655e-06,-2.738607e-05,4.841162e-06,14.782354,15.176276,15.128484,15.402018,14.880896,15.36338,15.5238,15.847382,15.53506,15.75002,0,0,0,0,0,0
2025/07/31 03:25:00.928,n,7.049687,67.951272,0.000228,8.565894e-06,-4.356948e-05,6.691003e-06,14.770768,15.177694,15.1169,15.402018,14.875062,15.36902,15.5238,15.840146,15.54355,15.738398,0,0,0,0,0,0
2025/07/31 03:26:00.931,n,7.065506,67.849072,0.000207,9.663508e-06,-4.921141e-05,7.477787e-06,14.776536,15.179194,15.111114,15.397682,14.873596,15.357776,15.518162,15.841564,15.53506,15.741282,0,0,0,0,0,0
2025/07/31 03:27:00.932,n,7.051396,68.016168,0.000218,7.247654e-06,-4.921141e-05,7.477787e-06,14.763504,15.174842,15.111114,15.394782,14.867828,15.366182,15.5238,15.831378,15.53506,15.742718,0,0,0,0,0,0
2025/07/31 03:28:00.920,n,7.058037,68.094096,0.000223,1.328762e-05,-3.273105e-05,4.861393e-06,14.762036,15.158874,15.124166,15.387548,14.877978,15.357776,15.521046,15.837244,15.53229,15.745634,0,0,0,0,0,0
2025/07/31 03:29:00.920,n,7.059746,68.027544,0.000233,1.08935e-05,-4.356948e-05,5.756752e-06,14.760588,15.153138,15.114032,15.380342,14.864928,15.357776,15.518162,15.83286,15.53229,15.742718,0,0,0,0,0,0
2025/07/31 03:30:00.922,n,7.046414,67.802,0.000212,8.477358e-06,-4.356948e-05,8.332953e-06,14.75912,15.156054,15.109664,15.388948,14.86931,15.349284,15.515406,15.829944,15.53229,15.739866,0,0,0,0,0,0
2025/07/31 03:31:00.919,n,6.999638,67.785792,0.00027,3.120666e-05,-2.157479e-07,3.271435e-05,14.769304,15.163274,15.124166,15.387548,14.876512,15.326878,15.487264,15.844482,15.4929,15.757256,0,0,0,0,0,0
2025/07/31 03:32:00.921,n,6.942898,67.858784,0.000249,1.601411e-05,-5.7092e-06,9.525848e-06,14.766388,15.158874,15.119816,15.394782,14.875062,15.324026,15.487264,15.837244,15.506914,15.748552,0,0,0,0,0,0
2025/07/31 03:33:00.927,n,6.879521,68.10864,0.000244,2.070439e-05,-5.7092e-06,8.777874e-06,14.763504,15.154604,15.11258,15.394782,14.86061,15.321272,15.48441,15.828508,15.506914,15.741282,0,0,0,0,0,0
2025/07/31 03:34:00.927,n,6.902859,68.22544,0.000249,6.046541e-06,-1.654763e-05,6.535923e-06,14.751918,15.148786,15.109664,15.384662,14.854776,15.332482,15.4929,15.828508,15.506914,15.72963,0,0,0,0,0,0
2025/07/31 03:35:00.929,n,6.857792,68.335648,0.000244,8.387887e-06,-2.189262e-05,6.720092e-06,14.741718,15.147306,15.100994,15.371626,14.846108,15.33812,15.495656,15.825624,15.509768,15.728212,0,0,0,0,0,0
2025/07/31 03:36:00.932,n,6.837773,68.551128,0.000223,9.409094e-06,-2.738607e-05,7.401904e-06,14.737452,15.148786,15.09376,15.37886,14.84316,15.332482,15.495656,15.81252,15.512554,15.72963,0,0,0,0,0,0
2025/07/31 03:37:00.915,n,6.837773,68.565728,0.000233,6.408338e-06,-3.273105e-05,4.877394e-06,14.730166,15.142954,15.09376,15.361522,14.854776,15.33527,15.495656,15.80962,15.506914,15.726778,0,0,0,0,0,0
2025/07/31 03:38:00.918,n,6.792656,68.283744,0.000223,9.414858e-06,-2.738607e-05,8.752252e-06,14.72725,15.13,15.090878,15.361522,14.846108,15.33812,15.49005,15.802318,15.515406,15.72096,0,0,0,0,0,0
2025/07/31 03:39:00.918,n,6.735916,68.50576,0.000239,1.183129e-05,-2.738607e-05,5.357512e-06,14.731568,15.131402,15.087994,15.361522,14.84316,15.33527,15.49005,15.80812,15.512554,15.723862,0,0,0,0,0,0
2025/07/31 03:40:00.922,n,6.714188,68.59004,0.000228,1.130073e-05,-2.738607e-05,4.785081e-06,14.718566,15.115496,15.085092,15.354288,14.838842,15.329662,15.487264,15.802318,15.506914,15.716576,0,0,0,0,0,0
2025/07/31 03:41:00.924,n,6.679081,68.704936,0.000233,6.941738e-06,-2.189262e-05,6.313202e-06,14.733034,15.118414,15.07929,15.357188,14.831608,15.326878,15.4929,15.80962,15.509768,15.716576,0,0,0,0,0,0
2025/07/31 03:42:00.924,n,6.689141,68.787496,0.000255,1.016747e-05,-1.105418e-05,7.112284e-06,14.7171,15.124166,15.085092,15.35137,14.82579,15.321272,15.48156,15.799434,15.504146,15.716576,0,0,0,0,0,0
2025/07/31 03:43:00.929,n,6.6908,68.627248,0.000212,7.922467e-06,-2.738607e-05,4.695283e-06,14.709868,15.115496,15.073506,15.352804,14.820024,15.329662,15.48156,15.796548,15.509768,15.707858,0,0,0,0,0,0
2025/07/31 03:44:00.931,n,6.68079,68.688816,0.000233,7.884544e-06,-1.654763e-05,5.068237e-06,14.709868,15.114032,15.070622,15.35137,14.818588,15.324026,15.478706,15.792166,15.506914,15.707858,0,0,0,0,0,0
2025/07/31 03:45:00.931,n,6.725907,68.724416,0.000228,6.102263e-06,-1.654763e-05,7.121708e-06,14.705516,15.11258,15.063354,15.347052,14.809872,15.321272,15.48441,15.787782,15.512554,15.696238,0,0,0,0,0,0
2025/07/31 03:46:00.916,n,6.685772,68.41992,0.000265,1.059653e-05,-2.157479e-07,7.045761e-06,14.706966,15.10391,15.067706,15.3369,14.818588,15.315634,15.478706,15.783462,15.504146,15.703472,0,0,0,0,0,0
2025/07/31 03:47:00.919,n,6.715847,68.227008,0.000265,7.701192e-06,-1.105418e-05,7.114858e-06,14.702634,15.096678,15.067706,15.335466,14.81129,15.318388,15.47592,15.787782,15.504146,15.69772,0,0,0,0,0,0
2025/07/31 03:48:00.921,n,6.68079,68.116752,0.000286,1.405181e-05,1.611614e-05,7.013106e-06,14.696816,15.099594,15.063354,15.33113,14.81129,15.30998,15.470314,15.784928,15.506914,15.703472,0,0,0,0,0,0
2025/07/31 03:49:00.923,n,6.710869,68.128072,0.000265,1.306822e-05,1.611614e-05,6.225948e-06,14.693934,15.087994,15.051802,15.329698,14.80549,15.315634,15.47592,15.780544,15.49854,15.69772,0,0,0,0,0,0
2025/07/31 03:50:00.923,n,6.715847,68.243216,0.000281,7.068984e-06,2.160959e-05,7.523194e-06,14.692466,15.086526,15.056088,15.325346,14.796822,15.312782,15.478706,15.773258,15.501294,15.690452,0,0,0,0,0,0
2025/07/31 03:51:00.926,n,6.6908,68.2416,0.000302,9.417328e-06,4.328646e-05,5.868871e-06,14.6852,15.085092,15.044536,15.322462,14.789556,15.312782,15.473166,15.774694,15.501294,15.693336,0,0,0,0,0,0
2025/07/31 03:52:00.930,n,6.665753,68.136232,0.000297,5.439631e-06,5.946987e-05,6.303532e-06,14.683782,15.07639,15.041618,15.325346,14.785236,15.315634,15.470314,15.761638,15.506914,15.684568,0,0,0,0,0,0
2025/07/31 03:53:00.930,n,6.655743,68.179984,0.000313,7.748354e-06,4.863144e-05,5.685324e-06,14.670698,15.07639,15.041618,15.32678,14.77797,15.315634,15.47592,15.766024,15.504146,15.680234,0,0,0,0,0,0
2025/07/31 03:54:00.933,n,6.623955,67.9708,0.000334,1.220071e-05,8.367076e-05,9.559002e-06,14.673648,15.073506,15.034416,15.322462,14.775054,15.312782,15.467546,15.757256,15.501294,15.66718,0,0,0,0,0,0
2025/07/31 03:55:00.917,n,6.612286,67.920464,0.00036,9.144498e-06,8.901574e-05,9.086248e-06,14.662,15.070622,15.040184,15.302174,14.785236,15.30716,15.464676,15.75002,15.495656,15.6788,0,0,0,0,0,0
2025/07/31 03:56:00.920,n,6.592217,67.957816,0.00037,1.00306e-05,0.000122,7.484079e-06,14.663434,15.067706,15.038718,15.30364,14.779438,15.301522,15.464676,15.757256,15.4929,15.686036,0,0,0,0,0,0
2025/07/31 03:57:00.921,n,6.588944,67.960992,0.000397,6.141094e-06,0.00016,1.116467e-05,14.666414,15.072058,15.037302,15.31231,14.775054,15.290278,15.453416,15.754402,15.487264,15.681716,0,0,0,0,0,0
2025/07/31 03:58:00.925,n,6.612286,67.97564,0.000418,9.089518e-06,0.000187,1.14609e-05,14.659146,15.056088,15.030066,15.30364,14.769304,15.298638,15.456266,15.757256,15.4929,15.66863,0,0,0,0,0,0
2025/07/31 03:59:00.924,n,6.567166,67.802,0.000445,1.155911e-05,0.000203,9.30638e-06,14.657682,15.056088,15.02715,15.302174,14.764968,15.298638,15.459054,15.748552,15.495656,15.66718,0,0,0,0,0,0
2025/07/31 04:00:00.928,n,6.550469,67.910744,0.000492,1.338237e-05,0.000258,1.242795e-05,14.648966,15.050336,15.025714,15.299256,14.760588,15.293032,15.450662,15.75002,15.48156,15.671466,0,0,0,0,0,0
2025/07/31 04:01:00.925,n,6.580593,67.78896,0.000571,2.316406e-05,0.000345,2.223277e-05,14.660532,15.063354,15.034416,15.30364,14.769304,15.267742,15.425304,15.761638,15.467546,15.677332,0,0,0,0,0,0
2025/07/31 04:02:00.928,n,6.560528,67.660696,0.000603,1.033158e-05,0.000367,1.139431e-05,14.654766,15.063354,15.02715,15.313792,14.757686,15.26489,15.428158,15.755838,15.467546,15.671466,0,0,0,0,0,0
2025/07/31 04:03:00.930,n,6.540459,67.628272,0.000629,1.494535e-05,0.000405,1.386783e-05,14.656232,15.053236,15.021398,15.299256,14.747536,15.284638,15.430912,15.738398,15.473166,15.66863,0,0,0,0,0,0
2025/07/31 04:04:00.915,n,6.466923,67.683448,0.000703,1.907457e-05,0.00046,1.649496e-05,14.641714,15.053236,15.019948,15.294972,14.764968,15.267742,15.433762,15.738398,15.467546,15.671466,0,0,0,0,0,0
2025/07/31 04:05:00.917,n,6.438553,67.78896,0.00075,1.772888e-05,0.000498,1.584363e-05,14.631596,15.038718,15.011246,15.287736,14.754834,15.279034,15.442172,15.73258,15.48156,15.655494,0,0,0,0,0,0
2025/07/31 04:06:00.919,n,6.431816,67.80684,0.000771,1.595155e-05,0.000547,1.427257e-05,14.632998,15.038718,15.012696,15.28482,14.743218,15.27338,15.436532,15.73548,15.467546,15.65986,0,0,0,0,0,0
2025/07/31 04:07:00.922,n,6.408428,67.766256,0.000835,1.645544e-05,0.000602,1.579397e-05,14.62868,15.02863,15.00683,15.277616,14.738868,15.281788,15.442172,15.73548,15.487264,15.66863,0,0,0,0,0,0
2025/07/31 04:08:00.927,n,6.388359,67.83608,0.000903,1.88555e-05,0.000672,2.106343e-05,14.637382,15.037302,15.014162,15.293522,14.746134,15.279034,15.436532,15.73258,15.48156,15.662794,0,0,0,0,0,0
2025/07/31 04:09:00.926,n,6.39671,67.79868,0.000967,2.390074e-05,0.000738,2.085336e-05,14.63448,15.034416,15.00683,15.290636,14.741718,15.270528,15.425304,15.738398,15.473166,15.65986,0,0,0,0,0,0
2025/07/31 04:10:00.928,n,6.410088,67.745168,0.001009,2.180218e-05,0.000809,2.387218e-05,14.625796,15.034416,15.005428,15.280468,14.738868,15.281788,15.433762,15.728212,15.47592,15.64971,0,0,0,0,0,0
2025/07/31 04:11:00.930,n,6.381668,67.745168,0.001078,2.060506e-05,0.000879,2.766403e-05,14.621448,15.02715,14.995278,15.28482,14.728684,15.279034,15.442172,15.725312,15.48156,15.64971,0,0,0,0,0,0
2025/07/31 04:12:00.932,n,6.329815,67.68672,0.001135,1.901488e-05,0.000945,2.304299e-05,14.619948,15.021398,14.995278,15.280468,14.720016,15.281788,15.439402,15.72096,15.48156,15.639556,0,0,0,0,0,0
2025/07/31 04:13:00.919,n,6.324097,67.80584,0.001346,2.660361e-05,0.001157,2.878598e-05,14.632916,15.041536,15.018332,15.287574,14.75182,15.23243,15.39845,15.73095,15.446246,15.666968,0,0,0,0,0,0
2025/07/31 04:14:00.920,n,6.310768,67.917808,0.001425,2.409883e-05,0.001244,2.895495e-05,14.618384,15.02995,15.006782,15.281854,14.743056,15.238068,15.39845,15.728034,15.449096,15.659698,0,0,0,0,0,0
2025/07/31 04:15:00.923,n,6.290699,67.968104,0.001509,2.653515e-05,0.001315,2.628155e-05,14.61695,15.022718,15.006782,15.281854,14.732954,15.23243,15.395696,15.720732,15.437852,15.658264,0,0,0,0,0,0
2025/07/31 04:16:00.923,n,6.255593,68.086552,0.00161,2.877448e-05,0.001434,3.099608e-05,14.611184,15.025618,15.002416,15.28332,14.73877,15.235314,15.39845,15.722216,15.446246,15.656764,0,0,0,0,0,0
2025/07/31 04:17:00.924,n,6.228832,68.099544,0.00171,2.366957e-05,0.001538,3.252931e-05,14.6213,15.02415,15.000948,15.281854,14.730038,15.221186,15.38445,15.722216,15.440722,15.658264,0,0,0,0,0,0
2025/07/31 04:18:00.928,n,6.161892,68.203304,0.001826,3.214835e-05,0.001636,3.402019e-05,14.612632,15.012566,14.995182,15.274584,14.721336,15.23243,15.387204,15.722216,15.437852,15.650964,0,0,0,0,0,0
2025/07/31 04:19:00.932,n,6.14851,68.344368,0.00191,3.440445e-05,0.001745,3.388138e-05,14.601016,15.009682,14.996662,15.27602,14.711186,15.23243,15.38445,15.722216,15.435082,15.645144,0,0,0,0,0,0
2025/07/31 04:20:00.931,n,6.126736,68.525864,0.002021,3.441886e-05,0.001859,3.4896e-05,14.605398,15.015482,14.982162,15.273168,14.70972,15.226824,15.38445,15.710628,15.437852,15.633558,0,0,0,0,0,0
2025/07/31 04:21:00.933,n,6.120045,68.666736,0.002131,3.436597e-05,0.001968,3.666604e-05,14.595248,15.006782,14.976394,15.274584,14.70687,15.235314,15.378812,15.70041,15.440722,15.634958,0,0,0,0,0,0
2025/07/31 04:22:00.920,n,6.123413,68.559848,0.002268,3.452919e-05,0.002104,3.615282e-05,14.582198,14.993778,14.979278,15.25003,14.705418,15.229676,15.387204,15.701826,15.440722,15.632076,0,0,0,0,0,0
2025/07/31 04:23:00.924,n,6.125027,68.587384,0.002395,3.943438e-05,0.00224,4.15299e-05,14.589432,15.002416,14.987962,15.258666,14.711186,15.22407,15.381598,15.693174,15.435082,15.634958,0,0,0,0,0,0
2025/07/31 04:24:00.924,n,6.156861,68.595544,0.002516,3.6308e-05,0.002355,3.350346e-05,14.586484,14.996662,14.983578,15.255764,14.701036,15.22407,15.381598,15.70621,15.432232,15.633558,0,0,0,0,0,0
2025/07/31 04:25:00.928,n,6.118386,68.601936,0.002637,3.59234e-05,0.002474,3.612537e-05,14.582198,14.983578,14.973492,15.255764,14.701036,15.218432,15.37596,15.70771,15.429444,15.629142,0,0,0,0,0,0
2025/07/31 04:26:00.928,n,6.128395,68.567952,0.002753,3.743813e-05,0.002599,3.84234e-05,14.5749,14.986446,14.969076,15.25288,14.693818,15.221186,15.37319,15.70041,15.435082,15.632076,0,0,0,0,0,0
2025/07/31 04:27:00.929,n,6.181912,68.496664,0.002879,3.668858e-05,0.00273,4.163727e-05,14.580718,14.985044,14.969076,15.261582,14.690934,15.21558,15.367552,15.69024,15.426592,15.626288,0,0,0,0,0,0
2025/07/31 04:28:00.933,n,6.18528,68.469168,0.003016,3.711875e-05,0.002882,4.196167e-05,14.5691,14.985044,14.964808,15.25288,14.673518,15.210056,15.367552,15.69024,15.420986,15.61317,0,0,0,0,0,0
2025/07/31 04:29:00.935,n,6.180298,68.337872,0.003153,3.72344e-05,0.003007,3.892793e-05,14.566232,14.983578,14.94884,15.247112,14.683668,15.210056,15.367552,15.680086,15.4182,15.618958,0,0,0,0,0,0
2025/07/31 04:30:00.919,n,6.163601,68.336216,0.003295,4.295867e-05,0.00316,4.479779e-05,14.566232,14.974894,14.964808,15.23406,14.686584,15.204418,15.370436,15.682972,15.423838,15.620424,0,0,0,0,0,0
2025/07/31 04:31:00.912,n,6.17527,68.336216,0.003484,1.786708e-05,0.003334,1.338546e-05,14.5691,14.990862,14.964808,15.251446,14.693818,15.18467,15.33936,15.678588,15.404086,15.618958,0,0,0,0,0,0
2025/07/31 04:32:00.913,n,6.188648,68.430304,0.00359,3.376893e-05,0.003464,3.675163e-05,14.560432,14.992312,14.95899,15.245678,14.686584,15.19029,15.33936,15.680086,15.404086,15.621906,0,0,0,0,0,0
2025/07/31 04:33:00.915,n,6.17527,68.307064,0.003753,4.230704e-05,0.003605,4.151795e-05,14.558966,14.97781,14.963308,15.236976,14.688018,15.19029,15.33936,15.680086,15.40694,15.617522,0,0,0,0,0,0
2025/07/31 04:34:00.916,n,6.160229,68.320096,0.0039,5.588712e-05,0.003752,3.828544e-05,14.554584,14.971978,14.95899,15.23406,14.677836,15.18752,15.350604,15.669884,15.409708,15.620424,0,0,0,0,0,0
2025/07/31 04:35:00.918,n,6.153542,68.49344,0.004063,4.841675e-05,0.003904,5.602897e-05,14.541518,14.964808,14.956074,15.22539,14.670616,15.195928,15.344966,15.671318,15.415346,15.608804,0,0,0,0,0,0
2025/07/31 04:36:00.919,n,6.17527,68.516144,0.004215,4.956438e-05,0.004078,5.403373e-05,14.5459,14.951692,14.943056,15.231174,14.664816,15.195928,15.347816,15.659698,15.423838,15.607336,0,0,0,0,0,0
2025/07/31 04:37:00.921,n,6.198708,68.572784,0.004399,5.506442e-05,0.004246,5.043748e-05,14.534318,14.957524,14.938704,15.229774,14.64885,15.195928,15.350604,15.662584,15.40694,15.603018,0,0,0,0,0,0
2025/07/31 04:38:00.926,n,6.173561,68.569568,0.004604,6.182122e-05,0.004409,5.22159e-05,14.535766,14.94884,14.932938,15.22689,14.643084,15.193174,15.33659,15.661166,15.415346,15.585546,0,0,0,0,0,0
2025/07/31 04:39:00.926,n,6.155152,68.469168,0.004767,5.878281e-05,0.004594,5.753173e-05,14.52415,14.953158,14.918404,15.229774,14.644534,15.19029,15.347816,15.655348,15.4182,15.591332,0,0,0,0,0,0
2025/07/31 04:40:00.916,n,6.15852,68.227672,0.004956,5.660448e-05,0.004762,5.055537e-05,14.52415,14.94014,14.930022,15.212386,14.647384,15.195928,15.344966,15.656764,15.409708,15.597198,0,0,0,0,0,0
2025/07/31 04:41:00.914,n,6.180298,68.242272,0.005177,6.463531e-05,0.005039,6.948806e-05,14.525552,14.93147,14.928554,15.212386,14.644534,15.19029,15.347816,15.648046,15.412592,15.592814,0,0,0,0,0,0
2025/07/31 04:42:00.916,n,6.16687,68.274688,0.005408,8.263666e-05,0.005305,8.387604e-05,14.5213,14.932938,14.92132,15.21959,14.644534,15.18467,15.342212,15.652464,15.40694,15.591332,0,0,0,0,0,0
2025/07/31 04:43:00.917,n,6.153542,68.326496,0.005765,9.25158e-05,0.005663,0.000111,14.5227,14.932938,14.924236,15.213802,14.635832,15.181916,15.33936,15.64953,15.409708,15.585546,0,0,0,0,0,0
2025/07/31 04:44:00.918,n,6.14851,68.559848,0.005991,8.77908e-05,0.006103,0.000134,14.511086,14.922754,14.912652,15.213802,14.622766,15.18467,15.33659,15.643662,15.40694,15.57828,0,0,0,0,0,0
2025/07/31 04:45:00.922,n,6.16687,68.503208,0.006348,0.000109,0.006591,0.000149,14.506768,14.918404,14.902468,15.206568,14.6213,15.19029,15.344966,15.639344,15.409708,15.570978,0,0,0,0,0,0
2025/07/31 04:46:00.923,n,6.210427,68.517752,0.006809,0.000144,0.007181,0.00018,14.505334,14.925638,14.906852,15.208036,14.622766,15.181916,15.342212,15.637908,15.40694,15.573896,0,0,0,0,0,0
2025/07/31 04:47:00.924,n,6.180298,68.44808,0.007166,9.899522e-05,0.007588,0.000122,14.496568,14.922754,14.899616,15.206568,14.6141,15.17618,15.330952,15.637908,15.40694,15.565192,0,0,0,0,0,0
2025/07/31 04:48:00.929,n,6.228832,68.425424,0.007732,0.000177,0.007945,0.00011,14.489334,14.919852,14.898182,15.199334,14.612632,15.17618,15.328066,15.617522,15.40694,15.562276,0,0,0,0,0,0
2025/07/31 04:49:00.913,n,6.275612,68.391344,0.008078,9.40615e-05,0.008129,4.714313e-05,14.495152,14.903934,14.89235,15.18198,14.6141,15.17618,15.33659,15.627658,15.404086,15.576814,0,0,0,0,0,0
2025/07/31 04:50:00.916,n,6.3074,68.393,0.00869,0.000201,0.008551,0.000133,14.490802,14.909736,14.890884,15.193566,14.612632,15.173426,15.325314,15.624806,15.39845,15.570978,0,0,0,0,0,0
2025/07/31 04:51:00.916,n,6.278981,68.393,0.008885,4.971096e-05,0.008913,0.000109,14.487918,14.901034,14.887968,15.180562,14.605398,15.173426,15.33659,15.620424,15.404086,15.557892,0,0,0,0,0,0
2025/07/31 04:52:00.919,n,6.329354,68.487152,0.009379,0.000131,0.009342,9.484582e-05,14.509928,14.914394,14.91148,15.212696,14.62451,15.131498,15.297416,15.639556,15.370566,15.582842,0,0,0,0,0,0
2025/07/31 04:53:00.923,n,6.335995,68.574608,0.009594,6.862601e-05,0.009565,6.498231e-05,14.507044,14.923096,14.902844,15.212696,14.615778,15.137136,15.294564,15.633704,15.364912,15.578458,0,0,0,0,0,0
2025/07/31 04:54:00.924,n,6.377838,68.545456,0.009694,2.182303e-05,0.009749,4.955104e-05,14.499778,14.923096,14.901344,15.21123,14.62016,15.13435,15.286172,15.641006,15.359306,15.578458,0,0,0,0,0,0
2025/07/31 04:55:00.925,n,6.423004,68.840176,0.00982,3.930838e-05,0.009896,4.965771e-05,14.495396,14.917312,14.894158,15.21123,14.614376,15.12301,15.283288,15.629386,15.353668,15.581376,0,0,0,0,0,0
2025/07/31 04:56:00.926,n,6.439705,68.744624,0.01024,0.00013,0.01027,0.000124,14.493962,14.92163,14.894158,15.20111,14.614376,15.120126,15.280534,15.635172,15.359306,15.569724,0,0,0,0,0,0
2025/07/31 04:57:00.929,n,6.459725,68.903264,0.010397,5.039812e-05,0.01072,0.000141,14.482346,14.914394,14.885426,15.198226,14.611492,15.12586,15.277764,15.623552,15.359306,15.562488,0,0,0,0,0,0
2025/07/31 04:58:00.914,n,6.555035,68.922656,0.010571,5.039812e-05,0.011051,9.910208e-05,14.489644,14.891258,14.896978,15.19241,14.614376,15.12586,15.280534,15.619168,15.353668,15.575606,0,0,0,0,0,0
2025/07/31 04:59:00.919,n,6.615143,68.856344,0.010655,1.811297e-05,0.01097,5.029302e-05,14.489644,14.899894,14.895512,15.193874,14.610024,15.128728,15.277764,15.630852,15.362158,15.575606,0,0,0,0,0,0
2025/07/31 05:00:00.920,n,6.603424,68.76244,0.010933,9.551298e-05,0.01085,3.15408e-05,14.482346,14.895512,14.885426,15.188074,14.612926,15.120126,15.277764,15.617766,15.356518,15.56684,0,0,0,0,0,0
2025/07/31 05:01:00.915,n,6.628521,68.639448,0.011389,6.551958e-05,0.011132,4.178792e-05,14.493962,14.905726,14.910076,15.20111,14.63031,15.100508,15.249636,15.638088,15.319918,15.582842,0,0,0,0,0,0
2025/07/31 05:02:00.917,n,6.65025,68.710688,0.011368,2.182303e-05,0.01123,2.206417e-05,14.488162,14.901344,14.901344,15.188074,14.621608,15.097752,15.255276,15.627936,15.32841,15.579926,0,0,0,0,0,0
2025/07/31 05:03:00.918,n,6.681988,68.856344,0.011405,1.41803e-05,0.011317,2.582135e-05,14.483812,14.901344,14.89266,15.189492,14.617258,15.100508,15.25803,15.620668,15.32841,15.569724,0,0,0,0,0,0
2025/07/31 05:04:00.919,n,6.713681,68.743064,0.011232,5.855733e-05,0.011376,1.626592e-05,14.473696,14.894158,14.891258,15.188074,14.612926,15.100508,15.255276,15.616316,15.3369,15.563938,0,0,0,0,0,0
2025/07/31 05:05:00.922,n,6.737068,68.665272,0.011258,1.658805e-05,0.011528,3.971018e-05,14.48093,14.891258,14.885426,15.190958,14.614376,15.106112,15.255276,15.616316,15.334016,15.56102,0,0,0,0,0,0
2025/07/31 05:06:00.924,n,6.747078,68.605416,0.011337,3.793833e-05,0.0113,8.080743e-05,14.464932,14.88396,14.870908,15.177938,14.595526,15.106112,15.26088,15.610466,15.345292,15.550836,0,0,0,0,0,0
2025/07/31 05:07:00.911,n,6.783844,68.587592,0.011247,2.540819e-05,0.011008,8.711006e-05,14.469296,14.881042,14.876724,15.172172,14.607142,15.100508,15.255276,15.610466,15.339654,15.556638,0,0,0,0,0,0
2025/07/31 05:08:00.912,n,6.857281,68.791592,0.011137,3.236878e-05,0.011013,1.41803e-05,14.463498,14.879608,14.88396,15.169288,14.607142,15.100508,15.252392,15.610466,15.331262,15.562488,0,0,0,0,0,0
2025/07/31 05:09:00.912,n,6.920712,68.691256,0.01099,5.133439e-05,0.010986,8.607118e-06,14.459146,14.865108,14.872374,15.170736,14.59841,15.094868,15.252392,15.598846,15.339654,15.550836,0,0,0,0,0,0
2025/07/31 05:10:00.917,n,6.935799,68.501704,0.010985,5.634681e-06,0.010883,2.817341e-05,14.460614,14.86949,14.86949,15.164936,14.602726,15.094868,15.249636,15.606082,15.334016,15.549336,0,0,0,0,0,0
2025/07/31 05:11:00.916,n,6.992535,68.274896,0.01088,3.971018e-05,0.010807,2.963792e-05,14.462062,14.86949,14.86949,15.169288,14.59981,15.08646,15.246784,15.600312,15.32841,15.543942,0,0,0,0,0,0
2025/07/31 05:12:00.919,n,6.959137,68.201896,0.010691,5.936505e-05,0.010747,1.951911e-05,14.457728,14.862224,14.866574,15.166402,14.59696,15.092114,15.243982,15.592996,15.334016,15.548294,0,0,0,0,0,0
2025/07/31 05:13:00.920,n,7.009186,68.140232,0.010655,1.721424e-05,0.010737,1.593729e-05,14.453346,14.865108,14.862224,15.160584,14.59696,15.08923,15.252392,15.594462,15.334016,15.541122,0,0,0,0,0,0
2025/07/31 05:14:00.922,n,7.045906,67.963472,0.010586,3.137258e-05,0.010861,2.682645e-05,14.447596,14.860822,14.85644,15.1635,14.592578,15.08923,15.243982,15.582842,15.325622,15.532388,0,0,0,0,0,0
2025/07/31 05:15:00.927,n,7.064266,67.90664,0.010565,1.126936e-05,0.011062,6.777251e-05,14.446114,14.870908,14.853522,15.1635,14.592578,15.08361,15.243982,15.587226,15.322772,15.53097,0,0,0,0,0,0
2025/07/31 05:16:00.911,n,7.099324,67.872552,0.010534,7.968643e-06,0.011029,1.126936e-05,14.441732,14.849206,14.865108,15.146116,14.601276,15.08361,15.238378,15.58431,15.322772,15.543942,0,0,0,0,0,0
2025/07/31 05:17:00.911,n,7.105965,67.840136,0.01056,1.341322e-05,0.011154,4.635075e-05,14.441732,14.843438,14.85644,15.151916,14.59981,15.080856,15.235526,15.581376,15.317164,15.543942,0,0,0,0,0,0
2025/07/31 05:18:00.916,n,7.160309,67.78164,0.010702,5.12312e-05,0.011246,2.741182e-05,14.435914,14.839054,14.85644,15.150434,14.586792,15.080856,15.235526,15.578458,15.314314,15.528102,0,0,0,0,0,0
2025/07/31 05:19:00.918,n,7.177059,67.562888,0.010859,5.102421e-05,0.011111,4.241634e-05,14.441732,14.849206,14.853522,15.144648,14.589694,15.072366,15.227134,15.582842,15.30579,15.53097,0,0,0,0,0,0
2025/07/31 05:20:00.918,n,7.208893,67.538664,0.010906,1.92461e-05,0.010905,5.954306e-05,14.441732,14.847706,14.852088,15.15335,14.594058,15.078004,15.232772,15.57699,15.319918,15.529536,0,0,0,0,0,0
2025/07/31 05:21:00.921,n,7.255768,67.711864,0.010791,4.388786e-05,0.010872,8.607118e-06,14.441732,14.844854,14.84197,15.149032,14.591176,15.066728,15.224282,15.572704,15.30579,15.5223,0,0,0,0,0,0
2025/07/31 05:22:00.922,n,7.289265,67.528952,0.010754,1.301274e-05,0.010888,5.634681e-06,14.440298,14.853522,14.831788,15.151916,14.589694,15.066728,15.218676,15.579926,15.30579,15.525218,0,0,0,0,0,0
2025/07/31 05:23:00.923,n,7.309384,67.672896,0.01076,7.968643e-06,0.010981,2.999288e-05,14.437414,14.849206,14.839054,15.14755,14.582492,15.063974,15.218676,15.569724,15.294564,15.519352,0,0,0,0,0,0
2025/07/31 05:24:00.925,n,7.371296,67.690664,0.010796,1.41803e-05,0.0111,4.266512e-05,14.43448,14.84197,14.843438,15.146116,14.583878,15.063974,15.210154,15.568322,15.300186,15.528102,0,0,0,0,0,0
2025/07/31 05:25:00.914,n,7.391461,67.827096,0.010859,2.854658e-05,0.011078,1.259953e-05,14.43883,14.83762,14.849206,15.141732,14.595526,15.055568,15.213038,15.575606,15.291778,15.528102,0,0,0,0,0,0
2025/07/31 05:26:00.916,n,7.381356,67.66152,0.010938,2.345905e-05,0.011083,1.380209e-05,14.431598,14.833238,14.84197,15.137446,14.591176,15.055568,15.215792,15.571224,15.291778,15.529536,0,0,0,0,0,0
2025/07/31 05:27:00.916,n,7.475106,67.506296,0.011111,5.325693e-05,0.011213,3.930838e-05,14.430148,14.82747,14.831788,15.135996,14.589694,15.055568,15.210154,15.563938,15.291778,15.528102,0,0,0,0,0,0
2025/07/31 05:28:00.919,n,7.511921,67.43676,0.011331,7.157007e-05,0.011495,8.86157e-05,14.431598,14.826002,14.844854,15.137446,14.582492,15.052716,15.198896,15.563938,15.286172,15.517948,0,0,0,0,0,0
2025/07/31 05:29:00.921,n,7.535359,67.292672,0.011483,4.400827e-05,0.01175,7.531668e-05,14.428682,14.828886,14.83762,15.13453,14.581026,15.052716,15.201746,15.556638,15.288926,15.517948,0,0,0,0,0,0
2025/07/31 05:30:00.924,n,7.567147,67.45776,0.011698,7.052736e-05,0.012015,8.11342e-05,14.417098,14.830386,14.831788,15.13453,14.57811,15.04711,15.204534,15.556638,15.286172,15.506394,0,0,0,0,0,0
2025/07/31 05:31:00.922,n,7.622372,67.427048,0.012055,4.497462e-05,0.012394,4.81015e-05,14.435914,14.84197,14.844854,15.150434,14.59696,15.024608,15.17649,15.569724,15.26088,15.519352,0,0,0,0,0,0
2025/07/31 05:32:00.922,n,7.694294,67.03032,0.012416,0.000104,0.012779,0.000114,14.437414,14.834672,14.843438,15.15335,14.59696,15.01897,15.170852,15.569724,15.252392,15.525218,0,0,0,0,0,0
2025/07/31 05:33:00.925,n,7.704304,66.929924,0.012626,5.963186e-05,0.013017,6.206681e-05,14.43448,14.831788,14.839054,15.137446,14.591176,15.024608,15.179258,15.56102,15.26088,15.516482,0,0,0,0,0,0
2025/07/31 05:34:00.910,n,7.736141,66.894232,0.012809,8.38918e-05,0.013022,7.18652e-05,14.43448,14.824554,14.85644,15.137446,14.610024,15.013332,15.17649,15.57414,15.25803,15.523718,0,0,0,0,0,0
2025/07/31 05:35:00.912,n,7.821442,66.616988,0.013359,0.000143,0.013671,0.000183,14.430148,14.815852,14.843438,15.124378,14.592578,15.02174,15.17649,15.552318,15.263668,15.512178,0,0,0,0,0,0
2025/07/31 05:36:00.912,n,7.802986,66.446624,0.013641,7.739572e-05,0.01398,9.120528e-05,14.43448,14.821652,14.843438,15.131614,14.59841,15.01897,15.170852,15.56102,15.255276,15.519352,0,0,0,0,0,0
2025/07/31 05:37:00.914,n,7.843121,66.414156,0.013746,3.737625e-05,0.014153,5.245603e-05,14.435914,14.814418,14.840522,15.128728,14.59696,15.01897,15.17649,15.558104,15.255276,15.510712,0,0,0,0,0,0
2025/07/31 05:38:00.916,n,7.90997,66.28588,0.013856,3.120345e-05,0.01425,3.793833e-05,14.433064,14.815852,14.83762,15.130212,14.591176,15.016118,15.170852,15.558104,15.25803,15.512178,0,0,0,0,0,0
2025/07/31 05:39:00.919,n,7.950104,66.268012,0.014123,9.417394e-05,0.014552,0.000103,14.43448,14.814418,14.834672,15.133096,14.595526,15.016118,15.170852,15.556638,15.255276,15.510712,0,0,0,0,0,0
2025/07/31 05:40:00.920,n,8.006893,66.224168,0.014368,7.259779e-05,0.014785,6.651152e-05,14.419982,14.817268,14.833238,15.125828,14.589694,15.007726,15.162394,15.550836,15.252392,15.515064,0,0,0,0,0,0
2025/07/31 05:41:00.922,n,8.055378,66.207956,0.01429,3.59326e-05,0.014525,9.952832e-05,14.419982,14.817268,14.823086,15.124378,14.591176,15.004876,15.156756,15.543942,15.246784,15.502044,0,0,0,0,0,0
2025/07/31 05:42:00.924,n,8.057087,66.178704,0.014509,6.777251e-05,0.014742,7.684681e-05,14.418532,14.821652,14.824554,15.130212,14.58826,15.01048,15.15964,15.547984,15.243982,15.49484,0,0,0,0,0,0
2025/07/31 05:43:00.912,n,8.075447,66.188424,0.014875,0.000119,0.015222,0.000156,14.430148,14.811502,14.839054,15.125828,14.602726,14.999238,15.15115,15.553752,15.246784,15.510712,0,0,0,0,0,0
2025/07/31 05:44:00.911,n,8.147274,66.120264,0.015032,5.225388e-05,0.015422,6.29136e-05,14.428682,14.811502,14.833238,15.11571,14.604194,15.002122,15.156756,15.54689,15.243982,15.504944,0,0,0,0,0,0
2025/07/31 05:45:00.913,n,8.18404,65.84716,0.015173,4.266512e-05,0.015589,4.933699e-05,14.435914,14.804268,14.834672,15.124378,14.59696,14.999238,15.15964,15.548294,15.232772,15.502044,0,0,0,0,0,0
2025/07/31 05:46:00.915,n,8.262509,65.834176,0.015393,7.332306e-05,0.015821,7.288876e-05,14.427246,14.814418,14.843438,15.125828,14.594058,14.99083,15.148348,15.550836,15.232772,15.49916,0,0,0,0,0,0
2025/07/31 05:47:00.917,n,8.284188,65.609712,0.015601,5.873778e-05,0.01601,5.501635e-05,14.428682,14.805702,14.82747,15.122912,14.59696,14.985226,15.148348,15.543942,15.227134,15.507862,0,0,0,0,0,0
2025/07/31 05:48:00.919,n,8.330914,65.630852,0.015821,6.962119e-05,0.016248,7.332306e-05,14.424332,14.807184,14.831788,15.127296,14.59841,14.985226,15.13989,15.539624,15.224282,15.504944,0,0,0,0,0,0
2025/07/31 05:49:00.920,n,8.337704,65.595236,0.015988,0.000101,0.016458,0.000127,14.409278,14.79358,14.80083,15.100622,14.577572,15.004224,15.170118,15.514428,15.248888,15.478284,0,0,0,0,0,0
2025/07/31 05:50:00.926,n,8.399422,65.65378,0.016364,0.000115,0.016841,0.000116,14.404928,14.787812,14.805162,15.105004,14.583356,15.007042,15.161724,15.508724,15.24325,15.47108,0,0,0,0,0,0
2025/07/31 05:51:00.927,n,8.401082,65.600068,0.016719,9.327058e-05,0.017251,0.000114,14.397696,14.784896,14.806598,15.099218,14.577572,14.990194,15.153254,15.50434,15.248888,15.472548,0,0,0,0,0,0
2025/07/31 05:52:00.911,n,8.454548,65.434104,0.017329,0.000186,0.017849,0.000158,14.409278,14.77911,14.808064,15.09342,14.587706,14.998586,15.156104,15.51298,15.24325,15.481168,0,0,0,0,0,0
2025/07/31 05:53:00.913,n,8.532918,65.33806,0.017857,0.000165,0.018334,0.000138,14.406378,14.77613,14.812398,15.094868,14.58627,14.995832,15.150384,15.510126,15.240398,15.478284,0,0,0,0,0,0
2025/07/31 05:54:00.916,n,8.574666,65.211008,0.018652,0.000224,0.019075,0.000229,14.412228,14.77911,14.813864,15.097784,14.590622,14.990194,15.147614,15.518812,15.229154,15.482636,0,0,0,0,0,0
2025/07/31 05:55:00.918,n,8.609628,65.295676,0.019274,0.000188,0.02009,0.000312,14.409278,14.77911,14.81968,15.099218,14.590622,14.978936,15.13352,15.515896,15.223516,15.481168,0,0,0,0,0,0
2025/07/31 05:56:00.918,n,8.674714,64.80832,0.020647,0.000409,0.021449,0.000401,14.410762,14.77911,14.815332,15.106454,14.587706,14.987344,15.136372,15.515896,15.229154,15.486986,0,0,0,0,0,0
2025/07/31 05:57:00.921,n,8.739754,64.736596,0.023987,0.00104,0.023001,0.000463,14.41366,14.780546,14.812398,15.096334,14.589172,14.981788,15.139156,15.508724,15.223516,15.472548,0,0,0,0,0,0
2025/07/31 05:58:00.925,n,8.768124,65.030096,0.025817,0.000509,0.023969,0.000288,14.407846,14.783428,14.809482,15.103538,14.59792,14.978936,15.139156,15.510126,15.220762,15.466746,0,0,0,0,0,0
2025/07/31 05:59:00.925,n,8.799812,64.958368,0.023972,0.000657,0.023561,0.000204,14.409278,14.782012,14.810948,15.102104,14.589172,14.970446,15.12788,15.505808,15.21229,15.472548,0,0,0,0,0,0
2025/07/31 06:00:00.927,n,8.884824,64.860564,0.024799,0.000407,0.024867,0.000535,14.412228,14.787812,14.81678,15.103538,14.600788,14.970446,15.122356,15.501424,15.203898,15.47975,0,0,0,0,0,0
2025/07/31 06:01:00.916,n,8.999714,64.710808,0.026654,0.000354,0.028295,0.000688,14.436862,14.792098,14.832748,15.116606,14.62399,14.936702,15.099854,15.527108,15.184214,15.494254,0,0,0,0,0,0
2025/07/31 06:02:00.917,n,8.999676,64.4311,0.028938,0.000719,0.03276,0.001409,14.403332,14.761546,14.799216,15.084538,14.586142,14.999824,15.146018,15.49401,15.236014,15.46365,0,0,0,0,0,0
2025/07/31 06:03:00.919,n,9.147916,64.49614,0.031991,0.000868,0.036639,0.001195,14.359818,14.719462,14.758632,15.044012,14.54551,14.974568,15.129232,15.44486,15.222016,15.414452,0,0,0,0,0,0
2025/07/31 06:04:00.921,n,9.211198,64.575776,0.034707,0.000693,0.036746,0.000125,14.362702,14.725314,14.751396,15.04113,14.546942,14.985714,15.146018,15.441992,15.236014,15.400012,0,0,0,0,0,0
2025/07/31 06:05:00.922,n,9.2944,64.801804,0.032996,0.000557,0.035915,0.000384,14.356918,14.72238,14.74993,15.04113,14.546942,14.988598,15.140476,15.439076,15.227622,15.410166,0,0,0,0,0,0
2025/07/31 06:06:00.925,n,9.362664,64.188812,0.033022,0.000184,0.036001,5.596991e-05,14.390284,14.757196,14.784748,15.081622,14.590444,15.005462,15.151638,15.473738,15.244506,15.439076,0,0,0,0,0,0
2025/07/31 06:07:00.929,n,9.444206,63.873088,0.034,0.00048,0.03726,0.000316,14.393198,14.752814,14.7818,15.071536,14.584674,15.00261,15.162884,15.469418,15.247274,15.44051,0,0,0,0,0,0
2025/07/31 06:08:00.928,n,9.538982,64.043992,0.035289,0.000281,0.036537,0.000468,14.388816,14.757196,14.777482,15.074452,14.591908,15.00261,15.160128,15.46365,15.241652,15.436158,0,0,0,0,0,0
2025/07/31 06:09:00.930,n,9.627164,63.58476,0.041728,0.00226,0.038711,0.001008,14.3874,14.757196,14.789066,15.071536,14.602108,14.994204,15.151638,15.467984,15.241652,15.433242,0,0,0,0,0,0
2025/07/31 06:10:00.918,n,9.698602,63.45756,0.043233,0.000403,0.045008,0.002038,14.403332,14.73978,14.793448,15.068634,14.604926,14.994204,15.148836,15.470868,15.236014,15.44051,0,0,0,0,0,0
2025/07/31 06:11:00.918,n,9.773454,63.54072,0.046756,0.001084,0.050787,0.001489,14.407716,14.741262,14.790532,15.068634,14.604926,14.996972,15.157244,15.469418,15.238868,15.439076,0,0,0,0,0,0
2025/07/31 06:12:00.919,n,9.88644,63.472208,0.04706,0.000411,0.05144,0.000343,14.400464,14.747046,14.794884,15.07877,14.615142,14.985714,15.143232,15.470868,15.230376,15.44051,0,0,0,0,0,0
2025/07/31 06:13:00.923,n,10.034782,63.522796,0.047729,0.000198,0.053243,0.000472,14.404814,14.755714,14.802118,15.086004,14.619492,14.980076,15.13484,15.472334,15.216378,15.441992,0,0,0,0,0,0
2025/07/31 06:14:00.923,n,10.216518,63.579832,0.045421,0.00079,0.051567,0.000579,14.419282,14.758632,14.797768,15.086004,14.628192,14.974568,15.129232,15.478122,15.216378,15.44486,0,0,0,0,0,0
2025/07/31 06:15:00.926,n,10.296552,63.04316,0.043903,0.000487,0.051392,0.000174,14.407716,14.755714,14.794884,15.087454,14.626726,14.971716,15.131988,15.472334,15.210758,15.437608,0,0,0,0,0,0
2025/07/31 06:16:00.927,n,10.393182,63.346676,0.042362,0.000511,0.047036,0.001388,14.415012,14.763014,14.803536,15.087454,14.638278,14.966096,15.117974,15.469418,15.20512,15.44486,0,0,0,0,0,0
2025/07/31 06:17:00.928,n,10.53981,63.031736,0.038221,0.001275,0.042182,0.001391,14.406248,14.755714,14.796364,15.075868,14.63686,14.966096,15.117974,15.466502,15.207972,15.441992,0,0,0,0,0,0
2025/07/31 06:18:00.934,n,10.659734,63.237348,0.032939,0.001573,0.035061,0.002232,14.407716,14.760098,14.797768,15.077368,14.639744,14.963308,15.12358,15.462214,15.202234,15.44051,0,0,0,0,0,0
2025/07/31 06:19:00.917,n,10.78288,62.734516,0.030248,0.000771,0.03291,0.000843,14.428046,14.751396,14.812268,15.081622,14.648478,14.957704,15.109486,15.472334,15.19663,15.449194,0,0,0,0,0,0
2025/07/31 06:20:00.920,n,10.891034,62.677288,0.027128,0.000797,0.028908,0.001122,14.433798,14.757196,14.812268,15.07877,14.65281,14.960458,15.11224,15.473738,15.193778,15.441992,0,0,0,0,0,0
2025/07/31 06:21:00.920,n,11.039128,62.15556,0.026977,8.68058e-05,0.03024,0.000506,14.436712,14.758632,14.818036,15.083104,14.662976,14.949298,15.103848,15.469418,15.185386,15.453512,0,0,0,0,0,0
2025/07/31 06:22:00.921,n,11.182946,61.84486,0.027627,0.000227,0.029933,0.000105,14.417588,14.73222,14.791576,15.063908,14.645202,14.981248,15.130276,15.453138,15.214568,15.422796,0,0,0,0,0,0
2025/07/31 06:23:00.924,n,11.246124,61.802284,0.027096,0.00022,0.030057,0.000192,14.421906,14.745238,14.798874,15.069728,14.652468,14.96999,15.124656,15.45894,15.206162,15.431466,0,0,0,0,0,0
2025/07/31 06:24:00.927,n,11.264386,62.447256,0.02565,0.000432,0.030154,6.440978e-05,14.423354,14.746672,14.798874,15.06826,14.669868,14.9615,15.116166,15.453138,15.194918,15.428564,0,0,0,0,0,0
2025/07/31 06:25:00.928,n,11.31258,62.403064,0.025504,0.000112,0.028165,0.000649,14.429138,14.748156,14.809026,15.074028,14.677102,14.958746,15.11338,15.451704,15.186544,15.427048,0,0,0,0,0,0
2025/07/31 06:26:00.929,n,11.400616,62.090516,0.024564,0.00033,0.025516,0.000787,14.426238,14.751056,14.803226,15.074028,14.681486,14.958746,15.11338,15.445904,15.186544,15.425648,0,0,0,0,0,0
2025/07/31 06:27:00.934,n,11.393978,62.316344,0.023638,0.000248,0.02285,0.000764,14.43352,14.751056,14.804642,15.069728,14.69157,14.9615,15.110528,15.445904,15.180904,15.429998,0,0,0,0,0,0
2025/07/31 06:28:00.917,n,11.45042,62.488124,0.022685,0.000284,0.022144,0.000188,14.447988,14.742354,14.81916,15.071144,14.68872,14.955894,15.102168,15.45894,15.189312,15.432882,0,0,0,0,0,0
2025/07/31 06:29:00.922,n,11.5368,62.046324,0.022925,0.000128,0.022828,0.000208,14.452402,14.742354,14.81481,15.079812,14.710422,14.944734,15.096514,15.457522,15.169662,15.428564,0,0,0,0,0,0
2025/07/31 06:30:00.923,n,11.583282,62.290224,0.024163,0.000391,0.025006,0.000681,14.45672,14.748156,14.817726,15.08273,14.713336,14.936212,15.090878,15.45894,15.166892,15.437232,0,0,0,0,0,0
2025/07/31 06:31:00.910,n,11.614198,62.24064,0.026297,0.000454,0.027507,0.000522,14.46524,14.732024,14.824746,15.069548,14.729124,14.940482,15.097898,15.46417,15.165424,15.445692,0,0,0,0,0,0
2025/07/31 06:32:00.911,n,11.662342,62.062172,0.028889,0.000805,0.029663,0.000633,14.472506,14.746558,14.834884,15.078216,14.729124,14.943332,15.097898,15.46417,15.162638,15.438456,0,0,0,0,0,0
2025/07/31 06:33:00.916,n,11.73705,61.855824,0.03334,0.001297,0.032827,0.000944,14.473972,14.749442,14.833448,15.07098,14.73059,14.946086,15.092358,15.459788,15.168278,15.439922,0,0,0,0,0,0
2025/07/31 06:34:00.917,n,11.748624,61.710364,0.033474,0.000492,0.03401,0.000579,14.476824,14.74796,14.832032,15.079632,14.732024,14.943332,15.097898,15.454362,15.165424,15.438456,0,0,0,0,0,0
2025/07/31 06:35:00.920,n,11.829922,61.615688,0.033836,0.000242,0.035587,0.000668,14.484088,14.749442,14.833448,15.086902,14.740708,14.943332,15.089506,15.45692,15.154148,15.431252,0,0,0,0,0,0
2025/07/31 06:36:00.924,n,11.896278,61.731312,0.034468,0.000248,0.037215,0.000802,14.485538,14.752326,14.832032,15.08545,14.74796,14.940482,15.097898,15.45692,15.154148,15.432702,0,0,0,0,0,0
2025/07/31 06:37:00.908,n,11.949402,61.764028,0.038384,0.001296,0.045097,0.002998,14.49427,14.755226,14.843598,15.07675,14.763942,14.926468,15.089506,15.454362,15.151296,15.442806,0,0,0,0,0,0
2025/07/31 06:38:00.909,n,12.017372,61.929552,0.040125,0.000454,0.052709,0.002236,14.510206,14.76246,14.863884,15.086902,14.775494,14.912374,15.072546,15.46994,15.140054,15.457278,0,0,0,0,0,0
2025/07/31 06:39:00.912,n,12.050466,61.939452,0.039392,0.000316,0.052089,0.001512,14.473482,14.725686,14.818426,15.054474,14.735854,14.982032,15.130978,15.426004,15.204108,15.410378,0,0,0,0,0,0
2025/07/31 06:40:00.913,n,12.128396,61.872264,0.036665,0.000808,0.048199,0.00203,14.477816,14.717018,14.819876,15.048706,14.745938,14.976394,15.130978,15.428924,15.198504,15.414762,0,0,0,0,0,0
2025/07/31 06:41:00.915,n,12.17981,61.67764,0.034762,0.000674,0.043804,0.004008,14.485034,14.724236,14.821342,15.05159,14.73877,14.967938,15.12819,15.420156,15.190096,15.411844,0,0,0,0,0,0
2025/07/31 06:42:00.919,n,12.277566,61.418068,0.033836,0.000283,0.046543,0.002876,14.493782,14.731472,14.835844,15.068962,14.745938,14.96515,15.125422,15.433242,15.184456,15.413294,0,0,0,0,0,0
2025/07/31 06:43:00.920,n,12.313992,61.666212,0.034949,0.000495,0.053562,0.004047,14.501016,14.743056,14.838746,15.066076,14.759006,14.953906,15.119816,15.436158,15.170362,15.420156,0,0,0,0,0,0
2025/07/31 06:44:00.920,n,12.418386,61.706736,0.034209,0.000292,0.049652,0.0018,14.509684,14.741622,14.838746,15.073294,14.764822,14.953906,15.119816,15.437626,15.173116,15.414402,0,0,0,0,0,0
2025/07/31 06:45:00.926,n,12.520974,61.667872,0.034069,0.000103,0.04227,0.001671,14.506832,14.744538,14.83433,15.073294,14.766288,14.956776,15.108572,15.437626,15.167478,15.411844,0,0,0,0,0,0
2025/07/31 06:46:00.909,n,12.57898,61.823148,0.033407,0.00034,0.038499,0.001282,14.509684,14.747422,14.853212,15.067526,14.782206,14.956776,15.108572,15.431838,15.167478,15.421622,0,0,0,0,0,0
2025/07/31 06:47:00.911,n,12.683228,61.373972,0.032319,0.000202,0.035363,0.000624,14.524214,14.74892,14.857532,15.068962,14.78659,14.939796,15.105688,15.44054,15.161872,15.433242,0,0,0,0,0,0
2025/07/31 06:48:00.913,n,12.728634,61.56562,0.030768,0.000559,0.035383,0.001294,14.517064,14.733034,14.840244,15.05459,14.779438,14.99228,15.14121,15.423284,15.191936,15.408732,0,0,0,0,0,0
2025/07/31 06:49:00.913,n,12.92746,60.809028,0.02726,0.001418,0.029861,0.002399,14.517064,14.737386,14.850394,15.067592,14.779438,14.98102,15.135688,15.430552,15.194706,15.407312,0,0,0,0,0,0
2025/07/31 06:50:00.915,n,13.05534,60.216304,0.02546,0.001182,0.028351,0.002126,14.52868,14.741752,14.850394,15.06039,14.783738,14.98102,15.138456,15.426234,15.183446,15.417466,0,0,0,0,0,0
2025/07/31 06:51:00.916,n,13.091816,60.312936,0.025247,0.000236,0.026623,0.001077,14.532998,14.747536,14.859062,15.073376,14.789556,14.967024,15.130048,15.433468,15.175056,15.410198,0,0,0,0,0,0
2025/07/31 06:52:00.918,n,13.154904,60.430904,0.025511,0.000124,0.025787,0.000322,14.546062,14.743186,14.860544,15.074842,14.793906,14.975416,15.115952,15.427634,15.16096,15.413116,0,0,0,0,0,0
2025/07/31 06:53:00.922,n,13.217988,60.534076,0.027515,0.000556,0.02863,0.000869,14.554762,14.757686,14.861948,15.086412,14.802588,14.950128,15.124444,15.427634,15.18633,15.416018,0,0,0,0,0,0
2025/07/31 06:54:00.923,n,13.274434,60.46362,0.028904,0.000463,0.031926,0.001175,14.547464,14.75477,14.87063,15.093662,14.81564,14.952896,15.13285,15.427634,15.175056,15.410198,0,0,0,0,0,0
2025/07/31 06:55:00.908,n,13.33913,60.403072,0.028259,0.001188,0.028749,0.00427,14.564912,14.759152,14.883746,15.079208,14.82579,14.955766,15.1132,15.43932,15.16096,15.426234,0,0,0,0,0,0
2025/07/31 06:56:00.913,n,13.352314,60.453852,0.027442,0.000225,0.027576,0.000483,14.573612,14.75477,14.88518,15.082078,14.828658,14.955766,15.115952,15.432018,15.1497,15.4204,0,0,0,0,0,0
2025/07/31 06:57:00.911,n,13.385518,60.738716,0.02788,0.000199,0.028023,0.000462,14.579398,14.763504,14.8953,15.10088,14.84316,14.950128,15.11043,15.448022,15.155338,15.427634,0,0,0,0,0,0
2025/07/31 06:58:00.913,n,13.362606,60.48188,0.027593,0.000145,0.027534,0.000197,14.552042,14.737514,14.862108,15.061954,14.812854,15.016526,15.168342,15.41191,15.20494,15.403238,0,0,0,0,0,0
2025/07/31 06:59:00.915,n,13.443806,59.942668,0.030249,0.001045,0.029109,0.000801,14.562112,14.746216,14.876576,15.069172,14.81867,15.005266,15.159934,15.426478,15.196532,15.40614,0,0,0,0,0,0
2025/07/31 07:00:00.918,n,13.599618,59.501168,0.042646,0.004064,0.037696,0.002711,14.568008,14.749132,14.883862,15.074972,14.831738,15.002512,15.157082,15.42356,15.193696,15.403238,0,0,0,0,0,0
2025/07/31 07:01:00.926,n,13.647664,59.40092,0.040171,0.002666,0.039248,0.002137,14.594058,14.782484,14.895446,15.108294,14.856276,14.97152,15.126186,15.438114,15.162704,15.426478,0,0,0,0,0,0
2025/07/31 07:02:00.929,n,13.682812,59.057604,0.030279,0.004535,0.031807,0.004552,14.572912,14.768538,14.878662,15.088548,14.83226,15.018824,15.181882,15.412642,15.221282,15.40241,0,0,0,0,0,0
2025/07/31 07:03:00.929,n,13.734132,58.510488,0.033063,0.003422,0.037181,0.004682,14.580146,14.767088,14.888798,15.09293,14.846744,15.02446,15.181882,15.41991,15.212876,15.408292,0,0,0,0,0,0
2025/07/31 07:04:00.916,n,13.780568,58.457948,0.030388,0.00481,0.031341,0.005058,14.59608,14.767088,14.900382,15.08426,14.851096,15.018824,15.181882,15.428678,15.212876,15.41556,0,0,0,0,0,0
2025/07/31 07:05:00.917,n,13.861672,58.03124,0.033751,0.002247,0.039727,0.004536,14.60913,14.75982,14.900382,15.09293,14.848228,15.02446,15.17903,15.430094,15.215662,15.411176,0,0,0,0,0,0
2025/07/31 07:06:00.921,n,13.979248,56.825184,0.031638,0.000889,0.031625,0.001934,14.603312,14.770002,14.900382,15.094348,14.85546,15.02446,15.181882,15.430094,15.212876,15.418444,0,0,0,0,0,0
2025/07/31 07:07:00.921,n,14.05537,56.635536,0.030762,0.000857,0.029999,0.001295,14.603312,14.768538,14.90615,15.098764,14.848228,15.02446,15.176244,15.430094,15.20727,15.41556,0,0,0,0,0,0
2025/07/31 07:08:00.925,n,14.15464,56.348476,0.031986,0.001365,0.029957,0.000603,14.62218,14.784472,14.910502,15.107366,14.868512,15.016068,15.17064,15.432946,15.20727,15.41556,0,0,0,0,0,0
2025/07/31 07:09:00.927,n,14.167874,57.115172,0.027358,0.001763,0.027366,0.000971,14.62363,14.783006,14.911936,15.11175,14.867046,15.013216,15.173392,15.434446,15.19878,15.411176,0,0,0,0,0,0
2025/07/31 07:10:00.928,n,14.151318,57.177724,0.039565,0.005035,0.033826,0.002566,14.625096,14.787388,14.927886,15.113166,14.88588,15.007564,15.162264,15.43153,15.195928,15.412642,0,0,0,0,0,0
2025/07/31 07:11:00.928,n,14.192678,57.176064,0.036125,0.001124,0.03458,0.00027,14.629416,14.798972,14.927886,15.123336,14.88298,14.999172,15.159394,15.437348,15.18752,15.418444,0,0,0,0,0,0
2025/07/31 07:12:00.930,n,14.280374,56.114004,0.035876,0.000444,0.036195,0.000533,14.643948,14.80329,14.936554,15.117582,14.896032,15.002056,15.150988,15.441714,15.184652,15.424262,0,0,0,0,0,0
2025/07/31 07:13:00.915,n,14.280762,56.41996,0.037818,0.000702,0.03746,0.000455,14.62513,14.755536,14.909036,15.088578,14.871396,15.018384,15.181426,15.408422,15.209568,15.39242,0,0,0,0,0,0
2025/07/31 07:14:00.918,n,14.398194,54.642616,0.036658,0.000945,0.036913,0.000625,14.62513,14.76127,14.92065,15.085678,14.871396,15.024004,15.181426,15.412772,15.201176,15.39532,0,0,0,0,0,0
2025/07/31 07:15:00.921,n,14.520458,54.070596,0.038547,0.000693,0.039278,0.000891,14.633798,14.77582,14.92352,15.097264,14.87863,15.01563,15.170182,15.412772,15.19544,15.398204,0,0,0,0,0,0
2025/07/31 07:16:00.921,n,14.655956,53.396372,0.048491,0.004026,0.045752,0.002427,14.65118,14.774386,14.927886,15.111718,14.887362,15.001502,15.167412,15.41719,15.189834,15.40407,0,0,0,0,0,0
2025/07/31 07:17:00.924,n,14.756692,53.537292,0.052184,0.002149,0.051609,0.001125,14.65848,14.783054,14.927886,15.110282,14.896,15.001502,15.164544,15.427324,15.184214,15.408422,0,0,0,0,0,0
2025/07/31 07:18:00.926,n,14.837598,53.7411,0.057388,0.001665,0.056295,0.001152,14.66718,14.798972,14.938022,15.118902,14.911918,14.993012,15.161774,15.418592,15.181426,15.405506,0,0,0,0,0,0
2025/07/31 07:19:00.928,n,14.920116,54.288908,0.056815,0.001156,0.059822,0.001643,14.678762,14.804756,14.945224,15.120402,14.926404,14.99026,15.15617,15.422942,15.17582,15.414208,0,0,0,0,0,0
2025/07/31 07:20:00.931,n,14.951242,53.919616,0.059111,0.000555,0.060513,0.000139,14.65667,14.784162,14.926078,15.104156,14.904342,15.022228,15.176864,15.403826,15.207758,15.386342,0,0,0,0,0,0
2025/07/31 07:21:00.931,n,15.03537,52.071572,0.058641,0.000263,0.061084,0.000336,14.659572,14.78558,14.926078,15.107008,14.910158,15.022228,15.185352,15.400878,15.202204,15.392208,0,0,0,0,0,0
2025/07/31 07:22:00.918,n,15.124482,51.250232,0.057326,0.00077,0.061121,0.000503,14.67839,14.782696,14.946362,15.10841,14.923162,15.008184,15.176864,15.413962,15.202204,15.406728,0,0,0,0,0,0
2025/07/31 07:23:00.920,n,15.200314,50.66322,0.058605,0.000795,0.062192,0.000925,14.68419,14.795748,14.95645,15.121476,14.930394,15.002544,15.174078,15.427048,15.190958,15.41688,0,0,0,0,0,0
2025/07/31 07:24:00.921,n,15.289326,50.691492,0.060123,0.000485,0.064362,0.000852,14.687104,14.79428,14.95935,15.122912,14.940532,15.008184,15.171258,15.418346,15.182468,15.412496,0,0,0,0,0,0
2025/07/31 07:25:00.922,n,15.361836,50.778016,0.059035,0.000287,0.064684,0.000617,14.695772,14.795748,14.955032,15.125796,14.946362,15.002544,15.174078,15.42273,15.185352,15.409644,0,0,0,0,0,0
2025/07/31 07:26:00.925,n,15.378338,50.768056,0.05927,0.001068,0.065165,0.002156,14.705924,14.811648,14.963734,15.13158,14.95213,14.997022,15.168374,15.42273,15.182468,15.413962,0,0,0,0,0,0
2025/07/31 07:27:00.927,n,15.413006,50.896128,0.058068,0.001347,0.063108,0.005025,14.708792,14.808782,14.966618,15.135914,14.960832,14.99417,15.165604,15.427048,15.182468,15.413962,0,0,0,0,0,0
2025/07/31 07:28:00.928,n,15.503582,51.0225,0.060625,0.000878,0.068445,0.001887,14.71024,14.823234,14.97382,15.1417,14.966618,14.997022,15.162766,15.428498,15.174078,15.409644,0,0,0,0,0,0
2025/07/31 07:29:00.931,n,15.522724,50.273052,0.053134,0.001101,0.059736,0.000703,14.695368,14.801138,14.95029,15.112336,14.95166,15.026056,15.200248,15.396282,15.211588,15.390416,0,0,0,0,0,0
2025/07/31 07:30:00.933,n,15.568916,50.6627,0.052523,0.000296,0.059762,0.00013,14.695368,14.80694,14.95896,15.116686,14.960392,15.023206,15.19464,15.400632,15.205886,15.391898,0,0,0,0,0,0
2025/07/31 07:31:00.908,n,15.68742,49.892924,0.054008,0.000241,0.059355,0.00029,14.731634,14.814172,14.992214,15.132592,14.989364,14.992312,15.16096,15.428254,15.177842,15.422422,0,0,0,0,0,0
2025/07/31 07:32:00.912,n,15.710874,50.945708,0.052543,0.000425,0.057291,0.000642,14.708612,14.794068,14.970674,15.102428,14.977958,15.0519,15.228974,15.39946,15.23458,15.39659,0,0,0,0,0,0
2025/07/31 07:33:00.916,n,15.762044,50.844244,0.050827,0.000472,0.053161,0.001274,14.724546,14.796938,14.977958,15.115432,14.986642,15.054654,15.226188,15.408226,15.228974,15.403844,0,0,0,0,0,0
2025/07/31 07:34:00.916,n,15.786846,50.844244,0.050016,0.000293,0.052868,0.000363,14.725996,14.798418,14.983758,15.11975,14.992394,15.057506,15.228974,15.405294,15.23458,15.395108,0,0,0,0,0,0
2025/07/31 07:35:00.920,n,15.843098,50.526472,0.05036,0.000132,0.056671,0.001093,14.73323,14.801318,14.985226,15.11975,14.99531,15.054654,15.223336,15.412592,15.237334,15.397992,0,0,0,0,0,0
2025/07/31 07:36:00.919,n,15.864582,50.954012,0.0537,0.000985,0.061706,0.00163,14.747748,14.818704,14.989492,15.126986,14.998228,15.054654,15.223336,15.416912,15.226188,15.409676,0,0,0,0,0,0
2025/07/31 07:37:00.921,n,15.90921,50.3482,0.056982,0.000984,0.063087,0.000432,14.753514,14.818704,14.993876,15.13567,15.015596,15.054654,15.223336,15.415494,15.231794,15.409676,0,0,0,0,0,0
2025/07/31 07:38:00.924,n,15.914144,50.706208,0.055286,0.000895,0.063124,0.000229,14.767984,14.823054,14.992394,15.138572,15.01993,15.0519,15.217684,15.409676,15.223336,15.40676,0,0,0,0,0,0
2025/07/31 07:39:00.926,n,15.96043,50.95738,0.055122,0.00011,0.062329,0.000234,14.762248,14.830256,14.996778,15.147288,15.03295,15.046246,15.220566,15.418378,15.21493,15.413996,0,0,0,0,0,0
2025/07/31 07:40:00.915,n,15.99545,50.30842,0.054701,0.000246,0.061885,0.001031,14.775542,14.823362,15.007238,15.13888,15.05208,15.067642,15.247584,15.417336,15.2447,15.417336,0,0,0,0,0,0
2025/07/31 07:41:00.915,n,16.026794,50.872724,0.055368,0.000274,0.060629,0.000817,14.77846,14.82483,15.010122,15.133112,15.056396,15.070492,15.2447,15.414452,15.239176,15.42172,0,0,0,0,0,0
2025/07/31 07:42:00.916,n,16.030164,50.904316,0.05564,0.000842,0.060391,0.002562,14.791526,14.830598,15.01444,15.150498,15.06658,15.073262,15.24193,15.423138,15.247584,15.412984,0,0,0,0,0,0
2025/07/31 07:43:00.917,n,16.068154,51.132048,0.060143,0.001924,0.082859,0.006603,14.798744,14.82628,15.020256,15.144714,15.073784,15.064886,15.239176,15.42172,15.236324,15.412984,0,0,0,0,0,0
2025/07/31 07:44:00.920,n,16.157314,50.979168,0.052441,0.001369,0.058594,0.002911,14.806012,14.849416,15.037642,15.149032,15.08392,15.070492,15.23357,15.430422,15.230686,15.418754,0,0,0,0,0,0
2025/07/31 07:45:00.924,n,16.193592,50.066768,0.051524,0.000196,0.059043,0.000313,14.814694,14.849416,15.039044,15.162018,15.088252,15.062036,15.236324,15.433306,15.230686,15.423138,0,0,0,0,0,0
2025/07/31 07:46:00.924,n,16.254772,49.771552,0.049677,0.000375,0.054161,0.001676,14.827682,14.858118,15.043396,15.167852,15.098388,15.059282,15.227932,15.43914,15.22508,15.428988,0,0,0,0,0,0
2025/07/31 07:47:00.926,n,16.28114,48.942596,0.045246,0.001245,0.049367,0.001552,14.836382,14.865352,15.044876,15.176522,15.109974,15.056396,15.227932,15.436222,15.213918,15.42752,0,0,0,0,0,0
2025/07/31 07:48:00.926,n,16.283302,49.188028,0.040725,0.001411,0.046971,0.000768,14.813376,14.835094,15.03194,15.150596,15.086966,15.11175,15.283222,15.41618,15.271946,15.398692,0,0,0,0,0,0
2025/07/31 07:49:00.914,n,16.28003,48.958292,0.038411,0.000488,0.044828,0.000583,14.829278,14.845246,15.044992,15.14918,15.108686,15.11175,15.277584,15.427846,15.269126,15.417614,0,0,0,0,0,0
2025/07/31 07:50:00.915,n,16.31802,49.336072,0.036849,0.000412,0.039501,0.001586,14.838012,14.836512,15.047908,15.153498,15.110104,15.108898,15.277584,15.421964,15.266244,15.420498,0,0,0,0,0,0
2025/07/31 07:51:00.918,n,16.331154,48.800036,0.034335,0.000818,0.039565,0.000167,14.84233,14.849596,15.056526,15.15498,15.123124,15.103292,15.271946,15.42488,15.263488,15.41908,0,0,0,0,0,0
2025/07/31 07:52:00.917,n,16.367532,49.209608,0.031481,0.000795,0.036484,0.001058,14.848096,14.861148,15.071046,15.1665,15.128924,15.106112,15.277584,15.426348,15.25785,15.426348,0,0,0,0,0,0
2025/07/31 07:53:00.920,n,16.344388,49.104776,0.029873,0.000487,0.03635,0.000298,14.864064,14.866916,15.073898,15.176652,15.147678,15.094804,15.271946,15.435082,15.25223,15.427846,0,0,0,0,0,0
2025/07/31 07:54:00.921,n,16.33122,47.328924,0.032978,0.001098,0.042275,0.001996,14.849416,14.85085,15.057832,15.163468,15.12151,15.138262,15.30698,15.42338,15.290098,15.408846,0,0,0,0,0,0
2025/07/31 07:55:00.925,n,16.303144,48.368128,0.03588,0.000851,0.047956,0.001688,14.863884,14.858084,15.05925,15.167754,15.135946,15.129902,15.304096,15.420466,15.281608,15.414664,0,0,0,0,0,0
2025/07/31 07:56:00.927,n,16.281708,47.960856,0.040337,0.001278,0.052608,0.001404,14.87402,14.8668,15.066516,15.177564,15.15185,15.121412,15.29849,15.424848,15.278756,15.420466,0,0,0,0,0,0
2025/07/31 07:57:00.928,n,16.273408,48.551628,0.047989,0.002453,0.056399,0.001091,14.882704,14.882704,15.076652,15.183382,15.164904,15.124264,15.28733,15.429168,15.2732,15.42338,0,0,0,0,0,0
2025/07/31 07:58:00.915,n,16.2883,48.544888,0.060198,0.004463,0.057766,0.000858,14.905874,14.881254,15.099838,15.183382,15.184866,15.118658,15.28733,15.436436,15.27038,15.437902,0,0,0,0,0,0
2025/07/31 07:59:00.914,n,16.296552,48.331412,0.060167,0.025137,0.055498,0.011029,14.910192,14.891372,15.114276,15.189216,15.200866,15.113006,15.28733,15.440818,15.264744,15.440818,0,0,0,0,0,0
2025/07/31 08:00:00.918,n,16.30619,48.7331,0.10154,0.014404,0.070746,0.005348,14.903852,14.873448,15.086248,15.17279,15.198992,15.134808,15.320342,15.425858,15.295002,15.422942,0,0,0,0,0,0
2025/07/31 08:01:00.923,n,16.340858,48.891304,0.173259,0.025078,0.078163,0.005015,14.953108,14.916872,15.123806,15.226612,15.262966,15.089784,15.286596,15.45348,15.244454,15.444778,0,0,0,0,0,0
2025/07/31 08:02:00.926,n,16.39203,49.610056,0.04043,0.042536,0.039901,0.012591,14.915436,14.887934,15.0949,15.191692,15.187374,15.131924,15.306214,15.428774,15.278202,15.422942,0,0,0,0,0,0
2025/07/31 08:03:00.927,n,16.444814,48.80478,0.040915,0.000519,0.038256,0.000423,14.915436,14.89235,15.100654,15.203342,15.184424,15.131924,15.311852,15.436044,15.280958,15.42154,0,0,0,0,0,0
2025/07/31 08:04:00.932,n,16.520692,48.886324,0.052553,0.006825,0.037822,0.000759,14.938576,14.90967,15.118072,15.217926,15.210578,15.134808,15.30346,15.443296,15.272564,15.434562,0,0,0,0,0,0
2025/07/31 08:05:00.934,n,16.525624,48.451364,0.042228,0.050795,0.035364,0.007325,14.919756,14.899534,15.10792,15.198992,15.194608,15.140412,15.314624,15.431678,15.280958,15.425858,0,0,0,0,0,0
2025/07/31 08:06:00.935,n,16.538858,49.274212,0.225979,0.081156,0.057618,0.010129,14.987832,14.954544,15.150988,15.254266,15.31247,15.09539,15.286596,15.4651,15.238816,15.462182,0,0,0,0,0,0
2025/07/31 08:07:00.921,n,16.524476,49.744628,0.193664,0.008058,0.055485,0.000834,14.995554,14.941948,15.152926,15.23445,15.301374,15.12705,15.32093,15.45982,15.281626,15.458354,0,0,0,0,0,0
2025/07/31 08:08:00.921,n,16.588784,50.234812,0.178057,0.005576,0.060752,0.001446,14.999874,14.946332,15.167478,15.241686,15.296992,15.12705,15.32093,15.46127,15.278756,15.468538,0,0,0,0,0,0
2025/07/31 08:09:00.923,n,16.603676,50.619484,0.178919,0.000756,0.065926,0.001496,15.004206,14.950648,15.168928,15.244602,15.301374,15.135442,15.31539,15.45982,15.278756,15.46127,0,0,0,0,0,0
2025/07/31 08:10:00.927,n,16.717396,49.726268,0.178341,0.001772,0.077538,0.003873,15.014374,14.963684,15.170394,15.25917,15.307142,15.129838,15.318176,15.467088,15.27038,15.468538,0,0,0,0,0,0
2025/07/31 08:11:00.930,n,16.829456,47.993312,0.155108,0.007539,0.079493,0.002436,15.023026,14.95785,15.174778,15.25917,15.296992,15.129838,15.318176,15.46562,15.273136,15.458354,0,0,0,0,0,0
2025/07/31 08:12:00.931,n,16.91676,47.532132,0.11482,0.013105,0.063671,0.005822,15.010022,14.960768,15.164594,15.250452,15.283906,15.146702,15.329386,15.45982,15.284478,15.446734,0,0,0,0,0,0
2025/07/31 08:13:00.931,n,16.98595,46.582224,0.123418,0.004936,0.061032,0.001835,15.010022,14.966584,15.170394,15.260604,15.294076,15.146702,15.326568,15.45982,15.278756,15.45692,0,0,0,0,0,0
2025/07/31 08:14:00.933,n,17.061684,46.887696,0.135876,0.00487,0.069109,0.002054,15.020174,14.976736,15.183512,15.260604,15.298426,15.141064,15.323782,15.46562,15.278756,15.462736,0,0,0,0,0,0
2025/07/31 08:15:00.920,n,17.134144,45.269092,0.136103,0.002276,0.084461,0.004933,15.036078,14.972418,15.196596,15.25917,15.312994,15.135442,15.323782,15.477274,15.273136,15.471504,0,0,0,0,0,0
2025/07/31 08:16:00.905,n,17.16383,45.247316,0.109321,0.008861,0.0832,0.002016,15.02446,14.981052,15.19808,15.264988,15.320228,15.141064,15.323782,15.470004,15.275988,15.471504,0,0,0,0,0,0
2025/07/31 08:17:00.906,n,17.156064,45.611148,0.104627,0.005829,0.095266,0.002794,14.979034,14.924024,15.143884,15.209354,15.266064,15.169596,15.355054,15.417304,15.304502,15.42022,0,0,0,0,0,0
2025/07/31 08:18:00.910,n,17.226814,44.92726,0.096491,0.004198,0.078947,0.004232,14.994936,14.935544,15.159916,15.21664,15.280616,15.169596,15.346678,15.423072,15.301652,15.423072,0,0,0,0,0,0
2025/07/31 08:19:00.911,n,17.328866,44.334488,0.112687,0.003919,0.062074,0.006097,15.000704,14.941362,15.171518,15.218058,15.282064,15.166712,15.346678,15.424538,15.2988,15.430372,0,0,0,0,0,0
2025/07/31 08:20:00.912,n,17.422616,44.146204,0.105173,0.003542,0.06872,0.002294,15.02099,14.941362,15.177352,15.23406,15.29515,15.161106,15.349432,15.430372,15.296046,15.44346,0,0,0,0,0,0
2025/07/31 08:21:00.914,n,17.486724,43.86188,0.081776,0.013699,0.060752,0.007154,15.028176,14.939926,15.178754,15.23406,15.293716,15.163958,15.346678,15.44486,15.290392,15.446342,0,0,0,0,0,0
2025/07/31 08:22:00.916,n,17.56734,42.521548,0.086767,0.005403,0.069146,0.005899,15.036844,14.954428,15.189002,15.238442,15.293716,15.161106,15.346678,15.44486,15.2988,15.449244,0,0,0,0,0,0
2025/07/31 08:23:00.934,n,17.636384,43.089764,0.105213,0.005387,0.063392,0.002348,15.054214,14.963098,15.202056,15.251528,15.312618,15.1527,15.338156,15.456544,15.287638,15.447776,0,0,0,0,0,0
2025/07/31 08:24:00.918,n,17.730084,42.445864,0.09969,0.002341,0.064665,0.002783,15.068684,14.973216,15.209354,15.258828,15.322772,15.1527,15.329796,15.457978,15.282,15.465246,0,0,0,0,0,0
2025/07/31 08:25:00.906,n,17.788556,42.22822,0.089382,0.003321,0.065684,0.000824,15.050906,14.968426,15.200248,15.252602,15.315162,15.207612,15.384662,15.441648,15.3369,15.448916,0,0,0,0,0,0
2025/07/31 08:26:00.906,n,17.885434,42.147408,0.094077,0.002633,0.065203,0.001672,15.062474,14.97131,15.20463,15.246784,15.315162,15.204728,15.393056,15.448916,15.3369,15.448916,0,0,0,0,0,0
2025/07/31 08:27:00.911,n,17.96756,41.341304,0.119219,0.011155,0.068571,0.001406,15.094004,14.99158,15.230784,15.271522,15.336932,15.19632,15.379056,15.460536,15.322868,15.467772,0,0,0,0,0,0
2025/07/31 08:28:00.910,n,18.047982,40.8497,0.152063,0.008726,0.066021,0.001509,15.117306,14.998832,15.23955,15.27734,15.364618,15.182322,15.376254,15.466354,15.314396,15.47654,0,0,0,0,0,0
2025/07/31 08:29:00.914,n,18.107112,40.661956,0.134861,0.004696,0.058955,0.002026,15.128956,15.003132,15.242452,15.28601,15.36602,15.187862,15.370646,15.473622,15.317246,15.473622,0,0,0,0,0,0
2025/07/31 08:30:00.915,n,18.15472,41.434172,0.103342,0.009389,0.058479,0.000823,15.117306,14.998832,15.240984,15.275872,15.351518,15.19909,15.379056,15.463438,15.325622,15.472156,0,0,0,0,0,0
2025/07/31 08:31:00.924,n,18.266174,38.414348,0.107817,0.00324,0.055337,0.001638,15.133488,15.004664,15.258616,15.292054,15.360414,15.20647,15.383554,15.478152,15.327302,15.468016,0,0,0,0,0,0
2025/07/31 08:32:00.923,n,18.330188,39.122312,0.12312,0.005463,0.060566,0.002027,15.15682,15.009012,15.251348,15.283352,15.363332,15.212012,15.400452,15.48107,15.333006,15.479636,0,0,0,0,0,0
2025/07/31 08:33:00.925,n,18.445034,40.161324,0.150368,0.00803,0.072774,0.005254,15.171338,15.023482,15.258616,15.306624,15.388034,15.200866,15.38916,15.466502,15.327302,15.479636,0,0,0,0,0,0
2025/07/31 08:34:00.913,n,18.510852,38.644916,0.134408,0.002606,0.070582,0.003786,15.180106,15.02495,15.274584,15.299354,15.399654,15.214864,15.394798,15.479636,15.335758,15.48107,0,0,0,0,0,0
2025/07/31 08:35:00.917,n,18.509194,38.360104,0.116189,0.006286,0.09196,0.006227,15.188792,15.02495,15.283352,15.296406,15.388034,15.220516,15.394798,15.479636,15.335758,15.48689,0,0,0,0,0,0
2025/07/31 08:36:00.917,n,18.489196,37.971296,0.102041,0.003836,0.09321,0.003885,15.170574,14.99795,15.254966,15.276752,15.365434,15.240398,15.417466,15.446832,15.366818,15.455566,0,0,0,0,0,0
2025/07/31 08:37:00.918,n,18.602822,38.113872,0.080746,0.00691,0.076226,0.005363,15.185142,14.99795,15.254966,15.275286,15.346562,15.240398,15.420254,15.462866,15.361214,15.462866,0,0,0,0,0,0
2025/07/31 08:38:00.922,n,18.662098,38.297076,0.086594,0.004137,0.077165,0.003521,15.202578,15.01097,15.278202,15.284054,15.365434,15.23191,15.417466,15.467218,15.358442,15.461352,0,0,0,0,0,0
2025/07/31 08:39:00.921,n,18.841396,38.122324,0.098589,0.006199,0.066527,0.012902,15.227346,15.025098,15.285488,15.30434,15.390154,15.229056,15.406206,15.481738,15.347198,15.481738,0,0,0,0,0,0
2025/07/31 08:40:00.927,n,18.905506,37.505672,0.125686,0.006665,0.095867,0.007563,15.291288,15.070198,15.295672,15.311608,15.410506,15.21778,15.403322,15.477356,15.335922,15.457034,0,0,0,0,0,0
2025/07/31 08:41:00.925,n,19.007458,36.142048,0.141444,0.013181,0.109763,0.009599,15.260784,15.046962,15.30729,15.318942,15.42651,15.212256,15.389356,15.49621,15.327464,15.493326,0,0,0,0,0,0
2025/07/31 08:42:00.927,n,19.003094,36.313948,0.159945,0.006269,0.110735,0.005131,15.287916,15.049344,15.298118,15.319918,15.434756,15.268638,15.459738,15.4871,15.386618,15.485634,0,0,0,0,0,0
2025/07/31 08:43:00.914,n,19.059002,35.467024,0.140265,0.011618,0.111422,0.005471,15.301,15.065312,15.335922,15.341708,15.458012,15.274276,15.462606,15.4871,15.392224,15.488518,0,0,0,0,0,0
2025/07/31 08:44:00.915,n,19.154316,35.346128,0.134733,0.009109,0.12392,0.005654,15.295216,15.04359,15.308236,15.305352,15.42752,15.277032,15.456968,15.473982,15.392224,15.485634,0,0,0,0,0,0
2025/07/31 08:45:00.920,n,19.205242,34.602964,0.115935,0.006607,0.176282,0.015968,15.327154,15.07556,15.337356,15.333038,15.447874,15.263032,15.459738,15.4929,15.38947,15.4929,0,0,0,0,0,0
2025/07/31 08:46:00.920,n,19.194606,34.897488,0.112839,0.007889,0.18171,0.023871,15.3339,15.050304,15.3179,15.310598,15.435636,15.288714,15.471504,15.470526,15.404006,15.466174,0,0,0,0,0,0
2025/07/31 08:47:00.924,n,19.217602,35.713404,0.103577,0.003022,0.142392,0.011745,15.352804,15.05897,15.32225,15.316482,15.441438,15.285958,15.463014,15.476312,15.398368,15.482112,0,0,0,0,0,0
2025/07/31 08:48:00.922,n,19.2948,35.37976,0.093217,0.003837,0.111689,0.012016,15.384746,15.069204,15.3354,15.330984,15.46176,15.277552,15.457408,15.487964,15.387108,15.485046,0,0,0,0,0,0
2025/07/31 08:49:00.925,n,19.292858,34.762544,0.103045,0.00373,0.11921,0.00653,15.399492,15.072268,15.338432,15.329662,15.467772,15.298832,15.48438,15.483792,15.405636,15.483792,0,0,0,0,0,0
2025/07/31 08:50:00.926,n,19.200866,34.340424,0.09601,0.001671,0.111899,0.002879,15.431466,15.089752,15.351484,15.342816,15.486676,15.296062,15.473166,15.492478,15.408422,15.483792,0,0,0,0,0,0
2025/07/31 08:51:00.929,n,19.112148,35.79492,0.091844,0.001591,0.097997,0.00456,15.44597,15.101402,15.37332,15.351484,15.505564,15.290426,15.473166,15.495412,15.391622,15.486676,0,0,0,0,0,0
2025/07/31 08:52:00.915,n,19.105556,36.102632,0.079616,0.004355,0.088116,0.003725,15.463438,15.105754,15.376204,15.348584,15.523034,15.290426,15.467512,15.483792,15.400012,15.48956,0,0,0,0,0,0
2025/07/31 08:53:00.918,n,19.048034,36.527192,0.066897,0.003496,0.077352,0.002768,15.48956,15.118838,15.389322,15.360252,15.539004,15.279182,15.470366,15.499744,15.383212,15.501212,0,0,0,0,0,0
2025/07/31 08:54:00.923,n,19.0326,36.144636,0.06348,0.000638,0.061653,0.004964,15.483124,15.090632,15.369784,15.331962,15.515098,15.31477,15.49176,15.471504,15.415934,15.474422,0,0,0,0,0,0
2025/07/31 08:55:00.921,n,19.016144,37.105032,0.050291,0.003831,0.053689,0.002228,15.503478,15.102248,15.385736,15.333444,15.5253,15.31477,15.494612,15.47294,15.413116,15.478772,0,0,0,0,0,0
2025/07/31 08:56:00.921,n,18.984944,36.898196,0.051629,0.001019,0.055186,0.000647,15.52815,15.121168,15.400322,15.352348,15.548474,15.309068,15.489006,15.497676,15.407558,15.491858,0,0,0,0,0,0
2025/07/31 08:57:00.926,n,18.955304,36.7252,0.058158,0.002404,0.054804,0.000541,15.545636,15.128434,15.403238,15.356698,15.557192,15.303428,15.477728,15.490392,15.404706,15.490392,0,0,0,0,0,0
2025/07/31 08:58:00.927,n,18.899972,36.677004,0.057359,0.001813,0.056463,0.002422,15.562374,15.133552,15.412706,15.36188,15.563872,15.357838,15.532078,15.488274,15.450662,15.482504,0,0,0,0,0,0
2025/07/31 08:59:00.928,n,18.834198,36.814356,0.058116,0.000585,0.065474,0.003127,15.576926,15.148104,15.42436,15.376384,15.57251,15.34938,15.526554,15.495542,15.447776,15.495542,0,0,0,0,0,0
2025/07/31 09:00:00.929,n,18.80954,36.885552,0.069593,0.003795,0.070705,0.001399,15.59725,15.165586,15.430146,15.3793,15.582728,15.352234,15.526554,15.499924,15.439286,15.49119,0,0,0,0,0,0
2025/07/31 09:01:00.908,n,18.793088,37.475052,0.073541,0.000703,0.075745,0.000957,15.623406,15.197558,15.453416,15.40544,15.61902,15.32973,15.498426,15.505744,15.41688,15.510096,0,0,0,0,0,0
2025/07/31 09:02:00.911,n,18.7383,37.802648,0.074816,0.000537,0.089839,0.004783,15.595994,15.165848,15.424572,15.363576,15.595994,15.35489,15.523554,15.468132,15.44204,15.476898,0,0,0,0,0,0
2025/07/31 09:03:00.915,n,18.754756,37.497764,0.082854,0.002723,0.094014,0.00108,15.617734,15.177466,15.428954,15.37086,15.607646,15.360512,15.534834,15.475432,15.44768,15.484166,0,0,0,0,0,0
2025/07/31 09:04:00.915,n,18.728436,36.971056,0.089349,0.001828,0.100594,0.002237,15.636654,15.183332,15.446392,15.381012,15.617734,15.36338,15.52644,15.47975,15.444926,15.482698,0,0,0,0,0,0
2025/07/31 09:05:00.917,n,18.731758,36.721836,0.088936,0.00045,0.102508,0.000589,15.641006,15.19782,15.462346,15.383896,15.630822,15.357742,15.529194,15.489952,15.44204,15.492868,0,0,0,0,0,0
2025/07/31 09:06:00.918,n,18.744892,36.938876,0.087836,0.000287,0.102031,0.000198,15.651176,15.19782,15.465246,15.383896,15.617734,15.36338,15.534834,15.478348,15.44768,15.491434,0,0,0,0,0,0
2025/07/31 09:07:00.920,n,18.784344,36.03082,0.089122,0.001048,0.101056,0.000825,15.665712,15.20512,15.478348,15.389714,15.632272,15.35489,15.537602,15.48705,15.444926,15.501572,0,0,0,0,0,0
2025/07/31 09:08:00.923,n,18.76794,34.076228,0.089087,0.00068,0.099971,0.000421,15.686004,15.221088,15.494336,15.405716,15.636654,15.368906,15.534834,15.500136,15.436436,15.504488,0,0,0,0,0,0
2025/07/31 09:09:00.923,n,18.731758,34.387508,0.087795,0.00039,0.097127,0.000779,15.690386,15.225472,15.492868,15.408632,15.64539,15.37464,15.546062,15.501572,15.44768,15.511788,0,0,0,0,0,0
2025/07/31 09:10:00.909,n,18.728436,34.707676,0.084811,0.001156,0.095313,0.001108,15.684568,15.239974,15.497252,15.418786,15.64539,15.371788,15.543242,15.495786,15.44768,15.494336,0,0,0,0,0,0
2025/07/31 09:11:00.912,n,18.723506,34.755476,0.085165,0.000693,0.096731,0.000665,15.697622,15.257442,15.508806,15.428954,15.655494,15.371788,15.546062,15.488486,15.439286,15.501572,0,0,0,0,0,0
2025/07/31 09:12:00.914,n,18.733368,35.537608,0.081145,0.000911,0.092067,0.001048,15.704858,15.261794,15.51029,15.428954,15.662794,15.385884,15.548848,15.504488,15.44768,15.505904,0,0,0,0,0,0
2025/07/31 09:13:00.916,n,18.733368,35.401424,0.080258,0.000384,0.089129,0.000896,15.706326,15.261794,15.521926,15.430372,15.662794,15.383,15.5517,15.50302,15.4533,15.51029,0,0,0,0,0,0
2025/07/31 09:14:00.920,n,18.748166,34.757188,0.078337,0.000774,0.088057,0.000443,15.720798,15.276298,15.53643,15.433338,15.668596,15.385884,15.55734,15.516108,15.456056,15.508806,0,0,0,0,0,0
2025/07/31 09:15:00.922,n,18.777802,35.23624,0.077443,0.000241,0.089652,0.000478,15.732482,15.277796,15.548048,15.441992,15.675832,15.383,15.554586,15.51319,15.45045,15.516108,0,0,0,0,0,0
2025/07/31 09:16:00.927,n,18.776142,35.423544,0.077808,0.000156,0.090294,0.000207,15.746954,15.286512,15.5495,15.452192,15.681684,15.388638,15.55734,15.52481,15.44768,15.521926,0,0,0,0,0,0
2025/07/31 09:17:00.928,n,18.825458,34.68214,0.079331,0.000674,0.090466,0.000427,15.742636,15.292332,15.5597,15.463812,15.683086,15.388638,15.554586,15.527726,15.456056,15.521926,0,0,0,0,0,0
2025/07/31 09:18:00.927,n,18.782734,34.87828,0.07925,0.000396,0.088298,0.001129,15.745538,15.304016,15.564054,15.465246,15.701942,15.388638,15.56019,15.532078,15.45045,15.52626,0,0,0,0,0,0
2025/07/31 09:19:00.913,n,18.76794,35.687364,0.080314,0.000346,0.087581,0.000274,15.75134,15.331636,15.565486,15.474014,15.703424,15.385884,15.554586,15.52481,15.444926,15.527726,0,0,0,0,0,0
2025/07/31 09:20:00.917,n,18.760754,35.780512,0.078275,0.00073,0.088234,0.000399,15.723714,15.293798,15.545114,15.44921,15.672882,15.443246,15.609146,15.497188,15.499404,15.50302,0,0,0,0,0,0
2025/07/31 09:21:00.917,n,18.801868,36.480512,0.079229,0.000591,0.089044,0.000494,15.732416,15.3083,15.550934,15.453596,15.693174,15.45164,15.620308,15.505904,15.507992,15.511724,0,0,0,0,0,0
2025/07/31 09:22:00.918,n,18.826526,36.3498,0.078183,0.000702,0.091143,0.000712,15.744004,15.311216,15.56252,15.466728,15.694656,15.446098,15.611932,15.498606,15.502254,15.511724,0,0,0,0,0,0
2025/07/31 09:23:00.919,n,18.80841,35.172892,0.078858,0.000297,0.095748,0.001541,15.74257,15.321354,15.566904,15.466728,15.70336,15.457246,15.623194,15.501538,15.505138,15.516042,0,0,0,0,0,0
2025/07/31 09:24:00.921,n,18.785412,35.916596,0.080187,0.00041,0.100027,0.001102,15.74839,15.321354,15.578556,15.472482,15.701942,15.446098,15.611932,15.51029,15.499404,15.526228,0,0,0,0,0,0
2025/07/31 09:25:00.925,n,18.86271,37.060492,0.083611,0.001135,0.103858,0.001173,15.761458,15.335922,15.587226,15.478284,15.717914,15.457246,15.623194,15.520426,15.502254,15.527662,0,0,0,0,0,0
2025/07/31 09:26:00.927,n,18.895568,35.773724,0.086329,0.000602,0.106992,0.000885,15.76868,15.338838,15.60173,15.488454,15.717914,15.45164,15.620308,15.526228,15.505138,15.529128,0,0,0,0,0,0
2025/07/31 09:27:00.927,n,18.889026,34.244232,0.088375,0.000685,0.105514,0.000589,15.774482,15.346074,15.606114,15.49572,15.722246,15.45449,15.623194,15.533546,15.499404,15.536364,0,0,0,0,0,0
2025/07/31 09:28:00.914,n,18.815002,33.900484,0.088259,0.000269,0.104427,0.000287,15.754222,15.360658,15.594496,15.497188,15.7295,15.46298,15.6288,15.523342,15.507992,15.521876,0,0,0,0,0,0
2025/07/31 09:29:00.916,n,18.833118,34.915472,0.088223,0.000426,0.103149,0.000429,15.770162,15.38098,15.60903,15.501538,15.741088,15.457246,15.623194,15.533546,15.502254,15.539314,0,0,0,0,0,0
2025/07/31 09:30:00.915,n,18.819934,33.638132,0.085585,0.000636,0.098723,0.001653,15.774482,15.378062,15.610434,15.507372,15.746922,15.46298,15.625948,15.529128,15.513534,15.532078,0,0,0,0,0,0
2025/07/31 09:31:00.927,n,18.792004,33.45063,0.081549,0.001052,0.08906,0.002196,15.791922,15.389648,15.643874,15.526228,15.757092,15.431986,15.60354,15.553884,15.476996,15.55672,0,0,0,0,0,0
2025/07/31 09:32:00.929,n,18.666714,34.73106,0.073932,0.002221,0.077977,0.003367,15.783102,15.367764,15.621988,15.51883,15.73959,15.526554,15.695292,15.54355,15.565958,15.537718,0,0,0,0,0,0
2025/07/31 09:33:00.929,n,18.673306,34.573736,0.067103,0.002103,0.070358,0.002689,15.77295,15.373564,15.620522,15.507242,15.736654,15.543454,15.700996,15.539166,15.571566,15.539166,0,0,0,0,0,0
2025/07/31 09:34:00.930,n,18.656848,35.092484,0.063049,0.001733,0.064107,0.001815,15.775866,15.375032,15.623438,15.521714,15.746792,15.543454,15.706636,15.537718,15.582842,15.53193,0,0,0,0,0,0
2025/07/31 09:35:00.933,n,18.619008,33.721244,0.05551,0.001974,0.062436,0.001038,15.767132,15.382268,15.63214,15.520312,15.733736,15.557468,15.72065,15.540634,15.585694,15.544984,0,0,0,0,0,0
2025/07/31 09:36:00.935,n,18.564708,32.622418,0.051876,0.001224,0.059352,0.000758,15.775866,15.382268,15.633576,15.53048,15.732302,15.554698,15.715044,15.54355,15.594104,15.53048,0,0,0,0,0,0
2025/07/31 09:37:00.923,n,18.475842,34.124808,0.051217,0.000314,0.058131,0.000386,15.770032,15.3881,15.635058,15.51883,15.754094,15.560336,15.726256,15.53193,15.594104,15.542068,0,0,0,0,0,0
2025/07/31 09:38:00.908,n,18.391906,33.968216,0.0515,0.000155,0.058094,0.000118,15.768566,15.399736,15.629192,15.534834,15.74394,15.560336,15.726256,15.521714,15.596858,15.53048,0,0,0,0,0,0
2025/07/31 09:39:00.907,n,18.375404,34.266016,0.052662,0.000437,0.059548,0.000495,15.767132,15.408422,15.63796,15.542068,15.751176,15.571566,15.726256,15.53048,15.596858,15.533398,0,0,0,0,0,0
2025/07/31 09:40:00.909,n,18.352356,34.30342,0.053592,0.00026,0.06178,0.000683,15.774384,15.411324,15.648144,15.544984,15.765714,15.568746,15.726256,15.546452,15.59971,15.539166,0,0,0,0,0,0
2025/07/31 09:41:00.915,n,18.335904,34.548244,0.054921,0.000512,0.063605,0.000676,15.775866,15.41719,15.650996,15.54787,15.765714,15.568746,15.73465,15.540634,15.60535,15.54787,0,0,0,0,0,0
2025/07/31 09:42:00.914,n,18.279896,34.705424,0.056581,0.000646,0.066075,0.000739,15.786036,15.42009,15.653914,15.549336,15.77295,15.577204,15.73742,15.54355,15.608104,15.54787,0,0,0,0,0,0
2025/07/31 09:43:00.918,n,18.222278,34.870904,0.05897,0.000617,0.068477,0.000785,15.77727,15.415708,15.655348,15.544984,15.77295,15.594104,15.754402,15.539166,15.616592,15.540634,0,0,0,0,0,0
2025/07/31 09:44:00.921,n,18.199184,34.778812,0.06105,0.000806,0.070758,0.000514,15.781684,15.425892,15.665534,15.54355,15.780186,15.588482,15.751648,15.542068,15.616592,15.54787,0,0,0,0,0,0
2025/07/31 09:45:00.923,n,18.162902,33.721244,0.062748,0.000497,0.071986,0.000552,15.783102,15.424424,15.669916,15.54787,15.775866,15.59971,15.757156,15.55517,15.625084,15.54787,0,0,0,0,0,0
2025/07/31 09:46:00.908,n,18.177796,34.466656,0.064265,0.000395,0.073423,0.000558,15.78457,15.434562,15.659732,15.562424,15.77295,15.596858,15.762796,15.55517,15.625084,15.552286,0,0,0,0,0,0
2025/07/31 09:47:00.910,n,18.176136,34.548244,0.066069,0.000641,0.075309,0.000685,15.787486,15.443328,15.665534,15.572608,15.77295,15.60535,15.762796,15.550836,15.625084,15.542068,0,0,0,0,0,0
2025/07/31 09:48:00.913,n,18.22882,34.693508,0.068721,0.000678,0.08023,0.001517,15.790388,15.443328,15.672818,15.57114,15.775866,15.602464,15.774058,15.552286,15.625084,15.552286,0,0,0,0,0,0
2025/07/31 09:49:00.913,n,18.232144,35.129936,0.070592,0.000504,0.08503,0.001451,15.778736,15.450564,15.67712,15.578394,15.781684,15.608104,15.771288,15.55517,15.633492,15.558072,0,0,0,0,0,0
2025/07/31 09:50:00.915,n,18.232144,35.078812,0.072306,0.000467,0.086028,0.000564,15.787486,15.452014,15.675672,15.57114,15.781684,15.610988,15.776844,15.549336,15.633492,15.553752,0,0,0,0,0,0
2025/07/31 09:51:00.916,n,18.232144,35.177688,0.07519,0.000974,0.085563,0.000218,15.786036,15.45348,15.68729,15.584162,15.786036,15.622214,15.785304,15.558072,15.644656,15.558072,0,0,0,0,0,0
2025/07/31 09:52:00.919,n,18.248646,35.625444,0.076791,0.000619,0.086685,0.000302,15.78457,15.459298,15.690206,15.58131,15.791806,15.622214,15.785304,15.562424,15.647492,15.560988,0,0,0,0,0,0
2025/07/31 09:53:00.921,n,18.255188,35.727544,0.076059,0.000313,0.085928,0.000515,15.787486,15.457864,15.70326,15.59293,15.796158,15.616592,15.79104,15.568224,15.644656,15.57114,0,0,0,0,0,0
2025/07/31 09:54:00.923,n,18.279896,35.068608,0.075327,0.000348,0.084419,0.0007,15.790388,15.468032,15.70326,15.58276,15.797626,15.622214,15.788154,15.57114,15.647492,15.579908,0,0,0,0,0,0
2025/07/31 09:55:00.909,n,18.298012,35.455276,0.075241,0.000293,0.087206,0.001031,15.788954,15.475252,15.697444,15.60455,15.794724,15.636248,15.788154,15.57401,15.653114,15.568224,0,0,0,0,0,0
2025/07/31 09:56:00.909,n,18.329262,36.137212,0.076298,0.000404,0.090376,0.000825,15.786036,15.473802,15.693124,15.60455,15.794724,15.625084,15.793794,15.568224,15.647492,15.556638,0,0,0,0,0,0
2025/07/31 09:57:00.911,n,18.325988,35.462112,0.079395,0.000833,0.094579,0.001273,15.793242,15.481102,15.704728,15.6089,15.793242,15.630608,15.796548,15.578394,15.653114,15.579908,0,0,0,0,0,0
2025/07/31 09:58:00.911,n,18.388638,36.201712,0.081917,0.000722,0.095176,0.000163,15.793242,15.48692,15.710562,15.6089,15.803426,15.625084,15.799434,15.57696,15.655998,15.57696,0,0,0,0,0,0
2025/07/31 09:59:00.914,n,18.42809,36.407232,0.081613,0.00032,0.092732,0.00099,15.791806,15.48837,15.709096,15.619118,15.803426,15.636248,15.796548,15.575492,15.658834,15.584162,0,0,0,0,0,0
2025/07/31 10:00:00.919,n,18.46925,35.975784,0.080323,0.000527,0.088129,0.001537,15.791806,15.492722,15.722118,15.617604,15.8194,15.633492,15.80781,15.590046,15.655998,15.58276,0,0,0,0,0,0
2025/07/31 10:01:00.931,n,18.495572,36.18472,0.078467,0.000367,0.083039,0.001062,15.8208,15.489838,15.742506,15.629192,15.829536,15.610988,15.785304,15.614702,15.630608,15.610318,0,0,0,0,0,0
2025/07/31 10:02:00.936,n,18.553188,35.952008,0.075251,0.000968,0.081677,0.000395,15.81363,15.494156,15.732302,15.630672,15.826634,15.627854,15.79104,15.616138,15.644656,15.600198,0,0,0,0,0,0
2025/07/31 10:03:00.934,n,18.546596,36.240776,0.073358,0.000571,0.082049,0.000256,15.807778,15.482536,15.733736,15.635058,15.829536,15.630608,15.796548,15.61322,15.655998,15.601666,0,0,0,0,0,0
2025/07/31 10:04:00.922,n,18.604214,36.7669,0.074216,0.000327,0.083373,0.000399,15.800542,15.508692,15.73959,15.626338,15.832454,15.636248,15.80504,15.595846,15.667244,15.59875,0,0,0,0,0,0
2025/07/31 10:05:00.923,n,18.661782,36.422468,0.076247,0.000689,0.087365,0.001207,15.799074,15.507242,15.73959,15.627758,15.83969,15.641886,15.810696,15.61322,15.658834,15.600198,0,0,0,0,0,0
2025/07/31 10:06:00.923,n,18.6963,34.753176,0.080312,0.001435,0.091341,0.001278,15.810696,15.513076,15.74394,15.633576,15.85131,15.644656,15.819056,15.61322,15.661604,15.607434,0,0,0,0,0,0
2025/07/31 10:07:00.911,n,18.669982,35.931596,0.086394,0.00194,0.09879,0.002308,15.804862,15.51883,15.72942,15.650996,15.845524,15.647492,15.819056,15.605984,15.669998,15.600198,0,0,0,0,0,0
2025/07/31 10:08:00.913,n,18.66344,35.220268,0.091956,0.001817,0.10932,0.003511,15.806328,15.523212,15.735204,15.650996,15.854226,15.653114,15.821844,15.603132,15.67285,15.603132,0,0,0,0,0,0
2025/07/31 10:09:00.913,n,18.673306,36.215288,0.098921,0.002217,0.118342,0.00252,15.81363,15.534834,15.74104,15.658232,15.865784,15.650294,15.81345,15.614702,15.67849,15.6089,0,0,0,0,0,0
2025/07/31 10:10:00.916,n,18.74894,36.483596,0.109483,0.004422,0.143925,0.010807,15.81648,15.529016,15.749708,15.658232,15.874486,15.653114,15.824696,15.616138,15.667244,15.619118,0,0,0,0,0,0
2025/07/31 10:11:00.919,n,18.808116,36.439456,0.107347,0.000443,0.136955,0.000836,15.815046,15.53048,15.746792,15.658232,15.874486,15.650294,15.821844,15.607434,15.67849,15.614702,0,0,0,0,0,0
2025/07/31 10:12:00.924,n,18.888684,36.833012,0.109174,0.000821,0.135777,0.000747,15.815046,15.527596,15.75551,15.653914,15.883286,15.647492,15.816204,15.616138,15.67285,15.621988,0,0,0,0,0,0
2025/07/31 10:13:00.909,n,19.007092,35.977492,0.112626,0.001279,0.134301,0.001182,15.83392,15.54787,15.756978,15.672818,15.887574,15.647492,15.819056,15.633576,15.675606,15.626338,0,0,0,0,0,0
2025/07/31 10:14:00.911,n,19.036632,35.220268,0.115875,0.0011,0.145104,0.003674,15.829536,15.542068,15.754094,15.67135,15.886138,15.658834,15.827464,15.626338,15.67849,15.61322,0,0,0,0,0,0
2025/07/31 10:15:00.910,n,19.033364,34.313624,0.111677,0.002292,0.131612,0.004589,15.823716,15.544984,15.751176,15.681504,15.887574,15.655998,15.838808,15.627758,15.686898,15.619118,0,0,0,0,0,0
2025/07/31 10:16:00.914,n,19.010314,34.882816,0.104636,0.002405,0.121235,0.003365,15.825216,15.54787,15.767132,15.678588,15.903546,15.669998,15.833186,15.635058,15.684014,15.617604,0,0,0,0,0,0
2025/07/31 10:17:00.915,n,19.08102,35.097612,0.100129,0.001754,0.1159,0.001537,15.817932,15.550836,15.768566,15.680022,15.903546,15.667244,15.838808,15.635058,15.68126,15.61322,0,0,0,0,0,0
2025/07/31 10:18:00.915,n,19.100696,34.58052,0.097957,0.000745,0.115095,0.000468,15.83392,15.563906,15.771482,15.684374,15.916584,15.667244,15.841596,15.633576,15.67849,15.636492,0,0,0,0,0,0
2025/07/31 10:19:00.918,n,19.133556,34.96802,0.099483,0.000499,0.115239,0.00061,15.83969,15.558072,15.778736,15.685856,15.925288,15.664392,15.835958,15.630672,15.68126,15.627758,0,0,0,0,0,0
2025/07/31 10:20:00.919,n,19.099132,33.38897,0.095685,0.001604,0.113189,0.000827,15.83392,15.553752,15.771482,15.685856,15.93259,15.669998,15.850088,15.636492,15.689652,15.642294,0,0,0,0,0,0
2025/07/31 10:21:00.921,n,18.987366,33.78096,0.092358,0.000899,0.11203,0.001085,15.838254,15.563906,15.78457,15.681504,15.938358,15.661604,15.841596,15.640842,15.689652,15.636492,0,0,0,0,0,0
2025/07/31 10:22:00.911,n,18.900208,33.334378,0.093398,0.000874,0.104069,0.002293,15.861514,15.57114,15.787486,15.693124,15.935508,15.67285,15.844448,15.655348,15.686898,15.633576,0,0,0,0,0,0
2025/07/31 10:23:00.911,n,18.87555,34.621828,0.092836,0.000778,0.108192,0.000756,15.854226,15.57114,15.796158,15.709096,15.945612,15.669998,15.835958,15.650996,15.68126,15.650996,0,0,0,0,0,0
2025/07/31 10:24:00.911,n,18.892006,33.56114,0.098906,0.001757,0.123519,0.005625,15.860014,15.584162,15.796158,15.713448,15.955766,15.669998,15.838808,15.659732,15.68126,15.646678,0,0,0,0,0,0
2025/07/31 10:25:00.914,n,18.882142,34.293392,0.109922,0.003439,0.140623,0.004545,15.86143,15.575492,15.79174,15.701762,15.964404,15.685514,15.845948,15.64953,15.694004,15.645164,0,0,0,0,0,0
2025/07/31 10:26:00.914,n,18.96769,32.810532,0.136271,0.007861,0.162137,0.009489,15.838224,15.559488,15.775834,15.68579,15.962936,15.688366,15.862718,15.65093,15.694004,15.646646,0,0,0,0,0,0
2025/07/31 10:27:00.919,n,18.939708,32.733676,0.145166,0.012697,0.182117,0.022565,15.881754,15.59725,15.809212,15.713414,16.007954,15.677136,15.857112,15.661116,15.688366,15.659698,0,0,0,0,0,0
2025/07/31 10:28:00.924,n,18.992248,32.672204,0.127564,0.045307,0.177658,0.048495,15.86143,15.587046,15.79174,15.711946,15.986178,15.694004,15.86557,15.65388,15.705168,15.658232,0,0,0,0,0,0
2025/07/31 10:29:00.919,n,19.074474,33.791296,0.257221,0.04881,0.239762,0.058025,15.91797,15.630642,15.85998,15.797542,16.126822,15.649008,15.834572,15.720618,15.668744,15.73082,0,0,0,0,0,0
2025/07/31 10:30:00.924,n,19.22887,33.035972,0.269135,0.019883,0.302968,0.025729,16.000686,15.703228,15.890426,15.797542,16.1442,15.651762,15.834572,15.775834,15.6574,15.769968,0,0,0,0,0,0
2025/07/31 10:31:00.920,n,19.585022,31.657408,0.235967,0.034255,0.227397,0.029418,15.942646,15.669852,15.846894,15.681472,15.944112,15.654614,15.837424,15.558006,15.660156,15.70468,0,0,0,0,0,0
2025/07/31 10:32:00.920,n,19.796596,30.61321,0.135248,0.029807,0.201909,0.034767,15.91947,15.629174,15.854162,15.74676,16.051456,15.668744,15.840308,15.691642,15.668744,15.68729,0,0,0,0,0,0
2025/07/31 10:33:00.922,n,19.850646,31.63062,0.130503,0.013728,0.169548,0.021249,15.915052,15.621956,15.842574,15.741006,16.052892,15.668744,15.843062,15.688758,15.67435,15.68579,0,0,0,0,0,0
2025/07/31 10:34:00.927,n,20.106312,29.79791,0.13238,0.013027,0.229382,0.030373,15.899144,15.611786,15.839658,15.722086,16.039836,15.671498,15.848702,15.674172,15.67435,15.678556,0,0,0,0,0,0
2025/07/31 10:35:00.927,n,20.096446,29.117316,0.134973,0.012893,0.236119,0.030217,15.926738,15.627724,15.864284,15.74821,16.077552,15.668744,15.837424,15.701762,15.663008,15.703228,0,0,0,0,0,0
2025/07/31 10:36:00.931,n,19.990184,30.264276,0.09738,0.018616,0.147848,0.061601,15.88697,15.588024,15.828932,15.702658,16.023308,15.722426,15.896782,15.669266,15.722426,15.664882,0,0,0,0,0,0
2025/07/31 10:37:00.932,n,20.083596,31.489634,0.095324,0.007077,0.156408,0.022867,15.895674,15.59958,15.834752,15.711362,16.034896,15.711198,15.894012,15.701242,15.716822,15.695422,0,0,0,0,0,0
2025/07/31 10:38:00.932,n,20.180226,29.3561,0.105378,0.004593,0.183816,0.030824,15.915966,15.602496,15.823132,15.707042,16.030544,15.70833,15.885522,15.696856,15.711198,15.721498,0,0,0,0,0,0
2025/07/31 10:39:00.938,n,20.240772,29.951508,0.093112,0.015041,0.141334,0.046397,15.91885,15.601062,15.855058,15.731716,16.05664,15.713968,15.888406,15.689556,15.70833,15.683802,0,0,0,0,0,0
2025/07/31 10:40:00.919,n,20.317726,30.167638,0.105112,0.011937,0.164467,0.020448,15.923202,15.628652,15.850692,15.74187,16.071112,15.711198,15.877128,15.685268,15.697166,15.686704,0,0,0,0,0,0
2025/07/31 10:41:00.910,n,20.38174,29.40308,0.087512,0.007671,0.218156,0.01761,15.973792,15.66035,15.8679,15.756146,16.078154,15.730544,15.902208,15.698078,15.713774,15.686524,0,0,0,0,0,0
2025/07/31 10:42:00.909,n,20.547024,29.664124,0.114721,0.009342,0.242124,0.017254,15.934578,15.61969,15.853364,15.757614,16.08539,15.72779,15.89375,15.708264,15.719298,15.693694,0,0,0,0,0,0
2025/07/31 10:43:00.949,n,20.718654,33.672212,0.221979,0.041564,0.194267,0.052723,15.999918,15.66617,15.89111,15.791008,16.165144,15.691154,15.865602,15.744528,15.674382,15.734388,0,0,0,0,0,0
2025/07/31 10:44:00.947,n,20.720314,33.360298,0.299945,0.073405,0.140665,0.053927,15.959254,15.635694,15.870752,15.767768,16.185436,15.663138,15.857194,15.70538,15.671532,15.66035,0,0,0,0,0,0
2025/07/31 10:45:00.914,n,20.847806,28.308328,0.227534,0.04451,0.130735,0.015839,16.008556,15.693694,15.898346,15.805512,16.201362,15.685546,15.862834,15.735856,15.682792,15.716936,0,0,0,0,0,0
2025/07/31 10:46:00.918,n,21.041992,28.997748,0.185341,0.028527,0.143692,0.011801,16.011474,15.685058,15.894012,15.78954,16.188354,15.688398,15.868456,15.724236,15.674382,15.719852,0,0,0,0,0,0
2025/07/31 10:47:00.919,n,21.157666,27.224706,0.105362,0.033569,0.298158,0.041521,16.018336,15.702104,15.90229,15.794936,16.172038,15.749042,15.914988,15.818192,15.72378,15.903806,0,0,0,0,0,0
2025/07/31 10:48:00.925,n,21.118264,26.108758,0.089901,0.034723,0.241268,0.03477,16.042996,15.729696,15.953094,15.838532,16.228548,15.746188,15.917774,15.673062,15.740566,15.65274,0,0,0,0,0,0
2025/07/31 10:49:00.907,n,20.900784,25.400906,0.093898,0.027424,0.178257,0.022539,16.03431,15.68033,15.909594,15.794936,16.180726,15.746188,15.90938,15.749954,15.72083,15.758688,0,0,0,0,0,0
2025/07/31 10:50:00.914,n,20.68929,26.865468,0.070998,0.014656,0.188918,0.013428,16.011442,15.656048,15.882374,15.77647,16.150638,15.81979,15.985754,15.703946,15.788792,15.696644,0,0,0,0,0,0
2025/07/31 10:51:00.912,n,20.793926,26.66287,0.110537,0.0255,0.278735,0.063636,16.031768,15.714084,15.876572,15.648762,16.156406,15.808544,15.974494,15.625524,15.791644,15.641496,0,0,0,0,0,0
2025/07/31 10:52:00.912,n,20.968486,26.808302,0.13296,0.016659,0.283789,0.033854,15.967974,15.609586,15.821452,15.714084,16.147736,15.800052,15.9661,15.676354,15.780396,15.692292,0,0,0,0,0,0
2025/07/31 10:53:00.916,n,21.135822,26.561446,0.085512,0.022939,0.268598,0.046184,16.02598,15.674872,15.901248,15.78669,16.23184,15.808544,15.971738,15.748878,15.772004,15.750378,0,0,0,0,0,0
2025/07/31 10:54:00.917,n,21.178448,26.914994,0.089512,0.010202,0.206182,0.01544,16.034686,15.693728,15.911402,15.799678,16.252088,15.800052,15.95751,15.740176,15.766364,15.715534,0,0,0,0,0,0
2025/07/31 10:55:00.920,n,21.280068,25.913166,0.066174,0.017208,0.200099,0.037187,16.039248,15.705658,15.93774,15.820246,16.265322,15.812406,15.9756,15.715744,15.778654,15.69689,0,0,0,0,0,0
2025/07/31 10:56:00.921,n,21.285,26.046558,0.035944,0.013519,0.046891,0.047161,16.016038,15.663496,15.888436,15.77383,16.237776,15.82093,15.9756,15.712894,15.781506,15.682416,0,0,0,0,0,0
2025/07/31 10:57:00.924,n,21.150624,24.802694,0.058862,0.016017,0.19007,0.053199,16.031962,15.670766,15.904376,15.778164,16.275462,15.81529,15.969994,15.728866,15.781506,15.715744,0,0,0,0,0,0
2025/07/31 10:58:00.909,n,20.887002,25.02688,0.06513,0.015551,0.151844,0.014065,16.05372,15.676598,15.908728,15.776714,16.292838,15.812406,15.969994,15.725948,15.778654,15.709974,0,0,0,0,0,0
2025/07/31 10:59:00.910,n,20.775918,26.065084,0.049744,0.005171,0.062552,0.019745,16.066778,15.686736,15.924684,15.799922,16.314582,15.812406,15.958716,15.736134,15.767522,15.715744,0,0,0,0,0,0
2025/07/31 11:00:00.915,n,20.724506,24.950078,0.106564,0.057196,0.091708,0.03818,16.045082,15.649056,15.887036,15.763758,16.327654,15.849288,16.006846,15.710074,15.812748,15.699856,0,0,0,0,0,0
2025/07/31 11:01:00.955,n,20.572506,25.905786,0.25677,0.10097,0.090978,0.014331,16.169708,15.773894,15.987042,15.868212,16.498516,15.767736,15.94209,15.775378,15.73959,15.766626,0,0,0,0,0,0
2025/07/31 11:02:00.925,n,20.450032,24.750926,0.176072,0.04677,0.087485,0.031189,16.106056,15.684014,15.935002,15.800084,16.42037,15.857716,16.020912,15.689834,15.818356,15.673894,0,0,0,0,0,0
2025/07/31 11:03:00.926,n,20.477864,27.512556,0.191702,0.072524,0.09897,0.045077,16.135038,15.72901,15.952392,15.81609,16.484074,15.857716,16.015272,15.746434,15.82111,15.718874,0,0,0,0,0,0
2025/07/31 11:04:00.929,n,20.685528,26.497848,0.158951,0.060419,0.095016,0.021228,16.101674,15.694184,15.927748,15.771044,16.447918,15.866206,16.029322,15.70722,15.840862,15.710138,0,0,0,0,0,0
2025/07/31 11:05:00.962,n,21.073224,20.579614,0.108487,0.066893,0.154585,0.0189,16.369678,15.891502,16.562254,16.732968,16.998994,15.826814,16.051816,14.74809,15.849256,15.551944,0,0,0,0,0,0
2025/07/31 11:06:00.931,n,21.151886,24.474252,0.090211,0.064782,0.14982,0.0388,16.116212,15.689834,15.921914,15.758086,16.447918,15.888618,16.034928,15.704338,15.849256,15.686948,0,0,0,0,0,0
2025/07/31 11:07:00.918,n,21.124054,24.279996,0.031975,0.021441,0.043244,0.064346,16.11913,15.705754,15.939368,15.795734,16.455154,15.899912,16.046176,15.71449,15.852108,15.702904,0,0,0,0,0,0
2025/07/31 11:08:00.921,n,21.150226,24.019394,0.035601,0.001187,0.053815,0.003343,16.124916,15.711574,15.943656,15.797168,16.48554,15.899912,16.04057,15.72611,15.857716,15.702904,0,0,0,0,0,0
2025/07/31 11:09:00.924,n,20.98304,23.723494,0.058584,0.00665,0.063186,0.002125,16.150978,15.73193,15.950956,15.813172,16.547748,15.897026,16.032174,15.789964,15.849256,15.74495,0,0,0,0,0,0
2025/07/31 11:10:00.922,n,20.577572,25.426498,0.174855,0.091227,0.141168,0.034702,16.31758,15.90454,16.113296,15.952392,16.712718,15.871846,16.020912,15.798636,15.835208,15.763808,0,0,0,0,0,0
2025/07/31 11:11:00.926,n,20.579232,25.09348,0.122194,0.042512,0.166305,0.01167,16.172722,15.762404,16.000246,15.849436,16.646178,15.888618,16.037682,15.758086,15.852108,15.749334,0,0,0,0,0,0
2025/07/31 11:12:00.929,n,20.801544,22.846836,0.323615,0.093771,0.147829,0.013198,16.06399,15.71304,15.94804,15.675328,16.520294,15.885862,16.037682,15.62598,15.860486,15.701452,0,0,0,0,0,0
2025/07/31 11:13:00.931,n,21.028938,24.38451,0.342155,0.066166,0.193271,0.018269,16.214726,15.75367,15.936484,15.77546,16.654816,15.863354,16.020912,15.58245,15.838092,15.531622,0,0,0,0,0,0
2025/07/31 11:14:00.934,n,21.263408,24.04344,0.161424,0.081381,0.162375,0.018629,16.366806,15.875528,16.053884,16.037896,16.892048,15.857716,15.99842,16.149512,15.809946,16.210406,0,0,0,0,0,0
2025/07/31 11:15:00.968,n,21.199444,22.536102,0.222018,0.049124,0.171798,0.00661,16.288662,15.821844,15.876996,15.644836,16.524632,15.891502,16.020912,15.804468,15.8465,15.885682,0,0,0,0,0,0
2025/07/31 11:16:00.920,n,21.160092,22.719954,0.20519,0.031382,0.155075,0.010821,16.237906,15.807354,16.010334,15.865376,16.734402,15.891502,16.023682,15.766756,15.8465,15.756572,0,0,0,0,0,0
2025/07/31 11:17:00.955,n,21.414094,40.972444,0.180065,0.07895,0.186249,0.016492,16.813924,16.737304,17.113122,16.3538,16.95566,15.838092,15.978764,15.660808,15.826814,15.04628,0,0,0,0,0,0
2025/07/31 11:18:00.925,n,21.45013,22.070754,0.280841,0.092623,0.203249,0.013103,16.314712,15.87121,16.056816,15.910294,16.816856,15.866206,16.012422,15.813172,15.832454,15.813172,0,0,0,0,0,0
2025/07/31 11:19:00.927,n,21.55008,21.53665,0.14584,0.064233,0.18907,0.017109,16.523164,16.255344,16.596976,16.62156,17.36584,15.852108,16.006782,15.40241,15.852108,15.61436,0,0,0,0,0,0
2025/07/31 11:20:00.927,n,21.703938,22.414072,0.220093,0.056621,0.14126,0.014058,16.287132,15.856672,16.039378,15.890034,16.826968,15.894256,16.018156,15.813172,15.849256,15.82476,0,0,0,0,0,0
2025/07/31 11:21:00.930,n,21.826428,23.200018,0.131842,0.051939,0.14008,0.01808,16.210978,15.792084,15.993594,15.861708,16.766648,15.968462,16.078218,15.732596,15.917904,15.738398,0,0,0,0,0,0
2025/07/31 11:22:00.915,n,21.852504,21.3897,0.041237,0.068426,0.05618,0.034778,16.168942,15.735514,15.954478,15.80222,16.669746,15.999462,16.095088,15.712306,15.943168,15.699286,0,0,0,0,0,0
2025/07/31 11:23:00.917,n,21.73312,20.779566,0.032904,0.007391,0.042683,0.004746,16.171858,15.745668,15.957396,15.805138,16.69146,15.996692,16.097974,15.715222,15.934708,15.70652,0,0,0,0,0,0
2025/07/31 11:24:00.918,n,21.602162,23.026602,0.107552,0.024644,0.128491,0.023536,16.279046,15.857324,16.03131,15.82111,16.74063,15.976954,16.075368,15.61801,15.923544,15.68183,0,0,0,0,0,0
2025/07/31 11:25:00.904,n,21.438118,22.163848,0.108341,0.012906,0.133648,0.032731,16.213554,15.746792,15.96724,15.82657,16.819956,15.967386,16.051764,15.817866,15.897092,15.817866,0,0,0,0,0,0
2025/07/31 11:26:00.905,n,21.449642,21.732938,0.036113,0.007278,0.049458,0.010885,16.24977,15.803362,16.031,15.867186,16.831532,15.97024,16.051764,15.790274,15.90273,15.780186,0,0,0,0,0,0
2025/07/31 11:27:00.910,n,21.25301,22.966828,0.037696,0.000644,0.046464,0.0011,16.257072,15.812098,16.029598,15.874454,16.847442,15.978602,16.051764,15.780186,15.90824,15.778686,0,0,0,0,0,0
2025/07/31 11:28:00.909,n,20.964436,23.63274,0.03543,0.000646,0.044599,0.000825,16.265744,15.81495,16.038204,15.877274,16.867658,15.972994,16.046144,15.794658,15.90273,15.785922,0,0,0,0,0,0
2025/07/31 11:29:00.914,n,20.800862,22.901032,0.038636,0.001161,0.05045,0.001962,16.277318,15.82657,16.04259,15.883108,16.887908,15.984254,16.048912,15.794658,15.90273,15.785922,0,0,0,0,0,0
2025/07/31 11:30:00.917,n,20.627572,22.68779,0.098415,0.035961,0.16263,0.049665,16.304832,15.848278,16.058562,15.900546,16.93274,15.97024,16.048912,15.803362,15.891436,15.788824,0,0,0,0,0,0
2025/07/31 11:31:00.919,n,20.591682,23.515778,0.055558,0.005413,0.206829,0.005576,16.306268,15.861398,16.062898,15.910636,16.928404,15.9646,16.032142,15.81063,15.883042,15.800476,0,0,0,0,0,0
2025/07/31 11:32:00.918,n,20.68158,24.036164,0.062735,0.007948,0.211531,0.003421,16.26405,15.830742,16.026468,15.871388,16.889112,16.048636,16.107656,15.778524,15.964144,15.77709,0,0,0,0,0,0
2025/07/31 11:33:00.922,n,20.890758,23.767032,0.080365,0.00694,0.208394,0.00251,16.275686,15.838044,16.033708,15.87856,16.919468,16.048636,16.113296,15.778524,15.964144,15.775622,0,0,0,0,0,0
2025/07/31 11:34:00.905,n,21.212146,24.746756,0.105484,0.007557,0.215213,0.004141,16.307508,15.839444,16.055432,15.877158,16.93098,16.062654,16.118902,15.772738,15.972718,15.790112,0,0,0,0,0,0
2025/07/31 11:35:00.910,n,21.585632,22.727728,0.091182,0.007056,0.191268,0.022825,16.300268,15.826422,16.040974,15.867004,16.918002,16.06826,16.133018,15.778524,15.986732,15.778524,0,0,0,0,0,0
2025/07/31 11:36:00.913,n,21.503796,22.62775,0.09083,0.006659,0.230079,0.008919,16.295934,15.833658,16.042376,15.87856,16.932478,16.085146,16.135804,15.78144,15.995128,15.78721,0,0,0,0,0,0
2025/07/31 11:37:00.912,n,21.518544,23.176436,0.150238,0.053133,0.316875,0.037375,16.28436,15.83656,16.04673,15.881478,16.959902,16.085146,16.141412,15.774204,15.983882,15.804648,0,0,0,0,0,0
2025/07/31 11:38:00.914,n,21.860584,22.604938,0.173317,0.023804,0.511219,0.050318,16.324884,15.85827,16.074324,15.917726,17.02058,16.076654,16.127394,15.82204,15.983882,15.81332,0,0,0,0,0,0
2025/07/31 11:39:00.917,n,22.13036,24.170798,0.2336,0.016734,0.649562,0.105012,16.233668,15.809032,16.040974,15.894566,17.042298,16.090786,16.141412,15.679908,15.98949,15.72629,0,0,0,0,0,0
2025/07/31 11:40:00.921,n,22.076404,20.143376,0.107742,0.036708,0.168343,0.115337,16.308974,15.87856,16.061266,15.904718,17.027854,16.113296,16.149822,15.790112,16.00644,15.791594,0,0,0,0,0,0
2025/07/31 11:41:00.922,n,21.971814,23.129718,0.243128,0.058928,0.580103,0.12234,16.322012,15.839444,16.01343,15.881478,17.098644,16.085146,16.133018,15.83221,15.98949,15.823506,0,0,0,0,0,0
2025/07/31 11:42:00.922,n,22.08622,21.139342,0.19601,0.026009,0.464845,0.108371,16.343726,15.910488,16.082978,15.92933,17.117362,16.104772,16.158312,15.804648,16.003618,15.82494,0,0,0,0,0,0
2025/07/31 11:43:00.910,n,22.257802,18.24858,0.195419,0.044358,0.551716,0.142833,16.462426,15.975748,16.101836,15.901802,17.117362,16.102016,16.155542,15.864088,15.98949,15.778524,0,0,0,0,0,0
2025/07/31 11:44:00.911,n,22.014294,18.482026,0.201481,0.031129,0.513589,0.09161,16.343726,15.885862,16.08733,15.911922,17.146316,16.118902,16.172414,15.814802,16.011996,15.82204,0,0,0,0,0,0
2025/07/31 11:45:00.913,n,21.968494,19.465504,0.206603,0.027312,0.698947,0.09657,16.362538,15.901802,16.10327,15.927928,17.170804,16.124524,16.16956,15.81912,16.003618,15.835126,0,0,0,0,0,0
2025/07/31 11:46:00.915,n,22.243104,17.630298,0.165929,0.045918,0.829039,0.108257,16.350962,15.875708,16.075742,15.839444,17.149154,16.16392,16.194922,15.907636,16.034504,15.927928,0,0,0,0,0,0
2025/07/31 11:47:00.920,n,22.406482,19.329126,0.154531,0.021029,0.788888,0.135937,16.361102,15.919192,16.107656,15.936632,17.173708,16.161166,16.192152,15.806116,16.026128,15.81912,0,0,0,0,0,0
2025/07/31 11:48:00.922,n,22.497936,19.045502,0.096784,0.01982,0.141743,0.167874,16.336488,15.906154,16.098952,15.927928,17.147718,16.175168,16.203316,15.811886,16.031652,15.838044,0,0,0,0,0,0
2025/07/31 11:49:00.923,n,22.528896,18.60293,0.139049,0.025079,0.351379,0.138063,16.359668,15.916306,16.106188,15.938082,17.167936,16.175168,16.21181,15.814802,16.031652,15.826422,0,0,0,0,0,0
2025/07/31 11:50:00.923,n,22.44242,28.804066,0.383403,0.06789,0.554744,0.13766,16.575262,16.11486,16.256814,16.093118,17.417694,16.09364,16.16392,15.81912,15.969832,15.78576,0,0,0,0,0,0
2025/07/31 11:51:00.924,n,22.375428,20.07356,0.22386,0.085505,0.476515,0.057778,16.37411,15.930844,16.110506,15.945252,17.21561,16.180808,16.225812,15.817704,16.026128,15.83656,0,0,0,0,0,0
2025/07/31 11:52:00.912,n,22.396668,21.156132,0.21752,0.021331,0.374745,0.053464,16.440746,15.975748,16.177156,16.009078,17.312298,16.175168,16.220172,15.896016,16.017634,15.919192,0,0,0,0,0,0
2025/07/31 11:53:00.910,n,22.390126,23.591108,0.34577,0.061143,0.520263,0.044524,16.508786,16.036608,16.220594,16.054032,17.384528,16.1442,16.208956,15.923544,15.997898,15.951072,0,0,0,0,0,0
2025/07/31 11:54:00.913,n,22.506092,21.410314,0.236842,0.072327,0.322748,0.068439,16.420438,15.956906,16.145274,15.959806,17.24734,16.200562,16.265322,15.849566,16.034504,15.872808,0,0,0,0,0,0
2025/07/31 11:55:00.916,n,22.742664,19.55318,0.406467,0.077011,0.512725,0.075559,16.476934,16.000376,16.197466,16.023584,17.35707,16.152658,16.231548,15.871388,16.00075,15.894566,0,0,0,0,0,0
2025/07/31 11:56:00.919,n,22.895984,19.767938,0.418433,0.034657,0.475103,0.023562,16.518862,16.045296,16.194548,16.030822,17.377256,16.158312,16.234318,15.885862,15.986732,15.910488,0,0,0,0,0,0
2025/07/31 11:57:00.921,n,22.861706,18.826848,0.417238,0.029671,0.452092,0.013238,16.514558,16.020668,16.185844,16.017766,17.341188,16.16956,16.253976,15.901802,15.98949,15.933746,0,0,0,0,0,0
2025/07/31 11:58:00.922,n,22.910682,18.571192,0.435011,0.02569,0.481521,0.011918,16.56082,16.05835,16.213438,16.039526,17.378758,16.161166,16.245566,15.938082,15.986732,15.935164,0,0,0,0,0,0
2025/07/31 11:59:00.926,n,22.944958,19.684266,0.413548,0.021447,0.501029,0.013734,16.542008,16.049614,16.22203,16.048212,17.361406,16.186446,16.27093,15.903252,15.995128,15.935164,0,0,0,0,0,0
2025/07/31 12:00:00.958,n,23.085094,19.43144,0.362217,0.045294,0.547007,0.022233,16.530436,16.049614,16.180074,16.088798,17.531638,16.1893,16.28211,15.948154,16.011996,15.826422,0,0,0,0,0,0
2025/07/31 12:01:00.939,n,23.063904,43.56602,0.468689,0.124643,0.575254,0.008678,16.784972,16.298834,16.40743,16.233668,17.63554,16.116146,16.225812,16.198866,15.927586,16.272788,0,0,0,0,0,0
2025/07/31 12:02:00.942,n,23.23988,19.834472,0.460004,0.109834,0.597233,0.11709,16.602812,16.110506,16.280026,16.07289,17.433542,16.175168,16.268062,15.936632,15.975488,15.977198,0,0,0,0,0,0
2025/07/31 12:03:00.908,n,23.130702,17.381154,0.533584,0.152616,0.589638,0.126093,16.544944,16.011964,16.19163,15.99894,17.38019,16.172414,16.287718,15.891664,15.986732,15.981518,0,0,0,0,0,0
2025/07/31 12:04:00.911,n,23.05082,19.50113,0.117023,0.241227,0.165039,0.183596,16.486976,15.988788,16.206104,15.993138,17.235826,16.290586,16.372152,15.877158,16.065408,15.922108,0,0,0,0,0,0
2025/07/31 12:05:00.915,n,23.140468,19.673506,0.105784,0.005551,0.125878,0.01525,16.51019,16.009078,16.22203,16.01485,17.258948,16.290586,16.369382,15.898918,16.054244,15.92646,0,0,0,0,0,0
2025/07/31 12:06:00.920,n,23.118324,18.765706,0.098654,0.001747,0.099071,0.007341,16.48766,15.989406,16.205306,15.995224,17.230674,16.36736,16.454634,15.882146,16.133782,15.902452,0,0,0,0,0,0
2025/07/31 12:07:00.916,n,22.859096,18.947554,0.095832,0.001242,0.112213,0.004769,16.494896,15.990872,16.20387,15.985104,17.23498,16.378576,16.46872,15.872008,16.142242,15.90097,0,0,0,0,0,0
2025/07/31 12:08:00.921,n,22.482238,19.993082,0.09556,0.001394,0.112955,0.00119,16.5007,16.002462,16.218376,16.00393,17.252328,16.375772,16.465882,15.88068,16.136636,15.906774,0,0,0,0,0,0
2025/07/31 12:09:00.920,n,22.054164,21.029662,0.094332,0.000471,0.10635,0.001803,16.512276,16.008248,16.227082,16.006846,17.262404,16.386988,16.46872,15.887916,16.142242,15.915508,0,0,0,0,0,0
2025/07/31 12:10:00.906,n,21.856362,22.343286,0.122935,0.010196,0.185502,0.027822,16.538322,16.027074,16.254596,16.001026,17.26674,16.386988,16.477132,15.883596,16.13939,15.918426,0,0,0,0,0,0
2025/07/31 12:11:00.909,n,21.754944,22.882224,0.074413,0.022331,0.084299,0.095761,16.518046,16.011164,16.247326,15.99811,17.262404,16.406742,16.499658,15.890834,16.159046,15.915508,0,0,0,0,0,0
2025/07/31 12:12:00.912,n,21.576526,23.1761,0.066115,0.002336,0.070023,0.003841,16.531086,16.01263,16.264702,16.008248,17.259534,16.403974,16.505298,15.908272,16.159046,15.929982,0,0,0,0,0,0
2025/07/31 12:13:00.913,n,21.475014,24.153684,0.0561,0.002995,0.061746,0.002358,16.535392,16.011164,16.267606,16.00973,17.247992,16.418022,16.513742,15.906774,16.16754,15.92418,0,0,0,0,0,0
2025/07/31 12:14:00.915,n,21.478282,23.853744,0.046911,0.002577,0.051736,0.003095,16.548464,16.027074,16.282046,16.015484,17.246588,16.426468,16.516544,15.91259,16.161898,15.929982,0,0,0,0,0,0
2025/07/31 12:15:00.919,n,21.476624,23.978896,0.040132,0.002037,0.043302,0.002531,16.554234,16.02417,16.274842,16.022754,17.22197,16.440518,16.530564,15.91259,16.16754,15.928514,0,0,0,0,0,0
2025/07/31 12:16:00.919,n,21.407876,24.512684,0.036697,0.00106,0.039456,0.001054,16.557104,16.028556,16.289282,16.029992,17.217632,16.446126,16.53627,15.915508,16.178786,15.927098,0,0,0,0,0,0
2025/07/31 12:17:00.922,n,21.276822,24.388906,0.038486,0.000694,0.041434,0.000755,16.560006,16.047414,16.308158,16.031458,17.20899,16.448994,16.541908,15.92563,16.173146,15.935802,0,0,0,0,0,0
2025/07/31 12:18:00.922,n,21.106362,24.38252,0.043665,0.001461,0.052884,0.003446,16.573046,16.05465,16.315426,16.034374,17.201782,16.454634,16.550388,15.93725,16.18164,15.938718,0,0,0,0,0,0
2025/07/31 12:19:00.909,n,21.048988,25.495978,0.053845,0.002708,0.066951,0.004139,16.577382,16.066236,16.32987,16.045932,17.204652,16.457374,16.56157,15.93725,16.190048,15.948838,0,0,0,0,0,0
2025/07/31 12:20:00.910,n,21.014514,26.060718,0.050747,0.001442,0.062597,0.004807,16.578816,16.063322,16.338574,16.051764,17.193144,16.465882,16.567178,15.929982,16.195656,15.948838,0,0,0,0,0,0
2025/07/31 12:21:00.916,n,21.048988,24.796418,0.04836,0.000984,0.057428,0.001273,16.578816,16.063322,16.348714,16.056084,17.1801,16.47149,16.570046,15.948838,16.198442,15.95319,0,0,0,0,0,0
2025/07/31 12:22:00.916,n,20.988292,24.923376,0.046247,0.000764,0.054026,0.001136,16.586056,16.067674,16.357386,16.051764,17.165654,16.482772,16.581392,15.951756,16.20405,15.956042,0,0,0,0,0,0
2025/07/31 12:23:00.916,n,20.945618,25.408574,0.040699,0.001806,0.050072,0.001137,16.588958,16.070558,16.366056,16.067674,17.146904,16.491148,16.589772,15.951756,16.201294,15.954624,0,0,0,0,0,0
2025/07/31 12:24:00.921,n,20.884976,25.648756,0.035352,0.001626,0.045489,0.001432,16.591858,16.073476,16.37473,16.063322,17.125284,16.499658,16.589772,15.95896,16.212542,15.960426,0,0,0,0,0,0
2025/07/31 12:25:00.921,n,20.776672,26.065318,0.029726,0.001598,0.037448,0.002638,16.587524,16.074912,16.380532,16.072058,17.110774,16.508136,16.603824,15.960426,16.226562,15.956042,0,0,0,0,0,0
2025/07/31 12:26:00.925,n,20.705044,26.02219,0.026401,0.001087,0.030362,0.002215,16.591858,16.085114,16.39217,16.086532,17.091994,16.508136,16.609464,15.963344,16.21815,15.961862,0,0,0,0,0,0
2025/07/31 12:27:00.924,n,20.68224,26.11094,0.023176,0.001063,0.026017,0.00123,16.581686,16.086532,16.390702,16.089448,17.081948,16.522154,16.617908,15.969098,16.237806,15.964746,0,0,0,0,0,0
2025/07/31 12:28:00.911,n,20.621692,26.466718,0.018603,0.001322,0.021616,0.001402,16.57445,16.087998,16.396474,16.083648,17.071776,16.527794,16.62919,15.967664,16.246316,15.966214,0,0,0,0,0,0
2025/07/31 12:29:00.911,n,20.589028,26.617112,0.014901,0.001098,0.016606,0.001504,16.580284,16.090882,16.400776,16.085114,17.058796,16.527794,16.62919,15.9749,16.246316,15.97058,0,0,0,0,0,0
2025/07/31 12:30:00.914,n,20.492592,27.227112,0.012511,0.000731,0.013736,0.000815,16.58462,16.087998,16.412382,16.09377,17.041418,16.53914,16.637568,15.979316,16.257564,15.973482,0,0,0,0,0,0
2025/07/31 12:31:00.919,n,20.456604,27.710784,0.011575,0.000195,0.012348,0.000288,16.59476,16.105356,16.419622,16.105356,17.039982,16.522154,16.626418,16.005378,16.235038,15.982202,0,0,0,0,0,0
2025/07/31 12:32:00.919,n,20.373158,28.4028,0.012155,0.000211,0.013266,0.000299,16.59039,16.103908,16.42689,16.119896,17.021234,16.52499,16.640436,15.99811,16.243546,15.98072,0,0,0,0,0,0
2025/07/31 12:33:00.925,n,20.29303,29.19527,0.014261,0.000656,0.015118,0.000651,16.588958,16.109676,16.418154,16.12565,16.999548,16.53627,16.64321,15.999544,16.2604,15.98072,0,0,0,0,0,0
2025/07/31 12:34:00.924,n,20.147378,30.835988,0.017955,0.001083,0.018253,0.000959,16.575914,16.119896,16.42976,16.124214,16.985104,16.544746,16.654522,15.999544,16.274448,15.98072,0,0,0,0,0,0
2025/07/31 12:35:00.925,n,19.94767,32.574012,0.02303,0.001596,0.024461,0.001679,16.577382,16.11551,16.422524,16.12565,16.97216,16.54755,16.663064,16.00393,16.280156,15.982202,0,0,0,0,0,0
2025/07/31 12:36:00.927,n,19.655922,34.564288,0.029119,0.001921,0.034165,0.003385,16.570146,16.11551,16.428324,16.131418,16.961954,16.5559,16.674214,16.002462,16.280156,15.977818,0,0,0,0,0,0
2025/07/31 12:37:00.915,n,19.423108,36.298176,0.035227,0.001926,0.042143,0.002435,16.565776,16.122732,16.432662,16.124214,16.954716,16.5559,16.671442,16.002462,16.291304,15.996642,0,0,0,0,0,0
2025/07/31 12:38:00.914,n,19.286876,37.809064,0.040694,0.001619,0.050348,0.002396,16.557104,16.121298,16.432662,16.124214,16.940304,16.567178,16.679822,16.002462,16.291304,15.992274,0,0,0,0,0,0
2025/07/31 12:39:00.916,n,19.247474,38.104184,0.04636,0.00177,0.057846,0.002701,16.560006,16.127118,16.438432,16.134336,16.935966,16.564408,16.679822,16.00973,16.310964,15.993726,0,0,0,0,0,0
2025/07/31 12:40:00.917,n,19.203186,40.053548,0.052346,0.001718,0.062819,0.001372,16.562906,16.12565,16.438432,16.141558,16.921522,16.564408,16.694036,16.015484,16.31383,15.995224,0,0,0,0,0,0
2025/07/31 12:41:00.923,n,19.053772,41.452472,0.061824,0.002745,0.081134,0.005791,16.5528,16.12997,16.441332,16.145944,16.909946,16.567178,16.688332,16.015484,16.310964,16.005378,0,0,0,0,0,0
2025/07/31 12:42:00.923,n,18.988048,42.736552,0.073805,0.003591,0.09683,0.00451,16.562906,16.132886,16.438432,16.14736,16.905612,16.581392,16.69958,16.028556,16.327948,16.002462,0,0,0,0,0,0
2025/07/31 12:43:00.927,n,18.96017,44.2076,0.086718,0.00397,0.101515,0.001219,16.551334,16.132886,16.441332,16.157514,16.894068,16.572818,16.70519,16.02417,16.32511,15.993726,0,0,0,0,0,0
2025/07/31 12:44:00.931,n,18.93219,44.247884,0.09889,0.003661,0.109046,0.002347,16.541194,16.137206,16.431228,16.157514,16.883928,16.575656,16.708058,16.016966,16.339226,16.002462,0,0,0,0,0,0
2025/07/31 12:45:00.932,n,18.894448,44.660824,0.105602,0.00213,0.117353,0.002524,16.548464,16.141558,16.42689,16.157514,16.872386,16.578554,16.719338,16.027074,16.347606,15.989406,0,0,0,0,0,0
2025/07/31 12:46:00.916,n,18.84513,46.190264,0.109042,0.000896,0.129623,0.003743,16.538322,16.134336,16.442766,16.14736,16.879656,16.584164,16.71647,16.022754,16.347606,16.008248,0,0,0,0,0,0
2025/07/31 12:47:00.918,n,18.841858,45.148616,0.135942,0.009416,0.176088,0.016543,16.542628,16.141558,16.447106,16.163334,16.888264,16.572818,16.722076,16.032908,16.341966,16.00973,0,0,0,0,0,0
2025/07/31 12:48:00.919,n,18.861584,45.234016,0.124599,0.00683,0.168365,0.008241,16.533958,16.135804,16.438432,16.158982,16.869514,16.589772,16.727816,16.029992,16.36172,15.999544,0,0,0,0,0,0
2025/07/31 12:49:00.921,n,18.925942,44.103732,0.111759,0.009883,0.161737,0.011101,16.561116,16.17168,16.472858,16.18467,16.892342,16.524696,16.665544,16.063012,16.288206,16.04127,0,0,0,0,0,0
2025/07/31 12:50:00.922,n,18.92101,43.496556,0.102156,0.003088,0.133902,0.008538,16.551006,16.157174,16.464188,16.187588,16.879332,16.530304,16.659934,16.064478,16.296618,16.034034,0,0,0,0,0,0
2025/07/31 12:51:00.925,n,18.925942,41.493188,0.092021,0.003123,0.105531,0.008926,16.540932,16.16591,16.458386,16.19489,16.872124,16.533174,16.671184,16.067396,16.31083,16.03545,0,0,0,0,0,0
2025/07/31 12:52:00.927,n,18.932484,43.084496,0.147952,0.020266,0.188242,0.028793,16.549604,16.17168,16.455482,16.19489,16.892342,16.521894,16.673952,16.068814,16.293846,16.04272,0,0,0,0,0,0
2025/07/31 12:53:00.930,n,19.003186,43.318088,0.158213,0.002486,0.206931,0.004006,16.551006,16.176064,16.459884,16.207912,16.899548,16.519054,16.673952,16.07607,16.302258,16.034034,0,0,0,0,0,0
2025/07/31 12:54:00.930,n,19.162464,41.47468,0.079741,0.03391,0.119118,0.036093,16.510484,16.152854,16.4324,16.197742,16.848976,16.552898,16.685234,16.055776,16.327622,16.023894,0,0,0,0,0,0
2025/07/31 12:55:00.917,n,19.36271,41.973412,0.065066,0.003517,0.099918,0.004814,16.501842,16.149936,16.443908,16.183236,16.854746,16.558538,16.690842,16.058662,16.333228,16.032564,0,0,0,0,0,0
2025/07/31 12:56:00.920,n,19.361096,41.971752,0.063286,0.000616,0.091753,0.002693,16.504712,16.151372,16.438138,16.189054,16.86342,16.555668,16.696582,16.068814,16.333228,16.039868,0,0,0,0,0,0
2025/07/31 12:57:00.922,n,19.400402,41.268872,0.061973,0.0003,0.086215,0.001578,16.503278,16.148468,16.443908,16.186184,16.860516,16.56131,16.70496,16.067396,16.336032,16.0384,0,0,0,0,0,0
2025/07/31 12:58:00.922,n,19.367642,39.546068,0.058409,0.001183,0.084822,0.000404,16.504712,16.148468,16.433802,16.183236,16.860516,16.552898,16.69368,16.074634,16.34451,16.0384,0,0,0,0,0,0
2025/07/31 12:59:00.925,n,19.387318,39.989864,0.056352,0.00065,0.083641,0.000374,16.491704,16.147018,16.430902,16.181818,16.854746,16.56972,16.70496,16.070248,16.347376,16.03695,0,0,0,0,0,0
2025/07/31 13:00:00.927,n,19.372524,40.718428,0.052444,0.001237,0.079288,0.001393,16.482998,16.149936,16.426564,16.186184,16.84754,16.575424,16.7106,16.064478,16.358624,16.032564,0,0,0,0,0,0
2025/07/31 13:01:00.932,n,19.357288,41.462468,0.05362,0.000493,0.074727,0.000955,16.524434,16.181182,16.467904,16.218866,16.880178,16.4844,16.622342,16.108764,16.264768,16.063844,0,0,0,0,0,0
2025/07/31 13:02:00.930,n,19.427796,41.978044,0.053327,0.000153,0.070397,0.001344,16.5186,16.181182,16.446224,16.214546,16.88158,16.498452,16.644936,16.09864,16.278784,16.059524,0,0,0,0,0,0
2025/07/31 13:03:00.934,n,19.501626,41.31066,0.051729,0.000399,0.067462,0.000841,16.512796,16.176862,16.440388,16.21163,16.88158,16.5097,16.647708,16.101526,16.301376,16.052222,0,0,0,0,0,0
2025/07/31 13:04:00.919,n,19.495082,40.391616,0.051724,6.885694e-05,0.066651,0.000267,16.515668,16.168176,16.453428,16.210164,16.887416,16.50683,16.656186,16.09864,16.29013,16.075432,0,0,0,0,0,0
2025/07/31 13:05:00.925,n,19.463928,40.572624,0.052433,0.000189,0.068783,0.000694,16.517132,16.163822,16.450558,16.208712,16.87581,16.515306,16.656186,16.10443,16.307016,16.068228,0,0,0,0,0,0
2025/07/31 13:06:00.922,n,19.378578,40.9528,0.054543,0.000663,0.072819,0.001208,16.509862,16.165274,16.446224,16.197124,16.870038,16.526654,16.664598,16.09864,16.309788,16.063844,0,0,0,0,0,0
2025/07/31 13:07:00.926,n,19.396596,40.70788,0.058839,0.00124,0.079796,0.002169,16.515668,16.17251,16.438986,16.20731,16.871504,16.529424,16.667336,16.10443,16.315426,16.059524,0,0,0,0,0,0
2025/07/31 13:08:00.928,n,19.419644,40.3528,0.066105,0.002169,0.087493,0.002307,16.521502,16.17251,16.440388,16.215948,16.874406,16.535064,16.670238,16.10443,16.312624,16.062424,0,0,0,0,0,0
2025/07/31 13:09:00.929,n,19.445912,38.96608,0.108045,0.013308,0.114145,0.008585,16.527272,16.186968,16.446224,16.233406,16.896024,16.51247,16.670238,16.120352,16.309788,16.079752,0,0,0,0,0,0
2025/07/31 13:10:00.915,n,19.51476,39.255192,0.203574,0.032598,0.164865,0.017179,16.546086,16.198622,16.462134,16.23484,16.948064,16.50406,16.664598,16.118902,16.301376,16.085588,0,0,0,0,0,0
2025/07/31 13:11:00.916,n,19.67218,39.397136,0.183283,0.006947,0.16169,0.002518,16.537348,16.195722,16.457764,16.229006,16.930782,16.518208,16.664598,16.111648,16.318264,16.072578,0,0,0,0,0,0
2025/07/31 13:12:00.920,n,20.017884,36.686688,0.154157,0.007748,0.15792,0.005441,16.53161,16.182648,16.444788,16.217464,16.90763,16.532196,16.681584,16.11455,16.323872,16.079752,0,0,0,0,0,0
2025/07/31 13:13:00.904,n,20.374672,34.482292,0.150529,0.001551,0.187469,0.009941,16.517132,16.188484,16.43465,16.215948,16.888818,16.543474,16.684322,16.10011,16.326772,16.06676,0,0,0,0,0,0
2025/07/31 13:14:00.907,n,20.651088,32.31828,0.103694,0.019984,0.139116,0.014533,16.499756,16.176862,16.43465,16.210164,16.86717,16.549082,16.69844,16.09429,16.34079,16.056606,0,0,0,0,0,0
2025/07/31 13:15:00.910,n,20.996154,30.422392,0.082392,0.005552,0.113629,0.007685,16.495386,16.16674,16.42741,16.208712,16.86857,16.554724,16.70121,16.092822,16.349136,16.058008,0,0,0,0,0,0
2025/07/31 13:16:00.912,n,20.966614,29.51192,0.072236,0.002853,0.098052,0.005492,16.493984,16.169658,16.430282,16.20436,16.874406,16.554724,16.695602,16.102994,16.34079,16.056606,0,0,0,0,0,0
2025/07/31 13:17:00.913,n,20.863292,29.391546,0.060673,0.003415,0.071693,0.007202,16.48965,16.162356,16.428846,16.198622,16.86717,16.56607,16.709622,16.09864,16.346398,16.060958,0,0,0,0,0,0
2025/07/31 13:18:00.916,n,20.775258,29.809144,0.048797,0.003417,0.052081,0.005886,16.486778,16.163822,16.428846,16.20004,16.870038,16.560462,16.706852,16.101526,16.357678,16.06531,0,0,0,0,0,0
2025/07/31 13:19:00.918,n,20.687024,29.495212,0.032904,0.004906,0.037699,0.004368,16.488214,16.165274,16.436084,16.20154,16.877276,16.571676,16.709622,16.107282,16.352038,16.069662,0,0,0,0,0,0
2025/07/31 13:20:00.919,n,20.548062,31.197656,0.021725,0.003343,0.025328,0.003733,16.476608,16.156586,16.425914,16.197124,16.86857,16.56607,16.706852,16.102994,16.360416,16.068228,0,0,0,0,0,0
2025/07/31 13:21:00.920,n,20.142346,33.502896,0.016738,0.001223,0.01958,0.001508,16.482444,16.1508,16.425914,16.197124,16.871504,16.577316,16.7181,16.110198,16.360416,16.068228,0,0,0,0,0,0
2025/07/31 13:22:00.910,n,19.82135,37.774916,0.015581,0.000577,0.015627,0.001483,16.478046,16.165274,16.42448,16.197124,16.870038,16.580088,16.7181,16.102994,16.360416,16.060958,0,0,0,0,0,0
2025/07/31 13:23:00.910,n,19.36549,41.59904,0.014927,0.000594,0.014298,0.000391,16.469372,16.169658,16.418676,16.20731,16.86567,16.580088,16.726608,16.102994,16.360416,16.060958,0,0,0,0,0,0
2025/07/31 13:24:00.911,n,18.82516,45.762808,0.015115,0.000508,0.014448,0.000365,16.472304,16.159504,16.412938,16.20154,16.870038,16.582958,16.720968,16.101526,16.371762,16.05372,0,0,0,0,0,0
2025/07/31 13:25:00.912,n,18.353088,49.818812,0.018911,0.001194,0.018723,0.001619,16.482444,16.162356,16.425914,16.205794,16.880178,16.57445,16.7181,16.111648,16.368894,16.06676,0,0,0,0,0,0
2025/07/31 13:26:00.917,n,17.83976,53.949728,0.027098,0.00251,0.029247,0.003067,16.485282,16.16674,16.43465,16.20154,16.871504,16.582958,16.729446,16.116032,16.374534,16.06676,0,0,0,0,0,0
2025/07/31 13:27:00.921,n,17.371644,57.022868,0.040014,0.00385,0.043782,0.004403,16.488214,16.162356,16.43465,16.197124,16.878742,16.580088,16.726608,16.111648,16.374534,16.075432,0,0,0,0,0,0
2025/07/31 13:28:00.921,n,17.097084,59.084592,0.157719,0.03177,0.075781,0.009222,16.576436,16.236242,16.495386,16.269624,16.958236,16.543474,16.709622,16.134876,16.349136,16.091372,0,0,0,0,0,0
2025/07/31 13:29:00.920,n,16.860118,61.295968,0.206014,0.034088,0.147298,0.040185,16.54028,16.20436,16.45923,16.256552,16.984192,16.55195,16.712492,16.17251,16.354776,16.142062,0,0,0,0,0,0
2025/07/31 13:30:00.923,n,16.805764,63.62762,0.112444,0.054218,0.15361,0.012631,16.533174,16.194336,16.45506,16.218964,16.913632,16.59913,16.756802,16.14221,16.404788,16.11036,0,0,0,0,0,0
2025/07/31 13:31:00.917,n,16.767922,64.256868,0.101408,0.007996,0.13766,0.007237,16.540412,16.213194,16.475302,16.247944,16.91073,16.579372,16.731534,16.149414,16.379454,16.116082,0,0,0,0,0,0
2025/07/31 13:32:00.922,n,16.69878,64.740996,0.109264,0.002408,0.130918,0.002803,16.537542,16.216046,16.473836,16.250848,16.90349,16.593422,16.748422,16.158118,16.385094,16.108846,0,0,0,0,0,0
2025/07/31 13:33:00.923,n,16.520852,62.940264,0.11156,0.001335,0.141239,0.003541,16.524502,16.200124,16.46373,16.23784,16.880374,16.60477,16.759736,16.155216,16.396344,16.10741,0,0,0,0,0,0
2025/07/31 13:34:00.925,n,16.4417,63.77884,0.10308,0.003023,0.138632,0.001337,16.518728,16.19145,16.45936,16.239244,16.876038,16.621624,16.77095,16.149414,16.418838,16.11036,0,0,0,0,0,0
2025/07/31 13:35:00.928,n,16.359326,64.418344,0.09267,0.002888,0.127857,0.003031,16.523098,16.188566,16.462264,16.236372,16.849952,16.627266,16.7822,16.153798,16.427346,16.097256,0,0,0,0,0,0
2025/07/31 13:36:00.927,n,16.291698,64.897348,0.089627,0.001279,0.120379,0.002096,16.51149,16.184182,16.450692,16.2277,16.842748,16.641382,16.796286,16.143678,16.44704,16.09579,0,0,0,0,0,0
2025/07/31 13:37:00.931,n,16.273538,64.728012,0.091841,0.000828,0.115243,0.001885,16.514394,16.185664,16.449224,16.229136,16.841312,16.64986,16.80199,16.145126,16.458352,16.088552,0,0,0,0,0,0
2025/07/31 13:38:00.933,n,16.29004,66.247488,0.099564,0.002497,0.115088,0.000416,16.51296,16.181278,16.443454,16.233504,16.83264,16.644218,16.804794,16.14798,16.45271,16.088552,0,0,0,0,0,0
2025/07/31 13:39:00.936,n,16.262012,65.13494,0.107274,0.00245,0.123861,0.002989,16.504254,16.17983,16.440582,16.229136,16.834076,16.655434,16.810404,16.13789,16.46673,16.084232,0,0,0,0,0,0
2025/07/31 13:40:00.925,n,16.306546,65.765556,0.106539,0.000555,0.128798,0.00121,16.507124,16.176976,16.449224,16.21753,16.844214,16.658272,16.821684,16.134972,16.472338,16.092906,0,0,0,0,0,0
2025/07/31 13:41:00.921,n,16.32793,64.54222,0.104723,0.0007,0.132447,0.001271,16.494084,16.178428,16.43768,16.21753,16.841312,16.66388,16.830064,16.134972,16.475206,16.092906,0,0,0,0,0,0
2025/07/31 13:42:00.907,n,16.314796,64.02352,0.101609,0.00096,0.124843,0.002803,16.481108,16.185664,16.423172,16.229136,16.826836,16.678028,16.838572,16.123318,16.492094,16.071162,0,0,0,0,0,0
2025/07/31 13:43:00.926,n,16.386768,65.163924,0.09384,0.002615,0.115845,0.002573,16.537802,16.230862,16.49444,16.27282,16.883504,16.532944,16.69632,16.184458,16.349822,16.146772,0,0,0,0,0,0
2025/07/31 13:44:00.910,n,16.487306,65.261484,0.087553,0.001831,0.113539,0.00071,16.534934,16.233766,16.474132,16.275754,16.886436,16.544194,16.693582,16.18154,16.358398,16.138102,0,0,0,0,0,0
2025/07/31 13:45:00.913,n,16.474122,63.926816,0.079651,0.002388,0.102491,0.003434,16.530596,16.232298,16.475568,16.26418,16.876266,16.546964,16.710374,16.17582,16.364038,16.136668,0,0,0,0,0,0
2025/07/31 13:46:00.917,n,16.470852,64.300592,0.076606,0.000927,0.086751,0.004972,16.513188,16.227962,16.471228,16.262746,16.869028,16.558212,16.71885,16.174368,16.380824,16.12648,0,0,0,0,0,0
2025/07/31 13:47:00.918,n,16.362012,62.594096,0.069398,0.001741,0.072531,0.003935,16.514624,16.20912,16.474132,16.251108,16.870526,16.569558,16.71885,16.16855,16.383662,16.129398,0,0,0,0,0,0
2025/07/31 13:48:00.921,n,16.362012,63.476032,0.061759,0.002492,0.063777,0.002547,16.513188,16.21052,16.462524,16.254042,16.858986,16.572426,16.732936,16.167082,16.400648,16.12648,0,0,0,0,0,0
2025/07/31 13:49:00.908,n,16.39336,63.700592,0.052471,0.00271,0.055878,0.002324,16.507386,16.21052,16.453852,16.26418,16.854584,16.58361,16.744218,16.167082,16.397778,16.11204,0,0,0,0,0,0
2025/07/31 13:50:00.912,n,16.357082,62.972616,0.044208,0.002449,0.048438,0.00222,16.498746,16.20912,16.453852,16.242404,16.841604,16.594858,16.747084,16.161312,16.40906,16.119244,0,0,0,0,0,0
2025/07/31 13:51:00.914,n,16.376904,62.303424,0.038756,0.001583,0.041819,0.00205,16.49004,16.20335,16.443746,16.242404,16.832902,16.603334,16.755464,16.162714,16.417438,16.12071,0,0,0,0,0,0
2025/07/31 13:52:00.915,n,16.386768,61.243024,0.033885,0.001469,0.035259,0.001964,16.497278,16.198996,16.445148,16.24387,16.841604,16.609042,16.758236,16.158396,16.425914,16.114924,0,0,0,0,0,0
2025/07/31 13:53:00.914,n,16.363674,60.763384,0.029037,0.001475,0.029768,0.001629,16.48427,16.200432,16.446584,16.24097,16.840172,16.611812,16.761106,16.158396,16.437194,16.116326,0,0,0,0,0,0
2025/07/31 13:54:00.917,n,16.383496,60.5296,0.024126,0.001464,0.025366,0.001297,16.482804,16.19753,16.443746,16.236634,16.828596,16.623094,16.7837,16.154012,16.44567,16.119244,0,0,0,0,0,0
2025/07/31 13:55:00.919,n,16.332376,60.755184,0.020127,0.0012,0.021149,0.001237,16.471228,16.185908,16.445148,16.227962,16.827128,16.63431,16.7837,16.146772,16.454082,16.113474,0,0,0,0,0,0
2025/07/31 13:56:00.924,n,16.392056,61.608564,0.017564,0.000828,0.018367,0.000887,16.502886,16.200156,16.466666,16.239306,16.84138,16.587652,16.734076,16.182812,16.407328,16.143642,0,0,0,0,0,0
2025/07/31 13:57:00.925,n,16.370618,61.677364,0.016612,0.000277,0.017973,0.000107,16.49855,16.203072,16.468164,16.245076,16.83704,16.593292,16.753834,16.179894,16.424282,16.139292,0,0,0,0,0,0
2025/07/31 13:58:00.909,n,16.396984,62.723308,0.016963,0.00013,0.019133,0.000396,16.50142,16.213194,16.455092,16.25528,16.82113,16.596062,16.748192,16.174092,16.415774,16.12482,0,0,0,0,0,0
2025/07/31 13:59:00.908,n,16.383802,63.595184,0.018228,0.000391,0.021015,0.00058,16.49855,16.214662,16.450692,16.263918,16.819696,16.604444,16.753834,16.179894,16.427054,16.132056,0,0,0,0,0,0
2025/07/31 14:00:00.911,n,16.326088,64.171896,0.019825,0.000493,0.022957,0.000577,16.494148,16.208874,16.446352,16.25088,16.81249,16.610052,16.762312,16.172626,16.43827,16.127736,0,0,0,0,0,0
2025/07/31 14:01:00.920,n,16.230434,65.867888,0.021232,0.000281,0.024693,0.000329,16.507222,16.207424,16.475402,16.249476,16.829804,16.593292,16.742584,16.181328,16.421414,16.146562,0,1,0,0,0,0
2025/07/31 14:02:00.924,n,16.081948,65.937712,0.022278,0.000309,0.025614,0.000276,16.50142,16.208874,16.460862,16.25088,16.81536,16.607312,16.765082,16.181328,16.43553,16.146562,0,0,0,0,0,0
2025/07/31 14:03:00.926,n,15.981262,66.482588,0.022637,0.000102,0.025425,8.021591e-05,16.497082,16.19872,16.450692,16.25088,16.80235,16.615724,16.77356,16.185714,16.44117,16.146562,0,0,0,0,0,0
2025/07/31 14:04:00.926,n,15.870668,67.681712,0.022492,5.520838e-05,0.025587,5.782988e-05,16.49855,16.194402,16.452188,16.243642,16.78934,16.624168,16.78484,16.182812,16.449582,16.13789,0,0,0,0,0,0
2025/07/31 14:05:00.930,n,15.726968,67.637912,0.022991,0.000147,0.026012,0.000143,16.485476,16.185714,16.442082,16.236404,16.779232,16.635546,16.79322,16.174092,16.469274,16.129154,0,0,0,0,0,0
2025/07/31 14:06:00.932,n,15.736828,68.936152,0.02399,0.000296,0.027206,0.00038,16.48401,16.187162,16.440616,16.239306,16.770496,16.635546,16.79045,16.174092,16.474916,16.130654,0,0,0,0,0,0
2025/07/31 14:07:00.918,n,15.723598,69.339768,0.02497,0.000291,0.028228,0.000317,16.471002,16.187162,16.43625,16.229168,16.76042,16.652336,16.810206,16.162502,16.483422,16.12482,0,0,1,0,0,0
2025/07/31 14:08:00.921,n,15.65501,68.620488,0.025846,0.000231,0.029259,0.000265,16.513872,16.238656,16.47185,16.274904,16.80036,16.60415,16.756376,16.215492,16.437878,16.17057,0,0,0,0,0,0
2025/07/31 14:09:00.921,n,15.590558,68.908232,0.027069,0.000408,0.030273,0.000304,16.508038,16.22705,16.468946,16.266234,16.78735,16.606918,16.762016,16.208256,16.449224,16.169104,0,0,0,0,0,0
2025/07/31 14:10:00.923,n,15.590558,69.17796,0.028285,0.000377,0.031377,0.000343,16.510972,16.221248,16.470414,16.261832,16.78295,16.61256,16.778776,16.208256,16.457764,16.169104,0,2,0,0,0,0
2025/07/31 14:11:00.925,n,15.514534,69.316784,0.029594,0.000402,0.033025,0.000494,16.503734,16.216962,16.463178,16.261832,16.772908,16.621136,16.776038,16.205338,16.452124,16.167652,0,0,0,0,0,0
2025/07/31 14:12:00.928,n,15.450032,70.336216,0.031289,0.000499,0.03497,0.000591,16.499332,16.21114,16.463178,16.257496,16.75116,16.629516,16.787284,16.205338,16.466142,16.156064,0,0,0,0,0,0
2025/07/31 14:13:00.928,n,15.448372,70.534896,0.033549,0.000689,0.037471,0.000764,16.49793,16.218376,16.464612,16.267636,16.75116,16.635156,16.792926,16.209724,16.480132,16.161898,0,0,0,0,0,0
2025/07/31 14:14:00.935,n,15.435188,70.459016,0.036405,0.000877,0.040936,0.001081,16.5008,16.214042,16.454504,16.254596,16.739586,16.640796,16.798534,16.206804,16.477388,16.157548,0,1,0,0,0,0
2025/07/31 14:15:00.935,n,15.402082,70.780256,0.040502,0.001242,0.045454,0.001385,16.489256,16.209724,16.454504,16.25603,16.72801,16.643634,16.807044,16.20242,16.485868,16.163334,0,0,0,0,0,0
2025/07/31 14:16:00.920,n,15.390512,70.993192,0.04505,0.001377,0.050065,0.001377,16.476184,16.215492,16.43566,16.247358,16.723676,16.649174,16.815524,16.183596,16.505526,16.148828,0,0,0,0,0,0
2025/07/31 14:17:00.920,n,15.461068,71.628928,0.049652,0.001332,0.055995,0.001739,16.499204,16.247196,16.463046,16.286348,16.753932,16.58563,16.749008,16.221116,16.433476,16.184916,0,0,0,0,0,0
2025/07/31 14:18:00.925,n,15.48587,71.69656,0.053786,0.001214,0.061556,0.00166,16.497802,16.234188,16.468818,16.273278,16.752464,16.591238,16.749008,16.216812,16.441986,16.186334,0,0,0,0,0,0
2025/07/31 14:19:00.929,n,15.47923,71.783424,0.057679,0.00115,0.067228,0.001717,16.493462,16.23269,16.465916,16.273278,16.74816,16.596878,16.754616,16.218214,16.45046,16.184916,0,0,0,0,0,0
2025/07/31 14:20:00.927,n,15.500714,71.514624,0.06175,0.00122,0.072211,0.001494,16.494896,16.23269,16.460144,16.274742,16.73512,16.602488,16.765996,16.221116,16.45046,16.1878,0,0,0,0,0,0
2025/07/31 14:21:00.930,n,15.500714,71.492064,0.066424,0.001404,0.076755,0.00139,16.493462,16.225452,16.454342,16.26604,16.72498,16.610996,16.763158,16.219616,16.4561,16.184916,0,3,0,0,0,0
2025/07/31 14:22:00.932,n,15.533772,71.805888,0.071583,0.001537,0.081047,0.001292,16.48766,16.226888,16.454342,16.274742,16.729316,16.610996,16.765996,16.221116,16.47012,16.184916,0,0,0,0,0,0
2025/07/31 14:23:00.932,n,15.558576,72.048704,0.077907,0.001907,0.084825,0.001143,16.481826,16.216812,16.447106,16.261736,16.710536,16.625082,16.777244,16.218214,16.472958,16.177628,0,0,1,0,0,0
2025/07/31 14:24:00.935,n,15.621418,72.28176,0.088377,0.003272,0.090494,0.001754,16.483292,16.228354,16.43553,16.268972,16.716308,16.616636,16.780112,16.219616,16.47012,16.176178,0,0,0,0,0,0
2025/07/31 14:25:00.923,n,15.606526,71.79944,0.1072,0.005847,0.101026,0.003232,16.474586,16.229788,16.445604,16.26604,16.733716,16.616636,16.777244,16.213862,16.478598,16.182014,0,0,0,0,0,0
2025/07/31 14:26:00.904,n,15.632992,71.891192,0.147411,0.013453,0.116702,0.004945,16.483292,16.245762,16.429694,16.286348,16.730784,16.610996,16.780112,16.218214,16.472958,16.170392,0,1,0,0,0,0
2025/07/31 14:27:00.908,n,15.72546,71.83684,0.164094,0.002948,0.129744,0.003496,16.53689,16.309494,16.490596,16.342844,16.804664,16.551202,16.720284,16.279112,16.415936,16.235592,0,0,0,0,0,0
2025/07/31 14:28:00.910,n,15.806416,71.775752,0.171085,0.003684,0.140102,0.002888,16.534022,16.30806,16.483356,16.33704,16.801764,16.562418,16.725924,16.274776,16.424346,16.237024,0,0,0,0,0,0
2025/07/31 14:29:00.914,n,15.903878,71.790256,0.205829,0.010765,0.149171,0.002719,16.542726,16.30806,16.49203,16.344278,16.820576,16.551202,16.725924,16.27621,16.424346,16.231256,0,0,0,0,0,0
2025/07/31 14:30:00.916,n,16.05251,72.037864,0.20749,0.004406,0.148477,0.000457,16.541258,16.306658,16.484758,16.332674,16.822074,16.55681,16.723058,16.271842,16.421544,16.239926,0,0,0,0,0,0
2025/07/31 14:31:00.930,n,16.199338,72.335176,0.182552,0.010767,0.139959,0.00243,16.541258,16.296488,16.500734,16.335574,16.819142,16.537052,16.71171,16.28198,16.407526,16.2544,0,0,0,0,0,0
2025/07/31 14:32:00.927,n,16.33796,72.630584,0.177543,0.011537,0.131133,0.003265,16.528218,16.290684,16.49493,16.325438,16.814836,16.553942,16.723058,16.274776,16.427152,16.24723,0,0,0,0,0,0
2025/07/31 14:33:00.930,n,16.407196,71.79348,0.115746,0.013629,0.118683,0.00361,16.506504,16.271842,16.480456,16.309494,16.767072,16.568058,16.731534,16.267506,16.43853,16.237024,0,0,0,0,0,0
2025/07/31 14:34:00.915,n,16.435224,70.43108,0.097315,0.005098,0.114014,0.00125,16.49493,16.264572,16.460144,16.312428,16.762734,16.582174,16.739944,16.26167,16.452548,16.222614,0,0,0,0,0,0
2025/07/31 14:35:00.918,n,16.41711,68.683216,0.088476,0.00252,0.113983,8.229979e-05,16.490596,16.271842,16.45581,16.309494,16.765636,16.582174,16.748324,16.26167,16.458188,16.222614,0,0,0,0,0,0
2025/07/31 14:36:00.925,n,16.387422,69.02912,0.0817,0.002082,0.106267,0.002612,16.477522,16.2544,16.448604,16.28775,16.762734,16.593422,16.753966,16.25013,16.4666,16.221116,0,0,0,0,0,0
2025/07/31 14:37:00.921,n,16.342892,68.171848,0.074861,0.001921,0.091336,0.004567,16.474654,16.252998,16.451472,16.277678,16.762734,16.599062,16.765312,16.2544,16.463796,16.225516,0,0,0,0,0,0
2025/07/31 14:38:00.923,n,16.29836,68.08112,0.065489,0.002893,0.076595,0.004403,16.464544,16.244328,16.44567,16.280514,16.753998,16.613084,16.76818,16.242828,16.475044,16.210978,0,0,0,0,0,0
2025/07/31 14:39:00.928,n,16.33796,67.927216,0.054716,0.003259,0.063605,0.003855,16.463048,16.235592,16.4428,16.273278,16.762734,16.613084,16.76818,16.248664,16.477912,16.21678,0,0,0,0,0,0
2025/07/31 14:40:00.929,n,16.331368,68.768968,0.046518,0.002481,0.05312,0.00317,16.470316,16.22692,16.436996,16.273278,16.761268,16.615952,16.785036,16.2544,16.483554,16.218214,0,0,0,0,0,0
2025/07/31 14:41:00.930,n,16.364326,68.962864,0.04127,0.001492,0.046856,0.001797,16.46598,16.229788,16.435562,16.264572,16.7598,16.618724,16.779428,16.244328,16.48916,16.213862,0,0,0,0,0,0
2025/07/31 14:42:00.932,n,16.38083,69.106656,0.037513,0.001136,0.043224,0.001056,16.470316,16.228354,16.4399,16.271842,16.762734,16.627266,16.779428,16.25013,16.48916,16.218214,0,0,0,0,0,0
2025/07/31 14:43:00.919,n,16.34782,68.886936,0.035763,0.000488,0.04058,0.000749,16.45581,16.238492,16.422524,16.26604,16.76994,16.632906,16.78784,16.23269,16.497638,16.200838,0,0,0,0,0,0
2025/07/31 14:44:00.917,n,16.36686,69.010616,0.0351,0.000201,0.039107,0.000474,16.468066,16.24638,16.43178,16.279698,16.780698,16.578166,16.735936,16.240578,16.44293,16.210164,0,0,0,0,0,0
2025/07/31 14:45:00.919,n,16.342152,68.31036,0.035592,0.000267,0.041833,0.000948,16.470904,16.243446,16.43325,16.281132,16.78647,16.572558,16.738706,16.243446,16.440062,16.215918,0,0,0,0,0,0
2025/07/31 14:46:00.922,n,16.36852,69.16564,0.037885,0.000739,0.044793,0.000843,16.479574,16.233374,16.43038,16.270992,16.795144,16.586544,16.741574,16.247848,16.44293,16.220236,0,0,0,0,0,0
2025/07/31 14:47:00.928,n,16.37013,68.431752,0.039879,0.000588,0.046402,0.00045,16.476674,16.233374,16.43038,16.26959,16.79661,16.589416,16.75856,16.250718,16.448636,16.218834,0,0,0,0,0,0
2025/07/31 14:48:00.928,n,16.335462,68.82316,0.041023,0.0003,0.048095,0.000509,16.485378,16.233374,16.43325,16.270992,16.808154,16.580936,16.750052,16.255084,16.434422,16.22467,0,0,0,0,0,0
2025/07/31 14:49:00.928,n,16.348694,69.291568,0.042888,0.000577,0.05195,0.001217,16.495548,16.23044,16.434684,16.263756,16.803848,16.595086,16.766942,16.262322,16.44293,16.22317,0,0,0,0,0,0
2025/07/31 14:50:00.932,n,16.36686,69.560952,0.045514,0.000833,0.055238,0.000982,16.499886,16.234776,16.440518,16.26959,16.800914,16.589416,16.75856,16.25652,16.451406,16.217384,0,0,0,0,0,0
2025/07/31 14:51:00.934,n,16.299232,68.72936,0.049166,0.001141,0.05803,0.000872,16.507124,16.239142,16.44342,16.273896,16.798014,16.586544,16.766942,16.25942,16.440062,16.220236,0,0,0,0,0,0
2025/07/31 14:52:00.919,n,16.281068,68.642008,0.0524,0.000984,0.061298,0.001001,16.499886,16.250718,16.437616,16.279698,16.811086,16.592282,16.76981,16.243446,16.445766,16.220236,0,0,0,0,0,0
2025/07/31 14:53:00.923,n,16.276134,69.217304,0.054659,0.000683,0.062896,0.000449,16.49705,16.243446,16.43178,16.270992,16.803848,16.600694,16.77255,16.252184,16.451406,16.217384,0,0,0,0,0,0
2025/07/31 14:54:00.923,n,16.274426,69.30768,0.056888,0.000679,0.063102,0.000106,16.495548,16.243446,16.43038,16.272462,16.808154,16.59789,16.78106,16.243446,16.448636,16.22317,0,0,0,0,0,0
2025/07/31 14:55:00.924,n,16.200256,67.884296,0.058131,0.000396,0.063266,5.205096e-05,16.50129,16.242044,16.439084,16.273896,16.81536,16.603532,16.78947,16.250718,16.454274,16.211564,0,0,0,0,0,0
2025/07/31 14:56:00.926,n,16.198598,68.21476,0.059354,0.000414,0.064017,0.000225,16.507124,16.237644,16.439084,16.268092,16.812522,16.600694,16.783828,16.250718,16.462656,16.220236,0,0,0,0,0,0
2025/07/31 14:57:00.928,n,16.229898,68.692152,0.062595,0.0011,0.065806,0.000518,16.515798,16.247848,16.444854,16.268092,16.812522,16.603532,16.78947,16.252184,16.454274,16.217384,0,0,0,0,0,0
2025/07/31 14:58:00.929,n,16.220032,69.194696,0.072434,0.003102,0.070906,0.001639,16.520198,16.239142,16.447692,16.268092,16.813958,16.603532,16.792306,16.262322,16.454274,16.22467,0,0,0,0,0,0
2025/07/31 14:59:00.932,n,16.286,69.556168,0.082615,0.002818,0.078612,0.001956,16.520198,16.239142,16.439084,16.268092,16.812522,16.609172,16.806426,16.257986,16.462656,16.217384,0,0,0,0,0,0
2025/07/31 15:00:00.933,n,16.320668,70.407584,0.100284,0.004337,0.085845,0.001968,16.525968,16.243446,16.440518,16.273896,16.821196,16.609172,16.803654,16.25942,16.454274,16.218834,0,0,0,0,0,0
2025/07/31 15:01:00.914,n,16.345426,70.638584,0.084302,0.000731,0.085547,0.000341,16.521632,16.266658,16.437616,16.285532,16.811086,16.589416,16.783828,16.253616,16.43729,16.215918,0,0,0,0,0,0
2025/07/31 15:02:00.915,n,16.353626,69.885024,0.0964,0.003808,0.088986,0.000945,16.531706,16.26959,16.440518,16.285532,16.81536,16.592282,16.792306,16.25652,16.445766,16.221736,0,3,0,0,0,0
2025/07/31 15:03:00.919,n,16.373452,69.548056,0.102861,0.0057,0.092382,0.001286,16.52737,16.263756,16.44342,16.289804,16.826968,16.600694,16.800816,16.253616,16.440062,16.22467,0,0,0,0,0,0
2025/07/31 15:04:00.919,n,16.39816,69.889808,0.084556,0.006334,0.091371,0.000581,16.520198,16.253616,16.434684,16.273896,16.811086,16.609172,16.806426,16.247848,16.459916,16.215918,0,0,0,0,0,0
2025/07/31 15:05:00.920,n,16.434486,70.779016,0.08418,0.002139,0.091596,0.000494,16.523034,16.257986,16.434684,16.26959,16.80962,16.61194,16.814904,16.25942,16.454274,16.211564,0,0,0,0,0,0
2025/07/31 15:06:00.926,n,16.528432,71.378872,0.077375,0.00209,0.087149,0.001371,16.524502,16.247848,16.439084,16.270992,16.806752,16.61478,16.820544,16.257986,16.462656,16.215918,0,0,0,0,0,0
2025/07/31 15:07:00.927,n,16.506948,71.10168,0.069415,0.002432,0.081509,0.00173,16.515798,16.244914,16.43178,16.262322,16.802382,16.62319,16.831824,16.255084,16.462656,16.220236,0,0,0,0,0,0
2025/07/31 15:08:00.931,n,16.544934,71.196736,0.060282,0.002735,0.071733,0.003017,16.521632,16.250718,16.437616,16.268092,16.800914,16.634438,16.843072,16.266658,16.465426,16.217384,0,0,0,0,0,0
2025/07/31 15:09:00.931,n,16.591076,70.933952,0.051757,0.002549,0.060498,0.003373,16.518696,16.239142,16.43038,16.253616,16.787904,16.640142,16.843072,16.253616,16.476674,16.210164,0,0,0,0,0,0
2025/07/31 15:10:00.917,n,16.56471,69.506168,0.042226,0.00283,0.048457,0.003655,16.498484,16.247848,16.424544,16.257986,16.779264,16.634438,16.840172,16.252184,16.476674,16.207276,0,0,1,0,0,0
2025/07/31 15:11:00.917,n,16.579506,70.258904,0.033367,0.002677,0.038182,0.002972,16.499886,16.243446,16.424544,16.26519,16.770528,16.643044,16.843072,16.247848,16.476674,16.200006,0,0,0,0,0,0
2025/07/31 15:12:00.922,n,16.559732,69.512608,0.028301,0.001416,0.034145,0.001171,16.49705,16.242044,16.417338,16.257986,16.770528,16.648652,16.845912,16.250718,16.471034,16.204328,0,0,0,0,0,0
2025/07/31 15:13:00.921,n,16.543274,69.425496,0.026637,0.000472,0.033235,0.000223,16.504222,16.243446,16.434684,16.255084,16.783536,16.645784,16.843072,16.249284,16.468264,16.20141,0,0,0,0,0,0
2025/07/31 15:14:00.928,n,16.577892,69.527112,0.026205,0.000115,0.03111,0.00066,16.510026,16.244914,16.427444,16.25942,16.779264,16.63734,16.845912,16.253616,16.482314,16.210164,0,0,0,0,0,0
2025/07/31 15:15:00.927,n,16.528432,69.473896,0.024814,0.000429,0.027616,0.001045,16.499886,16.23044,16.427444,16.250718,16.779264,16.643044,16.85716,16.252184,16.476674,16.202926,0,0,0,0,0,0
2025/07/31 15:16:00.929,n,16.52018,69.21564,0.022972,0.000567,0.026066,0.000452,16.507124,16.231908,16.434684,16.252184,16.777768,16.654294,16.851552,16.262322,16.476674,16.202926,0,0,0,0,0,0
2025/07/31 15:17:00.930,n,16.48058,69.48356,0.021963,0.000312,0.025474,0.000182,16.521632,16.242044,16.437616,16.255084,16.783536,16.648652,16.860028,16.26959,16.482314,16.214514,0,0,0,0,0,0
2025/07/31 15:18:00.932,n,16.493814,69.147816,0.022863,0.000321,0.026239,0.000285,16.521632,16.23621,16.43038,16.255084,16.777768,16.651424,16.860028,16.263756,16.49079,16.202926,0,0,0,0,0,0
2025/07/31 15:19:00.917,n,16.431118,68.491568,0.024856,0.000623,0.026814,0.000124,16.505658,16.242044,16.415872,16.257986,16.777768,16.662674,16.86567,16.255084,16.479544,16.195622,0,0,0,0,0,0
2025/07/31 15:20:00.921,n,16.421254,69.293128,0.027574,0.000828,0.030048,0.00105,16.508526,16.249284,16.415872,16.260888,16.772026,16.662674,16.860028,16.25652,16.485182,16.188386,0,0,0,0,0,0
2025/07/31 15:21:00.921,n,16.40973,69.954848,0.031751,0.001301,0.036658,0.00201,16.514394,16.24638,16.421674,16.257986,16.782102,16.657034,16.86567,16.25652,16.487922,16.19854,0,0,0,0,0,0
2025/07/31 15:22:00.926,n,16.388294,70.210368,0.037466,0.001535,0.044627,0.002395,16.518696,16.253616,16.42891,16.253616,16.783536,16.657034,16.87131,16.25942,16.496528,16.19854,0,0,0,0,0,0
2025/07/31 15:23:00.927,n,16.418332,69.84196,0.041926,0.001297,0.050911,0.001737,16.54853,16.27621,16.461612,16.287816,16.817708,16.577514,16.8001,16.295022,16.40847,16.234188,0,0,0,0,0,0
2025/07/31 15:24:00.928,n,16.395234,68.436976,0.044684,0.000839,0.05287,0.000624,16.554298,16.27621,16.45007,16.286348,16.814804,16.591598,16.79449,16.292118,16.40847,16.239992,0,0,0,0,0,0
2025/07/31 15:25:00.930,n,16.304462,67.048544,0.045849,0.000318,0.053247,8.82567e-05,16.554298,16.279112,16.463078,16.289218,16.807566,16.583118,16.8001,16.286348,16.41972,16.234188,0,0,0,0,0,0
2025/07/31 15:26:00.934,n,16.243428,67.386488,0.047085,0.000397,0.053821,0.000144,16.555734,16.27621,16.46021,16.284914,16.810466,16.591598,16.8001,16.295022,16.42539,16.23709,0,0,0,0,0,0
2025/07/31 15:27:00.935,n,16.241818,68.236144,0.048848,0.000558,0.055589,0.000547,16.557202,16.267506,16.451472,16.283448,16.79886,16.591598,16.80861,16.287816,16.41972,16.231288,0,0,0,0,0,0
2025/07/31 15:28:00.920,n,16.226972,68.663448,0.051295,0.000785,0.057046,0.000426,16.54129,16.289218,16.447136,16.283448,16.807566,16.597238,16.81148,16.287816,16.42813,16.22692,0,0,0,0,0,0
2025/07/31 15:29:00.922,n,16.193966,68.834776,0.05368,0.000706,0.059596,0.000816,16.551398,16.287816,16.447136,16.295022,16.796024,16.600106,16.81425,16.289218,16.422524,16.22255,0,0,0,0,0,0
2025/07/31 15:30:00.924,n,16.248456,69.538832,0.055926,0.00067,0.062373,0.000882,16.552802,16.286348,16.448604,16.281982,16.797426,16.597238,16.81425,16.293586,16.41972,16.225452,0,0,0,0,0,0
2025/07/31 15:31:00.918,n,16.28967,69.514608,0.057354,0.000271,0.064313,0.000315,16.561538,16.305192,16.466012,16.306658,16.804632,16.577514,16.788884,16.300824,16.405634,16.22692,0,0,0,0,0,0
2025/07/31 15:32:00.925,n,16.266572,69.683952,0.058188,0.000252,0.065722,0.000428,16.565874,16.300824,16.461612,16.29939,16.8061,16.585892,16.797294,16.309526,16.402832,16.231288,0,0,0,0,0,0
2025/07/31 15:33:00.926,n,16.33093,70.703528,0.058755,0.000181,0.06655,0.000225,16.549964,16.286348,16.457308,16.281982,16.794556,16.58876,16.81148,16.293586,16.416882,16.231288,0,0,0,0,0,0
2025/07/31 15:34:00.926,n,16.33093,70.696984,0.059401,0.000263,0.06664,8.43322e-05,16.54853,16.290684,16.464544,16.293586,16.790188,16.58876,16.80861,16.309526,16.405634,16.231288,0,0,0,0,0,0
2025/07/31 15:35:00.926,n,16.388592,70.86324,0.059626,8.229979e-05,0.065269,0.000426,16.552802,16.286348,16.463078,16.293586,16.794556,16.594466,16.81148,16.303724,16.41972,16.232754,0,0,0,0,0,0
2025/07/31 15:36:00.932,n,16.42326,70.913288,0.061511,0.00056,0.066055,0.000255,16.555734,16.286348,16.461612,16.281982,16.793122,16.602846,16.82273,16.310964,16.416882,16.231288,0,0,0,0,0,0
2025/07/31 15:37:00.911,n,16.462812,71.16168,0.064087,0.000808,0.069635,0.001141,16.565874,16.284914,16.461612,16.300824,16.780046,16.597238,16.817088,16.306658,16.41972,16.234188,0,0,0,0,0,0
2025/07/31 15:38:00.911,n,16.545284,71.32604,0.066427,0.000699,0.073454,0.001143,16.561538,16.281982,16.457308,16.29792,16.775714,16.597238,16.81148,16.309526,16.41972,16.231288,0,0,0,0,0,0
2025/07/31 15:39:00.916,n,16.56672,71.430776,0.068237,0.000504,0.076783,0.001006,16.555734,16.289218,16.457308,16.295022,16.774278,16.600106,16.81425,16.305192,16.422524,16.22692,0,0,0,0,0,0
2025/07/31 15:40:00.918,n,16.642498,71.29708,0.069721,0.000452,0.079165,0.000721,16.554298,16.289218,16.447136,16.29792,16.781516,16.611356,16.817088,16.309526,16.436638,16.221116,0,0,0,0,0,0
2025/07/31 15:41:00.920,n,16.629364,70.183168,0.070725,0.000305,0.080125,0.000286,16.554298,16.292118,16.444236,16.295022,16.774278,16.611356,16.819856,16.310964,16.42539,16.224016,0,0,0,0,0,0
2025/07/31 15:42:00.922,n,16.71999,70.141176,0.07077,5.520838e-05,0.080456,0.00011,16.551398,16.289218,16.448604,16.29792,16.781516,16.602846,16.817088,16.29939,16.430998,16.229852,0,0,0,0,0,0
2025/07/31 15:43:00.922,n,16.74963,69.54528,0.069838,0.000268,0.079516,0.000307,16.552802,16.29792,16.444236,16.295022,16.778644,16.605748,16.82273,16.306658,16.42813,16.22255,0,0,0,0,0,0
2025/07/31 15:44:00.924,n,16.808906,69.36456,0.067889,0.000618,0.077344,0.000736,16.551398,16.29939,16.445636,16.302258,16.774278,16.602846,16.817088,16.305192,16.42539,16.22255,0,0,0,0,0,0
2025/07/31 15:45:00.925,n,16.785908,68.454704,0.065372,0.000729,0.074516,0.000854,16.551398,16.29792,16.4428,16.293586,16.775714,16.614124,16.825498,16.300824,16.42813,16.219616,0,0,0,0,0,0
2025/07/31 15:46:00.913,n,16.866574,69.598552,0.062043,0.001018,0.07089,0.001069,16.557202,16.283448,16.45007,16.296488,16.771374,16.608518,16.828336,16.30806,16.42539,16.229852,0,0,0,0,0,0
2025/07/31 15:47:00.914,n,16.887958,69.611392,0.058305,0.001168,0.066819,0.001229,16.549964,16.284914,16.444236,16.295022,16.768506,16.608518,16.828336,16.31243,16.433738,16.231288,0,0,0,0,0,0
2025/07/31 15:48:00.917,n,16.920918,69.632384,0.054372,0.001136,0.062124,0.001449,16.54853,16.287816,16.4399,16.295022,16.76997,16.614124,16.825498,16.315296,16.436638,16.219616,0,0,0,0,0,0
2025/07/31 15:49:00.921,n,16.952168,69.14176,0.050394,0.00119,0.056893,0.001585,16.539822,16.296488,16.441366,16.295022,16.76997,16.614124,16.825498,16.316732,16.433738,16.219616,0,0,0,0,0,0
2025/07/31 15:50:00.921,n,16.89621,68.944744,0.046004,0.001324,0.051721,0.001547,16.538358,16.293586,16.4428,16.300824,16.76997,16.614124,16.82273,16.31243,16.433738,16.219616,0,0,0,0,0,0
2025/07/31 15:51:00.922,n,16.942302,69.18864,0.041694,0.001323,0.04627,0.001643,16.534052,16.286348,16.4428,16.293586,16.780046,16.619766,16.833976,16.303724,16.433738,16.218214,0,0,0,0,0,0
2025/07/31 15:52:00.926,n,16.874824,68.804112,0.037508,0.00124,0.040613,0.001705,16.536956,16.293586,16.438466,16.287816,16.76997,16.611356,16.828336,16.306658,16.439474,16.221116,0,0,0,0,0,0
2025/07/31 15:53:00.927,n,16.836934,67.939712,0.033144,0.001305,0.035335,0.001556,16.53112,16.286348,16.434158,16.280514,16.772808,16.619766,16.83114,16.29792,16.430998,16.208076,0,0,0,0,0,0
2025/07/31 15:54:00.929,n,16.850068,68.231312,0.028681,0.001354,0.030059,0.001579,16.529652,16.296488,16.4399,16.287816,16.77718,16.625374,16.83114,16.296488,16.442344,16.21678,0,0,0,0,0,0
2025/07/31 15:55:00.916,n,16.841866,68.504896,0.02471,0.001186,0.02556,0.001338,16.544194,16.283448,16.43703,16.284914,16.767072,16.628146,16.833976,16.309526,16.442344,16.218214,0,0,0,0,0,0
2025/07/31 15:56:00.916,n,16.830342,67.595864,0.021635,0.00091,0.023249,0.000651,16.545596,16.289218,16.444236,16.290684,16.76417,16.625374,16.828336,16.316732,16.445082,16.224016,0,0,0,0,0,0
2025/07/31 15:57:00.919,n,16.729856,67.722424,0.019524,0.000627,0.022561,0.000191,16.544194,16.287816,16.438466,16.295022,16.775714,16.631014,16.836748,16.306658,16.439474,16.218214,0,0,0,0,0,0
2025/07/31 15:58:00.922,n,16.769406,68.51788,0.018631,0.000253,0.021678,0.00029,16.542726,16.290684,16.431228,16.290684,16.772808,16.619766,16.83114,16.309526,16.439474,16.168908,0,0,0,0,0,0
2025/07/31 15:59:00.923,n,16.75295,68.98512,0.018934,0.000134,0.020639,0.000287,16.536956,16.293586,16.4399,16.293586,16.765604,16.631014,16.836748,16.310964,16.439474,16.219616,0,0,0,0,0,0
2025/07/31 16:00:00.926,n,16.668866,66.675988,0.019148,0.000136,0.020671,7.888554e-05,16.545596,16.296488,16.43703,16.292118,16.775714,16.631014,16.83114,16.30806,16.439474,16.21678,0,0,0,0,0,0
2025/07/31 16:01:00.920,n,16.60461,66.489664,0.018406,0.000233,0.020795,5.002929e-05,16.570274,16.30806,16.452938,16.30806,16.787284,16.600106,16.805838,16.329804,16.40847,16.238556,0,0,0,0,0,0
2025/07/31 16:02:00.919,n,16.522186,67.243616,0.018103,0.000132,0.020757,0.000119,16.562972,16.302258,16.45581,16.305192,16.785882,16.611356,16.81148,16.332674,16.416882,16.234188,0,1,0,0,0,0
2025/07/31 16:03:00.921,n,16.38039,68.177848,0.017936,8.570152e-05,0.02044,7.361117e-05,16.565874,16.302258,16.45007,16.300824,16.775714,16.616962,16.81425,16.326872,16.42813,16.225452,0,0,0,0,0,0
2025/07/31 16:04:00.907,n,16.350704,68.74752,0.017837,5.404597e-05,0.019852,0.000205,16.562972,16.286348,16.461612,16.293586,16.791656,16.625374,16.825498,16.332674,16.433738,16.235656,0,0,0,0,0,0
2025/07/31 16:05:00.908,n,16.294598,69.584,0.017534,8.408082e-05,0.019145,0.000208,16.560104,16.287816,16.45581,16.284914,16.77718,16.628146,16.833976,16.325438,16.436638,16.234188,0,0,0,0,0,0
2025/07/31 16:06:00.910,n,16.261594,69.891864,0.017063,0.000145,0.018989,5.44362e-05,16.562972,16.289218,16.457308,16.290684,16.77718,16.622506,16.83114,16.326872,16.433738,16.228354,0,0,0,0,0,0
2025/07/31 16:07:00.914,n,16.288056,70.328672,0.01655,0.000168,0.019242,8.357583e-05,16.561538,16.289218,16.452938,16.286348,16.762702,16.631014,16.836748,16.32837,16.439474,16.21678,0,0,0,0,0,0
2025/07/31 16:08:00.916,n,16.230294,70.411096,0.016247,8.152457e-05,0.019059,6.033759e-05,16.567342,16.293586,16.444236,16.302258,16.758366,16.628146,16.828336,16.326872,16.433738,16.22692,0,0,0,0,0,0
2025/07/31 16:09:00.921,n,16.172528,70.511288,0.015875,0.000116,0.018649,0.000126,16.562972,16.29792,16.448604,16.292118,16.756932,16.633784,16.833976,16.321134,16.445082,16.225452,0,0,0,0,0,0
2025/07/31 16:10:00.918,n,16.16589,70.601768,0.015634,6.808411e-05,0.018373,8.533024e-05,16.549964,16.290684,16.438466,16.29939,16.752562,16.639394,16.842356,16.324034,16.445082,16.224016,0,0,0,0,0,0
2025/07/31 16:11:00.923,n,16.12956,70.6922,0.015487,3.903822e-05,0.018163,6.977304e-05,16.547094,16.293586,16.444236,16.29792,16.742456,16.639394,16.842356,16.31243,16.450722,16.224016,0,0,0,0,0,0
2025/07/31 16:12:00.922,n,16.12463,71.074624,0.01554,2.682645e-05,0.018028,3.793833e-05,16.547094,16.300824,16.4399,16.290684,16.742456,16.650772,16.845256,16.31243,16.453494,16.209544,0,0,0,0,0,0
2025/07/31 16:13:00.909,n,16.061886,70.634048,0.015843,9.451048e-05,0.018017,1.028747e-05,16.552802,16.289218,16.451472,16.277644,16.73812,16.642262,16.847998,16.322568,16.450722,16.229852,0,0,0,0,0,0
2025/07/31 16:14:00.912,n,16.037178,70.587272,0.016241,0.000128,0.0182,6.341624e-05,16.558636,16.277644,16.4428,16.280514,16.732348,16.650772,16.856604,16.3182,16.459134,16.228354,0,0,1,0,0,0
2025/07/31 16:15:00.914,n,16.00412,70.726136,0.016791,0.000159,0.019027,0.000262,16.549964,16.277644,16.43703,16.283448,16.72074,16.653608,16.856604,16.316732,16.456364,16.215362,0,0,0,0,0,0
2025/07/31 16:16:00.915,n,15.99255,70.664712,0.017518,0.00023,0.020299,0.000376,16.54853,16.289218,16.438466,16.273278,16.716372,16.65638,16.850864,16.3182,16.456364,16.22255,0,0,0,0,0,0
2025/07/31 16:17:00.915,n,15.943036,70.780968,0.018427,0.000281,0.021479,0.000346,16.542726,16.284914,16.4428,16.283448,16.716372,16.659216,16.859344,16.322568,16.462002,16.224016,0,0,0,0,0,0
2025/07/31 16:18:00.917,n,15.938108,70.603336,0.01956,0.000336,0.022744,0.000384,16.54129,16.293586,16.4399,16.290684,16.714938,16.65638,16.856604,16.32837,16.464774,16.22255,0,0,0,0,0,0
2025/07/31 16:19:00.920,n,15.91496,70.73092,0.020713,0.000342,0.023846,0.000325,16.532586,16.280514,16.426858,16.274776,16.697624,16.673268,16.862212,16.31243,16.464774,16.218214,0,0,0,0,0,0
2025/07/31 16:20:00.923,n,15.936444,71.06652,0.021776,0.000315,0.024833,0.000289,16.535488,16.296488,16.434158,16.283448,16.69906,16.659216,16.864984,16.319636,16.462002,16.209544,0,0,0,0,0,0
2025/07/31 16:21:00.925,n,15.923214,70.88268,0.022686,0.000274,0.025668,0.000248,16.52675,16.293586,16.425392,16.280514,16.69906,16.664858,16.864984,16.316732,16.47325,16.206626,0,0,0,0,0,0
2025/07/31 16:22:00.911,n,15.838986,70.572672,0.02343,0.000224,0.026368,0.000205,16.539822,16.283448,16.42976,16.267506,16.693222,16.676106,16.873494,16.310964,16.475988,16.213862,0,0,0,0,0,0
2025/07/31 16:23:00.912,n,15.882442,70.857344,0.024085,0.000174,0.027063,0.000177,16.586544,16.330162,16.490954,16.320058,16.737142,16.641936,16.833554,16.36785,16.44182,16.26643,0,0,0,0,0,0
2025/07/31 16:24:00.917,n,15.857636,71.109056,0.024548,0.000134,0.027719,0.000197,16.586544,16.334498,16.483716,16.327262,16.735704,16.641936,16.839194,16.360614,16.450266,16.254792,0,0,0,0,0,0
2025/07/31 16:25:00.916,n,15.936982,71.386296,0.024971,0.00012,0.028401,0.000201,16.57497,16.330162,16.480814,16.325828,16.731304,16.630558,16.836324,16.375088,16.44743,16.264962,0,0,0,0,0,0
2025/07/31 16:26:00.920,n,15.898946,71.28796,0.025476,0.000147,0.028933,0.000164,16.57497,16.335964,16.47364,16.318588,16.722632,16.644676,16.841964,16.364948,16.44743,16.256196,0,0,0,0,0,0
2025/07/31 16:27:00.920,n,15.915448,71.565008,0.02595,0.000145,0.02932,0.000114,16.570636,16.335964,16.472142,16.333066,16.716828,16.644676,16.839194,16.359146,16.44743,16.254792,0,0,0,0,0,0
2025/07/31 16:28:00.924,n,15.925412,71.798408,0.026419,0.000141,0.029513,5.2858e-05,16.569232,16.340304,16.472142,16.324392,16.719764,16.641936,16.839194,16.36785,16.450266,16.253358,0,0,0,0,0,0
2025/07/31 16:29:00.925,n,15.913838,71.711544,0.026872,0.000136,0.029561,1.301274e-05,16.561928,16.343204,16.470738,16.328696,16.713926,16.641936,16.844802,16.363514,16.450266,16.251924,0,0,0,0,0,0
2025/07/31 16:30:00.926,n,15.945188,71.820968,0.027215,0.000102,0.029679,3.793833e-05,16.557592,16.344704,16.462002,16.334498,16.713926,16.63343,16.844802,16.362016,16.450266,16.253358,0,0,0,0,0,0
2025/07/31 16:31:00.917,n,15.946846,71.755,0.027439,2.288818e-05,0.029926,2.854658e-05,16.577904,16.344704,16.490954,16.338868,16.719764,16.610832,16.813826,16.382358,16.427772,16.272232,0,0,0,0,0,0
2025/07/31 16:32:00.917,n,15.958416,71.822576,0.027673,7.245186e-05,0.03028,0.000112,16.573536,16.34904,16.476544,16.340304,16.715394,16.616442,16.816664,16.377924,16.43618,16.270766,0,0,0,0,0,0
2025/07/31 16:33:00.918,n,15.974922,71.941576,0.027985,9.292954e-05,0.030784,0.000156,16.563396,16.334498,16.47364,16.333066,16.711088,16.63343,16.830684,16.375088,16.439052,16.263496,0,0,0,0,0,0
2025/07/31 16:34:00.922,n,16.001386,71.957688,0.028354,0.000108,0.031497,0.000216,16.563396,16.344704,16.469274,16.3374,16.70672,16.63343,16.830684,16.37075,16.44743,16.26203,0,0,0,0,0,0
2025/07/31 16:35:00.922,n,16.016232,72.07024,0.028723,0.000114,0.032139,0.000201,16.560526,16.335964,16.46347,16.328696,16.692246,16.641936,16.844802,16.36785,16.455906,16.260594,0,0,0,0,0,0
2025/07/31 16:36:00.926,n,16.044308,72.365936,0.02907,0.000111,0.032728,0.000176,16.544584,16.3374,16.453332,16.327262,16.685008,16.639036,16.839194,16.35771,16.455906,16.257692,0,0,0,0,0,0
2025/07/31 16:37:00.931,n,16.054218,72.267936,0.0292,4.412835e-05,0.033129,0.000123,16.541684,16.333066,16.44756,16.320058,16.685008,16.644676,16.841964,16.356244,16.455906,16.259128,0,0,0,0,0,0
2025/07/31 16:38:00.932,n,16.06413,72.224576,0.02919,1.840279e-05,0.033103,3.563686e-05,16.534446,16.3374,16.453332,16.320058,16.683572,16.647544,16.839194,16.34904,16.467154,16.247588,0,0,0,0,0,0
2025/07/31 16:39:00.932,n,16.110372,72.237416,0.029019,8.43322e-05,0.032643,0.000127,16.530108,16.330162,16.44756,16.317156,16.685008,16.647544,16.839194,16.359146,16.461546,16.244684,0,0,0,0,0,0
2025/07/31 16:40:00.917,n,16.077362,72.266328,0.028681,0.000105,0.031679,0.000349,16.546018,16.325828,16.457666,16.325828,16.676334,16.641936,16.839194,16.369316,16.461546,16.251924,0,0,0,0,0,0
2025/07/31 16:41:00.918,n,16.093868,72.317744,0.027881,0.000237,0.030644,0.000404,16.531542,16.321492,16.44756,16.309856,16.669096,16.644676,16.84767,16.360614,16.469958,16.256196,0,0,0,0,0,0
2025/07/31 16:42:00.921,n,16.10207,72.4382,0.026731,0.000395,0.029695,0.000399,16.531542,16.31569,16.44606,16.317156,16.664728,16.647544,16.839194,16.362016,16.461546,16.253358,0,0,0,0,0,0
2025/07/31 16:43:00.922,n,16.140012,72.515248,0.025877,0.000195,0.028944,0.00026,16.524338,16.327262,16.441758,16.31569,16.66763,16.647544,16.836324,16.363514,16.464316,16.247588,0,0,0,0,0,0
2025/07/31 16:44:00.926,n,16.140012,72.5988,0.026346,0.000145,0.029942,0.0003,16.522872,16.331598,16.444658,16.31569,16.666194,16.650284,16.841964,16.35771,16.464316,16.247588,0,0,0,0,0,0
2025/07/31 16:45:00.926,n,16.146698,72.534592,0.027153,0.000272,0.030371,0.000138,16.499692,16.318588,16.433052,16.312786,16.658956,16.650284,16.85051,16.354776,16.469958,16.237416,0,0,0,0,0,0
2025/07/31 16:46:00.928,n,16.15324,72.585904,0.027595,9.952832e-05,0.029567,0.000324,16.506896,16.335964,16.43012,16.312786,16.654652,16.653186,16.85051,16.354776,16.481304,16.233048,0,0,0,0,0,0
2025/07/31 16:47:00.931,n,16.118572,72.30168,0.029205,0.000513,0.032771,0.001052,16.509796,16.328696,16.433052,16.311352,16.66039,16.644676,16.844802,16.35331,16.472794,16.240284,0,0,0,0,0,0
2025/07/31 16:48:00.931,n,16.18298,72.512032,0.033637,0.001398,0.035239,0.000712,16.515632,16.343204,16.443192,16.317156,16.664728,16.641936,16.839194,16.35331,16.467154,16.24899,0,0,0,0,0,0
2025/07/31 16:49:00.921,n,16.204414,72.545824,0.035675,0.000571,0.03813,0.000884,16.519936,16.318588,16.433052,16.314254,16.654652,16.647544,16.839194,16.362016,16.464316,16.247588,0,0,0,0,0,0
2025/07/31 16:50:00.922,n,16.22424,72.674184,0.036815,0.000295,0.039706,0.000477,16.505428,16.318588,16.444658,16.317156,16.664728,16.63343,16.844802,16.36785,16.464316,16.25052,0,0,0,0,0,0
2025/07/31 16:51:00.923,n,16.250608,72.722384,0.036836,2.602548e-05,0.039802,4.69181e-05,16.5171,16.317156,16.42435,16.306952,16.65752,16.650284,16.839194,16.35771,16.469958,16.244684,0,0,0,0,0,0
2025/07/31 16:52:00.926,n,16.247334,72.690256,0.036639,5.672122e-05,0.040058,0.000113,16.518536,16.322958,16.428684,16.31569,16.661858,16.641936,16.839194,16.35771,16.469958,16.247588,0,3,0,0,0,0
2025/07/31 16:53:00.928,n,16.285276,72.744744,0.03608,0.000184,0.041061,0.000313,16.508394,16.320058,16.428684,16.314254,16.66039,16.641936,16.830684,16.363514,16.461546,16.251924,0,0,0,0,0,0
2025/07/31 16:54:00.927,n,16.351238,72.632496,0.035696,0.000105,0.041498,0.000113,16.50119,16.318588,16.427216,16.314254,16.661858,16.647544,16.830684,16.360614,16.461546,16.25052,0,0,0,0,0,0
2025/07/31 16:55:00.930,n,16.282002,72.3756,0.035463,6.308159e-05,0.040987,0.000168,16.498258,16.322958,16.43012,16.314254,16.658956,16.647544,16.830684,16.351876,16.469958,16.24612,0,0,0,0,0,0
2025/07/31 16:56:00.932,n,16.272042,72.173168,0.03468,0.000239,0.040069,0.00029,16.498258,16.327262,16.425846,16.311352,16.65175,16.639036,16.839194,16.354776,16.467154,16.24899,0,0,0,0,0,0
2025/07/31 16:57:00.934,n,16.232442,71.9738,0.033258,0.000438,0.03806,0.000624,16.490954,16.320058,16.422914,16.308418,16.658956,16.641936,16.833554,16.35331,16.469958,16.257692,0,0,0,0,0,0
2025/07/31 16:58:00.919,n,16.191232,71.875704,0.031415,0.000567,0.035239,0.000859,16.499692,16.311352,16.427216,16.311352,16.648818,16.644676,16.833554,16.364948,16.464316,16.253358,0,0,0,0,0,0
2025/07/31 16:59:00.921,n,16.252266,71.882152,0.02906,0.000704,0.0323,0.000875,16.498258,16.309856,16.422914,16.304082,16.644512,16.644676,16.836324,16.362016,16.467154,16.24612,0,0,0,0,0,0
2025/07/31 17:00:00.925,n,16.177998,71.740544,0.026429,0.000792,0.029411,0.000877,16.493888,16.317156,16.418546,16.308418,16.644512,16.639036,16.827912,16.360614,16.472794,16.237416,0,0,0,0,0,0
2025/07/31 17:01:00.921,n,16.230782,71.864376,0.02408,0.000549,0.02667,0.000643,16.511266,16.321492,16.435922,16.321492,16.661858,16.619342,16.811054,16.379454,16.439052,16.260594,0,0,0,0,0,0
2025/07/31 17:02:00.924,n,16.268768,72.047776,0.021734,0.000697,0.02397,0.000808,16.502626,16.322958,16.433052,16.309856,16.656056,16.622082,16.808154,16.36785,16.44182,16.254792,0,0,0,0,0,0
2025/07/31 17:03:00.923,n,16.263836,72.16828,0.019727,0.000596,0.021501,0.000734,16.496788,16.31569,16.421446,16.306952,16.645914,16.627722,16.816664,16.362016,16.455906,16.25052,0,0,0,0,0,0
2025/07/31 17:04:00.926,n,16.2341,72.115256,0.017821,0.000558,0.019442,0.000612,16.495354,16.311352,16.415676,16.31569,16.650282,16.636296,16.816664,16.363514,16.444658,16.247588,0,0,0,0,0,0
2025/07/31 17:05:00.927,n,16.253876,72.07824,0.016252,0.000472,0.017747,0.000501,16.493888,16.327262,16.418546,16.304082,16.644512,16.627722,16.819466,16.366448,16.453068,16.238882,0,0,0,0,0,0
2025/07/31 17:06:00.932,n,16.290204,72.21652,0.015007,0.000377,0.016422,0.0004,16.48665,16.317156,16.402602,16.29978,16.64158,16.639036,16.819466,16.343204,16.464316,16.237416,0,0,0,0,0,0
2025/07/31 17:07:00.917,n,16.293476,72.062224,0.014009,0.000295,0.015267,0.000349,16.490954,16.30555,16.420012,16.28964,16.643044,16.636296,16.827912,16.360614,16.458678,16.247588,0,0,0,0,0,0
2025/07/31 17:08:00.919,n,16.173066,71.260568,0.013189,0.000253,0.014409,0.000253,16.492454,16.296878,16.418546,16.293946,16.64011,16.636296,16.825076,16.362016,16.464316,16.254792,0,0,0,0,0,0
2025/07/31 17:09:00.917,n,16.128536,70.989712,0.012509,0.000194,0.013794,0.000173,16.483716,16.29978,16.405504,16.291042,16.643044,16.636296,16.825076,16.35771,16.455906,16.244684,0,0,0,0,0,0
2025/07/31 17:10:00.921,n,16.115304,71.22028,0.01197,0.000162,0.013183,0.000187,16.483716,16.298312,16.406972,16.293946,16.64011,16.647544,16.825076,16.359146,16.461546,16.244684,0,0,0,0,0,0
2025/07/31 17:11:00.924,n,16.133466,70.896112,0.011598,0.000112,0.012626,0.000166,16.483716,16.298312,16.405504,16.291042,16.63721,16.647544,16.830684,16.359146,16.461546,16.244684,0,0,0,0,0,0
2025/07/31 17:12:00.924,n,16.075654,70.984832,0.011231,0.000102,0.012096,0.000163,16.477912,16.29978,16.398298,16.29541,16.63721,16.636296,16.822304,16.350474,16.467154,16.237416,0,0,0,0,0,0
2025/07/31 17:13:00.928,n,16.072334,71.144504,0.01087,0.000102,0.01162,0.000144,16.480814,16.304082,16.399734,16.286708,16.628602,16.63343,16.822304,16.347606,16.455906,16.237416,0,0,0,0,0,0
2025/07/31 17:14:00.929,n,16.085568,71.186392,0.01043,0.000139,0.011323,8.414374e-05,16.485214,16.308418,16.402602,16.29251,16.63721,16.636296,16.811054,16.356244,16.458678,16.238882,0,0,0,0,0,0
2025/07/31 17:15:00.930,n,16.097138,71.643912,0.010126,8.563974e-05,0.010971,0.000108,16.477912,16.304082,16.404068,16.29541,16.638676,16.630558,16.811054,16.350474,16.44743,16.235982,0,0,0,0,0,0
2025/07/31 17:16:00.919,n,16.11203,71.743768,0.010005,3.903822e-05,0.010656,9.126328e-05,16.48805,16.301182,16.409904,16.286708,16.63721,16.62495,16.808154,16.364948,16.450266,16.247588,0,0,0,0,0,0
2025/07/31 17:17:00.917,n,16.073994,71.656808,0.010047,1.92461e-05,0.010662,1.341322e-05,16.485214,16.296878,16.409904,16.28524,16.628602,16.63343,16.811054,16.35771,16.450266,16.243218,0,0,0,0,0,0
2025/07/31 17:18:00.921,n,16.039326,71.922336,0.010309,8.483268e-05,0.010797,4.11499e-05,16.482282,16.301182,16.408408,16.29251,16.632872,16.630558,16.813826,16.366448,16.444658,16.24612,0,0,0,0,0,0
2025/07/31 17:19:00.926,n,16.047626,72.046112,0.01088,0.000176,0.011274,0.000144,16.48805,16.301182,16.402602,16.29541,16.627102,16.639036,16.813826,16.362016,16.453068,16.24612,0,0,0,0,0,0
2025/07/31 17:20:00.926,n,16.05256,71.988248,0.011907,0.000316,0.01228,0.000313,16.47938,16.312786,16.401136,16.293946,16.632872,16.627722,16.813826,16.359146,16.453068,16.238882,0,0,0,0,0,0
2025/07/31 17:21:00.928,n,16.057492,72.253488,0.013419,0.000461,0.013842,0.000473,16.47938,16.304082,16.392496,16.286708,16.625668,16.639036,16.813826,16.34904,16.44743,16.237416,0,0,0,0,0,0
2025/07/31 17:22:00.928,n,16.040986,72.026824,0.015477,0.000623,0.016163,0.000699,16.470738,16.304082,16.393966,16.286708,16.627102,16.63343,16.808154,16.354776,16.450266,16.243218,0,0,0,0,0,0
2025/07/31 17:23:00.931,n,16.031124,72.031664,0.01804,0.000774,0.01941,0.000988,16.47938,16.309856,16.399734,16.291042,16.628602,16.63343,16.811054,16.35331,16.444658,16.238882,0,0,0,0,0,0
2025/07/31 17:24:00.934,n,16.02116,72.380392,0.021182,0.000953,0.023701,0.001309,16.470738,16.302616,16.389596,16.286708,16.619866,16.63343,16.811054,16.340304,16.450266,16.233048,0,0,0,0,0,0
2025/07/31 17:25:00.918,n,16.027802,72.590744,0.024632,0.001036,0.02839,0.001417,16.489552,16.302616,16.408408,16.279406,16.627102,16.630558,16.808154,16.363514,16.453068,16.247588,0,0,0,0,0,0
2025/07/31 17:26:00.921,n,16.045968,72.637272,0.028011,0.001013,0.032097,0.001096,16.485214,16.29978,16.395398,16.286708,16.621364,16.622082,16.805414,16.362016,16.44743,16.24612,0,0,0,0,0,0
2025/07/31 17:27:00.922,n,16.029462,72.536152,0.030726,0.000802,0.034848,0.000821,16.480814,16.30555,16.404068,16.29541,16.622766,16.627722,16.808154,16.360614,16.444658,16.247588,0,0,0,0,0,0
2025/07/31 17:28:00.927,n,16.054218,72.483224,0.0329,0.000654,0.037205,0.000698,16.480814,16.304082,16.399734,16.293946,16.625668,16.622082,16.799772,16.354776,16.444658,16.234514,0,0,0,0,0,0
2025/07/31 17:29:01.105,n,16.06413,72.497584,0.034784,0.00056,0.039519,0.000702,16.47364,16.302616,16.386692,16.288174,16.621364,16.62495,16.799772,16.350474,16.455906,16.244684,0,0,0,0,0,0
2025/07/31 17:30:00.930,n,16.073994,72.463888,0.036535,0.000522,0.042148,0.000791,16.476544,16.306952,16.385226,16.286708,16.621364,16.630558,16.808154,16.350474,16.44743,16.240284,0,0,0,0,0,0
2025/07/31 17:31:00.924,n,16.077362,72.343472,0.037865,0.000226,0.044324,0.000404,16.489552,16.314254,16.395398,16.298312,16.632872,16.599586,16.77431,16.366448,16.427772,16.25052,0,0,0,0,0,0
2025/07/31 17:32:00.923,n,16.10539,72.351488,0.038552,0.000203,0.044841,0.000156,16.47938,16.311352,16.399734,16.283804,16.619866,16.616442,16.794068,16.36785,16.43054,16.247588,0,0,0,0,0,0
2025/07/31 17:33:00.932,n,16.123506,72.279168,0.038128,0.000144,0.043721,0.000364,16.483716,16.318588,16.393966,16.29978,16.622766,16.61367,16.788458,16.35331,16.439052,16.240284,0,0,0,0,0,0
2025/07/31 17:34:00.915,n,16.14504,72.165104,0.036872,0.000393,0.041722,0.000623,16.480814,16.301182,16.401136,16.280904,16.630004,16.610832,16.796936,16.363514,16.433412,16.256196,0,0,0,0,0,0
2025/07/31 17:35:00.914,n,16.116962,71.907832,0.035261,0.000477,0.039471,0.000683,16.476544,16.293946,16.396832,16.279406,16.621364,16.616442,16.794068,16.362016,16.44182,16.254792,0,0,0,0,0,0
2025/07/31 17:36:00.917,n,16.131806,71.809736,0.033964,0.000371,0.03759,0.000565,16.482282,16.301182,16.396832,16.282338,16.61843,16.61367,16.794068,16.36785,16.43054,16.25052,0,0,0,0,0,0
2025/07/31 17:37:00.918,n,16.123506,71.81296,0.033123,0.000302,0.036316,0.000402,16.470738,16.301182,16.392496,16.270766,16.603954,16.622082,16.794068,16.359146,16.44182,16.24612,0,0,0,0,0,0
2025/07/31 17:38:00.921,n,16.108662,71.729216,0.032786,0.000153,0.035925,0.000149,16.464904,16.29978,16.385226,16.280904,16.60829,16.627722,16.796936,16.35771,16.43618,16.243218,0,0,0,0,0,0
2025/07/31 17:39:00.922,n,16.148312,72.05256,0.032249,0.000136,0.035362,0.000164,16.467806,16.296878,16.398298,16.288174,16.61406,16.616442,16.794068,16.36785,16.439052,16.25052,0,0,0,0,0,0
2025/07/31 17:40:00.924,n,16.161496,72.340256,0.031555,0.000214,0.034462,0.000278,16.459104,16.29541,16.382358,16.279406,16.599618,16.622082,16.794068,16.35331,16.44743,16.237416,0,0,0,0,0,0
2025/07/31 17:41:00.928,n,16.131806,71.92712,0.031042,0.000156,0.033285,0.000365,16.46347,16.29978,16.380858,16.280904,16.601054,16.627722,16.796936,16.354776,16.450266,16.234514,0,0,0,0,0,0
2025/07/31 17:42:00.930,n,16.154904,71.904608,0.030357,0.00021,0.032182,0.000335,16.46057,16.298312,16.375088,16.283804,16.603954,16.622082,16.7912,16.351876,16.439052,16.233048,0,0,0,0,0,0
2025/07/31 17:43:00.915,n,16.15163,71.634248,0.029761,0.000174,0.031416,0.00022,16.46347,16.291042,16.385226,16.272232,16.611128,16.616442,16.7912,16.35771,16.44182,16.24612,0,0,0,0,0,0
2025/07/31 17:44:00.916,n,16.163204,71.590792,0.030134,0.000153,0.031084,9.108918e-05,16.464904,16.291042,16.385226,16.272232,16.606824,16.616442,16.794068,16.35771,16.44743,16.243218,0,0,0,0,0,0
2025/07/31 17:45:00.917,n,16.14333,71.618184,0.030819,0.000214,0.030639,0.000148,16.467806,16.291042,16.386692,16.272232,16.615528,16.619342,16.799772,16.354776,16.44182,16.25052,0,0,0,0,0,0
2025/07/31 17:46:00.921,n,16.125164,71.423264,0.031104,0.000109,0.030548,4.507745e-05,16.454764,16.288174,16.376522,16.270766,16.601054,16.619342,16.799772,16.351876,16.439052,16.233048,0,1,0,0,0,0
2025/07/31 17:47:00.923,n,16.098798,71.231512,0.03229,0.000354,0.031524,0.000306,16.451862,16.283804,16.373684,16.273666,16.60252,16.619342,16.799772,16.354776,16.439052,16.234514,0,0,0,0,0,0
2025/07/31 17:48:00.924,n,16.075654,71.595624,0.032611,7.753234e-05,0.03237,0.000252,16.46057,16.286708,16.376522,16.282338,16.590912,16.622082,16.796936,16.35331,16.444658,16.244684,0,0,0,0,0,0
2025/07/31 17:49:00.927,n,16.09216,71.532832,0.032725,6.571111e-05,0.033472,0.000329,16.46057,16.29251,16.375088,16.278002,16.596684,16.616442,16.788458,16.354776,16.439052,16.233048,0,0,0,0,0,0
2025/07/31 17:50:00.929,n,16.121896,71.666472,0.032796,6.440978e-05,0.034242,0.000205,16.44756,16.301182,16.36785,16.272232,16.601054,16.619342,16.794068,16.350474,16.44182,16.224378,0,0,0,0,0,0
2025/07/31 17:51:00.931,n,16.070722,71.647144,0.034016,0.000424,0.036059,0.000585,16.43452,16.288174,16.363514,16.26783,16.596684,16.630558,16.802546,16.338868,16.450266,16.22004,0,0,0,0,0,0
2025/07/31 17:52:00.915,n,16.0509,71.067112,0.034457,0.000138,0.03728,0.000333,16.450496,16.275134,16.373684,16.257692,16.605388,16.62495,16.794068,16.34904,16.458678,16.237416,0,0,0,0,0,0
2025/07/31 17:53:00.919,n,16.0113,70.739528,0.032036,0.000793,0.035679,0.000529,16.451862,16.272232,16.375088,16.257692,16.596684,16.62495,16.799772,16.347606,16.455906,16.234514,0,0,0,0,0,0
2025/07/31 17:54:00.920,n,16.007932,70.94128,0.031011,0.000297,0.033605,0.00062,16.453332,16.279406,16.37225,16.264962,16.601054,16.627722,16.799772,16.347606,16.450266,16.235982,0,0,0,0,0,0
2025/07/31 17:55:00.922,n,15.981564,70.450408,0.02961,0.000414,0.030569,0.000924,16.448994,16.283804,16.37075,16.257692,16.596684,16.63343,16.805414,16.346106,16.450266,16.228746,0,0,0,0,0,0
2025/07/31 17:56:00.928,n,15.938642,70.460128,0.02826,0.000412,0.02796,0.000784,16.443192,16.279406,16.364948,16.270766,16.589448,16.639036,16.799772,16.347606,16.458678,16.22731,0,0,0,0,0,0
2025/07/31 17:57:00.927,n,15.974922,70.773408,0.026877,0.000558,0.025378,0.000793,16.454764,16.283804,16.362016,16.26643,16.598148,16.627722,16.799772,16.344704,16.44743,16.224378,0,0,0,0,0,0
2025/07/31 17:58:00.929,n,15.948556,70.665256,0.028063,0.000676,0.025437,0.00034,16.441758,16.276568,16.362016,16.260594,16.598148,16.630558,16.7912,16.344704,16.453068,16.225812,0,0,0,0,0,0
2025/07/31 17:59:00.929,n,15.965058,70.862232,0.026768,0.000529,0.024099,0.000514,16.44756,16.288174,16.364948,16.270766,16.590912,16.627722,16.794068,16.34904,16.44182,16.221506,0,0,0,0,0,0
2025/07/31 18:00:00.932,n,15.993084,71.32824,0.025054,0.000501,0.023196,0.000292,16.44029,16.283804,16.362016,16.263496,16.595282,16.627722,16.794068,16.340304,16.444658,16.224378,0,0,0,0,0,0
2025/07/31 18:01:00.915,n,15.998066,71.078392,0.02395,0.000156,0.022169,0.000164,16.459104,16.288174,16.385226,16.263496,16.61406,16.599586,16.77431,16.354776,16.422066,16.24612,0,0,0,0,0,0
2025/07/31 18:02:00.914,n,16.007932,71.271896,0.024023,2.836061e-05,0.022276,6.341624e-05,16.450496,16.282338,16.37075,16.260594,16.605388,16.605192,16.782818,16.354776,16.427772,16.243218,0,0,0,0,0,0
2025/07/31 18:03:00.917,n,16.001386,71.068672,0.024141,3.503787e-05,0.023089,0.000267,16.41421,16.230146,16.335964,16.215672,16.561928,16.599586,16.77154,16.311352,16.427772,16.19106,0,0,0,0,0,0
2025/07/31 18:04:00.918,n,15.978242,71.28796,0.024877,0.000238,0.024008,0.000296,16.405504,16.241754,16.322958,16.209886,16.55469,16.599586,16.77431,16.312786,16.416426,16.19396,0,0,0,0,0,0
2025/07/31 18:05:00.920,n,15.966718,71.084832,0.026237,0.000398,0.025404,0.000431,16.411306,16.240284,16.318588,16.211288,16.55332,16.60803,16.782818,16.308418,16.424902,16.192462,0,0,0,0,0,0
2025/07/31 18:06:00.920,n,15.935322,70.75412,0.027548,0.000379,0.026977,0.00045,16.451862,16.282338,16.360614,16.259128,16.596684,16.622082,16.7912,16.35771,16.444658,16.233048,0,0,0,0,0,0
2025/07/31 18:07:00.925,n,15.932004,70.823512,0.02746,0.000195,0.027256,0.000128,16.441758,16.280904,16.366448,16.260594,16.589448,16.62495,16.788458,16.341802,16.444658,16.218576,0,0,0,0,0,0
2025/07/31 18:08:00.925,n,15.946846,71.070336,0.026617,0.000308,0.027219,6.946902e-05,16.443192,16.280904,16.356244,16.259128,16.587978,16.622082,16.796936,16.346106,16.44743,16.22731,0,0,0,0,0,0
2025/07/31 18:09:00.927,n,15.913838,70.963888,0.026731,4.600698e-05,0.027638,0.000117,16.433052,16.276568,16.359146,16.251924,16.586544,16.622082,16.788458,16.341802,16.439052,16.225812,0,0,0,0,0,0
2025/07/31 18:10:00.914,n,15.902264,70.450408,0.026679,3.31761e-05,0.027681,4.507745e-05,16.438824,16.275134,16.359146,16.240284,16.599618,16.62495,16.788458,16.341802,16.444658,16.231582,0,0,0,0,0,0
2025/07/31 18:11:00.919,n,15.933712,70.80412,0.027329,0.000205,0.027767,2.909737e-05,16.435922,16.269332,16.359146,16.247588,16.593816,16.62495,16.799772,16.338868,16.444658,16.221506,0,0,0,0,0,0
2025/07/31 18:12:00.918,n,15.922138,70.879952,0.027184,7.643254e-05,0.027606,6.374914e-05,16.435922,16.26203,16.34904,16.244684,16.589448,16.63343,16.794068,16.3374,16.44743,16.221506,0,0,0,0,0,0
2025/07/31 18:13:00.921,n,15.935322,70.870288,0.026768,0.000143,0.027536,3.31761e-05,16.435922,16.26783,16.351876,16.238882,16.58221,16.639036,16.799772,16.3374,16.450266,16.212754,0,0,0,0,0,0
2025/07/31 18:14:00.922,n,15.946846,70.90256,0.026023,0.000234,0.027552,3.31761e-05,16.433052,16.263496,16.351876,16.241754,16.57497,16.63343,16.802546,16.3374,16.453068,16.224378,0,0,0,0,0,0
2025/07/31 18:15:00.922,n,15.958416,71.223504,0.025674,0.000114,0.027396,2.602548e-05,16.443192,16.272232,16.351876,16.25052,16.576468,16.636296,16.7912,16.344704,16.44743,16.224378,0,0,0,0,0,0
2025/07/31 18:16:00.926,n,15.96999,71.399136,0.02521,0.000142,0.028041,0.000213,16.437358,16.269332,16.354776,16.251924,16.569232,16.636296,16.796936,16.333066,16.453068,16.217124,0,0,0,0,0,0
2025/07/31 18:17:00.926,n,15.946846,70.875168,0.024199,0.000287,0.027654,0.000116,16.433052,16.26643,16.343204,16.24612,16.564832,16.636296,16.802546,16.331598,16.44743,16.206968,0,0,0,0,0,0
2025/07/31 18:18:00.930,n,15.994198,70.799048,0.023743,0.000178,0.026832,0.000295,16.468784,16.315202,16.383336,16.287654,16.600596,16.589542,16.753052,16.377532,16.403678,16.255738,0,0,0,0,0,0
2025/07/31 18:19:00.919,n,15.967782,70.844264,0.02276,0.000354,0.025518,0.000397,16.46735,16.297824,16.392008,16.27321,16.604966,16.600824,16.7643,16.36596,16.412124,16.255738,0,0,0,0,0,0
2025/07/31 18:20:00.917,n,15.949616,70.576192,0.021376,0.000446,0.023874,0.000509,16.465916,16.297824,16.392008,16.277514,16.60643,16.592446,16.76156,16.367394,16.412124,16.26304,0,0,0,0,0,0
2025/07/31 18:21:00.917,n,15.933114,70.77488,0.020521,0.000266,0.021685,0.00067,16.468784,16.297824,16.378968,16.271744,16.609302,16.595184,16.750314,16.378968,16.406484,16.257236,0,0,0,0,0,0
2025/07/31 18:22:00.919,n,15.96119,71.008912,0.019775,0.000244,0.019939,0.000513,16.464512,16.299258,16.37463,16.26304,16.594826,16.598054,16.76156,16.36596,16.414892,16.252836,0,0,0,0,0,0
2025/07/31 18:23:00.923,n,15.926472,70.820088,0.019295,0.00013,0.018822,0.000333,16.46735,16.30506,16.376064,16.280448,16.589054,16.598054,16.76156,16.37173,16.412124,16.255738,0,0,0,0,0,0
2025/07/31 18:24:00.924,n,15.90992,70.968528,0.018825,0.000126,0.018385,0.000102,16.474586,16.300694,16.383336,16.276048,16.589054,16.589542,16.76156,16.373164,16.409286,16.252836,0,0,0,0,0,0
2025/07/31 18:25:00.929,n,15.92979,71.197536,0.018025,0.000247,0.01818,4.364606e-05,16.45721,16.300694,16.373164,16.278948,16.584684,16.595184,16.755954,16.370296,16.420532,16.247066,0,0,0,0,0,0
2025/07/31 18:26:00.929,n,15.91158,71.0782,0.017518,0.000147,0.01778,0.00012,16.454342,16.300694,16.370296,16.278948,16.581816,16.600824,16.758692,16.36886,16.417764,16.239828,0,0,0,0,0,0
2025/07/31 18:27:00.932,n,15.942974,71.395776,0.017565,5.727823e-05,0.017358,0.00012,16.454342,16.30506,16.36886,16.283348,16.578916,16.592446,16.758692,16.361624,16.414892,16.248534,0,0,0,0,0,0
2025/07/31 18:28:00.921,n,15.938046,71.442504,0.016676,0.000273,0.017039,7.6016e-05,16.463046,16.299258,16.386238,16.277514,16.590458,16.592446,16.753052,16.373164,16.403678,16.25867,0,0,0,0,0,0
2025/07/31 18:29:00.920,n,15.952888,71.42156,0.016001,0.000193,0.016682,0.000114,16.458678,16.299258,16.387704,16.265972,16.591924,16.589542,16.758692,16.36886,16.412124,16.25867,0,0,0,0,0,0
2025/07/31 18:30:00.920,n,15.914948,71.236256,0.015519,0.000138,0.016211,0.000131,16.460112,16.28915,16.377532,16.267374,16.578916,16.592446,16.755954,16.367394,16.417764,16.249998,0,0,0,0,0,0
2025/07/31 18:31:00.909,n,15.95123,71.242696,0.015097,0.000185,0.015656,0.000197,16.460112,16.306496,16.386238,16.27321,16.594826,16.569918,16.739032,16.370296,16.392366,16.26154,0,0,0,0,0,0
2025/07/31 18:32:00.915,n,15.95953,71.656672,0.016016,0.000285,0.016152,0.000154,16.455808,16.310864,16.386238,16.265972,16.589054,16.572688,16.733392,16.37463,16.389528,16.265972,0,0,0,0,0,0
2025/07/31 18:33:00.914,n,15.987556,71.527856,0.016215,9.235836e-05,0.016709,0.000183,16.45721,16.299258,16.387704,16.278948,16.59626,16.575524,16.741802,16.367394,16.406484,16.257236,0,0,0,0,0,0
2025/07/31 18:34:00.918,n,15.987556,71.49568,0.016158,2.602548e-05,0.017109,0.000129,16.455808,16.297824,16.381866,16.26304,16.581816,16.586804,16.747442,16.367394,16.395268,16.254304,0,0,0,0,0,0
2025/07/31 18:35:00.917,n,16.01402,71.165264,0.016582,0.00013,0.017234,3.709201e-05,16.454342,16.297824,16.381866,16.271744,16.577446,16.581164,16.750314,16.37173,16.403678,16.248534,0,0,0,0,0,0
2025/07/31 18:36:00.922,n,16.022274,71.300712,0.016906,8.087289e-05,0.01712,3.051758e-05,16.45144,16.293488,16.373164,16.267374,16.57021,16.581164,16.750314,16.36886,16.398038,16.25867,0,0,0,0,0,0
2025/07/31 18:37:00.906,n,16.035504,71.300712,0.016948,3.563686e-05,0.01698,3.793833e-05,16.438366,16.297824,16.358722,16.264442,16.563004,16.589542,16.744672,16.35292,16.414892,16.236926,0,0,0,0,0,0
2025/07/31 18:38:00.907,n,16.045368,71.503688,0.016953,1.126936e-05,0.017061,2.945884e-05,16.445636,16.300694,16.37173,16.26304,16.574512,16.583936,16.750314,16.35579,16.409286,16.248534,0,0,0,0,0,0
2025/07/31 18:39:00.911,n,16.047028,71.590696,0.017115,5.596991e-05,0.017001,2.836061e-05,16.436964,16.299258,16.36886,16.260136,16.565908,16.592446,16.747442,16.360156,16.417764,16.242762,0,0,0,0,0,0
2025/07/31 18:40:00.913,n,16.066804,71.706616,0.017612,0.000154,0.017196,7.097612e-05,16.438366,16.28915,16.378968,16.25867,16.567308,16.586804,16.753052,16.363058,16.417764,16.239828,0,0,0,0,0,0
2025/07/31 18:41:00.915,n,16.071836,71.542408,0.018219,0.00018,0.017677,0.000142,16.436964,16.283348,16.370296,16.251466,16.552834,16.581164,16.753052,16.358722,16.412124,16.239828,0,0,0,0,0,0
2025/07/31 18:42:00.915,n,16.037168,71.38128,0.018767,0.000161,0.018471,0.000253,16.435498,16.287654,16.37463,16.25867,16.558604,16.595184,16.747442,16.35579,16.412124,16.248534,0,0,0,0,0,0
2025/07/31 18:43:00.920,n,16.045368,71.197536,0.018626,5.672122e-05,0.019281,0.000237,16.438366,16.283348,16.37173,16.267374,16.551368,16.581164,16.744672,16.363058,16.406484,16.248534,0,0,0,0,0,0
2025/07/31 18:44:00.922,n,16.056942,71.20232,0.017984,0.000193,0.019497,5.520838e-05,16.45144,16.293488,16.373164,16.264442,16.557168,16.583936,16.744672,16.370296,16.409286,16.24563,0,0,0,0,0,0
2025/07/31 18:45:00.922,n,16.032136,70.908816,0.016854,0.000364,0.018876,0.000224,16.432596,16.287654,16.363058,16.264442,16.549932,16.586804,16.747442,16.35579,16.403678,16.234026,0,0,0,0,0,0
2025/07/31 18:46:00.909,n,16.0024,70.718384,0.016006,0.000246,0.018579,8.408082e-05,16.429728,16.300694,16.361624,16.26304,16.557168,16.586804,16.750314,16.350016,16.414892,16.235524,0,0,0,0,0,0
2025/07/31 18:47:00.912,n,16.017292,70.88948,0.015347,0.000189,0.017461,0.000352,16.429728,16.290586,16.364492,16.26154,16.549932,16.589542,16.747442,16.351452,16.412124,16.247066,0,0,0,0,0,0
2025/07/31 18:48:00.916,n,16.023934,71.233032,0.014063,0.000394,0.015634,0.000552,16.426826,16.286252,16.364492,16.251466,16.552834,16.581164,16.747442,16.358722,16.406484,16.24563,0,0,0,0,0,0
2025/07/31 18:49:00.914,n,16.004108,71.142752,0.012787,0.000383,0.013783,0.000569,16.428226,16.299258,16.361624,16.25867,16.557168,16.586804,16.747442,16.358722,16.417764,16.236926,0,0,0,0,0,0
2025/07/31 18:50:00.918,n,15.96119,70.50032,0.011546,0.000387,0.012383,0.000445,16.432596,16.281882,16.358722,16.255738,16.549932,16.589542,16.747442,16.361624,16.406484,16.248534,0,0,0,0,0,0
2025/07/31 18:51:00.919,n,15.949616,70.43084,0.010703,0.000247,0.011502,0.000266,16.43113,16.278948,16.357254,16.252836,16.539856,16.589542,16.744672,16.358722,16.409286,16.238392,0,0,0,0,0,0
2025/07/31 18:52:00.922,n,15.946298,70.563352,0.0101,0.000175,0.010792,0.000211,16.423894,16.277514,16.35579,16.26304,16.534022,16.583936,16.744672,16.36596,16.409286,16.242762,0,0,0,0,0,0
2025/07/31 18:53:00.921,n,15.904988,70.526144,0.009796,0.000101,0.010278,0.000154,16.428226,16.277514,16.35579,16.257236,16.536922,16.581164,16.741802,16.351452,16.409286,16.236926,0,0,0,0,0,0
2025/07/31 18:54:00.927,n,15.926472,70.694112,0.009491,8.119939e-05,0.009904,0.000107,16.429728,16.276048,16.361624,16.251466,16.531118,16.583936,16.741802,16.363058,16.412124,16.236926,0,0,0,0,0,0
2025/07/31 18:55:00.911,n,15.881844,70.77644,0.009271,7.663995e-05,0.009546,0.000114,16.418152,16.283348,16.358722,16.254304,16.539856,16.581164,16.744672,16.344246,16.406484,16.239828,0,0,0,0,0,0
2025/07/31 18:56:00.912,n,15.855428,70.636008,0.008909,0.000102,0.009204,9.926214e-05,16.418152,16.283348,16.35579,16.248534,16.535456,16.575524,16.733392,16.348516,16.409286,16.24563,0,0,0,0,0,0
2025/07/31 18:57:00.912,n,15.858746,70.736104,0.008583,9.655988e-05,0.008765,0.000143,16.41522,16.276048,16.357254,16.247066,16.531118,16.583936,16.741802,16.354322,16.409286,16.239828,0,0,0,0,0,0
2025/07/31 18:58:00.918,n,15.848836,70.799048,0.008363,6.412158e-05,0.008439,9.369512e-05,16.412318,16.278948,16.35292,16.242762,16.532554,16.581164,16.736196,16.357254,16.400874,16.244164,0,0,0,0,0,0
2025/07/31 18:59:00.920,n,15.812458,70.892704,0.008284,3.253185e-05,0.008292,4.33419e-05,16.41522,16.277514,16.360156,16.247066,16.531118,16.583936,16.739032,16.35292,16.403678,16.238392,0,0,0,0,0,0
2025/07/31 19:00:00.921,n,15.805866,70.747392,0.008042,7.660542e-05,0.007961,0.000101,16.413752,16.27321,16.348516,16.260136,16.528186,16.581164,16.741802,16.360156,16.400874,16.247066,0,0,0,0,0,0
2025/07/31 19:01:00.923,n,15.77779,71.145976,0.007863,7.905725e-05,0.007662,0.000109,16.428226,16.293488,16.361624,16.264442,16.536922,16.547292,16.707958,16.36596,16.38112,16.242762,0,0,0,0,0,0
2025/07/31 19:02:00.928,n,15.762948,71.115256,0.007643,6.631232e-05,0.007331,9.403336e-05,16.428226,16.283348,16.363058,16.25867,16.538358,16.558636,16.707958,16.376064,16.38112,16.24563,0,0,0,0,0,0
2025/07/31 19:03:00.926,n,15.744686,71.1282,0.007516,3.758801e-05,0.007156,5.097233e-05,16.423894,16.280448,16.363058,16.26154,16.52962,16.564276,16.719306,16.376064,16.38666,16.241298,0,0,0,0,0,0
2025/07/31 19:04:00.911,n,15.757916,71.178152,0.007422,2.909737e-05,0.00714,1.002699e-05,16.40795,16.284782,16.348516,16.255738,16.532554,16.569918,16.727784,16.35292,16.398038,16.238392,0,0,0,0,0,0
2025/07/31 19:05:00.913,n,15.721638,71.22332,0.007311,3.31761e-05,0.007129,1.560173e-05,16.413752,16.284782,16.358722,16.254304,16.526718,16.567048,16.719306,16.354322,16.38389,16.241298,0,0,0,0,0,0
2025/07/31 19:06:00.913,n,15.700104,71.460184,0.007201,3.563686e-05,0.007048,2.368354e-05,16.410916,16.277514,16.354322,16.248534,16.534022,16.56144,16.719306,16.357254,16.389528,16.247066,0,0,0,0,0,0
2025/07/31 19:07:00.916,n,15.67696,71.465064,0.0069,0.000104,0.006837,7.149609e-05,16.418152,16.280448,16.35292,16.252836,16.52962,16.564276,16.722144,16.358722,16.389528,16.247066,0,0,0,0,0,0
2025/07/31 19:08:00.918,n,15.672028,71.556864,0.006623,8.271666e-05,0.006512,9.974076e-05,16.419586,16.283348,16.35292,16.248534,16.522384,16.558636,16.722144,16.358722,16.398038,16.242762,0,0,0,0,0,0
2025/07/31 19:09:00.923,n,15.660458,71.693728,0.006334,9.120528e-05,0.00622,8.192925e-05,16.418152,16.278948,16.347082,16.26154,16.518046,16.567048,16.724914,16.36886,16.38666,16.247066,0,0,0,0,0,0
2025/07/31 19:10:00.922,n,15.650494,71.848224,0.006172,5.283296e-05,0.005938,8.689718e-05,16.418152,16.283348,16.360156,16.251466,16.512276,16.56144,16.7136,16.364492,16.38666,16.244164,0,0,0,0,0,0
2025/07/31 19:11:00.926,n,15.62901,71.85628,0.005978,5.097233e-05,0.00571,6.973511e-05,16.409384,16.277514,16.35292,16.257236,16.512276,16.558636,16.719306,16.360156,16.392366,16.236926,0,0,0,0,0,0
2025/07/31 19:12:00.924,n,15.604206,71.899736,0.005821,4.917585e-05,0.005537,5.094637e-05,16.406484,16.270278,16.345648,16.249998,16.49343,16.567048,16.724914,16.357254,16.395268,16.235524,0,0,0,0,0,0
2025/07/31 19:13:00.913,n,15.614118,71.770976,0.005653,6.127311e-05,0.005391,4.46647e-05,16.396374,16.283348,16.348516,16.252836,16.51371,16.553028,16.710796,16.347082,16.389528,16.239828,0,0,0,0,0,0
2025/07/31 19:14:00.914,n,15.56617,71.770976,0.005359,8.309961e-05,0.005179,5.599354e-05,16.397778,16.280448,16.34278,16.248534,16.502134,16.56144,16.719306,16.347082,16.38666,16.235524,0,0,0,0,0,0
2025/07/31 19:15:00.914,n,15.549664,71.85784,0.005186,4.896016e-05,0.004968,6.569098e-05,16.390574,16.274644,16.344246,16.242762,16.497734,16.56144,16.7136,16.347082,16.38666,16.226822,0,0,0,0,0,0
2025/07/31 19:16:00.916,n,15.546346,71.915792,0.005107,2.896065e-05,0.004832,4.291246e-05,16.400682,16.270278,16.34278,16.236926,16.499204,16.564276,16.7136,16.348516,16.392366,16.239828,0,0,0,0,0,0
2025/07/31 19:17:00.923,n,15.552986,71.894848,0.005029,2.230271e-05,0.004946,3.900431e-05,16.403612,16.267374,16.347082,16.239828,16.484728,16.569918,16.716404,16.350016,16.395268,16.234026,0,0,0,0,0,0
2025/07/31 19:18:00.920,n,15.458698,71.906128,0.00496,2.662846e-05,0.004984,1.380209e-05,16.39494,16.264442,16.332576,16.238392,16.480424,16.569918,16.724914,16.35292,16.392366,16.235524,0,0,0,0,0,0
2025/07/31 19:19:00.925,n,15.470272,71.92864,0.00496,1.22805e-05,0.004843,4.635075e-05,16.392008,16.26154,16.332576,16.239828,16.481826,16.56144,16.710796,16.351452,16.395268,16.231124,0,0,0,0,0,0
2025/07/31 19:20:00.923,n,15.45533,72.02356,0.004992,5.394797e-06,0.0048,1.172953e-05,16.39494,16.270278,16.335544,16.251466,16.478954,16.555798,16.710796,16.358722,16.392366,16.234026,0,0,0,0,0,0
2025/07/31 19:21:00.925,n,15.440488,72.086256,0.004955,1.534524e-05,0.004762,1.150175e-05,16.383336,16.267374,16.32827,16.241298,16.47749,16.558636,16.716404,16.345648,16.38666,16.222452,0,0,0,0,0,0
2025/07/31 19:22:00.914,n,15.41734,71.959248,0.004755,6.395632e-05,0.004615,4.153388e-05,16.383336,16.268874,16.329706,16.236926,16.474586,16.567048,16.716404,16.339814,16.395268,16.232592,0,0,0,0,0,0
2025/07/31 19:23:00.913,n,15.442146,72.100712,0.004524,6.895294e-05,0.004436,5.477536e-05,16.373164,16.264442,16.32827,16.236926,16.468784,16.572688,16.724914,16.334042,16.403678,16.221016,0,0,0,0,0,0
2025/07/31 19:24:00.914,n,15.39581,72.054128,0.004419,3.183304e-05,0.004295,4.848501e-05,16.37463,16.267374,16.325338,16.234026,16.461578,16.569918,16.724914,16.335544,16.403678,16.22969,0,0,0,0,0,0
2025/07/31 19:25:00.919,n,15.367734,72.01228,0.004383,1.285934e-05,0.004154,3.705633e-05,16.37463,16.25867,16.323872,16.21955,16.463046,16.575524,16.724914,16.34278,16.412124,16.222452,0,0,0,0,0,0
2025/07/31 19:26:00.920,n,15.336286,72.269512,0.004325,1.928044e-05,0.004045,3.496228e-05,16.36596,16.249998,16.318102,16.221016,16.45144,16.575524,16.724914,16.336946,16.414892,16.225356,0,0,0,0,0,0
2025/07/31 19:27:00.922,n,15.310066,72.099144,0.004194,4.119809e-05,0.003991,1.968782e-05,16.36886,16.24563,16.318102,16.22969,16.452876,16.567048,16.724914,16.335544,16.400874,16.218084,0,0,0,0,0,0
2025/07/31 19:28:00.924,n,15.301766,72.263064,0.004004,6.034855e-05,0.00385,4.349424e-05,16.361624,16.248534,16.321034,16.225356,16.439836,16.569918,16.719306,16.34278,16.406484,16.222452,0,0,0,0,0,0
2025/07/31 19:29:00.926,n,15.288632,72.242168,0.003763,8.092195e-05,0.003725,3.402262e-05,16.361624,16.247066,16.306496,16.21955,16.432596,16.575524,16.727784,16.334042,16.409286,16.21955,0,0,0,0,0,0
2025/07/31 19:30:00.928,n,15.258942,72.255056,0.003511,6.751828e-05,0.003475,7.347626e-05,16.35579,16.241298,16.306496,16.215216,16.418152,16.569918,16.716404,16.332576,16.406484,16.21375,0,0,0,0,0,0
2025/07/31 19:31:00.917,n,15.263874,72.226152,0.003432,6.1761e-05,0.003225,9.290374e-05,16.360156,16.257236,16.323872,16.22969,16.44704,16.54455,16.70519,16.338412,16.38112,16.225356,0,0,0,0,0,0
2025/07/31 19:32:00.919,n,15.230916,72.237384,0.003321,3.50001e-05,0.003095,3.163503e-05,16.36886,16.260136,16.326804,16.235524,16.436964,16.538912,16.693908,16.345648,16.375512,16.22969,0,0,0,0,0,0
2025/07/31 19:33:00.920,n,15.206208,72.139336,0.003169,4.878422e-05,0.002965,3.675163e-05,16.361624,16.254304,16.319632,16.234026,16.4413,16.547292,16.696712,16.34278,16.38112,16.225356,0,0,0,0,0,0
2025/07/31 19:34:00.923,n,15.17984,72.177912,0.002985,5.244972e-05,0.002878,2.980484e-05,16.357254,16.254304,16.312298,16.226822,16.423894,16.54455,16.696712,16.34278,16.375512,16.228254,0,0,0,0,0,0
2025/07/31 19:35:00.926,n,15.178182,72.137672,0.002775,6.669029e-05,0.002769,3.615282e-05,16.351452,16.247066,16.307962,16.22392,16.418152,16.555798,16.69955,16.341312,16.38666,16.222452,0,0,0,0,0,0
2025/07/31 19:36:00.926,n,15.120514,72.134496,0.002622,4.899392e-05,0.002584,6.111097e-05,16.348516,16.239828,16.30506,16.226822,16.40508,16.547292,16.69955,16.338412,16.38666,16.221016,0,0,0,0,0,0
2025/07/31 19:37:00.928,n,15.064462,72.356224,0.002443,4.797758e-05,0.002378,6.24281e-05,16.347082,16.247066,16.300694,16.222452,16.402178,16.555798,16.707958,16.336946,16.389528,16.212298,0,0,0,0,0,0
2025/07/31 19:38:00.936,n,15.06773,72.3948,0.002317,4.423315e-05,0.002236,4.240074e-05,16.344246,16.252836,16.292054,16.231124,16.396374,16.55016,16.696712,16.323872,16.392366,16.206512,0,0,0,0,0,0
2025/07/31 19:39:00.935,n,15.001766,72.447832,0.002191,4.235782e-05,0.002052,6.005189e-05,16.332576,16.248534,16.293488,16.231124,16.397778,16.547292,16.69955,16.331176,16.392366,16.210798,0,0,0,0,0,0
2025/07/31 19:40:00.919,n,14.98536,72.50564,0.002069,3.803844e-05,0.001867,5.62734e-05,16.331176,16.241298,16.299258,16.21955,16.403612,16.547292,16.696712,16.334042,16.38666,16.21955,0,0,0,0,0,0
2025/07/31 19:41:00.920,n,14.972126,72.45428,0.001933,3.449565e-05,0.001741,3.567396e-05,16.326804,16.231124,16.300694,16.21375,16.400682,16.55016,16.702318,16.332576,16.38666,16.216618,0,0,0,0,0,0
2025/07/31 19:42:00.922,n,14.955624,72.476736,0.001806,3.863799e-05,0.001616,3.742047e-05,16.323872,16.235524,16.29489,16.21375,16.393476,16.55016,16.70519,16.331176,16.400874,16.215216,0,0,0,0,0,0
2025/07/31 19:43:00.924,n,14.914364,72.574688,0.001706,3.615282e-05,0.001507,3.873416e-05,16.322438,16.235524,16.287654,16.215216,16.383336,16.55016,16.702318,16.331176,16.398038,16.209396,0,0,0,0,0,0
2025/07/31 19:44:00.931,n,14.9045,72.486304,0.001585,3.305626e-05,0.001393,2.950932e-05,16.323872,16.234026,16.284782,16.212298,16.376064,16.547292,16.70519,16.32827,16.395268,16.205062,0,0,0,0,0,0
2025/07/31 19:45:00.931,n,14.856648,72.558568,0.00148,3.38887e-05,0.00129,2.986027e-05,16.319632,16.232592,16.281882,16.215216,16.377532,16.555798,16.702318,16.322438,16.395268,16.210798,0,0,0,0,0,0
2025/07/31 19:46:00.933,n,14.817048,72.529664,0.001427,2.48022e-05,0.00123,2.481886e-05,16.312298,16.232592,16.278948,16.222452,16.367394,16.547292,16.691038,16.332576,16.389528,16.206512,0,0,0,0,0,0
2025/07/31 19:47:00.933,n,14.770856,72.521656,0.001364,2.486546e-05,0.001148,2.258636e-05,16.300694,16.22969,16.276048,16.21375,16.363058,16.54455,16.69955,16.326804,16.389528,16.205062,0,0,0,0,0,0
2025/07/31 19:48:00.919,n,14.74942,72.508864,0.001274,2.425273e-05,0.001061,2.208477e-05,16.297824,16.226822,16.281882,16.206512,16.370296,16.54455,16.696712,16.312298,16.398038,16.203628,0,0,0,0,0,0
2025/07/31 19:49:00.905,n,14.704842,72.503984,0.001201,2.445981e-05,0.000974,2.681104e-05,16.284782,16.231124,16.265972,16.205062,16.354322,16.553028,16.702318,16.307962,16.400874,16.192004,0,0,0,0,0,0
2025/07/31 19:50:00.906,n,14.671784,72.557008,0.001117,2.490865e-05,0.00092,2.000651e-05,16.281882,16.228254,16.26154,16.203628,16.350016,16.558636,16.696712,16.306496,16.403678,16.19489,0,0,0,0,0,0
2025/07/31 19:51:00.910,n,14.640438,72.651688,0.001064,2.634753e-05,0.00086,1.855938e-05,16.274644,16.207912,16.26154,16.192004,16.345648,16.553028,16.69955,16.297824,16.400874,16.192004,0,0,0,0,0,0
2025/07/31 19:52:00.912,n,14.55787,72.573024,0.001006,1.77417e-05,0.000795,1.771605e-05,16.280448,16.225356,16.25867,16.190536,16.350016,16.553028,16.696712,16.299258,16.400874,16.192004,0,0,0,0,0,0
2025/07/31 19:53:00.917,n,14.572762,72.73836,0.000953,2.072908e-05,0.000735,1.7758e-05,16.268874,16.218084,16.260136,16.190536,16.344246,16.555798,16.702318,16.300694,16.398038,16.190536,0,0,0,0,0,0
2025/07/31 19:54:00.919,n,14.585022,72.768408,0.000969,2.765805e-05,0.000751,2.603818e-05,16.286414,16.22692,16.284978,16.206658,16.364624,16.468164,16.609104,16.3226,16.324524,16.213926,0,0,0,0,0,0
2025/07/31 19:55:00.917,n,14.588346,72.97212,0.000895,2.531691e-05,0.000664,2.651489e-05,16.277708,16.21828,16.267538,16.202308,16.354548,16.468164,16.623126,16.318264,16.321654,16.206658,0,0,0,0,0,0
2025/07/31 19:56:00.920,n,14.566906,72.99776,0.000822,2.553964e-05,0.000598,2.475131e-05,16.28058,16.221116,16.273342,16.203742,16.35595,16.468164,16.611878,16.324066,16.318786,16.215362,0,0,0,0,0,0
2025/07/31 19:57:00.920,n,14.548744,72.834184,0.000758,2.596425e-05,0.000522,3.145811e-05,16.286414,16.21828,16.273342,16.202308,16.342878,16.468164,16.611878,16.321196,16.318786,16.208126,0,0,0,0,0,0
2025/07/31 19:58:00.905,n,14.533852,72.771632,0.000679,2.395344e-05,0.000457,1.850975e-05,16.274776,16.23135,16.263236,16.213926,16.331338,16.465362,16.609104,16.318264,16.318786,16.199422,0,0,0,0,0,0
2025/07/31 19:59:00.912,n,14.522278,72.712256,0.000653,1.549671e-05,0.000419,1.588012e-05,16.26604,16.23135,16.25453,16.205224,16.338574,16.459752,16.606268,16.315364,16.327358,16.203742,0,0,0,0,0,0
2025/07/31 20:00:00.911,n,14.492592,72.704248,0.000621,1.837694e-05,0.000353,1.76778e-05,16.263236,16.222614,16.250162,16.202308,16.332804,16.462524,16.606268,16.309594,16.321654,16.197954,0,0,0,0,0,0
2025/07/31 20:01:00.913,n,14.517346,72.890336,0.000595,3.744424e-05,0.000359,3.623237e-05,16.274776,16.232754,16.264638,16.21101,16.344408,16.434388,16.580902,16.316798,16.290748,16.213926,0,0,0,0,0,0
2025/07/31 20:02:00.916,n,14.480968,72.741168,0.000547,2.322527e-05,0.00031,1.894599e-05,16.267538,16.225516,16.260334,16.199422,16.328404,16.442866,16.583674,16.316798,16.299128,16.208126,0,0,0,0,0,0
2025/07/31 20:03:00.915,n,14.472768,72.81172,0.000505,1.46358e-05,0.000266,1.210974e-05,16.261766,16.225516,16.261766,16.200838,16.327002,16.456884,16.586512,16.3226,16.307538,16.206658,0,0,0,0,0,0
2025/07/31 20:04:00.916,n,14.433118,72.800488,0.000474,1.346859e-05,0.000217,9.911136e-06,16.257432,16.208126,16.25453,16.195068,16.3226,16.442866,16.59776,16.311028,16.307538,16.21246,0,0,0,0,0,0
2025/07/31 20:05:00.918,n,14.398404,72.670512,0.000442,1.134978e-05,0.00019,9.439526e-06,16.257432,16.205224,16.24723,16.187832,16.319698,16.462524,16.600628,16.312462,16.316014,16.203742,0,0,0,0,0,0
2025/07/31 20:06:00.920,n,14.342202,72.65928,0.000405,1.317455e-05,0.000163,7.279846e-06,16.248728,16.203742,16.24149,16.190748,16.312462,16.451244,16.59212,16.311028,16.310376,16.200838,0,0,0,0,0,0
2025/07/31 20:07:00.909,n,14.330628,72.68496,0.000374,1.376986e-05,0.000124,1.211123e-05,16.238588,16.21101,16.238588,16.18345,16.295086,16.456884,16.603498,16.302356,16.318786,16.190748,0,0,0,0,0,0
2025/07/31 20:08:00.909,n,14.27609,72.524416,0.000358,1.179323e-05,9.744382e-05,1.113808e-05,16.235656,16.205224,16.235656,16.186366,16.290748,16.456884,16.59776,16.297986,16.318786,16.192152,0,0,0,0,0,0
2025/07/31 20:09:00.911,n,14.249672,72.668896,0.000353,1.040535e-05,8.096347e-05,1.027227e-05,16.213926,16.197954,16.215362,16.170456,16.282046,16.454144,16.59212,16.287816,16.313148,16.18345,0,0,0,0,0,0
2025/07/31 20:10:00.913,n,14.18683,72.593464,0.00031,9.541078e-06,5.364468e-05,8.403352e-06,16.21246,16.179128,16.213926,16.161738,16.271874,16.456884,16.600628,16.286414,16.321654,16.17621,0,0,0,0,0,0
2025/07/31 20:11:00.915,n,14.170326,72.620704,0.000289,8.394354e-06,3.196781e-05,1.008109e-05,16.203742,16.180562,16.205224,16.160236,16.264638,16.456884,16.609104,16.276274,16.327358,16.174712,0,0,0,0,0,0
2025/07/31 20:12:00.918,n,14.1422,72.686576,0.000289,7.272211e-06,2.09809e-05,7.20976e-06,16.205224,16.17621,16.213926,16.155916,16.268972,16.456884,16.600628,16.287816,16.321654,16.17189,0,0,0,0,0,0
2025/07/31 20:13:00.920,n,14.148842,72.688184,0.000258,1.279024e-05,4.64902e-06,6.169619e-06,16.206658,16.173292,16.208126,16.150146,16.26604,16.459752,16.603498,16.277708,16.324524,16.179128,0,0,0,0,0,0
2025/07/31 20:14:00.921,n,14.120766,72.593464,0.000263,1.380341e-05,-6.189414e-06,5.876153e-06,16.202308,16.168972,16.206658,16.155916,16.255964,16.448504,16.59212,16.293652,16.316014,16.177628,0,0,0,0,0,0
2025/07/31 20:15:00.922,n,14.071056,72.55176,0.000237,9.039922e-06,-2.266977e-05,7.027676e-06,16.200838,16.173292,16.209544,16.15445,16.257432,16.456884,16.59212,16.276274,16.324524,16.17189,0,0,0,0,0,0
2025/07/31 20:16:00.909,n,13.996694,72.381496,0.000226,1.032508e-05,-2.801475e-05,4.854894e-06,16.186366,16.168972,16.193634,16.158802,16.242894,16.456884,16.59489,16.277708,16.313148,16.168972,0,0,0,0,0,0
2025/07/31 20:17:00.909,n,13.98512,72.501952,0.00021,1.052754e-05,-4.419817e-05,7.076291e-06,16.184916,16.173292,16.192152,16.15732,16.240056,16.456884,16.59776,16.274776,16.327358,16.160236,0,0,0,0,0,0
2025/07/31 20:18:00.911,n,13.948742,72.402344,0.0002,1.104473e-05,-4.419817e-05,4.990055e-06,16.18345,16.155916,16.18345,16.14868,16.235656,16.462524,16.603498,16.267538,16.324524,16.160236,0,0,0,0,0,0
2025/07/31 20:19:00.914,n,13.943714,72.500392,0.000184,1.263537e-05,-7.151695e-05,8.517438e-06,16.166074,16.161738,16.182046,16.141412,16.228386,16.454144,16.603498,16.267538,16.327358,16.15732,0,0,0,0,0,0
2025/07/31 20:20:00.915,n,13.92389,72.408792,0.000215,1.069664e-05,-6.617198e-05,4.518889e-06,16.17189,16.155916,16.182046,16.145764,16.229852,16.454144,16.59776,16.273342,16.324524,16.163156,0,0,0,0,0,0
2025/07/31 20:21:00.917,n,13.875942,72.358984,0.000173,1.623739e-05,-7.701041e-05,2.905049e-06,16.170456,16.153,16.182046,16.139944,16.229852,16.448504,16.59776,16.267538,16.321654,16.163156,0,0,0,0,0,0
2025/07/31 20:22:00.922,n,13.86432,72.342968,0.000184,1.081483e-05,-8.799732e-05,7.163522e-06,16.163156,16.14433,16.180562,16.132708,16.221116,16.459752,16.606268,16.267538,16.327358,16.163156,0,0,0,0,0,0
2025/07/31 20:23:00.919,n,13.819592,72.285056,0.000163,1.187902e-05,-9.349076e-05,8.401546e-06,16.163156,16.14868,16.17189,16.12979,16.219682,16.451244,16.600628,16.263236,16.33574,16.163156,0,0,0,0,0,0
2025/07/31 20:24:00.921,n,13.80309,72.233696,0.000173,1.15533e-05,-0.000104,5.843964e-06,16.161738,16.134142,16.168972,16.12979,16.21101,16.454144,16.59776,16.267538,16.324524,16.164622,0,0,0,0,0,0
2025/07/31 20:25:00.906,n,13.798108,72.400776,0.000152,1.018068e-05,-9.883574e-05,5.38245e-06,16.150146,16.147246,16.161738,16.14286,16.202308,16.451244,16.59489,16.255964,16.327358,16.141412,0,0,0,0,0,0
2025/07/31 20:26:00.911,n,13.755948,72.456504,0.000247,9.165666e-06,-5.975986e-06,6.64874e-06,16.183054,16.196112,16.201882,16.177254,16.241066,16.403516,16.544386,16.299064,16.276764,16.19031,0,0,0,0,0,0
2025/07/31 20:27:00.911,n,13.70956,72.511104,0.000237,9.349592e-06,-1.696289e-05,7.775224e-06,16.18017,16.188876,16.198964,16.174336,16.239632,16.400648,16.53878,16.297596,16.271156,16.181572,0,0,0,0,0,0
2025/07/31 20:28:00.912,n,13.71293,72.568912,0.000247,1.277467e-05,-2.230787e-05,5.742973e-06,16.175786,16.178704,16.198964,16.161312,16.230928,16.41486,16.547256,16.293292,16.271156,16.181572,0,0,0,0,0,0
2025/07/31 20:29:00.917,n,13.669862,72.623496,0.000237,7.877003e-06,-1.696289e-05,5.318312e-06,16.177254,16.175786,16.19031,16.1671,16.229462,16.400648,16.544386,16.294694,16.285144,16.194696,0,0,0,0,0,0
2025/07/31 20:30:00.917,n,13.640076,72.506264,0.000226,8.308344e-06,-3.314631e-05,4.213248e-06,16.171484,16.171484,16.188876,16.158396,16.235264,16.403516,16.53601,16.29616,16.276764,16.191792,0,0,0,0,0,0
2025/07/31 20:31:00.930,n,13.565518,72.413144,0.000284,2.593343e-05,1.03559e-05,3.121076e-05,16.187408,16.177254,16.203382,16.1671,16.22369,16.37535,16.519122,16.313506,16.25137,16.196112,0,0,0,0,0,0
2025/07/31 20:32:00.933,n,13.542324,72.573696,0.000258,9.916868e-06,4.862448e-06,8.04525e-06,16.181572,16.174336,16.196112,16.170018,16.220758,16.38376,16.52186,16.3092,16.259844,16.194696,0,0,0,0,0,0
2025/07/31 20:33:00.917,n,13.558876,72.586584,0.000231,8.716296e-06,-1.132097e-05,5.480488e-06,16.174336,16.177254,16.194696,16.161312,16.215004,16.378152,16.52473,16.300528,16.273896,16.191792,0,0,0,0,0,0
2025/07/31 20:34:00.906,n,13.529092,72.477352,0.000221,9.541348e-06,-3.314631e-05,6.700084e-06,16.159878,16.172934,16.18017,16.1671,16.207702,16.38376,16.5275,16.28599,16.271156,16.183054,0,0,0,0,0,0
2025/07/31 20:35:00.907,n,13.474404,72.548008,0.0002,1.036828e-05,-4.398474e-05,7.056145e-06,16.148274,16.168582,16.170018,16.161312,16.196112,16.395006,16.52473,16.283122,16.273896,16.177254,0,0,0,0,0,0
2025/07/31 20:36:00.911,n,13.495938,72.674864,0.000189,1.195167e-05,-6.046509e-05,7.38772e-06,16.148274,16.172934,16.1671,16.15696,16.191792,16.395006,16.533138,16.277318,16.276764,16.175786,0,0,0,0,0,0
2025/07/31 20:37:00.913,n,13.509216,72.819256,0.000194,1.124457e-05,-8.214196e-05,8.097202e-06,16.132282,16.155494,16.154076,16.149724,16.187408,16.400648,16.53878,16.271482,16.288012,16.1671,0,0,0,0,0,0
2025/07/31 20:38:00.915,n,13.471082,72.80324,0.000205,8.256715e-06,-7.130353e-05,6.346247e-06,16.135186,16.149724,16.154076,16.143924,16.188876,16.395006,16.53601,16.281686,16.279504,16.165666,0,0,0,0,0,0
2025/07/31 20:39:00.914,n,13.471082,72.883464,0.000184,8.472784e-06,-7.679698e-05,9.573822e-06,16.12071,16.148274,16.151158,16.13375,16.18017,16.403516,16.533138,16.26568,16.28237,16.168582,0,0,0,0,0,0
2025/07/31 20:40:00.916,n,13.471082,72.859392,0.000173,7.615497e-06,-9.312886e-05,5.135756e-06,16.12071,16.143924,16.152608,16.130834,16.172934,16.397908,16.53037,16.268582,16.276764,16.168582,0,0,0,0,0,0
2025/07/31 20:41:00.918,n,13.485974,72.90592,0.000184,7.606671e-06,-8.778388e-05,8.022891e-06,16.111976,16.138102,16.148274,16.129432,16.175786,16.397908,16.53601,16.271482,16.285144,16.161312,0,0,0,0,0,0
2025/07/31 20:42:00.919,n,13.467762,72.954016,0.000179,8.536886e-06,-9.312886e-05,5.466757e-06,16.114892,16.139568,16.152608,16.123594,16.162782,16.406352,16.53601,16.261378,16.285144,16.165666,0,0,0,0,0,0
2025/07/31 20:43:00.905,n,13.469422,72.894688,0.000152,1.256534e-05,-0.000104,5.327505e-06,16.10622,16.136668,16.142488,16.12071,16.155494,16.406352,16.53601,16.26281,16.285144,16.151158,0,0,0,0,0,0
2025/07/31 20:44:00.908,n,13.423036,72.934728,0.000126,1.491628e-05,-0.00012,6.776748e-06,16.087298,16.125046,16.11781,16.12071,16.135186,16.411994,16.544386,16.251206,16.299356,16.146808,0,0,0,0,0,0
2025/07/31 20:45:00.920,n,13.46278,72.902704,0.000131,1.019596e-05,-0.000126,9.130926e-06,16.090248,16.122128,16.126514,16.119244,16.145406,16.41763,16.558506,16.248302,16.302094,16.154076,0,0,0,0,0,0
2025/07/31 20:46:00.912,n,13.414734,72.928384,0.000126,1.801237e-05,-0.000142,7.418542e-06,16.080062,16.111976,16.125046,16.113424,16.135186,16.41486,16.544386,16.24977,16.299356,16.146808,0,0,0,0,0,0
2025/07/31 20:47:00.918,n,13.449994,72.901632,0.000258,7.888803e-06,-1.634349e-05,5.589868e-06,16.108178,16.14006,16.148778,16.134304,16.170538,16.330392,16.46008,16.273438,16.22053,16.173456,0,0,0,0,0,0
2025/07/31 20:48:00.921,n,13.390328,73.018768,0.000237,1.2181e-05,-1.09985e-05,5.726933e-06,16.102324,16.135738,16.148778,16.134304,16.160366,16.327622,16.45721,16.274904,16.212118,16.177774,0,0,0,0,0,0
2025/07/31 20:49:00.920,n,13.421772,73.007536,0.000248,1.002828e-05,-2.183694e-05,4.928778e-06,16.09799,16.134304,16.141476,16.125586,16.156032,16.327622,16.454342,16.274904,16.212118,16.171988,0,0,0,0,0,0
2025/07/31 20:50:00.923,n,13.433442,72.969016,0.000242,9.620634e-06,-2.718192e-05,4.236688e-06,16.095088,16.121202,16.135738,16.116848,16.150214,16.32198,16.454342,16.263366,16.226234,16.169072,0,0,0,0,0,0
2025/07/31 20:51:00.923,n,13.469868,72.906464,0.000232,8.249045e-06,-3.282384e-05,4.942663e-06,16.086402,16.121202,16.135738,16.118298,16.14441,16.330392,16.465688,16.260432,16.22053,16.15745,0,0,0,0,0,0
2025/07/31 20:52:00.909,n,13.463226,72.903288,0.000237,8.520528e-06,-3.816882e-05,4.746214e-06,16.08932,16.128502,16.134304,16.12992,16.132822,16.319114,16.454342,16.260432,16.217726,16.15313,0,0,0,0,0,0
2025/07/31 20:53:00.911,n,13.421772,72.859976,0.000221,1.108699e-05,-3.816882e-05,6.985324e-06,16.07623,16.119766,16.105228,16.118298,16.12992,16.32198,16.46008,16.263366,16.226234,16.148778,0,0,0,0,0,0
2025/07/31 20:54:00.912,n,13.463226,72.867992,0.000237,8.570718e-06,-3.816882e-05,4.877328e-06,16.070462,16.127002,16.116848,16.113948,16.12992,16.32198,16.45721,16.25753,16.214872,16.15313,0,0,0,0,0,0
2025/07/31 20:55:00.913,n,13.433442,72.900072,0.000211,1.104636e-05,-4.366228e-05,5.379013e-06,16.071912,16.116848,16.121202,16.113948,16.122684,16.32198,16.45721,16.260432,16.212118,16.147296,0,0,0,0,0,0
2025/07/31 20:56:00.917,n,13.42514,72.853536,0.000216,7.789594e-06,-4.900726e-05,6.318028e-06,16.064672,16.111094,16.105228,16.100906,16.122684,16.32198,16.451602,16.244426,16.214872,16.150214,0,0,0,0,0,0
2025/07/31 20:57:00.916,n,13.423432,72.957784,0.000205,1.201269e-05,-5.984569e-05,5.391473e-06,16.057372,16.105228,16.10671,16.108178,16.116848,16.324752,16.45721,16.245892,16.223366,16.145894,0,0,0,0,0,0
2025/07/31 20:58:00.919,n,13.420114,72.909688,0.000211,8.235252e-06,-6.548761e-05,5.89522e-06,16.058838,16.096524,16.100906,16.096524,16.116848,16.31634,16.448734,16.243024,16.22053,16.148778,0,0,0,0,0,0
2025/07/31 20:59:00.923,n,13.411862,72.901632,0.000211,8.54566e-06,-5.984569e-05,5.671048e-06,16.051572,16.100906,16.102324,16.095088,16.113948,16.313472,16.454342,16.240154,16.214872,16.145894,0,0,0,0,0,0
2025/07/31 21:00:00.925,n,13.41684,72.850312,0.000179,9.434598e-06,-7.632605e-05,5.953877e-06,16.044348,16.084934,16.096524,16.082048,16.109612,16.32198,16.451602,16.240154,16.226234,16.150214,0,0,0,0,0,0
2025/07/31 21:01:00.909,n,13.4185,72.847088,0.000242,3.399253e-05,-2.718192e-05,3.384081e-05,16.060258,16.105228,16.09944,16.111094,16.10671,16.296586,16.423338,16.25316,16.195216,16.148778,0,0,0,0,0,0
2025/07/31 21:02:00.909,n,13.40693,72.936984,0.000226,1.393048e-05,-3.282384e-05,7.006497e-06,16.050168,16.109612,16.09944,16.105228,16.100906,16.302224,16.426238,16.251728,16.195216,16.142976,0,0,0,0,0,0
2025/07/31 21:03:00.911,n,13.390328,72.827848,0.000226,1.127922e-05,-4.366228e-05,5.412623e-06,16.045782,16.095088,16.087852,16.09944,16.105228,16.302224,16.431848,16.243024,16.197988,16.14006,0,0,0,0,0,0
2025/07/31 21:04:00.916,n,13.401898,72.920864,0.0002,1.073245e-05,-5.450071e-05,6.151865e-06,16.03708,16.08932,16.084934,16.08932,16.09367,16.310732,16.43465,16.238656,16.206478,16.137156,0,0,0,0,0,0
2025/07/31 21:05:00.921,n,13.388618,72.900072,0.000205,6.976267e-06,-6.548761e-05,6.550597e-06,16.03708,16.079148,16.082048,16.077696,16.100906,16.310732,16.43465,16.237222,16.214872,16.138592,0,0,0,0,0,0
2025/07/31 21:06:00.921,n,13.410198,72.827848,0.0002,6.51966e-06,-7.632605e-05,5.40616e-06,16.026924,16.08353,16.080614,16.084934,16.08932,16.305124,16.437454,16.23435,16.212118,16.132822,0,0,0,0,0,0
2025/07/31 21:07:00.923,n,13.39526,72.935328,0.000195,8.359191e-06,-8.18195e-05,5.876096e-06,16.02549,16.077696,16.079148,16.07623,16.08353,16.313472,16.437454,16.229952,16.200838,16.12992,0,0,0,0,0,0
2025/07/31 21:08:00.922,n,13.401898,72.8134,0.000195,1.095712e-05,-8.716448e-05,7.421676e-06,16.016772,16.074812,16.074812,16.074812,16.086402,16.310732,16.43465,16.22705,16.209232,16.134304,0,0,0,0,0,0
2025/07/31 21:09:00.925,n,13.39526,72.773304,0.000179,7.278781e-06,-9.800292e-05,5.557053e-06,16.024008,16.070462,16.07623,16.066076,16.08353,16.305124,16.437454,16.22128,16.214872,16.132822,0,0,0,0,0,0
2025/07/31 21:10:00.912,n,13.423432,73.01232,0.000174,7.844297e-06,-9.800292e-05,4.656382e-06,16.009486,16.067558,16.051572,16.07623,16.071912,16.31634,16.437454,16.218376,16.212118,16.115382,0,0,0,0,0,0
2025/07/31 21:11:00.912,n,13.40522,72.782928,0.000163,1.164873e-05,-9.800292e-05,4.962341e-06,16.01092,16.063174,16.051572,16.066076,16.060258,16.310732,16.437454,16.218376,16.217726,16.119766,0,0,0,0,0,0
2025/07/31 21:12:00.915,n,13.4185,72.916088,0.000153,8.394816e-06,-9.800292e-05,5.345117e-06,15.997898,16.06896,16.051572,16.071912,16.057372,16.307866,16.440256,16.218376,16.212118,16.118298,0,0,0,0,0,0
2025/07/31 21:13:00.919,n,13.420114,72.757248,0.000168,1.009492e-05,-9.250946e-05,5.52096e-06,15.995012,16.058838,16.042866,16.058838,16.0487,16.305124,16.440256,16.209658,16.214872,16.118298,0,0,0,0,0,0
2025/07/31 21:14:00.918,n,13.448284,72.83752,0.000163,7.838036e-06,-9.800292e-05,3.453331e-06,15.996414,16.05302,16.0487,16.057372,16.055938,16.299484,16.429008,16.215492,16.206478,16.111094,0,0,0,0,0,0
2025/07/31 21:15:00.921,n,13.446626,72.815056,0.000153,9.407858e-06,-0.00012,5.327202e-06,15.987776,16.05302,16.039982,16.0487,16.057372,16.305124,16.43465,16.203838,16.217726,16.116848,0,0,0,0,0,0
2025/07/31 21:16:00.928,n,13.458294,72.83108,0.000163,5.954176e-06,-0.000114,5.878954e-06,15.980474,16.050168,16.0487,16.04725,16.055938,16.296586,16.431848,16.205306,16.206478,16.121202,0,0,0,0,0,0
2025/07/31 21:17:00.924,n,13.448284,72.83752,0.000158,8.352078e-06,-0.00012,6.648767e-06,15.986308,16.04725,16.045782,16.05302,16.05302,16.302224,16.431848,16.202402,16.212118,16.111094,0,0,0,0,0,0
2025/07/31 21:18:00.927,n,13.507954,72.882392,0.000153,8.15628e-06,-0.000109,7.751354e-06,15.980474,16.041464,16.04725,16.042866,16.054456,16.305124,16.423338,16.205306,16.206478,16.113948,0,0,0,0,0,0
2025/07/31 21:19:00.918,n,13.48642,72.882392,0.000158,7.829296e-06,-0.000125,5.733098e-06,15.977556,16.041464,16.028394,16.054456,16.041464,16.302224,16.426238,16.20092,16.22053,16.105228,0,0,0,0,0,0
2025/07/31 21:20:00.919,n,13.532266,72.835256,0.000237,8.31394e-06,-1.132097e-05,4.785068e-06,16.001142,16.073654,16.060584,16.088128,16.0635,16.2618,16.38291,16.230276,16.157548,16.136016,0,0,0,0,0,0
2025/07/31 21:21:00.915,n,13.547108,72.82568,0.000253,8.64755e-06,-1.666595e-05,6.704566e-06,16.00691,16.073654,16.054796,16.079442,16.06495,16.256162,16.38578,16.225942,16.163268,16.125862,0,0,0,0,0,0
2025/07/31 21:22:00.920,n,13.581922,72.889848,0.000226,9.798396e-06,-3.314631e-05,7.671926e-06,15.992372,16.057682,16.050446,16.066354,16.056264,16.25903,16.388552,16.220106,16.16889,16.130196,0,0,0,0,0,0
2025/07/31 21:23:00.921,n,13.591836,72.849712,0.000258,1.103864e-05,-2.201093e-05,9.45386e-06,15.993872,16.056264,16.043142,16.0635,16.066354,16.264638,16.38578,16.21432,16.16889,16.130196,0,0,0,0,0,0
2025/07/31 21:24:00.925,n,13.610096,72.78076,0.000247,1.150758e-05,-2.201093e-05,6.785952e-06,15.999674,16.06495,16.050446,16.067822,16.066354,16.247782,16.371662,16.225942,16.163268,16.1331,0,0,0,0,0,0
2025/07/31 21:25:00.924,n,13.63495,72.862552,0.000232,9.96236e-06,-2.750438e-05,9.818636e-06,15.990938,16.054796,16.04756,16.053362,16.067822,16.247782,16.38014,16.220106,16.16604,16.131662,0,0,0,0,0,0
2025/07/31 21:26:00.927,n,13.595204,72.905904,0.000237,5.332656e-06,-2.201093e-05,5.179053e-06,15.985136,16.051848,16.046062,16.056264,16.051848,16.250524,16.371662,16.221604,16.154778,16.127312,0,0,0,0,0,0
2025/07/31 21:27:00.931,n,13.62338,72.7374,0.000247,1.09224e-05,-2.750438e-05,6.43264e-06,15.985136,16.038824,16.04174,16.05915,16.060584,16.247782,16.366056,16.224538,16.157548,16.128778,0,0,0,0,0,0
2025/07/31 21:28:00.913,n,13.649892,72.777544,0.000232,6.954381e-06,-3.314631e-05,5.466919e-06,15.976432,16.04756,16.030122,16.056264,16.043142,16.247782,16.371662,16.212884,16.157548,16.111388,0,0,0,0,0,0
2025/07/31 21:29:00.917,n,13.63329,72.8208,0.000237,1.221299e-05,-3.314631e-05,3.605532e-06,15.9779,16.04898,16.025766,16.051848,16.037374,16.247782,16.363286,16.205648,16.151924,16.115724,0,0,0,0,0,0
2025/07/31 21:30:00.921,n,13.653164,72.828808,0.000221,7.524707e-06,-2.750438e-05,6.769131e-06,15.976432,16.043142,16.02867,16.053362,16.04898,16.244882,16.366056,16.211416,16.157548,16.114274,0,0,0,0,0,0
2025/07/31 21:31:00.918,n,13.671376,72.878616,0.000279,3.036165e-05,1.599782e-05,2.816616e-05,15.986554,16.054796,16.038824,16.072206,16.053362,16.213926,16.337792,16.223038,16.123776,16.134582,0,0,0,0,0,0
2025/07/31 21:32:00.919,n,13.666394,72.928368,0.000258,7.277183e-06,-4.82533e-07,8.581052e-06,15.982218,16.04898,16.040292,16.060584,16.05915,16.21955,16.34066,16.215802,16.129432,16.122992,0,0,0,0,0,0
2025/07/31 21:33:00.921,n,13.639932,72.747072,0.000279,1.231223e-05,-5.827514e-06,8.081702e-06,15.974982,16.04174,16.02867,16.051848,16.057682,16.222388,16.346398,16.205648,16.135038,16.120108,0,0,0,0,0,0
2025/07/31 21:34:00.925,n,13.644864,72.843264,0.000237,1.376366e-05,-6.016815e-05,1.569577e-05,15.97208,16.035906,16.030122,16.043142,16.046062,16.230894,16.354744,16.208532,16.14353,16.12151,0,0,0,0,0,0
2025/07/31 21:35:00.927,n,13.57362,72.830464,0.000253,6.665262e-06,-2.750438e-05,6.731416e-06,15.967696,16.035906,16.030122,16.040292,16.043142,16.222388,16.349136,16.212884,16.146284,16.124428,0,0,0,0,0,0
2025/07/31 21:36:00.929,n,13.57362,72.763088,0.000226,9.834718e-06,-3.849129e-05,7.667e-06,15.963376,16.024284,16.021436,16.03299,16.04174,16.233636,16.357646,16.20273,16.151924,16.112804,0,0,0,0,0,0
2025/07/31 21:37:00.915,n,13.596864,72.78076,0.000226,1.045489e-05,-3.849129e-05,4.163898e-06,15.960524,16.02867,16.009812,16.040292,16.031588,16.230894,16.354744,16.199846,16.140644,16.112804,0,0,0,0,0,0
2025/07/31 21:38:00.918,n,13.605164,72.833696,0.000232,1.090867e-05,-2.201093e-05,5.477587e-06,15.954658,16.025766,16.003992,16.035906,16.025766,16.236534,16.352006,16.201328,16.146284,16.105536,0,0,0,0,0,0
2025/07/31 21:39:00.920,n,13.57362,72.836912,0.000232,9.128662e-06,-3.849129e-05,7.031638e-06,15.950306,16.024284,15.999674,16.034472,16.03299,16.236534,16.357646,16.201328,16.140644,16.111388,0,0,0,0,0,0
2025/07/31 21:40:00.922,n,13.600136,72.732624,0.000221,6.523027e-06,-4.398474e-05,7.856239e-06,15.944488,16.02285,16.011262,16.02867,16.02867,16.228028,16.349136,16.195494,16.14353,16.0983,0,0,0,0,0,0
2025/07/31 21:41:00.923,n,13.580262,72.716504,0.000221,1.109444e-05,-4.398474e-05,5.860589e-06,15.94307,16.01273,16.001142,16.034472,16.025766,16.21955,16.352006,16.195494,16.140644,16.0983,0,0,0,0,0,0
2025/07/31 21:42:00.925,n,13.591836,72.73584,0.000211,7.194339e-06,-5.482317e-05,4.51896e-06,15.938684,16.011262,16.001142,16.025766,16.030122,16.225254,16.346398,16.194026,16.13225,16.106986,0,0,0,0,0,0
2025/07/31 21:43:00.929,n,13.548768,72.788776,0.000221,8.931228e-06,-4.932972e-05,7.830369e-06,15.947422,16.017048,15.999674,16.024284,16.02285,16.222388,16.349136,16.195494,16.140644,16.111388,0,0,0,0,0,0
2025/07/31 21:44:00.930,n,13.56371,72.8128,0.000221,1.017814e-05,-4.398474e-05,5.219098e-06,15.94307,16.01273,16.001142,16.024284,16.027202,16.230894,16.34353,16.188238,16.13789,16.10125,0,0,0,0,0,0
2025/07/31 21:45:00.931,n,13.57201,72.763088,0.000221,9.368088e-06,-4.932972e-05,4.669127e-06,15.944488,15.999674,16.002578,16.015614,16.024284,16.225254,16.349136,16.192592,16.13225,16.096832,0,0,0,0,0,0
2025/07/31 21:46:00.918,n,13.530556,72.698928,0.000205,7.931919e-06,-6.581008e-05,7.563964e-06,15.935784,16.005428,15.985136,16.021436,16.014148,16.225254,16.34066,16.185354,16.14353,16.09103,0,0,0,0,0,0
2025/07/31 21:47:00.918,n,13.518982,72.719728,0.000205,1.000093e-05,-6.581008e-05,7.854708e-06,15.932866,16.003992,15.980784,16.017048,16.002578,16.225254,16.337792,16.179552,16.13789,16.07804,0,0,0,0,0,0
2025/07/31 21:48:00.920,n,13.489198,72.732624,0.0002,9.423088e-06,-7.130353e-05,7.93719e-06,15.922744,16.002578,15.980784,16.017048,16.003992,16.230894,16.34353,16.179552,16.140644,16.089596,0,0,0,0,0,0
2025/07/31 21:49:00.923,n,13.497498,72.8,0.0002,9.342126e-06,-6.581008e-05,6.410907e-06,15.928548,15.993872,15.983668,16.01273,16.001142,16.21955,16.34353,16.176636,16.135038,16.089596,0,0,0,0,0,0
2025/07/31 21:50:00.926,n,13.485828,72.865776,0.000211,1.43071e-05,-5.482317e-05,3.661642e-06,15.922744,15.99529,15.988022,16.011262,16.011262,16.21955,16.332184,16.178086,16.13225,16.088128,0,0,0,0,0,0
2025/07/31 21:51:00.926,n,13.454334,72.758304,0.000211,1.098091e-05,-5.482317e-05,7.173997e-06,15.92563,15.998224,15.980784,16.001142,15.99529,16.21955,16.337792,16.167898,16.13789,16.07804,0,0,0,0,0,0
2025/07/31 21:52:00.932,n,13.42123,72.729392,0.000211,9.916608e-06,-6.016815e-05,5.17435e-06,15.927064,15.993872,15.982218,15.999674,16.002578,16.213926,16.329446,16.175168,16.13225,16.09103,0,0,0,0,0,0
2025/07/31 21:53:00.932,n,13.374794,72.66836,0.000221,1.264518e-05,-6.581008e-05,8.3315e-06,15.916926,15.988022,15.980784,15.99529,15.998224,16.216682,16.335052,16.176636,16.135038,16.089596,0,0,0,0,0,0
2025/07/31 21:54:00.935,n,13.361512,72.801568,0.000195,7.938594e-06,-6.581008e-05,4.769929e-06,15.918394,15.974982,15.976432,15.992372,16.005428,16.216682,16.337792,16.166432,16.13789,16.088128,0,0,0,0,0,0
2025/07/31 21:55:00.920,n,13.346668,72.83848,0.000205,1.021324e-05,-6.581008e-05,6.880753e-06,15.911124,15.992372,15.967696,16.01273,15.986554,16.213926,16.329446,16.170848,16.12663,16.079442,0,0,0,0,0,0
2025/07/31 21:56:00.919,n,13.290272,72.798336,0.000179,9.921036e-06,-8.199349e-05,5.367849e-06,15.895152,15.980784,15.963376,16.002578,15.982218,16.21955,16.335052,16.16066,16.13789,16.069272,0,0,0,0,0,0
2025/07/31 21:57:00.924,n,13.242226,72.647512,0.000189,9.068886e-06,-7.664851e-05,5.363455e-06,15.908208,15.9779,15.960524,15.996756,15.974982,16.216682,16.335052,16.16066,16.13225,16.07804,0,0,0,0,0,0
2025/07/31 21:58:00.922,n,13.232216,72.700496,0.000189,5.857489e-06,-7.130353e-05,6.329022e-06,15.90097,15.976432,15.963376,15.993872,15.979366,16.216682,16.332184,16.15776,16.13225,16.070738,0,0,0,0,0,0
2025/07/31 21:59:00.928,n,13.207364,72.652344,0.0002,8.054431e-06,-7.664851e-05,3.602463e-06,15.90097,15.969164,15.959042,15.992372,15.980784,16.205402,16.320904,16.15776,16.13225,16.072206,0,0,0,0,0,0
2025/07/31 22:00:00.930,n,13.18578,72.764648,0.000195,7.291195e-06,-7.130353e-05,6.813015e-06,15.905306,15.976432,15.967696,15.990938,15.979366,16.211042,16.326544,16.162176,16.123776,16.07804,0,0,0,0,0,0
2025/07/31 22:01:00.931,n,13.179138,72.73584,0.000232,2.712555e-05,-2.750438e-05,2.809995e-05,15.91259,15.979366,15.973516,15.996756,15.993872,16.17453,16.30405,16.17225,16.101282,16.085212,0,0,0,0,0,0
2025/07/31 22:02:00.932,n,13.179138,72.7502,0.000237,9.10684e-06,-6.016815e-05,9.401788e-06,15.906774,15.973516,15.976432,15.992372,15.988022,16.188632,16.30969,16.17225,16.106922,16.075122,0,0,0,0,0,0
2025/07/31 22:03:00.935,n,13.150968,72.678032,0.0002,1.278923e-05,-5.482317e-05,7.842671e-06,15.899536,15.970598,15.960524,15.979366,15.979366,16.197026,16.30969,16.165028,16.109742,16.086678,0,0,0,0,0,0
2025/07/31 22:04:00.920,n,13.094522,72.657128,0.0002,9.858596e-06,-6.016815e-05,5.563588e-06,15.899536,15.969164,15.95614,15.989456,15.966278,16.194172,16.312528,16.15776,16.115382,16.0635,0,0,0,0,0,0
2025/07/31 22:05:00.921,n,13.066396,72.645896,0.0002,8.45141e-06,-7.130353e-05,5.011239e-06,15.883564,15.959042,15.945922,15.985136,15.959042,16.199796,16.315296,16.150522,16.109742,16.060584,0,0,0,0,0,0
2025/07/31 22:06:00.922,n,13.054726,72.644344,0.000195,9.180874e-06,-8.199349e-05,5.743567e-06,15.88498,15.966278,15.947422,15.982218,15.957606,16.202648,16.315296,16.143286,16.12663,16.053362,0,0,0,0,0,0
2025/07/31 22:07:00.908,n,13.071328,72.650736,0.0002,1.281657e-05,-8.199349e-05,6.0064e-06,15.899536,15.957606,15.950306,15.982218,15.951722,16.199796,16.312528,16.165028,16.118266,16.067822,0,0,0,0,0,0
2025/07/31 22:08:00.910,n,13.028164,72.665136,0.000184,1.014254e-05,-8.199349e-05,5.917994e-06,15.887852,15.954658,15.93725,15.974982,15.947422,16.191386,16.30969,16.147636,16.118266,16.0635,0,0,0,0,0,0
2025/07/31 22:09:00.913,n,12.993398,72.59292,0.000163,1.065646e-05,-9.283192e-05,6.488525e-06,15.882096,15.951722,15.938684,15.976432,15.941668,16.197026,16.312528,16.14904,16.118266,16.057682,0,0,0,0,0,0
2025/07/31 22:10:00.916,n,12.983388,72.649128,0.000174,1.338256e-05,-0.000104,8.419862e-06,15.874826,15.948838,15.929982,15.973516,15.935784,16.197026,16.315296,16.14904,16.115382,16.056264,0,0,0,0,0,0
2025/07/31 22:11:00.917,n,12.926942,72.552832,0.000163,1.428966e-05,-9.283192e-05,6.431379e-06,15.870476,15.944488,15.928548,15.97208,15.931448,16.202648,16.323774,16.143286,16.118266,16.040292,0,0,0,0,0,0
2025/07/31 22:12:00.920,n,12.878846,72.597752,0.000163,9.369054e-06,-9.847384e-05,5.966639e-06,15.864674,15.953222,15.927064,15.973516,15.934334,16.194172,16.315296,16.143286,16.118266,16.051848,0,0,0,0,0,0
2025/07/31 22:13:00.906,n,12.90707,72.597752,0.000158,9.547304e-06,-0.000104,5.419168e-06,15.877762,15.929982,15.93725,15.964812,15.932866,16.197026,16.315296,16.150522,16.121022,16.053362,0,0,0,0,0,0
2025/07/31 22:14:00.906,n,12.902088,72.64268,0.000158,8.128036e-06,-0.000109,3.617583e-06,15.868994,15.931448,15.935784,15.961926,15.935784,16.202648,16.323774,16.141834,16.121022,16.057682,0,0,0,0,0,0
2025/07/31 22:15:00.910,n,12.872204,72.5544,0.000142,8.75342e-06,-0.00012,5.802867e-06,15.868994,15.935784,15.924164,15.961926,15.92131,16.202648,16.323774,16.143286,16.12663,16.054796,0,0,0,0,0,0
2025/07/31 22:16:00.912,n,12.885488,72.700496,0.000142,1.07673e-05,-0.000115,6.66342e-06,15.85162,15.924164,15.919828,15.959042,15.919828,16.208286,16.320904,16.136016,16.129432,16.04461,0,0,0,0,0,0
2025/07/31 22:17:00.914,n,12.837342,72.657128,0.000147,4.192557e-06,-0.000137,7.531829e-06,15.850152,15.924164,15.915476,15.950306,15.90969,16.208286,16.320904,16.131662,16.129432,16.040292,0,0,0,0,0,0
2025/07/31 22:18:00.916,n,12.851112,72.59188,0.000273,9.288594e-06,-4.848528e-07,6.326685e-06,15.879114,15.954608,15.940134,15.980686,15.937218,16.154714,16.270212,16.163546,16.073102,16.070674,0,0,0,0,0,0
2025/07/31 22:19:00.921,n,12.781288,72.562984,0.000258,8.3071e-06,-2.231019e-05,6.292903e-06,15.861708,15.942988,15.932834,15.977834,15.925564,16.16322,16.275852,16.151924,16.08435,16.057648,0,0,0,0,0,0
2025/07/31 22:20:00.920,n,12.773038,72.717176,0.000273,1.307316e-05,-1.132329e-05,4.559535e-06,15.86606,15.953158,15.928514,15.977834,15.927014,16.157514,16.273014,16.149022,16.087118,16.057648,0,0,0,0,0,0
2025/07/31 22:21:00.921,n,12.759706,72.635248,0.000247,8.764776e-06,-2.231019e-05,5.435636e-06,15.864592,15.951692,15.928514,15.972016,15.92263,16.160366,16.275852,16.146106,16.08156,16.059052,0,0,0,0,0,0
2025/07/31 22:22:00.908,n,12.741494,72.582312,0.000236,8.4508e-06,-3.314862e-05,7.039539e-06,15.868944,15.931398,15.931398,15.961828,15.918328,16.157514,16.284328,16.153406,16.09561,16.059052,0,0,0,0,0,0
2025/07/31 22:23:00.911,n,12.72821,72.67704,0.000231,9.704066e-06,-1.666827e-05,5.934636e-06,15.857388,15.932834,15.924098,15.966214,15.921214,16.160366,16.273014,16.151924,16.089968,16.063438,0,0,0,0,0,0
2025/07/31 22:24:00.912,n,12.704922,72.64648,0.000236,8.009716e-06,-1.132329e-05,7.315448e-06,15.85879,15.924098,15.92263,15.953158,15.909624,16.157514,16.275852,16.149022,16.087118,16.060502,0,0,0,0,0,0
2025/07/31 22:25:00.912,n,12.674988,72.664144,0.000236,8.105276e-06,-2.765517e-05,5.947582e-06,15.84717,15.928514,15.913944,15.961828,15.903772,16.154714,16.273014,16.147572,16.092756,16.05038,0,0,0,0,0,0
2025/07/31 22:26:00.915,n,12.663418,72.56464,0.000242,9.701936e-06,-3.314862e-05,5.85846e-06,15.842852,15.92263,15.913944,15.954608,15.896568,16.160366,16.273014,16.141754,16.08435,16.048912,0,0,0,0,0,0
2025/07/31 22:27:00.915,n,12.648426,72.632016,0.000247,9.428572e-06,-1.132329e-05,7.514369e-06,15.841402,15.929916,15.909624,15.95751,15.89947,16.149106,16.258966,16.143188,16.08435,16.05038,0,0,0,0,0,0
2025/07/31 22:28:00.917,n,12.610196,72.598328,0.000231,9.09236e-06,-3.84936e-05,5.572404e-06,15.834114,15.924098,15.909624,15.956076,15.890702,16.149106,16.261736,16.137432,16.08156,16.044592,0,0,0,0,0,0
2025/07/31 22:29:00.922,n,12.58534,72.627232,0.000236,1.065077e-05,-3.84936e-05,4.902015e-06,15.83123,15.924098,15.903772,15.95024,15.8893,16.151958,16.273014,16.128714,16.08156,16.038792,0,0,0,0,0,0
2025/07/31 22:30:00.922,n,12.545448,72.542176,0.000221,1.130713e-05,-3.314862e-05,3.113426e-06,15.828314,15.927014,15.903772,15.954608,15.8878,16.151958,16.258966,16.1316,16.087118,16.04021,0,0,0,0,0,0
2025/07/31 22:31:00.914,n,12.56371,72.575864,0.000273,2.911795e-05,1.035358e-05,3.129268e-05,15.841402,15.932834,15.919778,15.966214,15.89947,16.12661,16.239306,16.143188,16.053444,16.063438,0,0,0,0,0,0
2025/07/31 22:32:00.915,n,12.542126,72.599992,0.000263,1.065198e-05,5.0086e-06,4.929876e-06,15.841402,15.927014,15.913944,15.964746,15.89362,16.12661,16.24211,16.136016,16.059052,16.0562,0,0,0,0,0,0
2025/07/31 22:33:00.916,n,12.49247,72.501992,0.000242,1.10998e-05,-1.666827e-05,1.166209e-05,15.832632,15.913944,15.903772,15.954608,15.882064,16.14071,16.250554,16.136016,16.067462,16.048912,0,0,0,0,0,0
2025/07/31 22:34:00.922,n,12.479188,72.434512,0.000236,1.046107e-05,-2.231019e-05,4.866315e-06,15.816692,15.908158,15.902356,15.941538,15.882064,16.137858,16.247718,16.121446,16.07871,16.037358,0,0,0,0,0,0
2025/07/31 22:35:00.921,n,12.447742,72.407168,0.000226,9.399752e-06,-3.314862e-05,7.850651e-06,15.80799,15.908158,15.890702,15.95024,15.874764,16.137858,16.253326,16.122894,16.075954,16.037358,0,0,0,0,0,0
2025/07/31 22:36:00.922,n,12.413026,72.302728,0.000231,1.076514e-05,-4.398706e-05,5.861595e-06,15.805106,15.90524,15.882064,15.940134,15.86606,16.143466,16.261736,16.111338,16.075954,16.037358,0,0,0,0,0,0
2025/07/31 22:37:00.923,n,12.408048,72.34296,0.000226,9.396454e-06,-3.84936e-05,3.880383e-06,15.796336,15.900922,15.87623,15.940134,15.863174,16.14071,16.256128,16.117126,16.08156,16.03444,0,0,0,0,0,0
2025/07/31 22:38:00.925,n,12.32367,72.2642,0.000226,8.26219e-06,-4.398706e-05,7.217109e-06,15.803638,15.90524,15.879114,15.935752,15.860258,16.146318,16.256128,16.105504,16.07871,16.027138,0,0,0,0,0,0
2025/07/31 22:39:00.929,n,12.283924,72.076112,0.000226,1.175461e-05,-4.398706e-05,7.156169e-06,15.794936,15.898004,15.877648,15.927014,15.854472,16.14071,16.250554,16.109856,16.07871,16.024236,0,0,0,0,0,0
2025/07/31 22:40:00.914,n,12.235828,72.097008,0.000226,1.111794e-05,-6.046741e-05,4.926546e-06,15.793452,15.8878,15.874764,15.928514,15.84862,16.146318,16.256128,16.114224,16.08435,16.028638,0,0,0,0,0,0
2025/07/31 22:41:00.917,n,12.174648,72.153312,0.000205,9.615396e-06,-7.130585e-05,3.899272e-06,15.789068,15.879114,15.87041,15.91686,15.832632,16.149106,16.256128,16.10112,16.08435,16.015552,0,0,0,0,0,0
2025/07/31 22:42:00.923,n,12.171276,72.159704,0.000199,1.062234e-05,-6.58124e-05,4.889959e-06,15.787634,15.882064,15.87041,15.918328,15.841402,16.143466,16.250554,16.106954,16.075954,16.018468,0,0,0,0,0,0
2025/07/31 22:43:00.922,n,12.146474,72.16288,0.000178,8.529166e-06,-8.763774e-05,8.320735e-06,15.776014,15.886384,15.857388,15.924098,15.826846,16.149106,16.253326,16.104036,16.087118,16.017048,0,0,0,0,0,0
2025/07/31 22:44:00.922,n,12.131532,72.421712,0.000184,9.918302e-06,-8.214428e-05,8.418636e-06,15.774612,15.873328,15.853004,15.91686,15.829764,16.137858,16.258966,16.102602,16.087118,16.005378,0,0,0,0,0,0
2025/07/31 22:45:00.927,n,12.109952,72.320448,0.000173,1.042606e-05,-9.313118e-05,6.23188e-06,15.767342,15.87041,15.844252,15.90524,15.81961,16.146318,16.264606,16.089562,16.08435,16.005378,0,0,0,0,0,0
2025/07/31 22:46:00.931,n,12.126554,72.424944,0.000184,5.757384e-06,-8.214428e-05,5.472484e-06,15.76296,15.874764,15.84862,15.906674,15.818176,16.143466,16.250554,16.086646,16.087118,16.003962,0,0,0,0,0,0
2025/07/31 22:47:00.928,n,12.078552,72.516392,0.000163,9.670726e-06,-8.763774e-05,5.11856e-06,15.75569,15.86606,15.84717,15.903772,15.810906,16.149106,16.250554,16.083744,16.08435,16.003962,0,0,0,0,0,0
2025/07/31 22:48:00.929,n,12.091736,72.436176,0.000194,1.458115e-05,-8.763774e-05,4.718531e-06,15.760042,15.868944,15.844252,15.90524,15.816692,16.14071,16.250554,16.086646,16.087118,15.998142,0,0,0,0,0,0
2025/07/31 22:49:00.917,n,12.070252,72.408832,0.000168,9.364502e-06,-9.847616e-05,5.133051e-06,15.761542,15.860258,15.845704,15.896568,15.81231,16.149106,16.261736,16.089562,16.08435,16.002494,0,0,0,0,0,0
2025/07/31 22:50:00.918,n,12.076894,72.432944,0.000163,1.299118e-05,-0.000109,6.448731e-06,15.749888,15.853004,15.841402,15.895086,15.796336,16.14071,16.258966,16.088062,16.087118,15.998142,0,0,0,0,0,0
2025/07/31 22:51:00.920,n,12.070252,72.580648,0.000152,1.105455e-05,-0.000115,5.922304e-06,15.74557,15.844252,15.837016,15.8878,15.796336,16.14071,16.256128,16.076506,16.087118,15.996692,0,0,0,0,0,0
2025/07/31 22:52:00.921,n,12.04374,72.445736,0.000147,1.089089e-05,-0.000115,6.488375e-06,15.752774,15.857388,15.828314,15.892202,15.794936,16.135102,16.256128,16.085146,16.08156,15.990906,0,0,0,0,0,0
2025/07/31 22:53:00.924,n,12.037098,72.4538,0.000141,8.476748e-06,-0.000115,4.20855e-06,15.733916,15.844252,15.818176,15.892202,15.783316,16.143466,16.258966,16.073592,16.092756,15.989422,0,0,0,0,0,0
2025/07/31 22:54:00.928,n,12.003944,72.479488,0.000168,7.766007e-06,-0.000115,8.593824e-06,15.728164,15.84862,15.826846,15.883466,15.781864,16.137858,16.256128,16.072156,16.09561,15.987988,0,0,0,0,0,0
2025/07/31 22:55:00.931,n,12.025524,72.518056,0.000152,1.386979e-05,-0.000109,5.908217e-06,15.729566,15.85149,15.823962,15.8878,15.784782,16.137858,16.244948,16.066354,16.08435,15.987988,0,0,0,0,0,0
2025/07/31 22:56:00.931,n,11.99403,72.48592,0.000173,1.271253e-05,-0.000104,5.738279e-06,15.733916,15.850088,15.822496,15.886384,15.783316,16.135102,16.24211,16.061968,16.08156,15.986522,0,0,0,0,0,0
2025/07/31 22:57:00.934,n,11.979092,72.474696,0.000157,9.019032e-06,-0.000126,5.440581e-06,15.720862,15.841402,15.818176,15.883466,15.781864,16.14071,16.244948,16.064886,16.087118,15.986522,0,0,0,0,0,0
2025/07/31 22:58:00.916,n,11.997304,72.519616,0.000141,1.228261e-05,-0.000126,5.236951e-06,15.717946,15.83123,15.821076,15.879114,15.767342,16.135102,16.244948,16.07936,16.087118,15.986522,0,0,0,0,0,0
2025/07/31 22:59:00.918,n,11.997304,72.497152,0.000131,1.148129e-05,-0.000131,6.502099e-06,15.715044,15.828314,15.818176,15.868944,15.764458,16.14071,16.253326,16.066354,16.07871,15.985072,0,0,0,0,0,0
2025/07/31 23:00:00.923,n,12.010586,72.458632,0.000136,9.127246e-06,-0.000131,5.704295e-06,15.712128,15.826846,15.809408,15.873328,15.761542,16.132218,16.244948,16.066354,16.087118,15.976432,0,0,0,0,0,0
2025/07/31 23:01:00.924,n,12.117714,72.551632,0.000268,2.87371e-05,2.134281e-05,2.763827e-05,15.735726,15.856216,15.833008,15.9056,15.786526,16.03483,16.133442,16.094226,15.978582,16.008624,0,0,0,0,0,0
2025/07/31 23:02:00.924,n,12.08456,72.529176,0.000279,1.103911e-05,1.03559e-05,1.070258e-05,15.735726,15.856216,15.834476,15.904132,15.790912,16.03483,16.147572,16.082668,15.98983,16.001386,0,0,0,0,0,0
2025/07/31 23:03:00.928,n,12.094522,72.411888,0.000257,6.761098e-06,-4.82533e-07,5.673213e-06,15.721172,15.848978,15.82142,15.892546,15.77929,16.04047,16.15318,16.078284,15.995436,15.9956,0,0,0,0,0,0
2025/07/31 23:04:00.931,n,12.048134,72.517944,0.000257,1.344478e-05,-5.827514e-06,7.08938e-06,15.72699,15.850446,15.82142,15.892546,15.783642,16.04047,16.158802,16.081202,16.003846,15.994116,0,0,0,0,0,0
2025/07/31 23:05:00.931,n,12.043152,72.517944,0.000242,9.220752e-06,-2.780132e-05,6.692605e-06,15.702316,15.843162,15.808298,15.882374,15.773504,16.0517,16.16159,16.060894,16.003846,15.985446,0,0,0,0,0,0
2025/07/31 23:06:00.933,n,12.033192,72.495384,0.000226,1.134067e-05,-4.413321e-05,9.857478e-06,15.705234,15.841678,15.809766,15.875072,15.76767,16.043324,16.164442,16.066662,16.003846,15.98688,0,0,0,0,0,0
2025/07/31 23:07:00.919,n,12.02821,72.34924,0.000242,1.209586e-05,-4.413321e-05,5.901325e-06,15.705234,15.828656,15.809766,15.873688,15.753148,16.060192,16.158802,16.068098,16.0067,15.991216,0,0,0,0,0,0
2025/07/31 23:08:00.922,n,12.01991,72.39744,0.000221,1.038322e-05,-4.962666e-05,4.418682e-06,15.697964,15.82142,15.798178,15.87222,15.748764,16.054586,16.158802,16.057992,16.009568,15.981062,0,0,0,0,0,0
2025/07/31 23:09:00.927,n,12.048134,72.402272,0.000231,1.016137e-05,-5.497164e-05,5.493925e-06,15.686378,15.812682,15.80398,15.863518,15.748764,16.048944,16.164442,16.052124,16.003846,15.975226,0,0,0,0,0,0
2025/07/31 23:10:00.926,n,12.059704,72.407056,0.000215,8.084529e-06,-5.497164e-05,6.670711e-06,15.687812,15.822836,15.79236,15.866418,15.747346,16.048944,16.158802,16.055042,16.003846,15.972324,0,0,0,0,0,0
2025/07/31 23:11:00.929,n,12.07626,72.421512,0.00021,1.066337e-05,-6.046509e-05,6.926646e-06,15.686378,15.81992,15.780772,15.867836,15.740078,16.05734,16.15595,16.047804,16.009568,15.970842,0,0,0,0,0,0
2025/07/31 23:12:00.934,n,12.079578,72.437576,0.000199,1.161508e-05,-5.497164e-05,5.393629e-06,15.674692,15.818502,15.782142,15.85765,15.745878,16.054586,16.164442,16.04057,16.009568,15.970842,0,0,0,0,0,0
2025/07/31 23:13:00.932,n,12.074646,72.471368,0.000199,6.708923e-06,-5.497164e-05,5.884445e-06,15.674692,15.815602,15.77929,15.8606,15.73131,16.046094,16.16159,16.043454,16.003846,15.972324,0,0,0,0,0,0
2025/07/31 23:14:00.937,n,12.094522,72.403832,0.000215,1.169356e-05,-6.581008e-05,4.901966e-06,15.670372,15.811266,15.77929,15.851896,15.734292,16.048944,16.158802,16.037652,16.01519,15.96944,0,0,0,0,0,0
2025/07/31 23:15:00.936,n,12.079578,72.33636,0.000199,1.112387e-05,-7.694545e-05,5.377888e-06,15.658752,15.798178,15.77929,15.841678,15.73131,16.048944,16.158802,16.036216,16.01519,15.966588,0,0,0,0,0,0
2025/07/31 23:16:00.904,n,12.135926,72.358816,0.000199,1.114776e-05,-7.130353e-05,8.131811e-06,15.664538,15.789444,15.780772,15.840276,15.732824,16.046094,16.158802,16.037652,16.012338,15.97376,0,0,0,0,0,0
2025/07/31 23:17:00.911,n,12.137586,72.395832,0.000199,8.604116e-06,-7.694545e-05,6.818702e-06,15.66167,15.77929,15.780772,15.834476,15.734292,16.048944,16.15318,16.043454,16.001076,15.968004,0,0,0,0,0,0
2025/07/31 23:18:00.913,n,12.130948,72.394264,0.000194,1.168362e-05,-7.130353e-05,5.440166e-06,15.66602,15.785058,15.780772,15.835924,15.72699,16.043324,16.158802,16.04057,15.998224,15.970842,0,0,0,0,0,0
2025/07/31 23:19:00.914,n,12.174012,72.466488,0.000173,1.00239e-05,-8.763542e-05,6.046915e-06,15.65437,15.777856,15.773504,15.833008,15.721172,16.046094,16.15318,16.036216,16.0067,15.968004,0,0,0,0,0,0
2025/07/31 23:20:00.913,n,12.177284,72.424736,0.000184,8.227247e-06,-7.694545e-05,4.860147e-06,15.660188,15.774906,15.770554,15.824304,15.712468,16.04047,16.15595,16.036216,16.001076,15.963672,0,0,0,0,0,0
2025/07/31 23:21:00.917,n,12.207166,72.416728,0.000179,7.990822e-06,-9.312886e-05,5.836443e-06,15.660188,15.77929,15.769088,15.828656,15.712468,16.04047,16.150328,16.037652,16.001076,15.968004,0,0,0,0,0,0
2025/07/31 23:22:00.919,n,12.256824,72.445576,0.000168,1.122526e-05,-8.229043e-05,6.921842e-06,15.65577,15.774906,15.76767,15.828656,15.71537,16.037682,16.150328,16.037652,15.998224,15.954902,0,0,0,0,0,0
2025/07/31 23:23:00.925,n,12.265076,72.427952,0.000168,9.524272e-06,-9.312886e-05,5.08742e-06,15.651516,15.774906,15.754614,15.834476,15.705234,16.043324,16.147572,16.028916,15.998224,15.956384,0,0,0,0,0,0
2025/07/31 23:24:00.924,n,12.28495,72.444024,0.000168,8.878566e-06,-0.000104,5.903788e-06,15.647134,15.776388,15.757532,15.834476,15.712468,16.04047,16.147572,16.028916,16.009568,15.950584,0,0,0,0,0,0
2025/07/31 23:25:00.908,n,12.27665,72.34924,0.000157,8.493192e-06,-9.312886e-05,6.680267e-06,15.638366,15.764768,15.761852,15.822836,15.719754,16.03483,16.147572,16.023194,16.0067,15.956384,0,0,0,0,0,0
2025/07/31 23:26:00.908,n,12.323036,72.399048,0.000173,1.155196e-05,-0.000115,5.791056e-06,15.629694,15.757532,15.747346,15.80685,15.708134,16.03483,16.141932,16.023194,16.0067,15.953466,0,0,0,0,0,0
2025/07/31 23:27:00.910,n,12.29823,72.329912,0.000152,1.157876e-05,-0.000104,4.425219e-06,15.631162,15.757532,15.750232,15.811266,15.703784,16.04047,16.150328,16.021678,16.003846,15.947698,0,0,0,0,0,0
2025/07/31 23:28:00.913,n,12.34628,72.323512,0.000184,1.171332e-05,-9.847384e-05,5.920558e-06,15.636916,15.754614,15.756048,15.811266,15.7067,16.029192,16.144688,16.034748,16.001076,15.95782,0,0,0,0,0,0
2025/07/31 23:29:00.916,n,12.324696,72.321896,0.000157,1.170174e-05,-0.00011,6.226125e-06,15.626778,15.750232,15.744444,15.80685,15.69943,16.03483,16.141932,16.017358,16.003846,15.94623,0,0,0,0,0,0
2025/07/31 23:30:00.916,n,12.372692,72.374928,0.000163,9.41966e-06,-0.000104,4.917227e-06,15.628214,15.750232,15.747346,15.815602,15.695046,16.026436,16.133442,16.017358,16.001076,15.944814,0,0,0,0,0,0
2025/07/31 23:31:00.925,n,12.390908,72.3926,0.000221,3.007159e-05,-5.497164e-05,3.02329e-05,15.636916,15.766202,15.748764,15.833008,15.710986,16.001076,16.11085,16.026062,15.970076,15.952,0,0,0,0,0,0
2025/07/31 23:32:00.926,n,12.433972,72.3846,0.000184,1.289145e-05,-7.130353e-05,1.098303e-05,15.631162,15.770554,15.742994,15.82142,15.70085,16.012338,16.122096,16.023194,15.978582,15.949148,0,0,0,0,0,0
2025/07/31 23:33:00.927,n,12.42572,72.346024,0.000157,9.703266e-06,-9.847384e-05,7.955176e-06,15.616592,15.751666,15.729908,15.81992,15.690662,16.01519,16.122096,16.012974,15.992584,15.936046,0,0,0,0,0,0
2025/07/31 23:34:00.913,n,12.452188,72.387816,0.000179,8.88002e-06,-9.312886e-05,4.878453e-06,15.620944,15.744444,15.742994,15.801064,15.697964,16.01519,16.122096,16.014424,15.98419,15.94188,0,0,0,0,0,0
2025/07/31 23:35:00.914,n,12.46542,72.387816,0.000173,1.214308e-05,-9.847384e-05,9.421238e-06,15.620944,15.742994,15.737208,15.805382,15.695046,16.02083,16.12495,16.012974,15.98419,15.94623,0,0,0,0,0,0
2025/07/31 23:36:00.916,n,12.47699,72.334736,0.000163,9.546628e-06,-9.847384e-05,4.382536e-06,15.61801,15.741528,15.732824,15.805382,15.690662,16.01519,16.116458,16.012974,15.986944,15.94188,0,0,0,0,0,0
2025/07/31 23:37:00.920,n,12.48695,72.26404,0.000173,1.088721e-05,-0.000104,5.813877e-06,15.615192,15.741528,15.72699,15.798178,15.683394,16.026436,16.12495,16.012974,15.981338,15.944814,0,0,0,0,0,0
2025/07/31 23:38:00.921,n,12.533292,72.297832,0.000179,9.665916e-06,-0.00012,5.238184e-06,15.606456,15.735726,15.72699,15.795244,15.684878,16.02083,16.119342,16.008624,15.98419,15.93461,0,0,0,0,0,0
2025/07/31 23:39:00.921,n,12.513416,72.347584,0.000157,1.068842e-05,-0.000115,4.606031e-06,15.603506,15.737208,15.716852,15.793828,15.667456,16.01519,16.12495,15.9985,15.981338,15.925908,0,0,0,0,0,0
2025/07/31 23:40:00.924,n,12.556436,72.249592,0.000163,9.986322e-06,-0.000126,4.810451e-06,15.602072,15.735726,15.712468,15.79236,15.667456,16.009568,16.12495,16.004304,15.98983,15.925908,0,0,0,0,0,0
2025/07/31 23:41:00.925,n,12.558094,72.302616,0.000136,1.129055e-05,-0.00012,5.704295e-06,15.597738,15.732824,15.712468,15.796712,15.677608,16.017944,16.119342,15.9956,15.98983,15.927374,0,0,0,0,0,0
2025/07/31 23:42:00.930,n,12.592958,72.444024,0.000136,1.446747e-05,-0.000115,7.88782e-06,15.593354,15.72844,15.708134,15.796712,15.679076,16.009568,16.119342,15.994116,15.98419,15.920072,0,0,0,0,0,0
2025/07/31 23:43:00.915,n,12.576306,72.299392,0.000147,7.758351e-06,-0.000115,4.81072e-06,15.599156,15.716852,15.71537,15.783642,15.687812,16.003846,16.113704,15.989732,15.98419,15.928842,0,0,0,0,0,0
2025/07/31 23:44:00.917,n,12.631142,72.389384,0.000168,9.689276e-06,-0.00012,5.409146e-06,15.593354,15.718288,15.713936,15.780772,15.686378,16.017944,16.119342,15.989732,15.981338,15.927374,0,0,0,0,0,0
2025/07/31 23:45:00.919,n,12.622792,72.238304,0.000152,7.295977e-06,-0.00012,6.721525e-06,15.594836,15.722638,15.713936,15.77929,15.67616,16.009568,16.10808,15.989732,15.986944,15.92302,0,0,0,0,0,0
