"Timestamp","TZ","TA_1_1_1","RH_1_1_1","PPFD_BC_IN_1_1_1","PPFD_BC_IN_1_1_1_SD","PPFD_BC_IN_1_1_2","PPFD_BC_IN_1_1_2_SD","TS_6_1_1","TS_6_2_1","TS_7_1_1","TS_7_2_1","TS_8_1_1","TS_8_2_1","TS_9_1_1","TS_9_2_1","TS_10_1_1","TS_10_2_1","P_1_2_1","P_1_3_1","P_1_4_1","1160CV","1038CV","1161CV"
2025/06/12 23:46:00.924,n,6.562462,61.2176,0.000231,1.02298e-05,-3.293288e-05,5.477594e-06,12.994192,13.173312,12.85286,12.93008,13.10488,13.429118,13.865026,13.755064,13.103218,13.103414,0,0,0,0,0,0
2025/06/12 23:47:00.929,n,6.483944,62.06482,0.000215,5.386169e-06,-2.75879e-05,4.781409e-06,12.989812,13.163084,12.847062,12.924232,13.10488,13.420632,13.867782,13.741968,13.10607,13.088822,0,0,0,0,0,0
2025/06/12 23:48:00.930,n,6.427109,61.449536,0.000221,5.506198e-06,-2.75879e-05,7.715935e-06,12.975268,13.16017,12.839716,12.918436,13.088822,13.423484,13.859424,13.741968,13.10892,13.09612,0,0,0,0,0,0
2025/06/12 23:49:00.915,n,6.360264,61.336892,0.000205,9.888952e-06,-2.75879e-05,6.588158e-06,12.98543,13.139796,12.838252,12.914056,13.077178,13.426366,13.859424,13.7463,13.10892,13.099034,0,0,0,0,0,0
2025/06/12 23:50:00.931,n,6.265049,61.602904,0.000194,6.37519e-06,-4.926476e-05,7.399143e-06,12.963594,13.13833,12.82664,12.909676,13.084442,13.426366,13.862178,13.72889,13.10892,13.091738,0,0,0,0,0,0
2025/06/12 23:51:00.935,n,6.156357,62.095924,0.000184,1.126707e-05,-8.192854e-05,8.525776e-06,12.957778,13.135416,12.828074,12.898014,13.077178,13.429118,13.856638,13.72454,13.117322,13.084442,0,0,0,0,0,0
2025/06/12 23:52:00.904,n,6.102841,62.208812,0.000178,6.428466e-06,-8.192854e-05,5.859418e-06,12.965042,13.126654,12.832488,12.893634,13.066986,13.426366,13.856638,13.739068,13.114554,13.09612,0,0,0,0,0,0
2025/06/12 23:53:00.912,n,6.029209,62.526052,0.000168,7.894041e-06,-9.291544e-05,8.56495e-06,12.951916,13.101966,12.819346,12.884922,13.052426,13.431968,13.859424,13.723074,13.128558,13.077178,0,0,0,0,0,0
2025/06/12 23:54:00.907,n,5.962315,62.429564,0.000157,1.029777e-05,-0.000109,6.26099e-06,12.935908,13.101966,12.803322,12.871798,13.046612,13.431968,13.870664,13.712862,13.125708,13.07428,0,0,0,0,0,0
2025/06/12 23:55:00.927,n,5.912121,62.847876,0.000136,6.899456e-06,-0.000126,8.122869e-06,12.918436,13.115044,12.78292,12.874728,13.02474,13.43477,13.865026,13.696898,13.125708,13.053906,0,0,0,0,0,0
2025/06/12 23:56:00.911,n,5.865246,62.811988,0.00012,7.58788e-06,-0.000136,5.859363e-06,12.925698,13.08739,12.794562,12.863036,13.016044,13.437588,13.870664,13.702762,13.128558,13.056808,0,0,0,0,0,0
2025/06/12 23:57:00.913,n,5.80333,63.027464,0.00012,1.177816e-05,-0.000136,7.727485e-06,12.914056,13.077178,12.781454,12.863036,13.00875,13.431968,13.859424,13.701282,13.128558,13.059722,0,0,0,0,0,0
2025/06/12 23:58:00.917,n,5.762997,63.2524,0.000215,9.149864e-06,-2.75879e-05,6.579012e-06,12.943008,13.11786,12.808958,12.909528,13.045016,13.412798,13.837516,13.736186,13.100956,13.088758,0,0,0,0,0,0
2025/06/12 23:59:00.918,n,5.702744,63.371396,0.000194,1.075914e-05,-4.926476e-05,6.486322e-06,12.929964,13.110548,12.800198,12.893536,13.024612,13.412798,13.84312,13.725956,13.10659,13.079948,0,0,0,0,0,0
2025/06/13 00:00:00.921,n,5.721154,63.645172,0.000194,7.626177e-06,-6.559664e-05,4.924808e-06,12.924086,13.11786,12.794416,12.899302,13.024612,13.410046,13.840268,13.72019,13.11211,13.075616,0,0,0,0,0,0
2025/06/13 00:01:00.923,n,5.741223,63.40406,0.000242,3.593596e-05,5.075876e-06,2.533147e-05,12.935778,13.126604,12.80311,12.902234,13.031906,13.390306,13.806632,13.731804,13.08695,13.090176,0,0,0,0,0,0
2025/06/13 00:02:00.925,n,5.7379,63.123544,0.00021,1.331811e-05,-2.194597e-05,9.188494e-06,12.925552,13.12219,12.795816,12.896386,13.023178,13.398792,13.823476,13.712894,13.095354,13.079948,0,0,0,0,0,0
2025/06/13 00:03:00.921,n,5.736241,63.179012,0.000184,1.177613e-05,-4.926476e-05,8.762464e-06,12.908094,13.114926,12.787088,12.889092,13.011502,13.401546,13.815022,13.711428,13.09247,13.072716,0,0,0,0,0,0
2025/06/13 00:04:00.926,n,5.734532,62.767636,0.000189,6.435696e-06,-6.559664e-05,7.650659e-06,12.892038,13.100338,12.772514,12.876016,13.00572,13.393158,13.820724,13.695434,13.100956,13.066854,0,0,0,0,0,0
2025/06/13 00:05:00.926,n,5.706112,62.511088,0.000168,7.852527e-06,-9.826042e-05,1.061212e-05,12.874548,13.087292,12.759404,12.862874,12.99258,13.404394,13.829112,13.688202,13.109344,13.049364,0,0,0,0,0,0
2025/06/13 00:06:00.927,n,5.734532,62.349224,0.000147,8.59405e-06,-0.000109,6.484591e-06,12.867286,13.074182,12.752112,12.845384,12.976588,13.412798,13.83188,13.670708,13.117844,13.043582,0,0,0,0,0,0
2025/06/13 00:07:00.930,n,5.696057,61.989216,0.000136,5.681034e-06,-0.000126,7.027652e-06,12.86144,13.074182,12.750646,12.845384,12.976588,13.415552,13.837516,13.667824,13.126328,13.045016,0,0,0,0,0,0
2025/06/13 00:08:00.933,n,5.667538,62.064512,0.000136,8.964002e-06,-0.000126,6.745507e-06,12.84833,13.059574,12.744816,12.83519,12.972206,13.421186,13.84312,13.656212,13.12908,13.034854,0,0,0,0,0,0
2025/06/13 00:09:00.936,n,5.659191,62.393368,0.000115,3.163388e-06,-0.000142,5.396952e-06,12.833776,13.047962,12.727326,12.83081,12.96203,13.426806,13.837516,13.65183,13.12908,13.03044,0,0,0,0,0,0
2025/06/13 00:10:00.919,n,5.636666,62.155148,0.000221,8.370311e-06,-1.664275e-05,8.30488e-06,12.85763,13.06894,12.746868,12.854698,12.964,13.338468,13.75754,13.68294,13.04355,13.052898,0,0,0,0,0,0
2025/06/13 00:11:00.907,n,5.589791,61.876776,0.000221,9.404424e-06,-4.396154e-05,6.718713e-06,12.85763,13.051416,12.751216,12.834328,12.96693,13.335618,13.754688,13.68149,13.054754,13.052898,0,0,0,0,0,0
2025/06/13 00:12:00.908,n,5.532757,61.981608,0.000216,9.095484e-06,-5.479997e-05,7.328772e-06,12.851816,13.041222,12.739588,12.82563,12.95379,13.332864,13.749054,13.674194,13.046304,13.055796,0,0,0,0,0,0
2025/06/13 00:13:00.909,n,5.487545,62.25822,0.000195,1.017624e-05,-6.014495e-05,6.35286e-06,12.84159,13.029514,12.729314,12.819754,12.937766,13.341352,13.75754,13.669812,13.051904,13.042656,0,0,0,0,0,0
2025/06/13 00:14:00.912,n,5.437252,62.447968,0.000174,8.276563e-06,-7.113186e-05,7.880918e-06,12.828482,13.022284,12.71627,12.813892,12.930518,13.338468,13.75754,13.658216,13.057554,13.033958,0,0,0,0,0,0
2025/06/13 00:15:00.912,n,5.423825,62.524776,0.000168,7.237487e-06,-7.662531e-05,5.749356e-06,12.816806,13.017902,12.708928,12.816806,12.92319,13.332864,13.754688,13.646602,13.049152,13.038338,0,0,0,0,0,0
2025/06/13 00:16:00.915,n,5.378559,62.505148,0.000174,8.074615e-06,-0.000104,8.230858e-06,12.811008,13.012088,12.701664,12.80811,12.915928,13.332864,13.749054,13.652416,13.057554,13.026664,0,0,0,0,0,0
2025/06/13 00:17:00.916,n,5.350094,62.676776,0.000158,8.107507e-06,-0.000104,9.864818e-06,12.800784,13.007708,12.69437,12.802248,12.905734,13.341352,13.754688,13.640738,13.057554,13.016436,0,0,0,0,0,0
2025/06/13 00:18:00.919,n,5.309811,62.975604,0.000142,8.272659e-06,-0.000104,7.12777e-06,12.796436,13.00336,12.682676,12.802248,12.891176,13.341352,13.743532,13.63639,13.066038,13.012088,0,0,0,0,0,0
2025/06/13 00:19:00.906,n,5.251168,62.706172,0.000137,7.452856e-06,-0.000115,6.964405e-06,12.780412,12.987304,12.68123,12.775968,12.894026,13.3442,13.763094,13.621894,13.06039,13.012088,0,0,0,0,0,0
2025/06/13 00:20:00.906,n,5.246025,62.688588,0.000242,6.391785e-06,-3.287952e-05,6.523993e-06,12.805504,13.011014,12.713634,12.796808,12.913356,13.29684,13.71314,13.649908,13.024496,13.043062,0,0,0,0,0,0
2025/06/13 00:21:00.908,n,5.160527,62.770324,0.000189,1.181447e-05,-3.82245e-05,4.300932e-06,12.79383,13.002286,12.702006,12.798276,12.908974,13.308174,13.715906,13.644078,13.02725,13.02992,0,0,0,0,0,0
2025/06/13 00:22:00.910,n,5.133671,62.786632,0.000189,9.145628e-06,-6.019831e-05,6.680146e-06,12.782154,12.98333,12.678688,12.785134,12.88419,13.308174,13.718758,13.63538,13.024496,13.02992,0,0,0,0,0,0
2025/06/13 00:23:00.914,n,5.138653,62.773548,0.000173,9.12498e-06,-8.172671e-05,8.366509e-06,12.774924,12.978948,12.68157,12.782154,12.88279,13.319412,13.741056,13.632464,13.041336,13.012464,0,0,0,0,0,0
2025/06/13 00:24:00.916,n,5.095047,62.718028,0.000168,8.365371e-06,-7.638172e-05,7.120199e-06,12.761784,12.980414,12.667014,12.785134,12.869648,13.316564,13.71314,13.623702,13.03285,12.997872,0,0,0,0,0,0
2025/06/13 00:25:00.916,n,5.061505,62.762124,0.000152,9.67126e-06,-8.736864e-05,6.778464e-06,12.750092,12.971686,12.658254,12.773458,12.863852,13.302572,13.715906,13.615036,13.03285,13.000852,0,0,0,0,0,0
2025/06/13 00:26:00.919,n,5.068241,62.709876,0.000152,6.280253e-06,-9.820706e-05,8.069053e-06,12.739914,12.967304,12.64946,12.770528,12.84781,13.316564,13.71314,13.600492,13.044104,12.990608,0,0,0,0,0,0
2025/06/13 00:27:00.923,n,5.07156,62.517056,0.000147,7.027008e-06,-0.000109,7.708444e-06,12.734134,12.970204,12.640766,12.771992,12.841948,13.311026,13.715906,13.604872,13.041336,12.980414,0,0,0,0,0,0
2025/06/13 00:28:00.906,n,4.974247,62.3715,0.000136,7.183827e-06,-0.000126,6.089335e-06,12.731154,12.951248,12.650942,12.74721,12.853658,13.311026,13.715906,13.597576,13.044104,12.99349,0,0,0,0,0,0
2025/06/13 00:29:00.907,n,4.977436,62.877896,0.000226,7.51818e-06,-2.749046e-05,5.92941e-06,12.754504,12.970204,12.67281,12.770528,12.8667,13.259056,13.658394,13.625232,12.995088,13.015362,0,0,0,0,0,0
2025/06/13 00:30:00.912,n,4.960591,62.841956,0.000216,6.164609e-06,-4.946427e-05,7.881799e-06,12.744262,12.965838,12.662602,12.767612,12.852126,13.259056,13.658394,13.616536,12.98385,13.013894,0,0,0,0,0,0
2025/06/13 00:31:00.915,n,4.999214,63.429408,0.000268,2.961152e-05,5.173311e-06,3.447879e-05,12.751556,12.980448,12.662602,12.780722,12.858004,13.228178,13.630364,13.629614,12.964114,13.021224,0,0,0,0,0,0
2025/06/13 00:32:00.916,n,4.940472,63.179848,0.000242,8.985452e-06,-1.115858e-05,9.291808e-06,12.732602,12.96439,12.646528,12.774876,12.837632,13.236664,13.638848,13.613636,12.969748,13.002286,0,0,0,0,0,0
2025/06/13 00:33:00.917,n,4.937104,63.22882,0.000216,1.098656e-05,-3.298391e-05,1.103195e-05,12.726742,12.967304,12.64368,12.772024,12.831756,13.25067,13.652758,13.604872,12.98385,13.005198,0,0,0,0,0,0
2025/06/13 00:34:00.918,n,4.908539,63.321788,0.000189,9.396178e-06,-4.946427e-05,6.956854e-06,12.713666,12.941088,12.632038,12.76035,12.821528,13.245066,13.63323,13.597608,12.975366,12.990608,0,0,0,0,0,0
2025/06/13 00:35:00.920,n,4.85986,63.223888,0.000184,6.620337e-06,-7.099266e-05,9.109234e-06,12.70344,12.943986,12.6174,12.748642,12.809884,13.247818,13.647238,13.588878,12.9782,12.989142,0,0,0,0,0,0
2025/06/13 00:36:00.921,n,4.816204,63.331556,0.000168,8.443612e-06,-7.099266e-05,7.556787e-06,12.688882,12.936706,12.608606,12.74283,12.799676,13.247818,13.647238,13.578698,12.997872,12.970204,0,0,0,0,0,0
2025/06/13 00:37:00.908,n,4.809468,63.300548,0.000168,6.369716e-06,-8.212804e-05,8.966958e-06,12.681602,12.914852,12.613018,12.72096,12.80259,13.245066,13.64999,13.577234,12.997872,12.978966,0,0,0,0,0,0
2025/06/13 00:38:00.909,n,4.767525,63.217348,0.000163,1.111073e-05,-9.296648e-05,3.025035e-05,12.681602,12.916334,12.602794,12.72096,12.792398,13.25067,13.647238,13.572884,12.995088,12.976066,0,0,0,0,0,0
2025/06/13 00:39:00.915,n,4.745697,63.3756,0.000152,1.478619e-05,-0.000126,2.299827e-05,12.65822,12.895866,12.594082,12.710702,12.782188,13.256304,13.64999,13.562706,12.997872,12.965838,0,0,0,0,0,0
2025/06/13 00:40:00.915,n,4.733929,63.576088,0.000115,2.716962e-05,-0.000131,1.085733e-05,12.656786,12.897332,12.585304,12.704906,12.772024,13.245066,13.641602,13.56412,12.997872,12.962924,0,0,0,0,0,0
2025/06/13 00:41:00.916,n,4.756584,63.896452,0.000215,1.298849e-05,-3.298623e-05,2.071372e-05,12.687076,12.929102,12.61994,12.743904,12.80228,13.225736,13.616568,13.59598,12.972792,12.993214,0,0,0,0,0,0
2025/06/13 00:42:00.917,n,4.699456,63.862224,0.000199,1.991058e-05,-3.862816e-05,5.40093e-06,12.68123,12.929102,12.605334,12.736674,12.792054,13.222854,13.619354,13.591598,12.972792,12.990314,0,0,0,0,0,0
2025/06/13 00:43:00.921,n,4.687687,64.05764,0.000194,1.327634e-05,-6.030502e-05,7.317614e-06,12.665124,12.923256,12.593658,12.736674,12.783294,13.222854,13.622202,13.579986,12.975628,12.974292,0,0,0,0,0,0
2025/06/13 00:44:00.922,n,4.639004,63.84924,0.000173,1.326972e-05,-7.678538e-05,1.016987e-05,12.656396,12.91894,12.58493,12.720554,12.767238,13.222854,13.608178,13.56544,12.975628,12.966996,0,0,0,0,0,0
2025/06/13 00:45:00.925,n,4.652386,63.984344,0.000178,9.819994e-06,-7.678538e-05,9.412148e-06,12.634546,12.9058,12.570358,12.720554,12.764358,13.225736,13.616568,13.559546,12.984144,12.964082,0,0,0,0,0,0
2025/06/13 00:46:00.910,n,4.570061,63.788984,0.000162,8.953332e-06,-9.326574e-05,5.966801e-06,12.643256,12.882414,12.58055,12.704546,12.765838,13.228488,13.608178,13.562492,12.984144,12.972792,0,0,0,0,0,0
2025/06/13 00:47:00.916,n,4.565079,63.502216,0.000157,9.393428e-06,-0.000106,9.848534e-06,12.631582,12.876634,12.57179,12.700198,12.755596,13.228488,13.613716,13.558144,12.981278,12.96553,0,0,0,0,0,0
2025/06/13 00:48:00.916,n,4.56332,63.202168,0.000147,1.181053e-05,-0.000106,6.911335e-06,12.62432,12.875134,12.563096,12.687076,12.743904,13.225736,13.613716,13.546468,12.975628,12.950938,0,0,0,0,0,0
2025/06/13 00:49:00.919,n,4.489395,63.236396,0.000131,1.07589e-05,-0.000106,6.720179e-06,12.61556,12.866424,12.551388,12.689956,12.724998,13.228488,13.616568,13.543552,12.981278,12.952438,0,0,0,0,0,0
2025/06/13 00:50:00.918,n,4.423821,63.386444,0.000136,7.14786e-06,-0.000128,7.110439e-06,12.608266,12.869274,12.551388,12.688492,12.732228,13.222854,13.605328,13.542084,12.981278,12.952438,0,0,0,0,0,0
2025/06/13 00:51:00.921,n,4.306095,63.712472,0.00012,6.121815e-06,-0.000133,7.478294e-06,12.593658,12.860578,12.533836,12.679764,12.706012,13.220098,13.610964,13.527556,12.981278,12.936396,0,0,0,0,0,0
2025/06/13 00:52:00.924,n,4.23544,63.932248,0.000136,1.029689e-05,-0.000139,3.550538e-06,12.582018,12.85763,12.530904,12.678266,12.703064,13.21725,13.605328,13.526156,12.975628,12.926154,0,0,0,0,0,0
2025/06/13 00:53:00.925,n,4.218449,64.136436,0.000194,1.173701e-05,-5.689018e-05,6.29674e-06,12.606734,12.880916,12.55414,12.704482,12.727784,13.158034,13.543306,13.542052,12.916546,12.956672,0,0,0,0,0,0
2025/06/13 00:54:00.927,n,4.206681,64.234048,0.000189,8.118812e-06,-6.787708e-05,5.477646e-06,12.590662,12.875134,12.539566,12.692806,12.72197,13.166488,13.55171,13.533322,12.930534,12.94651,0,0,0,0,0,0
2025/06/13 00:55:00.914,n,4.228508,64.407976,0.000184,9.05905e-06,-8.420896e-05,8.012095e-06,12.595042,12.845938,12.549826,12.67382,12.716124,13.163638,13.548924,13.537704,12.9277,12.947974,0,0,0,0,0,0
2025/06/13 00:56:00.915,n,4.236954,64.255144,0.000157,1.413888e-05,-8.420896e-05,8.144708e-06,12.584866,12.847372,12.545444,12.676736,12.702984,13.158034,13.540456,13.529006,12.9277,12.942096,0,0,0,0,0,0
2025/06/13 00:57:00.917,n,4.25375,64.5673,0.000179,1.112433e-05,-8.955394e-05,7.929068e-06,12.580454,12.838644,12.533754,12.665092,12.694256,13.160886,13.540456,13.533322,12.919298,12.945028,0,0,0,0,0,0
2025/06/13 00:58:00.920,n,4.230217,64.593276,0.000152,4.593954e-06,-0.000106,5.878954e-06,12.568762,12.835712,12.516252,12.660712,12.685544,13.155234,13.540456,13.523158,12.933334,12.929038,0,0,0,0,0,0
2025/06/13 00:59:00.923,n,4.196526,64.064812,0.000131,9.016024e-06,-0.000122,7.232844e-06,12.558586,12.828448,12.508972,12.662178,12.67382,13.160886,13.543306,13.505714,12.9277,12.920244,0,0,0,0,0,0
2025/06/13 01:00:00.922,n,4.194134,63.949552,0.000222,8.494408e-06,-3.298623e-05,8.843804e-06,12.559758,12.844228,12.515988,12.67211,12.692562,13.110206,13.48143,13.515684,12.877024,12.94335,0,0,0,0,0,0
2025/06/13 01:01:00.922,n,4.153751,63.960976,0.000286,2.756155e-05,3.783476e-05,3.367264e-05,12.583124,12.855888,12.53351,12.688182,12.698392,13.079264,13.453386,13.536058,12.848902,12.95211,0,0,0,0,0,0
2025/06/13 01:02:00.924,n,4.085293,64.099304,0.000254,1.670802e-05,1.600942e-05,1.096746e-05,12.567102,12.841312,12.513042,12.675042,12.689632,13.076382,13.453386,13.528762,12.851786,12.94625,0,0,0,0,0,0
2025/06/13 01:03:00.929,n,4.056828,64.131828,0.00026,1.229144e-05,-1.11609e-05,8.340435e-06,12.55541,12.847126,12.501402,12.673576,12.68227,13.084866,13.459022,13.52,12.85742,12.933108,0,0,0,0,0,0
2025/06/13 01:04:00.914,n,4.016594,64.426208,0.000228,9.783354e-06,-2.749278e-05,6.943002e-06,12.549516,12.817964,12.510194,12.648792,12.68525,13.090516,13.47293,13.515684,12.863036,12.940468,0,0,0,0,0,0
2025/06/13 01:05:00.914,n,4.018204,64.515616,0.000222,1.25496e-05,-2.749278e-05,6.334499e-06,12.53351,12.804822,12.504284,12.638566,12.664814,13.093268,13.470178,13.50109,12.87152,12.928792,0,0,0,0,0,0
2025/06/13 01:06:00.917,n,3.98637,64.4327,0.000196,9.080132e-06,-4.916965e-05,6.720071e-06,12.527648,12.797542,12.496988,12.640032,12.653172,13.09887,13.470178,13.50109,12.868638,12.921448,0,0,0,0,0,0
2025/06/13 01:07:00.916,n,3.92265,64.063516,0.000191,1.067415e-05,-7.084651e-05,6.971103e-06,12.518888,12.800508,12.491142,12.629808,12.648792,13.093268,13.47293,13.485096,12.877024,12.92003,0,0,0,0,0,0
2025/06/13 01:08:00.919,n,3.914299,64.040712,0.000207,1.155162e-05,-6.550153e-05,5.844987e-06,12.514508,12.796062,12.475122,12.628358,12.637086,13.104604,13.470178,13.485096,12.87152,12.90689,0,0,0,0,0,0
2025/06/13 01:09:00.922,n,3.907608,63.960976,0.000164,1.00648e-05,-8.168494e-05,8.136495e-06,12.492608,12.781518,12.459066,12.621046,12.619596,13.09887,13.467424,13.4764,12.879906,12.895246,0,0,0,0,0,0
2025/06/13 01:10:00.925,n,3.875725,63.923524,0.000164,1.108373e-05,-8.732688e-05,8.214518e-06,12.486828,12.77717,12.450308,12.610838,12.613784,13.09887,13.464542,13.464688,12.879906,12.886486,0,0,0,0,0,0
2025/06/13 01:11:00.925,n,3.858929,63.897448,0.000154,6.280665e-06,-9.267186e-05,6.184486e-06,12.469276,12.77569,12.444494,12.605024,12.600644,13.09887,13.47293,13.463256,12.88266,12.880608,0,0,0,0,0,0
2025/06/13 01:12:00.929,n,3.818691,63.723132,0.000143,6.584529e-06,-0.000109,6.014192e-06,12.46636,12.77126,12.43427,12.603558,12.59483,13.101752,13.467424,13.447262,12.874272,12.876292,0,0,0,0,0,0
2025/06/13 01:13:00.911,n,3.801895,63.905604,0.000133,6.276858e-06,-0.000125,1.016468e-05,12.463448,12.74506,12.441532,12.587504,12.59335,13.093268,13.464542,13.45306,12.879906,12.886486,0,0,0,0,0,0
2025/06/13 01:14:00.914,n,3.775089,63.796476,0.000128,6.82017e-06,-0.000142,7.551614e-06,12.45467,12.73778,12.42989,12.570016,12.58024,13.101752,13.47293,13.44288,12.885508,12.880608,0,0,0,0,0,0
2025/06/13 01:15:00.918,n,3.755398,64.143892,0.000233,8.218292e-06,-1.121425e-05,9.191182e-06,12.472304,12.7583,12.45187,12.600758,12.606586,13.051236,13.422538,13.472164,12.83778,12.89681,0,0,0,0,0,0
2025/06/13 01:16:00.918,n,3.763744,64.47402,0.000217,8.86094e-06,-3.853304e-05,5.802847e-06,12.466492,12.759764,12.440212,12.600758,12.587618,13.059624,13.422538,13.459086,12.851816,12.889562,0,0,0,0,0,0
2025/06/13 01:17:00.920,n,3.735279,64.496772,0.000206,5.543145e-06,-4.387802e-05,6.308398e-06,12.448972,12.751002,12.427074,12.590532,12.58472,13.048388,13.419688,13.450388,12.84343,12.885182,0,0,0,0,0,0
2025/06/13 01:18:00.926,n,3.73357,64.047896,0.000222,7.586263e-06,-3.303959e-05,7.970456e-06,12.446026,12.749538,12.424126,12.590532,12.578858,13.042786,13.408532,13.446006,12.832146,12.864746,0,0,0,0,0,0
2025/06/13 01:19:00.924,n,3.653004,63.353756,0.000196,7.682044e-06,-6.006144e-05,7.39862e-06,12.44311,12.742244,12.42266,12.58472,12.568632,13.042786,13.4113,13.444542,12.84063,12.876438,0,0,0,0,0,0
2025/06/13 01:20:00.926,n,3.642944,63.358684,0.000173,1.013324e-05,-7.639332e-05,6.046728e-06,12.425592,12.73498,12.40952,12.58034,12.559938,13.054022,13.41415,13.427068,12.84343,12.86618,0,0,0,0,0,0
2025/06/13 01:21:00.926,n,3.607693,63.34394,0.000178,5.393839e-06,-8.173831e-05,6.495887e-06,12.408072,12.724754,12.394964,12.565718,12.54823,13.051236,13.416904,13.419786,12.849032,12.854536,0,0,0,0,0,0
2025/06/13 01:22:00.916,n,3.575756,63.710784,0.000173,7.748854e-06,-8.738024e-05,6.197841e-06,12.403692,12.7058,12.402226,12.54823,12.54971,13.051236,13.41415,13.421252,12.84063,12.857484,0,0,0,0,0,0
2025/06/13 01:23:00.917,n,3.478443,63.71728,0.000167,7.148764e-06,-9.287368e-05,3.673838e-06,12.397814,12.69556,12.389054,12.543818,12.533624,13.048388,13.41415,13.419786,12.84628,12.857484,0,0,0,0,0,0
2025/06/13 01:24:00.921,n,3.419655,64.171576,0.000167,4.347761e-06,-9.821866e-05,4.160776e-06,12.403692,12.702918,12.387654,12.546764,12.527746,13.045636,13.408532,13.413924,12.83778,12.845808,0,0,0,0,0,0
2025/06/13 01:25:00.918,n,3.37434,64.67392,0.000152,5.239048e-06,-0.000109,7.094159e-06,12.378894,12.688312,12.375946,12.53942,12.516106,13.048388,13.405682,13.39941,12.84628,12.835646,0,0,0,0,0,0
2025/06/13 01:26:00.919,n,3.364285,64.433396,0.00013,1.513237e-05,-0.000125,1.016411e-05,12.3716,12.685332,12.364274,12.533624,12.516106,13.051236,13.402896,13.39941,12.849032,12.831202,0,0,0,0,0,0
2025/06/13 01:27:00.922,n,3.345974,64.446648,0.000241,1.017916e-05,-1.121425e-05,8.131227e-06,12.415432,12.736526,12.406638,12.586218,12.557022,13.014532,13.37459,13.447686,12.817912,12.88095,0,0,0,0,0,0
2025/06/13 01:28:00.927,n,3.325806,64.586448,0.000225,6.845788e-06,-1.655923e-05,6.270743e-06,12.409552,12.729232,12.39788,12.575992,12.55121,13.011664,13.37174,13.434608,12.817912,12.870722,0,0,0,0,0,0
2025/06/13 01:29:00.927,n,3.303982,64.703392,0.00022,9.358982e-06,-3.838457e-05,7.492234e-06,12.399376,12.730698,12.387654,12.571644,12.539502,13.014532,13.37459,13.422946,12.817912,12.864862,0,0,0,0,0,0
2025/06/13 01:30:00.928,n,3.334206,64.727752,0.00022,9.253758e-06,-3.838457e-05,7.673242e-06,12.389152,12.724884,12.392066,12.574576,12.533656,13.00603,13.366202,13.418582,12.817912,12.869242,0,0,0,0,0,0
2025/06/13 01:31:00.920,n,3.312378,64.575064,0.000278,3.228186e-05,2.130105e-05,3.310457e-05,12.400794,12.710262,12.394932,12.570162,12.545364,12.983654,13.346008,13.438988,12.798178,12.886828,0,0,0,0,0,0
2025/06/13 01:32:00.919,n,3.322437,64.501876,0.000257,9.383522e-06,-5.7208e-06,4.21323e-06,12.393468,12.701534,12.386174,12.555556,12.535122,12.994874,13.343254,13.440436,12.798178,12.873686,0,0,0,0,0,0
2025/06/13 01:33:00.922,n,3.283863,64.384836,0.000225,1.077258e-05,-3.303959e-05,9.971514e-06,12.383306,12.701534,12.378926,12.555556,12.520516,12.994874,13.35459,13.414232,12.809446,12.86346,0,0,0,0,0,0
2025/06/13 01:34:00.927,n,3.327515,64.675804,0.00023,7.789925e-06,-3.303959e-05,6.816517e-06,12.371568,12.695688,12.373034,12.55121,12.51029,12.986424,13.340404,13.40547,12.80106,12.851786,0,0,0,0,0,0
2025/06/13 01:35:00.925,n,3.309059,64.914964,0.000214,5.91783e-06,-5.471646e-05,8.677292e-06,12.357028,12.678166,12.355546,12.533656,12.500116,13.003262,13.360584,13.393808,12.80106,12.848868,0,0,0,0,0,0
2025/06/13 01:36:00.928,n,3.317455,65.154608,0.000183,7.85187e-06,-7.089987e-05,6.524711e-06,12.345322,12.676702,12.343856,12.536604,12.491356,13.003262,13.35459,13.390924,12.815146,12.840108,0,0,0,0,0,0
2025/06/13 01:37:00.929,n,3.240162,64.653044,0.000167,1.087142e-05,-7.624485e-05,4.687628e-06,12.333614,12.673788,12.340942,12.526394,12.479664,13.014532,13.357376,13.380714,12.817912,12.83138,0,0,0,0,0,0
2025/06/13 01:38:00.932,n,3.191433,64.051384,0.000141,2.426754e-05,-9.80702e-05,8.77943e-06,12.321958,12.657766,12.321958,12.51029,12.466524,13.011664,13.366202,13.364672,12.820764,12.8241,0,0,0,0,0,0
2025/06/13 01:39:00.931,n,3.146069,64.261252,0.000125,2.399256e-05,-9.27252e-05,7.095389e-06,12.313166,12.657766,12.320476,12.500116,12.466524,13.008898,13.360584,13.364672,12.817912,12.816742,0,0,0,0,0,0
2025/06/13 01:40:00.918,n,3.046902,64.29548,0.000151,8.179688e-06,-0.000104,5.420598e-06,12.321958,12.634398,12.320476,12.498616,12.460728,13.003262,13.35459,13.3749,12.812278,12.826966,0,0,0,0,0,0
2025/06/13 01:41:00.921,n,3.006519,64.534392,0.000141,6.677462e-06,-0.000114,6.44853e-06,12.307336,12.628552,12.32339,12.49715,12.457766,13.003262,13.340404,13.36617,12.820764,12.819656,0,0,0,0,0,0
2025/06/13 01:42:00.922,n,2.969555,64.570184,0.00013,6.696685e-06,-0.000131,7.341783e-06,12.295646,12.625638,12.314632,12.49282,12.443144,12.992026,13.346008,13.35306,12.817912,12.809478,0,0,0,0,0,0
2025/06/13 01:43:00.924,n,3.002453,64.643204,0.000214,7.492705e-06,-4.377131e-05,7.480005e-06,12.309664,12.646954,12.319904,12.508288,12.457146,12.92236,13.27355,13.365584,12.748252,12.82643,0,0,0,0,0,0
2025/06/13 01:44:00.928,n,3.010849,64.56034,0.000214,6.294842e-06,-3.812938e-05,3.631106e-06,12.303852,12.642574,12.316992,12.50977,12.45135,12.92236,13.267948,13.36853,12.74252,12.81622,0,0,0,0,0,0
2025/06/13 01:45:00.929,n,2.982235,64.807068,0.000209,8.981712e-06,-3.812938e-05,5.468913e-06,12.289216,12.636726,12.308232,12.498062,12.448418,12.92236,13.267948,13.3598,12.74252,12.817686,0,0,0,0,0,0
2025/06/13 01:46:00.934,n,2.990685,64.730948,0.000199,8.916172e-06,-5.460974e-05,5.426077e-06,12.281922,12.63088,12.297974,12.492218,12.44259,12.925128,13.2707,13.346676,12.748252,12.805994,0,0,0,0,0,0
2025/06/13 01:47:00.932,n,2.980625,64.970152,0.000194,5.617689e-06,-6.010319e-05,5.087547e-06,12.267316,12.62655,12.293628,12.484956,12.436744,12.930812,13.27355,13.339364,12.756638,12.801614,0,0,0,0,0,0
2025/06/13 01:48:00.935,n,2.950302,64.748816,0.000194,6.521839e-06,-6.544818e-05,6.318067e-06,12.26437,12.61924,12.292146,12.48349,12.427984,12.919478,13.265066,13.333596,12.745402,12.805994,0,0,0,0,0,0
2025/06/13 01:49:00.921,n,2.931797,64.911516,0.000188,5.650251e-06,-7.62866e-05,6.641476e-06,12.271696,12.597338,12.289216,12.47035,12.409,12.919478,13.265066,13.343808,12.745402,12.805994,0,0,0,0,0,0
2025/06/13 01:50:00.921,n,2.852745,64.953896,0.000167,6.925527e-06,-8.712504e-05,7.665883e-06,12.25123,12.595858,12.280422,12.465938,12.403154,12.916628,13.262312,13.333596,12.748252,12.794352,0,0,0,0,0,0
2025/06/13 01:51:00.925,n,2.846054,64.846228,0.000146,9.7708e-06,-9.247002e-05,6.751394e-06,12.248332,12.578338,12.27023,12.455762,12.39586,12.92236,13.267948,13.316074,12.748252,12.785524,0,0,0,0,0,0
2025/06/13 01:52:00.924,n,2.8275,64.72284,0.000146,6.392998e-06,-0.000104,5.275417e-06,12.23516,12.590044,12.254144,12.457146,12.388534,12.919478,13.265066,13.316074,12.748252,12.787006,0,0,0,0,0,0
2025/06/13 01:53:00.927,n,2.812363,64.475824,0.000151,5.410817e-06,-0.000104,7.754021e-06,12.2264,12.579818,12.25561,12.45135,12.378308,12.919478,13.265066,13.307376,12.756638,12.768068,0,0,0,0,0,0
2025/06/13 01:54:00.929,n,2.748448,64.527824,0.000136,1.10418e-05,-0.00012,4.293792e-06,12.211782,12.572492,12.241004,12.445504,12.381272,12.916628,13.265066,13.294234,12.753886,12.76074,0,0,0,0,0,0
2025/06/13 01:55:00.931,n,2.745079,64.548964,0.000125,9.220192e-06,-0.000125,7.575441e-06,12.20885,12.571058,12.242438,12.43383,12.365168,12.92236,13.25943,13.289886,12.753886,12.768068,0,0,0,0,0,0
2025/06/13 01:56:00.933,n,2.719833,64.563612,0.000125,8.167122e-06,-0.000136,3.629527e-06,12.194296,12.560848,12.23516,12.43383,12.372512,12.911026,13.262312,13.281156,12.74252,12.763688,0,0,0,0,0,0
2025/06/13 01:57:00.935,n,2.777741,64.73712,0.00021,7.622957e-06,-3.294216e-05,8.10927e-06,12.206066,12.577032,12.248446,12.43834,12.382834,12.819232,13.15359,13.303092,12.650748,12.775446,0,0,0,0,0,0
2025/06/13 01:58:00.922,n,2.735653,64.61686,0.000231,7.630072e-06,-4.392906e-05,6.770013e-06,12.214858,12.56391,12.241154,12.441254,12.366796,12.813582,13.147954,13.31179,12.645144,12.776926,0,0,0,0,0,0
2025/06/13 01:59:00.921,n,2.740681,64.564856,0.000204,1.006967e-05,-4.392906e-05,8.744938e-06,12.20172,12.562446,12.241154,12.439774,12.360918,12.81635,13.156344,13.29583,12.653596,12.77981,0,0,0,0,0,0
2025/06/13 02:00:00.922,n,2.732281,64.602256,0.000204,9.111946e-06,-4.942251e-05,3.899231e-06,12.200238,12.5551,12.229462,12.432528,12.358038,12.81083,13.15074,13.304526,12.645144,12.772578,0,0,0,0,0,0
2025/06/13 02:01:00.922,n,2.713726,65.109924,0.000241,3.606386e-05,-1.126529e-05,3.820724e-05,12.213408,12.5551,12.235308,12.436874,12.350744,12.78559,13.119764,13.301612,12.62266,12.776926,0,0,0,0,0,0
2025/06/13 02:02:00.925,n,2.676716,64.881652,0.000226,1.146191e-05,-1.675874e-05,8.63769e-06,12.197306,12.55953,12.229462,12.432528,12.358038,12.78559,13.119764,13.297232,12.631124,12.766686,0,0,0,0,0,0
2025/06/13 02:03:00.926,n,2.612702,65.002312,0.00022,9.911918e-06,-4.392906e-05,8.770924e-06,12.181286,12.54201,12.217756,12.423766,12.34195,12.79111,13.122614,13.285602,12.625508,12.765284,0,0,0,0,0,0
2025/06/13 02:04:00.930,n,2.5774,65.15558,0.000204,8.539308e-06,-4.942251e-05,7.078926e-06,12.172462,12.54201,12.213408,12.419386,12.340486,12.79111,13.122614,13.28124,12.631124,12.755056,0,0,0,0,0,0
2025/06/13 02:05:00.932,n,2.611092,65.51876,0.000183,9.58323e-06,-6.026094e-05,7.836348e-06,12.15348,12.527404,12.197306,12.404766,12.318554,12.799594,13.133852,13.259334,12.645144,12.740436,0,0,0,0,0,0
2025/06/13 02:06:00.936,n,2.558846,64.909384,0.000183,8.91791e-06,-8.178934e-05,6.585461e-06,12.143238,12.523024,12.187068,12.388696,12.31424,12.805228,13.136734,13.24917,12.653596,12.730242,0,0,0,0,0,0
2025/06/13 02:07:00.921,n,2.560555,64.902892,0.000178,9.029054e-06,-8.178934e-05,3.673926e-06,12.150532,12.498192,12.192928,12.38578,12.305416,12.796744,13.136734,13.262312,12.647898,12.739002,0,0,0,0,0,0
2025/06/13 02:08:00.922,n,2.538677,64.633116,0.000162,7.286055e-06,-9.82697e-05,5.317311e-06,12.140308,12.498192,12.187068,12.381402,12.301068,12.79111,13.122614,13.255016,12.650748,12.73174,0,0,0,0,0,0
2025/06/13 02:09:00.927,n,2.530232,64.330772,0.000168,8.846788e-06,-0.000114,4.667882e-06,12.130084,12.486486,12.170998,12.377022,12.28793,12.799594,13.12825,13.23896,12.645144,12.720016,0,0,0,0,0,0
2025/06/13 02:10:00.924,n,2.45948,64.19728,0.000157,9.357602e-06,-0.000104,5.124613e-06,12.119388,12.479224,12.16517,12.377022,12.280634,12.79111,13.125464,13.237494,12.639512,12.7186,0,0,0,0,0,0
2025/06/13 02:11:00.926,n,2.358456,64.216856,0.000136,5.954827e-06,-0.000125,5.707918e-06,12.109244,12.483638,12.162238,12.366796,12.270376,12.796744,13.125464,13.228796,12.642264,12.71272,0,0,0,0,0,0
2025/06/13 02:12:00.929,n,2.326424,64.49176,0.000131,4.875539e-06,-0.000136,7.840839e-06,12.101966,12.480706,12.143238,12.362386,12.270376,12.793976,13.125464,13.224416,12.647898,12.706908,0,0,0,0,0,0
2025/06/13 02:13:00.934,n,2.311237,64.566468,0.000126,5.387728e-06,-0.000131,7.073825e-06,12.09036,12.473348,12.138842,12.353624,12.263052,12.793976,13.117012,13.215654,12.639512,12.702544,0,0,0,0,0,0
2025/06/13 02:14:00.931,n,2.375401,64.573256,0.00021,9.082124e-06,-3.812938e-05,6.670215e-06,12.111034,12.495394,12.16092,12.382998,12.29099,12.740714,13.063762,13.243568,12.58913,12.72749,0,0,0,0,0,0
2025/06/13 02:15:00.934,n,2.286095,64.439956,0.000226,8.859482e-06,-2.729095e-05,6.912521e-06,12.105174,12.489612,12.16092,12.375672,12.283632,12.73521,13.063762,13.236238,12.594766,12.724544,0,0,0,0,0,0
2025/06/13 02:16:00.920,n,2.341759,64.53756,0.000204,6.527383e-06,-4.926476e-05,7.70222e-06,12.106656,12.464766,12.16092,12.356718,12.267592,12.740714,13.06661,13.240652,12.591884,12.726008,0,0,0,0,0,0
2025/06/13 02:17:00.922,n,2.336681,65.03512,0.00021,5.61631e-06,-5.995473e-05,5.350794e-06,12.093568,12.469146,12.151704,12.359632,12.267592,12.73521,13.063762,13.231924,12.591884,12.720226,0,0,0,0,0,0
2025/06/13 02:18:00.924,n,2.284435,64.916076,0.000189,1.11819e-05,-5.460974e-05,4.812331e-06,12.09067,12.460386,12.144444,12.358152,12.255886,12.729574,13.058126,13.230456,12.58913,12.71728,0,0,0,0,0,0
2025/06/13 02:19:00.927,n,2.255772,64.626916,0.000183,8.802282e-06,-7.079316e-05,5.879063e-06,12.07468,12.454542,12.131336,12.349392,12.241282,12.732328,13.060976,13.217332,12.591884,12.701224,0,0,0,0,0,0
2025/06/13 02:20:00.930,n,2.210262,64.644792,0.000178,7.364009e-06,-5.995473e-05,5.879036e-06,12.068852,12.4633,12.131336,12.35084,12.242748,12.732328,13.05249,13.20857,12.583514,12.693946,0,0,0,0,0,0
2025/06/13 02:21:00.930,n,2.179943,64.581412,0.000178,6.642546e-06,-7.079316e-05,4.87991e-06,12.061592,12.450162,12.124076,12.3406,12.241282,12.723924,13.058126,13.20717,12.583514,12.690998,0,0,0,0,0,0
2025/06/13 02:22:00.932,n,2.208553,64.591124,0.000178,8.145184e-06,-8.163159e-05,5.699424e-06,12.0514,12.445814,12.118248,12.327526,12.235454,12.729574,13.055374,13.194026,12.586364,12.68372,0,0,0,0,0,0
2025/06/13 02:23:00.932,n,2.191708,64.88024,0.000157,9.593336e-06,-9.276698e-05,6.743927e-06,12.03976,12.445814,12.108088,12.326058,12.225228,12.726724,13.044136,13.189646,12.583514,12.685218,0,0,0,0,0,0
2025/06/13 02:24:00.935,n,2.147911,64.721152,0.000152,7.566312e-06,-0.000109,7.494084e-06,12.035414,12.43702,12.106656,12.315834,12.222298,12.726724,13.049738,13.183848,12.591884,12.682238,0,0,0,0,0,0
2025/06/13 02:25:00.920,n,2.041611,64.898156,0.000141,8.82178e-06,-9.811194e-05,9.930472e-06,12.04562,12.418002,12.109554,12.314354,12.212058,12.721108,13.038486,13.191144,12.583514,12.68372,0,0,0,0,0,0
2025/06/13 02:26:00.923,n,2.004551,65.155776,0.000141,7.224623e-06,-0.000109,4.877262e-06,12.025254,12.407828,12.096448,12.30701,12.201834,12.721108,13.046888,13.182384,12.58913,12.676458,0,0,0,0,0,0
2025/06/13 02:27:00.909,n,1.97081,65.15084,0.000146,1.233886e-05,-0.000125,6.463739e-06,12.023804,12.40195,12.093568,12.292454,12.200368,12.71557,13.041368,13.180948,12.583514,12.68372,0,0,0,0,0,0
2025/06/13 02:28:00.912,n,1.957333,65.533708,0.000141,7.837707e-06,-0.000136,8.777222e-06,12.019426,12.378618,12.087754,12.29099,12.191608,12.71557,13.041368,13.176536,12.583514,12.677858,0,0,0,0,0,0
2025/06/13 02:29:00.912,n,1.937069,65.628044,0.000115,9.413006e-06,-0.000136,6.715468e-06,12.004938,12.38443,12.08196,12.279284,12.18863,12.71557,13.041368,13.170772,12.586364,12.670596,0,0,0,0,0,0
2025/06/13 02:30:00.916,n,1.918514,65.662224,0.00012,9.075222e-06,-0.000142,7.501149e-06,12.00054,12.369858,12.07468,12.277818,12.17409,12.71557,13.038486,13.160542,12.583514,12.666216,0,0,0,0,0,0
2025/06/13 02:31:00.926,n,1.95929,65.721236,0.000294,2.707765e-05,2.706128e-05,2.679069e-05,12.052622,12.426358,12.12095,12.341592,12.220394,12.656918,12.98271,13.20536,12.52781,12.705214,0,0,0,0,0,0
2025/06/13 02:32:00.924,n,1.969448,65.667528,0.000251,1.066555e-05,5.235947e-06,8.517166e-06,12.036634,12.419078,12.10638,12.32409,12.208672,12.668154,12.979958,13.195184,12.530662,12.699336,0,0,0,0,0,0
2025/06/13 02:33:00.926,n,1.966076,65.566644,0.000251,8.604116e-06,-1.090339e-07,6.984293e-06,12.023562,12.419078,12.091824,12.328504,12.199912,12.66252,12.993946,13.192284,12.541896,12.692072,0,0,0,0,0,0
2025/06/13 02:34:00.912,n,1.972817,65.573144,0.000236,8.72933e-06,-1.644092e-05,6.064897e-06,12.026442,12.39858,12.102032,12.300726,12.199912,12.673788,12.991194,13.18639,12.547414,12.69502,0,0,0,0,0,0
2025/06/13 02:35:00.912,n,1.989712,65.745652,0.00023,9.08838e-06,-2.742783e-05,5.462849e-06,12.009022,12.38404,12.091824,12.290502,12.183404,12.668154,12.993946,13.183522,12.544648,12.689158,0,0,0,0,0,0
2025/06/13 02:36:00.916,n,1.99474,65.56826,0.000225,8.552006e-06,-3.826626e-05,6.386149e-06,12.007542,12.379596,12.08606,12.29488,12.17904,12.665402,12.993946,13.171878,12.541896,12.684778,0,0,0,0,0,0
2025/06/13 02:37:00.917,n,1.912075,65.446136,0.000209,9.040206e-06,-4.361124e-05,5.893754e-06,11.995966,12.370868,12.075838,12.289036,12.167384,12.670906,12.993946,13.171878,12.547414,12.67167,0,0,0,0,0,0
2025/06/13 02:38:00.920,n,1.945812,65.462396,0.000209,5.452915e-06,-5.444967e-05,4.68749e-06,11.98431,12.369402,12.070088,12.290502,12.16162,12.670906,12.991194,13.16455,12.550282,12.667258,0,0,0,0,0,0
2025/06/13 02:39:00.921,n,1.981213,65.820456,0.000199,7.220867e-06,-5.444967e-05,5.860383e-06,11.981396,12.363508,12.061348,12.278794,12.15724,12.665402,12.977108,13.161616,12.541896,12.66291,0,0,0,0,0,0
2025/06/13 02:40:00.923,n,1.928921,65.37124,0.000194,9.574734e-06,-6.528811e-05,6.694731e-06,11.96829,12.354748,12.051156,12.274446,12.14708,12.67654,12.98271,13.148526,12.547414,12.657064,0,0,0,0,0,0
2025/06/13 02:41:00.926,n,1.912075,65.551996,0.000188,9.267012e-06,-7.627501e-05,7.870235e-06,11.958116,12.354748,12.043928,12.267104,12.138354,12.665402,12.98271,13.141276,12.547414,12.64977,0,0,0,0,0,0
2025/06/13 02:42:00.927,n,1.907044,65.656152,0.000173,8.161821e-06,-8.176846e-05,3.701077e-06,11.946508,12.346022,12.027876,12.267104,12.12533,12.665402,12.97434,13.135448,12.541896,12.642426,0,0,0,0,0,0
2025/06/13 02:43:00.914,n,1.893471,65.716356,0.000173,7.163567e-06,-8.711344e-05,6.226177e-06,11.946508,12.328504,12.0352,12.245208,12.12818,12.668154,12.988346,13.132484,12.544648,12.654086,0,0,0,0,0,0
2025/06/13 02:44:00.918,n,1.861439,65.594284,0.000178,6.701024e-06,-8.711344e-05,2.868689e-06,11.939198,12.32409,12.032254,12.239346,12.122384,12.66252,12.98271,13.128136,12.547414,12.639544,0,0,0,0,0,0
2025/06/13 02:45:00.919,n,1.804016,65.516104,0.000173,8.694332e-06,-0.000103,7.011318e-06,11.929054,12.313864,12.02063,12.234966,12.109278,12.656918,12.977108,13.128136,12.553048,12.626404,0,0,0,0,0,0
2025/06/13 02:46:00.920,n,1.812512,65.646384,0.000162,9.188188e-06,-0.00012,6.953266e-06,11.92759,12.305106,12.016268,12.230586,12.102032,12.66252,12.977108,13.11063,12.547414,12.622024,0,0,0,0,0,0
2025/06/13 02:47:00.922,n,1.771984,65.20336,0.000152,7.224266e-06,-0.000109,6.666909e-06,11.90869,12.313864,11.99447,12.224742,12.087478,12.668154,12.97434,13.100468,12.553048,12.619078,0,0,0,0,0,0
2025/06/13 02:48:00.923,n,1.761566,65.036744,0.000272,8.459966e-06,5.331062e-06,4.859866e-06,11.94522,12.335796,12.025188,12.25543,12.112404,12.599326,12.91666,13.136948,12.49546,12.646888,0,0,0,0,0,0
2025/06/13 02:49:00.926,n,1.753071,64.750612,0.000246,7.891095e-06,-5.507372e-06,5.391442e-06,11.92777,12.332914,12.01796,12.253966,12.113818,12.593724,12.91666,13.11799,12.489858,12.638128,0,0,0,0,0,0
2025/06/13 02:50:00.926,n,1.702435,64.458084,0.000257,6.882302e-06,-5.507372e-06,4.924656e-06,11.913216,12.324154,12.009202,12.249618,12.105124,12.599326,12.902672,13.116524,12.484256,12.633746,0,0,0,0,0,0
2025/06/13 02:51:00.928,n,1.658539,64.472732,0.000241,7.573309e-06,-1.649428e-05,1.634266e-05,11.9089,12.321224,12.00041,12.251084,12.09207,12.607808,12.911026,13.112176,12.492706,12.632282,0,0,0,0,0,0
2025/06/13 02:52:00.916,n,1.65683,64.64988,0.000262,9.076148e-06,-1.649428e-05,6.76671e-06,11.911716,12.297812,12.01796,12.227688,12.094982,12.593724,12.905424,13.110694,12.492706,12.639576,0,0,0,0,0,0
2025/06/13 02:53:00.915,n,1.592671,64.479224,0.000236,7.290663e-06,-1.11493e-05,6.311031e-06,11.897244,12.293464,11.99753,12.218456,12.089106,12.596572,12.911026,13.110694,12.489858,12.626436,0,0,0,0,0,0
2025/06/13 02:54:00.918,n,1.577484,64.412476,0.000236,6.391785e-06,-1.649428e-05,6.887353e-06,11.898678,12.284706,11.991716,12.212644,12.076048,12.593724,12.89979,13.100498,12.484256,12.623522,0,0,0,0,0,0
2025/06/13 02:55:00.920,n,1.599457,64.620584,0.00023,7.865186e-06,-2.198773e-05,6.11382e-06,11.89433,12.287554,11.993182,12.221404,12.065922,12.590972,12.89979,13.09765,12.487072,12.617676,0,0,0,0,0,0
2025/06/13 02:56:00.922,n,1.518353,64.648216,0.00023,1.208646e-05,-2.198773e-05,5.073114e-06,11.87831,12.284706,11.978642,12.212644,12.055714,12.590972,12.89979,13.090322,12.484256,12.610414,0,0,0,0,0,0
2025/06/13 02:57:00.924,n,1.511566,64.669364,0.000225,8.763302e-06,-2.733271e-05,6.585409e-06,11.86812,12.27448,11.965554,12.19957,12.052816,12.596572,12.89979,13.084508,12.484256,12.60307,0,0,0,0,0,0
2025/06/13 02:58:00.927,n,1.508198,64.787964,0.000225,5.951354e-06,-1.649428e-05,3.602169e-06,11.866672,12.278794,11.967036,12.20395,12.045554,12.579688,12.89427,13.077178,12.487072,12.59286,0,0,0,0,0,0
2025/06/13 02:59:00.926,n,1.506489,64.898416,0.000236,1.175219e-05,-1.11493e-05,6.056963e-06,11.855032,12.271534,11.964122,12.201036,12.044106,12.579688,12.883,13.075682,12.478622,12.59874,0,0,0,0,0,0
2025/06/13 03:00:00.929,n,1.525143,65.13938,0.000246,1.017306e-05,-1.649428e-05,6.668715e-06,11.846308,12.267104,11.952448,12.19669,12.038262,12.574086,12.891388,13.064038,12.475854,12.587048,0,0,0,0,0,0
2025/06/13 03:01:00.917,n,1.540325,65.295876,0.000288,3.158677e-05,4.333981e-05,3.309754e-05,11.860826,12.259844,11.972816,12.201036,12.04702,12.546064,12.852126,13.07866,12.444984,12.617676,0,0,0,0,0,0
2025/06/13 03:02:00.919,n,1.523434,65.090508,0.000288,1.033008e-05,3.769789e-05,6.397959e-06,11.8536,12.25255,11.9685,12.187962,12.035348,12.55445,12.863396,13.0699,12.458986,12.59431,0,0,0,0,0,0
2025/06/13 03:03:00.920,n,1.489594,64.656372,0.000272,6.130987e-06,3.235291e-05,5.332027e-06,11.846308,12.246638,11.952448,12.189428,12.02807,12.55445,12.863396,13.0699,12.461834,12.59286,0,0,0,0,0,0
2025/06/13 03:04:00.922,n,1.435543,64.266136,0.000294,9.658962e-06,3.235291e-05,5.285532e-06,11.830288,12.237914,11.94522,12.17344,12.012082,12.5516,12.866148,13.059722,12.464586,12.584134,0,0,0,0,0,0
2025/06/13 03:05:00.924,n,1.376263,64.214044,0.000278,8.297452e-06,3.235291e-05,5.318358e-06,11.817216,12.230618,11.933582,12.170542,12.006288,12.562852,12.863396,13.052376,12.458986,12.572426,0,0,0,0,0,0
2025/06/13 03:06:00.925,n,1.275288,64.137528,0.000267,7.02903e-06,2.685946e-05,7.401909e-06,11.80849,12.224774,11.921974,12.169062,12.00041,12.560084,12.866148,13.040732,12.470222,12.565146,0,0,0,0,0,0
2025/06/13 03:07:00.930,n,1.159126,64.433616,0.000278,5.223984e-06,2.685946e-05,4.305173e-06,11.795418,12.229152,11.910316,12.161782,11.981574,12.565702,12.866148,13.032004,12.470222,12.55344,0,0,0,0,0,0
2025/06/13 03:08:00.929,n,1.110298,64.849684,0.000294,7.122874e-06,3.235291e-05,4.687447e-06,11.780866,12.215558,11.90449,12.153072,11.978642,12.568484,12.863396,13.018894,12.470222,12.5403,0,0,0,0,0,0
2025/06/13 03:09:00.931,n,1.119495,64.956544,0.000394,8.243405e-06,0.000157,5.886749e-06,11.811436,12.241836,11.933646,12.180766,12.004888,12.495376,12.792968,13.047932,12.3999,12.58257,0,0,0,0,0,0
2025/06/13 03:10:00.916,n,1.045326,65.014992,0.00042,9.56812e-06,0.000168,7.227662e-06,11.814366,12.222934,11.942372,12.166244,12.012134,12.492526,12.7901,13.056692,12.3999,12.586884,0,0,0,0,0,0
2025/06/13 03:11:00.918,n,1.06559,65.08516,0.000441,1.315021e-05,0.000179,6.295047e-06,11.812902,12.212774,11.929332,12.160398,11.99468,12.492526,12.798584,13.047932,12.408298,12.58257,0,0,0,0,0,0
2025/06/13 03:12:00.920,n,1.082436,64.988916,0.000446,9.591854e-06,0.000201,9.740076e-06,11.795482,12.208362,11.920508,12.147324,11.981606,12.48976,12.792968,13.036288,12.40278,12.56943,0,0,0,0,0,0
2025/06/13 03:13:00.923,n,1.067299,64.988916,0.000446,9.092928e-06,0.000206,6.748475e-06,11.788158,12.206882,11.904588,12.156018,11.978758,12.48976,12.7901,13.030506,12.397146,12.562136,0,0,0,0,0,0
2025/06/13 03:14:00.925,n,1.026867,65.059084,0.000478,1.165705e-05,0.000239,1.268863e-05,11.788158,12.198186,11.901624,12.151704,11.968534,12.486912,12.78173,13.037752,12.40278,12.556258,0,0,0,0,0,0
2025/06/13 03:15:00.927,n,0.991467,65.176416,0.000504,9.82394e-06,0.000271,1.01959e-05,11.776484,12.202566,11.904588,12.151704,11.97,12.486912,12.77885,13.026094,12.3999,12.559204,0,0,0,0,0,0
2025/06/13 03:16:00.928,n,0.959438,65.246484,0.000525,8.003585e-06,0.000293,8.161821e-06,11.763412,12.195272,11.890016,12.140096,11.959808,12.481374,12.792968,13.007154,12.405532,12.546032,0,0,0,0,0,0
2025/06/13 03:17:00.931,n,0.952648,65.225296,0.000557,1.364621e-05,0.000326,1.128448e-05,11.753254,12.189526,11.879842,12.1343,11.951098,12.486912,12.78173,13.002772,12.3999,12.538736,0,0,0,0,0,0
2025/06/13 03:18:00.933,n,0.979652,65.14058,0.000588,1.330491e-05,0.000348,9.406896e-06,11.740134,12.177852,11.875464,12.1343,11.951098,12.481374,12.78173,12.995478,12.3999,12.531426,0,0,0,0,0,0
2025/06/13 03:19:00.917,n,0.942593,64.937064,0.000614,1.371646e-05,0.000385,1.164108e-05,11.747428,12.166244,11.882724,12.116816,11.94382,12.467258,12.776096,13.004222,12.397146,12.546032,0,0,0,0,0,0
2025/06/13 03:20:00.924,n,0.925697,65.028076,0.000662,1.160907e-05,0.000429,9.41129e-06,11.746026,12.161896,11.879842,12.115414,11.93218,12.47574,12.776096,12.99836,12.3999,12.532892,0,0,0,0,0,0
2025/06/13 03:21:00.922,n,0.90382,65.052492,0.000698,1.311085e-05,0.000472,1.341014e-05,11.734356,12.150256,11.868236,12.111034,11.929332,12.470138,12.767694,12.994012,12.397146,12.525598,0,0,0,0,0,0
2025/06/13 03:22:00.922,n,0.843178,65.259576,0.000725,1.259625e-05,0.000505,1.329637e-05,11.725596,12.147324,11.862358,12.103806,11.916194,12.472892,12.767694,12.982368,12.394296,12.522666,0,0,0,0,0,0
2025/06/13 03:23:00.925,n,0.811146,65.443656,0.000767,1.367118e-05,0.000554,1.584298e-05,11.719786,12.156018,11.855096,12.1125,11.916194,12.472892,12.767694,12.9867,12.40278,12.52413,0,0,0,0,0,0
2025/06/13 03:24:00.928,n,0.779064,65.591796,0.000809,1.350231e-05,0.000603,1.57586e-05,11.713958,12.157484,11.84922,12.109522,11.914762,12.472892,12.773344,12.976522,12.40278,12.515404,0,0,0,0,0,0
2025/06/13 03:25:00.931,n,0.78207,65.633476,0.000982,1.818358e-05,0.000777,1.903769e-05,11.72104,12.167498,11.86073,12.123928,11.92764,12.433228,12.73091,12.982124,12.360332,12.53268,0,0,0,0,0,0
2025/06/13 03:26:00.932,n,0.760098,65.688744,0.001021,1.852147e-05,0.000825,1.983634e-05,11.715276,12.168978,11.85785,12.113788,11.92474,12.427626,12.722426,12.983606,12.360332,12.5312,0,0,0,0,0,0
2025/06/13 03:27:00.934,n,0.72636,65.88562,0.001095,1.834655e-05,0.000885,1.626592e-05,11.703604,12.14573,11.850538,12.109406,11.916016,12.430476,12.725276,12.97478,12.360332,12.518008,0,0,0,0,0,0
2025/06/13 03:28:00.918,n,0.761807,65.739236,0.001148,2.045201e-05,0.000945,1.999824e-05,11.715276,12.132624,11.854918,12.093388,11.91022,12.427626,12.722426,12.983606,12.357484,12.5297,0,0,0,0,0,0
2025/06/13 03:29:00.919,n,0.761807,65.822196,0.00119,1.897352e-05,0.001015,2.247076e-05,11.703604,12.123928,11.849122,12.093388,11.904374,12.424828,12.71404,12.967484,12.357484,12.522438,0,0,0,0,0,0
2025/06/13 03:30:00.921,n,0.75502,65.661108,0.001274,1.897352e-05,0.001083,2.071711e-05,11.697792,12.125394,11.838932,12.08616,11.89708,12.424828,12.722426,12.968984,12.354732,12.516592,0,0,0,0,0,0
2025/06/13 03:31:00.924,n,0.812393,65.527612,0.001391,2.174115e-05,0.001214,1.572427e-05,11.700674,12.134122,11.838932,12.103562,11.901494,12.393954,12.688802,12.967484,12.329462,12.522438,0,0,0,0,0,0
2025/06/13 03:32:00.927,n,0.785442,65.58132,0.001454,2.388517e-05,0.001279,2.39543e-05,11.687586,12.128276,11.830174,12.100714,11.888356,12.39674,12.688802,12.967484,12.332214,12.512212,0,0,0,0,0,0
2025/06/13 03:33:00.930,n,0.809025,65.49666,0.001512,2.342731e-05,0.001339,1.906048e-05,11.668702,12.123928,11.818566,12.080282,11.878182,12.39959,12.697186,12.95006,12.337848,12.501988,0,0,0,0,0,0
2025/06/13 03:34:00.934,n,0.770256,65.43152,0.001607,2.861312e-05,0.001437,3.06851e-05,11.661378,12.115188,11.812722,12.081746,11.88401,12.402356,12.700036,12.945646,12.340696,12.497608,0,0,0,0,0,0
2025/06/13 03:35:00.932,n,0.675823,65.345192,0.001691,2.799086e-05,0.001519,2.863334e-05,11.652652,12.118134,11.808392,12.067242,11.87237,12.40799,12.694436,12.93397,12.343482,12.484436,0,0,0,0,0,0
2025/06/13 03:36:00.920,n,0.724747,65.451104,0.001765,2.10752e-05,0.001606,2.758022e-05,11.65848,12.093388,11.811274,12.058498,11.859298,12.405224,12.697186,12.9427,12.343482,12.497608,0,0,0,0,0,0
2025/06/13 03:37:00.903,n,0.669083,65.438012,0.001876,2.951492e-05,0.001704,2.99653e-05,11.635234,12.081746,11.803996,12.041078,11.86073,12.410742,12.697186,12.922278,12.354732,12.494628,0,0,0,0,0,0
2025/06/13 03:38:00.922,n,0.697746,65.512964,0.001955,3.097473e-05,0.001786,3.358234e-05,11.63805,12.078866,11.795288,12.045426,11.840364,12.402356,12.694436,12.928158,12.335096,12.478622,0,0,0,0,0,0
2025/06/13 03:39:00.909,n,0.680851,65.592752,0.00206,3.251151e-05,0.001917,3.835879e-05,11.626476,12.068706,11.799666,12.038198,11.85347,12.402356,12.697186,12.920862,12.34633,12.496142,0,0,0,0,0,0
2025/06/13 03:40:00.913,n,0.731438,65.775024,0.002192,3.759241e-05,0.002025,3.672913e-05,11.629358,12.05412,11.788042,12.023626,11.83602,12.39674,12.694436,12.925242,12.343482,12.4859,0,0,0,0,0,0
2025/06/13 03:41:00.916,n,0.707806,65.578104,0.002313,4.129831e-05,0.002156,4.464618e-05,11.627876,12.057034,11.792356,12.028006,11.83602,12.382752,12.677548,12.926708,12.326694,12.47714,0,0,0,0,0,0
2025/06/13 03:42:00.916,n,0.701115,65.49182,0.002429,3.150932e-05,0.002281,3.503315e-05,11.62213,12.045426,11.78075,12.02216,11.831638,12.38557,12.677548,12.917916,12.335096,12.472762,0,0,0,0,0,0
2025/06/13 03:43:00.919,n,0.728069,65.62854,0.00254,3.350346e-05,0.002401,3.626243e-05,11.614806,12.042526,11.76911,12.02216,11.820032,12.388354,12.671916,12.917916,12.329462,12.462536,0,0,0,0,0,0
2025/06/13 03:44:00.918,n,0.751701,65.776688,0.002677,3.945953e-05,0.002526,3.706526e-05,11.611892,12.046906,11.774922,12.020712,11.817102,12.382752,12.663432,12.90484,12.329462,12.464002,0,0,0,0,0,0
2025/06/13 03:45:00.921,n,0.734856,65.648124,0.002793,3.583121e-05,0.002668,4.126226e-05,11.597354,12.043928,11.760384,12.01778,11.796736,12.379968,12.663432,12.900426,12.329462,12.458156,0,0,0,0,0,0
2025/06/13 03:46:00.907,n,0.746624,65.594412,0.00293,3.792961e-05,0.002799,4.390293e-05,11.578392,12.03232,11.756004,11.998912,11.809874,12.374352,12.660582,12.887316,12.320998,12.462536,0,0,0,0,0,0
2025/06/13 03:47:00.908,n,0.728069,65.54876,0.003077,4.170077e-05,0.002945,4.489366e-05,11.584282,12.02216,11.756004,11.998912,11.811274,12.37147,12.660582,12.88585,12.323846,12.464002,0,0,0,0,0,0
2025/06/13 03:48:00.912,n,0.734856,65.670876,0.003219,4.488629e-05,0.003076,4.420323e-05,11.578392,12.014932,11.75021,11.991652,11.798202,12.37147,12.660582,12.88585,12.329462,12.453774,0,0,0,0,0,0
2025/06/13 03:49:00.912,n,0.702774,65.438012,0.003356,4.261859e-05,0.003223,4.381244e-05,11.569666,12.004726,11.741422,11.987272,11.78363,12.374352,12.666216,12.880036,12.329462,12.44793,0,0,0,0,0,0
2025/06/13 03:50:00.915,n,0.663601,65.4432,0.003603,4.501872e-05,0.003484,4.361573e-05,11.605738,12.037888,11.770216,12.016088,11.812478,12.349554,12.633048,12.911758,12.307434,12.47815,0,0,0,0,0,0
2025/06/13 03:51:00.917,n,0.675365,65.60604,0.00374,6.001884e-05,0.003636,4.412835e-05,11.594082,12.043716,11.768768,12.020434,11.80512,12.346704,12.630296,12.910294,12.29895,12.46361,0,0,0,0,0,0
2025/06/13 03:52:00.919,n,0.653492,65.40248,0.003845,3.651691e-05,0.003794,4.779802e-05,11.588288,12.026294,11.75563,12.020434,11.80372,12.341152,12.633048,12.90448,12.29895,12.469422,0,0,0,0,0,0
2025/06/13 03:53:00.922,n,0.623119,65.2265,0.00404,4.879777e-05,0.003957,4.724124e-05,11.570772,12.019002,11.745472,12.011742,11.780408,12.346704,12.619026,12.895686,12.29895,12.456284,0,0,0,0,0,0
2025/06/13 03:54:00.923,n,0.663601,65.329184,0.004208,5.138591e-05,0.004125,5.470286e-05,11.566458,12.019002,11.74116,12.010308,11.781874,12.338306,12.619026,12.882576,12.29895,12.449004,0,0,0,0,0,0
2025/06/13 03:55:00.909,n,0.640015,65.215128,0.004371,4.815648e-05,0.004299,5.145023e-05,11.570772,12.017536,11.751316,11.995722,11.790584,12.332702,12.616178,12.886926,12.29335,12.462144,0,0,0,0,0,0
2025/06/13 03:56:00.910,n,0.631519,65.169472,0.004529,5.075125e-05,0.004451,5.103717e-05,11.563546,12.004448,11.744058,11.987028,11.781874,12.332702,12.619026,12.881096,12.290566,12.453384,0,0,0,0,0,0
2025/06/13 03:57:00.911,n,0.611256,65.233048,0.004697,5.771539e-05,0.004625,5.397248e-05,11.559134,11.989942,11.744058,11.984082,11.771682,12.32707,12.616178,12.878228,12.287748,12.457766,0,0,0,0,0,0
2025/06/13 03:58:00.912,n,0.624828,65.524696,0.004855,5.232978e-05,0.004783,4.98969e-05,11.548944,11.988428,11.730952,11.979736,11.771682,12.32707,12.607776,12.873784,12.287748,12.441646,0,0,0,0,0,0
2025/06/13 03:59:00.914,n,0.645046,65.580016,0.005023,5.202554e-05,0.004962,5.22792e-05,11.54025,11.988428,11.71788,11.971008,11.75423,12.324318,12.61056,12.860708,12.290566,12.435832,0,0,0,0,0,0
2025/06/13 04:00:00.917,n,0.611256,65.558832,0.005197,5.525628e-05,0.005141,5.225388e-05,11.527114,11.981182,11.71788,11.97827,11.749852,12.324318,12.61056,12.863606,12.28495,12.430004,0,0,0,0,0,0
2025/06/13 04:01:00.925,n,0.678738,65.991692,0.005412,1.759966e-05,0.00538,2.81432e-05,11.535806,12.00155,11.70909,11.989942,11.752784,12.29335,12.571302,12.865088,12.25408,12.430004,0,0,0,0,0,0
2025/06/13 04:02:00.927,n,0.666969,65.814392,0.00558,5.037187e-05,0.005549,4.96044e-05,11.521288,11.989942,11.701862,11.98265,11.744058,12.29895,12.579786,12.854846,12.25408,12.419778,0,0,0,0,0,0
2025/06/13 04:03:00.928,n,0.682156,65.903892,0.005769,5.278286e-05,0.005728,5.535196e-05,11.515442,11.98265,11.700364,11.976852,11.745472,12.2962,12.574152,12.846086,12.259682,12.4139,0,0,0,0,0,0
2025/06/13 04:04:00.916,n,0.661892,65.593056,0.005943,5.625282e-05,0.005912,5.561424e-05,11.515442,11.966662,11.701862,11.962282,11.730952,12.301832,12.579786,12.850498,12.26533,12.422692,0,0,0,0,0,0
2025/06/13 04:05:00.915,n,0.655102,65.511612,0.0061,5.370219e-05,0.006086,5.760067e-05,11.50527,11.956438,11.698898,11.952108,11.726574,12.29895,12.579786,12.840272,12.268178,12.415366,0,0,0,0,0,0
2025/06/13 04:06:00.920,n,0.69392,65.495352,0.006289,5.566179e-05,0.006259,5.561424e-05,11.497992,11.956438,11.685812,11.950642,11.713502,12.301832,12.574152,12.834442,12.268178,12.415366,0,0,0,0,0,0
2025/06/13 04:07:00.921,n,0.672047,65.255852,0.006478,5.914179e-05,0.00646,5.896257e-05,11.492134,11.943382,11.674156,11.950642,11.707658,12.29335,12.571302,12.830012,12.262562,12.406608,0,0,0,0,0,0
2025/06/13 04:08:00.922,n,0.672047,65.218344,0.006662,5.634681e-05,0.006661,5.833098e-05,11.480478,11.947712,11.666862,11.94483,11.697452,12.29335,12.56855,12.815422,12.26533,12.393402,0,0,0,0,0,0
2025/06/13 04:09:00.924,n,0.749634,65.612632,0.006861,6.042522e-05,0.006867,5.989749e-05,11.47615,11.94483,11.655256,11.94623,11.700364,12.290566,12.571302,12.815422,12.259682,12.390552,0,0,0,0,0,0
2025/06/13 04:10:00.927,n,0.761402,65.625624,0.007045,5.414379e-05,0.007046,5.769246e-05,11.463014,11.943382,11.65231,11.931758,11.687292,12.29335,12.571302,12.80526,12.270962,12.38036,0,0,0,0,0,0
2025/06/13 04:11:00.929,n,0.77322,65.409072,0.00725,6.12947e-05,0.007225,5.914179e-05,11.45139,11.92593,11.645098,11.927378,11.685812,12.287748,12.56855,12.793552,12.26533,12.375916,0,0,0,0,0,0
2025/06/13 04:12:00.931,n,0.77322,65.361756,0.007444,5.805818e-05,0.007452,5.914179e-05,11.441184,11.92593,11.643618,11.922998,11.678536,12.290566,12.579786,12.789172,12.26533,12.371534,0,0,0,0,0,0
2025/06/13 04:13:00.917,n,0.756325,65.189004,0.007638,5.918651e-05,0.007636,6.099179e-05,11.45432,11.908478,11.643618,11.90703,11.66836,12.28495,12.562902,12.800846,12.262562,12.378862,0,0,0,0,0,0
2025/06/13 04:14:00.920,n,0.771511,65.200432,0.007837,6.002986e-05,0.007859,6.282944e-05,11.441184,11.899718,11.640686,11.911392,11.661068,12.282166,12.557266,12.795018,12.259682,12.370102,0,0,0,0,0,0
2025/06/13 04:15:00.920,n,0.805248,65.039,0.008041,5.625282e-05,0.008075,6.358291e-05,11.444034,11.896804,11.629048,11.908478,11.65669,12.282166,12.551666,12.783358,12.256928,12.364224,0,0,0,0,0,0
2025/06/13 04:16:00.923,n,0.807179,64.94722,0.00835,6.50637e-05,0.008395,6.502302e-05,11.46477,11.934932,11.659848,11.948038,11.691916,12.214874,12.481488,12.818484,12.189558,12.402356,0,0,0,0,0,0
2025/06/13 04:17:00.924,n,0.827442,64.846488,0.008565,6.303964e-05,0.008617,6.514497e-05,11.458912,11.94216,11.655534,11.943626,11.681742,12.206392,12.481488,12.811172,12.183924,12.396462,0,0,0,0,0,0
2025/06/13 04:18:00.928,n,0.834229,64.810744,0.008775,6.081803e-05,0.008828,6.244928e-05,11.44431,11.932018,11.64969,11.932018,11.683158,12.209274,12.484256,12.799496,12.186674,12.386238,0,0,0,0,0,0
2025/06/13 04:19:00.931,n,0.888134,64.90664,0.008995,6.116506e-05,0.00905,6.745948e-05,11.442878,11.932018,11.642398,11.927672,11.677362,12.20079,12.478638,12.79803,12.181156,12.386238,0,0,0,0,0,0
2025/06/13 04:20:00.929,n,0.857765,64.768456,0.009194,6.274515e-05,0.009277,6.232206e-05,11.434152,11.926174,11.643862,11.924772,11.677362,12.203544,12.470254,12.796582,12.186674,12.381858,0,0,0,0,0,0
2025/06/13 04:21:00.931,n,0.86787,64.68882,0.009382,5.909704e-05,0.009482,6.223709e-05,11.435618,11.926174,11.646776,11.918914,11.680244,12.192308,12.461866,12.787854,12.169922,12.39065,0,0,0,0,0,0
2025/06/13 04:22:00.919,n,0.872952,64.597856,0.009602,6.274515e-05,0.009677,5.782988e-05,11.43264,11.908754,11.640964,11.92186,11.667204,12.186674,12.467404,12.802476,12.169922,12.386238,0,0,0,0,0,0
2025/06/13 04:23:00.919,n,0.874661,64.735984,0.009785,6.257626e-05,0.009872,6.172485e-05,11.429742,11.900028,11.632224,11.913166,11.661312,12.181156,12.459018,12.789302,12.16429,12.377446,0,0,0,0,0,0
2025/06/13 04:24:00.921,n,0.827442,64.77334,0.009965,5.918651e-05,0.010072,5.727823e-05,11.423914,11.901494,11.624946,11.91748,11.659848,12.183924,12.453384,12.789302,12.169922,12.376012,0,0,0,0,0,0
2025/06/13 04:25:00.925,n,0.807179,64.747316,0.010143,5.26574e-05,0.010235,5.19492e-05,11.41519,11.892736,11.617654,11.904342,11.652588,12.186674,12.459018,12.782008,12.161538,12.364306,0,0,0,0,0,0
2025/06/13 04:26:00.925,n,0.827442,65.202492,0.010337,5.837632e-05,0.010414,5.315748e-05,11.400588,11.894168,11.614708,11.90291,11.648176,12.175556,12.447768,12.777628,12.161538,12.361408,0,0,0,0,0,0
2025/06/13 04:27:00.928,n,0.815624,65.21392,0.010511,5.26574e-05,0.010599,5.255681e-05,11.39774,11.885442,11.611874,11.900028,11.64536,12.167074,12.444918,12.76452,12.167074,12.365804,0,0,0,0,0,0
2025/06/13 04:28:00.931,n,0.813965,65.06714,0.010721,5.855733e-05,0.010778,5.57805e-05,11.388918,11.882544,11.611874,11.88694,11.640964,12.169922,12.442134,12.761572,12.15869,12.351166,0,0,0,0,0,0
2025/06/13 04:29:00.931,n,0.851025,65.373588,0.010894,5.819474e-05,0.010973,5.927585e-05,11.38607,11.87237,11.605982,11.884042,11.636552,12.172674,12.442134,12.751346,12.161538,12.354114,0,0,0,0,0,0
2025/06/13 04:30:00.933,n,0.898243,65.546288,0.011104,6.138097e-05,0.011179,6.077451e-05,11.380226,11.865076,11.603116,11.885442,11.639482,12.167074,12.42805,12.748432,12.15869,12.35846,0,0,0,0,0,0
2025/06/13 04:31:00.923,n,0.957226,65.492532,0.011356,2.306912e-05,0.011429,2.157919e-05,11.402054,11.875282,11.611874,11.89565,11.643862,12.139054,12.405662,12.773278,12.1279,12.36722,0,0,0,0,0,0
2025/06/13 04:32:00.921,n,0.977444,65.433892,0.011539,5.927585e-05,0.011618,5.764658e-05,11.396276,11.870904,11.611874,11.894168,11.630726,12.144688,12.408414,12.763054,12.125052,12.356996,0,0,0,0,0,0
2025/06/13 04:33:00.921,n,0.980862,65.35244,0.011728,5.539974e-05,0.011792,5.09204e-05,11.38607,11.86659,11.592878,11.878214,11.623498,12.136286,12.419648,12.755726,12.133422,12.351166,0,0,0,0,0,0
2025/06/13 04:34:00.925,n,0.979153,65.430664,0.011912,5.482365e-05,0.011971,5.345528e-05,11.364178,11.85347,11.585618,11.87237,11.611874,12.14744,12.414048,12.732408,12.144688,12.34055,0,0,0,0,0,0
2025/06/13 04:35:00.925,n,1.041454,65.72866,0.012074,4.868921e-05,0.012155,5.653433e-05,11.35402,11.85347,11.581222,11.863676,11.607462,12.141902,12.416898,12.733856,12.136286,12.33617,0,0,0,0,0,0
2025/06/13 04:36:00.926,n,1.027981,65.474608,0.012258,5.26574e-05,0.012339,5.80126e-05,11.355452,11.844694,11.569584,11.865076,11.608896,12.141902,12.414048,12.720716,12.141902,12.324496,0,0,0,0,0,0
2025/06/13 04:37:00.930,n,0.985889,65.349176,0.012452,5.70004e-05,0.01255,6.308159e-05,11.343782,11.828758,11.568134,11.859298,11.608896,12.141902,12.408414,12.720716,12.133422,12.331842,0,0,0,0,0,0
2025/06/13 04:38:00.933,n,0.995949,65.676512,0.012635,5.225388e-05,0.012724,5.255681e-05,11.337938,11.821416,11.566702,11.849122,11.59729,12.136286,12.405662,12.71487,12.139054,12.324496,0,0,0,0,0,0
2025/06/13 04:39:00.932,n,1.004395,65.831152,0.012813,5.404597e-05,0.012908,5.634681e-05,11.337938,11.82,11.560858,11.841846,11.59729,12.139054,12.40278,12.71487,12.136286,12.324496,0,0,0,0,0,0
2025/06/13 04:40:00.921,n,1.034767,65.857132,0.01296,4.825253e-05,0.013086,5.12312e-05,11.335024,11.809776,11.555032,11.847658,11.578374,12.136286,12.405662,12.709042,12.130654,12.315834,0,0,0,0,0,0
2025/06/13 04:41:00.921,n,1.044827,65.495804,0.013159,5.44362e-05,0.01326,5.325693e-05,11.330648,11.81562,11.547722,11.841846,11.573996,12.12227,12.394394,12.709042,12.130654,12.312888,0,0,0,0,0,0
2025/06/13 04:42:00.923,n,1.0583,65.200928,0.013348,5.57805e-05,0.013444,5.404597e-05,11.319024,11.809776,11.539014,11.838932,11.566702,12.130654,12.391628,12.704596,12.12227,12.307124,0,0,0,0,0,0
2025/06/13 04:43:00.925,n,1.076855,64.979692,0.013536,5.653433e-05,0.013638,5.559045e-05,11.32049,11.806894,11.539014,11.828758,11.565238,12.125052,12.391628,12.698814,12.130654,12.305658,0,0,0,0,0,0
2025/06/13 04:44:00.927,n,1.110546,64.966696,0.013735,6.033759e-05,0.013844,6.257626e-05,11.30882,11.806894,11.530256,11.82726,11.566702,12.12227,12.380392,12.692968,12.1279,12.298398,0,0,0,0,0,0
2025/06/13 04:45:00.930,n,1.122364,64.865968,0.013923,5.873778e-05,0.014044,5.998576e-05,11.30003,11.793822,11.533202,11.81562,11.55648,12.116668,12.386026,12.685674,12.11942,12.305658,0,0,0,0,0,0
2025/06/13 04:46:00.931,n,1.167824,64.895216,0.014122,5.819474e-05,0.014244,6.016193e-05,11.297182,11.792356,11.533202,11.817102,11.565238,12.11942,12.383176,12.67983,12.113818,12.302746,0,0,0,0,0,0
2025/06/13 04:47:00.932,n,1.213284,64.963432,0.014305,5.634681e-05,0.014428,6.068738e-05,11.295716,11.780684,11.533202,11.809776,11.557944,12.12227,12.383176,12.668184,12.12227,12.288206,0,0,0,0,0,0
2025/06/13 04:48:00.934,n,1.21162,64.958548,0.014499,6.086152e-05,0.014612,5.615868e-05,11.294218,11.77922,11.534636,11.802516,11.563822,12.102668,12.369156,12.676946,12.116668,12.298398,0,0,0,0,0,0
2025/06/13 04:49:00.921,n,1.280666,65.521872,0.014682,5.539974e-05,0.014779,4.997638e-05,11.30003,11.770526,11.509892,11.802516,11.533202,12.105418,12.369156,12.676946,12.113818,12.27951,0,0,0,0,0,0
2025/06/13 04:50:00.922,n,1.334522,65.321488,0.014855,5.727823e-05,0.014953,5.634681e-05,11.28258,11.767612,11.508428,11.80543,11.533202,12.102668,12.372024,12.668184,12.108268,12.276596,0,0,0,0,0,0
2025/06/13 04:51:00.922,n,1.346291,65.181352,0.015043,5.482365e-05,0.015142,5.653433e-05,11.273824,11.761786,11.506964,11.806894,11.528856,12.099786,12.363508,12.66524,12.105418,12.276596,0,0,0,0,0,0
2025/06/13 04:52:00.926,n,1.369873,65.088332,0.015252,5.764658e-05,0.015342,5.980907e-05,11.27677,11.764666,11.504048,11.799584,11.534636,12.094282,12.357908,12.660826,12.102668,12.267868,0,0,0,0,0,0
2025/06/13 04:53:00.928,n,1.408547,64.974756,0.015425,5.501635e-05,0.015514,5.482365e-05,11.263666,11.75744,11.502584,11.780684,11.527358,12.097034,12.360756,12.646284,12.105418,12.270768,0,0,0,0,0,0
2025/06/13 04:54:00.932,n,1.479248,64.93418,0.015618,5.891768e-05,0.015703,5.539974e-05,11.259256,11.74868,11.489448,11.777804,11.527358,12.0914,12.349522,12.649134,12.099786,12.272282,0,0,0,0,0,0
2025/06/13 04:55:00.932,n,1.506203,64.8855,0.015801,5.345528e-05,0.015876,5.2858e-05,11.25631,11.747248,11.502584,11.771992,11.527358,12.082952,12.360756,12.646284,12.099786,12.26639,0,0,0,0,0,0
2025/06/13 04:56:00.933,n,1.499462,65.078568,0.015989,5.596991e-05,0.016054,5.727823e-05,11.253428,11.741404,11.489448,11.767612,11.525878,12.074552,12.341152,12.6506,12.088552,12.26064,0,0,0,0,0,0
2025/06/13 04:57:00.920,n,1.59248,65.160112,0.016156,4.997638e-05,0.016243,5.615868e-05,11.25631,11.737074,11.477842,11.773424,11.502584,12.074552,12.329886,12.640374,12.08007,12.2504,0,0,0,0,0,0
2025/06/13 04:58:00.922,n,1.575588,65.047852,0.016334,5.36529e-05,0.016427,5.634681e-05,11.24324,11.73411,11.476394,11.780684,11.502584,12.07167,12.329886,12.63746,12.08007,12.247568,0,0,0,0,0,0
2025/06/13 04:59:00.907,n,1.676952,65.178076,0.016558,6.223709e-05,0.016632,6.086152e-05,11.25631,11.715244,11.49679,11.761786,11.509892,12.060534,12.327038,12.644804,12.074552,12.270768,0,0,0,0,0,0
2025/06/13 05:00:00.908,n,1.727589,65.03164,0.016762,5.80126e-05,0.016837,6.086152e-05,11.251996,11.713746,11.485134,11.754476,11.505514,12.057684,12.324286,12.63746,12.077304,12.25916,0,0,0,0,0,0
2025/06/13 05:01:00.924,n,1.830666,64.815628,0.017012,2.44685e-05,0.017096,2.579206e-05,11.25053,11.747248,11.489448,11.776338,11.517184,12.02965,12.287766,12.641872,12.043682,12.25478,0,0,0,0,0,0
2025/06/13 05:02:00.928,n,1.855957,64.802636,0.017205,6.358291e-05,0.017301,6.341624e-05,11.246088,11.735608,11.489448,11.771992,11.508428,12.03245,12.293414,12.630198,12.046434,12.25626,0,0,0,0,0,0
2025/06/13 05:03:00.927,n,1.923439,64.462844,0.017404,5.709316e-05,0.017554,7.91534e-05,11.238862,11.725416,11.48222,11.75744,11.505514,12.03805,12.290566,12.627266,12.049316,12.253314,0,0,0,0,0,0
2025/06/13 05:04:00.929,n,1.980862,64.20742,0.017664,8.242828e-05,0.017781,6.839429e-05,11.22864,11.707902,11.473462,11.75744,11.505514,12.035298,12.296166,12.621438,12.049316,12.249,0,0,0,0,0,0
2025/06/13 05:05:00.932,n,2.024708,64.150444,0.017852,5.102421e-05,0.01798,5.727823e-05,11.225726,11.703572,11.466204,11.75306,11.508428,12.024048,12.293414,12.614126,12.043682,12.2504,0,0,0,0,0,0
2025/06/13 05:06:00.933,n,2.066895,64.068992,0.01805,6.667045e-05,0.01839,0.000135,11.230104,11.70502,11.469084,11.742836,11.49679,12.03245,12.296166,12.615592,12.046434,12.24024,0,0,0,0,0,0
2025/06/13 05:07:00.920,n,2.117481,64.35064,0.018462,0.000133,0.018847,0.000131,11.218466,11.700674,11.45598,11.755974,11.480756,12.02965,12.296166,12.605366,12.043682,12.231546,0,0,0,0,0,0
2025/06/13 05:08:00.920,n,2.176514,64.301756,0.018823,0.000106,0.018842,3.31761e-05,11.21256,11.700674,11.454532,11.761786,11.480756,12.015664,12.282166,12.611212,12.03805,12.231546,0,0,0,0,0,0
2025/06/13 05:09:00.927,n,2.213623,63.98428,0.018875,1.840279e-05,0.019036,7.332306e-05,11.208244,11.697728,11.4531,11.745782,11.483654,12.024048,12.282166,12.59804,12.035298,12.230096,0,0,0,0,0,0
2025/06/13 05:10:00.908,n,2.259182,64.257864,0.019246,0.000113,0.01937,0.000102,11.233018,11.683158,11.461792,11.74868,11.474928,12.012898,12.2709,12.612678,12.026898,12.235892,0,0,0,0,0,0
2025/06/13 05:11:00.911,n,2.309765,64.191116,0.01991,0.000205,0.020343,0.000315,11.22138,11.680244,11.447256,11.735608,11.471996,12.007264,12.27653,12.6068,12.02965,12.237358,0,0,0,0,0,0
2025/06/13 05:12:00.915,n,2.39912,63.853956,0.022306,0.000759,0.022344,0.000612,11.208244,11.680244,11.441428,11.731196,11.477842,12.012898,12.265298,12.603918,12.03245,12.224318,0,0,0,0,0,0
2025/06/13 05:13:00.915,n,2.45303,63.415284,0.02466,0.000689,0.023658,0.000372,11.208244,11.674434,11.441428,11.732646,11.473462,12.004416,12.259682,12.596572,12.015664,12.230096,0,0,0,0,0,0
2025/06/13 05:14:00.918,n,2.530567,63.632276,0.024753,0.000112,0.024309,0.000205,11.20971,11.683158,11.434152,11.731196,11.473462,11.99328,12.256898,12.589278,12.012898,12.218456,0,0,0,0,0,0
2025/06/13 05:15:00.920,n,2.559132,62.894388,0.02264,0.000657,0.027586,0.001009,11.199488,11.678828,11.429742,11.739922,11.47055,11.998784,12.256898,12.589278,12.012898,12.215526,0,0,0,0,0,0
2025/06/13 05:16:00.905,n,2.663574,63.095364,0.021174,0.000443,0.028359,0.000259,11.211176,11.658414,11.451636,11.725416,11.479274,11.98203,12.251296,12.599504,12.007264,12.227198,0,0,0,0,0,0
2025/06/13 05:17:00.907,n,2.712402,63.199808,0.021085,2.253873e-05,0.027463,0.000288,11.21256,11.658414,11.44431,11.718092,11.46762,11.990398,12.24291,12.592226,12.004416,12.225718,0,0,0,0,0,0
2025/06/13 05:18:00.910,n,2.747803,62.61968,0.021398,8.873506e-05,0.028676,0.000418,11.208244,11.652588,11.438498,11.713746,11.458912,11.987646,12.237262,12.595124,12.001664,12.219906,0,0,0,0,0,0
2025/06/13 05:19:00.912,n,2.801613,62.910744,0.021894,0.00016,0.029418,0.00032,11.200954,11.661312,11.438498,11.72104,11.461792,11.970796,12.23451,12.580518,11.99328,12.212676,0,0,0,0,0,0
2025/06/13 05:20:00.913,n,2.892578,63.00552,0.021816,2.981593e-05,0.025417,0.001269,11.199488,11.654066,11.435618,11.719558,11.461792,11.959532,12.226028,12.581984,11.987646,12.212676,0,0,0,0,0,0
2025/06/13 05:21:00.915,n,2.948048,62.62788,0.021742,3.563686e-05,0.023524,0.000534,11.190732,11.648176,11.425394,11.719558,11.4531,11.962316,12.220428,12.574672,11.990398,12.206832,0,0,0,0,0,0
2025/06/13 05:22:00.920,n,2.966602,62.53628,0.022191,0.000136,0.023658,6.603244e-05,11.187818,11.64969,11.419568,11.72104,11.45598,11.965164,12.214874,12.571758,11.990398,12.199602,0,0,0,0,0,0
2025/06/13 05:23:00.921,n,3.057373,62.860056,0.023041,0.000273,0.023777,3.793833e-05,11.181974,11.652588,11.422482,11.72104,11.458912,11.959532,12.209274,12.568844,11.976398,12.19669,0,0,0,0,0,0
2025/06/13 05:24:00.923,n,3.111233,62.8437,0.024181,0.000317,0.025374,0.000527,11.176182,11.64536,11.422482,11.718092,11.461792,11.94553,12.203544,12.561598,11.965164,12.201004,0,0,0,0,0,0
2025/06/13 05:25:00.908,n,3.277737,62.97114,0.025606,0.000443,0.025713,0.000121,11.192132,11.635168,11.43264,11.707902,11.46329,11.93993,12.192308,12.57617,11.965164,12.208298,0,0,0,0,0,0
2025/06/13 05:26:00.908,n,3.361721,62.44458,0.026936,0.000415,0.024127,0.000489,11.186354,11.630726,11.422482,11.707902,11.450154,11.934298,12.192308,12.564432,11.967916,12.20395,0,0,0,0,0,0
2025/06/13 05:27:00.912,n,3.492825,62.171144,0.027019,3.903822e-05,0.022958,0.000342,11.189282,11.632224,11.418072,11.70502,11.454532,11.937048,12.197942,12.565914,11.962316,12.20245,0,0,0,0,0,0
2025/06/13 05:28:00.912,n,3.62217,62.181008,0.026422,0.000214,0.02278,6.240691e-05,11.181974,11.633702,11.418072,11.70502,11.44869,11.93153,12.186674,12.561598,11.962316,12.201004,0,0,0,0,0,0
2025/06/13 05:29:00.914,n,3.736328,62.029396,0.026899,0.00018,0.023271,0.000156,11.18344,11.626346,11.419568,11.703572,11.460328,11.925898,12.183924,12.561598,11.948314,12.190844,0,0,0,0,0,0
2025/06/13 05:30:00.916,n,3.86216,61.570704,0.02758,0.000218,0.023217,2.760419e-05,11.177662,11.636552,11.413724,11.70502,11.447256,11.923048,12.181156,12.54989,11.948314,12.186514,0,0,0,0,0,0
2025/06/13 05:31:00.918,n,3.944435,60.842872,0.026136,0.000361,0.023384,4.613824e-05,11.187818,11.646776,11.431206,11.725416,11.47055,11.883912,12.139054,12.564432,11.903512,12.205416,0,0,0,0,0,0
2025/06/13 05:32:00.923,n,4.035011,60.33496,0.024504,0.000504,0.023841,0.000126,11.181974,11.64536,11.428326,11.713746,11.47055,11.881032,12.144688,12.552806,11.914664,12.195222,0,0,0,0,0,0
2025/06/13 05:33:00.922,n,4.051758,59.919776,0.023759,0.000201,0.02368,6.53882e-05,11.179062,11.636552,11.416656,11.706422,11.46329,11.889528,12.144688,12.552806,11.911912,12.19669,0,0,0,0,0,0
2025/06/13 05:34:00.911,n,4.155712,60.589016,0.023713,4.266512e-05,0.023572,3.380809e-05,11.184904,11.627828,11.428326,11.700674,11.461792,11.886678,12.144688,12.561598,11.911912,12.206832,0,0,0,0,0,0
2025/06/13 05:35:00.912,n,4.241261,60.46284,0.023515,6.603244e-05,0.023669,3.31761e-05,11.189282,11.627828,11.429742,11.703572,11.457446,11.875528,12.139054,12.552806,11.909064,12.190844,0,0,0,0,0,0
2025/06/13 05:36:00.911,n,4.316651,60.220164,0.023921,0.000131,0.023723,1.593729e-05,11.181974,11.62203,11.423914,11.70502,11.458912,11.87828,12.136286,12.554206,11.903512,12.198106,0,0,0,0,0,0
2025/06/13 05:37:00.914,n,4.403809,60.86582,0.025299,0.000426,0.023911,5.2858e-05,11.186354,11.623498,11.421034,11.703572,11.454532,11.867044,12.133422,12.551356,11.903512,12.189362,0,0,0,0,0,0
2025/06/13 05:38:00.917,n,4.480862,60.231596,0.027262,0.000608,0.024089,5.36529e-05,11.179062,11.633702,11.41226,11.696262,11.454532,11.867044,12.12227,12.54989,11.89228,12.192308,0,0,0,0,0,0
2025/06/13 05:39:00.917,n,4.517483,59.949368,0.027133,7.245186e-05,0.024363,8.921084e-05,11.171738,11.626346,11.406432,11.697728,11.461792,11.861414,12.11942,12.54113,11.89228,12.180636,0,0,0,0,0,0
2025/06/13 05:40:00.922,n,4.596485,59.560008,0.026422,0.000211,0.024842,0.000142,11.170304,11.624946,11.41081,11.697728,11.466204,11.852932,12.111052,12.533772,11.886678,12.176322,0,0,0,0,0,0
2025/06/13 05:41:00.925,n,4.675587,59.329832,0.025414,0.000296,0.024971,3.503787e-05,11.16596,11.620566,11.407898,11.690434,11.466204,11.850164,12.099786,12.530904,11.881032,12.183616,0,0,0,0,0,0
2025/06/13 05:42:00.924,n,4.704663,59.638088,0.024941,0.000117,0.024799,3.680558e-05,11.153932,11.595386,11.40313,11.672592,11.45564,11.860924,12.11605,12.511512,11.897294,12.165658,0,0,0,0,0,0
2025/06/13 05:43:00.910,n,4.734986,59.519724,0.024613,9.38362e-05,0.024939,5.205096e-05,11.174342,11.595386,11.407538,11.676938,11.454174,11.849676,12.10205,12.536344,11.877694,12.17878,0,0,0,0,0,0
2025/06/13 05:44:00.914,n,4.82742,59.236816,0.024598,1.840279e-05,0.025267,0.000108,11.175822,11.595386,11.404594,11.682784,11.45564,11.844172,12.093664,12.524652,11.880542,12.165658,0,0,0,0,0,0
2025/06/13 05:45:00.918,n,4.874439,59.60684,0.024754,5.245603e-05,0.02559,0.000104,11.171378,11.60271,11.40313,11.68425,11.45564,11.832892,12.088062,12.526118,11.866558,12.164256,0,0,0,0,0,0
2025/06/13 05:46:00.917,n,4.948414,59.882764,0.024832,2.909737e-05,0.025933,0.000108,11.168466,11.596866,11.395868,11.687098,11.445418,11.841292,12.088062,12.51298,11.863676,12.162824,0,0,0,0,0,0
2025/06/13 05:47:00.918,n,4.995434,60.087988,0.025014,5.927585e-05,0.026288,0.000108,11.167,11.601244,11.395868,11.687098,11.454174,11.830142,12.088062,12.514426,11.863676,12.15991,0,0,0,0,0,0
2025/06/13 05:48:00.921,n,5.060913,60.027296,0.025243,7.067726e-05,0.027082,0.000259,11.159742,11.599764,11.406074,11.688578,11.464332,11.81606,12.07403,12.511512,11.852526,12.162824,0,0,0,0,0,0
2025/06/13 05:49:00.925,n,5.168385,59.95176,0.025461,7.44688e-05,0.027747,0.000195,11.162686,11.59255,11.40313,11.676938,11.461434,11.81321,12.065644,12.504186,11.844172,12.165658,0,0,0,0,0,0
2025/06/13 05:50:00.924,n,5.232155,60.334032,0.025658,5.891768e-05,0.027624,6.635221e-05,11.165554,11.605624,11.406074,11.672592,11.46731,11.810426,12.065644,12.502752,11.844172,12.162824,0,0,0,0,0,0
2025/06/13 05:51:00.927,n,5.287575,59.85322,0.025861,6.374914e-05,0.027431,7.753234e-05,11.169964,11.604176,11.410454,11.68425,11.478948,11.790826,12.048796,12.511512,11.827292,12.17733,0,0,0,0,0,0
2025/06/13 05:52:00.915,n,5.395748,60.09004,0.026012,7.587666e-05,0.026798,0.00015,11.133652,11.548944,11.366846,11.64212,11.419258,11.812868,12.073542,12.472272,11.849284,12.123556,0,0,0,0,0,0
2025/06/13 05:53:00.918,n,5.472847,59.778124,0.02609,3.680558e-05,0.026781,2.434461e-05,11.136598,11.554754,11.371224,11.640622,11.432396,11.804388,12.062358,12.481032,11.840886,12.12209,0,0,0,0,0,0
2025/06/13 05:54:00.917,n,5.568451,60.078564,0.026339,6.172485e-05,0.026867,3.793833e-05,11.13222,11.545966,11.359554,11.637676,11.43093,11.82962,12.056756,12.470806,11.840886,12.12502,0,0,0,0,0,0
2025/06/13 05:55:00.919,n,5.695843,60.027636,0.026682,9.60654e-05,0.027103,6.946902e-05,11.133652,11.556204,11.363932,11.643536,11.429498,11.801636,12.051124,12.466428,11.832404,12.12502,0,0,0,0,0,0
2025/06/13 05:56:00.919,n,5.757904,59.59248,0.027055,0.000101,0.02786,0.000241,11.126374,11.550344,11.371224,11.64212,11.432396,11.796002,12.053876,12.46501,11.832404,12.119176,0,0,0,0,0,0
2025/06/13 05:57:00.921,n,5.860054,60.35742,0.027419,0.000114,0.028639,0.000224,11.136598,11.56348,11.36538,11.640622,11.436742,11.790386,12.037122,12.456202,11.815652,12.12209,0,0,0,0,0,0
2025/06/13 05:58:00.923,n,5.972309,59.755128,0.02782,8.921084e-05,0.029838,0.000359,11.121998,11.554754,11.366846,11.63631,11.444034,11.781906,12.028738,12.456202,11.812868,12.12502,0,0,0,0,0,0
2025/06/13 05:59:00.924,n,6.097943,59.59248,0.027836,4.955104e-05,0.030692,0.000267,11.133652,11.557634,11.375604,11.63631,11.445498,11.767922,12.020288,12.460582,11.798868,12.127934,0,0,0,0,0,0
2025/06/13 06:00:00.928,n,6.181637,59.523436,0.027945,6.761617e-05,0.030225,0.000236,11.135132,11.551824,11.384296,11.640622,11.458634,11.77077,12.020288,12.4591,11.801636,12.127934,0,0,0,0,0,0
2025/06/13 06:01:00.907,n,6.280365,59.288332,0.027893,4.755821e-05,0.032806,0.00073,11.178882,11.560582,11.400378,11.660986,11.467342,11.731538,11.97814,12.497118,11.767922,12.146836,0,0,0,0,0,0
2025/06/13 06:02:00.907,n,6.367085,59.637604,0.027793,4.507745e-05,0.034438,0.000492,11.158488,11.544598,11.381478,11.637806,11.447044,11.83771,12.092866,12.474048,11.871264,12.129464,0,0,0,0,0,0
2025/06/13 06:03:00.909,n,6.497505,60.382672,0.027814,3.903822e-05,0.031845,0.000897,11.100156,11.49508,11.333382,11.597046,11.401908,11.812478,12.056396,12.422904,11.834862,12.084448,0,0,0,0,0,0
2025/06/13 06:04:00.911,n,6.676361,60.973936,0.02847,0.000177,0.029982,0.00052,11.104534,11.490768,11.329034,11.595612,11.39896,11.809712,12.061998,12.422904,11.840462,12.08147,0,0,0,0,0,0
2025/06/13 06:05:00.916,n,7.035492,61.258552,0.028719,0.000133,0.030197,8.229979e-05,11.101604,11.497992,11.330498,11.599958,11.403308,11.804078,12.05915,12.41123,11.83771,12.06843,0,0,0,0,0,0
2025/06/13 06:06:00.915,n,7.177338,58.610016,0.028756,2.434461e-05,0.032649,0.000796,11.157022,11.549008,11.387324,11.642184,11.457268,11.820862,12.078866,12.468136,11.854494,12.12515,0,0,0,0,0,0
2025/06/13 06:07:00.916,n,7.224068,58.398296,0.028782,6.308159e-05,0.034282,0.000535,11.154078,11.544598,11.384392,11.6465,11.457268,11.815326,12.070384,12.465238,11.857246,12.117856,0,0,0,0,0,0
2025/06/13 06:08:00.921,n,7.337445,58.171588,0.029536,0.000258,0.037972,0.001408,11.148298,11.550472,11.380014,11.64072,11.467456,11.804078,12.056396,12.446238,11.848846,12.116424,0,0,0,0,0,0
2025/06/13 06:09:00.921,n,7.458782,58.142048,0.031296,0.000563,0.042088,0.001183,11.154078,11.550472,11.388772,11.649478,11.47325,11.804078,12.056396,12.452116,11.83771,12.117856,0,0,0,0,0,0
2025/06/13 06:10:00.907,n,7.547505,58.048348,0.031551,0.000282,0.045938,0.001164,11.175968,11.537336,11.40041,11.643682,11.47325,11.795694,12.050766,12.46667,11.832078,12.126616,0,0,0,0,0,0
2025/06/13 06:11:00.908,n,7.612789,57.638876,0.033028,0.000528,0.044118,0.000771,11.175968,11.544598,11.401908,11.647996,11.48056,11.787246,12.042396,12.468136,11.826462,12.128032,0,0,0,0,0,0
2025/06/13 06:12:00.913,n,7.852093,57.735992,0.036123,0.000674,0.041789,0.000724,11.178882,11.541718,11.39603,11.655256,11.486386,11.784362,12.034012,12.459376,11.815326,12.122236,0,0,0,0,0,0
2025/06/13 06:13:00.913,n,7.943321,56.619788,0.036414,0.000444,0.041486,0.000187,11.175106,11.540854,11.387844,11.650048,11.478184,11.813602,12.068672,12.452734,11.847136,12.109716,0,0,0,0,0,0
2025/06/13 06:14:00.915,n,8.051914,56.22174,0.036103,0.000448,0.041454,0.000682,11.180934,11.54668,11.395168,11.651528,11.484058,11.807968,12.063042,12.458644,11.830354,12.117026,0,0,0,0,0,0
2025/06/13 06:15:00.916,n,8.187363,56.03732,0.032915,0.000714,0.047496,0.001847,11.179468,11.551026,11.395168,11.650048,11.484058,11.799486,12.04344,12.461494,11.82472,12.117026,0,0,0,0,0,0
2025/06/13 06:16:00.919,n,8.372715,55.981264,0.032226,0.000183,0.062468,0.004737,11.180934,11.549546,11.396602,11.652994,11.498596,11.799486,12.04904,12.452734,11.821968,12.114096,0,0,0,0,0,0
2025/06/13 06:17:00.921,n,8.46793,55.310412,0.032847,0.000192,0.080798,0.005515,11.182334,11.556904,11.406838,11.654394,11.504424,11.78264,12.035054,12.457178,11.819202,12.122822,0,0,0,0,0,0
2025/06/13 06:18:00.923,n,8.574718,55.031504,0.034059,0.00035,0.101862,0.005541,11.18531,11.553924,11.409738,11.650048,11.511732,11.777104,12.035054,12.452734,11.810752,12.124288,0,0,0,0,0,0
2025/06/13 06:19:00.909,n,8.848302,51.971252,0.033619,0.000664,0.105345,0.002228,11.211582,11.54808,11.416996,11.660222,11.517526,11.771502,12.01827,12.4732,11.793854,12.132982,0,0,0,0,0,0
2025/06/13 06:20:00.911,n,8.963944,51.395628,0.033076,0.000175,0.111352,0.001306,11.175856,11.516826,11.385712,11.630366,11.478948,11.800008,12.043928,12.434628,11.827992,12.098776,0,0,0,0,0,0
2025/06/13 06:21:00.911,n,9.038944,52.946024,0.032594,0.000136,0.104073,0.0043,11.17732,11.515346,11.384232,11.633266,11.483326,11.791624,12.03836,12.431696,11.816758,12.09731,0,0,0,0,0,0
2025/06/13 06:22:00.914,n,9.193874,50.88836,0.032714,0.000199,0.095984,0.004999,11.175856,11.526984,11.387176,11.636178,11.49202,11.785976,12.03836,12.431696,11.811242,12.087168,0,0,0,0,0,0
2025/06/13 06:23:00.919,n,9.335476,49.96736,0.032781,6.698717e-05,0.089773,0.002803,11.174376,11.534276,11.384232,11.640558,11.50221,11.769208,12.02151,12.422936,11.805608,12.098776,0,0,0,0,0,0
2025/06/13 06:24:00.919,n,9.441972,50.080348,0.033827,0.000322,0.086158,0.001378,11.190454,11.537174,11.394468,11.643504,11.511,11.769208,12.02151,12.425836,11.794374,12.098776,0,0,0,0,0,0
2025/06/13 06:25:00.921,n,9.538506,49.671412,0.035012,0.00042,0.082829,0.001456,11.18899,11.537174,11.40469,11.640558,11.516826,11.76644,12.00749,12.425836,11.788858,12.10169,0,0,0,0,0,0
2025/06/13 06:26:00.925,n,9.593388,49.724684,0.036788,0.000644,0.080443,0.001294,11.193336,11.543002,11.409004,11.647818,11.528482,11.752456,12.00749,12.421456,11.777592,12.107504,0,0,0,0,0,0
2025/06/13 06:27:00.924,n,9.63001,51.36736,0.038766,0.000608,0.066775,0.004277,11.19921,11.538656,11.407538,11.642024,11.529898,11.752456,11.996276,12.42875,11.777592,12.10607,0,0,0,0,0,0
2025/06/13 06:28:00.910,n,9.675076,50.996748,0.038761,0.000127,0.054646,0.003554,11.181422,11.488764,11.3723,11.609628,11.487332,11.743992,12.001876,12.393436,11.772022,12.066346,0,0,0,0,0,0
2025/06/13 06:29:00.913,n,9.724926,50.830336,0.036016,0.000837,0.054217,0.003585,11.174098,11.499002,11.378078,11.614008,11.491712,11.738394,11.990642,12.397814,11.760776,12.063432,0,0,0,0,0,0
2025/06/13 06:30:00.916,n,9.838014,47.843668,0.034696,0.000373,0.054535,0.003384,11.181422,11.50623,11.381022,11.611076,11.493208,11.724278,11.97661,12.394882,11.752392,12.061934,0,0,0,0,0,0
2025/06/13 06:31:00.921,n,10.002614,47.467204,0.03392,0.000187,0.064265,0.001694,11.194524,11.523746,11.398472,11.637286,11.529556,11.699144,11.945774,12.405076,11.721526,12.091026,0,0,0,0,0,0
2025/06/13 06:32:00.921,n,10.02636,49.299392,0.033614,6.240691e-05,0.073176,0.002599,11.162314,11.49303,11.364828,11.594896,11.494494,11.759342,12.006012,12.368604,11.78736,12.0443,0,0,0,0,0,0
2025/06/13 06:33:00.925,n,10.107754,48.115116,0.033749,3.051758e-05,0.08545,0.003803,11.168158,11.49153,11.373616,11.59781,11.50172,11.745342,11.997626,12.359844,11.781758,12.050146,0,0,0,0,0,0
2025/06/13 06:34:00.927,n,10.28793,45.7699,0.034085,0.000117,0.093984,0.002869,11.166724,11.49303,11.372136,11.589052,11.516306,11.756592,12.00313,12.368604,11.776126,12.060306,0,0,0,0,0,0
2025/06/13 06:35:00.928,n,10.42128,44.845536,0.034664,0.000182,0.09401,0.000793,11.176882,11.48567,11.380844,11.589052,11.526496,11.748128,11.994744,12.368604,11.779008,12.05884,0,0,0,0,0,0
2025/06/13 06:36:00.929,n,10.54628,44.193828,0.034592,3.442847e-05,0.08298,0.003354,11.187086,11.494494,11.39398,11.591998,11.54248,11.745342,11.989226,12.37445,11.762128,12.069016,0,0,0,0,0,0
2025/06/13 06:37:00.916,n,10.609562,44.771612,0.034551,0,0.079384,0.001462,11.191496,11.500288,11.382308,11.610882,11.519238,11.736862,11.986378,12.372952,11.762128,12.05596,0,0,0,0,0,0
2025/06/13 06:38:00.918,n,10.65292,44.99666,0.035057,0.000178,0.069583,0.002138,11.204632,11.50172,11.39398,11.622554,11.538102,11.728478,11.972262,12.377364,11.750976,12.060306,0,0,0,0,0,0
2025/06/13 06:39:00.919,n,10.667912,45.11424,0.035756,0.000201,0.06893,0.000204,11.20753,11.510448,11.3911,11.61526,11.545444,11.71163,11.963878,12.381712,11.742496,12.054526,0,0,0,0,0,0
2025/06/13 06:40:00.922,n,10.752824,46.395828,0.036736,0.000308,0.067075,0.000496,11.216286,11.514858,11.401256,11.618206,11.554152,11.71163,11.961126,12.383176,11.73411,12.073426,0,0,0,0,0,0
2025/06/13 06:41:00.924,n,10.806924,46.528888,0.038885,0.000641,0.064126,0.001085,11.206406,11.499182,11.397252,11.59965,11.557392,11.746076,11.998358,12.367612,11.774108,12.056334,0,0,0,0,0,0
2025/06/13 06:42:00.926,n,10.905118,44.337188,0.039314,0.000192,0.062303,0.000666,11.19765,11.499182,11.401662,11.605462,11.56327,11.748956,11.998358,12.370492,11.762858,12.060712,0,0,0,0,0,0
2025/06/13 06:43:00.927,n,11.049892,42.273908,0.036549,0.000863,0.065997,0.001828,11.222454,11.506474,11.41182,11.61132,11.583632,11.734972,11.98151,12.374872,11.762858,12.066476,0,0,0,0,0,0
2025/06/13 06:44:00.931,n,11.196178,41.94344,0.036695,0.000213,0.063649,0.000793,11.22532,11.500648,11.410356,11.606942,11.586578,11.729324,12.00111,12.380734,11.746076,12.06934,0,0,0,0,0,0
2025/06/13 06:45:00.933,n,11.236172,45.14378,0.039195,0.000744,0.062013,0.001623,11.235588,11.504976,11.427836,11.61132,11.60253,11.72361,11.970374,12.382198,11.740476,12.0781,0,0,0,0,0,0
2025/06/13 06:46:00.916,n,11.264344,44.441488,0.042674,0.001144,0.052626,0.002669,11.236988,11.518112,11.417646,11.631684,11.593804,11.71521,11.959092,12.389494,11.732092,12.060712,0,0,0,0,0,0
2025/06/13 06:47:00.920,n,11.293026,43.297176,0.045814,0.000951,0.054119,0.00091,11.226588,11.497472,11.395526,11.608066,11.580424,11.754296,12.003682,12.348446,11.77668,12.040004,0,0,0,0,0,0
2025/06/13 06:48:00.922,n,11.36612,42.009428,0.046057,0.000303,0.058757,0.001318,11.225106,11.498938,11.398472,11.605218,11.592082,11.754296,11.995298,12.351362,11.765432,12.04435,0,0,0,0,0,0
2025/06/13 06:49:00.922,n,11.429302,41.590876,0.047912,0.000409,0.060444,0.000551,11.233832,11.498938,11.407198,11.609548,11.597876,11.743016,11.998178,12.354292,11.757048,12.037122,0,0,0,0,0,0
2025/06/13 06:50:00.926,n,11.5024,41.908212,0.049409,0.000464,0.059794,0.000575,11.242588,11.497472,11.410078,11.616824,11.616824,11.743016,11.986816,12.355792,11.754296,12.050242,0,0,0,0,0,0
2025/06/13 06:51:00.927,n,11.62032,41.300352,0.054601,0.001664,0.05774,0.000913,11.251346,11.503316,11.426126,11.618302,11.628494,11.734664,11.972816,12.357206,11.740264,12.05599,0,0,0,0,0,0
2025/06/13 06:52:00.929,n,11.647744,41.301528,0.066771,0.003817,0.064776,0.002366,11.230072,11.479096,11.399058,11.582476,11.615976,11.737724,11.989878,12.337458,11.746076,12.034746,0,0,0,0,0,0
2025/06/13 06:53:00.930,n,11.70585,41.303236,0.078985,0.003614,0.071406,0.001721,11.247586,11.490768,11.413628,11.595548,11.631928,11.734842,11.967394,12.350564,11.743226,12.039124,0,0,0,0,0,0
2025/06/13 06:54:00.934,n,11.788858,41.428288,0.072741,0.002225,0.066704,0.001212,11.253364,11.492198,11.425264,11.591234,11.647932,11.720762,11.967394,12.349148,11.726362,12.047786,0,0,0,0,0,0
2025/06/13 06:55:00.919,n,11.83373,41.73898,0.057698,0.005028,0.066561,0.002357,11.25631,11.495144,11.413628,11.614496,11.630482,11.726362,11.961892,12.349148,11.720762,12.033264,0,0,0,0,0,0
2025/06/13 06:56:00.921,n,12.006192,40.5548,0.053301,0.001221,0.069018,0.004073,11.2665,11.505336,11.425264,11.623204,11.646434,11.70686,11.956244,12.359372,11.709612,12.046386,0,0,0,0,0,0
2025/06/13 06:57:00.921,n,12.115254,38.75024,0.057032,0.001277,0.068965,0.005962,11.25561,11.495878,11.412928,11.603604,11.645798,11.77821,12.02203,12.331026,11.77821,12.025334,0,0,0,0,0,0
2025/06/13 06:58:00.925,n,12.169942,39.730416,0.061159,0.001318,0.063586,0.002842,11.262918,11.50172,11.42603,11.615228,11.650146,11.769746,12.010764,12.33249,11.766962,12.02825,0,0,0,0,0,0
2025/06/13 06:59:00.927,n,12.198116,38.545012,0.063145,0.000898,0.058962,0.006394,11.267248,11.492998,11.428944,11.610882,11.667596,11.769746,12.002364,12.32808,11.766962,12.038408,0,0,0,0,0,0
2025/06/13 07:00:00.928,n,12.259396,39.436176,0.061579,0.000915,0.056312,0.002789,11.28766,11.504636,11.437636,11.61373,11.680668,11.769746,12.007916,12.339786,11.761362,12.042738,0,0,0,0,0,0
2025/06/13 07:01:00.934,n,12.355538,38.280952,0.059836,0.000761,0.05759,0.002571,11.316778,11.517772,11.471136,11.63416,11.70541,11.722098,11.951896,12.367562,11.722098,12.075316,0,0,0,0,0,0
2025/06/13 07:02:00.932,n,12.348324,38.069164,0.068404,0.00308,0.05893,0.001353,11.27091,11.479096,11.441282,11.589722,11.67847,11.77873,12.014036,12.331842,11.764634,12.029438,0,0,0,0,0,0
2025/06/13 07:03:00.936,n,12.379818,38.453196,0.067137,0.000866,0.057844,0.001705,11.28696,11.476214,11.441282,11.598462,11.679936,11.77873,12.016886,12.334786,11.770248,12.029438,0,0,0,0,0,0
2025/06/13 07:04:00.920,n,12.427864,39.467996,0.064076,0.000718,0.050437,0.002433,11.278202,11.495144,11.435456,11.610116,11.67409,11.77873,12.016886,12.318766,11.76745,12.013336,0,0,0,0,0,0
2025/06/13 07:05:00.925,n,12.513996,38.582104,0.061261,0.001286,0.05317,0.001927,11.28546,11.49223,11.435456,11.605738,11.685762,11.76745,12.019638,12.318766,11.76185,12.0163,0,0,0,0,0,0
2025/06/13 07:06:00.908,n,12.568634,37.83904,0.062275,0.000498,0.05697,0.00238,11.30732,11.49223,11.452952,11.614446,11.685762,11.76745,12.000134,12.339168,11.759098,12.025026,0,0,0,0,0,0
2025/06/13 07:07:00.910,n,12.643098,37.11902,0.06702,0.001568,0.066814,0.003256,11.316046,11.502404,11.450006,11.623204,11.697368,11.76185,12.002884,12.347926,11.736716,12.035266,0,0,0,0,0,0
2025/06/13 07:08:00.911,n,12.72757,35.507352,0.064494,0.001171,0.064236,0.000946,11.320424,11.50828,11.455852,11.634794,11.707594,11.759098,11.9945,12.346492,11.739468,12.03823,0,0,0,0,0,0
2025/06/13 07:09:00.913,n,12.717458,35.837708,0.056944,0.002328,0.057929,0.002278,11.31489,11.495454,11.443024,11.61912,11.693348,11.797404,12.038442,12.329366,11.783404,12.019606,0,0,0,0,0,0
2025/06/13 07:10:00.917,n,12.750562,36.83214,0.051769,0.001589,0.053688,0.001226,11.313474,11.50273,11.456128,11.630758,11.706422,11.7919,12.024358,12.323552,11.76942,12.016706,0,0,0,0,0,0
2025/06/13 07:11:00.917,n,12.803494,37.38844,0.051097,0.000154,0.051362,0.000794,11.316356,11.508524,11.46342,11.630758,11.712248,11.7919,12.018824,12.3279,11.763788,12.01814,0,0,0,0,0,0
2025/06/13 07:12:00.918,n,12.871316,36.346352,0.054128,0.001019,0.050724,0.000295,11.33527,11.508524,11.46342,11.627876,11.726736,11.78902,12.021606,12.3279,11.755386,12.022518,0,0,0,0,0,0
2025/06/13 07:13:00.905,n,12.97068,37.047668,0.059815,0.001679,0.049747,0.000601,11.367302,11.509958,11.495454,11.642398,11.742772,11.77217,12.010326,12.349766,11.752538,12.045914,0,0,0,0,0,0
2025/06/13 07:14:00.910,n,13.007202,38.551524,0.060254,0.000141,0.049667,0.000158,11.365902,11.511424,11.498352,11.64531,11.745684,11.758154,11.999222,12.35421,11.730252,12.041534,0,0,0,0,0,0
2025/06/13 07:15:00.913,n,13.062978,36.197672,0.05833,0.000763,0.051465,0.000963,11.35389,11.502404,11.48056,11.62755,11.732336,11.85412,12.083862,12.333614,11.817736,12.023772,0,0,0,0,0,0
2025/06/13 07:16:00.911,n,13.12611,36.010616,0.055579,0.000929,0.056347,0.002119,11.367026,11.50387,11.48642,11.63774,11.746824,11.851368,12.089594,12.33215,11.820488,12.031132,0,0,0,0,0,0
2025/06/13 07:17:00.914,n,13.190808,36.434,0.053216,0.000692,0.059605,0.000971,11.365562,11.519854,11.498042,11.647916,11.752668,11.837272,12.07271,12.336528,11.806502,12.025254,0,0,0,0,0,0
2025/06/13 07:18:00.919,n,13.26547,34.939816,0.052913,0.000891,0.055472,0.001253,11.378664,11.534424,11.508248,11.66395,11.773066,11.831638,12.07271,12.340876,11.800902,12.036944,0,0,0,0,0,0
2025/06/13 07:19:00.919,n,13.365028,34.070232,0.049616,0.001084,0.052049,0.001151,11.381578,11.541682,11.509648,11.665398,11.77738,11.828888,12.06996,12.34529,11.795352,12.039922,0,0,0,0,0,0
2025/06/13 07:20:00.919,n,13.351746,35.007688,0.055209,0.001883,0.055992,0.001536,11.396112,11.544598,11.52132,11.669744,11.79195,11.826136,12.05596,12.342324,11.78412,12.041354,0,0,0,0,0,0
2025/06/13 07:21:00.922,n,13.408142,36.371164,0.057019,0.001393,0.071934,0.004856,11.396112,11.546062,11.52132,11.665398,11.809416,11.817736,12.047574,12.349636,11.778486,12.045702,0,0,0,0,0,0
2025/06/13 07:22:00.910,n,13.53915,32.514568,0.058494,0.001643,0.072962,0.011527,11.4238,11.53877,11.535888,11.674156,11.800676,11.814888,12.053078,12.362776,11.781238,12.05744,0,0,0,0,0,0
2025/06/13 07:23:00.912,n,13.655212,33.606464,0.058826,0.002982,0.084284,0.009122,11.428178,11.53877,11.547528,11.671178,11.807936,11.814888,12.044692,12.368636,11.761638,12.058904,0,0,0,0,0,0
2025/06/13 07:24:00.912,n,13.64687,33.668332,0.066189,0.002594,0.080638,0.005973,11.403926,11.516062,11.511682,11.64702,11.79392,11.831818,12.084106,12.324008,11.787116,12.021606,0,0,0,0,0,0
2025/06/13 07:25:00.914,n,13.686666,31.864568,0.071416,0.002018,0.069859,0.004207,11.418462,11.523338,11.52184,11.655744,11.799698,11.837434,12.061624,12.335698,11.773034,12.024488,0,0,0,0,0,0
2025/06/13 07:26:00.914,n,13.673382,31.480756,0.074529,0.001386,0.061489,0.002101,11.433046,11.539324,11.534976,11.664438,11.812772,11.817898,12.058872,12.342994,11.75625,12.028918,0,0,0,0,0,0
2025/06/13 07:27:00.917,n,13.703218,32.804268,0.080881,0.002061,0.06799,0.001729,11.434512,11.546616,11.53641,11.67611,11.830238,11.81505,12.064472,12.34449,11.787116,12.033298,0,0,0,0,0,0
2025/06/13 07:28:00.922,n,13.724702,32.744354,0.083726,0.001293,0.070795,0.002462,11.449062,11.558254,11.543702,11.678992,11.841876,11.8039,12.050488,12.341528,11.761786,12.034778,0,0,0,0,0,0
2025/06/13 07:29:00.921,n,13.788788,32.872478,0.090792,0.003832,0.079986,0.009332,11.436286,11.538134,11.538134,11.660336,11.833382,11.807724,12.05153,12.306848,11.765708,11.998636,0,0,0,0,0,0
2025/06/13 07:30:00.923,n,13.884834,31.266324,0.108122,0.010815,0.061578,0.010234,11.440664,11.541098,11.536688,11.664714,11.839176,11.802188,12.068364,12.31271,11.760076,12.017618,0,0,0,0,0,0
2025/06/13 07:31:00.909,n,13.967598,32.768356,0.12602,0.005829,0.0682,0.00372,11.471232,11.545426,11.529408,11.663248,11.855162,11.782558,12.031896,12.337538,11.726542,12.049772,0,0,0,0,0,0
2025/06/13 07:32:00.913,n,13.969174,32.396626,0.141342,0.008221,0.073006,0.004858,11.458424,11.518112,11.522428,11.64754,11.84533,11.875772,12.125118,12.307402,11.817002,11.999156,0,0,0,0,0,0
2025/06/13 07:33:00.914,n,14.032112,32.897846,0.17394,0.011322,0.081912,0.007007,11.470094,11.531216,11.535564,11.650456,11.858872,11.85902,12.122366,12.310348,11.811372,12.003568,0,0,0,0,0,0
2025/06/13 07:34:00.917,n,14.093392,30.588012,0.20036,0.012644,0.092254,0.003828,11.491888,11.553014,11.54284,11.672284,11.88808,11.85902,12.119598,12.317642,11.80862,12.01529,0,0,0,0,0,0
2025/06/13 07:35:00.920,n,14.181038,30.636468,0.239679,0.013004,0.10574,0.006904,11.507906,11.567566,11.555926,11.683956,11.923146,11.836538,12.102732,12.327866,11.78614,12.019606,0,0,0,0,0,0
2025/06/13 07:36:00.917,n,14.220734,30.878376,0.272218,0.010283,0.119699,0.002824,11.535564,11.585048,11.568998,11.699942,11.953866,11.831004,12.094332,12.338092,11.780504,12.037154,0,0,0,0,0,0
2025/06/13 07:37:00.919,n,14.242218,30.816788,0.265798,0.001983,0.094104,0.007828,11.541374,11.590828,11.579188,11.698426,11.961144,11.822522,12.094332,12.333712,11.766472,12.037154,0,0,0,0,0,0
2025/06/13 07:38:00.924,n,14.26304,31.485416,0.247594,0.004518,0.070353,0.006315,11.558678,11.592144,11.58482,11.70266,11.966874,11.805396,12.07434,12.339346,11.754996,12.032596,0,0,0,0,0,0
2025/06/13 07:39:00.927,n,14.37217,29.861924,0.276552,0.007745,0.055698,0.008523,11.568868,11.611076,11.60087,11.72011,12.009234,11.79413,12.068802,12.34376,11.743748,12.05459,0,0,0,0,0,0
2025/06/13 07:40:00.910,n,14.44165,30.350528,0.303131,0.014484,0.052624,0.00224,11.595058,11.602336,11.609596,11.714332,11.994598,11.79138,12.060338,12.353952,11.738116,12.051644,0,0,0,0,0,0
2025/06/13 07:41:00.911,n,14.436672,30.257892,0.296484,0.002776,0.057199,0.001294,11.625582,11.62418,11.621234,11.739042,12.022372,11.780132,12.063106,12.381712,11.735266,12.066248,0,0,0,0,0,0
2025/06/13 07:42:00.915,n,14.446584,31.81045,0.301715,0.004236,0.059734,0.001161,11.619802,11.611076,11.60087,11.727404,12.015112,11.78853,12.063106,12.359778,11.729732,12.051644,0,0,0,0,0,0
2025/06/13 07:43:00.918,n,14.514356,30.466462,0.305681,0.002638,0.05919,0.000534,11.641598,11.637254,11.634306,11.750682,12.050146,11.77738,12.051952,12.36709,11.721364,12.067728,0,0,0,0,0,0
2025/06/13 07:44:00.918,n,14.50884,31.497028,0.317214,0.0032,0.059406,0.00029,11.62755,11.62755,11.623172,11.73224,12.037626,11.839972,12.117434,12.350254,11.778324,12.044936,0,0,0,0,0,0
2025/06/13 07:45:00.919,n,14.545166,31.356246,0.326022,0.00265,0.05472,0.001651,11.6465,11.645,11.636276,11.748258,12.066866,11.834374,12.1118,12.366276,11.76994,12.062454,0,0,0,0,0,0
2025/06/13 07:46:00.923,n,14.563332,31.040776,0.306367,0.005755,0.052909,0.001076,11.65519,11.6465,11.636276,11.745342,12.07271,11.828822,12.1118,12.361896,11.76994,12.06392,0,0,0,0,0,0
2025/06/13 07:47:00.925,n,14.652538,31.211904,0.329872,0.009138,0.05592,0.002756,11.658104,11.656672,11.653726,11.746824,12.08585,11.82034,12.0978,12.373586,11.750438,12.068364,0,0,0,0,0,0
2025/06/13 07:48:00.926,n,14.718606,30.014472,0.287247,0.014597,0.051478,0.00129,11.659572,11.650814,11.658104,11.751202,12.078538,11.825974,12.106152,12.370656,11.76154,12.062454,0,0,0,0,0,0
2025/06/13 07:49:00.913,n,14.691464,29.433136,0.257953,0.008098,0.046068,0.002542,11.654492,11.625368,11.64142,11.743178,12.03704,11.837612,12.11771,12.351052,11.770462,12.04435,0,0,0,0,0,0
2025/06/13 07:50:00.914,n,14.7212,31.36106,0.250852,0.004385,0.04587,8.43322e-05,11.667562,11.631182,11.642852,11.741698,12.047232,11.840364,12.11771,12.362742,11.76758,12.048714,0,0,0,0,0,0
2025/06/13 07:51:00.917,n,14.800396,31.09093,0.260232,0.003218,0.045673,0.00036,11.67339,11.650112,11.651546,11.753304,12.060404,11.82358,12.10931,12.364224,11.75358,12.05311,0,0,0,0,0,0
2025/06/13 07:52:00.918,n,14.838436,29.716298,0.254194,0.005507,0.044557,0.000393,11.676256,11.645734,11.658872,11.750438,12.070628,11.831982,12.10656,12.364224,11.75358,12.056024,0,0,0,0,0,0
2025/06/13 07:53:00.922,n,14.780622,29.956898,0.2289,0.010201,0.044835,9.562372e-05,11.689392,11.653026,11.669012,11.762062,12.075006,11.829228,12.103806,12.364224,11.756346,12.048714,0,0,0,0,0,0
2025/06/13 07:54:00.922,n,14.795468,29.96703,0.182179,0.019242,0.045651,0.000425,11.674856,11.638442,11.663218,11.753304,12.051644,11.831982,12.10931,12.351052,11.76198,12.047232,0,0,0,0,0,0
2025/06/13 07:55:00.924,n,14.850002,29.22182,0.14416,0.008989,0.047106,0.001191,11.64194,11.61137,11.63027,11.704434,12.008518,11.865728,12.131908,12.306456,11.781694,12.008518,0,0,0,0,0,0
2025/06/13 07:56:00.925,n,14.949024,29.55776,0.156276,0.005333,0.047213,0.000344,11.65939,11.621576,11.646318,11.72042,12.030416,11.860094,12.129124,12.325442,11.77606,12.026068,0,0,0,0,0,0
2025/06/13 07:57:00.929,n,15.023244,27.519354,0.181616,0.007236,0.047304,0.001141,11.67829,11.64046,11.663738,11.732028,12.062616,11.840576,12.120642,12.331236,11.770462,12.034826,0,0,0,0,0,0
2025/06/13 07:58:00.912,n,15.09092,28.05308,0.203648,0.007928,0.04907,0.000988,11.705932,11.647752,11.679756,11.755354,12.069896,11.832078,12.115138,12.357548,11.750926,12.046468,0,0,0,0,0,0
2025/06/13 07:59:00.914,n,15.054638,29.523108,0.205263,0.001109,0.055468,0.001961,11.714642,11.646318,11.67391,11.755354,12.081534,11.843344,12.11789,12.363426,11.750926,12.045066,0,0,0,0,0,0
2025/06/13 08:00:00.919,n,15.057912,31.150706,0.186552,0.00649,0.061671,0.003021,11.71754,11.65939,11.68407,11.777136,12.084482,11.834862,12.109488,12.357548,11.75656,12.034826,0,0,0,0,0,0
2025/06/13 08:01:00.918,n,15.143764,30.597482,0.190274,0.000333,0.077059,0.003371,11.719508,11.665724,11.68171,11.757748,12.088096,11.86677,12.152404,12.35237,11.785488,12.03989,0,0,0,0,0,0
2025/06/13 08:02:00.919,n,15.203092,30.019038,0.188066,0.001016,0.082654,0.001427,11.731132,11.665724,11.687536,11.776762,12.098256,11.880672,12.155252,12.361132,11.791038,12.042788,0,0,0,0,0,0
2025/06/13 08:03:00.924,n,15.268148,31.807376,0.176103,0.00326,0.083791,0.001351,11.688628,11.633426,11.65664,11.732728,12.063106,11.92948,12.204064,12.331726,11.839844,12.016268,0,0,0,0,0,0
2025/06/13 08:04:00.927,n,15.373616,28.909534,0.182293,0.004795,0.105763,0.008615,11.706062,11.637806,11.671178,11.732728,12.080624,11.918344,12.19843,12.325896,11.837092,12.016268,0,0,0,0,0,0
2025/06/13 08:05:00.928,n,15.367024,28.537724,0.191892,0.003133,0.154873,0.009833,11.728414,11.65519,11.693008,11.760498,12.108334,11.915576,12.19843,12.337538,11.828708,12.036796,0,0,0,0,0,0
2025/06/13 08:06:00.930,n,15.386848,26.76511,0.194343,0.004423,0.151855,0.004577,11.737138,11.65519,11.701748,11.750276,12.118558,11.926726,12.201216,12.34195,11.834308,12.029438,0,0,0,0,0,0
2025/06/13 08:07:00.913,n,15.365414,29.08434,0.192472,0.001294,0.124686,0.006993,11.75472,11.662484,11.694456,11.763446,12.109798,11.92948,12.206914,12.352158,11.839844,12.038198,0,0,0,0,0,0
2025/06/13 08:08:00.918,n,15.423078,28.65657,0.180703,0.005469,0.106798,0.005403,11.764942,11.662484,11.698834,11.76641,12.114178,11.926726,12.19843,12.35509,11.828708,12.027972,0,0,0,0,0,0
2025/06/13 08:09:00.916,n,15.42469,30.352738,0.18529,0.01982,0.101755,0.003519,11.764942,11.675556,11.701748,11.767856,12.118558,11.921094,12.201216,12.336138,11.823076,11.991438,0,0,0,0,0,0
2025/06/13 08:10:00.919,n,15.444516,28.772176,0.138948,0.009558,0.102424,0.007036,11.80442,11.711906,11.750276,11.820438,12.171112,11.921094,12.204064,12.37699,11.82594,12.058694,0,0,0,0,0,0
2025/06/13 08:11:00.923,n,15.380096,27.980164,0.137378,0.026804,0.097451,0.010051,11.723366,11.634012,11.667448,11.72195,12.07266,11.987174,12.261862,12.301898,11.886402,12.001046,0,0,0,0,0,0
2025/06/13 08:12:00.923,n,15.358662,27.593604,0.147137,0.016879,0.099137,0.006453,11.75407,11.648518,11.68389,11.735056,12.09456,11.976038,12.250628,12.307712,11.87237,12.00549,0,0,0,0,0,0
2025/06/13 08:13:00.924,n,15.39333,26.67287,0.136803,0.004691,0.122024,0.005467,11.743878,11.645604,11.695644,11.739468,12.113574,11.976038,12.250628,12.317936,11.878004,11.992302,0,0,0,0,0,0
2025/06/13 08:14:00.928,n,15.42463,26.37978,0.129945,0.008674,0.137402,0.00622,11.75996,11.654362,11.688302,11.746824,12.112094,11.976038,12.24786,12.309126,11.878004,12.001046,0,0,0,0,0,0
2025/06/13 08:15:00.930,n,15.490498,27.715348,0.146557,0.007949,0.148401,0.010238,11.740932,11.634012,11.707348,11.745342,12.142734,11.970422,12.24786,12.277052,11.87237,12.01713,0,0,0,0,0,0
2025/06/13 08:16:00.919,n,15.516866,27.871428,0.112701,0.013549,0.134558,0.009453,11.787732,11.660158,11.711662,11.764308,12.12668,11.967638,12.24786,12.341314,11.878004,12.004024,0,0,0,0,0,0
2025/06/13 08:17:00.918,n,15.538624,27.976202,0.096829,0.009879,0.178289,0.008599,11.807756,11.680114,11.728786,11.769746,12.133664,12.072564,12.347096,12.348268,11.968892,12.02115,0,0,0,0,0,0
2025/06/13 08:18:00.920,n,15.535256,26.213666,0.109263,0.00469,0.199109,0.007251,11.819462,11.695156,11.744854,11.778536,12.149702,12.064164,12.333192,12.346786,11.946474,12.031376,0,0,0,0,0,0
2025/06/13 08:19:00.921,n,15.571388,27.14516,0.115351,0.009677,0.211134,0.006777,11.826772,11.70248,11.744854,11.787294,12.17308,12.064164,12.333192,12.36434,11.954874,12.040166,0,0,0,0,0,0
2025/06/13 08:20:00.925,n,15.601224,26.862324,0.154931,0.010871,0.131236,0.024446,11.832598,11.701034,11.755078,11.804844,12.194946,12.05293,12.32471,12.342408,11.949244,12.018236,0,0,0,0,0,0
2025/06/13 08:21:00.927,n,15.620998,25.209394,0.116645,0.023772,0.095586,0.013323,11.762404,11.69662,11.772628,11.834064,12.300092,12.047298,12.31919,12.418312,11.946474,12.089838,0,0,0,0,0,0
2025/06/13 08:22:00.927,n,15.69048,27.057012,0.200529,0.011689,0.096297,0.002356,11.883734,11.750732,11.791674,11.828268,12.25776,12.033298,12.310804,12.380392,11.935242,12.057684,0,0,0,0,0,0
2025/06/13 08:23:00.930,n,15.73179,27.252668,0.182312,0.006045,0.11373,0.004669,11.891108,11.74339,11.794588,11.82236,12.256326,12.038914,12.313556,12.375978,11.93809,12.070822,0,0,0,0,0,0
2025/06/13 08:24:00.932,n,15.916992,26.603826,0.167198,0.018114,0.116237,0.002782,11.885198,11.74339,11.797534,11.82236,12.259192,12.038914,12.307922,12.383306,11.935242,12.078132,0,0,0,0,0,0
2025/06/13 08:25:00.917,n,15.923534,27.011244,0.189274,0.01474,0.095648,0.007556,11.84432,11.674758,11.722994,11.749332,12.17878,12.005832,12.280488,12.314516,11.899508,11.958278,0,0,0,0,0,0
2025/06/13 08:26:00.918,n,15.956594,26.674798,0.178124,0.042252,0.118881,0.006491,11.8487,11.690808,11.720078,11.759554,12.189004,12.00308,12.26927,12.330586,11.893876,12.00938,0,0,0,0,0,0
2025/06/13 08:27:00.922,n,15.968166,24.66075,0.106141,0.050638,0.118289,0.007203,11.895454,11.72156,11.769746,11.807756,12.216716,12.005832,12.272086,12.352452,11.899508,12.010846,0,0,0,0,0,0
2025/06/13 08:28:00.923,n,15.99463,23.59113,0.190996,0.026509,0.121907,0.00384,11.92173,11.809222,11.934932,11.94952,12.418118,11.986296,12.249618,12.362694,11.882658,11.956796,0,0,0,0,0,0
2025/06/13 08:29:00.926,n,15.976418,23.732392,0.118067,0.031584,0.120213,0.012619,11.888112,11.731718,11.785862,11.812168,12.226972,12.005832,12.272086,12.345174,11.896658,12.025464,0,0,0,0,0,0
2025/06/13 08:30:00.929,n,15.94175,25.899628,0.129057,0.013176,0.111343,0.004277,11.879386,11.736162,11.79024,11.796084,12.2328,12.005832,12.266486,12.352452,11.882658,12.041534,0,0,0,0,0,0
2025/06/13 08:31:00.924,n,15.998146,26.198374,0.156554,0.010604,0.111477,0.00286,11.896528,11.732824,11.77668,11.805918,12.2455,12.001078,12.26437,12.346216,11.883488,12.029438,0,0,0,0,0,0
2025/06/13 08:32:00.926,n,16.11211,25.262894,0.147841,0.012417,0.113859,0.00512,11.903822,11.732824,11.791314,11.80883,12.248446,12.006598,12.275652,12.334574,11.89464,12.007542,0,0,0,0,0,0
2025/06/13 08:33:00.931,n,16.250782,24.545832,0.137331,0.012203,0.11206,0.010828,11.981266,11.817622,11.857066,11.877514,12.328666,12.006598,12.26437,12.375362,11.883488,12.071766,0,0,0,0,0,0
2025/06/13 08:34:00.916,n,16.264016,24.599726,0.125473,0.019089,0.107154,0.007012,11.962216,11.781092,11.858532,11.8746,12.293676,12.017926,12.275652,12.366634,11.891872,12.061574,0,0,0,0,0,0
2025/06/13 08:35:00.918,n,16.295316,23.445636,0.075081,0.015145,0.078588,0.003767,11.906734,11.72112,11.797128,11.807416,12.213376,12.031832,12.292486,12.349116,11.917024,12.02068,0,0,0,0,0,0
2025/06/13 08:36:00.920,n,16.201272,24.178678,0.102251,0.010201,0.066229,0.007059,11.934478,11.737268,11.804452,11.814674,12.232376,12.017926,12.284038,12.357842,11.903024,12.03232,0,0,0,0,0,0
2025/06/13 08:37:00.921,n,16.198536,24.452756,0.112552,0.011603,0.066313,0.002673,11.941558,11.750162,11.80862,11.823254,12.249666,12.089952,12.336448,12.36787,11.958278,12.040932,0,0,0,0,0,0
2025/06/13 08:38:00.958,n,16.317384,32.95414,0.183668,0.02674,0.078895,0.003042,12.039452,11.78228,11.80717,11.78819,12.229282,12.070334,12.33368,12.291966,11.94991,11.98688,0,0,0,0,0,0
2025/06/13 08:39:00.925,n,16.500538,25.549298,0.167438,0.039026,0.078529,0.005984,11.9854,11.77502,11.830532,11.839324,12.287652,12.067486,12.328046,12.363508,11.952662,12.04383,0,0,0,0,0,0
2025/06/13 08:40:00.927,n,16.566456,23.148118,0.185388,0.017305,0.093404,0.006814,11.98978,11.789572,11.85684,11.859754,12.308052,12.070334,12.328046,12.357696,11.947126,12.100762,0,0,0,0,0,0
2025/06/13 08:41:00.928,n,16.576416,22.37137,0.148074,0.023511,0.1084,0.00734,12.024848,11.804208,11.8627,11.86563,12.316862,12.075934,12.330896,12.363508,11.952662,12.05109,0,0,0,0,0,0
2025/06/13 08:42:00.930,n,16.596192,23.79082,0.166555,0.015555,0.112429,0.007307,12.055534,11.820308,11.878768,11.87727,12.34309,12.059084,12.319694,12.386856,11.935794,12.073052,0,0,0,0,0,0
2025/06/13 08:43:00.916,n,16.604398,22.094636,0.184706,0.017419,0.153293,0.024784,12.113934,11.864164,11.937196,11.931384,12.36937,12.045066,12.316926,12.424776,11.933044,12.06571,0,0,0,0,0,0
2025/06/13 08:44:00.919,n,16.561524,22.472542,0.236658,0.029233,0.121454,0.010733,12.094918,11.830532,11.899198,11.900664,12.36937,12.047934,12.314044,12.421862,11.930278,12.089106,0,0,0,0,0,0
2025/06/13 08:45:00.917,n,16.609326,23.659156,0.21655,0.0113,0.081357,0.01174,12.113934,11.832012,11.890472,11.894852,12.359162,12.039548,12.311294,12.407306,11.921892,12.090604,0,0,0,0,0,0
2025/06/13 08:46:00.920,n,16.65907,23.238616,0.170082,0.012244,0.073154,0.003456,12.091124,11.823776,11.879354,11.8837,12.33635,12.11167,12.380752,12.390374,11.994094,12.061902,0,0,0,0,0,0
2025/06/13 08:47:00.924,n,16.76127,24.15767,0.141315,0.007455,0.096446,0.006501,12.095504,11.817916,11.880818,11.877888,12.317414,12.11167,12.377918,12.3772,11.991262,12.069226,0,0,0,0,0,0
2025/06/13 08:48:00.929,n,16.848622,23.618366,0.142238,0.006055,0.119378,0.010792,12.08528,11.798934,11.866152,11.851548,12.305692,12.120152,12.3836,12.374302,11.996862,12.07066,0,0,0,0,0,0
2025/06/13 08:49:00.963,n,16.84037,22.139776,0.10632,0.036424,0.117608,0.004175,12.12909,11.82524,11.877888,11.872062,12.28967,12.120152,12.377918,12.396202,12.002494,12.07066,0,0,0,0,0,0
2025/06/13 08:50:00.932,n,16.838756,22.47692,0.112663,0.013977,0.10416,0.010627,12.15973,11.848602,11.912972,11.888112,12.317414,12.114422,12.3864,12.384562,11.99971,12.08528,0,0,0,0,0,0
2025/06/13 08:51:00.933,n,16.876648,21.665898,0.111904,0.014819,0.088741,0.006001,12.167074,11.851548,11.908542,11.882234,12.311538,12.11167,12.380752,12.41662,11.991262,12.09259,0,0,0,0,0,0
2025/06/13 08:52:00.938,n,16.935924,22.278016,0.101839,0.014737,0.081242,0.010275,12.196266,11.877888,11.953834,11.907064,12.37142,12.11167,12.375034,12.400582,11.98838,12.07504,0,0,0,0,0,0
2025/06/13 08:53:00.922,n,17.054482,23.431838,0.091012,0.008722,0.085486,0.002046,12.203544,11.869098,11.945074,11.923146,12.346606,12.106036,12.372268,12.428262,11.98838,12.08528,0,0,0,0,0,0
2025/06/13 08:54:00.924,n,17.165444,23.904766,0.100406,0.009961,0.109961,0.006764,12.156262,11.835042,11.890554,11.887656,12.30364,12.119632,12.385928,12.341592,12.004938,12.019084,0,0,0,0,0,0
2025/06/13 08:55:00.926,n,17.229652,21.765364,0.078521,0.026093,0.124716,0.010437,12.16652,11.821904,11.883212,11.85837,12.27886,12.12248,12.388696,12.34599,12.00207,12.033702,0,0,0,0,0,0
2025/06/13 08:56:00.933,n,17.251088,20.341956,0.082018,0.007427,0.200107,0.023114,12.178192,11.833608,11.893436,11.868608,12.302224,12.11688,12.391544,12.351784,11.999222,12.03805,0,0,0,0,0,0
2025/06/13 08:57:00.928,n,17.19181,21.84072,0.077028,0.00281,0.221643,0.023391,12.202972,11.852558,11.913898,11.877418,12.309484,12.12248,12.385928,12.363492,12.004938,12.043896,0,0,0,0,0,0
2025/06/13 08:58:00.931,n,17.251088,21.839734,0.069173,0.007365,0.298437,0.035466,12.210316,11.83942,11.921208,11.871572,12.30657,12.119632,12.397048,12.357696,12.007704,12.046808,0,0,0,0,0,0
2025/06/13 08:59:00.932,n,17.259288,20.808932,0.070239,0.002107,0.299535,0.011798,12.230716,11.85697,11.93726,11.887656,12.32847,12.11128,12.394296,12.37225,11.993606,12.06138,0,0,0,0,0,0
2025/06/13 09:00:00.934,n,17.159436,21.835858,0.067923,0.001435,0.314292,0.009399,12.251116,11.859882,11.943106,11.886126,12.34156,12.143304,12.42064,12.351752,12.028396,12.039452,0,0,0,0,0,0
2025/06/13 09:01:00.905,n,17.312466,20.901396,0.073653,0.004026,0.34588,0.028819,12.277394,11.853974,11.965034,11.880264,12.321126,12.11807,12.395486,12.367806,11.99481,12.051156,0,0,0,0,0,0
2025/06/13 09:02:00.909,n,17.317352,20.686492,0.063304,0.003843,0.334107,0.022836,12.288726,11.850686,11.967574,11.888698,12.335404,12.194082,12.474422,12.376256,12.070904,12.058108,0,0,0,0,0,0
2025/06/13 09:03:00.913,n,17.383174,24.284128,0.058514,0.005793,0.371214,0.009106,12.303298,11.863888,11.973434,11.888698,12.33687,12.18858,12.474422,12.38207,12.082056,12.058108,0,0,0,0,0,0
2025/06/13 09:04:00.913,n,17.40622,21.609272,0.057271,0.000664,0.292272,0.028376,12.317904,11.87268,11.983658,11.904766,12.349978,12.18858,12.477174,12.39231,12.07367,12.066898,0,0,0,0,0,0
2025/06/13 09:05:00.916,n,17.453876,23.558552,0.055996,0.00097,0.193317,0.041204,12.335404,11.888698,11.993882,11.913524,12.35439,12.191332,12.477174,12.389396,12.07367,12.071246,0,0,0,0,0,0
2025/06/13 09:06:00.918,n,17.539376,21.288682,0.052896,0.001207,0.184189,0.014084,12.35439,11.893076,12.002642,11.920882,12.366032,12.191332,12.482774,12.393744,12.07367,12.066898,0,0,0,0,0,0
2025/06/13 09:07:00.921,n,17.616668,20.99591,0.053826,0.006785,0.192723,0.028866,12.36455,11.904766,12.002642,11.926662,12.367464,12.194082,12.479924,12.390828,12.076424,12.062518,0,0,0,0,0,0
2025/06/13 09:08:00.921,n,17.537716,21.174758,0.055001,0.001087,0.26058,0.023733,12.389396,11.932572,12.027484,11.94859,12.39231,12.194082,12.482774,12.39809,12.079304,12.08297,0,0,0,0,0,0
2025/06/13 09:09:00.924,n,17.51965,20.949986,0.053035,0.001107,0.249642,0.018127,12.395208,11.931074,12.034778,11.945678,12.396626,12.196966,12.482774,12.39959,12.07367,12.078538,0,0,0,0,0,0
2025/06/13 09:10:00.908,n,17.527852,20.384978,0.062092,0.002436,0.24707,0.009197,12.434596,11.931074,12.063952,11.939832,12.42875,12.18858,12.485574,12.406916,12.07367,12.091678,0,0,0,0,0,0
2025/06/13 09:11:00.908,n,17.527852,21.264638,0.059306,0.00139,0.257199,0.008988,12.43751,11.939832,12.071246,11.942746,12.430216,12.196966,12.493928,12.412696,12.07367,12.103368,0,0,0,0,0,0
2025/06/13 09:12:00.911,n,17.4654,22.625726,0.063355,0.00222,0.271696,0.015385,12.476848,11.955884,12.08297,11.970488,12.456478,12.18573,12.488326,12.422936,12.065272,12.096106,0,0,0,0,0,0
2025/06/13 09:13:00.914,n,17.554168,22.635746,0.063135,0.003399,0.293729,0.020472,12.469618,11.952972,12.103368,11.990984,12.450648,12.18573,12.485574,12.406916,12.062518,12.110662,0,0,0,0,0,0
2025/06/13 09:14:00.915,n,17.58833,20.985868,0.061078,0.005276,0.321245,0.027285,12.453596,11.939866,12.062552,11.942812,12.415674,12.254422,12.554368,12.392344,12.139576,12.06983,0,0,0,0,0,0
2025/06/13 09:15:00.917,n,17.589992,22.26171,0.069872,0.002648,0.260699,0.028389,12.478376,11.96038,12.08007,11.96038,12.440456,12.254422,12.562754,12.390862,12.128358,12.077154,0,0,0,0,0,0
2025/06/13 09:16:00.921,n,17.824902,24.41675,0.063507,0.002698,0.185709,0.031009,12.49873,11.972018,12.087348,11.970552,12.446302,12.24887,12.565506,12.389396,12.131208,12.07569,0,0,0,0,0,0
2025/06/13 09:17:00.923,n,18.002246,19.699536,0.065671,0.004519,0.251651,0.023836,12.503112,11.972018,12.083,11.964708,12.43313,12.254422,12.568356,12.382134,12.131208,12.065516,0,0,0,0,0,0
2025/06/13 09:18:00.922,n,17.755908,20.338686,0.064926,0.003696,0.137793,0.057242,12.511904,11.99538,12.10778,11.991,12.463758,12.251638,12.57114,12.399556,12.128358,12.07569,0,0,0,0,0,0
2025/06/13 09:19:00.910,n,17.787158,21.138014,0.063722,0.004083,0.2688,0.054897,12.53815,11.992482,12.139902,11.985156,12.490036,12.243236,12.560002,12.411294,12.122822,12.093206,0,0,0,0,0,0
2025/06/13 09:20:00.912,n,17.79536,22.264758,0.065421,0.001955,0.142716,0.021486,12.56435,11.99538,12.137034,11.988134,12.490036,12.243236,12.568356,12.41859,12.128358,12.09762,0,0,0,0,0,0
2025/06/13 09:21:00.914,n,17.907032,22.091698,0.067677,0.003318,0.139188,0.028768,12.606652,12.040622,12.176452,12.026018,12.526492,12.240484,12.568356,12.444836,12.120054,12.096138,0,0,0,0,0,0
2025/06/13 09:22:00.917,n,18.013672,21.393766,0.066842,0.00648,0.190753,0.042986,12.603706,12.033362,12.154522,11.993916,12.482724,12.24887,12.576756,12.434596,12.122822,12.123896,0,0,0,0,0,0
2025/06/13 09:23:00.923,n,18.076122,20.44691,0.063747,0.009283,0.134046,0.020383,12.616846,12.039208,12.172038,12.039208,12.507556,12.24887,12.579508,12.42735,12.122822,12.104898,0,0,0,0,0,0
2025/06/13 09:24:00.920,n,18.053078,20.620292,0.055067,0.001468,0.157742,0.007567,12.625606,12.059606,12.191022,12.046468,12.513352,12.24602,12.58524,12.436076,12.122822,12.113658,0,0,0,0,0,0
2025/06/13 09:25:00.924,n,18.102558,21.928862,0.066983,0.005795,0.175524,0.012843,12.634578,12.080378,12.217544,12.073052,12.526736,12.277052,12.619044,12.439252,12.148238,12.108056,0,0,0,0,0,0
2025/06/13 09:26:00.924,n,18.173114,20.606282,0.059556,0.003724,0.168376,0.016902,12.638926,12.05845,12.186888,12.040898,12.518008,12.277052,12.616292,12.426112,12.153838,12.100744,0,0,0,0,0,0
2025/06/13 09:27:00.929,n,18.179656,20.644596,0.060524,0.001441,0.127254,0.017532,12.654982,12.09057,12.207352,12.064296,12.539844,12.277052,12.616292,12.4422,12.145452,12.109522,0,0,0,0,0,0
2025/06/13 09:28:00.914,n,18.228534,22.272562,0.062182,0.002813,0.1076,0.023819,12.679796,12.081812,12.239476,12.061348,12.554418,12.268668,12.619044,12.45674,12.145452,12.138744,0,0,0,0,0,0
2025/06/13 09:29:00.916,n,18.277996,21.105916,0.060155,0.00426,0.207801,0.033024,12.703032,12.093516,12.245256,12.075934,12.554418,12.279902,12.633048,12.466914,12.151086,12.134332,0,0,0,0,0,0
2025/06/13 09:30:00.916,n,18.192746,21.053244,0.075294,0.021662,0.17009,0.019768,12.719088,12.12704,12.262774,12.100744,12.571906,12.2603,12.62466,12.46112,12.145452,12.13728,0,0,0,0,0,0
2025/06/13 09:31:00.913,n,18.304268,21.70256,0.079149,0.009372,0.181943,0.023743,12.738026,12.12852,12.284672,12.106656,12.592308,12.240664,12.604928,12.474258,12.117464,12.153284,0,0,0,0,0,0
2025/06/13 09:32:00.918,n,18.36219,20.433958,0.092984,0.017422,0.150415,0.01499,12.688914,12.093876,12.277752,12.093876,12.58542,12.332328,12.693946,12.48051,12.200644,12.168328,0,0,0,0,0,0
2025/06/13 09:33:00.920,n,18.350616,19.72381,0.087912,0.008803,0.122582,0.016731,12.710702,12.088096,12.235438,12.047168,12.537336,12.332328,12.707934,12.417758,12.21463,12.117238,0,0,0,0,0,0
2025/06/13 09:34:00.921,n,18.276592,20.431172,0.089471,0.007807,0.149305,0.010232,12.752974,12.150842,12.273374,12.1041,12.586854,12.337944,12.707934,12.4513,12.21463,12.125998,0,0,0,0,0,0
2025/06/13 09:35:00.922,n,18.357258,20.587408,0.088301,0.003334,0.149214,0.002797,12.750092,12.149376,12.276288,12.117238,12.589798,12.337944,12.721872,12.449852,12.217398,12.123034,0,0,0,0,0,0
2025/06/13 09:36:00.926,n,18.358918,20.84976,0.077834,0.003924,0.137937,0.009162,12.750092,12.152308,12.282132,12.118718,12.592714,12.34633,12.733206,12.45568,12.225882,12.123034,0,0,0,0,0,0
2025/06/13 09:37:00.913,n,18.357258,19.177016,0.087391,0.002436,0.166089,0.006135,12.782104,12.153754,12.315672,12.120186,12.626192,12.343546,12.733206,12.476066,12.22303,12.152308,0,0,0,0,0,0
2025/06/13 09:38:00.912,n,18.32269,19.703968,0.09064,0.001393,0.195306,0.01143,12.798112,12.16398,12.31712,12.128912,12.643712,12.340796,12.730356,12.481926,12.228762,12.155156,0,0,0,0,0,0
2025/06/13 09:39:00.912,n,18.36219,21.45313,0.080674,0.003386,0.12587,0.014645,12.809788,12.174154,12.343416,12.143498,12.646612,12.343546,12.730356,12.48624,12.217398,12.158102,0,0,0,0,0,0
2025/06/13 09:40:00.918,n,18.439534,20.696386,0.07692,0.002974,0.112847,0.024435,12.817082,12.19016,12.336106,12.142016,12.655372,12.337944,12.733206,12.48624,12.22303,12.159536,0,0,0,0,0,0
2025/06/13 09:41:00.917,n,18.53836,21.625486,0.065455,0.00544,0.120982,0.026698,12.822898,12.197518,12.347796,12.155156,12.656786,12.340796,12.74436,12.495068,12.220264,12.16398,0,0,0,0,0,0
2025/06/13 09:42:00.919,n,18.773616,20.341146,0.052946,0.005541,0.143436,0.025461,12.83892,12.219384,12.353624,12.17562,12.668512,12.340796,12.741576,12.493586,12.220264,12.162482,0,0,0,0,0,0
2025/06/13 09:43:00.924,n,18.750682,17.882304,0.059976,0.002459,0.175679,0.021369,12.825354,12.205838,12.338582,12.164958,12.662178,12.361162,12.773182,12.475642,12.243482,12.137246,0,0,0,0,0,0
2025/06/13 09:44:00.924,n,18.587796,19.295048,0.063082,0.001851,0.156831,0.0051,12.835516,12.220428,12.345876,12.170836,12.679698,12.369548,12.784452,12.487316,12.25473,12.143126,0,0,0,0,0,0
2025/06/13 09:45:00.928,n,18.544972,20.803992,0.062157,0.008377,0.148557,0.018156,12.847192,12.230618,12.357566,12.183942,12.7001,12.361162,12.784452,12.48585,12.24633,12.148938,0,0,0,0,0,0
2025/06/13 09:46:00.914,n,18.586182,21.322412,0.079676,0.007589,0.186646,0.018852,12.879238,12.240858,12.39402,12.183942,12.735046,12.361162,12.778816,12.50189,12.235096,12.18101,0,0,0,0,0,0
2025/06/13 09:47:00.915,n,18.749024,20.904902,0.09445,0.006178,0.216123,0.009708,12.896696,12.242324,12.391106,12.189802,12.758364,12.361162,12.784452,12.50337,12.237848,12.170836,0,0,0,0,0,0
2025/06/13 09:48:00.918,n,18.832862,20.350602,0.089804,0.003769,0.199788,0.004702,12.914152,12.255464,12.405662,12.205838,12.762678,12.352698,12.784452,12.512132,12.240632,12.178096,0,0,0,0,0,0
2025/06/13 09:49:00.918,n,18.910958,20.676742,0.086734,0.001799,0.187186,0.003885,12.921756,12.255774,12.39288,12.195988,12.761638,12.38539,12.817164,12.510992,12.262074,12.16971,0,0,0,0,0,0
2025/06/13 09:50:00.920,n,19.167304,24.906434,0.121354,0.014626,0.192056,0.009515,12.99748,12.315608,12.464376,12.261618,12.875216,12.362988,12.814298,12.451236,12.25372,12.140552,0,0,0,0,0,0
2025/06/13 09:51:00.925,n,19.21164,18.815748,0.102757,0.026435,0.144095,0.035575,12.96255,12.322902,12.467258,12.264582,12.843204,12.374142,12.822684,12.492038,12.267708,12.131792,0,0,0,0,0,0
2025/06/13 09:52:00.927,n,18.98,18.447676,0.098336,0.011573,0.169716,0.01379,12.96693,12.295222,12.42349,12.245598,12.828596,12.38254,12.825534,12.535806,12.25092,12.18723,0,0,0,0,0,0
2025/06/13 09:53:00.928,n,18.933956,20.850764,0.107449,0.009719,0.178391,0.004239,13.022234,12.375394,12.487676,12.31414,12.911612,12.374142,12.81153,12.570782,12.24817,12.219352,0,0,0,0,0,0
2025/06/13 09:54:00.928,n,19.030976,20.12808,0.108512,0.017095,0.159778,0.010886,13.006242,12.337474,12.439528,12.268912,12.86214,12.379742,12.831054,12.5445,12.25092,12.219352,0,0,0,0,0,0
2025/06/13 09:55:00.913,n,18.882992,20.636478,0.117258,0.006638,0.200071,0.011814,13.034576,12.32948,12.46799,12.266762,12.897802,12.432788,12.89813,12.53356,12.306734,12.186514,0,0,0,0,0,0
2025/06/13 09:56:00.918,n,18.993144,21.216054,0.157232,0.018076,0.185915,0.006701,13.04772,12.346982,12.475302,12.281318,12.925454,12.430004,12.90098,12.58607,12.295466,12.23464,0,0,0,0,0,0
2025/06/13 09:57:00.920,n,19.06712,19.810658,0.126735,0.012243,0.170706,0.00687,13.018618,12.301768,12.431534,12.249244,12.921074,12.438406,12.895376,12.626892,12.3011,12.150012,0,0,0,0,0,0
2025/06/13 09:58:00.920,n,19.15091,21.451308,0.135412,0.024099,0.193803,0.013449,13.092846,12.374694,12.48113,12.265298,12.940044,12.435556,12.909464,12.63562,12.2927,12.173374,0,0,0,0,0,0
2025/06/13 09:59:00.923,n,19.057258,19.71084,0.199745,0.024548,0.150677,0.021236,13.17577,12.45047,12.55694,12.35571,13.025898,12.41592,12.892494,12.626892,12.275912,12.269676,0,0,0,0,0,0
2025/06/13 10:00:00.924,n,18.918812,20.594962,0.259412,0.04151,0.149383,0.020868,13.140204,12.410464,12.519784,12.32878,13.000508,12.443696,12.93156,12.610136,12.300856,12.276254,0,0,0,0,0,0
2025/06/13 10:01:00.930,n,18.91222,21.470662,0.272511,0.036558,0.190412,0.01633,13.2144,12.499414,12.61455,12.387134,13.114034,12.410074,12.886648,12.636386,12.250352,12.362254,0,0,0,0,0,0
2025/06/13 10:02:00.917,n,18.871986,20.254012,0.403141,0.062025,0.194225,0.010614,13.244138,12.475302,12.594798,12.381988,13.117598,12.506612,13.002806,12.641466,12.344036,12.30027,0,0,0,0,0,0
2025/06/13 10:03:00.920,n,18.876918,20.677678,0.406637,0.040831,0.171885,0.00946,13.244138,12.481096,12.571482,12.371746,13.11615,12.509396,13.00844,12.63124,12.352422,12.287196,0,0,0,0,0,0
2025/06/13 10:04:00.940,n,19.00021,57.835944,0.33531,0.07353,0.171439,0.01645,13.295064,12.591884,12.689534,12.482564,13.16704,12.528934,13.016924,12.731806,12.344036,12.494268,0,0,0,0,0,0
2025/06/13 10:05:00.911,n,19.051086,21.60588,0.369451,0.020971,0.200003,0.018126,13.260132,12.50591,12.605024,12.392148,13.16704,12.528934,13.033682,12.65459,12.34967,12.307596,0,0,0,0,0,0
2025/06/13 10:06:00.908,n,19.228528,18.656476,0.360602,0.051344,0.150785,0.020381,13.207772,12.489922,12.594798,12.37028,13.119064,12.545818,13.042084,12.63562,12.366454,12.35571,0,0,0,0,0,0
2025/06/13 10:07:00.944,n,19.295864,36.450448,0.400948,0.029106,0.170893,0.025864,13.238356,12.488442,12.577328,12.361554,13.142338,12.543054,13.044934,12.570048,12.34967,12.236106,0,0,0,0,0,0
2025/06/13 10:08:00.914,n,19.349048,20.62981,0.330278,0.0536,0.132312,0.021142,13.38863,12.580794,12.67553,12.464246,13.199564,12.352892,12.849096,12.691552,12.170836,12.349066,0,0,0,0,0,0
2025/06/13 10:09:00.918,n,19.298122,17.812728,0.32558,0.049069,0.15284,0.018785,13.289756,12.472972,12.535644,12.314044,13.093382,12.386514,12.865968,12.662454,12.170836,12.325718,0,0,0,0,0,0
2025/06/13 10:10:00.918,n,19.252174,30.221354,0.334525,0.025777,0.140712,0.032598,13.570278,12.84597,12.84597,12.481732,13.157416,12.358524,12.854732,12.522504,12.159666,12.172528,0,0,0,0,0,0
2025/06/13 10:11:00.919,n,19.289916,19.6009,0.432249,0.063293,0.143626,0.01219,13.440958,12.628944,12.72653,12.502168,13.329004,12.327738,12.82954,12.762988,12.117678,12.4161,0,0,0,0,0,0
2025/06/13 10:12:00.921,n,19.27171,19.391566,0.430564,0.022206,0.15733,0.005689,13.323826,12.515958,12.609258,12.389184,13.22059,12.56417,13.060488,12.657342,12.340112,12.306034,0,0,0,0,0,0
2025/06/13 10:13:00.905,n,19.35379,20.209234,0.275415,0.058787,0.177603,0.012773,13.075128,12.42419,12.616504,12.411052,13.335438,12.595042,13.080126,12.929654,12.354048,12.430004,0,0,0,0,0,0
2025/06/13 10:14:00.907,n,19.45877,21.154246,0.392761,0.053771,0.126149,0.015591,13.376154,12.61069,12.689386,12.454784,13.326742,12.56417,13.060488,12.689386,12.32878,12.325018,0,0,0,0,0,0
2025/06/13 10:15:00.911,n,19.579986,20.358628,0.341294,0.007797,0.095474,0.014349,13.371284,12.591394,12.67584,12.433992,13.313142,12.508174,13.004434,12.699174,12.2701,12.342162,0,0,0,0,0,0
2025/06/13 10:16:00.913,n,19.63902,20.885656,0.400293,0.020075,0.091301,0.004294,13.262248,12.457326,12.557854,12.362532,13.275326,12.511024,12.99328,12.773426,12.253314,12.45874,0,0,0,0,0,0
2025/06/13 10:17:00.916,n,19.73907,20.001096,0.384137,0.033013,0.097919,0.005254,13.347996,12.557854,12.655436,12.420852,13.31601,12.527892,13.012886,12.670026,12.2701,12.301376,0,0,0,0,0,0
2025/06/13 10:18:00.916,n,19.824226,19.798116,0.329012,0.02234,0.110293,0.008647,13.40902,12.616112,12.715146,12.467534,13.3756,12.51656,13.001666,12.729754,12.261714,12.371356,0,0,0,0,0,0
2025/06/13 10:19:00.916,n,19.994008,20.624964,0.336671,0.01232,0.127116,0.004696,13.392148,12.593284,12.690886,12.451936,13.35578,12.667844,13.141798,12.698164,12.390438,12.333842,0,0,0,0,0,0
2025/06/13 10:20:00.919,n,20.013684,18.735456,0.329266,0.040921,0.119255,0.004971,13.415438,12.626828,12.718568,12.460728,13.393614,12.667844,13.14455,12.70984,12.390438,12.355742,0,0,0,0,0,0
2025/06/13 10:21:00.926,n,19.995666,18.661146,0.211996,0.039216,0.139777,0.007452,13.4256,12.651578,12.738936,12.49129,13.402344,12.687482,13.158638,12.757874,12.40159,12.395094,0,0,0,0,0,0
2025/06/13 10:22:00.908,n,20.05729,18.445512,0.184892,0.020405,0.157255,0.011687,13.303272,12.553846,12.654346,12.409584,13.326562,12.78676,13.243862,12.661624,12.498062,12.303152,0,0,0,0,0,0
2025/06/13 10:23:00.908,n,20.098206,18.318456,0.178975,0.00529,0.146521,0.00354,13.34249,12.558194,12.664538,12.419746,13.338158,12.778264,13.243862,12.68784,12.47846,12.311878,0,0,0,0,0,0
2025/06/13 10:24:00.913,n,20.140786,20.898216,0.167152,0.00314,0.158212,0.00446,13.345388,12.575682,12.677648,12.424126,13.358532,12.78676,13.24948,12.692222,12.475708,12.313344,0,0,0,0,0,0
2025/06/13 10:25:00.913,n,20.205696,19.446378,0.178209,0.005412,0.158549,0.005478,13.373026,12.601866,12.700932,12.45034,13.387554,12.772792,13.227102,12.705278,12.464586,12.316194,0,0,0,0,0,0
2025/06/13 10:26:00.916,n,20.271176,18.699656,0.174337,0.00716,0.179892,0.009188,13.365764,12.613572,12.706744,12.46786,13.41954,12.769908,13.229954,12.725682,12.458986,12.335212,0,0,0,0,0,0
2025/06/13 10:27:00.917,n,20.279328,19.244444,0.184785,0.012663,0.185135,0.004439,13.381708,12.632462,12.721302,12.47947,13.451496,12.778394,13.22435,12.73441,12.447718,12.348316,0,0,0,0,0,0
2025/06/13 10:28:00.919,n,20.23061,19.692154,0.177132,0.012397,0.22122,0.014887,13.374282,12.61341,12.70515,12.48082,13.465828,12.80324,13.25487,12.72117,12.469798,12.330684,0,0,0,0,0,0
2025/06/13 10:29:00.919,n,20.322262,21.723216,0.214352,0.021225,0.167293,0.059854,13.39319,12.64254,12.71676,12.512914,13.53847,12.789302,13.246384,12.73288,12.455762,12.234476,0,0,0,0,0,0
2025/06/13 10:30:00.923,n,20.437374,19.06788,0.154556,0.015316,0.316199,0.060645,13.372018,12.659328,12.746688,12.539958,13.557932,12.727262,13.167562,12.802036,12.379872,12.397146,0,0,0,0,0,0
2025/06/13 10:31:00.910,n,20.291816,18.388412,0.157488,0.009803,0.34383,0.013684,13.402538,12.660794,12.77144,12.51368,13.581208,12.696388,13.14232,12.778766,12.35185,12.391352,0,0,0,0,0,0
2025/06/13 10:32:00.910,n,20.276172,18.87797,0.214332,0.019089,0.282869,0.017105,13.372048,12.631696,12.735046,12.484564,13.584122,12.855562,13.3071,12.739458,12.513742,12.353444,0,0,0,0,0,0
2025/06/13 10:33:00.910,n,20.459328,18.123154,0.162849,0.018165,0.274696,0.010107,13.363352,12.627348,12.74672,12.488962,13.59717,12.878066,13.326822,12.765644,12.527746,12.375278,0,0,0,0,0,0
2025/06/13 10:34:00.917,n,20.408642,19.148118,0.120485,0.036975,0.260723,0.00752,13.367734,12.641872,12.727816,12.480202,13.59282,12.88922,13.323988,12.749668,12.527746,12.324318,0,0,0,0,0,0
2025/06/13 10:35:00.918,n,20.371044,18.96467,0.124399,0.003868,0.278542,0.011827,13.357588,12.643372,12.73796,12.494822,13.613132,12.88922,13.329624,12.755416,12.524898,12.34327,0,0,0,0,0,0
2025/06/13 10:36:00.917,n,20.429932,18.289346,0.112973,0.004386,0.275638,0.019038,13.359004,12.649184,12.743808,12.502052,13.64077,12.897608,13.329624,12.764178,12.524898,12.35491,0,0,0,0,0,0
2025/06/13 10:37:00.920,n,20.354054,19.511022,0.124224,0.005645,0.278729,0.022128,13.355716,12.661868,12.763754,12.514786,13.68395,12.955204,13.39003,12.79147,12.579688,12.358834,0,0,0,0,0,0
2025/06/13 10:38:00.922,n,20.278808,18.347754,0.104832,0.020876,0.298107,0.030736,13.36586,12.672046,12.76087,12.524962,13.692614,12.971994,13.398434,12.77398,12.58809,12.350076,0,0,0,0,0,0
2025/06/13 10:39:00.924,n,20.304982,19.149982,0.115695,0.013663,0.179102,0.051182,13.367328,12.69388,12.754992,12.524962,13.727456,12.966344,13.401186,12.838008,12.568356,12.404034,0,0,0,0,0,0
2025/06/13 10:40:00.913,n,20.507678,20.46619,0.089071,0.007363,0.156188,0.017537,13.377748,12.6839,12.80912,12.535366,13.75236,12.966784,13.395876,12.801824,12.57718,12.386726,0,0,0,0,0,0
2025/06/13 10:41:00.912,n,20.633606,19.139124,0.102252,0.021304,0.148094,0.055814,13.392278,12.69994,12.826576,12.552854,13.787232,12.966784,13.398646,12.835306,12.571548,12.407094,0,0,0,0,0,0
2025/06/13 10:42:00.912,n,20.782192,19.213942,0.141865,0.026071,0.130798,0.006187,13.43148,12.73778,12.845532,12.583466,13.842354,12.95545,13.393092,12.867318,12.56031,12.452312,0,0,0,0,0,0
2025/06/13 10:43:00.917,n,20.796936,16.385634,0.166326,0.055311,0.13424,0.007168,13.35161,12.660582,12.755238,12.48875,13.739314,12.977938,13.412734,12.718876,12.571548,12.366308,0,0,0,0,0,0
2025/06/13 10:44:00.916,n,20.591076,18.037946,0.103175,0.029535,0.20297,0.041761,13.450324,12.759618,12.889156,12.692658,13.98156,12.95545,13.381854,13.062262,12.532272,12.637312,0,0,0,0,0,0
2025/06/13 10:45:00.919,n,20.479836,18.649128,0.295124,0.081914,0.132754,0.023983,13.25137,12.570896,12.659636,12.407794,13.718724,13.150984,13.591452,12.66983,12.747454,12.235892,0,0,0,0,0,0
2025/06/13 10:46:00.922,n,20.528858,19.862812,0.261537,0.014162,0.156209,0.01825,13.25137,12.66983,12.760008,12.487904,13.792658,13.150984,13.599936,12.698962,12.730584,12.332068,0,0,0,0,0,0
2025/06/13 10:47:00.925,n,20.608986,18.576544,0.285338,0.011543,0.151508,0.015832,13.265896,12.588366,12.672778,12.436924,13.760764,13.153832,13.602692,12.696062,12.7363,12.253412,0,0,0,0,0,0
2025/06/13 10:48:00.928,n,20.541942,18.425604,0.202193,0.042427,0.137016,0.009348,13.366074,12.78038,12.877856,12.656754,13.891284,13.165072,13.608326,12.66405,12.750304,12.304406,0,0,0,0,0,0
2025/06/13 10:49:00.913,n,20.543556,20.283698,0.200712,0.024978,0.146448,0.008219,13.2557,12.570896,12.694582,12.428228,13.773844,13.184614,13.627838,12.704724,12.753056,12.263638,0,0,0,0,0,0
2025/06/13 10:50:00.914,n,20.669094,24.42558,0.244706,0.019966,0.155991,0.008332,13.33832,12.612562,12.74501,12.510616,13.866656,13.042752,13.48881,12.839588,12.611212,12.420332,0,0,0,0,0,0
2025/06/13 10:51:00.917,n,20.639698,18.777854,0.180279,0.007309,0.14863,0.00357,13.412374,12.753738,12.862906,12.61108,13.950756,13.053988,13.49166,12.868704,12.611212,12.417386,0,0,0,0,0,0
2025/06/13 10:52:00.917,n,20.759034,20.924302,0.275039,0.035037,0.14024,0.010294,13.454494,12.775608,12.881812,12.622724,14.004414,13.020362,13.477572,12.881812,12.580454,12.442134,0,0,0,0,0,0
2025/06/13 10:53:00.920,n,20.809914,16.616928,0.28289,0.019165,0.134358,0.008969,13.445796,12.781388,12.89054,12.631484,14.014562,13.031598,13.483174,12.893422,12.580454,12.431908,0,0,0,0,0,0
2025/06/13 10:54:00.920,n,20.551464,15.935136,0.191512,0.035786,0.146868,0.004933,13.393532,12.742096,12.857092,12.603804,13.950756,13.067994,13.511302,12.870168,12.613996,12.423214,0,0,0,0,0,0
2025/06/13 10:55:00.923,n,20.335598,17.032126,0.128144,0.018566,0.135833,0.002612,13.386234,12.743562,12.852678,12.606702,13.943524,13.087634,13.530928,12.870168,12.633536,12.423214,0,0,0,0,0,0
2025/06/13 10:56:00.929,n,20.329102,19.109762,0.114905,0.009447,0.137163,0.000911,13.381886,12.755238,12.855578,12.609648,13.934794,13.104506,13.539332,12.86434,12.633536,12.415952,0,0,0,0,0,0
2025/06/13 10:57:00.928,n,20.40923,18.771072,0.115433,0.002864,0.132083,0.002068,13.394932,12.761018,12.868704,12.616878,13.956522,13.104506,13.544934,12.883246,12.630752,12.426096,0,0,0,0,0,0
2025/06/13 10:58:00.915,n,20.45176,18.896348,0.117906,0.015277,0.13039,0.004898,13.40073,12.759618,12.899236,12.61403,13.984134,13.110026,13.559056,12.899236,12.641988,12.453774,0,0,0,0,0,0
2025/06/13 10:59:00.917,n,20.51714,22.64308,0.138291,0.02826,0.113834,0.009728,13.355716,12.680984,12.820666,12.546976,13.924628,13.11566,13.564578,12.883246,12.647636,12.447962,0,0,0,0,0,0
2025/06/13 11:00:00.916,n,20.673684,24.451598,0.245911,0.081119,0.132431,0.017386,13.326644,12.627136,12.71881,12.48585,13.792658,13.1353,13.592706,12.568812,12.664392,12.334298,0,0,0,0,0,0
2025/06/13 11:01:00.912,n,20.77544,18.448128,0.135222,0.018128,0.149692,0.006903,13.379068,12.739344,12.880526,12.593756,13.9856,13.208324,13.651652,12.884872,12.726252,12.453956,0,0,0,0,0,0
2025/06/13 11:02:00.914,n,20.790188,17.975302,0.106113,0.020355,0.149474,0.007299,13.361628,12.740842,12.896452,12.612678,13.962404,13.219578,13.671328,12.88339,12.740158,12.469976,0,0,0,0,0,0
2025/06/13 11:03:00.911,n,20.74258,19.06617,0.194746,0.038642,0.17979,0.015982,13.399378,12.774256,12.899384,12.620004,14.03779,13.213962,13.674144,12.906678,12.737406,12.449608,0,0,0,0,0,0
2025/06/13 11:04:00.916,n,21.000148,20.145534,0.2352,0.045546,0.187983,0.026737,13.44876,12.79028,12.929964,12.643306,14.066738,13.211176,13.674144,12.912474,12.72902,12.433586,0,0,0,0,0,0
2025/06/13 11:05:00.916,n,21.303322,17.54225,0.266469,0.066164,0.161022,0.016355,13.374752,12.734964,12.890686,12.624352,14.06822,13.230816,13.69102,12.937244,12.740158,12.487464,0,0,0,0,0,0
2025/06/13 11:06:00.923,n,21.347512,18.588478,0.533479,0.0636,0.197335,0.011957,13.535862,12.86447,12.986634,12.721872,14.250752,13.157808,13.648898,12.989568,12.692628,12.523888,0,0,0,0,0,0
2025/06/13 11:07:00.905,n,21.367188,19.421792,0.582216,0.026996,0.212562,0.003972,13.553308,12.887774,12.996894,12.705882,14.29713,13.152302,13.654534,12.991016,12.684144,12.510746,0,0,0,0,0,0
2025/06/13 11:08:00.907,n,21.326272,16.864936,0.612871,0.026573,0.207407,0.003289,13.551792,12.895002,12.998296,12.729166,14.320312,13.1439,13.648898,13.002658,12.689746,12.541374,0,0,0,0,0,0
2025/06/13 11:09:00.910,n,21.137794,22.018236,0.622237,0.011485,0.179296,0.008009,13.56347,12.900832,13.014288,12.701502,14.331846,13.157808,13.668526,12.993916,12.698228,12.535528,0,0,0,0,0,0
2025/06/13 11:10:00.914,n,21.149318,20.275174,0.589048,0.01523,0.162437,0.006668,13.54316,12.876144,12.995396,12.710214,14.343462,13.174696,13.68532,12.998296,12.715016,12.523888,0,0,0,0,0,0
2025/06/13 11:11:00.913,n,20.980468,20.125688,0.539266,0.025867,0.156046,0.00169,13.532964,12.858674,12.921204,12.624352,14.181224,13.216728,13.710566,12.880526,12.737406,12.414666,0,0,0,0,0,0
2025/06/13 11:12:00.949,n,20.911572,21.911334,0.50098,0.073492,0.119448,0.011883,13.511206,12.890686,12.995396,12.713112,14.304348,13.225214,13.71905,12.945956,12.745808,12.547188,0,0,0,0,0,0
2025/06/13 11:13:00.917,n,21.02964,17.138064,0.239177,0.064022,0.149926,0.015639,13.795622,13.066578,13.162564,12.982254,14.667392,13.258844,13.741448,13.13934,12.779434,12.370934,0,0,0,0,0,0
2025/06/13 11:14:00.919,n,20.944436,17.786526,0.392984,0.062125,0.178032,0.021157,13.514118,12.844098,12.97934,12.708732,14.304348,13.267248,13.747098,13.009906,12.76543,12.504918,0,0,0,0,0,0
2025/06/13 11:15:00.922,n,21.001808,16.918154,0.270364,0.035695,0.176064,0.033119,13.46907,12.828108,12.989568,12.71606,14.304348,13.314884,13.780832,13.05648,12.804578,12.566124,0,0,0,0,0,0
2025/06/13 11:16:00.908,n,21.0083,16.54756,0.234077,0.049157,0.264115,0.017158,13.451644,12.83537,12.951738,12.704448,14.30148,13.342914,13.800474,13.04627,12.824248,12.541374,0,0,0,0,0,0
2025/06/13 11:17:00.908,n,20.939502,19.904288,0.258092,0.030837,0.228756,0.016429,13.454558,12.813534,12.940126,12.6506,14.2609,13.345764,13.808864,12.961948,12.82985,12.49181,0,0,0,0,0,0
2025/06/13 11:18:00.911,n,21.08374,21.763632,0.245575,0.015117,0.242521,0.00427,13.511206,12.860154,12.969228,12.660712,14.268166,13.345764,13.808864,12.95615,12.832618,12.497706,0,0,0,0,0,0
2025/06/13 11:19:00.912,n,21.209912,17.101912,0.219039,0.007307,0.224188,0.006527,13.474934,12.826674,12.976458,12.694222,14.318848,13.37104,13.834208,12.996894,12.852338,12.510746,0,0,0,0,0,0
2025/06/13 11:20:00.914,n,21.37378,18.114266,0.232164,0.003316,0.179006,0.013111,13.49381,12.826674,12.975024,12.689876,14.336228,13.382278,13.839746,12.991016,12.852338,12.503484,0,0,0,0,0,0
2025/06/13 11:21:00.917,n,21.496582,18.956906,0.226391,0.004037,0.173791,0.00329,13.49521,12.822292,12.97934,12.692742,14.346362,13.387914,13.851086,13.00121,12.863492,12.50928,0,0,0,0,0,0
2025/06/13 11:22:00.919,n,21.501514,17.356008,0.215705,0.007315,0.192711,0.006064,13.51552,12.849944,13.00121,12.727734,14.36956,13.39907,13.859488,13.004126,12.874728,12.510746,0,0,0,0,0,0
2025/06/13 11:23:00.920,n,21.514598,17.169076,0.219242,0.009687,0.255128,0.021016,13.482164,12.845564,13.00121,12.720472,14.399942,13.415926,13.879216,13.024496,12.874728,12.518058,0,0,0,0,0,0
2025/06/13 11:24:00.924,n,21.465432,16.978956,0.182782,0.02652,0.250447,0.024677,13.506888,12.839716,12.9881,12.72482,14.368094,13.432716,13.876332,13.017202,12.891518,12.497706,0,0,0,0,0,0
2025/06/13 11:25:00.912,n,21.242726,18.096944,0.209377,0.01569,0.295786,0.020788,13.521352,12.854324,12.99248,12.704448,14.398462,13.444052,13.887604,13.014288,12.89427,12.516626,0,0,0,0,0,0
2025/06/13 11:26:00.914,n,21.295166,18.405952,0.223322,0.021888,0.270509,0.029918,13.554708,12.880526,13.017202,12.721872,14.421334,13.455194,13.904366,13.015736,12.905604,12.49181,0,0,0,0,0,0
2025/06/13 11:27:00.914,n,21.324612,20.053168,0.27763,0.026889,0.378592,0.039911,13.61862,12.928482,13.053566,12.768476,14.482526,13.427196,13.887604,13.044806,12.88313,12.545754,0,0,0,0,0,0
2025/06/13 11:28:00.915,n,21.388526,19.112032,0.256101,0.032237,0.425432,0.033541,13.612804,12.906678,13.059362,12.787366,14.511606,13.446806,13.904366,13.059362,12.89427,12.56466,0,0,0,0,0,0
2025/06/13 11:29:00.947,n,21.326272,17.56976,0.094913,0.076866,0.424046,0.037031,13.607038,12.93428,13.062262,12.780136,14.46356,13.508566,13.93802,13.068092,12.93915,12.550136,0,0,0,0,0,0
2025/06/13 11:30:00.922,n,21.322998,17.91548,0.176794,0.034729,0.37036,0.035202,13.566386,12.855774,12.999776,12.717492,14.411152,13.49723,13.940902,13.03899,12.919542,12.551552,0,0,0,0,0,0
2025/06/13 11:31:00.921,n,21.365578,22.69299,0.187471,0.038333,0.436971,0.023543,13.907282,13.098594,13.123282,12.796126,14.476676,13.44959,13.895976,13.113154,12.880364,12.523888,0,0,0,0,0,0
2025/06/13 11:32:00.922,n,21.277516,18.455126,0.317998,0.06537,0.557215,0.046558,13.714798,12.969538,13.109132,12.824038,14.583208,13.396902,13.848788,13.132386,12.822066,12.62756,0,0,0,0,0,0
2025/06/13 11:33:00.924,n,21.156322,20.20157,0.334233,0.013083,0.615023,0.014333,13.73946,12.998636,13.116394,12.841524,14.621056,13.399752,13.860124,13.162872,12.824866,12.6188,0,0,0,0,0,0
2025/06/13 11:34:00.911,n,21.26604,18.743528,0.187834,0.053435,0.659626,0.014851,13.668314,12.956428,13.075682,12.803698,14.558444,13.45591,13.902166,13.11208,12.878036,12.611552,0,0,0,0,0,0
2025/06/13 11:35:00.913,n,21.302124,16.904014,0.182405,0.062008,0.672592,0.018327,13.672694,12.9477,13.069834,12.790622,14.556994,13.481058,13.919042,13.106198,12.880884,12.611552,0,0,0,0,0,0
2025/06/13 11:36:00.914,n,21.04646,18.884198,0.217843,0.03454,0.691935,0.015324,13.755456,13.005932,13.100402,12.80513,14.597726,13.47542,13.916192,13.136766,12.875282,12.64065,0,0,0,0,0,0
2025/06/13 11:37:00.916,n,21.038308,18.445416,0.141282,0.039687,0.677139,0.015421,13.694456,12.949164,13.080062,12.792088,14.57591,13.514786,13.938686,13.128006,12.90891,12.61442,0,0,0,0,0,0
2025/06/13 11:38:00.919,n,21.16941,17.277666,0.125642,0.015045,0.656263,0.01031,13.703186,12.9419,13.08441,12.79352,14.591974,13.51754,13.961182,13.135268,12.911758,12.617334,0,0,0,0,0,0
2025/06/13 11:39:00.920,n,21.210376,16.822416,0.103545,0.022735,0.586892,0.034644,13.698804,12.944818,13.082976,12.794936,14.607974,13.542818,13.97519,13.129472,12.925666,12.604258,0,0,0,0,0,0
2025/06/13 11:40:00.922,n,21.246364,17.961462,0.107441,0.032658,0.57293,0.007084,13.724948,12.95931,13.082976,12.80075,14.635606,13.551304,13.980826,13.142564,12.922914,12.6188,0,0,0,0,0,0
2025/06/13 11:41:00.921,n,21.52478,18.085082,0.105568,0.002946,0.542536,0.009722,13.688658,12.933142,13.082976,12.797852,14.632672,13.568064,14.000554,13.129472,12.9398,12.637736,0,0,0,0,0,0
2025/06/13 11:42:00.925,n,21.647584,16.45116,0.119289,0.009707,0.458722,0.028519,13.73656,12.963722,13.081512,12.786242,14.683636,13.565212,14.003306,13.138184,12.950938,12.634854,0,0,0,0,0,0
2025/06/13 11:43:00.915,n,21.585376,16.776506,0.077775,0.006396,0.458962,0.003341,13.727846,12.985496,13.094652,12.809478,14.738934,13.587706,14.014562,13.136766,12.95931,12.62318,0,0,0,0,0,0
2025/06/13 11:44:00.911,n,21.640992,17.511426,0.080886,0.013382,0.472409,0.017306,13.73656,12.994256,13.087356,12.808078,14.791266,13.598946,14.031438,13.141148,12.95379,12.62318,0,0,0,0,0,0
2025/06/13 11:45:00.915,n,21.850368,17.721006,0.082413,0.015132,0.469359,0.006627,13.735078,12.970984,13.085892,12.802232,14.82478,13.618588,14.045446,13.145464,12.967794,12.63194,0,0,0,0,0,0
2025/06/13 11:46:00.930,n,22.035134,26.594434,0.157845,0.031279,0.510793,0.012641,13.777152,12.995722,13.109132,12.81969,14.901864,13.601712,14.039844,13.176016,12.95379,12.634854,0,0,0,0,0,0
2025/06/13 11:47:00.918,n,22.041626,14.805834,0.146539,0.029287,0.561303,0.02918,13.778618,13.008814,13.11786,12.81969,14.9673,13.62699,14.056686,13.171666,12.970578,12.649412,0,0,0,0,0,0
2025/06/13 11:48:00.919,n,21.958278,16.488848,0.126186,0.005009,0.567771,0.008022,13.79458,13.004466,13.11934,12.80075,15.002202,13.64108,14.070728,13.165838,12.978966,12.649412,0,0,0,0,0,0
2025/06/13 11:49:00.923,n,21.907592,14.58803,0.139022,0.021844,0.590549,0.018909,13.778618,12.98696,13.106198,12.80075,15.042906,13.660724,14.08767,13.170186,12.984582,12.634854,0,0,0,0,0,0
2025/06/13 11:50:00.922,n,21.745678,16.073412,0.104832,0.013545,0.61462,0.011804,13.813426,13.004466,13.11786,12.808078,15.076358,13.677566,14.096076,13.161456,12.99867,12.63632,0,0,0,0,0,0
2025/06/13 11:51:00.925,n,21.788258,16.19589,0.092429,0.010944,0.658109,0.010962,13.82504,13.02624,13.146944,12.845904,15.173702,13.685968,14.101712,13.203618,12.987368,12.668302,0,0,0,0,0,0
2025/06/13 11:52:00.912,n,21.77351,15.664952,0.103059,0.002994,0.612673,0.012266,13.832272,13.058256,13.154176,12.858982,15.252178,13.694358,14.104466,13.19344,12.990186,12.666834,0,0,0,0,0,0
2025/06/13 11:53:00.913,n,21.87981,16.005224,0.119722,0.007014,0.60593,0.006387,13.84245,13.069834,13.146944,12.854634,15.294288,13.708462,14.115802,13.190526,12.995818,12.658172,0,0,0,0,0,0
2025/06/13 11:54:00.914,n,21.781666,15.558734,0.08214,0.015251,0.619287,0.006905,13.845352,13.068386,13.168752,12.86771,15.374168,13.733728,14.132598,13.239952,13.009856,12.679976,0,0,0,0,0,0
2025/06/13 11:55:00.917,n,21.744068,18.445416,0.147538,0.017497,0.662619,0.016995,13.883042,13.081512,13.180364,12.86481,15.445332,13.728042,14.138202,13.22396,13.001454,12.682922,0,0,0,0,0,0
2025/06/13 11:56:00.920,n,22.008912,15.496648,0.14953,0.008601,0.652271,0.007484,13.878726,13.069834,13.170186,12.853136,15.481626,13.75337,14.157846,13.22686,13.01261,12.687302,0,0,0,0,0,0
2025/06/13 11:57:00.921,n,21.861794,14.139244,0.179587,0.02888,0.638528,0.008069,13.88596,13.05969,13.158556,12.828384,15.487442,13.773014,14.177492,13.176016,13.020996,12.672682,0,0,0,0,0,0
2025/06/13 11:58:00.924,n,21.739136,16.839654,0.27076,0.050345,0.637387,0.006145,14.065728,13.200736,13.24142,12.924478,15.699316,13.75337,14.160698,13.300976,13.007056,12.7178,0,0,0,0,0,0
2025/06/13 11:59:00.926,n,21.87981,13.783672,0.156002,0.05977,0.659277,0.007994,13.900472,13.091706,13.190526,12.893944,15.668808,13.815152,14.205594,13.279152,13.03785,12.733824,0,0,0,0,0,0
2025/06/13 12:00:00.930,n,21.930492,17.849608,0.346799,0.017657,0.659163,0.003956,14.086074,13.239952,13.305292,12.969538,15.857388,13.770228,14.169088,13.327132,12.99297,12.76872,0,0,0,0,0,0
2025/06/13 12:01:00.921,n,21.98933,15.556932,0.382912,0.025291,0.648347,0.007042,14.013552,13.19927,13.276286,12.970984,15.916828,13.761774,14.149442,13.306758,12.962092,12.78186,0,0,0,0,0,0
2025/06/13 12:02:00.923,n,22.038402,19.762102,0.39951,0.00859,0.628102,0.003999,14.06721,13.250082,13.327132,13.016044,16.000896,13.764626,14.155094,13.375046,12.95931,12.812392,0,0,0,0,0,0
2025/06/13 12:03:00.921,n,22.066188,15.767754,0.37807,0.048239,0.612833,0.006407,14.059944,13.23707,13.299528,12.975366,15.99366,13.812302,14.18883,13.319868,12.981814,12.792088,0,0,0,0,0,0
2025/06/13 12:04:00.925,n,21.848706,23.803092,0.449834,0.020439,0.612084,0.005645,14.049828,13.22834,13.327132,13.013164,16.095088,13.806746,14.183212,13.418646,12.95931,12.834262,0,0,0,0,0,0
2025/06/13 12:05:00.958,n,21.870044,35.715832,0.42286,0.030145,0.61723,0.010373,14.086074,13.273372,13.322784,13.018944,16.13274,13.831994,14.191584,13.402652,12.970578,12.835728,0,0,0,0,0,0
2025/06/13 12:06:00.927,n,21.623024,15.58419,0.404229,0.012116,0.574473,0.015632,14.073026,13.23562,13.300976,12.989876,16.105228,13.871282,14.228106,13.362,12.995818,12.794936,0,0,0,0,0,0
2025/06/13 12:07:00.932,n,21.249684,16.879644,0.377988,0.007169,0.578846,0.003386,14.06721,13.24142,13.29666,12.991342,16.108144,13.907804,14.245002,13.363468,13.009856,12.792088,0,0,0,0,0,0
2025/06/13 12:08:00.933,n,21.228444,19.440588,0.365418,0.010781,0.601166,0.007616,14.065728,13.23707,13.29666,12.998636,16.135642,13.93318,14.259092,13.360566,13.004222,12.790622,0,0,0,0,0,0
2025/06/13 12:09:00.932,n,21.234936,16.94121,0.273754,0.026668,0.630778,0.008048,14.030982,13.209434,13.28645,12.98696,16.116816,13.980826,14.28998,13.346008,13.03785,12.780412,0,0,0,0,0,0
2025/06/13 12:10:00.918,n,21.395484,17.696708,0.272121,0.004539,0.62867,0.004896,14.03678,13.2443,13.300976,12.994256,16.164654,13.994948,14.28998,13.357654,13.03785,12.789108,0,0,0,0,0,0
2025/06/13 12:11:00.923,n,21.614818,17.638872,0.278061,0.008398,0.626056,0.001457,14.0107,13.215198,13.302442,12.99279,16.18925,14.023048,14.298384,13.440436,13.035098,12.906986,0,0,0,0,0,0
2025/06/13 12:12:00.922,n,21.803006,24.641516,0.414305,0.065145,0.646725,0.018068,14.07594,13.24142,13.299528,13.003016,16.315232,14.006076,14.28159,13.524624,13.004222,12.962274,0,0,0,0,0,0
2025/06/13 12:13:00.926,n,21.850368,15.538096,0.196688,0.071228,0.717702,0.026181,14.093274,13.314054,13.425942,13.106198,16.347082,14.076332,14.326488,13.494136,13.043486,12.915748,0,0,0,0,0,0
2025/06/13 12:14:00.929,n,21.68518,15.635034,0.283265,0.061011,0.831106,0.034594,13.970092,13.24865,13.322784,12.985496,16.266006,14.093224,14.337728,13.263226,13.06034,12.666834,0,0,0,0,0,0
2025/06/13 12:15:00.931,n,21.665554,14.980766,0.277617,0.066918,0.815737,0.010157,14.0266,13.23707,13.306758,12.979746,16.22255,14.107218,14.334974,13.574008,13.023846,12.824038,0,0,0,0,0,0
2025/06/13 12:16:00.933,n,21.57328,14.536526,0.354641,0.066208,0.811646,0.013954,13.811552,12.929964,12.954684,12.57197,15.824124,14.465582,14.69341,13.161098,13.38446,12.694272,0,0,0,0,0,0
2025/06/13 12:17:00.918,n,21.560192,33.539406,0.323473,0.049352,0.867842,0.021573,14.065272,13.28609,13.323826,12.986666,16.252966,14.429056,14.654032,13.287522,13.334038,12.673918,0,0,0,0,0,0
2025/06/13 12:18:00.969,n,21.669812,43.067776,0.406969,0.069663,0.844546,0.022413,13.939144,13.027412,12.983752,12.63023,15.945856,14.465582,14.679382,12.977938,13.362066,12.416196,0,0,0,0,0,0
2025/06/13 12:19:00.920,n,21.797402,15.865382,0.205129,0.043945,0.875078,0.014746,13.924662,13.124764,13.178556,12.858706,16.090736,14.527458,14.7019,13.2643,13.38446,12.676784,0,0,0,0,0,0
2025/06/13 12:20:00.908,n,21.722206,16.099508,0.130009,0.022368,0.950083,0.021825,13.85936,13.092846,13.145168,12.852892,16.03426,14.575356,14.724302,13.236696,13.4041,12.646252,0,0,0,0,0,0
2025/06/13 12:21:00.909,n,21.895546,17.261702,0.20081,0.051503,OverRange,OverRange,14.023194,13.262866,13.28461,12.98087,16.147246,14.54999,14.707538,13.379068,13.370454,12.708828,0,0,0,0,0,0
2025/06/13 12:22:00.909,n,21.970742,18.515554,0.147898,0.024834,OverRange,OverRange,13.943474,13.171292,13.210574,12.896516,16.067576,14.592154,14.727154,13.259918,13.38446,12.641872,0,0,0,0,0,0
2025/06/13 12:23:00.912,n,21.890664,15.960476,0.094275,0.032707,OverRange,OverRange,13.94929,13.171292,13.210574,12.906744,16.058906,14.625894,14.744048,13.297704,13.401334,12.689892,0,0,0,0,0,0
2025/06/13 12:24:00.913,n,21.681286,19.836306,0.126272,0.020315,OverRange,OverRange,14.01453,13.229432,13.241012,12.929964,16.058906,14.620256,14.730038,13.267182,13.389998,12.649134,0,0,0,0,0,0
2025/06/13 12:25:00.915,n,21.672786,17.24166,0.107213,0.033131,OverRange,OverRange,14.074344,13.295278,13.353386,13.03956,16.196048,14.32235,14.417962,13.428874,13.081512,12.827276,0,0,0,0,0,0
2025/06/13 12:26:00.921,n,21.73001,15.48342,0.129025,0.024707,OverRange,OverRange,14.02072,13.248828,13.295278,12.990088,16.138134,14.339226,14.431958,13.443436,13.073044,12.934866,0,0,0,0,0,0
2025/06/13 12:27:00.920,n,21.749642,16.76146,0.216774,0.03069,OverRange,OverRange,14.114888,13.32003,13.362098,13.035214,16.242404,14.327986,14.429104,13.439054,13.061904,12.819998,0,0,0,0,0,0
2025/06/13 12:28:00.906,n,21.826496,16.184092,0.21828,0.02459,0.763756,0.07166,14.083044,13.30109,13.328696,13.04824,16.214872,14.35612,14.440446,13.466626,13.073044,12.853444,0,0,0,0,0,0
2025/06/13 12:29:00.907,n,21.875568,16.393614,0.244603,0.034716,0.877891,0.081969,14.110558,13.324348,13.34907,13.049738,16.222126,14.367362,14.43484,13.463712,13.061904,12.849064,0,0,0,0,0,0
2025/06/13 12:30:00.913,n,21.842854,16.430564,0.292929,0.023624,0.781075,0.063407,14.216282,13.414394,13.42744,13.106476,16.301738,14.35612,14.437592,13.439054,13.056268,12.818516,0,0,0,0,0,0
2025/06/13 12:31:00.914,n,21.870636,15.786216,0.253317,0.031661,0.773382,0.055341,14.110558,13.321466,13.334494,12.990088,16.196048,14.381372,14.431958,13.443436,13.047866,12.80544,0,0,0,0,0,0
2025/06/13 12:32:00.918,n,21.896858,16.51151,0.381744,0.040595,0.785531,0.094323,14.227928,13.412912,13.453598,13.118054,16.32635,14.344832,14.409474,13.52622,13.011388,12.891274,0,0,0,0,0,0
2025/06/13 12:33:00.922,n,22.06844,15.393338,0.367773,0.007771,0.745227,0.053228,14.207614,13.382472,13.423124,13.090452,16.284392,14.364476,14.417962,13.501464,13.02826,12.876682,0,0,0,0,0,0
2025/06/13 12:34:00.926,n,22.172982,17.543502,0.330964,0.012354,0.560127,0.116793,14.25976,13.460862,13.511628,13.205232,16.414568,14.375734,14.431958,13.637856,13.019872,12.97561,0,0,0,0,0,0
2025/06/13 12:35:00.925,n,22.31834,17.369962,0.402087,0.034126,0.402763,0.180844,14.517798,13.665464,13.701752,13.334494,16.515894,14.367362,14.420746,13.569724,13.011388,12.982858,0,0,0,0,0,0
2025/06/13 12:36:00.925,n,22.284066,15.961662,0.557722,0.06051,0.400551,0.025965,14.31189,13.468092,13.489884,13.15727,16.381314,14.364476,14.423502,13.581338,13.002984,12.937798,0,0,0,0,0,0
2025/06/13 12:37:00.910,n,22.168148,17.31547,0.540393,0.008117,0.330466,0.118511,14.309008,13.479704,13.47679,13.174696,16.333588,14.384222,14.43484,13.563894,13.005754,12.92472,0,0,0,0,0,0
2025/06/13 12:38:00.914,n,22.25467,16.323948,0.534763,0.014322,0.344675,0.175152,14.314806,13.49715,13.487002,13.180544,16.336522,14.392612,14.440446,13.571158,13.011388,12.926188,0,0,0,0,0,0
2025/06/13 12:39:00.917,n,22.13055,17.14622,0.467606,0.020435,0.450287,0.043564,14.291608,13.481172,13.484086,13.171782,16.282926,14.431958,14.460092,13.571158,13.031012,12.921806,0,0,0,0,0,0
2025/06/13 12:40:00.916,n,22.06678,17.07493,0.438238,0.02898,0.347131,0.064674,14.274226,13.462278,13.485536,13.145676,16.269886,14.44885,14.465794,13.56681,13.042264,12.913078,0,0,0,0,0,0
2025/06/13 12:41:00.951,n,22.17464,42.424312,0.52209,0.035424,0.477913,0.037457,14.379858,13.56531,13.581338,13.26767,16.365438,14.420746,14.44885,13.642238,13.019872,12.9654,0,0,0,0,0,0
2025/06/13 12:42:00.921,n,22.334652,16.502812,0.482336,0.036,0.437933,0.043314,14.320574,13.510228,13.536304,13.186372,16.288696,14.45724,14.479836,13.549382,13.045016,12.895652,0,0,0,0,0,0
2025/06/13 12:43:00.926,n,22.326496,16.679198,0.414348,0.033436,0.432742,0.025344,14.274226,13.444868,13.481172,13.120954,16.207636,14.493832,14.50232,13.581338,13.064656,12.934866,0,0,0,0,0,0
2025/06/13 12:44:00.926,n,22.311848,16.071044,0.31108,0.060332,0.505477,0.028742,14.233712,13.430356,13.481172,13.136948,16.15696,14.530422,14.519084,13.58274,13.095532,12.927604,0,0,0,0,0,0
2025/06/13 12:45:00.928,n,22.31512,18.770152,0.233083,0.081103,0.620343,0.069298,14.240896,13.437636,13.488468,13.123868,16.104772,14.558478,14.53883,13.559578,13.117924,12.894188,0,0,0,0,0,0
2025/06/13 12:46:00.914,n,22.290558,16.61791,0.197389,0.010616,0.636443,0.076132,14.24233,13.47539,13.494232,13.17328,16.103368,14.57257,14.552824,13.571158,13.123558,12.90435,0,0,0,0,0,0
2025/06/13 12:47:00.916,n,22.246468,17.042636,0.224773,0.009301,0.630483,0.007507,14.239412,13.45213,13.468092,13.142776,16.055532,14.57257,14.555676,13.575508,13.123558,12.891274,0,0,0,0,0,0
2025/06/13 12:48:00.916,n,22.070098,18.11749,0.221657,0.003844,0.786231,0.058871,14.243796,13.440518,13.470976,13.135546,16.052678,14.578208,14.555676,13.563894,13.13193,12.881096,0,0,0,0,0,0
2025/06/13 12:49:00.918,n,22.158332,17.99387,0.17008,0.015553,0.771974,0.084603,14.223514,13.439054,13.478272,13.123868,16.002006,14.6148,14.567016,13.575508,13.143168,12.892738,0,0,0,0,0,0
2025/06/13 12:50:00.921,n,22.455452,16.647142,0.157233,0.01731,0.715072,0.057431,14.213398,13.417294,13.468092,13.112192,15.972994,14.62596,14.581058,13.56531,13.159926,12.901418,0,0,0,0,0,0
2025/06/13 12:51:00.921,n,22.448956,16.788786,0.136847,0.011769,0.885062,0.038598,14.232244,13.434672,13.49135,13.123868,15.960002,14.628894,14.583812,13.575508,13.162808,12.889808,0,0,0,0,0,0
2025/06/13 12:52:00.926,n,22.496274,17.36033,0.153553,0.013591,0.79108,0.028979,14.264092,13.45796,13.51601,13.136948,15.975878,14.62319,14.58658,13.595834,13.159926,12.897054,0,0,0,0,0,0
2025/06/13 12:53:00.927,n,22.466926,17.866598,0.181146,0.013611,0.826135,0.028416,14.25976,13.450666,13.507312,13.145676,15.955618,14.63453,14.592218,13.598732,13.174044,12.911644,0,0,0,0,0,0
2025/06/13 12:54:00.929,n,22.475078,16.994254,0.160414,0.009383,0.703413,0.079059,14.262676,13.450666,13.513126,13.144208,15.94403,14.64569,14.59792,13.611794,13.174044,12.92034,0,0,0,0,0,0
2025/06/13 12:55:00.915,n,22.581134,17.566472,0.162554,0.001577,0.640796,0.023155,14.274226,13.478272,13.51601,13.161652,15.919338,14.64854,14.592218,13.607414,13.176812,12.89997,0,0,0,0,0,0
2025/06/13 12:56:00.915,n,22.700226,16.24285,0.135243,0.010472,OverRange,OverRange,14.258262,13.465194,13.513126,13.16455,15.894728,14.662634,14.609162,13.605964,13.199286,12.910178,0,0,0,0,0,0
2025/06/13 12:57:00.919,n,22.93338,15.931572,0.122798,0.007741,0.716147,0.059483,14.272824,13.488468,13.537768,13.199416,15.920788,14.668254,14.620404,13.61761,13.204938,12.907264,0,0,0,0,0,0
2025/06/13 12:58:00.920,n,22.754036,16.036826,0.128312,0.013275,0.616713,0.045247,14.294458,13.488468,13.537768,13.183456,15.88749,14.671042,14.620404,13.620492,13.210442,12.914558,0,0,0,0,0,0
2025/06/13 12:59:00.923,n,22.693684,15.78953,0.114561,0.015499,0.838592,0.055848,14.25686,13.470976,13.531972,13.16455,15.861398,14.685052,14.62319,13.626308,13.221696,12.907264,0,0,0,0,0,0
2025/06/13 13:00:00.926,n,22.750762,15.617728,0.097021,0.003945,0.872361,0.040826,14.278608,13.485536,13.552298,13.17328,15.877338,14.687922,14.63453,13.636454,13.23018,12.934866,0,0,0,0,0,0
2025/06/13 13:01:00.934,n,22.718196,16.42484,0.110047,0.00268,0.757511,0.051569,14.294458,13.492784,13.569724,13.176162,15.877338,14.668254,14.617552,13.648068,13.204938,12.949408,0,0,0,0,0,0
2025/06/13 13:02:00.932,n,22.85511,16.396616,0.101912,0.006246,0.715145,0.059029,14.29014,13.494232,13.57404,13.186372,15.8701,14.676646,14.628894,13.65385,13.221696,12.947974,0,0,0,0,0,0
2025/06/13 13:03:00.920,n,22.85672,15.64506,0.097056,0.005398,0.765379,0.055731,14.277142,13.494232,13.543584,13.190722,15.842542,14.685052,14.631662,13.645152,13.232934,12.939246,0,0,0,0,0,0
2025/06/13 13:04:00.907,n,22.895882,16.242442,0.097136,0.001396,0.823572,0.03068,14.307508,13.49855,13.57264,13.190722,15.829536,14.693542,14.642938,13.66838,13.24132,12.940712,0,0,0,0,0,0
2025/06/13 13:05:00.907,n,22.87791,19.270292,0.114039,0.008087,0.815599,0.024304,14.319124,13.505846,13.575508,13.20085,15.8281,14.699146,14.64569,13.656766,13.249724,12.934866,0,0,0,0,0,0
2025/06/13 13:06:00.909,n,22.698566,15.579856,0.107812,0.004265,0.640022,0.052751,14.350988,13.533422,13.537768,13.158736,15.781718,14.707666,14.668254,13.665464,13.263812,12.914558,0,0,0,0,0,0
2025/06/13 13:07:00.911,n,22.528938,16.455076,0.101225,0.00606,0.813012,0.038297,14.317722,13.52184,13.581338,13.213962,15.81648,14.716026,14.662634,13.672694,13.266564,12.945094,0,0,0,0,0,0
2025/06/13 13:08:00.911,n,22.463604,16.627432,0.10143,0.007406,0.76055,0.03037,14.297374,13.494232,13.556678,13.199416,15.813564,14.716026,14.671042,13.669846,13.283452,12.945094,0,0,0,0,0,0
2025/06/13 13:09:00.917,n,22.344464,16.3962,0.11367,0.007186,0.619713,0.07197,14.319124,13.536304,13.58712,13.229936,15.826634,14.707666,14.671042,13.68434,13.283452,12.942146,0,0,0,0,0,0
2025/06/13 13:10:00.917,n,22.364044,17.319224,0.123506,0.009273,0.614348,0.034852,14.32204,13.550848,13.588602,13.222672,15.8194,14.727284,14.679432,13.669846,13.294606,12.942146,0,0,0,0,0,0
2025/06/13 13:11:00.918,n,22.31834,15.692624,0.156482,0.014302,0.582502,0.049257,14.320574,13.542118,13.590034,13.23137,15.844008,14.718796,14.671042,13.698838,13.297442,12.977076,0,0,0,0,0,0
2025/06/13 13:12:00.926,n,21.931134,17.553116,0.165742,0.002275,0.505415,0.023988,14.32204,13.555198,13.600182,13.235752,15.854162,14.718796,14.671042,13.682908,13.3086,12.963934,0,0,0,0,0,0
2025/06/13 13:13:00.905,n,21.891876,17.048288,0.145211,0.006115,0.496382,0.001931,14.343706,13.530504,13.613196,13.22852,15.845458,14.732986,14.682284,13.701752,13.322702,12.968314,0,0,0,0,0,0
2025/06/13 13:14:00.907,n,21.909848,16.835836,0.150744,0.002445,0.502387,0.004718,14.34229,13.542118,13.614694,13.240066,15.839624,14.738524,14.69069,13.706134,13.33109,12.96978,0,0,0,0,0,0
2025/06/13 13:15:00.909,n,22.012826,17.790842,0.171582,0.007698,0.51223,0.00637,14.364022,13.559578,13.626308,13.247362,15.839624,14.735772,14.696392,13.698838,13.328338,12.968314,0,0,0,0,0,0
2025/06/13 13:16:00.912,n,22.279182,16.77891,0.184186,0.005085,0.493375,0.019641,14.361138,13.563894,13.626308,13.261906,15.848344,14.735772,14.685052,13.729328,13.339478,12.988654,0,0,0,0,0,0
2025/06/13 13:17:00.916,n,22.233478,17.285166,0.208789,0.01144,0.552817,0.038566,14.368372,13.563894,13.623408,13.259008,15.822284,14.730134,14.685052,13.703218,13.345178,12.987188,0,0,0,0,0,0
2025/06/13 13:18:00.917,n,22.29715,17.959074,0.231418,0.010676,0.585822,0.044185,14.365456,13.5973,13.643718,13.279348,15.864316,14.730134,14.685052,13.739492,13.347944,12.997384,0,0,0,0,0,0
2025/06/13 13:19:00.920,n,22.326496,17.190952,0.240752,0.002244,0.639481,0.015439,14.385688,13.614694,13.661146,13.28951,15.864316,14.732986,14.685052,13.73511,13.347944,12.99885,0,0,0,0,0,0
2025/06/13 13:20:00.921,n,22.43592,17.865798,0.233754,0.004952,0.555005,0.026408,14.379858,13.614694,13.662564,13.292426,15.851246,14.724432,14.682284,13.733676,13.356334,13.00761,0,0,0,0,0,0
2025/06/13 13:21:00.921,n,22.64803,16.352518,0.176496,0.044017,0.428492,0.121286,14.364022,13.594418,13.65385,13.280782,15.812162,14.755388,14.693542,13.729328,13.384362,12.99595,0,0,0,0,0,0
2025/06/13 13:22:00.907,n,22.628448,16.35552,0.087817,0.027613,0.167742,0.071728,14.362556,13.562492,13.662564,13.259008,15.755562,14.772366,14.716026,13.730794,13.406854,12.99885,0,0,0,0,0,0
2025/06/13 13:23:00.908,n,22.497882,16.312316,0.112753,0.027114,0.199547,0.093231,14.355322,13.57264,13.656766,13.269136,15.751208,14.769514,14.724432,13.740942,13.406854,13.00323,0,0,0,0,0,0
2025/06/13 13:24:00.910,n,22.419612,16.686254,0.21337,0.047781,0.485262,0.116425,14.414426,13.626308,13.698838,13.314184,15.797592,14.738524,14.693542,13.75539,13.392816,13.009026,0,0,0,0,0,0
2025/06/13 13:25:00.915,n,22.29715,16.512054,0.250619,0.036872,0.527654,0.084659,14.452304,13.65385,13.714798,13.322946,15.80483,14.738524,14.693542,13.767004,13.384362,13.017756,0,0,0,0,0,0
2025/06/13 13:26:00.914,n,22.092904,17.564468,0.206979,0.029027,0.566704,0.071271,14.39553,13.616176,13.679992,13.295278,15.754126,14.755388,14.704784,13.756872,13.415242,13.032312,0,0,0,0,0,0
2025/06/13 13:27:00.916,n,22.13211,17.99387,0.238352,0.038922,0.621884,0.121301,14.447922,13.646618,13.698838,13.305472,15.73095,14.747014,14.704784,13.733676,13.415242,13.010492,0,0,0,0,0,0
2025/06/13 13:28:00.920,n,22.284066,18.892568,0.247996,0.007861,0.619169,0.02891,14.440606,13.645152,13.703218,13.333076,15.774416,14.747014,14.707666,13.774268,13.423614,13.038096,0,0,0,0,0,0
2025/06/13 13:29:00.922,n,22.576252,17.743284,0.24329,0.014701,0.565143,0.025317,14.415908,13.648068,13.714798,13.354868,15.741072,14.749768,14.704784,13.767004,13.432098,13.032312,0,0,0,0,0,0
2025/06/13 13:30:00.927,n,22.61214,16.58292,0.242446,0.015395,0.511427,0.035935,14.44934,13.655332,13.698838,13.333076,15.759894,14.75262,14.704784,13.774268,13.440488,13.051204,0,0,0,0,0,0
2025/06/13 13:31:00.910,n,22.755696,15.433688,0.228457,0.011268,0.568844,0.021845,14.478486,13.646618,13.719116,13.341774,15.739654,14.724432,14.687922,13.795998,13.426496,13.087504,0,0,0,0,0,0
2025/06/13 13:32:00.913,n,22.726348,15.1569,0.221093,0.007052,0.593422,0.066897,14.477018,13.636454,13.713332,13.334494,15.716414,14.744162,14.704784,13.788764,13.440488,13.07008,0,0,0,0,0,0
2025/06/13 13:33:00.914,n,22.770344,17.07722,0.224039,0.013233,0.505977,0.066598,14.529414,13.68869,13.748158,13.34907,15.703424,14.741378,14.704784,13.771384,13.443336,13.067196,0,0,0,0,0,0
2025/06/13 13:34:00.916,n,22.921956,15.593956,0.243639,0.015795,0.398421,0.06528,14.488684,13.661146,13.730794,13.357766,15.73095,14.747014,14.713272,13.787298,13.465828,13.061382,0,0,0,0,0,0
2025/06/13 13:35:00.918,n,22.939922,16.378874,0.226861,0.03058,0.487933,0.069642,14.526512,13.674144,13.740942,13.366446,15.722216,14.758174,14.716026,13.791648,13.479738,13.061382,0,0,0,0,0,0
2025/06/13 13:36:00.921,n,22.900764,17.82197,0.238319,0.009244,0.299668,0.062831,14.57021,13.713332,13.759772,13.383906,15.733836,14.75262,14.716026,13.807612,13.479738,13.096266,0,0,0,0,0,0
2025/06/13 13:37:00.920,n,22.37225,15.931438,0.285102,0.009097,0.244634,0.009134,14.565826,13.706134,13.746692,13.382472,15.739654,14.744162,14.718796,13.810526,13.48262,13.10356,0,0,0,0,0,0
2025/06/13 13:38:00.923,n,22.288998,16.474126,0.281235,0.007944,0.291026,0.02496,14.58764,13.704652,13.758306,13.391202,15.73527,14.744162,14.721646,13.817774,13.488142,13.104962,0,0,0,0,0,0
2025/06/13 13:39:00.928,n,22.484894,17.80867,0.259881,0.00917,0.225313,0.014441,14.57021,13.681426,13.72788,13.357766,15.707678,14.75262,14.735772,13.810526,13.519022,13.107878,0,0,0,0,0,0
2025/06/13 13:40:00.912,n,22.563168,15.400718,0.239925,0.011203,0.240544,0.010439,14.62112,13.704652,13.7728,13.385372,15.720732,14.76676,14.749768,13.822124,13.527508,13.115172,0,0,0,0,0,0
2025/06/13 13:41:00.912,n,22.32977,16.425384,0.229244,0.00313,0.243012,0.005061,14.628372,13.707536,13.7728,13.379526,15.704826,14.763876,14.75262,13.824976,13.533144,13.113706,0,0,0,0,0,0
2025/06/13 13:42:00.913,n,22.292218,17.10706,0.239144,0.002712,0.267517,0.014515,14.641502,13.716202,13.78585,13.38682,15.69904,14.763876,14.772366,13.819224,13.538746,13.123868,0,0,0,0,0,0
2025/06/13 13:43:00.915,n,22.47342,20.174818,0.263707,0.011165,0.426495,0.105961,14.626968,13.662564,13.672694,13.299658,15.61203,14.76676,14.772366,13.822124,13.552836,13.148558,0,0,0,0,0,0
2025/06/13 13:44:00.917,n,22.772004,17.318284,0.242922,0.013042,0.321021,0.070611,14.712814,13.784382,13.832272,13.447784,15.755562,14.761024,14.772366,13.846768,13.549902,13.136948,0,0,0,0,0,0
2025/06/13 13:45:00.919,n,22.85672,14.163132,0.232117,0.010879,0.254238,0.023021,14.642968,13.710418,13.778618,13.40275,15.694674,14.77512,14.794866,13.811992,13.572394,13.118054,0,0,0,0,0,0
2025/06/13 13:46:00.922,n,22.87791,15.368266,0.216235,0.008621,0.425096,0.054987,14.67935,13.736578,13.790166,13.404216,15.667114,14.777872,14.808896,13.822124,13.578032,13.126784,0,0,0,0,0,0
2025/06/13 13:47:00.923,n,22.96429,14.846702,0.219737,0.015926,0.214658,0.092047,14.696752,13.759772,13.809076,13.410046,15.678684,14.77512,14.803258,13.84242,13.589236,13.12825,0,0,0,0,0,0
2025/06/13 13:48:00.926,n,22.983868,15.362826,0.223996,0.010816,0.216814,0.03065,14.68805,13.75249,13.7815,13.404216,15.658444,14.786378,14.825758,13.814906,13.59764,13.123868,0,0,0,0,0,0
2025/06/13 13:49:00.911,n,22.887726,14.552256,0.232568,0.009729,0.214506,0.011046,14.724432,13.756872,13.814906,13.398434,15.677268,14.786378,14.837098,13.84097,13.60603,13.15727,0,0,0,0,0,0
2025/06/13 13:50:00.915,n,22.873078,15.488976,0.215908,0.006093,0.184499,0.018691,14.731698,13.76119,13.823572,13.411512,15.658444,14.780758,14.851096,13.843884,13.617366,13.154388,0,0,0,0,0,0
2025/06/13 13:51:00.915,n,22.887726,13.985832,0.189556,0.008694,0.203654,0.007673,14.724432,13.767004,13.824976,13.408598,15.638122,14.79762,14.870842,13.851118,13.625754,13.158736,0,0,0,0,0,0
2025/06/13 13:52:00.916,n,22.74588,14.29553,0.184085,0.00259,0.238231,0.016371,14.730218,13.771384,13.819224,13.418742,15.630822,14.800504,14.884838,13.845302,13.636878,13.15727,0,0,0,0,0,0
2025/06/13 13:53:00.921,n,22.638214,15.169052,0.172149,0.008932,0.194047,0.029976,14.715732,13.767004,13.811992,13.418742,15.613446,14.803258,14.893246,13.84242,13.648248,13.16603,0,0,0,0,0,0
2025/06/13 13:54:00.921,n,22.652912,15.344858,0.13923,0.020445,0.288666,0.02221,14.730218,13.78585,13.822124,13.42021,15.590208,14.803258,14.918598,13.835154,13.665008,13.15727,0,0,0,0,0,0
2025/06/13 13:55:00.924,n,22.64642,16.542436,0.125436,0.005648,0.325204,0.013931,14.72295,13.79888,13.836588,13.431758,15.587324,14.808896,14.935578,13.845302,13.665008,13.160202,0,0,0,0,0,0
2025/06/13 13:56:00.924,n,22.85838,15.984116,0.13623,0.006137,0.36527,0.021647,14.73605,13.807612,13.839504,13.437636,15.587324,14.803258,14.949574,13.836588,13.673494,13.16455,0,0,0,0,0,0
2025/06/13 13:57:00.927,n,22.698566,15.697196,0.124041,0.003499,0.401542,0.028432,14.737514,13.816308,13.845302,13.440518,15.591676,14.806108,14.966568,13.851118,13.679096,13.179076,0,0,0,0,0,0
2025/06/13 13:58:00.914,n,22.74754,16.158646,0.108106,0.006049,0.448017,0.026053,14.753514,13.803294,13.865582,13.446348,15.57862,14.806108,14.980564,13.859816,13.679096,13.196536,0,0,0,0,0,0
2025/06/13 13:59:00.915,n,22.814388,15.913444,0.0983,0.00574,0.411322,0.060064,14.762216,13.807612,13.871396,13.447784,15.575736,14.808896,15.000312,13.865582,13.6875,13.199416,0,0,0,0,0,0
2025/06/13 14:00:00.916,n,22.848568,16.344456,0.096473,0.000765,0.366661,0.01548,14.753514,13.816308,13.878694,13.45213,15.57862,14.79762,15.017162,13.875778,13.684748,13.20958,0,0,0,0,0,0
2025/06/13 14:01:00.918,n,23.052326,15.534866,0.10277,0.003054,0.351098,0.048717,14.786916,13.845302,13.901856,13.478272,15.59311,14.769514,15.005918,13.901856,13.670644,13.234284,0,0,0,0,0,0
2025/06/13 14:02:00.920,n,23.264046,15.671708,0.111276,0.006334,0.288459,0.047442,14.784048,13.852584,13.907688,13.481172,15.594592,14.769514,15.036908,13.906206,13.670644,13.235752,0,0,0,0,0,0
2025/06/13 14:03:00.921,n,23.124004,14.967282,0.127544,0.004391,0.310179,0.008189,14.788398,13.871396,13.91347,13.494232,15.607614,14.769514,15.050906,13.907688,13.667762,13.241566,0,0,0,0,0,0
2025/06/13 14:04:00.926,n,23.094662,15.537498,0.14253,0.004918,0.320933,0.006931,14.788398,13.872878,13.90909,13.495668,15.606178,14.769514,15.067868,13.912006,13.684748,13.241566,0,0,0,0,0,0
2025/06/13 14:05:00.926,n,22.992024,15.08823,0.142481,0.002274,0.253839,0.02913,14.80298,13.887394,13.923618,13.513126,15.61635,14.769514,15.101646,13.916386,13.693136,13.242982,0,0,0,0,0,0
2025/06/13 14:06:00.926,n,22.934944,15.56422,0.131373,0.005939,0.295256,0.013674,14.786916,13.89171,13.912006,13.505846,15.59891,14.777872,15.118496,13.917788,13.698658,13.253176,0,0,0,0,0,0
2025/06/13 14:07:00.911,n,22.921956,16.100688,0.131683,0.006902,0.310371,0.010218,14.805896,13.887394,13.935232,13.49855,15.614914,14.769514,15.141112,13.932318,13.701508,13.273486,0,0,0,0,0,0
2025/06/13 14:08:00.915,n,23.029522,16.197356,0.149654,0.011966,0.315047,0.015052,14.82628,13.89171,13.949698,13.517458,15.626502,14.76676,15.1635,13.943898,13.693136,13.28513,0,0,0,0,0,0
2025/06/13 14:09:00.918,n,23.20213,16.87299,0.144376,0.005825,0.325791,0.017147,14.824798,13.925084,13.977274,13.543584,15.645358,14.758174,15.174842,13.96856,13.693136,13.302572,0,0,0,0,0,0
2025/06/13 14:10:00.918,n,23.205452,16.185598,0.148666,0.014227,0.257212,0.025634,14.843682,13.906206,13.942432,13.517458,15.61203,14.761024,15.211474,13.967128,13.698658,13.312768,0,0,0,0,0,0
2025/06/13 14:11:00.921,n,23.176106,15.481894,0.149302,0.007971,0.215393,0.04583,14.816032,13.920704,13.964212,13.537768,15.619266,14.758174,15.228324,13.96566,13.707144,13.29386,0,0,0,0,0,0
2025/06/13 14:12:00.923,n,23.146808,16.25122,0.185199,0.018446,0.152523,0.047332,14.80298,13.912006,13.945316,13.533422,15.613446,14.747014,15.248072,13.959862,13.693136,13.29819,0,0,0,0,0,0
2025/06/13 14:13:00.927,n,23.141876,15.423954,0.202432,0.014295,0.11074,0.025033,14.82628,13.933816,13.959862,13.553762,15.639524,14.744162,15.267708,14.003338,13.707144,13.333076,0,0,0,0,0,0
2025/06/13 14:14:00.926,n,23.18748,16.151114,0.254548,0.014287,0.139156,0.010515,14.872732,13.987374,13.988858,13.569724,15.641006,14.727284,15.28182,14.006254,13.684748,13.337392,0,0,0,0,0,0
2025/06/13 14:15:00.928,n,23.16473,15.834618,0.261851,0.005666,0.161247,0.005656,14.869864,13.990258,13.993174,13.590034,15.668532,14.718796,15.301554,14.016402,13.6875,13.334494,0,0,0,0,0,0
2025/06/13 14:16:00.915,n,23.154914,15.86945,0.235144,0.011845,0.159578,0.006082,14.865514,13.975824,14.010572,13.588602,15.668532,14.727284,15.330154,14.035186,13.698658,13.369378,0,0,0,0,0,0
2025/06/13 14:17:00.918,n,22.990364,16.20938,0.228462,0.004246,0.158477,0.004075,14.862598,13.972912,14.00769,13.575508,15.648258,14.730134,15.349774,14.029386,13.707144,13.357766,0,0,0,0,0,0
2025/06/13 14:18:00.917,n,23.027862,16.924698,0.200967,0.007813,0.165917,0.003481,14.868446,13.988858,14.022154,13.588602,15.651144,14.730134,15.38344,14.046798,13.707144,13.367912,0,0,0,0,0,0
2025/06/13 14:19:00.919,n,23.25423,17.220292,0.204752,0.00635,0.196036,0.012675,14.862598,13.990258,14.023602,13.5973,15.639524,14.727284,15.411568,14.045382,13.707144,13.363532,0,0,0,0,0,0
2025/06/13 14:20:00.923,n,23.44305,15.882658,0.205053,0.006676,0.206534,0.010156,14.852384,13.970044,13.99609,13.578422,15.609114,14.732986,15.439596,14.056932,13.71563,13.372294,0,0,0,0,0,0
2025/06/13 14:21:00.923,n,23.596076,15.90369,0.195166,0.015772,0.244175,0.019768,14.864064,14.001872,14.023602,13.5973,15.614914,14.735772,15.464888,14.062698,13.718382,13.360618,0,0,0,0,0,0
2025/06/13 14:22:00.925,n,23.348664,15.997618,0.190241,0.003984,0.215041,0.021303,14.862598,13.99609,14.016402,13.605964,15.61053,14.732986,15.506998,14.071428,13.721168,13.375176,0,0,0,0,0,0
2025/06/13 14:23:00.928,n,23.2868,16.228092,0.178099,0.007003,0.193516,0.012007,14.840766,13.991724,14.013486,13.604498,15.588758,14.741378,15.535142,14.081578,13.723986,13.380992,0,0,0,0,0,0
2025/06/13 14:24:00.929,n,23.319366,18.339262,0.186962,0.007548,0.213573,0.019763,14.869864,14.023602,14.030868,13.643718,15.614914,14.738524,15.549254,14.110558,13.721168,13.392604,0,0,0,0,0,0
2025/06/13 14:25:00.913,n,23.25589,16.36727,0.187755,0.011994,0.243413,0.022136,14.874214,14.025068,14.043916,13.60888,15.597462,14.735772,15.574416,14.096092,13.738092,13.410046,0,0,0,0,0,0
2025/06/13 14:26:00.916,n,23.35682,15.78801,0.18969,0.015535,0.36561,0.04885,14.830598,13.96856,14.013486,13.601584,15.590208,14.75262,15.616658,14.104774,13.740876,13.399836,0,0,0,0,0,0
2025/06/13 14:27:00.918,n,23.358478,16.86052,0.189786,0.017624,0.211301,0.016396,14.884382,14.02072,14.05553,13.63069,15.61053,14.732986,15.630608,14.11779,13.735272,13.408598,0,0,0,0,0,0
2025/06/13 14:28:00.920,n,23.285186,16.05305,0.199551,0.004342,0.193511,0.004203,14.869864,14.026486,14.043916,13.616176,15.59891,14.735772,15.661572,14.123622,13.749266,13.407132,0,0,0,0,0,0
2025/06/13 14:29:00.921,n,23.459358,15.996378,0.17872,0.006699,0.18341,0.004099,14.869864,14.016402,14.048232,13.623408,15.581522,14.744162,15.695228,14.130854,13.740876,13.405666,0,0,0,0,0,0
2025/06/13 14:30:00.926,n,23.672882,16.382018,0.161108,0.006106,0.180432,0.011427,14.85968,14.036652,14.058446,13.633572,15.58444,14.749768,15.720586,14.140986,13.749266,13.408598,0,0,0,0,0,0
2025/06/13 14:31:00.920,n,23.872852,15.480926,0.153065,0.00385,0.159813,0.015546,14.84412,14.004968,14.044062,13.603244,15.547168,14.853246,15.852386,14.129566,13.852648,13.395632,0,0,0,0,0,0
2025/06/13 14:32:00.923,n,23.82388,15.682378,0.203264,0.018085,0.174925,0.007902,14.85282,14.017982,14.045512,13.622088,15.558788,14.84764,15.877648,14.151314,13.85817,13.405844,0,0,0,0,0,0
2025/06/13 14:33:00.927,n,23.676906,15.698028,0.237041,0.010721,0.180095,0.004246,14.870288,14.03248,14.06436,13.62932,15.583462,14.839232,15.900188,14.15705,13.852648,13.402896,0,0,0,0,0,0
2025/06/13 14:34:00.912,n,23.572414,15.712976,0.226575,0.003721,0.172391,0.009072,14.85282,14.035362,14.057126,13.614824,15.582012,14.861832,15.950796,14.159998,13.877896,13.408728,0,0,0,0,0,0
2025/06/13 14:35:00.913,n,23.505372,15.64091,0.190688,0.013012,0.160574,0.005472,14.82812,14.022346,14.05571,13.61054,15.56019,14.867338,15.981794,14.161398,13.877896,13.405844,0,0,0,0,0,0
2025/06/13 14:36:00.915,n,23.565822,15.227086,0.16863,0.008998,0.135784,0.008273,14.832438,14.009316,14.051328,13.600328,15.535582,14.872992,16.009846,14.15423,13.889054,13.407244,0,0,0,0,0,0
2025/06/13 14:37:00.916,n,23.62466,16.263958,0.129952,0.011019,0.129161,0.007553,14.825204,14.012232,14.061508,13.604646,15.526864,14.878598,16.04924,14.173014,13.906028,13.411576,0,0,0,0,0,0
2025/06/13 14:38:00.922,n,23.721046,15.575702,0.11777,0.005117,0.124911,0.008137,14.807738,14.00202,14.060026,13.603244,15.49784,14.878598,16.0746,14.184628,13.903078,13.408728,0,0,0,0,0,0
2025/06/13 14:39:00.920,n,23.78799,16.1174,0.10353,0.004727,0.108446,0.014294,14.816504,14.006434,14.05571,13.611942,15.494954,14.895576,16.111126,14.206294,13.90878,13.411576,0,0,0,0,0,0
2025/06/13 14:40:00.926,n,23.71289,15.1161,0.108029,0.00482,0.100068,0.020473,14.807738,14.00785,14.07011,13.630786,15.493488,14.88699,16.13357,14.220824,13.903078,13.421772,0,0,0,0,0,0
2025/06/13 14:41:00.924,n,23.23701,14.786376,0.1221,0.010999,0.220006,0.033897,14.82082,14.026664,14.067292,13.633702,15.492038,14.88984,16.161686,14.228042,13.914416,13.42757,0,0,0,0,0,0
2025/06/13 14:42:00.925,n,23.000882,16.61626,0.143154,0.006409,0.122075,0.011553,14.82082,14.026664,14.081758,13.648214,15.489136,14.88984,16.187034,14.235274,13.928426,13.415976,0,0,0,0,0,0
2025/06/13 14:43:00.912,n,22.916114,15.389446,0.129799,0.005842,0.087882,0.011467,14.793204,14.02375,14.074524,13.622088,15.484752,14.901182,16.217954,14.232458,13.920034,13.42034,0,0,0,0,0,0
2025/06/13 14:44:00.916,n,22.800392,16.151098,0.121386,0.0033,0.079741,0.003608,14.793204,14.019464,14.077408,13.62067,15.474632,14.901182,16.248988,14.23099,13.93691,13.429036,0,0,0,0,0,0
2025/06/13 14:45:00.917,n,22.805274,17.298674,0.113075,0.002211,0.071616,0.006632,14.807738,14.0209,14.090456,13.635136,15.4688,14.901182,16.27709,14.254092,13.934028,13.42324,0,0,0,0,0,0
2025/06/13 14:46:00.918,n,22.860744,16.308606,0.125927,0.005701,0.062647,0.004559,14.807738,14.031046,14.10207,13.643832,15.4688,14.895576,16.291108,14.274422,13.925574,13.442146,0,0,0,0,0,0
2025/06/13 14:47:00.921,n,22.942188,17.614972,0.159575,0.013943,0.061045,0.00063,14.816504,14.03828,14.110752,13.649696,15.477518,14.88984,16.316406,14.291822,13.939664,13.437766,0,0,0,0,0,0
2025/06/13 14:48:00.923,n,23.14746,16.956022,0.216916,0.018111,0.060663,0.002705,14.833938,14.042596,14.113604,13.656946,15.48187,14.881482,16.324884,14.306252,13.92282,13.4464,0,0,0,0,0,0
2025/06/13 14:49:00.926,n,23.220752,16.240374,0.255476,0.009669,0.062991,0.000854,14.83832,14.051328,14.112152,13.669974,15.500756,14.870192,16.350148,14.323634,13.928426,13.463906,0,0,0,0,0,0
2025/06/13 14:50:00.927,n,23.101856,16.144666,0.275088,0.005407,0.062742,0.00107,14.857172,14.077408,14.141182,13.68737,15.50219,14.870192,16.364264,14.348234,13.920034,13.465308,0,0,0,0,0,0
2025/06/13 14:51:00.929,n,23.0041,15.853472,0.303035,0.009117,0.073325,0.002632,14.867338,14.07011,14.132436,13.6932,15.515244,14.861832,16.381152,14.362392,13.91155,13.466774,0,0,0,0,0,0
2025/06/13 14:52:00.915,n,22.94712,16.55197,0.323471,0.008604,0.073861,0.002255,14.857172,14.091906,14.15423,13.709164,15.531198,14.870192,16.409286,14.354002,13.93691,13.469688,0,0,0,0,0,0
2025/06/13 14:53:00.915,n,22.94712,16.623736,0.314326,0.004632,0.094888,0.007707,14.845588,14.07011,14.139732,13.677206,15.499272,14.884236,16.437422,14.365308,13.934028,13.465308,0,0,0,0,0,0
2025/06/13 14:54:00.916,n,22.937306,16.12453,0.303536,0.002965,0.096201,0.006197,14.836854,14.077408,14.146966,13.683022,15.499272,14.881482,16.451472,14.379858,13.945316,13.476986,0,0,0,0,0,0
2025/06/13 14:55:00.919,n,22.920998,16.539014,0.293864,0.003178,0.103825,0.003168,14.845588,14.080322,14.15423,13.690288,15.493488,14.884236,16.485214,14.387122,13.94807,13.465308,0,0,0,0,0,0
2025/06/13 14:56:00.921,n,23.155616,16.839476,0.276952,0.008622,0.09426,0.005919,14.841206,14.068708,14.145498,13.685906,15.467364,14.884236,16.499332,14.404618,13.956458,13.468222,0,0,0,0,0,0
2025/06/13 14:57:00.922,n,23.142578,16.770226,0.232113,0.013852,0.092175,0.001137,14.833938,14.068708,14.145498,13.68882,15.44121,14.892724,16.51622,14.411852,13.970564,13.460992,0,0,0,0,0,0
2025/06/13 14:58:00.926,n,23.196338,17.319182,0.215989,0.00633,0.106511,0.004315,14.842672,14.071592,14.1484,13.696102,15.429656,14.892724,16.52473,14.422098,13.964912,13.463906,0,0,0,0,0,0
2025/06/13 14:59:00.926,n,23.342872,15.74409,0.223007,0.007514,0.107975,0.005225,14.841206,14.07594,14.152782,13.703332,15.433926,14.892724,16.535976,14.439532,13.962062,13.466774,0,0,0,0,0,0
2025/06/13 15:00:00.928,n,23.386818,17.052428,0.214617,0.00392,0.112581,0.006086,14.841206,14.083224,14.155632,13.709164,15.41222,14.895576,16.555638,14.436616,13.962062,13.466774,0,0,0,0,0,0
2025/06/13 15:01:00.912,n,23.608348,15.389868,0.203207,0.002796,0.120702,0.015524,14.842672,14.104986,14.162898,13.719296,15.432508,14.872992,16.541586,14.45268,13.939664,13.479868,0,0,0,0,0,0
2025/06/13 15:02:00.914,n,23.468116,15.641876,0.182438,0.007313,0.126987,0.004878,14.826638,14.08899,14.158482,13.716394,15.40492,14.875828,16.564112,14.46286,13.953706,13.476986,0,0,0,0,0,0
2025/06/13 15:03:00.916,n,23.56416,15.853612,0.171264,0.005348,0.137465,0.004304,14.847022,14.09337,14.161398,13.71208,15.39475,14.892724,16.575392,14.473028,13.959308,13.478418,0,0,0,0,0,0
2025/06/13 15:04:00.917,n,23.556008,16.165198,0.168751,0.004918,0.125306,0.00957,14.822256,14.084672,14.159998,13.704748,15.380246,14.89833,16.600758,14.49194,13.973398,13.487098,0,0,0,0,0,0
2025/06/13 15:05:00.920,n,23.546242,14.85473,0.169586,0.002779,0.157307,0.018946,14.842672,14.084672,14.167214,13.720778,15.387548,14.895576,16.611908,14.494842,13.973398,13.482736,0,0,0,0,0,0
2025/06/13 15:06:00.923,n,23.451854,16.08654,0.175504,0.002781,0.128823,0.012799,14.830988,14.086074,14.167214,13.71208,15.381746,14.89833,16.611908,14.50074,13.973398,13.475504,0,0,0,0,0,0
2025/06/13 15:07:00.926,n,23.502148,15.25341,0.136706,0.013637,0.079872,0.018098,14.801906,14.05571,14.144082,13.68737,15.338156,14.912374,16.640142,14.487608,13.990194,13.466774,0,0,0,0,0,0
2025/06/13 15:08:00.927,n,23.390042,15.326396,0.101498,0.021258,0.074391,0.014021,14.804822,14.051328,14.15705,13.701866,15.320718,14.906736,16.648556,14.516754,14.001448,13.465308,0,0,0,0,0,0
2025/06/13 15:09:00.927,n,23.189846,16.143706,0.10405,0.01955,0.125573,0.027044,14.826638,14.078842,14.173014,13.717862,15.332336,14.906736,16.648556,14.538586,13.995812,13.482736,0,0,0,0,0,0
2025/06/13 15:10:00.916,n,23.039944,16.535876,0.10919,0.003532,0.190585,0.020489,14.813588,14.096254,14.168696,13.722178,15.335238,14.912374,16.657002,14.526904,13.992962,13.482736,0,0,0,0,0,0
2025/06/13 15:11:00.914,n,22.999218,16.22575,0.11907,0.003498,0.170025,0.012522,14.825204,14.09917,14.16578,13.72366,15.326536,14.912374,16.657002,14.54585,13.995812,13.481268,0,0,0,0,0,0
2025/06/13 15:12:00.919,n,22.924316,16.575956,0.12777,0.003846,0.158055,0.013951,14.816504,14.096254,14.18028,13.728008,15.336688,14.909588,16.671052,14.561852,14.001448,13.479868,0,0,0,0,0,0
2025/06/13 15:13:00.920,n,22.885158,17.525016,0.175513,0.021161,0.197281,0.012769,14.841206,14.113604,14.193296,13.73239,15.358442,14.895576,16.671052,14.572048,13.98459,13.492946,0,0,0,0,0,0
2025/06/13 15:14:00.921,n,22.98291,17.114072,0.212341,0.008012,0.178083,0.00819,14.849874,14.113604,14.203444,13.745372,15.371544,14.88699,16.67953,14.590982,13.990194,13.497264,0,0,0,0,0,0
2025/06/13 15:15:00.925,n,23.01553,17.091966,0.23396,0.006689,0.164751,0.004063,14.855722,14.115068,14.212112,13.752668,15.368628,14.901182,16.67953,14.604078,13.992962,13.508876,0,0,0,0,0,0
2025/06/13 15:16:00.927,n,23.077442,17.36403,0.250289,0.008004,0.203453,0.013914,14.89934,14.151314,14.255606,13.784562,15.397652,14.878598,16.66828,14.630278,13.98459,13.519022,0,0,0,0,0,0
2025/06/13 15:17:00.929,n,23.101856,17.427788,0.263619,0.01098,0.211466,0.016344,14.83832,14.107838,14.212112,13.749756,15.34689,14.878598,16.676662,14.62881,13.987344,13.498728,0,0,0,0,0,0
2025/06/13 15:18:00.928,n,23.209378,16.657722,0.288881,0.012498,0.145024,0.017198,14.873204,14.129566,14.23969,13.77443,15.378828,14.858948,16.671052,14.647712,13.978952,13.523404,0,0,0,0,0,0
2025/06/13 15:19:00.915,n,23.207714,17.230474,0.289607,0.008871,0.162046,0.011632,14.867338,14.149882,14.235274,13.793262,15.393298,14.867338,16.676662,14.652062,13.98459,13.507458,0,0,0,0,0,0
2025/06/13 15:20:00.916,n,23.24844,17.356004,0.296879,0.001862,0.152111,0.010772,14.86447,14.155632,14.244022,13.79471,15.390448,14.856096,16.671052,14.657926,13.978952,13.523404,0,0,0,0,0,0
2025/06/13 15:21:00.918,n,23.347756,17.833086,0.271244,0.010786,0.149146,0.013542,14.865938,14.15705,14.241106,13.796176,15.370094,14.870192,16.673888,14.662308,13.992962,13.52192,0,0,0,0,0,0
2025/06/13 15:22:00.919,n,23.3917,17.09721,0.242819,0.009279,0.132597,0.008702,14.857172,14.152782,14.248372,13.791794,15.368628,14.872992,16.68794,14.65936,13.995812,13.516106,0,0,0,0,0,0
2025/06/13 15:23:00.921,n,23.521728,16.895036,0.220792,0.008391,0.126326,0.019491,14.848438,14.13395,14.242574,13.765718,15.339622,14.88984,16.69081,14.669574,14.0043,13.526302,0,0,0,0,0,0
2025/06/13 15:24:00.924,n,23.552784,16.425224,0.214915,0.0068,0.121338,0.011606,14.836854,14.136848,14.23969,13.79471,15.314948,14.88699,16.702026,14.621512,14.015442,13.49003,0,0,0,0,0,0
2025/06/13 15:25:00.924,n,23.347756,17.108672,0.238929,0.013791,0.123078,0.013289,14.863022,14.149882,14.267156,13.797624,15.335238,14.872992,16.68517,14.691422,14.001448,13.539396,0,0,0,0,0,0
2025/06/13 15:26:00.928,n,23.189846,16.180248,0.186307,0.019262,0.085737,0.011456,14.847022,14.128118,14.25704,13.775832,15.301864,14.88984,16.69642,14.691422,14.015442,13.517606,0,0,0,0,0,0
2025/06/13 15:27:00.929,n,23.025296,16.774822,0.145704,0.012682,0.08125,0.009372,14.826638,14.110752,14.25119,13.784562,15.304748,14.895576,16.68794,14.71174,14.015442,13.51469,0,0,0,0,0,0
2025/06/13 15:28:00.915,n,23.12627,17.020104,0.142346,0.002546,0.090581,0.0035,14.815022,14.141182,14.249774,13.787446,15.298946,14.895576,16.693646,14.707358,14.021078,13.517606,0,0,0,0,0,0
2025/06/13 15:29:00.917,n,23.121388,17.305778,0.05713,0.037707,0.050095,0.01922,14.797554,14.13395,14.249774,13.79471,15.25539,14.903968,16.699286,14.691422,14.018292,13.50596,0,0,0,0,0,0
2025/06/13 15:30:00.920,n,23.155616,16.794292,0.092418,0.017767,0.072079,0.009511,14.81212,14.132436,14.258506,13.803408,15.277192,14.895576,16.693646,14.71174,14.021078,13.517606,0,0,0,0,0,0
2025/06/13 15:31:00.920,n,23.199562,16.483488,0.134602,0.00363,0.107577,0.007471,14.848438,14.161398,14.28312,13.796176,15.310598,14.864586,16.673888,14.697174,14.001448,13.51184,0,0,0,0,0,0
2025/06/13 15:32:00.922,n,23.121388,17.153196,0.150174,0.008573,0.100073,0.006646,14.85134,14.162898,14.293254,13.825168,15.333772,14.858948,16.662672,14.745206,14.0043,13.537916,0,0,0,0,0,0
2025/06/13 15:33:00.924,n,23.144238,17.953062,0.160551,0.008169,0.093309,0.008395,14.854256,14.158482,14.29467,13.820788,15.325068,14.867338,16.659902,14.756824,13.995812,13.548126,0,0,0,0,0,0
2025/06/13 15:34:00.926,n,23.261474,17.51071,0.161197,0.00485,0.085936,0.003683,14.857172,14.155632,14.30917,13.825168,15.329454,14.875828,16.66551,14.743738,14.007086,13.527752,0,0,0,0,0,0
2025/06/13 15:35:00.927,n,23.42749,21.36776,0.198488,0.011889,0.093641,0.003473,14.833938,14.128118,14.284586,13.813588,15.329454,14.856096,16.654164,14.769938,13.995812,13.529218,0,0,0,0,0,0
2025/06/13 15:36:00.930,n,23.445362,17.250896,0.149074,0.012608,0.077919,0.004847,14.863022,14.152782,14.314954,13.830984,15.326536,14.870192,16.659902,14.772822,14.009936,13.530634,0,0,0,0,0,0
2025/06/13 15:37:00.915,n,23.464894,17.369512,0.149299,0.0078,0.074775,0.001992,14.889174,14.204878,14.313486,13.865794,15.333772,14.870192,16.657002,14.777206,14.0043,13.510374,0,0,0,0,0,0
2025/06/13 15:38:00.917,n,23.352588,16.727446,0.11432,0.012286,0.068849,0.00411,14.841206,14.164314,14.297586,13.8353,15.29168,14.881482,16.654164,14.765556,14.018292,13.526302,0,0,0,0,0,0
2025/06/13 15:39:00.921,n,23.324952,16.972362,0.099511,0.004193,0.06682,0.001723,14.832438,14.15705,14.290354,13.832402,15.29168,14.881482,16.654164,14.77142,14.021078,13.51469,0,0,0,0,0,0
2025/06/13 15:40:00.923,n,23.383496,17.031964,0.085582,0.006544,0.06316,0.013278,14.83832,14.162898,14.312052,13.838218,15.293162,14.884236,16.642914,14.787354,14.015442,13.524838,0,0,0,0,0,0
2025/06/13 15:41:00.923,n,23.521728,17.626958,0.076119,0.003854,0.060748,0.00218,14.845588,14.15705,14.313486,13.836816,15.28733,14.88699,16.645752,14.784504,14.021078,13.532102,0,0,0,0,0,0
2025/06/13 15:42:00.927,n,23.521728,16.738416,0.072714,0.001643,0.072042,0.003494,14.836854,14.167214,14.319304,13.839682,15.280094,14.884236,16.654164,14.785938,14.02958,13.540798,0,0,0,0,0,0
2025/06/13 15:43:00.928,n,23.35913,16.931022,0.074482,0.002243,0.077294,0.004382,14.83832,14.162898,14.323634,13.842598,15.277192,14.892724,16.640142,14.80044,14.018292,13.540798,0,0,0,0,0,0
2025/06/13 15:44:00.929,n,23.352588,17.964568,0.084292,0.003309,0.082836,0.002263,14.87464,14.17593,14.34532,13.868676,15.29748,14.875828,16.623256,14.817938,14.007086,13.548126,0,0,0,0,0,0
2025/06/13 15:45:00.934,n,23.445362,17.14578,0.094942,0.00344,0.097658,0.004312,14.865938,14.168696,14.341066,13.861412,15.288778,14.870192,16.626094,14.816504,14.012688,13.555358,0,0,0,0,0,0
2025/06/13 15:46:00.919,n,23.424266,17.441734,0.115295,0.004693,0.090523,0.003429,14.858638,14.167214,14.31057,13.865794,15.278628,14.870192,16.614746,14.809204,14.012688,13.543746,0,0,0,0,0,0
2025/06/13 15:47:00.920,n,23.398194,19.4773,0.169341,0.017333,0.08124,0.003277,14.88334,14.149882,14.366744,13.936814,15.345454,14.84764,16.59512,14.86447,13.992962,13.529218,0,0,0,0,0,0
2025/06/13 15:48:00.922,n,23.272854,17.392108,0.143788,0.00907,0.078796,0.004487,14.865938,14.194778,14.330918,13.881724,15.29748,14.858948,16.600758,14.830988,14.015442,13.555358,0,0,0,0,0,0
2025/06/13 15:49:00.923,n,23.263038,17.764568,0.147577,0.007928,0.076672,0.001964,14.842672,14.181744,14.33377,13.881724,15.3164,14.864586,16.59789,14.819356,14.001448,13.536482,0,0,0,0,0,0
2025/06/13 15:50:00.924,n,23.225636,17.836668,0.114643,0.012592,0.080847,0.002904,14.85282,14.177362,14.329418,13.875908,15.293162,14.867338,16.589478,14.83832,14.012688,13.56549,0,0,0,0,0,0
2025/06/13 15:51:00.928,n,23.267972,18.656792,0.103509,0.010762,0.082036,0.002563,14.849874,14.18028,14.339568,13.88902,15.294564,14.864586,16.58374,14.848438,14.015442,13.55676,0,0,0,0,0,0
2025/06/13 15:52:00.929,n,23.381886,18.397528,0.100449,0.002945,0.071411,0.004224,14.890638,14.204878,14.355468,13.902018,15.28733,14.864586,16.572494,14.85134,14.007086,13.559676,0,0,0,0,0,0
2025/06/13 15:53:00.934,n,23.365628,17.994092,0.090108,0.00405,0.074097,0.002107,14.87464,14.193296,14.360926,13.891936,15.280094,14.870192,16.575392,14.854256,14.009936,13.568374,0,0,0,0,0,0
2025/06/13 15:54:00.933,n,23.403076,17.939568,0.088501,0.003551,0.073057,0.003895,14.892074,14.20776,14.360926,13.903486,15.284428,14.864586,16.569752,14.861554,14.0043,13.568374,0,0,0,0,0,0
2025/06/13 15:55:00.919,n,23.429104,17.800376,0.07418,0.005372,0.06743,0.005062,14.861554,14.203444,14.335252,13.903486,15.252488,14.872992,16.569752,14.85282,14.018292,13.548126,0,0,0,0,0,0
2025/06/13 15:56:00.920,n,23.342872,17.588706,0.053606,0.007119,0.05303,0.004878,14.85134,14.197676,14.339568,13.900602,15.248104,14.872992,16.558474,14.849874,14.015442,13.550978,0,0,0,0,0,0
2025/06/13 15:57:00.926,n,23.155616,17.685626,0.060558,0.003252,0.076416,0.008972,14.855722,14.20921,14.33377,13.897686,15.253922,14.867338,16.549996,14.863022,14.021078,13.552378,0,0,0,0,0,0
2025/06/13 15:58:00.922,n,22.955226,17.657176,0.067149,0.002832,0.074266,0.007531,14.857172,14.204878,14.339568,13.90492,15.248104,14.864586,16.555638,14.857172,14.023848,13.555358,0,0,0,0,0,0
2025/06/13 15:59:00.927,n,22.911282,18.527014,0.066817,0.000133,0.068601,0.002261,14.865938,14.204878,14.343918,13.907836,15.265574,14.870192,16.544356,14.867338,14.015442,13.56259,0,0,0,0,0,0
2025/06/13 16:00:00.927,n,22.968312,18.176592,0.066873,0.000303,0.073394,0.003212,14.863022,14.203444,14.356918,13.903486,15.258274,14.864586,16.535976,14.868822,14.021078,13.564056,0,0,0,0,0,0
2025/06/13 16:01:00.916,n,23.039944,17.91812,0.063129,0.001065,0.074638,0.003904,14.879022,14.23099,14.360926,13.93823,15.259706,14.842086,16.51058,14.88334,13.998682,13.569838,0,0,0,0,0,0
2025/06/13 16:02:00.917,n,23.111672,17.895196,0.064506,0.001287,0.089595,0.006791,14.879022,14.233874,14.354002,13.939696,15.252488,14.84764,16.502234,14.886256,13.995812,13.572754,0,0,0,0,0,0
2025/06/13 16:03:00.919,n,23.16211,17.7187,0.062373,0.000643,0.087851,0.00336,14.880438,14.238224,14.34677,13.923766,15.246656,14.856096,16.504972,14.873204,13.998682,13.555358,0,0,0,0,0,0
2025/06/13 16:04:00.907,n,23.25166,18.072064,0.061913,0.000417,0.093506,0.004935,14.886256,14.217908,14.35946,13.932464,15.252488,14.853246,16.504972,14.902256,14.012688,13.588716,0,0,0,0,0,0
2025/06/13 16:05:00.906,n,23.390042,16.894366,0.061479,0.000385,0.078361,0.003987,14.877588,14.212112,14.355468,13.933964,15.237954,14.858948,16.507842,14.902256,14.012688,13.572754,0,0,0,0,0,0
2025/06/13 16:06:00.911,n,23.40635,17.124334,0.06041,0.000388,0.077357,0.00212,14.876106,14.217908,14.351152,13.936814,15.232122,14.858948,16.504972,14.903722,14.012688,13.56549,0,0,0,0,0,0
2025/06/13 16:07:00.915,n,23.394924,17.06978,0.057119,0.000987,0.077452,0.002256,14.873204,14.220824,14.341066,13.948428,15.232122,14.856096,16.496562,14.912458,14.012688,13.582966,0,0,0,0,0,0
2025/06/13 16:08:00.914,n,23.424266,16.315996,0.059381,0.001195,0.079641,0.008325,14.873204,14.226642,14.349684,13.936814,15.220516,14.872992,16.496562,14.902256,14.026698,13.568374,0,0,0,0,0,0
2025/06/13 16:09:00.918,n,23.367286,16.177514,0.061203,0.001296,0.07941,0.006622,14.880438,14.23969,14.339568,13.945528,15.232122,14.864586,16.488084,14.895022,14.021078,13.566972,0,0,0,0,0,0
2025/06/13 16:10:00.917,n,23.240284,16.682838,0.060758,0.001092,0.089292,0.006971,14.87464,14.232458,14.336686,13.944044,15.22342,14.864586,16.490922,14.903722,14.021078,13.568374,0,0,0,0,0,0
2025/06/13 16:11:00.919,n,23.26958,17.282848,0.062005,0.00066,0.091753,0.002421,14.87464,14.233874,14.336686,13.944044,15.22342,14.861832,16.471228,14.900822,14.018292,13.56259,0,0,0,0,0,0
2025/06/13 16:12:00.921,n,23.294044,16.47097,0.067221,0.002093,0.105646,0.005187,14.880438,14.233874,14.34532,13.941146,15.219036,14.858948,16.474064,14.896456,14.015442,13.564056,0,0,0,0,0,0
2025/06/13 16:13:00.908,n,23.191406,16.907488,0.075591,0.003356,0.094998,0.002861,14.909554,14.226642,14.362392,13.93823,15.226336,14.853246,16.460014,14.925556,14.015442,13.584398,0,0,0,0,0,0
2025/06/13 16:14:00.910,n,23.279396,17.206396,0.083948,0.002481,0.09441,0.001266,14.906638,14.235274,14.355468,13.951278,15.227802,14.84764,16.45708,14.928424,14.021078,13.595948,0,0,0,0,0,0
2025/06/13 16:15:00.911,n,23.35913,17.649054,0.095807,0.004699,0.092617,0.001657,14.91679,14.241106,14.352586,13.94693,15.226336,14.856096,16.44867,14.924074,14.009936,13.579986,0,0,0,0,0,0
2025/06/13 16:16:00.914,n,23.44048,16.84802,0.103765,0.001548,0.096836,0.001337,14.926958,14.25119,14.352586,13.964374,15.232122,14.839232,16.440322,14.926958,14.009936,13.588716,0,0,0,0,0,0
2025/06/13 16:17:00.917,n,23.435646,16.700744,0.109215,0.001649,0.104686,0.002674,14.92264,14.255606,14.351152,13.962892,15.237954,14.844854,16.437422,14.92264,14.009936,13.5858,0,0,0,0,0,0
2025/06/13 16:18:00.917,n,23.386818,16.715788,0.12281,0.004372,0.131661,0.008441,14.934258,14.265738,14.349684,13.968724,15.239422,14.856096,16.429044,14.928424,14.007086,13.598864,0,0,0,0,0,0
2025/06/13 16:19:00.917,n,23.228908,17.024686,0.133002,0.003431,0.15759,0.010324,14.935724,14.267156,14.351152,13.973104,15.24087,14.830842,16.420568,14.937174,14.007086,13.591632,0,0,0,0,0,0
2025/06/13 16:20:00.921,n,23.232128,17.750836,0.129255,0.003704,0.185868,0.010819,14.91969,14.254092,14.33815,13.965808,15.233636,14.85046,16.429044,14.921172,14.021078,13.588716,0,0,0,0,0,0
2025/06/13 16:21:00.922,n,23.313526,18.795098,0.14311,0.004294,0.188456,0.006847,14.940074,14.274422,14.34677,13.97019,15.24087,14.842086,16.412056,14.921172,14.015442,13.584398,0,0,0,0,0,0
2025/06/13 16:22:00.909,n,23.4584,18.668706,0.146322,0.00549,0.186948,0.002903,14.95896,14.264272,14.365308,13.964374,15.235038,14.836448,16.417666,14.937174,14.007086,13.603244,0,0,0,0,0,0
2025/06/13 16:23:00.912,n,23.58545,16.679302,0.147704,0.004865,0.154271,0.013498,14.963374,14.265738,14.360926,13.958576,15.237954,14.830842,16.403678,14.93864,14.012688,13.600328,0,0,0,0,0,0
2025/06/13 16:24:00.912,n,23.598538,17.500542,0.150096,0.003816,0.121159,0.019857,14.967692,14.268622,14.358042,13.961492,15.233636,14.830842,16.39804,14.937174,14.009936,13.600328,0,0,0,0,0,0
2025/06/13 16:25:00.919,n,23.533204,17.57777,0.143345,0.005116,0.116307,0.008818,14.950224,14.268622,14.351152,13.978856,15.251006,14.839232,16.39804,14.950224,14.021078,13.62067,0,0,0,0,0,0
2025/06/13 16:26:00.916,n,23.541358,17.846366,0.126694,0.012519,0.097721,0.017225,14.945876,14.262838,14.335252,13.958576,15.2118,14.842086,16.400908,14.909554,14.023848,13.571288,0,0,0,0,0,0
2025/06/13 16:27:00.920,n,23.430764,17.606706,0.120382,0.002917,0.084623,0.003575,14.963374,14.28312,14.351152,13.98174,15.232122,14.844854,16.395268,14.925556,14.015442,13.593032,0,0,0,0,0,0
2025/06/13 16:28:00.920,n,23.349366,18.811896,0.116984,0.001856,0.080962,0.001344,14.95896,14.28312,14.34677,13.984656,15.249572,14.836448,16.38676,14.945876,14.021078,13.598864,0,0,0,0,0,0
2025/06/13 16:29:00.921,n,23.3917,17.95545,0.120547,0.002427,0.082433,0.002153,14.95896,14.27877,14.339568,13.977422,15.233636,14.844854,16.375544,14.937174,14.015442,13.594514,0,0,0,0,0,0
2025/06/13 16:30:00.924,n,23.285888,17.620434,0.085572,0.018344,0.056128,0.010247,14.926958,14.268622,14.329418,13.96001,15.2249,14.861832,16.3924,14.91679,14.035186,13.578584,0,0,0,0,0,0
2025/06/13 16:31:00.915,n,23.188182,18.46071,0.051727,0.009238,0.047429,0.004002,14.960392,14.280204,14.348234,13.968724,15.230686,14.833596,16.35579,14.953158,13.998682,13.609026,0,0,0,0,0,0
2025/06/13 16:32:00.916,n,23.082324,18.511956,0.04406,0.002776,0.042259,0.001905,14.963374,14.27877,14.348234,13.978856,15.245254,14.839232,16.358656,14.951692,14.0043,13.606128,0,0,0,0,0,0
2025/06/13 16:33:00.917,n,23.007374,18.070336,0.03957,0.001352,0.038113,0.001184,14.954576,14.277288,14.34532,13.971622,15.242338,14.842086,16.37277,14.940074,14.021078,13.600328,0,0,0,0,0,0
2025/06/13 16:34:00.918,n,22.875392,18.702054,0.035661,0.00123,0.034823,0.001032,14.947308,14.28312,14.336686,13.971622,15.236538,14.85046,16.358656,14.935724,14.018292,13.598864,0,0,0,0,0,0
2025/06/13 16:35:00.921,n,22.715576,19.023326,0.033998,0.00048,0.03351,0.000311,14.94299,14.287438,14.328018,13.975972,15.249572,14.85046,16.358656,14.928424,14.026698,13.595948,0,0,0,0,0,0
2025/06/13 16:36:00.924,n,22.545948,19.66206,0.035469,0.000526,0.033773,0.000138,14.94299,14.293254,14.33377,13.97019,15.27284,14.85046,16.358656,14.925556,14.02958,13.598864,0,0,0,0,0,0
2025/06/13 16:37:00.925,n,22.374562,20.962042,0.038989,0.001112,0.035573,0.000573,14.937174,14.28312,14.323634,13.964374,15.266976,14.856096,16.364264,14.918256,14.035186,13.582966,0,0,0,0,0,0
2025/06/13 16:38:00.927,n,22.288036,20.566198,0.040579,0.000489,0.036585,0.000319,14.934258,14.29467,14.326536,13.964374,15.284428,14.861832,16.35579,14.921172,14.032416,13.594514,0,0,0,0,0,0
2025/06/13 16:39:00.931,n,22.163968,20.661688,0.046059,0.001846,0.043504,0.002091,14.947308,14.300438,14.339568,13.965808,15.288778,14.858948,16.353016,14.928424,14.032416,13.598864,0,0,0,0,0,0
2025/06/13 16:40:00.914,n,22.096974,21.354864,0.138745,0.030775,0.071311,0.007332,14.976394,14.300438,14.34532,13.974506,15.335238,14.842086,16.347408,14.945876,14.021078,13.613408,0,0,0,0,0,0
2025/06/13 16:41:00.919,n,22.04956,21.42484,0.147145,0.001951,0.073672,0.000716,14.976394,14.296104,14.342502,13.975972,15.338156,14.844854,16.34451,14.948776,14.02958,13.604646,0,0,0,0,0,0
2025/06/13 16:42:00.921,n,22.074074,21.457968,0.167938,0.006749,0.078597,0.001712,14.974958,14.301904,14.342502,13.984656,15.349774,14.85046,16.338998,14.944392,14.032416,13.600328,0,0,0,0,0,0
2025/06/13 16:43:00.923,n,22.183544,21.846746,0.18924,0.007271,0.080726,0.000508,14.982226,14.316402,14.34532,13.99332,15.357008,14.844854,16.327654,14.944392,14.026698,13.606128,0,0,0,0,0,0
2025/06/13 16:44:00.925,n,22.219482,21.539792,0.212407,0.007577,0.083886,0.001078,14.993876,14.328018,14.342502,13.996238,15.368628,14.844854,16.33049,14.953158,14.018292,13.611942,0,0,0,0,0,0
2025/06/13 16:45:00.927,n,22.263576,20.456022,0.226833,0.004114,0.083928,0.000133,14.989492,14.33815,14.349684,13.991886,15.378828,14.839232,16.322012,14.937174,14.023848,13.60756,0,0,0,0,0,0
2025/06/13 16:46:00.928,n,22.3354,20.798438,0.228359,0.000471,0.087574,0.001209,14.983692,14.33377,14.336686,13.991886,15.375926,14.84764,16.327654,14.93134,14.035186,13.61054,0,0,0,0,0,0
2025/06/13 16:47:00.932,n,22.407276,20.926816,0.206262,0.005843,0.095013,0.002942,14.980744,14.34677,14.356918,14.003534,15.393298,14.856096,16.327654,14.940074,14.04082,13.593032,0,0,0,0,0,0
2025/06/13 16:48:00.932,n,22.54147,20.556802,0.229453,0.0032,0.097045,0.003987,14.995374,14.357162,14.361562,14.006646,15.394832,14.769972,16.232884,14.957574,13.943506,13.63691,0,0,0,0,0,0
2025/06/13 16:49:00.921,n,22.613246,20.007574,0.22455,0.007129,0.113827,0.003723,15.005576,14.355746,14.370212,14.009562,15.37746,14.769972,16.23572,14.966308,13.949144,13.631128,0,0,0,0,0,0
2025/06/13 16:50:00.921,n,22.58551,19.827438,0.216171,0.011958,0.120503,0.002676,14.990994,14.336896,14.34993,14.00233,15.365808,14.784064,16.230016,14.967758,13.954746,13.63836,0,0,0,0,0,0
2025/06/13 16:51:00.925,n,22.613246,19.508646,0.214481,0.009957,0.112269,0.005508,14.988108,14.342696,14.351396,14.000862,15.352722,14.786834,16.227276,14.953224,13.960286,13.620916,0,0,0,0,0,0
2025/06/13 16:52:00.925,n,22.650746,19.617582,0.205826,0.003275,0.112166,0.00243,14.985226,14.33978,14.357162,14.005244,15.357074,14.789716,16.230016,14.961926,13.963138,13.620916,0,0,0,0,0,0
2025/06/13 16:53:00.929,n,22.684974,19.925192,0.207908,0.001067,0.119564,0.004674,14.969224,14.34993,14.34413,13.999428,15.338252,14.795322,16.221636,14.95034,13.960286,13.61945,0,0,0,0,0,0
2025/06/13 16:54:00.929,n,22.71759,19.065114,0.202691,0.007205,0.117379,0.005354,14.967758,14.34993,14.34413,14.00233,15.341168,14.79811,16.230016,14.945988,13.968838,13.625232,0,0,0,0,0,0
2025/06/13 16:55:00.929,n,22.66212,19.555002,0.194467,0.006408,0.110269,0.00266,14.959056,14.347014,14.335464,13.996514,15.330952,14.79811,16.221636,14.941606,13.974392,13.60787,0,0,0,0,0,0
2025/06/13 16:56:00.932,n,22.644252,19.546512,0.15084,0.014807,0.108514,0.00063,14.938704,14.333982,14.325348,13.990682,15.31358,14.82061,16.238622,14.932838,13.99402,13.615102,0,0,0,0,0,0
2025/06/13 16:57:00.933,n,22.601818,19.615146,0.131139,0.007967,0.10435,0.001416,14.953224,14.347014,14.33978,13.987814,15.30048,14.82061,16.241362,14.924138,13.996872,13.59479,0,0,0,0,0,0
2025/06/13 16:58:00.921,n,22.592006,20.36328,0.095245,0.011813,0.101935,0.000811,14.935788,14.312328,14.338364,13.977666,15.267106,14.834704,16.232884,14.931438,13.999722,13.61222,0,0,0,0,0,0
2025/06/13 16:59:00.919,n,22.592006,19.924936,0.085078,0.005086,0.100723,0.001301,14.927054,14.307948,14.329696,13.969,15.259806,14.837458,16.23572,14.931438,14.010912,13.604986,0,0,0,0,0,0
2025/06/13 17:00:00.922,n,22.67521,19.79221,0.079312,0.004755,0.074975,0.007801,14.924138,14.305096,14.329696,13.979132,15.252506,14.837458,16.218866,14.937222,13.999722,13.606404,0,0,0,0,0,0
2025/06/13 17:01:00.921,n,22.680092,19.08533,0.062088,0.003067,0.067015,0.008293,14.94014,14.328294,14.33978,13.9849,15.267106,14.80932,16.201964,14.944522,13.982782,13.623832,0,0,0,0,0,0
2025/06/13 17:02:00.924,n,22.658902,19.8163,0.055765,0.004519,0.05989,0.004586,14.928522,14.32388,14.333982,13.976234,15.255422,14.83182,16.210374,14.929956,13.996872,13.615102,0,0,0,0,0,0
2025/06/13 17:03:00.927,n,22.637706,18.951944,0.049104,0.001864,0.058445,0.00319,14.924138,14.32388,14.338364,13.986398,15.251072,14.837458,16.204818,14.929956,13.988384,13.609304,0,0,0,0,0,0
2025/06/13 17:04:00.929,n,22.632778,18.7265,0.044304,0.002634,0.04505,0.001702,14.916904,14.320996,14.32388,13.976234,15.245336,14.848798,16.221636,14.91252,14.010912,13.597658,0,0,0,0,0,0
2025/06/13 17:05:00.930,n,22.521888,19.434238,0.041149,0.001031,0.043664,0.001061,14.916904,14.318082,14.32388,13.97185,15.246784,14.848798,16.207586,14.909604,14.013762,13.599172,0,0,0,0,0,0
2025/06/13 17:06:00.931,n,22.54147,19.465042,0.04073,0.000236,0.03996,0.001239,14.905222,14.32678,14.329696,13.970434,15.251072,14.857204,16.213226,14.91112,14.016518,13.591876,0,0,0,0,0,0
2025/06/13 17:07:00.918,n,22.526722,19.519988,0.040709,0.000107,0.038236,0.00073,14.925606,14.30218,14.341214,13.961702,15.249604,14.857204,16.213226,14.93432,14.019286,13.60787,0,0,0,0,0,0
2025/06/13 17:08:00.919,n,22.494106,19.836912,0.044633,0.001229,0.036687,0.00029,14.924138,14.305096,14.329696,13.964618,15.255422,14.860056,16.215982,14.927054,14.02489,13.609304,0,0,0,0,0,0
2025/06/13 17:09:00.920,n,22.53004,19.848684,0.050885,0.002051,0.036318,0.000322,14.916904,14.293482,14.329696,13.95882,15.25402,14.857204,16.207586,14.922706,14.016518,13.604986,0,0,0,0,0,0
2025/06/13 17:10:00.922,n,22.572476,19.607442,0.045298,0.001392,0.036318,0.000208,14.922706,14.29635,14.335464,13.970434,15.25402,14.865596,16.213226,14.91837,14.027856,13.591876,0,0,0,0,0,0
2025/06/13 17:11:00.928,n,22.554504,19.342686,0.042565,0.001307,0.035964,0.000156,14.925606,14.312328,14.328294,13.96317,15.259806,14.865596,16.204818,14.916904,14.03626,13.583178,0,0,0,0,0,0
2025/06/13 17:12:00.929,n,22.494106,18.997868,0.039897,0.00086,0.036098,0.000142,14.916904,14.3065,14.325348,13.973318,15.25402,14.865596,16.19911,14.908172,14.030622,13.58896,0,0,0,0,0,0
2025/06/13 17:13:00.930,n,22.552846,19.527586,0.038685,0.000343,0.035247,0.000337,14.909604,14.309414,14.32678,13.97185,15.251072,14.876936,16.19911,14.906704,14.033408,13.593374,0,0,0,0,0,0
2025/06/13 17:14:00.931,n,22.518566,19.409292,0.03774,0.000316,0.035054,0.000127,14.908172,14.318082,14.331114,13.966084,15.255422,14.879786,16.19911,14.902354,14.039012,13.578828,0,0,0,0,0,0
2025/06/13 17:15:00.934,n,22.50719,19.569662,0.037312,0.000157,0.034604,0.00014,14.897988,14.305096,14.32678,13.970434,15.255422,14.879786,16.19911,14.900904,14.041798,13.58896,0,0,0,0,0,0
2025/06/13 17:16:00.921,n,22.503918,19.607572,0.038437,0.000362,0.034968,0.000252,14.91547,14.30218,14.333982,13.95447,15.248188,14.885344,16.19911,14.908172,14.044616,13.58756,0,0,0,0,0,0
2025/06/13 17:17:00.921,n,22.47752,18.986054,0.0376,0.000489,0.03567,0.000226,14.946786,14.314626,14.360958,13.987228,15.273722,14.87402,16.179552,14.933702,14.033376,13.617332,0,0,0,0,0,0
2025/06/13 17:18:00.924,n,22.350228,19.399006,0.039551,0.000723,0.03583,0.000106,14.94097,14.32186,14.36671,13.987228,15.267936,14.87402,16.179552,14.92202,14.039012,13.615932,0,0,0,0,0,0
2025/06/13 17:19:00.926,n,22.29139,19.746516,0.04077,0.000463,0.037665,0.000547,14.932236,14.318976,14.355126,13.991546,15.270804,14.876872,16.173816,14.917704,14.044616,13.61155,0,0,0,0,0,0
2025/06/13 17:20:00.930,n,22.31263,20.085662,0.039706,0.000877,0.039256,0.000682,14.93662,14.32911,14.353724,13.992994,15.270804,14.879672,16.165422,14.919168,14.03613,13.610102,0,0,0,0,0,0
2025/06/13 17:21:00.935,n,22.275082,20.390634,0.041649,0.000651,0.042142,0.001886,14.923504,14.32911,14.345058,13.99008,15.256318,14.88536,16.173816,14.907502,14.05022,13.60572,0,0,0,0,0,0
2025/06/13 17:22:00.930,n,22.306134,19.459228,0.04326,0.000523,0.042216,0.000418,14.933702,14.334908,14.353724,13.994396,15.25917,14.876872,16.168176,14.923504,14.041766,13.602838,0,0,0,0,0,0
2025/06/13 17:23:00.934,n,22.288166,19.317144,0.043126,0.000357,0.041425,0.000376,14.92932,14.346494,14.352276,13.99881,15.264988,14.882524,16.162568,14.911886,14.039012,13.60572,0,0,0,0,0,0
2025/06/13 17:24:00.937,n,22.266926,20.352094,0.042595,0.000481,0.040701,0.000311,14.919168,14.340676,14.349376,13.995894,15.262072,14.88821,16.170962,14.913352,14.05022,13.602838,0,0,0,0,0,0
2025/06/13 17:25:00.922,n,22.296322,20.492148,0.04324,0.000285,0.040008,0.000252,14.935138,14.327676,14.368192,13.991546,15.25772,14.88821,16.159814,14.919168,14.03613,13.620248,0,0,0,0,0,0
2025/06/13 17:26:00.925,n,22.37796,20.246144,0.04374,0.001199,0.038968,0.000275,14.932236,14.32911,14.355126,13.982912,15.241752,14.88536,16.162568,14.920586,14.044616,13.608636,0,0,0,0,0,0
2025/06/13 17:27:00.926,n,22.407306,19.993836,0.041308,0.000808,0.037761,0.000169,14.919168,14.32476,14.355126,13.987228,15.234484,14.88821,16.159814,14.923504,14.055872,13.610102,0,0,0,0,0,0
2025/06/13 17:28:00.928,n,22.420392,19.924422,0.040636,0.000729,0.037494,0.000227,14.911886,14.323294,14.345058,13.991546,15.228698,14.88821,16.15696,14.910402,14.053102,13.604318,0,0,0,0,0,0
2025/06/13 17:29:00.917,n,22.420392,20.671518,0.039211,0.000448,0.037168,0.000158,14.917704,14.31171,14.36671,13.98143,15.238868,14.893766,16.14855,14.911886,14.058624,13.620248,0,0,0,0,0,0
2025/06/13 17:30:00.915,n,22.459552,20.002486,0.036975,0.000963,0.036986,0.000295,14.911886,14.320378,14.36381,13.984312,15.240284,14.891014,16.14855,14.90897,14.05022,13.629012,0,0,0,0,0,0
2025/06/13 17:31:00.921,n,22.51014,20.339406,0.035842,0.000219,0.036472,5.881495e-05,14.923504,14.327676,14.371092,13.997344,15.233048,14.871266,16.123172,14.92932,14.033376,13.623164,0,0,0,0,0,0
2025/06/13 17:32:00.927,n,22.53304,20.58496,0.035635,8.68058e-05,0.035927,0.000293,14.92202,14.336344,14.362392,13.995894,15.224346,14.879672,16.126058,14.927854,14.033376,13.627544,0,0,0,0,0,0
2025/06/13 17:33:00.923,n,22.513408,19.49936,0.034853,0.000321,0.035889,0.000512,14.910402,14.331992,14.353724,13.98143,15.211246,14.896618,16.134452,14.911886,14.05022,13.623164,0,0,0,0,0,0
2025/06/13 17:34:00.911,n,22.472638,19.419722,0.033935,0.000311,0.03485,0.000462,14.90317,14.323294,14.365276,13.987228,15.21413,14.891014,16.134452,14.907502,14.05022,13.620248,0,0,0,0,0,0
2025/06/13 17:35:00.911,n,22.3763,19.235932,0.032976,0.000306,0.035161,0.000673,14.891502,14.32186,14.352276,13.96835,15.206896,14.896618,16.128812,14.906086,14.055872,13.62463,0,0,0,0,0,0
2025/06/13 17:36:00.914,n,22.284894,18.865772,0.032477,0.000245,0.034882,0.000663,14.890084,14.318976,14.36381,13.977082,15.20111,14.899406,16.13727,14.898786,14.061508,13.615932,0,0,0,0,0,0
2025/06/13 17:37:01.083,n,22.244026,19.017114,0.032311,5.819474e-05,0.033939,0.000357,14.887168,14.334908,14.356576,13.987228,15.190958,14.902256,16.126058,14.90167,14.058624,13.613016,0,0,0,0,0,0
2025/06/13 17:38:00.916,n,22.219562,19.326954,0.033261,0.000261,0.034379,0.000267,14.895884,14.31171,14.352276,13.977082,15.188044,14.90501,16.120418,14.89732,14.072634,13.61155,0,0,0,0,0,0
2025/06/13 17:39:00.920,n,22.199932,19.616046,0.03623,0.001431,0.034984,0.000319,14.895884,14.317494,14.347958,13.984312,15.185076,14.899406,16.120418,14.90897,14.067016,13.617332,0,0,0,0,0,0
2025/06/13 17:40:00.921,n,22.144416,19.001002,0.045354,0.003034,0.034775,0.000397,14.892938,14.317494,14.349376,13.98143,15.180758,14.90501,16.123172,14.891502,14.069866,13.608636,0,0,0,0,0,0
2025/06/13 17:41:00.924,n,22.100276,19.168488,0.044271,0.001002,0.037205,0.000852,14.892938,14.320378,14.347958,13.984312,15.17204,14.90501,16.126058,14.90317,14.064262,13.610102,0,0,0,0,0,0
2025/06/13 17:42:00.924,n,22.090462,19.287556,0.042667,0.000644,0.038941,0.001152,14.885736,14.32476,14.343576,13.979996,15.158988,14.90501,16.128812,14.894404,14.078352,13.615932,0,0,0,0,0,0
2025/06/13 17:43:00.912,n,22.098664,19.172254,0.042651,0.000339,0.035129,0.001037,14.874052,14.32911,14.343576,13.979996,15.173492,14.907862,16.117648,14.890084,14.08112,13.607186,0,0,0,0,0,0
2025/06/13 17:44:00.913,n,22.039776,19.587794,0.04326,0.002284,0.0356,0.000433,14.871184,14.320378,14.334908,13.969798,15.167658,14.9135,16.123172,14.878468,14.078352,13.608636,0,0,0,0,0,0
2025/06/13 17:45:00.918,n,22.05125,20.108342,0.044658,0.002514,0.034786,0.000419,14.865318,14.317494,14.343576,13.971264,15.163274,14.907862,16.109154,14.888652,14.08112,13.61445,0,0,0,0,0,0
2025/06/13 17:46:00.918,n,22.057842,20.638736,0.051475,0.005042,0.034389,0.000362,14.879886,14.318976,14.336344,13.97418,15.161872,14.910632,16.109154,14.894404,14.086758,13.620248,0,0,0,0,0,0
2025/06/13 17:47:00.919,n,22.07249,20.144866,0.047483,0.002655,0.032334,0.000671,14.871184,14.320378,14.343576,13.975614,15.147306,14.907862,16.112008,14.891502,14.083988,13.613016,0,0,0,0,0,0
2025/06/13 17:48:00.921,n,22.08392,20.696578,0.043116,0.003466,0.031607,0.000301,14.8668,14.310294,14.32621,13.97418,15.137136,14.910632,16.109154,14.879886,14.097998,13.610102,0,0,0,0,0,0
2025/06/13 17:49:00.924,n,22.038216,21.09884,0.03871,0.001703,0.029974,0.000437,14.862418,14.305944,14.32621,13.966884,15.128468,14.916268,16.109154,14.890084,14.092394,13.617332,0,0,0,0,0,0
2025/06/13 17:50:00.927,n,22.008724,21.104948,0.034158,0.001204,0.029899,7.753234e-05,14.862418,14.305944,14.320378,13.977082,15.1139,14.91912,16.103546,14.884268,14.095146,13.608636,0,0,0,0,0,0
2025/06/13 17:51:00.928,n,22.002228,21.404936,0.032674,0.000466,0.032635,0.000901,14.847886,14.305944,14.314626,13.972698,15.097964,14.91912,16.106302,14.884268,14.092394,13.60572,0,0,0,0,0,0
2025/06/13 17:52:00.916,n,21.953206,21.038092,0.032633,0.000347,0.035841,0.00105,14.843502,14.32621,14.317494,13.96835,15.115366,14.921988,16.112008,14.871184,14.100752,13.61155,0,0,0,0,0,0
2025/06/13 17:53:00.916,n,22.029248,20.90853,0.034651,0.000635,0.036997,0.000597,14.861244,14.332368,14.333836,13.97739,15.125732,14.840096,16.018776,14.885946,14.024792,13.62499,0,0,0,0,0,0
2025/06/13 17:54:00.917,n,22.01128,20.647924,0.033116,0.001132,0.038029,0.000973,14.856864,14.329452,14.333836,13.98612,15.119946,14.834572,16.018776,14.890298,14.027578,13.623554,0,0,0,0,0,0
2025/06/13 17:55:00.919,n,22.008008,21.29315,0.032857,0.000834,0.037307,0.000849,14.85248,14.319304,14.326536,13.975972,15.114146,14.848618,16.021564,14.875746,14.033198,13.620704,0,0,0,0,0,0
2025/06/13 17:56:00.922,n,22.016162,20.671118,0.031397,0.000481,0.035681,0.00089,14.846662,14.316452,14.329452,13.974506,15.105412,14.845734,16.013154,14.885946,14.050074,13.619238,0,0,0,0,0,0
2025/06/13 17:57:00.924,n,22.004788,20.653476,0.030279,0.000448,0.034851,0.000477,14.856864,14.322218,14.325134,13.98612,15.095228,14.845734,16.015924,14.887428,14.033198,13.620704,0,0,0,0,0,0
2025/06/13 17:58:00.924,n,21.981884,21.55428,0.028853,0.000378,0.03021,0.0014,14.84518,14.317868,14.323634,13.97739,15.085092,14.848618,16.013154,14.88448,14.03595,13.620704,0,0,0,0,0,0
2025/06/13 17:59:00.926,n,21.963818,20.785404,0.02837,0.000208,0.028386,0.000686,14.840862,14.317868,14.319304,13.975972,15.07926,14.848618,16.018776,14.888864,14.038704,13.617788,0,0,0,0,0,0
2025/06/13 18:00:00.930,n,21.941018,20.706378,0.027295,0.000373,0.028811,0.00028,14.833564,14.316452,14.309236,13.97889,15.072006,14.854224,16.021564,14.88448,14.041554,13.613408,0,0,0,0,0,0
2025/06/13 18:01:00.915,n,21.914844,20.57074,0.026811,0.000161,0.030082,0.000334,14.83793,14.329452,14.319304,13.987588,15.093826,14.820398,15.98225,14.885946,14.02194,13.620704,0,0,0,0,0,0
2025/06/13 18:02:00.915,n,21.929542,20.623194,0.026421,0.000158,0.031464,0.000402,14.832162,14.33815,14.320784,13.980306,15.086494,14.826084,15.990662,14.875746,14.033198,13.627904,0,0,0,0,0,0
2025/06/13 18:03:00.917,n,21.931152,21.480962,0.025906,0.000183,0.03103,0.0002,14.797246,14.277354,14.278802,13.933946,15.03277,14.820398,15.979366,14.83793,14.016304,13.585866,0,0,0,0,0,0
2025/06/13 18:04:00.919,n,21.909912,21.028092,0.025495,0.0001,0.030119,0.000429,14.78848,14.278802,14.275888,13.93976,15.025536,14.826084,15.985022,14.829246,14.024792,13.587282,0,0,0,0,0,0
2025/06/13 18:05:00.923,n,21.92461,20.903784,0.025282,0.000124,0.028827,0.000516,14.778346,14.271538,14.265804,13.932496,15.008036,14.828968,15.987776,14.832162,14.047288,13.582966,0,0,0,0,0,0
2025/06/13 18:06:00.923,n,21.88213,21.01297,0.025037,6.206681e-05,0.027092,0.000529,14.819046,14.30487,14.300488,13.967306,15.044388,14.84298,15.996366,14.861244,14.047288,13.623554,0,0,0,0,0,0
2025/06/13 18:07:00.926,n,21.90503,21.599782,0.024865,4.600698e-05,0.026006,0.000315,14.814662,14.297586,14.284522,13.970158,15.034238,14.851372,15.99912,14.865562,14.064082,13.623554,0,0,0,0,0,0
2025/06/13 18:08:00.927,n,21.898438,22.491292,0.024677,5.205096e-05,0.024849,0.000615,14.811778,14.307786,14.291854,13.975972,15.037088,14.851372,15.99912,14.86848,14.058446,13.622138,0,0,0,0,0,0
2025/06/13 18:09:00.930,n,21.83633,22.41464,0.024411,8.408082e-05,0.023523,0.000355,14.803044,14.300488,14.277354,13.96299,15.018236,14.859844,16.001876,14.862662,14.066836,13.60471,0,0,0,0,0,0
2025/06/13 18:10:00.914,n,21.824902,22.107392,0.02425,4.507745e-05,0.023093,6.206681e-05,14.78558,14.309236,14.284522,13.952776,15.024036,14.854224,15.99912,14.853948,14.066836,13.60616,0,0,0,0,0,0
2025/06/13 18:11:00.916,n,21.806934,21.63621,0.024667,0.000123,0.023895,0.000281,14.781214,14.307786,14.277354,13.957192,15.025536,14.859844,16.007514,14.851046,14.078172,13.609058,0,0,0,0,0,0
2025/06/13 18:12:00.921,n,21.823242,22.083496,0.024161,7.995161e-05,0.023733,0.000206,14.78848,14.300488,14.280204,13.951342,15.02112,14.859844,15.99912,14.849564,14.075322,13.611942,0,0,0,0,0,0
2025/06/13 18:13:00.922,n,21.79385,21.09697,0.023671,0.000172,0.023453,0.000276,14.787046,14.293254,14.274438,13.951342,15.01677,14.854224,15.996366,14.849564,14.078172,13.611942,0,0,0,0,0,0
2025/06/13 18:14:00.928,n,21.761086,21.152734,0.023463,9.473418e-05,0.022389,0.000328,14.778346,14.291854,14.26722,13.941178,14.996418,14.862712,15.996366,14.85248,14.078172,13.61054,0,0,0,0,0,0
2025/06/13 18:15:00.927,n,21.738186,21.758414,0.02413,0.000201,0.022448,0.000104,14.775428,14.288938,14.257072,13.944078,14.986236,14.856994,15.99912,14.843746,14.089414,13.60616,0,0,0,0,0,0
2025/06/13 18:16:00.928,n,21.695656,21.105942,0.023995,0.000131,0.021728,0.000195,14.778346,14.288938,14.26722,13.94846,14.995002,14.859844,15.99912,14.84813,14.086562,13.60471,0,0,0,0,0,0
2025/06/13 18:17:00.929,n,21.631836,21.981734,0.022904,0.000301,0.021389,0.000146,14.766664,14.28312,14.255606,13.944078,14.976098,14.862712,15.996366,14.840862,14.086562,13.598928,0,0,0,0,0,0
2025/06/13 18:18:00.931,n,21.702556,21.654974,0.022603,0.000198,0.0214,9.178364e-05,14.818004,14.33442,14.302572,13.998256,15.027376,14.841628,15.9668,14.899406,14.062634,13.657386,0,0,0,0,0,0
2025/06/13 18:19:00.917,n,21.6633,22.134222,0.022239,9.931542e-05,0.021067,0.000148,14.804886,14.346036,14.299672,13.988108,15.03466,14.838778,15.97244,14.879086,14.076674,13.65447,0,0,0,0,0,0
2025/06/13 18:20:00.919,n,21.628926,22.860692,0.021927,9.845924e-05,0.020883,0.000142,14.806386,14.340204,14.304054,13.98521,15.023026,14.838778,15.958406,14.887788,14.071038,13.661734,0,0,0,0,0,0
2025/06/13 18:21:00.920,n,21.625652,22.445432,0.021589,0.000127,0.020722,0.000126,14.804886,14.33297,14.295322,13.98521,15.01866,14.841628,15.964044,14.880552,14.076674,13.655936,0,0,0,0,0,0
2025/06/13 18:22:00.922,n,21.589668,22.196664,0.021505,9.132126e-05,0.020253,0.000144,14.80197,14.338738,14.296758,13.98521,15.01576,14.833076,15.955554,14.880552,14.07392,13.661734,0,0,0,0,0,0
2025/06/13 18:23:00.926,n,21.591328,22.433644,0.021234,0.000121,0.020027,7.418403e-05,14.80347,14.328622,14.289524,13.973658,15.004142,14.844416,15.969652,14.882002,14.087914,13.657386,0,0,0,0,0,0
2025/06/13 18:24:00.927,n,21.511054,22.889882,0.020974,8.074192e-05,0.019801,7.037714e-05,14.80197,14.32572,14.289524,13.976526,14.998308,14.841628,15.961194,14.882002,14.087914,13.660268,0,0,0,0,0,0
2025/06/13 18:25:00.929,n,21.530732,22.155136,0.020703,7.332306e-05,0.019639,3.903822e-05,14.79617,14.321356,14.277876,13.972178,14.98814,14.844416,15.9668,14.877588,14.08516,13.653034,0,0,0,0,0,0
2025/06/13 18:26:00.930,n,21.486492,22.229102,0.020469,6.823938e-05,0.019472,5.039812e-05,14.788886,14.321356,14.277876,13.980876,14.986692,14.838778,15.958406,14.87617,14.082278,13.645804,0,0,0,0,0,0
2025/06/13 18:27:00.933,n,21.442302,22.172734,0.020287,7.780486e-05,0.019127,6.635221e-05,14.77877,14.321356,14.26639,13.97506,14.976524,14.847266,15.964044,14.873256,14.082278,13.651586,0,0,0,0,0,0
2025/06/13 18:28:00.918,n,21.452168,22.423548,0.019948,8.897326e-05,0.018879,8.729212e-05,14.77142,14.32572,14.263474,13.95763,14.97214,14.847266,15.958406,14.854386,14.09632,13.63709,0,0,0,0,0,0
2025/06/13 18:29:00.921,n,21.424336,22.300786,0.019818,7.615511e-05,0.018647,0.00015,14.767088,14.311286,14.257658,13.951832,14.97069,14.852886,15.961194,14.86017,14.093518,13.644322,0,0,0,0,0,0
2025/06/13 18:30:00.921,n,21.357148,22.611838,0.01963,4.460542e-05,0.018442,6.274515e-05,14.762704,14.312688,14.259092,13.956214,14.97069,14.844416,15.952702,14.85147,14.090668,13.644322,0,0,0,0,0,0
2025/06/13 18:31:00.930,n,21.394794,22.002928,0.019745,3.051758e-05,0.018334,9.753356e-05,14.781588,14.322804,14.272124,13.986642,14.96779,14.82193,15.93029,14.879086,14.07392,13.660268,0,0,0,0,0,0
2025/06/13 18:32:00.912,n,21.38332,22.655974,0.020422,0.000204,0.018075,7.18652e-05,14.752538,14.33297,14.253326,13.979442,14.959088,14.833076,15.938652,14.86017,14.076674,13.63419,0,0,0,0,0,0
2025/06/13 18:33:00.914,n,21.36042,22.649466,0.022099,0.000536,0.017881,5.837632e-05,14.74959,14.321356,14.246042,13.967828,14.959088,14.833076,15.938652,14.84997,14.09632,13.63709,0,0,0,0,0,0
2025/06/13 18:34:00.914,n,21.365304,23.06159,0.023139,0.000341,0.017724,8.717078e-05,14.748186,14.319954,14.254742,13.962044,14.950322,14.844416,15.935898,14.84562,14.09917,13.629808,0,0,0,0,0,0
2025/06/13 18:35:00.916,n,21.34074,23.06363,0.022468,0.000279,0.017643,5.57805e-05,14.746706,14.319954,14.23881,13.954746,14.940172,14.841628,15.941538,14.84997,14.104808,13.641422,0,0,0,0,0,0
2025/06/13 18:36:00.920,n,21.309638,22.761464,0.021349,0.00041,0.017308,4.781186e-05,14.743804,14.305456,14.234492,13.948916,14.943056,14.838778,15.941538,14.839788,14.104808,13.640006,0,0,0,0,0,0
2025/06/13 18:37:00.906,n,21.303048,23.270776,0.020052,0.000394,0.017168,4.291246e-05,14.732122,14.311286,14.22146,13.967828,14.921222,14.841628,15.944292,14.847086,14.093518,13.623978,0,0,0,0,0,0
2025/06/13 18:38:00.906,n,21.258858,23.519536,0.018545,0.000453,0.016962,4.623645e-05,14.724888,14.304054,14.227228,13.966362,14.915404,14.850036,15.941538,14.83832,14.104808,13.61823,0,0,0,0,0,0
2025/06/13 18:39:00.909,n,21.227704,23.569966,0.017866,0.000262,0.016725,6.457388e-05,14.720506,14.311286,14.219996,13.959096,14.908172,14.850036,15.938652,14.836886,14.11041,13.621112,0,0,0,0,0,0
2025/06/13 18:40:00.914,n,21.194942,23.39304,0.017657,6.587197e-05,0.016535,4.80327e-05,14.717622,14.299672,14.209846,13.94025,14.902372,14.852886,15.941538,14.819404,14.127288,13.616748,0,0,0,0,0,0
2025/06/13 18:41:00.912,n,21.221904,23.20376,0.017491,0.000103,0.016433,6.946902e-05,14.719252,14.314496,14.224686,13.949354,14.91415,14.731112,15.819546,14.842852,13.997376,13.634614,0,0,0,0,0,0
2025/06/13 18:42:00.915,n,21.20716,23.433364,0.017114,9.495734e-05,0.016298,4.241634e-05,14.720684,14.311564,14.22612,13.952238,14.911234,14.725506,15.811152,14.8298,13.991724,13.63318,0,0,0,0,0,0
2025/06/13 18:43:00.916,n,21.192414,23.286692,0.016837,8.281256e-05,0.01613,5.482365e-05,14.719252,14.307264,14.224686,13.952238,14.9127,14.728358,15.805512,14.83415,14.00298,13.644794,0,0,0,0,0,0
2025/06/13 18:44:00.919,n,21.20882,23.303416,0.016555,7.259779e-05,0.015989,7.288876e-05,14.714902,14.302916,14.220304,13.934858,14.905448,14.728358,15.805512,14.828334,14.00013,13.63318,0,0,0,0,0,0
2025/06/13 18:45:00.922,n,21.161312,23.166182,0.016398,5.143737e-05,0.015767,6.635221e-05,14.706136,14.301414,14.223204,13.933458,14.903934,14.731112,15.802742,14.831234,13.997376,13.634614,0,0,0,0,0,0
2025/06/13 18:46:00.908,n,21.161312,23.9697,0.016178,6.745948e-05,0.015632,3.533863e-05,14.711952,14.302916,14.207304,13.952238,14.877832,14.733866,15.811152,14.837066,14.005734,13.624468,0,0,0,0,0,0
2025/06/13 18:47:00.909,n,21.108868,23.968404,0.016,6.274515e-05,0.015546,4.460542e-05,14.703284,14.302916,14.198606,13.949354,14.869034,14.736848,15.802742,14.822534,14.005734,13.6317,0,0,0,0,0,0
2025/06/13 18:48:00.913,n,21.072734,24.214618,0.015838,6.808411e-05,0.015378,5.205096e-05,14.694518,14.299998,14.192806,13.947906,14.88215,14.728358,15.799808,14.819632,14.005734,13.624468,0,0,0,0,0,0
2025/06/13 18:49:00.916,n,21.046566,24.29199,0.015676,4.997638e-05,0.015199,5.44362e-05,14.691604,14.298532,14.187022,13.936326,14.873448,14.733866,15.802742,14.819632,14.014124,13.625884,0,0,0,0,0,0
2025/06/13 18:50:00.917,n,21.026886,24.445912,0.015524,4.976416e-05,0.014961,6.120831e-05,14.684336,14.299998,14.192806,13.937774,14.874852,14.7396,15.797038,14.806532,14.008486,13.64043,0,0,0,0,0,0
2025/06/13 18:51:00.917,n,21.00887,24.757268,0.015304,5.998576e-05,0.014761,6.257626e-05,14.681436,14.289832,14.194288,13.931974,14.867616,14.733866,15.797038,14.810864,14.008486,13.63318,0,0,0,0,0,0
2025/06/13 18:52:00.921,n,20.98426,24.70308,0.015152,5.305784e-05,0.014604,4.997638e-05,14.681436,14.28695,14.181224,13.918928,14.867616,14.733866,15.791398,14.810864,14.017006,13.624468,0,0,0,0,0,0
2025/06/13 18:53:00.921,n,20.946468,24.555182,0.014979,5.102421e-05,0.014453,4.976416e-05,14.67852,14.284098,14.18414,13.914546,14.861768,14.736848,15.797038,14.80795,14.014124,13.625884,0,0,0,0,0,0
2025/06/13 18:54:00.923,n,20.939972,24.93816,0.014775,5.404597e-05,0.014313,4.191435e-05,14.668304,14.272482,14.182674,13.913096,14.854532,14.731112,15.788644,14.809382,14.01137,13.624468,0,0,0,0,0,0
2025/06/13 18:55:00.909,n,20.92352,25.117528,0.01466,4.315837e-05,0.014118,4.868921e-05,14.67707,14.285532,14.169642,13.929074,14.832714,14.736848,15.788644,14.815266,14.01137,13.621568,0,0,0,0,0,0
2025/06/13 18:56:00.912,n,20.866146,25.221822,0.014476,5.018769e-05,0.013946,5.463026e-05,14.67707,14.281216,14.16824,13.923244,14.83415,14.733866,15.78576,14.805098,14.017006,13.617234,0,0,0,0,0,0
2025/06/13 18:57:00.915,n,20.853008,25.27362,0.014351,4.436753e-05,0.013806,4.140628e-05,14.67122,14.273932,14.165324,13.921844,14.828334,14.7396,15.788644,14.797832,14.019774,13.615738,0,0,0,0,0,0
2025/06/13 18:58:00.915,n,20.838264,25.637914,0.01412,5.424143e-05,0.013627,5.102421e-05,14.65667,14.278316,14.15371,13.910196,14.825448,14.742452,15.78576,14.793448,14.014124,13.612838,0,0,0,0,0,0
2025/06/13 18:59:00.916,n,20.823516,25.614842,0.013953,5.727823e-05,0.013476,5.039812e-05,14.658072,14.272482,14.156624,13.910196,14.821066,14.733866,15.783006,14.796364,14.028228,13.614336,0,0,0,0,0,0
2025/06/13 19:00:00.920,n,20.777524,26.153264,0.013776,5.80126e-05,0.013276,5.653433e-05,14.642138,14.26525,14.14791,13.905816,14.809382,14.736848,15.783006,14.7876,14.033866,13.614336,0,0,0,0,0,0
2025/06/13 19:01:00.925,n,20.756184,26.288782,0.013645,6.103516e-05,0.013168,6.896664e-05,14.655222,14.275398,14.16676,13.910196,14.838468,14.711464,15.743646,14.800716,14.00013,13.644794,0,0,0,0,0,0
2025/06/13 19:02:00.924,n,20.715558,26.573516,0.013467,5.501635e-05,0.012996,5.2858e-05,14.65667,14.272482,14.169642,13.904398,14.831234,14.7171,15.75204,14.80215,14.005734,13.625884,0,0,0,0,0,0
2025/06/13 19:03:00.926,n,20.666534,26.29046,0.013311,5.039812e-05,0.012807,5.26574e-05,14.655222,14.26525,14.163858,13.894266,14.823982,14.7171,15.754892,14.800716,14.014124,13.624468,0,0,0,0,0,0
2025/06/13 19:04:00.911,n,20.63226,26.521348,0.013086,6.603244e-05,0.012607,5.873778e-05,14.63919,14.266666,14.14356,13.904398,14.78615,14.725506,15.763268,14.794884,14.019774,13.608506,0,0,0,0,0,0
2025/06/13 19:05:00.913,n,20.615902,26.577518,0.012877,6.257626e-05,0.012445,5.039812e-05,14.631906,14.26525,14.134894,13.905816,14.793448,14.728358,15.760498,14.78325,14.019774,13.61142,0,0,0,0,0,0
2025/06/13 19:06:00.915,n,20.573372,26.875224,0.012673,6.714498e-05,0.012256,6.146712e-05,14.63049,14.263784,14.140662,13.89135,14.791984,14.731112,15.760498,14.778916,14.025378,13.604124,0,0,0,0,0,0
2025/06/13 19:07:00.918,n,20.540706,26.600058,0.01249,6.249164e-05,0.012066,7.015122e-05,14.63049,14.268166,14.139244,13.888434,14.78615,14.725506,15.757646,14.77745,14.025378,13.607038,0,0,0,0,0,0
2025/06/13 19:08:00.918,n,20.539044,26.56196,0.012286,5.810374e-05,0.011877,5.424143e-05,14.62319,14.247884,14.126196,13.89135,14.791984,14.733866,15.763268,14.773068,14.028228,13.602692,0,0,0,0,0,0
2025/06/13 19:09:00.924,n,20.59097,25.459986,0.012255,5.071213e-05,0.011899,3.10334e-05,14.657064,14.290436,14.170196,13.916534,14.818588,14.691082,15.709178,14.809824,13.976966,13.640932,0,0,0,0,0,0
2025/06/13 19:10:00.924,n,20.605618,25.1003,0.01203,6.051274e-05,0.011666,6.366609e-05,14.654146,14.277386,14.152814,13.906402,14.814172,14.693964,15.70354,14.801138,13.988206,13.640932,0,0,0,0,0,0
2025/06/13 19:11:00.927,n,20.597462,25.408048,0.011842,5.625282e-05,0.011493,5.215252e-05,14.645412,14.27592,14.152814,13.894804,14.804024,14.688328,15.71203,14.801138,13.988206,13.640932,0,0,0,0,0,0
2025/06/13 19:12:00.926,n,20.586036,25.263242,0.011664,5.375144e-05,0.01132,5.102421e-05,14.645412,14.274504,14.157146,13.907836,14.804024,14.688328,15.70354,14.804024,13.99381,13.635102,0,0,0,0,0,0
2025/06/13 19:13:00.914,n,20.52554,25.999832,0.011455,5.539974e-05,0.011147,5.26574e-05,14.635214,14.27592,14.144146,13.9151,14.783608,14.696718,15.706422,14.793824,13.991056,13.633636,0,0,0,0,0,0
2025/06/13 19:14:00.916,n,20.494434,25.87061,0.011277,5.549517e-05,0.010963,5.520838e-05,14.630896,14.27882,14.132532,13.907836,14.77929,14.70234,15.70354,14.783608,13.996692,13.632188,0,0,0,0,0,0
2025/06/13 19:15:00.918,n,20.437206,26.25362,0.011093,5.559045e-05,0.010817,5.205096e-05,14.633764,14.27592,14.141232,13.904888,14.782206,14.691082,15.697932,14.786524,14.002214,13.623554,0,0,0,0,0,0
2025/06/13 19:16:00.919,n,20.427394,26.525434,0.010915,5.606437e-05,0.01066,5.2858e-05,14.62213,14.265804,14.128118,13.903486,14.783608,14.696718,15.700784,14.780758,13.999446,13.622056,0,0,0,0,0,0
2025/06/13 19:17:00.925,n,20.399658,26.489436,0.010742,5.325693e-05,0.010471,4.736709e-05,14.617748,14.262856,14.129616,13.897718,14.769108,14.696718,15.70354,14.77929,14.00785,13.620608,0,0,0,0,0,0
2025/06/13 19:18:00.923,n,20.34077,26.473926,0.010543,5.873778e-05,0.010287,5.081637e-05,14.616266,14.258604,14.1253,13.88464,14.77059,14.691082,15.689442,14.77929,14.005064,13.632188,0,0,0,0,0,0
2025/06/13 19:19:00.926,n,20.322754,26.602026,0.010344,5.989749e-05,0.010091,6.138097e-05,14.610514,14.260004,14.1253,13.88029,14.764724,14.696718,15.697932,14.777856,14.005064,13.620608,0,0,0,0,0,0
2025/06/13 19:20:00.929,n,20.281838,26.62277,0.01014,6.808411e-05,0.009913,5.463026e-05,14.60465,14.249904,14.119484,13.873026,14.766208,14.691082,15.697932,14.771992,14.00785,13.629354,0,0,0,0,0,0
2025/06/13 19:21:00.932,n,20.263866,26.660984,0.009957,5.690749e-05,0.009723,6.007391e-05,14.610514,14.238256,14.1238,13.865826,14.757442,14.691082,15.686686,14.776374,13.999446,13.636568,0,0,0,0,0,0
2025/06/13 19:22:00.917,n,20.231106,26.82515,0.009742,6.09484e-05,0.009539,5.375144e-05,14.603216,14.249904,14.100636,13.886106,14.732708,14.69957,15.683884,14.758908,14.0107,13.601746,0,0,0,0,0,0
2025/06/13 19:23:00.918,n,20.19839,26.92842,0.009574,5.74627e-05,0.009365,6.09484e-05,14.594484,14.248454,14.09772,13.883206,14.731292,14.693964,15.686686,14.769108,14.005064,13.610442,0,0,0,0,0,0
2025/06/13 19:24:00.923,n,20.15747,26.808774,0.00939,6.206681e-05,0.009171,5.549517e-05,14.584332,14.238256,14.089054,13.871592,14.732708,14.696718,15.683884,14.760342,14.0107,13.608978,0,0,0,0,0,0
2025/06/13 19:25:00.923,n,20.10669,27.090902,0.009175,5.864762e-05,0.008953,6.19815e-05,14.585752,14.241172,14.094806,13.86726,14.735608,14.696718,15.692292,14.758908,14.00785,13.617676,0,0,0,0,0,0
2025/06/13 19:26:00.922,n,20.12637,27.391402,0.008981,5.846689e-05,0.008758,6.461483e-05,14.581368,14.24404,14.099188,13.865826,14.731292,14.691082,15.681032,14.74874,14.0107,13.600298,0,0,0,0,0,0
2025/06/13 19:27:00.927,n,20.074024,27.833048,0.00875,6.639207e-05,0.008552,6.50637e-05,14.575568,14.222356,14.089054,13.857128,14.722526,14.70234,15.681032,14.744376,14.01624,13.608978,0,0,0,0,0,0
2025/06/13 19:28:00.929,n,20.04977,28.056624,0.008635,6.655129e-05,0.008444,6.550949e-05,14.60649,14.261878,14.12429,13.879248,14.752016,14.669296,15.645226,14.775282,13.977732,13.642792,0,0,0,0,0,0
2025/06/13 19:29:00.930,n,20.02184,28.439798,0.00842,6.420406e-05,0.008243,6.257626e-05,14.597726,14.250392,14.111242,13.864784,14.746182,14.666496,15.63962,14.76945,13.98609,13.628278,0,0,0,0,0,0
2025/06/13 19:30:00.933,n,19.97931,29.086278,0.00822,6.341624e-05,0.008048,6.055644e-05,14.599174,14.232946,14.118506,13.869102,14.735984,14.672148,15.63962,14.779632,13.977732,13.64714,0,0,0,0,0,0
2025/06/13 19:31:00.909,n,19.949818,29.2625,0.008083,6.357103e-05,0.007928,6.238267e-05,14.609342,14.254678,14.118506,13.893762,14.730166,14.641242,15.611476,14.781098,13.960758,13.639892,0,0,0,0,0,0
2025/06/13 19:32:00.910,n,19.867932,29.583862,0.007868,6.370762e-05,0.007722,5.891768e-05,14.604992,14.25756,14.108358,13.898144,14.718518,14.646896,15.617116,14.788366,13.972096,13.63701,0,0,0,0,0,0
2025/06/13 19:33:00.914,n,19.790882,30.074008,0.007685,6.240691e-05,0.007516,6.151015e-05,14.602108,14.245978,14.102528,13.889444,14.721418,14.649648,15.61436,14.776682,13.969244,13.632628,0,0,0,0,0,0
2025/06/13 19:34:00.914,n,19.725354,30.325398,0.007459,6.324914e-05,0.007315,6.103516e-05,14.578794,14.243062,14.088078,13.877798,14.709784,14.658008,15.619884,14.770948,13.972096,13.618164,0,0,0,0,0,0
2025/06/13 19:35:00.916,n,19.656556,30.717828,0.00728,6.146712e-05,0.007119,6.32073e-05,14.574444,14.24166,14.08516,13.880682,14.702518,14.666496,15.62549,14.759282,13.983238,13.615248,0,0,0,0,0,0
2025/06/13 19:36:00.917,n,19.566372,31.174546,0.007101,5.380064e-05,0.006935,5.629984e-05,14.562762,14.250392,14.072114,13.872016,14.696686,14.666496,15.628374,14.746182,13.988874,13.621014,0,0,0,0,0,0
2025/06/13 19:37:00.921,n,19.448254,31.578504,0.006891,6.002986e-05,0.006745,5.718577e-05,14.555496,14.237278,14.072114,13.858968,14.689436,14.666496,15.628374,14.743282,13.991724,13.607968,0,0,0,0,0,0
2025/06/13 19:38:00.922,n,19.385902,31.890914,0.006733,5.896257e-05,0.006581,5.496823e-05,14.556964,14.235828,14.060514,13.854604,14.685052,14.672148,15.62549,14.7389,13.994494,13.61235,0,0,0,0,0,0
2025/06/13 19:39:00.925,n,19.317006,32.072784,0.006544,5.634681e-05,0.006391,5.945412e-05,14.554062,14.237278,14.072114,13.856086,14.689436,14.677754,15.628374,14.7389,13.994494,13.61235,0,0,0,0,0,0
2025/06/13 19:40:00.912,n,19.269448,32.728764,0.006334,5.936505e-05,0.006185,6.434813e-05,14.55258,14.218462,14.057648,13.853168,14.66757,14.669296,15.622736,14.7418,14.00013,13.603586,0,0,0,0,0,0
2025/06/13 19:41:00.911,n,19.2005,33.054012,0.006149,5.138591e-05,0.006005,5.402148e-05,14.554062,14.21558,14.05905,13.850254,14.661786,14.669296,15.617116,14.747664,13.997246,13.610868,0,0,0,0,0,0
2025/06/13 19:42:00.916,n,19.131558,33.284282,0.005965,5.867018e-05,0.005831,5.479951e-05,14.542836,14.214132,14.060514,13.844504,14.657404,14.680636,15.63113,14.731634,13.997246,13.605052,0,0,0,0,0,0
2025/06/13 19:43:00.918,n,19.077308,33.420612,0.005802,5.117953e-05,0.005674,4.877065e-05,14.542836,14.21558,14.044552,13.850254,14.66032,14.674902,15.62549,14.724366,13.997246,13.597788,0,0,0,0,0,0
2025/06/13 19:44:00.919,n,19.037902,33.686432,0.005649,4.887903e-05,0.005511,4.882487e-05,14.532704,14.206848,14.044552,13.847404,14.653054,14.674902,15.619884,14.7229,14.00013,13.594874,0,0,0,0,0,0
2025/06/13 19:45:00.922,n,18.962318,33.826032,0.005507,4.655011e-05,0.005359,4.700261e-05,14.528338,14.222812,14.038736,13.841588,14.641404,14.674902,15.611476,14.724366,14.008584,13.599254,0,0,0,0,0,0
2025/06/13 19:46:00.923,n,18.88351,34.234284,0.005355,4.758999e-05,0.005208,4.879777e-05,14.518204,14.209748,14.040202,13.831408,14.645754,14.686242,15.617116,14.712718,14.01137,13.589122,0,0,0,0,0,0
2025/06/13 19:47:00.924,n,18.789806,34.55186,0.005208,4.733915e-05,0.005051,4.597822e-05,14.52112,14.217046,14.038736,13.831408,14.637022,14.677754,15.619884,14.71707,14.005734,13.597788,0,0,0,0,0,0
2025/06/13 19:48:00.926,n,18.742104,34.805916,0.005051,4.739501e-05,0.004883,5.068604e-05,14.512372,14.198198,14.030068,13.825592,14.647188,14.680636,15.61436,14.703952,14.008584,13.599254,0,0,0,0,0,0
2025/06/13 19:49:00.913,n,18.68628,35.136548,0.004983,5.455757e-05,0.004845,5.238032e-05,14.554454,14.22866,14.060514,13.873514,14.660158,14.599078,15.535516,14.75762,13.932676,13.635542,0,0,0,0,0,0
2025/06/13 19:50:00.916,n,18.625392,35.710032,0.004816,5.424143e-05,0.004677,5.19492e-05,14.554454,14.227196,14.063398,13.8619,14.648478,14.607468,15.5384,14.747472,13.93556,13.626828,0,0,0,0,0,0
2025/06/13 19:51:00.917,n,18.539894,35.57908,0.004669,4.719922e-05,0.004531,4.42481e-05,14.545786,14.23301,14.051816,13.858984,14.644126,14.60183,15.541156,14.744602,13.93841,13.623928,0,0,0,0,0,0
2025/06/13 19:52:00.919,n,18.52998,36.24182,0.004522,4.25098e-05,0.00439,4.771492e-05,14.537086,14.225746,14.048934,13.85752,14.645608,14.61032,15.5384,14.725622,13.93841,13.623928,0,0,0,0,0,0
2025/06/13 19:53:00.920,n,18.367138,36.477712,0.004385,4.541369e-05,0.004232,4.158163e-05,14.519736,14.224278,14.040236,13.858984,14.631042,14.60183,15.532746,14.727088,13.946814,13.61235,0,0,0,0,0,0
2025/06/13 19:54:00.922,n,18.321044,36.962524,0.004244,4.853954e-05,0.004075,4.985711e-05,14.52697,14.221396,14.034452,13.850286,14.633926,14.607468,15.52991,14.731472,13.941178,13.61375,0,0,0,0,0,0
2025/06/13 19:55:00.926,n,18.273292,37.293872,0.004076,4.40233e-05,0.003929,4.535539e-05,14.512502,14.221396,14.037318,13.840154,14.63251,14.61032,15.535516,14.715454,13.955172,13.616664,0,0,0,0,0,0
2025/06/13 19:56:00.926,n,18.19917,37.6116,0.003929,4.594944e-05,0.003771,4.602136e-05,14.506702,14.217046,14.034452,13.838674,14.623744,14.615972,15.532746,14.721304,13.955172,13.61235,0,0,0,0,0,0
2025/06/13 19:57:00.930,n,18.049316,37.951048,0.003797,3.878323e-05,0.003636,3.937563e-05,14.509586,14.208346,14.034452,13.835774,14.619362,14.61309,15.52991,14.70672,13.952418,13.61813,0,0,0,0,0,0
2025/06/13 19:58:00.914,n,17.966896,38.569652,0.003635,4.300484e-05,0.003489,4.244752e-05,14.511036,14.19823,14.02572,13.83144,14.600462,14.61032,15.52706,14.72422,13.944044,13.61813,0,0,0,0,0,0
2025/06/13 19:59:00.915,n,17.912548,38.90818,0.003493,4.557362e-05,0.003348,4.439733e-05,14.49947,14.19823,14.022804,13.835774,14.59463,14.615972,15.51865,14.716922,13.955172,13.60502,0,0,0,0,0,0
2025/06/13 20:00:00.920,n,17.842236,38.869212,0.003388,3.676962e-05,0.003212,3.952653e-05,14.500886,14.20403,14.00834,13.834356,14.591746,14.615972,15.51865,14.713972,13.958054,13.599286,0,0,0,0,0,0
2025/06/13 20:01:00.923,n,17.842236,39.236156,0.003288,6.181357e-05,0.003136,5.628641e-05,14.503802,14.206914,14.017038,13.83724,14.600462,14.590688,15.496242,14.716922,13.929922,13.610868,0,0,0,0,0,0
2025/06/13 20:02:00.926,n,17.743752,39.717508,0.00313,4.31737e-05,0.002979,4.507011e-05,14.495118,14.19968,14.011222,13.82271,14.59463,14.604714,15.504636,14.697956,13.944044,13.607936,0,0,0,0,0,0
2025/06/13 20:03:00.928,n,17.68296,39.678688,0.002999,4.615769e-05,0.002832,4.632934e-05,14.477752,14.193882,14.009806,13.805312,14.58342,14.604714,15.507404,14.692156,13.946814,13.60502,0,0,0,0,0,0
2025/06/13 20:04:00.929,n,17.637012,39.722584,0.002862,4.202468e-05,0.00268,4.669907e-05,14.470518,14.185182,14.001106,13.799482,14.574688,14.607468,15.513012,14.680538,13.963576,13.599286,0,0,0,0,0,0
2025/06/13 20:05:00.931,n,17.57954,39.906472,0.002715,4.445689e-05,0.002561,4.53481e-05,14.46902,14.180834,14.003988,13.805312,14.571836,14.618726,15.513012,14.693624,13.960808,13.593472,0,0,0,0,0,0
2025/06/13 20:06:00.934,n,17.527004,40.085184,0.002589,3.744697e-05,0.002403,3.820761e-05,14.45605,14.1765,13.99964,13.7937,14.57327,14.618726,15.510258,14.68924,13.958054,13.599286,0,0,0,0,0,0
2025/06/13 20:07:00.920,n,17.471142,40.19812,0.002431,4.268837e-05,0.002267,4.288162e-05,14.457518,14.170684,13.983708,13.805312,14.545786,14.62446,15.513012,14.679074,13.963576,13.584708,0,0,0,0,0,0
2025/06/13 20:08:00.920,n,17.497444,40.36346,0.002399,4.519469e-05,0.00224,4.635075e-05,14.491502,14.216216,14.02492,13.85084,14.585588,14.607664,15.501946,14.72611,13.972178,13.625884,0,0,0,0,0,0
2025/06/13 20:09:00.921,n,17.458038,40.617124,0.002263,5.047026e-05,0.002105,4.651101e-05,14.482802,14.216216,14.022006,13.83776,14.571104,14.621756,15.507586,14.714462,13.96654,13.624384,0,0,0,0,0,0
2025/06/13 20:10:00.922,n,17.37259,41.123912,0.002136,4.243583e-05,0.001963,4.116998e-05,14.48422,14.211898,14.014742,13.836344,14.571104,14.62451,15.499094,14.710112,13.972178,13.615704,0,0,0,0,0,0
2025/06/13 20:11:00.927,n,17.268978,41.528792,0.001994,3.742047e-05,0.001827,3.940082e-05,14.471186,14.206132,14.00601,13.824698,14.568188,14.618906,15.507586,14.702826,13.96369,13.624384,0,0,0,0,0,0
2025/06/13 20:12:00.927,n,17.12923,41.872544,0.001858,3.868931e-05,0.001702,3.959759e-05,14.46252,14.200316,13.99446,13.824698,14.56242,14.616056,15.50483,14.69706,13.977812,13.611356,0,0,0,0,0,0
2025/06/13 20:13:00.929,n,17.109456,41.941636,0.001747,3.564613e-05,0.001577,3.929997e-05,14.450936,14.19305,13.998842,13.8131,14.553754,14.632998,15.51319,14.69408,13.980582,13.612838,0,0,0,0,0,0
2025/06/13 20:14:00.934,n,16.979474,42.64818,0.001626,3.440445e-05,0.001452,3.433228e-05,14.453836,14.19015,13.997344,13.805866,14.553754,14.630148,15.507586,14.679528,13.983336,13.608456,0,0,0,0,0,0
2025/06/13 20:15:00.935,n,16.864238,43.358576,0.001521,3.051487e-05,0.001343,3.322342e-05,14.450936,14.178584,13.987196,13.798636,14.54652,14.627394,15.507586,14.682446,13.983336,13.609922,0,0,0,0,0,0
2025/06/13 20:16:00.923,n,16.765512,43.720492,0.001405,3.509446e-05,0.001218,3.847501e-05,14.43932,14.171336,13.96835,13.797154,14.516086,14.632998,15.510436,14.676612,13.994576,13.598278,0,0,0,0,0,0
2025/06/13 20:17:00.922,n,16.671108,44.071636,0.0014,3.067701e-05,0.001235,3.07228e-05,14.4554,14.191764,13.984442,13.816212,14.52635,14.5452,15.430912,14.692644,13.90694,13.607186,0,0,0,0,0,0
2025/06/13 20:18:00.924,n,16.605236,44.332088,0.001337,2.503777e-05,0.001142,2.84043e-05,14.442414,14.188864,13.982992,13.813344,14.527818,14.54805,15.408422,14.697028,13.9014,13.607186,0,0,0,0,0,0
2025/06/13 20:19:00.925,n,16.582142,44.357236,0.001232,2.895209e-05,0.001039,3.272696e-05,14.445332,14.18163,13.975762,13.811862,14.51765,14.5452,15.41406,14.681028,13.904186,13.601402,0,0,0,0,0,0
2025/06/13 20:20:00.928,n,16.539318,44.456308,0.001153,2.567042e-05,0.000979,2.457279e-05,14.432266,14.184498,13.971412,13.797316,14.522032,14.55359,15.416814,14.672262,13.904186,13.601402,0,0,0,0,0,0
2025/06/13 20:21:00.930,n,16.478334,44.909284,0.00109,2.430041e-05,0.000897,2.468525e-05,14.422098,14.177266,13.97286,13.791582,14.516216,14.55359,15.419698,14.66788,13.918194,13.599904,0,0,0,0,0,0
2025/06/13 20:22:00.917,n,16.343178,45.339852,0.001016,2.05468e-05,0.000827,2.104379e-05,14.432266,14.164248,13.969944,13.798748,14.494516,14.5452,15.416814,14.681028,13.91541,13.602838,0,0,0,0,0,0
2025/06/13 20:23:00.935,n,16.280484,45.897028,0.000942,2.132287e-05,0.000745,2.480387e-05,14.409068,14.159868,13.95833,13.781384,14.50465,14.550838,15.41406,14.664996,13.91541,13.60572,0,0,0,0,0,0
2025/06/13 20:24:00.921,n,16.1568,46.06744,0.000868,2.525478e-05,0.000674,2.120915e-05,14.410534,14.156952,13.952566,13.791582,14.480016,14.556442,15.419698,14.66788,13.923798,13.58979,0,0,0,0,0,0
2025/06/13 20:25:00.905,n,16.118908,46.374664,0.000821,1.987382e-05,0.000609,1.829804e-05,14.411982,14.141052,13.965628,13.769772,14.490166,14.55359,15.425402,14.676646,13.91541,13.601402,0,0,0,0,0,0
2025/06/13 20:26:00.908,n,16.009926,46.547372,0.000768,2.184007e-05,0.000549,1.846559e-05,14.404716,14.141052,13.952566,13.768322,14.4786,14.562062,15.411306,14.676646,13.920948,13.599904,0,0,0,0,0,0
2025/06/13 20:27:00.909,n,15.958802,46.919148,0.0007,1.999514e-05,0.000484,2.20323e-05,14.3917,14.129438,13.946782,13.766856,14.46555,14.562062,15.416814,14.652256,13.932286,13.595556,0,0,0,0,0,0
2025/06/13 20:28:00.910,n,15.892738,47.061384,0.000647,1.862719e-05,0.000419,2.132481e-05,14.39022,14.129438,13.94095,13.76544,14.4554,14.56493,15.41406,14.663564,13.935136,13.59264,0,0,0,0,0,0
2025/06/13 20:29:00.912,n,15.871304,47.026228,0.000579,1.697725e-05,0.00037,1.623412e-05,14.378668,14.123622,13.929336,13.759624,14.44815,14.570582,15.425402,14.650806,13.937888,13.582494,0,0,0,0,0,0
2025/06/13 20:30:00.915,n,15.841432,47.171536,0.000673,1.639881e-05,0.000457,1.570143e-05,14.410842,14.163092,13.965874,13.801942,14.48039,14.54639,15.392746,14.68888,13.913684,13.616078,0,0,0,0,0,0
2025/06/13 20:31:00.923,n,15.852906,47.520952,0.000684,3.928629e-05,0.000473,3.835926e-05,14.42246,14.192072,13.974572,13.817904,14.47894,14.526658,15.3647,14.7004,13.888434,13.627692,0,0,0,0,0,0
2025/06/13 20:32:00.923,n,15.808376,47.589408,0.00061,2.060005e-05,0.000408,2.085435e-05,14.409408,14.183374,13.952808,13.809142,14.48039,14.523906,15.370256,14.690316,13.89684,13.623374,0,0,0,0,0,0
2025/06/13 20:33:00.926,n,15.790162,48.000148,0.000573,1.641015e-05,0.000359,1.717276e-05,14.402176,14.180458,13.954258,13.803376,14.471708,14.532362,15.367486,14.685966,13.905294,13.613196,0,0,0,0,0,0
2025/06/13 20:34:00.912,n,15.68113,47.898392,0.00051,1.579855e-05,0.000294,1.590775e-05,14.396376,14.15291,13.958576,13.78448,14.468792,14.540752,15.381598,14.684548,13.91932,13.627692,0,0,0,0,0,0
2025/06/13 20:35:00.913,n,15.601834,48.325344,0.000468,1.558715e-05,0.000261,1.721724e-05,14.390626,14.157262,13.952808,13.78448,14.458658,14.54639,15.387204,14.680148,13.91932,13.617512,0,0,0,0,0,0
2025/06/13 20:36:00.916,n,15.494412,48.483648,0.000447,1.449459e-05,0.000228,1.019032e-05,14.384792,14.14568,13.944112,13.777248,14.442758,14.554796,15.381598,14.678732,13.91932,13.611698,0,0,0,0,0,0
2025/06/13 20:37:00.917,n,15.434842,48.868364,0.000405,1.195902e-05,0.000196,8.498058e-06,14.376094,14.138414,13.93103,13.7758,14.431142,14.549274,15.389992,14.667114,13.92217,13.610264,0,0,0,0,0,0
2025/06/13 20:38:00.920,n,15.370388,49.36846,0.000373,1.384882e-05,0.000158,8.967318e-06,14.370276,14.132598,13.916534,13.765602,14.419558,14.554796,15.389992,14.64253,13.927788,13.592854,0,0,0,0,0,0
2025/06/13 20:39:00.919,n,15.309156,49.353468,0.000341,1.296779e-05,0.000119,1.000823e-05,14.352928,14.135512,13.907836,13.764136,14.413758,14.560432,15.392746,14.654146,13.93906,13.595768,0,0,0,0,0,0
2025/06/13 20:40:00.923,n,15.274442,49.665432,0.000315,1.069917e-05,9.746934e-05,8.829612e-06,14.338428,14.12828,13.89622,13.752572,14.409408,14.557646,15.381598,14.641096,13.93906,13.579806,0,0,0,0,0,0
2025/06/13 20:41:00.925,n,15.196706,49.642092,0.000289,1.152867e-05,7.594095e-05,9.893032e-06,14.341312,14.126798,13.894788,13.754022,14.40071,14.554796,15.389992,14.63531,13.947418,13.585556,0,1,0,0,0,0
2025/06/13 20:42:00.925,n,15.170194,50.223588,0.000252,1.719186e-05,3.229027e-05,1.285805e-05,14.318146,14.122448,13.893306,13.749672,14.392026,14.566036,15.395598,14.620812,13.947418,13.571044,0,0,0,0,0,0
2025/06/13 20:43:00.910,n,15.147762,50.743436,0.000357,1.043015e-05,0.000136,8.173842e-06,14.345874,14.115378,13.910896,13.752766,14.409554,14.469868,15.299256,14.654308,13.859816,13.603244,0,0,0,0,0,0
2025/06/13 20:44:00.912,n,15.068612,50.395824,0.000315,1.419597e-05,7.57368e-05,1.699718e-05,14.337174,14.108146,13.902166,13.742554,14.39654,14.478354,15.307748,14.641226,13.873856,13.594448,0,0,0,0,0,0
2025/06/13 20:45:00.917,n,15.048886,50.297636,0.000289,7.161222e-06,5.955339e-05,1.171257e-05,14.32121,14.097998,13.88332,13.735324,14.369022,14.483992,15.304992,14.622426,13.876706,13.574138,0,0,0,0,0,0
2025/06/13 20:46:00.918,n,14.954892,50.81326,0.000268,9.684342e-06,3.22346e-05,1.380901e-05,14.299444,14.095082,13.874654,13.733856,14.364656,14.483992,15.307748,14.620958,13.873856,13.56834,0,0,0,0,0,0
2025/06/13 20:47:00.918,n,14.862556,51.10896,0.000241,1.117103e-05,1.055773e-05,6.610344e-06,14.299444,14.090766,13.86594,13.726592,14.351642,14.489612,15.302108,14.619524,13.873856,13.574138,0,0,0,0,0,0
2025/06/13 20:48:00.921,n,14.786724,51.331372,0.000221,1.194864e-05,-5.922628e-06,1.075763e-05,14.293628,14.089298,13.854278,13.712096,14.337174,14.492462,15.310502,14.603608,13.882214,13.556696,0,0,0,0,0,0
2025/06/13 20:49:00.924,n,14.75898,51.429548,0.000268,1.022247e-05,5.416665e-05,5.710944e-06,14.312052,14.120706,13.884266,13.75653,14.374284,14.451522,15.264042,14.635034,13.847076,13.58663,0,0,0,0,0,0
2025/06/13 20:50:00.925,n,14.745846,51.621884,0.000268,5.618609e-06,2.150288e-05,5.883367e-06,14.287372,14.116324,13.872652,13.749266,14.368518,14.460092,15.272434,14.629202,13.852712,13.585166,0,0,0,0,0,0
2025/06/13 20:51:00.927,n,14.691354,52.079204,0.000236,9.654682e-06,1.066444e-05,8.818418e-06,14.29314,14.116324,13.872652,13.737684,14.362702,14.45724,15.264042,14.621936,13.84983,13.575018,0,0,0,0,0,0
2025/06/13 20:52:00.912,n,14.617086,52.220124,0.000247,1.306446e-05,-5.815915e-06,9.044956e-06,14.307688,14.094562,13.882832,13.731902,14.364168,14.454358,15.26968,14.636436,13.852712,13.598244,0,0,0,0,0,0
2025/06/13 20:53:00.915,n,14.559322,52.170268,0.00021,1.519414e-05,-2.199933e-05,5.704568e-06,14.300438,14.096044,13.86975,13.724606,14.351152,14.465696,15.264042,14.626286,13.855466,13.591012,0,0,0,0,0,0
2025/06/13 20:54:00.918,n,14.547798,52.15704,0.000189,9.17102e-06,-3.847968e-05,1.177671e-05,14.288822,14.093126,13.86537,13.724606,14.336686,14.45724,15.261272,14.621936,13.852712,13.580848,0,0,0,0,0,0
2025/06/13 20:55:00.918,n,14.412396,52.456112,0.000173,1.317053e-05,-6.015655e-05,1.202558e-05,14.274356,14.082946,13.855222,13.72169,14.322154,14.46286,15.26968,14.608984,13.866706,13.56632,0,0,0,0,0,0
2025/06/13 20:56:00.923,n,14.268746,52.950788,0.000163,8.798024e-06,-6.550153e-05,8.559688e-06,14.269974,14.078662,13.843608,13.714458,14.317772,14.471348,15.275286,14.595884,13.872324,13.569236,0,0,0,0,0,0
2025/06/13 20:57:00.925,n,14.1894,53.438092,0.000163,6.737555e-06,-7.663691e-05,6.137989e-06,14.259858,14.081512,13.837792,13.711558,14.313486,14.468464,15.264042,14.595884,13.866706,13.559024,0,0,0,0,0,0
2025/06/13 20:58:00.926,n,14.10019,54.010652,0.000147,8.369076e-06,-0.000109,8.975632e-06,14.256974,14.075746,13.824762,13.711558,14.296054,14.476856,15.26968,14.588652,13.872324,13.554708,0,0,0,0,0,0
2025/06/13 20:59:00.927,n,14.085034,53.8352,0.000215,1.125124e-05,-2.220116e-05,1.05432e-05,14.259156,14.095358,13.83711,13.721022,14.318602,14.405694,15.19834,14.60245,13.812416,13.564236,0,0,0,0,0,0
2025/06/13 21:00:00.928,n,14.078442,53.911224,0.000215,8.896154e-06,-2.220116e-05,4.902003e-06,14.246126,14.083712,13.83429,13.715224,14.311338,14.405694,15.195504,14.59665,13.809564,13.571402,0,0,0,0,0,0
2025/06/13 21:01:00.917,n,14.025514,54.203852,0.000263,3.113923e-05,2.130105e-05,3.546431e-05,14.26494,14.075078,13.847256,13.716704,14.31422,14.385964,15.17582,14.6155,13.78984,13.577266,0,0,0,0,0,0
2025/06/13 21:02:00.920,n,14.00242,54.180708,0.000226,1.197176e-05,-1.670771e-05,1.022045e-05,14.257708,14.075078,13.841458,13.709408,14.299754,14.38872,15.17582,14.608268,13.795572,13.568552,0,0,0,0,0,0
2025/06/13 21:03:00.922,n,13.937866,54.276556,0.00022,9.105706e-06,-3.838457e-05,9.217498e-06,14.241776,14.061998,13.819712,13.706492,14.291022,14.39996,15.187096,14.599534,13.798408,13.56712,0,0,0,0,0,0
2025/06/13 21:04:00.923,n,13.89817,54.264984,0.000178,1.035531e-05,-5.486493e-05,8.237134e-06,14.231642,14.063462,13.81103,13.694912,14.270772,14.397206,15.184342,14.583632,13.803962,13.559856,0,0,0,0,0,0
2025/06/13 21:05:00.925,n,13.846952,54.913716,0.000168,6.934103e-06,-6.035838e-05,6.175654e-06,14.206964,14.060546,13.808164,13.691998,14.270772,14.411314,15.18985,14.579314,13.809564,13.559856,0,0,0,0,0,0
2025/06/13 21:06:00.929,n,13.724488,55.167428,0.000157,8.515978e-06,-8.203524e-05,6.674221e-06,14.198296,14.054764,13.79357,13.678884,14.25624,14.414102,15.195504,14.564848,13.826456,13.538046,0,0,0,0,0,0
2025/06/13 21:07:00.933,n,13.635082,55.263424,0.000131,1.199052e-05,-9.836714e-05,5.208567e-06,14.196862,14.054764,13.78199,13.680334,14.25624,14.419704,15.195504,14.556148,13.815168,13.54386,0,0,0,0,0,0
2025/06/13 21:08:00.931,n,13.606912,55.489988,0.000126,7.670011e-06,-9.836714e-05,5.589909e-06,14.186682,14.046082,13.78199,13.66587,14.251892,14.411314,15.187096,14.551798,13.829208,13.538046,0,0,0,0,0,0
2025/06/13 21:09:00.934,n,13.589528,55.889044,0.000231,1.267579e-05,-1.639684e-05,6.456375e-06,14.2154,14.074736,13.813556,13.703252,14.276312,14.396018,15.166224,14.589206,13.797104,13.572542,0,0,0,0,0,0
2025/06/13 21:10:00.921,n,13.55481,55.91048,0.00021,8.170048e-06,-2.753222e-05,4.382632e-06,14.216868,14.058806,13.816488,13.69887,14.266178,14.38476,15.157734,14.596438,13.794334,13.573976,0,0,0,0,0,0
2025/06/13 21:11:00.923,n,13.526638,55.642852,0.000189,1.002828e-05,-5.455407e-05,9.651144e-06,14.209568,14.060222,13.800526,13.697388,14.248762,14.396018,15.157734,14.58777,13.805492,13.560928,0,0,0,0,0,0
2025/06/13 21:12:00.923,n,13.524976,55.751936,0.000189,1.048093e-05,-6.019599e-05,8.184563e-06,14.192204,14.051572,13.790328,13.687288,14.244382,14.396018,15.166224,14.573304,13.816764,13.562396,0,0,0,0,0,0
2025/06/13 21:13:00.925,n,13.516724,55.796568,0.000163,9.50608e-06,-7.652788e-05,7.684525e-06,14.18497,14.044274,13.787446,13.68294,14.244382,14.39877,15.171748,14.566036,13.819582,13.552232,0,0,0,0,0,0
2025/06/13 21:14:00.928,n,13.488552,55.794904,0.000163,6.873661e-06,-7.652788e-05,6.968485e-06,14.186404,14.044274,13.777298,13.677076,14.232766,14.401558,15.166224,14.567488,13.816764,13.549252,0,0,0,0,0,0
2025/06/13 21:15:00.913,n,13.47366,55.789876,0.000142,1.062344e-05,-9.271128e-05,6.202269e-06,14.180588,14.01821,13.778778,13.652416,14.225598,14.401558,15.174598,14.56172,13.822384,13.560928,0,0,0,0,0,0
2025/06/13 21:16:00.916,n,13.433866,55.915464,0.00012,9.4187e-06,-0.000115,9.35118e-06,14.171938,14.01821,13.771482,13.656766,14.225598,14.401558,15.168978,14.563154,13.825136,13.55513,0,0,0,0,0,0
2025/06/13 21:17:00.920,n,13.369264,56.257112,0.000126,9.59401e-06,-0.000115,4.213305e-06,14.164672,14.01961,13.768568,13.6481,14.212484,14.407176,15.166224,14.55737,13.822384,13.553632,0,0,0,0,0,0
2025/06/13 21:18:00.919,n,13.258278,56.4221,0.000105,8.83305e-06,-0.000125,4.954264e-06,14.150158,14.008062,13.75552,13.643718,14.203836,14.401558,15.168978,14.555904,13.83926,13.54202,0,0,0,0,0,0
2025/06/13 21:19:00.906,n,13.219796,56.789212,0.000225,1.17174e-05,-2.25097e-05,7.322158e-06,14.177004,14.03779,13.789562,13.666198,14.240766,14.371596,15.12485,14.574038,13.792414,13.57606,0,0,0,0,0,0
2025/06/13 21:20:00.907,n,13.150116,57.15796,0.000194,1.208774e-05,-4.418657e-05,6.184454e-06,14.16104,14.029028,13.777982,13.655968,14.23065,14.368746,15.13057,14.559568,13.800802,13.564512,0,0,0,0,0,0
2025/06/13 21:21:00.909,n,13.12199,57.368456,0.000199,9.326072e-06,-4.953155e-05,5.845429e-06,14.149424,14.020344,13.77215,13.648768,14.223398,14.380116,15.13619,14.553818,13.809256,13.57031,0,0,0,0,0,0
2025/06/13 21:22:00.912,n,13.082196,57.457276,0.000189,8.151367e-06,-6.066692e-05,6.137858e-06,14.147944,14.011646,13.766368,13.64292,14.205984,14.374384,15.13057,14.556668,13.800802,13.563046,0,0,0,0,0,0
2025/06/13 21:23:00.913,n,13.035714,57.457276,0.000157,9.613112e-06,-8.219532e-05,8.153962e-06,14.147944,14.005832,13.761954,13.641472,14.205984,14.374384,15.127702,14.553818,13.795264,13.564512,0,0,0,0,0,0
2025/06/13 21:24:00.915,n,12.984344,57.401368,0.000157,7.911696e-06,-8.219532e-05,7.401762e-06,14.143626,14.005832,13.75622,13.63709,14.192904,14.371596,15.12485,14.549436,13.800802,13.557216,0,0,0,0,0,0
2025/06/13 21:25:00.920,n,12.995918,57.567384,0.000141,6.958652e-06,-9.303376e-05,6.546898e-06,14.133478,13.988384,13.738792,13.638572,14.187138,14.374384,15.127702,14.545104,13.800802,13.538322,0,0,0,0,0,0
2025/06/13 21:26:00.919,n,12.949482,57.743164,0.000131,8.952034e-06,-0.00011,7.219883e-06,14.121862,13.988384,13.73296,13.629874,14.171206,14.377234,15.13057,14.542202,13.814906,13.541224,0,0,0,0,0,0
2025/06/13 21:27:00.923,n,12.937908,57.633056,0.000125,6.642546e-06,-0.00011,4.087237e-06,14.10303,13.979752,13.714066,13.625494,14.149424,14.388572,15.13057,14.527734,13.82605,13.522362,0,0,0,0,0,0
2025/06/13 21:28:00.906,n,12.891426,57.771044,0.000131,9.795428e-06,-0.000126,7.100985e-06,14.0972,13.978302,13.724198,13.606648,14.158156,14.385722,15.13057,14.51032,13.81766,13.529626,0,0,0,0,0,0
2025/06/13 21:29:00.909,n,12.838348,58.189356,9.902694e-05,6.786083e-06,-0.000131,7.409045e-06,14.084152,13.963722,13.70827,13.597886,14.153808,14.391326,15.13334,14.505936,13.82605,13.528176,0,0,0,0,0,0
2025/06/13 21:30:00.912,n,12.84744,58.330348,0.00021,1.056625e-05,-2.754614e-05,6.522411e-06,14.103242,13.984246,13.724476,13.612642,14.162652,14.301042,15.042938,14.519182,13.73876,13.548698,0,0,0,0,0,0
2025/06/13 21:31:00.918,n,12.832498,58.674388,0.000252,3.323561e-05,1.046261e-05,3.611155e-05,14.11626,13.985728,13.740438,13.632954,14.16412,14.267368,15.012044,14.539466,13.705124,13.555994,0,0,0,0,0,0
2025/06/13 21:32:00.919,n,12.792702,58.516428,0.000221,1.137116e-05,-1.655923e-05,1.052986e-05,14.103242,13.978498,13.725892,13.617024,14.140924,14.281378,15.023384,14.526414,13.72187,13.54435,0,0,0,0,0,0
2025/06/13 21:33:00.926,n,12.789334,58.654612,0.000231,1.012546e-05,-2.220116e-05,8.486918e-06,14.095944,13.982814,13.711364,13.621372,14.133704,14.281378,15.023384,14.526414,13.724752,13.528388,0,0,0,0,0,0
2025/06/13 21:34:00.926,n,12.742898,58.817456,0.000189,9.073586e-06,-4.387802e-05,8.427302e-06,14.075664,13.978498,13.699814,13.614058,14.135172,14.289766,15.017684,14.519182,13.724752,13.52254,0,0,0,0,0,0
2025/06/13 21:35:00.928,n,12.731228,58.417652,0.000189,1.002209e-05,-4.387802e-05,8.555424e-06,14.069898,13.969766,13.689618,13.602478,14.110508,14.298254,15.023384,14.511948,13.733156,13.516774,0,0,0,0,0,0
2025/06/13 21:36:00.930,n,12.731228,58.784544,0.000173,4.724551e-06,-7.654179e-05,5.860603e-06,14.05535,13.95092,13.669292,13.593748,14.103242,14.295404,15.037432,14.491696,13.733156,13.509494,0,0,0,0,0,0
2025/06/13 21:37:00.918,n,12.651588,58.401196,0.000157,6.590021e-06,-8.738024e-05,5.836388e-06,14.052434,13.943622,13.678036,13.582134,14.103242,14.30386,15.034546,14.493132,13.749998,13.515308,0,0,0,0,0,0
2025/06/13 21:38:00.917,n,12.619996,58.50818,0.000142,1.092276e-05,-0.000104,5.444735e-06,14.048118,13.929156,13.672174,13.570522,14.103242,14.301042,15.031792,14.491696,13.741512,13.515308,0,0,0,0,0,0
2025/06/13 21:39:00.920,n,12.558522,58.664528,0.000126,1.358439e-05,-0.000109,6.761671e-06,14.036536,13.924776,13.657694,13.570522,14.09166,14.30386,15.037432,14.48443,13.749998,13.509494,0,0,0,0,0,0
2025/06/13 21:40:00.921,n,12.503736,58.927612,0.000121,7.376367e-06,-0.000126,7.145239e-06,14.023472,13.921892,13.65916,13.558908,14.078566,14.30386,15.034546,14.475732,13.75285,13.494998,0,0,0,0,0,0
2025/06/13 21:41:00.921,n,12.519306,59.248728,0.000225,7.810793e-06,-1.701625e-05,7.838978e-06,14.071346,13.966884,13.702664,13.60388,14.110526,14.273656,15.001568,14.520746,13.728188,13.544316,0,0,0,0,0,0
2025/06/13 21:42:00.923,n,12.534248,58.882228,0.00021,1.227335e-05,-3.869311e-05,9.877926e-06,14.0554,13.958184,13.67944,13.595118,14.101826,14.284994,15.001568,14.507694,13.733824,13.535586,0,0,0,0,0,0
2025/06/13 21:43:00.926,n,12.497724,58.635548,0.000194,1.01238e-05,-4.982849e-05,5.437463e-06,14.042352,13.95382,13.672142,13.593716,14.090212,14.287746,15.004354,14.490312,13.736578,13.516692,0,0,0,0,0,0
2025/06/13 21:44:00.929,n,12.497724,58.554884,0.000178,8.104638e-06,-6.066692e-05,6.337513e-06,14.026356,13.943654,13.660528,13.5908,14.072782,14.284994,15.007206,14.493228,13.736578,13.508012,0,0,0,0,0,0
2025/06/13 21:45:00.929,n,12.449482,58.670072,0.000168,6.830107e-06,-7.135688e-05,5.295399e-06,14.01769,13.945122,13.647482,13.574806,14.06558,14.293352,15.007206,14.475846,13.745064,13.510896,0,0,0,0,0,0
2025/06/13 21:46:00.917,n,12.388058,59.012112,0.000168,6.535098e-06,-8.219532e-05,7.143023e-06,14.014772,13.920426,13.656146,13.564674,14.064116,14.296234,15.010056,14.477296,13.747832,13.523956,0,0,0,0,0,0
2025/06/13 21:47:00.917,n,12.381368,58.82798,0.000157,1.017548e-05,-9.867568e-05,9.933856e-06,14.001758,13.91176,13.656146,13.557378,14.068432,14.293352,15.015596,14.475846,13.753566,13.513778,0,0,0,0,0,0
2025/06/13 21:48:00.917,n,12.328244,58.841116,0.000146,1.060348e-05,-8.783724e-05,6.773888e-06,14.006076,13.913162,13.650332,13.557378,14.061198,14.290598,15.010056,14.484514,13.747832,13.510896,0,0,0,0,0,0
2025/06/13 21:49:00.922,n,12.348164,58.752348,0.000141,1.258558e-05,-0.000115,8.756962e-06,13.997344,13.908846,13.635804,13.552998,14.048118,14.293352,15.004354,14.459912,13.753566,13.49635,0,0,0,0,0,0
2025/06/13 21:50:00.924,n,12.25539,59.048292,0.000131,6.026745e-06,-0.000137,7.686332e-06,13.984246,13.90158,13.625672,13.541384,14.027822,14.296234,15.012842,14.461378,13.747832,13.49925,0,0,0,0,0,0
2025/06/13 21:51:00.925,n,12.19743,59.562256,0.000125,8.478882e-06,-0.000131,7.556488e-06,13.975614,13.894316,13.614026,13.534088,14.023472,14.298988,15.010056,14.458478,13.75917,13.483256,0,0,0,0,0,0
2025/06/13 21:52:00.927,n,12.10188,59.910328,0.00022,7.225517e-06,-3.853072e-05,8.251619e-06,14.006156,13.929222,13.648948,13.580686,14.056932,14.221768,14.932694,14.483226,13.679096,13.51819,0,0,0,0,0,0
2025/06/13 21:53:00.930,n,12.02068,60.17576,0.000194,1.239714e-05,-3.303727e-05,7.945943e-06,13.988728,13.929222,13.6359,13.574872,14.041,14.230226,14.932694,14.477442,13.684716,13.513842,0,0,0,0,0,0
2025/06/13 21:54:00.931,n,11.972684,60.6864,0.000184,1.108559e-05,-4.38757e-05,6.72574e-06,13.99311,13.924872,13.634436,13.57637,14.036618,14.230226,14.929842,14.47306,13.69035,13.510896,0,0,0,0,0,0
2025/06/13 21:55:00.916,n,11.876538,60.867848,0.000178,9.3787e-06,-6.584951e-05,7.433981e-06,13.988728,13.905994,13.637366,13.542946,14.045318,14.224622,14.932694,14.47306,13.687598,13.526888,0,0,0,0,0,0
2025/06/13 21:56:00.918,n,11.866528,60.795924,0.000184,1.202398e-05,-7.11945e-05,6.290043e-06,13.97858,13.898794,13.63152,13.54435,14.04245,14.227374,14.927088,14.47306,13.681866,13.516744,0,0,0,0,0,0
2025/06/13 21:57:00.923,n,11.89143,60.751832,0.000162,6.425651e-06,-7.11945e-05,5.341188e-06,13.971346,13.898794,13.625736,13.545798,14.029352,14.23301,14.927088,14.461508,13.69035,13.509494,0,0,0,0,0,0
2025/06/13 21:58:00.924,n,11.89143,60.609548,0.000173,9.188892e-06,-8.232987e-05,7.192589e-06,13.966964,13.89003,13.61699,13.534184,14.017772,14.23301,14.932694,14.454244,13.695954,13.509494,0,0,0,0,0,0
2025/06/13 21:59:00.928,n,11.868286,60.676588,0.000162,1.125078e-05,-9.301984e-05,8.325858e-06,13.962616,13.894412,13.606828,13.53127,14.01049,14.230226,14.921468,14.454244,13.698838,13.493468,0,0,0,0,0,0
2025/06/13 22:00:00.926,n,11.828442,60.742016,0.000136,1.12981e-05,-9.301984e-05,6.5605e-06,13.946618,13.876984,13.596682,13.53127,13.996024,14.230226,14.929842,14.452776,13.6932,13.493468,0,0,0,0,0,0
2025/06/13 22:01:00.926,n,11.823464,60.771412,0.000189,3.166893e-05,-5.501108e-05,3.400034e-05,13.951002,13.901646,13.608294,13.548698,14.006156,14.207646,14.893344,14.461508,13.665008,13.500764,0,0,0,0,0,0
2025/06/13 22:02:00.930,n,11.795288,60.892408,0.000168,9.619292e-06,-8.232987e-05,8.24268e-06,13.942302,13.89588,13.598162,13.541482,13.997426,14.204796,14.898948,14.445542,13.679096,13.489118,0,0,0,0,0,0
2025/06/13 22:03:00.930,n,11.772096,60.926684,0.000168,1.188783e-05,-8.232987e-05,8.012176e-06,13.942302,13.885714,13.587918,13.529804,13.981494,14.204796,14.9018,14.435394,13.676228,13.489118,0,0,0,0,0,0
2025/06/13 22:04:00.917,n,11.669312,61.1636,0.000141,8.537492e-06,-0.000115,1.051843e-05,13.921958,13.862454,13.57637,13.510896,13.985812,14.218886,14.912946,14.425244,13.69035,13.48767,0,0,0,0,0,0
2025/06/13 22:05:00.918,n,11.584744,61.379568,0.000105,1.013649e-05,-0.000126,5.510302e-06,13.91326,13.85957,13.573406,13.503664,13.980062,14.218886,14.91583,14.416576,13.687598,13.481888,0,0,0,0,0,0
2025/06/13 22:06:00.920,n,11.56316,61.300852,0.000105,1.208507e-05,-0.000131,5.253946e-06,13.91764,13.85084,13.567608,13.496382,13.965466,14.227374,14.910192,14.423778,13.695954,13.476058,0,0,0,0,0,0
2025/06/13 22:07:00.924,n,11.55486,61.563112,0.00011,6.512621e-06,-0.000148,7.513883e-06,13.901646,13.846458,13.555994,13.497848,13.959748,14.221768,14.910192,14.409278,13.6932,13.471676,0,0,0,0,0,0
2025/06/13 22:08:00.923,n,11.556896,61.740316,0.000216,9.401402e-06,-2.75879e-05,1.220871e-05,13.919236,13.865516,13.586582,13.529886,13.978708,14.161528,14.85282,14.44569,13.641454,13.495064,0,0,0,0,0,0
2025/06/13 22:09:00.928,n,11.56022,61.602764,0.00021,9.034488e-06,-4.377131e-05,8.156101e-06,13.923554,13.86405,13.573488,13.51829,13.971444,14.164378,14.855576,14.435542,13.644208,13.492116,0,0,0,0,0,0
2025/06/13 22:10:00.928,n,11.553628,61.499544,0.000189,9.355116e-06,-4.911629e-05,7.43144e-06,13.906142,13.846606,13.563356,13.510992,13.956914,14.169982,14.850036,14.43119,13.647058,13.487768,0,0,0,0,0,0
2025/06/13 22:11:00.934,n,11.513784,61.411068,0.000194,6.337386e-06,-6.025167e-05,7.906511e-06,13.89741,13.85822,13.56194,13.508078,13.946782,14.172866,14.85282,14.418174,13.649842,13.480472,0,0,0,0,0,0
2025/06/13 22:12:00.933,n,11.493908,61.540508,0.000168,1.068963e-05,-7.643508e-05,7.364206e-06,13.890178,13.855318,13.557558,13.510992,13.942432,14.172866,14.85282,14.416676,13.649842,13.464542,0,0,0,0,0,0
2025/06/13 22:13:00.917,n,11.462318,61.463508,0.000173,1.075842e-05,-8.727352e-05,4.918541e-06,13.882896,13.827774,13.547362,13.477572,13.942432,14.181256,14.850036,14.396376,13.649842,13.473208,0,0,0,0,0,0
2025/06/13 22:14:00.921,n,11.462318,61.265168,0.000142,1.014228e-05,-9.291544e-05,5.895028e-06,13.874166,13.829176,13.54588,13.477572,13.942432,14.17847,14.855576,14.402206,13.66385,13.46886,0,0,0,0,0,0
2025/06/13 22:15:00.921,n,11.430824,61.474984,0.000147,9.094918e-06,-9.84089e-05,3.509181e-06,13.869834,13.823394,13.531368,13.473208,13.927936,14.17562,14.847184,14.39786,13.655446,13.47034,0,0,0,0,0,0
2025/06/13 22:16:00.925,n,11.407582,61.39632,0.000142,5.255912e-06,-0.000115,5.860576e-06,13.865516,13.816096,13.529886,13.46886,13.92502,14.17562,14.844416,14.402206,13.661082,13.458662,0,0,0,0,0,0
2025/06/13 22:17:00.925,n,11.4026,61.235628,0.000136,6.393099e-06,-0.00012,4.855227e-06,13.853838,13.814648,13.52267,13.471774,13.909024,14.17847,14.844416,14.393508,13.66385,13.463076,0,0,0,0,0,0
2025/06/13 22:18:00.929,n,11.39103,61.129816,0.000121,5.550016e-06,-0.000131,7.562213e-06,13.842224,13.80743,13.510992,13.464542,13.89451,14.17562,14.850036,14.38339,13.661082,13.441252,0,0,0,0,0,0
2025/06/13 22:19:00.932,n,11.40974,61.182644,0.000205,9.791272e-06,-3.837065e-05,6.722059e-06,13.852274,13.821796,13.526888,13.481758,13.911792,14.126164,14.792098,14.394844,13.611666,13.46433,0,0,0,0,0,0
2025/06/13 22:20:00.932,n,11.343384,61.368924,0.000199,1.152015e-05,-4.371563e-05,5.077825e-06,13.843544,13.82323,13.515212,13.476008,13.906028,14.126164,14.792098,14.396294,13.614516,13.461448,0,0,0,0,0,0
2025/06/13 22:21:00.933,n,11.255348,61.555788,0.000194,8.739092e-06,-5.485101e-05,6.575228e-06,13.83776,13.815934,13.502132,13.471644,13.891446,14.137436,14.794884,14.386146,13.617268,13.45275,0,0,0,0,0,0
2025/06/13 22:22:00.920,n,11.238796,61.63274,0.000178,9.143086e-06,-6.568944e-05,8.840688e-06,13.83338,13.804386,13.510896,13.45275,13.901646,14.128948,14.800504,14.37888,13.620118,13.457098,0,0,0,0,0,0
2025/06/13 22:23:00.921,n,11.198906,61.657348,0.000173,9.676868e-06,-7.103443e-05,4.879744e-06,13.824698,13.794188,13.502132,13.445454,13.887116,14.134552,14.794884,14.37316,13.622888,13.45275,0,0,0,0,0,0
2025/06/13 22:24:00.924,n,11.149052,61.814524,0.000168,7.266346e-06,-7.63794e-05,4.642837e-06,13.830462,13.792722,13.49925,13.44692,13.888564,14.1318,14.789344,14.371646,13.617268,13.458532,0,0,0,0,0,0
2025/06/13 22:25:00.927,n,11.075954,62.127076,0.000168,7.242661e-06,-8.187285e-05,4.42573e-06,13.811618,13.786956,13.492002,13.435308,13.866804,14.134552,14.786492,14.362946,13.625672,13.43964,0,0,0,0,0,0
2025/06/13 22:26:00.927,n,11.022832,62.43606,0.000147,8.829538e-06,-9.285976e-05,5.073435e-06,13.801486,13.782576,13.486138,13.441072,13.869718,14.134552,14.797716,14.36003,13.622888,13.438222,0,0,0,0,0,0
2025/06/13 22:27:00.929,n,11.059402,62.431224,0.000136,1.223233e-05,-9.835322e-05,6.463839e-06,13.797104,13.773812,13.476008,13.42946,13.852274,14.128948,14.789344,14.351396,13.625672,13.436724,0,0,0,0,0,0
2025/06/13 22:28:00.932,n,10.999538,62.097632,0.000136,9.924812e-06,-0.000104,4.69121e-06,13.791272,13.773812,13.461448,13.435308,13.845024,14.1318,14.786492,14.357162,13.625672,13.423646,0,0,0,0,0,0
2025/06/13 22:29:00.916,n,11.022832,62.156568,0.000136,5.986094e-06,-0.000115,6.809174e-06,13.778194,13.769526,13.467246,13.416348,13.846458,14.128948,14.780758,14.34558,13.628522,13.426546,0,0,0,0,0,0
2025/06/13 22:30:00.919,n,10.97459,62.321704,0.000136,6.113579e-06,-0.00012,4.966635e-06,13.778194,13.765146,13.465828,13.412032,13.843544,14.128948,14.778002,14.33978,13.622888,13.433842,0,0,0,0,0,0
2025/06/13 22:31:00.919,n,10.951398,62.403392,0.000173,3.309703e-05,-7.63794e-05,3.473322e-05,13.77531,13.770962,13.462864,13.419328,13.849374,14.109302,14.747194,14.33978,13.603278,13.436724,0,0,0,0,0,0
2025/06/13 22:32:00.916,n,10.878202,62.607644,0.000157,7.557599e-06,-0.000104,8.738574e-06,13.768046,13.773812,13.45275,13.404738,13.843544,14.103668,14.7556,14.335366,13.608912,13.426546,0,0,0,0,0,0
2025/06/13 22:33:00.916,n,10.83328,63.036936,0.000147,6.585903e-06,-0.00012,8.405582e-06,13.754966,13.753532,13.44692,13.403336,13.83193,14.11494,14.76399,14.322398,13.614516,13.419328,0,0,0,0,0,0
2025/06/13 22:34:00.920,n,10.768486,63.20652,0.00011,9.911982e-06,-0.000131,8.657554e-06,13.746268,13.74192,13.433842,13.39604,13.81885,14.11779,14.76399,14.313666,13.622888,13.406186,0,0,0,0,0,0
2025/06/13 22:35:00.921,n,10.723492,63.354948,0.00021,1.201011e-05,-2.774797e-05,8.450288e-06,13.777948,13.76342,13.47425,13.41902,13.85203,14.04416,14.690316,14.348234,13.552264,13.439362,0,0,0,0,0,0
2025/06/13 22:36:00.921,n,10.706844,63.431508,0.0002,1.103911e-05,-4.422833e-05,6.261783e-06,13.770684,13.756138,13.458288,13.41902,13.8404,14.04701,14.693166,14.34242,13.54663,13.439362,0,0,0,0,0,0
2025/06/13 22:37:00.926,n,10.68028,63.680676,0.0002,4.657075e-06,-6.041174e-05,7.49751e-06,13.76342,13.751806,13.449558,13.407374,13.822922,14.055498,14.698772,14.34097,13.557868,13.430664,0,0,0,0,0,0
2025/06/13 22:38:00.927,n,10.612068,63.848356,0.000189,5.810987e-06,-6.041174e-05,7.287296e-06,13.757636,13.743108,13.450974,13.408808,13.821488,14.05825,14.693166,14.329354,13.557868,13.432098,0,0,0,0,0,0
2025/06/13 22:39:00.928,n,10.63199,64.076088,0.000184,9.572034e-06,-7.68921e-05,5.651308e-06,13.75034,13.740192,13.442262,13.408808,13.806992,14.052614,14.690316,14.329354,13.557868,13.424834,0,0,0,0,0,0
2025/06/13 22:40:00.915,n,10.62037,64.022376,0.000173,9.404836e-06,-8.223707e-05,5.922195e-06,13.735812,13.744576,13.427686,13.397164,13.81569,14.052614,14.693166,14.310522,13.552264,13.416072,0,0,0,0,0,0
2025/06/13 22:41:00.920,n,10.602058,64.13302,0.000152,7.293321e-06,-9.30755e-05,5.068339e-06,13.730028,13.737292,13.421952,13.389948,13.80844,14.04701,14.69592,14.304754,13.566354,13.41319,0,0,0,0,0,0
2025/06/13 22:42:00.918,n,10.597076,64.25148,0.000136,7.123237e-06,-0.00011,7.490895e-06,13.716916,13.72858,13.41902,13.382684,13.798294,14.055498,14.693166,14.304754,13.566354,13.411724,0,0,0,0,0,0
2025/06/13 22:43:00.922,n,10.605428,64.478332,0.000142,5.918267e-06,-0.000104,6.398048e-06,13.714034,13.716916,13.408808,13.368092,13.783732,14.052614,14.687562,14.307638,13.56347,13.401578,0,0,0,0,0,0
2025/06/13 22:44:00.921,n,10.567146,64.329848,0.000147,6.884741e-06,-0.00011,6.356926e-06,13.705368,13.708236,13.407374,13.369574,13.780866,14.04701,14.681924,14.29454,13.569106,13.401578,0,0,0,0,0,0
2025/06/13 22:45:00.926,n,10.585408,64.448988,0.000115,8.318445e-06,-0.000131,7.116977e-06,13.70242,13.708236,13.40306,13.360844,13.770684,14.052614,14.687562,14.297458,13.569106,13.398678,0,0,0,0,0,0
2025/06/13 22:46:00.925,n,10.535504,64.308608,0.00011,9.090796e-06,-0.000131,5.894973e-06,13.69369,13.699506,13.3957,13.35508,13.757636,14.052614,14.684774,14.284472,13.566354,13.391382,0,0,0,0,0,0
2025/06/13 22:47:00.928,n,10.532136,64.28576,0.000105,8.800888e-06,-0.000153,9.441374e-06,13.684992,13.682076,13.381204,13.353612,13.751806,14.05825,14.684774,14.28009,13.56347,13.385584,0,0,0,0,0,0
2025/06/13 22:48:00.929,n,10.575692,64.300728,0.000226,7.073004e-06,-1.690953e-05,5.891257e-06,13.73226,13.738108,13.422686,13.399378,13.788912,14.007232,14.633764,14.325868,13.520912,13.434298,0,0,0,0,0,0
2025/06/13 22:49:00.916,n,10.56905,64.243944,0.000215,6.485687e-06,-3.309295e-05,6.495931e-06,13.703218,13.723596,13.405226,13.37762,13.784562,14.012836,14.639384,14.292554,13.52368,13.406706,0,0,0,0,0,0
2025/06/13 22:50:00.918,n,10.555768,64.120352,0.000205,1.017941e-05,-4.957331e-05,6.367244e-06,13.698838,13.719214,13.397944,13.37762,13.77733,14.015686,14.636534,14.295438,13.52368,13.406706,0,0,0,0,0,0
2025/06/13 22:51:00.919,n,10.544098,64.104096,0.000205,6.889806e-06,-4.957331e-05,6.740298e-06,13.690138,13.716298,13.400846,13.368858,13.770066,14.015686,14.633764,14.298352,13.52368,13.406706,0,0,0,0,0,0
2025/06/13 22:52:00.922,n,10.545758,63.990232,0.000189,9.496698e-06,-6.041174e-05,4.667951e-06,13.684308,13.709,13.396462,13.361576,13.770066,14.021338,14.636534,14.289654,13.532166,13.406706,0,0,0,0,0,0
2025/06/13 22:53:00.924,n,10.52247,63.721772,0.000199,5.863441e-06,-7.659515e-05,7.063339e-06,13.684308,13.69304,13.383386,13.35578,13.761302,14.012836,14.64217,14.28097,13.52368,13.396462,0,0,0,0,0,0
2025/06/13 22:54:00.926,n,10.474178,63.37158,0.000178,9.635394e-06,-7.659515e-05,5.710831e-06,13.669796,13.68869,13.384852,13.351398,13.743874,14.004478,14.630896,14.279504,13.529314,13.400846,0,0,0,0,0,0
2025/06/13 22:55:00.927,n,10.509136,63.606148,0.000157,6.909466e-06,-8.773054e-05,6.137832e-06,13.66253,13.679992,13.37324,13.34267,13.73661,14.010082,14.633764,14.276588,13.532166,13.383386,0,0,0,0,0,0
2025/06/13 22:56:00.931,n,10.489216,63.996772,0.000163,8.450342e-06,-9.856896e-05,1.03835e-05,13.661082,13.671262,13.365958,13.336872,13.729344,14.015686,14.625372,14.272206,13.537802,13.38047,0,0,0,0,0,0
2025/06/13 22:57:00.931,n,10.455914,63.998384,0.000152,9.629224e-06,-9.856896e-05,6.336316e-06,13.652352,13.669796,13.351398,13.341252,13.725028,14.010082,14.625372,14.26354,13.526548,13.381952,0,0,0,0,0,0
2025/06/13 22:58:00.918,n,10.410896,63.863324,0.000152,7.033991e-06,-0.000109,5.82797e-06,13.637838,13.675612,13.345584,13.33249,13.722128,14.012836,14.628126,14.244692,13.537802,13.370338,0,0,0,0,0,0
2025/06/13 22:59:00.921,n,10.409284,63.866644,0.000136,9.660032e-06,-0.000115,1.067548e-05,13.633474,13.659616,13.341252,13.320894,13.720648,14.012836,14.622522,14.250458,13.534918,13.370338,0,0,0,0,0,0
2025/06/13 23:00:00.921,n,10.342632,64.087836,0.000126,7.418629e-06,-0.00012,7.799207e-06,13.621812,13.649468,13.338352,13.313564,13.709,14.010082,14.630896,14.235992,13.537802,13.371772,0,0,0,0,0,0
2025/06/13 23:01:00.927,n,10.332624,64.159372,0.000184,2.681872e-05,-5.506676e-05,2.768885e-05,13.637838,13.666912,13.347018,13.328174,13.719214,13.970614,14.585994,14.26354,13.504038,13.389234,0,0,0,0,0,0
2025/06/13 23:02:00.925,n,10.369244,64.102484,0.000163,9.439252e-06,-8.773054e-05,8.998598e-06,13.633474,13.646568,13.344168,13.323794,13.711916,13.981868,14.597236,14.256306,13.515308,13.383386,0,0,0,0,0,0
2025/06/13 23:03:00.928,n,10.334332,63.965864,0.000147,7.300225e-06,-0.000109,7.377593e-06,13.629092,13.650886,13.335406,13.317946,13.698838,13.987588,14.605642,14.243258,13.520912,13.376154,0,0,0,0,0,0
2025/06/13 23:04:00.932,n,10.329354,63.868256,0.00012,1.018747e-05,-0.00012,7.686332e-06,13.610198,13.631976,13.320894,13.309282,13.685806,13.99609,14.602874,14.237458,13.529314,13.364476,0,0,0,0,0,0
2025/06/13 23:05:00.931,n,10.277692,64.02114,0.000105,9.423362e-06,-0.000137,5.802533e-06,13.605818,13.631976,13.322294,13.306334,13.677044,13.998842,14.605642,14.234542,13.532166,13.354346,0,0,0,0,0,0
2025/06/13 23:06:00.933,n,10.270196,63.88566,0.000216,1.030479e-05,-2.189029e-05,5.596454e-06,13.642792,13.6617,13.344722,13.337424,13.706674,13.943686,14.55323,14.27294,13.471284,13.3927,0,0,0,0,0,0
2025/06/13 23:07:00.920,n,10.246902,63.683848,0.00021,1.393938e-05,-3.28772e-05,5.711976e-06,13.615184,13.670398,13.34034,13.327262,13.711086,13.943686,14.550478,14.254092,13.47692,13.384004,0,0,0,0,0,0
2025/06/13 23:08:00.922,n,10.213554,63.859584,0.0002,7.621263e-06,-4.371563e-05,6.305479e-06,13.613716,13.655852,13.331642,13.317116,13.70242,13.940836,14.550478,14.24684,13.474134,13.38109,0,0,0,0,0,0
2025/06/13 23:09:00.922,n,10.231866,63.664224,0.0002,6.590021e-06,-4.906061e-05,5.892918e-06,13.602104,13.64714,13.325796,13.312736,13.687842,13.946442,14.558868,14.242458,13.482524,13.379656,0,0,0,0,0,0
2025/06/13 23:10:00.925,n,10.171902,63.481848,0.000194,6.881363e-06,-4.371563e-05,7.197503e-06,13.603554,13.636944,13.327262,13.312736,13.686394,13.946442,14.547626,14.23666,13.47692,13.369412,0,0,0,0,0,0
2025/06/13 23:11:00.930,n,10.138554,63.646352,0.000184,8.768756e-06,-7.103443e-05,4.699327e-06,13.594824,13.628244,13.317116,13.298158,13.673282,13.943686,14.556018,14.235194,13.488256,13.369412,0,0,0,0,0,0
2025/06/13 23:12:00.931,n,10.113552,63.682188,0.000168,6.499615e-06,-7.63794e-05,4.52981e-06,13.58756,13.622416,13.308354,13.296678,13.6675,13.943686,14.550478,14.229394,13.482524,13.366562,0,0,0,0,0,0
2025/06/13 23:13:00.930,n,10.121902,63.665884,0.000168,9.889866e-06,-8.736632e-05,6.964034e-06,13.591908,13.618098,13.308354,13.292328,13.657318,13.946442,14.547626,14.222162,13.482524,13.360714,0,0,0,0,0,0
2025/06/13 23:14:00.933,n,10.096906,63.726136,0.000152,8.98128e-06,-8.736632e-05,7.168435e-06,13.577412,13.613716,13.290896,13.290896,13.648622,13.949194,14.544858,14.222162,13.482524,13.354868,0,0,0,0,0,0
2025/06/13 23:15:00.919,n,10.088554,63.625208,0.000168,1.221341e-05,-0.000104,5.087611e-06,13.565766,13.619514,13.282166,13.2807,13.654436,13.952076,14.544858,14.206228,13.488256,13.338874,0,0,0,0,0,0
2025/06/13 23:16:00.905,n,10.043534,63.976724,0.000142,9.75055e-06,-9.820474e-05,5.327323e-06,13.557036,13.623928,13.273436,13.290896,13.62533,13.946442,14.53922,14.201846,13.49101,13.335958,0,0,0,0,0,0
2025/06/13 23:17:00.906,n,9.988552,64.209244,0.000158,6.456739e-06,-0.000104,6.719026e-06,13.555538,13.62095,13.273436,13.289396,13.632628,13.946442,14.542006,14.20038,13.488256,13.343254,0,0,0,0,0,0
2025/06/13 23:18:00.908,n,9.926834,64.2548,0.000142,6.843524e-06,-0.000109,4.300706e-06,13.533778,13.602104,13.255962,13.277784,13.622416,13.952076,14.53922,14.187348,13.488256,13.324348,0,0,0,0,0,0
2025/06/13 23:19:00.910,n,9.896854,64.378336,0.000131,5.235964e-06,-0.000126,3.924865e-06,13.532312,13.602104,13.248714,13.274838,13.612284,13.946442,14.536468,14.178584,13.482524,13.31565,0,0,0,0,0,0
2025/06/13 23:20:00.913,n,9.93821,64.379572,0.000226,6.175079e-06,-2.769461e-05,6.603272e-06,13.536792,13.61528,13.26777,13.288078,13.628392,13.848968,14.436062,14.19468,13.387978,13.33464,0,0,0,0,0,0
2025/06/13 23:21:00.914,n,9.90984,64.324396,0.000231,7.505109e-06,-3.303959e-05,7.327433e-06,13.536792,13.605132,13.26777,13.275032,13.626926,13.848968,14.43883,14.193212,13.385194,13.340488,0,0,0,0,0,0
2025/06/13 23:22:00.916,n,9.913208,64.326056,0.000226,9.329672e-06,-3.303959e-05,5.563631e-06,13.526644,13.602234,13.263388,13.273584,13.624044,13.854522,14.436062,14.18598,13.387978,13.333272,0,0,0,0,0,0
2025/06/13 23:23:00.919,n,9.846462,64.335824,0.0002,7.491326e-06,-3.303959e-05,6.493824e-06,13.539722,13.589156,13.26777,13.260472,13.61528,13.846116,14.430344,14.196114,13.39358,13.344868,0,0,0,0,0,0
2025/06/13 23:24:00.922,n,9.819802,64.624352,0.0002,7.256917e-06,-4.387802e-05,5.278936e-06,13.530994,13.583358,13.273584,13.26777,13.619662,13.846116,14.430344,14.19468,13.385194,13.346318,0,0,0,0,0,0
2025/06/13 23:25:00.907,n,9.758034,64.541144,0.0002,7.131937e-06,-3.853304e-05,6.688396e-06,13.525178,13.594936,13.251776,13.261906,13.606616,13.84333,14.43321,14.172916,13.390828,13.337586,0,0,0,0,0,0
2025/06/13 23:26:00.910,n,9.786404,64.934112,0.000184,7.271323e-06,-7.119681e-05,7.453614e-06,13.50627,13.581858,13.240066,13.245914,13.599286,13.84333,14.424724,14.165684,13.3992,13.320128,0,0,0,0,0,0
2025/06/13 23:27:00.911,n,9.763012,64.686308,0.000189,5.968912e-06,-6.585183e-05,2.752219e-06,13.503386,13.570246,13.237216,13.250294,13.590622,13.848968,14.43321,14.168598,13.3992,13.323028,0,0,0,0,0,0
2025/06/13 23:28:00.912,n,9.783082,64.524832,0.000163,1.104566e-05,-8.767716e-05,7.893919e-06,13.490276,13.5601,13.235752,13.234318,13.58624,13.854522,14.421936,14.155484,13.390828,13.318648,0,0,0,0,0,0
2025/06/13 23:29:00.915,n,9.749684,64.322836,0.000168,9.64464e-06,-7.119681e-05,5.479857e-06,13.498974,13.561548,13.224106,13.244448,13.587674,13.840482,14.419184,14.165684,13.39358,13.32889,0,0,0,0,0,0
2025/06/13 23:30:00.915,n,9.706326,64.093588,0.000184,9.441032e-06,-8.218372e-05,4.687353e-06,13.485894,13.54987,13.225572,13.226988,13.57606,13.851736,14.424724,14.152634,13.396382,13.318648,0,0,0,0,0,0
2025/06/13 23:31:00.920,n,9.664624,64.205796,0.000205,3.353261e-05,-4.951995e-05,3.662243e-05,13.503386,13.56733,13.238632,13.243046,13.584774,13.823638,14.399536,14.170016,13.376708,13.330292,0,0,0,0,0,0
2025/06/13 23:32:00.921,n,9.61438,64.322836,0.000189,1.320531e-05,-6.585183e-05,8.458114e-06,13.48736,13.541172,13.226988,13.228456,13.565864,13.826392,14.407942,14.159834,13.37959,13.311416,0,0,0,0,0,0
2025/06/13 23:33:00.923,n,9.577808,64.510184,0.000168,1.116062e-05,-8.767716e-05,8.50596e-06,13.47428,13.535374,13.215378,13.213912,13.551334,13.832092,14.402322,14.145336,13.382342,13.304102,0,0,0,0,0,0
2025/06/13 23:34:00.908,n,9.630932,64.821664,0.000157,8.899494e-06,-9.302216e-05,5.50567e-06,13.461204,13.539722,13.20668,13.221224,13.555718,13.829242,14.402322,14.12649,13.385194,13.291042,0,0,0,0,0,0
2025/06/13 23:35:00.913,n,9.602712,64.842804,0.000157,1.198966e-05,-0.000109,6.585412e-06,13.458288,13.533908,13.203766,13.199386,13.54987,13.829242,14.405172,14.130854,13.390828,13.29539,0,0,0,0,0,0
2025/06/13 23:36:00.913,n,9.561158,64.536264,0.000147,1.006929e-05,-0.000115,8.087324e-06,13.44521,13.522264,13.193538,13.205198,13.538256,13.832092,14.405172,14.125024,13.385194,13.291042,0,0,0,0,0,0
2025/06/13 23:37:00.915,n,9.544506,64.534652,0.000131,4.766475e-06,-0.00012,4.924447e-06,13.436512,13.512116,13.18336,13.18336,13.52956,13.829242,14.405172,14.11779,13.390828,13.28526,0,0,0,0,0,0
2025/06/13 23:38:00.919,n,9.522224,64.429816,0.000226,1.08719e-05,-2.225451e-05,5.598595e-06,13.461024,13.529366,13.209334,13.20787,13.554072,13.77979,14.347224,14.146656,13.335682,13.302474,0,0,0,0,0,0
2025/06/13 23:39:00.921,n,9.47237,64.767464,0.000221,6.793504e-06,-3.309295e-05,9.908402e-06,13.463924,13.524984,13.204988,13.206468,13.543894,13.785394,14.355598,14.142274,13.335682,13.311236,0,0,0,0,0,0
2025/06/13 23:40:00.920,n,9.407528,65.003792,0.000221,7.416104e-06,-4.957331e-05,6.391773e-06,13.45376,13.516286,13.203554,13.202104,13.530814,13.776938,14.349978,14.137924,13.338532,13.30539,0,0,0,0,0,0
2025/06/13 23:41:00.922,n,9.360992,65.225228,0.0002,6.97071e-06,-3.309295e-05,7.986052e-06,13.446464,13.51482,13.191876,13.203554,13.53228,13.774056,14.344472,14.127808,13.341286,13.296678,0,0,0,0,0,0
2025/06/13 23:42:00.925,n,9.321054,65.293632,0.00021,7.676325e-06,-4.422833e-05,6.316073e-06,13.439232,13.509006,13.180234,13.194792,13.511906,13.774056,14.344472,14.126308,13.335682,13.293778,0,0,0,0,0,0
2025/06/13 23:43:00.912,n,9.33604,65.414048,0.0002,1.078229e-05,-6.590519e-05,6.588158e-06,13.417392,13.510438,13.173002,13.187562,13.519202,13.77979,14.34159,14.10023,13.338532,13.277752,0,0,0,0,0,0
2025/06/13 23:44:00.913,n,9.28946,65.711656,0.000184,8.709772e-06,-6.041174e-05,8.007316e-06,13.414476,13.509006,13.162774,13.187562,13.51482,13.77979,14.34159,14.104562,13.338532,13.285048,0,0,0,0,0,0
2025/06/13 23:45:00.914,n,9.236188,65.909896,0.000168,1.549412e-05,-8.773054e-05,7.480799e-06,13.404312,13.494446,13.165722,13.173002,13.503208,13.776938,14.34159,14.101646,13.344054,13.276318,0,0,0,0,0,0
