"Timestamp","TZ","TA_1_1_1","RH_1_1_1","PPFD_BC_IN_1_1_1","PPFD_BC_IN_1_1_1_SD","PPFD_BC_IN_1_1_2","PPFD_BC_IN_1_1_2_SD","TS_6_1_1","TS_6_2_1","TS_7_1_1","TS_7_2_1","TS_8_1_1","TS_8_2_1","TS_9_1_1","TS_9_2_1","TS_10_1_1","TS_10_2_1","P_1_2_1","P_1_3_1","P_1_4_1","1160CV","1038CV","1161CV"
2025/04/05 23:46:00.924,n,-2.457489,46.554696,0.000199,7.348203e-06,-3.271713e-05,8.434906e-06,4.929806,5.204575,5.100261,5.358811,4.91801,5.486159,5.405398,5.61161,5.477871,5.641137,0,0,0,0,0,0
2025/04/05 23:47:00.926,n,-2.506657,46.446004,0.000209,8.741456e-06,-3.271713e-05,6.907047e-06,4.928296,5.208978,5.095857,5.361686,4.9107,5.4638,5.391423,5.61161,5.47228,5.639659,0,0,0,0,0,0
2025/04/05 23:48:00.930,n,-2.532147,47.0879,0.000194,7.929312e-06,-3.821058e-05,2.828696e-06,4.926833,5.207566,5.084079,5.355805,4.901861,5.469487,5.394266,5.605727,5.475027,5.633793,0,0,0,0,0,0
2025/04/05 23:49:00.930,n,-2.55246,48.395612,0.000209,7.274343e-06,-4.355556e-05,4.851284e-06,4.9107,5.206038,5.087084,5.354342,4.901861,5.475027,5.391423,5.596839,5.469487,5.633793,0,0,0,0,0,0
2025/04/05 23:50:00.934,n,-2.574528,48.787996,0.000204,6.160417e-06,-4.355556e-05,7.807619e-06,4.9107,5.204575,5.076783,5.358811,4.884201,5.469487,5.391423,5.596839,5.469487,5.630801,0,0,0,0,0,0
2025/04/05 23:51:00.934,n,-2.613545,49.256648,0.000183,9.50037e-06,-5.973897e-05,7.059062e-06,4.901861,5.197264,5.075256,5.349971,4.888636,5.475027,5.391423,5.588031,5.475027,5.613073,0,0,0,0,0,0
2025/04/05 23:52:00.921,n,-2.623749,49.241656,0.000199,9.054914e-06,-5.973897e-05,2.631641e-06,4.900367,5.178139,5.078245,5.347045,4.887141,5.469487,5.388644,5.595409,5.477871,5.630801,0,0,0,0,0,0
2025/04/05 23:53:00.921,n,-2.642353,48.444048,0.000178,8.213889e-06,-7.087435e-05,6.796902e-06,4.897441,5.175198,5.078245,5.336744,4.878302,5.469487,5.394266,5.595409,5.483396,5.630801,0,0,0,0,0,0
2025/04/05 23:54:00.924,n,-2.638981,48.164948,0.000173,1.076178e-05,-6.523242e-05,8.217526e-06,4.901861,5.181064,5.076783,5.341147,4.884201,5.469487,5.388644,5.596839,5.466643,5.62193,0,0,0,0,0,0
2025/04/05 23:55:00.924,n,-2.669499,48.166608,0.000183,8.237447e-06,-7.621933e-05,5.596608e-06,4.895963,5.167838,5.069422,5.332372,4.873901,5.4638,5.385883,5.585073,5.475027,5.619004,0,0,0,0,0,0
2025/04/05 23:56:00.913,n,-2.739079,48.964852,0.000162,8.75342e-06,-8.171278e-05,5.63451e-06,4.878302,5.166327,5.059121,5.324996,4.87247,5.47228,5.388644,5.570302,5.48065,5.62193,0,0,0,0,0,0
2025/04/05 23:57:00.913,n,-2.78664,49.318268,0.000157,8.702204e-06,-9.240276e-05,7.438151e-06,4.878302,5.154628,5.054751,5.308861,4.859164,5.47228,5.391423,5.565849,5.48065,5.61161,0,0,0,0,0,0
2025/04/05 23:58:00.929,n,-2.832489,49.608112,0.000157,5.98577e-06,-8.705776e-05,7.060801e-06,4.87684,5.167838,5.051745,5.324996,4.850374,5.466643,5.388644,5.568839,5.475027,5.6042,0,0,0,0,0,0
2025/04/05 23:59:00.918,n,-2.868134,50.065532,0.000141,7.418542e-06,-9.78962e-05,5.884445e-06,4.87247,5.144326,5.057643,5.311736,4.854826,5.466643,5.391423,5.565849,5.486159,5.608668,0,0,0,0,0,0
2025/04/06 00:00:00.919,n,-2.912274,50.148688,0.000141,7.767671e-06,-0.000109,7.863297e-06,4.869497,5.144326,5.050282,5.308861,4.848929,5.469487,5.385883,5.57178,5.475027,5.608668,0,0,0,0,0,0
2025/04/06 00:01:00.911,n,-2.932636,50.353036,0.000209,2.834604e-05,-4.904901e-05,3.275734e-05,4.873901,5.161989,5.065019,5.320593,4.865095,5.433266,5.358112,5.57178,5.449905,5.62344,0,0,0,0,0,0
2025/04/06 00:02:00.912,n,-2.949627,50.053912,0.000183,5.963282e-06,-7.087435e-05,8.451774e-06,4.87096,5.15167,5.059121,5.308861,4.856304,5.438774,5.366383,5.564435,5.458274,5.616063,0,0,0,0,0,0
2025/04/06 00:03:00.916,n,-2.930927,50.085552,0.000173,7.241234e-06,-9.78962e-05,6.652554e-06,4.863632,5.15167,5.053223,5.311736,4.845971,5.452765,5.372006,5.559967,5.469487,5.613073,0,0,0,0,0,0
2025/04/06 00:04:00.918,n,-2.949627,49.81446,0.000152,7.757186e-06,-9.78962e-05,7.694437e-06,4.856304,5.138493,5.045944,5.300055,4.835703,5.449905,5.372006,5.558472,5.4638,5.607206,0,0,0,0,0,0
2025/04/06 00:05:00.918,n,-2.981854,49.874324,0.000146,1.107673e-05,-0.000114,5.861678e-06,4.845971,5.13552,5.037073,5.304457,4.823925,5.449905,5.374767,5.549664,5.469487,5.60277,0,0,0,0,0,0
2025/04/06 00:06:00.920,n,-3.037956,49.22662,0.000131,6.880612e-06,-0.00012,8.582844e-06,4.842998,5.120831,5.025309,5.295601,4.809205,5.455528,5.374767,5.548201,5.466643,5.590972,0,0,0,0,0,0
2025/04/06 00:07:00.921,n,-3.026043,49.04322,0.000136,8.684074e-06,-0.00012,6.599718e-06,4.829805,5.125252,5.022401,5.283886,4.815102,5.449905,5.374767,5.545211,5.48065,5.583596,0,0,0,0,0,0
2025/04/06 00:08:00.926,n,-3.031872,49.1079,0.000204,1.085787e-05,-3.262201e-05,4.812272e-06,4.863843,5.156335,5.053483,5.33408,4.838839,5.405641,5.324882,5.57183,5.422265,5.616127,0,0,0,0,0,0
2025/04/06 00:09:00.926,n,-3.055653,49.514492,0.000204,1.170792e-05,-4.346045e-05,8.255957e-06,4.860853,5.156335,5.047651,5.328213,4.830016,5.405641,5.319342,5.570431,5.422265,5.620597,0,0,0,0,0,0
2025/04/06 00:10:00.911,n,-3.052235,50.020448,0.000215,1.063474e-05,-4.346045e-05,4.878635e-06,4.859441,5.151931,5.056424,5.320837,4.853542,5.394511,5.322135,5.57183,5.427887,5.622059,0,0,0,0,0,0
2025/04/06 00:11:00.914,n,-3.055653,49.985484,0.000204,7.40006e-06,-3.811546e-05,5.440269e-06,4.855021,5.150469,5.050559,5.307642,4.837377,5.4001,5.322135,5.570367,5.425141,5.620597,0,0,0,0,0,0
2025/04/06 00:12:00.915,n,-3.033581,50.35448,0.000204,8.034195e-06,-4.89539e-05,3.704784e-06,4.855021,5.141662,5.053483,5.310567,4.832942,5.4001,5.316595,5.56606,5.427887,5.61759,0,0,0,0,0,0
2025/04/06 00:13:00.918,n,-3.040318,50.376064,0.000194,8.805364e-06,-6.528579e-05,5.803507e-06,4.846182,5.140199,5.041752,5.306179,4.824151,5.397289,5.313751,5.56606,5.422265,5.611724,0,0,0,0,0,0
2025/04/06 00:14:00.921,n,-3.03529,49.785828,0.000204,1.017839e-05,-5.99408e-05,4.62185e-06,4.84914,5.135797,5.038828,5.310567,4.819717,5.394511,5.311005,5.55722,5.425141,5.611724,0,0,0,0,0,0
2025/04/06 00:15:00.921,n,-3.033581,49.41288,0.000183,8.993068e-06,-5.459582e-05,8.957894e-06,4.837377,5.128435,5.027048,5.306179,4.806475,5.397289,5.316595,5.555757,5.430763,5.599894,0,0,0,0,0,0
2025/04/06 00:16:00.925,n,-3.03529,49.439588,0.000183,1.053086e-05,-7.612422e-05,5.589852e-06,4.827109,5.126973,5.028526,5.29591,4.802106,5.402879,5.322135,5.549924,5.427887,5.607255,0,0,0,0,0,0
2025/04/06 00:17:00.927,n,-3.031872,49.232948,0.000167,5.637203e-06,-7.612422e-05,6.383948e-06,4.822674,5.132871,5.024091,5.303207,4.794746,5.397289,5.319342,5.549924,5.430763,5.588063,0,0,0,0,0,0
2025/04/06 00:18:00.929,n,-3.048817,49.02958,0.000162,1.164174e-05,-8.696266e-05,7.671821e-06,4.821179,5.125495,5.010849,5.29591,4.791755,5.405641,5.319342,5.538142,5.433509,5.588063,0,0,0,0,0,0
2025/04/06 00:19:00.913,n,-3.021668,48.9912,0.000146,1.124825e-05,-9.260458e-05,5.878514e-06,4.813818,5.115227,5.010849,5.282732,4.790277,5.394511,5.322135,5.529351,5.433509,5.593962,0,0,0,0,0,0
2025/04/06 00:20:00.917,n,-3.064148,49.301308,0.000157,7.196853e-06,-9.260458e-05,5.640754e-06,4.812357,5.107865,5.012327,5.275356,4.784445,5.405641,5.316595,5.530814,5.436353,5.592467,0,0,0,0,0,0
2025/04/06 00:21:00.919,n,-3.045445,49.132948,0.000146,4.98766e-06,-0.000109,6.202321e-06,4.806475,5.103462,5.009387,5.278264,4.779978,5.4001,5.319342,5.529351,5.433509,5.585138,0,0,0,0,0,0
2025/04/06 00:22:00.919,n,-3.053944,48.440272,0.000141,6.996793e-06,-0.000114,7.317283e-06,4.800642,5.096102,5.002026,5.275356,4.772618,5.397289,5.313751,5.524946,5.439132,5.582197,0,0,0,0,0,0
2025/04/06 00:23:00.923,n,-3.070934,49.584512,0.000146,8.078613e-06,-0.000109,6.866139e-06,4.800642,5.093161,4.999151,5.270935,4.771155,5.394511,5.319342,5.527873,5.433509,5.588063,0,0,0,0,0,0
2025/04/06 00:24:00.923,n,-3.053944,49.536172,0.000141,8.94467e-06,-0.000109,1.029331e-05,4.788816,5.088725,4.988817,5.266532,4.756451,5.394511,5.313751,5.522006,5.436353,5.576298,0,0,0,0,0,0
2025/04/06 00:25:00.925,n,-3.065857,49.222988,0.000125,7.131031e-06,-0.000125,5.660302e-06,4.78295,5.081462,4.988817,5.266532,4.753545,5.391732,5.311005,5.514677,5.439132,5.570367,0,0,0,0,0,0
2025/04/06 00:26:00.927,n,-3.057362,48.805996,0.000125,9.786456e-06,-0.000125,4.699327e-06,4.78295,5.0858,4.981489,5.270935,4.750619,5.397289,5.316595,5.510273,5.439132,5.560128,0,0,0,0,0,0
2025/04/06 00:27:00.929,n,-3.070934,48.538856,0.00012,4.678801e-06,-0.000125,7.090425e-06,4.778547,5.082925,4.974114,5.267994,4.743244,5.397289,5.311005,5.504374,5.439132,5.567523,0,0,0,0,0,0
2025/04/06 00:28:00.918,n,-3.036545,48.647944,0.00023,7.89306e-06,-1.105186e-05,7.159047e-06,4.803583,5.104989,5.010914,5.279824,4.781505,5.328816,5.250851,5.539638,5.376197,5.601242,0,0,0,0,0,0
2025/04/06 00:29:00.916,n,-3.060372,48.536028,0.00022,8.661582e-06,-2.753222e-05,5.331259e-06,4.802106,5.102064,5.009484,5.281286,4.777085,5.334356,5.250851,5.530846,5.370608,5.599829,0,0,0,0,0,0
2025/04/06 00:30:00.919,n,-3.053536,48.520992,0.00022,5.241267e-06,-2.753222e-05,5.406108e-06,4.794746,5.09178,4.999183,5.285658,4.768279,5.320479,5.253695,5.532309,5.376197,5.589591,0,0,0,0,0,0
2025/04/06 00:31:00.912,n,-3.026386,49.268552,0.000288,2.86995e-05,2.695689e-05,3.126136e-05,4.79918,5.106452,5.019752,5.285658,4.784477,5.30098,5.223066,5.536744,5.351108,5.602738,0,0,0,0,0,0
2025/04/06 00:32:00.912,n,-3.017891,49.015084,0.000246,9.116766e-06,5.131553e-06,9.98688e-06,4.787418,5.097629,5.007957,5.278328,4.772682,5.31211,5.231435,5.533804,5.356698,5.59393,0,0,0,0,0,0
2025/04/06 00:33:00.912,n,-3.004269,49.04682,0.000257,9.907484e-06,-2.134281e-07,6.313209e-06,4.787418,5.093193,4.999183,5.263688,4.768279,5.309348,5.228591,5.522039,5.365067,5.595409,0,0,0,0,0,0
2025/04/06 00:34:00.915,n,-2.987278,48.71308,0.000215,1.159995e-05,-2.203877e-05,8.195003e-06,4.785939,5.082957,4.99621,5.263688,4.766817,5.317732,5.228591,5.517635,5.365067,5.586665,0,0,0,0,0,0
2025/04/06 00:35:00.916,n,-2.973702,49.678264,0.00022,7.567166e-06,-2.753222e-05,6.36726e-06,4.775607,5.084452,4.990344,5.263688,4.752082,5.314938,5.231435,5.517635,5.367829,5.583692,0,0,0,0,0,0
2025/04/06 00:36:00.918,n,-2.978829,49.724944,0.000204,1.149613e-05,-3.837065e-05,7.101133e-06,4.77122,5.074118,4.983016,5.269522,4.753545,5.317732,5.234214,5.516172,5.367829,5.579321,0,0,0,0,0,0
2025/04/06 00:37:00.905,n,-2.971993,48.7581,0.000215,1.124848e-05,-3.837065e-05,8.024803e-06,4.756484,5.080016,4.975641,5.25779,4.749205,5.317732,5.228591,5.500036,5.367829,5.577858,0,0,0,0,0,0
2025/04/06 00:38:00.909,n,-2.985569,48.078072,0.000215,6.296894e-06,-4.371563e-05,5.037033e-06,4.755021,5.072656,4.969743,5.246026,4.741813,5.314938,5.234214,5.501498,5.365067,5.574867,0,0,0,0,0,0
2025/04/06 00:39:00.909,n,-2.97712,48.733052,0.000209,5.546872e-06,-5.455407e-05,6.796926e-06,4.755021,5.072656,4.974179,5.253387,4.741813,5.31211,5.234214,5.500036,5.376197,5.57633,0,0,0,0,0,0
2025/04/06 00:40:00.910,n,-2.948216,49.23188,0.000204,7.454503e-06,-4.906061e-05,5.123542e-06,4.746217,5.053516,4.966817,5.243053,4.735916,5.31211,5.234214,5.492724,5.370608,5.564615,0,0,0,0,0,0
2025/04/06 00:41:00.911,n,-2.854855,49.676656,0.000194,6.052307e-06,-6.019599e-05,4.924939e-06,4.750619,5.052054,4.966817,5.237187,4.731513,5.306601,5.228591,5.494219,5.370608,5.571991,0,0,0,0,0,0
2025/04/06 00:42:00.913,n,-2.824288,48.320504,0.000178,7.508895e-06,-7.088595e-05,7.451556e-06,4.756484,5.057952,4.963877,5.235724,4.730018,5.306601,5.220223,5.486825,5.367829,5.569019,0,0,0,0,0,0
2025/04/06 00:43:00.917,n,-2.797093,48.128216,0.000183,8.942792e-06,-6.554097e-05,4.519139e-06,4.744754,5.050656,4.960969,5.241655,4.724121,5.306601,5.225846,5.486825,5.367829,5.573389,0,0,0,0,0,0
2025/04/06 00:44:00.919,n,-2.793675,47.118208,0.000167,9.189876e-06,-7.63794e-05,6.709934e-06,4.737378,5.038845,4.952146,5.241655,4.721181,5.306601,5.225846,5.488256,5.373451,5.557252,0,0,0,0,0,0
2025/04/06 00:45:00.921,n,-2.797093,47.610492,0.000172,9.11067e-06,-7.088595e-05,5.40616e-06,4.735916,5.03735,4.940318,5.226917,4.706478,5.31211,5.223066,5.479481,5.376197,5.54994,0,0,0,0,0,0
2025/04/06 00:46:00.909,n,-2.788643,47.912444,0.000162,6.619556e-06,-9.256282e-05,7.052746e-06,4.721181,5.046188,4.935948,5.225455,4.715315,5.309348,5.231435,5.476587,5.376197,5.560243,0,0,0,0,0,0
2025/04/06 00:47:00.908,n,-2.717354,48.267036,0.000178,7.968481e-06,-7.63794e-05,7.096526e-06,4.722643,5.031516,4.943308,5.223976,4.719719,5.306601,5.234214,5.463344,5.376197,5.554344,0,0,0,0,0,0
2025/04/06 00:48:00.912,n,-2.703732,47.932464,0.000167,6.961808e-06,-8.721784e-05,7.406473e-06,4.718256,5.030053,4.935948,5.219573,4.710881,5.309348,5.223066,5.467747,5.376197,5.546983,0,0,0,0,0,0
2025/04/06 00:49:00.912,n,-2.691868,47.647212,0.000167,7.567166e-06,-0.000104,7.993611e-06,4.713854,5.022678,4.93884,5.215203,4.709483,5.309348,5.223066,5.46921,5.373451,5.542643,0,0,0,0,0,0
2025/04/06 00:50:00.914,n,-2.700363,46.618452,0.000178,9.281498e-06,-0.000109,7.1323e-06,4.716843,5.022678,4.93005,5.213676,4.702058,5.303824,5.220223,5.460451,5.370608,5.542643,0,0,0,0,0,0
2025/04/06 00:51:00.916,n,-2.730881,46.456148,0.000172,1.056111e-05,-9.820474e-05,4.685492e-06,4.716843,5.019752,4.93005,5.209272,4.696178,5.30098,5.211839,5.458973,5.367829,5.548445,0,0,0,0,0,0
2025/04/06 00:52:00.917,n,-2.747872,46.00234,0.000167,8.763008e-06,-9.256282e-05,5.38245e-06,4.712376,5.016812,4.927141,5.215203,4.702058,5.298218,5.220223,5.45452,5.370608,5.548445,0,0,0,0,0,0
2025/04/06 00:53:00.920,n,-2.730881,46.278704,0.000141,1.045724e-05,-9.820474e-05,7.19802e-06,4.710881,5.012377,4.921211,5.206379,4.696178,5.303824,5.220223,5.453075,5.367829,5.536744,0,0,0,0,0,0
2025/04/06 00:54:00.922,n,-2.734299,46.837492,0.000136,1.018195e-05,-9.820474e-05,5.412727e-06,4.703521,5.00214,4.922707,5.209272,4.682922,5.30098,5.217477,5.457446,5.367829,5.536744,0,0,0,0,0,0
2025/04/06 00:55:00.908,n,-2.691868,47.210004,0.000146,5.600185e-06,-0.000109,4.690934e-06,4.691791,5.005016,4.916841,5.200513,4.693286,5.295439,5.209092,5.441309,5.365067,5.532309,0,0,0,0,0,0
2025/04/06 00:56:00.909,n,-2.644356,47.405316,0.000151,8.06613e-06,-0.000109,4.073623e-06,4.696178,4.999183,4.915379,5.193136,4.697656,5.295439,5.214601,5.442837,5.36232,5.533804,0,0,0,0,0,0
2025/04/06 00:57:00.914,n,-2.562912,47.7685,0.000151,8.04448e-06,-0.000109,5.405921e-06,4.694716,4.999183,4.915379,5.190211,4.694716,5.292693,5.203471,5.442837,5.367829,5.533804,0,0,0,0,0,0
2025/04/06 00:58:00.915,n,-2.513741,46.870892,0.00013,7.169335e-06,-0.000114,5.39348e-06,4.681459,4.999183,4.915379,5.184314,4.684383,5.295439,5.211839,5.442837,5.365067,5.527971,0,0,0,0,0,0
2025/04/06 00:59:00.916,n,-2.518818,46.328948,0.000141,9.437884e-06,-0.00012,7.117068e-06,4.682922,4.985942,4.903583,5.185776,4.678519,5.292693,5.203471,5.436905,5.36232,5.532309,0,0,0,0,0,0
2025/04/06 01:00:00.916,n,-2.527268,46.41762,0.00013,7.982088e-06,-0.000114,7.119155e-06,4.687356,4.985942,4.900643,5.184314,4.677057,5.28985,5.209092,5.432534,5.370608,5.525029,0,0,0,0,0,0
2025/04/06 01:01:00.919,n,-2.425636,46.335404,0.000294,3.080823e-05,5.432904e-05,3.005189e-05,4.724186,5.025651,4.938873,5.23137,4.707989,5.213317,5.124276,5.476587,5.288451,5.555871,0,0,0,0,0,0
2025/04/06 01:02:00.922,n,-2.427345,46.539604,0.000288,8.089002e-06,4.334214e-05,7.271611e-06,4.709451,5.015349,4.927174,5.221083,4.700646,5.218809,5.132562,5.467812,5.29682,5.551451,0,0,0,0,0,0
2025/04/06 01:03:00.926,n,-2.398586,46.392336,0.000262,1.143754e-05,2.715872e-05,7.497569e-06,4.713887,5.012409,4.918336,5.229907,4.69621,5.218809,5.135438,5.461914,5.291312,5.542643,0,0,0,0,0,0
2025/04/06 01:04:00.909,n,-2.388382,46.157912,0.000272,8.226462e-06,1.632029e-05,5.131047e-06,4.703586,5.010979,4.921276,5.215235,4.706511,5.218809,5.135438,5.448703,5.299567,5.547097,0,0,0,0,0,0
2025/04/06 01:05:00.913,n,-2.327347,46.208156,0.000252,4.653745e-06,-5.505052e-06,1.033501e-05,4.699118,5.002173,4.918336,5.193169,4.691791,5.227194,5.14093,5.447241,5.305188,5.548575,0,0,0,0,0,0
2025/04/06 01:06:00.913,n,-2.337452,45.921684,0.000236,1.112654e-05,5.333382e-06,7.463564e-06,4.694748,5.002173,4.924169,5.204933,4.693253,5.227194,5.135438,5.450198,5.299567,5.549973,0,0,0,0,0,0
2025/04/06 01:07:00.916,n,-2.359573,45.492336,0.000252,7.475098e-06,-1.60071e-07,4.230553e-06,4.693253,4.990344,4.910976,5.190261,4.680013,5.221685,5.138185,5.445778,5.305188,5.541198,0,0,0,0,0,0
2025/04/06 01:08:00.917,n,-2.327347,45.846196,0.00023,6.174242e-06,-1.634349e-05,6.70647e-06,4.688851,4.994812,4.908035,5.190261,4.681508,5.224432,5.14093,5.439928,5.305188,5.53824,0,0,0,0,0,0
2025/04/06 01:09:00.918,n,-2.305325,45.4419,0.000241,6.14572e-06,-5.505052e-06,5.167104e-06,4.685911,4.981506,4.909513,5.187303,4.672653,5.224432,5.14093,5.435524,5.302346,5.541198,0,0,0,0,0,0
2025/04/06 01:10:00.920,n,-2.300198,45.582912,0.00022,1.129478e-05,-2.183694e-05,7.066493e-06,4.685911,4.985974,4.903632,5.191706,4.669713,5.221685,5.135438,5.437002,5.305188,5.526507,0,0,0,0,0,0
2025/04/06 01:11:00.923,n,-2.286625,45.394924,0.000236,5.215074e-06,-2.183694e-05,6.060819e-06,4.671191,4.985974,4.897734,5.188766,4.672653,5.227194,5.135438,5.432567,5.305188,5.523566,0,0,0,0,0,0
2025/04/06 01:12:00.926,n,-2.329056,44.990092,0.00023,6.481702e-06,-1.09985e-05,6.495788e-06,4.666788,4.981506,4.896272,5.185809,4.665325,5.218809,5.135438,5.428163,5.305188,5.516237,0,0,0,0,0,0
2025/04/06 01:13:00.911,n,-2.329056,44.904352,0.000241,7.567507e-06,-2.183694e-05,4.109617e-06,4.671191,4.972748,4.896272,5.178497,4.660923,5.216064,5.127055,5.42233,5.29682,5.524997,0,0,0,0,0,0
2025/04/06 01:14:00.915,n,-2.357865,45.025396,0.00022,1.088781e-05,-2.733039e-05,7.104524e-06,4.671191,4.97127,4.899212,5.172631,4.666788,5.213317,5.124276,5.419324,5.302346,5.520625,0,0,0,0,0,0
2025/04/06 01:15:00.915,n,-2.357865,45.166556,0.000241,1.193263e-05,-2.183694e-05,5.916561e-06,4.672653,4.966851,4.893315,5.172631,4.662386,5.210555,5.121433,5.420851,5.294073,5.523566,0,0,0,0,0,0
2025/04/06 01:16:00.919,n,-2.364651,44.748344,0.00022,6.50637e-06,-1.09985e-05,6.348909e-06,4.669713,4.968313,4.890374,5.17996,4.659395,5.213317,5.10746,5.423728,5.29682,5.516237,0,0,0,0,0,0
2025/04/06 01:17:00.920,n,-2.420609,44.62774,0.00021,1.127807e-05,-2.183694e-05,6.343301e-06,4.663848,4.968313,4.881601,5.177002,4.644694,5.210555,5.118686,5.416398,5.302346,5.511833,0,0,0,0,0,0
2025/04/06 01:18:00.921,n,-2.457863,44.389752,0.000204,1.054201e-05,-2.733039e-05,5.409497e-06,4.665325,4.969807,4.885972,5.174093,4.643248,5.204933,5.115908,5.413491,5.29682,5.513328,0,0,0,0,0,0
2025/04/06 01:19:00.922,n,-2.469776,44.595952,0.00022,9.915306e-06,-2.183694e-05,4.320702e-06,4.657951,4.960937,4.872763,5.177002,4.644694,5.204933,5.115908,5.406194,5.288451,5.510323,0,0,0,0,0,0
2025/04/06 01:20:00.925,n,-2.478275,45.258892,0.00021,7.436284e-06,-2.733039e-05,5.913552e-06,4.635823,4.960937,4.874208,5.174093,4.635823,5.202187,5.113097,5.412028,5.288451,5.505952,0,0,0,0,0,0
2025/04/06 01:21:00.928,n,-2.483303,45.119488,0.00021,6.46014e-06,-3.282384e-05,5.903788e-06,4.64765,4.958012,4.862445,5.16527,4.634426,5.199441,5.113097,5.401725,5.294073,5.497192,0,0,0,0,0,0
2025/04/06 01:22:00.914,n,-2.46299,45.31094,0.00022,1.076634e-05,-3.816882e-05,7.254658e-06,4.637318,4.955072,4.877134,5.156496,4.646189,5.199441,5.115908,5.404651,5.291312,5.50886,0,0,0,0,0,0
2025/04/06 01:23:00.916,n,-2.410404,44.877444,0.000215,6.336978e-06,-3.282384e-05,5.406093e-06,4.641786,4.943308,4.874208,5.154969,4.634426,5.199441,5.110303,5.403188,5.294073,5.495681,0,0,0,0,0,0
2025/04/06 01:24:00.915,n,-2.446049,44.99512,0.00021,7.761015e-06,-3.816882e-05,5.589866e-06,4.649129,4.940351,4.871235,5.157959,4.641786,5.199441,5.10746,5.398784,5.29682,5.497192,0,0,0,0,0,0
2025/04/06 01:25:00.917,n,-2.434132,45.717096,0.00023,8.167201e-06,-4.366228e-05,5.087499e-06,4.637318,4.937475,4.871235,5.156496,4.631485,5.202187,5.104713,5.388515,5.288451,5.494186,0,0,0,0,0,0
2025/04/06 01:26:00.920,n,-2.393459,44.976616,0.000215,1.115483e-05,-3.816882e-05,4.497306e-06,4.637318,4.944803,4.865435,5.154969,4.628496,5.191057,5.099189,5.404651,5.282943,5.491261,0,0,0,0,0,0
2025/04/06 01:27:00.921,n,-2.442631,44.85054,0.000204,5.944839e-06,-2.733039e-05,5.903856e-06,4.627051,4.940351,4.856565,5.152028,4.621121,5.202187,5.099189,5.394381,5.28569,5.491261,0,0,0,0,0,0
2025/04/06 01:28:00.926,n,-2.429054,44.99854,0.00021,6.132251e-06,-3.816882e-05,4.889844e-06,4.634426,4.938873,4.852113,5.160867,4.622599,5.188278,5.101935,5.387052,5.28569,5.489815,0,0,0,0,0,0
2025/04/06 01:29:00.925,n,-2.413822,45.492336,0.000215,6.557004e-06,-4.366228e-05,3.899189e-06,4.624127,4.93447,4.843307,5.157959,4.621121,5.193818,5.096345,5.384111,5.282943,5.485412,0,0,0,0,0,0
2025/04/06 01:30:00.930,n,-2.388382,44.978324,0.000199,1.105572e-05,-3.282384e-05,7.497057e-06,4.618229,4.943308,4.846247,5.156496,4.616751,5.185532,5.093583,5.381218,5.280197,5.491261,0,0,0,0,0,0
2025/04/06 01:31:00.919,n,-2.3918,44.8169,0.000272,3.104573e-05,2.715872e-05,2.871229e-05,4.646189,4.946281,4.877134,5.15939,4.640291,5.160429,5.068561,5.401725,5.246692,5.504489,0,0,0,0,0,0
2025/04/06 01:32:00.923,n,-2.362942,45.341212,0.000241,8.780386e-06,-1.60071e-07,4.881108e-06,4.632949,4.935997,4.862445,5.153491,4.622599,5.165969,5.074183,5.392918,5.255061,5.500085,0,0,0,0,0,0
2025/04/06 01:33:00.923,n,-2.357865,45.006888,0.000246,8.762712e-06,-1.09985e-05,1.378535e-05,4.628496,4.933007,4.847774,5.157959,4.621121,5.163191,5.079691,5.382616,5.260666,5.503026,0,0,0,0,0,0
2025/04/06 01:34:00.923,n,-2.351078,44.932916,0.00023,1.007403e-05,-1.634349e-05,6.068852e-06,4.619659,4.925647,4.84477,5.146195,4.621121,5.168716,5.076929,5.385589,5.277322,5.495681,0,0,0,0,0,0
2025/04/06 01:35:00.925,n,-2.362942,44.969924,0.000225,1.037252e-05,-2.733039e-05,6.942453e-06,4.615224,4.933007,4.843307,5.150533,4.610886,5.174305,5.071307,5.372379,5.263445,5.47805,0,0,0,0,0,0
2025/04/06 01:36:00.929,n,-2.362942,45.2169,0.000215,4.704547e-06,-3.282384e-05,6.347113e-06,4.616751,4.935997,4.843307,5.146195,4.610886,5.165969,5.079691,5.369438,5.274575,5.472216,0,0,0,0,0,0
2025/04/06 01:37:00.932,n,-2.339161,45.16148,0.00021,9.47995e-06,-3.816882e-05,7.838866e-06,4.606435,4.924169,4.833039,5.143204,4.607896,5.168716,5.074183,5.359151,5.271813,5.469275,0,0,0,0,0,0
2025/04/06 01:38:00.933,n,-2.379887,44.937992,0.000215,8.403584e-06,-3.816882e-05,4.878627e-06,4.593162,4.915346,4.819749,5.131458,4.600537,5.171559,5.076929,5.350345,5.280197,5.458973,0,0,0,0,0,0
2025/04/06 01:39:00.937,n,-2.36636,45.112796,0.000204,6.720468e-06,-2.733039e-05,6.737051e-06,4.591699,4.921276,4.827109,5.132921,4.610886,5.165969,5.079691,5.350345,5.263445,5.469275,0,0,0,0,0,0
2025/04/06 01:40:00.926,n,-2.396877,45.109428,0.000199,7.943311e-06,-3.816882e-05,8.004795e-06,4.603526,4.913934,4.833039,5.131458,4.600537,5.163191,5.071307,5.365017,5.263445,5.467812,0,0,0,0,0,0
2025/04/06 01:41:00.925,n,-2.379887,45.237064,0.00021,6.886055e-06,-3.816882e-05,4.30521e-06,4.593162,4.906573,4.825679,5.129996,4.599059,5.163191,5.068561,5.362077,5.260666,5.466349,0,0,0,0,0,0
2025/04/06 01:42:00.908,n,-2.359573,45.50572,0.000194,5.629176e-06,-4.900726e-05,6.471279e-06,4.602064,4.899212,4.837409,5.119694,4.606435,5.163191,5.071307,5.348867,5.269035,5.472216,0,0,0,0,0,0
2025/04/06 01:43:00.912,n,-2.36636,45.502396,0.00021,5.757159e-06,-3.816882e-05,3.509227e-06,4.602064,4.90217,4.834452,5.113861,4.603526,5.157601,5.068561,5.359151,5.266191,5.472216,0,0,0,0,0,0
2025/04/06 01:44:00.912,n,-2.351078,45.666752,0.000215,7.291726e-06,-5.450071e-05,6.670675e-06,4.597597,4.887434,4.828572,5.109457,4.599059,5.163191,5.068561,5.348867,5.269035,5.469275,0,0,0,0,0,0
2025/04/06 01:45:00.916,n,-2.335842,45.601372,0.000204,8.849562e-06,-4.900726e-05,7.519941e-06,4.593162,4.887434,4.822738,5.115323,4.590238,5.160429,5.071307,5.347404,5.263445,5.461914,0,0,0,0,0,0
2025/04/06 01:46:00.916,n,-2.395168,45.275736,0.000204,6.441315e-06,-3.816882e-05,4.898637e-06,4.58876,4.885972,4.821276,5.110856,4.58876,5.149314,5.063054,5.351807,5.260666,5.458973,0,0,0,0,0,0
2025/04/06 01:47:00.917,n,-2.376515,45.37642,0.000199,7.85006e-06,-4.900726e-05,5.40613e-06,4.58876,4.891837,4.824201,5.116786,4.590238,5.152061,5.060275,5.348867,5.260666,5.461914,0,0,0,0,0,0
2025/04/06 01:48:00.920,n,-2.386673,45.435208,0.000199,8.42661e-06,-4.366228e-05,5.563689e-06,4.590238,4.887434,4.822738,5.116786,4.584358,5.152061,5.057432,5.345941,5.257904,5.463376,0,0,0,0,0,0
2025/04/06 01:49:00.907,n,-2.373097,45.715384,0.00021,6.945831e-06,-5.450071e-05,6.336367e-06,4.572595,4.884509,4.818303,5.107979,4.585835,5.152061,5.060275,5.332699,5.257904,5.454602,0,0,0,0,0,0
2025/04/06 01:50:00.909,n,-2.362942,45.697024,0.000199,4.277061e-06,-4.900726e-05,6.318016e-06,4.569639,4.883046,4.819749,5.094721,4.579938,5.157601,5.051906,5.334176,5.266191,5.45608,0,0,0,0,0,0
2025/04/06 01:51:00.911,n,-2.415531,45.574468,0.000215,7.316488e-06,-4.900726e-05,3.387707e-06,4.575535,4.888911,4.818303,5.102081,4.584358,5.143692,5.049064,5.334176,5.252314,5.454602,0,0,0,0,0,0
2025/04/06 01:52:00.913,n,-2.3918,45.62652,0.000188,9.702734e-06,-4.900726e-05,3.880424e-06,4.576998,4.874208,4.818303,5.099124,4.579938,5.146553,5.049064,5.331268,5.257904,5.461914,0,0,0,0,0,0
2025/04/06 01:53:00.914,n,-2.415531,45.822756,0.000215,7.33342e-06,-4.900726e-05,4.898637e-06,4.575535,4.874208,4.810943,5.102081,4.569639,5.138185,5.049064,5.328327,5.257904,5.451676,0,0,0,0,0,0
2025/04/06 01:54:00.916,n,-2.412113,45.851272,0.000204,8.84927e-06,-4.900726e-05,6.696467e-06,4.572595,4.871235,4.8139,5.105022,4.579938,5.14093,5.046302,5.325403,5.246692,5.45314,0,0,0,0,0,0
2025/04/06 01:55:00.916,n,-2.4189,45.827784,0.00021,7.998741e-06,-4.900726e-05,7.546116e-06,4.574073,4.86394,4.806572,5.097661,4.566697,5.143692,5.051906,5.328327,5.255061,5.450198,0,0,0,0,0,0
2025/04/06 01:56:00.919,n,-2.440922,45.904888,0.000194,8.718816e-06,-4.900726e-05,7.807671e-06,4.563741,4.865435,4.810943,5.097661,4.563741,5.143692,5.043459,5.323924,5.246692,5.444299,0,0,0,0,0,0
2025/04/06 01:57:00.921,n,-2.408695,46.11436,0.000194,8.544148e-06,-4.900726e-05,5.40613e-06,4.56816,4.866848,4.808035,5.106484,4.553474,5.14093,5.035188,5.328327,5.243946,5.447241,0,0,0,0,0,0
2025/04/06 01:58:00.909,n,-2.403614,45.770756,0.000199,7.279669e-06,-4.900726e-05,7.850266e-06,4.556398,4.862445,4.802138,5.088855,4.563741,5.129816,5.037934,5.31653,5.249535,5.45608,0,0,0,0,0,0
2025/04/06 01:59:00.910,n,-2.424027,45.997076,0.000199,6.191376e-06,-5.450071e-05,4.810418e-06,4.557876,4.860968,4.806572,5.091812,4.563741,5.132562,5.032344,5.320966,5.249535,5.45314,0,0,0,0,0,0
2025/04/06 02:00:00.910,n,-2.452835,45.591312,0.000188,7.254425e-06,-5.984569e-05,5.647421e-06,4.562263,4.860968,4.802138,5.085882,4.562263,5.121433,5.032344,5.318026,5.246692,5.445778,0,0,0,0,0,0
2025/04/06 02:01:00.916,n,-2.451126,45.764064,0.000267,2.670197e-05,5.333382e-06,2.996985e-05,4.571132,4.869774,4.815378,5.107979,4.569639,5.096345,5.004561,5.335639,5.20781,5.461914,0,0,0,0,0,0
2025/04/06 02:02:00.918,n,-2.469776,46.211528,0.000246,8.856274e-06,-1.634349e-05,7.418307e-06,4.56816,4.865435,4.799212,5.110856,4.559339,5.121433,5.012929,5.319504,5.221685,5.454602,0,0,0,0,0,0
2025/04/06 02:03:00.920,n,-2.473194,46.56304,0.000241,7.179959e-06,-2.183694e-05,4.096241e-06,4.556398,4.869774,4.806572,5.099124,4.556398,5.10746,5.012929,5.323924,5.224432,5.448703,0,0,0,0,0,0
2025/04/06 02:04:00.923,n,-2.483303,46.109328,0.00023,8.745004e-06,-3.282384e-05,7.189169e-06,4.553474,4.869774,4.799212,5.100587,4.544636,5.110303,5.018436,5.318026,5.227194,5.441342,0,0,0,0,0,0
2025/04/06 02:05:00.923,n,-2.530861,45.723832,0.000204,8.80331e-06,-4.900726e-05,9.111832e-06,4.546098,4.858043,4.785939,5.088855,4.534271,5.113097,5.018436,5.306294,5.229972,5.437002,0,0,0,0,0,0
2025/04/06 02:06:00.925,n,-2.524025,46.077496,0.000215,3.756684e-06,-3.816882e-05,4.331685e-06,4.535749,4.86394,4.793332,5.094721,4.537277,5.10746,5.024059,5.307739,5.227194,5.429626,0,0,0,0,0,0
2025/04/06 02:07:00.912,n,-2.549465,46.261724,0.00022,8.079093e-06,-3.816882e-05,6.058787e-06,4.543109,4.852113,4.797735,5.079984,4.547577,5.104713,5.007307,5.318026,5.227194,5.444299,0,0,0,0,0,0
2025/04/06 02:08:00.914,n,-2.569874,46.129448,0.000215,7.247654e-06,-4.366228e-05,6.160784e-06,4.541647,4.833039,4.787435,5.077059,4.532874,5.104713,5.015691,5.300395,5.235562,5.439928,0,0,0,0,0,0
2025/04/06 02:09:00.916,n,-2.614018,46.235012,0.000215,8.549588e-06,-5.984569e-05,5.38245e-06,4.540201,4.847774,4.787435,5.077059,4.532874,5.101935,5.012929,5.307739,5.227194,5.437002,0,0,0,0,0,0
2025/04/06 02:10:00.917,n,-2.617336,46.665092,0.000188,6.142355e-06,-5.450071e-05,4.901966e-06,4.538739,4.833039,4.778612,5.078522,4.528407,5.110303,5.010183,5.30189,5.227194,5.433997,0,0,0,0,0,0
2025/04/06 02:11:00.919,n,-2.625832,46.045708,0.000204,5.301555e-06,-5.450071e-05,6.344262e-06,4.535749,4.838936,4.780074,5.081512,4.521047,5.093583,5.010183,5.300395,5.218809,5.437002,0,0,0,0,0,0
2025/04/06 02:12:00.920,n,-2.646195,46.348832,0.000199,8.546566e-06,-5.450071e-05,4.695287e-06,4.532874,4.840399,4.781537,5.085882,4.52545,5.099189,4.999021,5.298932,5.221685,5.429626,0,0,0,0,0,0
2025/04/06 02:13:00.924,n,-2.669972,46.509476,0.000199,7.562384e-06,-5.450071e-05,4.947055e-06,4.524005,4.835947,4.772714,5.077059,4.519552,5.099189,5.004561,5.290158,5.229972,5.419324,0,0,0,0,0,0
2025/04/06 02:14:00.925,n,-2.669972,46.808892,0.000178,9.626138e-06,-5.984569e-05,6.603412e-06,4.516677,4.834452,4.759474,5.078522,4.518075,5.104713,5.004561,5.290158,5.224432,5.420851,0,0,0,0,0,0
2025/04/06 02:15:00.928,n,-2.656399,46.402396,0.000188,8.25875e-06,-5.450071e-05,5.391773e-06,4.51221,4.837409,4.759474,5.075646,4.510748,5.096345,5.0018,5.284227,5.221685,5.416398,0,0,0,0,0,0
2025/04/06 02:16:00.913,n,-2.692043,46.18306,0.000199,8.948858e-06,-6.548761e-05,6.524265e-06,4.518075,4.824201,4.774209,5.062387,4.518075,5.099189,5.004561,5.284227,5.224432,5.42233,0,0,0,0,0,0
2025/04/06 02:17:00.919,n,-2.712452,46.676812,0.000178,7.482698e-06,-6.548761e-05,6.524315e-06,4.52545,4.819749,4.772714,5.068285,4.510748,5.099189,4.996275,5.288695,5.227194,5.417861,0,0,0,0,0,0
2025/04/06 02:18:00.919,n,-2.736183,46.37222,0.000204,9.19072e-06,-7.083259e-05,6.361725e-06,4.522542,4.824201,4.769774,5.06385,4.500448,5.088059,5.0018,5.287217,5.218809,5.433997,0,0,0,0,0,0
2025/04/06 02:19:00.920,n,-2.734474,46.746976,0.000183,8.223949e-06,-6.548761e-05,6.380102e-06,4.510748,4.818303,4.760937,5.06385,4.500448,5.096345,4.990686,5.281318,5.213317,5.414953,0,0,0,0,0,0
2025/04/06 02:20:00.924,n,-2.74297,46.5563,0.000188,9.053344e-06,-5.984569e-05,4.734623e-06,4.507808,4.81684,4.753609,5.066823,4.494519,5.090805,4.990686,5.272495,5.218809,5.409055,0,0,0,0,0,0
2025/04/06 02:21:00.923,n,-2.756546,46.775444,0.000183,9.921036e-06,-6.548761e-05,6.910588e-06,4.497508,4.818303,4.749173,5.066823,4.497508,5.085313,4.982302,5.272495,5.216064,5.410532,0,0,0,0,0,0
2025/04/06 02:22:00.927,n,-2.703957,47.249956,0.000188,4.98766e-06,-6.548761e-05,5.38263e-06,4.500448,4.822738,4.750652,5.062387,4.49015,5.090805,4.987907,5.265183,5.221685,5.401725,0,0,0,0,0,0
2025/04/06 02:23:00.930,n,-2.700539,46.452592,0.000188,7.673968e-06,-7.083259e-05,4.851334e-06,4.493089,4.818303,4.749173,5.055043,4.488687,5.088059,4.990686,5.260781,5.221685,5.397353,0,0,0,0,0,0
2025/04/06 02:24:00.930,n,-2.741215,46.409084,0.000188,8.449424e-06,-8.716448e-05,8.85343e-06,4.485715,4.81684,4.744754,5.060925,4.488687,5.079691,4.979442,5.260781,5.210555,5.404651,0,0,0,0,0,0
2025/04/06 02:25:00.915,n,-2.737892,46.643316,0.000188,7.454676e-06,-7.083259e-05,4.087158e-06,4.500448,4.800675,4.743276,5.04622,4.485715,5.082437,4.982302,5.271017,5.216064,5.406194,0,0,0,0,0,0
2025/04/06 02:26:00.917,n,-2.722561,46.8607,0.000167,6.493252e-06,-7.632605e-05,6.089653e-06,4.491611,4.797735,4.735948,5.044725,4.482789,5.085313,4.985146,5.25779,5.216064,5.400262,0,0,0,0,0,0
2025/04/06 02:27:00.919,n,-2.729397,46.909184,0.000188,6.906287e-06,-7.083259e-05,6.273204e-06,4.48716,4.796273,4.741813,5.049146,4.476909,5.079691,4.985146,5.25779,5.210555,5.400262,0,0,0,0,0,0
2025/04/06 02:28:00.921,n,-2.739601,46.847316,0.000188,8.68675e-06,-7.083259e-05,5.38227e-06,4.491611,4.799212,4.741813,5.041849,4.476909,5.079691,4.987907,5.25779,5.218809,5.389993,0,0,0,0,0,0
2025/04/06 02:29:00.925,n,-2.729397,46.419144,0.000167,8.264378e-06,-8.167102e-05,7.946035e-06,4.481312,4.799212,4.732976,5.040322,4.473921,5.074183,4.979442,5.248984,5.216064,5.384111,0,0,0,0,0,0
2025/04/06 02:30:00.925,n,-2.773537,46.092584,0.000173,6.520848e-06,-8.167102e-05,6.698228e-06,4.46955,4.797735,4.727111,5.040322,4.462191,5.082437,4.979442,5.250447,5.213317,5.384111,0,0,0,0,0,0
2025/04/06 02:31:00.916,n,-2.741215,46.666752,0.000215,3.474432e-05,-2.733039e-05,3.166069e-05,4.501911,4.805079,4.750652,5.050673,4.491611,5.046302,4.954438,5.268091,5.191057,5.413491,0,0,0,0,0,0
2025/04/06 02:32:00.918,n,-2.758255,46.73028,0.000199,9.055058e-06,-3.282384e-05,4.922332e-06,4.498986,4.802138,4.743276,5.052086,4.475448,5.049064,4.948898,5.259252,5.188278,5.412028,0,0,0,0,0,0
2025/04/06 02:33:00.919,n,-2.756546,46.765384,0.000188,1.163175e-05,-5.984569e-05,6.984283e-06,4.481312,4.796273,4.735948,5.038845,4.468087,5.057432,4.95728,5.250447,5.199441,5.403188,0,0,0,0,0,0
2025/04/06 02:34:00.908,n,-2.756546,46.635012,0.00021,8.816654e-06,-5.984569e-05,3.602239e-06,4.481312,4.787435,4.743276,5.033011,4.475448,5.054686,4.960027,5.25342,5.191057,5.400262,0,0,0,0,0,0
2025/04/06 02:35:00.908,n,-2.739601,46.743704,0.000183,6.49544e-06,-5.984569e-05,7.92057e-06,4.476909,4.781537,4.737411,5.021247,4.472458,5.060275,4.95728,5.24458,5.196662,5.407592,0,0,0,0,0,0
2025/04/06 02:36:00.910,n,-2.773537,46.521244,0.000188,7.854995e-06,-7.632605e-05,4.224712e-06,4.476909,4.775672,4.738874,5.031548,4.465083,5.057432,4.965567,5.243118,5.20781,5.407592,0,0,0,0,0,0
2025/04/06 02:37:00.912,n,-2.765041,47.002788,0.000167,1.150848e-05,-7.083259e-05,4.575885e-06,4.472458,4.771237,4.728573,5.028543,4.46362,5.051906,4.960027,5.248984,5.202187,5.392918,0,0,0,0,0,0
2025/04/06 02:38:00.914,n,-2.7939,46.753664,0.000173,6.009249e-06,-7.083259e-05,5.892781e-06,4.470996,4.772714,4.731513,5.02271,4.456262,5.057432,4.951658,5.243118,5.202187,5.394381,0,0,0,0,0,0
2025/04/06 02:39:00.916,n,-2.775246,46.855668,0.000157,8.471106e-06,-7.083259e-05,5.226024e-06,4.465083,4.774209,4.722708,5.018307,4.448901,5.060275,4.95728,5.237284,5.202187,5.382616,0,0,0,0,0,0
2025/04/06 02:40:00.916,n,-2.76841,46.79048,0.000167,7.740681e-06,-8.167102e-05,3.644445e-06,4.457724,4.766849,4.71681,5.021247,4.443023,5.057432,4.962805,5.232816,5.210555,5.381218,0,0,0,0,0,0
2025/04/06 02:41:00.918,n,-2.758255,46.594828,0.000162,6.920676e-06,-9.250946e-05,8.912258e-06,4.453322,4.769774,4.715348,5.015349,4.447425,5.060275,4.954438,5.228444,5.196662,5.391455,0,0,0,0,0,0
2025/04/06 02:42:00.921,n,-2.782032,46.591456,0.000167,6.60099e-06,-9.785444e-05,8.406196e-06,4.453322,4.769774,4.702109,5.009484,4.440033,5.051906,4.95728,5.221083,5.204933,5.365017,0,0,0,0,0,0
2025/04/06 02:43:00.908,n,-2.815922,46.564752,0.000173,7.296508e-06,-8.716448e-05,7.316841e-06,4.444499,4.755072,4.721246,5.008006,4.453322,5.051906,4.946151,5.23137,5.196662,5.381218,0,0,0,0,0,0
2025/04/06 02:44:00.908,n,-2.802395,46.746976,0.000162,8.462868e-06,-9.250946e-05,5.845235e-06,4.448901,4.758011,4.718273,5.009484,4.450397,5.046302,4.951658,5.222578,5.202187,5.381218,0,0,0,0,0,0
2025/04/06 02:45:00.909,n,-2.83804,46.94092,0.000173,9.421854e-06,-8.716448e-05,7.440279e-06,4.448901,4.759474,4.724186,5.009484,4.447425,5.046302,4.951658,5.228444,5.199441,5.382616,0,0,0,0,0,0
2025/04/06 02:46:00.913,n,-2.846535,46.944292,0.000151,1.10397e-05,-9.250946e-05,4.841237e-06,4.448901,4.752114,4.712376,5.008006,4.435663,5.046302,4.948898,5.224041,5.196662,5.381218,0,0,0,0,0,0
2025/04/06 02:47:00.916,n,-2.875393,46.626568,0.000151,5.703502e-06,-9.250946e-05,4.785072e-06,4.444499,4.747711,4.702109,5.008006,4.43126,5.049064,4.937801,5.219606,5.193818,5.367975,0,0,0,0,0,0
2025/04/06 02:48:00.916,n,-2.851566,46.947564,0.000151,5.162039e-06,-9.785444e-05,4.522175e-06,4.44156,4.749173,4.705048,5.008006,4.43126,5.035188,4.940562,5.221083,5.196662,5.365017,0,0,0,0,0,0
2025/04/06 02:49:00.920,n,-2.844826,47.164748,0.000162,7.443056e-06,-8.167102e-05,7.713554e-06,4.434201,4.749173,4.703586,5.012409,4.425299,5.04068,4.935022,5.218143,5.185532,5.367975,0,0,0,0,0,0
2025/04/06 02:50:00.922,n,-2.83804,46.88072,0.000162,8.577348e-06,-8.716448e-05,3.880757e-06,4.43126,4.752114,4.693253,5.006543,4.420962,5.037934,4.937801,5.207906,5.191057,5.350345,0,0,0,0,0,0
2025/04/06 02:51:00.922,n,-2.846535,46.686772,0.000162,6.86708e-06,-9.250946e-05,5.839928e-06,4.425299,4.746217,4.691791,5.003586,4.410597,5.037934,4.929433,5.202008,5.185532,5.357673,0,0,0,0,0,0
2025/04/06 02:52:00.909,n,-2.912747,46.656692,0.000151,7.876019e-06,-8.716448e-05,6.15218e-06,4.420962,4.734471,4.702109,4.987404,4.426793,5.035188,4.935022,5.207906,5.196662,5.373842,0,0,0,0,0,0
2025/04/06 02:53:00.911,n,-2.900833,46.859036,0.000167,4.582974e-06,-9.250946e-05,6.903855e-06,4.43126,4.740351,4.699118,5.000646,4.425299,5.026804,4.923908,5.206412,5.182688,5.373842,0,0,0,0,0,0
2025/04/06 02:54:00.915,n,-2.902542,47.029444,0.000167,6.93224e-06,-9.250946e-05,5.411176e-06,4.43126,4.740351,4.693253,4.994812,4.422424,5.021215,4.926655,5.203471,5.179942,5.360614,0,0,0,0,0,0
2025/04/06 02:55:00.916,n,-2.900833,47.301664,0.000162,5.650251e-06,-8.167102e-05,4.294093e-06,4.422424,4.731513,4.688851,4.990344,4.409135,5.029567,4.923908,5.203471,5.185532,5.362077,0,0,0,0,0,0
2025/04/06 02:56:00.917,n,-2.894047,47.15806,0.000146,8.5511e-06,-9.785444e-05,4.629252e-06,4.415064,4.734471,4.684448,4.994812,4.401776,5.024059,4.926655,5.197572,5.185532,5.359151,0,0,0,0,0,0
2025/04/06 02:57:00.919,n,-2.90596,47.283308,0.000173,7.801857e-06,-9.250946e-05,5.720917e-06,4.416509,4.728573,4.684448,5.000646,4.4047,5.026804,4.918304,5.200481,5.171559,5.363572,0,0,0,0,0,0
2025/04/06 02:58:00.922,n,-2.895756,47.253276,0.000162,3.94391e-06,-9.250946e-05,3.637793e-06,4.416509,4.734471,4.677089,4.997705,4.40621,5.018436,4.915526,5.188766,5.177099,5.350345,0,0,0,0,0,0
2025/04/06 02:59:00.922,n,-2.916165,46.957624,0.000167,7.925238e-06,-9.250946e-05,6.047128e-06,4.398836,4.727111,4.672653,4.984512,4.395911,5.026804,4.921147,5.184331,5.182688,5.345941,0,0,0,0,0,0
2025/04/06 03:00:00.924,n,-2.939896,46.877348,0.000157,7.938757e-06,-9.250946e-05,8.75722e-06,4.398836,4.728573,4.669713,4.993335,4.394434,5.018436,4.915526,5.185809,5.185532,5.343,0,0,0,0,0,0
2025/04/06 03:01:00.917,n,-2.914456,47.082964,0.000204,2.465637e-05,-3.816882e-05,2.956184e-05,4.428303,4.735948,4.697688,4.99621,4.410597,4.987907,4.882153,5.206412,5.149314,5.370916,0,0,0,0,0,0
2025/04/06 03:02:00.917,n,-2.934818,46.977644,0.000188,7.470603e-06,-6.548761e-05,6.07303e-06,4.416509,4.734471,4.687389,4.994812,4.4047,4.999021,4.898774,5.191706,5.154807,5.362077,0,0,0,0,0,0
2025/04/06 03:03:00.919,n,-2.963722,46.999416,0.000188,6.978489e-06,-7.083259e-05,6.729256e-06,4.40621,4.731513,4.681508,4.987404,4.400314,4.996275,4.893282,5.187303,5.163191,5.348867,0,0,0,0,0,0
2025/04/06 03:04:00.922,n,-2.955227,47.183108,0.000173,7.083042e-06,-7.632605e-05,6.208255e-06,4.407705,4.730051,4.678551,4.993335,4.395911,5.004561,4.893282,5.191706,5.160429,5.348867,0,0,0,0,0,0
2025/04/06 03:05:00.922,n,-2.977345,46.991068,0.000162,7.576209e-06,-8.167102e-05,6.249941e-06,4.395911,4.722708,4.669713,4.987404,4.390014,4.999021,4.896028,5.1829,5.163191,5.343,0,0,0,0,0,0
2025/04/06 03:06:00.926,n,-3.001076,47.213188,0.000157,6.928884e-06,-8.716448e-05,5.153147e-06,4.390014,4.719752,4.671191,4.980044,4.391477,4.999021,4.898774,5.17996,5.160429,5.340107,0,0,0,0,0,0
2025/04/06 03:07:00.927,n,-3.004494,46.98438,0.000162,1.219934e-05,-9.250946e-05,5.355259e-06,4.388536,4.727111,4.659395,4.977136,4.388536,5.007307,4.896028,5.174093,5.160429,5.343,0,0,0,0,0,0
2025/04/06 03:08:00.928,n,-3.07925,46.996048,0.000162,8.115948e-06,-9.250946e-05,4.161163e-06,4.381145,4.709451,4.649129,4.966851,4.375313,5.0018,4.901553,5.160867,5.171559,5.328327,0,0,0,0,0,0
2025/04/06 03:09:00.931,n,-3.092823,47.34512,0.000151,7.492016e-06,-9.785444e-05,5.662128e-06,4.376775,4.707989,4.659395,4.962447,4.375313,5.004561,4.896028,5.16527,5.168716,5.335639,0,0,0,0,0,0
2025/04/06 03:10:00.916,n,-3.087746,47.238236,0.000151,7.840508e-06,-0.000103,4.168298e-06,4.387009,4.697688,4.659395,4.969807,4.366411,4.996275,4.896028,5.175539,5.168716,5.338629,0,0,0,0,0,0
2025/04/06 03:11:00.919,n,-3.07925,47.41016,0.000146,6.049745e-06,-9.785444e-05,5.966855e-06,4.376775,4.694748,4.655026,4.965372,4.372308,4.996275,4.896028,5.163792,5.168716,5.331268,0,0,0,0,0,0
2025/04/06 03:12:00.920,n,-3.099659,47.42012,0.000151,4.545043e-06,-0.000109,4.827876e-06,4.376775,4.697688,4.650591,4.965372,4.364949,4.990686,4.893282,5.15939,5.165969,5.331268,0,0,0,0,0,0
2025/04/06 03:13:00.924,n,-3.128517,47.628716,0.000146,9.613246e-06,-0.000114,5.439393e-06,4.367889,4.697688,4.635823,4.962447,4.362025,4.999021,4.893282,5.156496,5.171559,5.329806,0,0,0,0,0,0
2025/04/06 03:14:00.925,n,-3.087746,47.794976,0.000151,9.837476e-06,-0.000103,6.685969e-06,4.363487,4.697688,4.644694,4.96391,4.363487,5.0018,4.893282,5.14912,5.171559,5.323924,0,0,0,0,0,0
2025/04/06 03:15:00.927,n,-3.086037,48.188136,0.000162,8.49745e-06,-0.000109,4.785545e-06,4.354617,4.693253,4.641786,4.959474,4.359084,4.996275,4.898774,5.153491,5.165969,5.325403,0,0,0,0,0,0
2025/04/06 03:16:00.929,n,-3.082619,47.558696,0.000141,7.44618e-06,-0.000114,6.293097e-06,4.353188,4.690313,4.635823,4.955072,4.357622,5.0018,4.887661,5.143204,5.168716,5.322429,0,0,0,0,0,0
2025/04/06 03:17:00.931,n,-3.114895,47.7481,0.000141,6.64274e-06,-0.000114,6.335041e-06,4.353188,4.694748,4.644694,4.953609,4.354617,4.993431,4.887661,5.140296,5.165969,5.325403,0,0,0,0,0,0
2025/04/06 03:18:00.935,n,-3.120022,47.550348,0.000136,7.246584e-06,-0.000114,5.28667e-06,4.347258,4.688851,4.641786,4.956549,4.362025,4.987907,4.893282,5.140296,5.163191,5.328327,0,0,0,0,0,0
2025/04/06 03:19:00.920,n,-3.111477,47.932184,0.000136,6.871029e-06,-0.000125,8.444758e-06,4.363487,4.674148,4.635823,4.958012,4.351725,4.985146,4.887661,5.147657,5.163191,5.322429,0,0,0,0,0,0
2025/04/06 03:20:00.921,n,-3.116604,48.034284,0.000136,8.829832e-06,-0.000109,4.161474e-06,4.366411,4.682986,4.640291,4.950669,4.345829,4.987907,4.879408,5.147657,5.163191,5.312192,0,0,0,0,0,0
2025/04/06 03:21:00.924,n,-3.118313,47.955668,0.000151,7.206181e-06,-0.000109,6.673978e-06,4.359084,4.682986,4.632949,4.949206,4.344351,4.982302,4.882153,5.140296,5.160429,5.318026,0,0,0,0,0,0
2025/04/06 03:22:00.925,n,-3.074711,47.794764,0.000251,8.585478e-06,-5.804315e-06,6.346189e-06,4.381389,4.717088,4.669957,4.980385,4.37109,4.937378,4.831626,5.17437,5.112756,5.356584,0,0,0,0,0,0
2025/04/06 03:23:00.927,n,-3.084919,47.777964,0.000236,1.095948e-05,-2.748118e-05,9.540592e-06,4.385791,4.715593,4.659673,4.981848,4.378432,4.934632,4.83723,5.167074,5.115535,5.343309,0,0,0,0,0,0
2025/04/06 03:24:00.930,n,-3.056061,48.049112,0.000225,6.967744e-06,-1.664275e-05,8.115224e-06,4.375492,4.712652,4.653792,4.981848,4.375492,4.940124,4.834469,5.155245,5.115535,5.33598,0,0,0,0,0,0
2025/04/06 03:25:00.932,n,-3.039021,48.331776,0.000236,8.285923e-06,-2.198773e-05,5.393678e-06,4.376954,4.711221,4.659673,4.977412,4.374029,4.931885,4.826101,5.164068,5.115535,5.344771,0,0,0,0,0,0
2025/04/06 03:26:00.932,n,-3.062847,47.963808,0.000225,5.750873e-06,-2.198773e-05,5.589859e-06,4.369627,4.699394,4.656732,4.964186,4.366655,4.934632,4.831626,5.147934,5.118281,5.338906,0,0,0,0,0,0
2025/04/06 03:27:00.935,n,-3.025494,48.067516,0.00023,1.08128e-05,-3.817114e-05,6.731737e-06,4.36079,4.690558,4.658195,4.965681,4.376954,4.937378,4.831626,5.153832,5.112756,5.343309,0,0,0,0,0,0
2025/04/06 03:28:00.921,n,-3.001667,47.9286,0.00023,4.74447e-06,-2.198773e-05,3.55064e-06,4.365193,4.696454,4.656732,4.973008,4.356306,4.934632,4.828848,5.159698,5.115535,5.341846,0,0,0,0,0,0
2025/04/06 03:29:00.922,n,-2.999958,47.723672,0.000236,9.140542e-06,-3.282616e-05,6.834196e-06,4.37109,4.693562,4.653792,4.973008,4.368165,4.92901,4.820513,5.156772,5.107216,5.338906,0,0,0,0,0,0
2025/04/06 03:30:00.923,n,-2.988041,47.749548,0.000225,5.554786e-06,-2.748118e-05,5.701457e-06,4.36079,4.690558,4.649372,4.971546,4.354829,4.92901,4.826101,5.158235,5.107216,5.328604,0,0,0,0,0,0
2025/04/06 03:31:00.916,n,-2.959187,47.718688,0.000283,2.652913e-05,2.151448e-05,3.035262e-05,4.381389,4.689095,4.671484,4.970084,4.375492,4.901227,4.79273,5.172907,5.076506,5.349207,0,0,0,0,0,0
2025/04/06 03:32:00.917,n,-2.896393,47.903504,0.000246,8.306167e-06,5.18259e-06,9.584574e-06,4.372551,4.696454,4.659673,4.975917,4.368165,4.904005,4.803859,5.167074,5.084874,5.35067,0,0,0,0,0,0
2025/04/06 03:33:00.922,n,-2.848786,47.473428,0.000246,7.966049e-06,-1.623909e-07,5.403829e-06,4.368165,4.687664,4.656732,4.965681,4.365193,4.906849,4.806605,5.161176,5.090414,5.341846,0,0,0,0,0,0
2025/04/06 03:34:00.923,n,-2.845417,47.5702,0.000246,7.027928e-06,-1.11493e-05,6.173949e-06,4.365193,4.68466,4.646432,4.965681,4.365193,4.904005,4.801098,5.156772,5.096037,5.33598,0,0,0,0,0,0
2025/04/06 03:35:00.926,n,-2.797856,47.91864,0.000236,9.334934e-06,-2.198773e-05,5.20858e-06,4.356306,4.686186,4.64497,4.964186,4.362203,4.904005,4.803859,5.147934,5.093161,5.333071,0,0,0,0,0,0
2025/04/06 03:36:00.927,n,-2.784283,47.781336,0.000251,7.840839e-06,-1.11493e-05,5.860569e-06,4.350442,4.686186,4.639072,4.961245,4.368165,4.909595,4.803859,5.140573,5.093161,5.322769,0,0,0,0,0,0
2025/04/06 03:37:00.913,n,-2.78941,47.405016,0.000215,9.893914e-06,-4.381307e-05,9.822476e-06,4.351969,4.662597,4.640567,4.940676,4.356306,4.923503,4.823258,5.149396,5.11001,5.328604,0,0,0,0,0,0
2025/04/06 03:38:00.915,n,-2.733357,47.358288,0.000209,8.78274e-06,-4.930652e-05,5.648979e-06,4.351969,4.661135,4.64203,4.943584,4.356306,4.926249,4.812129,5.142036,5.107216,5.324232,0,0,0,0,0,0
2025/04/06 03:39:00.916,n,-2.690876,47.191344,0.000204,7.823354e-06,-3.817114e-05,5.947106e-06,4.344594,4.659673,4.633192,4.943584,4.354829,4.920757,4.809351,5.131734,5.104372,5.327141,0,0,0,0,0,0
2025/04/06 03:40:00.918,n,-2.636627,47.238076,0.00022,9.864884e-06,-4.930652e-05,7.731235e-06,4.34604,4.661135,4.62437,4.946542,4.351969,4.915135,4.809351,5.137632,5.101626,5.324232,0,0,0,0,0,0
2025/04/06 03:41:00.920,n,-2.600983,47.036024,0.000204,8.654718e-06,-3.817114e-05,7.761171e-06,4.341605,4.669957,4.628773,4.94802,4.353367,4.915135,4.803859,5.128825,5.098783,5.318366,0,0,0,0,0,0
2025/04/06 03:42:00.921,n,-2.558552,46.52772,0.000204,9.311932e-06,-4.381307e-05,5.913517e-06,4.347502,4.662597,4.630235,4.94802,4.354829,4.912374,4.806605,5.131734,5.101626,5.316871,0,0,0,0,0,0
2025/04/06 03:43:00.924,n,-2.522953,46.135924,0.000209,6.471729e-06,-6.014495e-05,8.190677e-06,4.340143,4.662597,4.619968,4.945047,4.354829,4.912374,4.806605,5.118557,5.101626,5.30956,0,0,0,0,0,0
2025/04/06 03:44:00.927,n,-2.475395,46.38876,0.000215,5.370797e-06,-3.817114e-05,5.845429e-06,4.337203,4.667032,4.61844,4.943584,4.357833,4.912374,4.806605,5.127363,5.096037,5.313931,0,0,0,0,0,0
2025/04/06 03:45:00.928,n,-2.446587,46.055508,0.000199,8.078773e-06,-4.930652e-05,8.37574e-06,4.331274,4.659673,4.61407,4.937687,4.357833,4.901227,4.803859,5.120035,5.096037,5.302166,0,0,0,0,0,0
2025/04/06 03:46:00.913,n,-2.424564,45.750376,0.000215,9.04992e-06,-5.46515e-05,5.49391e-06,4.344594,4.646432,4.622907,4.928881,4.366655,4.917978,4.803859,5.125901,5.101626,5.315408,0,0,0,0,0,0
2025/04/06 03:47:00.918,n,-2.368611,45.513804,0.000215,8.589088e-06,-4.381307e-05,7.539565e-06,4.34604,4.650835,4.625833,4.933348,4.363731,4.904005,4.801098,5.133229,5.096037,5.316871,0,0,0,0,0,0
2025/04/06 03:48:00.919,n,-2.354984,45.349304,0.000204,7.790257e-06,-4.381307e-05,5.636214e-06,4.34604,4.656732,4.625833,4.934811,4.359297,4.906849,4.801098,5.124439,5.087669,5.315408,0,0,0,0,0,0
2025/04/06 03:49:00.920,n,-2.327885,45.460096,0.000215,7.47164e-06,-4.381307e-05,6.389094e-06,4.335708,4.65527,4.619968,4.936224,4.359297,4.904005,4.79273,5.114136,5.093161,5.30956,0,0,0,0,0,0
2025/04/06 03:50:00.921,n,-2.297367,44.971324,0.000209,7.873722e-06,-3.817114e-05,7.557481e-06,4.335708,4.643492,4.612575,4.934811,4.357833,4.901227,4.795509,5.117094,5.084874,5.305139,0,0,0,0,0,0
2025/04/06 03:51:00.922,n,-2.268513,44.930948,0.000209,6.864257e-06,-3.282616e-05,5.953823e-06,4.338666,4.647895,4.615532,4.933348,4.368165,4.898384,4.795509,5.114136,5.079285,5.30956,0,0,0,0,0,0
2025/04/06 03:52:00.925,n,-2.244782,44.914152,0.000209,6.47093e-06,-3.282616e-05,5.477602e-06,4.332768,4.649372,4.597873,4.928881,4.357833,4.892876,4.79273,5.112658,5.079285,5.299258,0,0,0,0,0,0
2025/04/06 03:53:00.930,n,-2.237995,44.781628,0.000215,4.618075e-06,-4.381307e-05,5.063844e-06,4.329844,4.646432,4.606711,4.928881,4.362203,4.892876,4.787191,5.103885,5.087669,5.302166,0,0,0,0,0,0
2025/04/06 03:54:00.931,n,-2.180424,44.7766,0.00023,6.527779e-06,-2.748118e-05,4.028969e-06,4.332768,4.647895,4.609636,4.927418,4.37109,4.887255,4.781602,5.096524,5.084874,5.302166,0,0,0,0,0,0
2025/04/06 03:55:00.918,n,-2.166851,44.862,0.00022,5.730168e-06,-3.282616e-05,6.265637e-06,4.347502,4.63467,4.615532,4.923015,4.374029,4.890033,4.787191,5.112658,5.076506,5.308097,0,0,0,0,0,0
2025/04/06 03:56:00.918,n,-2.156647,44.30902,0.000215,5.933963e-06,-2.198773e-05,4.769811e-06,4.344594,4.64203,4.622907,4.930343,4.368165,4.887255,4.787191,5.112658,5.076506,5.318366,0,0,0,0,0,0
2025/04/06 03:57:00.923,n,-2.134625,44.362732,0.000225,1.014585e-05,-2.748118e-05,5.383597e-06,4.340143,4.639072,4.61108,4.925973,4.368165,4.887255,4.778856,5.097954,5.073761,5.305139,0,0,0,0,0,0
2025/04/06 03:58:00.921,n,-2.129597,43.988612,0.00023,4.283097e-06,-2.198773e-05,4.810401e-06,4.344594,4.640567,4.616995,4.92451,4.368165,4.887255,4.781602,5.099432,5.068156,5.303628,0,0,0,0,0,0
2025/04/06 03:59:00.924,n,-2.073639,43.854236,0.000209,9.393428e-06,-3.282616e-05,7.421551e-06,4.335708,4.646432,4.61108,4.931885,4.363731,4.881763,4.77611,5.103885,5.073761,5.291929,0,0,0,0,0,0
2025/04/06 04:00:00.927,n,-2.082085,44.129528,0.00022,8.6869e-06,-2.748118e-05,3.89921e-06,4.334246,4.64203,4.612575,4.92451,4.363731,4.876126,4.77611,5.096524,5.065377,5.300735,0,0,0,0,0,0
2025/04/06 04:01:00.924,n,-2.017731,44.324156,0.000278,2.928461e-05,3.784636e-05,2.832837e-05,4.353367,4.656732,4.625833,4.943584,4.38878,4.856726,4.742609,5.114136,5.037626,5.316871,0,0,0,0,0,0
2025/04/06 04:02:00.925,n,-2.009235,43.980212,0.000288,7.149667e-06,1.602102e-05,6.721891e-06,4.347502,4.650835,4.62437,4.943584,4.38878,4.853981,4.745453,5.106794,5.040372,5.313931,0,0,0,0,0,0
2025/04/06 04:03:00.929,n,-2.048248,43.803896,0.000262,7.404946e-06,2.151448e-05,7.138851e-06,4.34604,4.649372,4.619968,4.933348,4.379895,4.856726,4.745453,5.105331,5.040372,5.30956,0,0,0,0,0,0
2025/04/06 04:04:00.911,n,-2.010944,44.094276,0.000267,6.954381e-06,2.151448e-05,4.300943e-06,4.348964,4.636132,4.619968,4.92451,4.385791,4.856726,4.750978,5.108257,5.048754,5.308097,0,0,0,0,0,0
2025/04/06 04:05:00.918,n,-2.056694,44.210096,0.000246,9.135452e-06,-1.623909e-07,5.399258e-06,4.350442,4.631698,4.622907,4.923015,4.378432,4.856726,4.750978,5.105331,5.051502,5.299258,0,0,0,0,0,0
2025/04/06 04:06:00.918,n,-2.065144,43.798816,0.000246,7.407388e-06,-1.623909e-07,4.83596e-06,4.348964,4.633192,4.615532,4.92152,4.379895,4.859505,4.756484,5.092056,5.054247,5.296332,0,0,0,0,0,0
2025/04/06 04:07:00.918,n,-2.095661,43.687928,0.000246,6.553062e-06,5.18259e-06,7.514362e-06,4.348964,4.630235,4.622907,4.927418,4.381389,4.859505,4.750978,5.096524,5.043165,5.308097,0,0,0,0,0,0
2025/04/06 04:08:00.920,n,-2.049957,43.729968,0.000251,8.260626e-06,5.18259e-06,1.249351e-05,4.34604,4.633192,4.62143,4.928881,4.375492,4.859505,4.748231,5.096524,5.045977,5.305139,0,0,0,0,0,0
2025/04/06 04:09:00.922,n,-2.087162,43.679576,0.000257,5.837826e-06,-5.804315e-06,5.477607e-06,4.338666,4.63467,4.608173,4.927418,4.374029,4.862251,4.750978,5.096524,5.057009,5.297795,0,0,0,0,0,0
2025/04/06 04:10:00.924,n,-2.129597,43.704772,0.000267,7.642592e-06,5.18259e-06,7.164631e-06,4.341605,4.639072,4.615532,4.925973,4.372551,4.856726,4.748231,5.086223,5.045977,5.29487,0,0,0,0,0,0
2025/04/06 04:11:00.928,n,-2.11768,43.555212,0.000257,6.691184e-06,-1.623909e-07,6.780064e-06,4.338666,4.637595,4.61844,4.92451,4.381389,4.862251,4.748231,5.078862,5.051502,5.296332,0,0,0,0,0,0
2025/04/06 04:12:00.929,n,-2.138043,43.593884,0.000251,5.464275e-06,5.18259e-06,5.350399e-06,4.332768,4.631698,4.61108,4.915687,4.376954,4.859505,4.75936,5.078862,5.054247,5.288989,0,0,0,0,0,0
2025/04/06 04:13:00.912,n,-2.171929,43.689636,0.000251,9.673398e-06,5.18259e-06,7.645932e-06,4.344594,4.625833,4.616995,4.906849,4.372551,4.853981,4.748231,5.095062,5.043165,5.29487,0,0,0,0,0,0
2025/04/06 04:14:00.916,n,-2.188873,43.760192,0.000262,5.483156e-06,5.18259e-06,6.471256e-06,4.348964,4.627295,4.62437,4.92451,4.376954,4.845598,4.742609,5.100895,5.043165,5.299258,0,0,0,0,0,0
2025/04/06 04:15:00.918,n,-2.260014,43.803896,0.000257,6.973674e-06,5.18259e-06,6.942934e-06,4.344594,4.630235,4.625833,4.923015,4.369627,4.842852,4.737103,5.097954,5.040372,5.296332,0,0,0,0,0,0
2025/04/06 04:16:00.921,n,-2.283795,44.035584,0.000262,5.69761e-06,1.602102e-05,8.149881e-06,4.344594,4.628773,4.616995,4.918613,4.366655,4.848377,4.742609,5.087686,5.043165,5.290467,0,0,0,0,0,0
2025/04/06 04:17:00.925,n,-2.271931,44.106044,0.000278,9.88477e-06,1.602102e-05,6.046656e-06,4.343068,4.63467,4.615532,4.92451,4.362203,4.848377,4.737103,5.089132,5.034782,5.293392,0,0,0,0,0,0
2025/04/06 04:18:00.927,n,-2.293949,44.18158,0.000262,6.12888e-06,5.18259e-06,7.127486e-06,4.335708,4.628773,4.615532,4.923015,4.363731,4.842852,4.734324,5.078862,5.043165,5.287494,0,0,0,0,0,0
2025/04/06 04:19:00.927,n,-2.315971,44.035584,0.000257,7.049952e-06,1.067604e-05,3.617374e-06,4.329844,4.627295,4.61108,4.911284,4.356306,4.845598,4.737103,5.074459,5.040372,5.283123,0,0,0,0,0,0
2025/04/06 04:20:00.931,n,-2.361775,43.93656,0.000278,8.082611e-06,2.685946e-05,5.058682e-06,4.337203,4.627295,4.61407,4.91715,4.359297,4.845598,4.728735,5.074459,5.040372,5.288989,0,0,0,0,0,0
2025/04/06 04:21:00.931,n,-2.361775,44.325816,0.000257,5.158785e-06,1.067604e-05,8.808414e-06,4.325377,4.631698,4.615532,4.912682,4.363731,4.842852,4.731481,5.077384,5.032004,5.283123,0,0,0,0,0,0
2025/04/06 04:22:00.915,n,-2.360111,44.3661,0.000257,7.940709e-06,1.067604e-05,7.117218e-06,4.340143,4.615532,4.615532,4.911284,4.351969,4.840106,4.737103,5.083298,5.026414,5.287494,0,0,0,0,0,0
2025/04/06 04:23:00.920,n,-2.375397,44.131236,0.000273,8.173842e-06,2.151448e-05,4.331672e-06,4.341605,4.62143,4.62143,4.91715,4.356306,4.83723,4.728735,5.083298,5.026414,5.288989,0,0,0,0,0,0
2025/04/06 04:24:00.921,n,-2.366902,44.189928,0.000262,6.908905e-06,3.235291e-05,7.317371e-06,4.340143,4.622907,4.619968,4.91715,4.350442,4.831626,4.723195,5.075922,5.02916,5.287494,0,0,0,0,0,0
2025/04/06 04:25:00.922,n,-2.321098,43.889536,0.000273,8.62601e-06,1.602102e-05,7.297349e-06,4.329844,4.616995,4.615532,4.912682,4.341605,4.831626,4.725957,5.078862,5.026414,5.284601,0,0,0,0,0,0
2025/04/06 04:26:00.923,n,-2.37022,44.022108,0.000273,8.142805e-06,2.151448e-05,4.529757e-06,4.328367,4.619968,4.61108,4.920058,4.34604,4.831626,4.720451,5.068594,5.02916,5.27867,0,0,0,0,0,0
2025/04/06 04:27:00.926,n,-2.344879,43.918056,0.000267,8.230231e-06,3.235291e-05,5.439561e-06,4.334246,4.619968,4.608173,4.914209,4.338666,4.834469,4.725957,5.072997,5.026414,5.283123,0,0,0,0,0,0
2025/04/06 04:28:00.927,n,-2.377007,43.956676,0.000267,6.45934e-06,2.151448e-05,6.670705e-06,4.323914,4.615532,4.61108,4.909774,4.338666,4.828848,4.723195,5.059723,5.02916,5.284601,0,0,0,0,0,0
2025/04/06 04:29:00.929,n,-2.39571,43.738368,0.000267,7.320725e-06,1.067604e-05,4.81538e-06,4.318018,4.61407,4.609636,4.902414,4.332768,4.831626,4.725957,5.064158,5.034782,5.277257,0,0,0,0,0,0
2025/04/06 04:30:00.932,n,-2.427937,43.713172,0.000273,7.668579e-06,2.151448e-05,5.406117e-06,4.321007,4.612575,4.606711,4.906849,4.332768,4.828848,4.728735,5.056798,5.032004,5.27867,0,0,0,0,0,0
2025/04/06 04:31:00.905,n,-2.402447,43.847544,0.000304,2.96904e-05,5.952323e-05,3.389677e-05,4.343068,4.61844,4.63467,4.906849,4.350442,4.798254,4.698111,5.083298,5.006917,5.302166,0,0,0,0,0,0
2025/04/06 04:32:00.907,n,-2.440418,43.725832,0.00023,5.517448e-06,-2.74255e-05,6.552769e-06,4.309084,4.583024,4.608011,4.881665,4.319383,4.844899,4.744754,5.056636,5.053549,5.274071,0,0,0,0,0,0
2025/04/06 04:33:00.911,n,-2.420105,43.628324,0.000204,6.080205e-06,-3.811546e-05,6.238232e-06,4.309084,4.590351,4.600652,4.881665,4.312024,4.856027,4.750343,5.049307,5.056424,5.271146,0,0,0,0,0,0
2025/04/06 04:34:00.913,n,-2.457359,43.482132,0.000215,1.059531e-05,-4.360892e-05,6.851954e-06,4.303188,4.580052,4.594786,4.874322,4.303188,4.856027,4.755965,5.052233,5.050802,5.266808,0,0,0,0,0,0
2025/04/06 04:35:00.915,n,-2.462486,43.498976,0.000199,6.813252e-06,-6.008928e-05,6.39277e-06,4.297323,4.580052,4.58595,4.883128,4.294334,4.858774,4.755965,5.036098,5.05917,5.259382,0,0,0,0,0,0
2025/04/06 04:36:00.916,n,-2.469273,43.636772,0.000183,6.908718e-06,-4.89539e-05,6.944598e-06,4.288469,4.569752,4.581497,4.8758,4.282573,4.861616,4.761488,5.034635,5.0703,5.24913,0,0,0,0,0,0
2025/04/06 04:37:00.916,n,-2.476063,43.505668,0.000194,9.369054e-06,-6.008928e-05,5.871505e-06,4.289964,4.57565,4.57859,4.87286,4.285497,4.856027,4.755965,5.037511,5.064678,5.253534,0,0,0,0,0,0
2025/04/06 04:38:00.921,n,-2.535435,43.416508,0.000199,6.101627e-06,-6.543426e-05,5.063844e-06,4.278138,4.57565,4.566762,4.87286,4.281062,4.856027,4.753218,5.033108,5.05917,5.237365,0,0,0,0,0,0
2025/04/06 04:39:00.921,n,-2.50658,43.505668,0.000194,9.911918e-06,-5.444735e-05,6.770049e-06,4.282573,4.580052,4.57565,4.87286,4.282573,4.861616,4.750343,5.033108,5.064678,5.243232,0,0,0,0,0,0
2025/04/06 04:40:00.908,n,-2.565952,43.475444,0.000188,4.078535e-06,-7.627269e-05,5.352997e-06,4.286975,4.566762,4.58595,4.864022,4.286975,4.847742,4.755965,5.033108,5.061932,5.252071,0,0,0,0,0,0
2025/04/06 04:41:00.908,n,-2.591393,43.534284,0.000188,6.053801e-06,-6.008928e-05,6.513836e-06,4.273736,4.563887,4.57565,4.86256,4.281062,4.856027,4.750343,5.030167,5.0703,5.250608,0,0,0,0,0,0
2025/04/06 04:42:00.911,n,-2.584606,43.685452,0.000188,1.109293e-05,-6.008928e-05,4.315138e-06,4.275198,4.556527,4.572692,4.86256,4.2796,4.847742,4.755965,5.030167,5.061932,5.255012,0,0,0,0,0,0
2025/04/06 04:43:00.912,n,-2.591393,43.74258,0.000194,5.687398e-06,-7.077924e-05,6.541568e-06,4.2796,4.555033,4.572692,4.861098,4.275198,4.850488,4.744754,5.03163,5.056424,5.246172,0,0,0,0,0,0
2025/04/06 04:44:00.915,n,-2.611805,43.784572,0.000199,8.056515e-06,-6.008928e-05,5.337226e-06,4.2796,4.563887,4.577127,4.856662,4.272274,4.847742,4.744754,5.028738,5.073143,5.241802,0,0,0,0,0,0
2025/04/06 04:45:00.916,n,-2.649059,43.478764,0.000204,7.76634e-06,-5.444735e-05,4.642906e-06,4.275198,4.566762,4.571229,4.866962,4.264868,4.844899,4.744754,5.024302,5.056424,5.247667,0,0,0,0,0,0
2025/04/06 04:46:00.917,n,-2.664391,43.630032,0.000178,8.902686e-06,-4.360892e-05,4.230556e-06,4.269269,4.565301,4.572692,4.8655,4.26191,4.83936,4.739247,5.022807,5.050802,5.243232,0,0,0,0,0,0
2025/04/06 04:47:00.919,n,-2.655895,43.754348,0.000183,7.199724e-06,-5.444735e-05,7.446353e-06,4.26784,4.562425,4.56093,4.868425,4.256014,4.847742,4.744754,5.015497,5.056424,5.23444,0,0,0,0,0,0
2025/04/06 04:48:00.922,n,-2.688122,43.59644,0.000183,7.477344e-06,-5.444735e-05,5.953823e-06,4.253074,4.562425,4.55942,4.864022,4.254551,4.850488,4.741993,5.006641,5.061932,5.235903,0,0,0,0,0,0
2025/04/06 04:49:00.907,n,-2.713562,43.722416,0.000215,1.088247e-05,-5.444735e-05,4.411586e-06,4.266377,4.54769,4.572692,4.852259,4.26048,4.83936,4.739247,5.016974,5.056424,5.247667,0,0,0,0,0,0
2025/04/06 04:50:00.910,n,-2.749207,43.895412,0.000204,1.051035e-05,-4.89539e-05,3.387659e-06,4.26191,4.541761,4.556527,4.847824,4.25897,4.83936,4.739247,5.015497,5.053549,5.243232,0,0,0,0,0,0
2025/04/06 04:51:00.913,n,-2.754334,44.02808,0.000204,9.135168e-06,-3.811546e-05,6.046674e-06,4.269269,4.546195,4.56093,4.855199,4.251611,4.83936,4.733626,5.014034,5.05917,5.238828,0,0,0,0,0,0
2025/04/06 04:52:00.917,n,-2.773033,44.106888,0.000215,5.941796e-06,-3.811546e-05,3.617382e-06,4.25897,4.543224,4.563887,4.86256,4.256014,4.83936,4.739247,5.021312,5.050802,5.232995,0,0,0,0,0,0
2025/04/06 04:53:00.917,n,-2.776402,43.8064,0.000225,9.58404e-06,-2.193205e-05,6.273661e-06,4.264868,4.544734,4.562425,4.852259,4.244252,4.833867,4.728118,5.016974,5.045263,5.232995,0,0,0,0,0,0
2025/04/06 04:54:00.917,n,-2.795056,43.91558,0.000236,8.505656e-06,-1.094515e-05,5.186068e-06,4.251611,4.544734,4.55206,4.853737,4.238323,4.828278,4.736404,5.009598,5.048056,5.23444,0,0,0,0,0,0
2025/04/06 04:55:00.919,n,-2.818882,43.913872,0.000252,7.815424e-06,-1.094515e-05,5.411054e-06,4.242775,4.555033,4.553523,4.855199,4.244252,4.833867,4.728118,5.008136,5.053549,5.231532,0,0,0,0,0,0
2025/04/06 04:56:00.922,n,-2.874889,43.970952,0.000262,1.111445e-05,-1.094515e-05,4.262623e-06,4.244252,4.55206,4.544734,4.855199,4.235449,4.831024,4.728118,5.006641,5.050802,5.228559,0,0,0,0,0,0
2025/04/06 04:57:00.925,n,-2.852818,44.063284,0.000267,7.311189e-06,5.238267e-06,5.802828e-06,4.233921,4.544734,4.540331,4.859635,4.233921,4.833867,4.728118,4.997834,5.05917,5.225633,0,0,0,0,0,0
2025/04/06 04:58:00.910,n,-2.886803,44.006252,0.000283,9.340466e-06,2.706361e-05,5.925122e-06,4.242775,4.52264,4.55206,4.844899,4.244252,4.828278,4.725373,5.002238,5.050802,5.237365,0,0,0,0,0,0
2025/04/06 04:59:00.911,n,-2.90033,43.969292,0.000304,1.031406e-05,4.874047e-05,1.00526e-05,4.241313,4.525596,4.553523,4.833168,4.23691,4.828278,4.725373,5.006641,5.048056,5.231532,0,0,0,0,0,0
2025/04/06 05:00:00.913,n,-2.927479,44.22432,0.000315,1.067693e-05,7.056581e-05,8.807088e-06,4.250149,4.531461,4.553523,4.849302,4.229552,4.822706,4.719752,4.997834,5.056424,5.231532,0,0,0,0,0,0
2025/04/06 05:01:00.922,n,-2.888416,44.52276,0.000383,2.435273e-05,0.000141,3.010271e-05,4.253074,4.56093,4.55206,4.864022,4.23691,4.800399,4.700337,5.009598,5.031387,5.23444,0,0,0,0,0,0
2025/04/06 05:02:00.923,n,-2.91732,44.4356,0.000425,1.3934e-05,0.000163,1.089255e-05,4.244252,4.544734,4.55206,4.859635,4.235449,4.808766,4.705844,4.997834,5.023018,5.230037,0,0,0,0,0,0
2025/04/06 05:03:00.924,n,-2.912243,44.175684,0.000446,1.153494e-05,0.000174,9.534712e-06,4.23691,4.543224,4.54769,4.858189,4.223623,4.811528,4.703099,4.993399,5.031387,5.237365,0,0,0,0,0,0
2025/04/06 05:04:00.927,n,-2.91732,44.226028,0.000452,1.171895e-05,0.000206,9.78124e-06,4.228057,4.535864,4.549136,4.853737,4.228057,4.808766,4.700337,4.996372,5.034148,5.227063,0,0,0,0,0,0
2025/04/06 05:05:00.928,n,-2.949597,44.303128,0.000483,1.009684e-05,0.000217,1.124297e-05,4.222161,4.538836,4.541761,4.839033,4.220683,4.817117,4.719752,4.991936,5.042516,5.21686,0,0,0,0,0,0
2025/04/06 05:06:00.930,n,-2.958092,44.24444,0.000541,1.391619e-05,0.000266,1.191963e-05,4.217726,4.527059,4.532939,4.840496,4.223623,4.808766,4.716989,4.983098,5.048056,5.21686,0,0,0,0,0,0
2025/04/06 05:07:00.916,n,-2.964928,44.095168,0.000573,1.493498e-05,0.000315,1.787026e-05,4.222161,4.518173,4.531461,4.839033,4.210335,4.81996,4.711466,4.988996,5.042516,5.222694,0,0,0,0,0,0
2025/04/06 05:08:00.917,n,-2.959801,44.11192,0.000636,1.655437e-05,0.000364,1.362195e-05,4.216199,4.525596,4.528537,4.836061,4.214786,4.805989,4.705844,4.986103,5.045263,5.215332,0,0,0,0,0,0
2025/04/06 05:09:00.921,n,-2.966587,43.959232,0.000693,2.176802e-05,0.000418,1.610469e-05,4.216199,4.525596,4.53,4.836061,4.20447,4.817117,4.711466,4.986103,5.039673,5.219768,0,0,0,0,0,0
2025/04/06 05:10:00.921,n,-3.017517,44.108596,0.000751,2.092263e-05,0.000478,1.678255e-05,4.226562,4.535864,4.534402,4.850765,4.207395,4.814371,4.711466,4.988996,5.050802,5.222694,0,0,0,0,0,0
2025/04/06 05:11:00.923,n,-3.029431,44.14888,0.000809,2.045909e-05,0.000533,1.341399e-05,4.213324,4.528537,4.524102,4.846362,4.202961,4.81996,4.722497,4.991936,5.053549,5.219768,0,0,0,0,0,0
2025/04/06 05:12:00.926,n,-3.037926,44.120364,0.000872,2.676319e-05,0.00062,2.279951e-05,4.213324,4.531461,4.531461,4.839033,4.214786,4.814371,4.711466,4.980173,5.050802,5.210897,0,0,0,0,0,0
2025/04/06 05:13:00.928,n,-3.041344,44.075004,0.000961,2.645558e-05,0.000696,2.135387e-05,4.207395,4.531461,4.531461,4.843436,4.210335,4.814371,4.711466,4.980173,5.048056,5.219768,0,0,0,0,0,0
2025/04/06 05:14:00.930,n,-3.083824,44.189112,0.00103,2.283574e-05,0.000761,2.489371e-05,4.201498,4.528537,4.528537,4.827238,4.210335,4.814371,4.711466,4.974308,5.042516,5.213869,0,0,0,0,0,0
2025/04/06 05:15:00.931,n,-3.090611,44.209232,0.001125,2.977292e-05,0.000864,2.751569e-05,4.207395,4.521162,4.535864,4.828701,4.207395,4.811528,4.714212,4.971367,5.048056,5.219768,0,0,0,0,0,0
2025/04/06 05:16:00.919,n,-3.141541,44.455716,0.00124,3.347136e-05,0.000951,2.729848e-05,4.207395,4.51234,4.524102,4.834631,4.195634,4.811528,4.708622,4.984576,5.048056,5.215332,0,0,0,0,0,0
2025/04/06 05:17:00.919,n,-3.14325,44.42056,0.00133,3.227413e-05,0.001054,3.127491e-05,4.210335,4.515264,4.52264,4.831658,4.195634,4.808766,4.705844,4.981635,5.039673,5.212392,0,0,0,0,0,0
2025/04/06 05:18:00.923,n,-3.146717,44.509332,0.001435,3.359465e-05,0.001158,3.264602e-05,4.201498,4.51234,4.519699,4.837539,4.183873,4.803145,4.711466,4.977266,5.050802,5.209434,0,0,0,0,0,0
2025/04/06 05:19:00.923,n,-3.207848,44.544584,0.001571,3.59303e-05,0.001272,3.618939e-05,4.201498,4.519699,4.521162,4.837539,4.192644,4.800399,4.700337,4.971367,5.045263,5.210897,0,0,0,0,0,0
2025/04/06 05:20:00.924,n,-3.207848,44.643412,0.001661,3.573417e-05,0.001386,3.943438e-05,4.194172,4.507938,4.510813,4.828701,4.183873,4.803145,4.708622,4.969905,5.045263,5.205096,0,0,0,0,0,0
2025/04/06 05:21:00.928,n,-3.245251,44.549564,0.001797,3.743813e-05,0.001511,3.696697e-05,4.192644,4.51234,4.51234,4.831658,4.189737,4.808766,4.700337,4.96547,5.039673,5.203568,0,0,0,0,0,0
2025/04/06 05:22:00.931,n,-3.245251,44.65176,0.001913,3.796883e-05,0.001624,3.87e-05,4.188275,4.510813,4.510813,4.821358,4.182364,4.803145,4.703099,4.953738,5.042516,5.20209,0,0,0,0,0,0
2025/04/06 05:23:00.933,n,-3.28949,44.596488,0.002047,4.002128e-05,0.001749,3.802106e-05,4.182364,4.506475,4.515264,4.818465,4.185271,4.79762,4.700337,4.961099,5.039673,5.203568,0,0,0,0,0,0
2025/04/06 05:24:00.934,n,-3.314976,44.693708,0.002189,4.098077e-05,0.001863,3.525899e-05,4.17351,4.500563,4.507938,4.813998,4.183873,4.805989,4.703099,4.964024,5.048056,5.203568,0,0,0,0,0,0
2025/04/06 05:25:00.919,n,-3.311558,44.896536,0.002342,4.642917e-05,0.002015,3.906786e-05,4.188275,4.497573,4.51234,4.821358,4.177912,4.803145,4.697591,4.96547,5.045263,5.199197,0,0,0,0,0,0
2025/04/06 05:26:00.921,n,-3.372791,45.000836,0.002468,4.807399e-05,0.002153,3.978922e-05,4.180869,4.497573,4.4991,4.821358,4.17057,4.800399,4.697591,4.968427,5.048056,5.199197,0,0,0,0,0,0
2025/04/06 05:27:00.924,n,-3.366001,45.27632,0.002627,4.545009e-05,0.002301,4.294712e-05,4.179406,4.49174,4.497573,4.815492,4.163179,4.79762,4.689224,4.956631,5.034148,5.199197,0,0,0,0,0,0
2025/04/06 05:28:00.926,n,-3.391541,45.319972,0.002774,4.740198e-05,0.002448,4.891962e-05,4.172047,4.49174,4.4991,4.816987,4.166168,4.800399,4.69197,4.952261,5.050802,5.187418,0,0,0,0,0,0
2025/04/06 05:29:00.929,n,-3.423817,45.407328,0.002922,4.703075e-05,0.002595,4.608599e-05,4.169108,4.49611,4.4991,4.816987,4.164674,4.794875,4.69197,4.952261,5.036894,5.196256,0,0,0,0,0,0
2025/04/06 05:30:00.933,n,-3.415367,45.452592,0.00308,4.290475e-05,0.002753,4.636502e-05,4.17057,4.494649,4.49611,4.81104,4.164674,4.794875,4.694716,4.943438,5.036894,5.193299,0,0,0,0,0,0
2025/04/06 05:31:00.918,n,-3.385841,45.711896,0.003402,1.615225e-05,0.003079,1.829465e-05,4.210546,4.521356,4.525809,4.848083,4.188487,4.751042,4.645393,4.986347,4.998598,5.224415,0,0,0,0,0,0
2025/04/06 05:32:00.918,n,-3.406204,45.735432,0.003554,4.205615e-05,0.00321,4.346381e-05,4.203188,4.519911,4.527285,4.842235,4.179586,4.756549,4.650899,4.978972,5.00976,5.217038,0,0,0,0,0,0
2025/04/06 05:33:00.921,n,-3.436867,45.96844,0.003681,4.142225e-05,0.003346,3.885139e-05,4.189884,4.51109,4.522851,4.837783,4.182526,4.76217,4.65376,4.980417,4.998598,5.212668,0,0,0,0,0,0
2025/04/06 05:34:00.909,n,-3.443653,45.931528,0.003828,4.768718e-05,0.003488,4.349424e-05,4.20171,4.490458,4.528683,4.82745,4.186959,4.76217,4.662013,4.973041,5.006966,5.225878,0,0,0,0,0,0
2025/04/06 05:35:00.911,n,-3.481106,46.017072,0.004007,4.841675e-05,0.003634,4.6904e-05,4.188487,4.481588,4.521356,4.818676,4.176596,4.767792,4.659266,4.980417,5.020874,5.221442,0,0,0,0,0,0
2025/04/06 05:36:00.910,n,-3.496388,46.040508,0.004133,4.27735e-05,0.003781,4.218178e-05,4.186959,4.486023,4.515459,4.812746,4.169255,4.76217,4.667633,4.977509,5.00976,5.214163,0,0,0,0,0,0
2025/04/06 05:37:00.912,n,-3.510014,45.978496,0.004276,4.376713e-05,0.003912,4.600698e-05,4.188487,4.481588,4.508084,4.812746,4.166298,4.764916,4.664774,4.967208,5.015349,5.215576,0,0,0,0,0,0
2025/04/06 05:38:00.917,n,-3.540627,45.990264,0.00446,5.377604e-05,0.004086,5.537586e-05,4.172259,4.481588,4.503714,4.815704,4.158972,4.767792,4.667633,4.962805,5.015349,5.202366,0,0,0,0,0,0
2025/04/06 05:39:00.918,n,-3.549122,46.067316,0.004639,5.283296e-05,0.004287,6.239631e-05,4.172259,4.483083,4.497784,4.817214,4.157494,4.764916,4.659266,4.953982,5.018096,5.196501,0,0,0,0,0,0
2025/04/06 05:40:00.919,n,-3.561085,46.355404,0.004944,0.000106,0.004543,7.725886e-05,4.170732,4.477186,4.49486,4.818676,4.147146,4.770538,4.667633,4.949547,5.018096,5.197963,0,0,0,0,0,0
2025/04/06 05:41:00.919,n,-3.584915,46.412336,0.005307,0.000106,0.004907,0.000108,4.170732,4.486023,4.49486,4.814209,4.147146,4.76217,4.659266,4.955445,5.012506,5.200904,0,0,0,0,0,0
2025/04/06 05:42:00.924,n,-3.574711,46.497688,0.005523,7.514082e-05,0.00519,7.790682e-05,4.151565,4.480126,4.483083,4.806849,4.147146,4.773284,4.662013,4.939246,5.018096,5.193543,0,0,0,0,0,0
2025/04/06 05:43:00.907,n,-3.6189,46.634844,0.005565,1.992161e-05,0.005434,8.821172e-05,4.166298,4.475723,4.496355,4.796581,4.15457,4.76217,4.656521,4.948085,5.012506,5.205306,0,0,0,0,0,0
2025/04/06 05:44:00.909,n,-3.591652,46.884016,0.005785,6.408031e-05,0.005608,5.43389e-05,4.169255,4.468364,4.500725,4.803909,4.15457,4.770538,4.664774,4.955445,5.020874,5.200904,0,0,0,0,0,0
2025/04/06 05:45:00.909,n,-3.586624,47.204768,0.005948,5.70004e-05,0.00595,0.000104,4.157494,4.456602,4.486023,4.793673,4.142776,4.764916,4.662013,4.952472,5.020874,5.197963,0,0,0,0,0,0
2025/04/06 05:46:00.913,n,-3.591652,47.104572,0.006227,8.108527e-05,0.006075,3.289579e-05,4.151565,4.466869,4.49486,4.801049,4.14125,4.756549,4.656521,4.939246,5.018096,5.199441,0,0,0,0,0,0
2025/04/06 05:47:00.917,n,-3.571293,46.99598,0.006584,0.000107,0.006423,9.428626e-05,4.151565,4.460972,4.480126,4.803909,4.13831,4.759328,4.648138,4.939246,5.026479,5.184704,0,0,0,0,0,0
2025/04/06 05:48:00.916,n,-3.550831,47.37342,0.006983,0.000122,0.00683,0.000111,4.151565,4.468364,4.475723,4.793673,4.130919,4.751042,4.65376,4.945144,5.015349,5.192065,0,0,0,0,0,0
2025/04/06 05:49:00.919,n,-3.520268,47.011068,0.007388,0.000162,0.007253,0.000182,4.150135,4.462499,4.472799,4.796581,4.14125,4.756549,4.65376,4.936306,5.012506,5.184704,0,0,0,0,0,0
2025/04/06 05:50:00.920,n,-3.482765,46.939144,0.00765,0.000158,0.007524,8.200995e-05,4.13831,4.458032,4.477186,4.796581,4.133907,4.764916,4.656521,4.930473,5.018096,5.187644,0,0,0,0,0,0
2025/04/06 05:51:00.922,n,-3.441994,46.554572,0.007702,4.108555e-05,0.00773,4.260306e-05,4.133907,4.458032,4.466869,4.783341,4.132445,4.76217,4.659266,4.926005,5.020874,5.171494,0,0,0,0,0,0
2025/04/06 05:52:00.910,n,-3.399464,46.726888,0.007671,3.204015e-05,0.007681,4.11499e-05,4.139772,4.441868,4.472799,4.777475,4.14125,4.759328,4.656521,4.934843,5.020874,5.183241,0,0,0,0,0,0
2025/04/06 05:53:00.911,n,-3.355274,46.750276,0.007849,5.563802e-05,0.007627,5.855733e-05,4.13537,4.440374,4.474196,4.778938,4.130919,4.753788,4.65376,4.937783,5.015349,5.184704,0,0,0,0,0,0
2025/04/06 05:54:00.914,n,-3.351811,46.858968,0.008122,8.747378e-05,0.007904,8.018292e-05,4.13537,4.441868,4.466869,4.783341,4.126549,4.756549,4.650899,4.92901,5.00976,5.17887,0,0,0,0,0,0
2025/04/06 05:55:00.917,n,-3.2668,46.301836,0.008589,0.000155,0.008261,0.000143,4.133907,4.44627,4.463962,4.786313,4.13831,4.751042,4.645393,4.920172,5.015349,5.177392,0,0,0,0,0,0
2025/04/06 05:56:00.918,n,-3.210697,45.81424,0.008819,6.851025e-05,0.008608,0.000132,4.129441,4.444776,4.463962,4.774485,4.130919,4.748199,4.650899,4.920172,5.018096,5.167106,0,0,0,0,0,0
2025/04/06 05:57:00.919,n,-3.168217,45.970148,0.008636,6.639207e-05,0.008722,7.844831e-05,4.136848,4.450672,4.459495,4.78485,4.133907,4.742674,4.642614,4.921634,5.00976,5.173004,0,0,0,0,0,0
2025/04/06 05:58:00.921,n,-3.1189,45.760528,0.008253,0.000135,0.008137,0.000152,4.125022,4.443298,4.458032,4.787743,4.136848,4.742674,4.642614,4.911333,5.006966,5.173004,0,0,0,0,0,0
2025/04/06 05:59:00.925,n,-3.074711,45.846128,0.00786,0.000152,0.007779,0.000109,4.120653,4.450672,4.456602,4.783341,4.144206,4.742674,4.642614,4.915704,5.00976,5.168569,0,0,0,0,0,0
2025/04/06 06:00:00.925,n,-3.042435,45.403156,0.008332,0.000152,0.008159,0.000137,4.114724,4.441868,4.452135,4.780383,4.133907,4.759328,4.645393,4.896613,5.015349,5.156822,0,0,0,0,0,0
2025/04/06 06:01:00.917,n,-2.971047,45.22342,0.010863,0.000407,0.010265,0.00031,4.13537,4.443298,4.465424,4.786313,4.153042,4.72326,4.620276,4.926005,4.987566,5.180365,0,0,0,0,0,0
2025/04/06 06:02:00.920,n,-2.915043,45.842756,0.012485,0.000461,0.012329,0.000616,4.136848,4.440374,4.462499,4.781845,4.147146,4.717671,4.617515,4.920172,4.990344,5.174402,0,0,0,0,0,0
2025/04/06 06:03:00.921,n,-2.823292,46.422392,0.01239,2.72181e-05,0.011977,9.079824e-05,4.07933,4.39471,4.406486,4.737752,4.10293,4.701019,4.598117,4.867206,4.968069,5.11859,0,0,0,0,0,0
2025/04/06 06:04:00.922,n,-2.735062,45.413216,0.011745,0.000193,0.011206,0.000282,4.07051,4.391785,4.409476,4.725957,4.105855,4.701019,4.58975,4.865712,4.959686,5.11859,0,0,0,0,0,0
2025/04/06 06:05:00.927,n,-2.702786,44.268928,0.011435,0.000173,0.011261,0.000141,4.07051,4.396188,4.405009,4.723049,4.104425,4.695414,4.598117,4.859845,4.96248,5.123058,0,0,0,0,0,0
2025/04/06 06:06:00.928,n,-2.634915,43.822492,0.011666,0.000155,0.01151,0.000161,4.116186,4.441868,4.456602,4.770148,4.156031,4.72326,4.617515,4.898075,4.987566,5.171494,0,0,0,0,0,0
2025/04/06 06:07:00.928,n,-2.572121,43.405648,0.011708,2.368354e-05,0.011966,0.000142,4.126549,4.438896,4.452135,4.764218,4.158972,4.72326,4.623119,4.903973,4.984722,5.171494,0,0,0,0,0,0
2025/04/06 06:08:00.930,n,-2.499172,43.033872,0.0125,0.000237,0.012692,0.000257,4.125022,4.428596,4.450672,4.75832,4.160434,4.72326,4.620276,4.898075,4.990344,5.170032,0,0,0,0,0,0
2025/04/06 06:09:00.931,n,-2.468605,42.228208,0.015203,0.000826,0.014268,0.000476,4.126549,4.434477,4.463962,4.767143,4.173721,4.720418,4.620276,4.900984,4.979183,5.173004,0,0,0,0,0,0
2025/04/06 06:10:00.919,n,-2.429592,43.00018,0.016411,0.000319,0.016555,0.00068,4.129441,4.432998,4.450672,4.770148,4.160434,4.726006,4.61199,4.906946,4.987566,5.161225,0,0,0,0,0,0
2025/04/06 06:11:00.919,n,-2.338089,42.813212,0.015946,0.000254,0.016209,0.000175,4.120653,4.430074,4.443298,4.767143,4.153042,4.726006,4.625898,4.896613,4.993091,5.164166,0,0,0,0,0,0
2025/04/06 06:12:00.921,n,-2.295658,41.588896,0.017126,0.000351,0.016868,0.000265,4.111785,4.427135,4.443298,4.76568,4.166298,4.714926,4.617515,4.896613,4.979183,5.161225,0,0,0,0,0,0
2025/04/06 06:13:00.922,n,-2.241409,40.552032,0.01879,0.000496,0.018185,0.000467,4.119143,4.431536,4.452135,4.764218,4.170732,4.720418,4.61199,4.896613,4.981977,5.158267,0,0,0,0,0,0
2025/04/06 06:14:00.925,n,-2.163429,40.166828,0.018984,0.000115,0.019047,0.000264,4.122083,4.435939,4.460972,4.76568,4.184019,4.720418,4.61199,4.896613,4.981977,5.162703,0,0,0,0,0,0
2025/04/06 06:15:00.928,n,-2.112599,39.93348,0.019244,0.000183,0.019682,0.000184,4.114724,4.425672,4.450672,4.759815,4.169255,4.714926,4.614737,4.883373,4.981977,5.164166,0,0,0,0,0,0
2025/04/06 06:16:00.928,n,-2.041458,40.521664,0.0203,0.000325,0.020259,0.000244,4.126549,4.430074,4.453598,4.762772,4.19435,4.698176,4.600895,4.893672,4.970848,5.171494,0,0,0,0,0,0
2025/04/06 06:17:00.930,n,-1.96011,39.808284,0.021762,0.000385,0.021506,0.000353,4.13831,4.428596,4.462499,4.761309,4.200248,4.698176,4.592528,4.909807,4.959686,5.168569,0,0,0,0,0,0
2025/04/06 06:18:00.933,n,-1.895802,38.547392,0.022878,0.000287,0.022337,0.000233,4.13537,4.427135,4.463962,4.756843,4.197258,4.695414,4.58975,4.900984,4.96248,5.174402,0,0,0,0,0,0
2025/04/06 06:19:00.920,n,-1.85508,38.075276,0.022706,0.000227,0.022682,0.000215,4.133907,4.435939,4.462499,4.77161,4.195845,4.701019,4.592528,4.893672,4.959686,5.161225,0,0,0,0,0,0
2025/04/06 06:20:00.919,n,-1.770462,38.159892,0.019704,0.000936,0.020702,0.000628,4.132445,4.440374,4.452135,4.764218,4.189884,4.689794,4.598117,4.900984,4.954096,5.158267,0,0,0,0,0,0
2025/04/06 06:21:00.920,n,-1.731545,36.899592,0.016896,0.000817,0.017197,0.001028,4.13537,4.434477,4.458032,4.770148,4.203188,4.689794,4.586989,4.893672,4.948589,5.164166,0,0,0,0,0,0
2025/04/06 06:22:00.924,n,-1.704445,36.179964,0.014905,0.000582,0.015063,0.000605,4.130919,4.428596,4.452135,4.762772,4.204649,4.695414,4.592528,4.887807,4.954096,5.159763,0,0,0,0,0,0
2025/04/06 06:23:00.926,n,-1.66724,35.8055,0.013585,0.000389,0.013521,0.000438,4.139772,4.432998,4.471321,4.767143,4.213471,4.689794,4.586989,4.893672,4.948589,5.167106,0,0,0,0,0,0
2025/04/06 06:24:00.931,n,-1.640141,35.460724,0.013077,0.000134,0.012915,0.000168,4.142776,4.427135,4.466869,4.764218,4.220845,4.687047,4.584243,4.896613,4.945729,5.170032,0,0,0,0,0,0
2025/04/06 06:25:00.932,n,-1.646927,35.661164,0.012007,0.000381,0.011624,0.000468,4.14125,4.424177,4.468364,4.75832,4.217938,4.687047,4.584243,4.895135,4.95135,5.170032,0,0,0,0,0,0
2025/04/06 06:26:00.933,n,-1.626614,35.23802,0.012149,7.854943e-05,0.011798,8.980204e-05,4.147146,4.425672,4.471321,4.753949,4.229698,4.675919,4.575876,4.895135,4.942967,5.173004,0,0,0,0,0,0
2025/04/06 06:27:00.934,n,-1.597904,36.081184,0.012185,4.600698e-05,0.01183,6.172485e-05,4.158972,4.4227,4.475723,4.756843,4.238535,4.681508,4.578622,4.895135,4.948589,5.168569,0,0,0,0,0,0
2025/04/06 06:28:00.921,n,-1.626614,35.871712,0.012527,9.428626e-05,0.012205,0.000108,4.160434,4.435939,4.466869,4.77161,4.223802,4.675919,4.573033,4.895135,4.937475,5.150906,0,0,0,0,0,0
2025/04/06 06:29:00.922,n,-1.591114,36.203792,0.012626,0.000115,0.012302,0.000134,4.150135,4.434477,4.465424,4.773023,4.228204,4.673141,4.567494,4.896613,4.9346,5.168569,0,0,0,0,0,0
2025/04/06 06:30:00.925,n,-1.623245,35.915852,0.013114,0.000123,0.012709,0.000104,4.148673,4.437401,4.471321,4.774485,4.235595,4.670395,4.567494,4.892145,4.926346,5.170032,0,0,0,0,0,0
2025/04/06 06:31:00.911,n,-1.616505,35.937872,0.013826,0.000149,0.013397,0.000143,4.184019,4.441868,4.487486,4.786313,4.235595,4.648138,4.542492,4.917182,4.901309,5.183241,0,0,0,0,0,0
2025/04/06 06:32:00.912,n,-1.667042,35.602236,0.013529,0.00016,0.013055,0.000141,4.146124,4.415681,4.451031,4.761553,4.210969,4.570791,4.476276,4.880658,4.8294,5.148113,0,0,0,0,0,0
2025/04/06 06:33:00.916,n,-1.646729,35.308292,0.014073,0.00026,0.013592,0.000257,4.146124,4.4201,4.456928,4.760092,4.209507,4.573553,4.467909,4.870358,4.834989,5.146683,0,0,0,0,0,0
2025/04/06 06:34:00.916,n,-1.64502,34.903408,0.014544,0.0002,0.013954,0.000156,4.141704,4.417143,4.451031,4.754193,4.20361,4.57638,4.481864,4.874793,4.840593,5.148113,0,0,0,0,0,0
2025/04/06 06:35:00.919,n,-1.599316,34.619084,0.014843,0.00018,0.014209,0.000139,4.13433,4.412742,4.445166,4.748296,4.210969,4.584633,4.47353,4.86745,4.840593,5.137876,0,0,0,0,0,0
2025/04/06 06:36:00.920,n,-1.579052,35.044672,0.015062,8.20422e-05,0.014414,6.016193e-05,4.141704,4.411279,4.451031,4.751253,4.206517,4.587426,4.479119,4.868895,4.832243,5.137876,0,0,0,0,0,0
2025/04/06 06:37:00.909,n,-1.606052,35.510492,0.015486,0.000154,0.01462,5.963186e-05,4.154927,4.411279,4.467227,4.752716,4.20361,4.57638,4.479119,4.877718,4.834989,5.154043,0,0,0,0,0,0
2025/04/06 06:38:00.908,n,-1.634861,36.076704,0.015575,4.140628e-05,0.014788,5.245603e-05,4.146124,4.406877,4.46427,4.749758,4.200621,4.57638,4.481864,4.87918,4.834989,5.151118,0,0,0,0,0,0
2025/04/06 06:39:00.911,n,-1.641651,36.29296,0.015591,3.253185e-05,0.015009,5.709316e-05,4.159394,4.409817,4.458405,4.752716,4.206517,4.573553,4.47353,4.876289,4.823875,5.148113,0,0,0,0,0,0
2025/04/06 06:40:00.911,n,-1.579052,36.62304,0.01603,0.000136,0.015231,5.634681e-05,4.149063,4.417143,4.459868,4.757086,4.200621,4.57638,4.470655,4.868895,4.826621,5.139289,0,0,0,0,0,0
2025/04/06 06:41:00.916,n,-1.567234,35.507072,0.016328,0.000113,0.015507,9.155274e-05,4.152002,4.415681,4.458405,4.760092,4.202116,4.581887,4.47353,4.865923,4.832243,5.137876,0,0,0,0,0,0
2025/04/06 06:42:00.915,n,-1.550243,34.923872,0.016249,3.411969e-05,0.015696,6.358291e-05,4.1432,4.415681,4.459868,4.752716,4.205072,4.579142,4.476276,4.86745,4.834989,5.136413,0,0,0,0,0,0
2025/04/06 06:43:00.917,n,-1.507958,35.418744,0.016871,0.000205,0.016139,0.000145,4.1432,4.414203,4.455466,4.763016,4.200621,4.573553,4.467909,4.86152,4.826621,5.137876,0,0,0,0,0,0
2025/04/06 06:44:00.919,n,-1.504639,35.189252,0.017779,0.000269,0.016981,0.000274,4.149063,4.414203,4.458405,4.749758,4.20361,4.573553,4.476276,4.86152,4.8294,5.131978,0,0,0,0,0,0
2025/04/06 06:45:00.922,n,-1.506249,35.323528,0.018489,0.000194,0.017904,0.000253,4.1432,4.405414,4.461331,4.743893,4.206517,4.570791,4.467909,4.860122,4.821114,5.139289,0,0,0,0,0,0
2025/04/06 06:46:00.909,n,-1.44204,34.658292,0.019333,0.000234,0.018405,0.000131,4.152002,4.40392,4.461331,4.745356,4.191817,4.57638,4.467909,4.860122,4.823875,5.13344,0,0,0,0,0,0
2025/04/06 06:47:00.911,n,-1.428467,34.917036,0.019323,6.206681e-05,0.018136,0.000108,4.153465,4.409817,4.465733,4.763016,4.205072,4.568014,4.465148,4.877718,4.818271,5.13344,0,0,0,0,0,0
2025/04/06 06:48:00.910,n,-1.396385,34.515128,0.019073,0.000156,0.017888,9.038938e-05,4.154927,4.415681,4.465733,4.757086,4.199143,4.565267,4.465148,4.86745,4.823875,5.14522,0,0,0,0,0,0
2025/04/06 06:49:00.912,n,-1.320313,34.72636,0.018426,0.000197,0.01799,3.051758e-05,4.160824,4.406877,4.467227,4.763016,4.205072,4.559761,4.454036,4.865923,4.818271,5.139289,0,0,0,0,0,0
2025/04/06 06:50:00.916,n,-1.286522,35.02592,0.018343,5.819474e-05,0.017893,4.531162e-05,4.159394,4.418638,4.459868,4.752716,4.205072,4.562507,4.456781,4.86152,4.818271,5.139289,0,0,0,0,0,0
2025/04/06 06:51:00.916,n,-1.293213,35.204532,0.018697,0.000128,0.018076,6.391494e-05,4.160824,4.421579,4.46869,4.763016,4.210969,4.551394,4.456781,4.860122,4.812746,5.136413,0,0,0,0,0,0
2025/04/06 06:52:00.918,n,-1.252636,33.701408,0.018463,8.100365e-05,0.018297,0.000105,4.157931,4.4201,4.467227,4.755656,4.20361,4.562507,4.454036,4.86446,4.821114,5.131978,0,0,0,0,0,0
2025/04/06 06:53:00.922,n,-1.1563,33.721868,0.01803,0.000105,0.018346,6.730241e-05,4.149063,4.418638,4.47457,4.752716,4.212431,4.548633,4.451274,4.862997,4.810001,5.140816,0,0,0,0,0,0
2025/04/06 06:54:00.922,n,-1.084129,34.245792,0.018223,8.074192e-05,0.018389,5.44362e-05,4.154927,4.414203,4.47457,4.751253,4.212431,4.556886,4.451274,4.86152,4.810001,5.142279,0,0,0,0,0,0
2025/04/06 06:55:00.910,n,-1.03833,33.458782,0.018656,0.000195,0.018297,7.389816e-05,4.166753,4.417143,4.471629,4.758629,4.20361,4.551394,4.451274,4.86745,4.810001,5.13344,0,0,0,0,0,0
2025/04/06 06:56:00.910,n,-1.014549,33.49638,0.01937,0.000419,0.018227,6.571111e-05,4.157931,4.408307,4.46427,4.754193,4.205072,4.556886,4.451274,4.873283,4.801617,5.13495,0,0,0,0,0,0
2025/04/06 06:57:00.914,n,-0.970459,33.590372,0.019642,0.000164,0.018314,6.341624e-05,4.16529,4.423041,4.47457,4.763016,4.215403,4.548633,4.442909,4.86446,4.80438,5.137876,0,0,0,0,0,0
2025/04/06 06:58:00.915,n,-0.875488,32.56425,0.020369,0.000381,0.018588,8.178379e-05,4.157931,4.426013,4.471629,4.761553,4.218343,4.545855,4.442909,4.86446,4.798872,5.14522,0,0,0,0,0,0
2025/04/06 06:59:00.918,n,-0.812744,32.318448,0.019281,0.000398,0.019477,0.000287,4.163828,4.415681,4.471629,4.771854,4.224207,4.545855,4.442909,4.862997,4.798872,5.142279,0,0,0,0,0,0
2025/04/06 07:00:00.919,n,-0.770409,32.091252,0.018718,0.000191,0.019741,8.801654e-05,4.159394,4.4201,4.476096,4.763016,4.227196,4.545855,4.44575,4.857117,4.801617,5.139289,0,0,0,0,0,0
2025/04/06 07:01:00.930,n,-0.68906,32.135636,0.019125,5.591586e-05,0.019644,0.000141,4.182948,4.430465,4.50698,4.771854,4.252196,4.51515,4.40678,4.882121,4.768247,5.176059,0,0,0,0,0,0
2025/04/06 07:02:00.932,n,-0.656128,31.060874,0.018941,7.44688e-05,0.020637,0.000394,4.152458,4.394076,4.464758,4.728215,4.218798,4.650218,4.54735,4.853217,4.911675,5.139858,0,0,0,0,0,0
2025/04/06 07:03:00.934,n,-0.586643,31.69761,0.018961,7.18652e-05,0.02203,0.000315,4.156924,4.389673,4.470655,4.726753,4.212901,4.652996,4.555699,4.850277,4.917264,5.131035,0,0,0,0,0,0
2025/04/06 07:04:00.919,n,-0.554417,31.538268,0.018899,0.000116,0.02231,0.000214,4.134801,4.395538,4.453013,4.737038,4.209962,4.6586,4.550111,4.835573,4.92014,5.119289,0,0,0,0,0,0
2025/04/06 07:05:00.919,n,-0.52058,32.239846,0.018899,2.253873e-05,0.022154,0.000177,4.142224,4.400005,4.461818,4.737038,4.211424,4.661347,4.558575,4.831203,4.917264,5.113422,0,0,0,0,0,0
2025/04/06 07:06:00.921,n,-0.512085,31.743352,0.018956,5.963186e-05,0.025036,0.000941,4.13922,4.395538,4.454491,4.726753,4.212901,4.661347,4.564066,4.826751,4.911675,5.107558,0,0,0,0,0,0
2025/04/06 07:07:00.922,n,-0.488403,31.6065,0.019165,9.108918e-05,0.024148,0.000924,4.137757,4.392663,4.463312,4.728215,4.215825,4.655757,4.561321,4.829741,4.914518,5.116363,0,0,0,0,0,0
2025/04/06 07:08:00.925,n,-0.400364,31.220428,0.019855,0.000207,0.021636,0.000896,4.146561,4.386733,4.460356,4.72084,4.215825,4.6586,4.564066,4.828213,4.925647,5.122229,0,0,0,0,0,0
2025/04/06 07:09:00.928,n,-0.385132,31.769708,0.020377,0.000211,0.021512,0.000175,4.151013,4.386733,4.466252,4.726753,4.224695,4.650218,4.552953,4.834111,4.914518,5.128127,0,0,0,0,0,0
2025/04/06 07:10:00.929,n,-0.39016,32.233246,0.020566,0.000117,0.02293,0.000457,4.152458,4.392663,4.476551,4.728215,4.227651,4.647472,4.552953,4.834111,4.914518,5.128127,0,0,0,0,0,0
2025/04/06 07:11:00.930,n,-0.295433,31.12477,0.021208,0.000206,0.024584,0.00053,4.159848,4.380837,4.467715,4.722318,4.217303,4.655757,4.555699,4.837036,4.911675,5.132498,0,0,0,0,0,0
2025/04/06 07:12:00.933,n,-0.244652,30.696394,0.022007,0.000277,0.026584,0.00064,4.155447,4.379342,4.47358,4.728215,4.227651,4.650218,4.552953,4.841471,4.911675,5.128127,0,0,0,0,0,0
2025/04/06 07:13:00.917,n,-0.163353,30.347382,0.022534,0.000182,0.026702,0.000328,4.149551,4.401435,4.47358,4.744381,4.227651,4.650218,4.544603,4.831203,4.908896,5.117826,0,0,0,0,0,0
2025/04/06 07:14:00.919,n,-0.065258,29.52233,0.023342,0.000278,0.025874,0.000343,4.143622,4.397001,4.472117,4.744381,4.230559,4.641883,4.541826,4.831203,4.903307,5.122229,0,0,0,0,0,0
2025/04/06 07:15:00.922,n,0.009106,29.16186,0.023889,0.00022,0.02468,0.000487,4.153952,4.400005,4.467715,4.735575,4.236489,4.647472,4.550111,4.835573,4.908896,5.125202,0,0,0,0,0,0
2025/04/06 07:16:00.923,n,0.135963,28.751582,0.024732,0.00023,0.024826,0.000285,4.164283,4.397001,4.480954,4.742918,4.245324,4.641883,4.541826,4.841471,4.903307,5.126664,0,0,0,0,0,0
2025/04/06 07:17:00.926,n,0.189968,29.720732,0.025513,0.000236,0.024944,8.921084e-05,4.168686,4.398528,4.482449,4.739978,4.248248,4.628009,4.536237,4.840041,4.892145,5.136934,0,0,0,0,0,0
2025/04/06 07:18:00.926,n,0.235622,29.108552,0.026079,0.000147,0.025649,0.000216,4.180512,4.392663,4.489776,4.729678,4.252651,4.63082,4.533476,4.840041,4.892145,5.138396,0,0,0,0,0,0
2025/04/06 07:19:00.931,n,0.343777,28.666946,0.026417,0.000142,0.02603,0.00014,4.177539,4.395538,4.489776,4.735575,4.249711,4.625216,4.533476,4.842949,4.900528,5.138396,0,0,0,0,0,0
2025/04/06 07:20:00.931,n,0.379223,29.337712,0.026126,9.737842e-05,0.026992,0.000363,4.170147,4.395538,4.489776,4.735575,4.255608,4.633598,4.527951,4.850277,4.892145,5.141337,0,0,0,0,0,0
2025/04/06 07:21:00.934,n,0.429909,28.72884,0.025117,0.000317,0.027067,8.582492e-05,4.180512,4.3912,4.491254,4.744381,4.254113,4.625216,4.530697,4.848815,4.889399,5.139858,0,0,0,0,0,0
2025/04/06 07:22:00.920,n,0.524487,28.118956,0.025388,0.000294,0.026659,0.000206,4.165778,4.408827,4.483911,4.750279,4.263015,4.628009,4.525206,4.835573,4.889399,5.13396,0,0,0,0,0,0
2025/04/06 07:23:00.921,n,0.620728,28.324324,0.024696,0.000247,0.025692,0.000311,4.180512,4.410272,4.489776,4.745876,4.273313,4.616946,4.522331,4.850277,4.883892,5.128127,0,0,0,0,0,0
2025/04/06 07:24:00.924,n,0.673023,27.559758,0.025715,0.000364,0.027368,0.000753,4.174614,4.401435,4.491254,4.745876,4.268912,4.619724,4.525206,4.840041,4.886638,5.136934,0,0,0,0,0,0
2025/04/06 07:25:00.925,n,0.711842,26.484622,0.027404,0.000596,0.029439,0.000566,4.183436,4.404424,4.494242,4.750279,4.283612,4.614103,4.519585,4.838578,4.881146,5.139858,0,0,0,0,0,0
2025/04/06 07:26:00.927,n,0.689919,26.325568,0.03202,0.001362,0.034795,0.001654,4.192239,4.408827,4.50451,4.750279,4.293927,4.611342,4.505696,4.844412,4.875525,5.144262,0,0,0,0,0,0
2025/04/06 07:27:00.914,n,0.706432,26.986516,0.037991,0.00195,0.042621,0.002555,4.180593,4.414788,4.481068,4.760692,4.27489,4.635741,4.535588,4.831268,4.891561,5.120848,0,0,0,0,0,0
2025/04/06 07:28:00.916,n,0.721615,26.599958,0.045065,0.002385,0.059194,0.005493,4.187966,4.420717,4.491368,4.754795,4.289591,4.635741,4.535588,4.841569,4.894404,5.135585,0,0,0,0,0,0
2025/04/06 07:29:00.917,n,0.755356,26.286118,0.049138,0.001025,0.060761,0.001781,4.190891,4.420717,4.489905,4.759198,4.292596,4.630235,4.527334,4.831268,4.891561,5.134122,0,0,0,0,0,0
2025/04/06 07:30:00.921,n,0.848228,27.244528,0.048813,0.000925,0.04969,0.005212,4.193832,4.419256,4.492846,4.757704,4.299955,4.627457,4.527334,4.834225,4.886036,5.134122,0,0,0,0,0,0
2025/04/06 07:31:00.914,n,0.878502,26.548398,0.050012,0.000442,0.049131,0.001167,4.217417,4.445718,4.514956,4.778368,4.311715,4.596833,4.496809,4.859228,4.852665,5.145822,0,0,0,0,0,0
2025/04/06 07:32:00.915,n,0.91993,27.093632,0.051209,0.00046,0.050561,0.000565,4.178822,4.401288,4.48076,4.744201,4.289315,4.636279,4.533476,4.819196,4.889334,5.113115,0,0,0,0,0,0
2025/04/06 07:33:00.920,n,1.036236,26.82652,0.052035,0.000493,0.05206,0.000625,4.184751,4.40569,4.485227,4.733902,4.295244,4.630657,4.533476,4.819196,4.89221,5.114657,0,0,0,0,0,0
2025/04/06 07:34:00.920,n,1.061482,27.485986,0.053907,0.000531,0.055157,0.000793,4.178822,4.401288,4.485227,4.732374,4.299614,4.63904,4.539015,4.817734,4.903307,5.11612,0,0,0,0,0,0
2025/04/06 07:35:00.921,n,1.118805,25.645524,0.05261,0.000701,0.054182,0.001046,4.187691,4.398316,4.488102,4.732374,4.30551,4.633533,4.536237,4.820659,4.894956,5.123415,0,0,0,0,0,0
2025/04/06 07:36:00.924,n,1.135651,25.432126,0.050284,0.000528,0.049556,0.001014,4.187691,4.393914,4.488102,4.735364,4.315841,4.636279,4.539015,4.814761,4.886589,5.123415,0,0,0,0,0,0
2025/04/06 07:37:00.928,n,1.125591,25.094314,0.049682,0.000116,0.048278,0.0003,4.19505,4.390957,4.495462,4.733902,4.315841,4.630657,4.536237,4.82797,4.89221,5.119028,0,0,0,0,0,0
2025/04/06 07:38:00.928,n,1.118805,26.18667,0.049363,0.000164,0.04922,0.000626,4.205348,4.399793,4.502886,4.738272,4.321738,4.633533,4.533476,4.82797,4.886589,5.124893,0,0,0,0,0,0
2025/04/06 07:39:00.930,n,1.201374,27.119048,0.047339,0.000704,0.046944,0.000711,4.211212,4.396854,4.507288,4.741197,4.333532,4.630657,4.525045,4.842722,4.881082,5.130791,0,0,0,0,0,0
2025/04/06 07:40:00.915,n,1.258648,26.893766,0.04388,0.001044,0.044097,0.001174,4.203886,4.40569,4.486689,4.750034,4.329113,4.633533,4.522267,4.822122,4.881082,5.121952,0,0,0,0,0,0
2025/04/06 07:41:00.917,n,1.275494,25.692686,0.038949,0.001513,0.038858,0.001628,4.199517,4.418914,4.502886,4.748573,4.336439,4.627912,4.530633,4.823599,4.881082,5.123415,0,0,0,0,0,0
2025/04/06 07:42:00.920,n,1.265438,25.34169,0.034253,0.001453,0.03346,0.001419,4.203886,4.40569,4.510228,4.741197,4.345276,4.630657,4.527855,4.830959,4.881082,5.119028,0,0,0,0,0,0
2025/04/06 07:43:00.923,n,1.226666,25.259114,0.030389,0.001129,0.029993,0.000924,4.218636,4.411555,4.508766,4.744201,4.355625,4.625166,4.51952,4.830959,4.87546,5.127851,0,0,0,0,0,0
2025/04/06 07:44:00.924,n,1.184578,25.46376,0.027595,0.000822,0.026164,0.001022,4.223038,4.40569,4.513136,4.748573,4.357102,4.619626,4.513981,4.830959,4.87546,5.129314,0,0,0,0,0,0
2025/04/06 07:45:00.925,n,1.196346,25.852048,0.027268,6.885694e-05,0.025702,9.650506e-05,4.228903,4.410078,4.520496,4.754438,4.360027,4.622405,4.516742,4.832422,4.864331,5.133717,0,0,0,0,0,0
2025/04/06 07:46:00.927,n,1.090145,25.754054,0.029385,0.000644,0.027898,0.000591,4.23038,4.40569,4.523453,4.751561,4.367451,4.619626,4.513981,4.836792,4.867091,5.133717,0,0,0,0,0,0
2025/04/06 07:47:00.930,n,1.066559,25.535664,0.032471,0.001033,0.029842,0.000627,4.248102,4.415989,4.527822,4.758872,4.368863,4.611259,4.508393,4.847093,4.864331,5.135195,0,0,0,0,0,0
2025/04/06 07:48:00.933,n,0.998787,26.770818,0.033077,0.000397,0.030369,0.000248,4.223103,4.393946,4.516158,4.747192,4.361521,4.652151,4.543742,4.838352,4.905193,5.124943,0,0,0,0,0,0
2025/04/06 07:49:00.916,n,0.953228,26.635934,0.03219,0.000623,0.030251,0.000237,4.226059,4.413147,4.513185,4.748654,4.374825,4.660436,4.538122,4.817751,4.8997,5.127916,0,0,0,0,0,0
2025/04/06 07:50:00.919,n,0.941464,27.529724,0.031645,0.000289,0.029772,0.000344,4.233434,4.419011,4.51762,4.751594,4.385124,4.649308,4.546505,4.822219,4.891235,5.124943,0,0,0,0,0,0
2025/04/06 07:51:00.920,n,0.924664,26.62081,0.032937,0.000412,0.031003,0.000379,4.240825,4.419011,4.529382,4.757427,4.389543,4.649308,4.538122,4.830992,4.888474,5.133782,0,0,0,0,0,0
2025/04/06 07:52:00.925,n,0.858845,26.721482,0.0349,0.000663,0.033176,0.000675,4.248184,4.419011,4.535312,4.751594,4.392484,4.643768,4.538122,4.830992,4.888474,5.136722,0,0,0,0,0,0
2025/04/06 07:53:00.926,n,0.907723,26.950256,0.039067,0.0011,0.035954,0.000765,4.242238,4.41461,4.538219,4.758954,4.389543,4.643768,4.535376,4.833949,4.885727,5.135244,0,0,0,0,0,0
2025/04/06 07:54:00.928,n,0.902691,27.440036,0.045486,0.002228,0.038477,0.000818,4.267287,4.413147,4.536789,4.760432,4.398412,4.638276,4.540883,4.83689,4.888474,5.135244,0,0,0,0,0,0
2025/04/06 07:55:00.931,n,0.944832,27.823104,0.054549,0.003758,0.041088,0.001127,4.26438,4.423414,4.551508,4.775087,4.402783,4.62437,4.529852,4.85013,4.871853,5.141093,0,0,0,0,0,0
2025/04/06 07:56:00.930,n,0.973492,28.114088,0.05147,0.004503,0.042673,0.002643,4.273184,4.420474,4.545579,4.769254,4.393946,4.632655,4.529852,4.851593,4.8746,5.138185,0,0,0,0,0,0
2025/04/06 07:57:00.934,n,1.032528,27.97796,0.045161,0.004755,0.037856,0.00276,4.277651,4.427834,4.545579,4.773625,4.395424,4.635498,4.532598,4.845695,4.87736,5.138185,0,0,0,0,0,0
2025/04/06 07:58:00.921,n,1.091511,27.84386,0.032335,0.003913,0.029213,0.002564,4.276124,4.438133,4.548583,4.770717,4.40431,4.635498,4.532598,4.838352,4.87736,5.142587,0,0,0,0,0,0
2025/04/06 07:59:00.921,n,1.149033,28.580076,0.030846,0.000589,0.027619,0.000342,4.237366,4.390534,4.514175,4.728979,4.371398,4.643589,4.535198,4.798108,4.885516,5.111131,0,0,0,0,0,0
2025/04/06 08:00:00.925,n,1.20797,27.599176,0.031796,0.00153,0.027683,0.000312,4.241833,4.399355,4.527433,4.733414,4.368459,4.646367,4.532436,4.799539,4.879895,5.106761,0,0,0,0,0,0
2025/04/06 08:01:00.922,n,1.184433,26.919096,0.045632,0.003806,0.031975,0.001406,4.247697,4.419986,4.543629,4.753999,4.390534,4.612998,4.510099,4.817181,4.854988,5.121433,0,0,0,0,0,0
2025/04/06 08:02:00.920,n,1.223156,26.910038,0.042282,0.002291,0.03197,0.001303,4.256532,4.414057,4.545091,4.746607,4.381697,4.618505,4.512942,4.814306,4.854988,5.119938,0,0,0,0,0,0
2025/04/06 08:03:00.923,n,1.231552,26.425962,0.043354,0.004504,0.037503,0.003475,4.268358,4.415584,4.546569,4.759879,4.396463,4.618505,4.521226,4.815704,4.852145,5.121433,0,0,0,0,0,0
2025/04/06 08:04:00.925,n,1.209679,26.495316,0.054293,0.004747,0.04222,0.00225,4.272761,4.415584,4.546569,4.755477,4.394986,4.621348,4.518481,4.821634,4.854988,5.127299,0,0,0,0,0,0
2025/04/06 08:05:00.927,n,1.329258,26.086248,0.064474,0.002798,0.048118,0.001595,4.281583,4.418524,4.549558,4.758402,4.40673,4.618505,4.518481,4.828977,4.86602,5.128744,0,0,0,0,0,0
2025/04/06 08:06:00.928,n,1.369686,26.265472,0.085583,0.005896,0.056021,0.002484,4.275686,4.417046,4.556854,4.761342,4.403822,4.621348,4.521226,4.827514,4.854988,5.130206,0,0,0,0,0,0
2025/04/06 08:07:00.913,n,1.537998,26.535736,0.065429,0.004848,0.056069,0.002442,4.268358,4.428841,4.543629,4.762804,4.394986,4.621348,4.518481,4.812844,4.854988,5.115535,0,0,0,0,0,0
2025/04/06 08:08:00.915,n,1.6087,26.07961,0.05953,0.002504,0.053753,0.001854,4.271234,4.427346,4.543629,4.761342,4.403822,4.624094,4.521226,4.814306,4.868862,5.118525,0,0,0,0,0,0
2025/04/06 08:09:00.918,n,1.65411,25.026312,0.060486,0.003502,0.054362,0.002183,4.28012,4.436183,4.555359,4.765745,4.408192,4.618505,4.515702,4.818676,4.857767,5.115535,0,0,0,0,0,0
2025/04/06 08:10:00.920,n,1.727013,26.136014,0.046189,0.003462,0.040602,0.003685,4.278658,4.427346,4.559793,4.765745,4.411182,4.621348,4.512942,4.821634,4.852145,5.125836,0,0,0,0,0,0
2025/04/06 08:11:00.922,n,1.823254,24.61389,0.046978,0.003673,0.041168,0.00236,4.281583,4.43178,4.559793,4.767207,4.417046,4.615744,4.512942,4.830504,4.846524,5.137568,0,0,0,0,0,0
2025/04/06 08:12:00.923,n,1.793305,24.974616,0.056269,0.003015,0.047658,0.002358,4.274224,4.415584,4.552483,4.755477,4.408257,4.649616,4.552304,4.815801,4.88875,5.122928,0,0,0,0,0,0
2025/04/06 08:13:00.925,n,1.820355,24.758712,0.065984,0.002698,0.05636,0.002499,4.289022,4.420019,4.567218,4.765777,4.421545,4.649616,4.549461,4.824639,4.885907,5.121465,0,0,0,0,0,0
2025/04/06 08:14:00.929,n,1.84565,24.699646,0.072128,0.001903,0.064444,0.002544,4.293409,4.421545,4.553928,4.7643,4.418556,4.649616,4.549461,4.815801,4.885907,5.120003,0,0,0,0,0,0
2025/04/06 08:15:00.930,n,1.864204,24.302924,0.072031,0.004392,0.066796,0.001185,4.303707,4.427378,4.565756,4.773137,4.439172,4.646855,4.53843,4.831935,4.877539,5.121465,0,0,0,0,0,0
2025/04/06 08:16:00.916,n,1.877728,24.407048,0.07783,0.00188,0.069033,0.000614,4.293409,4.445069,4.565756,4.774599,4.445069,4.641234,4.54397,4.815801,4.872031,5.125836,0,0,0,0,0,0
2025/04/06 08:17:00.916,n,1.8997,24.53891,0.095515,0.006762,0.082218,0.004057,4.303707,4.447944,4.56868,4.780498,4.461233,4.638489,4.53843,4.820171,4.877539,5.127331,0,0,0,0,0,0
2025/04/06 08:18:00.918,n,2.026314,25.481368,0.117358,0.008732,0.087056,0.001917,4.308109,4.449406,4.576055,4.776078,4.467145,4.630203,4.53281,4.830472,4.869286,5.134674,0,0,0,0,0,0
2025/04/06 08:19:00.920,n,2.171429,24.131296,0.082277,0.01015,0.081165,0.001491,4.308109,4.43178,4.574577,4.774599,4.458308,4.638489,4.54397,4.826101,4.874793,5.131767,0,0,0,0,0,0
2025/04/06 08:20:00.925,n,2.216988,23.871958,0.0707,0.003073,0.074653,0.001845,4.316979,4.436247,4.587753,4.768702,4.465668,4.635709,4.53843,4.827514,4.869286,5.131767,0,0,0,0,0,0
2025/04/06 08:21:00.924,n,2.189938,23.3486,0.068309,0.000775,0.069397,0.001417,4.32138,4.44208,4.587753,4.7849,4.477429,4.62736,4.535685,4.833462,4.863761,5.133197,0,0,0,0,0,0
2025/04/06 08:22:00.926,n,2.174751,24.038114,0.074342,0.001765,0.074221,0.001592,4.334604,4.440617,4.596654,4.793738,4.486266,4.624582,4.530064,4.83931,4.855379,5.147901,0,0,0,0,0,0
2025/04/06 08:23:00.928,n,2.188976,24.526258,0.075436,0.000474,0.078421,0.001441,4.321592,4.430562,4.571863,4.774876,4.468884,4.697688,4.592122,4.829285,4.920204,5.123204,0,0,0,0,0,0
2025/04/06 08:24:00.930,n,2.229504,24.4744,0.079173,0.001384,0.079648,0.000811,4.330446,4.443818,4.579256,4.777816,4.483603,4.692149,4.586501,4.829285,4.914615,5.126177,0,0,0,0,0,0
2025/04/06 08:25:00.915,n,2.236195,23.867004,0.082719,0.001128,0.084636,0.00148,4.330446,4.448285,4.582196,4.782252,4.50417,4.686657,4.586501,4.816077,4.914615,5.120246,0,0,0,0,0,0
2025/04/06 08:26:00.919,n,2.306996,24.85348,0.081625,0.00046,0.083845,0.000283,4.339315,4.454149,4.591002,4.780773,4.515979,4.675529,4.58101,4.824915,4.914615,5.133506,0,0,0,0,0,0
2025/04/06 08:27:00.920,n,2.382923,24.921758,0.079463,0.000672,0.083006,0.000412,4.34224,4.449747,4.595421,4.788117,4.526246,4.683896,4.586501,4.830748,4.906329,5.140849,0,0,0,0,0,0
2025/04/06 08:28:00.923,n,2.467201,24.100352,0.076538,0.001072,0.080371,0.000948,4.352603,4.45121,4.601269,4.786654,4.527708,4.683896,4.583756,4.836645,4.909075,5.142311,0,0,0,0,0,0
2025/04/06 08:29:00.926,n,2.404846,23.263076,0.073555,0.00102,0.077346,0.001104,4.362838,4.459982,4.610122,4.796939,4.540997,4.683896,4.578216,4.846914,4.903454,5.14522,0,0,0,0,0,0
2025/04/06 08:30:00.928,n,2.423401,24.12122,0.073672,0.000167,0.076095,0.00042,4.370212,4.459982,4.60866,4.799879,4.546894,4.683896,4.57547,4.838108,4.906329,5.137876,0,0,0,0,0,0
2025/04/06 08:31:00.923,n,2.450356,23.974054,0.068249,0.001505,0.072984,0.000595,4.399664,4.485048,4.632217,4.817539,4.579256,4.642127,4.542102,4.860155,4.864574,5.168748,0,0,0,0,0,0
2025/04/06 08:32:00.927,n,2.481094,24.550156,0.065033,0.001136,0.06899,0.001141,4.353708,4.444955,4.596525,4.786281,4.543499,4.695641,4.595615,4.824476,4.918189,5.125689,0,0,0,0,0,0
2025/04/06 08:33:00.927,n,2.482708,24.399992,0.070603,0.001941,0.070859,0.000781,4.365469,4.443492,4.602422,4.778888,4.545027,4.695641,4.59836,4.824476,4.920936,5.124212,0,0,0,0,0,0
2025/04/06 08:34:00.914,n,2.513077,24.92374,0.075911,0.001949,0.078429,0.002365,4.361035,4.456716,4.592122,4.787678,4.564163,4.701263,4.595615,4.814177,4.920936,5.119841,0,0,0,0,0,0
2025/04/06 08:35:00.914,n,2.541691,24.196018,0.07912,0.000994,0.082227,0.001066,4.365469,4.456716,4.60096,4.786281,4.573001,4.701263,4.601204,4.814177,4.923682,5.116884,0,0,0,0,0,0
2025/04/06 08:36:00.916,n,2.511368,23.870716,0.077757,0.000903,0.082595,0.000476,4.369903,4.459657,4.608288,4.784818,4.581823,4.706884,4.601204,4.821488,4.923682,5.122748,0,0,0,0,0,0
2025/04/06 08:37:00.919,n,2.504681,23.74682,0.076799,0.000781,0.081289,0.000324,4.38017,4.459657,4.611227,4.790651,4.587688,4.690134,4.603982,4.811251,4.90706,5.127152,0,0,0,0,0,0
2025/04/06 08:38:00.920,n,2.492863,24.254974,0.073726,0.001125,0.076818,0.001604,4.391996,4.46708,4.621527,4.796549,4.586225,4.701263,4.595615,4.833315,4.915411,5.127152,0,0,0,0,0,0
2025/04/06 08:39:00.923,n,2.494572,23.914688,0.06952,0.001225,0.072956,0.001382,4.397861,4.459657,4.622989,4.790651,4.599498,4.69288,4.59836,4.823015,4.915411,5.128615,0,0,0,0,0,0
2025/04/06 08:40:00.924,n,2.442276,23.260432,0.071669,0.000934,0.073035,0.000425,4.40522,4.465603,4.622989,4.790651,4.603885,4.701263,4.601204,4.821488,4.909807,5.128615,0,0,0,0,0,0
2025/04/06 08:41:00.926,n,2.410244,23.429616,0.074402,0.001223,0.078796,0.001856,4.412594,4.469956,4.630365,4.799489,4.612722,4.695641,4.603982,4.836255,4.912649,5.140362,0,0,0,0,0,0
2025/04/06 08:42:00.929,n,2.423721,23.738538,0.081562,0.002043,0.084837,0.001464,4.422894,4.472945,4.637725,4.811251,4.620065,4.701263,4.59836,4.840626,4.912649,5.134513,0,0,0,0,0,0
2025/04/06 08:43:00.913,n,2.418644,23.90388,0.090141,0.002511,0.091214,0.002346,4.415519,4.490604,4.640649,4.805354,4.640649,4.695641,4.595615,4.827417,4.901438,5.128615,0,0,0,0,0,0
2025/04/06 08:44:00.914,n,2.501263,24.3551,0.092964,0.000825,0.094912,0.000597,4.430253,4.494974,4.652395,4.817117,4.653921,4.695641,4.603982,4.837718,4.901438,5.138948,0,0,0,0,0,0
2025/04/06 08:45:00.915,n,2.511368,23.73416,0.076586,0.011879,0.082259,0.008796,4.430253,4.489141,4.650949,4.818579,4.648024,4.69288,4.595615,4.840626,4.901438,5.141824,0,0,0,0,0,0
2025/04/06 08:46:00.919,n,2.495873,23.263838,0.069809,0.001529,0.075672,0.001951,4.422521,4.472604,4.638878,4.794681,4.63735,4.693367,4.598848,4.821179,4.90464,5.128257,0,0,0,0,0,0
2025/04/06 08:47:00.921,n,2.527805,23.596632,0.066845,0.000869,0.072613,0.000874,4.422521,4.46968,4.63735,4.799147,4.643248,4.698875,4.607134,4.824119,4.896305,5.122408,0,0,0,0,0,0
2025/04/06 08:48:00.923,n,2.53796,23.657166,0.067706,0.000442,0.071505,0.00036,4.43139,4.481409,4.652086,4.813818,4.652086,4.693367,4.593227,4.831479,4.893526,5.13409,0,0,0,0,0,0
2025/04/06 08:49:00.926,n,2.4739,23.330054,0.0687,0.000442,0.073055,0.000725,4.441706,4.485844,4.652086,4.815281,4.659446,4.69059,4.598848,4.837312,4.890765,5.137079,0,0,0,0,0,0
2025/04/06 08:50:00.926,n,2.499191,23.716934,0.065013,0.001316,0.069226,0.001248,4.443184,4.482904,4.653548,4.810879,4.649129,4.70162,4.601594,4.837312,4.893526,5.132627,0,0,0,0,0,0
2025/04/06 08:51:00.929,n,2.539669,25.001012,0.062803,0.000676,0.065173,0.001359,4.452006,4.493203,4.656554,4.819684,4.665325,4.698875,4.601594,4.835882,4.890765,5.138558,0,0,0,0,0,0
2025/04/06 08:52:00.914,n,2.529514,24.549962,0.068623,0.00192,0.0696,0.001816,4.453483,4.502008,4.669713,4.824119,4.681508,4.687746,4.593227,4.830016,4.882429,5.141451,0,0,0,0,0,0
2025/04/06 08:53:00.917,n,2.484005,22.938864,0.075764,0.002427,0.076702,0.002319,4.454978,4.510862,4.682986,4.822641,4.694748,4.69059,4.596102,4.83442,4.885175,5.147317,0,0,0,0,0,0
2025/04/06 08:54:00.918,n,2.463841,22.918188,0.081526,0.001646,0.085255,0.002784,4.46968,4.5094,4.690313,4.831479,4.713887,4.682223,4.593227,4.847613,4.882429,5.147317,0,0,0,0,0,0
2025/04/06 08:55:00.920,n,2.433521,23.299346,0.082063,0.000813,0.085925,0.000725,4.452006,4.494665,4.665325,4.810879,4.690313,4.743715,4.640811,4.830016,4.927239,5.126779,0,0,0,0,0,0
2025/04/06 08:56:00.921,n,2.44363,23.27099,0.078425,0.001344,0.084826,0.000776,4.469648,4.494665,4.671241,4.816808,4.691791,4.740839,4.643557,4.825647,4.921634,5.128257,0,0,0,0,0,0
2025/04/06 08:57:00.925,n,2.431812,23.28863,0.069529,0.002943,0.075188,0.002909,4.474098,4.502073,4.669778,4.822641,4.693253,4.735332,4.635272,4.831479,4.927239,5.128257,0,0,0,0,0,0
2025/04/06 08:58:00.925,n,2.396412,22.877988,0.055082,0.00436,0.061486,0.004277,4.475577,4.502073,4.677089,4.824119,4.680078,4.743715,4.646303,4.832942,4.927239,5.12972,0,0,0,0,0,0
2025/04/06 08:59:00.928,n,2.414967,23.49347,0.043424,0.003438,0.046837,0.004442,4.479947,4.503471,4.680078,4.827044,4.690313,4.74646,4.646303,4.832942,4.927239,5.126779,0,0,0,0,0,0
2025/04/06 09:00:00.931,n,2.445339,23.805368,0.040932,0.001027,0.040344,0.001884,4.481474,4.504998,4.680078,4.838822,4.688916,4.740839,4.646303,4.837344,4.921634,5.135585,0,0,0,0,0,0
2025/04/06 09:01:00.922,n,2.39978,23.28005,0.046234,0.001254,0.044899,0.001083,4.496143,4.527059,4.709451,4.847645,4.719752,4.715933,4.626937,4.847645,4.899392,5.147349,0,0,0,0,0,0
2025/04/06 09:02:00.921,n,2.342392,23.625768,0.047219,0.000429,0.048761,0.001165,4.480093,4.500757,4.690476,4.825728,4.702238,4.787418,4.690102,4.825728,4.965437,5.134269,0,0,0,0,0,0
2025/04/06 09:03:00.924,n,2.31715,24.050278,0.049386,0.000633,0.051202,0.000818,4.481621,4.509562,4.694878,4.833039,4.706672,4.784624,4.690102,4.834566,4.965437,5.124,0,0,0,0,0,0
2025/04/06 09:04:00.925,n,2.359287,24.52545,0.056755,0.002266,0.057065,0.001879,4.497784,4.512486,4.700775,4.833039,4.709598,4.795849,4.695723,4.837507,4.973723,5.129866,0,0,0,0,0,0
2025/04/06 09:05:00.926,n,2.371056,24.651828,0.075682,0.005878,0.074956,0.005546,4.497784,4.512486,4.694878,4.830163,4.714,4.798596,4.706851,4.837507,4.973723,5.128371,0,0,0,0,0,0
2025/04/06 09:06:00.928,n,2.408165,24.245244,0.097528,0.006362,0.097033,0.006459,4.502219,4.52722,4.6934,4.847824,4.716972,4.790163,4.701312,4.841877,4.965437,5.132807,0,0,0,0,0,0
2025/04/06 09:07:00.932,n,2.416561,24.665502,0.119512,0.004075,0.116246,0.004884,4.515459,4.53458,4.706672,4.859538,4.730132,4.798596,4.706851,4.837507,4.970945,5.131377,0,0,0,0,0,0
2025/04/06 09:08:00.934,n,2.504257,24.349716,0.118131,0.001824,0.120478,0.002126,4.511025,4.536043,4.706672,4.856629,4.733138,4.787418,4.695723,4.840464,4.962691,5.129866,0,0,0,0,0,0
2025/04/06 09:09:00.936,n,2.642346,24.085738,0.111057,0.003018,0.116251,0.001868,4.515459,4.543418,4.712538,4.865435,4.73166,4.793007,4.704073,4.844867,4.970945,5.129866,0,0,0,0,0,0
2025/04/06 09:10:00.905,n,2.755184,24.329044,0.112482,0.000866,0.117136,0.000452,4.512486,4.556609,4.714,4.863972,4.741961,4.795849,4.704073,4.834566,4.968183,5.131377,0,0,0,0,0,0
2025/04/06 09:11:00.907,n,2.886532,23.669342,0.114968,0.00092,0.118454,0.000567,4.512486,4.549282,4.72136,4.856629,4.744933,4.795849,4.701312,4.833039,4.973723,5.135747,0,0,0,0,0,0
2025/04/06 09:12:00.909,n,2.915096,22.88889,0.113229,0.000598,0.119253,0.000297,4.519846,4.55518,4.72136,4.855102,4.755169,4.790163,4.715186,4.838969,4.968183,5.138672,0,0,0,0,0,0
2025/04/06 09:13:00.910,n,2.98077,23.125406,0.10702,0.002449,0.112557,0.002694,4.519846,4.543418,4.722871,4.858107,4.762529,4.798596,4.709598,4.837507,4.965437,5.134269,0,0,0,0,0,0
2025/04/06 09:14:00.913,n,3.11871,24.253568,0.10113,0.00174,0.10649,0.001604,4.530146,4.550745,4.728671,4.863972,4.766931,4.790163,4.704073,4.840464,4.968183,5.135747,0,0,0,0,0,0
2025/04/06 09:15:00.915,n,3.31041,23.503626,0.096566,0.001076,0.098907,0.002809,4.533086,4.553684,4.739003,4.869838,4.771333,4.793007,4.706851,4.847824,4.962691,5.148973,0,0,0,0,0,0
2025/04/06 09:16:00.918,n,3.335606,23.208978,0.127168,0.019268,0.122277,0.012285,4.559582,4.56548,4.755169,4.877134,4.805193,4.787418,4.690102,4.859538,4.959815,5.156286,0,0,0,0,0,0
2025/04/06 09:17:00.917,n,3.404503,22.714334,0.099855,0.011414,0.102408,0.008584,4.553684,4.55812,4.74927,4.8713,4.797768,4.787418,4.706851,4.859538,4.957069,5.159242,0,0,0,0,0,0
2025/04/06 09:18:00.919,n,3.342297,22.421336,0.093069,0.002473,0.099788,0.001513,4.561077,4.564017,4.762529,4.881601,4.809562,4.787418,4.701312,4.868376,4.954308,5.165141,0,0,0,0,0,0
2025/04/06 09:19:00.907,n,3.281796,22.565618,0.081587,0.003399,0.090701,0.003044,4.556609,4.580181,4.753706,4.887434,4.812567,4.790163,4.704073,4.847824,4.957069,5.153345,0,0,0,0,0,0
2025/04/06 09:20:00.909,n,3.201134,22.634168,0.069712,0.003668,0.077111,0.004152,4.562539,4.580181,4.758108,4.881601,4.81403,4.804119,4.706851,4.85364,4.957069,5.156286,0,0,0,0,0,0
2025/04/06 09:21:00.911,n,3.207821,24.312916,0.070638,0.000732,0.071426,0.001953,4.566941,4.583106,4.761098,4.887434,4.822803,4.798596,4.706851,4.861,4.962691,5.163646,0,0,0,0,0,0
2025/04/06 09:22:00.913,n,3.206112,23.67456,0.073532,0.001341,0.078302,0.002365,4.571344,4.577241,4.771333,4.893364,4.838969,4.804119,4.709598,4.868376,4.957069,5.173883,0,0,0,0,0,0
2025/04/06 09:23:00.916,n,3.154015,22.912714,0.078962,0.002102,0.08391,0.001538,4.591944,4.581612,4.778693,4.891902,4.849302,4.790163,4.701312,4.872763,4.94594,5.178318,0,0,0,0,0,0
2025/04/06 09:24:00.916,n,2.99923,23.863052,0.082863,0.001116,0.087894,0.001398,4.597841,4.590449,4.783097,4.89481,4.855102,4.790163,4.704073,4.881601,4.943194,5.178318,0,0,0,0,0,0
2025/04/06 09:25:00.920,n,2.930115,23.601182,0.085282,0.000779,0.086517,0.000499,4.573911,4.566551,4.757736,4.876775,4.832666,4.8074,4.710085,4.856207,4.968589,5.144115,0,0,0,0,0,0
2025/04/06 09:26:00.920,n,2.847645,23.992624,0.083067,0.001076,0.088636,0.000797,4.585673,4.568014,4.767971,4.882642,4.840041,4.804622,4.726753,4.863568,4.963049,5.152921,0,0,0,0,0,0
2025/04/06 09:27:00.921,n,2.756775,23.851972,0.080889,0.000731,0.083844,0.001826,4.595972,4.570986,4.76654,4.890001,4.850341,4.8074,4.723992,4.866474,4.960303,5.163224,0,0,0,0,0,0
2025/04/06 09:28:00.909,n,2.785389,23.879862,0.075217,0.001751,0.080902,0.00152,4.59157,4.579808,4.767971,4.890001,4.850341,4.810147,4.721246,4.856207,4.960303,5.158788,0,0,0,0,0,0
2025/04/06 09:29:00.912,n,2.73822,24.256002,0.074704,0.000466,0.07378,0.002195,4.597467,4.585673,4.776809,4.885581,4.850341,4.8074,4.726753,4.854745,4.960303,5.152921,0,0,0,0,0,0
2025/04/06 09:30:00.914,n,2.750088,24.362162,0.088258,0.004495,0.081788,0.002875,4.60187,4.590108,4.781261,4.897377,4.867969,4.804622,4.723992,4.863568,4.957557,5.161745,0,0,0,0,0,0
2025/04/06 09:31:00.922,n,2.805554,24.500452,0.094885,0.000696,0.099167,0.003183,4.638602,4.60481,4.810634,4.916451,4.878238,4.785111,4.696128,4.887043,4.935184,5.186654,0,0,0,0,0,0
2025/04/06 09:32:00.925,n,2.878193,24.295458,0.095232,0.000538,0.100862,0.000521,4.607653,4.581156,4.787044,4.891349,4.853153,4.840708,4.751691,4.856078,4.987989,5.151329,0,0,0,0,0,0
2025/04/06 09:33:00.927,n,2.859738,23.865964,0.095925,0.000531,0.103032,0.001016,4.613518,4.584097,4.779684,4.897215,4.853153,4.848961,4.760059,4.861958,4.993611,5.146959,0,0,0,0,0,0
2025/04/06 09:34:00.928,n,2.927021,24.168606,0.098093,0.000654,0.102051,0.000263,4.615013,4.588516,4.785549,4.908961,4.854615,4.851739,4.768344,4.860513,4.993611,5.152792,0,0,0,0,0,0
2025/04/06 09:35:00.930,n,3.021259,23.65605,0.094142,0.001038,0.097704,0.001388,4.615013,4.588516,4.779684,4.900188,4.847287,4.848961,4.773933,4.854615,4.999151,5.143968,0,0,0,0,0,0
2025/04/06 09:36:00.934,n,3.071697,23.70989,0.084332,0.002605,0.086847,0.002826,4.617953,4.601755,4.785549,4.908961,4.85905,4.846215,4.77109,4.860513,4.996372,5.145431,0,0,0,0,0,0
2025/04/06 09:37:00.919,n,3.14909,23.547166,0.07831,0.002559,0.081253,0.001901,4.62528,4.579694,4.80022,4.891349,4.864916,4.857344,4.779457,4.86641,5.001897,5.158626,0,0,0,0,0,0
2025/04/06 09:38:00.920,n,3.218037,23.72978,0.072919,0.001372,0.076174,0.001428,4.632655,4.600294,4.809042,4.908961,4.872226,4.851739,4.776712,4.872226,4.996372,5.164555,0,0,0,0,0,0
2025/04/06 09:39:00.921,n,3.293621,23.15767,0.069063,0.001274,0.073001,0.00071,4.626758,4.595923,4.807581,4.906021,4.875216,4.860122,4.779457,4.86935,4.999151,5.161566,0,0,0,0,0,0
2025/04/06 09:40:00.924,n,3.325604,22.686392,0.066169,0.00081,0.067811,0.001662,4.631178,4.600294,4.810552,4.913413,4.870749,4.857344,4.779457,4.878124,4.999151,5.160104,0,0,0,0,0,0
2025/04/06 09:41:00.928,n,3.310467,22.621512,0.066562,0.000422,0.06702,0.000325,4.644418,4.615013,4.812015,4.922219,4.886946,4.865614,4.779457,4.872226,4.996372,5.157195,0,0,0,0,0,0
2025/04/06 09:42:00.928,n,3.236492,22.020774,0.076562,0.004668,0.075743,0.004515,4.65324,4.622356,4.819343,4.928085,4.882543,4.865614,4.779457,4.873688,4.996372,5.161566,0,0,0,0,0,0
2025/04/06 09:43:00.930,n,3.201191,22.76457,0.070774,0.001615,0.075196,0.001032,4.64588,4.622356,4.816418,4.92516,4.886946,4.860122,4.773933,4.875216,4.999151,5.161566,0,0,0,0,0,0
2025/04/06 09:44:00.931,n,3.221356,23.222372,0.0675,0.000774,0.077807,0.000845,4.65324,4.62528,4.823778,4.939848,4.892812,4.865614,4.782219,4.884021,4.999151,5.166034,0,0,0,0,0,0
2025/04/06 09:45:00.934,n,3.219746,22.401366,0.071462,0.00141,0.08017,0.000776,4.651777,4.628252,4.820821,4.939848,4.892812,4.868376,4.784965,4.882543,4.990767,5.158626,0,0,0,0,0,0
2025/04/06 09:46:00.919,n,3.228096,22.861464,0.079412,0.002113,0.081258,0.000589,4.665017,4.632655,4.841406,4.92516,4.906021,4.862869,4.784965,4.888424,4.990767,5.174808,0,0,0,0,0,0
2025/04/06 09:47:00.921,n,3.175995,22.861464,0.07751,0.000641,0.077765,0.000924,4.669387,4.631178,4.839944,4.928085,4.913413,4.862869,4.790587,4.891349,4.993611,5.176303,0,0,0,0,0,0
2025/04/06 09:48:00.925,n,3.196209,23.013546,0.083017,0.00213,0.083797,0.001806,4.672377,4.62528,4.841406,4.938386,4.910488,4.868376,4.784965,4.892812,4.996372,5.170405,0,0,0,0,0,0
2025/04/06 09:49:00.925,n,3.164227,22.80005,0.08325,0.000457,0.089783,0.001777,4.682678,4.641477,4.851674,4.950131,4.920757,4.865614,4.787808,4.895785,4.990767,5.182201,0,0,0,0,0,0
2025/04/06 09:50:00.931,n,3.142315,22.396848,0.081072,0.000948,0.087901,0.001222,4.672589,4.634362,4.831365,4.944477,4.906329,4.910911,4.833039,4.884234,5.047195,5.166246,0,0,0,0,0,0
2025/04/06 09:51:00.929,n,3.043045,22.260168,0.078229,0.001132,0.082707,0.001803,4.669631,4.629959,4.835785,4.943064,4.901894,4.910911,4.838628,4.893089,5.052818,5.167708,0,0,0,0,0,0
2025/04/06 09:52:00.929,n,3.058281,22.77307,0.079666,0.0006,0.082424,0.000225,4.678454,4.646124,4.841683,4.956241,4.909237,4.913657,4.838628,4.885695,5.033319,5.169235,0,0,0,0,0,0
2025/04/06 09:53:00.933,n,3.046513,22.637572,0.078854,0.000388,0.083483,0.000366,4.672589,4.641689,4.846021,4.9533,4.9107,4.910911,4.838628,4.8887,5.03891,5.163305,0,0,0,0,0,0
2025/04/06 09:54:00.935,n,3.056572,22.603094,0.076151,0.000926,0.080923,0.001094,4.676959,4.660826,4.853429,4.954763,4.915135,4.9165,4.838628,4.8887,5.041687,5.172143,0,0,0,0,0,0
2025/04/06 09:55:00.920,n,3.091873,22.945888,0.075324,0.000369,0.076967,0.001179,4.693188,4.649064,4.854859,4.9533,4.920968,4.92204,4.841389,4.900431,5.041687,5.18238,0,0,0,0,0,0
2025/04/06 09:56:00.921,n,3.105351,22.4256,0.069551,0.002116,0.07496,0.000725,4.696096,4.647586,4.868099,4.956241,4.922463,4.9165,4.844136,4.901894,5.04445,5.186848,0,0,0,0,0,0
2025/04/06 09:57:00.923,n,3.169216,22.61048,0.071483,0.000746,0.074691,0.000248,4.704919,4.660826,4.869561,4.966542,4.926866,4.913657,4.838628,4.9107,5.03891,5.188311,0,0,0,0,0,0
2025/04/06 09:58:00.925,n,3.144024,22.392238,0.079529,0.002437,0.080144,0.001684,4.703456,4.663784,4.873965,4.959198,4.925435,4.919294,4.844136,4.907791,5.041687,5.188311,0,0,0,0,0,0
2025/04/06 09:59:00.928,n,3.155789,22.041814,0.081554,0.001,0.08599,0.001747,4.710849,4.675529,4.876955,4.978338,4.932731,4.919294,4.847011,4.913657,5.03891,5.188311,0,0,0,0,0,0
2025/04/06 10:00:00.928,n,3.194462,21.9863,0.07831,0.001102,0.08508,0.000754,4.704919,4.672589,4.875428,4.975332,4.925435,4.92204,4.855379,4.912163,5.033319,5.185353,0,0,0,0,0,0
2025/04/06 10:01:00.920,n,3.263359,21.701148,0.077008,0.000351,0.080494,0.000699,4.729922,4.676959,4.903356,4.985633,4.957736,4.888668,4.813639,4.935639,5.013822,5.214715,0,0,0,0,0,0
2025/04/06 10:02:00.920,n,3.202545,20.674424,0.080128,0.001218,0.080834,0.000483,4.69288,4.644353,4.857457,4.948571,4.917752,4.943893,4.868862,4.895655,5.066206,5.17177,0,0,0,0,0,0
2025/04/06 10:03:00.926,n,3.217682,21.201354,0.087484,0.002418,0.089595,0.002778,4.701685,4.654653,4.861893,4.954502,4.923568,4.943893,4.877134,4.897166,5.063459,5.170307,0,0,0,0,0,0
2025/04/06 10:04:00.910,n,3.300106,21.335062,0.095918,0.00227,0.094829,0.001517,4.68409,4.654653,4.870699,4.947061,4.933901,4.94105,4.871609,4.886832,5.063459,5.164442,0,0,0,0,0,0
2025/04/06 10:05:00.914,n,3.360603,21.00398,0.104429,0.00274,0.105767,0.003251,4.698745,4.651696,4.873623,4.951497,4.944169,4.943893,4.885516,4.894192,5.066206,5.179114,0,0,0,0,0,0
2025/04/06 10:06:00.916,n,3.387409,20.969544,0.109186,0.00128,0.11797,0.003814,4.69288,4.659023,4.879522,4.953024,4.936826,4.952179,4.879977,4.895655,5.069082,5.177619,0,0,0,0,0,0
2025/04/06 10:07:00.918,n,3.429451,20.768096,0.118867,0.003204,0.128489,0.003211,4.703148,4.657609,4.878059,4.954502,4.944169,4.952179,4.882771,4.895655,5.071827,5.180577,0,0,0,0,0,0
2025/04/06 10:08:00.918,n,3.444588,21.854926,0.179297,0.01665,0.213176,0.024086,4.738418,4.691386,4.907434,4.997039,4.991173,4.946671,4.888263,4.923568,5.066206,5.211416,0,0,0,0,0,0
2025/04/06 10:09:00.920,n,3.500008,21.42639,0.131768,0.028831,0.164217,0.03113,4.720823,4.670785,4.886832,4.973561,4.9559,4.952179,4.888263,4.916257,5.063459,5.196712,0,0,0,0,0,0
2025/04/06 10:10:00.921,n,3.639462,21.484742,0.107706,0.017491,0.127525,0.032213,4.716388,4.666415,4.886832,4.967664,4.951497,4.960644,4.888263,4.911804,5.074574,5.183517,0,0,0,0,0,0
2025/04/06 10:11:00.923,n,3.672955,20.872468,0.077834,0.010955,0.087217,0.016936,4.711985,4.670785,4.880985,4.967664,4.945632,4.9578,4.893802,4.914794,5.074574,5.18204,0,0,0,0,0,0
2025/04/06 10:12:00.925,n,3.686382,21.157644,0.063891,0.004235,0.068939,0.00522,4.707583,4.675252,4.88836,4.974974,4.942691,4.96339,4.885516,4.910326,5.074574,5.179114,0,0,0,0,0,0
2025/04/06 10:13:00.914,n,3.748543,22.467036,0.053225,0.003185,0.056325,0.003992,4.697283,4.66349,4.88836,4.96326,4.960303,4.966169,4.899392,4.901553,5.080114,5.186442,0,0,0,0,0,0
2025/04/06 10:14:00.917,n,3.812313,22.085498,0.047624,0.001805,0.049536,0.002024,4.709046,4.675252,4.894192,4.969158,4.964738,4.960644,4.893802,4.913331,5.071827,5.190845,0,0,0,0,0,0
2025/04/06 10:15:00.914,n,3.647808,22.087332,0.044472,0.000835,0.044646,0.001493,4.71785,4.670785,4.897166,4.972099,4.970636,4.966169,4.896645,4.908896,5.077335,5.183517,0,0,0,0,0,0
2025/04/06 10:16:00.917,n,3.592438,22.73519,0.042262,0.000704,0.043555,0.000489,4.729581,4.681085,4.905956,4.979409,4.977932,4.9578,4.893802,4.926557,5.066206,5.204056,0,0,0,0,0,0
2025/04/06 10:17:00.920,n,3.498299,23.169632,0.042221,0.000134,0.042814,0.000262,4.731058,4.679623,4.905956,4.979409,4.982399,4.960644,4.885516,4.92503,5.071827,5.195249,0,0,0,0,0,0
2025/04/06 10:18:00.920,n,3.407623,23.971158,0.04254,0.00028,0.042617,0.000102,4.738418,4.679623,4.910326,4.988233,4.992571,4.96339,4.888263,4.92503,5.066206,5.201115,0,0,0,0,0,0
2025/04/06 10:19:00.922,n,3.279888,24.208276,0.044875,0.000751,0.044731,0.000718,4.744316,4.68409,4.904494,4.991173,4.988233,4.96339,4.891009,4.933901,5.069082,5.202643,0,0,0,0,0,0
2025/04/06 10:20:00.924,n,3.234528,24.89234,0.054202,0.002972,0.053084,0.002764,4.744316,4.69288,4.916257,4.998533,4.992571,4.96339,4.893802,4.935363,5.066206,5.205518,0,0,0,0,0,0
2025/04/06 10:21:00.929,n,3.094978,25.323756,0.066031,0.003435,0.064838,0.003533,4.739881,4.697283,4.907434,5.002904,5.000012,4.96339,4.90217,4.932406,5.071827,5.196712,0,0,0,0,0,0
2025/04/06 10:22:00.914,n,3.007477,26.113988,0.080544,0.004907,0.078294,0.004239,4.754617,4.70612,4.932406,5.000012,5.016145,4.968914,4.891009,4.939766,5.066206,5.21725,0,0,0,0,0,0
2025/04/06 10:23:00.915,n,2.886334,26.855504,0.092043,0.003125,0.094897,0.005245,4.761976,4.707583,4.930928,4.998533,5.01907,4.960644,4.893802,4.944169,5.066206,5.21725,0,0,0,0,0,0
2025/04/06 10:24:00.916,n,2.904888,27.21341,0.094322,0.000935,0.101973,0.001828,4.773722,4.714894,4.935363,5.016145,5.01907,4.9578,4.891009,4.945632,5.063459,5.227519,0,0,0,0,0,0
2025/04/06 10:25:00.917,n,2.904888,27.512812,0.101105,0.002323,0.103716,0.001092,4.770782,4.713415,4.930928,5.010247,5.016145,4.96339,4.893802,4.953024,5.057919,5.227552,0,0,0,0,0,0
2025/04/06 10:26:00.918,n,2.948639,27.180374,0.110349,0.002537,0.115088,0.003548,4.775152,4.719345,4.944169,5.020516,5.029339,4.9578,4.896645,4.947061,5.057919,5.224626,0,0,0,0,0,0
2025/04/06 10:27:00.921,n,2.957039,27.38894,0.11982,0.002926,0.128612,0.004003,4.779587,4.720823,4.939766,5.026447,5.023474,4.960644,4.891009,4.960303,5.060698,5.22019,0,0,0,0,0,0
2025/04/06 10:28:00.923,n,2.99239,27.269926,0.127385,0.002999,0.137401,0.003496,4.779587,4.723716,4.945632,5.030817,5.023474,4.9578,4.899392,4.961797,5.063459,5.224626,0,0,0,0,0,0
2025/04/06 10:29:00.926,n,3.039196,27.880494,0.129716,0.00094,0.146683,0.003071,4.775184,4.723781,4.939831,5.026414,5.005877,4.992553,4.917426,4.944169,5.087084,5.215787,0,0,0,0,0,0
2025/04/06 10:30:00.932,n,3.207359,27.649972,0.144125,0.008212,0.174195,0.010613,4.785517,4.732585,4.935363,5.027876,5.022011,4.984171,4.925794,4.945632,5.0787,5.215787,0,0,0,0,0,0
2025/04/06 10:31:00.911,n,3.405651,26.792318,0.12737,0.008755,0.161533,0.015099,4.798693,4.750246,4.967696,5.032312,5.05142,4.961927,4.898011,4.960367,5.061964,5.239413,0,0,0,0,0,0
2025/04/06 10:32:00.912,n,3.482945,27.352634,0.12728,0.002977,0.158431,0.004221,4.797215,4.748783,4.966201,5.025001,5.039673,4.970181,4.90914,4.970636,5.073079,5.239413,0,0,0,0,0,0
2025/04/06 10:33:00.913,n,3.703156,27.063156,0.143753,0.007378,0.16878,0.009176,4.765956,4.714487,4.942236,5.006819,5.025959,4.979069,4.920577,4.940806,5.079107,5.20659,0,0,0,0,0,0
2025/04/06 10:34:00.914,n,3.939728,25.67684,0.13488,0.003179,0.167411,0.015082,4.771821,4.718955,4.942236,5.012782,5.027422,4.990198,4.929043,4.937801,5.087474,5.211026,0,0,0,0,0,0
2025/04/06 10:35:01.100,n,4.169514,25.624698,0.124046,0.005168,0.152428,0.007237,4.767387,4.72183,4.936338,5.021556,5.015658,4.992944,4.937313,4.933413,5.084728,5.202155,0,0,0,0,0,0
2025/04/06 10:36:00.919,n,4.562287,24.357318,0.141537,0.006953,0.185763,0.01436,4.773284,4.714487,4.936338,5.020061,5.049454,4.987404,4.929043,4.976046,5.081949,5.234652,0,0,0,0,0,0
2025/04/06 10:37:00.922,n,4.822834,22.68342,0.142879,0.008155,0.179867,0.011204,4.793852,4.739491,4.958402,5.042158,5.062663,4.987404,4.926199,4.968703,5.084728,5.227259,0,0,0,0,0,0
2025/04/06 10:38:00.923,n,4.758969,20.620636,0.144626,0.00747,0.179069,0.012002,4.785062,4.738028,4.942236,5.03769,5.058293,4.995723,4.931789,4.952536,5.084728,5.218419,0,0,0,0,0,0
2025/04/06 10:39:00.928,n,4.722004,20.642904,0.143424,0.003126,0.192225,0.006337,4.779165,4.748328,4.939344,5.031858,5.07147,4.992944,4.929043,4.948134,5.087474,5.215479,0,0,0,0,0,0
2025/04/06 10:40:00.913,n,4.881623,21.783996,0.13973,0.012357,0.223644,0.023384,4.801228,4.733593,4.951009,5.024481,5.103739,4.987404,4.923438,4.962805,5.087474,5.233174,0,0,0,0,0,0
2025/04/06 10:41:00.916,n,4.947151,20.742316,0.149939,0.004644,0.198132,0.015674,4.804119,4.745356,4.962805,5.036195,5.105201,4.981815,4.926199,4.961311,5.07636,5.227259,0,0,0,0,0,0
2025/04/06 10:42:00.919,n,5.076447,19.92287,0.129836,0.017175,0.419444,0.083937,4.796759,4.720418,4.953999,5.034717,5.114072,4.981815,4.926199,4.962805,5.073566,5.284812,0,0,0,0,0,0
2025/04/06 10:43:00.920,n,5.046273,20.011346,0.123544,0.014487,0.436323,0.094062,4.821796,4.749726,4.968703,5.036195,5.136072,4.981815,4.929043,4.971611,5.073566,5.24055,0,0,0,0,0,0
2025/04/06 10:44:00.921,n,5.019367,19.980612,0.121154,0.007189,0.361535,0.066016,4.827661,4.746819,4.962805,5.039153,5.161046,4.979069,4.920577,4.973073,5.073566,5.21985,0,0,0,0,0,0
2025/04/06 10:45:00.922,n,4.921974,19.678388,0.111521,0.012726,0.191045,0.077087,4.811578,4.721977,4.949693,5.034879,5.140573,5.030996,4.972618,4.982026,5.114495,5.236358,0,0,0,0,0,0
2025/04/06 10:46:00.923,n,4.822853,26.461882,0.244732,0.039971,0.389352,0.085098,4.830715,4.763113,4.959962,5.048106,5.192097,5.00877,4.961489,4.967338,5.092154,5.233433,0,0,0,0,0,0
2025/04/06 10:47:00.928,n,5.091603,24.794366,0.30753,0.043275,0.363622,0.068822,4.90269,4.818985,5.017267,5.109765,5.286583,5.000402,4.944836,4.987874,5.0839,5.230428,0,0,0,0,0,0
2025/04/06 10:48:00.929,n,5.066406,18.991896,0.116858,0.061929,0.149529,0.16413,4.839521,4.766021,4.974698,5.053954,5.186198,5.02825,4.961489,4.964429,5.100521,5.230428,0,0,0,0,0,0
2025/04/06 10:49:00.917,n,5.007668,19.378912,0.130211,0.004777,0.171542,0.010226,4.858645,4.76901,4.993838,5.061315,5.236358,5.017024,4.955965,4.986397,5.097776,5.251128,0,0,0,0,0,0
2025/04/06 10:50:00.917,n,4.952248,17.84665,0.155175,0.022268,0.221563,0.040504,4.879213,4.780773,4.987874,5.065718,5.262957,5.014277,4.950343,4.984967,5.081024,5.240794,0,0,0,0,0,0
2025/04/06 10:51:00.918,n,4.82124,18.4133,0.23695,0.074708,0.345968,0.129768,4.879213,4.76901,4.979101,5.033417,5.288013,5.005991,4.944836,4.97616,5.081024,5.251128,0,0,0,0,0,0
2025/04/06 10:52:00.919,n,4.900158,18.623312,0.280425,0.023436,0.504727,0.097425,4.89364,4.759994,5.002384,5.152158,5.373516,5.022287,4.96391,5.000921,5.097434,5.231841,0,0,0,0,0,0
2025/04/06 10:53:00.921,n,4.863194,19.260714,0.125087,0.066159,0.145621,0.155752,4.873072,4.770294,4.98331,5.052297,5.295292,5.044563,4.975039,4.968622,5.108483,5.233303,0,0,0,0,0,0
2025/04/06 10:54:00.923,n,4.895077,21.94151,0.20107,0.019471,0.28464,0.043486,4.887807,4.783502,4.994991,5.081673,5.371989,5.036195,4.966753,4.999459,5.097434,5.221506,0,0,0,0,0,0
2025/04/06 10:55:00.923,n,4.690098,19.357474,0.180358,0.042299,0.283335,0.117324,4.923015,4.792308,5.017056,5.086077,5.360208,5.033434,4.969531,4.981783,5.094656,5.246595,0,0,0,0,0,0
2025/04/06 10:56:00.928,n,4.621151,19.741854,0.129416,0.014525,0.15834,0.052508,4.892177,4.792308,5.00383,5.072834,5.352815,5.041785,4.972277,4.98768,5.100196,5.245067,0,0,0,0,0,0
2025/04/06 10:57:00.928,n,4.54044,18.737166,0.114226,0.00393,0.127895,0.009877,4.914242,4.799636,5.005293,5.087507,5.364611,5.047407,4.969531,4.994991,5.091812,5.24367,0,0,0,0,0,0
2025/04/06 10:58:00.917,n,4.456406,19.6685,0.100826,0.003908,0.108313,0.005955,4.915704,4.786427,5.017056,5.075775,5.380877,5.050153,4.977785,4.999459,5.097434,5.253938,0,0,0,0,0,0
2025/04/06 10:59:00.916,n,4.380749,19.653594,0.084637,0.00447,0.08894,0.005263,4.893575,4.777508,5.00227,5.055109,5.372006,5.09035,5.009695,4.984593,5.132108,5.236261,0,0,0,0,0,0
2025/04/06 11:00:00.919,n,4.367321,20.149876,0.075549,0.002567,0.078495,0.003133,4.909724,4.780415,5.011093,5.06684,5.380877,5.082014,5.004188,4.983163,5.123724,5.236261,0,0,0,0,0,0
2025/04/06 11:01:00.911,n,4.102333,20.625186,0.074432,0.000864,0.075356,0.000804,4.924428,4.803973,5.040437,5.077123,5.416269,5.10148,4.979101,5.008103,5.104225,5.265768,0,0,0,0,0,0
2025/04/06 11:02:00.914,n,3.794842,21.38833,0.069501,0.002338,0.072044,0.001767,4.90823,4.770148,5.018372,5.053614,5.385378,5.126632,5.032101,4.980173,5.154384,5.236326,0,0,0,0,0,0
2025/04/06 11:03:00.915,n,3.625263,22.190772,0.068754,0.00093,0.070572,0.00105,4.914128,4.78191,5.018372,5.060925,5.382437,5.126632,5.03769,4.986071,5.154384,5.239331,0,0,0,0,0,0
2025/04/06 11:04:00.918,n,3.63205,23.233222,0.084034,0.004945,0.080149,0.002963,4.918465,4.786281,5.008103,5.059447,5.379496,5.146033,5.051566,4.981635,5.15726,5.236326,0,0,0,0,0,0
2025/04/06 11:05:00.920,n,3.70422,22.431478,0.106671,0.006852,0.107902,0.008334,4.933186,4.793641,5.024237,5.07121,5.389831,5.134968,5.043215,4.984593,5.15726,5.237853,0,0,0,0,0,0
2025/04/06 11:06:00.921,n,3.699139,22.278952,0.121182,0.003786,0.13071,0.00524,4.930261,4.800984,5.02128,5.075646,5.379496,5.146033,5.051566,4.990474,5.165629,5.237853,0,0,0,0,0,0
2025/04/06 11:07:00.910,n,3.618572,22.065546,0.144069,0.006851,0.164723,0.009902,4.940562,4.809838,5.02864,5.07121,5.400197,5.146033,5.048754,4.988996,5.162752,5.249633,0,0,0,0,0,0
2025/04/06 11:08:00.909,n,3.741085,22.046344,0.157461,0.002324,0.209195,0.008584,4.947857,4.815655,5.049178,5.082957,5.392771,5.146033,5.054345,4.993366,5.162752,5.258456,0,0,0,0,0,0
2025/04/06 11:09:00.913,n,3.876972,21.68404,0.165257,0.003939,0.245257,0.024535,4.956696,4.814177,5.050624,5.072688,5.388304,5.154384,5.057091,4.999233,5.165629,5.259951,0,0,0,0,0,0
2025/04/06 11:10:00.915,n,4.100018,20.251682,0.172014,0.006725,0.28828,0.02679,4.96547,4.825972,5.053614,5.094721,5.389831,5.154384,5.048754,5.012441,5.160006,5.258456,0,0,0,0,0,0
2025/04/06 11:11:00.918,n,4.123505,20.039856,0.188456,0.006847,0.372888,0.03,4.974308,4.830375,5.058016,5.100554,5.388304,5.15726,5.057091,5.009566,5.162752,5.261462,0,0,0,0,0,0
2025/04/06 11:12:00.921,n,4.257443,19.945876,0.176447,0.011612,0.287485,0.051574,4.974308,4.830375,5.049178,5.094721,5.385378,5.165629,5.062631,5.008103,5.16839,5.255549,0,0,0,0,0,0
2025/04/06 11:13:00.923,n,4.529949,19.22267,0.164558,0.012184,0.271273,0.092192,4.9714,4.830375,5.058016,5.102031,5.379496,5.171136,5.065377,5.011044,5.165629,5.252559,0,0,0,0,0,0
2025/04/06 11:14:00.922,n,4.746746,18.69466,0.172758,0.005619,0.34873,0.051322,4.983098,4.845046,5.060925,5.109392,5.392771,5.16839,5.065377,5.009566,5.16839,5.258456,0,0,0,0,0,0
2025/04/06 11:15:00.923,n,4.901337,18.814204,0.238031,0.024849,0.556952,0.11692,5.000775,4.862722,5.074183,5.124162,5.428131,5.165629,5.059885,5.008103,5.160006,5.264419,0,0,0,0,0,0
2025/04/06 11:16:00.912,n,5.169941,18.001398,0.205125,0.016426,0.342075,0.084888,4.988996,4.853884,5.090317,5.11092,5.44443,5.173883,5.06822,5.02864,5.173883,5.280684,0,0,0,0,0,0
2025/04/06 11:17:00.912,n,5.136395,16.531622,0.263787,0.033669,0.484113,0.092283,4.97577,4.82451,5.068285,5.102031,5.469487,5.173883,5.065377,5.033011,5.171136,5.288013,0,0,0,0,0,0
2025/04/06 11:18:00.915,n,5.040692,17.383142,0.250352,0.020444,0.445835,0.041544,5.005145,4.864185,5.09178,5.122716,5.493097,5.176661,5.06822,5.034506,5.160006,5.274753,0,0,0,0,0,0
2025/04/06 11:19:00.916,n,5.129658,17.027746,0.122162,0.039511,0.146895,0.083571,4.986071,4.847986,5.081462,5.121254,5.470933,5.187791,5.073842,5.025715,5.179504,5.271813,0,0,0,0,0,0
2025/04/06 11:20:00.918,n,5.159882,17.129388,0.102788,0.006569,0.116085,0.012991,4.994845,4.850911,5.082957,5.118264,5.488629,5.199003,5.076604,5.024237,5.187791,5.273276,0,0,0,0,0,0
2025/04/06 11:21:00.921,n,5.183369,17.163806,0.094252,0.002155,0.104012,0.002938,5.005145,4.858286,5.082957,5.121254,5.509315,5.196159,5.07935,5.025715,5.187791,5.271813,0,0,0,0,0,0
2025/04/06 11:22:00.920,n,5.008808,16.641408,0.104054,0.002837,0.100197,0.002569,5.006608,4.870017,5.096134,5.133018,5.544658,5.199003,5.07935,5.037479,5.176661,5.288013,0,0,0,0,0,0
2025/04/06 11:23:00.922,n,4.757099,17.284792,0.117658,0.003601,0.127484,0.00891,5.008623,4.871999,5.087912,5.1395,5.56593,5.246416,5.129589,5.037998,5.226999,5.285625,0,0,0,0,0,0
2025/04/06 11:24:00.924,n,4.56213,18.057644,0.116364,0.000735,0.137594,0.002734,5.017397,4.8823,5.095143,5.145366,5.589509,5.246416,5.132384,5.039461,5.232507,5.285625,0,0,0,0,0,0
2025/04/06 11:25:00.915,n,4.484783,18.77613,0.116633,0.001987,0.157734,0.009995,5.045327,4.88381,5.120279,5.143904,5.611659,5.260293,5.129589,5.043864,5.226999,5.294529,0,0,0,0,0,0
2025/04/06 11:26:00.914,n,4.489865,19.532484,0.106781,0.0043,0.125009,0.009393,5.042369,4.88381,5.108499,5.13656,5.610132,5.260293,5.137876,5.049731,5.235383,5.297405,0,0,0,0,0,0
2025/04/06 11:27:00.916,n,4.486492,19.332888,0.096509,0.002561,0.113465,0.001426,5.04679,4.88381,5.121773,5.145366,5.613137,5.263071,5.143595,5.061462,5.235383,5.301857,0,0,0,0,0,0
2025/04/06 11:28:00.915,n,4.46296,19.451362,0.100444,0.001229,0.110646,0.001283,5.058569,4.898449,5.117337,5.151264,5.626366,5.263071,5.146341,5.052638,5.240891,5.315165,0,0,0,0,0,0
2025/04/06 11:29:00.916,n,4.393963,19.46694,0.102734,0.000754,0.117409,0.002753,5.061462,4.897036,5.123268,5.154255,5.621962,5.268758,5.146341,5.065864,5.252039,5.309284,0,0,0,0,0,0
2025/04/06 11:30:00.921,n,4.306465,19.71979,0.114685,0.003875,0.163116,0.012492,5.076166,4.921975,5.143904,5.185256,5.630834,5.271537,5.151882,5.068805,5.232507,5.316628,0,0,0,0,0,0
2025/04/06 11:31:00.920,n,4.31828,19.794264,0.099004,0.039414,0.13974,0.034682,5.099611,4.930781,5.155733,5.188182,5.648499,5.24367,5.124097,5.086435,5.207501,5.338759,0,0,0,0,0,0
2025/04/06 11:32:00.920,n,4.331486,19.54021,0.174241,0.033885,0.205985,0.059735,5.059414,4.892113,5.111099,5.155423,5.614194,5.298071,5.164621,5.035984,5.248072,5.269067,0,0,0,0,0,0
2025/04/06 11:33:00.922,n,4.420647,19.06988,0.128717,0.052868,0.209815,0.055156,5.097873,4.940562,5.152451,5.176092,5.62747,5.30644,5.178432,5.037447,5.26195,5.282359,0,0,0,0,0,0
2025/04/06 11:34:00.911,n,4.454289,18.980982,0.154952,0.011069,0.260226,0.042385,5.060941,4.886183,5.120003,5.131799,5.605305,5.31198,5.195152,5.044742,5.264696,5.28829,0,0,0,0,0,0
2025/04/06 11:35:00.914,n,4.576992,18.909246,0.1724,0.031259,0.341605,0.083611,5.103739,4.928798,5.153929,5.134789,5.609774,5.31198,5.192308,4.959636,5.275826,5.246904,0,0,0,0,0,0
2025/04/06 11:36:00.915,n,4.669476,17.03393,0.094804,0.024247,0.417619,0.049571,5.047747,4.87585,5.118525,5.136235,5.586178,5.325955,5.206282,5.009566,5.278606,5.2853,0,0,0,0,0,0
2025/04/06 11:37:00.916,n,4.797161,16.524512,0.081311,0.012715,0.48319,0.04333,5.008038,4.853884,5.114104,5.158381,5.621572,5.336988,5.211904,5.089001,5.278606,5.258701,0,0,0,0,0,0
2025/04/06 11:38:00.920,n,5.030606,17.041358,0.086391,0.007274,0.425378,0.031336,5.059414,4.893575,5.121465,5.156919,5.605305,5.345356,5.217412,5.059414,5.286941,5.289703,0,0,0,0,0,0
2025/04/06 11:39:00.922,n,5.216934,15.945972,0.086772,0.004434,0.452953,0.028084,5.069781,4.906719,5.125901,5.151021,5.5847,5.348103,5.217412,5.044742,5.289703,5.283822,0,0,0,0,0,0
2025/04/06 11:40:00.923,n,5.423184,15.813764,0.093794,0.010485,0.288038,0.054282,5.083103,4.924396,5.133261,5.149494,5.577306,5.348103,5.228559,5.033043,5.295325,5.291198,0,0,0,0,0,0
2025/04/06 11:41:00.925,n,5.510391,15.770886,0.089068,0.004954,0.411915,0.042503,5.066872,4.908247,5.128858,5.161322,5.589136,5.359233,5.222937,5.046284,5.289703,5.2853,0,0,0,0,0,0
2025/04/06 11:42:00.926,n,5.686322,15.255812,0.085155,0.005966,0.221714,0.05481,5.075711,4.918498,5.127331,5.161322,5.586178,5.356487,5.225699,5.041817,5.292563,5.292693,0,0,0,0,0,0
2025/04/06 11:43:00.912,n,5.900772,14.902344,0.095678,0.005092,0.228146,0.055183,5.087507,4.908247,5.148031,5.153929,5.609774,5.353741,5.228559,5.057984,5.295325,5.310389,0,0,0,0,0,0
2025/04/06 11:44:00.917,n,5.907463,13.713062,0.108021,0.005174,0.31219,0.054728,5.094867,4.918498,5.152451,5.16428,5.612731,5.356487,5.242436,5.071307,5.286941,5.313361,0,0,0,0,0,0
2025/04/06 11:45:00.916,n,5.751702,14.549434,0.105964,0.003582,0.211771,0.029636,5.102276,4.925859,5.156919,5.167253,5.621572,5.353741,5.234067,5.066872,5.295325,5.308893,0,0,0,0,0,0
2025/04/06 11:46:00.918,n,5.817032,13.90962,0.103613,0.003383,0.236872,0.013329,5.105201,4.933169,5.161322,5.174614,5.639268,5.362077,5.245279,5.074248,5.289703,5.316287,0,0,0,0,0,0
2025/04/06 11:47:00.924,n,5.860588,14.466052,0.115512,0.004998,0.237652,0.01261,5.100798,4.931724,5.151021,5.167253,5.655471,5.359233,5.253566,5.041817,5.295325,5.304523,0,0,0,0,0,0
2025/04/06 11:48:00.923,n,5.805313,14.860304,0.111693,0.004053,0.194187,0.014971,5.109636,4.977233,5.208541,5.173119,5.645135,5.362077,5.26195,5.054993,5.295325,5.301533,0,0,0,0,0,0
2025/04/06 11:49:00.925,n,5.878994,14.850074,0.102457,0.008692,0.267977,0.040529,5.125901,4.949335,5.16579,5.179017,5.692278,5.37046,5.270221,5.074248,5.292563,5.308893,0,0,0,0,0,0
2025/04/06 11:50:00.926,n,5.790276,15.464374,0.126438,0.023066,0.224504,0.026922,5.105201,4.946395,5.149494,5.173119,5.710008,5.367618,5.270221,5.060941,5.292563,5.314824,0,0,0,0,0,0
2025/04/06 11:51:00.928,n,5.672989,14.809834,0.1195,0.017361,0.201496,0.034969,5.103739,4.936095,5.16428,5.186442,5.771844,5.375986,5.272982,5.075711,5.292563,5.301533,0,0,0,0,0,0
2025/04/06 11:52:00.915,n,5.626019,13.644404,0.127877,0.011291,0.262384,0.028982,5.153929,4.969905,5.205615,5.198239,5.823457,5.373207,5.281415,5.090479,5.286941,5.333983,0,0,0,0,0,0
2025/04/06 11:53:00.915,n,5.686322,13.56294,0.127611,0.013872,0.265077,0.02861,5.083103,4.956696,5.218874,5.221847,5.819052,5.364824,5.281415,5.091975,5.284195,5.331057,0,0,0,0,0,0
2025/04/06 11:54:00.921,n,5.699749,14.047962,0.14847,0.011048,0.325698,0.040607,5.159859,4.97577,5.198239,5.221847,5.882369,5.364824,5.295325,5.111099,5.286941,5.341358,0,0,0,0,0,0
2025/04/06 11:55:00.921,n,5.738323,14.859322,0.148342,0.007226,0.256437,0.038616,5.182022,5.013937,5.224773,5.242533,5.907398,5.362077,5.303611,5.077173,5.284195,5.313361,0,0,0,0,0,0
2025/04/06 11:56:00.923,n,5.832073,14.053242,0.135474,0.013694,0.222832,0.051022,5.167253,4.987501,5.204138,5.229209,5.910339,5.37046,5.309202,5.112577,5.286941,5.336955,0,0,0,0,0,0
2025/04/06 11:57:00.922,n,5.957707,13.34892,0.130926,0.003151,0.192179,0.022459,5.177554,4.99634,5.210068,5.227778,5.928037,5.373207,5.320332,5.114104,5.278606,5.350183,0,0,0,0,0,0
2025/04/06 11:58:00.926,n,5.91415,13.95536,0.142719,0.005942,0.211353,0.024322,5.184947,5.005113,5.210068,5.224773,5.938341,5.373207,5.320332,5.114104,5.275826,5.362045,0,0,0,0,0,0
2025/04/06 11:59:00.927,n,6.168545,13.482552,0.150875,0.007014,0.219119,0.060744,5.182022,5.008038,5.215949,5.232198,5.954544,5.375986,5.3287,5.121465,5.275826,5.34729,0,0,0,0,0,0
2025/04/06 12:00:00.928,n,6.362637,12.694014,0.110153,0.013641,0.130147,0.033544,5.182022,5.008038,5.215949,5.236666,5.956006,5.384356,5.334226,5.121465,5.281415,5.360517,0,0,0,0,0,0
2025/04/06 12:01:00.922,n,6.212101,12.365066,0.097359,0.00305,0.115107,0.003938,5.211546,5.025683,5.238065,5.257238,5.964848,5.37046,5.325955,5.148031,5.256313,5.373842,0,0,0,0,0,0
2025/04/06 12:02:00.923,n,5.753071,13.893492,0.089865,0.003442,0.101999,0.00531,5.170307,4.994812,5.204267,5.220467,5.933937,5.435833,5.396834,5.112756,5.327385,5.335574,0,0,0,0,0,0
2025/04/06 12:03:00.906,n,5.731243,13.978116,0.082815,0.001367,0.087086,0.002753,5.183567,4.978613,5.216064,5.210133,5.944305,5.438596,5.394088,5.118622,5.330163,5.35327,0,0,0,0,0,0
2025/04/06 12:04:00.926,n,5.573773,13.675736,0.085094,0.00201,0.08815,0.000741,5.182104,4.996275,5.214601,5.229322,5.942777,5.458177,5.416431,5.120085,5.338547,5.344414,0,0,0,0,0,0
2025/04/06 12:05:00.914,n,5.406098,13.219498,0.090874,0.001702,0.092386,0.001052,5.195378,4.983033,5.223425,5.216064,5.941299,5.463685,5.427464,5.128988,5.332925,5.35028,0,0,0,0,0,0
2025/04/06 12:06:00.915,n,5.337349,13.383298,0.090183,0.000915,0.095682,0.001242,5.201277,4.987437,5.22786,5.224902,5.941299,5.458177,5.438596,5.139289,5.330163,5.357641,0,0,0,0,0,0
2025/04/06 12:07:00.915,n,5.283688,13.821342,0.091206,0.000555,0.092615,0.000817,5.204267,4.997688,5.233758,5.221962,5.938406,5.471973,5.446964,5.131913,5.335754,5.354748,0,0,0,0,0,0
2025/04/06 12:08:00.916,n,5.31723,13.84479,0.090677,0.000703,0.09048,0.001047,5.214601,5.00508,5.239657,5.232296,5.926624,5.477595,5.455301,5.140752,5.330163,5.356179,0,0,0,0,0,0
2025/04/06 12:09:00.920,n,5.193112,12.849362,0.090137,0.000624,0.090997,0.001074,5.214601,5.008006,5.235204,5.239657,5.916271,5.488725,5.458177,5.14522,5.338547,5.351807,0,0,0,0,0,0
2025/04/06 12:10:00.908,n,4.953072,13.010226,0.087142,0.000362,0.097858,0.002185,5.224902,5.000646,5.252899,5.224902,5.923632,5.485965,5.463685,5.155539,5.341294,5.362109,0,0,0,0,0,0
2025/04/06 12:11:00.910,n,4.919476,13.73051,0.086585,0.000299,0.110526,0.003425,5.223425,5.010882,5.252899,5.233758,5.907462,5.497094,5.471973,5.158446,5.341294,5.369471,0,0,0,0,0,0
2025/04/06 12:12:00.912,n,4.917816,13.96887,0.087192,0.000469,0.120394,0.002485,5.236699,5.012409,5.260293,5.235204,5.904488,5.497094,5.474849,5.159973,5.34404,5.367975,0,0,0,0,0,0
2025/04/06 12:13:00.912,n,4.95644,13.797586,0.092662,0.005889,0.138642,0.014438,5.233758,5.018257,5.261755,5.248528,5.894218,5.499841,5.480341,5.170307,5.352392,5.372443,0,0,0,0,0,0
2025/04/06 12:14:00.918,n,5.023579,16.349998,0.158284,0.020885,0.332385,0.057325,5.275062,5.058098,5.270659,5.270659,5.903026,5.494348,5.480341,5.17177,5.332925,5.38424,0,0,0,0,0,0
2025/04/06 12:15:00.916,n,5.172993,13.522842,0.083376,0.039259,0.096981,0.079375,5.238161,5.025618,5.264761,5.257352,5.869157,5.510972,5.494348,5.173249,5.34404,5.372443,0,0,0,0,0,0
2025/04/06 12:16:00.921,n,5.31723,13.853934,0.10136,0.005532,0.145506,0.016628,5.251436,5.046253,5.279451,5.282456,5.897158,5.499841,5.494348,5.19091,5.338547,5.38424,0,0,0,0,0,0
2025/04/06 12:17:00.921,n,5.551998,13.548716,0.187361,0.007538,0.388309,0.064816,5.263251,5.056603,5.272122,5.272122,5.882419,5.513719,5.502685,5.168781,5.341294,5.35327,0,0,0,0,0,0
2025/04/06 12:18:00.921,n,5.650875,12.418266,0.191328,0.019351,0.3097,0.051636,5.298656,5.059575,5.269132,5.288355,5.88536,5.499841,5.499841,5.226364,5.335754,5.400474,0,0,0,0,0,0
2025/04/06 12:19:00.910,n,5.801605,11.058536,0.181455,0.011671,0.349657,0.039655,5.27659,5.061071,5.310486,5.273585,5.898622,5.508226,5.494348,5.199799,5.327385,5.400474,0,0,0,0,0,0
2025/04/06 12:20:00.912,n,5.825093,8.864848,0.129615,0.025237,0.159667,0.072947,5.264761,5.050705,5.29279,5.273585,5.870652,5.510972,5.513719,5.20573,5.349581,5.38424,0,0,0,0,0,0
2025/04/06 12:21:00.913,n,5.887055,11.475322,0.164988,0.029566,0.210797,0.064446,5.280961,5.078765,5.32082,5.303109,5.907462,5.519342,5.508226,5.230832,5.330163,5.410776,0,0,0,0,0,0
2025/04/06 12:22:00.916,n,6.188275,9.854752,0.18935,0.012616,0.258663,0.015462,5.279451,5.071372,5.30605,5.29279,5.898622,5.510972,5.510972,5.216064,5.316172,5.397501,0,0,0,0,0,0
2025/04/06 12:23:00.920,n,6.215035,10.179576,0.195842,0.015748,0.250213,0.01612,5.261755,5.055109,5.280961,5.270659,5.880955,5.508226,5.508226,5.210133,5.310664,5.391569,0,0,0,0,0,0
2025/04/06 12:24:00.922,n,6.449116,10.594444,0.188761,0.010719,0.247084,0.014683,5.283919,5.086159,5.310486,5.303109,5.917733,5.508226,5.519342,5.217494,5.363458,5.4034,0,0,0,0,0,0
2025/04/06 12:25:00.920,n,6.798336,9.636874,0.112932,0.019165,0.134159,0.029696,5.267719,5.078765,5.307513,5.303109,5.891258,5.513719,5.510972,5.223425,5.34404,5.401937,0,0,0,0,0,0
2025/04/06 12:26:00.922,n,6.90688,8.591118,0.114689,0.020538,0.132579,0.020744,5.266223,5.078765,5.307513,5.298656,5.9001,5.516498,5.522103,5.229322,5.355171,5.398996,0,0,0,0,0,0
2025/04/06 12:27:00.924,n,6.703121,8.42595,0.111907,0.001348,0.132879,0.001556,5.275062,5.093534,5.314889,5.307513,5.911866,5.524882,5.488725,5.230832,5.34404,5.4034,0,0,0,0,0,0
2025/04/06 12:28:00.914,n,6.277283,8.867654,0.112969,0.001556,0.138455,0.002195,5.259951,5.057805,5.299778,5.276216,5.889391,5.550038,5.527873,5.224561,5.360955,5.385346,0,0,0,0,0,0
2025/04/06 12:29:00.914,n,6.048134,9.649782,0.114526,0.001324,0.140558,0.001332,5.262924,5.06073,5.308682,5.283561,5.904098,5.541782,5.538906,5.228997,5.360955,5.389766,0,0,0,0,0,0
2025/04/06 12:30:00.915,n,5.930897,9.266476,0.111231,0.001441,0.123405,0.005787,5.264387,5.065166,5.296852,5.292449,5.901108,5.530634,5.53616,5.223099,5.358194,5.394202,0,0,0,0,0,0
2025/04/06 12:31:00.922,n,5.756825,9.608058,0.112142,0.001056,0.113934,0.001731,5.283561,5.096184,5.324849,5.317505,5.932068,5.505529,5.50275,5.248155,5.327564,5.404568,0,0,0,0,0,0
2025/04/06 12:32:00.921,n,5.741688,9.808742,0.108117,0.002537,0.112774,0.001015,5.279157,5.096184,5.316043,5.307187,5.923243,5.516757,5.508275,5.245229,5.330326,5.39867,0,0,0,0,0,0
2025/04/06 12:33:00.925,n,5.679726,8.920754,0.106737,0.001639,0.109323,0.001494,5.280619,5.103559,5.326377,5.317505,5.935042,5.519504,5.513913,5.243784,5.333104,5.401595,0,0,0,0,0,0
2025/04/06 12:34:00.930,n,5.50375,9.244894,0.099055,0.001812,0.106004,0.001747,5.282082,5.102064,5.324849,5.316043,5.930605,5.516757,5.513913,5.249683,5.338597,5.406031,0,0,0,0,0,0
2025/04/06 12:35:00.930,n,5.475281,9.285128,0.104457,0.001879,0.10424,0.000437,5.288013,5.107962,5.332243,5.317505,5.936505,5.525126,5.519504,5.25402,5.338597,5.413376,0,0,0,0,0,0
2025/04/06 12:36:00.934,n,5.518837,10.288852,0.114905,0.003445,0.117492,0.004046,5.292449,5.107962,5.339669,5.316043,5.937968,5.53616,5.527873,5.259951,5.34698,5.417829,0,0,0,0,0,0
2025/04/06 12:37:00.916,n,5.594277,9.784724,0.123395,0.002641,0.140115,0.00667,5.305709,5.107962,5.344073,5.33078,5.936505,5.53616,5.525126,5.271748,5.333104,5.417829,0,0,0,0,0,0
2025/04/06 12:38:00.919,n,5.600964,9.999782,0.126137,0.000635,0.142367,0.001348,5.304246,5.112416,5.339669,5.327839,5.924706,5.538906,5.527873,5.279157,5.338597,5.413376,0,0,0,0,0,0
2025/04/06 12:39:00.922,n,5.592568,10.038838,0.122819,0.008595,0.132707,0.005282,5.304246,5.119791,5.342545,5.335216,5.921764,5.544529,5.527873,5.274753,5.341358,5.420738,0,0,0,0,0,0
2025/04/06 12:40:00.925,n,5.572499,9.906136,0.10992,0.003946,0.12,0.003138,5.301305,5.119791,5.341082,5.335216,5.915898,5.55566,5.533413,5.270318,5.344235,5.413376,0,0,0,0,0,0
2025/04/06 12:41:00.925,n,5.428311,10.301456,0.109166,0.005337,0.122548,0.002726,5.304246,5.127184,5.351434,5.339669,5.911461,5.547291,5.533413,5.277679,5.344235,5.417829,0,0,0,0,0,0
2025/04/06 12:42:00.932,n,5.489601,9.55039,0.108155,0.006668,0.128153,0.002325,5.283642,5.105054,5.330813,5.313117,5.898231,5.572317,5.563948,5.26741,5.371924,5.407494,0,0,0,0,0,0
2025/04/06 12:43:00.930,n,5.504689,9.973034,0.109244,0.000814,0.131684,0.001828,5.292514,5.106581,5.338207,5.321941,5.890886,5.586292,5.566727,5.27035,5.377546,5.403106,0,0,0,0,0,0
2025/04/06 12:44:00.933,n,5.616944,9.886736,0.102937,0.003141,0.122094,0.003907,5.283642,5.110985,5.341147,5.31757,5.892299,5.586292,5.566727,5.264485,5.3748,5.406031,0,0,0,0,0,0
2025/04/06 12:45:00.935,n,5.590138,9.35968,0.080227,0.007898,0.099177,0.008456,5.290986,5.108044,5.342642,5.316043,5.886432,5.594579,5.577858,5.271813,5.383136,5.413393,0,0,0,0,0,0
2025/04/06 12:46:00.922,n,5.544922,9.088226,0.070528,0.003258,0.087165,0.003184,5.296885,5.110985,5.341147,5.327872,5.877591,5.600202,5.580702,5.276281,5.383136,5.413393,0,0,0,0,0,0
2025/04/06 12:47:00.922,n,5.564991,8.899486,0.058263,0.004639,0.070393,0.005228,5.292514,5.11391,5.336744,5.321941,5.867288,5.60571,5.586292,5.276281,5.39152,5.404568,0,0,0,0,0,0
2025/04/06 12:48:00.922,n,5.516407,12.039128,0.084297,0.007425,0.0861,0.004946,5.301337,5.125738,5.341147,5.332276,5.877591,5.600202,5.575112,5.286583,5.385883,5.416398,0,0,0,0,0,0
2025/04/06 12:49:00.925,n,5.509766,8.877124,0.18064,0.051235,0.193995,0.064526,5.29838,5.127217,5.339637,5.333738,5.896736,5.591832,5.583448,5.285105,5.377546,5.414936,0,0,0,0,0,0
2025/04/06 12:50:00.928,n,5.675637,13.259222,0.22275,0.015272,0.193108,0.009434,5.308714,5.125738,5.339637,5.324947,5.910031,5.586292,5.577858,5.282179,5.377546,5.409022,0,0,0,0,0,0
2025/04/06 12:51:00.930,n,5.89502,9.842486,0.26762,0.018462,0.21787,0.007163,5.339637,5.156708,5.360338,5.345567,5.937968,5.583448,5.572317,5.29838,5.366416,5.431104,0,0,0,0,0,0
2025/04/06 12:52:00.932,n,6.273144,10.805388,0.27705,0.011266,0.213105,0.005999,5.326409,5.147836,5.360338,5.336744,5.921731,5.580702,5.577858,5.289508,5.371924,5.414936,0,0,0,0,0,0
2025/04/06 12:53:00.935,n,6.470459,14.075012,0.305263,0.011746,0.187115,0.01794,5.332276,5.150841,5.364742,5.345567,5.937968,5.580702,5.577858,5.308714,5.377546,5.438465,0,0,0,0,0,0
2025/04/06 12:54:00.937,n,6.577393,25.129522,0.305552,0.011809,0.211658,0.037891,5.316043,5.090317,5.336744,5.302815,5.899694,5.594579,5.580702,5.302815,5.383136,5.432567,0,0,0,0,0,0
2025/04/06 12:55:00.923,n,6.560696,16.46903,0.376982,0.019174,0.25536,0.023786,5.345567,5.164068,5.358876,5.345567,5.937968,5.577858,5.580702,5.290986,5.383136,5.403106,0,0,0,0,0,0
2025/04/06 12:56:00.921,n,6.697705,7.067846,0.094637,0.118061,0.096404,0.079271,5.304246,5.137518,5.361801,5.348508,5.867288,5.613983,5.597326,5.308714,5.399775,5.417861,0,0,0,0,0,0
2025/04/06 12:57:00.923,n,6.794483,12.020238,0.108865,0.005909,0.100171,0.003227,5.308714,5.141971,5.366205,5.361801,5.881996,5.613983,5.589038,5.308714,5.399775,5.425205,0,0,0,0,0,0
2025/04/06 12:58:00.926,n,6.704346,7.645971,0.066585,0.016544,0.068588,0.017073,5.301337,5.13461,5.366205,5.348508,5.874666,5.619605,5.600202,5.308714,5.399775,5.435557,0,0,0,0,0,0
2025/04/06 12:59:00.928,n,6.634133,7.538787,0.054428,0.003331,0.058196,0.002793,5.296885,5.13461,5.363264,5.348508,5.870261,5.62245,5.602948,5.308714,5.408144,5.426668,0,0,0,0,0,0
2025/04/06 13:00:00.912,n,6.66758,7.658654,0.042246,0.003713,0.048732,0.002768,5.310177,5.127217,5.372168,5.347045,5.874666,5.616826,5.608457,5.333738,5.399775,5.441456,0,0,0,0,0,0
2025/04/06 13:01:00.922,n,6.462109,7.363433,0.039645,0.000153,0.04326,0.00062,5.320511,5.152304,5.382437,5.372168,5.893762,5.602948,5.577858,5.339637,5.3748,5.450263,0,0,0,0,0,0
2025/04/06 13:02:00.923,n,6.219391,7.478393,0.042601,0.00095,0.048226,0.002049,5.2911,5.136137,5.353027,5.347096,5.870294,5.658623,5.636246,5.305838,5.435931,5.417926,0,0,0,0,0,0
2025/04/06 13:03:00.925,n,6.020272,7.052831,0.04928,0.001933,0.054769,0.001984,5.296966,5.130239,5.360435,5.341196,5.879119,5.661369,5.641965,5.311736,5.433184,5.412028,0,0,0,0,0,0
2025/04/06 13:04:00.913,n,5.777497,7.735626,0.079161,0.009362,0.078452,0.007283,5.304343,5.125803,5.363328,5.345599,5.879119,5.661369,5.647491,5.324996,5.438678,5.429658,0,0,0,0,0,0
2025/04/06 13:05:00.915,n,5.573151,8.33573,0.344772,0.112132,0.435656,0.161283,5.357462,5.175995,5.394331,5.375158,5.966003,5.627958,5.625147,5.348606,5.413766,5.451855,0,0,0,0,0,0
2025/04/06 13:06:00.916,n,5.59327,14.802528,0.352511,0.014032,0.444662,0.007534,5.355967,5.177457,5.376636,5.381024,5.958639,5.633484,5.639122,5.342725,5.419307,5.429658,0,0,0,0,0,0
2025/04/06 13:07:00.918,n,5.774178,7.419946,0.258245,0.025994,0.483059,0.015423,5.332372,5.165694,5.376636,5.370722,5.91593,5.647491,5.644712,5.322038,5.433184,5.431186,0,0,0,0,0,0
2025/04/06 13:08:00.920,n,6.234383,5.899981,0.209332,0.035976,0.433497,0.038106,5.382502,5.211384,5.434127,5.407592,5.949799,5.647491,5.636246,5.404651,5.433184,5.450392,0,0,0,0,0,0
2025/04/06 13:09:00.920,n,6.343121,4.060809,0.216725,0.018484,0.338774,0.043002,5.326506,5.173054,5.369259,5.363328,5.884954,5.655843,5.647491,5.327904,5.444299,5.419389,0,0,0,0,0,0
2025/04/06 13:10:00.922,n,6.414997,6.569171,0.092873,0.024504,0.097281,0.040442,5.299972,5.146471,5.358925,5.354504,5.868816,5.683617,5.669657,5.322038,5.4638,5.42233,0,0,0,0,0,0
2025/04/06 13:11:00.924,n,6.36319,7.099701,0.090591,0.006634,0.094053,0.014467,5.30137,5.143498,5.369259,5.355967,5.874683,5.680838,5.664116,5.323533,5.466561,5.428196,0,0,0,0,0,0
2025/04/06 13:12:00.926,n,6.383259,7.396246,0.113246,0.026902,0.119287,0.039035,5.308796,5.155359,5.3722,5.360435,5.886497,5.666878,5.669657,5.329432,5.452684,5.428196,0,0,0,0,0,0
2025/04/06 13:13:00.915,n,6.261139,5.976153,0.11572,0.050587,0.121179,0.062965,5.326506,5.140573,5.383964,5.357462,5.886497,5.678092,5.666878,5.342725,5.4638,5.431186,0,0,0,0,0,0
2025/04/06 13:14:00.917,n,6.236092,7.005725,0.097992,0.012722,0.102958,0.006989,5.31614,5.137632,5.376636,5.363328,5.884954,5.686461,5.672501,5.339734,5.472087,5.429658,0,0,0,0,0,0
2025/04/06 13:15:00.921,n,6.414997,7.148895,0.090738,0.001976,0.102942,0.000795,5.324996,5.156822,5.375158,5.3722,5.889423,5.680838,5.669657,5.338271,5.4638,5.434127,0,0,0,0,0,0
2025/04/06 13:16:00.922,n,6.368172,7.221118,0.097218,0.001768,0.113988,0.003873,5.332372,5.1583,5.378099,5.369259,5.896785,5.678092,5.669657,5.345599,5.466561,5.437084,0,0,0,0,0,0
2025/04/06 13:17:00.925,n,6.13575,7.735779,0.1106,0.004487,0.119261,0.001507,5.344203,5.171559,5.389896,5.376636,5.914434,5.675247,5.661369,5.347096,5.458209,5.441489,0,0,0,0,0,0
2025/04/06 13:18:00.955,n,6.060406,45.415424,0.2766,0.045897,0.177607,0.016493,5.435557,5.230557,5.444462,5.443016,6.017489,5.644712,5.650238,5.416431,5.447175,5.504927,0,0,0,0,0,0
2025/04/06 13:19:00.927,n,5.926571,5.759088,0.17893,0.110138,0.159452,0.038225,5.383964,5.19663,5.409022,5.391326,5.949799,5.664116,5.658623,5.376636,5.461053,5.465083,0,0,0,0,0,0
2025/04/06 13:20:00.927,n,6.142437,6.595251,0.132368,0.054458,0.136917,0.030806,5.366269,5.183388,5.395794,5.379626,5.924771,5.669657,5.666878,5.358925,5.466561,5.451855,0,0,0,0,0,0
2025/04/06 13:21:00.931,n,6.383259,7.864086,0.142063,0.029977,0.150686,0.020438,5.382502,5.189253,5.414953,5.386955,5.946873,5.669657,5.658623,5.3722,5.4638,5.470965,0,0,0,0,0,0
2025/04/06 13:22:00.915,n,6.361531,14.321192,0.20304,0.032147,0.203562,0.027455,5.413491,5.189253,5.404651,5.394331,5.940942,5.664116,5.661369,5.375158,5.461053,5.46362,0,0,0,0,0,0
2025/04/06 13:23:00.917,n,6.488533,7.209497,0.113311,0.039994,0.115779,0.035801,5.398734,5.187791,5.403155,5.392854,5.927696,5.678092,5.669657,5.379626,5.4638,5.456259,0,0,0,0,0,0
2025/04/06 13:24:00.920,n,6.547028,6.290558,0.095713,0.005782,0.098266,0.005333,5.401693,5.195152,5.406129,5.395794,5.923292,5.675247,5.666878,5.366269,5.466561,5.457721,0,0,0,0,0,0
2025/04/06 13:25:00.925,n,6.401669,6.861517,0.09043,0.001225,0.096528,0.001497,5.407592,5.195152,5.403155,5.395794,5.929224,5.678092,5.661369,5.378099,5.466561,5.468025,0,0,0,0,0,0
2025/04/06 13:26:00.924,n,6.37315,7.52882,0.089118,0.001009,0.094183,0.001062,5.404651,5.195152,5.406129,5.392854,5.9321,5.678092,5.669657,5.375158,5.466561,5.459184,0,0,0,0,0,0
2025/04/06 13:27:00.925,n,6.149128,6.474328,0.081179,0.001988,0.086611,0.002626,5.410565,5.203991,5.407592,5.386955,5.938032,5.686461,5.666878,5.378099,5.472087,5.462157,0,0,0,0,0,0
2025/04/06 13:28:00.928,n,6.068856,7.51773,0.076982,0.001932,0.081508,0.002014,5.416431,5.203991,5.414953,5.394331,5.938032,5.686461,5.666878,5.378099,5.466561,5.473923,0,0,0,0,0,0
2025/04/06 13:29:00.929,n,6.070465,7.368542,0.075887,0.00079,0.086308,0.00151,5.412028,5.205518,5.416431,5.392854,5.942404,5.686461,5.675247,5.373663,5.47493,5.469552,0,0,0,0,0,0
2025/04/06 13:30:00.933,n,6.000252,6.990472,0.072463,0.001251,0.086334,0.000613,5.423857,5.19962,5.413491,5.392854,5.939495,5.689224,5.675247,5.376636,5.480438,5.473923,0,0,0,0,0,0
2025/04/06 13:31:00.908,n,6.090534,7.528979,0.077079,0.001232,0.083976,0.000889,5.460695,5.211384,5.434127,5.414953,5.948336,5.664116,5.647491,5.412028,5.452684,5.500459,0,0,0,0,0,0
2025/04/06 13:32:00.913,n,6.072174,4.979016,0.088628,0.025569,0.097395,0.027265,5.462157,5.229079,5.444462,5.416431,5.935042,5.669657,5.664116,5.410565,5.461053,5.490156,0,0,0,0,0,0
2025/04/06 13:33:00.911,n,6.190926,9.30404,0.177369,0.038981,0.194741,0.044999,5.510793,5.264534,5.454732,5.443016,5.970374,5.664116,5.658623,5.412028,5.45543,5.46362,0,0,0,0,0,0
2025/04/06 13:34:00.915,n,6.319527,4.882286,0.105863,0.032268,0.10191,0.03291,5.429594,5.199506,5.404536,5.39417,5.904001,5.705457,5.688735,5.38091,5.488417,5.461995,0,0,0,0,0,0
2025/04/06 13:35:00.918,n,6.454926,6.811968,0.081138,0.014087,0.080915,0.012859,5.423695,5.208394,5.410435,5.395697,5.896607,5.711081,5.697105,5.382405,5.496704,5.463506,0,0,0,0,0,0
2025/04/06 13:36:00.918,n,6.433148,9.921538,0.101835,0.025462,0.112126,0.020206,5.442837,5.226089,5.42077,5.404536,5.911379,5.711081,5.697105,5.405998,5.496704,5.490027,0,0,0,0,0,0
2025/04/06 13:37:00.921,n,6.324505,21.74996,0.153237,0.033797,0.140569,0.038416,5.456129,5.245197,5.432534,5.42077,5.92165,5.702695,5.697105,5.403073,5.502295,5.479675,0,0,0,0,0,0
2025/04/06 13:38:00.923,n,6.262692,9.949072,0.14039,0.017726,0.138248,0.016918,5.442837,5.23345,5.417764,5.398605,5.909884,5.705457,5.697105,5.3839,5.502295,5.463506,0,0,0,0,0,0
2025/04/06 13:39:00.927,n,6.319527,7.019225,0.13121,0.014281,0.146043,0.005791,5.438401,5.227502,5.422233,5.401595,5.904001,5.708236,5.699949,5.386841,5.499533,5.479675,0,0,0,0,0,0
2025/04/06 13:40:00.912,n,6.459957,7.389757,0.142696,0.006683,0.156875,0.006631,5.456129,5.223131,5.419243,5.405998,5.898134,5.708236,5.702695,5.397143,5.505041,5.469437,0,0,0,0,0,0
2025/04/06 13:41:00.915,n,6.812348,4.587163,0.151517,0.01844,0.13387,0.013543,5.523957,5.310112,5.498834,5.463506,5.942307,5.708236,5.702695,5.414839,5.499533,5.497371,0,0,0,0,0,0
2025/04/06 13:42:00.918,n,6.890816,8.017571,0.142509,0.013079,0.131258,0.009171,5.516563,5.321941,5.488564,5.461995,5.956982,5.708236,5.702695,5.410435,5.502295,5.467959,0,0,0,0,0,0
2025/04/06 13:43:00.919,n,6.99189,21.545132,0.207277,0.017447,0.110008,0.021316,5.433997,5.242289,5.388304,5.417764,5.954056,5.699949,5.699949,5.543066,5.493943,5.544562,0,0,0,0,0,0
2025/04/06 13:44:00.920,n,6.975094,7.194225,0.197631,0.012763,0.114126,0.007433,5.475336,5.265882,5.423695,5.405998,5.909884,5.711081,5.699949,5.39417,5.499533,5.472331,0,0,0,0,0,0
2025/04/06 13:45:00.926,n,7.095745,10.080284,0.19835,0.00747,0.133998,0.006589,5.457608,5.288013,5.466431,5.439895,5.933449,5.705457,5.699949,5.403073,5.496704,5.488564,0,0,0,0,0,0
2025/04/06 13:46:00.924,n,7.211323,6.178167,0.092414,0.052007,0.092041,0.017468,5.436938,5.24965,5.432534,5.413376,5.902538,5.724991,5.708236,5.401595,5.510663,5.479675,0,0,0,0,0,0
2025/04/06 13:47:00.927,n,7.306782,7.123863,0.10188,0.003376,0.100206,0.002351,5.444299,5.252623,5.436938,5.411898,5.905479,5.716606,5.699949,5.398605,5.499533,5.487133,0,0,0,0,0,0
2025/04/06 13:48:00.928,n,7.323529,6.276195,0.095511,0.003027,0.099182,0.00136,5.436938,5.24965,5.436938,5.413376,5.911379,5.716606,5.711081,5.401595,5.505041,5.488564,0,0,0,0,0,0
2025/04/06 13:49:00.915,n,7.271626,6.484533,0.098871,0.001219,0.097291,0.000801,5.454667,5.251161,5.441406,5.429594,5.908405,5.722115,5.699949,5.414839,5.505041,5.484127,0,0,0,0,0,0
2025/04/06 13:50:00.980,n,7.120892,3.335955,0.120474,0.028584,0.105075,0.00488,5.464968,5.251161,5.454667,5.417764,5.926087,5.705457,5.705457,5.42077,5.502295,5.50184,0,0,0,0,0,0
2025/04/06 13:51:00.951,n,7.057221,2.01038,0.170278,0.027905,0.115377,0.003929,5.450263,5.240826,5.439895,5.404536,5.909884,5.705457,5.697105,5.408972,5.496704,5.475336,0,0,0,0,0,0
2025/04/06 13:52:00.921,n,7.008637,6.484533,0.107409,0.008556,0.101074,0.002278,5.444299,5.264387,5.442837,5.432534,5.924608,5.716606,5.699949,5.417764,5.496704,5.494495,0,0,0,0,0,0
2025/04/06 13:53:00.924,n,7.022015,6.545677,0.111327,0.002056,0.107258,0.002488,5.460533,5.27178,5.448768,5.431072,5.929012,5.711081,5.694261,5.416302,5.499533,5.50184,0,0,0,0,0,0
2025/04/06 13:54:00.923,n,6.912545,6.262926,0.122299,0.004059,0.116318,0.002734,5.467959,5.277711,5.45314,5.438401,5.945215,5.705457,5.694261,5.429594,5.491196,5.498834,0,0,0,0,0,0
2025/04/06 13:55:00.927,n,6.872456,16.430408,0.195259,0.028715,0.154641,0.01484,5.491504,5.305709,5.481202,5.460533,5.986431,5.685973,5.685973,5.435475,5.482811,5.519504,0,0,0,0,0,0
2025/04/06 13:56:00.928,n,6.99189,4.478014,0.252249,0.027127,0.149532,0.005067,5.534242,5.347013,5.512126,5.498834,6.029109,5.677604,5.677604,5.454667,5.47454,5.52537,0,0,0,0,0,0
2025/04/06 13:57:00.930,n,6.998577,1.709938,0.187567,0.036154,0.13157,0.007137,5.491504,5.289476,5.472331,5.441406,5.974664,5.694261,5.694261,5.432534,5.480033,5.510663,0,0,0,0,0,0
2025/04/06 13:58:00.947,n,7.013668,2.71852,0.279575,0.058003,0.160846,0.015907,5.54604,5.326377,5.504765,5.470868,6.020269,5.674857,5.685973,5.470868,5.482811,5.529838,0,0,0,0,0,0
2025/04/06 13:59:00.981,n,6.995259,23.868858,0.217808,0.077315,0.138191,0.021181,5.582864,5.363247,5.540141,5.5151,6.055649,5.674857,5.677604,5.470868,5.480033,5.571099,0,0,0,0,0,0
2025/04/06 14:00:00.955,n,6.98983,42.385684,0.34577,0.075005,0.167068,0.022142,5.502539,5.28725,5.471632,5.462824,6.006389,5.77979,5.793766,5.4274,5.57945,5.509964,0,0,0,0,0,0
2025/04/06 14:01:00.979,n,7.115464,4.432566,0.217923,0.049513,0.13092,0.016492,5.557106,5.338906,5.517359,5.47454,6.018138,5.754845,5.771518,5.464237,5.562811,5.568904,0,0,0,0,0,0
2025/04/06 14:02:00.918,n,7.247788,8.036882,0.199197,0.033564,0.104371,0.008775,5.43034,5.235692,5.420006,5.425937,5.962183,5.77979,5.777044,5.42883,5.573942,5.508469,0,0,0,0,0,0
2025/04/06 14:03:00.920,n,7.271275,8.609832,0.229282,0.04027,0.119255,0.013935,5.548266,5.334502,5.496722,5.483396,6.018138,5.768756,5.774265,5.452472,5.562811,5.52173,0,0,0,0,0,0
2025/04/06 14:04:00.954,n,7.400181,3.199763,0.182936,0.029446,0.096958,0.018942,5.518805,5.369877,5.51289,5.304945,5.642599,5.793766,5.802151,5.41557,5.582197,5.648499,0,0,0,0,0,0
2025/04/06 14:05:00.923,n,7.473812,5.566465,0.165353,0.012392,0.082813,0.006325,5.509964,5.313849,5.483396,5.4657,5.998994,5.785429,5.788273,5.446542,5.57945,5.52173,0,0,0,0,0,0
2025/04/06 14:06:00.990,n,7.599301,16.649906,0.161127,0.019475,0.076478,0.004108,5.54383,5.30795,5.502539,5.467162,5.987259,5.782635,5.796643,5.442105,5.585073,5.508469,0,0,0,0,0,0
2025/04/06 14:07:00.979,n,7.784897,4.635221,0.125358,0.0085,0.092911,0.007192,5.540904,5.315311,5.508469,5.462824,6.010761,5.79102,5.802151,5.458371,5.582197,5.530569,0,0,0,0,0,0
2025/04/06 14:08:00.917,n,7.666195,5.878813,0.161642,0.010224,0.092676,0.003453,5.545358,5.303482,5.483396,5.458371,6.024056,5.793766,5.804931,5.433298,5.590566,5.501076,0,0,0,0,0,0
2025/04/06 14:09:00.917,n,7.51561,9.808366,0.098919,0.034324,0.086046,0.010054,5.532064,5.315311,5.495194,5.470169,6.009265,5.802151,5.807678,5.459834,5.593361,5.527661,0,0,0,0,0,0
2025/04/06 14:10:00.921,n,7.381771,6.0309,0.157655,0.017365,0.113502,0.010797,5.557106,5.331512,5.509964,5.486369,6.049003,5.79102,5.799389,5.452472,5.58782,5.530569,0,0,0,0,0,0
2025/04/06 14:11:00.918,n,7.246128,7.704289,0.173581,0.00378,0.114506,0.004068,5.560097,5.334502,5.4982,5.47753,6.062313,5.796643,5.810425,5.455366,5.585073,5.533561,0,0,0,0,0,0
2025/04/06 14:12:00.954,n,7.323178,3.006194,0.194358,0.022989,0.113177,0.005396,5.574803,5.33598,5.509964,5.484874,6.07265,5.788273,5.804931,5.505529,5.576689,5.568904,0,0,0,0,0,0
2025/04/06 14:13:00.926,n,7.294663,4.725224,0.105044,0.034749,0.087711,0.011297,5.554198,5.334502,5.509964,5.468641,6.065207,5.804931,5.810425,5.450994,5.585073,5.535023,0,0,0,0,0,0
2025/04/06 14:14:00.930,n,7.276257,12.161406,0.152629,0.021129,0.097113,0.006598,5.571862,5.341846,5.51289,5.47454,6.091715,5.796643,5.8133,5.449499,5.58782,5.533561,0,0,0,0,0,0
2025/04/06 14:15:00.928,n,7.25111,6.668223,0.081891,0.01692,0.08052,0.005236,5.574803,5.331512,5.514369,5.468641,6.090251,5.802151,5.824432,5.462824,5.596205,5.536501,0,0,0,0,0,0
2025/04/06 14:16:00.919,n,7.42191,13.733536,0.131114,0.014191,0.094166,0.00457,5.604265,5.349207,5.523193,5.487832,6.099061,5.799389,5.807678,5.481933,5.585073,5.539427,0,0,0,0,0,0
2025/04/06 14:17:00.915,n,7.415268,12.018528,0.288855,0.078643,0.111712,0.014927,5.649962,5.384599,5.539427,5.508469,6.162317,5.777044,5.802151,5.515832,5.562811,5.574803,0,0,0,0,0,0
2025/04/06 14:18:00.951,n,7.307831,2.820646,0.234326,0.025234,0.101197,0.014616,5.63597,5.369145,5.551939,5.512224,6.149753,5.720702,5.737456,5.494495,5.50639,5.572593,0,0,0,0,0,0
2025/04/06 14:19:00.923,n,7.349678,9.529884,0.306127,0.018341,0.159766,0.015947,5.619767,5.369145,5.53426,5.501857,6.162983,5.712332,5.731834,5.504765,5.50639,5.560763,0,0,0,0,0,0
2025/04/06 14:20:00.955,n,7.386494,2.556174,0.22177,0.035027,0.128903,0.014131,5.640373,5.377969,5.538695,5.494495,6.152712,5.726243,5.734677,5.559333,5.512012,5.669836,0,0,0,0,0,0
2025/04/06 14:21:00.926,n,7.31955,6.970099,0.274781,0.013127,0.106263,0.014904,5.658071,5.392771,5.549031,5.507755,6.143853,5.720702,5.737456,5.450198,5.509266,5.525402,0,0,0,0,0,0
2025/04/06 14:22:00.927,n,7.356365,20.275924,0.264074,0.037695,0.118574,0.010552,5.622694,5.366205,5.535737,5.479724,6.151216,5.728989,5.742965,5.450198,5.509266,5.531333,0,0,0,0,0,0
2025/04/06 14:23:00.930,n,7.458466,OverRange,0.214848,0.034508,0.108014,0.008641,5.647735,5.380975,5.553401,5.497403,6.148275,5.734677,5.748555,5.490027,5.520382,5.566695,0,0,0,0,0,0
2025/04/06 14:24:00.933,n,7.605683,13.293134,0.23802,0.025382,0.08331,0.012287,5.631533,5.35444,5.525402,5.466496,6.108568,5.740203,5.751334,5.435508,5.512012,5.518041,0,0,0,0,0,0
2025/04/06 14:25:00.919,n,7.640839,13.198536,0.235058,0.004321,0.128806,0.014569,5.699331,5.416334,5.569636,5.507755,6.157115,5.737456,5.745744,5.482697,5.514758,5.532764,0,0,0,0,0,0
2025/04/06 14:26:00.920,n,7.791329,7.10777,0.239654,0.020583,0.120566,0.010169,5.665432,5.404568,5.551939,5.504765,6.123244,5.734677,5.748555,5.494495,5.520382,5.559333,0,0,0,0,0,0
2025/04/06 14:27:00.988,n,7.592354,3.326904,0.251995,0.031701,0.149904,0.012363,5.761183,5.509233,5.724342,5.674272,6.276236,5.723464,5.737456,5.572593,5.500799,5.658071,0,0,0,0,0,0
2025/04/06 14:28:00.924,n,7.640839,8.349732,0.23628,0.010775,0.152294,0.02104,5.681602,5.419324,5.562258,5.5151,6.135044,5.742965,5.751334,5.500394,5.517538,5.559333,0,0,0,0,0,0
2025/04/06 14:29:00.957,n,7.722775,1.479876,0.188878,0.023315,0.11596,0.015825,5.658071,5.388304,5.547567,5.507755,6.096769,5.754081,5.754081,5.478262,5.525922,5.544562,0,0,0,0,0,0
2025/04/06 14:30:00.931,n,7.731121,5.936884,0.067082,0.010418,0.068265,0.005711,5.671299,5.395664,5.560763,5.510696,6.082093,5.765213,5.762467,5.490027,5.531416,5.562258,0,0,0,0,0,0
2025/04/06 14:31:00.926,n,7.635811,6.594526,0.064236,0.000823,0.062333,0.001284,5.689011,5.410435,5.584391,5.52693,6.09976,5.740203,5.734677,5.500394,5.514758,5.575534,0,0,0,0,0,0
2025/04/06 14:32:00.931,n,7.475262,6.263141,0.061934,0.000896,0.061969,0.000609,5.690441,5.404568,5.582929,5.512224,6.09976,5.756843,5.748555,5.50626,5.514758,5.572593,0,0,0,0,0,0
2025/04/06 14:33:00.931,n,7.348019,7.31413,0.071261,0.002878,0.062613,0.000544,5.711113,5.414871,5.594693,5.519569,6.104099,5.748555,5.745744,5.512224,5.520382,5.587332,0,0,0,0,0,0
2025/04/06 14:34:00.919,n,7.076729,25.409194,0.295096,0.091635,0.081092,0.011563,5.806784,5.482697,5.637432,5.577061,6.180601,5.717955,5.731834,5.500394,5.500799,5.560763,0,0,0,0,0,0
2025/04/06 14:35:00.926,n,6.998017,3.232849,0.248373,0.020992,0.084608,0.009277,5.746443,5.442869,5.582929,5.532764,6.110064,5.734677,5.745744,5.512224,5.500799,5.597635,0,0,0,0,0,0
2025/04/06 14:36:00.955,n,6.916767,2.39023,0.228156,0.011735,0.102438,0.008307,5.762645,5.4488,5.605028,5.566695,6.139449,5.734677,5.745744,5.562258,5.509266,5.628592,0,0,0,0,0,0
2025/04/06 14:37:00.957,n,7.004658,2.650541,0.205025,0.015959,0.119794,0.008971,5.709602,5.417829,5.581401,5.518041,6.074697,5.754081,5.754081,5.482697,5.514758,5.531333,0,0,0,0,0,0
2025/04/06 14:38:00.925,n,7.282734,8.416652,0.194401,0.03617,0.111112,0.010238,5.752342,5.466496,5.612406,5.55787,6.129177,5.751334,5.751334,5.528392,5.520382,5.596173,0,0,0,0,0,0
2025/04/06 14:39:00.962,n,7.339669,1.958146,0.148294,0.021056,0.105596,0.00751,5.765586,5.48416,5.669836,5.665432,6.238008,5.742965,5.742965,5.518041,5.525922,5.52693,0,0,0,0,0,0
2025/04/06 14:40:00.963,n,7.404949,2.452166,0.130041,0.020446,0.092644,0.009796,5.737585,5.454667,5.606474,5.546057,6.08796,5.754081,5.754081,5.513637,5.528669,5.579937,0,0,0,0,0,0
2025/04/06 14:41:00.932,n,7.331269,3.25033,0.124368,0.027926,0.085131,0.005799,5.768512,5.432534,5.581401,5.491554,6.049717,5.762467,5.75959,5.532764,5.528669,5.596173,0,0,0,0,0,0
2025/04/06 14:42:00.936,n,7.351387,23.355992,0.154117,0.026368,0.091711,0.008906,5.768512,5.462028,5.63007,5.543099,6.105595,5.756843,5.762467,5.535737,5.525922,5.599098,0,0,0,0,0,0
2025/04/06 14:43:00.924,n,7.354756,6.357361,0.081052,0.027834,0.079314,0.007307,5.74498,5.463506,5.61824,5.551939,6.08063,5.762467,5.762467,5.519569,5.537053,5.584391,0,0,0,0,0,0
2025/04/06 14:44:00.923,n,7.545529,4.654993,0.100721,0.015351,0.102023,0.005822,5.75088,5.465033,5.632996,5.560763,6.077688,5.76796,5.76796,5.521031,5.534177,5.597635,0,0,0,0,0,0
2025/04/06 14:45:00.909,n,7.640839,6.142511,0.092222,0.006681,0.094795,0.004983,5.77589,5.475336,5.644777,5.575534,6.08063,5.770836,5.765213,5.53426,5.534177,5.591768,0,0,0,0,0,0
2025/04/06 14:46:00.916,n,7.560566,5.55376,0.081503,0.00434,0.082854,0.004217,5.75972,5.462028,5.624172,5.55787,6.065856,5.779222,5.773598,5.52987,5.542546,5.57846,0,0,0,0,0,0
2025/04/06 14:47:00.916,n,7.451779,6.094037,0.068574,0.003823,0.076866,0.003567,5.762645,5.473858,5.632996,5.566695,6.067384,5.781968,5.76796,5.53426,5.539799,5.587332,0,0,0,0,0,0
2025/04/06 14:48:00.919,n,7.51701,6.229786,0.057155,0.004037,0.068612,0.003487,5.761183,5.478262,5.631533,5.569636,6.067384,5.779222,5.773598,5.522494,5.537053,5.59029,0,0,0,0,0,0
2025/04/06 14:49:00.919,n,7.557198,6.332013,0.048924,0.002329,0.054152,0.003236,5.755316,5.472396,5.632996,5.568173,6.068847,5.781968,5.773598,5.528392,5.542546,5.585869,0,0,0,0,0,0
2025/04/06 14:50:00.925,n,7.635811,6.032111,0.045268,0.001085,0.059094,0.003374,5.75088,5.481202,5.637432,5.563769,6.067384,5.779222,5.773598,5.523939,5.553774,5.59323,0,0,0,0,0,0
2025/04/06 14:51:00.925,n,7.560566,6.373981,0.044246,0.000884,0.048805,0.004452,5.756714,5.488564,5.652203,5.571131,6.077688,5.776442,5.773598,5.52987,5.539799,5.602071,0,0,0,0,0,0
2025/04/06 14:52:00.911,n,7.75119,6.52768,0.046078,0.001016,0.056302,0.006387,5.768512,5.482697,5.656542,5.579937,6.082093,5.773598,5.770836,5.541636,5.534177,5.605028,0,0,0,0,0,0
2025/04/06 14:53:00.915,n,7.834786,6.449054,0.051518,0.00163,0.053561,0.002132,5.772949,5.487101,5.656542,5.581401,6.074697,5.781968,5.776442,5.544562,5.534177,5.603534,0,0,0,0,0,0
2025/04/06 14:54:00.915,n,7.718247,5.960634,0.057969,0.001968,0.064302,0.003283,5.738983,5.467909,5.628543,5.55787,6.043785,5.823507,5.823507,5.518041,5.584213,5.571099,0,0,0,0,0,0
2025/04/06 14:55:00.916,n,7.706528,4.27206,0.052649,0.003879,0.052868,0.007024,5.738983,5.473809,5.628543,5.559268,6.042258,5.823507,5.829047,5.513637,5.586958,5.565199,0,0,0,0,0,0
2025/04/06 14:56:00.917,n,7.602867,6.565877,0.063853,0.004099,0.059492,0.003103,5.743452,5.475271,5.632996,5.571099,6.051066,5.82076,5.829047,5.512109,5.584213,5.579937,0,0,0,0,0,0
2025/04/06 14:57:00.923,n,7.422154,6.393001,0.077346,0.003981,0.073919,0.008591,5.738983,5.478262,5.644712,5.566662,6.05552,5.823507,5.829047,5.5151,5.584213,5.575502,0,0,0,0,0,0
2025/04/06 14:58:00.925,n,7.326695,6.557497,0.085688,0.002453,0.085346,0.003738,5.743452,5.490027,5.650644,5.572561,6.05552,5.82076,5.831892,5.522429,5.584213,5.581401,0,0,0,0,0,0
2025/04/06 14:59:00.927,n,7.202816,7.690773,0.105377,0.006151,0.114063,0.009212,5.759655,5.500362,5.663872,5.579937,6.071659,5.823507,5.840229,5.522429,5.586958,5.582864,0,0,0,0,0,0
2025/04/06 15:00:00.925,n,7.214535,7.813411,0.107853,0.003822,0.11787,0.007741,5.750815,5.494431,5.658005,5.569571,6.059924,5.823507,5.845867,5.526865,5.584213,5.585869,0,0,0,0,0,0
2025/04/06 15:01:00.922,n,7.227963,7.431478,0.108928,0.003563,0.111877,0.004918,5.77732,5.5151,5.67567,5.600576,6.071659,5.78738,5.812391,5.535737,5.556342,5.594693,0,0,0,0,0,0
2025/04/06 15:02:00.921,n,7.267433,5.79767,0.069593,0.014014,0.07009,0.016047,5.740235,5.489847,5.651895,5.570853,6.034636,5.815592,5.840718,5.511915,5.579141,5.57529,0,0,0,0,0,0
2025/04/06 15:03:00.922,n,7.322705,6.136269,0.061432,0.002279,0.064206,0.002195,5.737342,5.485379,5.659257,5.570853,6.028769,5.826821,5.860202,5.511915,5.579141,5.570853,0,0,0,0,0,0
2025/04/06 15:04:00.925,n,7.371243,6.126192,0.056402,0.001766,0.059744,0.001195,5.732873,5.47506,5.654821,5.564987,6.030264,5.832444,5.87132,5.50899,5.593019,5.576753,0,0,0,0,0,0
2025/04/06 15:05:00.929,n,7.287598,6.099611,0.051732,0.001178,0.052342,0.002521,5.734369,5.478018,5.651895,5.564987,6.018465,5.835192,5.882483,5.51042,5.601389,5.573828,0,0,0,0,0,0
2025/04/06 15:06:00.931,n,7.212208,6.216909,0.046886,0.006855,0.04659,0.005822,5.727039,5.478018,5.659257,5.564987,6.022869,5.840718,5.88523,5.511915,5.604168,5.576753,0,0,0,0,0,0
2025/04/06 15:07:00.931,n,7.027981,6.607149,0.04263,0.014439,0.045187,0.006667,5.732873,5.479481,5.666602,5.563525,6.021405,5.840718,5.899206,5.516351,5.601389,5.581189,0,0,0,0,0,0
2025/04/06 15:08:00.921,n,6.940823,10.01987,0.072767,0.006407,0.053338,0.003852,5.724033,5.478018,5.648954,5.573828,6.003739,5.837971,5.899206,5.557594,5.598545,5.557594,0,0,0,0,0,0
2025/04/06 15:09:00.921,n,6.95586,6.376149,0.031497,0.012144,0.033429,0.010329,5.719629,5.486858,5.659257,5.57529,6.000862,5.84907,5.907577,5.511915,5.604168,5.569391,0,0,0,0,0,0
2025/04/06 15:10:00.905,n,6.952587,5.464699,0.045938,0.007903,0.055793,0.008579,5.746167,5.491293,5.673964,5.564987,5.990526,5.843479,5.915833,5.531058,5.601389,5.57235,0,0,0,0,0,0
2025/04/06 15:11:00.909,n,6.981056,5.889089,0.043212,0.001794,0.054593,0.002271,5.7299,5.476555,5.671023,5.584114,5.994931,5.846323,5.929744,5.523696,5.607011,5.582651,0,0,0,0,0,0
2025/04/06 15:12:00.910,n,7.108349,6.030892,0.043083,0.00172,0.05266,0.0027,5.732873,5.478018,5.662198,5.582651,5.994931,5.84907,5.929744,5.528149,5.609774,5.587056,0,0,0,0,0,0
2025/04/06 15:13:00.911,n,7.078224,6.967934,0.044168,0.001738,0.051387,0.003238,5.7299,5.479481,5.654821,5.581189,5.972828,5.851816,5.949312,5.517813,5.62089,5.582651,0,0,0,0,0,0
2025/04/06 15:14:00.916,n,7.091603,7.476479,0.054981,0.002919,0.046456,0.003902,5.727039,5.479481,5.678433,5.619491,6.003739,5.84907,5.929744,5.569391,5.598545,5.564987,0,0,0,0,0,0
2025/04/06 15:15:00.919,n,7.069824,5.84424,0.05759,0.002774,0.04595,0.001556,5.716704,5.497209,5.669592,5.595895,5.987553,5.843479,5.949312,5.523696,5.61252,5.56645,0,0,0,0,0,0
2025/04/06 15:16:00.922,n,7.019581,4.048293,0.047422,0.003172,0.042176,0.002183,5.712267,5.497209,5.666602,5.592987,5.983132,5.854611,5.95209,5.523696,5.609774,5.564987,0,0,0,0,0,0
2025/04/06 15:17:00.920,n,7.091603,6.10447,0.042501,0.000562,0.039358,0.000311,5.707863,5.494219,5.675427,5.59445,5.978791,5.854611,5.960476,5.528149,5.615299,5.57529,0,0,0,0,0,0
2025/04/06 15:18:00.922,n,7.036328,6.037056,0.038806,0.001218,0.035938,0.001073,5.69756,5.494219,5.673964,5.59445,5.974323,5.857358,5.96597,5.534047,5.615299,5.579726,0,0,0,0,0,0
2025/04/06 15:19:00.911,n,6.924023,6.045974,0.034984,0.000967,0.034327,0.000691,5.709326,5.491293,5.679895,5.601827,5.963987,5.860202,5.96597,5.547291,5.61252,5.581189,0,0,0,0,0,0
2025/04/06 15:20:00.912,n,6.751126,5.943477,0.04195,0.00305,0.04839,0.005714,5.709326,5.492756,5.679895,5.597358,5.96545,5.857358,5.96597,5.539914,5.615299,5.579726,0,0,0,0,0,0
2025/04/06 15:21:00.912,n,6.736134,6.620015,0.030642,0.003006,0.029015,0.00538,5.696098,5.494219,5.671023,5.598821,5.944875,5.863078,5.974355,5.542856,5.62089,5.57235,0,0,0,0,0,0
2025/04/06 15:22:00.915,n,6.764504,6.343398,0.030657,0.001995,0.028977,0.005254,5.687257,5.494219,5.666602,5.592987,5.936049,5.863078,5.979979,5.536989,5.626431,5.57529,0,0,0,0,0,0
2025/04/06 15:23:00.917,n,6.677639,5.981197,0.029266,0.000383,0.028004,0.000314,5.688735,5.498687,5.668065,5.607693,5.937512,5.860202,5.979979,5.542856,5.618061,5.57235,0,0,0,0,0,0
2025/04/06 15:24:00.920,n,6.562405,6.146181,0.027144,0.000697,0.028752,0.000311,5.681326,5.501564,5.668065,5.60329,5.931677,5.860202,5.982725,5.539914,5.626431,5.57529,0,0,0,0,0,0
2025/04/06 15:25:00.924,n,6.460499,6.022286,0.02556,0.004473,0.028467,0.026197,5.678433,5.503026,5.672501,5.60329,5.924282,5.865825,5.985487,5.536989,5.62089,5.584114,0,0,0,0,0,0
2025/04/06 15:26:00.926,n,6.420361,6.376955,0.025222,8.408082e-05,0.025896,0.000922,5.669592,5.494219,5.678433,5.601827,5.925746,5.865825,5.985487,5.542856,5.634718,5.576753,0,0,0,0,0,0
2025/04/06 15:27:00.925,n,6.405373,6.166634,0.02544,0.003964,0.025773,0.023204,5.668065,5.494219,5.672501,5.59445,5.915442,5.868572,6.002211,5.539914,5.629177,5.579726,0,0,0,0,0,0
2025/04/06 15:28:00.914,n,6.378613,6.412917,0.035259,0.003288,0.0758,0.0181,5.673964,5.491293,5.668065,5.606166,5.896298,5.863078,5.996604,5.556148,5.623684,5.578216,0,0,0,0,0,0
2025/04/06 15:29:00.918,n,6.338478,6.421822,0.03543,0.000365,0.097631,0.009139,5.668065,5.495681,5.671023,5.610619,5.888935,5.868572,5.996604,5.551695,5.640405,5.570853,0,0,0,0,0,0
2025/04/06 15:30:00.917,n,6.397022,6.434761,0.035927,0.000407,0.081543,0.008653,5.657794,5.491293,5.660735,5.609156,5.880127,5.868572,6.004991,5.548754,5.634718,5.579726,0,0,0,0,0,0
2025/04/06 15:31:00.919,n,6.480568,7.047237,0.038723,0.000839,0.060622,0.009771,5.659257,5.503026,5.672501,5.620955,5.899272,5.846323,5.977199,5.567896,5.61252,5.588519,0,0,0,0,0,0
2025/04/06 15:32:00.920,n,6.574124,6.313515,0.041063,0.000971,0.080871,0.003244,5.651895,5.504554,5.672501,5.613593,5.887472,5.851816,5.985487,5.554686,5.623684,5.582651,0,0,0,0,0,0
2025/04/06 15:33:00.926,n,6.706055,6.542751,0.046154,0.001826,0.074691,0.007259,5.648954,5.498687,5.668065,5.615055,5.878664,5.865825,5.996604,5.556148,5.634718,5.588519,0,0,0,0,0,0
2025/04/06 15:34:00.926,n,6.786183,6.270827,0.052427,0.003495,0.088361,0.012923,5.632753,5.494219,5.668065,5.597358,5.874228,5.865825,6.007737,5.553157,5.63753,5.582651,0,0,0,0,0,0
2025/04/06 15:35:00.926,n,6.856301,6.440096,0.050198,0.00144,0.052109,0.010304,5.632753,5.485379,5.671023,5.59445,5.868328,5.865825,6.016205,5.560519,5.640405,5.587056,0,0,0,0,0,0
2025/04/06 15:36:00.926,n,6.737793,6.233919,0.049977,0.000776,0.057384,0.001493,5.622482,5.486858,5.663661,5.59445,5.860998,5.868572,6.016205,5.553157,5.65144,5.573828,0,0,0,0,0,0
2025/04/06 15:37:00.917,n,6.731152,5.357021,0.048718,0.00142,0.060991,0.004328,5.615055,5.479481,5.647491,5.606166,5.850695,5.87132,6.016205,5.554686,5.645899,5.57235,0,0,0,0,0,0
2025/04/06 15:38:00.918,n,6.6376,6.197298,0.04132,0.001364,0.04906,0.001614,5.610619,5.476555,5.643023,5.597358,5.840391,5.868572,6.027338,5.556148,5.65703,5.563525,0,0,0,0,0,0
2025/04/06 15:39:00.918,n,6.637532,6.701086,0.044603,0.001482,0.054998,0.002653,5.646175,5.523875,5.680024,5.634377,5.874439,5.827699,5.975201,5.58574,5.605028,5.607872,0,0,0,0,0,0
2025/04/06 15:40:00.920,n,6.625813,5.426141,0.039515,0.001624,0.045972,0.002437,5.632881,5.513572,5.675653,5.634377,5.868572,5.836052,5.986463,5.584277,5.610619,5.604882,0,0,0,0,0,0
2025/04/06 15:41:00.924,n,6.637532,6.439386,0.042739,0.002876,0.048764,0.003933,5.634377,5.519439,5.683016,5.634377,5.868572,5.830446,5.977963,5.596074,5.613413,5.612244,0,0,0,0,0,0
2025/04/06 15:42:00.925,n,6.685971,6.334783,0.041709,0.000403,0.051538,0.001232,5.627015,5.513572,5.677148,5.624042,5.868572,5.83329,5.986463,5.596074,5.613413,5.616712,0,0,0,0,0,0
2025/04/06 15:43:00.926,n,6.772785,6.283386,0.045686,0.001355,0.055051,0.004088,5.625505,5.515034,5.678546,5.628478,5.871481,5.830446,5.983684,5.600543,5.618906,5.609335,0,0,0,0,0,0
2025/04/06 15:44:00.927,n,6.91214,5.84367,0.046893,0.001083,0.066632,0.00437,5.629941,5.506211,5.683016,5.622579,5.867109,5.83329,5.986463,5.600543,5.613413,5.612244,0,0,0,0,0,0
2025/04/06 15:45:00.931,n,6.972443,5.898785,0.034766,0.004849,0.035617,0.011921,5.610814,5.489945,5.67268,5.616712,5.855278,5.838832,6.00031,5.600543,5.621653,5.613772,0,0,0,0,0,0
2025/04/06 15:46:00.919,n,6.950665,6.073797,0.03031,0.001542,0.028694,0.002899,5.603404,5.503206,5.659452,5.628478,5.843511,5.83329,5.98921,5.594611,5.627291,5.600543,0,0,0,0,0,0
2025/04/06 15:47:00.923,n,6.789486,6.208422,0.026931,0.000916,0.026026,0.000892,5.591671,5.50028,5.649116,5.621116,5.83914,5.841578,6.005837,5.594611,5.635564,5.600543,0,0,0,0,0,0
2025/04/06 15:48:00.926,n,6.68758,6.433563,0.02832,0.000748,0.033628,0.002292,5.588713,5.492935,5.652074,5.616712,5.850874,5.844422,5.997564,5.591671,5.627291,5.606409,0,0,0,0,0,0
2025/04/06 15:49:00.926,n,6.582405,5.552282,0.027191,0.002471,0.031609,0.008636,5.588713,5.491472,5.650546,5.616712,5.846437,5.844422,6.003089,5.597538,5.630038,5.600543,0,0,0,0,0,0
2025/04/06 15:50:00.929,n,6.48719,6.033258,0.025218,0.001232,0.027451,0.002611,5.584277,5.481105,5.649116,5.610814,5.840571,5.844422,6.003089,5.594611,5.632817,5.612244,0,0,0,0,0,0
2025/04/06 15:51:00.926,n,6.435334,6.262029,0.026316,0.001666,0.028054,0.004938,5.582814,5.485573,5.650546,5.618175,5.834671,5.847201,5.997564,5.599065,5.635564,5.601941,0,0,0,0,0,0
2025/04/06 15:52:00.928,n,6.378548,6.157959,0.038761,0.003884,0.057698,0.010518,5.584277,5.484046,5.659452,5.613772,5.834671,5.847201,6.003089,5.601941,5.635564,5.610814,0,0,0,0,0,0
2025/04/06 15:53:00.932,n,6.426983,5.988116,0.041162,0.000977,0.093486,0.014988,5.57841,5.47667,5.649116,5.613772,5.836134,5.847201,6.008631,5.600543,5.635564,5.609335,0,0,0,0,0,0
2025/04/06 15:54:00.932,n,6.542267,5.465435,0.046444,0.00237,0.103244,0.005992,5.572511,5.466399,5.644712,5.610814,5.830267,5.85271,6.005837,5.601941,5.638325,5.612244,0,0,0,0,0,0
2025/04/06 15:55:00.921,n,6.665901,5.964221,0.050046,0.003164,0.118583,0.017126,5.565102,5.485573,5.641707,5.619638,5.821442,5.849963,6.008631,5.596074,5.638325,5.599065,0,0,0,0,0,0
2025/04/06 15:56:00.921,n,6.739388,5.232763,0.044205,0.002786,0.052036,0.02322,5.559203,5.481105,5.634377,5.609335,5.809661,5.849963,6.005837,5.591671,5.638325,5.600543,0,0,0,0,0,0
2025/04/06 15:57:00.924,n,6.811215,5.89732,0.047655,0.001247,0.044654,0.000851,5.5548,5.473744,5.629941,5.606409,5.811139,5.858237,6.008631,5.588713,5.641169,5.594611,0,0,0,0,0,0
2025/04/06 15:58:00.925,n,6.857891,6.097772,0.051862,0.001379,0.043286,0.000529,5.5548,5.47228,5.632881,5.609335,5.811139,5.855458,6.011443,5.596074,5.638325,5.600543,0,0,0,0,0,0
2025/04/06 15:59:00.928,n,6.882942,5.904327,0.049748,0.000899,0.047172,0.0015,5.5548,5.478197,5.634377,5.604882,5.809661,5.861048,6.014222,5.600543,5.641169,5.603404,0,0,0,0,0,0
2025/04/06 16:00:00.931,n,6.834553,5.952679,0.0504,0.000946,0.052964,0.00273,5.540044,5.466399,5.622579,5.596074,5.809661,5.861048,6.019813,5.599065,5.644013,5.594611,0,0,0,0,0,0
2025/04/06 16:01:00.929,n,6.802864,6.08789,0.045305,0.004187,0.043686,0.010499,5.550411,5.475207,5.629941,5.618175,5.814064,5.83329,5.98921,5.607872,5.621653,5.616712,0,0,0,0,0,0
2025/04/06 16:02:00.927,n,6.857891,6.086437,0.038621,0.001856,0.043276,0.000611,5.547405,5.47228,5.634377,5.604882,5.802266,5.844422,6.003089,5.604882,5.630038,5.610814,0,0,0,0,0,0
2025/04/06 16:03:00.928,n,6.812824,6.145617,0.037079,0.001678,0.040364,0.002778,5.537103,5.464904,5.631418,5.604882,5.809661,5.841578,5.997564,5.609335,5.635564,5.603404,0,0,0,0,0,0
2025/04/06 16:04:00.916,n,6.675961,6.18117,0.044339,0.003563,0.055221,0.006807,5.53421,5.482568,5.622579,5.606409,5.793426,5.855458,6.00031,5.606409,5.632817,5.587203,0,0,0,0,0,0
2025/04/06 16:05:00.919,n,6.614144,6.123358,0.046388,0.001259,0.049918,0.002342,5.528278,5.466399,5.613772,5.610814,5.791994,5.849963,6.005837,5.603404,5.644013,5.584277,0,0,0,0,0,0
2025/04/06 16:06:00.921,n,6.685971,6.194799,0.053601,0.002572,0.054897,0.003319,5.517912,5.4605,5.601941,5.606409,5.799357,5.858237,6.005837,5.581335,5.649539,5.619638,0,0,0,0,0,0
2025/04/06 16:07:00.919,n,6.784504,6.151794,0.057653,0.001543,0.067276,0.005076,5.52238,5.461946,5.612244,5.594611,5.7846,5.861048,6.014222,5.588713,5.655129,5.579872,0,0,0,0,0,0
2025/04/06 16:08:00.923,n,6.872982,6.112835,0.055326,0.00167,0.063795,0.002913,5.512044,5.447208,5.603404,5.590176,5.786063,5.861048,6.008631,5.600543,5.649539,5.587203,0,0,0,0,0,0
2025/04/06 16:09:00.927,n,6.91214,5.745654,0.050431,0.002411,0.050683,0.004677,5.509104,5.450198,5.601941,5.587203,5.777255,5.855458,6.008631,5.601941,5.652285,5.597538,0,0,0,0,0,0
2025/04/06 16:10:00.927,n,6.894661,6.333813,0.051574,0.002606,0.048136,0.002036,5.512044,5.444267,5.594611,5.582814,5.774297,5.866687,6.008631,5.600543,5.644013,5.588713,0,0,0,0,0,0
2025/04/06 16:11:00.931,n,6.875607,5.172594,0.047778,0.003968,0.046612,0.001196,5.536891,5.467601,5.628234,5.606134,5.799145,5.797926,5.948336,5.632671,5.589168,5.617964,0,0,0,0,0,0
2025/04/06 16:12:00.930,n,6.900654,5.813469,0.041961,0.001549,0.04452,0.000746,5.526557,5.454325,5.62089,5.606134,5.799145,5.797926,5.951083,5.631192,5.594759,5.60906,0,0,0,0,0,0
2025/04/06 16:13:00.919,n,6.964863,6.28897,0.03816,0.001352,0.036967,0.002679,5.516237,5.466155,5.607597,5.607597,5.787315,5.800705,5.951083,5.62089,5.594759,5.594368,0,0,0,0,0,0
2025/04/06 16:14:00.984,n,6.946453,4.607555,0.031986,0.003385,0.027451,0.002953,5.522103,5.461703,5.625293,5.607597,5.774086,5.806214,5.956624,5.629697,5.594759,5.604671,0,0,0,0,0,0
2025/04/06 16:15:00.923,n,6.893917,6.032372,0.03085,0.002157,0.029322,0.002194,5.507397,5.45873,5.60906,5.606134,5.778489,5.806214,5.948336,5.62089,5.594759,5.610602,0,0,0,0,0,0
2025/04/06 16:16:00.925,n,6.885567,6.509233,0.034196,0.002965,0.030858,0.000793,5.505935,5.4514,5.60173,5.598789,5.781448,5.800705,5.953845,5.614974,5.592012,5.604671,0,0,0,0,0,0
2025/04/06 16:17:00.927,n,6.900654,5.640789,0.034522,0.004101,0.030906,0.00111,5.513296,5.457267,5.607597,5.600267,5.788778,5.803452,5.953845,5.623766,5.597538,5.604671,0,0,0,0,0,0
2025/04/06 16:18:00.929,n,6.902264,8.580706,0.045846,0.003541,0.027962,0.001158,5.502994,5.455803,5.604671,5.59289,5.782911,5.797926,5.953845,5.631192,5.600299,5.619427,0,0,0,0,0,0
2025/04/06 16:19:00.932,n,6.991719,5.722106,0.030637,0.004029,0.029467,0.000646,5.502994,5.446996,5.60906,5.60173,5.784389,5.800705,5.953845,5.628234,5.597538,5.62089,0,0,0,0,0,0
2025/04/06 16:20:00.933,n,7.047039,7.193901,0.038119,0.006733,0.030364,0.001144,5.52069,5.474995,5.626771,5.588469,5.769649,5.803452,5.951083,5.629697,5.603046,5.588469,0,0,0,0,0,0
2025/04/06 16:21:00.934,n,7.028633,6.654766,0.029188,0.003775,0.030965,0.001636,5.502994,5.435167,5.606134,5.591427,5.769649,5.806214,5.951083,5.622368,5.603046,5.614974,0,0,0,0,0,0
2025/04/06 16:22:00.922,n,6.973309,6.638536,0.028273,0.001881,0.026702,0.001765,5.491228,5.463197,5.603225,5.597294,5.766708,5.811838,5.939965,5.632671,5.603046,5.600267,0,0,0,0,0,0
2025/04/06 16:23:00.923,n,6.892304,5.56516,0.026185,0.000915,0.028521,0.002028,5.488223,5.449922,5.600267,5.588469,5.75348,5.808995,5.951083,5.614974,5.605923,5.594368,0,0,0,0,0,0
2025/04/06 16:24:00.924,n,6.880585,6.905437,0.025919,0.001069,0.025978,0.001462,5.489701,5.441066,5.59289,5.59289,5.759346,5.811838,5.945459,5.617964,5.608668,5.600267,0,0,0,0,0,0
2025/04/06 16:25:00.927,n,6.862225,6.619085,0.027154,0.000416,0.02535,0.001199,5.489701,5.438157,5.591427,5.588469,5.751984,5.808995,5.948336,5.625293,5.603046,5.603225,0,0,0,0,0,0
2025/04/06 16:26:00.929,n,6.840546,6.585137,0.028928,0.001185,0.026101,0.000518,5.48676,5.438157,5.597294,5.588469,5.757883,5.803452,5.939965,5.626771,5.600299,5.604671,0,0,0,0,0,0
2025/04/06 16:27:00.929,n,6.790497,5.881432,0.029671,0.00032,0.025156,0.000682,5.477936,5.430763,5.58106,5.58106,5.746053,5.811838,5.948336,5.614974,5.605923,5.607597,0,0,0,0,0,0
2025/04/06 16:28:00.933,n,6.780392,6.436064,0.028107,0.000738,0.023081,0.001078,5.48676,5.438157,5.589932,5.589932,5.746053,5.817331,5.939965,5.619427,5.603046,5.607597,0,0,0,0,0,0
2025/04/06 16:29:00.921,n,6.820526,6.349718,0.025556,0.000886,0.022214,0.000729,5.469064,5.442528,5.575226,5.59289,5.731345,5.808995,5.939965,5.619427,5.594759,5.59289,0,0,0,0,0,0
2025/04/06 16:30:00.936,n,6.835518,6.514391,0.025379,0.000559,0.020947,0.000533,5.483852,5.420428,5.585528,5.579597,5.729882,5.806214,5.937089,5.628234,5.603046,5.60906,0,0,0,0,0,0
2025/04/06 16:31:00.917,n,6.79377,5.897081,0.02487,0.000539,0.021939,0.001742,5.491228,5.460224,5.588469,5.612065,5.741713,5.778328,5.909331,5.640065,5.572415,5.607597,0,0,0,0,0,0
2025/04/06 16:32:00.919,n,6.748699,6.519396,0.024137,0.000287,0.022117,0.000484,5.482325,5.444023,5.586958,5.603225,5.741713,5.778328,5.920449,5.632671,5.572415,5.607597,0,0,0,0,0,0
2025/04/06 16:33:00.921,n,6.740353,6.588842,0.024101,0.000786,0.021702,0.000393,5.476458,5.442528,5.582587,5.600267,5.737245,5.792336,5.920449,5.632671,5.578037,5.606134,0,0,0,0,0,0
2025/04/06 16:34:00.925,n,6.76379,6.202337,0.019791,0.001386,0.017886,0.001183,5.472054,5.432226,5.579597,5.59289,5.726942,5.792336,5.92321,5.632671,5.589168,5.598789,0,0,0,0,0,0
2025/04/06 16:35:00.923,n,6.808808,6.260497,0.022008,0.002378,0.019204,0.001582,5.472054,5.436694,5.575226,5.579597,5.716639,5.795083,5.920449,5.625293,5.589168,5.60173,0,0,0,0,0,0
2025/04/06 16:36:00.925,n,6.785469,6.621819,0.025659,0.000898,0.020376,0.000313,5.464692,5.426328,5.573731,5.575226,5.712202,5.797926,5.925957,5.62089,5.594759,5.597294,0,0,0,0,0,0
2025/04/06 16:37:00.927,n,6.750363,6.623583,0.027165,0.001865,0.02084,0.001467,5.45873,5.417503,5.576656,5.573731,5.712202,5.797926,5.931483,5.622368,5.597538,5.60173,0,0,0,0,0,0
2025/04/06 16:38:00.931,n,6.73869,5.997625,0.022997,0.00338,0.022004,0.002089,5.464692,5.411572,5.566368,5.570757,5.706336,5.800705,5.925957,5.626771,5.600299,5.606134,0,0,0,0,0,0
2025/04/06 16:39:00.933,n,6.681954,6.252239,0.025789,0.001253,0.02209,0.001386,5.463197,5.415975,5.579597,5.576656,5.707749,5.800705,5.925957,5.634134,5.600299,5.604671,0,0,0,0,0,0
2025/04/06 16:40:00.922,n,6.650166,6.052001,0.027123,0.001636,0.021837,0.001335,5.444023,5.427823,5.564858,5.573731,5.690101,5.800705,5.925957,5.60906,5.603046,5.597294,0,0,0,0,0,0
2025/04/06 16:41:00.922,n,6.618477,6.110332,0.025794,0.000946,0.020376,0.00118,5.449922,5.420428,5.560455,5.576656,5.693042,5.795083,5.92321,5.623766,5.597538,5.597294,0,0,0,0,0,0
2025/04/06 16:42:00.926,n,6.653534,6.203954,0.025078,0.000944,0.020791,0.000841,5.444023,5.420428,5.564858,5.573731,5.681276,5.797926,5.925957,5.619427,5.600299,5.597294,0,0,0,0,0,0
2025/04/06 16:43:00.927,n,6.605049,6.394726,0.024641,0.000276,0.020192,0.000246,5.436694,5.411572,5.556066,5.566368,5.679798,5.797926,5.917587,5.619427,5.597538,5.595831,0,0,0,0,0,0
2025/04/06 16:44:00.926,n,6.615109,6.439458,0.025987,0.000797,0.020958,0.000387,5.433704,5.407169,5.556066,5.561933,5.675378,5.800705,5.917587,5.623766,5.600299,5.594368,0,0,0,0,0,0
2025/04/06 16:45:00.930,n,6.6134,6.068218,0.02096,0.002356,0.018913,0.001026,5.429301,5.410159,5.560455,5.560455,5.669495,5.800705,5.925957,5.617964,5.603046,5.600267,0,0,0,0,0,0
2025/04/06 16:46:00.930,n,6.636837,6.206548,0.0217,0.000738,0.021158,0.000901,5.444023,5.404228,5.557529,5.553125,5.669495,5.795083,5.925957,5.62089,5.603046,5.600267,0,0,0,0,0,0
2025/04/06 16:47:00.933,n,6.596699,6.20039,0.026284,0.002279,0.021616,0.000305,5.436694,5.402701,5.547226,5.560455,5.669495,5.795083,5.945459,5.622368,5.600299,5.606134,0,0,0,0,0,0
2025/04/06 16:48:00.934,n,6.576729,6.593187,0.028273,0.001144,0.02139,0.000155,5.438157,5.398329,5.551597,5.560455,5.659192,5.795083,5.925957,5.616436,5.605923,5.594368,0,0,0,0,0,0
2025/04/06 16:49:00.908,n,6.573361,6.509874,0.030902,0.000938,0.02147,0.000279,5.426328,5.402701,5.541296,5.567831,5.647362,5.806214,5.92321,5.62089,5.603046,5.585528,0,0,0,0,0,0
2025/04/06 16:50:00.909,n,6.578339,6.493254,0.030559,0.001833,0.022074,0.000539,5.424864,5.402701,5.535428,5.561933,5.634134,5.800705,5.917587,5.617964,5.600299,5.586958,0,0,0,0,0,0
2025/04/06 16:51:00.911,n,6.581707,6.688793,0.0343,0.001157,0.021659,0.000464,5.427823,5.410159,5.535428,5.572234,5.648905,5.789574,5.914825,5.612065,5.611415,5.576656,0,0,0,0,0,0
2025/04/06 16:52:00.914,n,6.543282,6.252886,0.038191,0.001494,0.021589,0.000146,5.408632,5.398329,5.52069,5.564858,5.638569,5.800705,5.931483,5.607597,5.619703,5.575226,0,0,0,0,0,0
2025/04/06 16:53:00.916,n,6.519894,6.599785,0.037291,0.001126,0.021271,0.000241,5.411572,5.405691,5.522103,5.567831,5.641496,5.803452,5.920449,5.606134,5.605923,5.584065,0,0,0,0,0,0
2025/04/06 16:54:00.918,n,6.541573,7.184179,0.037171,0.000989,0.020899,0.000281,5.396867,5.399792,5.52069,5.557529,5.634134,5.808995,5.914825,5.60173,5.611415,5.570757,0,0,0,0,0,0
2025/04/06 16:55:00.922,n,6.494843,5.733684,0.033172,0.002399,0.020284,0.0004,5.398329,5.398329,5.513296,5.553125,5.634134,5.803452,5.917587,5.604671,5.614177,5.572234,0,0,0,0,0,0
2025/04/06 16:56:00.922,n,6.466427,6.147484,0.034542,0.00134,0.019868,0.000234,5.395339,5.393861,5.519227,5.547226,5.625293,5.811838,5.925957,5.598789,5.625293,5.576656,0,0,0,0,0,0
2025/04/06 16:57:00.923,n,6.471405,7.851665,0.035653,0.006423,0.020365,0.001298,5.395339,5.38507,5.528067,5.563395,5.651798,5.800705,5.914825,5.604671,5.622546,5.588469,0,0,0,0,0,0
2025/04/06 16:58:00.910,n,6.424629,7.859862,0.041925,0.007338,0.020645,0.001352,5.405691,5.393861,5.50886,5.553125,5.622368,5.792336,5.909331,5.60906,5.614177,5.579597,0,0,0,0,0,0
2025/04/06 16:59:00.913,n,6.427998,5.096233,0.037984,0.002377,0.022322,0.000667,5.398329,5.390969,5.516237,5.554588,5.613528,5.803452,5.917587,5.607597,5.622546,5.576656,0,0,0,0,0,0
2025/04/06 17:00:00.914,n,6.412911,6.859459,0.037596,0.001753,0.02564,0.000788,5.386533,5.38507,5.498557,5.551597,5.603225,5.806214,5.917587,5.597294,5.622546,5.569294,0,0,0,0,0,0
2025/04/06 17:01:00.917,n,6.465527,6.393982,0.026379,0.002138,0.022688,0.00167,5.432437,5.436841,5.55774,5.593117,5.657941,5.726275,5.840424,5.652042,5.545276,5.618143,0,0,0,0,0,0
2025/04/06 17:02:00.921,n,6.410305,6.685333,0.024824,0.001662,0.023038,0.001238,5.430975,5.438319,5.551841,5.593117,5.656478,5.734548,5.84317,5.647639,5.553645,5.618143,0,0,0,0,0,0
2025/04/06 17:03:00.921,n,6.375244,6.396398,0.02641,0.002064,0.02469,0.001745,5.425076,5.425076,5.547373,5.588681,5.655015,5.731801,5.848697,5.64611,5.553645,5.622579,0,0,0,0,0,0
2025/04/06 17:04:00.924,n,6.333447,6.675543,0.02458,0.000601,0.022387,0.000983,5.417683,5.417683,5.550378,5.57841,5.650579,5.745679,5.851541,5.640309,5.564858,5.616712,0,0,0,0,0,0
2025/04/06 17:05:00.928,n,6.346779,6.460357,0.022352,0.000571,0.022107,0.00062,5.422136,5.419146,5.54591,5.571034,5.649116,5.745679,5.854335,5.637318,5.5704,5.62557,0,0,0,0,0,0
2025/04/06 17:06:00.926,n,6.338429,6.592126,0.020804,0.000532,0.020247,0.001112,5.416237,5.408843,5.54591,5.565085,5.647639,5.742933,5.859828,5.638781,5.567652,5.613739,0,0,0,0,0,0
2025/04/06 17:07:00.915,n,6.331787,6.838189,0.020031,0.0006,0.019313,0.001344,5.408843,5.413246,5.528278,5.575404,5.63584,5.748458,5.857082,5.631418,5.5704,5.603404,0,0,0,0,0,0
2025/04/06 17:08:00.914,n,6.351856,6.743554,0.01918,0.000263,0.017271,0.000294,5.405917,5.408843,5.528278,5.573942,5.624042,5.756893,5.857082,5.624042,5.573146,5.600478,0,0,0,0,0,0
2025/04/06 17:09:00.918,n,6.366848,6.88645,0.019195,0.000211,0.016619,0.000171,5.39261,5.408843,5.517912,5.563607,5.616712,5.756893,5.862575,5.62557,5.584277,5.596042,0,0,0,0,0,0
2025/04/06 17:10:00.920,n,6.376904,6.780224,0.018678,0.000204,0.016797,8.66838e-05,5.39261,5.397078,5.510582,5.5548,5.606409,5.756893,5.862575,5.613739,5.589803,5.603404,0,0,0,0,0,0
2025/04/06 17:11:00.924,n,6.348488,6.970605,0.019572,0.000343,0.017492,0.00027,5.394088,5.397078,5.515034,5.556278,5.612277,5.759655,5.862575,5.628446,5.587056,5.600478,0,0,0,0,0,0
2025/04/06 17:12:00.925,n,6.30835,6.941992,0.019582,0.000274,0.018178,0.000256,5.389684,5.388207,5.52238,5.551841,5.606409,5.756893,5.857082,5.622579,5.587056,5.604946,0,0,0,0,0,0
2025/04/06 17:13:00.924,n,6.310009,7.111621,0.01907,0.000254,0.017282,0.000192,5.389684,5.388207,5.519374,5.550378,5.600478,5.754146,5.865452,5.622579,5.589803,5.601941,0,0,0,0,0,0
2025/04/06 17:14:00.930,n,6.31509,7.104913,0.017988,0.000353,0.016549,0.000187,5.386744,5.386744,5.512044,5.547373,5.59757,5.762434,5.868214,5.624042,5.592647,5.600478,0,0,0,0,0,0
2025/04/06 17:15:00.934,n,6.298291,7.146606,0.016921,0.000357,0.015464,0.00032,5.389684,5.379382,5.513572,5.53564,5.590143,5.756893,5.865452,5.624042,5.589803,5.606409,0,0,0,0,0,0
2025/04/06 17:16:00.920,n,6.269875,7.231732,0.016123,0.000234,0.014989,0.000133,5.380845,5.39261,5.495876,5.544448,5.579872,5.759655,5.862575,5.616712,5.595409,5.59757,0,0,0,0,0,0
2025/04/06 17:17:00.921,n,6.279934,7.436737,0.015955,0.000129,0.015027,9.845924e-05,5.373419,5.382291,5.497339,5.540044,5.579872,5.770787,5.859828,5.606409,5.595409,5.58574,0,0,0,0,0,0
2025/04/06 17:18:00.921,n,6.278225,7.776977,0.015856,5.57805e-05,0.01453,0.000119,5.369015,5.376409,5.495876,5.540044,5.576932,5.759655,5.859828,5.609286,5.592647,5.594579,0,0,0,0,0,0
2025/04/06 17:19:00.923,n,6.239746,7.802075,0.015559,0.000108,0.01406,0.000144,5.371956,5.376409,5.504668,5.53421,5.569538,5.762434,5.859828,5.604946,5.592647,5.584277,0,0,0,0,0,0
2025/04/06 17:20:00.925,n,6.196289,7.998278,0.015559,7.545706e-05,0.014173,0.000136,5.369015,5.374914,5.497339,5.526751,5.575404,5.754146,5.854335,5.613739,5.589803,5.599016,0,0,0,0,0,0
2025/04/06 17:21:00.927,n,6.206349,8.171612,0.015987,0.000151,0.014503,0.000128,5.366089,5.373419,5.504668,5.528278,5.572479,5.759655,5.859828,5.613739,5.592647,5.594579,0,0,0,0,0,0
2025/04/06 17:22:00.931,n,6.139454,8.353692,0.017265,0.000416,0.015119,0.000207,5.364611,5.367552,5.50028,5.528278,5.565085,5.762434,5.862575,5.609286,5.589803,5.58574,0,0,0,0,0,0
2025/04/06 17:23:00.932,n,6.105957,8.563928,0.018213,0.000254,0.015545,0.000123,5.373419,5.366089,5.495876,5.528278,5.560681,5.748458,5.851541,5.619638,5.589803,5.593117,0,0,0,0,0,0
2025/04/06 17:24:00.933,n,6.09092,8.654694,0.018458,0.000139,0.015712,0.000193,5.367552,5.361686,5.491408,5.516498,5.559203,5.762434,5.857082,5.616712,5.598252,5.588681,0,0,0,0,0,0
2025/04/06 17:25:00.922,n,6.050781,8.832166,0.018871,0.000278,0.01561,0.000164,5.345453,5.361686,5.481073,5.525305,5.556278,5.762434,5.859828,5.59757,5.601031,5.57841,0,0,0,0,0,0
2025/04/06 17:26:00.922,n,6.018948,8.913116,0.020198,0.000445,0.016252,0.000253,5.343975,5.361686,5.473744,5.517912,5.54591,5.768025,5.857082,5.600478,5.601031,5.572479,0,0,0,0,0,0
2025/04/06 17:27:00.926,n,6.005615,8.815826,0.020637,0.000136,0.017001,0.000317,5.345453,5.355755,5.478147,5.516498,5.544448,5.759655,5.857082,5.601941,5.598252,5.581286,0,0,0,0,0,0
2025/04/06 17:28:00.928,n,5.998879,9.079052,0.020282,0.000217,0.017346,0.00012,5.343975,5.35426,5.47961,5.515034,5.54591,5.762434,5.859828,5.594579,5.606622,5.581286,0,0,0,0,0,0
2025/04/06 17:29:00.930,n,5.97041,9.121362,0.018992,0.000502,0.016689,0.000195,5.342512,5.343975,5.473744,5.510582,5.532682,5.762434,5.848697,5.600478,5.606622,5.579872,0,0,0,0,0,0
2025/04/06 17:30:00.931,n,6.009499,9.239864,0.017972,0.000369,0.01561,0.000353,5.367764,5.370754,5.50049,5.538824,5.557952,5.73666,5.825781,5.630184,5.572479,5.618387,0,0,0,0,0,0
2025/04/06 17:31:00.932,n,6.00613,9.263924,0.017857,9.855132e-05,0.015594,8.417068e-05,5.391359,5.395827,5.51666,5.555026,5.574186,5.70887,5.798023,5.647865,5.544594,5.625732,0,0,0,0,0,0
2025/04/06 17:32:00.932,n,6.012867,9.381844,0.01815,0.000172,0.016253,0.000245,5.383997,5.382502,5.50782,5.552053,5.560892,5.711714,5.806264,5.644924,5.561348,5.61985,0,0,0,0,0,0
2025/04/06 17:33:00.931,n,5.986061,9.231068,0.018171,0.000153,0.015772,0.000229,5.378099,5.378099,5.50049,5.54765,5.556489,5.714494,5.811903,5.633126,5.561348,5.611025,0,0,0,0,0,0
2025/04/06 17:34:00.922,n,5.97102,9.361464,0.018045,0.000211,0.015238,0.000217,5.364806,5.381024,5.498996,5.541782,5.556489,5.728372,5.806264,5.622855,5.569718,5.602185,0,0,0,0,0,0
2025/04/06 17:35:00.923,n,5.917408,9.38246,0.017716,0.000179,0.015081,0.00014,5.347096,5.37363,5.487215,5.531448,5.544723,5.731135,5.814649,5.622855,5.569718,5.605158,0,0,0,0,0,0
2025/04/06 17:36:00.925,n,5.902371,9.313978,0.018056,0.000315,0.015988,0.000324,5.351564,5.370754,5.482762,5.535819,5.538824,5.728372,5.820175,5.616891,5.572479,5.600722,0,0,0,0,0,0
2025/04/06 17:37:00.926,n,5.867214,9.497798,0.017312,0.000151,0.014611,0.000236,5.354472,5.358925,5.487215,5.531448,5.540287,5.733881,5.817428,5.621361,5.572479,5.602185,0,0,0,0,0,0
2025/04/06 17:38:00.929,n,5.852173,9.511482,0.016587,0.00026,0.014298,0.000242,5.350069,5.358925,5.482762,5.524054,5.531448,5.731135,5.814649,5.616891,5.578101,5.603663,0,0,0,0,0,0
2025/04/06 17:39:00.930,n,5.850464,9.515632,0.016165,0.000168,0.014152,0.000162,5.348606,5.355935,5.485752,5.526994,5.534356,5.733881,5.811903,5.625732,5.583627,5.599195,0,0,0,0,0,0
2025/04/06 17:40:00.934,n,5.805249,9.72936,0.016144,8.765508e-05,0.01453,0.000122,5.344169,5.347096,5.470965,5.522591,5.51965,5.733881,5.817428,5.61985,5.580848,5.596287,0,0,0,0,0,0
2025/04/06 17:41:00.935,n,5.808621,9.844564,0.016394,9.28156e-05,0.014671,0.000108,5.344169,5.348606,5.478391,5.525516,5.524054,5.731135,5.811903,5.622855,5.578101,5.599195,0,0,0,0,0,0
2025/04/06 17:42:00.920,n,5.81028,9.998634,0.016973,0.000186,0.014995,9.143706e-05,5.330878,5.358925,5.465083,5.51965,5.522591,5.725625,5.823019,5.599195,5.586389,5.584488,0,0,0,0,0,0
2025/04/06 17:43:00.905,n,5.775124,10.243764,0.016587,0.000342,0.015216,0.000217,5.330878,5.357397,5.459217,5.521128,5.503416,5.733881,5.817428,5.608084,5.580848,5.580085,0,0,0,0,0,0
2025/04/06 17:44:00.907,n,5.738259,10.22961,0.015366,0.000341,0.014379,0.000258,5.31614,5.357397,5.454764,5.525516,5.497518,5.739504,5.820175,5.603663,5.583627,5.56975,0,0,0,0,0,0
2025/04/06 17:45:00.909,n,5.756665,10.370856,0.014394,0.000298,0.014001,0.000141,5.31614,5.353059,5.444397,5.522591,5.503416,5.739504,5.817428,5.596287,5.589233,5.571195,0,0,0,0,0,0
2025/04/06 17:46:00.911,n,5.72488,10.252742,0.014048,0.000145,0.01319,0.000202,5.314645,5.360403,5.45036,5.524054,5.50782,5.73666,5.820175,5.599195,5.583627,5.580085,0,0,0,0,0,0
2025/04/06 17:47:00.916,n,5.719799,10.446534,0.013395,0.000198,0.012621,0.000219,5.308764,5.345632,5.445925,5.512289,5.498996,5.733881,5.80914,5.586016,5.586389,5.56975,0,0,0,0,0,0
2025/04/06 17:48:00.917,n,5.682984,10.570148,0.013222,4.781186e-05,0.012151,0.000155,5.304343,5.342692,5.432681,5.503416,5.494592,5.73666,5.814649,5.594824,5.589233,5.572723,0,0,0,0,0,0
2025/04/06 17:49:00.919,n,5.631031,10.81681,0.013044,8.777572e-05,0.011896,0.000128,5.308764,5.339734,5.444397,5.503416,5.501954,5.731135,5.820175,5.594824,5.583627,5.57859,0,0,0,0,0,0
2025/04/06 17:50:00.920,n,5.636059,10.767658,0.012845,8.152457e-05,0.011679,6.603244e-05,5.310241,5.339734,5.441521,5.496055,5.494592,5.73666,5.80914,5.586016,5.594824,5.568287,0,0,0,0,0,0
2025/04/06 17:51:00.925,n,5.572388,10.709596,0.012651,9.759554e-05,0.011511,9.672414e-05,5.296934,5.323533,5.434127,5.48866,5.48866,5.742251,5.817428,5.586016,5.597603,5.575648,0,0,0,0,0,0
2025/04/06 17:52:00.911,n,5.582497,10.979794,0.012431,6.416284e-05,0.011186,0.000108,5.2911,5.333868,5.42233,5.498996,5.479821,5.742251,5.823019,5.583026,5.603111,5.557952,0,0,0,0,0,0
2025/04/06 17:53:00.912,n,5.552273,11.267042,0.011719,0.000215,0.010628,0.000174,5.292514,5.339734,5.428228,5.501954,5.475418,5.750635,5.817428,5.572723,5.594824,5.557952,0,0,0,0,0,0
2025/04/06 17:54:00.919,n,5.542214,11.398104,0.011121,0.000189,0.010216,0.000148,5.288111,5.330878,5.425255,5.494592,5.478391,5.739504,5.817428,5.575648,5.600349,5.572723,0,0,0,0,0,0
2025/04/06 17:55:00.915,n,5.468483,11.463734,0.010906,8.351249e-05,0.01002,0.000148,5.282244,5.326474,5.425255,5.494592,5.473923,5.73666,5.817428,5.57859,5.600349,5.556489,0,0,0,0,0,0
2025/04/06 17:56:00.917,n,5.502026,11.585944,0.011,4.507745e-05,0.009977,5.792131e-05,5.288111,5.329399,5.42233,5.491619,5.473923,5.745045,5.820175,5.571195,5.603111,5.560892,0,0,0,0,0,0
2025/04/06 17:57:00.919,n,5.479626,11.563236,0.010728,0.000107,0.009841,7.981913e-05,5.30098,5.339279,5.445502,5.507397,5.498557,5.663173,5.735555,5.597326,5.515767,5.578166,0,0,0,0,0,0
2025/04/06 17:58:00.925,n,5.498036,11.616502,0.010423,0.000137,0.009467,0.000145,5.305383,5.342269,5.448426,5.504489,5.497094,5.663173,5.735555,5.601763,5.515767,5.5944,0,0,0,0,0,0
2025/04/06 17:59:00.924,n,5.464489,11.497532,0.010208,0.000113,0.009032,0.000129,5.299502,5.331903,5.446964,5.495632,5.492691,5.665952,5.730061,5.595831,5.524054,5.592922,0,0,0,0,0,0
2025/04/06 18:00:00.925,n,5.456143,11.626286,0.009626,0.000174,0.008669,0.000105,5.298039,5.327514,5.441098,5.488256,5.482325,5.654821,5.741194,5.589997,5.529644,5.582587,0,0,0,0,0,0
2025/04/06 18:01:00.920,n,5.425965,11.422288,0.009678,5.340576e-05,0.008512,0.000101,5.308309,5.345242,5.44256,5.510388,5.503026,5.632573,5.707717,5.600299,5.496266,5.585593,0,0,0,0,0,0
2025/04/06 18:02:00.921,n,5.414246,11.40109,0.009384,0.000104,0.008246,0.000122,5.299502,5.343732,5.445502,5.501498,5.491196,5.643787,5.710464,5.597326,5.510144,5.588469,0,0,0,0,0,0
2025/04/06 18:03:00.924,n,5.407509,11.742136,0.009095,8.86754e-05,0.007911,0.000106,5.256718,5.293603,5.402733,5.463166,5.44256,5.624204,5.696584,5.561933,5.490644,5.550184,0,0,0,0,0,0
2025/04/06 18:04:00.926,n,5.34042,11.983116,0.008811,6.92019e-05,0.007651,8.52682e-05,5.256718,5.281807,5.395372,5.451432,5.432258,5.640943,5.707717,5.554555,5.499013,5.544286,0,0,0,0,0,0
2025/04/06 18:05:00.929,n,5.315224,12.15192,0.008569,7.804254e-05,0.00744,5.792131e-05,5.249357,5.277354,5.393861,5.455803,5.432258,5.632573,5.704955,5.553092,5.501775,5.539865,0,0,0,0,0,0
2025/04/06 18:06:00.932,n,5.283386,11.989328,0.008233,9.636788e-05,0.007196,8.810668e-05,5.283284,5.317212,5.429268,5.494154,5.463166,5.657665,5.713307,5.586991,5.515767,5.578166,0,0,0,0,0,0
2025/04/06 18:07:00.933,n,5.216297,12.109702,0.00805,7.432655e-05,0.007044,5.255681e-05,5.281807,5.309836,5.426328,5.488256,5.455803,5.663173,5.71893,5.588469,5.515767,5.567864,0,0,0,0,0,0
2025/04/06 18:08:00.919,n,5.223034,12.01622,0.007835,7.821187e-05,0.006838,0.00012,5.27295,5.323111,5.418901,5.48533,5.461735,5.632573,5.713307,5.57672,5.521307,5.567864,0,0,0,0,0,0
2025/04/06 18:09:00.920,n,5.167614,11.70369,0.007547,0.000111,0.006632,0.000101,5.271455,5.312744,5.413035,5.476458,5.455803,5.652042,5.71893,5.575226,5.518528,5.572268,0,0,0,0,0,0
2025/04/06 18:10:00.907,n,5.144177,12.011198,0.007285,7.542199e-05,0.006356,8.656162e-05,5.264079,5.318675,5.407201,5.486793,5.430731,5.652042,5.713307,5.572268,5.546284,5.559024,0,0,0,0,0,0
2025/04/06 18:11:00.910,n,5.134072,11.921654,0.006881,0.000106,0.006068,8.165429e-05,5.262584,5.32017,5.40127,5.488256,5.432258,5.654821,5.721677,5.569326,5.518528,5.559024,0,0,0,0,0,0
2025/04/06 18:12:00.912,n,5.100525,12.099546,0.006383,0.000156,0.005721,0.000115,5.252282,5.306846,5.395372,5.474995,5.423369,5.663173,5.721677,5.559024,5.543522,5.556099,0,0,0,0,0,0
2025/04/06 18:13:00.919,n,5.07201,12.006028,0.005989,0.000113,0.005401,9.717444e-05,5.249357,5.306846,5.395372,5.472022,5.429268,5.660426,5.721677,5.559024,5.518528,5.556099,0,0,0,0,0,0
2025/04/06 18:14:00.915,n,5.033386,12.0689,0.005848,4.501872e-05,0.005249,4.898718e-05,5.240517,5.302443,5.392399,5.467633,5.421891,5.665952,5.730061,5.557562,5.526897,5.557562,0,0,0,0,0,0
2025/04/06 18:15:00.918,n,5.031727,11.587284,0.005622,4.858041e-05,0.005038,6.548929e-05,5.243426,5.295049,5.387995,5.461735,5.421891,5.668714,5.71893,5.55163,5.521307,5.554555,0,0,0,0,0,0
2025/04/06 18:16:00.921,n,4.999844,12.46887,0.005538,3.133038e-05,0.004967,2.959326e-05,5.24198,5.287672,5.390969,5.457331,5.407201,5.674337,5.730061,5.557562,5.529644,5.554555,0,0,0,0,0,0
2025/04/06 18:17:00.921,n,4.930947,12.349076,0.005354,4.719922e-05,0.004913,2.657874e-05,5.247878,5.283284,5.387995,5.455803,5.407201,5.665952,5.727315,5.550184,5.537931,5.544286,0,0,0,0,0,0
2025/04/06 18:18:00.925,n,4.925965,12.035856,0.005386,3.149883e-05,0.005043,5.929816e-05,5.237527,5.27295,5.395372,5.449922,5.408632,5.663173,5.724439,5.557562,5.532406,5.544286,0,0,0,0,0,0
2025/04/06 18:19:00.910,n,4.887295,11.811172,0.005149,6.445084e-05,0.004853,3.811228e-05,5.224286,5.284747,5.373272,5.451432,5.390969,5.671543,5.721677,5.542823,5.549063,5.529562,0,0,0,0,0,0
2025/04/06 18:20:00.913,n,4.89906,11.681552,0.004818,8.800152e-05,0.004446,0.000121,5.221296,5.287672,5.37467,5.448426,5.38949,5.671543,5.727315,5.542823,5.540775,5.536924,0,0,0,0,0,0
2025/04/06 18:21:00.914,n,4.917568,11.6371,0.004592,6.285049e-05,0.004169,9.212174e-05,5.224286,5.281807,5.368804,5.449922,5.3865,5.674337,5.724439,5.538386,5.537931,5.541328,0,0,0,0,0,0
2025/04/06 18:22:00.918,n,4.914196,11.70681,0.004387,6.384245e-05,0.003924,5.980907e-05,5.216827,5.277354,5.370332,5.444023,5.382096,5.674337,5.724439,5.541328,5.546284,5.535396,0,0,0,0,0,0
2025/04/06 18:23:00.920,n,4.910958,11.951962,0.004337,3.814697e-05,0.003883,5.063381e-05,5.247796,5.303856,5.395307,5.47194,5.414465,5.615705,5.663044,5.567766,5.484924,5.569229,0,0,0,0,0,0
2025/04/06 18:24:00.920,n,4.887421,12.005382,0.004153,5.44362e-05,0.003791,2.556391e-05,5.247796,5.296415,5.393811,5.464596,5.407104,5.621296,5.674272,5.5619,5.496055,5.572234,0,0,0,0,0,0
2025/04/06 18:25:00.923,n,4.865597,12.206816,0.003964,6.163905e-05,0.003639,4.711506e-05,5.238925,5.290549,5.395307,5.464596,5.398265,5.610164,5.668682,5.569229,5.484924,5.567766,0,0,0,0,0,0
2025/04/06 18:26:00.927,n,4.838742,12.059848,0.00369,8.512846e-05,0.003432,5.863634e-05,5.246319,5.287623,5.398265,5.461638,5.398265,5.615705,5.665888,5.572234,5.487768,5.564858,0,0,0,0,0,0
2025/04/06 18:27:00.925,n,4.815205,12.287918,0.003485,6.279785e-05,0.003236,5.8172e-05,5.241915,5.287623,5.39677,5.466073,5.392334,5.612911,5.674272,5.572234,5.498899,5.567766,0,0,0,0,0,0
2025/04/06 18:28:00.914,n,4.7967,12.369138,0.003269,6.205616e-05,0.003013,6.150477e-05,5.222726,5.293554,5.376133,5.464596,5.387944,5.615705,5.668682,5.554538,5.496055,5.556001,0,0,0,0,0,0
2025/04/06 18:29:00.920,n,4.795086,12.484476,0.003053,6.834592e-05,0.002779,7.870505e-05,5.222726,5.290549,5.386467,5.457234,5.390871,5.610164,5.674272,5.554538,5.493276,5.55896,0,0,0,0,0,0
2025/04/06 18:30:00.919,n,4.803486,11.981876,0.002895,5.241819e-05,0.002562,6.25604e-05,5.222726,5.281725,5.376133,5.452765,5.380601,5.618549,5.668682,5.554538,5.496055,5.54864,0,0,0,0,0,0
2025/04/06 18:31:00.919,n,4.852169,12.1207,0.002758,6.648026e-05,0.002447,6.063363e-05,5.233027,5.299421,5.383477,5.466073,5.398265,5.585155,5.635288,5.572234,5.462759,5.570757,0,0,0,0,0,0
2025/04/06 18:32:00.918,n,4.813545,12.121432,0.002537,5.857991e-05,0.002224,6.437382e-05,5.216795,5.284683,5.376133,5.461638,5.383477,5.599065,5.649166,5.557497,5.487768,5.563363,0,0,0,0,0,0
2025/04/06 18:33:00.920,n,4.808514,12.236734,0.002348,5.773257e-05,0.002045,5.33531e-05,5.218273,5.286145,5.373175,5.448394,5.373175,5.604671,5.660297,5.5619,5.501645,5.564858,0,0,0,0,0,0
2025/04/06 18:34:00.921,n,4.783322,12.455394,0.002221,3.589577e-05,0.001876,4.93772e-05,5.210864,5.275826,5.371712,5.438075,5.370234,5.607418,5.660297,5.551597,5.493276,5.554538,0,0,0,0,0,0
2025/04/06 18:35:00.924,n,4.759835,12.256572,0.002037,4.943744e-05,0.00174,4.50077e-05,5.216795,5.26845,5.374638,5.443941,5.365781,5.604671,5.663044,5.551597,5.501645,5.554538,0,0,0,0,0,0
2025/04/06 18:36:00.924,n,4.709347,12.545774,0.001895,4.756219e-05,0.001587,4.516175e-05,5.203503,5.26845,5.364303,5.435102,5.356942,5.607418,5.657454,5.55007,5.496055,5.55306,0,0,0,0,0,0
2025/04/06 18:37:00.910,n,4.695965,12.509158,0.001805,3.812095e-05,0.001489,3.64716e-05,5.196159,5.275826,5.356942,5.442528,5.352539,5.615705,5.660297,5.544236,5.493276,5.535364,0,0,0,0,0,0
2025/04/06 18:38:00.916,n,4.717793,12.361064,0.001673,3.677412e-05,0.001402,2.88491e-05,5.190261,5.269928,5.351076,5.442528,5.354001,5.612911,5.663044,5.533901,5.498899,5.54123,0,0,0,0,0,0
2025/04/06 18:39:00.917,n,4.662323,12.338168,0.001536,4.225228e-05,0.001255,3.717662e-05,5.18727,5.256653,5.349549,5.429236,5.349549,5.624172,5.671428,5.533901,5.498899,5.54123,0,0,0,0,0,0
2025/04/06 18:40:00.916,n,4.648896,12.53148,0.00141,4.540277e-05,0.00113,4.363279e-05,5.185809,5.256653,5.351076,5.432162,5.343714,5.615705,5.663044,5.533901,5.510029,5.529465,0,0,0,0,0,0
2025/04/06 18:41:00.922,n,4.633759,12.01749,0.001262,4.365742e-05,0.000983,4.792327e-05,5.182803,5.255158,5.342187,5.424832,5.339247,5.615705,5.663044,5.528003,5.504489,5.536826,0,0,0,0,0,0
2025/04/06 18:42:00.920,n,4.662323,12.095518,0.00112,3.933151e-05,0.000852,4.054569e-05,5.181405,5.246319,5.340709,5.424832,5.339247,5.612911,5.663044,5.529465,5.507268,5.539832,0,0,0,0,0,0
2025/04/06 18:43:00.924,n,4.586689,12.2382,0.001009,3.580813e-05,0.000726,3.757811e-05,5.184331,5.240421,5.342187,5.411507,5.328945,5.612911,5.665888,5.526524,5.510029,5.526524,0,0,0,0,0,0
2025/04/06 18:44:00.924,n,4.558125,12.186558,0.000919,2.893781e-05,0.000656,2.605723e-05,5.178465,5.230086,5.334843,5.410012,5.321551,5.621296,5.665888,5.523534,5.518399,5.533901,0,0,0,0,0,0
2025/04/06 18:45:00.927,n,4.568184,11.985868,0.000851,2.171097e-05,0.000574,2.140414e-05,5.181405,5.231564,5.334843,5.413002,5.317115,5.618549,5.668682,5.526524,5.510029,5.533901,0,0,0,0,0,0
2025/04/06 18:46:00.915,n,4.559784,12.165988,0.000793,2.040142e-05,0.000519,2.129182e-05,5.157747,5.243328,5.318578,5.414465,5.317115,5.618549,5.657454,5.517699,5.507268,5.525061,0,0,0,0,0,0
2025/04/06 18:47:00.915,n,4.546356,12.040672,0.000719,1.959099e-05,0.000454,2.312359e-05,5.150354,5.233027,5.320105,5.401205,5.314175,5.624172,5.665888,5.507365,5.515522,5.523534,0,0,0,0,0,0
2025/04/06 18:48:00.917,n,4.542988,12.118192,0.000661,2.047929e-05,0.000394,1.808098e-05,5.159242,5.23449,5.318578,5.408534,5.303856,5.621296,5.660297,5.501466,5.512776,5.526524,0,0,0,0,0,0
2025/04/06 18:49:00.921,n,4.495919,12.37661,0.000608,1.449459e-05,0.000329,1.757989e-05,5.157747,5.225633,5.320105,5.404164,5.311249,5.618549,5.668682,5.510306,5.518399,5.514694,0,0,0,0,0,0
2025/04/06 18:50:00.924,n,4.507248,12.517576,0.000639,2.174997e-05,0.000383,2.012035e-05,5.197881,5.261332,5.363149,5.435378,5.338077,5.585008,5.632297,5.553369,5.479236,5.563671,0,0,0,0,0,0
2025/04/06 18:51:00.925,n,4.455151,12.739086,0.000592,2.001684e-05,0.000328,1.776208e-05,5.199343,5.258392,5.357186,5.436905,5.333624,5.587755,5.62955,5.547438,5.481998,5.559268,0,0,0,0,0,0
2025/04/06 18:52:00.928,n,4.441674,12.830924,0.000518,1.44639e-05,0.000279,1.735684e-05,5.193414,5.258392,5.354277,5.438368,5.326247,5.585008,5.632297,5.554832,5.484874,5.553369,0,0,0,0,0,0
2025/04/06 18:53:00.929,n,4.413059,13.000858,0.00046,1.59282e-05,0.000225,1.367175e-05,5.194908,5.261332,5.352815,5.43247,5.333624,5.590517,5.62955,5.553369,5.481998,5.554832,0,0,0,0,0,0
2025/04/06 18:54:00.930,n,4.403,12.852762,0.000418,1.565661e-05,0.000179,1.385469e-05,5.187515,5.24804,5.338077,5.433915,5.312956,5.587755,5.632297,5.547438,5.487621,5.55631,0,0,0,0,0,0
2025/04/06 18:55:00.917,n,4.403,12.653812,0.000397,1.200301e-05,0.000141,1.167211e-05,5.166879,5.243605,5.338077,5.422118,5.317391,5.587755,5.626771,5.535672,5.487621,5.544529,0,0,0,0,0,0
2025/04/06 18:56:00.922,n,4.392941,12.894254,0.000375,1.202409e-05,0.000103,1.190786e-05,5.166879,5.249503,5.336582,5.420641,5.312956,5.590517,5.62955,5.5372,5.490368,5.544529,0,0,0,0,0,0
2025/04/06 18:57:00.925,n,4.377758,12.753344,0.000328,1.564241e-05,8.128129e-05,1.138598e-05,5.174288,5.242142,5.329189,5.416187,5.304149,5.593295,5.62955,5.535672,5.487621,5.544529,0,0,0,0,0,0
2025/04/06 18:58:00.925,n,4.413059,13.278764,0.000312,1.314196e-05,5.945595e-05,1.383056e-05,5.158057,5.224432,5.320381,5.414774,5.296723,5.579386,5.621165,5.52238,5.487621,5.528311,0,0,0,0,0,0
2025/04/06 18:59:00.926,n,4.371018,13.289732,0.000301,7.103986e-06,3.777909e-05,7.114878e-06,5.159487,5.22591,5.321795,5.40738,5.286421,5.587755,5.621165,5.523907,5.490368,5.529741,0,0,0,0,0,0
2025/04/06 19:00:00.927,n,4.328976,13.619072,0.000254,1.328781e-05,5.115314e-06,1.188159e-05,5.153588,5.218517,5.314418,5.399954,5.283431,5.590517,5.62955,5.516498,5.498752,5.52537,0,0,0,0,0,0
2025/04/06 19:01:00.922,n,4.379467,13.494534,0.000301,3.523563e-05,4.861752e-05,3.170835e-05,5.160949,5.233336,5.321795,5.410305,5.29526,5.568287,5.598886,5.519504,5.468025,5.546007,0,0,0,0,0,0
2025/04/06 19:02:00.921,n,4.330639,13.500438,0.000281,1.102037e-05,1.595375e-05,9.107884e-06,5.155051,5.227405,5.323257,5.408843,5.289362,5.56554,5.604427,5.518008,5.470868,5.538614,0,0,0,0,0,0
2025/04/06 19:03:00.928,n,4.317211,13.117752,0.000249,1.003909e-05,-1.656155e-05,1.154197e-05,5.14769,5.219979,5.311493,5.401481,5.279027,5.573877,5.623927,5.52238,5.481998,5.531236,0,0,0,0,0,0
2025/04/06 19:04:00.912,n,4.349194,13.38378,0.000233,6.932799e-06,-5.72312e-06,9.849788e-06,5.135894,5.234799,5.308552,5.40738,5.290824,5.576639,5.607173,5.507674,5.479236,5.523907,0,0,0,0,0,0
2025/04/06 19:05:00.915,n,4.337425,13.124394,0.000212,1.191052e-05,-3.274497e-05,8.927272e-06,5.127005,5.221442,5.298218,5.397078,5.277565,5.587755,5.623927,5.500297,5.490368,5.52537,0,0,0,0,0,0
2025/04/06 19:06:00.915,n,4.352562,12.67235,0.000201,8.795382e-06,-5.457031e-05,8.019992e-06,5.127005,5.218517,5.301191,5.388207,5.273129,5.579386,5.610049,5.506178,5.490368,5.51354,0,0,0,0,0,0
2025/04/06 19:07:00.918,n,4.419846,12.155808,0.000196,4.493013e-06,-7.090219e-05,6.860869e-06,5.127005,5.205242,5.293797,5.380845,5.265736,5.582165,5.621165,5.492935,5.498752,5.51354,0,0,0,0,0,0
2025/04/06 19:08:00.923,n,4.416428,12.139782,0.000185,1.089493e-05,-6.006376e-05,6.303532e-06,5.1285,5.202284,5.289362,5.385249,5.264273,5.587755,5.621165,5.49438,5.493147,5.515034,0,0,0,0,0,0
2025/04/06 19:09:00.923,n,4.423214,12.41262,0.000173,7.335181e-06,-7.624717e-05,4.902064e-06,5.1285,5.196387,5.29232,5.383786,5.265736,5.576639,5.61564,5.501775,5.495909,5.51354,0,0,0,0,0,0
2025/04/06 19:10:00.928,n,4.424828,12.111528,0.000167,8.202715e-06,-7.624717e-05,7.102986e-06,5.116721,5.191983,5.284959,5.382307,5.252493,5.587755,5.621165,5.501775,5.495909,5.500297,0,0,0,0,0,0
2025/04/06 19:11:00.926,n,4.423214,12.5294,0.000152,5.218788e-06,-8.70856e-05,6.313183e-06,5.116721,5.191983,5.279027,5.374882,5.2451,5.582165,5.621165,5.500297,5.501498,5.510599,0,0,0,0,0,0
2025/04/06 19:12:00.927,n,4.384495,12.33798,0.000141,6.642546e-06,-9.807252e-05,4.757454e-06,5.119596,5.18459,5.276102,5.373419,5.243605,5.585008,5.621165,5.489977,5.493147,5.507674,0,0,0,0,0,0
2025/04/06 19:13:00.914,n,4.401291,12.191802,0.000136,7.121605e-06,-0.000109,5.899902e-06,5.103365,5.194908,5.276102,5.369015,5.255401,5.590517,5.61564,5.481138,5.498752,5.497339,0,0,0,0,0,0
2025/04/06 19:14:00.916,n,4.432568,12.18022,0.000241,1.153382e-05,-5.641924e-06,6.463709e-06,5.138736,5.22734,5.305562,5.397013,5.281904,5.525159,5.561413,5.523842,5.438889,5.538581,0,0,0,0,0,0
2025/04/06 19:15:00.921,n,4.449414,12.288178,0.00022,7.953064e-06,-2.731879e-05,1.284545e-05,5.135829,5.222888,5.302572,5.397013,5.281904,5.51965,5.550249,5.52087,5.441651,5.53564,0,0,0,0,0,0
2025/04/06 19:16:00.922,n,4.425881,12.379378,0.00022,9.908528e-06,-2.731879e-05,5.40613e-06,5.132839,5.216974,5.304099,5.398491,5.2775,5.527906,5.553028,5.516415,5.441651,5.53564,0,0,0,0,0,0
2025/04/06 19:17:00.922,n,4.383789,12.228956,0.000226,8.081332e-06,-3.815722e-05,5.673233e-06,5.138736,5.211108,5.298201,5.397013,5.271601,5.51965,5.55579,5.514953,5.441651,5.53564,0,0,0,0,0,0
2025/04/06 19:18:00.926,n,4.387207,12.286708,0.00022,5.457178e-06,-3.281224e-05,6.316111e-06,5.137292,5.212586,5.307025,5.401417,5.273064,5.51965,5.553028,5.513507,5.436142,5.53564,0,0,0,0,0,0
2025/04/06 19:19:00.928,n,4.380421,12.48783,0.000204,4.910918e-06,-3.815722e-05,8.13323e-06,5.129898,5.20521,5.293733,5.397013,5.262746,5.51965,5.550249,5.509072,5.438889,5.525305,0,0,0,0,0,0
2025/04/06 19:20:00.929,n,4.360207,12.644062,0.000189,9.616604e-06,-4.365068e-05,7.819534e-06,5.126941,5.202219,5.29076,5.392577,5.258278,5.516774,5.553028,5.516415,5.433363,5.525305,0,0,0,0,0,0
2025/04/06 19:21:00.931,n,4.355225,12.3311,0.000178,9.070738e-06,-5.434064e-05,7.091985e-06,5.123967,5.199278,5.280441,5.388125,5.255369,5.525159,5.553028,5.5047,5.436142,5.517944,0,0,0,0,0,0
2025/04/06 19:22:00.920,n,4.324902,12.51017,0.000194,9.056198e-06,-5.998256e-05,6.372504e-06,5.115145,5.202219,5.289297,5.386662,5.256815,5.530685,5.55579,5.497241,5.447273,5.526783,0,0,0,0,0,0
2025/04/06 19:23:00.919,n,4.313137,12.750624,0.000173,8.374631e-06,-4.899566e-05,5.317371e-06,5.119547,5.199278,5.289297,5.383721,5.255369,5.516774,5.547502,5.497241,5.436142,5.526783,0,0,0,0,0,0
2025/04/06 19:24:00.921,n,4.284523,12.66509,0.000183,7.216393e-06,-6.547602e-05,7.494235e-06,5.116606,5.194859,5.280441,5.383721,5.252411,5.51965,5.553028,5.50171,5.444397,5.519407,0,0,0,0,0,0
2025/04/06 19:25:00.926,n,4.266018,12.934864,0.000189,4.458376e-06,-7.082099e-05,5.505787e-06,5.113634,5.190423,5.2775,5.379285,5.246513,5.527906,5.55579,5.5047,5.447273,5.512044,0,0,0,0,0,0
2025/04/06 19:26:00.928,n,4.222267,12.87173,0.000173,8.030496e-06,-7.082099e-05,5.236797e-06,5.113634,5.191886,5.27451,5.377757,5.23618,5.522412,5.553028,5.500247,5.444397,5.519407,0,0,0,0,0,0
2025/04/06 19:27:00.930,n,4.218945,12.82226,0.000183,5.65505e-06,-5.998256e-05,7.484165e-06,5.121075,5.190423,5.278962,5.388125,5.233207,5.516774,5.544658,5.500247,5.450116,5.517944,0,0,0,0,0,0
2025/04/06 19:28:00.933,n,4.185597,12.903022,0.000152,9.01631e-06,-7.631445e-05,6.463789e-06,5.110741,5.18602,5.276037,5.376294,5.234717,5.51965,5.541879,5.49877,5.438889,5.513507,0,0,0,0,0,0
2025/04/06 19:29:00.933,n,4.177246,13.103224,0.000162,7.234809e-06,-7.631445e-05,5.56379e-06,5.106273,5.188961,5.264208,5.379285,5.230281,5.527906,5.541879,5.491343,5.447273,5.506146,0,0,0,0,0,0
2025/04/06 19:30:00.937,n,4.130276,12.99046,0.000173,9.051918e-06,-7.631445e-05,6.305607e-06,5.106273,5.188961,5.265671,5.386662,5.222888,5.51965,5.544658,5.491343,5.444397,5.509072,0,0,0,0,0,0
2025/04/06 19:31:00.919,n,4.182228,13.056232,0.00022,2.798348e-05,-3.281224e-05,3.853681e-05,5.115145,5.197751,5.286307,5.389652,5.255369,5.497371,5.51965,5.5047,5.419486,5.526783,0,0,0,0,0,0
2025/04/06 19:32:00.921,n,4.123634,13.167768,0.00021,8.360736e-06,-4.899566e-05,6.648742e-06,5.106273,5.190423,5.273064,5.374882,5.237674,5.502896,5.527906,5.49877,5.430552,5.523842,0,0,0,0,0,0
2025/04/06 19:33:00.923,n,4.100147,13.326698,0.000189,6.820454e-06,-4.899566e-05,6.400319e-06,5.109214,5.190423,5.271601,5.376294,5.234717,5.502896,5.525159,5.49877,5.422233,5.519407,0,0,0,0,0,0
2025/04/06 19:34:00.926,n,4.056545,13.401808,0.000173,5.502677e-06,-6.547602e-05,2.868858e-06,5.101837,5.178626,5.264208,5.36895,5.221442,5.508519,5.530685,5.48988,5.436142,5.517944,0,0,0,0,0,0
2025/04/06 19:35:00.928,n,3.997902,13.652668,0.000157,8.436264e-06,-7.631445e-05,6.737099e-06,5.092982,5.168292,5.256815,5.364547,5.216974,5.511281,5.544658,5.481073,5.438889,5.509072,0,0,0,0,0,0
2025/04/06 19:36:00.929,n,3.93916,13.629182,0.000162,8.011974e-06,-8.165943e-05,7.933751e-06,5.088514,5.174158,5.258278,5.366025,5.203682,5.514027,5.536371,5.484013,5.436142,5.49877,0,0,0,0,0,0
2025/04/06 19:37:00.929,n,3.929104,13.65954,0.000162,7.487358e-06,-8.715288e-05,4.286791e-06,5.09152,5.168292,5.249438,5.366025,5.206655,5.511281,5.536371,5.484013,5.436142,5.49877,0,0,0,0,0,0
2025/04/06 19:38:00.931,n,3.912304,13.648232,0.000162,1.128059e-05,-9.249786e-05,5.378668e-06,5.085606,5.171218,5.240582,5.364547,5.193349,5.514027,5.533528,5.473711,5.441651,5.495811,0,0,0,0,0,0
2025/04/06 19:39:00.937,n,3.927441,13.586158,0.000152,8.264535e-06,-9.784284e-05,5.998221e-06,5.079772,5.171218,5.239137,5.364547,5.197751,5.516774,5.527906,5.470721,5.438889,5.50171,0,0,0,0,0,0
2025/04/06 19:40:00.922,n,3.907326,13.709314,0.000131,8.290132e-06,-0.000109,5.058835e-06,5.073907,5.156432,5.239137,5.349825,5.199278,5.51965,5.536371,5.460419,5.447273,5.491343,0,0,0,0,0,0
2025/04/06 19:41:00.924,n,3.88213,13.782936,0.000141,1.080861e-05,-0.000125,9.843318e-06,5.072444,5.155001,5.242045,5.346851,5.193349,5.522412,5.536371,5.457478,5.447273,5.495811,0,0,0,0,0,0
2025/04/06 19:42:00.910,n,3.850292,13.81858,0.00012,7.193801e-06,-0.000114,5.468529e-06,5.062176,5.169755,5.239137,5.34833,5.191886,5.51965,5.533528,5.454488,5.444397,5.487004,0,0,0,0,0,0
2025/04/06 19:43:00.914,n,3.889526,13.86185,0.000225,1.035457e-05,-3.838457e-05,8.932896e-06,5.090106,5.187336,5.261153,5.371794,5.218387,5.454,5.476343,5.473582,5.387232,5.510453,0,0,0,0,0,0
2025/04/06 19:44:00.914,n,3.861061,13.938902,0.000215,6.053374e-06,-3.303959e-05,5.376686e-06,5.076897,5.175572,5.259708,5.365927,5.208021,5.459493,5.484616,5.473582,5.392836,5.511915,0,0,0,0,0,0
2025/04/06 19:45:00.917,n,3.85437,14.206784,0.000231,9.075578e-06,-2.769461e-05,6.859274e-06,5.087166,5.178465,5.264079,5.361524,5.213919,5.459493,5.476343,5.482389,5.387232,5.52082,0,0,0,0,0,0
2025/04/06 19:46:00.919,n,3.852661,14.392692,0.000204,7.792247e-06,-4.387802e-05,5.831557e-06,5.079805,5.172599,5.253727,5.358534,5.205031,5.454,5.473468,5.482389,5.403952,5.511915,0,0,0,0,0,0
2025/04/06 19:47:00.922,n,3.814137,14.413364,0.000199,6.887555e-06,-4.387802e-05,4.230594e-06,5.076897,5.174062,5.249374,5.361524,5.203568,5.465083,5.481837,5.482389,5.392836,5.516351,0,0,0,0,0,0
2025/04/06 19:48:00.922,n,3.802319,14.520616,0.000204,5.695796e-06,-4.387802e-05,3.509181e-06,5.076897,5.168163,5.250851,5.360061,5.191788,5.454,5.473468,5.470623,5.392836,5.513393,0,0,0,0,0,0
2025/04/06 19:49:00.911,n,3.746948,14.71716,0.000183,8.608468e-06,-4.387802e-05,7.114878e-06,5.069569,5.17996,5.247846,5.362937,5.196224,5.451238,5.473468,5.467683,5.392836,5.50899,0,0,0,0,0,0
2025/04/06 19:50:00.911,n,3.790554,14.808806,0.000194,5.77732e-06,-5.471646e-05,5.331989e-06,5.063671,5.169641,5.240485,5.357072,5.193299,5.451238,5.470623,5.472151,5.390042,5.503091,0,0,0,0,0,0
2025/04/06 19:51:00.914,n,3.778881,14.748398,0.000188,7.348027e-06,-4.9223e-05,6.345662e-06,5.060698,5.172599,5.240485,5.355593,5.190326,5.451238,5.465083,5.464757,5.390042,5.507494,0,0,0,0,0,0
2025/04/06 19:52:00.916,n,3.792263,14.65388,0.000188,8.658448e-06,-6.006144e-05,6.471204e-06,5.065132,5.175572,5.244921,5.355593,5.188832,5.454,5.473468,5.469161,5.387232,5.506017,0,0,0,0,0,0
2025/04/06 19:53:00.919,n,3.780495,14.675174,0.000178,6.414785e-06,-6.555489e-05,6.19341e-06,5.05636,5.162232,5.237527,5.345274,5.184395,5.462337,5.473468,5.458794,5.398361,5.498687,0,0,0,0,0,0
2025/04/06 19:54:00.920,n,3.782204,14.75515,0.000178,3.942927e-06,-6.555489e-05,4.300932e-06,5.060698,5.156335,5.240485,5.346705,5.184395,5.456747,5.473468,5.470623,5.392836,5.501613,0,0,0,0,0,0
2025/04/06 19:55:00.921,n,3.777126,14.7356,0.000188,1.217411e-05,-6.555489e-05,5.208567e-06,5.063671,5.154872,5.24198,5.342301,5.18147,5.451238,5.467877,5.46622,5.395582,5.500085,0,0,0,0,0,0
2025/04/06 19:56:00.924,n,3.74363,14.889762,0.000173,3.773839e-06,-8.738024e-05,7.023653e-06,5.0593,5.153409,5.234619,5.340839,5.172599,5.451238,5.467877,5.464757,5.392836,5.498687,0,0,0,0,0,0
2025/04/06 19:57:00.927,n,3.762085,14.747556,0.000183,8.773616e-06,-6.555489e-05,6.078983e-06,5.065132,5.146015,5.231629,5.346705,5.172599,5.454,5.465083,5.464757,5.398361,5.492756,0,0,0,0,0,0
2025/04/06 19:58:00.914,n,3.777126,15.205484,0.000168,8.969766e-06,-8.738024e-05,7.203985e-06,5.038762,5.150469,5.216924,5.33936,5.168163,5.459493,5.470623,5.448524,5.395582,5.489847,0,0,0,0,0,0
2025/04/06 19:59:00.918,n,3.74197,14.716318,0.000178,8.717926e-06,-7.089987e-05,5.373261e-06,5.046059,5.15934,5.218387,5.336403,5.175572,5.456747,5.467877,5.451449,5.398361,5.489847,0,0,0,0,0,0
2025/04/06 20:00:00.916,n,3.753689,15.03118,0.000162,1.124285e-05,-8.188678e-05,6.780751e-06,5.038762,5.144538,5.215397,5.336403,5.169641,5.454,5.470623,5.448524,5.401109,5.494219,0,0,0,0,0,0
2025/04/06 20:01:00.914,n,3.782204,14.764146,0.00022,3.386689e-05,-2.769461e-05,2.894746e-05,5.054897,5.165238,5.234619,5.351173,5.18147,5.401109,5.437329,5.461785,5.367732,5.503091,0,0,0,0,0,0
2025/04/06 20:02:00.918,n,3.736889,14.823392,0.00021,8.931806e-06,-4.9223e-05,9.078424e-06,5.0593,5.157813,5.234619,5.337898,5.18147,5.426116,5.437329,5.457331,5.37324,5.507494,0,0,0,0,0,0
2025/04/06 20:03:00.924,n,3.770435,15.396634,0.000188,6.770454e-06,-5.471646e-05,5.391383e-06,5.048999,5.143075,5.225716,5.332,5.175572,5.437329,5.442869,5.452927,5.378862,5.501613,0,0,0,0,0,0
2025/04/06 20:04:00.923,n,3.746948,15.041672,0.000194,6.297509e-06,-5.471646e-05,7.062973e-06,5.046059,5.13864,5.221263,5.329009,5.163759,5.440123,5.448459,5.454456,5.381609,5.492756,0,0,0,0,0,0
2025/04/06 20:05:00.921,n,3.725124,14.980894,0.000199,1.397326e-05,-6.555489e-05,5.730281e-06,5.053434,5.141612,5.224253,5.337898,5.171136,5.442869,5.448459,5.457331,5.384453,5.500085,0,0,0,0,0,0
2025/04/06 20:06:00.924,n,3.721752,15.453502,0.000168,7.852364e-06,-7.089987e-05,5.181461e-06,5.051939,5.131247,5.222791,5.333462,5.169641,5.437329,5.454,5.452927,5.384453,5.491293,0,0,0,0,0,0
2025/04/06 20:07:00.912,n,3.74197,15.177732,0.000162,7.473024e-06,-7.639332e-05,7.408871e-06,5.025488,5.137144,5.210929,5.329009,5.165238,5.434582,5.445616,5.435249,5.387232,5.480959,0,0,0,0,0,0
2025/04/06 20:08:00.913,n,3.731911,16.11201,0.000162,5.236088e-06,-8.738024e-05,8.675478e-06,5.029924,5.140135,5.205031,5.327564,5.169641,5.437329,5.454,5.432291,5.392836,5.478018,0,0,0,0,0,0
2025/04/06 20:09:00.915,n,3.731911,15.695462,0.000168,7.473024e-06,-8.738024e-05,6.670784e-06,5.02115,5.125381,5.205031,5.32017,5.157813,5.442869,5.445616,5.433753,5.398361,5.479481,0,0,0,0,0,0
2025/04/06 20:10:00.917,n,3.693287,15.613182,0.000168,8.553518e-06,-9.27252e-05,7.073415e-06,5.019655,5.120913,5.197702,5.317245,5.15934,5.445616,5.451238,5.430828,5.392836,5.476522,0,0,0,0,0,0
2025/04/06 20:11:00.919,n,3.705006,15.735068,0.000152,7.901075e-06,-0.000104,7.486323e-06,5.026966,5.122441,5.200692,5.315767,5.157813,5.448459,5.454,5.426392,5.395582,5.47506,0,0,0,0,0,0
2025/04/06 20:12:00.922,n,3.686596,15.644188,0.000141,5.695569e-06,-9.821866e-05,4.213152e-06,5.026966,5.116477,5.203568,5.308373,5.153409,5.448459,5.456747,5.423452,5.395582,5.478018,0,0,0,0,0,0
2025/04/06 20:13:00.924,n,3.668091,15.590464,0.000152,1.041081e-05,-9.27252e-05,7.838984e-06,5.029924,5.116477,5.199165,5.314239,5.151882,5.442869,5.451238,5.430828,5.390042,5.483917,0,0,0,0,0,0
2025/04/06 20:14:00.925,n,3.656323,15.597258,0.000157,6.395624e-06,-9.821866e-05,6.524612e-06,5.024027,5.112024,5.197702,5.308373,5.146015,5.442869,5.448459,5.429383,5.395582,5.478018,0,0,0,0,0,0
2025/04/06 20:15:00.928,n,3.607643,15.650272,0.000147,8.718222e-06,-0.000104,7.063042e-06,5.025488,5.106241,5.187336,5.314239,5.13864,5.442869,5.451238,5.432291,5.395582,5.479481,0,0,0,0,0,0
2025/04/06 20:16:00.912,n,3.61438,15.56259,0.000157,1.031657e-05,-9.821866e-05,7.820133e-06,5.015188,5.117987,5.188832,5.312777,5.144538,5.442869,5.445616,5.413149,5.392836,5.464757,0,0,0,0,0,0
2025/04/06 20:17:00.914,n,3.602612,15.668802,0.000136,5.997198e-06,-0.000104,5.806984e-06,5.010817,5.117987,5.184395,5.305416,5.143075,5.442869,5.454,5.417552,5.387232,5.469161,0,0,0,0,0,0
2025/04/06 20:18:00.917,n,3.533814,15.659952,0.000141,8.861816e-06,-0.000109,7.101258e-06,5.004951,5.112107,5.191788,5.298039,5.143075,5.442869,5.448459,5.413149,5.395582,5.463262,0,0,0,0,0,0
2025/04/06 20:19:00.919,n,3.574097,16.053258,0.000141,5.738729e-06,-0.000109,4.096393e-06,5.007892,5.100343,5.190326,5.299502,5.143075,5.440123,5.440123,5.416025,5.392836,5.46622,0,0,0,0,0,0
2025/04/06 20:20:00.921,n,3.552273,16.025766,0.000152,6.928511e-06,-0.000109,7.438021e-06,5.024027,5.112107,5.190326,5.299502,5.140135,5.434582,5.442869,5.416025,5.387232,5.473582,0,0,0,0,0,0
2025/04/06 20:21:00.926,n,3.553932,16.008482,0.000141,6.162619e-06,-0.000114,5.236458e-06,5.015188,5.106241,5.18147,5.305416,5.137144,5.437329,5.442869,5.421989,5.390042,5.470623,0,0,0,0,0,0
2025/04/06 20:22:00.925,n,3.533814,16.065928,0.000131,7.30951e-06,-0.000125,7.364097e-06,5.006429,5.093047,5.178465,5.290678,5.131247,5.440123,5.448459,5.41903,5.392836,5.467683,0,0,0,0,0,0
2025/04/06 20:23:00.927,n,3.537136,16.347544,0.000141,7.073917e-06,-0.000109,6.303558e-06,5.009354,5.101837,5.182933,5.296544,5.132742,5.442869,5.445616,5.413149,5.398361,5.461785,0,0,0,0,0,0
2025/04/06 20:24:00.927,n,3.521999,16.100876,0.000125,7.952901e-06,-0.000114,5.236335e-06,5.006429,5.093047,5.178465,5.298039,5.122441,5.440123,5.445616,5.417552,5.392836,5.460322,0,0,0,0,0,0
2025/04/06 20:25:00.917,n,3.572388,16.283842,0.000131,9.145912e-06,-0.000104,7.591115e-06,5.000548,5.107768,5.185873,5.296544,5.13864,5.434582,5.434582,5.407233,5.392836,5.464757,0,0,0,0,0,0
2025/04/06 20:26:00.916,n,3.548901,16.400644,0.000125,7.495808e-06,-0.000131,3.880008e-06,4.997591,5.097434,5.175572,5.28478,5.131247,5.437329,5.442869,5.399824,5.392836,5.454456,0,0,0,0,0,0
2025/04/06 20:27:00.921,n,3.505249,16.23654,0.000131,8.073094e-06,-0.00012,6.113473e-06,4.999054,5.09888,5.166701,5.283302,5.128306,5.442869,5.437329,5.402829,5.390042,5.461785,0,0,0,0,0,0
2025/04/06 20:28:00.922,n,3.540505,16.221348,0.000131,6.053161e-06,-0.000114,5.38233e-06,5.000548,5.087166,5.171136,5.286242,5.120913,5.431738,5.434582,5.396867,5.401109,5.460322,0,0,0,0,0,0
2025/04/06 20:29:00.925,n,3.51194,16.276596,0.00012,8.401814e-06,-0.00012,4.878056e-06,5.003489,5.087166,5.175572,5.296544,5.11945,5.42896,5.431738,5.401319,5.390042,5.461785,0,0,0,0,0,0
2025/04/06 20:30:00.924,n,3.501881,16.646562,0.00012,9.463652e-06,-0.000125,7.978364e-06,5.003489,5.091569,5.169641,5.287705,5.11945,5.42896,5.440123,5.399824,5.392836,5.463262,0,0,0,0,0,0
2025/04/06 20:31:00.929,n,3.533817,17.08447,0.000278,3.086274e-05,2.146112e-05,3.207768e-05,5.05233,5.13599,5.21564,5.344008,5.169885,5.364189,5.369779,5.454667,5.319682,5.500394,0,0,0,0,0,0
2025/04/06 20:32:00.929,n,3.56575,16.611576,0.000257,1.103302e-05,2.146112e-05,5.541028e-06,5.049389,5.12868,5.211205,5.336646,5.158024,5.383689,5.375401,5.444332,5.336436,5.50184,0,0,0,0,0,0
2025/04/06 20:33:00.932,n,3.563992,16.571384,0.000246,7.440452e-06,5.129233e-06,9.037724e-06,5.037626,5.124244,5.203811,5.323354,5.155083,5.383689,5.383689,5.436938,5.34469,5.487101,0,0,0,0,0,0
2025/04/06 20:34:00.916,n,3.51199,16.71643,0.000241,6.239183e-06,-5.7092e-06,3.113376e-06,5.021491,5.122782,5.200838,5.317424,5.160981,5.392057,5.389279,5.432567,5.34469,5.487101,0,0,0,0,0,0
2025/04/06 20:35:00.919,n,3.500225,16.742106,0.000236,7.739012e-06,-1.105418e-05,6.952852e-06,5.022954,5.119873,5.202317,5.313052,5.152125,5.394819,5.394819,5.422233,5.358599,5.487101,0,0,0,0,0,0
2025/04/06 20:36:00.921,n,3.51199,16.84793,0.000236,6.54754e-06,-1.105418e-05,5.52871e-06,5.015626,5.121319,5.194973,5.311525,5.15362,5.392057,5.394819,5.423695,5.36141,5.491554,0,0,0,0,0,0
2025/04/06 20:37:00.921,n,3.523758,16.989694,0.000215,6.884554e-06,-1.639916e-05,4.668048e-06,5.021491,5.113943,5.194973,5.307122,5.14769,5.397566,5.400313,5.422233,5.355805,5.485638,0,0,0,0,0,0
2025/04/06 20:38:00.924,n,3.52874,16.996316,0.000225,5.38425e-06,-2.189262e-05,5.902249e-06,5.018551,5.105169,5.189042,5.299728,5.144749,5.397566,5.397566,5.425174,5.355805,5.487101,0,0,0,0,0,0
2025/04/06 20:39:00.928,n,3.498562,17.407858,0.000236,7.376279e-06,-2.72376e-05,7.846174e-06,5.025862,5.111017,5.190505,5.302718,5.144814,5.392057,5.392057,5.423695,5.350312,5.481235,0,0,0,0,0,0
2025/04/06 20:40:00.929,n,3.478397,17.421646,0.00022,4.722636e-06,-3.837297e-05,8.030792e-06,5.022954,5.094867,5.187579,5.307122,5.140379,5.397566,5.394819,5.419243,5.350312,5.479724,0,0,0,0,0,0
2025/04/06 20:41:00.934,n,3.486797,18.043808,0.00022,7.78528e-06,-2.72376e-05,5.162313e-06,5.024431,5.108109,5.186116,5.308584,5.127217,5.392057,5.392057,5.422233,5.36141,5.478262,0,0,0,0,0,0
2025/04/06 20:42:00.932,n,3.434696,17.725266,0.000204,8.439174e-06,-3.287952e-05,6.926961e-06,5.022954,5.105169,5.186116,5.304181,5.133018,5.397566,5.386434,5.423695,5.355805,5.475336,0,0,0,0,0,0
2025/04/06 20:43:00.922,n,3.448174,17.454946,0.00022,6.700831e-06,-3.837297e-05,6.209815e-06,5.009728,5.106646,5.178676,5.29383,5.143351,5.386434,5.392057,5.408907,5.358599,5.476766,0,0,0,0,0,0
2025/04/06 20:44:00.925,n,3.443142,17.783738,0.000215,6.850316e-06,-4.371795e-05,5.910663e-06,5.006819,5.108109,5.186116,5.299728,5.137453,5.392057,5.394819,5.413344,5.36141,5.479724,0,0,0,0,0,0
2025/04/06 20:45:00.924,n,3.448174,17.446396,0.000204,5.059155e-06,-3.837297e-05,5.317341e-06,5.009728,5.100748,5.183111,5.29682,5.131555,5.394819,5.394819,5.413344,5.364189,5.472396,0,0,0,0,0,0
2025/04/06 20:46:00.926,n,3.40789,17.380264,0.000199,5.018131e-06,-4.906293e-05,5.634467e-06,5.00825,5.091942,5.180218,5.29383,5.131555,5.394819,5.419909,5.408907,5.364189,5.475336,0,0,0,0,0,0
2025/04/06 20:47:00.928,n,3.41795,17.64039,0.000204,9.275512e-06,-4.371795e-05,5.446825e-06,5.00825,5.093405,5.184606,5.295292,5.122782,5.394819,5.389279,5.408907,5.364189,5.475336,0,0,0,0,0,0
2025/04/06 20:48:00.928,n,3.401104,17.673196,0.000173,1.034208e-05,-5.455639e-05,7.440799e-06,4.999427,5.090496,5.171347,5.295292,5.119873,5.400313,5.392057,5.407445,5.369779,5.466496,0,0,0,0,0,0
2025/04/06 20:49:00.933,n,3.355789,17.955368,0.000189,6.859174e-06,-5.455639e-05,6.439208e-06,5.00825,5.093405,5.175751,5.29682,5.118346,5.400313,5.394819,5.403041,5.364189,5.462028,0,0,0,0,0,0
2025/04/06 20:50:00.935,n,3.337284,17.67333,0.000189,9.86017e-06,-5.455639e-05,4.810418e-06,4.999427,5.094867,5.168357,5.295292,5.111017,5.394819,5.389279,5.410403,5.364189,5.459102,0,0,0,0,0,0
2025/04/06 20:51:00.936,n,3.288555,17.819096,0.000189,6.518471e-06,-5.455639e-05,6.316099e-06,4.996518,5.094867,5.165449,5.29682,5.112479,5.397566,5.397566,5.401513,5.369779,5.459102,0,0,0,0,0,0
2025/04/06 20:52:00.924,n,3.270096,17.991812,0.000183,7.901893e-06,-5.990137e-05,8.790882e-06,4.999427,5.081673,5.168357,5.273194,5.119873,5.397566,5.394819,5.397175,5.364189,5.467926,0,0,0,0,0,0
2025/04/06 20:53:00.922,n,3.249882,18.135848,0.000199,6.232968e-06,-5.990137e-05,5.388027e-06,5.002417,5.083136,5.171347,5.280587,5.122782,5.389279,5.386434,5.401513,5.366936,5.463538,0,0,0,0,0,0
2025/04/06 20:54:00.925,n,3.186016,18.230376,0.000194,7.62516e-06,-5.990137e-05,6.963292e-06,4.993578,5.083136,5.163987,5.283496,5.109571,5.389279,5.386434,5.400036,5.366936,5.467926,0,0,0,0,0,0
2025/04/06 20:55:00.926,n,3.179325,18.328378,0.000194,1.01629e-05,-4.906293e-05,5.4061e-06,5.003879,5.084599,5.17281,5.287948,5.119873,5.392057,5.386434,5.398638,5.36141,5.469404,0,0,0,0,0,0
2025/04/06 20:56:00.930,n,3.174248,18.17925,0.000194,7.285877e-06,-6.539482e-05,5.393659e-06,4.993578,5.091942,5.168357,5.286486,5.108109,5.389279,5.383689,5.400036,5.358599,5.466496,0,0,0,0,0,0
2025/04/06 20:57:00.914,n,3.128887,18.43875,0.000194,5.516512e-06,-4.906293e-05,6.17555e-06,4.977444,5.087539,5.160981,5.290889,5.109571,5.383689,5.372558,5.383818,5.36141,5.457625,0,0,0,0,0,0
2025/04/06 20:58:00.918,n,3.0616,18.795506,0.000194,7.342927e-06,-7.07398e-05,5.226024e-06,4.968622,5.086077,5.158024,5.270221,5.113943,5.394819,5.383689,5.388271,5.366936,5.460565,0,0,0,0,0,0
2025/04/06 20:59:00.921,n,2.992657,18.965378,0.000194,7.53483e-06,-6.539482e-05,4.859981e-06,4.971546,5.083136,5.163987,5.268726,5.108109,5.389279,5.383689,5.379415,5.369779,5.454667,0,0,0,0,0,0
2025/04/06 21:00:00.921,n,2.97752,18.978104,0.000167,8.239487e-06,-7.07398e-05,8.095348e-06,4.986283,5.0729,5.163987,5.271699,5.093405,5.389279,5.386434,5.379415,5.366936,5.454667,0,0,0,0,0,0
2025/04/06 21:01:00.919,n,3.001103,19.048172,0.00023,2.781685e-05,-5.7092e-06,2.825763e-05,4.996518,5.097808,5.177213,5.289427,5.109571,5.353059,5.355805,5.397175,5.333657,5.469404,0,0,0,0,0,0
2025/04/06 21:02:00.921,n,2.933769,19.114156,0.00022,1.056307e-05,-2.72376e-05,9.520194e-06,4.990653,5.083136,5.168357,5.279092,5.099271,5.372558,5.366936,5.388271,5.350312,5.459102,0,0,0,0,0,0
2025/04/06 21:03:00.923,n,2.927078,19.556822,0.000215,7.882905e-06,-4.906293e-05,8.532752e-06,4.990653,5.07433,5.166879,5.273194,5.096345,5.369779,5.364189,5.386809,5.350312,5.463538,0,0,0,0,0,0
2025/04/06 21:04:00.923,n,2.8867,19.645402,0.000199,8.533558e-06,-5.455639e-05,5.798636e-06,4.97889,5.069927,5.159519,5.271699,5.080211,5.378163,5.369779,5.385346,5.350312,5.465001,0,0,0,0,0,0
2025/04/06 21:05:00.927,n,2.856377,19.628562,0.000194,7.653064e-06,-5.990137e-05,1.122797e-05,4.974487,5.068465,5.158024,5.273194,5.075807,5.378163,5.366936,5.383818,5.347533,5.453172,0,0,0,0,0,0
2025/04/06 21:06:00.931,n,2.853008,19.58917,0.000183,9.016596e-06,-7.623325e-05,5.18143e-06,4.981815,5.069927,5.15362,5.270221,5.069927,5.380942,5.369779,5.376474,5.355805,5.451709,0,0,0,0,0,0
2025/04/06 21:07:00.932,n,2.807644,20.149146,0.000178,9.101022e-06,-7.623325e-05,6.772839e-06,4.96274,5.064029,5.149152,5.268726,5.065507,5.389279,5.372558,5.377937,5.36141,5.441406,0,0,0,0,0,0
2025/04/06 21:08:00.932,n,2.79578,20.473536,0.000162,1.072787e-05,-9.256514e-05,6.935826e-06,4.974487,5.059657,5.140379,5.270221,5.058162,5.383689,5.380942,5.376474,5.378163,5.442804,0,0,0,0,0,0
2025/04/06 21:09:00.935,n,2.775616,20.464674,0.000152,9.655618e-06,-8.722016e-05,6.376406e-06,4.970084,5.058162,5.137453,5.273194,5.055238,5.383689,5.375401,5.370576,5.366936,5.447273,0,0,0,0,0,0
2025/04/06 21:10:00.922,n,2.735233,20.43401,0.000173,9.25641e-06,-8.722016e-05,7.409132e-06,4.956875,5.058162,5.144749,5.259902,5.064029,5.383689,5.372558,5.367585,5.364189,5.4488,0,0,0,0,0,0
2025/04/06 21:11:00.924,n,2.716728,21.084458,0.000178,1.168804e-05,-8.722016e-05,8.162177e-06,4.961245,5.05233,5.140379,5.255498,5.053792,5.386434,5.375401,5.375011,5.364189,5.447273,0,0,0,0,0,0
2025/04/06 21:12:00.924,n,2.652714,20.890588,0.000162,5.219283e-06,-9.80586e-05,5.391383e-06,4.953885,5.043524,5.138948,5.248123,5.046431,5.383689,5.375401,5.370576,5.375401,5.4488,0,0,0,0,0,0
2025/04/06 21:13:00.927,n,2.63084,20.76367,0.000146,6.326573e-06,-8.722016e-05,6.151918e-06,4.956875,5.056701,5.137453,5.249535,5.039088,5.383689,5.372558,5.361686,5.375401,5.444332,0,0,0,0,0,0
2025/04/06 21:14:00.928,n,2.57869,20.85914,0.000152,6.649932e-06,-9.80586e-05,5.802533e-06,4.949547,5.042029,5.13448,5.245133,5.036163,5.392057,5.378163,5.36614,5.372558,5.436938,0,0,0,0,0,0
2025/04/06 21:15:00.931,n,2.553398,21.011518,0.000141,9.62211e-06,-9.80586e-05,6.308475e-06,4.945112,5.053792,5.127217,5.246595,5.033254,5.386434,5.380942,5.357348,5.378163,5.435475,0,0,0,0,0,0
2025/04/06 21:16:00.936,n,2.555058,20.881824,0.000141,7.917002e-06,-0.000109,6.313388e-06,4.942171,5.043524,5.109571,5.254003,5.030298,5.389279,5.378163,5.357348,5.369779,5.428099,0,0,0,0,0,0
2025/04/06 21:17:00.934,n,2.528153,21.129658,0.00012,9.118678e-06,-0.000125,8.790754e-06,4.937752,5.053792,5.127217,5.254003,5.039088,5.383689,5.378163,5.355805,5.372558,5.433997,0,0,0,0,0,0
2025/04/06 21:18:00.919,n,2.499493,21.113188,0.000131,7.912595e-06,-0.00012,6.546948e-06,4.936273,5.040566,5.108109,5.240729,5.027324,5.392057,5.380942,5.344008,5.378163,5.432567,0,0,0,0,0,0
2025/04/06 21:19:00.909,n,2.550335,21.263892,0.000225,9.068172e-06,-1.63458e-05,6.931876e-06,4.951139,5.081852,5.131767,5.277629,5.048106,5.350865,5.339734,5.372038,5.345324,5.444397,0,0,0,0,0,0
2025/04/06 21:20:00.907,n,2.536862,21.278286,0.000215,9.284978e-06,-2.183926e-05,5.385631e-06,4.94529,5.07602,5.144943,5.283528,5.053954,5.350865,5.334209,5.367667,5.339734,5.444397,0,0,0,0,0,0
2025/04/06 21:21:00.909,n,2.498139,21.415636,0.000225,6.53134e-06,-2.183926e-05,6.663166e-06,4.94529,5.070089,5.134674,5.264355,5.061315,5.348103,5.339734,5.358811,5.342545,5.435524,0,0,0,0,0,0
2025/04/06 21:22:00.912,n,2.48637,21.924562,0.000231,6.605685e-06,-1.63458e-05,3.550629e-06,4.94529,5.068626,5.13617,5.254054,5.055417,5.356454,5.334209,5.361801,5.348103,5.44586,0,0,0,0,0,0
2025/04/06 21:23:00.911,n,2.508248,21.732398,0.00022,8.986314e-06,-1.63458e-05,6.77001e-06,4.942366,5.064255,5.130304,5.271699,5.053954,5.356454,5.336955,5.357348,5.345324,5.447337,0,0,0,0,0,0
2025/04/06 21:24:00.915,n,2.516693,22.636,0.00022,8.655612e-06,-2.183926e-05,5.496672e-06,4.942366,5.061315,5.137632,5.262892,5.049518,5.353611,5.345324,5.354407,5.350865,5.441423,0,0,0,0,0,0
2025/04/06 21:25:00.917,n,2.476215,21.923086,0.000225,7.41889e-06,-2.183926e-05,5.803869e-06,4.948166,5.058357,5.134674,5.254054,5.05688,5.353611,5.331447,5.363215,5.345324,5.447337,0,0,0,0,0,0
2025/04/06 21:26:00.920,n,2.489693,21.911766,0.00021,1.118975e-05,-3.282616e-05,5.179068e-06,4.942366,5.052444,5.137632,5.251063,5.059853,5.348103,5.336955,5.35587,5.350865,5.454732,0,0,0,0,0,0
2025/04/06 21:27:00.922,n,2.48637,22.173918,0.00022,1.032157e-05,-2.183926e-05,5.972279e-06,4.940888,5.052444,5.139095,5.276151,5.049518,5.350865,5.3287,5.360274,5.342545,5.442934,0,0,0,0,0,0
2025/04/06 21:28:00.910,n,2.471188,21.856524,0.000189,9.751078e-06,-3.282616e-05,7.501859e-06,4.932033,5.05688,5.118525,5.267295,5.031907,5.353611,5.342545,5.341082,5.345324,5.419324,0,0,0,0,0,0
2025/04/06 21:29:00.911,n,2.452679,22.016866,0.000199,8.9008e-06,-4.366459e-05,9.065518e-06,4.920269,5.048106,5.117062,5.252525,5.029046,5.356454,5.334209,5.332243,5.348103,5.419324,0,0,0,0,0,0
2025/04/06 21:30:00.913,n,2.429047,22.198132,0.000189,7.996157e-06,-4.366459e-05,7.636503e-06,4.920269,5.048106,5.105363,5.245197,5.037804,5.359201,5.334209,5.341082,5.350865,5.428131,0,0,0,0,0,0
2025/04/06 21:31:00.922,n,2.412251,22.124688,0.000273,2.462662e-05,1.067604e-05,3.035075e-05,4.952634,5.062777,5.137632,5.26143,5.049518,5.320332,5.309072,5.372038,5.317456,5.462093,0,0,0,0,0,0
2025/04/06 21:32:00.922,n,2.442574,22.521376,0.000236,1.439927e-05,-1.63458e-05,1.182099e-05,4.940888,5.052444,5.128825,5.258456,5.046644,5.334209,5.323079,5.360274,5.334209,5.457625,0,0,0,0,0,0
2025/04/06 21:33:00.922,n,2.469525,23.0239,0.000236,8.407578e-06,-2.718424e-05,9.85721e-06,4.940888,5.045181,5.130304,5.249601,5.042176,5.339734,5.314694,5.354407,5.336955,5.442934,0,0,0,0,0,0
2025/04/06 21:34:00.925,n,2.461128,22.893828,0.000225,7.962805e-06,-2.718424e-05,6.244009e-06,4.93793,5.045181,5.125869,5.251063,5.043686,5.336955,5.323079,5.35587,5.345324,5.447337,0,0,0,0,0,0
2025/04/06 21:35:00.926,n,2.432415,22.800518,0.000225,6.652846e-06,-3.282616e-05,5.816619e-06,4.93499,5.039282,5.125869,5.231841,5.039282,5.342545,5.323079,5.354407,5.339734,5.444397,0,0,0,0,0,0
2025/04/06 21:36:00.930,n,2.393696,22.35544,0.000205,5.946142e-06,-4.915805e-05,1.158033e-05,4.926232,5.033385,5.118525,5.230396,5.027536,5.345324,5.331447,5.35587,5.350865,5.438465,0,0,0,0,0,0
2025/04/06 21:37:00.914,n,2.397015,22.612298,0.000194,8.68095e-06,-5.450303e-05,4.66802e-06,4.911496,5.034847,5.109765,5.240729,5.026041,5.348103,5.334209,5.332243,5.353611,5.429594,0,0,0,0,0,0
2025/04/06 21:38:00.917,n,2.444283,22.747194,0.000205,8.794354e-06,-5.450303e-05,5.124645e-06,4.915899,5.033385,5.111228,5.231841,5.027536,5.348103,5.331447,5.338109,5.356454,5.438465,0,0,0,0,0,0
2025/04/06 21:39:00.919,n,2.370159,22.588086,0.000189,5.233126e-06,-6.534146e-05,5.300062e-06,4.915899,5.030509,5.108257,5.237821,5.018713,5.353611,5.3287,5.341082,5.353611,5.437035,0,0,0,0,0,0
2025/04/06 21:40:00.924,n,2.344818,22.47774,0.000194,7.41889e-06,-7.068644e-05,4.779704e-06,4.915899,5.024578,5.111228,5.233368,5.024578,5.345324,5.336955,5.339604,5.348103,5.425205,0,0,0,0,0,0
2025/04/06 21:41:00.923,n,2.366696,23.287896,0.000194,6.457339e-06,-6.534146e-05,5.70455e-06,4.917361,5.021605,5.112691,5.225943,5.021605,5.348103,5.3287,5.330748,5.353611,5.432567,0,0,0,0,0,0
2025/04/06 21:42:00.926,n,2.331341,23.441382,0.000178,7.954688e-06,-7.068644e-05,3.387326e-06,4.917361,5.023083,5.109765,5.225943,5.008444,5.350865,5.3287,5.338109,5.350865,5.429594,0,0,0,0,0,0
2025/04/06 21:43:00.927,n,2.307758,23.213954,0.000168,6.434693e-06,-8.71668e-05,5.391503e-06,4.90563,5.021605,5.10239,5.231841,5.006949,5.350865,5.334209,5.34404,5.356454,5.423728,0,0,0,0,0,0
2025/04/06 21:44:00.929,n,2.302731,23.21491,0.000178,8.08341e-06,-7.61799e-05,6.064728e-06,4.917361,5.01431,5.092121,5.233368,5.002579,5.348103,5.331447,5.330748,5.353611,5.422233,0,0,0,0,0,0
2025/04/06 21:45:00.932,n,2.289253,23.091448,0.000162,9.918172e-06,-8.152487e-05,6.174033e-06,4.910033,5.012847,5.093616,5.221539,5.001101,5.345324,5.331447,5.333706,5.359201,5.420802,0,0,0,0,0,0
2025/04/06 21:46:00.917,n,2.279095,23.20595,0.000157,8.53719e-06,-9.251178e-05,6.928511e-06,4.89975,5.020175,5.092121,5.224465,5.002579,5.350865,5.3287,5.307187,5.361963,5.414871,0,0,0,0,0,0
2025/04/06 21:47:00.921,n,2.223431,23.405162,0.000173,8.277187e-06,-7.61799e-05,5.75267e-06,4.90563,5.015772,5.097986,5.220061,5.011401,5.345324,5.3287,5.330748,5.353611,5.423728,0,0,0,0,0,0
2025/04/06 21:48:00.922,n,2.215035,23.610054,0.000152,4.712778e-06,-9.251178e-05,4.002761e-06,4.895329,5.009907,5.089164,5.221539,5.006949,5.350865,5.331447,5.31159,5.359201,5.417829,0,0,0,0,0,0
2025/04/06 21:49:00.925,n,2.183003,23.805672,0.000162,6.350622e-06,-9.800524e-05,4.300932e-06,4.898287,5.008444,5.083315,5.209742,4.995171,5.345324,5.336955,5.318983,5.361963,5.420802,0,0,0,0,0,0
2025/04/06 21:50:00.926,n,2.159371,23.780296,0.000168,7.200083e-06,-9.800524e-05,5.917667e-06,4.896824,5.001101,5.086255,5.223002,4.998175,5.348103,5.323079,5.321876,5.361963,5.425205,0,0,0,0,0,0
2025/04/06 21:51:00.928,n,2.12563,23.99854,0.000147,6.072551e-06,-0.000109,6.984411e-06,4.889481,4.993773,5.083315,5.214145,4.989337,5.356454,5.334209,5.318983,5.359201,5.413376,0,0,0,0,0,0
2025/04/06 21:52:00.931,n,2.134125,24.272076,0.000147,8.112604e-06,-0.000109,3.543618e-06,4.890959,4.992295,5.077449,5.208232,4.989337,5.350865,5.334209,5.327808,5.364824,5.403106,0,0,0,0,0,0
2025/04/06 21:53:00.935,n,2.076752,24.096158,0.000131,9.059336e-06,-0.000109,8.157388e-06,4.890959,4.993773,5.07602,5.2127,4.982026,5.350865,5.331447,5.318983,5.359201,5.414871,0,0,0,0,0,0
2025/04/06 21:54:00.936,n,2.031246,24.025952,0.00011,1.709959e-05,-0.000142,1.581122e-05,4.877718,4.984902,5.064255,5.203844,4.971726,5.364824,5.342545,5.308649,5.375954,5.4001,0,0,0,0,0,0
2025/04/06 21:55:00.922,n,2.093647,23.83204,0.000225,8.25875e-06,-2.763893e-05,4.684824e-06,4.919311,5.028006,5.110221,5.24094,5.017737,5.312647,5.287623,5.344349,5.326523,5.44464,0,0,0,0,0,0
2025/04/06 21:56:00.922,n,2.098724,23.97518,0.000225,7.563751e-06,-2.214548e-05,4.876127e-06,4.914891,5.02947,5.117582,5.236602,5.023603,5.315408,5.290402,5.351693,5.329318,5.434338,0,0,0,0,0,0
2025/04/06 21:57:00.924,n,2.103802,24.220052,0.000215,7.210125e-06,-3.847737e-05,6.901644e-06,4.914891,5.026529,5.110221,5.236602,5.01184,5.309901,5.295991,5.333983,5.329318,5.450571,0,0,0,0,0,0
2025/04/06 21:58:00.926,n,2.081829,24.453034,0.000209,7.691456e-06,-2.763893e-05,5.733324e-06,4.91195,5.0192,5.11612,5.24094,5.01184,5.307122,5.293245,5.339881,5.329318,5.431398,0,0,0,0,0,0
2025/04/06 21:59:00.912,n,2.063274,24.196836,0.00022,5.853297e-06,-2.763893e-05,4.877361e-06,4.898742,5.02947,5.097044,5.242468,5.008867,5.315408,5.287623,5.33252,5.326523,5.432876,0,0,0,0,0,0
2025/04/06 22:00:00.914,n,2.085247,24.249776,0.000204,7.748354e-06,-3.847737e-05,6.313228e-06,4.895817,5.025066,5.098507,5.242468,5.005991,5.312647,5.293245,5.322186,5.329318,5.434338,0,0,0,0,0,0
2025/04/06 22:01:00.929,n,2.11557,24.627136,0.000267,3.305111e-05,2.67017e-05,2.985859e-05,4.922251,5.038275,5.117582,5.248366,5.022125,5.287623,5.265395,5.354618,5.301533,5.459429,0,0,0,0,0,0
2025/04/06 22:02:00.928,n,2.129048,24.876038,0.000246,7.156169e-06,5.024839e-06,5.412602e-06,4.914891,5.028006,5.113179,5.243946,5.016292,5.293245,5.273649,5.351693,5.307122,5.453512,0,0,0,0,0,0
2025/04/06 22:03:00.927,n,2.097015,24.590788,0.000241,7.919204e-06,-1.115858e-05,5.726931e-06,4.91195,5.022125,5.10585,5.245408,5.010362,5.295991,5.273649,5.344349,5.307122,5.450571,0,0,0,0,0,0
2025/04/06 22:04:00.918,n,2.08017,24.468246,0.00022,7.52814e-06,-2.214548e-05,7.882475e-06,4.894354,5.016292,5.097044,5.232149,5.008867,5.29877,5.273649,5.323663,5.315408,5.434338,0,0,0,0,0,0
2025/04/06 22:05:00.918,n,2.085247,24.628528,0.000215,8.089321e-06,-3.298391e-05,4.878627e-06,4.894354,5.017737,5.094086,5.227713,5.005991,5.307122,5.284812,5.323663,5.326523,5.426976,0,0,0,0,0,0
2025/04/06 22:06:00.919,n,2.103802,25.23827,0.00022,5.491161e-06,-3.298391e-05,5.802839e-06,4.89728,5.017737,5.097044,5.226235,4.99569,5.307122,5.276493,5.325126,5.321031,5.435802,0,0,0,0,0,0
2025/04/06 22:07:00.922,n,2.093647,24.881118,0.000188,7.714266e-06,-4.93158e-05,5.101859e-06,4.889952,5.007469,5.089716,5.221815,4.998663,5.312647,5.284812,5.323663,5.321031,5.429902,0,0,0,0,0,0
2025/04/06 22:08:00.924,n,2.041351,25.310134,0.000199,7.87766e-06,-6.015423e-05,7.945954e-06,4.887011,5.003066,5.088206,5.223245,4.997168,5.309901,5.282018,5.322186,5.321031,5.431398,0,0,0,0,0,0
2025/04/06 22:09:00.927,n,2.058197,25.133558,0.000188,7.199366e-06,-6.549921e-05,5.710944e-06,4.887011,5.001588,5.083818,5.218842,4.986917,5.307122,5.287623,5.326654,5.326523,5.428407,0,0,0,0,0,0
2025/04/06 22:10:00.931,n,2.073383,25.150446,0.000188,8.802428e-06,-6.015423e-05,4.695236e-06,4.884053,5.003066,5.083818,5.208573,4.978061,5.312647,5.287623,5.32069,5.329318,5.426976,0,0,0,0,0,0
2025/04/06 22:11:00.930,n,2.053169,25.323364,0.000172,9.213042e-06,-6.015423e-05,9.130802e-06,4.889952,4.99569,5.086743,5.215949,4.981019,5.312647,5.287623,5.322186,5.332064,5.429902,0,0,0,0,0,0
2025/04/06 22:12:00.931,n,2.048138,24.656702,0.000178,5.919577e-06,-5.466078e-05,5.449211e-06,4.885516,4.997168,5.082372,5.213009,4.978061,5.312647,5.282018,5.317765,5.332064,5.425499,0,0,0,0,0,0
2025/04/06 22:13:00.920,n,2.002583,24.79489,0.000188,6.192419e-06,-6.015423e-05,6.370426e-06,4.872276,5.000093,5.073533,5.20417,4.986917,5.315408,5.284812,5.310389,5.332064,5.426976,0,0,0,0,0,0
2025/04/06 22:14:00.921,n,1.985737,24.959178,0.000194,8.475376e-06,-6.015423e-05,5.289296e-06,4.870878,4.989857,5.079415,5.213009,4.979556,5.309901,5.282018,5.308861,5.332064,5.423971,0,0,0,0,0,0
2025/04/06 22:15:00.922,n,1.968842,25.180868,0.000178,7.569555e-06,-7.648612e-05,8.118076e-06,4.870878,4.994195,5.073533,5.210068,4.981019,5.312647,5.287623,5.301533,5.332064,5.41518,0,0,0,0,0,0
2025/04/06 22:16:00.925,n,1.950287,25.113316,0.000162,9.416916e-06,-8.197957e-05,7.500546e-06,4.873754,4.988395,5.073533,5.201277,4.975121,5.315408,5.287623,5.311851,5.334908,5.426976,0,0,0,0,0,0
2025/04/06 22:17:00.927,n,1.935101,25.18993,0.000167,8.266567e-06,-8.197957e-05,6.337488e-06,4.869383,4.975121,5.075012,5.201277,4.970783,5.307122,5.290402,5.310389,5.334908,5.413701,0,0,0,0,0,0
2025/04/06 22:18:00.928,n,1.911469,25.355382,0.000183,7.747353e-06,-6.549921e-05,7.364272e-06,4.878206,4.982464,5.070609,5.201277,4.967793,5.309901,5.276493,5.305935,5.334908,5.421046,0,0,0,0,0,0
2025/04/06 22:19:00.932,n,1.914837,25.48791,0.000162,7.082677e-06,-9.816298e-05,7.090015e-06,4.866442,4.981019,5.066173,5.198336,4.961927,5.318155,5.279238,5.302995,5.329318,5.416642,0,0,0,0,0,0
2025/04/06 22:20:00.932,n,1.887837,25.495996,0.000146,8.112764e-06,-8.197957e-05,5.876261e-06,4.870878,4.985421,5.069146,5.205648,4.961927,5.309901,5.282018,5.307398,5.332064,5.416642,0,0,0,0,0,0
2025/04/06 22:21:00.933,n,1.835491,25.56558,0.000151,6.093577e-06,-9.2818e-05,1.49255e-05,4.867905,4.976599,5.0574,5.199799,4.956047,5.318155,5.282018,5.301533,5.334908,5.406276,0,0,0,0,0,0
2025/04/06 22:22:00.922,n,1.870941,25.462266,0.000157,9.343232e-06,-8.732456e-05,4.23067e-06,4.85468,4.978061,5.063265,5.199799,4.963357,5.315408,5.282018,5.297063,5.334908,5.41518,0,0,0,0,0,0
2025/04/06 22:23:00.922,n,1.828804,25.547978,0.000157,1.01086e-05,-9.816298e-05,5.331868e-06,4.857604,4.973658,5.061802,5.196873,4.96482,5.315408,5.284812,5.291165,5.34053,5.409281,0,0,0,0,0,0
2025/04/06 22:24:00.925,n,1.794964,25.574774,0.000151,1.078408e-05,-9.2818e-05,5.363274e-06,4.856142,4.972195,5.058876,5.190975,4.963357,5.307122,5.284812,5.298526,5.343276,5.409281,0,0,0,0,0,0
2025/04/06 22:25:00.926,n,1.803463,25.738336,0.000162,9.063614e-06,-8.732456e-05,4.857488e-06,4.857604,4.970783,5.054475,5.188034,4.960449,5.309901,5.287623,5.292628,5.337784,5.406276,0,0,0,0,0,0
2025/04/06 22:26:00.913,n,1.786568,25.676336,0.000151,8.771406e-06,-9.816298e-05,6.673688e-06,4.844379,4.978061,5.044205,5.196873,4.951658,5.312647,5.276493,5.280832,5.329318,5.397452,0,0,0,0,0,0
2025/04/06 22:27:00.915,n,1.764595,26.031606,0.000151,7.326546e-06,-9.816298e-05,6.080949e-06,4.834111,4.973658,5.050039,5.196873,4.947224,5.304375,5.276493,5.280832,5.343276,5.407803,0,0,0,0,0,0
2025/04/06 22:28:00.916,n,1.778118,25.89191,0.000146,5.635599e-06,-0.000104,4.286715e-06,4.847305,4.972195,5.054475,5.189497,4.945761,5.307122,5.270902,5.286762,5.332064,5.404813,0,0,0,0,0,0
2025/04/06 22:29:00.918,n,1.740963,26.13927,0.000162,7.4687e-06,-0.000109,5.425482e-06,4.841471,4.975121,5.050039,5.188034,4.947224,5.309901,5.273649,5.277907,5.34053,5.395908,0,0,0,0,0,0
2025/04/06 22:30:00.918,n,1.724068,26.286322,0.000136,5.196213e-06,-0.000114,5.644875e-06,4.835541,4.96633,5.041201,5.179261,4.938386,5.309901,5.276493,5.277907,5.34053,5.395908,0,0,0,0,0,0
2025/04/06 22:31:00.919,n,1.791096,26.215216,0.000288,2.91675e-05,3.261041e-05,2.977672e-05,4.872437,5.013514,5.076653,5.22643,4.973837,5.250511,5.217136,5.314857,5.278296,5.428537,0,0,0,0,0,0
2025/04/06 22:32:00.924,n,1.769123,26.352872,0.000273,8.368768e-06,1.078508e-05,9.251942e-06,4.868099,4.998842,5.084029,5.192682,4.972343,5.253289,5.222628,5.314857,5.283886,5.434403,0,0,0,0,0,0
2025/04/06 22:33:00.924,n,1.750568,26.482504,0.000236,1.175417e-05,-5.335702e-08,7.112286e-06,4.866622,4.988541,5.075191,5.207322,4.960644,5.258879,5.225422,5.303092,5.283886,5.437361,0,0,0,0,0,0
2025/04/06 22:34:00.927,n,1.701641,26.572614,0.000251,8.297764e-06,-5.54681e-06,3.899176e-06,4.871024,4.979768,5.069357,5.208817,4.954746,5.258879,5.236635,5.308991,5.297795,5.434403,0,0,0,0,0,0
2025/04/06 22:35:00.929,n,1.748859,26.70015,0.000251,1.06131e-05,-1.089179e-05,4.184335e-06,4.875396,4.979768,5.069357,5.205859,4.959166,5.258879,5.233758,5.30748,5.29227,5.429935,0,0,0,0,0,0
2025/04/06 22:36:00.931,n,1.743782,27.082092,0.00023,8.924282e-06,-2.173022e-05,4.190074e-06,4.871024,4.981213,5.061981,5.205859,4.948865,5.267166,5.233758,5.308991,5.300541,5.424068,0,0,0,0,0,0
2025/04/06 22:37:00.933,n,1.730305,27.265424,0.000215,7.276828e-06,-2.737215e-05,6.270784e-06,4.863632,4.969467,5.059024,5.205859,4.94594,5.267166,5.239381,5.303092,5.297795,5.416707,0,0,0,0,0,0
2025/04/06 22:38:00.919,n,1.753937,26.591658,0.000225,7.238736e-06,-2.737215e-05,4.990071e-06,4.84459,4.972343,5.063459,5.197052,4.948865,5.269928,5.236635,5.295651,5.306147,5.415229,0,0,0,0,0,0
2025/04/06 22:39:00.924,n,1.716827,26.699378,0.000215,6.662548e-06,-3.271713e-05,4.316804e-06,4.843128,4.973837,5.059024,5.194094,4.941537,5.272788,5.242142,5.288322,5.306147,5.416707,0,0,0,0,0,0
2025/04/06 22:40:00.907,n,1.725227,26.635588,0.000215,8.285611e-06,-3.271713e-05,6.953121e-06,4.84459,4.984139,5.050217,5.202918,4.932731,5.272788,5.231013,5.289735,5.308926,5.40491,0,0,0,0,0,0
2025/04/06 22:41:00.911,n,1.716827,26.697936,0.000215,5.189246e-06,-3.271713e-05,5.391413e-06,4.835752,4.979768,5.044385,5.198547,4.932731,5.272788,5.236635,5.273503,5.306147,5.40491,0,0,0,0,0,0
2025/04/06 22:42:00.914,n,1.710041,26.904486,0.000215,7.856311e-06,-4.355556e-05,6.345688e-06,4.835752,4.97824,5.038486,5.202918,4.931269,5.275549,5.242142,5.274966,5.306147,5.40491,0,0,0,0,0,0
2025/04/06 22:43:00.915,n,1.662777,26.743758,0.000194,8.459662e-06,-4.904901e-05,4.289502e-06,4.82836,4.97824,5.04289,5.197052,4.934194,5.278296,5.233758,5.276493,5.303385,5.409331,0,0,0,0,0,0
2025/04/06 22:44:00.918,n,1.672882,26.678542,0.000199,7.436631e-06,-4.904901e-05,8.266352e-06,4.822495,4.965014,5.039949,5.191187,4.935672,5.267166,5.233758,5.273503,5.306147,5.397501,0,0,0,0,0,0
2025/04/06 22:45:00.919,n,1.671173,26.601674,0.000209,6.242495e-06,-4.355556e-05,5.704522e-06,4.832828,4.969467,5.04289,5.189724,4.934194,5.275549,5.231013,5.279434,5.306147,5.409331,0,0,0,0,0,0
2025/04/06 22:46:00.921,n,1.694855,26.654684,0.000194,6.50041e-06,-4.355556e-05,4.861227e-06,4.831365,4.969467,5.037023,5.179472,4.931269,5.269928,5.228169,5.272089,5.311672,5.406373,0,0,0,0,0,0
2025/04/06 22:47:00.921,n,1.669514,26.940476,0.000194,8.208383e-06,-6.523242e-05,6.963315e-06,4.825467,4.956208,5.038486,5.182412,4.932731,5.272788,5.236635,5.274966,5.314418,5.409331,0,0,0,0,0,0
2025/04/06 22:48:00.924,n,1.667805,26.802826,0.000199,7.878479e-06,-6.523242e-05,7.687277e-06,4.82836,4.951805,5.041412,5.173574,4.925371,5.272788,5.239381,5.267621,5.314418,5.403432,0,0,0,0,0,0
2025/04/06 22:49:00.910,n,1.662777,26.849288,0.000183,8.737908e-06,-7.621933e-05,9.227492e-06,4.815167,4.966542,5.022352,5.185321,4.915135,5.278296,5.236635,5.264696,5.314418,5.385703,0,0,0,0,0,0
2025/04/06 22:50:00.913,n,1.655987,26.93408,0.000183,4.960128e-06,-7.057741e-05,6.07303e-06,4.809269,4.962106,5.023814,5.176482,4.913607,5.28114,5.239381,5.255825,5.311672,5.394608,0,0,0,0,0,0
2025/04/06 22:51:00.915,n,1.659405,27.083848,0.000178,6.978119e-06,-6.523242e-05,9.433502e-06,4.810765,4.947403,5.022352,5.172111,4.915135,5.275549,5.239381,5.255825,5.311672,5.387232,0,0,0,0,0,0
2025/04/06 22:52:00.918,n,1.661068,27.105426,0.000183,5.453625e-06,-5.973897e-05,7.538151e-06,4.815167,4.944494,5.017949,5.172111,4.918028,5.28114,5.242142,5.258765,5.317294,5.388644,0,0,0,0,0,0
2025/04/06 22:53:00.918,n,1.62225,27.105426,0.000178,8.525682e-06,-8.171278e-05,7.198087e-06,4.812226,4.947403,5.023814,5.169171,4.915135,5.272788,5.239381,5.249893,5.308926,5.385703,0,0,0,0,0,0
2025/04/06 22:54:00.920,n,1.625568,27.477376,0.000173,8.178424e-06,-7.621933e-05,6.935547e-06,4.809269,4.94594,5.022352,5.1648,4.910668,5.28114,5.250511,5.255825,5.320056,5.385703,0,0,0,0,0,0
2025/04/06 22:55:00.924,n,1.612091,27.457514,0.000188,8.832026e-06,-7.057741e-05,5.179029e-06,4.809269,4.937102,5.025277,5.166246,4.913607,5.278296,5.239381,5.258765,5.325548,5.388644,0,0,0,0,0,0
2025/04/06 22:56:00.925,n,1.645832,27.54805,0.000178,6.591197e-06,-7.621933e-05,4.594797e-06,4.815167,4.931269,5.020824,5.157407,4.903356,5.275549,5.242142,5.25727,5.317294,5.387232,0,0,0,0,0,0
2025/04/06 22:57:00.927,n,1.642513,27.400022,0.000178,7.121967e-06,-9.255122e-05,5.415113e-06,4.813689,4.926833,5.025277,5.147137,4.906297,5.272788,5.239381,5.26026,5.311672,5.388644,0,0,0,0,0,0
2025/04/06 22:58:00.913,n,1.634064,27.293854,0.000167,8.680056e-06,-8.171278e-05,7.112211e-06,4.796094,4.937102,5.010573,5.16181,4.904834,5.275549,5.233758,5.243995,5.322802,5.379772,0,0,0,0,0,0
2025/04/06 22:59:00.915,n,1.632355,27.482282,0.000167,9.037062e-06,-9.255122e-05,7.457665e-06,4.785793,4.934194,5.004675,5.158885,4.897458,5.275549,5.231013,5.239575,5.320056,5.376896,0,0,0,0,0,0
2025/04/06 23:00:00.914,n,1.647541,27.651418,0.000162,6.125717e-06,-8.705776e-05,7.655596e-06,4.796094,4.938565,5.003213,5.16181,4.903356,5.269928,5.239381,5.249893,5.317294,5.373906,0,0,0,0,0,0
2025/04/06 23:01:00.912,n,1.630646,27.655318,0.000215,2.973877e-05,-3.271713e-05,3.335622e-05,4.815167,4.960644,5.013514,5.18095,4.910668,5.245003,5.200416,5.26026,5.286648,5.38424,0,0,0,0,0,0
2025/04/06 23:02:00.913,n,1.637432,27.388818,0.000188,8.009071e-06,-5.439399e-05,9.575114e-06,4.791626,4.940075,5.012051,5.170648,4.894533,5.258879,5.214259,5.24107,5.300541,5.397501,0,0,0,0,0,0
2025/04/06 23:03:00.915,n,1.629036,27.36498,0.000194,7.769999e-06,-5.439399e-05,6.692898e-06,4.791626,4.937102,5.006153,5.166246,4.904834,5.256051,5.219882,5.243995,5.295017,5.388644,0,0,0,0,0,0
2025/04/06 23:04:00.920,n,1.591827,27.501794,0.000188,4.722636e-06,-6.523242e-05,4.293905e-06,4.801927,4.934194,5.009111,5.158885,4.900367,5.256051,5.217136,5.245506,5.300541,5.38125,0,0,0,0,0,0
2025/04/06 23:05:00.921,n,1.598568,27.437194,0.000188,1.016023e-05,-5.973897e-05,6.14367e-06,4.807856,4.929806,5.012051,5.155976,4.904834,5.258879,5.222628,5.243995,5.303385,5.385703,0,0,0,0,0,0
2025/04/06 23:06:00.923,n,1.551251,27.57543,0.000162,5.723175e-06,-8.705776e-05,6.35784e-06,4.794616,4.929806,5.012051,5.15011,4.901894,5.261641,5.222628,5.246968,5.306147,5.382777,0,0,0,0,0,0
2025/04/06 23:07:00.909,n,1.576595,27.795426,0.000167,6.559367e-06,-9.78962e-05,8.484212e-06,4.794616,4.934194,4.995902,5.158885,4.888636,5.267166,5.222628,5.242533,5.306147,5.373906,0,0,0,0,0,0
2025/04/06 23:08:00.912,n,1.554668,28.020124,0.000162,7.112528e-06,-9.255122e-05,5.802756e-06,4.784331,4.934194,4.992912,5.154514,4.885695,5.261641,5.225422,5.230801,5.314418,5.372443,0,0,0,0,0,0
2025/04/06 23:09:00.914,n,1.563118,27.899064,0.000157,8.038857e-06,-0.000103,6.560352e-06,4.782788,4.923908,4.995902,5.148632,4.884234,5.272788,5.225422,5.233726,5.311672,5.369471,0,0,0,0,0,0
2025/04/06 23:10:00.916,n,1.546173,27.88689,0.000146,5.170291e-06,-9.78962e-05,5.299971e-06,4.78139,4.92243,4.992912,5.148632,4.885695,5.272788,5.228169,5.233726,5.317294,5.365017,0,0,0,0,0,0
2025/04/06 23:11:00.918,n,1.564827,28.333638,0.000146,7.832101e-06,-0.000109,6.287141e-06,4.778418,4.910668,4.988541,5.141272,4.881293,5.267166,5.225422,5.230801,5.314418,5.363539,0,0,0,0,0,0
2025/04/06 23:12:00.922,n,1.558041,28.089554,0.000146,7.860421e-06,-9.78962e-05,4.859881e-06,4.78139,4.91213,4.992912,5.141272,4.879862,5.267166,5.231013,5.235236,5.317294,5.372443,0,0,0,0,0,0
2025/04/06 23:13:00.924,n,1.547932,28.103312,0.000146,7.767671e-06,-0.000103,4.878718e-06,4.779896,4.906297,4.991449,5.135438,4.876889,5.269928,5.233758,5.230801,5.320056,5.372443,0,0,0,0,0,0
2025/04/06 23:14:00.924,n,1.534359,28.14923,0.000136,9.270496e-06,-0.000114,5.40616e-06,4.776955,4.891561,4.992912,5.139776,4.875396,5.267166,5.236635,5.229355,5.317294,5.368008,0,0,0,0,0,0
2025/04/06 23:15:00.926,n,1.547745,28.333766,0.000236,6.720083e-06,-3.283776e-05,7.649424e-06,4.798693,4.914794,5.014668,5.154206,4.895655,5.190975,5.151996,5.24666,5.243849,5.388239,0,0,0,0,0,0
2025/04/06 23:16:00.914,n,1.500431,28.376302,0.000225,6.086576e-06,-3.847968e-05,5.493918e-06,4.785517,4.933868,5.001507,5.162978,4.886897,5.193722,5.151996,5.233433,5.241005,5.370543,0,0,0,0,0,0
2025/04/06 23:17:00.916,n,1.47504,28.643132,0.000215,4.909866e-06,-2.734431e-05,3.986925e-06,4.782544,4.928035,4.995576,5.167367,4.891284,5.196501,5.154757,5.236423,5.241005,5.383786,0,0,0,0,0,0
2025/04/06 23:18:00.918,n,1.47504,28.695302,0.000225,6.79008e-06,-3.283776e-05,7.288459e-06,4.778093,4.928035,4.995576,5.151232,4.886897,5.188214,5.149217,5.227584,5.238259,5.379382,0,0,0,0,0,0
2025/04/06 23:19:00.920,n,1.449699,28.508718,0.000215,5.175286e-06,-3.283776e-05,5.317311e-06,4.782544,4.917734,5.001507,5.148275,4.886897,5.193722,5.154757,5.231955,5.249374,5.377887,0,0,0,0,0,0
2025/04/06 23:20:00.923,n,1.410637,28.700812,0.000209,9.173556e-06,-4.931812e-05,4.83593e-06,4.785517,4.917734,4.998501,5.143904,4.88836,5.199343,5.149217,5.231955,5.243849,5.379382,0,0,0,0,0,0
2025/04/06 23:21:00.926,n,1.383682,28.778916,0.000204,9.03077e-06,-4.382467e-05,4.340345e-06,4.779587,4.916257,5.002937,5.143904,4.885419,5.193722,5.157601,5.230525,5.241005,5.388239,0,0,0,0,0,0
2025/04/06 23:22:00.929,n,1.345013,28.939382,0.000209,7.511991e-06,-4.931812e-05,6.292879e-06,4.785517,4.908896,5.001507,5.142426,4.875151,5.190975,5.16038,5.233433,5.249374,5.377887,0,0,0,0,0,0
2025/04/06 23:23:00.929,n,1.355068,28.897492,0.000199,8.710958e-06,-5.46631e-05,3.603494e-06,4.776647,4.903031,5.000012,5.135098,4.869221,5.199343,5.154757,5.230525,5.252135,5.385249,0,0,0,0,0,0
2025/04/06 23:24:00.930,n,1.311321,29.036986,0.000199,9.406348e-06,-5.46631e-05,6.273667e-06,4.779587,4.905956,4.995576,5.138055,4.879522,5.193722,5.151996,5.236423,5.249374,5.369015,0,0,0,0,0,0
2025/04/06 23:25:00.916,n,1.316349,29.042754,0.000193,6.961251e-06,-5.46631e-05,5.831571e-06,4.766379,4.905956,4.980904,5.1395,4.869221,5.193722,5.157601,5.217282,5.246595,5.364611,0,0,0,0,0,0
2025/04/06 23:26:00.918,n,1.309612,29.644942,0.000204,1.02002e-05,-5.46631e-05,5.865616e-06,4.766379,4.910424,4.98677,5.138055,4.867758,5.199343,5.146471,5.221685,5.252135,5.360176,0,0,0,0,0,0
2025/04/06 23:27:00.921,n,1.227139,29.42623,0.000199,9.58323e-06,-6.550153e-05,7.388725e-06,4.763421,4.903031,4.985275,5.13063,4.869221,5.196501,5.151996,5.217282,5.246595,5.364611,0,0,0,0,0,0
2025/04/06 23:28:00.922,n,1.255753,29.552754,0.000193,6.882489e-06,-6.550153e-05,8.953224e-06,4.766379,4.900122,4.985275,5.129232,4.86485,5.190975,5.146471,5.220288,5.252135,5.372006,0,0,0,0,0,0
2025/04/06 23:29:00.927,n,1.215324,29.717158,0.000188,8.667544e-06,-6.000808e-05,4.81035e-06,4.759018,4.892762,4.982367,5.124829,4.867758,5.193722,5.149217,5.217282,5.249374,5.366089,0,0,0,0,0,0
2025/04/06 23:30:00.925,n,1.26083,30.07672,0.000188,6.506767e-06,-6.550153e-05,4.87981e-06,4.761959,4.901585,4.982367,5.124829,4.861893,5.190975,5.154757,5.220288,5.252135,5.363149,0,0,0,0,0,0
2025/04/06 23:31:00.919,n,1.270889,29.918498,0.00023,3.275954e-05,-1.665435e-05,3.1248e-05,4.769254,4.910424,4.994098,5.1395,4.873688,5.171494,5.12413,5.234895,5.224253,5.380845,0,0,0,0,0,0
2025/04/06 23:32:00.922,n,1.265812,29.914798,0.00022,6.113262e-06,-3.847968e-05,8.48156e-06,4.767856,4.907434,4.991205,5.136593,4.876564,5.179748,5.12972,5.221685,5.229875,5.372006,0,0,0,0,0,0
2025/04/06 23:33:00.926,n,1.302921,29.79653,0.000193,1.107976e-05,-4.931812e-05,8.95874e-06,4.760481,4.889822,4.98383,5.13063,4.867758,5.177002,5.138088,5.229062,5.235498,5.370543,0,0,0,0,0,0
2025/04/06 23:34:00.911,n,1.31469,30.41774,0.000183,9.841414e-06,-6.000808e-05,7.903058e-06,4.750246,4.900122,4.967664,5.133635,4.853088,5.182624,5.140849,5.208509,5.241005,5.348378,0,0,0,0,0,0
2025/04/06 23:35:00.911,n,1.312981,29.921478,0.000173,8.61027e-06,-6.000808e-05,6.288091e-06,4.747256,4.900122,4.963293,5.13063,4.854551,5.188214,5.140849,5.20261,5.246595,5.348378,0,0,0,0,0,0
2025/04/06 23:36:00.913,n,1.307903,29.896402,0.000178,9.829988e-06,-7.084651e-05,7.347411e-06,4.750246,4.892762,4.964771,5.13214,4.850147,5.188214,5.138088,5.205551,5.252135,5.352782,0,0,0,0,0,0
2025/04/06 23:37:00.916,n,1.277676,29.85266,0.000173,5.673069e-06,-7.633997e-05,6.160653e-06,4.738451,4.89416,4.970603,5.124829,4.84425,5.196501,5.143709,5.19819,5.252135,5.349857,0,0,0,0,0,0
2025/04/06 23:38:00.920,n,1.301212,29.650104,0.000188,6.474323e-06,-7.084651e-05,6.591932e-06,4.745778,4.892762,4.969141,5.120393,4.848652,5.193722,5.140849,5.20118,5.246595,5.355788,0,0,0,0,0,0
2025/04/06 23:39:00.921,n,1.307903,30.303838,0.000183,9.33161e-06,-7.633997e-05,5.444676e-06,4.747256,4.892762,4.967664,5.117485,4.854551,5.18537,5.138088,5.20261,5.254915,5.354277,0,0,0,0,0,0
2025/04/06 23:40:00.924,n,1.294476,30.21268,0.000178,6.072551e-06,-8.732688e-05,8.421052e-06,4.747256,4.880985,4.969141,5.113033,4.850147,5.193722,5.140849,5.207046,5.246595,5.352782,0,0,0,0,0,0
2025/04/06 23:41:00.925,n,1.267521,29.950312,0.000183,9.04735e-06,-8.732688e-05,4.399159e-06,4.745778,4.879522,4.960367,5.110156,4.853088,5.182624,5.140849,5.204088,5.249374,5.355788,0,0,0,0,0,0
2025/04/06 23:42:00.929,n,1.297844,30.122446,0.000157,9.53688e-06,-8.168494e-05,7.027468e-06,4.750246,4.876564,4.969141,5.107216,4.853088,5.18537,5.135244,5.209986,5.249374,5.360176,0,0,0,0,0,0
2025/04/06 23:43:00.913,n,1.262444,30.24559,0.000162,9.857286e-06,-9.282032e-05,6.965982e-06,4.732585,4.879522,4.951529,5.123366,4.83983,5.193722,5.140849,5.19091,5.249374,5.343975,0,0,0,0,0,0
2025/04/06 23:44:00.917,n,1.232121,30.244876,0.000146,9.870644e-06,-9.81653e-05,5.440462e-06,4.731123,4.882462,4.948571,5.110156,4.833949,5.190975,5.140849,5.19091,5.252135,5.338077,0,0,0,0,0,0
2025/04/06 23:45:00.918,n,1.238907,30.19585,0.000151,1.086607e-05,-9.81653e-05,5.897328e-06,4.729646,4.876564,4.960367,5.108693,4.833949,5.190975,5.143709,5.179114,5.257725,5.335087,0,0,0,0,0,0
