"Timestamp","TZ","TA_1_1_1","RH_1_1_1","PPFD_BC_IN_1_1_1","PPFD_BC_IN_1_1_1_SD","PPFD_BC_IN_1_1_2","PPFD_BC_IN_1_1_2_SD","TS_6_1_1","TS_6_2_1","TS_7_1_1","TS_7_2_1","TS_8_1_1","TS_8_2_1","TS_9_1_1","TS_9_2_1","TS_10_1_1","TS_10_2_1","P_1_2_1","P_1_3_1","P_1_4_1","1160CV","1038CV","1161CV"
2025/05/09 23:46:00.921,n,8.957124,52.5161,0.000184,1.127223e-05,-8.197957e-05,4.057974e-06,9.290286,9.274198,9.22001,9.22001,9.530452,9.77548,9.979804,9.679736,9.574068,9.451404,0,0,0,0,0,0
2025/05/09 23:47:00.923,n,8.952096,52.615368,0.000194,1.128655e-05,-7.114114e-05,5.38245e-06,9.290286,9.269822,9.214122,9.217066,9.53634,9.772682,9.96856,9.679736,9.565706,9.457292,0,0,0,0,0,0
2025/05/09 23:48:00.927,n,8.953754,52.857216,0.000178,8.128036e-06,-8.76215e-05,7.268302e-06,9.275662,9.275662,9.215602,9.212658,9.537804,9.772682,9.96856,9.681182,9.57122,9.458756,0,0,0,0,0,0
2025/05/09 23:49:00.928,n,8.960396,52.860536,0.000168,7.578595e-06,-7.663459e-05,7.744268e-06,9.282982,9.269822,9.221442,9.206786,9.531898,9.764304,9.974172,9.670966,9.568472,9.457292,0,0,0,0,0,0
2025/05/09 23:50:00.930,n,8.915424,52.638516,0.000141,1.518997e-05,-0.00012,1.416385e-05,9.268356,9.246346,9.206786,9.200912,9.521668,9.781076,9.985336,9.656292,9.582446,9.44701,0,0,0,0,0,0
2025/05/09 23:51:00.933,n,8.928754,52.641884,0.000147,1.090678e-05,-9.845992e-05,8.36174e-06,9.271236,9.25222,9.209746,9.193624,9.526042,9.78386,9.982554,9.6607,9.588076,9.449938,0,0,0,0,0,0
2025/05/09 23:52:00.918,n,8.930416,52.598816,0.000136,6.171103e-06,-0.000115,6.463639e-06,9.274198,9.244852,9.195058,9.200912,9.505576,9.78386,9.976954,9.66218,9.585294,9.442602,0,0,0,0,0,0
2025/05/09 23:53:00.921,n,8.907124,52.774208,0.000131,7.453983e-06,-9.845992e-05,4.621571e-06,9.265412,9.25222,9.184842,9.202378,9.508488,9.78386,9.979804,9.657772,9.582446,9.436746,0,0,0,0,0,0
2025/05/09 23:54:00.921,n,8.920406,52.645152,0.000147,6.615847e-06,-0.000104,5.166917e-06,9.265412,9.243436,9.198,9.205322,9.509954,9.77823,9.974172,9.663676,9.582446,9.436746,0,0,0,0,0,0
2025/05/09 23:55:00.925,n,8.917134,52.9203,0.000141,6.124557e-06,-0.000115,4.002115e-06,9.262502,9.247812,9.186306,9.190682,9.509954,9.77823,9.982554,9.659236,9.582446,9.432368,0,0,0,0,0,0
2025/05/09 23:56:00.925,n,8.895406,52.88212,0.000136,6.179053e-06,-0.00012,5.113636e-06,9.256596,9.239044,9.180432,9.187786,9.5012,9.78386,9.982554,9.648986,9.590922,9.427994,0,0,0,0,0,0
2025/05/09 23:57:00.926,n,8.947114,52.762636,0.000131,9.216056e-06,-0.000126,5.954935e-06,9.258076,9.244852,9.187786,9.186306,9.511418,9.772682,9.974172,9.646074,9.585294,9.427994,0,0,0,0,0,0
2025/05/09 23:58:00.928,n,8.933784,52.555796,0.000126,6.88568e-06,-0.00012,8.569662e-06,9.258076,9.243436,9.184842,9.181912,9.50408,9.781076,9.979804,9.646074,9.585294,9.436746,0,0,0,0,0,0
2025/05/09 23:59:00.931,n,8.922116,52.590616,0.00012,5.393719e-06,-0.000126,7.193352e-06,9.250756,9.230292,9.181912,9.180432,9.50704,9.77823,9.971408,9.640234,9.5796,9.43385,0,0,0,0,0,0
2025/05/10 00:00:00.932,n,8.912152,52.72128,0.000147,9.884052e-06,-0.000115,6.541223e-06,9.261004,9.234668,9.180432,9.177504,9.505576,9.781076,9.976954,9.64754,9.574068,9.438226,0,0,0,0,0,0
2025/05/10 00:01:00.907,n,8.937134,52.898752,0.000279,3.004074e-05,4.312639e-05,2.945983e-05,9.315484,9.268634,9.243712,9.223216,9.539546,9.703212,9.901932,9.703424,9.51023,9.491196,0,0,0,0,0,0
2025/05/10 00:02:00.910,n,8.948854,52.872188,0.000252,1.517797e-05,2.159799e-05,5.699218e-06,9.305202,9.261282,9.227592,9.218806,9.532258,9.70881,9.907562,9.70056,9.518608,9.475122,0,0,0,0,0,0
2025/05/10 00:03:00.914,n,8.912182,52.897092,0.000257,1.044327e-05,1.046261e-05,5.961587e-06,9.300876,9.258402,9.218806,9.215896,9.523424,9.725584,9.921554,9.693238,9.524302,9.476602,0,0,0,0,0,0
2025/05/10 00:04:00.912,n,8.938844,52.842256,0.000247,8.54324e-06,1.046261e-05,7.379033e-06,9.297948,9.252498,9.218806,9.22175,9.526384,9.714454,9.913176,9.688862,9.524302,9.475122,0,0,0,0,0,0
2025/05/10 00:05:00.914,n,8.925514,52.985076,0.000236,7.874379e-06,-3.75819e-07,4.462242e-06,9.287666,9.262746,9.218806,9.208526,9.517566,9.717202,9.915956,9.684452,9.524302,9.467752,0,0,0,0,0,0
2025/05/10 00:06:00.916,n,8.950512,52.935272,0.000231,7.203312e-06,-1.670771e-05,6.964071e-06,9.28913,9.258402,9.205614,9.212968,9.517566,9.722832,9.918708,9.682956,9.527068,9.461962,0,0,0,0,0,0
2025/05/10 00:07:00.917,n,8.927174,52.980144,0.000231,6.263569e-06,-1.106578e-05,7.700598e-06,9.284722,9.259882,9.20415,9.214432,9.517566,9.711608,9.915956,9.677148,9.527068,9.463442,0,0,0,0,0,0
2025/05/10 00:08:00.920,n,8.910522,52.79084,0.00021,9.123e-06,-3.303959e-05,8.253238e-06,9.278882,9.252498,9.199742,9.207062,9.504422,9.728348,9.918708,9.67126,9.529818,9.45168,0,0,0,0,0,0
2025/05/10 00:09:00.924,n,8.920532,53.033272,0.000221,6.619361e-06,-2.754614e-05,5.247017e-06,9.275906,9.255442,9.192406,9.198278,9.500012,9.722832,9.910328,9.67126,9.529818,9.447288,0,0,0,0,0,0
2025/05/10 00:10:00.909,n,8.908864,52.852264,0.000205,9.642096e-06,-3.838457e-05,7.450478e-06,9.280346,9.236376,9.202686,9.195366,9.504422,9.725584,9.913176,9.669794,9.535444,9.460498,0,0,0,0,0,0
2025/05/10 00:11:00.910,n,8.890554,52.823992,0.000221,8.008426e-06,-3.838457e-05,6.780054e-06,9.275906,9.23491,9.199742,9.19387,9.502942,9.717202,9.913176,9.67126,9.535444,9.454624,0,0,0,0,0,0
2025/05/10 00:12:00.914,n,8.897194,53.247284,0.00021,4.179286e-06,-2.754614e-05,3.880352e-06,9.272976,9.233432,9.196814,9.19387,9.501476,9.722832,9.915956,9.652224,9.532696,9.447288,0,0,0,0,0,0
2025/05/10 00:13:00.917,n,8.905544,52.993428,0.000205,6.974785e-06,-4.40265e-05,7.149498e-06,9.274442,9.23784,9.195366,9.201222,9.491196,9.719952,9.913176,9.656632,9.529818,9.438534,0,0,0,0,0,0
2025/05/10 00:14:00.922,n,8.875562,52.897092,0.000215,5.712556e-06,-3.838457e-05,3.620082e-06,9.264224,9.231966,9.207062,9.179214,9.511726,9.725584,9.915956,9.653722,9.529818,9.457568,0,0,0,0,0,0
2025/05/10 00:15:00.924,n,8.847196,53.033272,0.000215,9.5126e-06,-3.303959e-05,4.575921e-06,9.261282,9.229024,9.195366,9.174836,9.498566,9.719952,9.918708,9.656632,9.538196,9.453158,0,0,0,0,0,0
2025/05/10 00:16:00.928,n,8.845532,53.03654,0.00021,7.222298e-06,-5.486493e-05,7.503861e-06,9.259882,9.220272,9.195366,9.17778,9.494124,9.722832,9.913176,9.652224,9.532696,9.45168,0,0,0,0,0,0
2025/05/10 00:17:00.926,n,8.838844,53.078044,0.000184,1.11745e-05,-4.937148e-05,7.037021e-06,9.258402,9.220272,9.195366,9.17778,9.494124,9.717202,9.910328,9.655202,9.524302,9.453158,0,0,0,0,0,0
2025/05/10 00:18:00.929,n,8.842214,53.154364,0.000194,8.909504e-06,-6.020991e-05,8.139393e-06,9.264224,9.220272,9.187996,9.18362,9.488348,9.717202,9.907562,9.652224,9.541076,9.45168,0,0,0,0,0,0
2025/05/10 00:19:00.916,n,8.828836,53.40158,0.000199,3.512861e-06,-4.40265e-05,5.261302e-06,9.24812,9.226128,9.182156,9.171926,9.49266,9.717202,9.901932,9.637598,9.529818,9.441464,0,0,0,0,0,0
2025/05/10 00:20:00.917,n,8.835572,53.217404,0.000205,7.810132e-06,-4.40265e-05,4.902657e-06,9.243712,9.220272,9.176302,9.174836,9.488348,9.714454,9.910328,9.637598,9.532696,9.445808,0,0,0,0,0,0
2025/05/10 00:21:00.917,n,8.772244,53.378292,0.000199,6.09294e-06,-6.020991e-05,6.292866e-06,9.245192,9.215896,9.176302,9.167518,9.480978,9.717202,9.913176,9.628814,9.535444,9.432678,0,0,0,0,0,0
2025/05/10 00:22:00.919,n,8.798856,53.240692,0.000189,1.039528e-05,-6.020991e-05,3.880383e-06,9.245192,9.220272,9.173406,9.168998,9.488348,9.719952,9.904698,9.640542,9.535444,9.442926,0,0,0,0,0,0
2025/05/10 00:23:00.926,n,8.793874,53.142792,0.000205,1.329073e-05,-6.020991e-05,5.572433e-06,9.246656,9.209992,9.179214,9.15875,9.482444,9.714454,9.907562,9.637598,9.532696,9.432678,0,0,0,0,0,0
2025/05/10 00:24:00.925,n,8.802224,53.360076,0.000189,8.487104e-06,-6.570336e-05,4.359334e-06,9.243712,9.212968,9.17778,9.16602,9.4795,9.711608,9.899084,9.639064,9.524302,9.444374,0,0,0,0,0,0
2025/05/10 00:25:00.926,n,8.797242,53.3634,0.000205,5.905593e-06,-5.486493e-05,4.213305e-06,9.246656,9.209992,9.179214,9.167518,9.482444,9.717202,9.899084,9.639064,9.532696,9.445808,0,0,0,0,0,0
2025/05/10 00:26:00.928,n,8.7906,53.361736,0.000194,5.709389e-06,-5.486493e-05,7.010811e-06,9.24812,9.214432,9.176302,9.161676,9.478034,9.70881,9.899084,9.639064,9.521422,9.43559,0,0,0,0,0,0
2025/05/10 00:27:00.932,n,8.783864,53.192548,0.000199,8.468972e-06,-6.020991e-05,6.27081e-06,9.245192,9.205614,9.167518,9.161676,9.470714,9.711608,9.901932,9.633254,9.524302,9.44,0,0,0,0,0,0
2025/05/10 00:28:00.915,n,8.775514,53.305388,0.000168,7.609218e-06,-7.669027e-05,7.091837e-06,9.227592,9.205614,9.152862,9.157236,9.470714,9.714454,9.901932,9.617132,9.529818,9.418054,0,0,0,0,0,0
2025/05/10 00:29:00.920,n,8.783864,53.559052,0.000189,6.143827e-06,-6.570336e-05,6.766016e-06,9.22468,9.209992,9.157236,9.15875,9.470714,9.70881,9.901932,9.617132,9.529818,9.420964,0,0,0,0,0,0
2025/05/10 00:30:00.919,n,8.772244,53.45466,0.000178,7.070628e-06,-6.570336e-05,4.685354e-06,9.22175,9.20415,9.161676,9.149932,9.470714,9.711608,9.887858,9.622972,9.527068,9.423844,0,0,0,0,0,0
2025/05/10 00:31:00.918,n,8.772244,53.724728,0.000247,2.469018e-05,-1.106578e-05,3.152596e-05,9.236376,9.22468,9.182156,9.174836,9.488348,9.672462,9.862704,9.634668,9.493456,9.441464,0,0,0,0,0,0
2025/05/10 00:32:00.920,n,8.773854,53.60876,0.000236,9.777012e-06,-1.670771e-05,7.027672e-06,9.23784,9.215896,9.18362,9.168998,9.491196,9.675214,9.871084,9.640542,9.496304,9.444374,0,0,0,0,0,0
2025/05/10 00:33:00.925,n,8.772244,53.492796,0.000226,9.862788e-06,-3.838457e-05,8.583172e-06,9.23491,9.207062,9.170462,9.160214,9.475122,9.683688,9.868334,9.631758,9.50185,9.437054,0,0,0,0,0,0
2025/05/10 00:34:00.924,n,8.767212,53.62868,0.000215,7.456755e-06,-4.937148e-05,9.686418e-06,9.239288,9.196814,9.164556,9.145524,9.461962,9.697712,9.879478,9.62738,9.51023,9.437054,0,0,0,0,0,0
2025/05/10 00:35:00.928,n,8.762234,53.656808,0.000199,6.015695e-06,-5.486493e-05,6.591001e-06,9.23491,9.20415,9.164556,9.148468,9.461962,9.692068,9.871084,9.625916,9.507446,9.434126,0,0,0,0,0,0
2025/05/10 00:36:00.931,n,8.722196,53.815836,0.000184,5.734901e-06,-7.669027e-05,6.50344e-06,9.229024,9.18362,9.157236,9.139652,9.450214,9.700462,9.890706,9.622972,9.515826,9.415092,0,0,0,0,0,0
2025/05/10 00:37:00.913,n,8.733914,53.825752,0.000194,7.957773e-06,-7.134528e-05,5.920341e-06,9.212968,9.198278,9.14115,9.148468,9.454624,9.697712,9.879478,9.6069,9.515826,9.415092,0,0,0,0,0,0
2025/05/10 00:38:00.915,n,8.702176,53.633612,0.000173,5.714365e-06,-8.218372e-05,6.131751e-06,9.202686,9.199742,9.142612,9.145524,9.444374,9.700462,9.887858,9.59956,9.521422,9.403362,0,0,0,0,0,0
2025/05/10 00:39:00.919,n,8.715554,53.724728,0.000168,1.054936e-05,-8.218372e-05,5.915756e-06,9.202686,9.189462,9.138172,9.139652,9.450214,9.700462,9.88231,9.598096,9.518608,9.409268,0,0,0,0,0,0
2025/05/10 00:40:00.919,n,8.717214,53.81418,0.000199,1.06159e-05,-7.669027e-05,7.239494e-06,9.209992,9.19387,9.14406,9.135244,9.444374,9.694832,9.887858,9.592208,9.515826,9.404826,0,0,0,0,0,0
2025/05/10 00:41:00.922,n,8.737232,53.941668,0.000184,7.438368e-06,-8.218372e-05,6.07303e-06,9.215896,9.187996,9.148468,9.138172,9.45168,9.697712,9.88231,9.6069,9.515826,9.426772,0,0,0,0,0,0
2025/05/10 00:42:00.925,n,8.722196,53.911884,0.000184,6.760907e-06,-8.218372e-05,6.699915e-06,9.20415,9.182156,9.145524,9.1323,9.441464,9.697712,9.88231,9.600992,9.51298,9.409268,0,0,0,0,0,0
2025/05/10 00:43:00.927,n,8.710572,53.832392,0.000178,6.925154e-06,-8.75287e-05,4.529383e-06,9.217342,9.18362,9.146988,9.136708,9.438534,9.697712,9.876714,9.600992,9.521422,9.419484,0,0,0,0,0,0
2025/05/10 00:44:00.929,n,8.693826,53.99958,0.000178,5.829411e-06,-8.218372e-05,4.096078e-06,9.214432,9.17778,9.145524,9.129404,9.437054,9.689318,9.879478,9.600992,9.518608,9.415092,0,0,0,0,0,0
2025/05/10 00:45:00.931,n,8.687184,54.206464,0.000163,6.14635e-06,-8.75287e-05,5.250563e-06,9.205614,9.176302,9.139652,9.129404,9.431214,9.692068,9.879478,9.602472,9.521422,9.409268,0,0,0,0,0,0
2025/05/10 00:46:00.915,n,8.677224,54.175068,0.000168,8.566194e-06,-9.85156e-05,5.711877e-06,9.185086,9.187996,9.124994,9.135244,9.42975,9.694832,9.876714,9.587864,9.51298,9.398988,0,0,0,0,0,0
2025/05/10 00:47:00.918,n,8.672192,54.327168,0.000157,6.436499e-06,-9.302216e-05,6.373265e-06,9.19387,9.180678,9.12646,9.124994,9.434126,9.689318,9.876714,9.577614,9.518608,9.416556,0,0,0,0,0,0
2025/05/10 00:48:00.921,n,8.660522,54.315592,0.000163,7.188591e-06,-9.302216e-05,7.121922e-06,9.190926,9.170462,9.124994,9.116244,9.42975,9.697712,9.873964,9.5864,9.518608,9.398988,0,0,0,0,0,0
2025/05/10 00:49:00.921,n,8.686188,54.207376,0.000221,8.061164e-06,-1.690953e-05,5.275341e-06,9.201792,9.188632,9.143166,9.135828,9.439072,9.61923,9.79546,9.603076,9.442992,9.40686,0,0,0,0,0,0
2025/05/10 00:50:00.922,n,8.66119,54.112988,0.000226,7.474061e-06,-4.957331e-05,7.513867e-06,9.198862,9.175424,9.141668,9.129974,9.44348,9.61923,9.79821,9.59717,9.434614,9.408324,0,0,0,0,0,0
2025/05/10 00:51:00.924,n,8.6712,54.114652,0.000221,8.163087e-06,-2.774797e-05,4.371864e-06,9.200328,9.171046,9.13142,9.125598,9.440584,9.616398,9.80109,9.591328,9.442992,9.40686,0,0,0,0,0,0
2025/05/10 00:52:00.930,n,8.66119,54.242044,0.000221,5.997198e-06,-3.873487e-05,5.824034e-06,9.195888,9.165174,9.13142,9.12119,9.428888,9.616398,9.80109,9.59717,9.445742,9.403982,0,0,0,0,0,0
2025/05/10 00:53:00.930,n,8.679546,54.369384,0.000237,9.83393e-06,-2.774797e-05,7.794257e-06,9.209112,9.171046,9.143166,9.13142,9.431734,9.616398,9.79821,9.600114,9.440146,9.414198,0,0,0,0,0,0
2025/05/10 00:54:00.931,n,8.69288,54.154348,0.000205,8.265629e-06,-2.774797e-05,5.937609e-06,9.200328,9.173944,9.125598,9.129974,9.418606,9.608004,9.78983,9.59717,9.442992,9.408324,0,0,0,0,0,0
2025/05/10 00:55:00.915,n,8.68116,54.204008,0.000221,3.162163e-06,-3.873487e-05,5.208583e-06,9.182792,9.178384,9.116814,9.124134,9.422982,9.621996,9.79821,9.575222,9.442992,9.390756,0,0,0,0,0,0
2025/05/10 00:56:00.917,n,8.6629,54.1792,0.000205,9.071876e-06,-4.957331e-05,5.409445e-06,9.182792,9.176888,9.116814,9.119726,9.428888,9.61923,9.79546,9.575222,9.440146,9.396628,0,0,0,0,0,0
2025/05/10 00:57:00.921,n,8.6629,54.225536,0.000205,5.521661e-06,-4.957331e-05,4.308041e-06,9.184206,9.17251,9.124134,9.116814,9.422982,9.61352,9.781386,9.581112,9.440146,9.4025,0,0,0,0,0,0
2025/05/10 00:58:00.930,n,8.659528,54.2355,0.000215,8.526286e-06,-4.957331e-05,5.341143e-06,9.185672,9.165174,9.128574,9.12119,9.411236,9.61923,9.79271,9.58692,9.437396,9.40538,0,0,0,0,0,0
2025/05/10 00:59:00.928,n,8.67291,54.18916,0.000205,9.28136e-06,-4.957331e-05,5.087483e-06,9.188632,9.168102,9.12267,9.118294,9.417142,9.610754,9.79271,9.582608,9.440146,9.39954,0,0,0,0,0,0
2025/05/10 01:00:00.927,n,8.69122,54.142772,0.00021,8.397432e-06,-4.422833e-05,6.292905e-06,9.187168,9.165174,9.125598,9.118294,9.421516,9.608004,9.784234,9.581112,9.440146,9.403982,0,0,0,0,0,0
2025/05/10 01:01:00.917,n,8.679546,54.11802,0.000268,2.663467e-05,1.575424e-05,2.984666e-05,9.197366,9.191544,9.13435,9.140254,9.430352,9.574492,9.759098,9.588386,9.40673,9.409758,0,0,0,0,0,0
2025/05/10 01:02:00.916,n,8.667878,54.309912,0.000263,6.954381e-06,-4.29176e-07,6.55851e-06,9.190112,9.182792,9.128574,9.135828,9.428888,9.577256,9.759098,9.588386,9.412244,9.40538,0,0,0,0,0,0
2025/05/10 01:03:00.918,n,8.65284,54.567776,0.000226,8.284676e-06,-6.0711e-06,8.42847e-06,9.188632,9.17251,9.12119,9.124134,9.422982,9.585634,9.764612,9.591328,9.423502,9.4025,0,0,0,0,0,0
2025/05/10 01:04:00.906,n,8.649568,54.237112,0.00021,8.726962e-06,-3.338989e-05,8.971314e-06,9.182792,9.178384,9.11535,9.135828,9.40538,9.588386,9.761848,9.581112,9.41511,9.396628,0,0,0,0,0,0
2025/05/10 01:05:00.907,n,8.656208,54.151072,0.000194,8.549892e-06,-3.873487e-05,4.575974e-06,9.188632,9.175424,9.106566,9.13435,9.38638,9.594014,9.764612,9.569384,9.423502,9.387826,0,0,0,0,0,0
2025/05/10 01:06:00.909,n,8.64454,54.060108,0.000215,4.742836e-06,-3.338989e-05,6.357637e-06,9.175424,9.17251,9.10214,9.12119,9.39222,9.602376,9.764612,9.567918,9.4318,9.387826,0,0,0,0,0,0
2025/05/10 01:07:00.911,n,8.65118,54.1958,0.000221,8.53598e-06,-3.338989e-05,5.073084e-06,9.171046,9.165174,9.10066,9.119726,9.396628,9.594014,9.761848,9.567918,9.417872,9.38197,0,0,0,0,0,0
2025/05/10 01:08:00.912,n,8.61451,54.066652,0.000215,5.547338e-06,-3.873487e-05,5.660302e-06,9.173944,9.165174,9.096284,9.11535,9.396628,9.591232,9.770242,9.566454,9.429002,9.38197,0,0,0,0,0,0
2025/05/10 01:09:00.915,n,8.609478,54.06338,0.000205,6.420422e-06,-4.957331e-05,7.132797e-06,9.157822,9.163694,9.099196,9.112422,9.395164,9.602376,9.764612,9.554724,9.423502,9.376162,0,0,0,0,0,0
2025/05/10 01:10:00.916,n,8.637848,53.930956,0.000189,8.858024e-06,-6.605366e-05,5.278538e-06,9.157822,9.153414,9.091876,9.109444,9.395164,9.59678,9.772992,9.550348,9.4318,9.37753,0,0,0,0,0,0
2025/05/10 01:11:00.917,n,8.629498,54.184132,0.0002,7.188591e-06,-6.605366e-05,6.173902e-06,9.159318,9.150518,9.091876,9.106566,9.39222,9.59678,9.772992,9.554724,9.429002,9.38345,0,0,0,0,0,0
2025/05/10 01:12:00.923,n,8.656208,53.803416,0.000205,7.299164e-06,-4.957331e-05,5.614066e-06,9.160798,9.149038,9.099196,9.10066,9.403982,9.594014,9.764612,9.56063,9.423502,9.379008,0,0,0,0,0,0
2025/05/10 01:13:00.907,n,8.647858,53.969044,0.000194,5.730394e-06,-5.506676e-05,4.939084e-06,9.160798,9.153414,9.084572,9.112422,9.387826,9.594014,9.764612,9.551846,9.426252,9.364432,0,0,0,0,0,0
2025/05/10 01:14:00.914,n,8.667878,53.81338,0.0002,6.930189e-06,-6.605366e-05,6.778464e-06,9.153414,9.156358,9.078668,9.10214,9.37753,9.59678,9.770242,9.550348,9.426252,9.376162,0,0,0,0,0,0
2025/05/10 01:15:00.910,n,8.676178,53.801808,0.000189,7.564434e-06,-6.605366e-05,5.966314e-06,9.150518,9.151982,9.083076,9.11091,9.373218,9.591232,9.764612,9.547404,9.434614,9.360008,0,0,0,0,0,0
2025/05/10 01:16:00.911,n,8.666168,53.932616,0.000179,5.503851e-06,-7.139865e-05,6.580923e-06,9.14463,9.141668,9.071348,9.096284,9.373218,9.59678,9.772992,9.551846,9.4318,9.364432,0,0,0,0,0,0
2025/05/10 01:17:00.916,n,8.65284,53.92764,0.000189,7.133748e-06,-7.139865e-05,7.813998e-06,9.14611,9.147574,9.078668,9.096284,9.376162,9.59678,9.770242,9.532778,9.426252,9.367312,0,0,0,0,0,0
2025/05/10 01:18:00.919,n,8.63619,53.846484,0.000184,5.454099e-06,-7.139865e-05,7.508594e-06,9.138758,9.147574,9.074292,9.096284,9.38345,9.588386,9.761848,9.544506,9.423502,9.368778,0,0,0,0,0,0
2025/05/10 01:19:00.921,n,8.694538,54.11636,0.000184,6.620922e-06,-8.223707e-05,5.861623e-06,9.14463,9.137294,9.084572,9.088948,9.384914,9.585634,9.764612,9.540164,9.4318,9.368778,0,0,0,0,0,0
2025/05/10 01:20:00.924,n,8.69288,53.917676,0.000189,8.64994e-06,-6.041174e-05,6.714818e-06,9.14463,9.135828,9.078668,9.084572,9.379008,9.585634,9.756218,9.544506,9.423502,9.37029,0,0,0,0,0,0
2025/05/10 01:21:00.922,n,8.69952,53.957468,0.00021,1.418914e-05,-5.506676e-05,1.868809e-05,9.149038,9.143166,9.083076,9.087502,9.38638,9.591232,9.759098,9.543028,9.426252,9.371754,0,0,0,0,0,0
2025/05/10 01:22:00.909,n,8.677888,53.82002,0.000179,7.286586e-06,-6.041174e-05,5.29302e-06,9.147574,9.141668,9.072812,9.103636,9.36297,9.585634,9.761848,9.535722,9.417872,9.36297,0,0,0,0,0,0
2025/05/10 01:23:00.908,n,8.68951,53.715676,0.000194,6.887743e-06,-6.605366e-05,5.38275e-06,9.14611,9.138758,9.06842,9.093356,9.361506,9.580006,9.750718,9.550348,9.420624,9.36297,0,0,0,0,0,0
2025/05/10 01:24:00.912,n,8.679546,53.660988,0.000189,5.630782e-06,-7.139865e-05,4.921495e-06,9.138758,9.13435,9.071348,9.090412,9.367312,9.580006,9.747872,9.534256,9.420624,9.358528,0,0,0,0,0,0
2025/05/10 01:25:00.916,n,8.667878,53.714016,0.000184,7.190568e-06,-7.68921e-05,4.621711e-06,9.132884,9.132884,9.064044,9.084572,9.36585,9.585634,9.753468,9.534256,9.423502,9.3556,0,0,0,0,0,0
2025/05/10 01:26:00.916,n,8.65118,53.79678,0.000184,5.941578e-06,-8.223707e-05,7.143069e-06,9.132884,9.140254,9.066972,9.087502,9.367312,9.577256,9.759098,9.53128,9.423502,9.349744,0,0,0,0,0,0
2025/05/10 01:27:00.919,n,8.666168,53.718944,0.000179,4.089923e-06,-7.68921e-05,4.810451e-06,9.13435,9.135828,9.06842,9.088948,9.371754,9.582852,9.747872,9.526938,9.420624,9.361506,0,0,0,0,0,0
2025/05/10 01:28:00.922,n,8.664558,53.773632,0.000189,8.330861e-06,-7.139865e-05,4.31424e-06,9.137294,9.129974,9.066972,9.083076,9.36585,9.582852,9.747872,9.526938,9.41511,9.368778,0,0,0,0,0,0
2025/05/10 01:29:00.925,n,8.686188,53.772024,0.000173,6.485288e-06,-8.223707e-05,7.126229e-06,9.135828,9.12267,9.077252,9.080132,9.37029,9.577256,9.742324,9.534256,9.417872,9.36585,0,0,0,0,0,0
2025/05/10 01:30:00.927,n,8.664558,53.725584,0.000173,8.77288e-06,-7.68921e-05,4.356221e-06,9.128574,9.11535,9.065508,9.071348,9.361506,9.588386,9.753468,9.529882,9.426252,9.36585,0,0,0,0,0,0
2025/05/10 01:31:00.908,n,8.69288,53.872996,0.000221,2.712529e-05,-2.225451e-05,3.172354e-05,9.150518,9.132884,9.071348,9.09482,9.358528,9.552008,9.719872,9.541562,9.389894,9.358528,0,0,0,0,0,0
2025/05/10 01:32:00.909,n,8.707868,53.801808,0.000221,9.297492e-06,-2.774797e-05,7.4265e-06,9.14611,9.132884,9.06842,9.096284,9.3556,9.560386,9.728252,9.544506,9.392658,9.364432,0,0,0,0,0,0
2025/05/10 01:33:00.913,n,8.69122,53.664308,0.000205,6.862752e-06,-5.506676e-05,7.307334e-06,9.137294,9.135828,9.058124,9.090412,9.354154,9.566112,9.731098,9.53128,9.40673,9.349744,0,0,0,0,0,0
2025/05/10 01:34:00.913,n,8.726228,53.742188,0.000205,6.552668e-06,-4.957331e-05,4.002438e-06,9.13142,9.132884,9.064044,9.084572,9.351224,9.566112,9.731098,9.525474,9.403884,9.357064,0,0,0,0,0,0
2025/05/10 01:35:00.916,n,8.69952,53.75708,0.0002,5.280068e-06,-5.506676e-05,7.546009e-06,9.127078,9.129974,9.058124,9.078668,9.357064,9.566112,9.731098,9.5284,9.40673,9.349744,0,0,0,0,0,0
2025/05/10 01:36:00.920,n,8.694538,53.88628,0.000189,1.005195e-05,-6.041174e-05,6.217326e-06,9.128574,9.125598,9.059636,9.074292,9.360008,9.566112,9.728252,9.521096,9.403884,9.3556,0,0,0,0,0,0
2025/05/10 01:37:00.921,n,8.684528,53.912748,0.000189,9.414996e-06,-7.139865e-05,5.640525e-06,9.128574,9.125598,9.059636,9.071348,9.354154,9.563232,9.731098,9.521096,9.412244,9.357064,0,0,0,0,0,0
2025/05/10 01:38:00.919,n,8.69288,53.723976,0.000184,9.244958e-06,-7.68921e-05,5.386948e-06,9.118294,9.12119,9.062564,9.074292,9.351224,9.568862,9.731098,9.51672,9.403884,9.351224,0,0,0,0,0,0
2025/05/10 01:39:00.926,n,8.714508,53.548292,0.000173,4.712778e-06,-7.68921e-05,5.391503e-06,9.125598,9.113884,9.064044,9.065508,9.349744,9.568862,9.728252,9.512312,9.403884,9.354154,0,0,0,0,0,0
2025/05/10 01:40:00.914,n,8.696248,53.266356,0.000173,9.82131e-06,-7.139865e-05,4.62178e-06,9.124134,9.113884,9.047876,9.075788,9.340992,9.563232,9.72547,9.513776,9.40673,9.338032,0,0,0,0,0,0
2025/05/10 01:41:00.911,n,8.696248,53.224904,0.000173,5.940926e-06,-8.223707e-05,4.902097e-06,9.12267,9.118294,9.049356,9.077252,9.326304,9.566112,9.731098,9.513776,9.40673,9.339496,0,0,0,0,0,0
2025/05/10 01:42:00.914,n,8.704498,53.186768,0.000168,7.967184e-06,-8.223707e-05,7.532558e-06,9.113884,9.112422,9.040572,9.071348,9.332222,9.563232,9.728252,9.510816,9.403884,9.340992,0,0,0,0,0,0
2025/05/10 01:43:00.915,n,8.71949,53.233252,0.000173,1.178644e-05,-8.223707e-05,6.208358e-06,9.108046,9.108046,9.039076,9.062564,9.327782,9.566112,9.72547,9.497654,9.417872,9.330744,0,0,0,0,0,0
2025/05/10 01:44:00.918,n,8.696248,53.324412,0.000157,6.733718e-06,-8.773054e-05,7.209945e-06,9.109444,9.11091,9.0435,9.059636,9.330744,9.57171,9.731098,9.502062,9.41511,9.335086,0,0,0,0,0,0
2025/05/10 01:45:00.920,n,8.69952,53.030712,0.000179,6.975156e-06,-8.223707e-05,6.220312e-06,9.108046,9.106566,9.046444,9.065508,9.338032,9.560386,9.728252,9.504958,9.40948,9.340992,0,0,0,0,0,0
2025/05/10 01:46:00.922,n,8.72125,52.916212,0.000173,5.157282e-06,-8.223707e-05,5.439156e-06,9.105102,9.109444,9.04498,9.064044,9.34828,9.554872,9.719872,9.500582,9.401036,9.340992,0,0,0,0,0,0
2025/05/10 01:47:00.924,n,8.714508,52.771876,0.000173,5.270517e-06,-7.68921e-05,7.162259e-06,9.11091,9.11091,9.046444,9.056726,9.336568,9.552008,9.722654,9.500582,9.403884,9.340992,0,0,0,0,0,0
2025/05/10 01:48:00.927,n,8.734578,52.45752,0.000157,6.402892e-06,-8.773054e-05,6.755172e-06,9.109444,9.097764,9.05082,9.053748,9.338032,9.557636,9.72547,9.502062,9.398254,9.342472,0,0,0,0,0,0
2025/05/10 01:49:00.915,n,8.726228,52.651124,0.000168,9.619292e-06,-8.773054e-05,7.545795e-06,9.113884,9.10214,9.031788,9.056726,9.310246,9.566112,9.728252,9.488836,9.40948,9.320464,0,0,0,0,0,0
2025/05/10 01:50:00.913,n,8.704498,52.649464,0.000157,1.201785e-05,-8.773054e-05,5.477558e-06,9.10214,9.096284,9.028812,9.062564,9.316052,9.560386,9.714258,9.494742,9.403884,9.320464,0,0,0,0,0,0
2025/05/10 01:51:00.914,n,8.752838,52.690824,0.000163,7.942661e-06,-9.871744e-05,5.238678e-06,9.09482,9.10066,9.025916,9.059636,9.320464,9.560386,9.719872,9.491814,9.401036,9.335086,0,0,0,0,0,0
2025/05/10 01:52:00.916,n,8.756208,52.821532,0.000157,8.595402e-06,-9.337246e-05,5.317311e-06,9.103636,9.099196,9.027348,9.053748,9.320464,9.552008,9.722654,9.496206,9.398254,9.32334,0,0,0,0,0,0
2025/05/10 01:53:00.922,n,8.767926,52.791748,0.000157,8.880892e-06,-9.871744e-05,7.206943e-06,9.09482,9.09482,9.030292,9.05082,9.31459,9.552008,9.717106,9.484494,9.40673,9.324838,0,0,0,0,0,0
2025/05/10 01:54:00.921,n,8.76119,52.760304,0.000163,5.932874e-06,-9.337246e-05,3.744542e-06,9.10214,9.09482,9.027348,9.052284,9.32334,9.557636,9.717106,9.48737,9.401036,9.327782,0,0,0,0,0,0
2025/05/10 01:55:00.922,n,8.764558,52.601468,0.000163,5.932874e-06,-8.773054e-05,7.500804e-06,9.093356,9.088948,9.024436,9.0435,9.326304,9.549242,9.719872,9.488836,9.398254,9.333624,0,0,0,0,0,0
2025/05/10 01:56:00.926,n,8.77789,52.74546,0.000163,6.558974e-06,-9.337246e-05,5.67119e-06,9.093356,9.088948,9.036196,9.040572,9.327782,9.554872,9.722654,9.488836,9.403884,9.329248,0,0,0,0,0,0
2025/05/10 01:57:00.928,n,8.772908,52.667676,0.000168,7.661332e-06,-9.337246e-05,6.688529e-06,9.096284,9.086038,9.033254,9.034718,9.320464,9.546492,9.714258,9.491814,9.401036,9.332222,0,0,0,0,0,0
2025/05/10 01:58:00.912,n,8.784528,52.434328,0.000152,6.910588e-06,-8.773054e-05,4.792828e-06,9.097764,9.096284,9.02154,9.055228,9.311646,9.543644,9.711476,9.484494,9.401036,9.324838,0,0,0,0,0,0
2025/05/10 01:59:00.920,n,8.79791,52.7438,0.000152,6.391583e-06,-0.00011,8.087284e-06,9.096284,9.096284,9.023006,9.053748,9.316052,9.546492,9.708726,9.483028,9.401036,9.327782,0,0,0,0,0,0
2025/05/10 02:00:00.915,n,8.794538,52.45918,0.000168,7.275941e-06,-9.871744e-05,6.751585e-06,9.096284,9.093356,9.02154,9.058124,9.316052,9.543644,9.703098,9.484494,9.38703,9.32334,0,0,0,0,0,0
2025/05/10 02:01:00.924,n,8.802888,52.063184,0.000205,3.124927e-05,-3.873487e-05,3.008215e-05,9.103636,9.10214,9.046444,9.056726,9.338032,9.515744,9.675114,9.493278,9.370338,9.338032,0,0,0,0,0,0
2025/05/10 02:02:00.924,n,8.82452,51.996924,0.000189,8.226462e-06,-4.957331e-05,7.591274e-06,9.106566,9.099196,9.033254,9.055228,9.333624,9.521374,9.677962,9.496206,9.373138,9.343904,0,0,0,0,0,0
2025/05/10 02:03:00.926,n,8.832868,52.02676,0.000194,8.264378e-06,-5.506676e-05,5.226024e-06,9.106566,9.088948,9.042036,9.0435,9.330744,9.521374,9.683576,9.493278,9.375886,9.330744,0,0,0,0,0,0
2025/05/10 02:04:00.928,n,8.827888,52.059912,0.000179,1.039106e-05,-7.68921e-05,7.782355e-06,9.097764,9.081596,9.042036,9.037596,9.316052,9.526872,9.697486,9.484494,9.389894,9.333624,0,0,0,0,0,0
2025/05/10 02:05:00.930,n,8.87457,51.953808,0.000173,1.064955e-05,-8.223707e-05,8.099815e-06,9.10214,9.077252,9.036196,9.031788,9.317534,9.535266,9.697486,9.485956,9.38703,9.330744,0,0,0,0,0,0
2025/05/10 02:06:00.932,n,8.881208,51.535644,0.000173,5.46593e-06,-8.773054e-05,5.341188e-06,9.10214,9.083076,9.039076,9.037596,9.321926,9.524122,9.680744,9.484494,9.384264,9.345368,0,0,0,0,0,0
2025/05/10 02:07:00.917,n,8.891216,51.580472,0.000173,6.531143e-06,-7.139865e-05,5.8845e-06,9.093356,9.090412,9.02154,9.049356,9.311646,9.526872,9.680744,9.47862,9.384264,9.316052,0,0,0,0,0,0
2025/05/10 02:08:00.919,n,8.887848,51.46924,0.000179,7.247476e-06,-8.223707e-05,6.796593e-06,9.086038,9.088948,9.017132,9.042036,9.31459,9.526872,9.686356,9.47862,9.384264,9.318998,0,0,0,0,0,0
2025/05/10 02:09:00.922,n,8.91285,51.640236,0.000173,5.747277e-06,-7.68921e-05,4.87746e-06,9.084572,9.080132,9.024436,9.040572,9.317534,9.526872,9.686356,9.481548,9.378636,9.320464,0,0,0,0,0,0
2025/05/10 02:10:00.924,n,8.91285,51.324708,0.000157,7.454156e-06,-8.223707e-05,7.731078e-06,9.083076,9.078668,9.02006,9.039076,9.308782,9.529718,9.686356,9.474276,9.38703,9.32334,0,0,0,0,0,0
2025/05/10 02:11:00.926,n,8.924568,51.271584,0.000163,7.333067e-06,-9.337246e-05,6.96422e-06,9.090412,9.080132,9.027348,9.030292,9.316052,9.529718,9.689106,9.46837,9.389894,9.324838,0,0,0,0,0,0
2025/05/10 02:12:00.928,n,8.90455,51.24668,0.000168,9.895742e-06,-8.773054e-05,6.38405e-06,9.088948,9.072812,9.02154,9.028812,9.308782,9.526872,9.689106,9.469868,9.381516,9.320464,0,0,0,0,0,0
2025/05/10 02:13:00.929,n,8.926178,51.411132,0.000157,6.170265e-06,-9.337246e-05,3.23037e-06,9.081596,9.06842,9.023006,9.027348,9.308782,9.529718,9.691954,9.474276,9.381516,9.317534,0,0,0,0,0,0
2025/05/10 02:14:00.933,n,8.947812,51.208448,0.000163,8.282336e-06,-9.337246e-05,5.920613e-06,9.09482,9.069884,9.02006,9.027348,9.307302,9.524122,9.680744,9.475676,9.384264,9.32334,0,0,0,0,0,0
2025/05/10 02:15:00.933,n,8.95953,51.47422,0.000163,5.160287e-06,-8.773054e-05,7.702744e-06,9.096284,9.058124,9.02006,9.024436,9.313158,9.521374,9.686356,9.463994,9.375886,9.321926,0,0,0,0,0,0
2025/05/10 02:16:00.920,n,8.974518,51.45596,0.000147,6.963663e-06,-8.223707e-05,6.411008e-06,9.078668,9.072812,8.999532,9.025916,9.29702,9.524122,9.686356,9.458106,9.384264,9.302894,0,0,0,0,0,0
2025/05/10 02:17:00.927,n,8.96954,50.980708,0.000173,7.61838e-06,-8.773054e-05,6.003657e-06,9.078668,9.069884,9.011276,9.033254,9.307302,9.524122,9.677962,9.462516,9.378636,9.308782,0,0,0,0,0,0
2025/05/10 02:18:00.925,n,8.99117,50.894188,0.000157,7.798379e-06,-9.337246e-05,4.313529e-06,9.080132,9.072812,9.008316,9.030292,9.307302,9.526872,9.677962,9.45373,9.378636,9.320464,0,0,0,0,0,0
2025/05/10 02:19:00.926,n,8.986142,50.727828,0.000163,7.890768e-06,-9.871744e-05,5.112119e-06,9.080132,9.069884,9.011276,9.024436,9.302894,9.515744,9.666736,9.463994,9.373138,9.31459,0,0,0,0,0,0
2025/05/10 02:20:00.926,n,8.977792,50.917432,0.000152,7.108713e-06,-9.337246e-05,5.866194e-06,9.084572,9.065508,9.00978,9.025916,9.307302,9.521374,9.680744,9.465426,9.370338,9.307302,0,0,0,0,0,0
2025/05/10 02:21:00.931,n,8.954548,50.386472,0.000163,7.566141e-06,-8.773054e-05,7.458921e-06,9.077252,9.059636,9.011276,9.014222,9.299964,9.518494,9.680744,9.463994,9.375886,9.311646,0,0,0,0,0,0
2025/05/10 02:22:00.913,n,9.01778,50.446436,0.000147,6.64274e-06,-0.000104,5.561933e-06,9.075788,9.06842,8.998068,9.034718,9.288236,9.521374,9.677962,9.46837,9.373138,9.299964,0,0,0,0,0,0
2025/05/10 02:23:00.918,n,9.03941,49.787936,0.000157,8.215305e-06,-0.000104,6.704011e-06,9.075788,9.072812,9.002508,9.030292,9.285308,9.524122,9.672366,9.452298,9.373138,9.301396,0,0,0,0,0,0
2025/05/10 02:24:00.918,n,9.05611,49.570164,0.000147,5.524468e-06,-8.223707e-05,7.501666e-06,9.077252,9.069884,8.996604,9.02006,9.289716,9.515744,9.672366,9.45521,9.373138,9.301396,0,0,0,0,0,0
2025/05/10 02:25:00.904,n,9.071102,50.068064,0.000157,5.730394e-06,-9.337246e-05,5.712895e-06,9.088948,9.052284,9.005372,9.025916,9.295556,9.510132,9.672366,9.474276,9.367526,9.316052,0,0,0,0,0,0
2025/05/10 02:26:00.906,n,9.07613,50.07812,0.000157,5.169791e-06,-9.871744e-05,4.335412e-06,9.087502,9.0611,9.002508,9.027348,9.283812,9.507254,9.672366,9.46105,9.370338,9.308782,0,0,0,0,0,0
2025/05/10 02:27:00.908,n,9.08775,49.816208,0.000152,8.541578e-06,-0.000104,7.066928e-06,9.088948,9.056726,8.993692,9.02006,9.280868,9.510132,9.666736,9.456642,9.373138,9.308782,0,0,0,0,0,0
2025/05/10 02:28:00.912,n,9.099374,49.653316,0.000163,7.079211e-06,-8.773054e-05,4.597538e-06,9.083076,9.062564,9.005372,9.025916,9.288236,9.504502,9.658358,9.459586,9.373138,9.305838,0,0,0,0,0,0
2025/05/10 02:29:00.912,n,9.112752,49.764644,0.000157,7.112347e-06,-9.337246e-05,6.898566e-06,9.078668,9.062564,8.993692,9.024436,9.27509,9.51298,9.66389,9.456642,9.373138,9.294092,0,0,0,0,0,0
2025/05/10 02:30:00.916,n,9.137654,49.27744,0.000142,6.979785e-06,-9.337246e-05,6.254384e-06,9.081596,9.064044,8.996604,9.027348,9.280868,9.507254,9.66389,9.450834,9.370338,9.29702,0,0,0,0,0,0
2025/05/10 02:31:00.932,n,9.190976,49.611768,0.000205,3.159197e-05,-3.338989e-05,2.720795e-05,9.086038,9.065508,9.02154,9.023006,9.313158,9.479384,9.630342,9.463994,9.342278,9.318998,0,0,0,0,0,0
2025/05/10 02:32:00.933,n,9.184284,49.328952,0.000189,8.23682e-06,-6.041174e-05,7.045724e-06,9.084572,9.059636,9.018598,9.017132,9.305838,9.482134,9.641616,9.452298,9.345124,9.320464,0,0,0,0,0,0
2025/05/10 02:33:00.935,n,9.169342,49.611768,0.000189,5.775531e-06,-6.605366e-05,5.391473e-06,9.086038,9.058124,9.015652,9.017132,9.304372,9.482134,9.638738,9.458106,9.350768,9.320464,0,0,0,0,0,0
2025/05/10 02:34:00.922,n,9.156014,49.791256,0.000184,1.113976e-05,-5.506676e-05,6.332007e-06,9.075788,9.066972,8.996604,9.02006,9.292612,9.493278,9.641616,9.446424,9.34789,9.29702,0,0,0,0,0,0
2025/05/10 02:35:00.907,n,9.210896,50.28818,0.000194,6.535295e-06,-7.139865e-05,7.503775e-06,9.086038,9.047876,9.008316,9.023006,9.289716,9.493278,9.647116,9.46689,9.350768,9.307302,0,0,0,0,0,0
2025/05/10 02:36:00.907,n,9.179302,50.098096,0.000173,7.708067e-06,-8.223707e-05,7.490549e-06,9.087502,9.052284,9.005372,9.018598,9.285308,9.490528,9.647116,9.463994,9.353518,9.302894,0,0,0,0,0,0
2025/05/10 02:37:00.910,n,9.156014,50.009716,0.000179,7.038765e-06,-7.139865e-05,6.15197e-06,9.084572,9.052284,8.999532,9.025916,9.285308,9.490528,9.644366,9.463994,9.353518,9.29702,0,0,0,0,0,0
2025/05/10 02:38:00.911,n,9.204254,49.797896,0.000173,1.018664e-05,-7.139865e-05,7.513883e-06,9.081596,9.053748,8.996604,9.025916,9.282332,9.493278,9.635972,9.449354,9.350768,9.305838,0,0,0,0,0,0
2025/05/10 02:39:00.914,n,9.196004,49.919628,0.000179,6.730648e-06,-7.139865e-05,6.791506e-06,9.081596,9.066972,8.99075,9.023006,9.286772,9.490528,9.641616,9.450834,9.350768,9.299964,0,0,0,0,0,0
2025/05/10 02:40:00.916,n,9.202644,49.195896,0.000184,7.242483e-06,-8.223707e-05,7.993611e-06,9.071348,9.0611,8.993692,9.02154,9.279468,9.493278,9.635972,9.450834,9.34789,9.2985,0,0,0,0,0,0
2025/05/10 02:41:00.918,n,9.230916,48.916112,0.000168,5.269046e-06,-7.68921e-05,5.388087e-06,9.072812,9.064044,8.98782,9.024436,9.282332,9.493278,9.633222,9.44496,9.353518,9.294092,0,0,0,0,0,0
2025/05/10 02:42:00.924,n,9.237556,49.134272,0.000173,5.751097e-06,-7.68921e-05,5.883402e-06,9.077252,9.0611,8.992228,9.028812,9.282332,9.490528,9.638738,9.439072,9.356396,9.301396,0,0,0,0,0,0
2025/05/10 02:43:00.906,n,9.204254,48.6561,0.000184,8.472936e-06,-7.139865e-05,6.463789e-06,9.086038,9.046444,9.005372,9.015652,9.286772,9.487762,9.635972,9.456642,9.345124,9.310246,0,0,0,0,0,0
2025/05/10 02:44:00.909,n,9.227642,48.532712,0.000163,8.558048e-06,-8.773054e-05,6.305556e-06,9.087502,9.04498,8.998068,9.014222,9.283812,9.484982,9.641616,9.45373,9.345124,9.304372,0,0,0,0,0,0
2025/05/10 02:45:00.908,n,9.220906,48.79106,0.000179,8.564084e-06,-7.68921e-05,4.289728e-06,9.080132,9.05082,8.995124,9.02006,9.282332,9.484982,9.630342,9.450834,9.350768,9.302894,0,0,0,0,0,0
2025/05/10 02:46:00.913,n,9.239266,49.032664,0.000168,6.307758e-06,-7.68921e-05,5.477558e-06,9.080132,9.05082,8.989286,9.02154,9.282332,9.484982,9.635972,9.442048,9.339496,9.295556,0,0,0,0,0,0
2025/05/10 02:47:00.913,n,9.242536,49.50366,0.000173,9.159884e-06,-8.223707e-05,4.352512e-06,9.072812,9.046444,8.981948,9.017132,9.282332,9.484982,9.635972,9.437608,9.339496,9.301396,0,0,0,0,0,0
2025/05/10 02:48:00.914,n,9.244244,49.159276,0.000163,6.93224e-06,-8.773054e-05,5.378068e-06,9.074292,9.047876,8.98338,9.012756,9.273612,9.482134,9.624844,9.433198,9.34789,9.286772,0,0,0,0,0,0
2025/05/10 02:49:00.916,n,9.247566,48.941064,0.000168,9.1469e-06,-7.68921e-05,6.380709e-06,9.069884,9.05082,8.980468,9.014222,9.272114,9.482134,9.624844,9.437608,9.34789,9.285308,0,0,0,0,0,0
2025/05/10 02:50:00.919,n,9.254254,49.132616,0.000152,8.59014e-06,-8.223707e-05,5.887188e-06,9.066972,9.05082,8.97606,9.00978,9.27802,9.479384,9.635972,9.428888,9.342278,9.286772,0,0,0,0,0,0
2025/05/10 02:51:00.923,n,9.252544,48.601024,0.000168,7.250862e-06,-6.605366e-05,7.795024e-06,9.06842,9.053748,8.986342,9.015652,9.280868,9.476602,9.624844,9.431734,9.339496,9.291148,0,0,0,0,0,0
2025/05/10 02:52:00.907,n,9.294148,48.982712,0.000168,7.419065e-06,-8.223707e-05,6.58551e-06,9.078668,9.033254,8.995124,9.005372,9.280868,9.473756,9.635972,9.442048,9.342278,9.304372,0,0,0,0,0,0
2025/05/10 02:53:00.911,n,9.289166,48.564352,0.000184,7.862721e-06,-7.139865e-05,4.877593e-06,9.083076,9.042036,8.992228,9.00978,9.279468,9.473756,9.624844,9.440584,9.3339,9.29702,0,0,0,0,0,0
2025/05/10 02:54:00.910,n,9.320808,47.72778,0.000184,6.496235e-06,-7.68921e-05,7.756269e-06,9.081596,9.049356,8.996604,9.014222,9.280868,9.465394,9.616398,9.44496,9.336744,9.299964,0,0,0,0,0,0
2025/05/10 02:55:00.914,n,9.32745,48.694432,0.000168,9.299852e-06,-6.605366e-05,5.907561e-06,9.06842,9.042036,8.99075,9.00978,9.272114,9.468242,9.624844,9.433198,9.342278,9.285308,0,0,0,0,0,0
2025/05/10 02:56:00.913,n,9.33077,48.757808,0.000173,6.67514e-06,-7.68921e-05,6.202373e-06,9.071348,9.05082,8.979004,9.015652,9.279468,9.47099,9.61923,9.431734,9.336744,9.289716,0,0,0,0,0,0
2025/05/10 02:57:00.917,n,9.3108,48.824412,0.000184,6.869337e-06,-7.68921e-05,5.388147e-06,9.074292,9.047876,8.981948,9.02154,9.266306,9.47099,9.61352,9.430352,9.3339,9.282332,0,0,0,0,0,0
2025/05/10 02:58:00.918,n,9.295808,48.198924,0.000173,5.157282e-06,-6.041174e-05,6.362563e-06,9.062564,9.047876,8.97754,9.008316,9.273612,9.47099,9.616398,9.422982,9.328384,9.279468,0,0,0,0,0,0
2025/05/10 02:59:00.920,n,9.332428,48.569432,0.000173,6.03863e-06,-7.68921e-05,7.154679e-06,9.058124,9.047876,8.98338,9.00978,9.270652,9.462612,9.616398,9.42739,9.325636,9.282332,0,0,0,0,0,0
2025/05/10 03:00:00.922,n,9.332428,48.462596,0.000194,8.205706e-06,-7.139865e-05,6.304608e-06,9.052284,9.055228,8.97754,9.002508,9.276556,9.459862,9.610754,9.414198,9.3339,9.27802,0,0,0,0,0,0
2025/05/10 03:01:00.910,n,9.35069,48.439256,0.000237,3.461025e-05,-1.156455e-05,3.338024e-05,9.083076,9.04498,9.006852,9.015652,9.289716,9.4318,9.580006,9.45373,9.303236,9.307302,0,0,0,0,0,0
2025/05/10 03:02:00.907,n,9.33077,48.340816,0.000247,1.095051e-05,-1.690953e-05,5.378995e-06,9.091876,9.046444,9.002508,9.012756,9.282332,9.44854,9.594014,9.440584,9.305984,9.2985,0,0,0,0,0,0
2025/05/10 03:03:00.911,n,9.33077,48.193892,0.000231,5.110476e-06,-2.774797e-05,4.002554e-06,9.075788,9.0435,8.993692,9.012756,9.280868,9.445742,9.59678,9.442048,9.314378,9.294092,0,0,0,0,0,0
2025/05/10 03:04:00.912,n,9.32906,48.349168,0.000226,8.826172e-06,-3.338989e-05,5.922113e-06,9.077252,9.039076,8.996604,9.014222,9.27802,9.451386,9.594014,9.439072,9.311628,9.2985,0,0,0,0,0,0
2025/05/10 03:05:00.915,n,9.335796,48.499312,0.00021,8.365988e-06,-4.957331e-05,6.073016e-06,9.074292,9.037596,8.980468,9.017132,9.273612,9.44854,9.599626,9.437608,9.317258,9.29702,0,0,0,0,0,0
2025/05/10 03:06:00.917,n,9.332428,48.055372,0.000215,7.854995e-06,-5.506676e-05,5.884417e-06,9.072812,9.055228,8.981948,9.017132,9.27509,9.445742,9.59678,9.428888,9.308864,9.283812,0,0,0,0,0,0
2025/05/10 03:07:00.922,n,9.334088,48.777784,0.000189,7.331834e-06,-4.957331e-05,4.551186e-06,9.069884,9.04498,8.979004,9.017132,9.27509,9.44854,9.599626,9.421516,9.320006,9.282332,0,0,0,0,0,0
2025/05/10 03:08:00.921,n,9.322418,48.959424,0.000205,7.642929e-06,-4.957331e-05,4.51896e-06,9.062564,9.053748,8.980468,9.014222,9.270652,9.451386,9.594014,9.418606,9.317258,9.283812,0,0,0,0,0,0
2025/05/10 03:09:00.923,n,9.302498,48.61938,0.000205,5.698064e-06,-3.873487e-05,6.712822e-06,9.0611,9.047876,8.974596,9.006852,9.270652,9.454136,9.588386,9.415662,9.317258,9.282332,0,0,0,0,0,0
2025/05/10 03:10:00.909,n,9.320808,48.496044,0.000205,1.090997e-05,-4.957331e-05,8.813356e-06,9.072812,9.033254,8.98782,8.998068,9.27509,9.451386,9.594014,9.42739,9.314378,9.295556,0,0,0,0,0,0
2025/05/10 03:11:00.911,n,9.31744,48.566064,0.0002,4.661235e-06,-5.506676e-05,6.292892e-06,9.072812,9.036196,8.986342,8.999532,9.26917,9.44854,9.59678,9.430352,9.317258,9.289716,0,0,0,0,0,0
2025/05/10 03:12:00.912,n,9.299176,48.70776,0.00021,9.919084e-06,-6.041174e-05,7.664218e-06,9.074292,9.037596,8.981948,9.002508,9.264828,9.451386,9.591232,9.422982,9.314378,9.286772,0,0,0,0,0,0
2025/05/10 03:13:00.917,n,9.352398,48.062008,0.0002,8.397278e-06,-4.957331e-05,7.154522e-06,9.072812,9.040572,8.981948,9.011276,9.26917,9.440146,9.588386,9.430352,9.320006,9.285308,0,0,0,0,0,0
2025/05/10 03:14:00.919,n,9.3108,47.573924,0.0002,8.468514e-06,-5.506676e-05,7.494559e-06,9.058124,9.0435,8.973132,9.002508,9.263362,9.442992,9.591232,9.418606,9.317258,9.286772,0,0,0,0,0,0
2025/05/10 03:15:00.918,n,9.34742,48.405908,0.0002,7.670769e-06,-5.506676e-05,5.41404e-06,9.064044,9.037596,8.970222,9.001028,9.256026,9.44854,9.59678,9.415662,9.314378,9.27509,0,0,0,0,0,0
2025/05/10 03:16:00.921,n,9.345712,48.349168,0.000189,9.157768e-06,-6.041174e-05,6.48835e-06,9.058124,9.042036,8.974596,9.002508,9.263362,9.44854,9.585634,9.415662,9.311628,9.27802,0,0,0,0,0,0
2025/05/10 03:17:00.922,n,9.322418,48.465964,0.000194,7.510788e-06,-5.506676e-05,4.119077e-06,9.058124,9.0435,8.97754,9.011276,9.263362,9.44854,9.585634,9.408324,9.308864,9.272114,0,0,0,0,0,0
2025/05/10 03:18:00.925,n,9.324128,48.402584,0.000194,1.133098e-05,-6.605366e-05,4.372391e-06,9.05082,9.0435,8.967278,9.001028,9.266306,9.454136,9.591232,9.40538,9.314378,9.270652,0,0,0,0,0,0
2025/05/10 03:19:00.913,n,9.340778,48.24902,0.000205,8.297297e-06,-4.957331e-05,5.781567e-06,9.071348,9.028812,8.98782,8.999532,9.266306,9.442992,9.585634,9.417142,9.308864,9.280868,0,0,0,0,0,0
2025/05/10 03:20:00.913,n,9.335796,48.462596,0.000189,9.421854e-06,-5.506676e-05,5.699169e-06,9.059636,9.024436,8.979004,8.992228,9.26917,9.437396,9.588386,9.42007,9.305984,9.282332,0,0,0,0,0,0
2025/05/10 03:21:00.915,n,9.325788,48.142136,0.000194,4.384451e-06,-4.957331e-05,5.152974e-06,9.0611,9.028812,8.97606,9.001028,9.25749,9.434614,9.582852,9.409758,9.308864,9.270652,0,0,0,0,0,0
2025/05/10 03:22:00.918,n,9.352398,48.532712,0.000205,7.397615e-06,-4.957331e-05,3.509112e-06,9.0611,9.030292,8.97754,8.996604,9.260402,9.437396,9.580006,9.408324,9.314378,9.27509,0,0,0,0,0,0
2025/05/10 03:23:00.920,n,9.342438,47.963476,0.000189,7.901893e-06,-4.422833e-05,4.810367e-06,9.058124,9.031788,8.97606,8.998068,9.261868,9.437396,9.57171,9.412732,9.305984,9.27509,0,0,0,0,0,0
2025/05/10 03:24:00.918,n,9.35069,48.178904,0.000194,6.854652e-06,-6.041174e-05,8.417522e-06,9.064044,9.033254,8.980468,9.003972,9.253082,9.434614,9.580006,9.411236,9.305984,9.27802,0,0,0,0,0,0
2025/05/10 03:25:00.921,n,9.340778,48.559324,0.000194,4.924578e-06,-5.506676e-05,7.827873e-06,9.052284,9.040572,8.968756,8.998068,9.261868,9.429002,9.574492,9.414198,9.308864,9.276556,0,0,0,0,0,0
2025/05/10 03:26:00.922,n,9.335796,48.6311,0.000205,8.340934e-06,-4.422833e-05,4.901982e-06,9.05082,9.039076,8.962852,9.003972,9.260402,9.429002,9.57171,9.4025,9.303236,9.273612,0,0,0,0,0,0
2025/05/10 03:27:00.925,n,9.33741,48.747752,0.0002,7.270434e-06,-5.506676e-05,7.101133e-06,9.046444,9.034718,8.971684,8.993692,9.25749,9.4318,9.577256,9.401036,9.305984,9.270652,0,0,0,0,0,0
2025/05/10 03:28:00.912,n,9.304158,48.919428,0.000194,7.961507e-06,-4.422833e-05,5.707734e-06,9.062564,9.02006,8.97606,8.98782,9.261868,9.426252,9.574492,9.418606,9.297638,9.282332,0,0,0,0,0,0
2025/05/10 03:29:00.913,n,9.33077,48.806148,0.00021,5.616769e-06,-4.422833e-05,6.495937e-06,9.066972,9.02154,8.974596,8.995124,9.261868,9.426252,9.566112,9.412732,9.300388,9.272114,0,0,0,0,0,0
2025/05/10 03:30:00.914,n,9.264168,48.82114,0.000205,4.722636e-06,-4.422833e-05,4.305228e-06,9.059636,9.024436,8.979004,9.002508,9.256026,9.426252,9.574492,9.421516,9.297638,9.280868,0,0,0,0,0,0
2025/05/10 03:31:00.911,n,9.342438,48.7311,0.000263,3.343985e-05,2.674114e-05,3.052661e-05,9.078668,9.037596,8.99075,9.008316,9.280868,9.395408,9.540864,9.42739,9.269674,9.294092,0,0,0,0,0,0
2025/05/10 03:32:00.917,n,9.320808,48.834424,0.000263,5.51698e-06,1.575424e-05,4.548677e-06,9.072812,9.034718,8.993692,9.00978,9.270652,9.403884,9.538114,9.421516,9.27249,9.288236,0,0,0,0,0,0
2025/05/10 03:33:00.921,n,9.325788,48.7311,0.000247,8.973654e-06,-6.0711e-06,6.362573e-06,9.065508,9.036196,8.97754,9.002508,9.260402,9.40673,9.549242,9.412732,9.280868,9.27802,0,0,0,0,0,0
2025/05/10 03:34:00.922,n,9.312458,48.85776,0.000247,4.797005e-06,-6.0711e-06,5.23836e-06,9.0611,9.031788,8.980468,9.002508,9.261868,9.412244,9.549242,9.409758,9.283648,9.279468,0,0,0,0,0,0
2025/05/10 03:35:00.923,n,9.322418,48.614404,0.000242,5.99849e-06,-6.0711e-06,4.917054e-06,9.055228,9.039076,8.974596,9.005372,9.260402,9.41511,9.549242,9.409758,9.286414,9.27509,0,0,0,0,0,0
2025/05/10 03:36:00.922,n,9.315778,48.811132,0.000247,9.415134e-06,4.915805e-06,6.940976e-06,9.052284,9.033254,8.971684,9.002508,9.250138,9.41511,9.549242,9.401036,9.283648,9.27509,0,0,0,0,0,0
2025/05/10 03:37:00.909,n,9.30914,48.86938,0.000252,7.526424e-06,1.040926e-05,6.285373e-06,9.062564,9.012756,8.979004,8.993692,9.263362,9.412244,9.557636,9.411236,9.286414,9.282332,0,0,0,0,0,0
2025/05/10 03:38:00.913,n,9.299176,48.891108,0.000258,9.247054e-06,4.915805e-06,5.878611e-06,9.064044,9.017132,8.981948,8.99075,9.258922,9.412244,9.554872,9.412732,9.289246,9.280868,0,0,0,0,0,0
2025/05/10 03:39:00.914,n,9.312458,49.299068,0.000263,9.360914e-06,1.040926e-05,8.010501e-06,9.0611,9.02006,8.98338,8.995124,9.258922,9.41511,9.554872,9.411236,9.283648,9.276556,0,0,0,0,0,0
2025/05/10 03:40:00.915,n,9.305818,49.299068,0.000263,1.500884e-05,2.124769e-05,6.219991e-06,9.053748,9.014222,8.967278,8.98782,9.248674,9.417872,9.552008,9.4025,9.289246,9.279468,0,0,0,0,0,0
2025/05/10 03:41:00.917,n,9.30743,49.019384,0.000279,1.19257e-05,2.674114e-05,7.121814e-06,9.056726,9.018598,8.968756,8.98782,9.245762,9.420624,9.557636,9.411236,9.29201,9.267772,0,0,0,0,0,0
2025/05/10 03:42:00.919,n,9.31744,49.27744,0.000273,5.941796e-06,2.124769e-05,7.03935e-06,9.052284,9.018598,8.968756,8.993692,9.245762,9.417872,9.554872,9.398126,9.286414,9.270652,0,0,0,0,0,0
2025/05/10 03:43:00.924,n,9.287506,49.315672,0.000279,8.299632e-06,4.841801e-05,9.82089e-06,9.052284,9.023006,8.962852,8.993692,9.245762,9.412244,9.552008,9.3937,9.29201,9.261868,0,0,0,0,0,0
2025/05/10 03:44:00.924,n,9.250886,49.407224,0.0003,6.294021e-06,6.489836e-05,7.197503e-06,9.042036,9.024436,8.959972,8.993692,9.241336,9.412244,9.554872,9.38638,9.289246,9.260402,0,0,0,0,0,0
2025/05/10 03:45:00.923,n,9.275888,49.234176,0.000326,7.822693e-06,8.67237e-05,8.786894e-06,9.0435,9.02154,8.958508,8.995124,9.250138,9.420624,9.549242,9.39222,9.283648,9.273612,0,0,0,0,0,0
2025/05/10 03:46:00.913,n,9.245908,48.956052,0.000337,6.186366e-06,9.756214e-05,9.158192e-06,9.053748,9.003972,8.979004,8.979004,9.251618,9.403884,9.549242,9.4025,9.29201,9.272114,0,0,0,0,0,0
2025/05/10 03:47:00.911,n,9.255918,49.039304,0.000332,6.905539e-06,0.000114,7.876101e-06,9.053748,9.005372,8.974596,8.97606,9.25749,9.40948,9.554872,9.403982,9.294792,9.26917,0,0,0,0,0,0
2025/05/10 03:48:00.917,n,9.257526,49.011032,0.000374,1.405843e-05,0.000141,1.242525e-05,9.056726,9.006852,8.964316,8.979004,9.247242,9.40948,9.549242,9.396628,9.283648,9.26917,0,0,0,0,0,0
2025/05/10 03:49:00.919,n,9.247566,49.105908,0.000384,9.540536e-06,0.000141,8.003262e-06,9.052284,9.015652,8.964316,8.98338,9.247242,9.40673,9.546492,9.395164,9.280868,9.272114,0,0,0,0,0,0
2025/05/10 03:50:00.922,n,9.230916,49.224168,0.0004,9.82394e-06,0.000168,5.903405e-06,9.047876,9.015652,8.961438,8.980468,9.247242,9.40673,9.540864,9.390756,9.283648,9.260402,0,0,0,0,0,0
2025/05/10 03:51:00.919,n,9.250886,49.227536,0.000421,1.035955e-05,0.000185,8.038053e-06,9.036196,9.011276,8.962852,8.984876,9.242802,9.412244,9.543644,9.389292,9.27527,9.26917,0,0,0,0,0,0
2025/05/10 03:52:00.920,n,9.212606,49.472068,0.000437,8.511728e-06,0.000223,1.233341e-05,9.046444,9.017132,8.958508,8.992228,9.244266,9.401036,9.543644,9.387826,9.283648,9.260402,0,0,0,0,0,0
2025/05/10 03:53:00.925,n,9.185994,49.495312,0.000463,8.793618e-06,0.000234,5.657562e-06,9.042036,9.017132,8.952604,8.99075,9.239858,9.398254,9.535266,9.38345,9.27527,9.263362,0,0,0,0,0,0
2025/05/10 03:54:00.924,n,9.185994,49.455416,0.000479,7.551785e-06,0.000261,5.941796e-06,9.036196,9.02006,8.955532,8.984876,9.241336,9.401036,9.538114,9.384914,9.27802,9.263362,0,0,0,0,0,0
2025/05/10 03:55:00.912,n,9.177644,49.521968,0.000485,6.763391e-06,0.000267,4.989731e-06,9.052284,9.001028,8.970222,8.973132,9.248674,9.398254,9.535266,9.389292,9.27802,9.267772,0,0,0,0,0,0
2025/05/10 03:56:00.915,n,9.174274,49.565232,0.000453,1.149635e-05,0.000239,1.07757e-05,9.049356,8.993692,8.964316,8.971684,9.238392,9.40673,9.540864,9.389292,9.280868,9.25749,0,0,0,0,0,0
2025/05/10 03:57:00.913,n,9.177644,49.553612,0.000405,2.002045e-05,0.000179,2.178262e-05,9.046444,9.001028,8.961438,8.968756,9.235546,9.403884,9.543644,9.387826,9.283648,9.270652,0,0,0,0,0,0
2025/05/10 03:58:00.920,n,9.177644,49.437156,0.000358,1.238901e-05,0.000136,1.631778e-05,9.046444,9.012756,8.970222,8.98782,9.23696,9.401036,9.538114,9.38638,9.286414,9.25749,0,0,0,0,0,0
2025/05/10 03:59:00.919,n,9.174274,49.520308,0.00039,8.517798e-06,0.000147,7.763512e-06,9.042036,9.002508,8.959972,8.984876,9.241336,9.398254,9.529718,9.39222,9.27249,9.26917,0,0,0,0,0,0
2025/05/10 04:00:00.919,n,9.162656,49.420504,0.000405,1.252466e-05,0.000185,1.078983e-05,9.04498,9.005372,8.962852,8.981948,9.232586,9.398254,9.532484,9.389292,9.280868,9.264828,0,0,0,0,0,0
2025/05/10 04:01:00.915,n,9.209286,49.422164,0.000474,2.390037e-05,0.00025,3.040014e-05,9.058124,9.023006,8.979004,8.996604,9.251618,9.364742,9.501656,9.40686,9.250138,9.280868,0,0,0,0,0,0
2025/05/10 04:02:00.917,n,9.197614,49.716452,0.000506,6.455339e-06,0.000294,2.007626e-05,9.056726,9.02006,8.973132,8.993692,9.245762,9.364742,9.510132,9.4025,9.247274,9.282332,0,0,0,0,0,0
2025/05/10 04:03:00.919,n,9.184284,49.759668,0.000527,7.629395e-06,0.000332,1.4101e-05,9.04498,9.014222,8.967278,8.984876,9.241336,9.375886,9.51298,9.389292,9.25575,9.264828,0,0,0,0,0,0
2025/05/10 04:04:00.911,n,9.205914,49.638328,0.00058,1.871355e-05,0.00037,1.545931e-05,9.049356,9.006852,8.973132,8.970222,9.247242,9.381516,9.515744,9.390756,9.2585,9.279468,0,0,0,0,0,0
2025/05/10 04:05:00.909,n,9.210896,49.998044,0.000632,1.991019e-05,0.000435,2.021413e-05,9.047876,9.002508,8.973132,8.96578,9.250138,9.384264,9.518494,9.389292,9.266878,9.27802,0,0,0,0,0,0
2025/05/10 04:06:00.912,n,9.210896,49.989696,0.00068,1.520315e-05,0.000506,2.3625e-05,9.04498,8.993692,8.971684,8.971684,9.248674,9.381516,9.51298,9.38345,9.261282,9.273612,0,0,0,0,0,0
2025/05/10 04:07:00.914,n,9.244244,50.038084,0.000674,7.906143e-06,0.000474,9.402502e-06,9.047876,9.002508,8.974596,8.974596,9.241336,9.381516,9.515744,9.390756,9.264128,9.267772,0,0,0,0,0,0
2025/05/10 04:08:00.915,n,9.230916,49.769628,0.000759,2.78205e-05,0.000572,3.383498e-05,9.042036,8.995124,8.973132,8.967278,9.238392,9.392658,9.515744,9.387826,9.266878,9.264828,0,0,0,0,0,0
2025/05/10 04:09:00.917,n,9.229256,49.936324,0.000822,1.566255e-05,0.000653,1.943101e-05,9.042036,9.001028,8.95703,8.980468,9.234082,9.38703,9.518494,9.38638,9.266878,9.256026,0,0,0,0,0,0
2025/05/10 04:10:00.921,n,9.234284,50.897508,0.000822,1.016214e-05,0.000648,6.641573e-06,9.042036,9.001028,8.959972,8.974596,9.226698,9.378636,9.51298,9.38638,9.2585,9.25749,0,0,0,0,0,0
2025/05/10 04:11:00.919,n,9.209286,51.977,0.000817,6.46174e-06,0.000637,7.148222e-06,9.030292,9.001028,8.955532,8.97754,9.238392,9.384264,9.518494,9.376162,9.264128,9.258922,0,0,0,0,0,0
2025/05/10 04:12:00.921,n,9.235898,52.699124,0.000806,1.054545e-05,0.000664,7.305533e-06,9.031788,9.002508,8.94823,8.974596,9.231106,9.381516,9.51298,9.38197,9.264128,9.254546,0,0,0,0,0,0
2025/05/10 04:13:00.912,n,9.245908,51.981984,0.000827,1.254033e-05,0.000621,1.824486e-05,9.036196,8.996604,8.959972,8.971684,9.244266,9.381516,9.510132,9.39222,9.2585,9.270652,0,0,0,0,0,0
2025/05/10 04:14:00.910,n,9.237556,52.243848,0.000848,1.476866e-05,0.000664,1.475186e-05,9.034718,8.993692,8.96578,8.961438,9.251618,9.378636,9.51298,9.380474,9.2585,9.280868,0,0,0,0,0,0
2025/05/10 04:15:00.912,n,9.245908,52.487304,0.000869,1.24974e-05,0.000702,1.377661e-05,9.0435,8.993692,8.962852,8.96578,9.242802,9.378636,9.507254,9.380474,9.2585,9.26917,0,0,0,0,0,0
2025/05/10 04:16:00.916,n,9.229256,53.00918,0.000864,1.117358e-05,0.000675,1.300162e-05,9.037596,8.989286,8.96578,8.96578,9.242802,9.375886,9.510132,9.384914,9.25575,9.266306,0,0,0,0,0,0
2025/05/10 04:17:00.916,n,9.235898,52.919484,0.000817,1.109933e-05,0.000632,1.765878e-05,9.046444,8.995124,8.962852,8.971684,9.244266,9.373138,9.507254,9.38197,9.266878,9.264828,0,0,0,0,0,0
2025/05/10 04:18:00.917,n,9.225888,52.513772,0.000833,1.098326e-05,0.000659,1.004552e-05,9.0435,9.006852,8.95703,8.973132,9.239858,9.384264,9.515744,9.38345,9.269674,9.261868,0,0,0,0,0,0
2025/05/10 04:19:00.921,n,9.204254,52.424364,0.001028,6.404353e-05,0.000871,6.737056e-05,9.039076,9.002508,8.961438,8.974596,9.241336,9.378636,9.51298,9.373218,9.27249,9.254546,0,0,0,0,0,0
2025/05/10 04:20:00.922,n,9.202644,52.424364,0.00126,7.005096e-05,0.001144,8.641774e-05,9.049356,9.002508,8.959972,8.98338,9.241336,9.378636,9.501656,9.38197,9.266878,9.264828,0,0,0,0,0,0
2025/05/10 04:21:00.925,n,9.212606,52.510448,0.001302,1.633693e-05,0.001166,1.240777e-05,9.0435,9.003972,8.952604,8.97606,9.239858,9.378636,9.507254,9.374698,9.2585,9.260402,0,0,0,0,0,0
2025/05/10 04:22:00.909,n,9.194294,52.654492,0.001275,1.165173e-05,0.00116,1.228723e-05,9.046444,8.995124,8.96578,8.964316,9.253082,9.381516,9.51298,9.379008,9.264128,9.270652,0,0,0,0,0,0
2025/05/10 04:23:00.912,n,9.209286,52.639552,0.001439,5.085215e-05,0.001334,4.95527e-05,9.05082,8.993692,8.970222,8.967278,9.254546,9.375886,9.510132,9.38638,9.261282,9.26917,0,0,0,0,0,0
2025/05/10 04:24:00.912,n,9.205914,53.123684,0.001434,9.910874e-06,0.001323,1.224004e-05,9.052284,8.996604,8.974596,8.971684,9.263362,9.373138,9.507254,9.380474,9.261282,9.273612,0,0,0,0,0,0
2025/05/10 04:25:00.915,n,9.235898,52.931104,0.001497,3.073356e-05,0.001383,2.111048e-05,9.049356,8.98782,8.96578,8.97606,9.251618,9.373138,9.507254,9.380474,9.266878,9.266306,0,0,0,0,0,0
2025/05/10 04:26:00.915,n,9.240926,53.191748,0.001713,6.769195e-05,0.001639,8.14231e-05,9.05082,8.995124,8.962852,8.970222,9.254546,9.373138,9.507254,9.37753,9.261282,9.266306,0,0,0,0,0,0
2025/05/10 04:27:00.917,n,9.235898,52.91284,0.002087,0.000111,0.002042,0.000125,9.052284,8.996604,8.964316,8.97754,9.254546,9.367526,9.501656,9.38345,9.252986,9.26917,0,0,0,0,0,0
2025/05/10 04:28:00.920,n,9.189266,52.823148,0.002592,0.000151,0.002586,0.000176,9.046444,8.99075,8.959972,8.974596,9.247242,9.373138,9.501656,9.371754,9.264128,9.260402,0,0,0,0,0,0
2025/05/10 04:29:00.923,n,9.257526,53.440528,0.00294,9.646392e-05,0.002939,0.000104,9.042036,8.999532,8.945286,8.97606,9.244266,9.370338,9.507254,9.36297,9.2585,9.253082,0,0,0,0,0,0
2025/05/10 04:30:00.923,n,9.249276,53.052296,0.003292,0.000114,0.003363,0.000125,9.040572,9.006852,8.95703,8.97606,9.251618,9.373138,9.498908,9.368778,9.252986,9.251618,0,0,0,0,0,0
2025/05/10 04:31:00.910,n,9.294148,53.140284,0.00334,4.211004e-05,0.003467,4.424062e-05,9.06842,9.005372,8.981948,8.981948,9.27802,9.345124,9.476602,9.3937,9.230536,9.286772,0,0,0,0,0,0
2025/05/10 04:32:00.911,n,9.265878,52.652832,0.003135,5.932047e-05,0.003249,6.221583e-05,9.0611,8.998068,8.97754,8.981948,9.272114,9.34789,9.482134,9.38345,9.233284,9.280868,0,0,0,0,0,0
2025/05/10 04:33:00.914,n,9.297516,52.957668,0.003129,1.303813e-05,0.00319,1.709857e-05,9.0611,8.998068,8.971684,8.974596,9.272114,9.350768,9.484982,9.387826,9.236132,9.26917,0,0,0,0,0,0
2025/05/10 04:34:00.915,n,9.30079,53.1187,0.003176,1.678624e-05,0.003325,4.124623e-05,9.055228,9.002508,8.967278,8.973132,9.266306,9.353518,9.490528,9.37753,9.24451,9.270652,0,0,0,0,0,0
2025/05/10 04:35:00.918,n,9.320808,53.543312,0.003355,5.292053e-05,0.003434,3.498119e-05,9.059636,8.996604,8.958508,8.97606,9.25749,9.364742,9.496156,9.37029,9.25575,9.261868,0,0,0,0,0,0
2025/05/10 04:36:00.920,n,9.30743,52.921144,0.003377,1.445747e-05,0.00351,2.095718e-05,9.049356,8.996604,8.95703,8.97754,9.245762,9.356396,9.490528,9.371754,9.250138,9.261868,0,0,0,0,0,0
2025/05/10 04:37:00.925,n,9.3108,52.99424,0.003208,6.188537e-05,0.003342,5.116661e-05,9.058124,9.003972,8.958508,8.986342,9.258922,9.359146,9.484982,9.36585,9.24451,9.260402,0,0,0,0,0,0
2025/05/10 04:38:00.924,n,9.31915,52.876272,0.00294,7.699729e-05,0.003032,9.42266e-05,9.047876,9.00978,8.951158,8.984876,9.253082,9.356396,9.487762,9.364432,9.247274,9.254546,0,0,0,0,0,0
2025/05/10 04:39:00.928,n,9.335796,52.793456,0.002724,6.923535e-05,0.002863,4.850547e-05,9.037596,9.005372,8.949694,8.98338,9.25749,9.353518,9.484982,9.3556,9.247274,9.247242,0,0,0,0,0,0
2025/05/10 04:40:00.915,n,9.345712,53.337696,0.002845,4.245531e-05,0.002852,7.319666e-06,9.055228,8.993692,8.97606,8.968756,9.267772,9.356396,9.490528,9.371754,9.24451,9.263362,0,0,0,0,0,0
2025/05/10 04:41:00.914,n,9.344052,53.115428,0.002866,9.759554e-06,0.002907,1.370591e-05,9.052284,8.98782,8.961438,8.959972,9.266306,9.356396,9.484982,9.36585,9.247274,9.266306,0,0,0,0,0,0
2025/05/10 04:42:00.918,n,9.344052,52.922852,0.002903,2.530384e-05,0.002978,2.317538e-05,9.052284,8.986342,8.959972,8.970222,9.266306,9.353518,9.484982,9.36585,9.247274,9.260402,0,0,0,0,0,0
2025/05/10 04:43:00.919,n,9.37569,53.10044,0.003145,7.191121e-05,0.003184,6.128391e-05,9.055228,8.998068,8.959972,8.971684,9.258922,9.356396,9.484982,9.36585,9.250138,9.25749,0,0,0,0,0,0
2025/05/10 04:44:00.923,n,9.403962,52.801664,0.003534,0.000119,0.003532,0.000114,9.055228,8.998068,8.958508,8.980468,9.258922,9.353518,9.476602,9.360008,9.24163,9.253082,0,0,0,0,0,0
2025/05/10 04:45:00.923,n,9.420612,53.173488,0.003897,0.0001,0.004015,0.000134,9.055228,9.002508,8.959972,8.97754,9.261868,9.353518,9.482134,9.36585,9.24163,9.258922,0,0,0,0,0,0
2025/05/10 04:46:00.925,n,9.420612,52.616404,0.00446,0.000175,0.004608,0.00017,9.0611,9.001028,8.962852,8.980468,9.261868,9.353518,9.479384,9.36297,9.247274,9.25749,0,0,0,0,0,0
2025/05/10 04:47:00.927,n,9.462166,52.889552,0.004848,0.000115,0.005118,0.000156,9.052284,9.006852,8.954068,8.974596,9.266306,9.356396,9.482134,9.358528,9.238882,9.245762,0,0,0,0,0,0
2025/05/10 04:48:00.931,n,9.482136,53.251464,0.005316,0.000135,0.005514,0.000128,9.047876,8.999532,8.94675,8.97754,9.263362,9.353518,9.482134,9.360008,9.24451,9.250138,0,0,0,0,0,0
2025/05/10 04:49:00.915,n,9.507088,52.934424,0.005442,3.811228e-05,0.005676,4.568959e-05,9.066972,8.99075,8.973132,8.961438,9.27509,9.353518,9.487762,9.36585,9.236132,9.260402,0,0,0,0,0,0
2025/05/10 04:50:00.916,n,9.515438,53.234864,0.005379,2.702298e-05,0.005877,7.676068e-05,9.062564,8.986342,8.964316,8.967278,9.26917,9.34789,9.482134,9.364432,9.238882,9.25749,0,0,0,0,0,0
2025/05/10 04:51:00.918,n,9.507088,53.276368,0.005899,0.000164,0.0063,0.000135,9.064044,8.99075,8.968756,8.967278,9.264828,9.350768,9.482134,9.364432,9.24163,9.256026,0,0,0,0,0,0
2025/05/10 04:52:00.919,n,9.520416,53.185108,0.006638,0.000221,0.006885,0.000178,9.066972,8.995124,8.962852,8.97754,9.27509,9.34789,9.476602,9.367312,9.24163,9.260402,0,0,0,0,0,0
2025/05/10 04:53:00.922,n,9.54532,53.483644,0.006691,3.890243e-05,0.007124,6.745948e-05,9.052284,8.996604,8.961438,8.97754,9.270652,9.350768,9.476602,9.358528,9.238882,9.254546,0,0,0,0,0,0
2025/05/10 04:54:00.927,n,9.556988,53.09712,0.006177,0.000169,0.006761,0.000111,9.056726,9.002508,8.958508,8.973132,9.270652,9.345124,9.484982,9.351224,9.236132,9.244266,0,0,0,0,0,0
2025/05/10 04:55:00.926,n,9.57198,52.689208,0.005888,7.799167e-05,0.006305,0.00015,9.053748,9.002508,8.949694,8.97606,9.270652,9.353518,9.476602,9.360008,9.233284,9.251618,0,0,0,0,0,0
2025/05/10 04:56:00.926,n,9.598542,52.81494,0.005704,4.111773e-05,0.005931,0.000114,9.052284,9.001028,8.94675,8.980468,9.26917,9.345124,9.468242,9.360008,9.236132,9.245762,0,0,0,0,0,0
2025/05/10 04:57:00.931,n,9.648446,52.723976,0.005116,0.000188,0.005557,0.00012,9.056726,9.00978,8.951158,8.979004,9.276556,9.34789,9.473756,9.34828,9.230536,9.247242,0,0,0,0,0,0
2025/05/10 04:58:00.914,n,9.660066,53.057276,0.004449,0.000202,0.004624,0.000291,9.065508,8.999532,8.970222,8.967278,9.288236,9.345124,9.47099,9.361506,9.22777,9.264828,0,0,0,0,0,0
2025/05/10 04:59:00.916,n,9.641804,53.06558,0.004864,0.000148,0.005085,0.000176,9.06842,8.993692,8.967278,8.968756,9.280868,9.345124,9.47099,9.36297,9.238882,9.260402,0,0,0,0,0,0
2025/05/10 05:00:00.918,n,9.678376,52.536916,0.004433,0.000151,0.00496,0.000103,9.065508,8.993692,8.96578,8.96578,9.27509,9.34789,9.473756,9.3556,9.236132,9.263362,0,0,0,0,0,0
2025/05/10 05:01:00.915,n,9.724912,53.150244,0.003987,9.203964e-05,0.004244,0.000183,9.083076,9.005372,8.984876,8.98782,9.302894,9.317258,9.440146,9.379008,9.205372,9.276556,0,0,0,0,0,0
2025/05/10 05:02:00.916,n,9.687958,52.405616,0.003812,2.354349e-05,0.003885,6.990563e-05,9.06333,8.97977,8.954834,8.954834,9.283128,9.406616,9.535234,9.349044,9.291978,9.248006,0,0,0,0,0,0
2025/05/10 05:03:00.917,n,9.70622,51.54014,0.003697,4.382754e-05,0.003765,4.548646e-05,9.055992,8.97977,8.953368,8.957762,9.271416,9.412212,9.537984,9.34758,9.300324,9.237758,0,0,0,0,0,0
2025/05/10 05:04:00.920,n,9.69621,51.623096,0.00427,0.000184,0.004395,0.000205,9.058888,8.987106,8.951858,8.954834,9.271416,9.414962,9.543612,9.338796,9.305968,9.243598,0,0,0,0,0,0
2025/05/10 05:05:00.920,n,9.709592,51.817288,0.004611,9.782572e-05,0.004976,0.000175,9.053048,8.984144,8.944586,8.957762,9.261134,9.42059,9.546378,9.338796,9.30312,9.237758,0,0,0,0,0,0
2025/05/10 05:06:00.925,n,9.697918,52.114064,0.004506,3.821627e-05,0.004803,6.609252e-05,9.045744,8.981234,8.937234,8.959242,9.261134,9.428986,9.543612,9.331458,9.308716,9.224534,0,0,0,0,0,0
2025/05/10 05:07:00.910,n,9.70456,52.080908,0.004664,5.117953e-05,0.004857,4.241634e-05,9.05012,8.970986,8.956298,8.941608,9.278752,9.42334,9.549128,9.335884,9.305968,9.248006,0,0,0,0,0,0
2025/05/10 05:08:00.911,n,9.737812,52.114064,0.005546,0.000281,0.005752,0.00028,9.058888,8.970986,8.956298,8.938714,9.281664,9.414962,9.540732,9.331458,9.311596,9.242134,0,0,0,0,0,0
2025/05/10 05:09:00.914,n,9.752804,51.935008,0.006286,0.000225,0.006679,0.000289,9.058888,8.968024,8.954834,8.94605,9.275824,9.42059,9.552008,9.34026,9.317096,9.242134,0,0,0,0,0,0
2025/05/10 05:10:00.916,n,9.757782,52.125684,0.006522,6.862601e-05,0.007183,0.000156,9.0604,8.970986,8.944586,8.941608,9.283128,9.417744,9.543612,9.335884,9.311596,9.239158,0,0,0,0,0,0
2025/05/10 05:11:00.917,n,9.776044,51.910156,0.006732,8.136215e-05,0.007199,2.498819e-05,9.055992,8.981234,8.951858,8.950458,9.278752,9.42059,9.549128,9.335884,9.305968,9.236244,0,0,0,0,0,0
2025/05/10 05:12:00.919,n,9.804268,51.888624,0.007408,0.000213,0.007913,0.000232,9.055992,8.975362,8.947514,8.951858,9.271416,9.42334,9.546378,9.338796,9.314344,9.236244,0,0,0,0,0,0
2025/05/10 05:13:00.923,n,9.800996,52.24004,0.007932,0.000143,0.008792,0.000268,9.055992,8.981234,8.94309,8.953368,9.280232,9.417744,9.543612,9.331458,9.305968,9.230372,0,0,0,0,0,0
2025/05/10 05:14:00.924,n,9.817548,51.79072,0.007623,0.000121,0.008211,0.000211,9.054528,8.981234,8.938714,8.957762,9.275824,9.417744,9.540732,9.331458,9.308716,9.227476,0,0,0,0,0,0
2025/05/10 05:15:00.925,n,9.815888,51.599904,0.007051,0.000181,0.007724,0.000131,9.04864,8.985608,8.93577,8.957762,9.27288,9.426138,9.540732,9.324204,9.311596,9.221556,0,0,0,0,0,0
2025/05/10 05:16:00.913,n,9.845822,51.964892,0.006601,0.000137,0.00702,0.000239,9.051584,8.966544,8.954834,8.941608,9.289032,9.42334,9.549128,9.331458,9.314344,9.239158,0,0,0,0,0,0
2025/05/10 05:17:00.913,n,9.8508,52.283108,0.006223,0.000109,0.00657,0.000147,9.055992,8.970986,8.957762,8.947514,9.29336,9.414962,9.543612,9.332954,9.297508,9.237758,0,0,0,0,0,0
2025/05/10 05:18:00.918,n,9.889424,52.273144,0.006123,2.682645e-05,0.006516,4.08919e-05,9.061866,8.96508,8.948994,8.951858,9.283128,9.414962,9.552008,9.335884,9.30312,9.23478,0,0,0,0,0,0
2025/05/10 05:19:00.917,n,9.911152,51.916796,0.006018,3.220489e-05,0.006348,5.878281e-05,9.061866,8.966544,8.950458,8.950458,9.289032,9.417744,9.540732,9.32705,9.30312,9.237758,0,0,0,0,0,0
2025/05/10 05:20:00.921,n,9.932832,52.294676,0.00617,5.625282e-05,0.006549,7.259779e-05,9.057424,8.978304,8.948994,8.956298,9.280232,9.42059,9.546378,9.32998,9.30312,9.225996,0,0,0,0,0,0
2025/05/10 05:21:00.921,n,9.944454,51.789064,0.006254,3.72344e-05,0.006793,7.577198e-05,9.066274,8.98268,8.951858,8.954834,9.284608,9.42059,9.537984,9.325636,9.300324,9.227476,0,0,0,0,0,0
2025/05/10 05:22:00.926,n,9.967842,51.252784,0.006013,7.15146e-05,0.006435,0.000155,9.054528,8.978304,8.940178,8.951858,9.280232,9.417744,9.537984,9.324204,9.300324,9.220092,0,0,0,0,0,0
2025/05/10 05:23:00.928,n,9.986154,51.269436,0.005929,7.952024e-05,0.006321,8.278061e-05,9.066274,8.984144,8.944586,8.959242,9.286104,9.414962,9.532386,9.32126,9.297508,9.224534,0,0,0,0,0,0
2025/05/10 05:24:00.927,n,9.99123,51.297656,0.007654,0.00055,0.008022,0.000546,9.051584,8.990048,8.941608,8.959242,9.280232,9.417744,9.540732,9.313954,9.305968,9.218628,0,0,0,0,0,0
2025/05/10 05:25:00.913,n,10.02956,51.721096,0.008667,0.000282,0.009318,0.000393,9.0604,8.968024,8.959242,8.94605,9.297786,9.417744,9.535234,9.32705,9.305968,9.23478,0,0,0,0,0,0
2025/05/10 05:26:00.914,n,10.08962,51.442188,0.00872,2.72181e-05,0.009546,6.992456e-05,9.072112,8.975362,8.956298,8.948994,9.305074,9.412212,9.537984,9.328516,9.300324,9.242134,0,0,0,0,0,0
2025/05/10 05:27:00.916,n,10.099628,51.36748,0.008972,6.808411e-05,0.009459,4.612186e-05,9.070648,8.976826,8.951858,8.954834,9.29632,9.406616,9.537984,9.322724,9.300324,9.239158,0,0,0,0,0,0
2025/05/10 05:28:00.918,n,10.121258,51.312648,0.009476,0.000156,0.010295,0.000264,9.072112,8.981234,8.951858,8.950458,9.29632,9.412212,9.532386,9.331458,9.305968,9.23478,0,0,0,0,0,0
2025/05/10 05:29:00.918,n,10.13459,51.390676,0.009618,3.971018e-05,0.010728,0.000136,9.07509,8.97977,8.957762,8.953368,9.297786,9.406616,9.529606,9.331458,9.297508,9.237758,0,0,0,0,0,0
2025/05/10 05:30:00.923,n,10.15632,51.666308,0.009896,8.376556e-05,0.010956,7.404123e-05,9.069184,8.985608,8.947514,8.96508,9.303658,9.409448,9.529606,9.32705,9.294726,9.22891,0,0,0,0,0,0
2025/05/10 05:31:00.931,n,10.224628,51.244532,0.010625,0.000102,0.011704,9.863568e-05,9.080896,9.017832,8.968024,8.984144,9.319762,9.38137,9.498874,9.337332,9.26961,9.243598,0,0,0,0,0,0
2025/05/10 05:32:00.932,n,10.254608,51.369092,0.010909,8.533024e-05,0.01172,1.259953e-05,9.08384,9.016368,8.968024,8.976826,9.32705,9.375854,9.504388,9.331458,9.26961,9.240656,0,0,0,0,0,0
2025/05/10 05:33:00.933,n,10.28796,51.462108,0.010799,4.412835e-05,0.01172,6.50637e-06,9.072112,9.006086,8.963616,8.963616,9.319762,9.386998,9.507236,9.32705,9.275206,9.233316,0,0,0,0,0,0
2025/05/10 05:34:00.918,n,10.334638,51.417236,0.010872,3.488652e-05,0.011823,4.814274e-05,9.088234,8.988586,8.975362,8.96508,9.318298,9.386998,9.507236,9.332954,9.280752,9.240656,0,0,0,0,0,0
2025/05/10 05:35:00.920,n,10.32795,51.56504,0.010903,1.721424e-05,0.011731,2.682645e-05,9.091178,9.000298,8.96508,8.963616,9.312474,9.395376,9.515614,9.33442,9.277988,9.240656,0,0,0,0,0,0
2025/05/10 05:36:00.923,n,10.32629,51.467092,0.011014,3.862943e-05,0.011747,2.005398e-05,9.08384,8.998832,8.962136,8.975362,9.313954,9.392626,9.5101,9.337332,9.277988,9.242134,0,0,0,0,0,0
2025/05/10 05:37:00.925,n,10.332928,51.687892,0.011538,0.000151,0.012196,0.000147,9.085338,8.994392,8.96508,8.969522,9.32126,9.398126,9.518494,9.328516,9.286382,9.233316,0,0,0,0,0,0
2025/05/10 05:38:00.926,n,10.36628,51.613184,0.012847,0.000405,0.013516,0.000424,9.080896,8.998832,8.962136,8.972418,9.322724,9.395376,9.518494,9.324204,9.283584,9.237758,0,0,0,0,0,0
2025/05/10 05:39:00.928,n,10.38464,51.63638,0.013528,0.000192,0.014781,0.000382,9.079432,9.003208,8.957762,8.973896,9.318298,9.392626,9.512864,9.32126,9.280752,9.231852,0,0,0,0,0,0
2025/05/10 05:40:00.935,n,10.401242,51.722704,0.013663,4.140628e-05,0.015547,0.000235,9.080896,9.004608,8.959242,8.96508,9.32705,9.395376,9.518494,9.318298,9.283584,9.233316,0,0,0,0,0,0
2025/05/10 05:41:00.933,n,10.42624,51.626464,0.013412,8.991982e-05,0.015245,0.000117,9.073578,8.997368,8.962136,8.966544,9.32998,9.398126,9.523994,9.322724,9.280752,9.224534,0,0,0,0,0,0
2025/05/10 05:42:00.935,n,10.437862,51.460448,0.013156,7.848203e-05,0.014473,0.000248,9.085338,9.009048,8.963616,8.969522,9.332954,9.392626,9.515614,9.319762,9.277988,9.236244,0,0,0,0,0,0
2025/05/10 05:43:00.920,n,10.47287,51.372412,0.012523,0.000204,0.013776,0.000236,9.09996,9.004608,8.978304,8.969522,9.331458,9.386998,9.515614,9.34026,9.283584,9.237758,0,0,0,0,0,0
2025/05/10 05:44:00.921,n,10.477852,51.490384,0.012067,0.000138,0.0133,0.000149,9.098528,8.994392,8.972418,8.968024,9.332954,9.392626,9.515614,9.32998,9.283584,9.243598,0,0,0,0,0,0
2025/05/10 05:45:00.923,n,10.507832,51.287696,0.012847,0.000278,0.013657,0.000112,9.09996,8.998832,8.970986,8.976826,9.337332,9.392626,9.5101,9.337332,9.280752,9.23478,0,0,0,0,0,0
2025/05/10 05:46:00.929,n,10.497872,50.99844,0.013407,0.000147,0.014565,0.000293,9.108746,9.014888,8.972418,8.972418,9.338796,9.386998,9.507236,9.324204,9.277988,9.237758,0,0,0,0,0,0
2025/05/10 05:47:00.928,n,10.517842,50.83218,0.01381,0.000125,0.015051,0.00015,9.098528,9.013456,8.970986,8.98268,9.34174,9.395376,9.515614,9.325636,9.277988,9.233316,0,0,0,0,0,0
2025/05/10 05:48:00.928,n,10.509492,51.10322,0.013867,1.126936e-05,0.015175,4.912201e-05,9.09705,9.010512,8.970986,8.981234,9.343204,9.389748,9.512864,9.322724,9.275206,9.23478,0,0,0,0,0,0
2025/05/10 05:49:00.914,n,10.55949,50.976904,0.014249,0.000128,0.015461,0.000105,9.111656,8.99589,8.981234,8.96508,9.354918,9.389748,9.515614,9.332954,9.272456,9.249438,0,0,0,0,0,0
2025/05/10 05:50:00.917,n,10.552854,51.02012,0.014578,0.000108,0.015828,0.000117,9.117562,9.006086,8.985608,8.970986,9.352022,9.384234,9.515614,9.34174,9.26961,9.248006,0,0,0,0,0,0
2025/05/10 05:51:00.921,n,10.562814,51.003468,0.014516,2.057495e-05,0.015828,1.028747e-05,9.117562,9.000298,8.98268,8.98268,9.353486,9.384234,9.5101,9.335884,9.272456,9.242134,0,0,0,0,0,0
2025/05/10 05:52:00.907,n,10.612714,51.03008,0.015205,0.000223,0.016508,0.000223,9.11021,9.011992,8.991514,8.963616,9.378392,9.38137,9.5101,9.32998,9.26961,9.25676,0,0,0,0,0,0
2025/05/10 05:53:00.907,n,10.612714,50.5126,0.016875,0.000517,0.018288,0.000564,9.119026,9.007584,9.000298,8.968024,9.378392,9.384234,9.501622,9.335884,9.261216,9.261134,0,0,0,0,0,0
2025/05/10 05:54:00.907,n,10.611104,50.254344,0.01823,0.000395,0.019946,0.0005,9.12781,9.007584,9.000298,8.969522,9.385648,9.38137,9.507236,9.33442,9.266828,9.25676,0,0,0,0,0,0
2025/05/10 05:55:00.913,n,10.624386,50.287696,0.020058,0.000561,0.021995,0.000611,9.124866,8.997368,8.997368,8.968024,9.376896,9.38137,9.501622,9.331458,9.272456,9.25531,0,0,0,0,0,0
2025/05/10 05:56:00.914,n,10.661008,50.267676,0.022264,0.00065,0.024051,0.000616,9.12633,9.003208,8.992928,8.972418,9.376896,9.384234,9.501622,9.33442,9.266828,9.25531,0,0,0,0,0,0
2025/05/10 05:57:00.917,n,10.662716,50.167676,0.023649,0.000395,0.025786,0.000523,9.135114,9.003208,8.997368,8.975362,9.379838,9.378604,9.501622,9.343204,9.264062,9.253846,0,0,0,0,0,0
2025/05/10 05:58:00.916,n,10.677654,49.857176,0.024502,0.000265,0.026622,0.000239,9.135114,9.000298,8.994392,8.98268,9.379838,9.373072,9.495994,9.343204,9.261216,9.253846,0,0,0,0,0,0
2025/05/10 05:59:00.917,n,10.712616,50.334376,0.025333,0.00024,0.027317,0.000205,9.146874,9.011992,8.997368,8.98268,9.384184,9.378604,9.495994,9.346134,9.258468,9.253846,0,0,0,0,0,0
2025/05/10 06:00:00.921,n,10.75256,49.88916,0.027373,0.000646,0.029387,0.000663,9.13809,9.014888,9.000298,8.984144,9.382704,9.373072,9.498874,9.337332,9.261216,9.250902,0,0,0,0,0,0
2025/05/10 06:01:00.919,n,10.750896,50.027688,0.030159,0.000502,0.032129,0.00051,9.15418,9.03984,9.009048,9.000298,9.407674,9.350606,9.462482,9.357862,9.236098,9.269968,0,0,0,0,0,0
2025/05/10 06:02:00.907,n,10.748944,49.935688,0.031399,0.000402,0.033724,0.000497,9.127744,9.004608,8.992864,8.96212,9.391422,9.405104,9.525262,9.324074,9.282086,9.244998,0,0,0,0,0,0
2025/05/10 06:03:00.907,n,10.793866,49.777048,0.032094,0.000196,0.034889,0.000345,9.091112,8.957712,8.96508,8.921082,9.357732,9.391178,9.511368,9.283064,9.27096,9.209812,0,0,0,0,0,0
2025/05/10 06:04:00.911,n,10.808854,48.920256,0.03314,0.000342,0.036023,0.000362,9.095456,8.96508,8.957712,8.921082,9.353356,9.396726,9.5169,9.281598,9.27649,9.205404,0,0,0,0,0,0
2025/05/10 06:05:00.912,n,10.827164,48.788616,0.03449,0.000396,0.037229,0.000345,9.098432,8.959176,8.957712,8.925426,9.36214,9.399508,9.519746,9.287472,9.284868,9.206882,0,0,0,0,0,0
2025/05/10 06:06:00.912,n,10.823796,48.4769,0.036315,0.000569,0.038192,0.000278,9.138024,8.997272,8.995808,8.966496,9.400272,9.416246,9.536518,9.322642,9.29611,9.242036,0,0,0,0,0,0
2025/05/10 06:07:00.915,n,10.875408,48.22822,0.037739,0.000449,0.039246,0.000313,9.132186,9.001678,8.9914,8.959176,9.398808,9.419094,9.547712,9.321162,9.301706,9.233252,0,0,0,0,0,0
2025/05/10 06:08:00.916,n,10.875408,47.768892,0.038655,0.000275,0.040773,0.000517,9.13944,8.998702,8.985544,8.96508,9.391422,9.416246,9.539366,9.319696,9.301706,9.233252,0,0,0,0,0,0
2025/05/10 06:09:00.922,n,10.926968,48.042864,0.039523,0.00024,0.041776,0.000286,9.13944,9.000182,8.98408,8.973832,9.397344,9.416246,9.536518,9.318234,9.29611,9.230308,0,0,0,0,0,0
2025/05/10 06:10:00.906,n,10.965154,47.930952,0.040081,0.000158,0.042964,0.000366,9.140904,8.998702,8.9914,8.957712,9.42225,9.413498,9.544964,9.309448,9.29611,9.239092,0,0,0,0,0,0
2025/05/10 06:11:00.909,n,10.991814,48.209856,0.042087,0.00062,0.04339,0.000161,9.145344,8.998702,9.000182,8.96064,9.432468,9.413498,9.53364,9.319696,9.293328,9.246476,0,0,0,0,0,0
2025/05/10 06:12:00.911,n,11.021744,47.442768,0.043096,0.000268,0.043087,9.737842e-05,9.15265,9.001678,8.998702,8.956232,9.420754,9.413498,9.539366,9.319696,9.304488,9.236198,0,0,0,0,0,0
2025/05/10 06:13:00.911,n,11.059978,47.169868,0.041355,0.000628,0.042282,0.000241,9.157058,9.000182,9.003144,8.963616,9.43393,9.416246,9.53364,9.319696,9.293328,9.243534,0,0,0,0,0,0
2025/05/10 06:14:00.917,n,11.076626,47.382516,0.037776,0.001097,0.040303,0.000597,9.158522,9.000182,9.001678,8.973832,9.432468,9.410732,9.53364,9.325522,9.29611,9.237628,0,0,0,0,0,0
2025/05/10 06:15:00.916,n,11.143132,47.268696,0.034973,0.000857,0.037732,0.000768,9.158522,9.004608,9.003144,8.97087,9.438306,9.410732,9.539366,9.322642,9.290564,9.237628,0,0,0,0,0,0
2025/05/10 06:16:00.916,n,11.199578,46.967232,0.033497,0.000441,0.035114,0.000785,9.173178,9.014872,9.009016,8.969424,9.439786,9.419094,9.536518,9.325522,9.298958,9.242036,0,0,0,0,0,0
2025/05/10 06:17:00.919,n,11.199578,46.356636,0.032751,0.000228,0.034226,0.000255,9.171714,9.019296,9.004608,8.982582,9.441252,9.413498,9.536518,9.329948,9.290564,9.240572,0,0,0,0,0,0
2025/05/10 06:18:00.921,n,11.207874,45.951948,0.03286,7.643254e-05,0.034483,0.000143,9.17762,9.017832,9.004608,8.98408,9.444196,9.413498,9.53364,9.331426,9.293328,9.230308,0,0,0,0,0,0
2025/05/10 06:19:00.906,n,11.214516,46.027192,0.032301,0.000195,0.034248,8.729212e-05,9.170282,9.011928,9.017832,8.96796,9.469038,9.416246,9.536518,9.310914,9.293328,9.24791,0,0,0,0,0,0
2025/05/10 06:20:00.908,n,11.234536,46.052336,0.031446,0.000188,0.034093,8.777572e-05,9.179084,9.016336,9.019296,8.973832,9.47932,9.410732,9.53364,9.31529,9.290564,9.249372,0,0,0,0,0,0
2025/05/10 06:21:00.909,n,11.227894,46.416744,0.030714,0.000263,0.033483,0.000231,9.189314,9.016336,9.017832,8.97087,9.476376,9.40787,9.536518,9.321162,9.284868,9.246476,0,0,0,0,0,0
2025/05/10 06:22:00.914,n,11.261098,46.374996,0.029396,0.000446,0.032042,0.00051,9.196588,9.013392,9.019296,8.973832,9.480752,9.410732,9.53364,9.331426,9.290564,9.255262,0,0,0,0,0,0
2025/05/10 06:23:00.914,n,11.299282,46.15932,0.030346,0.000396,0.032851,0.000308,9.205404,9.020744,9.030992,8.982582,9.4896,9.402354,9.53089,9.33289,9.282086,9.24791,0,0,0,0,0,0
2025/05/10 06:24:00.920,n,11.31593,46.497016,0.032296,0.000662,0.03506,0.000685,9.211276,9.023672,9.025152,8.98992,9.48664,9.410732,9.528126,9.331426,9.282086,9.24791,0,0,0,0,0,0
2025/05/10 06:25:00.920,n,11.337464,46.513712,0.034448,0.000686,0.037148,0.000679,9.221556,9.033936,9.020744,8.9914,9.488104,9.402354,9.528126,9.340212,9.282086,9.249372,0,0,0,0,0,0
2025/05/10 06:26:00.922,n,11.344106,46.760884,0.036212,0.00049,0.039577,0.000591,9.212754,9.033936,9.026616,8.994328,9.48516,9.399508,9.53089,9.329948,9.27924,9.243534,0,0,0,0,0,0
2025/05/10 06:27:00.922,n,11.367398,46.779192,0.0379,0.000537,0.040864,0.000475,9.217164,9.033936,9.032456,9.000182,9.492448,9.402354,9.53364,9.337234,9.27924,9.246476,0,0,0,0,0,0
2025/05/10 06:28:00.906,n,11.369058,46.817624,0.040313,0.001583,0.042794,0.004361,9.223036,9.03836,9.048608,8.988456,9.518836,9.399508,9.522496,9.329948,9.282086,9.256726,0,0,0,0,0,0
2025/05/10 06:29:00.910,n,11.407238,46.78422,0.04353,0.001254,0.04558,0.002892,9.228844,9.03836,9.04568,8.985544,9.518836,9.402354,9.525262,9.341676,9.273742,9.259638,0,0,0,0,0,0
2025/05/10 06:30:00.911,n,11.454476,46.805064,0.042215,0.000503,0.044304,0.000476,9.218286,9.02634,9.032178,8.980874,9.50974,9.414084,9.53995,9.31646,9.29393,9.241728,0,0,0,0,0,0
2025/05/10 06:31:00.915,n,11.500958,46.606432,0.044165,0.000429,0.045852,0.000375,9.23444,9.03662,9.049812,8.995564,9.524366,9.380572,9.506342,9.341332,9.257556,9.262258,0,0,0,0,0,0
2025/05/10 06:32:00.915,n,11.473866,46.462228,0.046645,0.000758,0.048366,0.000763,9.227592,9.0327,9.0327,8.98286,9.513222,9.440274,9.560532,9.324318,9.311744,9.251064,0,0,0,0,0,0
2025/05/10 06:33:00.920,n,11.502042,46.515692,0.04893,0.000725,0.050014,0.000477,9.232032,9.0327,9.04145,8.9887,9.507318,9.445904,9.563378,9.32723,9.325764,9.240816,0,0,0,0,0,0
2025/05/10 06:34:00.921,n,11.487148,46.664376,0.051225,0.000761,0.052333,0.000678,9.22616,9.04293,9.02977,8.99018,9.511726,9.451404,9.566176,9.319878,9.325764,9.23932,0,0,0,0,0,0
2025/05/10 06:35:00.923,n,11.537,46.877216,0.052006,0.00022,0.053903,0.000533,9.22616,9.02977,9.0327,8.99314,9.510262,9.451404,9.577306,9.312638,9.328516,9.229054,0,0,0,0,0,0
2025/05/10 06:36:00.923,n,11.578458,47.094988,0.05268,0.000286,0.054939,0.000299,9.227592,9.038604,9.034196,8.994604,9.521944,9.448652,9.577306,9.316948,9.328516,9.233496,0,0,0,0,0,0
2025/05/10 06:37:00.910,n,11.596668,47.074872,0.052371,0.000372,0.055273,0.000175,9.24669,9.04145,9.048834,8.984324,9.539546,9.451404,9.574524,9.32723,9.325764,9.2496,0,0,0,0,0,0
2025/05/10 06:38:00.912,n,11.646474,46.863788,0.055279,0.000878,0.057395,0.000643,9.243746,9.040052,9.05173,8.98286,9.539546,9.454284,9.574524,9.325798,9.328516,9.2496,0,0,0,0,0,0
2025/05/10 06:39:00.917,n,11.661466,46.470576,0.058827,0.00142,0.061445,0.002137,9.24669,9.038604,9.05173,8.991676,9.552738,9.454284,9.571774,9.324318,9.325764,9.243746,0,0,0,0,0,0
2025/05/10 06:40:00.915,n,11.71449,46.497284,0.061539,0.000892,0.066418,0.001672,9.252528,9.044426,9.04145,8.9887,9.546866,9.454284,9.577306,9.32723,9.325764,9.251064,0,0,0,0,0,0
2025/05/10 06:41:00.921,n,11.749356,46.920772,0.06114,0.001449,0.068289,0.00276,9.252528,9.040052,9.047356,9.00046,9.545386,9.448652,9.582918,9.324318,9.322886,9.23932,0,0,0,0,0,0
2025/05/10 06:42:00.925,n,11.81073,46.687712,0.060755,0.000982,0.065653,0.002475,9.264224,9.048834,9.03714,9.003388,9.554138,9.445904,9.574524,9.319878,9.325764,9.23784,0,0,0,0,0,0
2025/05/10 06:43:00.923,n,11.903604,46.25832,0.061948,0.000854,0.069079,0.001537,9.255472,9.048834,9.047356,9.01074,9.558548,9.462726,9.577306,9.321356,9.322886,9.243746,0,0,0,0,0,0
2025/05/10 06:44:00.924,n,11.930116,46.229948,0.060202,0.001902,0.065806,0.002243,9.273026,9.059082,9.047356,9.00926,9.565902,9.457048,9.580154,9.324318,9.322886,9.23784,0,0,0,0,0,0
2025/05/10 06:45:00.927,n,12.027966,46.306804,0.054817,0.001161,0.056706,0.001907,9.27013,9.062044,9.05173,9.015148,9.57171,9.459912,9.574524,9.325798,9.325764,9.243746,0,0,0,0,0,0
2025/05/10 06:46:00.915,n,12.095886,46.171456,0.051056,0.001447,0.053036,0.001624,9.280378,9.059082,9.0679,9.006364,9.587814,9.448652,9.580154,9.328692,9.322886,9.25697,0,0,0,0,0,0
2025/05/10 06:47:00.915,n,12.12074,45.917156,0.050266,0.000274,0.052746,0.000144,9.286252,9.057604,9.076668,9.004852,9.599528,9.459912,9.577306,9.333102,9.322886,9.253994,0,0,0,0,0,0
2025/05/10 06:48:00.919,n,12.1787,45.572284,0.048982,0.000357,0.051802,0.000202,9.293506,9.06349,9.069364,9.006364,9.598096,9.459912,9.580154,9.334566,9.320136,9.248186,0,0,0,0,0,0
2025/05/10 06:49:00.920,n,12.067666,45.969064,0.055879,0.00182,0.05829,0.001678,9.306732,9.075204,9.07374,9.023916,9.618596,9.445904,9.568926,9.34192,9.314492,9.25697,0,0,0,0,0,0
2025/05/10 06:50:00.926,n,12.114102,46.675996,0.047181,0.004423,0.047764,0.004309,9.312638,9.076668,9.079644,9.028356,9.614188,9.448652,9.571774,9.328692,9.31737,9.251064,0,0,0,0,0,0
2025/05/10 06:51:00.924,n,12.11742,45.821796,0.046125,0.000414,0.047146,0.000272,9.305252,9.079644,9.07818,9.025428,9.622908,9.448652,9.582918,9.32723,9.320136,9.251064,0,0,0,0,0,0
2025/05/10 06:52:00.925,n,12.04945,46.10954,0.055592,0.00675,0.052926,0.004163,9.316948,9.083988,9.07374,9.025428,9.630292,9.448652,9.571774,9.328692,9.314492,9.25697,0,0,0,0,0,0
2025/05/10 06:53:00.928,n,12.022938,46.744452,0.045806,0.001377,0.045963,0.001318,9.3155,9.089892,9.085452,9.031236,9.63319,9.454284,9.571774,9.34192,9.308896,9.251064,0,0,0,0,0,0
2025/05/10 06:54:00.928,n,12.04945,46.767792,0.04354,0.006601,0.043884,0.005822,9.322854,9.092836,9.086948,9.034196,9.642006,9.451404,9.577306,9.340422,9.311744,9.25697,0,0,0,0,0,0
2025/05/10 06:55:00.916,n,12.059364,46.868816,0.042575,0.000216,0.042078,0.000554,9.336046,9.079644,9.111836,9.023916,9.659514,9.445904,9.571774,9.352136,9.308896,9.271562,0,0,0,0,0,0
2025/05/10 06:56:00.919,n,12.085926,47.078244,0.046919,0.003935,0.045211,0.004744,9.352136,9.089892,9.103052,9.02977,9.662474,9.451404,9.571774,9.35508,9.306114,9.27013,0,0,0,0,0,0
2025/05/10 06:57:00.918,n,12.089246,46.447184,0.055679,0.002527,0.055963,0.003268,9.35508,9.089892,9.107428,9.035676,9.662474,9.448652,9.577306,9.356544,9.311744,9.27597,0,0,0,0,0,0
2025/05/10 06:58:00.920,n,12.11742,46.537424,0.05987,0.000746,0.058253,0.001193,9.35508,9.098676,9.106012,9.038604,9.669762,9.448652,9.568926,9.36092,9.306114,9.280378,0,0,0,0,0,0
2025/05/10 06:59:00.923,n,12.152234,46.41882,0.052073,0.003379,0.050985,0.002892,9.365328,9.108892,9.119172,9.05614,9.681458,9.43751,9.554904,9.362384,9.300518,9.28181,0,0,0,0,0,0
2025/05/10 07:00:00.926,n,12.157998,46.40962,0.064478,0.004959,0.057314,0.002898,9.343384,9.095764,9.086982,9.0313,9.656632,9.488038,9.605532,9.334598,9.348248,9.249682,0,0,0,0,0,0
2025/05/10 07:01:00.924,n,12.217664,46.635104,0.060001,0.001897,0.056795,0.001133,9.366794,9.117772,9.104614,9.054772,9.680078,9.468516,9.58591,9.346328,9.328726,9.268682,0,0,0,0,0,0
2025/05/10 07:02:00.926,n,12.250772,46.19736,0.051814,0.003651,0.051075,0.002872,9.356576,9.11195,9.107524,9.051796,9.677114,9.468516,9.597056,9.346328,9.323098,9.267218,0,0,0,0,0,0
2025/05/10 07:03:00.928,n,12.315418,46.16894,0.050511,0.000947,0.050076,0.000929,9.366794,9.122212,9.10899,9.056236,9.677114,9.488038,9.594208,9.34192,9.331476,9.257002,0,0,0,0,0,0
2025/05/10 07:04:00.915,n,12.285584,45.67036,0.049427,0.001493,0.049513,0.001713,9.36977,9.104614,9.123646,9.0401,9.684452,9.48241,9.602684,9.347792,9.331476,9.273058,0,0,0,0,0,0
2025/05/10 07:05:00.917,n,12.310436,45.8729,0.047808,0.001074,0.045787,0.001494,9.380018,9.103148,9.12659,9.044508,9.684452,9.48516,9.60828,9.350736,9.342618,9.270164,0,0,0,0,0,0
2025/05/10 07:06:00.919,n,12.330262,46.153904,0.055678,0.004634,0.049619,0.002402,9.377042,9.10167,9.119238,9.037172,9.684452,9.48516,9.60828,9.350736,9.342618,9.267218,0,0,0,0,0,0
2025/05/10 07:07:00.919,n,12.343544,46.035152,0.046732,0.003289,0.042951,0.002213,9.380018,9.11195,9.119238,9.047452,9.685868,9.490788,9.605532,9.355112,9.33987,9.274538,0,0,0,0,0,0
2025/05/10 07:08:00.925,n,12.287198,46.264256,0.048035,0.001785,0.045119,0.001377,9.38446,9.114894,9.132428,9.059196,9.687332,9.488038,9.611032,9.346328,9.342618,9.265756,0,0,0,0,0,0
2025/05/10 07:09:00.923,n,12.249158,46.878172,0.052463,0.002331,0.048678,0.001609,9.380018,9.116358,9.123646,9.045988,9.690294,9.488038,9.60828,9.350736,9.345498,9.267218,0,0,0,0,0,0
2025/05/10 07:10:00.925,n,12.240856,46.645164,0.068584,0.007852,0.06042,0.005501,9.388772,9.132428,9.130934,9.06214,9.704936,9.48516,9.611032,9.350736,9.33987,9.265756,0,0,0,0,0,0
2025/05/10 07:11:00.929,n,12.240856,46.77202,0.067617,0.008605,0.059072,0.004269,9.397554,9.135358,9.139734,9.066484,9.718082,9.490788,9.60828,9.343384,9.331476,9.280444,0,0,0,0,0,0
2025/05/10 07:12:00.930,n,12.293836,46.971968,0.060185,0.003571,0.060092,0.002336,9.39614,9.147086,9.142676,9.081142,9.716618,9.48516,9.611032,9.352168,9.33712,9.264276,0,0,0,0,0,0
2025/05/10 07:13:00.916,n,12.320352,46.763668,0.055662,0.003781,0.056074,0.002931,9.413676,9.128054,9.155902,9.069446,9.71369,9.48516,9.613912,9.362418,9.342618,9.283374,0,0,0,0,0,0
2025/05/10 07:14:00.917,n,12.331922,46.930128,0.066456,0.003192,0.071482,0.004297,9.410732,9.129452,9.152958,9.06214,9.715154,9.488038,9.61666,9.359538,9.33987,9.276034,0,0,0,0,0,0
2025/05/10 07:15:00.920,n,12.338562,47.285152,0.054041,0.003941,0.057574,0.006567,9.41662,9.132428,9.154424,9.070924,9.716618,9.48516,9.61666,9.36977,9.33712,9.286284,0,0,0,0,0,0
2025/05/10 07:16:00.924,n,12.366688,46.90664,0.051542,0.000899,0.053775,0.001601,9.418086,9.139734,9.150046,9.070924,9.709312,9.493554,9.613912,9.359538,9.33424,9.281908,0,0,0,0,0,0
2025/05/10 07:17:00.927,n,12.358316,47.087468,0.053138,0.000946,0.054207,0.000806,9.398596,9.130558,9.139278,9.063118,9.700056,9.500924,9.626828,9.342928,9.358414,9.262388,0,0,0,0,0,0
2025/05/10 07:18:00.927,n,12.354992,47.122672,0.055531,0.001059,0.056028,0.003039,9.398596,9.129094,9.136432,9.060188,9.704432,9.514948,9.626828,9.35321,9.355568,9.256546,0,0,0,0,0,0
2025/05/10 07:19:00.929,n,12.368324,46.6466,0.057616,0.002356,0.05512,0.003325,9.407348,9.139278,9.133504,9.067526,9.711754,9.503706,9.629578,9.350266,9.352786,9.268228,0,0,0,0,0,0
2025/05/10 07:20:00.929,n,12.321888,46.869692,0.062645,0.001444,0.058941,0.001422,9.410278,9.140776,9.14372,9.067526,9.720508,9.512182,9.632342,9.342928,9.355568,9.262388,0,0,0,0,0,0
2025/05/10 07:21:00.931,n,12.303678,47.383756,0.067492,0.001282,0.063207,0.001282,9.419094,9.14372,9.146662,9.070436,9.72638,9.506554,9.623948,9.339984,9.352786,9.269724,0,0,0,0,0,0
2025/05/10 07:22:00.919,n,12.313638,47.576136,0.072933,0.001854,0.074153,0.003591,9.43663,9.140776,9.165712,9.064582,9.732204,9.506554,9.632342,9.35321,9.352786,9.282916,0,0,0,0,0,0
2025/05/10 07:23:00.920,n,12.3401,47.4674,0.065398,0.001574,0.066767,0.001527,9.435216,9.145184,9.168656,9.067526,9.730756,9.503706,9.629578,9.36053,9.347174,9.278508,0,0,0,0,0,0
2025/05/10 07:24:00.921,n,12.39811,47.233168,0.071167,0.002175,0.072638,0.001984,9.438096,9.142254,9.17012,9.071902,9.735132,9.506554,9.637972,9.36053,9.355568,9.279988,0,0,0,0,0,0
2025/05/10 07:25:00.923,n,12.417934,46.960172,0.075258,0.008719,0.074601,0.007673,9.43956,9.158408,9.173032,9.076342,9.742454,9.506554,9.629578,9.35905,9.355568,9.277012,0,0,0,0,0,0
2025/05/10 07:26:00.926,n,12.452748,47.187908,0.070642,0.004799,0.070089,0.003788,9.451256,9.168656,9.175942,9.101246,9.752736,9.5094,9.637972,9.3678,9.344394,9.278508,0,0,0,0,0,0
2025/05/10 07:27:00.927,n,12.52882,47.04562,0.057314,0.005519,0.060273,0.004992,9.449792,9.165712,9.171568,9.085126,9.742454,9.503706,9.623948,9.3678,9.347174,9.282916,0,0,0,0,0,0
2025/05/10 07:28:00.930,n,12.499036,46.873064,0.050574,0.002821,0.052513,0.003178,9.441038,9.168656,9.171568,9.085126,9.749792,9.5094,9.635206,9.36053,9.350022,9.274068,0,0,0,0,0,0
2025/05/10 07:29:00.934,n,12.547036,46.893132,0.05675,0.003313,0.05784,0.005521,9.449792,9.18035,9.190632,9.09975,9.760024,9.498174,9.626828,9.36053,9.336046,9.287292,0,0,0,0,0,0
2025/05/10 07:30:00.934,n,12.535306,46.856516,0.061426,0.00204,0.068277,0.004434,9.421048,9.151608,9.157464,9.066582,9.73559,9.50343,9.629302,9.331718,9.346848,9.257066,0,0,0,0,0,0
2025/05/10 07:31:00.920,n,12.581594,47.16638,0.065411,0.001355,0.080442,0.005368,9.469314,9.158928,9.185298,9.078326,9.756104,9.469834,9.595704,9.362482,9.313402,9.287812,0,0,0,0,0,0
2025/05/10 07:32:00.921,n,12.61802,47.216624,0.067261,0.001883,0.065715,0.005734,9.462058,9.163304,9.186744,9.08423,9.760448,9.478212,9.595704,9.361018,9.316182,9.290726,0,0,0,0,0,0
2025/05/10 07:33:00.920,n,12.659374,46.78948,0.076721,0.0037,0.076226,0.008998,9.469314,9.164768,9.189672,9.085646,9.76632,9.483842,9.615228,9.365426,9.32178,9.281972,0,0,0,0,0,0
2025/05/10 07:34:00.925,n,12.689308,46.948708,0.077432,0.001161,0.076714,0.006187,9.459098,9.16189,9.179392,9.08423,9.764824,9.483842,9.615228,9.356642,9.330076,9.277566,0,0,0,0,0,0
2025/05/10 07:35:00.923,n,12.72754,46.809644,0.078383,0.000563,0.080363,0.001594,9.462058,9.167712,9.183832,9.087144,9.769266,9.483842,9.615228,9.359538,9.335704,9.27903,0,0,0,0,0,0
2025/05/10 07:36:00.930,n,12.790578,46.37454,0.08463,0.003054,0.087473,0.006843,9.470778,9.179392,9.182368,9.091552,9.77213,9.486656,9.615228,9.353698,9.327326,9.276116,0,0,0,0,0,0
2025/05/10 07:37:00.929,n,12.818848,46.581616,0.079611,0.00102,0.087113,0.001445,9.459098,9.17505,9.186744,9.09448,9.77213,9.50068,9.617978,9.350786,9.332924,9.270244,0,0,0,0,0,0
2025/05/10 07:38:00.931,n,12.91348,46.84148,0.067312,0.004513,0.073136,0.004963,9.464972,9.176464,9.180872,9.085646,9.775042,9.506226,9.626436,9.34641,9.341302,9.27319,0,0,0,0,0,0
2025/05/10 07:39:00.934,n,12.969922,45.698852,0.064018,0.000808,0.069145,0.001019,9.466434,9.177928,9.185298,9.093016,9.77802,9.50343,9.634816,9.34641,9.335704,9.27903,0,0,0,0,0,0
2025/05/10 07:40:00.917,n,13.0396,45.839428,0.055206,0.003103,0.062225,0.002466,9.484004,9.164768,9.198458,9.076862,9.780948,9.506226,9.620826,9.358106,9.341302,9.286348,0,0,0,0,0,0
2025/05/10 07:41:00.918,n,13.087746,45.661988,0.050659,0.001088,0.051986,0.003125,9.486918,9.169176,9.204362,9.08423,9.788204,9.514574,9.626436,9.365426,9.341302,9.28931,0,0,0,0,0,0
2025/05/10 07:42:00.923,n,13.006398,45.906372,0.044128,0.002197,0.047981,0.001042,9.49422,9.177928,9.20581,9.098856,9.791182,9.508976,9.629302,9.3713,9.344084,9.29219,0,0,0,0,0,0
2025/05/10 07:43:00.928,n,13.016408,46.098704,0.043431,0.000347,0.050055,0.001019,9.500062,9.177928,9.202898,9.093016,9.792646,9.511824,9.632066,9.361018,9.349694,9.280494,0,0,0,0,0,0
2025/05/10 07:44:00.926,n,12.978222,45.980008,0.045016,0.000576,0.051429,0.000862,9.502974,9.189672,9.201434,9.106206,9.80724,9.514574,9.629302,9.365426,9.346848,9.280494,0,0,0,0,0,0
2025/05/10 07:45:00.930,n,12.971584,45.55984,0.046897,0.000953,0.050076,0.000431,9.50447,9.198458,9.21165,9.10476,9.811584,9.506226,9.62359,9.363946,9.338454,9.28931,0,0,0,0,0,0
2025/05/10 07:46:00.932,n,12.981544,45.697144,0.042265,0.001557,0.045647,0.001574,9.501542,9.207274,9.210152,9.107608,9.823282,9.508976,9.629302,9.368386,9.341302,9.293654,0,0,0,0,0,0
2025/05/10 07:47:00.934,n,12.900716,45.864864,0.039862,0.00093,0.044009,0.000834,9.491506,9.18258,9.203044,9.099018,9.819118,9.5441,9.661498,9.348068,9.379124,9.27924,0,0,0,0,0,0
2025/05/10 07:48:00.937,n,12.890804,46.175944,0.051645,0.003915,0.055888,0.003564,9.503186,9.194276,9.210364,9.106386,9.830816,9.541352,9.664264,9.349534,9.373592,9.280656,0,0,0,0,0,0
2025/05/10 07:49:00.906,n,12.85096,46.885468,0.050885,0.000633,0.057839,0.00069,9.516346,9.188356,9.21918,9.087322,9.84541,9.5441,9.661498,9.36123,9.38197,9.292336,0,0,0,0,0,0
2025/05/10 07:50:00.907,n,12.872494,46.501776,0.043943,0.002163,0.050905,0.002368,9.517796,9.189836,9.226454,9.094674,9.842498,9.5441,9.669974,9.367036,9.38197,9.293816,0,0,0,0,0,0
2025/05/10 07:51:00.907,n,12.857602,46.628732,0.039097,0.001399,0.042743,0.002354,9.522188,9.18258,9.230894,9.090234,9.851252,9.552494,9.669974,9.367036,9.376342,9.30265,0,0,0,0,0,0
2025/05/10 07:52:00.928,n,12.845928,46.764716,0.031454,0.002295,0.034267,0.002596,9.522188,9.197206,9.217684,9.11517,9.838088,9.549616,9.669974,9.364108,9.384736,9.28212,0,0,0,0,0,0
2025/05/10 07:53:00.910,n,12.87088,47.019452,0.029742,0.000421,0.030572,0.001057,9.536828,9.185524,9.244054,9.097538,9.854196,9.555244,9.67274,9.371478,9.384736,9.30556,0,0,0,0,0,0
2025/05/10 07:54:00.917,n,12.764584,47.059688,0.037319,0.002533,0.038987,0.002762,9.542668,9.20158,9.24259,9.101946,9.862948,9.541352,9.669974,9.377268,9.376342,9.304096,0,0,0,0,0,0
2025/05/10 07:55:00.917,n,12.699838,47.44294,0.050921,0.004313,0.057818,0.00575,9.54563,9.200084,9.24843,9.110762,9.862948,9.552494,9.67274,9.38023,9.387486,9.304096,0,0,0,0,0,0
2025/05/10 07:56:00.916,n,12.620098,47.742256,0.062173,0.003914,0.069361,0.003325,9.54711,9.205988,9.24843,9.113706,9.870222,9.555244,9.669974,9.38607,9.376342,9.31872,0,0,0,0,0,0
2025/05/10 07:57:00.920,n,12.605256,47.987812,0.071012,0.002744,0.075618,0.002108,9.55583,9.210364,9.249894,9.11517,9.874664,9.555244,9.675488,9.378734,9.38197,9.30265,0,0,0,0,0,0
2025/05/10 07:58:00.905,n,12.545686,48.278288,0.065662,0.001739,0.072489,0.001142,9.54563,9.227934,9.264584,9.119546,9.88924,9.549616,9.669974,9.38023,9.379124,9.312882,0,0,0,0,0,0
2025/05/10 07:59:00.910,n,12.588654,47.900996,0.067419,0.000745,0.073294,0.000488,9.557326,9.223524,9.254302,9.112226,9.893668,9.557994,9.675488,9.38023,9.379124,9.317258,0,0,0,0,0,0
2025/05/10 08:00:00.912,n,12.572102,48.423408,0.069003,0.000516,0.073352,0.00023,9.561736,9.223524,9.26312,9.113706,9.89658,9.557994,9.678334,9.389014,9.376342,9.31872,0,0,0,0,0,0
2025/05/10 08:01:00.927,n,12.683186,48.748504,0.068101,0.00026,0.072215,0.000161,9.58365,9.245486,9.28212,9.16205,9.903868,9.52165,9.639128,9.405104,9.34275,9.324594,0,0,0,0,0,0
2025/05/10 08:02:00.925,n,12.708984,48.297444,0.066964,0.000313,0.072077,9.201396e-05,9.555244,9.224354,9.253668,9.133552,9.87406,9.61832,9.735816,9.386932,9.442292,9.303478,0,0,0,0,0,0
2025/05/10 08:03:00.928,n,12.798684,47.605988,0.066644,0.000354,0.071661,0.000208,9.55378,9.239044,9.255132,9.142368,9.881302,9.621166,9.735816,9.385468,9.442292,9.300518,0,0,0,0,0,0
2025/05/10 08:04:00.931,n,12.806984,47.886748,0.065512,0.000508,0.070981,0.000182,9.54646,9.23169,9.258076,9.134966,9.890122,9.629546,9.75534,9.375218,9.456186,9.297574,0,0,0,0,0,0
2025/05/10 08:05:00.933,n,12.833546,47.801544,0.063593,0.000692,0.070206,0.000369,9.547874,9.233154,9.252188,9.134966,9.888656,9.64069,9.758218,9.366402,9.453436,9.299038,0,0,0,0,0,0
2025/05/10 08:06:00.934,n,12.860108,47.284892,0.064543,0.000302,0.070395,0.000239,9.5523,9.243386,9.262452,9.137928,9.894464,9.635092,9.744194,9.36933,9.456186,9.293198,0,0,0,0,0,0
2025/05/10 08:07:00.921,n,12.815286,47.206184,0.064461,0.000148,0.070107,0.000123,9.571286,9.239044,9.275628,9.133552,9.897442,9.63794,9.758218,9.398628,9.458934,9.31664,0,0,0,0,0,0
2025/05/10 08:08:00.922,n,12.846828,47.288264,0.064237,0.00024,0.070643,0.000293,9.57275,9.233154,9.277108,9.136464,9.909074,9.63231,9.758218,9.39422,9.456186,9.312198,0,0,0,0,0,0
2025/05/10 08:09:00.906,n,12.87344,47.115804,0.063665,0.00038,0.070696,5.520838e-05,9.57275,9.240506,9.285892,9.134966,9.926664,9.64069,9.75534,9.383988,9.456186,9.322478,0,0,0,0,0,0
2025/05/10 08:10:00.927,n,12.948148,47.599348,0.063874,6.103516e-05,0.070817,7.361117e-05,9.577158,9.241972,9.271236,9.146712,9.912036,9.64069,9.766566,9.389844,9.461782,9.304944,0,0,0,0,0,0
2025/05/10 08:11:00.930,n,13.001222,46.602764,0.06443,0.0003,0.071223,0.00029,9.57275,9.244852,9.285892,9.149656,9.91791,9.64069,9.769316,9.391244,9.456186,9.312198,0,0,0,0,0,0
2025/05/10 08:12:00.915,n,13.007862,47.082304,0.063113,0.000393,0.070595,0.000224,9.59032,9.246346,9.299038,9.146712,9.939794,9.643568,9.763718,9.400126,9.467412,9.326888,0,0,0,0,0,0
2025/05/10 08:13:00.915,n,13.044338,46.467512,0.061353,0.00053,0.06866,0.000572,9.588856,9.234668,9.294694,9.137928,9.939794,9.646318,9.772114,9.39422,9.467412,9.328368,0,0,0,0,0,0
2025/05/10 08:14:00.921,n,13.032764,46.500912,0.058099,0.000874,0.063659,0.001541,9.596192,9.244852,9.294694,9.154064,9.947116,9.649166,9.772114,9.407398,9.470258,9.325424,0,0,0,0,0,0
2025/05/10 08:15:00.919,n,13.037698,46.5159,0.055379,0.000884,0.059065,0.001229,9.604978,9.250724,9.29611,9.156994,9.944202,9.649166,9.77496,9.41031,9.458934,9.325424,0,0,0,0,0,0
2025/05/10 08:16:00.904,n,13.067628,46.847836,0.055836,0.000209,0.058213,0.000177,9.588856,9.258076,9.297574,9.149656,9.96612,9.651916,9.772114,9.389844,9.470258,9.3298,0,0,0,0,0,0
2025/05/10 08:17:00.908,n,13.109036,46.921516,0.054826,0.000493,0.059028,0.000312,9.600538,9.265412,9.315174,9.155528,9.97193,9.65468,9.78059,9.401526,9.467412,9.332712,0,0,0,0,0,0
2025/05/10 08:18:00.910,n,13.105762,46.814288,0.047365,0.00244,0.053785,0.001663,9.612284,9.252188,9.312198,9.151154,9.976336,9.649166,9.769316,9.405934,9.467412,9.34296,0,0,0,0,0,0
2025/05/10 08:19:00.915,n,13.094144,46.943296,0.040975,0.001755,0.043258,0.003219,9.615194,9.255132,9.31955,9.152618,9.974874,9.65468,9.78059,9.41615,9.464532,9.340048,0,0,0,0,0,0
2025/05/10 08:20:00.912,n,13.08086,46.923224,0.043482,0.001401,0.044516,0.000918,9.618138,9.259508,9.318104,9.151154,9.977818,9.65468,9.78059,9.405934,9.470258,9.332712,0,0,0,0,0,0
2025/05/10 08:21:00.917,n,13.109036,47.21458,0.05274,0.002846,0.05354,0.002888,9.618138,9.265412,9.325424,9.171618,9.989468,9.657558,9.786186,9.419094,9.470258,9.33564,0,0,0,0,0,0
2025/05/10 08:22:00.919,n,13.115674,47.114144,0.052576,0.000557,0.057552,0.001388,9.637174,9.266828,9.322478,9.173096,9.99679,9.66306,9.786186,9.41763,9.470258,9.344458,0,0,0,0,0,0
2025/05/10 08:23:00.919,n,13.06426,47.666196,0.047524,0.001573,0.050824,0.002232,9.62398,9.272668,9.326888,9.170152,9.992414,9.66869,9.791718,9.41763,9.470258,9.341546,0,0,0,0,0,0
2025/05/10 08:24:00.923,n,13.117336,47.72474,0.045536,0.000517,0.047198,0.001117,9.634198,9.280038,9.321014,9.174562,9.992414,9.665938,9.783438,9.42059,9.470258,9.33564,0,0,0,0,0,0
2025/05/10 08:25:00.907,n,13.17212,47.412044,0.044313,0.000358,0.04756,0.000271,9.62398,9.281516,9.340048,9.168688,10.007072,9.665938,9.783438,9.40891,9.475804,9.345922,0,0,0,0,0,0
2025/05/10 08:26:00.911,n,13.15054,46.395688,0.044546,0.000481,0.048114,0.000229,9.637174,9.290268,9.345922,9.176024,10.02017,9.66031,9.783438,9.419094,9.467412,9.356154,0,0,0,0,0,0
2025/05/10 08:27:00.913,n,13.097462,46.753936,0.046994,0.000683,0.051651,0.001432,9.645894,9.287358,9.344458,9.177472,10.02017,9.66306,9.786186,9.426432,9.467412,9.357616,0,0,0,0,0,0
2025/05/10 08:28:00.915,n,13.069286,46.50594,0.049015,0.000776,0.056015,0.001528,9.648856,9.287358,9.351794,9.180432,10.024548,9.66869,9.786186,9.432286,9.464532,9.362026,0,0,0,0,0,0
2025/05/10 08:29:00.915,n,13.069286,46.945004,0.052149,0.001086,0.057938,0.000537,9.653266,9.297574,9.354672,9.187786,10.024548,9.665938,9.78897,9.432286,9.470258,9.364956,0,0,0,0,0,0
2025/05/10 08:30:00.918,n,13.07422,46.866292,0.052504,0.000314,0.058182,0.000141,9.657576,9.287358,9.353242,9.186306,10.017226,9.671454,9.78897,9.43375,9.475804,9.353242,0,0,0,0,0,0
2025/05/10 08:31:00.921,n,13.105762,46.51766,0.049257,0.00096,0.054353,0.00115,9.679588,9.31664,9.362026,9.211226,10.036214,9.643568,9.769316,9.457194,9.442292,9.376684,0,0,0,0,0,0
2025/05/10 08:32:00.923,n,13.067384,46.280112,0.048069,0.000544,0.052599,0.000497,9.637322,9.287538,9.343204,9.190908,10.001378,9.710924,9.833956,9.42225,9.518006,9.337332,0,0,0,0,0,0
2025/05/10 08:33:00.924,n,13.060742,46.440512,0.052313,0.001453,0.054268,0.000521,9.641698,9.286104,9.335852,9.187964,10.004258,9.722036,9.842318,9.423714,9.518006,9.34174,0,0,0,0,0,0
2025/05/10 08:34:00.912,n,13.059132,46.539048,0.048743,0.001223,0.054178,0.000191,9.640298,9.287538,9.356396,9.179214,10.017452,9.724818,9.850698,9.414896,9.531982,9.340228,0,0,0,0,0,0
2025/05/10 08:35:00.910,n,13.069042,46.592464,0.049082,0.00037,0.052488,0.000686,9.644674,9.281696,9.343204,9.179214,10.017452,9.727664,9.856328,9.414896,9.529134,9.34174,0,0,0,0,0,0
2025/05/10 08:36:00.913,n,13.097268,46.515708,0.055138,0.001727,0.061605,0.003086,9.657836,9.29048,9.359294,9.179214,10.023262,9.730512,9.850698,9.419338,9.531982,9.353454,0,0,0,0,0,0
2025/05/10 08:37:00.917,n,13.093994,46.625864,0.061256,0.001839,0.066669,0.00169,9.650484,9.28316,9.346134,9.182124,10.029136,9.74169,9.86194,9.42225,9.543156,9.340228,0,0,0,0,0,0
2025/05/10 08:38:00.917,n,13.125488,46.51732,0.060036,0.000705,0.063426,0.001281,9.65198,9.28316,9.354918,9.179214,10.024694,9.736142,9.87032,9.420772,9.537528,9.34758,0,0,0,0,0,0
2025/05/10 08:39:00.921,n,13.130422,46.04276,0.056875,0.000637,0.059763,0.00097,9.662212,9.30216,9.351988,9.19675,10.020382,9.744438,9.864788,9.428122,9.534778,9.343204,0,0,0,0,0,0
2025/05/10 08:40:00.923,n,13.110546,45.997644,0.061158,0.001353,0.063056,0.001175,9.65346,9.299264,9.353454,9.193806,10.017452,9.747286,9.87032,9.423714,9.540376,9.344668,0,0,0,0,0,0
2025/05/10 08:41:00.923,n,13.085598,45.666296,0.063879,0.001251,0.070406,0.002281,9.65198,9.30216,9.356396,9.19971,10.029136,9.750068,9.86757,9.42225,9.545906,9.349044,0,0,0,0,0,0
2025/05/10 08:42:00.927,n,13.065774,45.682996,0.065517,0.000507,0.071381,0.00024,9.656356,9.306602,9.356396,9.206998,10.017452,9.747286,9.87032,9.419338,9.545906,9.340228,0,0,0,0,0,0
2025/05/10 08:43:00.911,n,13.102246,45.473716,0.06516,0.00032,0.071755,0.000189,9.656356,9.299264,9.37543,9.198246,10.049588,9.744438,9.873166,9.428122,9.540376,9.353454,0,0,0,0,0,0
2025/05/10 08:44:00.913,n,13.090626,45.882164,0.071774,0.002147,0.076676,0.001491,9.67536,9.310946,9.376896,9.20119,10.055398,9.744438,9.87032,9.43541,9.543156,9.360742,0,0,0,0,0,0
2025/05/10 08:45:00.915,n,13.117188,46.009312,0.074915,0.000756,0.08128,0.001374,9.67684,9.312442,9.382736,9.208494,10.062752,9.744438,9.86757,9.441316,9.540376,9.363668,0,0,0,0,0,0
2025/05/10 08:46:00.919,n,13.153714,46.05282,0.080922,0.002325,0.088365,0.00214,9.687056,9.319826,9.384184,9.21435,10.068528,9.750068,9.86757,9.441316,9.531982,9.363668,0,0,0,0,0,0
2025/05/10 08:47:00.922,n,13.216702,45.728208,0.083785,0.000882,0.091405,0.000932,9.69,9.318332,9.388592,9.223118,10.071506,9.750068,9.873166,9.44857,9.540376,9.363668,0,0,0,0,0,0
2025/05/10 08:48:00.923,n,13.226612,45.398328,0.085264,0.000424,0.094109,0.000825,9.692898,9.325602,9.385648,9.218726,10.075882,9.755666,9.878682,9.447092,9.543156,9.362206,0,0,0,0,0,0
2025/05/10 08:49:00.927,n,13.286328,45.032896,0.088078,0.001164,0.096421,0.001083,9.69,9.331508,9.382736,9.234814,10.077282,9.750068,9.875916,9.447092,9.537528,9.35051,0,0,0,0,0,0
2025/05/10 08:50:00.925,n,13.339406,44.275568,0.089824,0.000976,0.099498,0.00094,9.694394,9.337332,9.388592,9.237776,10.075882,9.750068,9.873166,9.451532,9.543156,9.363668,0,0,0,0,0,0
2025/05/10 08:51:00.929,n,13.374218,44.304184,0.09058,0.000571,0.100709,0.000348,9.697338,9.337332,9.387112,9.236312,10.081692,9.752818,9.87032,9.44857,9.537528,9.360742,0,0,0,0,0,0
2025/05/10 08:52:00.914,n,13.38086,43.809604,0.093111,0.001343,0.102452,0.000528,9.704628,9.334452,9.403216,9.221654,10.09632,9.752818,9.878682,9.454476,9.545906,9.378296,0,0,0,0,0,0
2025/05/10 08:53:00.920,n,13.35098,43.900476,0.095556,0.000808,0.105536,0.00111,9.714876,9.335852,9.407594,9.233382,10.106522,9.752818,9.878682,9.458854,9.543156,9.376896,0,0,0,0,0,0
2025/05/10 08:54:00.918,n,13.354298,44.01156,0.094614,0.000644,0.105304,0.000325,9.71338,9.34174,9.407594,9.234814,10.11386,9.752818,9.881546,9.458854,9.548672,9.385648,0,0,0,0,0,0
2025/05/10 08:55:00.921,n,13.404054,43.924008,0.093854,0.000219,0.104885,0.000382,9.71779,9.335852,9.412018,9.233382,10.112394,9.75843,9.884312,9.461782,9.548672,9.373952,0,0,0,0,0,0
2025/05/10 08:56:00.922,n,13.468656,43.797788,0.094236,0.000236,0.105557,0.000423,9.719254,9.34758,9.406146,9.240656,10.121148,9.75843,9.881546,9.463228,9.545906,9.38127,0,0,0,0,0,0
2025/05/10 08:57:00.925,n,13.493508,42.868004,0.098371,0.001229,0.107904,0.000751,9.728038,9.353454,9.410554,9.252414,10.12556,9.75843,9.884312,9.467624,9.540376,9.38127,0,0,0,0,0,0
2025/05/10 08:58:00.928,n,13.553174,43.37186,0.098944,0.000402,0.109849,0.00066,9.732414,9.360742,9.409088,9.25388,10.132832,9.755666,9.884312,9.461782,9.540376,9.382736,0,0,0,0,0,0
2025/05/10 08:59:00.929,n,13.571388,43.286268,0.102505,0.000759,0.11113,0.000321,9.735312,9.363668,9.406146,9.255342,10.143066,9.76681,9.88706,9.470534,9.537528,9.378296,0,0,0,0,0,0
2025/05/10 09:00:00.933,n,13.528272,43.640316,0.10164,0.000443,0.111909,0.000423,9.738256,9.372488,9.416378,9.262664,10.151836,9.75843,9.88706,9.469038,9.537528,9.372488,0,0,0,0,0,0
2025/05/10 09:01:00.914,n,13.604492,43.551404,0.104091,0.00035,0.113368,0.000329,9.760172,9.387112,9.441316,9.256824,10.189766,9.733294,9.859094,9.47932,9.50953,9.409088,0,0,0,0,0,0
2025/05/10 09:02:00.911,n,13.671448,43.268368,0.101666,0.000842,0.113153,0.000227,9.71377,9.339252,9.402176,9.220614,10.149184,9.762124,9.882376,9.44021,9.535722,9.367036,0,0,0,0,0,0
2025/05/10 09:03:00.914,n,13.73932,43.660944,0.100845,0.000343,0.112751,0.000283,9.723988,9.337788,9.40364,9.22359,10.159404,9.759278,9.885158,9.44021,9.535722,9.368516,0,0,0,0,0,0
2025/05/10 09:04:00.915,n,13.752552,42.818124,0.100805,0.000473,0.113168,0.000885,9.729812,9.33341,9.41096,9.22211,10.16087,9.767736,9.89077,9.446084,9.546866,9.361198,0,0,0,0,0,0
2025/05/10 09:05:00.921,n,13.815492,43.197812,0.092901,0.002463,0.104555,0.002979,9.729812,9.33341,9.416832,9.230862,10.16378,9.773366,9.893618,9.447548,9.546866,9.37291,0,0,0,0,0,0
2025/05/10 09:06:00.920,n,13.992542,43.650888,0.083326,0.002719,0.088465,0.004984,9.744438,9.339252,9.412456,9.230862,10.169604,9.776116,9.901998,9.446084,9.552398,9.371478,0,0,0,0,0,0
2025/05/10 09:07:00.919,n,13.946256,41.6462,0.070176,0.004585,0.079222,0.002491,9.744438,9.334874,9.415368,9.230862,10.174,9.781744,9.901998,9.447548,9.558092,9.367036,0,0,0,0,0,0
2025/05/10 09:08:00.924,n,13.898206,42.665144,0.066863,0.00071,0.071677,0.002436,9.747384,9.349502,9.405104,9.233838,10.17107,9.787342,9.904844,9.451922,9.552398,9.365572,0,0,0,0,0,0
2025/05/10 09:09:00.925,n,13.894936,41.54498,0.067306,0.000618,0.075186,0.001358,9.763474,9.359732,9.419762,9.246998,10.176912,9.784496,9.910378,9.460708,9.552398,9.371478,0,0,0,0,0,0
2025/05/10 09:10:00.911,n,13.79894,41.288432,0.073794,0.001863,0.080573,0.001564,9.754688,9.352412,9.425552,9.232358,10.219218,9.784496,9.91599,9.45046,9.563606,9.37291,0,0,0,0,0,0
2025/05/10 09:11:00.913,n,13.785706,41.56016,0.086831,0.004282,0.090472,0.002985,9.773674,9.356788,9.435866,9.235302,10.22366,9.778996,9.904844,9.4563,9.555244,9.377268,0,0,0,0,0,0
2025/05/10 09:12:00.917,n,13.774136,41.84688,0.09384,0.002159,0.103199,0.003762,9.783894,9.358252,9.435866,9.239678,10.233814,9.784496,9.910378,9.460708,9.560842,9.38755,0,0,0,0,0,0
2025/05/10 09:13:00.916,n,13.719494,42.301764,0.080695,0.004381,0.097445,0.00212,9.782478,9.361198,9.44021,9.245518,10.230968,9.790108,9.913224,9.4563,9.563606,9.380198,0,0,0,0,0,0
2025/05/10 09:14:00.920,n,13.74928,42.464948,0.070584,0.002972,0.080956,0.005085,9.7898,9.361198,9.441676,9.251422,10.236792,9.790108,9.913224,9.466582,9.555244,9.388948,0,0,0,0,0,0
2025/05/10 09:15:00.923,n,13.836976,42.236092,0.071134,0.000315,0.077059,0.001147,9.797088,9.367036,9.43292,9.24996,10.238256,9.801236,9.921618,9.472438,9.558092,9.381662,0,0,0,0,0,0
2025/05/10 09:16:00.923,n,13.850208,42.141756,0.071348,0.000343,0.083146,0.001927,9.797088,9.375854,9.45778,9.266032,10.236792,9.79289,9.918772,9.470958,9.552398,9.38755,0,0,0,0,0,0
2025/05/10 09:17:00.927,n,13.873452,42.150204,0.080701,0.003283,0.086021,0.00071,9.810234,9.386104,9.446084,9.26312,10.2426,9.79289,9.918772,9.473902,9.552398,9.38755,0,0,0,0,0,0
2025/05/10 09:18:00.930,n,13.836976,42.554108,0.097916,0.005043,0.10266,0.005661,9.811714,9.38755,9.45778,9.273368,10.26011,9.790108,9.921618,9.470958,9.552398,9.380198,0,0,0,0,0,0
2025/05/10 09:19:00.916,n,13.843666,42.717344,0.107346,0.002683,0.115557,0.003462,9.826308,9.399264,9.469494,9.261654,10.280562,9.79564,9.918772,9.476782,9.552398,9.405104,0,0,0,0,0,0
2025/05/10 09:20:00.915,n,13.937954,42.298348,0.097946,0.003001,0.111709,0.002164,9.83363,9.390414,9.475318,9.277742,10.283526,9.801236,9.921618,9.4856,9.555244,9.40655,0,0,0,0,0,0
2025/05/10 09:21:00.920,n,13.997524,42.281552,0.085667,0.003515,0.090493,0.006881,9.83215,9.399264,9.479742,9.277742,10.283526,9.79564,9.932764,9.488462,9.552398,9.40655,0,0,0,0,0,0
2025/05/10 09:22:00.919,n,14.009094,41.472372,0.083392,0.001026,0.087018,0.000921,9.842432,9.400696,9.487062,9.285064,10.289318,9.79564,9.92437,9.495848,9.549616,9.413856,0,0,0,0,0,0
2025/05/10 09:23:00.922,n,13.999184,41.6546,0.084458,0.000611,0.087258,0.000515,9.83947,9.405104,9.481222,9.287992,10.284942,9.798488,9.921618,9.49144,9.558092,9.408016,0,0,0,0,0,0
2025/05/10 09:24:00.922,n,13.904846,41.035016,0.078479,0.001885,0.089814,0.000843,9.852632,9.40948,9.488462,9.290902,10.293694,9.801236,9.92437,9.501656,9.555244,9.40948,0,0,0,0,0,0
2025/05/10 09:25:00.928,n,13.937954,41.882284,0.074068,0.001422,0.084486,0.001949,9.851154,9.424138,9.492904,9.299688,10.293694,9.804036,9.927118,9.500224,9.558092,9.40948,0,0,0,0,0,0
2025/05/10 09:26:00.928,n,13.937954,42.032236,0.066262,0.002329,0.076771,0.002738,9.85413,9.413856,9.49144,9.298274,10.296624,9.804036,9.929884,9.497344,9.563606,9.40364,0,0,0,0,0,0
2025/05/10 09:27:00.930,n,14.010754,41.588824,0.054959,0.003566,0.067233,0.002908,9.851154,9.42124,9.4856,9.298274,10.293694,9.806882,9.935514,9.494384,9.552398,9.40364,0,0,0,0,0,0
2025/05/10 09:28:00.916,n,13.940724,41.797512,0.046232,0.002452,0.055118,0.003805,9.849086,9.41615,9.502518,9.291766,10.301864,9.867048,9.987304,9.495116,9.612528,9.41615,0,0,0,0,0,0
2025/05/10 09:29:00.917,n,13.91758,41.3876,0.039489,0.002182,0.045258,0.002915,9.852016,9.41903,9.515678,9.291766,10.317924,9.872582,9.984538,9.502518,9.612528,9.421974,0,0,0,0,0,0
2025/05/10 09:30:00.921,n,13.876222,41.520952,0.037131,0.000666,0.040817,0.001347,9.860768,9.426414,9.514198,9.303446,10.322302,9.872582,9.987304,9.511238,9.615294,9.42051,0,0,0,0,0,0
2025/05/10 09:31:00.917,n,13.851418,41.864996,0.037157,0.000198,0.040102,0.000299,9.88706,9.442504,9.53468,9.316606,10.336914,9.841798,9.959318,9.521486,9.58178,9.442504,0,0,0,0,0,0
2025/05/10 09:32:00.920,n,13.854736,41.930716,0.039927,0.00085,0.04505,0.001558,9.878308,9.435166,9.530306,9.310734,10.328094,9.852942,9.97331,9.52736,9.595674,9.442504,0,0,0,0,0,0
2025/05/10 09:33:00.923,n,13.823292,41.549564,0.044571,0.001475,0.050467,0.00167,9.891502,9.443936,9.536144,9.326856,10.341228,9.858654,9.97606,9.533184,9.595674,9.44688,0,0,0,0,0,0
2025/05/10 09:34:00.924,n,13.824902,41.878472,0.05254,0.002381,0.058102,0.002249,9.891502,9.445416,9.52884,9.33123,10.332472,9.86145,9.987304,9.52884,9.606996,9.432256,0,0,0,0,0,0
2025/05/10 09:35:00.925,n,13.760354,42.191848,0.055169,0.000961,0.064378,0.001935,9.88706,9.448344,9.531704,9.328336,10.336914,9.867048,9.990054,9.52884,9.604148,9.432256,0,0,0,0,0,0
2025/05/10 09:36:00.926,n,13.829834,42.513332,0.05348,0.000534,0.064457,0.000298,9.888526,9.457098,9.537594,9.33123,10.323782,9.872582,9.987304,9.530306,9.609746,9.432256,0,0,0,0,0,0
2025/05/10 09:37:00.913,n,13.872952,42.420756,0.050728,0.001014,0.059292,0.0018,9.891502,9.457098,9.547844,9.328336,10.35439,9.869798,9.995684,9.51856,9.609746,9.443936,0,0,0,0,0,0
2025/05/10 09:38:00.916,n,13.891164,42.427544,0.051871,0.000668,0.058361,0.000357,9.890022,9.457098,9.552218,9.325392,10.348534,9.867048,9.998432,9.53468,9.618138,9.44688,0,0,0,0,0,0
2025/05/10 09:39:00.919,n,13.90928,42.43252,0.054394,0.000641,0.058335,0.000169,9.900224,9.46004,9.556596,9.328336,10.344156,9.880942,10.001312,9.540522,9.62089,9.449792,0,0,0,0,0,0
2025/05/10 09:40:00.921,n,13.91924,41.875104,0.054861,0.000393,0.059451,0.000455,9.890022,9.463002,9.552218,9.337088,10.335434,9.875428,10.001312,9.543432,9.606996,9.448344,0,0,0,0,0,0
2025/05/10 09:41:00.926,n,13.935792,41.752056,0.058819,0.001269,0.062405,0.000827,9.90172,9.468794,9.561004,9.347336,10.338378,9.883694,9.992934,9.546378,9.609746,9.449792,0,0,0,0,0,0
2025/05/10 09:42:00.924,n,13.950684,41.787456,0.068278,0.003001,0.068775,0.002076,9.900224,9.473234,9.55518,9.344394,10.332472,9.889322,10.012458,9.544898,9.615294,9.445416,0,0,0,0,0,0
2025/05/10 09:43:00.927,n,13.960598,41.765528,0.077869,0.002789,0.080735,0.00375,9.906034,9.484916,9.56538,9.364924,10.336914,9.886574,10.00408,9.553682,9.615294,9.449792,0,0,0,0,0,0
2025/05/10 09:44:00.930,n,13.967236,41.029544,0.089521,0.003753,0.095003,0.004446,9.906034,9.484916,9.56538,9.361994,10.339778,9.883694,10.006828,9.549308,9.62089,9.452722,0,0,0,0,0,0
2025/05/10 09:45:00.928,n,14.003614,41.63062,0.095244,0.002271,0.110748,0.005353,9.910442,9.49227,9.568342,9.366402,10.342692,9.880942,10.009708,9.556596,9.615294,9.461538,0,0,0,0,0,0
2025/05/10 09:46:00.915,n,14.064846,41.103864,0.10215,0.002106,0.124235,0.003762,9.911908,9.490788,9.581502,9.35321,10.361666,9.886574,10.006828,9.556596,9.626518,9.465882,0,0,0,0,0,0
2025/05/10 09:47:00.918,n,14.112794,40.261528,0.10655,0.001294,0.124466,0.000672,9.920692,9.4937,9.587344,9.357586,10.361666,9.889322,10.015208,9.561004,9.626518,9.470258,0,0,0,0,0,0
2025/05/10 09:48:00.920,n,14.134278,40.534672,0.099877,0.002439,0.116061,0.00273,9.913354,9.496612,9.590288,9.372212,10.361666,9.889322,10.018088,9.561004,9.626518,9.473234,0,0,0,0,0,0
2025/05/10 09:49:00.923,n,14.168996,39.927496,0.09207,0.002429,0.10472,0.003373,9.925038,9.489326,9.582918,9.363458,10.360266,9.900564,10.020838,9.558058,9.632066,9.465882,0,0,0,0,0,0
2025/05/10 09:50:00.926,n,14.185596,40.001764,0.082972,0.002809,0.09519,0.002904,9.914818,9.4937,9.584382,9.369282,10.360266,9.900564,10.018088,9.562468,9.632066,9.467362,0,0,0,0,0,0
2025/05/10 09:51:00.925,n,14.19878,40.047316,0.080391,0.000836,0.092,0.001044,9.920692,9.495116,9.582918,9.369282,10.357288,9.900564,10.029298,9.563966,9.637664,9.464482,0,0,0,0,0,0
2025/05/10 09:52:00.928,n,14.253368,40.499272,0.084694,0.001291,0.090638,0.00033,9.917794,9.506862,9.585878,9.382492,10.361666,9.8978,10.015208,9.574164,9.626518,9.468794,0,0,0,0,0,0
2025/05/10 09:53:00.931,n,14.344288,40.443656,0.090288,0.001761,0.09493,0.001535,9.920692,9.515678,9.584382,9.38397,10.379208,9.90343,10.023604,9.563966,9.62927,9.46004,0,0,0,0,0,0
2025/05/10 09:54:00.932,n,14.43469,39.558836,0.094412,0.001369,0.098375,0.001315,9.920886,9.50857,9.583162,9.387046,10.373576,9.937288,10.051996,9.567022,9.660456,9.460284,0,0,0,0,0,0
2025/05/10 09:55:00.917,n,14.551922,40.136232,0.095178,0.000813,0.098801,0.000407,9.922352,9.507106,9.600748,9.372422,10.396944,9.940102,10.057628,9.564144,9.663304,9.477822,0,0,0,0,0,0
2025/05/10 09:56:00.918,n,14.637814,38.523144,0.095354,0.00041,0.098151,0.000331,9.931106,9.504146,9.594844,9.3739,10.399808,9.937288,10.066022,9.568504,9.668818,9.471982,0,0,0,0,0,0
2025/05/10 09:57:00.921,n,14.634542,38.182276,0.09231,0.000979,0.097209,0.000313,9.938426,9.50857,9.603596,9.382704,10.410044,9.940102,10.060392,9.575842,9.663304,9.482198,0,0,0,0,0,0
2025/05/10 09:58:00.924,n,14.646016,37.707764,0.094533,0.00092,0.0989,0.000553,9.944268,9.512898,9.599284,9.38124,10.41442,9.937288,10.054876,9.575842,9.663304,9.485128,0,0,0,0,0,0
2025/05/10 09:59:00.926,n,14.61794,38.0771,0.094744,0.000429,0.102373,0.001401,9.948646,9.50561,9.599284,9.378296,10.41442,9.934506,10.066022,9.575842,9.663304,9.477822,0,0,0,0,0,0
2025/05/10 10:00:00.926,n,14.680734,38.68916,0.16167,0.018944,0.187065,0.02439,9.996854,9.55827,9.621166,9.420754,10.47572,9.92611,10.057628,9.605076,9.646482,9.50561,0,0,0,0,0,0
2025/05/10 10:01:00.932,n,14.725262,37.074464,0.101388,0.000587,0.107106,0.001428,9.972026,9.550998,9.619702,9.420754,10.453834,9.903834,10.026876,9.596322,9.635304,9.496824,0,0,0,0,0,0
2025/05/10 10:02:00.931,n,14.648682,37.692128,0.107903,0.002027,0.113319,0.001765,9.939274,9.509498,9.575288,9.38503,10.410856,9.958504,10.078844,9.551846,9.681572,9.452394,0,0,0,0,0,0
2025/05/10 10:03:00.937,n,14.585938,38.346524,0.123814,0.00367,0.157003,0.009918,9.945116,9.512344,9.5782,9.38654,10.431246,9.961254,10.08436,9.550444,9.678824,9.44657,0,0,0,0,0,0
2025/05/10 10:04:00.921,n,14.630566,38.03944,0.113813,0.003371,0.12102,0.010863,9.955348,9.497768,9.597234,9.364564,10.43569,9.969602,10.08999,9.56647,9.689968,9.46995,0,0,0,0,0,0
2025/05/10 10:05:00.923,n,14.671826,38.064928,0.121918,0.002475,0.128843,0.002529,9.972888,9.497768,9.59429,9.380686,10.44438,9.96685,10.09562,9.573856,9.687204,9.467052,0,0,0,0,0,0
2025/05/10 10:06:00.926,n,14.656982,39.416544,0.127298,0.001911,0.138158,0.002815,9.969944,9.50652,9.5987,9.376308,10.441482,9.96685,10.09837,9.569414,9.692718,9.464108,0,0,0,0,0,0
2025/05/10 10:07:00.909,n,14.802198,38.556728,0.13075,0.001817,0.144601,0.002499,9.964102,9.521178,9.592826,9.373348,10.466298,9.97523,10.10112,9.556252,9.689968,9.453858,0,0,0,0,0,0
2025/05/10 10:08:00.912,n,14.835206,37.538172,0.12628,0.001415,0.147545,0.001613,9.969944,9.516752,9.597234,9.364564,10.472092,9.980876,10.10112,9.55923,9.698348,9.468516,0,0,0,0,0,0
2025/05/10 10:09:00.931,n,14.835206,37.639736,0.121898,0.001395,0.140757,0.001805,9.978698,9.52409,9.597234,9.398222,10.4648,9.977996,10.109516,9.56647,9.698348,9.46995,0,0,0,0,0,0
2025/05/10 10:10:00.915,n,14.770902,38.288856,0.113803,0.002175,0.131552,0.002879,9.99186,9.515272,9.610396,9.379254,10.48812,9.980876,10.112362,9.560694,9.698348,9.472894,0,0,0,0,0,0
2025/05/10 10:11:00.917,n,14.843506,37.182556,0.110083,0.001139,0.140777,0.005996,9.98898,9.516752,9.613308,9.373348,10.483744,9.986474,10.120742,9.575288,9.701194,9.471428,0,0,0,0,0,0
2025/05/10 10:12:00.918,n,14.77417,37.431528,0.098294,0.002976,0.11334,0.007,10.002142,9.51825,9.616204,9.38363,10.485224,9.986474,10.117992,9.575288,9.701194,9.475804,0,0,0,0,0,0
2025/05/10 10:13:00.905,n,14.7626,36.906336,0.092852,0.001135,0.106312,0.002195,9.9977,9.541628,9.608932,9.392414,10.49982,9.986474,10.109516,9.56647,9.704042,9.46995,0,0,0,0,0,0
2025/05/10 10:14:00.906,n,14.770902,37.29774,0.083313,0.003397,0.099559,0.002233,10.007934,9.548998,9.614804,9.393912,10.51004,9.989352,10.112362,9.563606,9.698348,9.475804,0,0,0,0,0,0
2025/05/10 10:15:00.910,n,14.863282,37.440028,0.074344,0.002115,0.092675,0.001795,10.0094,9.538682,9.633776,9.39679,10.524638,9.992104,10.109516,9.576752,9.704042,9.48311,0,0,0,0,0,0
2025/05/10 10:16:00.912,n,14.830274,36.77406,0.068159,0.001922,0.080665,0.003284,10.025492,9.551846,9.635206,9.399688,10.528966,9.9977,10.112362,9.5782,9.698348,9.477268,0,0,0,0,0,0
2025/05/10 10:17:00.913,n,14.901222,36.551748,0.072719,0.001419,0.078602,0.000878,10.029836,9.546036,9.635206,9.390934,10.537772,10.003248,10.120742,9.582608,9.706792,9.49484,0,0,0,0,0,0
2025/05/10 10:18:00.917,n,14.916066,36.813028,0.086429,0.004497,0.082589,0.001218,10.04007,9.550444,9.646904,9.401166,10.555264,9.9977,10.117992,9.592826,9.695598,9.497768,0,0,0,0,0,0
2025/05/10 10:19:00.920,n,14.850048,36.913124,0.089388,0.00077,0.08775,0.00154,10.053232,9.55479,9.652808,9.404096,10.568396,9.992104,10.117992,9.603042,9.689968,9.49484,0,0,0,0,0,0
2025/05/10 10:20:00.920,n,14.795606,37.477284,0.088526,0.000341,0.092514,0.001872,10.066364,9.551846,9.657186,9.411384,10.565418,10.003248,10.120742,9.60161,9.695598,9.503592,0,0,0,0,0,0
2025/05/10 10:21:00.922,n,14.823682,37.616056,0.089454,0.001021,0.094444,0.001596,10.064884,9.565006,9.661562,9.414328,10.568396,10.000466,10.120742,9.611828,9.695598,9.51093,0,0,0,0,0,0
2025/05/10 10:22:00.908,n,14.713086,37.218152,0.093305,0.001033,0.095282,0.000901,10.063418,9.582608,9.661562,9.43045,10.581464,9.9977,10.117992,9.60161,9.692718,9.502112,0,0,0,0,0,0
2025/05/10 10:23:00.908,n,14.666848,37.920644,0.103528,0.003046,0.10627,0.003017,10.075118,9.587018,9.67178,9.436292,10.594598,10.000466,10.12359,9.5987,9.687204,9.500648,0,0,0,0,0,0
2025/05/10 10:24:00.911,n,14.798878,38.0225,0.116825,0.004108,0.124191,0.005594,10.076582,9.59429,9.676188,9.43045,10.606232,9.994854,10.120742,9.603042,9.695598,9.508032,0,0,0,0,0,0
2025/05/10 10:25:00.913,n,14.88638,38.168444,0.129924,0.003838,0.146921,0.006897,10.095556,9.597234,9.686406,9.445074,10.613572,9.9977,10.11521,9.617684,9.692718,9.522658,0,0,0,0,0,0
2025/05/10 10:26:00.915,n,14.973828,36.85038,0.140283,0.003206,0.16141,0.004237,10.091178,9.603042,9.689384,9.44361,10.62083,9.9977,10.131986,9.622078,9.692718,9.525538,0,0,0,0,0,0
2025/05/10 10:27:00.920,n,14.950684,37.5974,0.156244,0.004403,0.185616,0.0071,10.110216,9.60745,9.698104,9.44945,10.631018,10.000466,10.11521,9.627966,9.698348,9.53434,0,0,0,0,0,0
2025/05/10 10:28:00.918,n,15.000196,36.838512,0.150992,0.00651,0.192222,0.009053,10.116008,9.60745,9.706922,9.450914,10.633964,10.000466,10.117992,9.63231,9.684452,9.541628,0,0,0,0,0,0
2025/05/10 10:29:00.922,n,15.006786,37.018248,0.184696,0.011717,0.231287,0.016644,10.118938,9.610396,9.711266,9.45529,10.649976,9.992104,10.120742,9.639648,9.684452,9.532876,0,0,0,0,0,0
2025/05/10 10:30:00.926,n,15.09253,36.733336,0.122732,0.007983,0.160315,0.007751,10.126258,9.622078,9.714228,9.464108,10.639806,9.9977,10.129138,9.6484,9.692718,9.532876,0,0,0,0,0,0
2025/05/10 10:31:00.906,n,15.199124,36.034924,0.108326,0.003385,0.143704,0.003889,10.11967,9.634442,9.706156,9.466256,10.640506,10.050678,10.162674,9.630098,9.731894,9.53211,0,0,0,0,0,0
2025/05/10 10:32:00.907,n,15.293068,35.81388,0.094133,0.004186,0.125593,0.005557,10.113828,9.635922,9.711966,9.470632,10.647796,10.056324,10.17945,9.62569,9.734646,9.52767,0,0,0,0,0,0
2025/05/10 10:33:00.909,n,15.36387,35.170328,0.075693,0.005735,0.096781,0.008807,10.11674,9.627168,9.710566,9.466256,10.64633,10.067456,10.184966,9.621314,9.743008,9.526238,0,0,0,0,0,0
2025/05/10 10:34:00.913,n,15.438038,34.7506,0.065315,0.003186,0.068783,0.008479,10.123996,9.62569,9.714876,9.466256,10.659528,10.07315,10.187814,9.628634,9.751484,9.53211,0,0,0,0,0,0
2025/05/10 10:35:00.915,n,15.49429,34.604504,0.060578,0.001701,0.062705,0.001727,10.123996,9.627168,9.723662,9.463312,10.671148,10.075932,10.193442,9.64033,9.754234,9.536518,0,0,0,0,0,0
2025/05/10 10:36:00.916,n,15.39502,33.969888,0.056837,0.001229,0.06297,0.000144,10.131304,9.628634,9.729536,9.469216,10.685762,10.084294,10.199074,9.637386,9.759862,9.537918,0,0,0,0,0,0
2025/05/10 10:37:00.919,n,15.225492,34.140104,0.05223,0.001396,0.060531,0.000957,10.145964,9.627168,9.735378,9.469216,10.687162,10.075932,10.199074,9.647604,9.759862,9.54083,0,0,0,0,0,0
2025/05/10 10:38:00.920,n,15.134816,34.772716,0.048144,0.001245,0.053236,0.002352,10.157598,9.634442,9.738256,9.476472,10.690108,10.081546,10.19629,9.649082,9.759862,9.549616,0,0,0,0,0,0
2025/05/10 10:39:00.921,n,15.100246,34.935024,0.046693,0.000481,0.046722,0.00188,10.164886,9.631546,9.736856,9.480912,10.691572,10.087078,10.204672,9.657886,9.759862,9.546736,0,0,0,0,0,0
2025/05/10 10:40:00.907,n,15.093762,35.131384,0.053895,0.002307,0.048867,0.000849,10.121606,9.620434,9.7023,9.455176,10.668642,10.099346,10.216972,9.604296,9.77771,9.504876,0,0,0,0,0,0
2025/05/10 10:41:00.907,n,15.032826,34.706632,0.067684,0.004098,0.067694,0.005809,10.127446,9.627738,9.703764,9.458106,10.687602,10.099346,10.22249,9.614594,9.769316,9.507838,0,0,0,0,0,0
2025/05/10 10:42:00.913,n,15.026184,35.315368,0.084469,0.005227,0.09356,0.007817,10.137682,9.627738,9.72568,9.45368,10.69338,10.096596,10.219738,9.627738,9.769316,9.520998,0,0,0,0,0,0
2025/05/10 10:43:00.913,n,15.011392,35.047792,0.10029,0.004512,0.108792,0.004162,10.152276,9.635028,9.721304,9.463896,10.690532,10.096596,10.219738,9.62481,9.772162,9.525344,0,0,0,0,0,0
2025/05/10 10:44:00.914,n,15.00309,35.315368,0.113882,0.00432,0.126655,0.005333,10.159534,9.642382,9.741754,9.466858,10.706576,10.096596,10.214108,9.635028,9.769316,9.532696,0,0,0,0,0,0
2025/05/10 10:45:00.915,n,15.04762,35.577624,0.117128,0.000996,0.138783,0.003525,10.162496,9.643812,9.74766,9.475642,10.706576,10.102194,10.219738,9.643812,9.772162,9.537104,0,0,0,0,0,0
2025/05/10 10:46:00.919,n,15.100404,35.472056,0.147211,0.009833,0.227572,0.03231,10.169818,9.646724,9.757844,9.4815,10.72111,10.096596,10.22249,9.654096,9.763718,9.548818,0,0,0,0,0,0
2025/05/10 10:47:00.919,n,15.138294,34.558728,0.116983,0.017836,0.131689,0.053935,10.165376,9.646724,9.750588,9.466858,10.702168,10.102194,10.233716,9.645276,9.77771,9.535626,0,0,0,0,0,0
2025/05/10 10:48:00.924,n,15.258656,35.342616,0.135568,0.010454,0.152666,0.027473,10.16684,9.65115,9.7549,9.485874,10.70508,10.107742,10.233716,9.646724,9.780558,9.545858,0,0,0,0,0,0
2025/05/10 10:49:00.907,n,15.426724,34.274744,0.112026,0.008614,0.133829,0.012219,10.15662,9.670168,9.749126,9.497622,10.702168,10.104992,10.233716,9.64819,9.772162,9.53416,0,0,0,0,0,0
2025/05/10 10:50:00.910,n,15.62843,32.47694,0.102282,0.00277,0.121476,0.004356,10.155206,9.668656,9.749126,9.494644,10.71089,10.118968,10.242112,9.639438,9.783308,9.532696,0,0,0,0,0,0
2025/05/10 10:51:00.912,n,15.489564,32.254528,0.093705,0.00293,0.106062,0.00516,10.158052,9.662848,9.762254,9.491716,10.719676,10.124518,10.239232,9.645276,9.780558,9.542912,0,0,0,0,0,0
2025/05/10 10:52:00.913,n,15.441616,32.697448,0.079146,0.006681,0.090109,0.006389,10.16832,9.664312,9.763718,9.490252,10.740036,10.121752,10.244862,9.65263,9.783308,9.548818,0,0,0,0,0,0
2025/05/10 10:53:00.922,n,15.5359,31.756774,0.065397,0.00415,0.076354,0.00406,10.16832,9.662848,9.769542,9.490252,10.744414,10.127364,10.24771,9.665792,9.788936,9.551698,0,0,0,0,0,0
2025/05/10 10:54:00.917,n,15.57394,31.280518,0.058398,0.002122,0.065448,0.00334,10.174162,9.670168,9.773936,9.494644,10.764838,10.127364,10.256106,9.661384,9.788936,9.556076,0,0,0,0,0,0
2025/05/10 10:55:00.921,n,15.497814,31.956562,0.053253,0.001589,0.058343,0.002125,10.19167,9.670168,9.778344,9.503398,10.770616,10.132962,10.242112,9.673064,9.794452,9.563378,0,0,0,0,0,0
2025/05/10 10:56:00.923,n,15.410168,31.867018,0.051108,0.000588,0.054235,0.001092,10.201888,9.67157,9.78417,9.512182,10.78663,10.127364,10.242112,9.683316,9.77771,9.566292,0,0,0,0,0,0
2025/05/10 10:57:00.924,n,15.377148,32.023816,0.047563,0.001072,0.048622,0.001609,10.191638,9.65403,9.766598,9.491716,10.777842,10.159404,10.279766,9.664264,9.82089,9.548754,0,0,0,0,0,0
2025/05/10 10:58:00.909,n,15.286572,32.069038,0.04136,0.001661,0.04611,0.000722,10.178506,9.673016,9.76219,9.501932,10.783684,10.165,10.277,9.652566,9.823738,9.537072,0,0,0,0,0,0
2025/05/10 10:59:00.912,n,15.242138,32.33413,0.042918,0.000815,0.046184,0.000127,10.185796,9.677408,9.76219,9.507774,10.789512,10.17055,10.28255,9.65551,9.815358,9.544346,0,0,0,0,0,0
2025/05/10 11:00:00.913,n,15.225586,32.42786,0.049824,0.002145,0.047063,0.000178,10.196014,9.678888,9.76951,9.500436,10.792424,10.162252,10.28255,9.664264,9.823738,9.55461,0,0,0,0,0,0
2025/05/10 11:01:00.913,n,15.205812,32.771404,0.050291,0.000369,0.053704,0.00146,10.219364,9.699356,9.795818,9.522414,10.8128,10.139876,10.251746,9.677408,9.787472,9.569202,0,0,0,0,0,0
2025/05/10 11:02:00.917,n,15.186086,33.24057,0.055044,0.001512,0.05994,0.002017,10.209146,9.693482,9.795818,9.523878,10.809902,10.148242,10.265774,9.683266,9.801366,9.575076,0,0,0,0,0,0
2025/05/10 11:03:00.918,n,15.189358,33.390666,0.059836,0.001423,0.06408,0.001397,10.219364,9.700772,9.810462,9.528256,10.808422,10.151022,10.265774,9.687642,9.795818,9.586774,0,0,0,0,0,0
2025/05/10 11:04:00.920,n,15.176174,33.786176,0.064837,0.002115,0.072686,0.002817,10.220844,9.694946,9.810462,9.520934,10.801196,10.159404,10.27137,9.694946,9.798616,9.575076,0,0,0,0,0,0
2025/05/10 11:05:00.923,n,15.210794,33.486226,0.070393,0.001544,0.077145,0.001293,10.232464,9.706644,9.81627,9.532632,10.798234,10.1678,10.279766,9.700772,9.806964,9.585294,0,0,0,0,0,0
2025/05/10 11:06:00.924,n,15.23716,32.813668,0.081715,0.003608,0.0884,0.003571,10.226622,9.697924,9.813326,9.531216,10.780788,10.17055,10.290896,9.696444,9.815358,9.580884,0,0,0,0,0,0
2025/05/10 11:07:00.910,n,15.19922,32.097064,0.089549,0.002324,0.099772,0.003285,10.207712,9.715398,9.806052,9.535592,10.786598,10.173398,10.285364,9.687642,9.81814,9.570666,0,0,0,0,0,0
2025/05/10 11:08:00.912,n,15.189358,32.427338,0.095282,0.001951,0.109087,0.00317,10.204768,9.718358,9.800178,9.53995,10.788014,10.181874,10.296526,9.683266,9.823738,9.57942,0,0,0,0,0,0
2025/05/10 11:09:00.914,n,15.210794,32.678658,0.101201,0.002507,0.120983,0.003852,10.22231,9.722736,9.817734,9.53995,10.788014,10.179028,10.293744,9.699356,9.815358,9.57942,0,0,0,0,0,0
2025/05/10 11:10:00.916,n,15.289846,32.470112,0.110027,0.002868,0.134985,0.004545,10.22231,9.72708,9.81627,9.53995,10.785166,10.176148,10.290896,9.706644,9.823738,9.59115,0,0,0,0,0,0
2025/05/10 11:11:00.919,n,15.321144,31.910394,0.122722,0.004045,0.142708,0.00255,10.22231,9.72708,9.820646,9.545826,10.790976,10.179028,10.30777,9.7037,9.81814,9.594046,0,0,0,0,0,0
2025/05/10 11:12:00.921,n,15.360596,32.35551,0.127737,0.001828,0.159723,0.005315,10.228086,9.730056,9.835306,9.550234,10.788014,10.181874,10.30502,9.708142,9.829368,9.598488,0,0,0,0,0,0
2025/05/10 11:13:00.923,n,15.53589,32.388032,0.137342,0.003021,0.169903,0.003399,10.229568,9.721272,9.8294,9.550234,10.788014,10.181874,10.293744,9.719838,9.829368,9.597022,0,0,0,0,0,0
2025/05/10 11:14:00.923,n,15.658302,31.141098,0.140912,0.001513,0.174279,0.002951,10.232464,9.72708,9.826488,9.548754,10.793888,10.184624,10.30777,9.724216,9.832118,9.597022,0,0,0,0,0,0
2025/05/10 11:15:00.924,n,15.770658,31.48004,0.156693,0.005401,0.198475,0.008954,10.236874,9.735898,9.841098,9.556042,10.796818,10.190256,10.30502,9.72708,9.832118,9.604296,0,0,0,0,0,0
2025/05/10 11:16:00.911,n,15.866456,30.668508,0.155057,0.001475,0.197322,0.004389,10.22371,9.753436,9.826488,9.572132,10.80261,10.187376,10.30502,9.712518,9.834966,9.594046,0,0,0,0,0,0
2025/05/10 11:17:00.914,n,16.008546,30.747496,0.152753,0.000905,0.198401,0.000721,10.228086,9.751972,9.841098,9.567738,10.81428,10.190256,10.30777,9.718358,9.829368,9.604296,0,0,0,0,0,0
2025/05/10 11:18:00.914,n,16.15054,30.000392,0.150576,0.010668,0.197619,0.02092,10.232464,9.74613,9.83677,9.564828,10.818658,10.19302,10.310618,9.718358,9.83773,9.594046,0,0,0,0,0,0
2025/05/10 11:19:00.917,n,16.304054,27.196806,0.13987,0.001557,0.18272,0.002424,10.232464,9.747596,9.841098,9.569202,10.83757,10.19865,10.31612,9.722736,9.84336,9.608704,0,0,0,0,0,0
2025/05/10 11:20:00.920,n,16.256154,26.11362,0.149323,0.007376,0.223003,0.023367,10.241218,9.750556,9.8499,9.576542,10.852118,10.19577,10.310618,9.732968,9.832118,9.614528,0,0,0,0,0,0
2025/05/10 11:21:00.922,n,16.233106,27.14987,0.117187,0.010986,0.143451,0.029179,10.247076,9.74613,9.8499,9.572132,10.85653,10.201402,10.31612,9.731456,9.829368,9.614528,0,0,0,0,0,0
2025/05/10 11:22:00.923,n,16.24458,26.048086,0.095298,0.006983,0.127147,0.004763,10.247076,9.74613,9.842562,9.566292,10.857994,10.206998,10.318884,9.735898,9.832118,9.61749,0,0,0,0,0,0
2025/05/10 11:23:00.925,n,16.20337,25.65837,0.087152,0.001902,0.110864,0.005251,10.257294,9.74169,9.846972,9.57361,10.878386,10.20415,10.31612,9.744652,9.84336,9.623346,0,0,0,0,0,0
2025/05/10 11:24:00.928,n,16.07129,25.928992,0.087753,0.000605,0.099735,0.00306,10.26893,9.74906,9.848436,9.57942,10.895832,10.206998,10.31612,9.744652,9.83773,9.621866,0,0,0,0,0,0
2025/05/10 11:25:00.914,n,15.955716,26.887742,0.085892,0.001107,0.10713,0.002462,10.260206,9.763654,9.845524,9.576542,10.908968,10.206998,10.31612,9.72856,9.84336,9.607208,0,0,0,0,0,0
2025/05/10 11:26:00.915,n,15.93921,27.062964,0.088545,0.000795,0.115961,0.002629,10.274802,9.760758,9.8499,9.580884,10.93517,10.215394,10.321764,9.732968,9.846108,9.615992,0,0,0,0,0,0
2025/05/10 11:27:00.917,n,15.84668,26.568076,0.093881,0.001517,0.1139,0.001068,10.28499,9.775352,9.867374,9.589702,10.954098,10.209782,10.327266,9.743154,9.84336,9.62621,0,0,0,0,0,0
2025/05/10 11:28:00.920,n,15.85498,27.383712,0.101562,0.002188,0.119149,0.00175,10.3025,9.776816,9.871818,9.59115,10.974508,10.215394,10.324514,9.7549,9.84336,9.629186,0,0,0,0,0,0
2025/05/10 11:29:00.921,n,15.803212,26.237842,0.097906,0.001152,0.117279,0.000588,10.275632,9.7426,9.850762,9.565688,10.94754,10.242324,10.348598,9.723598,9.867472,9.599348,0,0,0,0,0,0
2025/05/10 11:30:00.925,n,15.785046,26.565558,0.091447,0.002082,0.10731,0.002998,10.284354,9.748442,9.8478,9.564208,10.95042,10.23388,10.35138,9.738224,9.864592,9.611032,0,0,0,0,0,0
2025/05/10 11:31:00.927,n,15.791638,26.153394,0.085258,0.001091,0.103147,0.000967,10.306242,9.755762,9.866838,9.587652,10.963554,10.211474,10.326322,9.755762,9.831076,9.628568,0,0,0,0,0,0
2025/05/10 11:32:00.927,n,15.75531,26.445036,0.088721,0.001833,0.095035,0.002216,10.310554,9.764516,9.87115,9.593494,10.967932,10.217104,10.329072,9.764516,9.836624,9.627104,0,0,0,0,0,0
2025/05/10 11:33:00.934,n,15.776746,25.717746,0.094984,0.001942,0.096209,0.001194,10.313516,9.760106,9.8697,9.59203,10.960608,10.225484,10.345848,9.752818,9.84785,9.613976,0,0,0,0,0,0
2025/05/10 11:34:00.915,n,15.69579,25.058482,0.102598,0.001873,0.104213,0.002399,10.300398,9.774734,9.863892,9.587652,10.967932,10.23388,10.343,9.741138,9.84785,9.621264,0,0,0,0,0,0
2025/05/10 11:35:00.917,n,15.624696,25.79285,0.112444,0.003149,0.113281,0.002759,10.312052,9.78059,9.87559,9.59787,10.981002,10.239574,10.348598,9.746976,9.84785,9.630034,0,0,0,0,0,0
2025/05/10 11:36:00.920,n,15.599892,25.71208,0.119664,0.002949,0.120972,0.002609,10.309154,9.78059,9.884312,9.596404,10.981002,10.245108,10.354228,9.752818,9.850698,9.628568,0,0,0,0,0,0
2025/05/10 11:37:00.921,n,15.624696,26.064188,0.128228,0.00262,0.132177,0.003517,10.314996,9.776246,9.887208,9.596404,10.981002,10.250704,10.357076,9.758676,9.850698,9.632946,0,0,0,0,0,0
2025/05/10 11:38:00.924,n,15.710682,26.636194,0.141682,0.004089,0.15126,0.006011,10.331024,9.782054,9.887208,9.600814,10.99267,10.245108,10.35138,9.764516,9.850698,9.64173,0,0,0,0,0,0
2025/05/10 11:39:00.926,n,15.778408,24.635474,0.146366,0.002338,0.172921,0.005639,10.336914,9.790806,9.895994,9.608102,10.989694,10.245108,10.359842,9.770358,9.856244,9.631512,0,0,0,0,0,0
2025/05/10 11:40:00.927,n,15.766834,23.943906,0.150158,0.00134,0.181362,0.002785,10.336914,9.795216,9.894562,9.61251,10.988292,10.247954,10.362706,9.783518,9.84785,9.649018,0,0,0,0,0,0
2025/05/10 11:41:00.934,n,15.834606,23.567778,0.159225,0.002403,0.19459,0.004021,10.338346,9.79956,9.894562,9.616888,10.986876,10.247954,10.37107,9.783518,9.856244,9.643196,0,0,0,0,0,0
2025/05/10 11:42:00.930,n,15.905606,23.45818,0.150496,0.006376,0.183485,0.018974,10.339778,9.802506,9.888688,9.618352,10.982466,10.256254,10.368222,9.782054,9.861842,9.64173,0,0,0,0,0,0
2025/05/10 11:43:00.920,n,15.948574,23.906302,0.151912,0.000528,0.182209,0.000793,10.339778,9.818564,9.906226,9.621264,11.002826,10.2591,10.37107,9.776246,9.85348,9.651948,0,0,0,0,0,0
2025/05/10 11:44:00.922,n,15.965076,23.436554,0.157286,0.001485,0.190254,0.002195,10.341258,9.815636,9.9121,9.619782,11.007188,10.264634,10.373854,9.774734,9.864592,9.651948,0,0,0,0,0,0
2025/05/10 11:45:00.922,n,16.067472,24.156256,0.150104,0.005631,0.183151,0.005338,10.350046,9.820028,9.922286,9.624192,11.007188,10.26185,10.376604,9.790806,9.864592,9.6607,0,0,0,0,0,0
2025/05/10 11:46:00.923,n,16.216054,23.918212,0.146601,0.00562,0.179645,0.006231,10.351478,9.820028,9.925262,9.62569,11.014496,10.267448,10.37107,9.784966,9.861842,9.659268,0,0,0,0,0,0
2025/05/10 11:47:00.926,n,16.19457,22.54395,0.1431,0.009871,0.178435,0.013051,10.357272,9.8171,9.922286,9.631512,11.01303,10.270248,10.376604,9.792272,9.864592,9.66511,0,0,0,0,0,0
2025/05/10 11:48:00.927,n,16.146768,22.533528,0.124233,0.005154,0.147157,0.008373,10.355856,9.81422,9.919376,9.628568,11.015962,10.272998,10.38225,9.801026,9.872988,9.66659,0,0,0,0,0,0
2025/05/10 11:49:00.928,n,16.148376,23.157438,0.109348,0.004536,0.126982,0.005707,10.364578,9.821508,9.922286,9.632946,11.018874,10.281474,10.387848,9.793754,9.870222,9.66511,0,0,0,0,0,0
2025/05/10 11:50:00.930,n,16.224304,23.462574,0.100374,0.002875,0.118623,0.002341,10.358736,9.811308,9.925262,9.630034,11.017408,10.287106,10.393348,9.801026,9.875736,9.66511,0,0,0,0,0,0
2025/05/10 11:51:00.934,n,16.146768,23.257276,0.098734,0.000308,0.117063,0.000407,10.37771,9.828782,9.925262,9.640266,11.029078,10.284354,10.399076,9.805434,9.875736,9.657852,0,0,0,0,0,0
2025/05/10 11:52:00.922,n,16.064388,23.649,0.109063,0.003081,0.122173,0.001981,10.361404,9.82992,9.921978,9.628242,11.049212,10.364708,10.476712,9.789034,9.947718,9.654518,0,0,0,0,0,0
2025/05/10 11:53:00.921,n,15.85965,23.993148,0.104254,0.001765,0.11206,0.002008,10.373024,9.838674,9.927834,9.635516,11.066674,10.36186,10.476712,9.790466,9.950564,9.663304,0,0,0,0,0,0
2025/05/10 11:54:00.923,n,15.84808,24.724058,0.10114,0.001465,0.112781,0.000388,10.377464,9.827042,9.935106,9.641388,11.065196,10.36186,10.473866,9.800716,9.947718,9.66768,0,0,0,0,0,0
2025/05/10 11:55:00.926,n,15.871174,25.214704,0.098082,0.000868,0.109933,0.000887,10.38329,9.837258,9.948272,9.645764,11.076896,10.364708,10.476712,9.812382,9.950564,9.677912,0,0,0,0,0,0
2025/05/10 11:56:00.926,n,15.907552,25.334598,0.105155,0.002919,0.114494,0.001693,10.39351,9.835762,9.948272,9.647246,11.07543,10.37024,10.476712,9.810918,9.95333,9.670624,0,0,0,0,0,0
2025/05/10 11:57:00.929,n,15.882748,24.969944,0.112365,0.002756,0.128877,0.004564,10.399286,9.838674,9.943894,9.650142,11.084156,10.37024,10.473866,9.819702,9.947718,9.675,0,0,0,0,0,0
2025/05/10 11:58:00.931,n,15.95047,25.54892,0.105816,0.002839,0.126849,0.002124,10.399286,9.841636,9.954094,9.653086,11.081242,10.37309,10.482244,9.825544,9.958928,9.676466,0,0,0,0,0,0
2025/05/10 11:59:00.933,n,16.001644,25.069828,0.090496,0.00512,0.108434,0.005647,10.405144,9.846044,9.946838,9.660406,11.073952,10.37587,10.487844,9.821134,9.95608,9.677912,0,0,0,0,0,0
2025/05/10 12:00:00.936,n,15.947202,24.719442,0.073241,0.004164,0.08208,0.007487,10.409522,9.853334,9.957056,9.66768,11.073952,10.381484,10.485094,9.82992,9.95608,9.679378,0,0,0,0,0,0
2025/05/10 12:01:00.911,n,15.80677,25.175108,0.076077,0.001369,0.082797,0.000756,10.415364,9.882504,9.965778,9.692538,11.095842,10.353464,10.45424,9.831384,9.919814,9.683786,0,0,0,0,0,0
2025/05/10 12:02:00.912,n,15.644448,25.284054,0.080711,0.001929,0.083602,0.000488,10.373886,9.854228,9.934506,9.655444,11.061614,10.39709,10.492222,9.79577,9.96612,9.645228,0,0,0,0,0,0
2025/05/10 12:03:00.914,n,15.613098,25.727942,0.076108,0.001336,0.083404,0.00068,10.381208,9.85566,9.938946,9.65691,11.055802,10.399872,10.503466,9.79865,9.968966,9.658374,0,0,0,0,0,0
2025/05/10 12:04:00.917,n,15.553528,26.172052,0.067847,0.002179,0.078039,0.001518,10.379728,9.849786,9.943324,9.645228,11.055802,10.408238,10.511848,9.79577,9.971814,9.661254,0,0,0,0,0,0
2025/05/10 12:05:00.920,n,15.54855,26.292506,0.059399,0.002476,0.069712,0.002576,10.373886,9.843962,9.944724,9.639404,11.05289,10.411084,10.511848,9.808932,9.977314,9.667158,0,0,0,0,0,0
2025/05/10 12:06:00.922,n,15.545278,26.659124,0.052193,0.002145,0.057802,0.003298,10.375318,9.843962,9.9477,9.63794,11.047014,10.425096,10.525842,9.801578,9.98296,9.668606,0,0,0,0,0,0
2025/05/10 12:07:00.924,n,15.517152,26.323134,0.049607,0.00067,0.054308,0.001093,10.373886,9.839586,9.949166,9.642252,11.036842,10.43634,10.525842,9.805986,9.994088,9.67295,0,0,0,0,0,0
2025/05/10 12:08:00.926,n,15.360024,26.401422,0.05299,0.000988,0.057394,0.000985,10.37242,9.843962,9.95647,9.646692,11.036842,10.43346,10.534222,9.811796,9.991338,9.668606,0,0,0,0,0,0
2025/05/10 12:09:00.926,n,15.247814,27.007948,0.06222,0.003061,0.062863,0.001713,10.379728,9.842498,9.959318,9.648156,11.038322,10.44184,10.542702,9.813244,9.996968,9.670072,0,0,0,0,0,0
2025/05/10 12:10:00.913,n,15.219788,27.069646,0.068852,0.00229,0.070272,0.002233,10.375318,9.865878,9.949166,9.668606,11.025238,10.43346,10.534222,9.811796,9.988588,9.66423,0,0,0,0,0,0
2025/05/10 12:11:00.914,n,15.209828,27.749898,0.073718,0.001344,0.077133,0.002076,10.370924,9.864446,9.949166,9.67295,11.015018,10.44184,10.545466,9.816204,9.996968,9.66423,0,0,0,0,0,0
2025/05/10 12:12:00.915,n,15.223062,27.36183,0.082664,0.002709,0.086679,0.002927,10.369508,9.871734,9.953542,9.668606,11.01645,10.452988,10.551098,9.810394,10.002484,9.66423,0,0,0,0,0,0
2025/05/10 12:13:00.917,n,15.229652,27.603052,0.092553,0.00273,0.097846,0.003255,10.379728,9.868822,9.957918,9.661254,11.01793,10.44747,10.54833,9.817686,10.002484,9.671486,0,0,0,0,0,0
2025/05/10 12:14:00.919,n,15.251088,27.4755,0.099677,0.002185,0.104611,0.001948,10.376798,9.868822,9.96376,9.66423,11.012136,10.44747,10.553848,9.816204,10.002484,9.67295,0,0,0,0,0,0
2025/05/10 12:15:00.922,n,15.244446,27.366608,0.108459,0.002164,0.106512,0.000624,10.375318,9.874598,9.971082,9.667158,11.007726,10.452988,10.553848,9.830816,10.002484,9.681768,0,0,0,0,0,0
2025/05/10 12:16:00.924,n,15.251088,28.186878,0.099912,0.002129,0.108852,0.001421,10.373886,9.874598,9.97398,9.670072,11.007726,10.450236,10.559446,9.830816,10.010962,9.684666,0,0,0,0,0,0
2025/05/10 12:17:00.924,n,15.27897,27.18302,0.08863,0.003143,0.103457,0.00207,10.363666,9.867356,9.97689,9.665694,10.996104,10.461464,10.565078,9.835208,10.00818,9.681768,0,0,0,0,0,0
2025/05/10 12:18:00.927,n,15.285562,27.194966,0.074951,0.003974,0.087772,0.00535,10.362218,9.86298,9.97689,9.66423,10.978592,10.467064,10.570594,9.835208,10.01371,9.690538,0,0,0,0,0,0
2025/05/10 12:19:00.913,n,15.33688,27.369532,0.063432,0.003388,0.069507,0.005598,10.347622,9.884882,9.96376,9.6832,10.96842,10.469846,10.570594,9.824992,10.022092,9.671486,0,0,0,0,0,0
2025/05/10 12:20:00.915,n,15.333558,27.434418,0.058161,0.001479,0.061874,0.002318,10.351998,9.880504,9.968138,9.690538,10.978592,10.469846,10.565078,9.830816,10.01371,9.680322,0,0,0,0,0,0
2025/05/10 12:21:00.919,n,15.374866,27.649328,0.057327,0.000185,0.055216,0.002151,10.347622,9.881984,9.975426,9.6832,10.969886,10.478242,10.576224,9.830816,10.027736,9.6832,0,0,0,0,0,0
2025/05/10 12:22:00.920,n,15.40797,27.868188,0.053309,0.00131,0.053862,0.00029,10.343276,9.881984,9.972546,9.675912,10.96842,10.472692,10.576224,9.833744,10.027736,9.681768,0,0,0,0,0,0
2025/05/10 12:23:00.920,n,15.474134,28.180042,0.052137,0.001126,0.054924,0.000605,10.353496,9.877576,9.966672,9.681768,10.971366,10.47546,10.579072,9.836688,10.033238,9.6832,0,0,0,0,0,0
2025/05/10 12:24:00.923,n,15.360024,28.885778,0.060347,0.002406,0.061074,0.001686,10.351998,9.867356,9.975426,9.674416,10.966988,10.486624,10.590302,9.836688,10.041632,9.689074,0,0,0,0,0,0
2025/05/10 12:25:00.927,n,15.231312,29.974512,0.066288,0.00168,0.069596,0.002595,10.356344,9.87611,9.984212,9.684666,10.972832,10.486624,10.587468,9.846908,10.033238,9.694914,0,0,0,0,0,0
2025/05/10 12:26:00.926,n,15.03185,30.731786,0.066537,0.000503,0.073742,0.001094,10.360754,9.868822,9.978354,9.674416,10.964042,10.48947,10.584702,9.838154,10.041632,9.697826,0,0,0,0,0,0
2025/05/10 12:27:00.932,n,14.95934,31.523176,0.062021,0.001336,0.071163,0.000857,10.362218,9.87611,9.985678,9.680322,10.964042,10.48947,10.587468,9.85566,10.033238,9.703668,0,0,0,0,0,0
2025/05/10 12:28:00.913,n,14.853772,31.353332,0.057885,0.001295,0.066633,0.00122,10.346158,9.893636,9.96376,9.694914,10.952438,10.492222,10.593066,9.845442,10.036084,9.681768,0,0,0,0,0,0
2025/05/10 12:29:00.915,n,14.71188,32.18412,0.055761,0.000664,0.063572,0.000998,10.335988,9.898044,9.966672,9.693452,10.949508,10.497834,10.593066,9.838154,10.036084,9.690538,0,0,0,0,0,0
2025/05/10 12:30:00.918,n,14.690442,32.286956,0.058064,0.000784,0.064116,0.000436,10.350534,9.886296,9.9813,9.686146,10.94806,10.506314,10.598698,9.852748,10.041632,9.696426,0,0,0,0,0,0
2025/05/10 12:31:00.916,n,14.566566,33.193966,0.061208,0.000694,0.067481,0.000787,10.356344,9.912654,9.984212,9.715366,10.958282,10.47546,10.573474,9.861468,10.019342,9.702204,0,0,0,0,0,0
2025/05/10 12:32:00.918,n,14.513734,33.402118,0.06507,0.001181,0.07199,0.001279,10.351998,9.90089,9.990022,9.705148,10.96261,10.478242,10.58192,9.86298,10.027736,9.70811,0,0,0,0,0,0
2025/05/10 12:33:00.920,n,14.523694,33.870768,0.069092,0.001266,0.073574,0.000725,10.351998,9.90089,9.987142,9.703668,10.958282,10.48947,10.587468,9.868822,10.027736,9.71099,0,0,0,0,0,0
2025/05/10 12:34:00.923,n,14.531898,34.469648,0.068597,0.000344,0.076011,0.000799,10.350534,9.89658,9.998806,9.696426,10.953902,10.48947,10.579072,9.868822,10.036084,9.71099,0,0,0,0,0,0
2025/05/10 12:35:00.925,n,14.517056,35.536348,0.069459,0.000351,0.077652,0.000573,10.347622,9.889258,9.985678,9.696426,10.94513,10.503466,10.59585,9.865878,10.047326,9.70811,0,0,0,0,0,0
2025/05/10 12:36:00.925,n,14.431214,38.147528,0.072199,0.000911,0.079037,0.000548,10.344676,9.884882,9.988588,9.694914,10.936392,10.511848,10.607078,9.868822,10.052958,9.712404,0,0,0,0,0,0
2025/05/10 12:37:00.912,n,14.295716,40.25964,0.077673,0.001688,0.08311,0.001252,10.333058,9.902388,9.97398,9.709574,10.927668,10.514696,10.612596,9.861468,10.06124,9.696426,0,0,0,0,0,0
2025/05/10 12:38:00.915,n,14.150258,43.155048,0.083245,0.001744,0.091407,0.002434,10.327168,9.905332,9.968138,9.70811,10.926234,10.514696,10.607078,9.860004,10.058456,9.69929,0,0,0,0,0,0
2025/05/10 12:39:00.918,n,13.917152,43.998556,0.089215,0.001571,0.100113,0.002828,10.327168,9.90089,9.971082,9.700706,10.927668,10.517478,10.621074,9.85566,10.06124,9.696426,0,0,0,0,0,0
2025/05/10 12:40:00.918,n,13.730092,47.293332,0.095155,0.001812,0.112306,0.003708,10.331576,9.89658,9.9813,9.702204,10.930548,10.520244,10.621074,9.867356,10.064086,9.700706,0,0,0,0,0,0
2025/05/10 12:41:00.918,n,13.683804,49.658368,0.100393,0.001619,0.122628,0.003056,10.334522,9.89217,9.972546,9.702204,10.930548,10.528624,10.621074,9.861468,10.069602,9.69929,0,0,0,0,0,0
2025/05/10 12:42:00.923,n,13.584484,49.58664,0.104975,0.001325,0.129771,0.002111,10.335988,9.89217,9.97689,9.696426,10.93937,10.52309,10.629456,9.871734,10.07245,9.702204,0,0,0,0,0,0
2025/05/10 12:43:00.923,n,13.494984,49.238008,0.106506,0.000816,0.13347,0.001062,10.334522,9.890738,9.982698,9.700706,10.93937,10.528624,10.632304,9.8732,10.07245,9.705148,0,0,0,0,0,0
2025/05/10 12:44:00.928,n,13.528138,48.587128,0.105851,0.000468,0.133858,0.000743,10.3389,9.889258,9.985678,9.697826,10.93937,10.53144,10.63507,9.8732,10.08371,9.71683,0,0,0,0,0,0
2025/05/10 12:45:00.928,n,13.577992,50.907264,0.117241,0.00418,0.144746,0.003575,10.357206,9.89741,9.999604,9.708874,10.96043,10.47429,10.569438,9.888624,10.023604,9.722036,0,0,0,0,0,0
2025/05/10 12:46:00.913,n,13.687222,51.975916,0.117787,0.002294,0.149643,0.002386,10.345506,9.920724,9.98065,9.726412,10.953202,10.465908,10.566672,9.885712,10.012458,9.716194,0,0,0,0,0,0
2025/05/10 12:47:00.915,n,13.788198,48.583972,0.125199,0.003136,0.153712,0.001783,10.348388,9.914916,9.985008,9.726412,10.96043,10.468658,10.575036,9.882782,10.018088,9.720572,0,0,0,0,0,0
2025/05/10 12:48:00.917,n,13.82301,49.213224,0.177477,0.016146,0.211581,0.017542,10.360086,9.928078,9.989352,9.726412,10.99687,10.468658,10.575036,9.890022,10.015306,9.720572,0,0,0,0,0,0
2025/05/10 12:49:00.921,n,13.92555,47.84164,0.299207,0.035434,0.339778,0.03866,10.390728,9.942674,9.999604,9.739574,11.056504,10.449064,10.55829,9.909042,9.998564,9.73663,0,0,0,0,0,0
2025/05/10 12:50:00.922,n,14.14386,48.652332,0.203316,0.023302,0.239228,0.02862,10.376146,9.914916,9.987906,9.722036,11.015782,10.477038,10.583514,9.893,10.020838,9.72498,0,0,0,0,0,0
2025/05/10 12:51:00.924,n,14.456166,45.739928,0.156159,0.00725,0.197142,0.005967,10.36884,9.913468,9.987906,9.710352,11.011436,10.48267,10.594662,9.891536,10.029232,9.722036,0,0,0,0,0,0
2025/05/10 12:52:00.925,n,14.665882,43.41874,0.155939,0.002972,0.208506,0.005062,10.384838,9.910506,9.993764,9.716194,11.021608,10.488186,10.591894,9.90172,10.037678,9.73663,0,0,0,0,0,0
2025/05/10 12:53:00.925,n,14.81603,42.94872,0.20429,0.015414,0.241604,0.01121,10.397968,9.910506,10.001102,9.729358,11.066726,10.485436,10.591894,9.90172,10.03208,9.729358,0,0,0,0,0,0
2025/05/10 12:54:00.928,n,15.015636,38.217128,0.147872,0.028139,0.180229,0.033283,10.387816,9.910506,9.999604,9.722036,11.059416,10.496582,10.600292,9.894464,10.043308,9.735198,0,0,0,0,0,0
2025/05/10 12:55:00.914,n,14.995816,36.325284,0.128392,0.003601,0.152588,0.006235,10.390728,9.916316,9.979184,9.727878,11.055072,10.496582,10.600292,9.888624,10.03208,9.714746,0,0,0,0,0,0
2025/05/10 12:56:00.920,n,14.933168,35.420644,0.115694,0.002938,0.151235,0.001589,10.392192,9.914916,9.985008,9.7235,11.07255,10.502296,10.600292,9.881302,10.048824,9.716194,0,0,0,0,0,0
2025/05/10 12:57:00.920,n,14.931508,36.462828,0.112025,0.000772,0.146097,0.002338,10.397968,9.916316,9.986474,9.722036,11.094378,10.510658,10.605794,9.893,10.043308,9.720572,0,0,0,0,0,0
2025/05/10 12:58:00.924,n,14.969448,35.919228,0.09665,0.004941,0.131554,0.004395,10.415544,9.914916,9.986474,9.716194,11.107448,10.513442,10.608642,9.895944,10.043308,9.716194,0,0,0,0,0,0
2025/05/10 12:59:00.923,n,14.90514,36.440712,0.087929,0.002935,0.113404,0.005906,10.424232,9.913468,9.989352,9.716194,11.122046,10.516256,10.611406,9.894464,10.054452,9.7235,0,0,0,0,0,0
2025/05/10 13:00:00.925,n,14.839172,35.81034,0.092981,0.017439,0.111224,0.009993,10.441726,9.906162,9.995228,9.717628,11.140976,10.516256,10.617038,9.90032,10.057204,9.732254,0,0,0,0,0,0
2025/05/10 13:01:00.929,n,14.85724,36.486612,0.088206,0.001656,0.127192,0.004162,10.469456,9.928078,10.020042,9.739574,11.174408,10.488186,10.589016,9.91926,10.018088,9.749792,0,0,0,0,0,0
2025/05/10 13:02:00.928,n,14.82267,34.85316,0.098368,0.010841,0.140414,0.022412,10.481138,9.929512,10.021488,9.72498,11.181698,10.499414,10.603044,9.914916,10.03208,9.746862,0,0,0,0,0,0
2025/05/10 13:03:00.931,n,14.873746,35.04076,0.144492,0.01679,0.194159,0.033485,10.504442,9.926598,10.020042,9.729358,11.210816,10.502296,10.597412,9.926598,10.03208,9.752736,0,0,0,0,0,0
2025/05/10 13:04:00.916,n,14.980968,33.668152,0.154356,0.006166,0.223798,0.017543,10.497152,9.95437,10.011288,9.748328,11.21513,10.510658,10.603044,9.910506,10.037678,9.73811,0,0,0,0,0,0
2025/05/10 13:05:00.920,n,15.215054,34.600768,0.160669,0.007739,0.198216,0.011217,10.484052,9.968966,10.025898,9.757146,11.245714,10.513442,10.608642,9.909042,10.034928,9.741038,0,0,0,0,0,0
2025/05/10 13:06:00.922,n,15.5173,31.20207,0.21528,0.020239,0.220043,0.044846,10.527796,9.971896,10.025898,9.741038,11.244216,10.513442,10.611406,9.913468,10.034928,9.751272,0,0,0,0,0,0
2025/05/10 13:07:00.925,n,15.73219,31.922394,0.240909,0.013873,0.218704,0.005734,10.537964,9.966022,10.036116,9.755666,11.28494,10.507908,10.61419,9.926598,10.037678,9.754234,0,0,0,0,0,0
2025/05/10 13:08:00.925,n,15.935364,29.969354,0.187063,0.015139,0.224761,0.028162,10.513198,9.945554,10.015698,9.730788,11.261698,10.521806,10.62267,9.906162,10.048824,9.741038,0,0,0,0,0,0
2025/05/10 13:09:00.926,n,16.08566,30.523908,0.148284,0.018039,0.184181,0.056684,10.529276,9.957236,10.034652,9.739574,11.286372,10.530186,10.63105,9.926598,10.054452,9.745382,0,0,0,0,0,0
2025/05/10 13:10:00.961,n,16.42062,31.016498,0.258952,0.040507,0.43023,0.077557,10.555474,9.98065,10.043438,9.761488,11.350406,10.507908,10.625516,9.920724,10.040462,9.73663,0,0,0,0,0,0
2025/05/10 13:11:00.932,n,16.364514,28.073236,0.176546,0.029984,0.446176,0.070442,10.631262,10.025898,10.161666,9.821378,11.395966,10.513442,10.625516,10.022954,10.043308,9.822844,0,0,0,0,0,0
2025/05/10 13:12:00.933,n,16.478284,26.82019,0.112944,0.045795,0.14347,0.134071,10.55694,9.958714,10.043438,9.749792,11.335822,10.538568,10.639496,9.933854,10.059986,9.761488,0,0,0,0,0,0
2025/05/10 13:13:00.919,n,16.311684,27.889234,0.094712,0.005753,0.112745,0.009952,10.527796,9.970432,10.041958,9.757146,11.351872,10.54703,10.645044,9.922206,10.062802,9.743952,0,0,0,0,0,0
2025/05/10 13:14:00.921,n,16.311684,29.30282,0.081248,0.003909,0.098492,0.004378,10.546752,9.97772,10.047782,9.757146,11.375082,10.544264,10.650644,9.930976,10.062802,9.749792,0,0,0,0,0,0
2025/05/10 13:15:00.922,n,16.26881,27.876002,0.072006,0.002807,0.087336,0.004226,10.55694,9.971896,10.047782,9.760024,11.392564,10.549894,10.647892,9.930976,10.065598,9.754234,0,0,0,0,0,0
2025/05/10 13:16:00.923,n,16.120328,29.416688,0.067444,0.001017,0.076111,0.003084,10.56423,9.97331,10.05509,9.762954,11.413512,10.56104,10.653394,9.928078,10.065598,9.754234,0,0,0,0,0,0
2025/05/10 13:17:00.925,n,16.143372,29.674422,0.065045,0.001126,0.073559,0.000947,10.586086,9.983528,10.071164,9.762954,11.42958,10.54703,10.647892,9.948466,10.065598,9.764402,0,0,0,0,0,0
2025/05/10 13:18:00.927,n,16.039418,29.006672,0.063453,0.00168,0.07268,0.001014,10.593392,9.989352,10.084294,9.765866,11.441348,10.55266,10.650644,9.94993,10.074076,9.774618,0,0,0,0,0,0
2025/05/10 13:19:00.931,n,15.799916,29.432428,0.06897,0.002464,0.078003,0.002048,10.599218,9.992284,10.087224,9.765866,11.45157,10.56104,10.65904,9.95289,10.07131,9.780526,0,0,0,0,0,0
2025/05/10 13:20:00.932,n,15.46935,30.351698,0.076611,0.00236,0.087206,0.002715,10.609438,9.990818,10.088704,9.771772,11.45157,10.566672,10.65904,9.958714,10.074076,9.776084,0,0,0,0,0,0
2025/05/10 13:21:00.932,n,15.34689,31.455846,0.081709,0.001504,0.088447,0.000468,10.616664,9.999604,10.09889,9.776084,11.450072,10.569438,10.664722,9.961614,10.085206,9.780526,0,0,0,0,0,0
2025/05/10 13:22:00.919,n,15.351818,31.698096,0.086756,0.001913,0.094479,0.002127,10.618128,10.027396,10.095978,9.799528,11.442748,10.566672,10.664722,9.958714,10.079674,9.773172,0,0,0,0,0,0
2025/05/10 13:23:00.919,n,15.317104,31.42273,0.095296,0.002785,0.105553,0.00346,10.61375,10.025898,10.09889,9.798064,11.442748,10.575036,10.673118,9.961614,10.076828,9.771772,0,0,0,0,0,0
2025/05/10 13:24:00.923,n,15.30055,31.327528,0.103371,0.002378,0.119353,0.004109,10.616664,10.024418,10.1033,9.789246,11.438368,10.577818,10.673118,9.961614,10.088054,9.776084,0,0,0,0,0,0
2025/05/10 13:25:00.928,n,15.272718,32.262672,0.10789,0.001507,0.130451,0.003312,10.629796,10.040494,10.120742,9.799528,11.439866,10.572188,10.681498,9.976222,10.090838,9.796584,0,0,0,0,0,0
2025/05/10 13:26:00.911,n,15.335266,32.251462,0.106561,0.000629,0.126941,0.00094,10.632742,10.046334,10.117896,9.815538,11.423768,10.572188,10.673118,9.985008,10.090838,9.790744,0,0,0,0,0,0
2025/05/10 13:27:00.918,n,15.41803,31.240126,0.110613,0.001483,0.129342,0.001548,10.621074,10.052158,10.12665,9.824324,11.413512,10.589016,10.687048,9.979184,10.10195,9.793654,0,0,0,0,0,0
2025/05/10 13:28:00.918,n,15.421304,31.13188,0.106321,0.002329,0.12072,0.005097,10.625452,10.056568,10.125184,9.827286,11.407654,10.580668,10.681498,9.983528,10.104714,9.798064,0,0,0,0,0,0
2025/05/10 13:29:00.916,n,15.446156,31.9016,0.093197,0.004105,0.118849,0.000747,10.622506,10.060946,10.12372,9.819914,11.394468,10.597412,10.689896,9.98065,10.113194,9.795118,0,0,0,0,0,0
2025/05/10 13:30:00.919,n,15.51891,31.233058,0.090586,0.000599,0.093454,0.007716,10.622506,10.065322,10.135354,9.828732,11.391586,10.600292,10.69543,9.986474,10.118822,9.80384,0,0,0,0,0,0
2025/05/10 13:31:00.917,n,15.559308,31.305628,0.094159,0.001318,0.093419,0.00074,10.619122,10.066382,10.13057,9.823886,11.382392,10.595362,10.687748,9.98457,10.111078,9.80057,0,0,0,0,0,0
2025/05/10 13:32:00.922,n,15.509702,30.572394,0.096551,0.000921,0.100364,0.00251,10.611862,10.05761,10.133452,9.825364,11.373616,10.603744,10.710222,9.978794,10.1307,9.80057,0,0,0,0,0,0
2025/05/10 13:33:00.921,n,15.50311,30.85282,0.093887,0.000776,0.104204,0.001178,10.604606,10.051786,10.13057,9.826862,11.36587,10.61489,10.721354,9.975818,10.13633,9.794728,0,0,0,0,0,0
2025/05/10 13:34:00.924,n,15.40384,30.776564,0.092731,0.000537,0.109485,0.001679,10.604606,10.05613,10.137892,9.818076,11.369256,10.623272,10.72412,9.981692,10.14746,9.809322,0,0,0,0,0,0
2025/05/10 13:35:00.929,n,15.397198,31.513056,0.089267,0.00321,0.110048,0.002459,10.607484,10.054666,10.148046,9.816644,11.367334,10.628968,10.729752,9.993388,10.150226,9.818076,0,0,0,0,0,0
2025/05/10 13:36:00.928,n,15.433624,30.57652,0.084257,0.001223,0.098914,0.0032,10.610416,10.05613,10.14515,9.818076,11.358644,10.63175,10.74098,9.98457,10.158704,9.81954,0,0,0,0,0,0
2025/05/10 13:37:00.930,n,15.537824,30.914422,0.084819,0.000163,0.096697,0.000948,10.610416,10.059074,10.155368,9.822484,11.357162,10.637364,10.7381,9.994804,10.164302,9.81954,0,0,0,0,0,0
2025/05/10 13:38:00.932,n,15.579132,30.420588,0.082716,0.000863,0.102801,0.001897,10.620586,10.05613,10.152488,9.81954,11.355728,10.642896,10.74098,10.000646,10.172698,9.832702,0,0,0,0,0,0
2025/05/10 13:39:00.934,n,15.60394,30.758986,0.093771,0.003657,0.11091,0.002183,10.604606,10.054666,10.15833,9.822484,11.355728,10.645746,10.752226,10.00211,10.183828,9.828326,0,0,0,0,0,0
2025/05/10 13:40:00.920,n,15.65521,30.119654,0.107017,0.003814,0.125491,0.004487,10.607484,10.075084,10.143734,9.837048,11.349886,10.645746,10.752226,9.997732,10.18661,9.81954,0,0,0,0,0,0
2025/05/10 13:41:00.922,n,15.643636,30.230268,0.122797,0.004603,0.143528,0.005272,10.613328,10.082392,10.156832,9.837048,11.352784,10.640148,10.760574,9.997732,10.183828,9.828326,0,0,0,0,0,0
2025/05/10 13:42:00.924,n,15.67508,30.428908,0.164962,0.01277,0.210568,0.019611,10.622084,10.086768,10.167052,9.84728,11.38825,10.640148,10.752226,10.010864,10.18661,9.837048,0,0,0,0,0,0
2025/05/10 13:43:00.926,n,15.732892,29.712732,0.218537,0.028653,0.411466,0.07887,10.619122,10.09409,10.171428,9.841456,11.39118,10.63175,10.757824,10.012328,10.18661,9.850178,0,0,0,0,0,0
2025/05/10 13:44:00.929,n,15.950958,29.536128,0.14319,0.024578,0.168441,0.075738,10.627892,10.085304,10.159744,9.84292,11.367334,10.651294,10.766206,10.007952,10.194974,9.850178,0,0,0,0,0,0
2025/05/10 13:45:00.933,n,16.056622,27.11294,0.137402,0.002204,0.163309,0.004027,10.624996,10.082392,10.175838,9.84292,11.36779,10.656892,10.766206,10.016706,10.203452,9.854618,0,0,0,0,0,0
2025/05/10 13:46:00.931,n,16.116048,27.405676,0.170868,0.013764,0.27028,0.048004,10.620586,10.078048,10.167052,9.835584,11.378014,10.648496,10.774604,10.018186,10.197822,9.856084,0,0,0,0,0,0
2025/05/10 13:47:00.937,n,16.063214,26.391454,0.171157,0.009098,0.240575,0.046894,10.63663,10.083872,10.17872,9.850178,11.389716,10.654142,10.774604,10.031316,10.197822,9.869214,0,0,0,0,0,0
2025/05/10 13:48:00.920,n,16.043438,28.22644,0.170278,0.011795,0.239376,0.045459,10.632254,10.11015,10.17294,9.867748,11.394094,10.645746,10.771722,10.034246,10.197822,9.851658,0,0,0,0,0,0
2025/05/10 13:49:00.904,n,16.16229,27.597828,0.127998,0.014767,0.155301,0.032093,10.646852,10.083872,10.174406,9.858994,11.370736,10.66822,10.777352,10.035724,10.20908,9.867748,0,0,0,0,0,0
2025/05/10 13:50:00.906,n,16.269562,28.464422,0.130339,0.008011,0.152565,0.013331,10.642474,10.09409,10.169964,9.858994,11.383872,10.662492,10.777352,10.034246,10.20908,9.867748,0,0,0,0,0,0
2025/05/10 13:51:00.908,n,16.363556,26.733058,0.104651,0.005816,0.107099,0.007883,10.649732,10.089682,10.171428,9.861874,11.385336,10.66537,10.785834,10.04007,10.214598,9.858994,0,0,0,0,0,0
2025/05/10 13:52:00.910,n,16.360288,27.422704,0.097395,0.002108,0.096194,0.003038,10.643938,10.099898,10.168532,9.864836,11.38677,10.66537,10.791432,10.043,10.220196,9.866316,0,0,0,0,0,0
2025/05/10 13:53:00.913,n,16.41639,27.09292,0.096254,0.000677,0.096168,0.000375,10.654142,10.099898,10.167052,9.869214,11.398506,10.6766,10.79423,10.037158,10.220196,9.867748,0,0,0,0,0,0
2025/05/10 13:54:00.913,n,16.322296,26.396802,0.095429,0.001083,0.103019,0.002508,10.65852,10.108686,10.17872,9.875102,11.414604,10.673752,10.788582,10.044478,10.23134,9.873622,0,0,0,0,0,0
2025/05/10 13:55:00.917,n,16.185384,27.140412,0.096279,0.000479,0.11271,0.002937,10.657006,10.11163,10.175838,9.877934,11.416018,10.682118,10.79423,10.03278,10.225824,9.869214,0,0,0,0,0,0
2025/05/10 13:56:00.917,n,16.150716,27.504516,0.099774,0.001183,0.105336,0.002846,10.659986,10.104342,10.177254,9.873622,11.429188,10.684998,10.79423,10.043,10.23134,9.870692,0,0,0,0,0,0
2025/05/10 13:57:00.921,n,16.111116,27.36734,0.19967,0.037903,0.139302,0.013624,10.690532,10.137892,10.190416,9.89113,11.476004,10.65974,10.785834,10.051786,10.20908,9.883856,0,0,0,0,0,0
2025/05/10 13:58:00.908,n,16.078106,27.742938,0.144606,0.016549,0.115806,0.007231,10.673052,10.09409,10.174406,9.854618,11.427772,10.6766,10.808178,10.031316,10.225824,9.86046,0,0,0,0,0,0
2025/05/10 13:59:00.908,n,16.277768,27.619368,0.063428,0.004872,0.07129,0.004741,10.681808,10.105756,10.19626,9.876534,11.417484,10.687748,10.813808,10.060474,10.237054,9.88672,0,0,0,0,0,0
2025/05/10 14:00:00.910,n,16.178792,26.8505,0.060051,0.000944,0.069067,0.000695,10.680374,10.11163,10.189002,9.88672,11.430654,10.687748,10.805428,10.064916,10.228576,9.894042,0,0,0,0,0,0
2025/05/10 14:01:00.911,n,16.00877,26.713178,0.06128,0.00049,0.070236,0.000319,10.705112,10.133452,10.212302,9.911548,11.442356,10.66537,10.785834,10.076582,10.203452,9.907204,0,0,0,0,0,0
2025/05/10 14:02:00.914,n,15.822286,27.685388,0.063681,0.000914,0.072568,0.000715,10.680344,10.126098,10.197642,9.891048,11.426454,10.765848,10.891944,10.066298,10.30948,9.893976,0,0,0,0,0,0
2025/05/10 14:03:00.916,n,15.757832,27.407342,0.064196,8.82567e-05,0.071389,0.000558,10.683272,10.133452,10.19473,9.889566,11.427868,10.785492,10.905972,10.06189,10.320626,9.893976,0,0,0,0,0,0
2025/05/10 14:04:00.920,n,15.655342,27.963276,0.062833,0.00043,0.070746,0.000318,10.689132,10.130538,10.190352,9.885222,11.426454,10.785492,10.917202,10.050256,10.320626,9.88376,0,0,0,0,0,0
2025/05/10 14:05:00.919,n,15.604122,28.3987,0.058983,0.001248,0.065757,0.001718,10.681808,10.126098,10.193296,9.893976,11.419112,10.796704,10.922802,10.06189,10.329006,9.89832,0,0,0,0,0,0
2025/05/10 14:06:00.921,n,15.54958,28.52456,0.055088,0.001351,0.058378,0.00219,10.680344,10.118822,10.197642,9.885222,11.411788,10.805086,10.936732,10.054602,10.337484,9.888104,0,0,0,0,0,0
2025/05/10 14:07:00.908,n,15.582684,27.894292,0.049221,0.001859,0.054404,0.001095,10.687652,10.115942,10.207892,9.888104,11.40601,10.799486,10.939582,10.076452,10.329006,9.902762,0,0,0,0,0,0
2025/05/10 14:08:00.908,n,15.518186,27.66062,0.045167,0.001176,0.050909,0.001036,10.68472,10.118822,10.207892,9.888104,11.389862,10.807884,10.953578,10.069196,10.337484,9.90714,0,0,0,0,0,0
2025/05/10 14:09:00.910,n,15.38918,28.056074,0.040527,0.001462,0.049253,0.000465,10.683272,10.124696,10.203484,9.89248,11.378174,10.810718,10.953578,10.076452,10.34588,9.89832,0,0,0,0,0,0
2025/05/10 14:10:00.912,n,15.314716,28.515882,0.04225,0.000791,0.04509,0.001299,10.687652,10.130538,10.204948,9.896856,11.375262,10.810718,10.962056,10.066298,10.343098,9.904178,0,0,0,0,0,0
2025/05/10 14:11:00.914,n,15.245186,28.612304,0.045136,0.000914,0.044626,0.000229,10.689132,10.137796,10.210774,9.902762,11.369352,10.816264,10.970438,10.073572,10.34588,9.905674,0,0,0,0,0,0
2025/05/10 14:12:00.917,n,15.20422,29.342518,0.043552,0.000623,0.043436,0.000534,10.681808,10.146614,10.209356,9.902762,11.367888,10.807884,10.970438,10.07943,10.337484,9.905674,0,0,0,0,0,0
2025/05/10 14:13:00.919,n,15.238644,29.410156,0.038488,0.001589,0.041134,0.00062,10.667242,10.139294,10.20643,9.902762,11.354784,10.824616,10.981586,10.070676,10.34863,9.904178,0,0,0,0,0,0
2025/05/10 14:14:00.920,n,15.296506,29.707972,0.035124,0.00094,0.036652,0.00142,10.659952,10.14515,10.20643,9.896856,11.345588,10.827464,10.995584,10.07214,10.34863,9.908554,0,0,0,0,0,0
2025/05/10 14:15:00.924,n,15.32629,29.557672,0.038127,0.000964,0.037658,0.000517,10.654142,10.150926,10.21808,9.8998,11.344124,10.827464,10.992736,10.080894,10.35138,9.918838,0,0,0,0,0,0
2025/05/10 14:16:00.908,n,15.318036,30.193282,0.045141,0.002032,0.044706,0.002154,10.674518,10.13633,10.22249,9.905674,11.336896,10.824616,10.998448,10.099868,10.354228,9.9217,0,0,0,0,0,0
2025/05/10 14:17:00.910,n,15.308076,29.231354,0.053924,0.002667,0.057526,0.003883,10.667242,10.14074,10.2254,9.91586,11.32521,10.83586,10.998448,10.094026,10.354228,9.91586,0,0,0,0,0,0
2025/05/10 14:18:00.911,n,15.182782,28.753998,0.067866,0.004276,0.074424,0.004764,10.665762,10.156768,10.226802,9.92899,11.32376,10.821866,11.001298,10.108622,10.34588,9.930488,0,0,0,0,0,0
2025/05/10 14:19:00.914,n,15.20754,29.331294,0.082091,0.004201,0.095792,0.006418,10.661416,10.150926,10.219544,9.91145,11.31069,10.83874,11.009776,10.099868,10.356996,9.917356,0,0,0,0,0,0
2025/05/10 14:20:00.918,n,15.214082,29.871832,0.091133,0.002641,0.110577,0.004549,10.654142,10.156768,10.22249,9.924614,11.306312,10.83586,11.018174,10.107156,10.359776,9.92759,0,0,0,0,0,0
2025/05/10 14:21:00.916,n,15.253488,29.550318,0.08593,0.001975,0.109006,0.001401,10.641008,10.155304,10.219544,9.920236,11.28595,10.84434,11.023774,10.104244,10.365374,9.914394,0,0,0,0,0,0
2025/05/10 14:22:00.921,n,15.291574,29.408186,0.077383,0.002822,0.095916,0.00424,10.629374,10.159714,10.216582,9.9217,11.284484,10.83586,11.020926,10.098402,10.365374,9.918838,0,0,0,0,0,0
2025/05/10 14:23:00.920,n,15.364326,28.922174,0.068489,0.002958,0.077315,0.005878,10.632254,10.153902,10.213702,9.917356,11.275778,10.84159,11.023774,10.105692,10.365374,9.926078,0,0,0,0,0,0
2025/05/10 14:24:00.923,n,15.364326,28.237268,0.061519,0.001844,0.070034,0.001948,10.610366,10.156768,10.22249,9.914394,11.265588,10.85272,11.032074,10.098402,10.373854,9.918838,0,0,0,0,0,0
2025/05/10 14:25:00.909,n,15.478486,28.924488,0.059327,0.000525,0.063735,0.001858,10.633718,10.149462,10.229778,9.91002,11.262674,10.847124,11.029322,10.117408,10.362624,9.937744,0,0,0,0,0,0
2025/05/10 14:26:00.911,n,15.504902,28.32054,0.060331,0.00033,0.060697,0.001,10.632254,10.14367,10.2254,9.917356,11.256896,10.84434,11.037706,10.117408,10.376636,9.934896,0,0,0,0,0,0
2025/05/10 14:27:00.913,n,15.511544,28.37229,0.059665,0.000212,0.06226,0.00052,10.619122,10.142204,10.2254,9.914394,11.246722,10.849938,11.051702,10.1115,10.38225,9.92759,0,0,0,0,0,0
2025/05/10 14:28:00.915,n,15.4801,28.582362,0.057833,0.000404,0.062619,0.000219,10.61624,10.149462,10.207892,9.92315,11.245226,10.861086,11.046152,10.1115,10.376636,9.920236,0,0,0,0,0,0
2025/05/10 14:29:00.917,n,15.466866,28.339118,0.053847,0.001246,0.058653,0.001227,10.607484,10.158248,10.213702,9.924614,11.233588,10.861086,11.046152,10.115942,10.39063,9.9217,0,0,0,0,0,0
2025/05/10 14:30:00.920,n,15.475166,28.672164,0.051174,0.000824,0.055248,0.000933,10.604572,10.150926,10.212238,9.920236,11.243826,10.858336,11.051702,10.117408,10.379452,9.924614,0,0,0,0,0,0
2025/05/10 14:31:00.918,n,15.538006,28.220434,0.050031,0.000436,0.05273,0.000472,10.619122,10.164122,10.229778,9.936312,11.25543,10.83586,11.020926,10.133452,10.34863,9.945066,0,0,0,0,0,0
2025/05/10 14:32:00.920,n,15.526436,27.684514,0.050077,0.000202,0.052161,0.000228,10.608886,10.164122,10.221024,9.931968,11.233588,10.849938,11.037706,10.124696,10.362624,9.934896,0,0,0,0,0,0
2025/05/10 14:33:00.925,n,15.473508,28.086018,0.054216,0.001305,0.054866,0.000841,10.604572,10.152424,10.219544,9.930488,11.242312,10.84434,11.043304,10.124696,10.371102,9.937744,0,0,0,0,0,0
2025/05/10 14:34:00.909,n,15.504902,28.021558,0.057388,0.000995,0.058568,0.001116,10.619122,10.139294,10.232676,9.92315,11.245226,10.847124,11.046152,10.14367,10.368256,9.946528,0,0,0,0,0,0
2025/05/10 14:35:00.909,n,15.529706,27.523554,0.058374,0.000313,0.062641,0.00126,10.617706,10.148012,10.223922,9.920236,11.233588,10.858336,11.048936,10.13485,10.376636,9.946528,0,0,0,0,0,0
2025/05/10 14:36:00.909,n,15.518186,27.751606,0.058767,0.000196,0.062995,8.021591e-05,10.607484,10.148012,10.22249,9.924614,11.232156,10.861086,11.0573,10.14515,10.376636,9.947994,0,0,0,0,0,0
2025/05/10 14:37:00.911,n,15.552854,27.53246,0.060741,0.0007,0.064654,0.000477,10.610366,10.14515,10.223922,9.917356,11.224864,10.861086,11.0573,10.14367,10.371102,9.95097,0,0,0,0,0,0
2025/05/10 14:38:00.914,n,15.556222,27.790632,0.064201,0.001024,0.066142,0.000552,10.603108,10.150926,10.2254,9.934896,11.22195,10.858336,11.048936,10.150926,10.376636,9.942184,0,0,0,0,0,0
2025/05/10 14:39:00.916,n,15.523114,27.161748,0.069443,0.001604,0.069923,0.001187,10.603108,10.153902,10.210774,9.936312,11.21614,10.86387,11.065602,10.137796,10.387848,9.936312,0,0,0,0,0,0
2025/05/10 14:40:00.918,n,15.44875,27.228236,0.080908,0.010281,0.077614,0.002618,10.59873,10.152424,10.207892,9.936312,11.213226,10.866718,11.065602,10.139294,10.379452,9.936312,0,0,0,0,0,0
2025/05/10 14:41:00.920,n,15.443722,27.882788,0.1816,0.041002,0.099385,0.008856,10.624996,10.180132,10.221024,9.952404,11.25395,10.847124,11.046152,10.152424,10.373854,9.945066,0,0,0,0,0,0
2025/05/10 14:42:00.924,n,15.44875,27.381122,0.167868,0.009364,0.113505,0.004144,10.610366,10.177254,10.221024,9.947994,11.258328,10.855488,11.054452,10.159714,10.368256,9.959692,0,0,0,0,0,0
2025/05/10 14:43:00.908,n,15.594204,27.313186,0.161444,0.008959,0.111598,0.001671,10.639008,10.179646,10.256954,9.959172,11.266532,10.791528,10.99604,10.185488,10.304306,9.991306,0,0,0,0,0,0
2025/05/10 14:44:00.913,n,15.77765,27.138276,0.176191,0.004654,0.112042,0.000654,10.65362,10.186886,10.26133,9.97087,11.272358,10.783164,10.984858,10.19133,10.304306,9.992722,0,0,0,0,0,0
2025/05/10 14:45:00.910,n,16.022084,26.795126,0.192103,0.010872,0.108044,0.001359,10.637544,10.188398,10.251144,9.96799,11.275256,10.788778,10.993256,10.195642,10.304306,9.984016,0,0,0,0,0,0
2025/05/10 14:46:00.912,n,16.12936,23.567428,0.219248,0.01057,0.10836,0.000769,10.640488,10.179646,10.240924,9.965014,11.272358,10.78593,10.98774,10.20153,10.307088,9.985464,0,0,0,0,0,0
2025/05/10 14:47:00.913,n,16.226772,25.115484,0.222939,0.003911,0.111387,0.00099,10.656518,10.208804,10.26574,9.992722,11.30291,10.777534,10.984858,10.197122,10.301554,9.989842,0,0,0,0,0,0
2025/05/10 14:48:00.916,n,16.368618,24.87388,0.223198,0.00395,0.113927,0.000996,10.64633,10.19133,10.238012,9.978144,11.28984,10.783164,10.976592,10.194242,10.301554,9.981088,0,0,0,0,0,0
2025/05/10 14:49:00.918,n,16.554898,23.723388,0.101288,0.049592,0.104527,0.004639,10.620098,10.185488,10.226314,9.965014,11.24617,10.805524,10.998888,10.188398,10.315452,9.96939,0,0,0,0,0,0
2025/05/10 14:50:00.919,n,16.729604,23.675846,0.17094,0.04044,0.123761,0.008836,10.643386,10.192776,10.238012,9.97668,11.272358,10.783164,10.984858,10.194242,10.307088,9.979608,0,0,0,0,0,0
2025/05/10 14:51:00.923,n,16.872914,21.552138,0.196141,0.007806,0.122098,0.001535,10.66384,10.224914,10.264276,9.986898,11.308736,10.783164,10.984858,10.18251,10.298708,9.97087,0,0,0,0,0,0
2025/05/10 14:52:00.906,n,16.973304,21.246902,0.091838,0.043557,0.101767,0.007547,10.63463,10.17089,10.2482,9.954794,11.268012,10.79716,10.993256,10.197122,10.309936,9.986898,0,0,0,0,0,0
2025/05/10 14:53:00.909,n,16.984874,20.571532,0.177137,0.035102,0.107759,0.003097,10.611342,10.116854,10.172292,9.90512,11.259288,10.79716,10.982108,10.198586,10.301554,9.997148,0,0,0,0,0,0
2025/05/10 14:54:00.913,n,16.711488,20.593674,0.092306,0.028026,0.090686,0.004166,10.655052,10.18399,10.2482,9.96799,11.283962,10.791528,10.99049,10.210284,10.304306,9.997148,0,0,0,0,0,0
2025/05/10 14:55:00.913,n,16.662026,21.863728,0.242339,0.051993,0.099972,0.002972,10.697364,10.219038,10.27303,9.995684,11.356706,10.763552,10.979356,10.21756,10.284712,9.995684,0,0,0,0,0,0
2025/05/10 14:56:00.914,n,16.638928,21.342482,0.219781,0.006982,0.103218,0.003251,10.681288,10.198586,10.255522,9.979608,11.342136,10.76915,10.976592,10.205924,10.290326,9.998628,0,0,0,0,0,0
2025/05/10 14:57:00.918,n,16.68678,20.870492,0.127461,0.035416,0.096108,0.003893,10.657998,10.166482,10.22776,9.959172,11.297098,10.78593,10.976592,10.192776,10.295924,9.97087,0,0,0,0,0,0
2025/05/10 14:58:00.921,n,16.723012,22.31694,0.133969,0.028103,0.091896,0.002973,10.720622,10.236548,10.283248,10.016136,11.37269,10.772,10.970878,10.238012,10.287478,10.010278,0,0,0,0,0,0
2025/05/10 14:59:00.920,n,16.790538,21.746506,0.124588,0.033468,0.071057,0.007703,10.706056,10.216094,10.267204,9.997148,11.353744,10.783164,10.976592,10.224914,10.290326,10.002972,0,0,0,0,0,0
2025/05/10 15:00:00.925,n,16.75597,22.13396,0.207025,0.021128,0.078106,0.00244,10.720622,10.22047,10.267204,9.994218,11.387762,10.760672,10.96248,10.22047,10.28185,10.001494,0,0,0,0,0,0
2025/05/10 15:01:00.906,n,16.85812,22.913318,0.139403,0.02173,0.064105,0.003154,10.768696,10.235066,10.325556,10.020514,11.408238,10.743926,10.937432,10.270118,10.251078,10.048238,0,0,0,0,0,0
2025/05/10 15:02:00.906,n,16.889942,22.112806,0.03336,0.053391,0.031409,0.018582,10.685242,10.142758,10.23471,9.929608,11.308184,10.842744,11.030624,10.182182,10.347134,9.961776,0,0,0,0,0,0
2025/05/10 15:03:00.910,n,16.875148,22.500736,0.027077,0.001545,0.028125,0.000845,10.69102,10.150046,10.241982,9.923784,11.308184,10.842744,11.025026,10.18508,10.347134,9.961776,0,0,0,0,0,0
2025/05/10 15:04:00.911,n,16.861966,22.643366,0.028741,0.000677,0.031168,0.001045,10.707066,10.15444,10.244896,9.935416,11.311146,10.845592,11.027874,10.190938,10.344254,9.954422,0,0,0,0,0,0
2025/05/10 15:05:00.915,n,16.735108,22.016132,0.03645,0.002414,0.036153,0.001455,10.718766,10.166106,10.241982,9.9457,11.324184,10.845592,11.030624,10.19237,10.344254,9.966086,0,0,0,0,0,0
2025/05/10 15:06:00.914,n,16.539062,24.343622,0.046351,0.002942,0.04399,0.002379,10.727458,10.170484,10.250802,9.950076,11.33929,10.839994,11.033424,10.195314,10.338752,9.973458,0,0,0,0,0,0
2025/05/10 15:07:00.916,n,16.494534,23.749448,0.056639,0.00313,0.052878,0.002666,10.742054,10.176326,10.249306,9.96031,11.349512,10.834362,11.019396,10.195314,10.335874,9.971992,0,0,0,0,0,0
2025/05/10 15:08:00.921,n,16.36758,24.201068,0.062601,0.002079,0.061549,0.002617,10.746432,10.179238,10.244896,9.954422,11.343602,10.842744,11.039022,10.183648,10.344254,9.95883,0,0,0,0,0,0
2025/05/10 15:09:00.922,n,16.326322,23.759826,0.066768,0.001206,0.067806,0.001707,10.75081,10.190938,10.258026,9.96324,11.343602,10.839994,11.027874,10.193834,10.335874,9.96031,0,0,0,0,0,0
2025/05/10 15:10:00.909,n,16.237256,22.74594,0.070338,0.001079,0.074118,0.001989,10.755122,10.163196,10.272622,9.94718,11.358268,10.848344,11.039022,10.202622,10.341502,9.970528,0,0,0,0,0,0
2025/05/10 15:11:00.908,n,16.169582,23.323272,0.071885,0.000445,0.07767,0.0011,10.768256,10.18508,10.279944,9.951492,11.358268,10.845592,11.041806,10.205532,10.341502,9.98366,0,0,0,0,0,0
2025/05/10 15:12:00.917,n,16.141552,23.265838,0.071972,0.000376,0.078298,0.000305,10.768256,10.182182,10.271126,9.96031,11.349512,10.839994,11.039022,10.205532,10.344254,9.973458,0,0,0,0,0,0
2025/05/10 15:13:00.912,n,16.12671,23.635892,0.070272,0.000637,0.077424,0.000593,10.775548,10.188026,10.275568,9.96031,11.340754,10.848344,11.039022,10.205532,10.347134,9.973458,0,0,0,0,0,0
2025/05/10 15:14:00.913,n,16.134914,23.60528,0.065694,0.001503,0.072477,0.001456,10.760982,10.193834,10.27848,9.977818,11.330498,10.853976,11.036176,10.202622,10.341502,9.973458,0,0,0,0,0,0
2025/05/10 15:15:00.916,n,16.078808,23.661844,0.062867,0.000779,0.066716,0.001622,10.763878,10.198178,10.28141,9.971992,11.329034,10.85111,11.041806,10.204102,10.341502,9.970528,0,0,0,0,0,0
2025/05/10 15:16:00.920,n,16.08374,24.307132,0.059012,0.001106,0.062682,0.001277,10.76536,10.214288,10.2887,9.982162,11.321286,10.848344,11.030624,10.202622,10.335874,9.967552,0,0,0,0,0,0
2025/05/10 15:17:00.921,n,16.08374,22.971324,0.05776,0.000427,0.061236,0.000478,10.763878,10.214288,10.2887,9.97925,11.321286,10.848344,11.033424,10.20991,10.344254,9.96903,0,0,0,0,0,0
2025/05/10 15:18:00.921,n,16.011136,23.349882,0.058905,0.000548,0.060227,0.000331,10.753658,10.22013,10.29454,9.99391,11.316908,10.848344,11.030624,10.217234,10.335874,9.97925,0,0,0,0,0,0
2025/05/10 15:19:00.907,n,15.973194,23.64324,0.086864,0.008442,0.088031,0.008398,10.763878,10.206998,10.306176,9.97925,11.329034,10.845592,11.036176,10.228884,10.338752,9.996758,0,0,0,0,0,0
2025/05/10 15:20:00.909,n,15.979736,23.638854,0.101285,0.00269,0.088073,0.001982,10.762478,10.20991,10.316362,9.967552,11.319838,10.85111,11.047324,10.225924,10.341502,9.990948,0,0,0,0,0,0
2025/05/10 15:21:00.914,n,16.07554,23.515214,0.106127,0.002548,0.090449,0.001701,10.766824,10.215752,10.293044,9.94718,11.28932,10.848344,11.036176,10.228884,10.341502,10.02598,0,0,0,0,0,0
2025/05/10 15:22:00.913,n,16.233936,22.035446,0.106947,0.00206,0.10148,0.00267,10.762478,10.22301,10.310554,9.989468,11.313994,10.845592,11.041806,10.225924,10.335874,9.990948,0,0,0,0,0,0
2025/05/10 15:23:00.916,n,16.40215,21.065626,0.107257,0.001096,0.1071,0.002563,10.755122,10.228884,10.316362,9.998222,11.30968,10.853976,11.044558,10.225924,10.344254,9.990948,0,0,0,0,0,0
2025/05/10 15:24:00.917,n,16.682424,19.968572,0.106932,0.000501,0.112354,0.002296,10.747848,10.230364,10.314964,9.999702,11.308184,10.85111,11.039022,10.225924,10.335874,9.98807,0,0,0,0,0,0
2025/05/10 15:25:00.919,n,16.748342,20.095168,0.118645,0.003696,0.120238,0.003229,10.755122,10.239054,10.316362,9.99391,11.296544,10.85111,11.041806,10.206998,10.347134,9.96903,0,0,0,0,0,0
2025/05/10 15:26:00.922,n,16.80264,18.254324,0.120515,0.002184,0.118748,0.001966,10.75081,10.240518,10.309088,10.001166,11.305302,10.85959,11.041806,10.225924,10.341502,9.982162,0,0,0,0,0,0
2025/05/10 15:27:00.924,n,16.937694,18.895322,0.129486,0.002587,0.123121,0.002792,10.74059,10.240518,10.310554,10.011386,11.308184,10.853976,11.044558,10.22301,10.341502,9.977818,0,0,0,0,0,0
2025/05/10 15:28:00.911,n,17.156642,19.179442,0.125812,0.002018,0.120033,0.001447,10.75081,10.23323,10.328062,9.989468,11.319838,10.86247,11.044558,10.23471,10.335874,9.99391,0,0,0,0,0,0
2025/05/10 15:29:00.912,n,17.298096,18.45319,0.119386,0.00187,0.125952,0.001723,10.746432,10.23323,10.323686,9.99391,11.324184,10.853976,11.047324,10.240518,10.335874,9.99391,0,0,0,0,0,0
2025/05/10 15:30:00.915,n,17.501954,18.288522,0.107976,0.004147,0.109697,0.006409,10.752258,10.237606,10.320772,9.990948,11.313994,10.856822,11.036176,10.230364,10.344254,9.989468,0,0,0,0,0,0
2025/05/10 15:31:00.920,n,17.69585,15.594236,0.08009,0.007404,0.083061,0.007615,10.759502,10.260972,10.328062,10.027428,11.321286,10.834362,11.013796,10.252216,10.322008,9.999702,0,0,0,0,0,0
2025/05/10 15:32:00.923,n,17.7812,16.82318,0.05585,0.005768,0.066262,0.005283,10.756604,10.259492,10.33244,10.027428,11.328548,10.837114,11.022146,10.244896,10.319128,9.990948,0,0,0,0,0,0
2025/05/10 15:33:00.926,n,17.773048,15.188914,0.038441,0.005149,0.04454,0.006384,10.744968,10.255116,10.32663,10.02014,11.329034,10.842744,11.027874,10.237606,10.32751,9.995342,0,0,0,0,0,0
2025/05/10 15:34:00.927,n,17.572608,15.805058,0.032054,0.001936,0.034363,0.003101,10.752258,10.259492,10.32663,10.027428,11.331914,10.85111,11.030624,10.236174,10.32751,9.989468,0,0,0,0,0,0
2025/05/10 15:35:00.929,n,17.312892,17.183054,0.03253,0.000362,0.031028,0.000972,10.74059,10.252216,10.333904,10.023084,11.336344,10.856822,11.027874,10.236174,10.330356,9.992446,0,0,0,0,0,0
2025/05/10 15:36:00.930,n,17.062794,18.376372,0.033157,0.000275,0.029897,0.000391,10.753658,10.258026,10.329526,10.021602,11.343602,10.856822,11.030624,10.240518,10.32751,9.992446,0,0,0,0,0,0
2025/05/10 15:37:00.918,n,16.792774,19.580434,0.031713,0.000413,0.028872,0.000256,10.768256,10.250802,10.341194,10.02598,11.33929,10.853976,11.033424,10.256594,10.324758,9.999702,0,0,0,0,0,0
2025/05/10 15:38:00.919,n,16.560498,20.579166,0.031065,0.000262,0.030267,0.00055,10.769736,10.252216,10.348452,10.030356,11.345068,10.85111,11.027874,10.260972,10.32751,10.005544,0,0,0,0,0,0
2025/05/10 15:39:00.920,n,16.311474,21.746298,0.0298,0.001895,0.02936,0.005851,10.766824,10.24784,10.338282,10.030356,11.340754,10.856822,11.036176,10.25365,10.335874,9.996758,0,0,0,0,0,0
2025/05/10 15:40:00.923,n,16.225686,22.283034,0.02846,0.000657,0.030272,0.000321,10.778428,10.263902,10.344138,10.03911,11.345068,10.845592,11.022146,10.258026,10.319128,10.001166,0,0,0,0,0,0
2025/05/10 15:41:00.924,n,16.12671,22.677352,0.026141,0.001202,0.028098,0.002514,10.77117,10.262436,10.348452,10.037678,11.33929,10.85959,11.033424,10.252216,10.32751,9.996758,0,0,0,0,0,0
2025/05/10 15:42:00.925,n,16.045804,23.124328,0.024609,0.000475,0.02613,0.000565,10.758036,10.265348,10.341194,10.033334,11.33929,10.856822,11.022146,10.250802,10.324758,9.999702,0,0,0,0,0,0
2025/05/10 15:43:00.930,n,15.99131,23.121098,0.023589,0.000267,0.024999,0.000312,10.758036,10.271126,10.354324,10.033334,11.343602,10.853976,11.027874,10.249306,10.324758,9.999702,0,0,0,0,0,0
2025/05/10 15:44:00.930,n,15.895558,23.378606,0.02231,0.000331,0.024532,0.000116,10.758036,10.275568,10.354324,10.040592,11.334846,10.856822,11.030624,10.25365,10.32751,10.00704,0,0,0,0,0,0
2025/05/10 15:45:00.931,n,15.825714,23.953046,0.021035,0.000378,0.023549,0.000309,10.72819,10.258856,10.34056,10.022432,11.313718,10.858206,11.02641,10.234092,10.326192,9.99033,0,0,0,0,0,0
2025/05/10 15:46:00.919,n,15.743146,24.23094,0.019872,0.000351,0.022393,0.000353,10.73989,10.245726,10.346368,10.022432,11.289986,10.863806,11.029258,10.251534,10.334636,9.993242,0,0,0,0,0,0
2025/05/10 15:47:00.919,n,15.685284,24.69102,0.019768,5.672122e-05,0.022275,8.68058e-05,10.729686,10.245726,10.349282,10.03413,11.278414,10.863806,11.037608,10.248688,10.329006,9.991794,0,0,0,0,0,0
2025/05/10 15:48:00.922,n,15.625814,25.429736,0.020811,0.000348,0.022221,9.361036e-05,10.72819,10.251534,10.344954,10.029754,11.269624,10.860958,11.037608,10.247222,10.337402,9.987386,0,0,0,0,0,0
2025/05/10 15:49:00.924,n,15.536556,26.552556,0.021743,0.000309,0.022253,8.152457e-05,10.725374,10.251534,10.342024,10.03413,11.265278,10.866686,11.034858,10.24431,10.334636,9.991794,0,0,0,0,0,0
2025/05/10 15:50:00.925,n,15.412534,29.430364,0.02204,7.559719e-05,0.022958,0.000208,10.716586,10.261818,10.34349,10.03122,11.260932,10.860958,11.037608,10.238404,10.331886,9.994708,0,0,0,0,0,0
2025/05/10 15:51:00.929,n,15.304962,28.84289,0.022612,0.000182,0.024086,0.000363,10.70202,10.258856,10.346368,10.03413,11.255122,10.866686,11.032104,10.247222,10.334636,9.984538,0,0,0,0,0,0
2025/05/10 15:52:00.930,n,15.225568,28.909992,0.023897,0.000408,0.026173,0.000651,10.696194,10.263298,10.350778,10.035596,11.243484,10.869436,11.04324,10.239882,10.337402,9.99033,0,0,0,0,0,0
2025/05/10 15:53:00.931,n,15.153206,29.8323,0.026527,0.000784,0.028652,0.000772,10.690416,10.258856,10.34349,10.035596,11.24057,10.875082,11.048756,10.235524,10.337402,9.984538,0,0,0,0,0,0
2025/05/10 15:54:00.935,n,15.085674,29.323846,0.032128,0.001773,0.0315,0.000786,10.684542,10.261818,10.349282,10.03122,11.231848,10.872316,11.046004,10.241348,10.340282,9.987386,0,0,0,0,0,0
2025/05/10 15:55:00.918,n,15.02464,30.090728,0.035586,0.000998,0.033576,0.000621,10.697642,10.255944,10.355122,10.032652,11.22462,10.877834,11.046004,10.254478,10.340282,9.988866,0,0,0,0,0,0
2025/05/10 15:56:00.919,n,15.01312,30.385766,0.035104,0.000255,0.036084,0.000764,10.693314,10.253014,10.355122,10.041436,11.205706,10.869436,11.046004,10.261818,10.345782,9.993242,0,0,0,0,0,0
2025/05/10 15:57:00.923,n,14.98343,30.639454,0.034555,0.000162,0.039079,0.000884,10.680182,10.250102,10.34056,10.037028,11.201326,10.877834,11.046004,10.251534,10.343034,9.99033,0,0,0,0,0,0
2025/05/10 15:58:00.924,n,14.973518,28.48169,0.034617,8.777572e-05,0.04165,0.000795,10.671426,10.245726,10.331804,10.041436,11.188224,10.877834,11.051636,10.254478,10.34863,9.980112,0,0,0,0,0,0
2025/05/10 15:59:00.925,n,14.94222,29.57904,0.034518,4.010796e-05,0.042274,0.000261,10.659772,10.248688,10.33327,10.032652,11.183864,10.883432,11.057138,10.248688,10.356928,9.978632,0,0,0,0,0,0
2025/05/10 16:00:00.929,n,14.943878,30.477008,0.032665,0.000618,0.040205,0.000591,10.656892,10.24431,10.33327,10.032652,11.176556,10.889064,11.054388,10.235524,10.359776,9.981608,0,0,0,0,0,0
2025/05/10 16:01:00.925,n,14.94222,29.717748,0.031108,0.000279,0.037625,0.000556,10.668528,10.264698,10.339112,10.048728,11.180966,10.866686,11.034858,10.260352,10.334636,9.991794,0,0,0,0,0,0
2025/05/10 16:02:00.925,n,14.932354,29.20558,0.03032,0.000249,0.036384,0.000306,10.665584,10.253014,10.33618,10.045814,11.169328,10.869436,11.037608,10.263298,10.334636,10.000548,0,0,0,0,0,0
2025/05/10 16:03:00.927,n,14.932354,29.588764,0.031237,0.000326,0.037641,0.000501,10.645192,10.251534,10.331804,10.039972,11.166384,10.872316,11.040488,10.253014,10.343034,9.991794,0,0,0,0,0,0
2025/05/10 16:04:00.913,n,14.922394,27.39654,0.032618,0.000448,0.038855,0.000344,10.658356,10.235524,10.34056,10.025378,11.156226,10.883432,11.059938,10.261818,10.356928,10.00346,0,0,0,0,0,0
2025/05/10 16:05:00.917,n,14.905892,28.7188,0.034497,0.000559,0.038294,0.000227,10.642294,10.232626,10.339112,10.029754,11.156226,10.886184,11.059938,10.257392,10.365408,9.991794,0,0,0,0,0,0
2025/05/10 16:06:00.917,n,14.86639,28.911676,0.03996,0.00147,0.054712,0.004617,10.653978,10.231178,10.33327,10.026842,11.143156,10.889064,11.059938,10.255944,10.365408,9.99033,0,0,0,0,0,0
2025/05/10 16:07:00.921,n,14.881184,28.975622,0.064436,0.005635,0.155923,0.027283,10.635004,10.238404,10.330324,10.032652,11.151848,10.886184,11.059938,10.253014,10.359776,9.996204,0,0,0,0,0,0
2025/05/10 16:08:00.921,n,14.958722,29.532226,0.067775,0.001921,0.172593,0.006254,10.63354,10.237002,10.32598,10.03413,11.137298,10.883432,11.057138,10.253014,10.368256,9.994708,0,0,0,0,0,0
2025/05/10 16:09:00.925,n,15.034554,29.936492,0.075391,0.002401,0.197501,0.006863,10.630626,10.241348,10.317192,10.035596,11.137298,10.89458,11.062786,10.251534,10.362528,9.988866,0,0,0,0,0,0
2025/05/10 16:10:00.926,n,15.222198,26.351172,0.080189,0.003583,0.22666,0.012784,10.629162,10.232626,10.311382,10.032652,11.127108,10.89458,11.062786,10.257392,10.371038,9.99033,0,0,0,0,0,0
2025/05/10 16:11:00.927,n,15.44891,26.271936,0.076468,0.002418,0.237585,0.002425,10.613148,10.237002,10.305558,10.028306,11.12566,10.89458,11.068384,10.251534,10.373788,9.980112,0,0,0,0,0,0
2025/05/10 16:12:00.931,n,15.657162,24.615596,0.072711,0.001129,0.207322,0.010106,10.60589,10.235524,10.301164,10.028306,11.124194,10.90306,11.071136,10.241348,10.376636,9.971326,0,0,0,0,0,0
2025/05/10 16:13:00.915,n,15.84559,24.135396,0.067279,0.001736,0.177647,0.008333,10.608804,10.220926,10.318672,10.021,11.121314,10.900212,11.074016,10.257392,10.373788,9.997668,0,0,0,0,0,0
2025/05/10 16:14:00.917,n,16.007404,23.055962,0.058722,0.0027,0.127933,0.015289,10.608804,10.21074,10.30406,10.010798,11.112622,10.908658,11.076768,10.248688,10.379402,9.981608,0,0,0,0,0,0
2025/05/10 16:15:00.919,n,16.236584,22.387394,0.053903,0.00143,0.102705,0.008506,10.63751,10.255488,10.34012,10.062834,11.142846,10.871436,11.056374,10.294916,10.347834,10.029298,0,0,0,0,0,0
2025/05/10 16:16:00.922,n,16.45924,21.464356,0.050515,0.001037,0.087272,0.006161,10.640424,10.26133,10.343034,10.06721,11.144312,10.877034,11.045176,10.29197,10.353432,10.014624,0,0,0,0,0,0
2025/05/10 16:17:00.925,n,16.457582,20.79689,0.040347,0.006504,0.055799,0.014698,10.641888,10.25692,10.334246,10.068692,11.139902,10.877034,11.045176,10.28468,10.35898,10.014624,0,0,0,0,0,0
2025/05/10 16:18:00.926,n,16.37848,19.494172,0.023481,0.004801,0.028953,0.007394,10.63611,10.258402,10.33719,10.068692,11.142846,10.874286,11.045176,10.289058,10.350598,10.021944,0,0,0,0,0,0
2025/05/10 16:19:00.929,n,16.225014,20.740232,0.017422,0.001711,0.021807,0.002163,10.638976,10.26574,10.325522,10.06581,11.145744,10.874286,11.036792,10.287594,10.353432,10.01319,0,0,0,0,0,0
2025/05/10 16:20:00.929,n,16.149086,21.07025,0.013852,0.001086,0.016951,0.001439,10.638976,10.262828,10.326988,10.064332,11.144312,10.86867,11.033996,10.28468,10.350598,10.023408,0,0,0,0,0,0
2025/05/10 16:21:00.931,n,16.03024,21.182602,0.011655,0.00066,0.013571,0.001021,10.631732,10.259866,10.316736,10.071588,11.150074,10.874286,11.039544,10.28468,10.350598,10.01031,0,0,0,0,0,0
2025/05/10 16:22:00.915,n,15.926236,20.832126,0.010156,0.000438,0.011219,0.000709,10.646298,10.251144,10.33719,10.06581,11.163208,10.86867,11.039544,10.300726,10.356228,10.032162,0,0,0,0,0,0
2025/05/10 16:23:00.919,n,15.820522,21.624088,0.00896,0.000342,0.009767,0.000428,10.646298,10.248232,10.33283,10.055576,11.166106,10.86867,11.033996,10.306568,10.347834,10.029298,0,0,0,0,0,0
2025/05/10 16:24:00.921,n,15.727994,22.314214,0.007931,0.00031,0.009078,0.000658,10.647764,10.254024,10.32406,10.056992,11.153036,10.86867,11.033996,10.300726,10.347834,10.023408,0,0,0,0,0,0
2025/05/10 16:25:00.923,n,15.66515,23.10645,0.006821,0.000325,0.00732,0.000494,10.649242,10.251144,10.331398,10.064332,11.148624,10.865888,11.039544,10.293434,10.347834,10.02489,0,0,0,0,0,0
2025/05/10 16:26:00.923,n,15.584194,22.84645,0.007799,0.000848,0.009848,0.001595,10.652108,10.255488,10.321178,10.068692,11.141366,10.86304,11.036792,10.296348,10.344954,10.02632,0,0,0,0,0,0
2025/05/10 16:27:00.924,n,15.481702,22.970564,0.020956,0.006359,0.024699,0.007307,10.649242,10.259866,10.321178,10.071588,11.154484,10.86304,11.031244,10.299292,10.339356,10.033644,0,0,0,0,0,0
2025/05/10 16:28:00.928,n,15.440346,23.376312,0.006024,0.004395,0.006505,0.005104,10.646298,10.258402,10.315304,10.06581,11.136988,10.865888,11.036792,10.293434,10.339356,10.021944,0,0,0,0,0,0
2025/05/10 16:29:00.930,n,15.389028,24.386466,0.006579,0.00018,0.00683,0.000109,10.633198,10.255488,10.310946,10.068692,11.131146,10.86304,11.033996,10.287594,10.344954,10.019064,0,0,0,0,0,0
2025/05/10 16:30:00.930,n,15.29313,25.21352,0.007736,0.000352,0.007868,0.000325,10.63463,10.26574,10.310946,10.064332,11.126832,10.865888,11.033996,10.297812,10.342106,10.02489,0,0,0,0,0,0
2025/05/10 16:31:00.909,n,15.248452,25.816434,0.009679,0.000378,0.009794,0.00037,10.650708,10.272998,10.350324,10.068692,11.154484,10.837814,11.008864,10.308046,10.314232,10.056992,0,0,0,0,0,0
2025/05/10 16:32:00.910,n,15.156362,26.096604,0.013047,0.001051,0.013042,0.000996,10.641888,10.26133,10.33719,10.058456,11.145744,10.843412,11.017164,10.312424,10.328192,10.052614,0,0,0,0,0,0
2025/05/10 16:33:00.911,n,15.092102,26.15785,0.018149,0.001564,0.01667,0.001063,10.63751,10.254024,10.345994,10.056992,11.128296,10.849058,11.022862,10.316736,10.330976,10.042428,0,0,0,0,0,0
2025/05/10 16:34:00.915,n,15.027798,26.874716,0.022284,0.001257,0.020024,0.001014,10.62882,10.245268,10.334246,10.06137,11.122452,10.86029,11.031244,10.30948,10.333756,10.039516,0,0,0,0,0,0
2025/05/10 16:35:00.917,n,14.976674,25.562922,0.025048,0.000851,0.022533,0.000729,10.63463,10.245268,10.322578,10.06137,11.10935,10.86029,11.031244,10.30948,10.344954,10.036572,0,0,0,0,0,0
2025/05/10 16:36:00.918,n,14.978334,25.807972,0.02712,0.000572,0.024371,0.000556,10.62882,10.245268,10.326988,10.058456,11.100626,10.857538,11.039544,10.310946,10.347834,10.03802,0,0,0,0,0,0
2025/05/10 16:37:00.921,n,14.928872,26.068674,0.027208,0.000143,0.027115,0.000849,10.622976,10.251144,10.319698,10.056992,11.0948,10.86304,11.045176,10.308046,10.344954,10.027818,0,0,0,0,0,0
2025/05/10 16:38:00.923,n,14.895864,25.997956,0.026548,0.000264,0.028029,0.000241,10.611342,10.24379,10.306568,10.0512,11.078786,10.86867,11.042392,10.308046,10.350598,10.02489,0,0,0,0,0,0
2025/05/10 16:39:00.925,n,14.88107,26.218994,0.027219,0.00017,0.029586,0.000464,10.59671,10.245268,10.300726,10.0512,11.056992,10.874286,11.050692,10.290474,10.353432,10.019064,0,0,0,0,0,0
2025/05/10 16:40:00.912,n,14.864564,26.507848,0.028326,0.000307,0.031259,0.000511,10.590886,10.245268,10.316736,10.040916,11.07592,10.874286,11.056374,10.287594,10.35898,10.027818,0,0,0,0,0,0
2025/05/10 16:41:00.911,n,14.85133,26.328374,0.028747,0.000124,0.031463,4.412835e-05,10.585076,10.233636,10.306568,10.030698,11.062802,10.882668,11.067554,10.30214,10.364578,10.02489,0,0,0,0,0,0
2025/05/10 16:42:00.915,n,14.805142,26.546512,0.03103,0.000697,0.032732,0.000441,10.574856,10.23217,10.300726,10.03802,11.056992,10.877034,11.056374,10.300726,10.370208,10.02632,0,0,0,0,0,0
2025/05/10 16:43:00.917,n,14.811734,26.85141,0.034196,0.001039,0.03446,0.000595,10.579234,10.23217,10.299292,10.036572,11.052612,10.874286,11.05354,10.297812,10.361826,10.02489,0,0,0,0,0,0
2025/05/10 16:44:00.917,n,14.763928,26.39807,0.036031,0.00042,0.035028,0.000239,10.585076,10.226314,10.296348,10.03802,11.040978,10.879916,11.05354,10.290474,10.364578,10.023408,0,0,0,0,0,0
2025/05/10 16:45:00.919,n,14.805142,25.449314,0.035627,0.000159,0.03558,0.000129,10.569064,10.23069,10.29197,10.040916,11.035166,10.879916,11.061922,10.297812,10.370208,10.02632,0,0,0,0,0,0
2025/05/10 16:46:00.922,n,14.808412,26.126296,0.037408,0.00065,0.035516,0.000113,10.571944,10.23069,10.287594,10.039516,11.020616,10.882668,11.061922,10.289058,10.370208,10.016102,0,0,0,0,0,0
2025/05/10 16:47:00.924,n,14.824964,26.185672,0.036435,0.000396,0.036475,0.00032,10.561774,10.23217,10.281784,10.043894,11.013274,10.882668,11.064772,10.293434,10.375724,10.01319,0,0,0,0,0,0
2025/05/10 16:48:00.928,n,14.852944,25.713566,0.034761,0.000542,0.038021,0.000477,10.557364,10.226314,10.272998,10.039516,11.007482,10.882668,11.067554,10.287594,10.367328,10.00447,0,0,0,0,0,0
2025/05/10 16:49:00.913,n,14.857972,26.15483,0.036849,0.00069,0.03973,0.000509,10.553018,10.216094,10.283216,10.016102,11.01474,10.891048,11.064772,10.287594,10.372974,10.020544,0,0,0,0,0,0
2025/05/10 16:50:00.913,n,14.88268,25.27541,0.038519,0.00061,0.042034,0.000749,10.545712,10.21022,10.274462,10.0176,11.00893,10.896694,11.067554,10.289058,10.378604,10.023408,0,0,0,0,0,0
2025/05/10 16:51:00.914,n,14.910706,25.303898,0.039025,0.000183,0.043579,0.000461,10.54864,10.216094,10.277374,10.019064,11.004584,10.885418,11.061922,10.289058,10.386952,10.011724,0,0,0,0,0,0
2025/05/10 16:52:00.918,n,14.92228,25.405882,0.039067,0.00013,0.044028,0.00018,10.539852,10.20153,10.267204,10.0176,10.992914,10.891048,11.064772,10.283216,10.384202,10.016102,0,0,0,0,0,0
2025/05/10 16:53:00.919,n,14.955238,25.527196,0.040476,0.000487,0.044519,0.000129,10.545712,10.208804,10.264276,10.014624,10.987122,10.891048,11.070306,10.293434,10.378604,10.021944,0,0,0,0,0,0
2025/05/10 16:54:00.921,n,14.979992,25.449772,0.040388,7.007575e-05,0.043836,0.000217,10.541334,10.213182,10.26133,10.021944,10.978366,10.885418,11.059172,10.287594,10.384202,10.023408,0,0,0,0,0,0
2025/05/10 16:55:00.921,n,14.991566,25.209518,0.039836,0.000199,0.041959,0.000515,10.538422,10.221968,10.259866,10.029298,10.981278,10.885418,11.067554,10.289058,10.378604,10.011724,0,0,0,0,0,0
2025/05/10 16:56:00.924,n,15.022866,25.293762,0.039418,0.000194,0.041533,0.00024,10.523856,10.197122,10.255488,10.027818,10.972522,10.896694,11.073072,10.281784,10.384202,10.000028,0,0,0,0,0,0
2025/05/10 16:57:00.925,n,15.041028,24.949576,0.037759,0.000562,0.041821,0.000121,10.52532,10.208804,10.246734,10.02632,10.972522,10.885418,11.064772,10.286128,10.3898,10.008846,0,0,0,0,0,0
2025/05/10 16:58:00.911,n,15.062366,23.843418,0.036735,0.000374,0.042922,0.000417,10.516534,10.198586,10.252608,10.00447,10.987122,10.882668,11.070306,10.270084,10.3898,10.011724,0,0,0,0,0,0
2025/05/10 16:59:00.913,n,15.132618,24.01451,0.03582,0.000305,0.041891,0.000325,10.549292,10.22117,10.272232,10.028468,11.013974,10.796004,10.977908,10.304274,10.300268,10.032846,0,0,0,0,0,0
2025/05/10 17:00:00.919,n,15.132618,23.684274,0.033081,0.000847,0.040222,0.000544,10.547844,10.226964,10.272232,10.032846,11.006636,10.798786,10.977908,10.311594,10.289124,10.038718,0,0,0,0,0,0
2025/05/10 17:01:00.913,n,15.18208,23.561314,0.030803,0.000426,0.037942,0.000538,10.55951,10.22986,10.285364,10.035742,11.01829,10.77068,10.949996,10.321814,10.272264,10.043064,0,0,0,0,0,0
2025/05/10 17:02:00.913,n,15.196878,22.981046,0.029397,0.000396,0.036513,0.000426,10.552222,10.232806,10.275146,10.040184,11.01829,10.77353,10.955628,10.316004,10.275146,10.043064,0,0,0,0,0,0
2025/05/10 17:03:00.917,n,15.20342,23.573134,0.030108,0.000286,0.035763,0.000231,10.550756,10.225548,10.27949,10.032846,11.01251,10.779062,10.958378,10.317436,10.283526,10.041598,0,0,0,0,0,0
2025/05/10 17:04:00.917,n,15.215038,23.840926,0.033797,0.001187,0.036931,0.000353,10.549292,10.224052,10.270768,10.03143,11.006636,10.790308,10.966762,10.31306,10.289124,10.041598,0,0,0,0,0,0
2025/05/10 17:05:00.920,n,15.238088,23.724004,0.03897,0.001564,0.039593,0.000819,10.543432,10.219706,10.259068,10.037254,11.003756,10.787524,10.972408,10.314538,10.291888,10.038718,0,0,0,0,0,0
2025/05/10 17:06:00.923,n,15.246338,22.751494,0.043052,0.001151,0.044066,0.001398,10.547844,10.22117,10.257636,10.029934,10.993582,10.796004,10.966762,10.307218,10.29464,10.032846,0,0,0,0,0,0
2025/05/10 17:07:00.909,n,15.256204,23.036458,0.047475,0.001335,0.048015,0.001175,10.525938,10.219706,10.254724,10.019682,11.011062,10.801538,10.966762,10.298462,10.29464,10.03143,0,0,0,0,0,0
2025/05/10 17:08:00.912,n,15.320362,23.329746,0.047984,0.000353,0.050422,0.000698,10.528902,10.215328,10.257636,10.032846,11.0081,10.784676,10.966762,10.301424,10.289124,10.032846,0,0,0,0,0,0
2025/05/10 17:09:00.913,n,15.31709,24.12884,0.046209,0.000454,0.050873,0.000185,10.53619,10.20511,10.254724,10.019682,11.013974,10.790308,10.969528,10.30284,10.30865,10.029934,0,0,0,0,0,0
2025/05/10 17:10:00.916,n,15.368408,22.649764,0.047074,0.000335,0.051202,0.000141,10.528902,10.20511,10.256188,10.021148,11.006636,10.787524,10.966762,10.307218,10.291888,10.043064,0,0,0,0,0,0
2025/05/10 17:11:00.918,n,15.373342,23.55398,0.048154,0.000343,0.051414,5.520838e-05,10.53471,10.206576,10.254724,10.01389,11.002288,10.796004,10.972408,10.307218,10.291888,10.035742,0,0,0,0,0,0
2025/05/10 17:12:00.920,n,15.439504,22.910096,0.049587,0.000463,0.050677,0.000253,10.527404,10.193442,10.23427,10.016834,10.995062,10.796004,10.977908,10.29996,10.29752,10.018218,0,0,0,0,0,0
2025/05/10 17:13:00.921,n,15.472608,23.339536,0.048339,0.000524,0.04776,0.000864,10.527404,10.202166,10.244472,10.021148,10.997928,10.798786,10.972408,10.31013,10.30302,10.024124,0,0,0,0,0,0
2025/05/10 17:14:00.927,n,15.47422,22.344152,0.046899,0.00053,0.044306,0.001098,10.525938,10.200734,10.22986,10.010962,10.989172,10.801538,10.97516,10.304274,10.30865,10.01537,0,0,0,0,0,0
2025/05/10 17:15:00.924,n,15.470948,20.905472,0.039486,0.002265,0.040399,0.001304,10.52449,10.200734,10.22846,10.01389,10.986274,10.796004,10.969528,10.30284,10.3059,10.009514,0,0,0,0,0,0
2025/05/10 17:16:00.911,n,15.389894,20.55928,0.038474,0.000397,0.04236,0.000773,10.509894,10.193442,10.225548,9.999296,10.997928,10.804386,10.977908,10.292622,10.3059,10.019682,0,0,0,0,0,0
2025/05/10 17:17:00.911,n,15.389894,21.738012,0.03977,0.000526,0.042818,0.000217,10.502636,10.193442,10.222586,9.99051,11.000842,10.80717,10.98066,10.285364,10.3059,10.01389,0,0,0,0,0,0
2025/05/10 17:18:00.914,n,15.384914,21.21766,0.04092,0.000308,0.04155,0.000385,10.509894,10.193442,10.232806,10.002208,10.999376,10.798786,10.972408,10.294086,10.30302,10.018218,0,0,0,0,0,0
2025/05/10 17:19:00.917,n,15.391552,21.304046,0.037879,0.001044,0.041225,0.000135,10.520146,10.190498,10.22846,9.999296,10.989172,10.80717,10.966762,10.29555,10.300268,10.019682,0,0,0,0,0,0
2025/05/10 17:20:00.918,n,15.393216,21.789976,0.035613,0.000675,0.042966,0.000533,10.515768,10.180346,10.218242,9.999296,10.984794,10.80717,10.969528,10.29114,10.311498,10.01537,0,0,0,0,0,0
2025/05/10 17:21:00.921,n,15.386574,21.453018,0.035182,0.000121,0.041657,0.000548,10.512856,10.180346,10.219706,9.99783,10.983328,10.804386,10.97516,10.288276,10.3059,10.01537,0,0,0,0,0,0
2025/05/10 17:22:00.922,n,15.4147,22.062656,0.035037,0.000169,0.0397,0.000571,10.517234,10.186122,10.215328,9.994854,10.98048,10.801538,10.972408,10.292622,10.3059,10.00805,0,0,0,0,0,0
2025/05/10 17:23:00.925,n,15.401466,20.938938,0.034072,0.000392,0.036202,0.001048,10.518714,10.187602,10.212352,9.999296,10.977568,10.804386,10.97516,10.294086,10.30302,10.00805,0,0,0,0,0,0
2025/05/10 17:24:00.927,n,15.394826,21.071518,0.03173,0.000706,0.032749,0.000997,10.507014,10.191978,10.209456,10.002208,10.976104,10.796004,10.972408,10.286828,10.30865,10.00805,0,0,0,0,0,0
2025/05/10 17:25:00.911,n,15.391552,21.202636,0.031528,0.000127,0.032893,0.000152,10.5041,10.184658,10.216762,9.991974,10.987708,10.801538,10.969528,10.283868,10.3059,10.012426,0,0,0,0,0,0
2025/05/10 17:26:00.913,n,15.376614,20.870716,0.035063,0.001111,0.037241,0.001355,10.5041,10.187602,10.213864,9.981756,10.990686,10.809936,10.972408,10.280954,10.314344,10.016834,0,0,0,0,0,0
2025/05/10 17:27:00.914,n,15.36338,20.836908,0.035954,0.000371,0.03792,0.00027,10.505548,10.181746,10.22117,9.9847,10.989172,10.804386,10.98066,10.285364,10.311498,10.009514,0,0,0,0,0,0
2025/05/10 17:28:00.918,n,15.378324,20.983596,0.039687,0.001149,0.038898,0.00029,10.511358,10.183192,10.218242,9.99051,10.976104,10.80717,10.966762,10.294086,10.30865,10.01537,0,0,0,0,0,0
2025/05/10 17:29:00.918,n,15.360108,20.575648,0.038872,0.000402,0.039742,0.000205,10.5041,10.183192,10.216762,9.994854,10.977568,10.80717,10.97516,10.29114,10.30302,10.012426,0,0,0,0,0,0
2025/05/10 17:30:00.920,n,15.341896,20.79628,0.038257,0.000193,0.039833,8.631674e-05,10.514272,10.183192,10.215328,9.991974,10.981928,10.804386,10.972408,10.28974,10.3059,10.009514,0,0,0,0,0,0
2025/05/10 17:31:00.929,n,15.351808,20.643148,0.038257,0.000392,0.038845,0.000237,10.528902,10.20804,10.215328,10.019682,10.974638,10.776312,10.947148,10.29996,10.283526,10.01537,0,0,0,0,0,0
2025/05/10 17:32:00.932,n,15.36338,20.894852,0.04253,0.00143,0.041348,0.000903,10.514272,10.20511,10.20363,10.016834,10.979014,10.784676,10.947148,10.294086,10.289124,10.002208,0,0,0,0,0,0
2025/05/10 17:33:00.932,n,15.355176,21.069022,0.040961,0.000614,0.041273,0.000335,10.499722,10.199254,10.199254,10.003608,10.971756,10.793156,10.958378,10.283868,10.291888,9.999296,0,0,0,0,0,0
2025/05/10 17:34:00.919,n,15.388284,20.959782,0.039223,0.000412,0.037733,0.001035,10.512856,10.183192,10.219706,9.996352,10.981928,10.790308,10.955628,10.294086,10.289124,10.018218,0,0,0,0,0,0
2025/05/10 17:35:00.920,n,15.378324,21.156518,0.037761,0.001058,0.035913,0.000879,10.507014,10.174438,10.20804,9.99051,10.968794,10.793156,10.96126,10.294086,10.29752,10.010962,0,0,0,0,0,0
2025/05/10 17:36:00.924,n,15.42793,20.659214,0.035493,0.000623,0.034128,0.000484,10.509894,10.174438,10.209456,9.993454,10.971756,10.798786,10.955628,10.29555,10.30302,10.003608,0,0,0,0,0,0
2025/05/10 17:37:00.927,n,15.36504,20.716714,0.032424,0.000993,0.032299,0.00065,10.5041,10.184658,10.20363,9.996352,10.962968,10.787524,10.96126,10.286828,10.30302,10.005086,0,0,0,0,0,0
2025/05/10 17:38:00.926,n,15.31709,20.390828,0.026486,0.001595,0.029925,0.000516,10.499722,10.186122,10.197756,9.996352,10.965882,10.796004,10.955628,10.294086,10.30865,10.006552,0,0,0,0,0,0
2025/05/10 17:39:00.928,n,15.29556,20.637122,0.022358,0.001185,0.026249,0.001097,10.495346,10.183192,10.193442,9.996352,10.954246,10.798786,10.96126,10.283868,10.29752,9.994854,0,0,0,0,0,0
2025/05/10 17:40:00.933,n,15.277344,20.874592,0.019737,0.000747,0.022039,0.001298,10.492416,10.181746,10.189034,9.993454,10.948434,10.801538,10.96401,10.280954,10.3059,9.987598,0,0,0,0,0,0
2025/05/10 17:41:00.933,n,15.239746,21.07576,0.017664,0.00061,0.019323,0.000814,10.482244,10.181746,10.183192,9.993454,10.952812,10.798786,10.96126,10.275146,10.3059,9.986166,0,0,0,0,0,0
2025/05/10 17:42:00.937,n,15.20181,20.935694,0.016241,0.0004,0.017687,0.000454,10.47637,10.177366,10.183192,9.999296,10.946954,10.801538,10.96126,10.27801,10.30302,9.99051,0,0,0,0,0,0
2025/05/10 17:43:00.922,n,15.196878,21.36543,0.015414,0.000202,0.016178,0.000459,10.48809,10.159826,10.189034,9.974448,10.944106,10.801538,10.969528,10.27949,10.30302,10.00076,0,0,0,0,0,0
2025/05/10 17:44:00.924,n,15.165578,21.655478,0.014203,0.000408,0.014112,0.00063,10.492416,10.171526,10.196356,9.981756,10.949866,10.801538,10.96126,10.283868,10.311498,9.999296,0,0,0,0,0,0
2025/05/10 17:45:00.907,n,15.13755,22.113144,0.01438,0.000193,0.014366,0.000245,10.473492,10.172992,10.183192,9.973002,10.94264,10.809936,10.966762,10.260532,10.311498,9.99051,0,0,0,0,0,0
2025/05/10 17:46:00.912,n,15.117726,22.481784,0.015106,0.000212,0.01531,0.000247,10.469114,10.158428,10.177366,9.964216,10.939712,10.812768,10.969528,10.262012,10.322742,9.994854,0,0,0,0,0,0
2025/05/10 17:47:00.912,n,15.125638,22.826292,0.015022,8.19131e-05,0.015908,0.000181,10.491278,10.18931,10.212662,9.989288,10.96471,10.772488,10.934894,10.298772,10.27407,10.030176,0,0,0,0,0,0
2025/05/10 17:48:00.913,n,15.079494,23.37984,0.015822,0.000233,0.01667,0.000243,10.49419,10.187844,10.212662,9.990754,10.960396,10.772488,10.93211,10.294394,10.276822,10.022872,0,0,0,0,0,0
2025/05/10 17:49:00.917,n,15.066262,23.476628,0.01769,0.000603,0.01753,0.000236,10.492724,10.190808,10.211228,9.993666,10.950176,10.77527,10.926594,10.297308,10.276822,10.022872,0,0,0,0,0,0
2025/05/10 17:50:00.918,n,15.016796,23.692676,0.018662,0.00024,0.018697,0.000377,10.498568,10.18202,10.21554,9.987824,10.94583,10.76689,10.926594,10.301652,10.2797,10.022872,0,0,0,0,0,0
2025/05/10 17:51:00.922,n,14.952492,23.951126,0.02153,0.001094,0.021355,0.001032,10.491278,10.186366,10.209764,9.987824,10.937106,10.772488,10.93211,10.307526,10.276822,10.019958,0,0,0,0,0,0
2025/05/10 17:52:00.906,n,14.901368,23.805276,0.020884,0.000322,0.020552,0.00029,10.475216,10.196632,10.196632,9.999538,10.937106,10.772488,10.912516,10.28704,10.271306,10.008262,0,0,0,0,0,0
2025/05/10 17:53:00.909,n,14.86836,24.06565,0.021009,0.000189,0.020558,0.000127,10.478144,10.196632,10.196632,9.995162,10.944416,10.76689,10.929358,10.289952,10.282452,10.008262,0,0,0,0,0,0
2025/05/10 17:54:00.910,n,14.889798,24.081818,0.01992,0.000376,0.020175,0.000134,10.47668,10.18931,10.196632,9.99225,10.93273,10.778118,10.926594,10.285642,10.282452,10.014118,0,0,0,0,0,0
2025/05/10 17:55:00.911,n,14.855226,24.213098,0.019904,7.995161e-05,0.020288,8.382871e-05,10.469358,10.186366,10.200978,9.989288,10.921092,10.78087,10.934894,10.28704,10.2797,10.012638,0,0,0,0,0,0
2025/05/10 17:56:00.911,n,14.846924,24.303256,0.019095,0.000306,0.019938,0.000161,10.473736,10.186366,10.205386,9.984944,10.91818,10.772488,10.92088,10.29293,10.285202,10.019958,0,0,0,0,0,0
2025/05/10 17:57:00.913,n,14.797462,24.514072,0.018954,6.635221e-05,0.019884,3.253185e-05,10.463548,10.179092,10.192224,9.98348,10.90799,10.77527,10.934894,10.289952,10.285202,10.018544,0,0,0,0,0,0
2025/05/10 17:58:00.916,n,14.789162,24.62299,0.019659,0.000315,0.020229,0.000141,10.465044,10.180556,10.200978,9.976192,10.912368,10.77527,10.929358,10.29145,10.282452,10.019958,0,0,0,0,0,0
2025/05/10 17:59:00.919,n,14.792432,24.94876,0.019779,6.916366e-05,0.020083,0.000161,10.459202,10.170306,10.198064,9.981966,10.900666,10.77527,10.934894,10.294394,10.285202,10.017046,0,0,0,0,0,0
2025/05/10 18:00:00.922,n,14.78589,25.046636,0.01958,6.408031e-05,0.018394,0.000533,10.462082,10.17177,10.18347,9.970348,10.890528,10.778118,10.929358,10.298772,10.282452,10.018544,0,0,0,0,0,0
2025/05/10 18:01:00.917,n,14.770996,25.300598,0.020379,0.000346,0.01894,0.000209,10.463548,10.18347,10.206786,9.989288,10.905078,10.750012,10.901368,10.301652,10.251696,10.022872,0,0,0,0,0,0
2025/05/10 18:02:00.918,n,14.751222,25.447824,0.017371,0.001046,0.017751,0.000435,10.463548,10.18347,10.192224,9.98348,10.893442,10.752892,10.906982,10.29293,10.271306,10.031642,0,0,0,0,0,0
2025/05/10 18:03:00.919,n,14.74463,25.201156,0.018604,0.000658,0.018691,0.000414,10.435902,10.142578,10.163016,9.957154,10.857018,10.741664,10.901368,10.271044,10.24885,9.990754,0,0,0,0,0,0
2025/05/10 18:04:00.922,n,14.754494,25.593504,0.017873,0.00036,0.0184,0.000174,10.428562,10.13825,10.157174,9.957154,10.845382,10.747262,10.898582,10.269564,10.254478,9.98348,0,0,0,0,0,0
2025/05/10 18:05:00.925,n,14.713284,25.327582,0.016832,0.000387,0.018119,0.00013,10.42415,10.145508,10.149886,9.95133,10.833714,10.752892,10.893082,10.272476,10.25723,9.974726,0,0,0,0,0,0
2025/05/10 18:06:00.926,n,14.716554,23.679896,0.015466,0.000225,0.016795,0.000229,10.44607,10.163016,10.17618,9.97907,10.858482,10.769736,10.923746,10.295828,10.282452,10.00686,0,0,0,0,0,0
2025/05/10 18:07:00.927,n,14.75288,23.496194,0.014709,0.000269,0.01504,0.000564,10.44607,10.167458,10.17177,9.97907,10.85116,10.772488,10.92088,10.297308,10.2797,10.001004,0,0,0,0,0,0
2025/05/10 18:08:00.929,n,14.746288,23.401748,0.013372,0.000389,0.014247,0.000259,10.438748,10.17177,10.173236,9.986408,10.846846,10.77527,10.92088,10.295828,10.27407,10.002484,0,0,0,0,0,0
2025/05/10 18:09:00.936,n,14.754494,23.9856,0.013691,0.000101,0.013831,0.000206,10.430026,10.173236,10.15864,9.986408,10.839556,10.769736,10.915362,10.288488,10.271306,9.99225,0,0,0,0,0,0
2025/05/10 18:10:00.916,n,14.690186,23.946294,0.014432,0.000275,0.014495,0.000257,10.416894,10.155758,10.16448,9.964494,10.846846,10.772488,10.929358,10.273942,10.285202,9.996578,0,0,0,0,0,0
2025/05/10 18:11:00.918,n,14.667042,24.337082,0.014547,5.184723e-05,0.014948,0.000118,10.416894,10.151382,10.15864,9.955674,10.845382,10.77527,10.93211,10.282696,10.285202,9.999538,0,0,0,0,0,0
2025/05/10 18:12:00.921,n,14.624172,24.647306,0.013774,0.00026,0.015164,7.317858e-05,10.421304,10.148452,10.165994,9.958652,10.835128,10.77527,10.926594,10.281264,10.288082,10.001004,0,0,0,0,0,0
2025/05/10 18:13:00.924,n,14.576272,24.758666,0.013288,0.000163,0.015008,6.854886e-05,10.415428,10.154294,10.165994,9.960116,10.829368,10.77527,10.918114,10.282696,10.285202,9.999538,0,0,0,0,0,0
2025/05/10 18:14:00.927,n,14.544872,24.86827,0.01287,0.000113,0.014317,0.000213,10.409604,10.149886,10.157174,9.957154,10.819146,10.772488,10.918114,10.289952,10.285202,9.999538,0,0,0,0,0,0
2025/05/10 18:15:00.929,n,14.52837,25.093702,0.013163,0.000108,0.013853,0.000153,10.412484,10.145508,10.151382,9.970348,10.813352,10.772488,10.923746,10.282696,10.285202,9.986408,0,0,0,0,0,0
2025/05/10 18:16:00.931,n,14.506886,25.381546,0.013753,0.000173,0.014166,0.000111,10.402328,10.142578,10.145508,9.958652,10.804532,10.78087,10.923746,10.28704,10.296478,9.998076,0,0,0,0,0,0
2025/05/10 18:17:00.933,n,14.500294,25.594182,0.014819,0.000366,0.015229,0.000332,10.403794,10.154294,10.13825,9.958652,10.807508,10.77527,10.918114,10.278318,10.290846,9.986408,0,0,0,0,0,0
2025/05/10 18:18:00.935,n,14.501954,25.429362,0.013717,0.000373,0.0151,6.651152e-05,10.403794,10.151382,10.1397,9.971782,10.807508,10.769736,10.918114,10.278318,10.293596,9.981966,0,0,0,0,0,0
2025/05/10 18:19:00.922,n,14.468946,25.520156,0.012739,0.000266,0.014824,0.000101,10.399384,10.135288,10.148452,9.948432,10.8148,10.77527,10.923746,10.273942,10.290846,9.995162,0,0,0,0,0,0
2025/05/10 18:20:00.919,n,14.462308,25.932648,0.011509,0.000369,0.01463,9.38362e-05,10.395008,10.135288,10.142578,9.95133,10.810422,10.77527,10.918114,10.273942,10.290846,9.990754,0,0,0,0,0,0
2025/05/10 18:21:00.924,n,14.424316,25.916718,0.011148,9.050638e-05,0.013399,0.000381,10.39351,10.132408,10.142578,9.944056,10.798754,10.77527,10.929358,10.276822,10.293596,9.987824,0,0,0,0,0,0
2025/05/10 18:22:00.927,n,14.424316,26.141642,0.01109,2.031613e-05,0.012258,0.000349,10.38482,10.126504,10.132408,9.942544,10.788534,10.778118,10.923746,10.275356,10.285202,9.980504,0,0,0,0,0,0
2025/05/10 18:23:00.927,n,14.392972,25.881988,0.0111,5.891768e-05,0.01195,9.819014e-05,10.381874,10.126504,10.129464,9.941078,10.781308,10.78087,10.923746,10.2681,10.296478,9.977654,0,0,0,0,0,0
2025/05/10 18:24:00.931,n,14.33506,26.08551,0.011326,5.492008e-05,0.012166,6.189606e-05,10.378962,10.128,10.125072,9.944056,10.77693,10.789266,10.92088,10.271044,10.296478,9.981966,0,0,0,0,0,0
2025/05/10 18:25:00.931,n,14.303712,26.149474,0.011598,9.645022e-05,0.012474,7.975281e-05,10.370208,10.132408,10.119246,9.942544,10.768174,10.78087,10.923746,10.266666,10.290846,9.977654,0,0,0,0,0,0
2025/05/10 18:26:00.934,n,14.275636,26.593112,0.011818,6.579159e-05,0.013031,0.000184,10.373186,10.130944,10.119246,9.95133,10.766758,10.77527,10.92088,10.262256,10.288082,9.968836,0,0,0,0,0,0
2025/05/10 18:27:00.935,n,14.249172,26.985096,0.0111,0.000251,0.012199,0.000306,10.365864,10.135288,10.106114,9.948432,10.759452,10.77527,10.923746,10.259346,10.293596,9.968836,0,0,0,0,0,0
2025/05/10 18:28:00.919,n,14.214456,25.19372,0.010681,8.837652e-05,0.011306,0.000264,10.365864,10.117814,10.12219,9.92798,10.772488,10.772488,10.915362,10.256432,10.290846,9.97907,0,0,0,0,0,0
2025/05/10 18:29:00.923,n,14.207864,25.536502,0.010189,0.000143,0.010862,0.000114,10.367278,10.116334,10.119246,9.932358,10.766758,10.772488,10.918114,10.265186,10.290846,9.984944,0,0,0,0,0,0
2025/05/10 18:30:00.907,n,14.215656,25.597662,0.010424,7.007575e-05,0.011051,5.164271e-05,10.375968,10.154164,10.135224,9.965874,10.79581,10.719092,10.859182,10.273858,10.237556,9.990688,0,0,0,0,0,0
2025/05/10 18:31:00.915,n,14.207356,25.75586,0.010665,2.898023e-05,0.011349,3.31305e-05,10.393476,10.160054,10.160054,9.968722,10.807478,10.688334,10.839556,10.294298,10.209456,10.01843,0,0,0,0,0,0
2025/05/10 18:32:00.915,n,14.162778,25.972888,0.011357,0.000223,0.012339,0.000316,10.390564,10.161518,10.148388,9.967308,10.804514,10.688334,10.831174,10.291416,10.212302,10.015518,0,0,0,0,0,0
2025/05/10 18:33:00.922,n,14.157746,26.136784,0.012033,0.000213,0.012804,0.000118,10.383308,10.1513,10.146922,9.961432,10.789966,10.69948,10.84232,10.288456,10.22078,10.009644,0,0,0,0,0,0
2025/05/10 18:34:00.924,n,14.114826,26.080306,0.012519,0.000121,0.013685,0.00028,10.384756,10.146922,10.148388,9.952712,10.787086,10.69948,10.839556,10.29721,10.22353,10.011076,0,0,0,0,0,0
2025/05/10 18:35:00.922,n,14.08011,25.23441,0.012723,8.927014e-05,0.013512,0.000116,10.377464,10.139602,10.14248,9.954144,10.782644,10.69948,10.84232,10.294298,10.22078,10.002354,0,0,0,0,0,0
2025/05/10 18:36:00.923,n,14.075082,24.954268,0.012645,6.09484e-05,0.012918,0.0002,10.37888,10.138136,10.138136,9.954144,10.766612,10.702346,10.847952,10.291416,10.23191,10.002354,0,0,0,0,0,0
2025/05/10 18:37:00.910,n,14.03709,24.63098,0.01208,0.000167,0.012334,0.000202,10.354114,10.14982,10.117716,9.952712,10.769542,10.705112,10.845202,10.26369,10.22916,9.999424,0,0,0,0,0,0
2025/05/10 18:38:00.912,n,14.02049,24.942658,0.011818,9.372334e-05,0.01209,4.955104e-05,10.34536,10.132312,10.114772,9.94539,10.759386,10.707864,10.853582,10.269482,10.234676,9.989224,0,0,0,0,0,0
2025/05/10 18:39:00.913,n,13.980844,24.627966,0.011635,0.000116,0.011452,0.000256,10.348272,10.130848,10.114772,9.935172,10.747718,10.716244,10.856432,10.260728,10.237556,9.993602,0,0,0,0,0,0
2025/05/10 18:40:00.914,n,13.972542,24.466644,0.0111,0.000177,0.011127,0.000109,10.33514,10.127886,10.113306,9.93226,10.746254,10.72194,10.856432,10.259248,10.243056,9.986262,0,0,0,0,0,0
2025/05/10 18:41:00.918,n,13.9659,24.793624,0.010335,0.000215,0.01116,4.266512e-05,10.34095,10.116252,10.110394,9.93374,10.744788,10.713492,10.856432,10.262192,10.243056,9.993602,0,0,0,0,0,0
2025/05/10 18:42:00.920,n,13.936166,25.445176,0.010382,8.464534e-05,0.01103,8.408082e-05,10.339518,10.114772,10.106018,9.924924,10.733202,10.719092,10.864698,10.266602,10.248654,9.984848,0,0,0,0,0,0
2025/05/10 18:43:00.923,n,13.893148,25.15177,0.010623,6.546908e-05,0.011306,9.786626e-05,10.33514,10.116252,10.106018,9.922044,10.725862,10.72194,10.861948,10.262192,10.248654,9.987726,0,0,0,0,0,0
2025/05/10 18:44:00.923,n,13.861752,25.40481,0.009816,0.000264,0.010488,0.00027,10.33366,10.111874,10.106018,9.924924,10.725862,10.713492,10.856432,10.265104,10.240308,9.987726,0,0,0,0,0,0
2025/05/10 18:45:00.925,n,13.848518,24.98229,0.009018,0.000246,0.009225,0.00039,10.338102,10.104552,10.104552,9.930796,10.718602,10.716244,10.853582,10.269482,10.240308,9.992168,0,0,0,0,0,0
2025/05/10 18:46:00.913,n,13.851788,25.018076,0.00968,0.000208,0.009729,0.000183,10.313254,10.117716,10.082636,9.922044,10.714192,10.724706,10.856432,10.243236,10.248654,9.965874,0,0,0,0,0,0
2025/05/10 18:47:00.911,n,13.810432,25.18397,0.01087,0.000354,0.010786,0.000315,10.304516,10.110394,10.078324,9.924924,10.703974,10.724706,10.856432,10.240308,10.25142,9.970186,0,0,0,0,0,0
2025/05/10 18:48:00.918,n,13.793832,25.331882,0.010456,0.000152,0.01045,0.000126,10.310374,10.110394,10.087044,9.917632,10.70692,10.72194,10.853582,10.249092,10.240308,9.973132,0,0,0,0,0,0
2025/05/10 18:49:00.916,n,13.73763,25.152344,0.009905,0.000148,0.009859,0.000169,10.303052,10.103152,10.08558,9.913224,10.69966,10.719092,10.861948,10.240308,10.257132,9.974628,0,0,0,0,0,0
2025/05/10 18:50:00.918,n,13.697884,25.268546,0.009265,0.000197,0.009545,9.737842e-05,10.294298,10.095798,10.081204,9.913224,10.68796,10.719092,10.850802,10.247614,10.245906,9.971652,0,0,0,0,0,0
2025/05/10 18:51:00.922,n,13.692902,25.43686,0.00895,0.0001,0.009274,8.087289e-05,10.304516,10.08558,10.081204,9.91176,10.685046,10.72194,10.850802,10.249092,10.25142,9.973132,0,0,0,0,0,0
2025/05/10 18:52:00.923,n,13.667356,25.476352,0.008735,6.881851e-05,0.008981,8.50196e-05,10.325704,10.116984,10.102386,9.931478,10.703388,10.708106,10.836966,10.280498,10.234824,9.997278,0,0,0,0,0,0
2025/05/10 18:53:00.925,n,13.650754,25.474196,0.008525,5.492008e-05,0.008607,0.000103,10.327168,10.105286,10.099476,9.935906,10.6946,10.69678,10.839718,10.279018,10.231942,10.00019,0,0,0,0,0,0
2025/05/10 18:54:00.926,n,13.584542,25.174424,0.008131,0.000123,0.0082,0.000128,10.31695,10.106782,10.096596,9.931478,10.685908,10.699628,10.836966,10.27752,10.240338,10.00159,0,0,0,0,0,0
2025/05/10 18:55:00.912,n,13.538156,25.209684,0.008399,9.027222e-05,0.008656,0.000134,10.292132,10.116984,10.084912,9.930064,10.687326,10.708106,10.836966,10.257132,10.234824,9.987026,0,0,0,0,0,0
2025/05/10 18:56:00.914,n,13.50007,25.399876,0.008315,6.808411e-05,0.008591,6.081803e-05,10.299472,10.116984,10.086312,9.928632,10.684444,10.705226,10.831238,10.25858,10.231942,9.98558,0,0,0,0,0,0
2025/05/10 18:57:00.917,n,13.521604,25.459736,0.008367,3.473451e-05,0.008732,6.420406e-05,10.29363,10.116984,10.090688,9.92131,10.68153,10.699628,10.836966,10.270264,10.237574,9.992868,0,0,0,0,0,0
2025/05/10 18:58:00.917,n,13.495088,25.589522,0.008588,8.351249e-05,0.008748,2.133256e-05,10.292132,10.089256,10.084912,9.918348,10.674242,10.708106,10.836966,10.257132,10.240338,9.987026,0,0,0,0,0,0
2025/05/10 18:59:00.921,n,13.481854,25.542822,0.008147,0.000139,0.008439,9.52911e-05,10.289188,10.100908,10.080536,9.915468,10.666934,10.702378,10.83412,10.262958,10.237574,9.987026,0,0,0,0,0,0
2025/05/10 19:00:00.921,n,13.465252,25.741384,0.007658,0.000138,0.007917,0.000168,10.289188,10.093666,10.079056,9.918348,10.658242,10.702378,10.836966,10.262958,10.240338,9.982682,0,0,0,0,0,0
2025/05/10 19:01:00.920,n,13.455342,25.844488,0.007527,3.172004e-05,0.007798,5.672788e-05,10.298008,10.103852,10.089256,9.919846,10.668398,10.68,10.806192,10.265888,10.220844,9.998742,0,0,0,0,0,0
2025/05/10 19:02:00.922,n,13.460274,25.475788,0.007348,5.315748e-05,0.007624,6.138097e-05,10.28634,10.096596,10.083432,9.919846,10.649454,10.685632,10.81734,10.267366,10.226444,9.989956,0,0,0,0,0,0
2025/05/10 19:03:00.924,n,13.44206,26.032592,0.007232,2.954852e-05,0.007505,3.285555e-05,10.280498,10.086312,10.07175,9.919846,10.637788,10.69678,10.822842,10.265888,10.229194,9.982682,0,0,0,0,0,0
2025/05/10 19:04:00.910,n,13.425458,25.957686,0.007042,6.53882e-05,0.007135,0.000112,10.265888,10.102386,10.054242,9.913988,10.636322,10.699628,10.82572,10.239606,10.234824,9.95927,0,0,0,0,0,0
2025/05/10 19:05:00.911,n,13.395672,26.622,0.006696,0.000107,0.006929,6.002986e-05,10.25277,10.092154,10.051266,9.918348,10.634874,10.702378,10.82572,10.241072,10.234824,9.966542,0,0,0,0,0,0
2025/05/10 19:06:00.916,n,13.326092,26.86846,0.006565,3.869786e-05,0.006669,8.106895e-05,10.261492,10.093666,10.057138,9.900858,10.631978,10.699628,10.822842,10.249826,10.240338,9.970984,0,0,0,0,0,0
2025/05/10 19:07:00.916,n,13.321114,26.989756,0.006382,5.639375e-05,0.006632,1.50844e-05,10.254202,10.084912,10.054242,9.896466,10.623222,10.699628,10.831238,10.241072,10.246066,9.970984,0,0,0,0,0,0
2025/05/10 19:08:00.918,n,13.306172,27.044514,0.006025,0.000113,0.006258,0.000133,10.245448,10.070302,10.04692,9.896466,10.620276,10.708106,10.828472,10.238192,10.248816,9.966542,0,0,0,0,0,0
2025/05/10 19:09:00.920,n,13.292938,27.474454,0.005679,0.000108,0.005944,8.250849e-05,10.239606,10.061516,10.042542,9.8848,10.608608,10.702378,10.831238,10.238192,10.234824,9.972416,0,0,0,0,0,0
2025/05/10 19:10:00.924,n,13.213348,27.908494,0.005391,8.827168e-05,0.005483,0.000145,10.249826,10.07175,10.042542,9.893552,10.601366,10.708106,10.831238,10.242536,10.248816,9.970984,0,0,0,0,0,0
2025/05/10 19:11:00.924,n,13.203388,28.18013,0.005144,6.922102e-05,0.005255,6.810354e-05,10.238192,10.062996,10.033758,9.8848,10.59113,10.708106,10.83412,10.239606,10.246066,9.96804,0,0,0,0,0,0
2025/05/10 19:12:00.926,n,13.14206,28.775144,0.004903,7.427314e-05,0.004989,8.86157e-05,10.239606,10.057138,10.041112,9.8848,10.588232,10.713624,10.831238,10.23523,10.248816,9.95927,0,0,0,0,0,0
2025/05/10 19:13:00.914,n,13.117158,28.444564,0.004567,0.000102,0.004621,0.000115,10.207486,10.06586,10.019162,9.887712,10.583856,10.705226,10.82572,10.217752,10.246066,9.95198,0,0,0,0,0,0
2025/05/10 19:14:00.915,n,13.082294,28.630896,0.004309,7.902795e-05,0.004371,7.297946e-05,10.216272,10.062996,10.01625,9.880358,10.586754,10.702378,10.822842,10.225028,10.248816,9.950516,0,0,0,0,0,0
2025/05/10 19:15:00.915,n,13.03088,28.61424,0.004194,3.367086e-05,0.004279,2.753221e-05,10.209,10.054242,10.013336,9.871636,10.576566,10.710858,10.83412,10.216272,10.254414,9.941762,0,0,0,0,0,0
2025/05/10 19:16:00.919,n,13.053334,28.888234,0.004257,2.359961e-05,0.004306,3.228694e-05,10.23899,10.076924,10.044838,9.895814,10.593392,10.624296,10.744788,10.249208,10.165132,9.977592,0,0,0,0,0,0
2025/05/10 19:17:00.921,n,13.008556,29.185138,0.004131,4.454607e-05,0.004132,5.770393e-05,10.237574,10.079886,10.044838,9.894382,10.600748,10.615932,10.742022,10.25212,10.16238,9.982032,0,0,0,0,0,0
2025/05/10 19:18:00.921,n,12.998548,29.391474,0.003711,0.000132,0.003769,0.000111,10.231666,10.069666,10.040462,9.885628,10.587616,10.621464,10.74754,10.247744,10.17076,9.977592,0,0,0,0,0,0
2025/05/10 19:19:00.924,n,12.995278,29.466358,0.00338,9.627174e-05,0.003432,0.000103,10.233146,10.060848,10.033154,9.88706,10.577394,10.618684,10.744788,10.249208,10.16801,9.974776,0,0,0,0,0,0
2025/05/10 19:20:00.926,n,12.978676,29.412408,0.00308,9.470624e-05,0.003106,9.325638e-05,10.236076,10.055056,10.033154,9.890004,10.574482,10.624296,10.742022,10.253584,10.165132,9.974776,0,0,0,0,0,0
2025/05/10 19:21:00.927,n,12.967052,29.85793,0.002896,6.050727e-05,0.002856,7.540445e-05,10.222914,10.055056,10.033154,9.89147,10.56864,10.621464,10.742022,10.249208,10.16238,9.974776,0,0,0,0,0,0
2025/05/10 19:22:00.912,n,12.93219,30.173096,0.002722,4.814961e-05,0.002655,6.710556e-05,10.206916,10.059432,10.01708,9.888526,10.56135,10.624296,10.744788,10.222914,10.165132,9.95281,0,0,0,0,0,0
2025/05/10 19:23:00.918,n,12.900646,30.325734,0.002649,2.61396e-05,0.002563,2.634126e-05,10.205436,10.060848,10.008326,9.88415,10.558436,10.615932,10.742022,10.231666,10.17076,9.963028,0,0,0,0,0,0
2025/05/10 19:24:00.916,n,12.850892,30.313904,0.002554,3.048505e-05,0.002443,3.784231e-05,10.196682,10.059432,10.008326,9.876908,10.555556,10.618684,10.744788,10.22877,10.16801,9.963028,0,0,0,0,0,0
2025/05/10 19:25:00.918,n,12.789418,30.333174,0.002449,3.350346e-05,0.00234,3.200917e-05,10.203972,10.059432,10.022922,9.878308,10.551164,10.621464,10.742022,10.22877,10.16801,9.964494,0,0,0,0,0,0
2025/05/10 19:26:00.921,n,12.781166,30.621876,0.002359,3.149883e-05,0.002225,3.439003e-05,10.192306,10.04775,10.015648,9.869522,10.552628,10.624296,10.739142,10.22589,10.17076,9.965974,0,0,0,0,0,0
2025/05/10 19:27:00.922,n,12.762856,30.805006,0.002275,2.529077e-05,0.002155,2.541469e-05,10.193752,10.038996,10.008326,9.863712,10.53803,10.618684,10.739142,10.227288,10.16801,9.961596,0,0,0,0,0,0
2025/05/10 19:28:00.924,n,12.723012,30.78996,0.00218,3.208657e-05,0.002008,3.830271e-05,10.193752,10.030242,10.005382,9.863712,10.527826,10.624296,10.739142,10.224394,10.181906,9.946984,0,0,0,0,0,0
2025/05/10 19:29:00.930,n,12.688148,30.871674,0.002049,3.943858e-05,0.001905,3.465348e-05,10.19084,10.03462,10.001036,9.865178,10.524916,10.613084,10.736392,10.230234,10.173512,9.949866,0,0,0,0,0,0
2025/05/10 19:30:00.929,n,12.651624,31.086384,0.001928,4.075417e-05,0.001769,4.336479e-05,10.183552,10.028778,9.996628,9.860768,10.51323,10.621464,10.733642,10.230234,10.17076,9.95133,0,0,0,0,0,0
2025/05/10 19:31:00.906,n,12.633362,31.28332,0.001828,5.625639e-05,0.001671,6.051781e-05,10.176246,10.052094,9.987874,9.88415,10.521984,10.590772,10.705632,10.222914,10.145508,9.942576,0,0,0,0,0,0
2025/05/10 19:32:00.908,n,12.61842,31.166296,0.001659,5.295177e-05,0.001518,5.166192e-05,10.173268,10.053558,9.987874,9.875428,10.511814,10.601936,10.711264,10.218534,10.156768,9.945522,0,0,0,0,0,0
2025/05/10 19:33:00.908,n,12.585122,31.107976,0.001501,4.818222e-05,0.00135,5.099017e-05,10.16601,10.046286,9.982032,9.866642,10.504506,10.601936,10.716764,10.21419,10.159616,9.942576,0,0,0,0,0,0
2025/05/10 19:34:00.910,n,12.553628,31.257574,0.001375,3.894279e-05,0.001186,4.66601e-05,10.15288,10.043406,9.971814,9.860768,10.500162,10.60755,10.722396,10.206916,10.159616,9.93968,0,0,0,0,0,0
2025/05/10 19:35:00.911,n,12.518666,31.44173,0.001248,3.703848e-05,0.001072,4.084841e-05,10.14995,10.037532,9.964494,9.852016,10.500162,10.604702,10.725244,10.202508,10.165132,9.935302,0,0,0,0,0,0
2025/05/10 19:36:00.913,n,12.477162,31.379248,0.001143,3.459378e-05,0.000952,3.804171e-05,10.15288,10.01999,9.965974,9.849086,10.494272,10.615932,10.722396,10.199594,10.16801,9.929446,0,0,0,0,0,0
2025/05/10 19:37:00.915,n,12.45387,31.799292,0.001022,3.364015e-05,0.000816,3.625559e-05,10.147038,10.022922,9.967404,9.840332,10.484086,10.618684,10.72801,10.20101,10.16801,9.930926,0,0,0,0,0,0
2025/05/10 19:38:00.917,n,12.422474,31.765278,0.000922,3.091061e-05,0.000735,2.926948e-05,10.147038,10.014166,9.965974,9.835956,10.484086,10.618684,10.730858,10.198162,10.16801,9.930926,0,0,0,0,0,0
2025/05/10 19:39:00.919,n,12.40094,31.289582,0.000816,3.075104e-05,0.000626,2.912861e-05,10.135354,10.002484,9.964494,9.83005,10.476762,10.615932,10.736392,10.196682,10.176358,9.933824,0,0,0,0,0,0
2025/05/10 19:40:00.905,n,12.384438,31.261652,0.000721,2.748788e-05,0.00055,2.889921e-05,10.129496,10.018544,9.946984,9.846174,10.46363,10.613084,10.736392,10.192306,10.176358,9.913386,0,0,0,0,0,0
2025/05/10 19:41:00.908,n,12.39103,30.976526,0.000658,2.680564e-05,0.000457,2.796833e-05,10.120776,10.008326,9.9382,9.84323,10.453474,10.621464,10.725244,10.186398,10.176358,9.910442,0,0,0,0,0,0
2025/05/10 19:42:00.911,n,12.351284,30.767766,0.000558,2.811318e-05,0.00037,2.942058e-05,10.114902,10.003948,9.930926,9.834476,10.441808,10.618684,10.733642,10.180622,10.179142,9.908976,0,0,0,0,0,0
2025/05/10 19:43:00.914,n,12.395336,29.919142,0.000616,2.269683e-05,0.000419,2.561722e-05,10.15781,10.039484,9.981088,9.87302,10.491944,10.565078,10.679936,10.224946,10.119832,9.962116,0,0,0,0,0,0
2025/05/10 19:44:00.915,n,12.40852,29.30701,0.000553,2.231013e-05,0.000354,2.106735e-05,10.151966,10.032194,9.972334,9.862738,10.48467,10.570724,10.682704,10.22057,10.131058,9.954794,0,0,0,0,0,0
2025/05/10 19:45:00.919,n,12.433376,28.514852,0.000521,1.896426e-05,0.000294,1.947617e-05,10.146126,10.03073,9.970838,9.85836,10.478846,10.562228,10.674306,10.21909,10.128308,9.950386,0,0,0,0,0,0
2025/05/10 19:46:00.917,n,12.44827,29.393982,0.000484,9.155228e-06,0.000272,1.235392e-05,10.146126,10.03073,9.972334,9.85836,10.474466,10.565078,10.674306,10.22057,10.12556,9.954794,0,0,0,0,0,0
2025/05/10 19:47:00.921,n,12.46648,28.390584,0.000453,1.594636e-05,0.000228,1.548487e-05,10.146126,10.01031,9.963582,9.849574,10.474466,10.570724,10.688334,10.21909,10.128308,9.950386,0,0,0,0,0,0
2025/05/10 19:48:00.921,n,12.486356,27.914154,0.000426,1.14459e-05,0.000212,1.309824e-05,10.138804,10.014656,9.97668,9.845198,10.473002,10.567876,10.674306,10.217624,10.128308,9.947506,0,0,0,0,0,0
2025/05/10 19:49:00.909,n,12.476392,28.452596,0.000389,1.272685e-05,0.000179,9.957172e-06,10.127138,10.026352,9.94601,9.852504,10.44965,10.570724,10.682704,10.20599,10.13669,9.932846,0,0,0,0,0,0
2025/05/10 19:50:00.913,n,12.506176,29.216328,0.000368,1.563382e-05,0.000147,1.003446e-05,10.124208,10.0176,9.941632,9.848128,10.445272,10.567876,10.679936,10.194274,10.133938,9.937288,0,0,0,0,0,0
2025/05/10 19:51:00.914,n,12.497926,29.367316,0.000353,8.137408e-06,0.00013,8.721704e-06,10.119832,10.0176,9.94601,9.848128,10.456926,10.565078,10.677186,10.20599,10.12556,9.940166,0,0,0,0,0,0
2025/05/10 19:52:00.914,n,12.479714,28.879688,0.000332,1.011422e-05,0.000109,9.075436e-06,10.112542,10.007414,9.935822,9.837876,10.448236,10.576256,10.677186,10.197204,10.133938,9.928534,0,0,0,0,0,0
2025/05/10 19:53:00.915,n,12.501198,28.03483,0.000316,7.946564e-06,9.212204e-05,6.666328e-06,10.111078,10.00006,9.935822,9.830588,10.430662,10.559364,10.674306,10.191394,10.133938,9.924126,0,0,0,0,0,0
2025/05/10 19:54:00.919,n,12.504566,27.97634,0.000326,8.360427e-06,8.66286e-05,8.267661e-06,10.108132,9.991306,9.931382,9.823282,10.43214,10.553848,10.668804,10.201548,10.12556,9.932846,0,0,0,0,0,0
2025/05/10 19:55:00.918,n,12.501198,28.05687,0.000289,7.557257e-06,5.945827e-05,7.891279e-06,10.102324,9.991306,9.928534,9.823282,10.427796,10.562228,10.674306,10.181174,10.133938,9.924126,0,0,0,0,0,0
2025/05/10 19:56:00.922,n,12.479714,28.148868,0.000289,5.892891e-06,4.861984e-05,4.810418e-06,10.092072,9.97668,9.928534,9.813066,10.423418,10.567876,10.679936,10.184104,10.131058,9.924126,0,0,0,0,0,0
2025/05/10 19:57:00.923,n,12.464822,28.162244,0.000284,6.883052e-06,4.312639e-05,4.119135e-06,10.09938,9.982522,9.932846,9.821836,10.421922,10.565078,10.666038,10.187016,10.133938,9.919716,0,0,0,0,0,0
2025/05/10 19:58:00.909,n,12.451538,28.389098,0.000258,1.152172e-05,1.580759e-05,1.099918e-05,10.090624,9.991306,9.908034,9.823282,10.411718,10.565078,10.668804,10.18264,10.12556,9.91534,0,0,0,0,0,0
2025/05/10 19:59:00.911,n,12.439968,28.300924,0.000252,7.608369e-06,1.046261e-05,6.116228e-06,10.087728,9.982522,9.906552,9.823282,10.40443,10.567876,10.666038,10.181174,10.133938,9.903624,0,0,0,0,0,0
2025/05/10 20:00:00.911,n,12.368824,28.054936,0.000237,1.130484e-05,-6.017743e-06,6.982176e-06,10.078942,9.982522,9.906552,9.813066,10.402964,10.562228,10.666038,10.176732,10.128308,9.906552,0,0,0,0,0,0
2025/05/10 20:01:00.922,n,12.34729,28.532954,0.000289,2.887158e-05,4.861984e-05,3.081014e-05,10.10086,9.981088,9.92559,9.815928,10.421922,10.537102,10.643662,10.189928,10.105904,9.929934,0,0,0,0,0,0
2025/05/10 20:02:00.924,n,12.334106,28.41986,0.000242,1.069507e-05,5.117634e-06,8.729006e-06,10.090624,9.970838,9.919716,9.805744,10.413184,10.542618,10.646428,10.187016,10.111436,9.922628,0,0,0,0,0,0
2025/05/10 20:03:00.925,n,12.312572,28.351032,0.000237,8.763302e-06,-1.685618e-05,7.740608e-06,10.086248,9.960604,9.910994,9.801366,10.395676,10.5455,10.65481,10.184104,10.119832,9.921214,0,0,0,0,0,0
2025/05/10 20:04:00.926,n,12.266236,28.637836,0.000194,1.264906e-05,-3.868151e-05,7.857734e-06,10.092072,9.956226,9.909532,9.799902,10.398586,10.5455,10.649178,10.184104,10.12556,9.91241,0,0,0,0,0,0
2025/05/10 20:05:00.929,n,12.257936,28.773314,0.000189,1.263619e-05,-5.486493e-05,7.751656e-06,10.08332,9.95333,9.903624,9.794046,10.388368,10.5566,10.65481,10.176732,10.12268,9.91534,0,0,0,0,0,0
2025/05/10 20:06:00.930,n,12.201638,29.42533,0.000168,7.877987e-06,-6.570336e-05,7.84934e-06,10.087728,9.94601,9.897832,9.796958,10.375236,10.551002,10.65481,10.181174,10.12556,9.908034,0,0,0,0,0,0
2025/05/10 20:07:00.918,n,12.181854,29.741886,0.000252,8.483452e-06,1.5796e-05,6.663451e-06,10.09139,9.98182,9.921928,9.81814,10.411018,10.539836,10.637998,10.190694,10.11142,9.926306,0,0,0,0,0,0
2025/05/10 20:08:00.918,n,12.150312,29.844838,0.000252,8.855108e-06,-5.880871e-06,7.102828e-06,10.089924,9.987662,9.919016,9.812348,10.406706,10.542586,10.643548,10.183372,10.114234,9.926306,0,0,0,0,0,0
2025/05/10 20:09:00.920,n,12.110616,29.863042,0.000231,8.949146e-06,-1.686778e-05,5.364005e-06,10.08114,9.971602,9.908766,9.804946,10.40085,10.539836,10.640782,10.18778,10.117098,9.930698,0,0,0,0,0,0
2025/05/10 20:10:00.923,n,12.07248,29.925868,0.000221,1.042123e-05,-2.236123e-05,8.230625e-06,10.072384,9.965744,9.904356,9.804946,10.392094,10.542586,10.640782,10.18194,10.114234,9.924824,0,0,0,0,0,0
2025/05/10 20:11:00.926,n,12.017792,29.955362,0.000221,6.916381e-06,-2.236123e-05,4.314661e-06,10.079706,9.961336,9.904356,9.802132,10.389196,10.539836,10.640782,10.189214,10.114234,9.933612,0,0,0,0,0,0
2025/05/10 20:12:00.928,n,11.961446,30.264556,0.000215,9.274398e-06,-4.968002e-05,6.308603e-06,10.07092,9.954062,9.902942,9.79769,10.370176,10.542586,10.646298,10.183372,10.117098,9.916072,0,0,0,0,0,0
2025/05/10 20:13:00.930,n,11.918378,30.537476,0.000189,9.634724e-06,-4.40381e-05,7.027686e-06,10.07385,9.95115,9.901476,9.79769,10.358524,10.539836,10.640782,10.18194,10.10587,9.916072,0,0,0,0,0,0
2025/05/10 20:14:00.930,n,11.863644,30.671186,0.000194,5.51698e-06,-6.586343e-05,8.458134e-06,10.07092,9.95115,9.897066,9.796226,10.357042,10.542586,10.640782,10.18194,10.117098,9.914606,0,0,0,0,0,0
2025/05/10 20:15:00.933,n,11.823944,30.79538,0.000173,1.037625e-05,-7.135688e-05,6.588183e-06,10.066542,9.949686,9.888314,9.799154,10.349802,10.539836,10.646298,10.183372,10.114234,9.914606,0,0,0,0,0,0
2025/05/10 20:16:00.921,n,11.77414,31.01984,0.000168,8.750024e-06,-6.586343e-05,6.719194e-06,10.037338,9.949686,9.87956,9.791784,10.351268,10.534222,10.643548,10.17024,10.119864,9.907318,0,0,0,0,0,0
2025/05/10 20:17:00.919,n,11.712766,31.33195,0.000157,1.010387e-05,-7.670187e-05,6.928372e-06,10.04025,9.952566,9.878096,9.784528,10.342446,10.542586,10.643548,10.164398,10.125494,9.904356,0,0,0,0,0,0
2025/05/10 20:18:00.923,n,11.706124,31.489314,0.000147,1.123308e-05,-0.000104,9.566162e-06,10.024174,9.940932,9.869278,9.771366,10.325004,10.542586,10.646298,10.155644,10.125494,9.904356,0,0,0,0,0,0
2025/05/10 20:19:00.926,n,11.706746,31.636616,0.000247,1.003214e-05,-5.922628e-06,6.696492e-06,10.049702,9.956226,9.8978,9.799838,10.347556,10.464184,10.567958,10.18404,10.0471,9.922628,0,0,0,0,0,0
2025/05/10 20:20:00.927,n,11.686872,31.87242,0.000226,6.831809e-06,-2.210604e-05,7.807629e-06,10.039484,9.94601,9.887548,9.789618,10.335874,10.467032,10.573506,10.175286,10.052648,9.927004,0,0,0,0,0,0
2025/05/10 20:21:00.933,n,11.625446,32.23888,0.000237,6.603729e-06,-3.309295e-05,5.934932e-06,10.04386,9.944544,9.884638,9.786674,10.324206,10.469798,10.573506,10.175286,10.055494,9.908034,0,0,0,0,0,0
2025/05/10 20:22:00.931,n,11.55909,32.670144,0.000226,5.478914e-06,-2.210604e-05,4.605816e-06,10.030664,9.937256,9.884638,9.786674,10.316884,10.475428,10.567958,10.172422,10.058246,9.913842,0,0,0,0,0,0
2025/05/10 20:23:00.964,n,11.442928,33.668128,0.000226,7.838202e-06,-3.309295e-05,3.743485e-06,10.027818,9.938638,9.874388,9.773546,10.313954,10.478178,10.567958,10.162154,10.055494,9.91093,0,0,0,0,0,0
2025/05/10 20:24:00.932,n,11.36158,33.400452,0.000205,9.038206e-06,-5.476981e-05,6.322538e-06,10.030664,9.927004,9.865632,9.779388,10.299358,10.469798,10.573506,10.165066,10.055494,9.908034,0,0,0,0,0,0
2025/05/10 20:25:00.921,n,11.316708,33.552212,0.0002,6.13183e-06,-3.309295e-05,5.884445e-06,10.005868,9.93431,9.853918,9.774978,10.300822,10.475428,10.565142,10.14759,10.061028,9.893374,0,0,0,0,0,0
2025/05/10 20:26:00.905,n,11.2254,33.751676,0.000194,7.299695e-06,-4.393138e-05,3.387683e-06,10.004372,9.937256,9.843686,9.785244,10.284778,10.475428,10.57074,10.154846,10.058246,9.889014,0,0,0,0,0,0
2025/05/10 20:27:00.907,n,11.177204,33.567544,0.000194,7.612612e-06,-5.476981e-05,5.477705e-06,9.994218,9.937256,9.845198,9.785244,10.27599,10.47258,10.56236,10.146126,10.061028,9.883174,0,0,0,0,0,0
2025/05/10 20:28:00.910,n,11.185506,33.460072,0.000179,7.376104e-06,-6.575672e-05,6.087266e-06,9.988362,9.93431,9.836412,9.773546,10.270182,10.47258,10.565142,10.140252,10.055494,9.874388,0,0,0,0,0,0
2025/05/10 20:29:00.913,n,11.11744,33.110268,0.000173,7.089787e-06,-6.041174e-05,7.120153e-06,9.983986,9.929884,9.8335,9.77208,10.273094,10.478178,10.565142,10.137308,10.061028,9.875868,0,0,0,0,0,0
2025/05/10 20:30:00.914,n,11.10743,33.451576,0.000173,6.519462e-06,-8.743358e-05,6.97886e-06,9.978078,9.92554,9.823218,9.757454,10.259962,10.475428,10.565142,10.131516,10.066626,9.87149,0,0,0,0,0,0
2025/05/10 20:31:00.927,n,11.074226,33.663004,0.000226,2.582258e-05,-3.309295e-05,2.553577e-05,9.982522,9.912376,9.850974,9.758918,10.27456,10.447324,10.542556,10.14759,10.044252,9.891892,0,0,0,0,0,0
2025/05/10 20:32:00.925,n,11.047616,33.536876,0.000194,6.133094e-06,-3.85864e-05,6.403812e-06,9.983986,9.916788,9.846598,9.753044,10.271614,10.453052,10.548284,10.13877,10.044252,9.89043,0,0,0,0,0,0
2025/05/10 20:33:00.926,n,11.016072,33.526672,0.000189,6.412368e-06,-6.041174e-05,6.78744e-06,9.97523,9.903592,9.836412,9.739948,10.251226,10.467032,10.556826,10.135892,10.052648,9.877332,0,0,0,0,0,0
2025/05/10 20:34:00.914,n,10.96949,33.681752,0.000157,7.111802e-06,-8.208861e-05,7.807567e-06,9.962084,9.912376,9.814464,9.760384,10.23954,10.469798,10.556826,10.127088,10.058246,9.867114,0,0,0,0,0,0
2025/05/10 20:35:00.919,n,10.929646,33.957824,0.000157,9.325932e-06,-8.743358e-05,7.487444e-06,9.953298,9.906552,9.804246,9.75163,10.232188,10.464184,10.553978,10.121296,10.061028,9.859792,0,0,0,0,0,0
2025/05/10 20:36:00.915,n,10.921296,34.269348,0.000152,8.895282e-06,-9.856896e-05,6.359161e-06,9.940102,9.903592,9.810056,9.750166,10.224946,10.467032,10.56236,10.116854,10.055494,9.859792,0,0,0,0,0,0
2025/05/10 20:37:00.918,n,10.896344,33.940784,0.000131,9.492752e-06,-0.000115,9.596972e-06,9.943064,9.896336,9.79546,9.737004,10.22057,10.475428,10.565142,10.108166,10.06939,9.85688,0,0,0,0,0,0
2025/05/10 20:38:00.920,n,10.831502,34.214904,0.000126,7.007862e-06,-0.00012,7.281443e-06,9.931382,9.887548,9.789618,9.72965,10.21619,10.47258,10.556826,10.116854,10.07777,9.85244,0,0,0,0,0,0
2025/05/10 20:39:00.923,n,10.814706,34.514368,0.000226,8.59961e-06,-2.195757e-05,4.734674e-06,9.957708,9.910962,9.824746,9.75163,10.239606,10.412452,10.505028,10.143182,10.012278,9.890528,0,0,0,0,0,0
2025/05/10 20:40:00.925,n,10.778134,34.7319,0.000226,7.179239e-06,-2.759949e-05,5.317341e-06,9.96799,9.902208,9.829156,9.742812,10.248328,10.404102,10.499512,10.14178,10.003884,9.887582,0,0,0,0,0,0
2025/05/10 20:41:00.926,n,10.741464,35.13234,0.00021,8.922544e-06,-4.927636e-05,7.878489e-06,9.948954,9.8978,9.818872,9.754574,10.230852,10.418082,10.502262,10.138868,10.0094,9.886116,0,0,0,0,0,0
2025/05/10 20:42:00.930,n,10.70157,35.486736,0.0002,5.673525e-06,-4.393138e-05,3.387635e-06,9.95333,9.894838,9.824746,9.739948,10.222098,10.4097,10.505028,10.14178,10.012278,9.877364,0,0,0,0,0,0
2025/05/10 20:43:00.912,n,10.67828,35.469648,0.000189,9.800636e-06,-5.476981e-05,6.249864e-06,9.941698,9.90512,9.801366,9.757472,10.207454,10.415332,10.502262,10.125706,10.00665,9.868578,0,0,0,0,0,0
2025/05/10 20:44:00.917,n,10.654988,35.895184,0.000189,6.791031e-06,-5.476981e-05,6.068854e-06,9.931414,9.906522,9.798388,9.744292,10.201612,10.412452,10.496728,10.119864,10.0094,9.86129,0,0,0,0,0,0
2025/05/10 20:45:00.920,n,10.616708,35.937708,0.000184,7.117794e-06,-6.575672e-05,9.358982e-06,9.925558,9.890528,9.798388,9.7385,10.20599,10.4097,10.499512,10.124272,10.00665,9.872922,0,0,0,0,0,0
2025/05/10 20:46:00.920,n,10.620076,36.014224,0.000189,7.580982e-06,-6.026327e-05,4.897417e-06,9.927036,9.894838,9.798388,9.7385,10.19577,10.406952,10.49113,10.115486,10.0094,9.871508,0,0,0,0,0,0
2025/05/10 20:47:00.922,n,10.648346,36.250504,0.000179,6.286216e-06,-7.659515e-05,4.300857e-06,9.92118,9.88314,9.79115,9.729714,10.191394,10.412452,10.505028,10.115486,10.023408,9.864202,0,0,0,0,0,0
2025/05/10 20:48:00.926,n,10.618416,36.272624,0.000184,8.444836e-06,-8.194013e-05,4.300857e-06,9.916804,9.88314,9.78967,9.720898,10.191394,10.4097,10.499512,10.119864,10.0094,9.872922,0,0,0,0,0,0
2025/05/10 20:49:00.927,n,10.608406,36.089076,0.000179,6.57923e-06,-7.11017e-05,7.158561e-06,9.91534,9.87442,9.795494,9.726818,10.185568,10.404102,10.49113,10.115486,10.0094,9.871508,0,0,0,0,0,0
2025/05/10 20:50:00.927,n,10.606698,36.06354,0.000163,7.193621e-06,-8.743358e-05,5.962415e-06,9.910962,9.86129,9.783794,9.71512,10.182672,10.412452,10.496728,10.11111,10.012278,9.872922,0,0,0,0,0,0
2025/05/10 20:51:00.931,n,10.606698,36.21652,0.000158,8.94048e-06,-9.30755e-05,4.827809e-06,9.909498,9.856848,9.783794,9.70775,10.169476,10.404102,10.49388,10.118366,10.023408,9.86129,0,0,0,0,0,0
2025/05/10 20:52:00.916,n,10.561776,36.255632,0.000152,7.904835e-06,-0.000104,7.416496e-06,9.896302,9.87442,9.760416,9.71652,10.169476,10.4097,10.496728,10.096498,10.01778,9.840822,0,0,0,0,0,0
2025/05/10 20:53:00.918,n,10.520222,36.308268,0.000142,8.191998e-06,-0.000109,4.877527e-06,9.892022,9.864202,9.750198,9.719432,10.152,10.412452,10.496728,10.096498,10.01778,9.840822,0,0,0,0,0,0
2025/05/10 20:54:00.920,n,10.53703,36.600416,0.000226,7.697165e-06,-1.15228e-05,5.58987e-06,9.912588,9.887762,9.77958,9.734222,10.19595,10.359776,10.449438,10.114202,9.970592,9.87167,0,0,0,0,0,0
2025/05/10 20:55:00.922,n,10.503732,36.459448,0.00021,9.28915e-06,-3.884158e-05,8.047686e-06,9.914054,9.881886,9.782478,9.732742,10.184316,10.368126,10.449438,10.118578,9.970592,9.87167,0,0,0,0,0,0
2025/05/10 20:56:00.923,n,10.49875,36.559644,0.000215,8.262815e-06,-3.319966e-05,6.933806e-06,9.903834,9.881886,9.773726,9.726966,10.184316,10.370972,10.452304,10.109758,9.973458,9.865846,0,0,0,0,0,0
2025/05/10 20:57:00.928,n,10.485372,36.38992,0.000221,6.939131e-06,-2.236123e-05,4.567929e-06,9.906748,9.868726,9.77958,9.722524,10.181386,10.359776,10.452304,10.122956,9.970592,9.876078,0,0,0,0,0,0
2025/05/10 20:58:00.928,n,10.45876,36.384744,0.000205,7.169516e-06,-4.418657e-05,7.149498e-06,9.899458,9.858506,9.770796,9.71377,10.17553,10.362592,10.43813,10.106944,9.976306,9.870204,0,0,0,0,0,0
2025/05/10 20:59:00.929,n,10.425458,35.767652,0.000184,6.123608e-06,-5.5025e-05,8.310579e-06,9.899458,9.852698,9.770796,9.710842,10.16531,10.370972,10.446674,10.106944,9.981854,9.864382,0,0,0,0,0,0
2025/05/10 21:00:00.933,n,10.403828,36.128152,0.000189,5.713234e-06,-5.5025e-05,4.861376e-06,9.89505,9.845376,9.766418,9.703588,10.16531,10.365374,10.446494,10.103968,9.973458,9.864382,0,0,0,0,0,0
2025/05/10 21:01:00.916,n,10.382198,35.910524,0.000221,3.411814e-05,-6.177814e-06,3.082081e-05,9.896514,9.876078,9.756168,9.72843,10.160934,10.34012,10.418602,10.106944,9.942706,9.854098,0,0,0,0,0,0
2025/05/10 21:02:00.915,n,10.327218,35.04368,0.000226,1.063887e-05,-2.236123e-05,9.15416e-06,9.88924,9.877542,9.756168,9.72106,10.155092,10.34575,10.42137,10.102502,9.956602,9.849722,0,0,0,0,0,0
2025/05/10 21:03:00.919,n,10.290546,35.180004,0.000194,1.060287e-05,-5.5025e-05,8.535346e-06,9.874598,9.857074,9.748848,9.707896,10.146338,10.351268,10.4325,10.09959,9.970592,9.849722,0,0,0,0,0,0
2025/05/10 21:04:00.923,n,10.273896,35.02322,0.00021,1.233467e-05,-2.785468e-05,1.323183e-05,9.880422,9.852698,9.754722,9.707896,10.158022,10.337272,10.415756,10.09959,9.956602,9.859972,0,0,0,0,0,0
2025/05/10 21:05:00.922,n,10.252216,34.883276,0.000184,1.155151e-05,-4.418657e-05,8.82653e-06,9.873134,9.849722,9.74304,9.704986,10.146338,10.34575,10.42137,10.089372,9.959448,9.855596,0,0,0,0,0,0
2025/05/10 21:06:00.929,n,10.252216,34.63518,0.000173,1.391703e-05,-5.5025e-05,4.305153e-06,9.87167,9.843912,9.745904,9.6962,10.140496,10.34012,10.42137,10.096662,9.959448,9.855596,0,0,0,0,0,0
2025/05/10 21:07:00.928,n,10.212228,34.543384,0.000178,1.240287e-05,-5.5025e-05,7.869989e-06,9.870204,9.835158,9.747384,9.690392,10.133238,10.34287,10.42415,10.102502,9.959448,9.849722,0,0,0,0,0,0
2025/05/10 21:08:00.930,n,10.200558,34.49236,0.000178,4.031063e-06,-6.051845e-05,4.685423e-06,9.864382,9.829252,9.750346,9.683022,10.120042,10.34287,10.42415,10.092284,9.962198,9.851186,0,0,0,0,0,0
2025/05/10 21:09:00.934,n,10.140594,35.154468,0.000184,5.098328e-06,-7.699881e-05,6.943086e-06,9.857074,9.81902,9.734222,9.683022,10.111256,10.34012,10.42975,10.095246,9.959448,9.848256,0,0,0,0,0,0
2025/05/10 21:10:00.915,n,10.077268,35.151052,0.000163,8.401892e-06,-9.318222e-05,6.89004e-06,9.843912,9.832214,9.707896,9.691888,10.09959,10.351268,10.426968,10.079154,9.970592,9.824926,0,0,0,0,0,0
2025/05/10 21:11:00.918,n,10.030538,35.440796,0.000157,6.372352e-06,-8.234379e-05,5.350553e-06,9.839502,9.83368,9.722524,9.687448,10.095246,10.354148,10.42415,10.077688,9.96498,9.824926,0,0,0,0,0,0
2025/05/10 21:12:00.920,n,9.983906,35.343676,0.000152,7.582345e-06,-9.318222e-05,8.861524e-06,9.827806,9.821996,9.704986,9.683022,10.090838,10.351268,10.42415,10.067456,9.967828,9.827806,0,0,0,0,0,0
2025/05/10 21:13:00.925,n,9.945576,35.44412,0.000141,8.893394e-06,-0.000104,7.44158e-06,9.82634,9.813244,9.707896,9.66986,10.074744,10.354148,10.4325,10.064558,9.976306,9.823462,0,0,0,0,0,0
2025/05/10 21:14:00.924,n,9.908856,35.774392,0.000136,6.917501e-06,-0.000115,5.5635e-06,9.81902,9.807338,9.709362,9.662604,10.060148,10.351268,10.426968,10.05582,9.970592,9.821996,0,0,0,0,0,0
2025/05/10 21:15:00.929,n,9.85378,36.155344,0.000126,7.913737e-06,-0.000121,8.192235e-06,9.81178,9.794176,9.69768,9.649442,10.061614,10.348516,10.426968,10.063078,9.97907,9.827806,0,0,0,0,0,0
2025/05/10 21:16:00.929,n,9.79211,36.558032,0.000131,5.744579e-06,-0.000126,4.942515e-06,9.805858,9.79564,9.6962,9.647946,10.049914,10.354148,10.4325,10.054324,9.976306,9.820532,0,0,0,0,0,0
2025/05/10 21:17:00.931,n,9.789948,36.643824,0.000221,7.275763e-06,-1.676106e-05,8.114642e-06,9.835486,9.823802,9.731682,9.681948,10.080992,10.30297,10.381256,10.092676,9.930584,9.854522,0,0,0,0,0,0
2025/05/10 21:18:00.936,n,9.70992,36.89666,0.000215,5.507136e-06,-3.85864e-05,6.135793e-06,9.831108,9.819426,9.733148,9.676124,10.072206,10.308504,10.38687,10.09121,9.930584,9.856002,0,0,0,0,0,0
2025/05/10 21:19:00.920,n,9.588192,37.113752,0.00021,8.231799e-06,-3.324142e-05,6.0144e-06,9.817946,9.829644,9.709768,9.683446,10.054698,10.30572,10.375724,10.079576,9.930584,9.839862,0,0,0,0,0,0
2025/05/10 21:20:00.922,n,9.569882,37.499932,0.00021,4.506507e-06,-4.393138e-05,6.652336e-06,9.817946,9.823802,9.705328,9.680484,10.048856,10.30297,10.38687,10.072206,9.936182,9.835486,0,0,0,0,0,0
2025/05/10 21:21:00.923,n,9.498444,37.4949,0.000179,1.226987e-05,-6.590519e-05,8.581432e-06,9.80332,9.815016,9.692164,9.67466,10.029902,10.31135,10.392468,10.062004,9.933432,9.823802,0,0,0,0,0,0
2025/05/10 21:22:00.925,n,9.405332,37.196804,0.000195,1.083571e-05,-6.041174e-05,7.636482e-06,9.801854,9.81064,9.696606,9.671746,10.031366,10.316884,10.389622,10.059074,9.941778,9.838398,0,0,0,0,0,0
2025/05/10 21:23:00.927,n,9.345418,37.476248,0.000184,7.941685e-06,-6.590519e-05,8.232564e-06,9.7931,9.806264,9.689284,9.664378,10.025458,10.319732,10.38687,10.056162,9.944576,9.831108,0,0,0,0,0,0
2025/05/10 21:24:00.929,n,9.280526,37.978448,0.000184,6.512522e-06,-7.125017e-05,5.802812e-06,9.781404,9.7931,9.68491,9.652662,10.01524,10.31135,10.38687,10.059074,9.944576,9.823802,0,0,0,0,0,0
2025/05/10 21:25:00.931,n,9.207334,38.049736,0.000163,8.035642e-06,-8.773054e-05,5.849102e-06,9.778476,9.787262,9.689284,9.651182,10.006488,10.31135,10.38687,10.056162,9.950174,9.822322,0,0,0,0,0,0
2025/05/10 21:26:00.934,n,9.107526,38.026004,0.000157,7.587625e-06,-8.773054e-05,4.345309e-06,9.768224,9.782884,9.683446,9.639502,9.994854,10.316884,10.384072,10.054698,9.944576,9.820858,0,0,0,0,0,0
2025/05/10 21:27:00.934,n,9.040874,38.660428,0.000152,1.257521e-05,-0.000109,9.25114e-06,9.765346,9.772602,9.676124,9.638022,9.986018,10.3141,10.392468,10.045944,9.961402,9.813552,0,0,0,0,0,0
2025/05/10 21:28:00.923,n,8.970956,39.290216,0.000131,5.69693e-06,-0.000115,7.60735e-06,9.749222,9.777028,9.651182,9.639502,9.965568,10.316884,10.39525,10.032846,9.958554,9.7931,0,0,0,0,0,0
2025/05/10 21:29:00.923,n,8.86607,39.900372,0.000126,8.976316e-06,-0.00012,6.382279e-06,9.739022,9.774098,9.651182,9.643942,9.96119,10.322496,10.39525,10.038622,9.952956,9.800422,0,0,0,0,0,0
2025/05/10 21:30:00.923,n,8.782722,40.2699,0.000126,9.807028e-06,-0.000131,6.415691e-06,9.733148,9.771154,9.642462,9.62927,9.945116,10.319732,10.398098,10.028404,9.955708,9.798944,0,0,0,0,0,0
2025/05/10 21:31:00.925,n,8.738232,40.258552,0.000284,3.436596e-05,3.756566e-05,3.125713e-05,9.769412,9.79717,9.684582,9.664132,9.997392,10.217104,10.289952,10.070462,9.85605,9.835158,0,0,0,0,0,0
2025/05/10 21:32:00.930,n,8.673244,40.59908,0.000263,8.857734e-06,1.024687e-05,7.794185e-06,9.772326,9.79577,9.686048,9.66267,9.984262,10.222734,10.292704,10.061744,9.864446,9.845442,0,0,0,0,0,0
2025/05/10 21:33:00.933,n,8.609914,40.863532,0.000236,1.105455e-05,-5.936548e-06,1.163084e-05,9.753322,9.788384,9.678726,9.656762,9.974076,10.233942,10.301098,10.063208,9.870044,9.836624,0,0,0,0,0,0
2025/05/10 21:34:00.916,n,8.491506,41.145956,0.000226,5.77732e-06,-2.791036e-05,8.269574e-06,9.74016,9.788384,9.652386,9.655282,9.950664,10.233942,10.303946,10.058766,9.875672,9.807452,0,0,0,0,0,0
2025/05/10 21:35:00.932,n,8.419778,41.475348,0.000205,9.97221e-06,-3.874879e-05,6.281063e-06,9.743088,9.767948,9.665566,9.633384,9.947718,10.233942,10.301098,10.052958,9.872922,9.823462,0,0,0,0,0,0
2025/05/10 21:36:00.916,n,8.353077,41.677836,0.000199,6.931494e-06,-5.508068e-05,5.453107e-06,9.718246,9.775222,9.639224,9.642136,9.93457,10.242324,10.30948,10.048548,9.884066,9.803026,0,0,0,0,0,0
2025/05/10 21:37:00.904,n,8.32798,41.725056,0.000184,6.759951e-06,-6.591911e-05,3.899065e-06,9.729926,9.75625,9.6436,9.63044,9.917064,10.247954,10.320804,10.048548,9.884066,9.803026,0,0,0,0,0,0
2025/05/10 21:38:00.906,n,8.30967,41.844828,0.000162,7.789594e-06,-7.141256e-05,4.353662e-06,9.71678,9.748944,9.64069,9.624598,9.90683,10.247954,10.320804,10.048548,9.884066,9.801546,0,0,0,0,0,0
2025/05/10 21:39:00.909,n,8.222901,42.112852,0.000168,6.591393e-06,-8.239946e-05,7.108122e-06,9.712372,9.750346,9.629008,9.62312,9.893668,10.247954,10.312328,10.038314,9.884066,9.800082,0,0,0,0,0,0
2025/05/10 21:40:00.914,n,8.047608,42.503476,0.000147,6.485288e-06,-9.32379e-05,6.74747e-06,9.69921,9.747434,9.624598,9.621686,9.889292,10.250704,10.315078,10.035384,9.892446,9.79429,0,0,0,0,0,0
2025/05/10 21:41:00.914,n,7.945706,42.890388,0.000136,1.133908e-05,-0.000115,7.431244e-06,9.687512,9.738662,9.60706,9.617278,9.874664,10.256352,10.315078,10.02956,9.892446,9.788384,0,0,0,0,0,0
2025/05/10 21:42:00.922,n,7.867188,43.37916,0.000142,6.989311e-06,-0.00011,6.356824e-06,9.683104,9.74016,9.59974,9.615846,9.876128,10.247954,10.315078,10.02375,9.895262,9.782608,0,0,0,0,0,0
2025/05/10 21:43:00.917,n,7.807034,43.57208,0.00012,8.576294e-06,-0.000121,6.670687e-06,9.66698,9.732872,9.589492,9.608494,9.85566,10.253504,10.320804,10.003282,9.903658,9.769412,0,0,0,0,0,0
2025/05/10 21:44:00.918,n,7.748585,43.845468,0.000126,8.77943e-06,-0.000131,4.300857e-06,9.658228,9.729926,9.590988,9.59974,9.845442,10.253504,10.320804,10.000336,9.903658,9.762042,0,0,0,0,0,0
2025/05/10 21:45:00.920,n,7.656594,44.144684,0.00012,4.959216e-06,-0.000142,7.674809e-06,9.653818,9.7255,9.577778,9.598276,9.84253,10.247954,10.317924,10.000336,9.898044,9.769412,0,0,0,0,0,0
2025/05/10 21:46:00.908,n,7.661621,44.186724,0.000104,8.836852e-06,-0.000142,6.70642e-06,9.659724,9.706514,9.58508,9.592402,9.829368,10.256352,10.317924,10.00909,9.90919,9.770878,0,0,0,0,0,0
2025/05/10 21:47:00.909,n,7.614846,44.351472,7.819937e-05,1.017109e-05,-0.000153,6.317377e-06,9.6436,9.696266,9.569024,9.586546,9.822062,10.250704,10.317924,10.004746,9.90644,9.765004,0,0,0,0,0,0
2025/05/10 21:48:00.910,n,7.606388,44.536256,0.000226,6.521839e-06,-2.734431e-05,6.898265e-06,9.695142,9.753598,9.62634,9.64684,9.867652,10.244098,10.308568,10.065014,9.89985,9.816484,0,0,0,0,0,0
2025/05/10 21:49:00.916,n,7.537834,44.667212,0.000194,9.483764e-06,-4.382467e-05,7.438997e-06,9.687758,9.746278,9.61902,9.635158,9.851658,10.241348,10.308568,10.048938,9.897066,9.810674,0,0,0,0,0,0
2025/05/10 21:50:00.916,n,7.450821,44.804908,0.000189,5.552925e-06,-5.46631e-05,6.294816e-06,9.677538,9.752184,9.613178,9.630716,9.850178,10.238564,10.308568,10.040184,9.902698,9.798976,0,0,0,0,0,0
2025/05/10 21:51:00.917,n,7.363762,45.145536,0.000184,9.393704e-06,-6.565001e-05,5.712301e-06,9.668754,9.740436,9.599984,9.627804,9.84575,10.246946,10.308568,10.032878,9.905462,9.794534,0,0,0,0,0,0
2025/05/10 21:52:00.918,n,7.305218,45.53782,0.000189,8.078933e-06,-6.565001e-05,6.29302e-06,9.649784,9.738956,9.597056,9.62634,9.832588,10.246946,10.311448,10.029966,9.911094,9.791688,0,0,0,0,0,0
2025/05/10 21:53:00.922,n,7.244961,45.67854,0.000168,7.236416e-06,-8.732688e-05,6.166862e-06,9.65263,9.733148,9.58827,9.614642,9.829676,10.258174,10.314198,10.02118,9.911094,9.784316,0,0,0,0,0,0
2025/05/10 21:54:00.922,n,7.204777,45.986452,0.000157,6.087213e-06,-9.846224e-05,8.603666e-06,9.630716,9.727274,9.578038,9.605808,9.817928,10.255342,10.311448,10.010962,9.91944,9.778506,0,0,0,0,0,0
2025/05/10 21:55:00.910,n,7.141201,46.257352,0.000136,1.08319e-05,-9.846224e-05,1.056377e-05,9.635158,9.709768,9.576572,9.595574,9.80044,10.255342,10.314198,10.022644,9.91944,9.78285,0,0,0,0,0,0
2025/05/10 21:56:00.909,n,7.131096,46.193824,0.000136,1.011269e-05,-0.000115,5.868726e-06,9.638022,9.702382,9.578038,9.591198,9.790222,10.28058,10.322578,10.016804,9.91944,9.778506,0,0,0,0,0,0
2025/05/10 21:57:00.915,n,7.091103,46.640176,0.00021,1.009709e-05,-4.962666e-05,1.148787e-05,9.630538,9.712454,9.57493,9.610022,9.795852,10.216028,10.269256,10.031252,9.874452,9.792922,0,0,0,0,0,0
2025/05/10 21:58:00.917,n,7.034119,46.783728,0.000199,9.222434e-06,-3.878823e-05,5.598584e-06,9.627626,9.719806,9.567642,9.608558,9.794388,10.207682,10.266408,10.012214,9.871702,9.785634,0,0,0,0,0,0
2025/05/10 21:59:00.920,n,6.997303,46.419716,0.000189,8.27141e-06,-4.962666e-05,5.391428e-06,9.611502,9.71099,9.566176,9.60127,9.787048,10.21043,10.263658,10.009336,9.868822,9.77976,0,0,0,0,0,0
2025/05/10 22:00:00.920,n,7.020691,46.551696,0.000173,9.59172e-06,-6.061357e-05,7.561316e-06,9.607092,9.712454,9.554448,9.595396,9.781224,10.21043,10.269256,10.009336,9.88008,9.778312,0,0,0,0,0,0
2025/05/10 22:01:00.920,n,7.047547,46.541636,0.000242,3.229104e-05,-1.146944e-05,3.060851e-05,9.610022,9.71395,9.569106,9.60127,9.78417,10.182426,10.238404,10.016624,9.84933,9.788546,0,0,0,0,0,0
2025/05/10 22:02:00.923,n,6.985535,46.531676,0.00021,7.376629e-06,-4.413321e-05,1.011953e-05,9.593964,9.703668,9.55736,9.593964,9.775352,10.196324,10.2468,10.004894,9.86046,9.77685,0,0,0,0,0,0
2025/05/10 22:03:00.924,n,6.998913,46.671964,0.000199,9.37443e-06,-5.497164e-05,8.49205e-06,9.59834,9.696426,9.545662,9.588108,9.769542,10.193558,10.252332,9.999084,9.86046,9.773886,0,0,0,0,0,0
2025/05/10 22:04:00.911,n,6.987244,46.768736,0.000173,7.98225e-06,-7.679698e-05,8.806978e-06,9.595396,9.681768,9.545662,9.576394,9.746098,10.19917,10.258026,10.009336,9.871702,9.771008,0,0,0,0,0,0
2025/05/10 22:05:00.911,n,7.012341,46.611856,0.000162,1.328461e-05,-8.229043e-05,1.04202e-05,9.583682,9.67736,9.5325,9.57052,9.741754,10.201954,10.258026,9.997618,9.868822,9.768064,0,0,0,0,0,0
2025/05/10 22:06:00.916,n,7.019081,46.479868,0.000141,8.256246e-06,-0.000109,9.979948e-06,9.566176,9.665662,9.514916,9.554448,9.735866,10.213182,10.263658,9.98592,9.877202,9.749026,0,0,0,0,0,0
2025/05/10 22:07:00.916,n,7.003945,45.805948,0.000136,8.700942e-06,-0.000109,6.129618e-06,9.561736,9.668606,9.509058,9.5632,9.722686,10.21043,10.266408,9.984456,9.88008,9.750506,0,0,0,0,0,0
2025/05/10 22:08:00.919,n,6.970448,45.137392,0.000131,8.834366e-06,-0.000121,4.946957e-06,9.55736,9.665662,9.507594,9.558824,9.709524,10.213182,10.266408,9.969828,9.88008,9.741754,0,0,0,0,0,0
2025/05/10 22:09:00.919,n,6.992226,45.251356,0.000104,9.919084e-06,-0.000142,6.588256e-06,9.541236,9.65398,9.490056,9.547142,9.70811,10.216028,10.269256,9.968382,9.891324,9.741754,0,0,0,0,0,0
2025/05/10 22:10:00.922,n,6.972157,45.651892,0.000104,8.51279e-06,-0.000159,6.087425e-06,9.526596,9.639306,9.491472,9.536878,9.693482,10.21878,10.272054,9.953786,9.89692,9.732968,0,0,0,0,0,0
2025/05/10 22:11:00.922,n,7.016609,46.183408,0.00021,9.65254e-06,-3.85864e-05,5.563624e-06,9.54768,9.673504,9.513988,9.559378,9.724768,10.11212,10.159648,9.982098,9.784592,9.755454,0,0,0,0,0,0
2025/05/10 22:12:00.924,n,6.98814,46.414072,0.000199,7.089423e-06,-4.927636e-05,7.086404e-06,9.537432,9.661806,9.500826,9.552056,9.71595,10.11212,10.162398,9.976256,9.781714,9.748148,0,0,0,0,0,0
2025/05/10 22:13:00.910,n,6.976422,45.798592,0.000199,8.825588e-06,-5.491829e-05,6.663663e-06,9.546216,9.642804,9.50818,9.552056,9.696948,10.100794,10.162398,9.986474,9.790222,9.76131,0,0,0,0,0,0
2025/05/10 22:14:00.913,n,6.951229,46.042928,0.000168,6.537469e-06,-6.041174e-05,6.520502e-06,9.535968,9.645734,9.49793,9.546216,9.691058,10.106424,10.162398,9.977688,9.787438,9.749612,0,0,0,0,0,0
2025/05/10 22:15:00.913,n,6.984772,46.037848,0.000179,7.668916e-06,-6.575672e-05,6.310932e-06,9.533022,9.644268,9.493488,9.54184,9.679378,10.106424,10.156768,9.971846,9.795818,9.743738,0,0,0,0,0,0
2025/05/10 22:16:00.916,n,6.900982,46.241952,0.000173,6.941365e-06,-6.575672e-05,6.226021e-06,9.52575,9.639828,9.487698,9.53447,9.672024,10.106424,10.154016,9.967468,9.784592,9.73933,0,0,0,0,0,0
2025/05/10 22:17:00.921,n,6.899323,46.282084,0.000136,1.227545e-05,-0.000104,9.113754e-06,9.509612,9.62668,9.468614,9.527214,9.65743,10.10927,10.165246,9.94993,9.801366,9.727634,0,0,0,0,0,0
2025/05/10 22:18:00.921,n,6.868511,46.295416,0.000147,7.085595e-06,-0.000109,6.31799e-06,9.500826,9.629642,9.459862,9.527214,9.654518,10.10927,10.162398,9.944088,9.792986,9.724768,0,0,0,0,0,0
2025/05/10 22:19:00.925,n,6.783356,46.517636,0.000152,1.017687e-05,-0.000104,5.778102e-06,9.487698,9.62377,9.46279,9.524268,9.65011,10.10927,10.159648,9.944088,9.792986,9.723256,0,0,0,0,0,0
2025/05/10 22:20:00.926,n,6.688191,46.994636,0.000131,8.694852e-06,-0.00012,9.031486e-06,9.486234,9.619426,9.451044,9.519876,9.647182,10.114902,10.159648,9.944088,9.798584,9.721792,0,0,0,0,0,0
2025/05/10 22:21:00.931,n,6.629792,47.30782,0.00011,9.653678e-06,-0.000131,5.426077e-06,9.473022,9.609142,9.442326,9.500826,9.638362,10.114902,10.162398,9.930926,9.795818,9.726234,0,0,0,0,0,0
2025/05/10 22:22:00.912,n,6.584675,47.431648,0.000121,8.530756e-06,-0.000142,7.490981e-06,9.483304,9.587196,9.451044,9.502306,9.622306,10.11212,10.168092,9.935336,9.801366,9.71595,0,0,0,0,0,0
2025/05/10 22:23:00.916,n,6.526226,47.587216,9.415408e-05,8.107427e-06,-0.000153,9.020178e-06,9.468614,9.595982,9.432044,9.49793,9.610608,10.11212,10.159648,9.929478,9.804182,9.70863,0,0,0,0,0,0
2025/05/10 22:24:00.920,n,6.546376,47.782936,0.00021,6.503192e-06,-3.314631e-05,6.992227e-06,9.508976,9.624648,9.463556,9.530922,9.643634,10.091356,10.141748,9.964004,9.78064,9.741656,0,0,0,0,0,0
2025/05/10 22:25:00.920,n,6.499645,47.951732,0.00021,4.226011e-06,-3.849129e-05,4.340437e-06,9.489942,9.624648,9.466532,9.52801,9.6334,10.088492,10.141748,9.958162,9.78064,9.74021,0,0,0,0,0,0
2025/05/10 22:26:00.921,n,6.422741,47.888212,0.000189,8.065009e-06,-5.497164e-05,4.861293e-06,9.478246,9.612934,9.45334,9.519226,9.629008,10.091356,10.144498,9.949376,9.783404,9.7344,0,0,0,0,0,0
2025/05/10 22:27:00.923,n,6.406044,47.712672,0.000184,6.160207e-06,-6.046509e-05,6.253764e-06,9.467996,9.611438,9.44309,9.51485,9.62172,10.088492,10.138984,9.945032,9.783404,9.73144,0,0,0,0,0,0
2025/05/10 22:28:00.927,n,6.362587,47.771216,0.000184,9.664712e-06,-7.1452e-05,7.357712e-06,9.460676,9.611438,9.437248,9.511906,9.615878,10.085728,10.138984,9.934782,9.786284,9.725616,0,0,0,0,0,0
2025/05/10 22:29:00.926,n,6.352577,47.672536,0.000178,1.042085e-05,-7.1452e-05,5.455047e-06,9.4563,9.601238,9.42993,9.494384,9.607028,10.088492,10.138984,9.928908,9.783404,9.718278,0,0,0,0,0,0
2025/05/10 22:30:00.926,n,6.325817,47.665844,0.000157,8.341399e-06,-7.679698e-05,7.708528e-06,9.438714,9.59533,9.42993,9.491406,9.59974,10.094122,10.141748,9.927428,9.789034,9.71683,0,0,0,0,0,0
2025/05/10 22:31:00.917,n,6.305752,47.824684,0.000178,3.287164e-05,-6.046509e-05,3.065099e-05,9.45921,9.588026,9.427016,9.501688,9.59533,10.07175,10.119344,9.937648,9.766664,9.721206,0,0,0,0,0,0
2025/05/10 22:32:00.914,n,6.32079,47.64578,0.000157,1.381697e-05,-9.312886e-05,1.315384e-05,9.44309,9.577794,9.42111,9.486998,9.586578,10.08288,10.133352,9.933334,9.786284,9.719742,0,0,0,0,0,0
2025/05/10 22:33:00.917,n,6.28236,47.577272,0.000147,1.016785e-05,-9.847384e-05,4.924447e-06,9.434274,9.571952,9.405072,9.484118,9.567576,10.085728,10.136118,9.91721,9.783404,9.700706,0,0,0,0,0,0
2025/05/10 22:34:00.920,n,6.248913,47.772828,0.000126,8.76905e-06,-0.00012,6.752303e-06,9.422576,9.560272,9.400646,9.478246,9.55583,10.088492,10.138984,9.9114,9.794664,9.691986,0,0,0,0,0,0
2025/05/10 22:35:00.921,n,6.265728,47.94676,0.000221,7.954688e-06,-2.225451e-05,6.397964e-06,9.43097,9.58469,9.413336,9.489488,9.565624,10.03039,10.072352,9.927004,9.73645,9.710502,0,0,0,0,0,0
2025/05/10 22:36:00.922,n,6.239022,48.153936,0.000221,9.976096e-06,-3.85864e-05,5.647342e-06,9.41628,9.577306,9.401654,9.48511,9.570066,10.033154,10.078078,9.922596,9.733668,9.704692,0,0,0,0,0,0
2025/05/10 22:37:00.925,n,6.22398,48.137232,0.0002,6.020847e-06,-4.393138e-05,6.217261e-06,9.407494,9.568586,9.395798,9.47047,9.5598,10.033154,10.078078,9.916788,9.733668,9.697338,0,0,0,0,0,0
2025/05/10 22:38:00.926,n,6.192196,48.180644,0.000189,1.113037e-05,-6.041174e-05,6.202347e-06,9.403118,9.562744,9.385518,9.466076,9.551016,10.033154,10.07533,9.905088,9.742048,9.697338,0,0,0,0,0,0
2025/05/10 22:39:00.927,n,6.163727,48.162284,0.000184,9.131208e-06,-7.125017e-05,6.758733e-06,9.39287,9.562744,9.388462,9.460188,9.549552,10.03039,10.07533,9.899182,9.739298,9.690018,0,0,0,0,0,0
2025/05/10 22:40:00.916,n,6.130329,48.078788,0.000173,7.281266e-06,-6.575672e-05,6.343295e-06,9.397278,9.543676,9.379644,9.455812,9.527604,10.035986,10.080926,9.906552,9.739298,9.68709,0,0,0,0,0,0
2025/05/10 22:41:00.915,n,6.054989,48.0637,0.000163,8.468666e-06,-9.30755e-05,5.894864e-06,9.398742,9.533396,9.367996,9.450004,9.5217,10.035986,10.07533,9.903624,9.74766,9.682746,0,0,0,0,0,0
2025/05/10 22:42:00.916,n,6.070076,48.367608,0.000158,5.407474e-06,-9.84205e-05,6.86261e-06,9.385518,9.53634,9.365052,9.448506,9.512916,10.033154,10.078078,9.891926,9.744844,9.679802,0,0,0,0,0,0
2025/05/10 22:43:00.918,n,6.029888,47.617412,0.000152,8.87347e-06,-0.000104,5.982424e-06,9.370892,9.529084,9.359146,9.448506,9.501232,10.02751,10.080926,9.88602,9.742048,9.676872,0,0,0,0,0,0
2025/05/10 22:44:00.922,n,6.039227,47.445936,0.000226,8.826466e-06,-3.320198e-05,7.556416e-06,9.40089,9.56782,9.393506,9.48581,9.541448,9.998156,10.04313,9.921928,9.707068,9.706856,0,0,0,0,0,0
2025/05/10 22:45:00.926,n,6.03249,47.596524,0.000231,9.385998e-06,-2.7857e-05,5.565865e-06,9.40089,9.573662,9.397946,9.474114,9.545858,9.992658,10.037402,9.924824,9.709948,9.711232,0,0,0,0,0,0
2025/05/10 22:46:00.926,n,6.01408,47.554724,0.00021,6.674172e-06,-3.320198e-05,9.386222e-06,9.39204,9.56198,9.374504,9.466776,9.532662,9.995406,10.04313,9.904324,9.712698,9.703944,0,0,0,0,0,0
2025/05/10 22:47:00.927,n,6.004025,47.461024,0.000194,7.851376e-06,-5.502732e-05,8.199593e-06,9.378912,9.551698,9.374504,9.45796,9.522414,9.998156,10.040346,9.902892,9.709948,9.698038,0,0,0,0,0,0
2025/05/10 22:48:00.932,n,5.999043,47.310392,0.000168,9.319974e-06,-6.586575e-05,9.811258e-06,9.367166,9.545858,9.365686,9.452118,9.520934,9.998156,10.04313,9.892626,9.715464,9.701016,0,0,0,0,0,0
2025/05/10 22:49:00.917,n,5.982342,46.884608,0.000173,6.591001e-06,-8.769108e-05,7.644176e-06,9.377448,9.532662,9.365686,9.452118,9.49897,9.995406,10.040346,9.902892,9.718326,9.682012,0,0,0,0,0,0
2025/05/10 22:50:00.921,n,5.997383,46.8662,0.000173,6.04419e-06,-7.685266e-05,8.074775e-06,9.370096,9.526792,9.358382,9.450638,9.494626,9.995406,10.04313,9.898482,9.718326,9.67757,0,0,0,0,0,0
2025/05/10 22:51:00.921,n,5.978974,45.93524,0.000173,7.8642e-06,-7.685266e-05,6.06888e-06,9.362758,9.526792,9.346686,9.449174,9.488722,9.989778,10.031804,9.894106,9.712698,9.687854,0,0,0,0,0,0
2025/05/10 22:52:00.923,n,6.007393,45.652232,0.000152,7.464201e-06,-9.318454e-05,5.350553e-06,9.345222,9.522414,9.340814,9.440422,9.479938,9.995406,10.04313,9.882408,9.715464,9.684876,0,0,0,0,0,0
2025/05/10 22:53:00.924,n,5.977265,45.348916,0.000136,9.393566e-06,-0.000104,8.002899e-06,9.342278,9.51656,9.331996,9.431604,9.47265,9.989778,10.031804,9.878032,9.715464,9.668818,0,0,0,0,0,0
2025/05/10 22:54:00.928,n,6.027508,45.766152,0.000131,8.541274e-06,-0.000104,5.428695e-06,9.327604,9.51947,9.331996,9.425732,9.471186,9.989778,10.031804,9.873622,9.718326,9.668818,0,0,0,0,0,0
2025/05/10 22:55:00.927,n,6.039227,45.597012,0.000141,6.035207e-06,-9.852952e-05,7.50046e-06,9.323228,9.510652,9.32025,9.421356,9.466776,9.987026,10.031804,9.873622,9.712698,9.67173,0,0,0,0,0,0
2025/05/10 22:56:00.929,n,6.0509,45.048672,0.000147,8.514156e-06,-0.000115,5.844019e-06,9.323228,9.503382,9.317308,9.412572,9.463864,9.987026,10.029022,9.866348,9.718326,9.661466,0,0,0,0,0,0
2025/05/10 22:57:00.935,n,6.064278,44.768348,0.000141,9.01545e-06,-0.00011,8.899276e-06,9.311466,9.494626,9.324692,9.402288,9.456494,9.987026,10.034652,9.864868,9.718326,9.665874,0,0,0,0,0,0
2025/05/10 22:58:00.920,n,6.106076,43.433436,0.00011,8.157308e-06,-0.000131,1.07586e-05,9.311466,9.4814,9.310002,9.405232,9.433116,9.989778,10.031804,9.866348,9.715464,9.655592,0,0,0,0,0,0
2025/05/10 22:59:00.919,n,6.16296,43.430116,0.00011,7.446353e-06,-0.000161,1.097985e-05,9.311466,9.482866,9.296842,9.405232,9.427212,9.989778,10.034652,9.86046,9.718326,9.649784,0,0,0,0,0,0
2025/05/10 23:00:00.924,n,6.184902,42.862312,0.00021,1.412517e-05,-2.438416e-05,1.00474e-05,9.330466,9.512132,9.321682,9.430108,9.454966,9.930926,9.97567,9.872158,9.66781,9.676124,0,0,0,0,0,0
2025/05/10 23:01:00.928,n,6.18153,43.01368,0.000268,3.110217e-05,2.683858e-05,3.714967e-05,9.336372,9.513596,9.333444,9.431588,9.462368,9.902908,9.947668,9.880976,9.642674,9.690702,0,0,0,0,0,0
2025/05/10 23:02:00.926,n,6.133045,43.30772,0.000247,1.088187e-05,1.065516e-05,5.572395e-06,9.326124,9.509156,9.32466,9.433084,9.452086,9.905674,9.942056,9.879478,9.63698,9.677604,0,0,0,0,0,0
2025/05/10 23:03:00.929,n,6.153115,43.326228,0.000215,1.46642e-05,-1.354572e-05,1.046753e-05,9.320218,9.504844,9.320218,9.41252,9.441836,9.914054,9.950516,9.870744,9.648318,9.674626,0,0,0,0,0,0
2025/05/10 23:04:00.931,n,6.184902,42.419736,0.000215,1.00707e-05,-1.354572e-05,5.589873e-06,9.314378,9.491618,9.315842,9.408162,9.441836,9.908554,9.950516,9.86194,9.651068,9.670218,0,0,0,0,0,0
2025/05/10 23:05:00.931,n,6.196572,42.258016,0.00021,8.48071e-06,-2.972914e-05,2.057361e-05,9.301152,9.481338,9.307056,9.402258,9.434484,9.914054,9.956146,9.86194,9.651068,9.66732,0,0,0,0,0,0
2025/05/10 23:06:00.932,n,6.204922,41.649228,0.000237,1.645402e-05,-3.522259e-05,2.194064e-05,9.2924,9.482834,9.301152,9.390576,9.42718,9.916902,9.956146,9.851674,9.651068,9.658536,0,0,0,0,0,0
2025/05/10 23:07:00.920,n,6.235047,41.986676,0.000173,2.432948e-05,-4.606102e-05,8.544846e-06,9.290936,9.469656,9.285128,9.399362,9.406698,9.919652,9.953298,9.858994,9.651068,9.64684,0,0,0,0,0,0
2025/05/10 23:08:00.923,n,6.263466,40.660504,0.000189,1.555437e-05,-6.788636e-05,8.824088e-06,9.282152,9.465246,9.274832,9.386134,9.396418,9.919652,9.956146,9.844336,9.659448,9.645342,0,0,0,0,0,0
2025/05/10 23:09:00.924,n,6.307019,40.426128,0.000173,8.160079e-06,-6.788636e-05,4.792896e-06,9.27771,9.46087,9.274832,9.38467,9.392008,9.92253,9.953298,9.840024,9.659448,9.635092,0,0,0,0,0,0
2025/05/10 23:10:00.926,n,6.32201,40.022808,0.000173,5.058388e-06,-7.872479e-05,6.736931e-06,9.271904,9.459392,9.266032,9.372974,9.38467,9.916902,9.953298,9.825364,9.659448,9.629252,0,0,0,0,0,0
2025/05/10 23:11:00.929,n,6.342129,39.509092,0.000173,7.539286e-06,-8.406978e-05,6.719074e-06,9.255782,9.454966,9.267462,9.37151,9.386134,9.911304,9.956146,9.825364,9.659448,9.638022,0,0,0,0,0,0
2025/05/10 23:12:00.931,n,6.357117,39.140192,0.000163,7.828306e-06,-8.406978e-05,4.810384e-06,9.255782,9.441836,9.258678,9.36419,9.37888,9.919652,9.956146,9.81658,9.665046,9.633644,0,0,0,0,0,0
2025/05/10 23:13:00.932,n,6.415615,38.302744,0.000152,6.106495e-06,-0.0001,6.006292e-06,9.248398,9.438892,9.252838,9.35835,9.372974,9.911304,9.956146,9.81217,9.662212,9.629252,0,0,0,0,0,0
2025/05/10 23:14:00.917,n,6.447399,38.596248,0.000152,5.156781e-06,-0.0001,5.850206e-06,9.254302,9.42718,9.239614,9.352476,9.355406,9.911304,9.950516,9.82242,9.665046,9.623426,0,0,0,0,0,0
2025/05/10 23:15:00.918,n,6.475819,37.792144,0.000126,7.853597e-06,-0.000117,6.722005e-06,9.242556,9.424202,9.233772,9.353942,9.348068,9.916902,9.950516,9.81658,9.662212,9.614594,0,0,0,0,0,0
2025/05/10 23:16:00.919,n,6.484169,37.275544,0.000131,7.390277e-06,-0.000122,6.758709e-06,9.230862,9.422804,9.232276,9.342196,9.34366,9.916902,9.950516,9.810704,9.665046,9.617556,0,0,0,0,0,0
2025/05/10 23:17:00.906,n,6.49252,36.99576,0.000126,7.244891e-06,-0.000128,4.924447e-06,9.244022,9.399362,9.241094,9.334908,9.348068,9.916902,9.950516,9.813636,9.665046,9.617556,0,0,0,0,0,0
2025/05/10 23:18:00.906,n,6.540028,37.096436,0.000243,8.61012e-06,-1.147176e-05,6.362575e-06,9.26146,9.421176,9.259996,9.353828,9.359668,9.86215,9.89863,9.832556,9.615928,9.64082,0,0,0,0,0,0
2025/05/10 23:19:00.928,n,6.536709,37.135448,0.000222,6.499218e-06,-1.696521e-05,7.772989e-06,9.23218,9.437332,9.226306,9.355292,9.350882,9.8594,9.90138,9.813552,9.613178,9.620338,0,0,0,0,0,0
2025/05/10 23:20:00.913,n,6.535046,37.167724,0.000212,8.280308e-06,-3.864208e-05,6.169604e-06,9.240996,9.413856,9.240996,9.340602,9.347938,9.8594,9.90138,9.820794,9.613178,9.627658,0,0,0,0,0,0
2025/05/10 23:21:00.917,n,6.504921,37.305032,0.000212,7.212274e-06,-2.780364e-05,6.963309e-06,9.24246,9.408016,9.230714,9.342066,9.337658,9.851006,9.887486,9.809112,9.6048,9.6218,0,0,0,0,0,0
2025/05/10 23:22:00.916,n,6.523327,36.884376,0.000212,7.253712e-06,-2.780364e-05,6.313196e-06,9.239532,9.418264,9.23509,9.342066,9.337658,9.856636,9.89863,9.813552,9.6048,9.624746,0,0,0,0,0,0
2025/05/10 23:23:00.923,n,6.501599,36.840236,0.000217,9.372776e-06,-3.314862e-05,6.326675e-06,9.22925,9.40364,9.223394,9.340602,9.325978,9.848256,9.90138,9.800358,9.60755,9.60859,0,0,0,0,0,0
2025/05/10 23:24:00.920,n,6.491589,37.15752,0.000201,7.464029e-06,-4.398706e-05,5.589866e-06,9.21749,9.402176,9.220466,9.340602,9.325978,9.86503,9.881772,9.80327,9.6048,9.60571,0,0,0,0,0,0
2025/05/10 23:25:00.906,n,6.449841,37.091408,0.000201,7.291726e-06,-4.948051e-05,4.877311e-06,9.223394,9.387486,9.220466,9.315696,9.325978,9.856636,9.8594,9.80327,9.60755,9.624746,0,0,0,0,0,0
2025/05/10 23:26:00.907,n,6.463173,37.082912,0.000196,9.118324e-06,-5.482549e-05,7.850225e-06,9.223394,9.388948,9.220466,9.31428,9.331818,9.839862,9.870628,9.806198,9.599154,9.620338,0,0,0,0,0,0
2025/05/10 23:27:00.910,n,6.428067,37.260936,0.000196,6.781893e-06,-6.031894e-05,6.994853e-06,9.216026,9.381612,9.210184,9.311352,9.311352,9.839862,9.88462,9.80179,9.6048,9.607124,0,0,0,0,0,0
2025/05/10 23:28:00.913,n,6.386318,37.542236,0.000185,6.421227e-06,-6.031894e-05,6.101072e-06,9.210184,9.378668,9.213146,9.311352,9.311352,9.842626,9.876128,9.79598,9.593526,9.611518,0,0,0,0,0,0
2025/05/10 23:29:00.913,n,6.321083,37.5355,0.000175,1.060603e-05,-7.130585e-05,7.039361e-06,9.2014,9.372828,9.196992,9.30691,9.29375,9.836998,9.876128,9.784284,9.613178,9.594014,0,0,0,0,0,0
2025/05/10 23:30:00.917,n,6.324452,37.821584,0.000159,8.493192e-06,-8.748926e-05,6.841258e-06,9.194016,9.371348,9.195528,9.312816,9.284902,9.848256,9.873378,9.781354,9.613178,9.592548,0,0,0,0,0,0
2025/05/10 23:31:00.921,n,6.302674,37.72344,0.000243,3.224587e-05,-2.231019e-05,3.531161e-05,9.204312,9.386038,9.195528,9.321568,9.295184,9.81741,9.848256,9.788628,9.574034,9.599836,0,0,0,0,0,0
2025/05/10 23:32:00.923,n,6.277626,38.02124,0.000201,8.277187e-06,-6.126777e-06,1.01436e-05,9.19112,9.386038,9.186712,9.31859,9.287846,9.81178,9.842626,9.77841,9.574034,9.589588,0,0,0,0,0,0
2025/05/10 23:33:00.929,n,6.212391,38.393216,0.000206,1.357426e-05,-5.482549e-05,8.654578e-06,9.174968,9.381612,9.177928,9.308376,9.280526,9.809014,9.851006,9.765248,9.588026,9.585212,0,0,0,0,0,0
2025/05/10 23:34:00.912,n,6.192322,38.369436,0.00018,1.013158e-05,-8.214428e-05,8.856968e-06,9.182336,9.356724,9.186712,9.284902,9.27906,9.820256,9.873378,9.775496,9.590776,9.594014,0,0,0,0,0,0
2025/05/10 23:35:00.911,n,6.142178,38.505176,0.000169,4.744742e-06,-8.214428e-05,7.36664e-06,9.185248,9.352348,9.177928,9.28931,9.274686,9.820256,9.86215,9.769592,9.599154,9.583732,0,0,0,0,0,0
2025/05/10 23:36:00.913,n,6.103699,38.535696,0.000175,8.521892e-06,-9.298272e-05,5.181461e-06,9.164704,9.347938,9.169112,9.28931,9.257034,9.823118,9.856636,9.765248,9.599154,9.573514,0,0,0,0,0,0
2025/05/10 23:37:00.916,n,6.10199,38.501856,0.000159,7.594602e-06,-9.83277e-05,6.230377e-06,9.158832,9.343546,9.155902,9.277596,9.246836,9.823118,9.8594,9.75643,9.593526,9.57057,0,0,0,0,0,0
2025/05/10 23:38:00.917,n,6.131336,38.39906,0.000233,9.510698e-06,-2.750438e-05,6.719158e-06,9.189672,9.367004,9.172088,9.301088,9.27031,9.771366,9.804978,9.78282,9.53076,9.594014,0,0,0,0,0,0
2025/05/10 23:39:00.923,n,6.112927,38.419424,0.000222,3.015783e-06,-3.284936e-05,5.794485e-06,9.17505,9.36995,9.172088,9.302568,9.267366,9.771366,9.799348,9.772602,9.555896,9.575012,0,0,0,0,0,0
2025/05/10 23:40:00.924,n,6.08617,38.314248,0.000201,1.065101e-05,-3.834281e-05,7.527979e-06,9.16184,9.361164,9.166232,9.306944,9.258596,9.7685,9.804978,9.76528,9.542002,9.580884,0,0,0,0,0,0
2025/05/10 23:41:00.923,n,6.067761,38.388904,0.000206,7.900258e-06,-2.750438e-05,6.357662e-06,9.153024,9.355258,9.158928,9.287878,9.248332,9.7685,9.796584,9.757974,9.536358,9.575012,0,0,0,0,0,0
2025/05/10 23:42:00.925,n,6.052723,38.409216,0.000212,7.32637e-06,-4.932972e-05,4.360908e-06,9.153024,9.35822,9.154488,9.290806,9.248332,9.7685,9.796584,9.750652,9.539122,9.573514,0,0,0,0,0,0
2025/05/10 23:43:00.912,n,6.025967,38.534756,0.000185,9.242862e-06,-6.016815e-05,7.531711e-06,9.163304,9.333346,9.158928,9.277662,9.254156,9.757358,9.804978,9.757974,9.54475,9.57205,0,0,0,0,0,0
2025/05/10 23:44:00.914,n,6.017517,38.619568,0.000191,9.083546e-06,-6.551313e-05,6.270732e-06,9.14868,9.331882,9.145702,9.271806,9.230746,9.765738,9.790954,9.753598,9.547502,9.570602,0,0,0,0,0,0
2025/05/10 23:45:00.916,n,5.979042,38.95526,0.000196,1.072486e-05,-6.016815e-05,6.270707e-06,9.141294,9.333346,9.139864,9.268846,9.230746,9.757358,9.793834,9.753598,9.539122,9.566194,0,0,0,0,0,0
