"Timestamp","TZ","TA_1_1_1","RH_1_1_1","PPFD_BC_IN_1_1_1","PPFD_BC_IN_1_1_1_SD","PPFD_BC_IN_1_1_2","PPFD_BC_IN_1_1_2_SD","TS_6_1_1","TS_6_2_1","TS_7_1_1","TS_7_2_1","TS_8_1_1","TS_8_2_1","TS_9_1_1","TS_9_2_1","TS_10_1_1","TS_10_2_1","P_1_2_1","P_1_3_1","P_1_4_1","1160CV","1038CV","1161CV"
2025/04/30 23:46:00.922,n,7.331505,60.137804,0.000215,6.348385e-06,-3.293056e-05,6.603277e-06,9.79769,9.859142,9.639648,9.654306,10.021488,10.379972,10.273876,10.022954,9.890576,9.809452,0,0,0,0,0,0
2025/04/30 23:47:00.926,n,7.274571,60.575208,0.000215,9.454842e-06,-1.659867e-05,6.089301e-06,9.796258,9.853334,9.629462,9.66166,10.012734,10.374472,10.262746,10.008292,9.884948,9.79769,0,0,0,0,0,0
2025/04/30 23:48:00.929,n,7.252793,60.211536,0.000221,6.932799e-06,-1.659867e-05,5.951042e-06,9.800668,9.854748,9.632392,9.64993,10.014166,10.363292,10.262746,10.00979,9.882196,9.803596,0,0,0,0,0,0
2025/04/30 23:49:00.928,n,7.204258,59.854064,0.000194,8.832904e-06,-4.376899e-05,7.312161e-06,9.775774,9.845996,9.611926,9.65141,10.001036,10.371592,10.268342,10.003884,9.893342,9.786008,0,0,0,0,0,0
2025/04/30 23:50:00.932,n,7.172421,60.131264,0.000194,1.031356e-05,-4.376899e-05,4.877369e-06,9.775774,9.84305,9.608948,9.638248,9.9922,10.36884,10.262746,9.9922,9.890576,9.786008,0,0,0,0,0,0
2025/04/30 23:51:00.933,n,7.10548,60.630872,0.000205,6.190959e-06,-5.490437e-05,5.638163e-06,9.76118,9.840138,9.60602,9.638248,9.984912,10.36884,10.259962,9.990754,9.893342,9.780184,0,0,0,0,0,0
2025/04/30 23:52:00.921,n,7.063584,60.6881,0.000189,7.902057e-06,-6.024935e-05,7.347192e-06,9.76702,9.82408,9.61339,9.616268,9.989352,10.357694,10.265496,9.995132,9.890576,9.786008,0,0,0,0,0,0
2025/04/30 23:53:00.921,n,7.03175,60.465492,0.000179,5.393839e-06,-6.57428e-05,6.31239e-06,9.755274,9.818222,9.594322,9.616268,9.974694,10.363292,10.262746,9.983448,9.890576,9.78456,0,0,0,0,0,0
2025/04/30 23:54:00.922,n,7.020031,60.31974,0.000179,6.90797e-06,-6.024935e-05,4.002518e-06,9.75233,9.810918,9.59289,9.611926,9.96446,10.366076,10.268342,9.97907,9.898938,9.77431,0,0,0,0,0,0
2025/04/30 23:55:00.925,n,6.942929,60.529356,0.000163,7.304648e-06,-9.291312e-05,9.305824e-06,9.734824,9.803596,9.576752,9.604572,9.954274,10.374472,10.265496,9.977654,9.896092,9.768436,0,0,0,0,0,0
2025/04/30 23:56:00.929,n,6.857041,60.820668,0.000158,4.077902e-06,-9.840658e-05,8.764702e-06,9.72755,9.80654,9.563574,9.604572,9.941078,10.374472,10.268342,9.965974,9.898938,9.75093,0,0,0,0,0,0
2025/04/30 23:57:00.928,n,6.813633,61.069204,0.000152,8.670526e-06,-9.291312e-05,1.660321e-05,9.726052,9.800668,9.573824,9.604572,9.93667,10.371592,10.257114,9.961532,9.901688,9.755274,0,0,0,0,0,0
2025/04/30 23:58:00.931,n,6.773594,61.366616,0.000142,7.939407e-06,-0.000104,6.720179e-06,9.712892,9.803596,9.562078,9.59289,9.933708,10.366076,10.265496,9.96446,9.898938,9.75233,0,0,0,0,0,0
2025/04/30 23:59:00.935,n,6.741738,60.952908,0.000237,8.068853e-06,-2.201093e-05,8.772548e-06,9.730332,9.81666,9.58248,9.616172,9.960002,10.31698,10.210888,9.974596,9.847036,9.76694,0,0,0,0,0,0
2025/05/01 00:00:00.938,n,6.704968,60.812328,0.000221,5.09275e-06,-2.765285e-05,9.095928e-06,9.72158,9.81082,9.570796,9.613274,9.951216,10.31698,10.213638,9.967276,9.86098,9.76694,0,0,0,0,0,0
2025/05/01 00:01:00.908,n,6.703308,61.332104,0.000258,3.515291e-05,2.683626e-05,3.472684e-05,9.725956,9.809356,9.586888,9.604458,9.955592,10.291726,10.188514,9.97606,9.827478,9.780102,0,0,0,0,0,0
2025/05/01 00:02:00.909,n,6.669911,61.288012,0.000242,8.202557e-06,-5.827514e-06,9.257418e-06,9.717138,9.802,9.58108,9.594242,9.95268,10.30297,10.19678,9.974596,9.84139,9.778622,0,0,0,0,0,0
2025/05/01 00:03:00.910,n,6.66156,61.116384,0.000247,9.2936e-06,-1.666595e-05,9.072904e-06,9.71421,9.794696,9.578168,9.588386,9.940932,10.300204,10.19678,9.968754,9.844238,9.769836,0,0,0,0,0,0
2025/05/01 00:04:00.914,n,6.628163,60.876048,0.00021,9.673664e-06,-2.765285e-05,7.339014e-06,9.708418,9.784478,9.569384,9.576672,9.932178,10.3141,10.202376,9.955592,9.852632,9.763996,0,0,0,0,0,0
2025/05/01 00:05:00.915,n,6.594765,60.995432,0.00021,8.552612e-06,-4.398474e-05,5.858454e-06,9.699634,9.778622,9.566422,9.575206,9.91464,10.3086,10.202376,9.964378,9.847036,9.76253,0,0,0,0,0,0
2025/05/01 00:06:00.917,n,6.553017,60.766428,0.0002,8.665458e-06,-4.932972e-05,6.524315e-06,9.693728,9.769836,9.548818,9.567886,9.910262,10.31135,10.208008,9.951216,9.849786,9.756708,0,0,0,0,0,0
2025/05/01 00:07:00.918,n,6.512879,60.619168,0.000194,4.712504e-06,-7.115505e-05,7.357669e-06,9.680566,9.76253,9.545906,9.56494,9.902942,10.31135,10.205258,9.945374,9.852632,9.7508,0,0,0,0,0,0
2025/05/01 00:08:00.922,n,6.5079,60.990552,0.000173,6.556412e-06,-7.115505e-05,3.617583e-06,9.680566,9.755242,9.542978,9.55619,9.892658,10.3086,10.202376,9.940932,9.85823,9.737638,0,0,0,0,0,0
2025/05/01 00:09:00.923,n,6.471131,61.16218,0.000163,7.573139e-06,-8.763542e-05,7.877372e-06,9.667436,9.744958,9.529818,9.5591,9.883938,10.31698,10.208008,9.93514,9.85823,9.736174,0,0,0,0,0,0
2025/05/01 00:10:00.907,n,6.404335,61.122976,0.000152,1.019792e-05,-0.000104,6.694755e-06,9.657218,9.7508,9.523976,9.55326,9.886882,10.322496,10.210888,9.919016,9.866708,9.727358,0,0,0,0,0,0
2025/05/01 00:11:00.909,n,6.384266,61.167116,0.000157,7.792081e-06,-0.000126,1.003633e-05,9.651314,9.7508,9.51807,9.540034,9.875184,10.31698,10.210888,9.916072,9.86098,9.725956,0,0,0,0,0,0
2025/05/01 00:12:00.911,n,6.362488,61.046168,0.000142,7.086142e-06,-0.000109,6.377216e-06,9.649848,9.742048,9.51659,9.532746,9.876632,10.3141,10.213638,9.919016,9.85823,9.730332,0,0,0,0,0,0
2025/05/01 00:13:00.917,n,6.332409,61.03142,0.000131,6.521245e-06,-0.000131,6.330655e-06,9.636686,9.723044,9.506372,9.52544,9.856148,10.322496,10.213638,9.908798,9.86386,9.718636,0,0,0,0,0,0
2025/05/01 00:14:00.916,n,6.298214,61.401928,0.000231,8.294338e-06,-2.785468e-05,5.114082e-06,9.64923,9.739998,9.517518,9.5468,9.8731,10.247402,10.13563,9.931626,9.791442,9.738534,0,0,0,0,0,0
2025/05/01 00:15:00.918,n,6.23132,61.798656,0.000231,8.250924e-06,-3.334813e-05,6.766052e-06,9.640444,9.73559,9.520414,9.539512,9.85994,10.250166,10.146826,9.924304,9.791442,9.734158,0,0,0,0,0,0
2025/05/01 00:16:00.920,n,6.222969,61.952664,0.000221,9.576758e-06,-2.785468e-05,5.275363e-06,9.634668,9.723938,9.508734,9.535072,9.854098,10.241772,10.138446,9.919928,9.79717,9.728284,0,0,0,0,0,0
2025/05/01 00:17:00.920,n,6.177853,61.857644,0.0002,7.54802e-06,-4.40381e-05,4.002599e-06,9.639046,9.723938,9.501412,9.535072,9.849722,10.236174,10.13563,9.919928,9.79717,9.718034,0,0,0,0,0,0
2025/05/01 00:18:00.924,n,6.18449,61.874,0.000194,7.832596e-06,-5.487653e-05,5.941333e-06,9.624372,9.72246,9.492626,9.527798,9.83215,10.25295,10.138446,9.912622,9.799952,9.712242,0,0,0,0,0,0
2025/05/01 00:19:00.911,n,6.181122,61.908424,0.000184,9.649194e-06,-7.135688e-05,5.440284e-06,9.606816,9.720996,9.483874,9.520414,9.839438,10.250166,10.14131,9.90237,9.811096,9.712242,0,0,0,0,0,0
2025/05/01 00:20:00.915,n,6.119259,61.9428,0.000179,6.148872e-06,-7.135688e-05,3.509089e-06,9.60096,9.716554,9.488202,9.508734,9.83363,10.250166,10.146826,9.89505,9.805564,9.713656,0,0,0,0,0,0
2025/05/01 00:21:00.916,n,6.065743,61.977224,0.000189,1.181436e-05,-7.685034e-05,5.412429e-06,9.606816,9.70196,9.480946,9.504356,9.821932,10.23902,10.130082,9.893586,9.802716,9.70196,0,0,0,0,0,0
2025/05/01 00:22:00.916,n,6.059101,61.882252,0.000173,1.040808e-05,-9.318222e-05,8.874198e-06,9.599528,9.693174,9.47504,9.504356,9.814594,10.247402,10.13563,9.890642,9.802716,9.706336,0,0,0,0,0,0
2025/05/01 00:23:00.917,n,6.015545,62.266968,0.000163,9.180452e-06,-0.000104,7.451426e-06,9.593622,9.687332,9.466256,9.498484,9.80436,10.250166,10.14131,9.879008,9.808346,9.696086,0,0,0,0,0,0
2025/05/01 00:24:00.918,n,6.027264,62.18186,0.000163,9.538368e-06,-0.000104,5.673183e-06,9.581926,9.677114,9.456038,9.494106,9.791198,10.247402,10.132832,9.880422,9.811096,9.691708,0,0,0,0,0,0
2025/05/01 00:25:00.920,n,6.002217,62.149148,0.000157,7.904672e-06,-0.000123,8.649044e-06,9.57462,9.66973,9.45015,9.49113,9.783894,10.250166,10.138446,9.877542,9.811096,9.684388,0,0,0,0,0,0
2025/05/01 00:26:00.921,n,5.978729,62.245676,0.000136,9.920906e-06,-0.000115,4.411623e-06,9.570244,9.66833,9.444278,9.486722,9.782394,10.244554,10.13563,9.867326,9.813942,9.684388,0,0,0,0,0,0
2025/05/01 00:27:00.925,n,5.956951,62.338892,0.000142,5.767472e-06,-0.000115,5.204163e-06,9.565836,9.672706,9.441366,9.486722,9.76632,10.244554,10.127234,9.87458,9.805564,9.678514,0,0,0,0,0,0
2025/05/01 00:28:00.911,n,5.915108,62.450124,0.000136,7.81038e-06,-0.000121,6.109774e-06,9.548298,9.665354,9.432596,9.469184,9.773674,10.241772,10.132832,9.854098,9.811096,9.672706,0,0,0,0,0,0
2025/05/01 00:29:00.912,n,5.895039,62.65774,0.000126,9.04785e-06,-0.000128,7.73826e-06,9.539512,9.6566,9.425276,9.466256,9.76632,10.244554,10.130082,9.852666,9.811096,9.672706,0,0,0,0,0,0
2025/05/01 00:30:00.916,n,5.898327,62.500648,0.000242,6.533713e-06,-1.904149e-05,8.898952e-06,9.566748,9.675082,9.44963,9.483322,9.787782,10.156898,10.05084,9.878438,9.731832,9.700006,0,0,0,0,0,0
2025/05/01 00:31:00.917,n,5.89325,62.379652,0.000279,3.146609e-05,3.218124e-05,3.188759e-05,9.575564,9.6941,9.468698,9.500858,9.795054,10.131758,10.022922,9.885744,9.701098,9.710222,0,0,0,0,0,0
2025/05/01 00:32:00.915,n,5.896618,62.381264,0.000258,1.218143e-05,-4.82533e-07,1.025937e-05,9.568226,9.678028,9.459862,9.486298,9.789212,10.137404,10.022922,9.878438,9.706708,9.70435,0,0,0,0,0,0
2025/05/01 00:33:00.917,n,5.827919,62.510464,0.000247,9.147324e-06,-8.20306e-06,1.118742e-05,9.557994,9.672154,9.446734,9.483322,9.780428,10.145686,10.031316,9.872582,9.709574,9.698526,0,0,0,0,0,0
2025/05/01 00:34:00.920,n,5.811219,62.845424,0.000237,7.212632e-06,-2.987993e-05,9.620286e-06,9.54921,9.659024,9.436468,9.477482,9.759928,10.148502,10.031316,9.871118,9.717968,9.68678,0,0,0,0,0,0
2025/05/01 00:35:00.922,n,5.79784,62.646108,0.000221,9.455936e-06,-2.987993e-05,9.05619e-06,9.547744,9.654584,9.433508,9.476016,9.755616,10.142904,10.036816,9.868172,9.720718,9.682402,0,0,0,0,0,0
2025/05/01 00:36:00.923,n,5.699063,62.762124,0.000189,9.489484e-06,-4.606334e-05,7.760516e-06,9.531686,9.645864,9.414506,9.459862,9.73951,10.154082,10.036816,9.85649,9.723482,9.675082,0,0,0,0,0,0
2025/05/01 00:37:00.915,n,5.724159,62.930384,0.000189,1.002016e-05,-7.338213e-05,1.104091e-05,9.519926,9.648742,9.407136,9.45111,9.74971,10.154082,10.039696,9.84627,9.72908,9.669242,0,0,0,0,0,0
2025/05/01 00:38:00.910,n,5.725819,63.02018,0.000189,9.927156e-06,-6.803715e-05,9.687344e-06,9.516996,9.63558,9.398352,9.448164,9.72485,10.154082,10.045212,9.83454,9.72908,9.663402,0,0,0,0,0,0
2025/05/01 00:39:00.915,n,5.690613,62.958168,0.000194,1.332316e-05,-6.803715e-05,2.593968e-05,9.511142,9.625362,9.396874,9.44379,9.729228,10.15968,10.036816,9.830196,9.73746,9.663402,0,0,0,0,0,0
2025/05/01 00:40:00.917,n,5.675576,62.807924,0.000152,9.349314e-06,-7.338213e-05,2.949363e-05,9.508244,9.620954,9.392562,9.436468,9.720474,10.154082,10.045212,9.831662,9.73746,9.648742,0,0,0,0,0,0
2025/05/01 00:41:00.917,n,5.663857,62.729504,0.000216,2.172216e-05,-8.422056e-05,9.34769e-06,9.497996,9.613602,9.386656,9.429164,9.711688,10.162528,10.039696,9.83454,9.72908,9.657558,0,0,0,0,0,0
2025/05/01 00:42:00.919,n,5.625332,62.784972,0.000205,2.764459e-05,-0.000106,8.291417e-06,9.49061,9.606328,9.379336,9.42329,9.700006,10.1513,10.045212,9.827252,9.73471,9.644398,0,0,0,0,0,0
2025/05/01 00:43:00.922,n,5.609856,62.822396,0.000233,2.22217e-05,-3.298623e-05,1.75702e-05,9.524792,9.634604,9.40468,9.454526,9.722378,10.122956,10.011272,9.85701,9.700772,9.675604,0,0,0,0,0,0
2025/05/01 00:44:00.925,n,5.618206,62.890948,0.000228,2.369325e-05,-1.650588e-05,9.569714e-06,9.520414,9.634604,9.406146,9.463346,9.726818,10.117342,10.005724,9.864316,9.695142,9.674138,0,0,0,0,0,0
2025/05/01 00:45:00.924,n,5.604874,62.938312,0.000186,1.902792e-05,-2.734431e-05,5.662306e-06,9.516036,9.630196,9.385648,9.450118,9.709216,10.120108,10.011272,9.845312,9.703522,9.66389,0,0,0,0,0,0
2025/05/01 00:46:00.912,n,5.608197,62.819072,0.000228,9.334656e-06,-2.185086e-05,9.107372e-06,9.502828,9.627252,9.397344,9.444278,9.72534,10.11456,10.005724,9.838008,9.700772,9.665354,0,0,0,0,0,0
2025/05/01 00:47:00.912,n,5.571331,63.001984,0.000218,8.519314e-06,-6.000808e-05,7.461919e-06,9.48529,9.625788,9.390088,9.438372,9.707784,10.117342,9.997374,9.830686,9.703522,9.66389,0,0,0,0,0,0
2025/05/01 00:48:00.918,n,5.537785,63.003644,0.000202,7.667568e-06,-5.451463e-05,4.836231e-06,9.494042,9.611224,9.390088,9.433996,9.704838,10.111712,9.997374,9.824812,9.700772,9.65948,0,0,0,0,0,0
2025/05/01 00:49:00.919,n,5.549553,62.998716,0.000202,1.270531e-05,-5.451463e-05,9.996568e-06,9.48529,9.606784,9.373934,9.432532,9.694622,10.111712,10.002876,9.830686,9.700772,9.662424,0,0,0,0,0,0
2025/05/01 00:50:00.921,n,5.542862,63.068928,0.000191,6.649738e-06,-7.084651e-05,5.827998e-06,9.482346,9.60532,9.36515,9.417906,9.681458,10.117342,10.005724,9.816026,9.711884,9.64191,0,0,0,0,0,0
2025/05/01 00:51:00.923,n,5.520989,62.822396,0.00017,7.080853e-06,-7.619149e-05,3.629082e-06,9.472064,9.59071,9.357798,9.41937,9.669698,10.11456,9.997374,9.818988,9.70627,9.640478,0,0,0,0,0,0
2025/05/01 00:52:00.925,n,5.519375,62.886016,0.000196,8.244972e-06,-8.702992e-05,7.506916e-06,9.46616,9.598,9.356332,9.41937,9.666768,10.111712,10.000126,9.814594,9.703522,9.637534,0,0,0,0,0,0
2025/05/01 00:53:00.928,n,5.504288,63.021564,0.000159,8.251707e-06,-8.168494e-05,5.461615e-06,9.460382,9.58775,9.349078,9.414928,9.662424,10.122956,9.98898,9.80584,9.709118,9.624322,0,0,0,0,0,0
2025/05/01 00:54:00.928,n,5.49252,62.95462,0.000159,6.052947e-06,-9.801684e-05,4.119194e-06,9.454526,9.58334,9.341708,9.406146,9.652174,10.11456,9.997374,9.80584,9.709118,9.625788,0,0,0,0,0,0
2025/05/01 00:55:00.915,n,5.467423,62.979132,0.000149,7.873066e-06,-0.000109,8.855726e-06,9.436908,9.57602,9.335852,9.395864,9.650694,10.136882,10.005724,9.786804,9.717512,9.619946,0,0,0,0,0,0
2025/05/01 00:56:00.916,n,5.475773,62.665508,0.000144,6.261919e-06,-0.000109,6.737075e-06,9.433996,9.56286,9.328516,9.388608,9.643388,10.136882,10.002876,9.789734,9.70627,9.617034,0,0,0,0,0,0
2025/05/01 00:57:00.917,n,5.458977,62.593536,0.000144,6.911335e-06,-0.000109,7.43776e-06,9.432532,9.55409,9.33001,9.385648,9.64923,10.092318,9.99173,9.786804,9.711884,9.622908,0,0,0,0,0,0
2025/05/01 00:58:00.919,n,5.410393,62.845244,0.000123,9.248032e-06,-0.00012,7.462817e-06,9.431068,9.557018,9.32557,9.375398,9.637534,10.128488,9.994576,9.786804,9.709118,9.61557,0,0,0,0,0,0
2025/05/01 00:59:00.923,n,5.407025,62.565752,0.000123,6.886993e-06,-0.000131,7.341783e-06,9.428156,9.5468,9.313826,9.372454,9.625788,10.106212,10.011272,9.782428,9.711884,9.606784,0,0,0,0,0,0
2025/05/01 01:00:00.925,n,5.386906,62.709652,0.000117,1.366494e-05,-0.000131,5.261317e-06,9.417906,9.545336,9.316786,9.371022,9.619946,10.106212,9.9861,9.775042,9.70627,9.602344,0,0,0,0,0,0
2025/05/01 01:01:00.927,n,5.447224,62.764064,0.000275,3.35314e-05,1.605118e-05,2.962339e-05,9.474324,9.60467,9.365914,9.431832,9.67344,10.033514,9.924646,9.832978,9.639094,9.660276,0,0,0,0,0,0
2025/05/01 01:02:00.928,n,5.427105,62.69214,0.000248,8.716e-06,-1.126761e-05,9.031698e-06,9.46702,9.594452,9.360024,9.426008,9.66174,10.041908,9.927428,9.827138,9.641942,9.654434,0,0,0,0,0,0
2025/05/01 01:03:00.930,n,5.403622,62.795072,0.000222,1.518257e-05,-1.126761e-05,9.918922e-06,9.45529,9.591508,9.346898,9.417192,9.652956,10.041908,9.935822,9.818384,9.64749,9.642738,0,0,0,0,0,0
2025/05/01 01:04:00.915,n,5.40025,62.770556,0.000217,7.878971e-06,-2.745102e-05,6.322778e-06,9.45233,9.581226,9.34397,9.409822,9.658862,10.041908,9.935822,9.811032,9.6532,9.642738,0,0,0,0,0,0
2025/05/01 01:05:00.916,n,5.390194,62.780424,0.000217,1.219457e-05,-2.745102e-05,7.671526e-06,9.44501,9.575386,9.340992,9.399638,9.652956,10.050256,9.933026,9.805158,9.650336,9.644186,0,0,0,0,0,0
2025/05/01 01:06:00.918,n,5.358357,63.093996,0.000222,1.111399e-05,-4.927636e-05,8.507278e-06,9.437738,9.576818,9.338062,9.4025,9.642738,10.055804,9.927428,9.80376,9.6532,9.633954,0,0,0,0,0,0
2025/05/01 01:07:00.923,n,5.370075,63.125,0.000172,8.959966e-06,-5.476981e-05,7.341695e-06,9.427472,9.56076,9.321926,9.389356,9.628048,10.047408,9.938574,9.79494,9.667192,9.629546,0,0,0,0,0,0
2025/05/01 01:08:00.925,n,5.351666,62.824512,0.000167,8.352851e-06,-7.644668e-05,5.802812e-06,9.423046,9.553438,9.321926,9.386444,9.622206,10.050256,9.941422,9.791994,9.683966,9.623672,0,0,0,0,0,0
2025/05/01 01:09:00.926,n,5.338238,62.726512,0.000162,9.08383e-06,-8.179166e-05,6.88385e-06,9.418672,9.547534,9.311678,9.38054,9.614918,10.055804,9.941422,9.790532,9.683966,9.617832,0,0,0,0,0,0
2025/05/01 01:10:00.928,n,5.314755,62.613676,0.000162,8.825588e-06,-8.728512e-05,4.621571e-06,9.415726,9.551974,9.310214,9.379074,9.609046,10.053006,9.933026,9.781778,9.672706,9.614918,0,0,0,0,0,0
2025/05/01 01:11:00.931,n,5.298004,62.420752,0.000157,9.404288e-06,-9.26301e-05,7.803719e-06,9.414262,9.54607,9.298468,9.382034,9.594452,10.055804,9.935822,9.775936,9.661594,9.61051,0,0,0,0,0,0
2025/05/01 01:12:00.933,n,5.309674,62.486184,0.000167,4.541631e-06,-8.728512e-05,6.429721e-06,9.401102,9.540246,9.288268,9.382034,9.591508,10.055804,9.924646,9.771528,9.650336,9.60467,0,0,0,0,0,0
2025/05/01 01:13:00.920,n,5.292927,62.657864,0.000151,1.13782e-05,-0.000104,7.143385e-06,9.396726,9.525556,9.289748,9.361506,9.601726,10.044658,9.935822,9.77737,9.667192,9.609046,0,0,0,0,0,0
2025/05/01 01:14:00.918,n,5.292927,62.742872,0.000141,5.969561e-06,-0.00012,7.210125e-06,9.393748,9.53146,9.295556,9.35565,9.594452,10.050256,9.930276,9.76131,9.667192,9.600262,0,0,0,0,0,0
2025/05/01 01:15:00.920,n,5.304695,62.404396,0.000146,4.712504e-06,-9.797508e-05,5.972265e-06,9.38498,9.521212,9.28534,9.358562,9.594452,10.047408,9.933026,9.756868,9.661594,9.591508,0,0,0,0,0,0
2025/05/01 01:16:00.926,n,5.304695,61.928028,0.000125,9.37312e-06,-0.000125,4.850968e-06,9.379074,9.513808,9.277988,9.349776,9.570976,10.044658,9.927428,9.755404,9.664344,9.595852,0,0,0,0,0,0
2025/05/01 01:17:00.927,n,5.296295,61.743456,0.000136,1.111759e-05,-0.000114,7.094524e-06,9.371786,9.510994,9.264828,9.346898,9.562224,10.047408,9.930276,9.74958,9.658812,9.588578,0,0,0,0,0,0
2025/05/01 01:18:00.929,n,5.346588,62.435452,0.00013,8.56808e-06,-0.000141,8.031461e-06,9.37029,9.506554,9.2619,9.342506,9.5666,10.044658,9.930276,9.74958,9.664344,9.581226,0,0,0,0,0,0
2025/05/01 01:19:00.931,n,5.319733,62.8,0.000125,6.192315e-06,-0.000125,5.391443e-06,9.367378,9.503624,9.257458,9.346898,9.559278,10.041908,9.921896,9.755404,9.664344,9.587066,0,0,0,0,0,0
2025/05/01 01:20:00.937,n,5.27789,62.335644,0.000104,7.212543e-06,-0.000136,5.688874e-06,9.358562,9.50953,9.248674,9.345434,9.554854,10.036264,9.924646,9.734922,9.658812,9.56948,0,0,0,0,0,0
2025/05/01 01:21:00.937,n,5.319733,62.144192,0.000115,5.218664e-06,-0.000147,5.55118e-06,9.348312,9.499248,9.244298,9.333688,9.535836,10.039144,9.927428,9.733488,9.661594,9.565136,0,0,0,0,0,0
2025/05/01 01:22:00.920,n,5.32481,62.286572,9.873952e-05,9.334518e-06,-0.000152,6.022349e-06,9.349776,9.488966,9.254546,9.318998,9.550494,10.036264,9.924646,9.724704,9.661594,9.576818,0,0,0,0,0,0
2025/05/01 01:23:00.923,n,5.302986,62.75752,0.000109,6.105543e-06,-0.000158,6.779989e-06,9.34397,9.483078,9.244298,9.317534,9.537316,10.039144,9.927428,9.724704,9.658812,9.5666,0,0,0,0,0,0
2025/05/01 01:24:00.923,n,5.328152,62.835948,0.000225,1.031281e-05,-2.174414e-05,8.012052e-06,9.36876,9.505024,9.266146,9.34675,9.55775,9.983138,9.863128,9.750996,9.594452,9.59873,0,0,0,0,0,0
2025/05/01 01:25:00.924,n,5.329815,62.71344,0.00022,1.113072e-05,-3.82245e-05,5.209954e-06,9.361442,9.503558,9.27205,9.34387,9.562126,9.971992,9.857434,9.749516,9.597202,9.59873,0,0,0,0,0,0
2025/05/01 01:26:00.928,n,5.326443,62.276772,0.00021,6.093788e-06,-4.371795e-05,7.034221e-06,9.361442,9.497718,9.25884,9.337966,9.546004,9.974744,9.86028,9.749516,9.605582,9.584074,0,0,0,0,0,0
2025/05/01 01:27:00.931,n,5.29295,62.58268,0.00022,5.852855e-06,-4.371795e-05,3.629104e-06,9.352656,9.494774,9.250024,9.335054,9.541596,9.97751,9.863128,9.740712,9.599952,9.573824,0,0,0,0,0,0
2025/05/01 01:28:00.934,n,5.291287,62.620328,0.000199,9.228034e-06,-5.455639e-05,7.110542e-06,9.342376,9.494774,9.24568,9.335054,9.535788,9.971992,9.863128,9.733456,9.594452,9.573824,0,0,0,0,0,0
2025/05/01 01:29:00.935,n,5.299637,62.50416,0.000199,7.5912e-06,-5.455639e-05,4.002438e-06,9.34387,9.485956,9.23392,9.333592,9.527002,9.97751,9.854682,9.730478,9.602832,9.562126,0,0,0,0,0,0
2025/05/01 01:30:00.936,n,5.311405,62.494352,0.000188,5.043298e-06,-5.990137e-05,4.491971e-06,9.336502,9.485956,9.229528,9.330662,9.519616,9.974744,9.851934,9.723174,9.605582,9.562126,0,0,0,0,0,0
2025/05/01 01:31:00.914,n,5.34158,62.34386,0.000251,3.339648e-05,-1.105418e-05,3.786307e-05,9.339432,9.49183,9.2442,9.324774,9.54306,9.949524,9.829612,9.72607,9.574734,9.582608,0,0,0,0,0,0
2025/05/01 01:32:00.917,n,5.338211,62.3422,0.000231,1.503636e-05,-2.738607e-05,1.30201e-05,9.332126,9.484494,9.242704,9.31459,9.538748,9.927216,9.837908,9.723174,9.588724,9.576752,0,0,0,0,0,0
2025/05/01 01:33:00.919,n,5.323124,62.265348,0.00021,9.603968e-06,-4.906293e-05,8.837728e-06,9.321878,9.469868,9.228014,9.2999,9.527002,9.960766,9.837908,9.715854,9.597202,9.568,0,0,0,0,0,0
2025/05/01 01:34:00.920,n,5.331524,62.212904,0.000199,8.518102e-06,-4.906293e-05,7.11053e-06,9.332126,9.466956,9.229528,9.2999,9.518184,9.957918,9.840756,9.708548,9.588724,9.562126,0,0,0,0,0,0
2025/05/01 01:35:00.923,n,5.306328,62.327504,0.000199,8.761534e-06,-5.990137e-05,6.634129e-06,9.31747,9.459586,9.228014,9.302844,9.506488,9.960766,9.840756,9.720228,9.594452,9.562126,0,0,0,0,0,0
2025/05/01 01:36:00.926,n,5.27615,62.234192,0.000183,7.844462e-06,-7.07398e-05,6.268723e-06,9.31747,9.450802,9.213424,9.29694,9.506488,9.955136,9.835158,9.708548,9.594452,9.562126,0,0,0,0,0,0
2025/05/01 01:37:00.926,n,5.272782,62.466564,0.000173,9.039636e-06,-9.256514e-05,7.551272e-06,9.304308,9.440552,9.20171,9.289618,9.487436,9.957918,9.846288,9.69825,9.597202,9.544538,0,0,0,0,0,0
2025/05/01 01:38:00.928,n,5.304714,62.540148,0.000162,9.259062e-06,-8.722016e-05,8.2465e-06,9.304308,9.442016,9.197268,9.289618,9.487436,9.960766,9.843538,9.69973,9.597202,9.546004,0,0,0,0,0,0
2025/05/01 01:39:00.930,n,5.29295,62.167152,0.000173,7.000853e-06,-8.722016e-05,4.991997e-06,9.292562,9.442016,9.194358,9.294026,9.480084,9.960766,9.835158,9.688032,9.597202,9.54306,0,0,0,0,0,0
2025/05/01 01:40:00.920,n,5.279522,62.049184,0.000162,9.57001e-06,-8.722016e-05,5.726955e-06,9.291082,9.439072,9.192894,9.277874,9.49331,9.955136,9.835158,9.689498,9.594452,9.547468,0,0,0,0,0,0
2025/05/01 01:41:00.919,n,5.254376,62.050844,0.000157,6.087638e-06,-8.722016e-05,5.861678e-06,9.289618,9.439072,9.191428,9.274994,9.487436,9.949524,9.83236,9.683688,9.588724,9.54306,0,0,0,0,0,0
2025/05/01 01:42:00.922,n,5.272782,62.379848,0.000152,9.053058e-06,-0.000109,6.446627e-06,9.288154,9.424478,9.185574,9.270554,9.477172,9.949524,9.835158,9.683688,9.588724,9.538748,0,0,0,0,0,0
2025/05/01 01:43:00.923,n,5.256035,62.5631,0.000152,6.979785e-06,-0.000109,5.828192e-06,9.28378,9.418574,9.185574,9.264714,9.483028,9.946742,9.829612,9.686568,9.588724,9.538748,0,0,0,0,0,0
2025/05/01 01:44:00.926,n,5.282841,62.543424,0.000162,8.821634e-06,-0.000109,6.287963e-06,9.277874,9.420038,9.18702,9.267626,9.465492,9.949524,9.835158,9.671974,9.588724,9.534308,0,0,0,0,0,0
2025/05/01 01:45:00.927,n,5.235916,62.549964,0.000125,7.494257e-06,-0.00012,6.952895e-06,9.270554,9.420038,9.167956,9.26177,9.46105,9.946742,9.826764,9.671974,9.585976,9.527002,0,0,0,0,0,0
2025/05/01 01:46:00.931,n,5.240898,62.587564,0.000115,1.168765e-05,-0.000125,5.405801e-06,9.263248,9.40979,9.166476,9.260304,9.450802,9.938362,9.82107,9.66903,9.588724,9.524058,0,0,0,0,0,0
2025/05/01 01:47:00.931,n,5.21072,62.610464,0.00012,1.10716e-05,-0.000109,5.399105e-06,9.263248,9.406828,9.157708,9.25736,9.44348,9.943992,9.82107,9.660214,9.58313,9.518184,0,0,0,0,0,0
2025/05/01 01:48:00.932,n,5.1721,62.594104,0.000131,1.121512e-05,-0.00012,5.073562e-06,9.260304,9.415662,9.159172,9.263248,9.44348,9.943992,9.818288,9.664588,9.591572,9.51672,0,0,0,0,0,0
2025/05/01 01:49:00.919,n,5.168778,62.786976,0.000125,8.048815e-06,-0.000141,9.452724e-06,9.248558,9.399508,9.154796,9.2442,9.447856,9.938362,9.829612,9.64853,9.591572,9.51524,0,0,0,0,0,0
2025/05/01 01:50:00.924,n,5.150372,62.9422,0.000131,7.71527e-06,-0.000136,7.44644e-06,9.2442,9.398044,9.15182,9.24568,9.442016,9.938362,9.818288,9.651428,9.585976,9.507936,0,0,0,0,0,0
2025/05/01 01:51:00.922,n,5.133526,63.026996,0.000241,1.019792e-05,-1.639684e-05,6.750937e-06,9.274814,9.4243,9.18245,9.266032,9.469704,9.869556,9.754998,9.680532,9.525538,9.538536,0,0,0,0,0,0
2025/05/01 01:52:00.925,n,5.140213,62.968208,0.000236,7.276828e-06,-2.203877e-05,5.292928e-06,9.268928,9.416914,9.178106,9.257214,9.460904,9.877918,9.757748,9.673278,9.520022,9.532728,0,0,0,0,0,0
2025/05/01 01:53:00.926,n,5.168728,62.757464,0.00022,6.869149e-06,-2.738375e-05,7.832662e-06,9.261622,9.415516,9.176642,9.258646,9.453616,9.877918,9.746652,9.670348,9.522774,9.531216,0,0,0,0,0,0
2025/05/01 01:54:00.930,n,5.160332,62.51884,0.00023,8.38912e-06,-3.28772e-05,4.30096e-06,9.25575,9.40382,9.161954,9.257214,9.446246,9.8724,9.75215,9.670348,9.520022,9.522446,0,0,0,0,0,0
2025/05/01 01:55:00.931,n,5.140213,62.574408,0.00022,8.320774e-06,-2.738375e-05,4.073891e-06,9.261622,9.406698,9.161954,9.263088,9.44771,9.866804,9.743772,9.667402,9.520022,9.526822,0,0,0,0,0,0
2025/05/01 01:56:00.934,n,5.113308,62.63818,0.00022,6.226747e-06,-3.822218e-05,5.426092e-06,9.238148,9.400858,9.151672,9.261622,9.43014,9.861258,9.743772,9.665938,9.520022,9.518038,0,0,0,0,0,0
2025/05/01 01:57:00.939,n,5.115017,62.602192,0.000215,8.492888e-06,-3.822218e-05,5.878967e-06,9.239646,9.400858,9.145832,9.249862,9.4243,9.875152,9.743772,9.654224,9.517142,9.500436,0,0,0,0,0,0
2025/05/01 01:58:00.920,n,5.119999,62.329048,0.000215,6.294431e-06,-4.906061e-05,4.305191e-06,9.23527,9.387666,9.148762,9.23234,9.431604,9.866804,9.746652,9.643992,9.522774,9.51366,0,0,0,0,0,0
2025/05/01 01:59:00.923,n,5.113308,62.085104,0.00021,8.200667e-06,-4.371563e-05,6.034537e-06,9.23527,9.390608,9.14289,9.230862,9.419858,9.866804,9.746652,9.643992,9.522774,9.509254,0,0,0,0,0,0
2025/05/01 02:00:00.925,n,5.066387,62.013032,0.00021,8.533558e-06,-4.906061e-05,5.777683e-06,9.233806,9.383256,9.14289,9.230862,9.418396,9.85291,9.741008,9.646936,9.522774,9.512182,0,0,0,0,0,0
2025/05/01 02:01:00.912,n,5.051251,62.26684,0.00023,3.529009e-05,2.146344e-05,3.070878e-05,9.24259,9.406698,9.150208,9.248398,9.43746,9.822144,9.701862,9.651314,9.48355,9.520968,0,0,0,0,0,0
2025/05/01 02:02:00.916,n,4.987431,62.304484,0.00023,9.448008e-06,-2.203877e-05,1.235966e-05,9.229364,9.38913,9.139928,9.236734,9.4243,9.838982,9.724248,9.643992,9.494774,9.51366,0,0,0,0,0,0
2025/05/01 02:03:00.924,n,4.984112,62.345404,0.000241,5.393839e-06,-2.203877e-05,1.077811e-05,9.226454,9.383256,9.151672,9.233806,9.418396,9.841732,9.721482,9.648434,9.497622,9.51659,0,0,0,0,0,0
2025/05/01 02:04:00.920,n,4.987431,62.414104,0.000236,1.138206e-05,-2.738375e-05,6.610561e-06,9.223524,9.380326,9.138514,9.224988,9.415516,9.836134,9.721482,9.635206,9.500372,9.510718,0,0,0,0,0,0
2025/05/01 02:05:00.924,n,4.963894,62.384664,0.00021,1.016163e-05,-4.906061e-05,6.832341e-06,9.21474,9.365686,9.128232,9.223524,9.406698,9.844514,9.724248,9.635206,9.514394,9.506342,0,0,0,0,0,0
2025/05/01 02:06:00.926,n,4.916874,62.348676,0.000194,7.304825e-06,-5.989905e-05,6.261068e-06,9.217652,9.359814,9.126768,9.216204,9.396448,9.838982,9.715854,9.623492,9.503154,9.490218,0,0,0,0,0,0
2025/05/01 02:07:00.913,n,4.8783,62.594036,0.000199,6.913391e-06,-5.989905e-05,8.129784e-06,9.20005,9.368598,9.112048,9.21178,9.396448,9.841732,9.721482,9.620548,9.506,9.491682,0,0,0,0,0,0
2025/05/01 02:08:00.914,n,4.874932,62.53354,0.000194,6.894492e-06,-7.073748e-05,5.589852e-06,9.185428,9.356854,9.114992,9.205956,9.393538,9.838982,9.718604,9.610268,9.511548,9.47849,0,0,0,0,0,0
2025/05/01 02:09:00.915,n,4.8783,62.772212,0.000194,9.351664e-06,-7.63794e-05,4.005745e-06,9.189802,9.353942,9.109136,9.201516,9.381792,9.838982,9.724248,9.607388,9.508766,9.47997,0,0,0,0,0,0
2025/05/01 02:10:00.916,n,4.854813,62.958444,0.000173,5.220768e-06,-8.721784e-05,6.374785e-06,9.176642,9.348102,9.101768,9.195676,9.381792,9.841732,9.715854,9.601482,9.508766,9.47849,0,0,0,0,0,0
2025/05/01 02:11:00.921,n,4.849736,62.97314,0.000178,9.059336e-06,-8.721784e-05,7.000115e-06,9.179522,9.342258,9.095926,9.194212,9.375984,9.84728,9.715854,9.605922,9.506,9.475594,0,0,0,0,0,0
2025/05/01 02:12:00.920,n,4.789238,63.097208,0.000157,8.476442e-06,-8.721784e-05,3.629348e-06,9.178106,9.33782,9.095926,9.188338,9.368598,9.838982,9.721482,9.595704,9.506,9.47265,0,0,0,0,0,0
2025/05/01 02:13:00.925,n,4.76912,63.200092,0.000173,6.111782e-06,-9.256282e-05,7.773323e-06,9.172202,9.32466,9.090072,9.18245,9.361294,9.838982,9.718604,9.602992,9.503154,9.466744,0,0,0,0,0,0
2025/05/01 02:14:00.925,n,4.767411,63.297944,0.000157,7.358042e-06,-8.721784e-05,6.680073e-06,9.167826,9.32466,9.092984,9.186892,9.352476,9.836134,9.713102,9.598552,9.506,9.47265,0,0,0,0,0,0
2025/05/01 02:15:00.928,n,4.77581,63.103708,0.000146,2.104195e-05,-9.256282e-05,6.210855e-06,9.167826,9.32025,9.088606,9.180986,9.351012,9.833256,9.713102,9.59276,9.503154,9.471186,0,0,0,0,0,0
2025/05/01 02:16:00.920,n,4.804375,63.113568,0.00012,2.635675e-05,-9.79078e-05,5.439393e-06,9.145832,9.326124,9.066614,9.172202,9.351012,9.836134,9.713102,9.581014,9.508766,9.462368,0,0,0,0,0,0
2025/05/01 02:17:00.919,n,4.820973,62.915952,0.000262,2.428723e-05,4.969162e-06,7.760516e-06,9.169876,9.336958,9.096562,9.191884,9.361928,9.752036,9.628942,9.600666,9.427472,9.477612,0,0,0,0,0,0
2025/05/01 02:18:00.918,n,4.765553,62.657696,0.000241,1.685721e-05,-1.655923e-05,5.382388e-06,9.159596,9.335494,9.081906,9.178692,9.351648,9.754786,9.626178,9.594778,9.43032,9.470324,0,0,0,0,0,0
2025/05/01 02:19:00.919,n,4.72522,62.73128,0.000231,8.230231e-06,-5.7208e-06,5.087514e-06,9.159596,9.323798,9.083352,9.177228,9.353112,9.752036,9.631788,9.590384,9.42194,9.474634,0,0,0,0,0,0
2025/05/01 02:20:00.921,n,4.666432,62.734556,0.000241,7.835564e-06,-2.205269e-05,4.52975e-06,9.158196,9.315012,9.074536,9.177228,9.344328,9.746392,9.626178,9.588904,9.424692,9.470324,0,0,0,0,0,0
2025/05/01 02:21:00.924,n,4.663113,62.946956,0.000215,8.255933e-06,-3.838457e-05,6.281102e-06,9.144972,9.312052,9.068712,9.168444,9.332614,9.749188,9.626178,9.583096,9.427472,9.45861,0,0,0,0,0,0
2025/05/01 02:22:00.926,n,4.612671,63.190216,0.00021,1.058604e-05,-3.303959e-05,5.396271e-06,9.144972,9.30618,9.064288,9.159596,9.325276,9.740892,9.626178,9.575746,9.424692,9.460074,0,0,0,0,0,0
2025/05/01 02:23:00.927,n,4.575611,63.426836,0.000225,9.214304e-06,-2.739767e-05,4.372326e-06,9.140562,9.301802,9.064288,9.17282,9.317924,9.743642,9.631788,9.578688,9.42194,9.463002,0,0,0,0,0,0
2025/05/01 02:24:00.931,n,4.590748,63.33216,0.000215,8.828808e-06,-3.838457e-05,5.778256e-06,9.137602,9.297394,9.055504,9.161076,9.309108,9.746392,9.623394,9.575746,9.42194,9.449792,0,0,0,0,0,0
2025/05/01 02:25:00.916,n,4.590748,63.183724,0.00021,6.664487e-06,-3.838457e-05,6.488363e-06,9.118538,9.298858,9.051128,9.156716,9.312052,9.735262,9.617798,9.565496,9.42194,9.438064,0,0,0,0,0,0
2025/05/01 02:26:00.917,n,4.579029,63.284892,0.000194,8.790386e-06,-5.471646e-05,6.27323e-06,9.11413,9.291522,9.049648,9.15229,9.307644,9.743642,9.623394,9.558156,9.42194,9.442472,0,0,0,0,0,0
2025/05/01 02:27:00.917,n,4.594166,63.200032,0.000215,7.739345e-06,-4.387802e-05,3.617382e-06,9.125874,9.284202,9.045224,9.150812,9.300324,9.740892,9.612072,9.558156,9.419094,9.441008,0,0,0,0,0,0
2025/05/01 02:28:00.922,n,4.590748,63.265316,0.00021,6.034136e-06,-4.9223e-05,7.48232e-06,9.127354,9.291522,9.042312,9.156716,9.301802,9.732496,9.612072,9.569902,9.40795,9.435102,0,0,0,0,0,0
2025/05/01 02:29:00.921,n,4.575611,63.320736,0.000204,7.158335e-06,-5.471646e-05,5.798524e-06,9.111218,9.285698,9.03496,9.15229,9.287112,9.732496,9.614918,9.556676,9.42194,9.427814,0,0,0,0,0,0
2025/05/01 02:30:00.928,n,4.560524,63.260384,0.000194,9.309434e-06,-5.471646e-05,5.391473e-06,9.105346,9.278328,9.02468,9.14938,9.278328,9.732496,9.614918,9.547924,9.424692,9.424884,0,0,0,0,0,0
2025/05/01 02:31:00.924,n,4.535328,63.242464,0.000252,3.19275e-05,-1.121425e-05,3.290429e-05,9.115594,9.288578,9.033528,9.158196,9.284202,9.715756,9.58417,9.566974,9.399476,9.441008,0,0,0,0,0,0
2025/05/01 02:32:00.931,n,4.498318,63.523028,0.000231,9.13432e-06,-1.655923e-05,6.471254e-06,9.10681,9.284202,9.03496,9.153754,9.284202,9.710222,9.581322,9.550836,9.393848,9.42347,0,0,0,0,0,0
2025/05/01 02:33:00.929,n,4.451199,63.650128,0.00022,8.267504e-06,-2.739767e-05,6.823945e-06,9.102384,9.292986,9.026128,9.14938,9.275418,9.701844,9.581322,9.550836,9.388348,9.427814,0,0,0,0,0,0
2025/05/01 02:34:00.917,n,4.380593,63.596416,0.000204,7.879299e-06,-4.387802e-05,6.281115e-06,9.096562,9.263672,9.030536,9.143506,9.273952,9.707474,9.592548,9.547924,9.402354,9.430758,0,0,0,0,0,0
2025/05/01 02:35:00.917,n,4.395729,63.832648,0.000173,1.038048e-05,-6.555489e-05,9.338928e-06,9.086282,9.254952,9.023216,9.125874,9.260728,9.713006,9.592548,9.542116,9.405104,9.424884,0,0,0,0,0,0
2025/05/01 02:36:00.919,n,4.360379,63.990608,0.000183,7.800035e-06,-6.555489e-05,7.664008e-06,9.083352,9.257848,9.017344,9.117058,9.262208,9.721368,9.58417,9.539154,9.40795,9.420528,0,0,0,0,0,0
2025/05/01 02:37:00.924,n,4.377224,64.070396,0.000168,9.649328e-06,-6.555489e-05,5.589909e-06,9.084818,9.250512,9.00565,9.122946,9.244672,9.713006,9.5898,9.534746,9.402354,9.40878,0,0,0,0,0,0
2025/05/01 02:38:00.922,n,4.390698,63.922248,0.000173,6.917315e-06,-8.173831e-05,7.209811e-06,9.076,9.243194,9.00565,9.120002,9.235888,9.713006,9.592548,9.537674,9.410716,9.405836,0,0,0,0,0,0
2025/05/01 02:39:00.924,n,4.34021,63.658332,0.000162,9.157628e-06,-8.173831e-05,5.162289e-06,9.071658,9.247568,8.998248,9.118538,9.238798,9.710222,9.5898,9.527426,9.402354,9.413188,0,0,0,0,0,0
2025/05/01 02:40:00.928,n,4.304909,63.676204,0.000152,1.005093e-05,-9.821866e-05,6.103215e-06,9.058434,9.246168,8.988,9.112664,9.227102,9.713006,9.5898,9.512832,9.40795,9.389714,0,0,0,0,0,0
2025/05/01 02:41:00.930,n,4.299832,63.581724,0.000157,1.064348e-05,-0.000104,8.84047e-06,9.048152,9.237288,8.979216,9.111218,9.219734,9.715756,9.592548,9.50839,9.413562,9.385304,0,0,0,0,0,0
2025/05/01 02:42:00.935,n,4.30325,63.570248,0.000152,6.864257e-06,-9.821866e-05,5.153022e-06,9.043778,9.240264,8.977752,9.111218,9.213878,9.715756,9.586952,9.49814,9.405104,9.38093,0,0,0,0,0,0
2025/05/01 02:43:00.917,n,4.281323,63.511604,0.000152,9.270774e-06,-9.27252e-05,4.878718e-06,9.051128,9.221198,8.983624,9.09069,9.219734,9.707474,9.58417,9.515678,9.40795,9.395554,0,0,0,0,0,0
2025/05/01 02:44:00.922,n,4.305447,63.28886,0.000241,7.87766e-06,-5.869271e-06,7.466874e-06,9.087046,9.261558,9.028356,9.135454,9.254222,9.679588,9.547924,9.551698,9.365964,9.43302,0,0,0,0,0,0
2025/05/01 02:45:00.922,n,4.323902,63.062008,0.00023,8.144391e-06,-2.205269e-05,6.851907e-06,9.082638,9.251308,9.012204,9.126638,9.242524,9.68512,9.559068,9.538472,9.385712,9.416898,0,0,0,0,0,0
2025/05/01 02:46:00.925,n,4.285572,63.088176,0.00023,9.052774e-06,-1.670771e-05,6.54934e-06,9.075334,9.249844,9.006332,9.128118,9.243938,9.68512,9.54506,9.53995,9.374438,9.425668,0,0,0,0,0,0
2025/05/01 02:47:00.925,n,4.283863,63.145304,0.00022,5.18825e-06,-3.289112e-05,5.226117e-06,9.06354,9.249844,9.00342,9.126638,9.227836,9.68237,9.556318,9.534128,9.377318,9.418362,0,0,0,0,0,0
2025/05/01 02:48:00.929,n,4.280495,63.021136,0.000215,5.060176e-06,-3.289112e-05,8.116968e-06,9.056236,9.243938,8.990196,9.12955,9.217554,9.679588,9.547924,9.525312,9.380082,9.406634,0,0,0,0,0,0
2025/05/01 02:49:00.930,n,4.245339,63.124064,0.00021,8.22866e-06,-3.82361e-05,4.002518e-06,9.05186,9.251308,8.988732,9.125174,9.214644,9.676742,9.550688,9.518006,9.374438,9.406634,0,0,0,0,0,0
2025/05/01 02:50:00.931,n,4.206814,63.372112,0.00021,7.574674e-06,-4.372955e-05,6.308398e-06,9.047452,9.238116,8.982892,9.117854,9.204394,9.679588,9.550688,9.520902,9.382834,9.40076,0,0,0,0,0,0
2025/05/01 02:51:00.932,n,4.169949,63.391692,0.000215,8.689576e-06,-4.372955e-05,6.592006e-06,9.034228,9.23662,8.981428,9.114926,9.20293,9.673992,9.547924,9.50631,9.377318,9.397882,0,0,0,0,0,0
2025/05/01 02:52:00.919,n,4.109646,63.390032,0.000225,9.299992e-06,-4.907453e-05,5.503382e-06,9.04158,9.221996,8.985852,9.103166,9.208772,9.671112,9.539546,9.518006,9.377318,9.412488,0,0,0,0,0,0
2025/05/01 02:53:00.920,n,4.092846,63.1665,0.00021,6.537667e-06,-4.907453e-05,3.924824e-06,9.0401,9.21902,8.981428,9.095862,9.199954,9.665516,9.539546,9.512148,9.37169,9.406634,0,0,0,0,0,0
2025/05/01 02:54:00.921,n,4.081082,63.2269,0.000199,8.700422e-06,-5.471646e-05,6.774103e-06,9.028356,9.210234,8.968204,9.091454,9.186776,9.668364,9.54506,9.501868,9.382834,9.392008,0,0,0,0,0,0
2025/05/01 02:55:00.924,n,4.057644,63.615032,0.000178,7.925564e-06,-6.020991e-05,6.741245e-06,9.029854,9.214644,8.969668,9.097326,9.188242,9.671112,9.54506,9.503382,9.377318,9.392008,0,0,0,0,0,0
2025/05/01 02:56:00.928,n,4.032498,63.716108,0.000178,9.60222e-06,-6.020991e-05,5.03721e-06,9.019572,9.207306,8.960836,9.100238,9.177928,9.671112,9.539546,9.496028,9.37169,9.386134,0,0,0,0,0,0
2025/05/01 02:57:00.928,n,4.012379,63.473236,0.000178,9.079564e-06,-7.639332e-05,7.986578e-06,9.012204,9.201466,8.949108,9.088542,9.163304,9.668364,9.536666,9.493098,9.377318,9.375886,0,0,0,0,0,0
2025/05/01 02:58:00.936,n,4.022438,63.644428,0.000173,1.02651e-05,-8.173831e-05,6.089865e-06,9.00342,9.205842,8.946196,9.081174,9.163304,9.665516,9.536666,9.476994,9.380082,9.367102,0,0,0,0,0,0
2025/05/01 02:59:00.934,n,3.988892,63.680268,0.000167,1.06165e-05,-7.089987e-05,4.637407e-06,8.997548,9.19849,8.944734,9.088542,9.163304,9.665516,9.531166,9.481338,9.368844,9.374422,0,0,0,0,0,0
2025/05/01 03:00:00.934,n,3.987183,63.492816,0.000173,6.414986e-06,-7.639332e-05,5.660245e-06,8.990196,9.204394,8.932988,9.081174,9.16184,9.662734,9.531166,9.475496,9.374438,9.367102,0,0,0,0,0,0
2025/05/01 03:01:00.904,n,4.022438,63.174652,0.000236,2.948662e-05,-2.205269e-05,3.577407e-05,9.00926,9.210234,8.963796,9.085582,9.175016,9.623426,9.503072,9.481338,9.340846,9.392008,0,0,0,0,0,0
2025/05/01 03:02:00.908,n,3.955395,63.143648,0.000215,7.857955e-06,-3.289112e-05,7.438021e-06,9.00342,9.207306,8.950572,9.07826,9.173552,9.626274,9.50595,9.48428,9.349224,9.386134,0,0,0,0,0,0
2025/05/01 03:03:00.908,n,3.900025,63.359028,0.000204,8.440704e-06,-6.555489e-05,7.146188e-06,8.99314,9.188242,8.944734,9.069428,9.16184,9.634668,9.5087,9.476994,9.354868,9.380262,0,0,0,0,0,0
2025/05/01 03:04:00.913,n,3.893288,63.437296,0.000178,9.616604e-06,-7.639332e-05,9.312868e-06,8.981428,9.182402,8.937428,9.059164,9.150078,9.640168,9.514298,9.468176,9.354868,9.37735,0,0,0,0,0,0
2025/05/01 03:05:00.912,n,3.86311,63.239936,0.000162,9.07088e-06,-8.173831e-05,6.741868e-06,8.976986,9.169112,8.934452,9.050396,9.145702,9.640168,9.517176,9.462336,9.365964,9.364142,0,0,0,0,0,0
2025/05/01 03:06:00.914,n,3.841286,63.36396,0.000188,1.23744e-05,-8.723176e-05,5.66053e-06,8.971166,9.166232,8.928644,9.044476,9.138398,9.643048,9.514298,9.466712,9.35207,9.367102,0,0,0,0,0,0
2025/05/01 03:07:00.917,n,3.841286,63.662348,0.000167,7.075195e-06,-9.257674e-05,6.334532e-06,8.974108,9.166232,8.934452,9.048918,9.128118,9.634668,9.5087,9.462336,9.354868,9.37291,0,0,0,0,0,0
2025/05/01 03:08:00.922,n,3.816189,63.593892,0.000146,5.363575e-06,-0.000104,5.629291e-06,8.969668,9.157432,8.919764,9.047452,9.128118,9.63742,9.517176,9.46087,9.365964,9.364142,0,0,0,0,0,0
2025/05/01 03:09:00.920,n,3.816189,63.504192,0.000146,1.045551e-05,-0.000104,5.444379e-06,8.959356,9.153024,8.919764,9.044476,9.117854,9.631822,9.5087,9.455014,9.357616,9.355356,0,0,0,0,0,0
2025/05/01 03:10:00.910,n,3.811108,63.58896,0.000131,6.760525e-06,-0.000125,7.066517e-06,8.946196,9.154488,8.905108,9.037172,9.120766,9.63742,9.5087,9.438892,9.365964,9.352412,0,0,0,0,0,0
2025/05/01 03:11:00.910,n,3.737282,63.66728,0.000141,7.291726e-06,-0.000114,4.805211e-06,8.941804,9.155952,8.915356,9.034228,9.120766,9.631822,9.514298,9.441806,9.357616,9.35098,0,0,0,0,0,0
2025/05/01 03:12:00.914,n,3.738991,63.70468,0.000146,7.225517e-06,-0.00012,7.663692e-06,8.935948,9.142774,8.900732,9.031332,9.11639,9.63742,9.51145,9.443268,9.363214,9.34213,0,0,0,0,0,0
2025/05/01 03:13:00.915,n,3.717163,63.701508,0.000146,9.818612e-06,-0.000125,7.361728e-06,8.937428,9.135454,8.902148,9.018108,9.103166,9.634668,9.5087,9.44034,9.363214,9.346572,0,0,0,0,0,0
2025/05/01 03:14:00.913,n,3.72636,63.744964,0.000225,7.007309e-06,-2.734431e-05,5.884445e-06,8.96521,9.158798,8.924074,9.039986,9.125076,9.578624,9.45285,9.465182,9.310148,9.364042,0,0,0,0,0,0
2025/05/01 03:15:00.916,n,3.734707,63.707516,0.000215,1.175944e-05,-2.199933e-05,6.666994e-06,8.956394,9.147086,8.918234,9.041516,9.113364,9.58147,9.45285,9.45931,9.3074,9.359634,0,0,0,0,0,0
2025/05/01 03:16:00.919,n,3.72802,63.780804,0.00022,6.888681e-06,-2.734431e-05,5.073124e-06,8.95786,9.154424,8.915242,9.039986,9.103084,9.570244,9.447222,9.460774,9.299022,9.366972,0,0,0,0,0,0
2025/05/01 03:17:00.924,n,3.721329,63.639008,0.000215,5.385209e-06,-2.734431e-05,4.621676e-06,8.947578,9.151462,8.913828,9.044394,9.10899,9.561852,9.444456,9.463718,9.30452,9.353794,0,0,0,0,0,0
2025/05/01 03:18:00.925,n,3.743157,63.58852,0.000215,7.912349e-06,-3.283776e-05,6.3457e-06,8.949042,9.148518,8.909388,9.039986,9.104548,9.570244,9.444456,9.457828,9.299022,9.356724,0,0,0,0,0,0
2025/05/01 03:19:00.915,n,3.72802,63.387936,0.000204,9.27579e-06,-4.916965e-05,9.402846e-06,8.92998,9.139734,8.900618,9.032668,9.10899,9.561852,9.444456,9.444684,9.296174,9.358202,0,0,0,0,0,0
2025/05/01 03:20:00.915,n,3.721329,63.544476,0.000194,7.634812e-06,-6.550153e-05,7.556135e-06,8.931458,9.129452,8.8947,9.017978,9.097212,9.575874,9.444456,9.435866,9.310148,9.346474,0,0,0,0,0,0
2025/05/01 03:21:00.916,n,3.719669,63.56728,0.000204,6.159788e-06,-7.084651e-05,7.49139e-06,8.924074,9.130934,8.890324,9.019458,9.085452,9.567494,9.441626,9.431522,9.30177,9.347938,0,0,0,0,0,0
2025/05/01 03:22:00.916,n,3.702824,63.518352,0.000199,7.276118e-06,-6.550153e-05,6.903387e-06,8.924074,9.125076,8.893268,9.016514,9.086932,9.56473,9.441626,9.427082,9.30452,9.336192,0,0,0,0,0,0
2025/05/01 03:23:00.917,n,3.67265,63.656928,0.000204,7.102713e-06,-6.550153e-05,3.550538e-06,8.918234,9.119238,8.887396,9.012138,9.078148,9.561852,9.447222,9.427082,9.30177,9.342032,0,0,0,0,0,0
2025/05/01 03:24:00.921,n,3.682705,63.64394,0.000188,8.342483e-06,-5.46631e-05,6.862493e-06,8.9197,9.119238,8.88886,9.017978,9.079612,9.55635,9.430384,9.437298,9.299022,9.342032,0,0,0,0,0,0
2025/05/01 03:25:00.922,n,3.679337,63.516792,0.000199,1.376301e-05,-6.550153e-05,5.409415e-06,8.913828,9.113364,8.880028,9.010674,9.064922,9.5591,9.436012,9.42565,9.30452,9.327408,0,0,0,0,0,0
2025/05/01 03:26:00.927,n,3.650822,63.485788,0.000178,6.963849e-06,-7.633997e-05,4.698983e-06,8.906458,9.106012,8.87417,9.010674,9.053228,9.55635,9.433134,9.427082,9.287782,9.325978,0,0,0,0,0,0
2025/05/01 03:27:00.926,n,3.652531,63.459664,0.000178,8.623164e-06,-7.084651e-05,4.691278e-06,8.904994,9.10899,8.859484,9.004834,9.053228,9.550722,9.433134,9.412424,9.296174,9.320104,0,0,0,0,0,0
2025/05/01 03:28:00.916,n,3.612248,63.5852,0.000178,9.833142e-06,-7.633997e-05,5.777599e-06,8.890324,9.104548,8.863924,8.993074,9.048834,9.547874,9.424756,9.408016,9.299022,9.325978,0,0,0,0,0,0
2025/05/01 03:29:00.913,n,3.613957,63.738424,0.000157,1.168439e-05,-9.252338e-05,9.121582e-06,8.884484,9.095732,8.860964,8.984242,9.053228,9.5591,9.427538,9.405104,9.30177,9.321568,0,0,0,0,0,0
2025/05/01 03:30:00.916,n,3.60043,63.736812,0.000168,5.616769e-06,-9.252338e-05,6.444923e-06,8.882988,9.088396,8.85802,8.984242,9.04298,9.547874,9.427538,9.39632,9.296174,9.317192,0,0,0,0,0,0
2025/05/01 03:31:00.913,n,3.615566,63.702584,0.000215,3.047897e-05,-3.818274e-05,3.337031e-05,8.887396,9.097212,8.865388,8.991578,9.053228,9.52274,9.399638,9.405104,9.270926,9.327408,0,0,0,0,0,0
2025/05/01 03:32:00.920,n,3.576992,63.86552,0.000188,1.299784e-05,-4.916965e-05,5.434374e-06,8.893268,9.097212,8.862428,8.982762,9.044394,9.52274,9.402418,9.405104,9.273808,9.325978,0,0,0,0,0,0
2025/05/01 03:33:00.919,n,3.588761,63.619428,0.000183,1.015857e-05,-6.000808e-05,6.986954e-06,8.884484,9.081076,8.850684,8.98717,9.037044,9.528352,9.399638,9.402176,9.279306,9.325978,0,0,0,0,0,0
2025/05/01 03:34:00.921,n,3.608879,63.443356,0.000183,4.071878e-06,-8.168494e-05,7.094182e-06,8.872708,9.081076,8.846276,8.984242,9.028242,9.531134,9.405266,9.406584,9.279306,9.314248,0,0,0,0,0,0
2025/05/01 03:35:00.923,n,3.573624,63.66352,0.000173,6.765682e-06,-0.000104,9.397244e-06,8.865388,9.073708,8.837492,8.982762,9.013602,9.536732,9.410766,9.38607,9.282152,9.298128,0,0,0,0,0,0
2025/05/01 03:36:00.926,n,3.560146,63.6081,0.000162,6.897864e-06,-0.000104,5.890972e-06,8.85802,9.072292,8.822772,8.962234,9.004834,9.533982,9.410766,9.384574,9.284902,9.293718,0,0,0,0,0,0
2025/05/01 03:37:00.913,n,3.573624,63.541208,0.000157,6.979415e-06,-0.000104,5.890808e-06,8.846276,9.064922,8.83011,8.963732,9.012138,9.539512,9.410766,9.37286,9.29053,9.287878,0,0,0,0,0,0
2025/05/01 03:38:00.913,n,3.529972,63.466204,0.000152,8.11149e-06,-9.81653e-05,4.902493e-06,8.847774,9.0679,8.821308,8.959324,9.00773,9.528352,9.402418,9.381644,9.282152,9.301038,0,0,0,0,0,0
2025/05/01 03:39:00.912,n,3.529972,63.387936,0.000152,6.197216e-06,-9.81653e-05,5.261071e-06,8.846276,9.060548,8.827246,8.95786,9.003324,9.525586,9.399638,9.369916,9.282152,9.301038,0,0,0,0,0,0
2025/05/01 03:40:00.915,n,3.519913,63.384612,0.000146,6.271814e-06,-0.000109,5.391443e-06,8.847774,9.059082,8.822772,8.956394,9.000394,9.531134,9.408016,9.369916,9.279306,9.289342,0,0,0,0,0,0
2025/05/01 03:41:00.917,n,3.491299,63.448284,0.000141,9.579724e-06,-0.000114,9.476952e-06,8.836028,9.04298,8.811078,8.954916,8.988618,9.536732,9.408016,9.362578,9.29053,9.289342,0,0,0,0,0,0
2025/05/01 03:42:00.919,n,3.464493,63.523284,0.000136,6.699867e-06,-0.00012,4.289126e-06,8.833086,9.039986,8.809614,8.949042,8.979834,9.531134,9.408016,9.362578,9.287782,9.287878,0,0,0,0,0,0
2025/05/01 03:43:00.924,n,3.414593,63.683864,0.00023,8.488018e-06,-5.665123e-06,6.502416e-06,8.879474,9.080506,8.854506,8.990992,9.02621,9.497768,9.377514,9.408992,9.25165,9.323958,0,0,0,0,0,0
2025/05/01 03:44:00.924,n,3.386078,64.004816,0.00023,8.74323e-06,-1.650356e-05,5.087514e-06,8.86625,9.076098,8.838338,8.990992,9.014464,9.503382,9.377514,9.403118,9.257246,9.318136,0,0,0,0,0,0
2025/05/01 03:45:00.928,n,3.367573,64.296164,0.00023,8.195309e-06,-1.650356e-05,5.589868e-06,8.863306,9.078994,8.83541,8.988032,8.999842,9.503382,9.374748,9.389926,9.248884,9.31376,0,0,0,0,0,0
2025/05/01 03:46:00.914,n,3.370941,64.234308,0.000241,8.595102e-06,-1.115858e-05,5.226105e-06,8.853026,9.06437,8.838338,8.979248,9.02037,9.492236,9.374748,9.394302,9.257246,9.315174,0,0,0,0,0,0
2025/05/01 03:47:00.913,n,3.359173,64.100852,0.00023,7.126138e-06,-2.734199e-05,4.87864e-06,8.85597,9.067314,8.84125,8.970464,9.00716,9.492236,9.36637,9.392838,9.248884,9.31376,0,0,0,0,0,0
2025/05/01 03:48:00.918,n,3.362545,64.06018,0.000236,7.856311e-06,-2.199701e-05,6.942938e-06,8.84125,9.05853,8.833946,8.967536,8.998378,9.48664,9.36637,9.391374,9.254398,9.309318,0,0,0,0,0,0
2025/05/01 03:49:00.923,n,3.325581,64.0178,0.00023,8.79597e-06,-1.650356e-05,7.559239e-06,8.839786,9.052626,8.826628,8.963162,8.996898,9.494986,9.371998,9.38259,9.25165,9.302014,0,0,0,0,0,0
2025/05/01 03:50:00.921,n,3.313812,64.1074,0.00022,1.046823e-05,-2.734199e-05,6.034531e-06,8.84125,9.045306,8.820724,8.958688,8.990992,9.492236,9.36912,9.375236,9.25165,9.297574,0,0,0,0,0,0
2025/05/01 03:51:00.925,n,3.302044,64.268488,0.000225,1.076706e-05,-3.283544e-05,7.175251e-06,8.836874,9.046786,8.813372,8.964624,8.980746,9.48664,9.371998,9.372308,9.248884,9.29611,0,0,0,0,0,0
2025/05/01 03:52:00.926,n,3.290325,64.250612,0.000215,8.50049e-06,-2.734199e-05,3.644224e-06,8.832466,9.045306,8.8075,8.96165,8.974872,9.48664,9.363522,9.373772,9.257246,9.28879,0,0,0,0,0,0
2025/05/01 03:53:00.927,n,3.248333,64.322196,0.00022,8.626608e-06,-2.199701e-05,5.236589e-06,8.829538,9.043842,8.806036,8.957242,8.97193,9.483842,9.360774,9.370892,9.248884,9.290286,0,0,0,0,0,0
2025/05/01 03:54:00.928,n,3.238178,64.330344,0.000225,5.905155e-06,-2.199701e-05,6.166663e-06,8.817844,9.040898,8.800196,8.957242,8.964624,9.48664,9.363522,9.363554,9.25165,9.284414,0,0,0,0,0,0
2025/05/01 03:55:00.913,n,3.204586,64.356324,0.000251,8.66337e-06,-2.199701e-05,5.41513e-06,8.806036,9.034994,8.800196,8.94257,8.974872,9.483842,9.360774,9.353306,9.257246,9.28879,0,0,0,0,0,0
2025/05/01 03:56:00.917,n,3.228119,64.24568,0.000236,7.008047e-06,-5.665123e-06,6.984297e-06,8.80898,9.024746,8.798716,8.93821,8.960184,9.48664,9.357894,9.35477,9.257246,9.290286,0,0,0,0,0,0
2025/05/01 03:57:00.918,n,3.204586,64.078104,0.000251,6.340239e-06,-1.115858e-05,5.388048e-06,8.8075,9.02621,8.798716,8.932304,8.960184,9.478246,9.355144,9.35477,9.248884,9.290286,0,0,0,0,0,0
2025/05/01 03:58:00.921,n,3.228119,64.012916,0.000246,7.224802e-06,-3.201421e-07,4.060372e-06,8.801692,9.014464,8.78694,8.936712,8.946994,9.48664,9.355144,9.345986,9.254398,9.281484,0,0,0,0,0,0
2025/05/01 03:59:00.921,n,3.216351,63.991772,0.000262,5.270272e-06,5.024839e-06,7.852641e-06,8.795788,9.01009,8.782564,8.933784,8.948472,9.480994,9.357894,9.34893,9.25165,9.277076,0,0,0,0,0,0
2025/05/01 04:00:00.923,n,3.224751,63.939624,0.000267,4.791076e-06,1.616022e-05,6.762714e-06,8.791348,9.015928,8.778124,8.9264,8.939624,9.475398,9.355144,9.344522,9.246038,9.2727,0,0,0,0,0,0
2025/05/01 04:01:00.930,n,3.22641,63.869656,0.00033,3.298336e-05,8.668428e-05,3.19517e-05,8.806036,9.032098,8.779636,8.948472,8.945496,9.444734,9.321536,9.353306,9.22089,9.277076,0,0,0,0,0,0
2025/05/01 04:02:00.938,n,3.209664,63.76858,0.00033,7.663186e-06,8.668428e-05,7.823973e-06,8.789884,9.029154,8.778124,8.946994,8.945496,9.450248,9.321536,9.340112,9.223736,9.269724,0,0,0,0,0,0
2025/05/01 04:03:00.921,n,3.149067,63.65452,0.000346,8.883074e-06,9.202924e-05,5.860686e-06,8.794292,9.011586,8.784012,8.933784,8.935248,9.455876,9.33276,9.343042,9.229282,9.274164,0,0,0,0,0,0
2025/05/01 04:04:00.907,n,3.103706,63.853344,0.000346,7.453983e-06,9.75227e-05,6.034564e-06,8.775196,9.018872,8.775196,8.92793,8.932304,9.458626,9.327166,9.33276,9.229282,9.263884,0,0,0,0,0,0
2025/05/01 04:05:00.911,n,3.076801,64.066672,0.000357,8.08964e-06,0.000108,7.794899e-06,8.766382,9.002784,8.761972,8.905872,8.930842,9.455876,9.33276,9.32108,9.23491,9.266796,0,0,0,0,0,0
2025/05/01 04:06:00.911,n,3.03476,64.239188,0.000383,9.53566e-06,0.00013,6.331675e-06,8.759046,8.993938,8.76051,8.90737,8.92793,9.458626,9.33276,9.309318,9.24329,9.258012,0,0,0,0,0,0
2025/05/01 04:07:00.912,n,3.016255,64.44744,0.000399,9.093496e-06,0.000152,9.068102e-06,8.756166,8.993938,8.757566,8.902928,8.919096,9.458626,9.329914,9.316672,9.23766,9.2551,0,0,0,0,0,0
2025/05/01 04:08:00.912,n,3.007855,64.585572,0.000436,1.171012e-05,0.000184,1.231108e-05,8.75467,8.982208,8.75319,8.901498,8.910314,9.455876,9.341156,9.309318,9.240506,9.246266,0,0,0,0,0,0
2025/05/01 04:09:00.917,n,2.969185,64.655496,0.000462,1.520247e-05,0.000206,1.333866e-05,8.748734,8.980746,8.748734,8.89709,8.905872,9.458626,9.335526,9.309318,9.232114,9.2551,0,0,0,0,0,0
2025/05/01 04:10:00.918,n,2.954048,64.718872,0.000483,9.394804e-06,0.000233,7.499254e-06,8.748734,8.964624,8.742878,8.889722,8.89556,9.461474,9.329914,9.303478,9.24329,9.246266,0,0,0,0,0,0
2025/05/01 04:11:00.917,n,2.960785,64.739968,0.00052,1.088401e-05,0.000271,1.0019e-05,8.748734,8.964624,8.741414,8.885314,8.888256,9.464272,9.329914,9.30055,9.24329,9.243322,0,0,0,0,0,0
2025/05/01 04:12:00.921,n,2.964108,64.714044,0.000562,9.976356e-06,0.000315,1.333827e-05,8.738486,8.964624,8.732598,8.886778,8.886778,9.455876,9.327166,9.30055,9.23766,9.23597,0,0,0,0,0,0
2025/05/01 04:13:00.908,n,3.006466,64.563416,0.000719,1.784045e-05,0.000472,1.583515e-05,8.75005,8.990846,8.75005,8.90719,8.917438,9.403916,9.278052,9.315078,9.188664,9.25048,0,0,0,0,0,0
2025/05/01 04:14:00.909,n,3.009785,64.467468,0.000767,1.712394e-05,0.000516,1.725621e-05,8.747108,8.981998,8.744228,8.904246,8.910102,9.403916,9.275304,9.309172,9.183036,9.25048,0,0,0,0,0,0
2025/05/01 04:15:00.912,n,2.954315,64.376404,0.000803,1.260609e-05,0.000564,1.473433e-05,8.751514,8.995286,8.758916,8.90719,8.917438,9.401166,9.275304,9.317956,9.183036,9.268112,0,0,0,0,0,0
2025/05/01 04:16:00.912,n,2.93581,64.506532,0.000872,2.001064e-05,0.000624,1.814261e-05,8.74857,8.989432,8.75005,8.895478,8.910102,9.401166,9.278052,9.316492,9.188664,9.25492,0,0,0,0,0,0
2025/05/01 04:17:00.915,n,2.922333,64.63656,0.000932,1.997549e-05,0.000689,2.106343e-05,8.753012,8.981998,8.747108,8.899854,8.904246,9.395554,9.269674,9.316492,9.183036,9.25933,0,0,0,0,0,0
2025/05/01 04:18:00.916,n,2.912274,64.678848,0.001,2.129377e-05,0.000755,2.006222e-05,8.747108,8.973214,8.742732,8.895478,8.898376,9.39832,9.269674,9.312148,9.183036,9.253456,0,0,0,0,0,0
2025/05/01 04:19:00.917,n,2.905537,64.703208,0.00108,2.489039e-05,0.000836,2.237673e-05,8.745642,8.967374,8.741268,8.891006,8.88663,9.395554,9.272538,9.303332,9.191428,9.247568,0,0,0,0,0,0
2025/05/01 04:20:00.922,n,2.858418,64.799064,0.001122,2.149088e-05,0.000901,2.114375e-05,8.739788,8.961536,8.725102,8.88956,8.888094,9.39832,9.269674,9.309172,9.19418,9.244638,0,0,0,0,0,0
2025/05/01 04:21:00.925,n,2.836544,64.760048,0.001227,2.789618e-05,0.000985,2.73121e-05,8.733948,8.961536,8.728012,8.88663,8.873406,9.392774,9.269674,9.303332,9.188664,9.244638,0,0,0,0,0,0
2025/05/01 04:22:00.914,n,2.865154,64.708044,0.001301,2.604771e-05,0.001067,2.388863e-05,8.714804,8.96884,8.72502,8.877848,8.871944,9.395554,9.26416,9.290108,9.188664,9.240264,0,0,0,0,0,0
2025/05/01 04:23:00.914,n,2.841622,64.90468,0.001386,2.914847e-05,0.001159,2.816607e-05,8.710428,8.95415,8.722108,8.873406,8.870528,9.395554,9.269674,9.279858,9.185786,9.241696,0,0,0,0,0,0
2025/05/01 04:24:00.915,n,2.84494,65.078652,0.001491,3.014686e-05,0.001252,2.579893e-05,8.710428,8.943904,8.714804,8.869064,8.864592,9.387178,9.261312,9.2843,9.17744,9.23732,0,0,0,0,0,0
2025/05/01 04:25:00.919,n,2.836544,65.075476,0.001581,3.285807e-05,0.00135,3.259025e-05,8.710428,8.939478,8.71918,8.864592,8.863094,9.387178,9.26691,9.2843,9.183036,9.241696,0,0,0,0,0,0
2025/05/01 04:26:00.921,n,2.816326,65.01996,0.001691,3.405177e-05,0.001459,3.305626e-05,8.70895,8.933622,8.717732,8.867568,8.85872,9.387178,9.258564,9.2843,9.185786,9.23732,0,0,0,0,0,0
2025/05/01 04:27:00.921,n,2.782684,65.101556,0.001781,3.083562e-05,0.001568,3.253947e-05,8.707518,8.936534,8.710428,8.85872,8.845512,9.387178,9.258564,9.2843,9.180286,9.228536,0,0,0,0,0,0
2025/05/01 04:28:00.922,n,2.775997,65.13246,0.001881,3.235856e-05,0.001682,3.531523e-05,8.701696,8.923344,8.697304,8.861694,8.841104,9.384394,9.255782,9.278396,9.17744,9.22263,0,0,0,0,0,0
2025/05/01 04:29:00.926,n,2.752361,65.32802,0.001992,3.370522e-05,0.001797,3.725216e-05,8.692896,8.92484,8.700198,8.857254,8.833784,9.387178,9.261312,9.276946,9.188664,9.213846,0,0,0,0,0,0
2025/05/01 04:30:00.929,n,2.738888,65.32318,0.002134,3.892368e-05,0.001928,3.516507e-05,8.698736,8.932158,8.701696,8.866072,8.833784,9.376,9.247292,9.27249,9.17744,9.21095,0,0,0,0,0,0
2025/05/01 04:31:00.921,n,2.745674,65.266152,0.002303,1.414528e-05,0.002091,2.037767e-05,8.697304,8.93507,8.710428,8.867568,8.852912,9.342408,9.230568,9.288642,9.149444,9.234358,0,0,0,0,0,0
2025/05/01 04:32:00.917,n,2.713642,65.416052,0.002429,3.744697e-05,0.002216,3.651238e-05,8.697304,8.930696,8.70311,8.864592,8.83816,9.353666,9.224924,9.278396,9.157822,9.22411,0,0,0,0,0,0
2025/05/01 04:33:00.922,n,2.691815,65.473036,0.002561,4.120612e-05,0.002336,3.583121e-05,8.68852,8.914528,8.697304,8.854312,8.830856,9.353666,9.238914,9.271008,9.163418,9.218254,0,0,0,0,0,0
2025/05/01 04:34:00.922,n,2.732197,65.471376,0.002661,3.688637e-05,0.002461,3.87747e-05,8.679802,8.905726,8.68561,8.847008,8.820576,9.364808,9.233316,9.262224,9.160572,9.20651,0,0,0,0,0,0
2025/05/01 04:35:00.924,n,2.683369,65.430656,0.002803,3.941761e-05,0.002603,3.916509e-05,8.682666,8.905726,8.676826,8.848472,8.816168,9.370404,9.230568,9.257848,9.163418,9.212382,0,0,0,0,0,0
2025/05/01 04:36:00.926,n,2.679951,65.476256,0.00294,4.204828e-05,0.002744,4.139829e-05,8.666612,8.905726,8.670988,8.847008,8.80441,9.362026,9.233316,9.256384,9.160572,9.19626,0,0,0,0,0,0
2025/05/01 04:37:00.928,n,2.683369,65.487688,0.003098,4.253314e-05,0.002886,4.475347e-05,8.663702,8.902782,8.662236,8.835248,8.80148,9.364808,9.230568,9.25048,9.163418,9.190406,0,0,0,0,0,0
2025/05/01 04:38:00.930,n,2.651386,65.481192,0.003251,4.737407e-05,0.003049,4.723424e-05,8.654984,8.896944,8.659294,8.844032,8.797106,9.35643,9.241696,9.246104,9.166184,9.190406,0,0,0,0,0,0
2025/05/01 04:39:00.936,n,2.706951,65.459952,0.003388,4.118203e-05,0.003206,4.719221e-05,8.65352,8.899854,8.646168,8.835248,8.78533,9.367654,9.238914,9.234358,9.174562,9.17866,0,0,0,0,0,0
2025/05/01 04:40:00.919,n,2.705242,65.419228,0.003546,4.408336e-05,0.003359,4.902767e-05,8.649078,8.882224,8.660772,8.826416,8.797106,9.35643,9.233316,9.246104,9.166184,9.191884,0,0,0,0,0,0
2025/05/01 04:41:00.919,n,2.674969,65.432312,0.003714,4.785334e-05,0.003517,4.957773e-05,8.64477,8.874888,8.656398,8.808784,8.788258,9.362026,9.236068,9.234358,9.166184,9.186012,0,0,0,0,0,0
2025/05/01 04:42:00.920,n,2.679951,65.46488,0.003867,4.914894e-05,0.003685,5.008215e-05,8.640328,8.869064,8.656398,8.811728,8.78089,9.35643,9.22772,9.228536,9.166184,9.19478,0,0,0,0,0,0
2025/05/01 04:43:00.923,n,2.695187,65.500672,0.004024,4.983057e-05,0.003848,5.05292e-05,8.634522,8.877848,8.640328,8.820576,8.776546,9.35643,9.230568,9.225574,9.171812,9.177196,0,0,0,0,0,0
2025/05/01 04:44:00.926,n,2.70834,65.503488,0.004313,5.197466e-05,0.004125,4.890609e-05,8.662692,8.898652,8.674386,8.84722,8.79878,9.308034,9.187868,9.259604,9.12628,9.199466,0,0,0,0,0,0
2025/05/01 04:45:00.927,n,2.747059,65.4237,0.004471,4.996314e-05,0.004294,4.909507e-05,8.665604,8.907468,8.667068,8.84722,8.800246,9.302536,9.182174,9.247844,9.123516,9.205372,0,0,0,0,0,0
2025/05/01 04:46:00.927,n,2.768932,65.2445,0.004645,5.097233e-05,0.004462,5.139878e-05,8.655356,8.907468,8.665604,8.84722,8.794374,9.305286,9.179392,9.24498,9.120766,9.203906,0,0,0,0,0,0
2025/05/01 04:47:00.931,n,2.750427,65.264032,0.004818,5.212715e-05,0.004647,5.441189e-05,8.652478,8.901594,8.661228,8.8399,8.785542,9.308034,9.18502,9.24638,9.117888,9.196538,0,0,0,0,0,0
2025/05/01 04:48:00.933,n,2.768932,65.308028,0.004997,5.26574e-05,0.00481,5.058153e-05,8.643728,8.900098,8.648038,8.838436,8.78406,9.310882,9.182174,9.236164,9.123516,9.19213,0,0,0,0,0,0
2025/05/01 04:49:00.922,n,2.755459,65.138496,0.005165,5.174507e-05,0.005005,5.205096e-05,8.646606,8.881068,8.662692,8.825212,8.789998,9.308034,9.187868,9.23906,9.12628,9.19213,0,0,0,0,0,0
2025/05/01 04:50:00.919,n,2.777382,65.006416,0.00536,5.288302e-05,0.005179,5.599354e-05,8.636344,8.87513,8.655356,8.826692,8.781166,9.302536,9.179392,9.234684,9.120766,9.195058,0,0,0,0,0,0
2025/05/01 04:51:00.921,n,2.799206,65.037424,0.005543,5.94096e-05,0.005369,5.976482e-05,8.63932,8.873652,8.643728,8.822284,8.770886,9.308034,9.176544,9.227346,9.123516,9.18772,0,0,0,0,0,0
2025/05/01 04:52:00.926,n,2.74535,65.061936,0.005706,5.248124e-05,0.005538,5.184723e-05,8.632034,8.870756,8.634912,8.826692,8.760608,9.299656,9.176544,9.227346,9.117888,9.175992,0,0,0,0,0,0
2025/05/01 04:53:00.927,n,2.794178,65.135276,0.005895,5.511244e-05,0.005727,5.438757e-05,8.6247,8.870756,8.634912,8.823748,8.764998,9.302536,9.173796,9.214154,9.123516,9.175992,0,0,0,0,0,0
2025/05/01 04:54:00.929,n,2.811024,65.086348,0.006084,6.005189e-05,0.005901,5.594627e-05,8.620324,8.867812,8.629106,8.81054,8.763534,9.294142,9.168168,9.222972,9.117888,9.174528,0,0,0,0,0,0
2025/05/01 04:55:00.931,n,2.777382,65.017844,0.006278,6.172485e-05,0.006102,6.092669e-05,8.6247,8.867812,8.63057,8.817908,8.754702,9.291278,9.168168,9.217098,9.11239,9.170152,0,0,0,0,0,0
2025/05/01 04:56:00.938,n,2.784069,65.066764,0.006457,5.255681e-05,0.006275,5.360356e-05,8.60863,8.869276,8.615916,8.81054,8.748816,9.291278,9.162654,9.205372,9.11239,9.161336,0,0,0,0,0,0
2025/05/01 04:57:00.935,n,2.755459,65.23796,0.006635,5.723202e-05,0.006471,5.855733e-05,8.605702,8.863404,8.61738,8.807596,8.756166,9.294142,9.168168,9.203906,9.117888,9.161336,0,0,0,0,0,0
2025/05/01 04:58:00.921,n,2.794178,65.257492,0.006819,5.370219e-05,0.00666,5.662785e-05,8.611542,8.84722,8.6247,8.795854,8.748816,9.299656,9.168168,9.209746,9.120766,9.165744,0,0,0,0,0,0
2025/05/01 04:59:00.925,n,2.807606,65.2591,0.007034,6.379064e-05,0.006866,6.176769e-05,8.611542,8.853156,8.621788,8.801692,8.747382,9.285764,9.165418,9.21269,9.115138,9.162784,0,0,0,0,0,0
2025/05/01 05:00:00.907,n,2.800915,65.136932,0.007244,6.436868e-05,0.007067,6.138097e-05,8.595472,8.850164,8.618844,8.78263,8.75176,9.285764,9.159806,9.198,9.117888,9.165744,0,0,0,0,0,0
2025/05/01 05:01:00.912,n,2.863171,65.192352,0.007522,2.705094e-05,0.007371,2.861931e-05,8.614502,8.845788,8.632034,8.795854,8.75763,9.260518,9.131908,9.214154,9.089924,9.175992,0,0,0,0,0,0
2025/05/01 05:02:00.918,n,2.83627,65.04558,0.007695,4.736709e-05,0.007544,4.680518e-05,8.605702,8.84722,8.633498,8.800246,8.75763,9.266146,9.140286,9.209746,9.09552,9.165744,0,0,0,0,0,0
2025/05/01 05:03:00.917,n,2.832852,64.957832,0.00791,5.625282e-05,0.007755,6.324914e-05,8.607166,8.842844,8.623284,8.788534,8.743008,9.25767,9.145882,9.205372,9.09552,9.171618,0,0,0,0,0,0
2025/05/01 05:04:00.919,n,2.849697,64.810028,0.008119,6.064376e-05,0.00795,5.80126e-05,8.599848,8.829588,8.611542,8.788534,8.735722,9.268992,9.143052,9.198,9.092674,9.162784,0,0,0,0,0,0
2025/05/01 05:05:00.921,n,2.888416,64.553292,0.008271,4.758999e-05,0.00815,5.92312e-05,8.588168,8.8311,8.602824,8.781166,8.72985,9.263298,9.143052,9.19213,9.09552,9.149624,0,0,0,0,0,0
2025/05/01 05:06:00.923,n,2.943936,64.097724,0.00846,6.432756e-05,0.00834,5.914179e-05,8.583794,8.828156,8.598416,8.785542,8.728354,9.268992,9.145882,9.19213,9.098302,9.14668,0,0,0,0,0,0
2025/05/01 05:07:00.913,n,2.962441,64.154756,0.008706,6.788953e-05,0.008557,6.19388e-05,8.583794,8.82082,8.605702,8.767942,8.738568,9.266146,9.143052,9.178936,9.098302,9.149624,0,0,0,0,0,0
2025/05/01 05:08:00.913,n,2.943936,64.227952,0.008921,6.885694e-05,0.008789,7.097612e-05,8.583794,8.816412,8.601326,8.769406,8.73717,9.263298,9.137538,9.183312,9.09552,9.145184,0,0,0,0,0,0
2025/05/01 05:09:00.914,n,2.980946,64.325608,0.009204,7.908652e-05,0.009049,7.962e-05,8.580916,8.812004,8.604222,8.763534,8.728354,9.260518,9.137538,9.180432,9.092674,9.151088,0,0,0,0,0,0
2025/05/01 05:10:00.916,n,2.935486,64.273508,0.00946,7.719034e-05,0.009309,7.881843e-05,8.583794,8.813468,8.602824,8.773848,8.734258,9.243776,9.12916,9.178936,9.081548,9.159872,0,0,0,0,0,0
2025/05/01 05:11:00.918,n,2.932167,64.263788,0.009733,8.351249e-05,0.009585,8.625542e-05,8.582378,8.813468,8.591098,8.767942,8.724042,9.24093,9.120766,9.174528,9.084296,9.148158,0,0,0,0,0,0
2025/05/01 05:12:00.921,n,2.920399,64.678488,0.00997,7.881843e-05,0.009833,7.773682e-05,8.570668,8.803156,8.588168,8.769406,8.719636,9.24093,9.123516,9.178936,9.078782,9.134934,0,0,0,0,0,0
2025/05/01 05:13:00.924,n,2.932167,64.5988,0.010243,8.158946e-05,0.010078,7.615511e-05,8.570668,8.809126,8.583794,8.767942,8.710884,9.238148,9.123516,9.173064,9.075904,9.140776,0,0,0,0,0,0
2025/05/01 05:14:00.924,n,2.945645,64.48176,0.010553,0.000106,0.010404,0.000102,8.567726,8.804654,8.579418,8.760608,8.710884,9.246528,9.123516,9.161336,9.087144,9.134934,0,0,0,0,0,0
2025/05/01 05:15:00.924,n,2.952332,64.363008,0.010826,7.881843e-05,0.010664,7.594637e-05,8.567726,8.807596,8.575012,8.761972,8.702134,9.238148,9.115138,9.159872,9.075904,9.12615,0,0,0,0,0,0
2025/05/01 05:16:00.915,n,2.9641,64.128684,0.011167,0.000104,0.011,0.000102,8.56335,8.800246,8.585258,8.75763,8.710884,9.235302,9.115138,9.159872,9.075904,9.134934,0,0,0,0,0,0
2025/05/01 05:17:00.916,n,3.0079,64.177512,0.011461,8.82567e-05,0.011299,9.126328e-05,8.558976,8.789998,8.564782,8.741544,8.710884,9.229788,9.10676,9.158408,9.078782,9.136366,0,0,0,0,0,0
2025/05/01 05:18:00.919,n,3.026356,64.283316,0.011749,8.723146e-05,0.011634,9.732408e-05,8.56044,8.79291,8.575012,8.750296,8.712348,9.226924,9.115138,9.155464,9.070404,9.133472,0,0,0,0,0,0
2025/05/01 05:19:00.917,n,3.049893,64.415108,0.012011,8.074192e-05,0.011879,7.105063e-05,8.545818,8.787004,8.56626,8.738568,8.707942,9.235302,9.109542,9.149624,9.073154,9.12171,0,0,0,0,0,0
2025/05/01 05:20:00.920,n,3.085194,64.359788,0.012252,7.389816e-05,0.012095,6.449188e-05,8.554568,8.78406,8.56919,8.753222,8.70503,9.229788,9.098302,9.154,9.070404,9.117316,0,0,0,0,0,0
2025/05/01 05:21:00.925,n,3.080212,64.101044,0.012462,6.09484e-05,0.012317,6.481924e-05,8.550192,8.785542,8.558976,8.744472,8.693318,9.235302,9.10676,9.151088,9.070404,9.118782,0,0,0,0,0,0
2025/05/01 05:22:00.927,n,3.130654,64.19216,0.012635,5.325693e-05,0.012496,5.539974e-05,8.539978,8.78263,8.55751,8.743008,8.687512,9.22141,9.109542,9.140776,9.073154,9.108534,0,0,0,0,0,0
2025/05/01 05:23:00.925,n,3.140713,63.97238,0.012871,6.490083e-05,0.012724,6.831688e-05,8.541442,8.772382,8.550192,8.738568,8.688976,9.22141,9.10115,9.140776,9.064808,9.109998,0,0,0,0,0,0
2025/05/01 05:24:00.929,n,3.144081,63.644844,0.013112,7.127371e-05,0.012962,7.346726e-05,8.538514,8.78263,8.544354,8.740032,8.687512,9.22141,9.10115,9.140776,9.059164,9.105622,0,0,0,0,0,0
2025/05/01 05:25:00.914,n,3.147499,63.522528,0.013326,6.977304e-05,0.013184,6.440978e-05,8.539978,8.764998,8.553136,8.72554,8.694816,9.22141,9.10115,9.140776,9.067558,9.114406,0,0,0,0,0,0
2025/05/01 05:26:00.915,n,3.174355,63.524188,0.013593,8.139465e-05,0.013454,7.875126e-05,8.531228,8.76051,8.550192,8.7211,8.688976,9.218532,9.098302,9.136366,9.067558,9.114406,0,0,0,0,0,0
2025/05/01 05:27:00.919,n,3.1828,63.543768,0.013886,8.741326e-05,0.01373,8.508182e-05,8.53414,8.766446,8.547298,8.731314,8.691904,9.210152,9.087144,9.13199,9.062012,9.105622,0,0,0,0,0,0
2025/05/01 05:28:00.922,n,3.206337,63.535616,0.014159,8.382871e-05,0.014001,8.217109e-05,8.538514,8.770886,8.547298,8.722564,8.684602,9.210152,9.084296,9.127566,9.062012,9.096838,0,0,0,0,0,0
2025/05/01 05:29:00.922,n,3.229824,63.535616,0.014431,7.901959e-05,0.014271,7.995161e-05,8.53414,8.754702,8.542922,8.724042,8.686066,9.213032,9.087144,9.129028,9.062012,9.104124,0,0,0,0,0,0
2025/05/01 05:30:00.924,n,3.23822,63.62038,0.014729,8.837652e-05,0.014557,8.44576e-05,8.537004,8.764998,8.53414,8.719636,8.683138,9.204638,9.087144,9.127566,9.059164,9.098252,0,0,0,0,0,0
2025/05/01 05:31:00.917,n,3.306271,63.5825,0.015174,3.781859e-05,0.014985,3.825581e-05,8.554568,8.775262,8.55751,8.73564,8.702102,9.085484,8.96251,9.13775,8.934516,9.124524,0,0,0,0,0,0
2025/05/01 05:32:00.919,n,3.324776,63.313364,0.015456,8.86157e-05,0.015271,8.741326e-05,8.544354,8.76791,8.54876,8.732762,8.693318,9.079888,8.96526,9.13482,8.940146,9.112844,0,0,0,0,0,0
2025/05/01 05:33:00.922,n,3.361691,63.061948,0.015821,0.000106,0.01559,9.759554e-05,8.538482,8.75898,8.541378,8.72401,8.684504,9.09103,8.96814,9.124524,8.948522,9.1011,0,0,0,0,0,0
2025/05/01 05:34:00.907,n,3.358368,63.001444,0.016151,0.000107,0.015914,9.650506e-05,8.528286,8.757566,8.541378,8.71378,8.691888,9.096626,8.973654,9.112844,8.945774,9.09962,0,0,0,0,0,0
2025/05/01 05:35:00.908,n,3.396992,63.24476,0.016511,0.000107,0.016232,9.984682e-05,8.52386,8.75319,8.539978,8.710852,8.691888,9.09103,8.96814,9.112844,8.945774,9.102564,0,0,0,0,0,0
2025/05/01 05:36:00.911,n,3.393673,62.983528,0.016808,9.439844e-05,0.016534,9.097292e-05,8.525324,8.75023,8.538482,8.700638,8.685984,9.088234,8.96251,9.112844,8.940146,9.108404,0,0,0,0,0,0
2025/05/01 05:37:00.914,n,3.457489,62.924692,0.017111,0.0001,0.016815,8.789622e-05,8.51807,8.740032,8.538482,8.704982,8.680194,9.088234,8.973654,9.108404,8.948522,9.09225,0,0,0,0,0,0
2025/05/01 05:38:00.914,n,3.454121,62.520832,0.017497,0.000112,0.017187,0.000112,8.52386,8.734224,8.528286,8.699126,8.669978,9.085484,8.96526,9.10694,8.945774,9.087842,0,0,0,0,0,0
2025/05/01 05:39:00.920,n,3.484295,62.4472,0.018013,0.000156,0.017656,0.000137,8.531196,8.738536,8.535604,8.71666,8.68748,9.085484,8.96526,9.105474,8.934516,9.08641,0,0,0,0,0,0
2025/05/01 05:40:00.920,n,3.581757,62.350668,0.018634,0.000188,0.018254,0.000183,8.52095,8.729816,8.525324,8.702102,8.669978,9.082638,8.959762,9.10694,8.934516,9.08493,0,0,0,0,0,0
2025/05/01 05:41:00.921,n,3.595184,62.213116,0.019351,0.000219,0.018949,0.000212,8.522414,8.738536,8.522414,8.706444,8.667036,9.079888,8.95415,9.10406,8.93167,9.087842,0,0,0,0,0,0
2025/05/01 05:42:00.921,n,3.617012,62.196712,0.019962,0.000186,0.019592,0.000198,8.526788,8.742976,8.516606,8.704982,8.672874,9.07151,8.951368,9.093714,8.928922,9.083468,0,0,0,0,0,0
2025/05/01 05:43:00.909,n,3.665692,62.365364,0.020599,0.000191,0.020315,0.000221,8.51511,8.725442,8.52386,8.694734,8.67873,9.07151,8.951368,9.09225,8.92331,9.08641,0,0,0,0,0,0
2025/05/01 05:44:00.909,n,3.700947,62.308088,0.021221,0.000183,0.020774,0.000133,8.519536,8.729816,8.525324,8.690408,8.690408,9.07151,8.945774,9.08493,8.928922,9.082002,0,0,0,0,0,0
2025/05/01 05:45:00.912,n,3.711056,62.154132,0.021304,3.737625e-05,0.020887,3.503787e-05,8.509256,8.72253,8.52095,8.688944,8.67429,9.068746,8.951368,9.093714,8.928922,9.080524,0,0,0,0,0,0
2025/05/01 05:46:00.915,n,3.764813,62.002472,0.021095,6.206681e-05,0.02072,5.672122e-05,8.516606,8.72401,8.519536,8.693318,8.67725,9.063118,8.948522,9.090786,8.93167,9.079026,0,0,0,0,0,0
2025/05/01 05:47:00.916,n,3.773113,61.987728,0.020756,0.000105,0.020305,0.000138,8.516606,8.72253,8.51807,8.696198,8.67873,9.065866,8.942894,9.09225,8.920528,9.079026,0,0,0,0,0,0
2025/05/01 05:48:00.923,n,3.836933,62.01058,0.020297,0.000138,0.019829,0.00014,8.52386,8.719602,8.507856,8.684504,8.6685,9.065866,8.948522,9.087842,8.926124,9.068778,0,0,0,0,0,0
2025/05/01 05:49:00.921,n,3.860371,62.061164,0.020004,8.873506e-05,0.019651,4.69181e-05,8.51807,8.71666,8.507856,8.68748,8.6685,9.05474,8.945774,9.08641,8.91778,9.064402,0,0,0,0,0,0
2025/05/01 05:50:00.923,n,3.91745,62.152524,0.019994,6.50637e-06,0.019635,0,8.513632,8.725442,8.506378,8.690408,8.671412,9.051976,8.93167,9.082002,8.926124,9.065866,0,0,0,0,0,0
2025/05/01 05:51:00.924,n,3.967793,62.1263,0.019915,4.997638e-05,0.019586,4.600698e-05,8.51511,8.71666,8.503418,8.691888,8.6685,9.060368,8.934516,9.076148,8.914934,9.061474,0,0,0,0,0,0
2025/05/01 05:52:00.912,n,4.038204,61.74134,0.020307,9.995276e-05,0.019975,0.000103,8.519536,8.710852,8.51807,8.67873,8.690408,9.051976,8.934516,9.076148,8.91778,9.073218,0,0,0,0,0,0
2025/05/01 05:53:00.912,n,4.090206,61.458772,0.020448,4.69181e-05,0.020213,7.157007e-05,8.52386,8.70939,8.512168,8.67873,8.67873,9.049128,8.934516,9.070242,8.914934,9.070242,0,0,0,0,0,0
2025/05/01 05:54:00.918,n,4.127117,61.027132,0.020657,6.50637e-05,0.020602,0.000122,8.51807,8.712316,8.507856,8.671412,8.680194,9.04638,8.9373,9.077562,8.91215,9.059994,0,0,0,0,0,0
2025/05/01 05:55:00.919,n,4.18747,61.04842,0.02096,9.495734e-05,0.020979,0.000118,8.51807,8.706444,8.513632,8.67873,8.684504,9.049128,8.920528,9.076148,8.903758,9.062938,0,0,0,0,0,0
2025/05/01 05:56:00.920,n,4.217648,61.298664,0.021309,0.000105,0.021227,7.418403e-05,8.526788,8.712316,8.499042,8.675786,8.67725,9.040752,8.920528,9.071754,8.909388,9.062938,0,0,0,0,0,0
2025/05/01 05:57:00.923,n,4.239376,61.174296,0.021643,0.000103,0.021481,8.897326e-05,8.528286,8.715228,8.501952,8.683104,8.675786,9.038002,8.914934,9.068778,8.909388,9.051162,0,0,0,0,0,0
2025/05/01 05:58:00.924,n,4.309784,61.135088,0.022097,0.000145,0.021977,0.000154,8.526788,8.710852,8.503418,8.67873,8.680194,9.032372,8.920528,9.061474,8.903758,9.055618,0,0,0,0,0,0
2025/05/01 05:59:00.925,n,4.370137,60.979672,0.022285,4.868921e-05,0.022015,2.519906e-05,8.52095,8.70939,8.497578,8.67873,8.685984,9.032372,8.91778,9.062938,8.895414,9.051162,0,0,0,0,0,0
2025/05/01 06:00:00.927,n,4.390206,60.892952,0.02241,7.942036e-05,0.022117,8.43322e-05,8.519536,8.712316,8.497578,8.67725,8.681624,9.038002,8.91778,9.061474,8.898164,9.046786,0,0,0,0,0,0
2025/05/01 06:01:00.923,n,4.482147,60.886408,0.022905,7.157007e-05,0.022715,0.000101,8.545818,8.719602,8.51807,8.688944,8.703566,9.004396,8.889804,9.080524,8.867502,9.065866,0,0,0,0,0,0
2025/05/01 06:02:00.920,n,4.525784,60.548672,0.023035,6.341624e-05,0.022888,6.571111e-05,8.53245,8.715048,8.507614,8.680014,8.69758,9.0909,8.981786,9.071658,8.962298,9.05993,0,0,0,0,0,0
2025/05/01 06:03:00.923,n,4.574562,60.997304,0.023504,0.000132,0.023873,0.000303,8.494488,8.672696,8.469638,8.646412,8.656642,9.079758,8.965146,9.027658,8.945528,9.017376,0,0,0,0,0,0
2025/05/01 06:04:00.924,n,4.678761,60.278208,0.024034,0.00018,0.024852,0.000299,8.490082,8.671232,8.455048,8.647908,8.647908,9.082522,8.962298,9.012968,8.951158,9.0056,0,0,0,0,0,0
2025/05/01 06:05:00.926,n,4.732571,60.151944,0.024414,0.000107,0.024309,0.00021,8.491544,8.678536,8.468142,8.643484,8.661016,9.074048,8.956754,9.017376,8.94278,9.009992,0,0,0,0,0,0
2025/05/01 06:06:00.928,n,4.796486,59.593688,0.023847,0.000222,0.023394,0.000291,8.519292,8.706316,8.495952,8.678536,8.70482,9.096498,8.973522,9.052592,8.965146,9.03496,0,0,0,0,0,0
2025/05/01 06:07:00.931,n,4.799855,59.424356,0.024477,0.000184,0.024104,0.000215,8.52373,8.716546,8.48717,8.678536,8.703354,9.096498,8.976288,9.048218,8.956754,9.043744,0,0,0,0,0,0
2025/05/01 06:08:00.933,n,4.887207,59.453992,0.024118,0.000137,0.023717,0.00015,8.53245,8.716546,8.498864,8.681446,8.716546,9.08537,8.967896,9.048218,8.956754,9.043744,0,0,0,0,0,0
2025/05/01 06:09:00.934,n,4.93594,59.458924,0.024711,0.000177,0.024303,0.000164,8.526674,8.715048,8.498864,8.666856,8.706316,9.0909,8.967896,9.045256,8.956754,9.03937,0,0,0,0,0,0
2025/05/01 06:10:00.920,n,5.003124,59.253356,0.026202,0.000503,0.026372,0.000685,8.547102,8.70482,8.506166,8.672696,8.709194,9.08812,8.970676,9.052592,8.956754,9.049648,0,0,0,0,0,0
2025/05/01 06:11:00.921,n,5.063526,59.1662,0.027251,0.000298,0.028175,0.000511,8.547102,8.701922,8.497384,8.678536,8.712138,9.082522,8.965146,9.054058,8.94278,9.046722,0,0,0,0,0,0
2025/05/01 06:12:00.923,n,5.108937,59.526308,0.027157,0.000124,0.027671,0.000345,8.551476,8.709194,8.500326,8.680014,8.716546,9.074048,8.962298,9.048218,8.945528,9.04228,0,0,0,0,0,0
2025/05/01 06:13:00.910,n,5.132374,59.148036,0.027173,7.807643e-05,0.028003,0.000213,8.547102,8.691726,8.507614,8.655162,8.726728,9.079758,8.965146,9.046722,8.94278,9.049648,0,0,0,0,0,0
2025/05/01 06:14:00.929,n,5.219677,58.981092,0.027043,4.010796e-05,0.028401,0.000249,8.547102,8.716546,8.498864,8.675608,8.729704,9.068534,8.956754,9.040816,8.94278,9.045256,0,0,0,0,0,0
2025/05/01 06:15:00.912,n,5.286816,58.759804,0.026639,0.000129,0.027879,0.000183,8.557332,8.701922,8.510542,8.665392,8.741382,9.071282,8.95955,9.052592,8.94278,9.055536,0,0,0,0,0,0
2025/05/01 06:16:00.916,n,5.394192,59.131628,0.026514,3.793833e-05,0.027172,0.000203,8.560226,8.70482,8.509078,8.669816,8.735478,9.071282,8.945528,9.054058,8.931638,9.046722,0,0,0,0,0,0
2025/05/01 06:17:00.931,n,5.452881,59.077772,0.027053,0.000175,0.026909,6.946902e-05,8.55442,8.719474,8.507614,8.672696,8.744228,9.05731,8.948376,9.03937,8.937152,9.043744,0,0,0,0,0,0
2025/05/01 06:18:00.918,n,5.53843,59.182604,0.027558,0.000117,0.026871,5.596991e-05,8.56317,8.69898,8.51786,8.680014,8.736942,9.060158,8.939998,9.051128,8.939998,9.048218,0,0,0,0,0,0
2025/05/01 06:19:00.904,n,5.625588,58.595692,0.028194,0.000188,0.027504,0.000194,8.564634,8.707794,8.519292,8.658138,8.75898,9.051764,8.94278,9.03644,8.934386,9.051128,0,0,0,0,0,0
2025/05/01 06:20:00.905,n,5.716114,58.052136,0.028594,0.000136,0.027971,0.000145,8.576328,8.70482,8.526674,8.665392,8.763388,9.051764,8.937152,9.049648,8.920318,9.054058,0,0,0,0,0,0
2025/05/01 06:21:00.908,n,5.850197,57.608044,0.028844,6.308159e-05,0.028487,0.000156,8.588008,8.70482,8.52373,8.672696,8.766316,9.043418,8.92876,9.045256,8.920318,9.058498,0,0,0,0,0,0
2025/05/01 06:22:00.911,n,5.925537,57.895984,0.028933,1.840279e-05,0.028703,6.103516e-05,8.579224,8.6961,8.526674,8.666856,8.767796,9.046166,8.934386,9.043744,8.917536,9.051128,0,0,0,0,0,0
2025/05/01 06:23:00.912,n,5.947266,57.673868,0.028969,1.840279e-05,0.028563,5.672122e-05,8.589454,8.706316,8.52373,8.669816,8.775132,9.04054,8.925914,9.051128,8.923162,9.055536,0,0,0,0,0,0
2025/05/01 06:24:00.916,n,6.034374,57.3578,0.028792,5.44362e-05,0.02846,4.010796e-05,8.593828,8.707794,8.522234,8.671232,8.772172,9.04054,8.91477,9.051128,8.909142,9.043744,0,0,0,0,0,0
2025/05/01 06:25:00.917,n,6.139843,57.301844,0.02914,0.000178,0.028686,0.000143,8.592382,8.706316,8.522234,8.671232,8.767796,9.043418,8.923162,9.043744,8.909142,9.051128,0,0,0,0,0,0
2025/05/01 06:26:00.919,n,6.221874,57.308388,0.029977,0.000219,0.029638,0.00027,8.601132,8.71357,8.526674,8.682942,8.78541,9.035026,8.909142,9.048218,8.89517,9.048218,0,0,0,0,0,0
2025/05/01 06:27:00.924,n,6.302151,57.405556,0.030289,0.000113,0.029573,2.057495e-05,8.595292,8.715048,8.522234,8.680014,8.786908,9.026648,8.909142,9.045256,8.903548,9.04228,0,0,0,0,0,0
2025/05/01 06:28:00.909,n,6.346962,57.057412,0.030196,3.903822e-05,0.0293,6.635221e-05,8.590528,8.697142,8.518964,8.654836,8.788078,9.033008,8.92118,9.03322,8.90719,9.042004,0,0,0,0,0,0
2025/05/01 06:29:00.910,n,6.469033,57.01132,0.029557,0.000205,0.02867,0.000208,8.590528,8.688358,8.514526,8.6577,8.785104,9.030194,8.926776,9.03026,8.90719,9.039076,0,0,0,0,0,0
2025/05/01 06:30:00.913,n,6.569374,56.542712,0.028959,0.000179,0.028111,0.000165,8.59783,8.694214,8.52918,8.6577,8.796862,9.024566,8.910038,9.03322,8.898896,9.042004,0,0,0,0,0,0
2025/05/01 06:31:00.913,n,6.651211,56.301552,0.028886,3.55519e-05,0.027949,5.824668e-05,8.622682,8.711732,8.543736,8.678144,8.813014,8.996654,8.884922,9.04638,8.873684,9.05082,0,0,0,0,0,0
2025/05/01 06:32:00.912,n,6.716397,56.389148,0.029219,0.000107,0.028175,8.074192e-05,8.622682,8.704428,8.539362,8.678144,8.82326,8.996654,8.882076,9.042004,8.870806,9.059604,0,0,0,0,0,0
2025/05/01 06:33:00.917,n,6.791542,56.341248,0.030154,0.000288,0.028988,0.000251,8.631432,8.716106,8.537896,8.67673,8.815956,8.999452,8.884922,9.042004,8.868054,9.044948,0,0,0,0,0,0
2025/05/01 06:34:00.916,n,6.855068,55.930796,0.031571,0.000432,0.030165,0.000355,8.632896,8.71905,8.540856,8.68252,8.82326,8.993808,8.887672,9.043468,8.868054,9.053748,0,0,0,0,0,0
2025/05/01 06:35:00.918,n,6.864899,55.773956,0.032608,0.000332,0.031115,0.000309,8.613932,8.700086,8.510182,8.662108,8.801448,9.047306,8.938274,9.017246,8.924302,9.02603,0,0,0,0,0,0
2025/05/01 06:36:00.921,n,6.941658,55.538264,0.03295,9.650506e-05,0.031635,0.000154,8.605182,8.700086,8.505808,8.663522,8.797008,9.050056,8.935526,9.005502,8.935526,9.017246,0,0,0,0,0,0
2025/05/01 06:37:00.910,n,7.023541,55.282696,0.032763,7.007575e-05,0.031689,1.593729e-05,8.605182,8.69571,8.52334,8.646054,8.814656,9.055684,8.938274,9.012822,8.932678,9.03187,0,0,0,0,0,0
2025/05/01 06:38:00.907,n,7.115292,55.304084,0.032598,4.69181e-05,0.031582,2.909737e-05,8.621202,8.69571,8.527714,8.64895,8.8176,9.050056,8.932678,9.014286,8.927166,9.027494,0,0,0,0,0,0
2025/05/01 06:39:00.909,n,7.155331,55.2909,0.0328,6.698717e-05,0.031759,5.596991e-05,8.621202,8.691302,8.527714,8.654804,8.819032,9.044458,8.938274,9.014286,8.924302,9.034814,0,0,0,0,0,0
2025/05/01 06:40:00.912,n,7.200398,55.698224,0.033292,0.00015,0.032124,0.000118,8.62852,8.692766,8.52918,8.660644,8.82344,9.047306,8.92993,9.015782,8.918788,9.028974,0,0,0,0,0,0
2025/05/01 06:41:00.913,n,7.258797,55.4971,0.033582,8.777572e-05,0.03251,0.000112,8.635824,8.698606,8.530644,8.656268,8.829328,9.036066,8.92993,9.020124,8.910396,9.03335,0,0,0,0,0,0
2025/05/01 06:42:00.915,n,7.272125,55.666876,0.033463,4.21661e-05,0.032429,3.187457e-05,8.638702,8.70446,8.536466,8.667962,8.844,9.033284,8.927166,9.024566,8.904684,9.030406,0,0,0,0,0,0
2025/05/01 06:43:00.916,n,7.364849,55.869564,0.032976,0.000163,0.031947,0.000157,8.647518,8.708836,8.533554,8.666484,8.836664,9.024924,8.91316,9.02603,8.896324,9.034814,0,0,0,0,0,0
2025/05/01 06:44:00.918,n,7.421833,55.676788,0.032686,8.43322e-05,0.031609,9.824402e-05,8.6402,8.713292,8.536466,8.672338,8.842536,9.02769,8.910396,9.015782,8.904684,9.030406,0,0,0,0,0,0
2025/05/01 06:45:00.920,n,7.488777,55.314044,0.032929,8.178379e-05,0.031807,7.361117e-05,8.644574,8.713292,8.540856,8.679642,8.848408,9.024924,8.910396,9.018726,8.893544,9.028974,0,0,0,0,0,0
2025/05/01 06:46:00.909,n,7.544049,55.082944,0.033825,0.00027,0.032644,0.000256,8.657732,8.70446,8.554014,8.665018,8.85576,9.019296,8.910396,9.02307,8.893544,9.037758,0,0,0,0,0,0
2025/05/01 06:47:00.910,n,7.610993,55.08792,0.034896,0.000311,0.033752,0.000317,8.656268,8.705924,8.554014,8.662108,8.867502,9.013766,8.910396,9.017246,8.893544,9.037758,0,0,0,0,0,0
2025/05/01 06:48:00.910,n,7.708016,54.673224,0.036812,0.000609,0.03548,0.00054,8.670856,8.710364,8.562798,8.663522,8.877816,9.01095,8.90192,9.018726,8.893544,9.039188,0,0,0,0,0,0
2025/05/01 06:49:00.912,n,7.779835,54.707864,0.037465,0.000213,0.036217,0.000249,8.630782,8.687902,8.531472,8.64537,8.847952,9.03522,8.929068,8.99179,8.915048,9.007894,0,0,0,0,0,0
2025/05/01 06:50:00.917,n,7.83672,55.041552,0.038894,0.000448,0.037212,0.000322,8.649812,8.689366,8.527064,8.646882,8.842112,9.029576,8.929068,8.990326,8.912298,8.99911,0,0,0,0,0,0
2025/05/01 06:51:00.918,n,7.881836,54.777248,0.041761,0.000943,0.040016,0.00094,8.655602,8.693742,8.531472,8.654122,8.862638,9.02398,8.92344,9.00355,8.903824,9.010886,0,0,0,0,0,0
2025/05/01 06:52:00.918,n,7.947022,55.274268,0.043096,0.000347,0.041314,0.000341,8.648348,8.70259,8.524186,8.657064,8.853824,9.02398,8.92344,8.985918,8.895446,9.007894,0,0,0,0,0,0
2025/05/01 06:53:00.920,n,8.032276,54.802,0.041441,0.000599,0.040219,0.000431,8.657064,8.708494,8.531472,8.662904,8.862638,9.021232,8.915048,8.996164,8.8926,9.00355,0,0,0,0,0,0
2025/05/01 06:54:00.925,n,8.154297,54.802,0.039101,0.000732,0.037881,0.000721,8.660026,8.709908,8.531472,8.662904,8.867014,9.021232,8.90942,8.987382,8.889836,9.00355,0,0,0,0,0,0
2025/05/01 06:55:00.909,n,8.221096,54.896192,0.037315,0.00053,0.036196,0.000487,8.68496,8.695222,8.560682,8.657064,8.894926,9.012838,8.90942,9.000572,8.8926,9.02551,0,0,0,0,0,0
2025/05/01 06:56:00.911,n,8.294628,54.871436,0.036346,0.000276,0.035469,0.000205,8.680534,8.696686,8.560682,8.658562,8.892016,9.010056,8.90942,8.997644,8.887086,9.022582,0,0,0,0,0,0
2025/05/01 06:57:00.913,n,8.369728,54.854932,0.036921,0.000201,0.036879,0.000466,8.68496,8.70259,8.560682,8.661506,8.892016,9.010056,8.903824,8.997644,8.875912,9.022582,0,0,0,0,0,0
2025/05/01 06:58:00.915,n,8.482984,54.580096,0.038407,0.000487,0.041938,0.001613,8.675152,8.701582,8.547932,8.651616,8.885134,9.05544,8.952166,8.990782,8.929686,9.004038,0,0,0,0,0,0
2025/05/01 06:59:00.918,n,8.591432,54.393184,0.038857,0.000116,0.04253,0.000249,8.681024,8.700086,8.556714,8.658902,8.891038,9.058318,8.946538,8.989318,8.926922,9.004038,0,0,0,0,0,0
2025/05/01 07:00:00.918,n,8.67815,54.146604,0.038842,3.187457e-05,0.043857,0.000506,8.692766,8.703046,8.55525,8.66484,8.899822,9.049926,8.940942,8.990782,8.926922,9.002558,0,0,0,0,0,0
2025/05/01 07:01:00.925,n,8.796608,54.07546,0.038795,5.027799e-05,0.044607,5.881495e-05,8.70599,8.738292,8.574214,8.689856,8.92479,9.013668,8.912948,9.002558,8.890666,9.021622,0,0,0,0,0,0
2025/05/01 07:02:00.927,n,8.861416,54.383112,0.038718,0,0.043755,0.000295,8.671818,8.708558,8.534222,8.655716,8.889168,9.04755,8.9413,8.968384,8.919032,8.987446,0,0,0,0,0,0
2025/05/01 07:03:00.928,n,8.951406,54.804696,0.038795,1.840279e-05,0.042663,0.000323,8.676274,8.711486,8.540044,8.652722,8.90379,9.04755,8.9413,8.961046,8.927328,8.987446,0,0,0,0,0,0
2025/05/01 07:04:00.916,n,9.069714,54.402984,0.03908,9.201396e-05,0.043819,0.000452,8.6968,8.698278,8.55904,8.651258,8.919944,9.05871,8.938552,8.977166,8.924562,8.999192,0,0,0,0,0,0
2025/05/01 07:05:00.915,n,9.184658,54.272276,0.039204,4.69181e-05,0.045788,0.000612,8.699744,8.701208,8.55904,8.649746,8.91848,9.053178,8.9413,8.965472,8.921782,8.991854,0,0,0,0,0,0
2025/05/01 07:06:00.920,n,9.26791,54.626228,0.039385,5.963186e-05,0.044963,0.00034,8.708558,8.704184,8.561968,8.65718,8.921422,9.044786,8.938552,8.975702,8.910656,8.99332,0,0,0,0,0,0
2025/05/01 07:07:00.917,n,9.431092,54.434384,0.039395,4.11499e-05,0.044751,0.000136,8.705616,8.704184,8.55616,8.664498,8.928726,9.04755,8.9413,8.98307,8.916186,8.994798,0,0,0,0,0,0
2025/05/01 07:08:00.924,n,9.58085,54.202788,0.039478,0.000118,0.043872,0.00026,8.714398,8.715862,8.551754,8.663034,8.93611,9.053178,8.935704,8.968384,8.913404,8.99039,0,0,0,0,0,0
2025/05/01 07:09:00.925,n,9.737148,54.247468,0.040935,0.000476,0.043009,0.000257,8.72471,8.71887,8.569254,8.668874,8.95223,9.039158,8.932924,8.98011,8.907808,8.994798,0,0,0,0,0,0
2025/05/01 07:10:00.927,n,9.850186,53.700884,0.041621,0.000278,0.044963,0.000655,8.729118,8.73206,8.572166,8.670338,8.968384,9.039158,8.924562,8.972792,8.907808,9.002134,0,0,0,0,0,0
2025/05/01 07:11:00.928,n,9.94164,54.341804,0.043121,0.000509,0.048544,0.001078,8.737932,8.733494,8.582378,8.68065,8.98011,9.028014,8.924562,8.977166,8.899416,9.003598,0,0,0,0,0,0
2025/05/01 07:12:00.929,n,10.021374,54.159724,0.0467,0.001164,0.053817,0.00162,8.74234,8.740862,8.585354,8.676274,8.997694,9.02242,8.921782,8.98011,8.896666,9.003598,0,0,0,0,0,0
2025/05/01 07:13:00.917,n,10.105408,53.884156,0.04773,0.000343,0.057106,0.000906,8.746586,8.71134,8.579224,8.657,8.984324,9.048706,8.950946,8.963796,8.920106,8.99026,0,0,0,0,0,0
2025/05/01 07:14:00.917,n,10.213956,53.968628,0.046287,0.000509,0.06096,0.001219,8.755434,8.718676,8.57192,8.66144,8.987332,9.051456,8.94257,8.969668,8.920106,9.00342,0,0,0,0,0,0
2025/05/01 07:15:00.922,n,10.368984,53.794704,0.046277,7.91534e-05,0.065334,0.001389,8.75833,8.717212,8.585078,8.67759,9.007828,9.034718,8.93411,8.971166,8.908964,8.99314,0,0,0,0,0,0
2025/05/01 07:16:00.924,n,10.567322,57.747192,0.047678,0.000664,0.066945,0.000585,8.767114,8.736308,8.590918,8.681966,9.022484,9.031968,8.922984,8.971166,8.900586,9.000508,0,0,0,0,0,0
2025/05/01 07:17:00.925,n,10.768788,56.562528,0.049129,0.000351,0.065794,0.000507,8.77305,8.740682,8.593828,8.68491,9.0313,9.02359,8.922984,8.974044,8.895074,9.001956,0,0,0,0,0,0
2025/05/01 07:18:00.929,n,10.875332,56.367704,0.047658,0.000501,0.061842,0.001204,8.783298,8.743644,8.604042,8.686374,9.05186,9.02359,8.91734,8.971166,8.900586,9.006364,0,0,0,0,0,0
2025/05/01 07:19:00.929,n,11.051698,55.877712,0.04476,0.000901,0.060516,0.000376,8.789184,8.745154,8.60414,8.692214,9.066548,9.02359,8.914592,8.969668,8.889444,9.00342,0,0,0,0,0,0
2025/05/01 07:20:00.934,n,11.2413,57.225416,0.045998,0.000493,0.060067,0.000197,8.808264,8.75833,8.615916,8.69519,9.088492,9.012448,8.911842,8.979948,8.886696,9.0137,0,0,0,0,0,0
2025/05/01 07:21:00.932,n,11.37927,56.172944,0.047632,0.000474,0.057435,0.001004,8.791656,8.732972,8.596366,8.665442,9.076342,9.043418,8.9373,8.948686,8.91215,8.992684,0,0,0,0,0,0
2025/05/01 07:22:00.922,n,11.522186,55.98808,0.04738,9.995276e-05,0.064219,0.002176,8.81368,8.727068,8.608142,8.668354,9.082182,9.035026,8.93442,8.956054,8.906458,8.982436,0,0,0,0,0,0
2025/05/01 07:23:00.920,n,11.85754,56.428952,0.04933,0.000725,0.064965,0.000401,8.812218,8.732972,8.60227,8.68304,9.098334,9.035026,8.93167,8.966334,8.898066,8.994182,0,0,0,0,0,0
2025/05/01 07:24:00.922,n,12.137814,54.709908,0.057292,0.002684,0.059131,0.001784,8.828368,8.749124,8.616924,8.690376,9.115934,9.023802,8.920528,8.975118,8.886908,8.997124,0,0,0,0,0,0
2025/05/01 07:25:00.925,n,12.303586,53.551168,0.06078,0.001159,0.055525,0.00102,8.83424,8.754946,8.624292,8.697694,9.136496,9.021052,8.920528,8.967798,8.892536,8.99859,0,0,0,0,0,0
2025/05/01 07:26:00.925,n,12.328438,52.657904,0.054979,0.001837,0.050049,0.001813,8.841592,8.763746,8.621364,8.69623,9.146744,9.026648,8.926042,8.975118,8.889688,9.001518,0,0,0,0,0,0
2025/05/01 07:27:00.927,n,12.456024,53.259176,0.057057,0.000877,0.050113,0.000372,8.853302,8.757908,8.636052,8.705062,9.17165,9.015442,8.909272,8.979526,8.878548,9.010334,0,0,0,0,0,0
2025/05/01 07:28:00.917,n,12.640968,52.45036,0.062934,0.001877,0.053922,0.001231,8.850456,8.733006,8.62735,8.66554,9.160034,9.071592,8.95981,8.963454,8.931946,8.98696,0,0,0,0,0,0
2025/05/01 07:29:00.936,n,12.786622,51.511592,0.059236,0.001525,0.058256,0.001341,8.846082,8.74922,8.625854,8.675754,9.180498,9.066062,8.95981,8.950278,8.920804,8.995742,0,0,0,0,0,0
2025/05/01 07:30:00.937,n,12.82798,51.50832,0.055066,0.001463,0.05941,0.000426,8.859272,8.756526,8.634702,8.68753,9.195188,9.063216,8.951466,8.96199,8.926318,8.994278,0,0,0,0,0,0
2025/05/01 07:31:00.920,n,12.94214,51.74074,0.059553,0.00115,0.05788,0.000443,8.904768,8.78297,8.662596,8.715406,9.222972,9.029706,8.915176,8.983998,8.88442,9.019214,0,0,0,0,0,0
2025/05/01 07:32:00.923,n,13.091316,50.318656,0.066216,0.001935,0.059345,0.000441,8.895138,8.760104,8.644086,8.698426,9.222174,9.10899,8.99436,8.96264,8.985982,8.993448,0,0,0,0,0,0
2025/05/01 07:33:00.925,n,13.171052,50.223688,0.070867,0.001588,0.05953,0.000467,8.905416,8.779198,8.648526,8.705778,9.238296,9.10899,8.997124,8.959698,8.944098,8.99789,0,0,0,0,0,0
2025/05/01 07:34:00.926,n,13.247372,49.800684,0.064006,0.002547,0.054908,0.001718,8.905416,8.770366,8.64999,8.70137,9.242736,9.10336,8.991612,8.961162,8.963616,9.000752,0,0,0,0,0,0
2025/05/01 07:35:00.929,n,13.33033,49.785696,0.063014,0.001308,0.052198,0.001006,8.921538,8.783606,8.661748,8.705778,9.260304,9.10899,8.991612,8.969976,8.952474,8.99789,0,0,0,0,0,0
2025/05/01 07:36:00.915,n,13.403378,49.373244,0.061683,0.000567,0.051556,0.000102,8.946474,8.773326,8.674924,8.70137,9.274994,9.100546,8.99436,8.97876,8.946846,9.012512,0,0,0,0,0,0
2025/05/01 07:37:00.920,n,13.50279,49.043604,0.060425,0.001128,0.051688,0.000252,8.959698,8.779198,8.68374,8.71165,9.289618,9.106142,8.99436,8.984666,8.96077,9.019816,0,0,0,0,0,0
2025/05/01 07:38:00.917,n,13.552548,48.743608,0.058953,0.000451,0.050483,0.000404,8.97585,8.789478,8.692588,8.72193,9.301314,9.100546,8.971994,8.989008,8.927328,9.019816,0,0,0,0,0,0
2025/05/01 07:39:00.918,n,13.605622,48.836968,0.057741,0.000572,0.049181,0.000389,8.994912,8.798262,8.69989,8.730744,9.310116,9.094918,9.005502,8.98613,8.963616,9.030064,0,0,0,0,0,0
2025/05/01 07:40:00.906,n,13.597322,48.753616,0.056557,0.000705,0.048553,0.000261,9.009568,8.805612,8.718986,8.723426,9.335054,9.094918,8.963616,8.994912,8.944098,9.04036,0,0,0,0,0,0
2025/05/01 07:41:00.906,n,13.596004,48.802288,0.056553,0.00021,0.049149,0.00024,8.977996,8.765258,8.685952,8.687414,9.310766,9.122506,9.005226,8.958932,8.968968,8.99706,0,0,0,0,0,0
2025/05/01 07:42:00.910,n,13.629158,48.512056,0.056988,0.000217,0.050345,0.000371,8.99706,8.778466,8.702134,8.696262,9.31955,9.108648,8.996866,8.96627,8.96334,9.007308,0,0,0,0,0,0
2025/05/01 07:43:00.912,n,13.66563,48.70058,0.054732,0.000774,0.050329,9.201396e-05,9.017588,8.784306,8.70947,8.70947,9.33424,9.108648,8.991238,8.96627,8.952134,9.008772,0,0,0,0,0,0
2025/05/01 07:44:00.913,n,13.663972,48.708932,0.052588,0.0007,0.049575,0.000275,9.026436,8.79753,8.70947,8.713878,9.341546,9.108648,8.988488,8.976532,8.938128,9.014644,0,0,0,0,0,0
2025/05/01 07:45:00.916,n,13.70538,48.422016,0.051485,0.000329,0.049245,8.729212e-05,9.04106,8.80781,8.725572,8.728564,9.348866,9.10302,8.977346,8.980906,8.932614,9.016124,0,0,0,0,0,0
2025/05/01 07:46:00.924,n,13.688202,48.566684,0.05117,8.021591e-05,0.049078,1.840279e-05,9.031332,8.80096,8.699678,8.714398,9.33473,9.172658,9.04402,8.953548,9.004884,8.994604,0,0,0,0,0,0
2025/05/01 07:47:00.919,n,13.669992,48.638412,0.051631,0.00016,0.049163,4.69181e-05,9.045988,8.814152,8.718774,8.72902,9.349354,9.172658,9.046786,8.962332,8.999288,9.00786,0,0,0,0,0,0
2025/05/01 07:48:00.922,n,13.737958,48.635044,0.052066,0.000139,0.049503,0.00011,9.062078,8.82152,8.723182,8.739268,9.369884,9.169826,9.04402,8.9697,8.996538,9.004884,0,0,0,0,0,0
2025/05/01 07:49:00.906,n,13.762814,48.671764,0.052766,0.000222,0.050694,0.000367,9.07823,8.820056,8.751092,8.731998,9.388918,9.155806,9.041174,8.98286,8.99091,9.025446,0,0,0,0,0,0
2025/05/01 07:50:00.910,n,13.74289,48.688364,0.054801,0.000621,0.052874,0.00067,9.092884,8.833232,8.762836,8.739268,9.393326,9.155806,9.032796,8.981428,8.9853,9.028388,0,0,0,0,0,0
2025/05/01 07:51:00.911,n,13.740822,48.444308,0.056868,0.00069,0.054173,0.000399,9.065134,8.812802,8.745334,8.720368,9.380262,9.196506,9.062238,8.971294,9.020338,9.022664,0,0,0,0,0,0
2025/05/01 07:52:00.912,n,13.770658,48.489332,0.056176,0.000219,0.054125,4.868921e-05,9.09596,8.829018,8.757078,8.73211,9.390544,9.190876,9.062238,8.972758,9.017588,9.019702,0,0,0,0,0,0
2025/05/01 07:53:00.914,n,13.810352,48.647824,0.054344,0.000562,0.053266,0.000272,9.109104,8.839266,8.7629,8.746798,9.399264,9.179636,9.059474,8.980078,9.00921,9.02852,0,0,0,0,0,0
2025/05/01 07:54:00.924,n,13.828664,48.262376,0.053558,0.000224,0.052307,0.000289,9.116424,8.849546,8.764364,8.754116,9.408048,9.18533,9.059474,8.983038,9.003598,9.015294,0,0,0,0,0,0
2025/05/01 07:55:00.921,n,13.906494,47.971752,0.054154,0.000205,0.052672,0.000122,9.129648,8.862704,8.784956,8.771732,9.41833,9.171258,9.053846,8.988912,8.995222,9.037288,0,0,0,0,0,0
2025/05/01 07:56:00.923,n,13.871808,48.297496,0.056084,0.000631,0.053497,0.000283,9.111868,8.84787,8.761306,8.749562,9.404924,9.19883,9.073056,8.968172,9.025574,9.010708,0,0,0,0,0,0
2025/05/01 07:57:00.923,n,13.899982,48.150568,0.062127,0.001834,0.056159,0.00081,9.12215,8.85815,8.76861,8.76277,9.415174,9.19883,9.073056,8.976986,9.01165,9.012172,0,0,0,0,0,0
2025/05/01 07:58:00.908,n,13.88675,48.011948,0.078014,0.00659,0.062861,0.002824,9.14559,8.86111,8.797986,8.752524,9.440112,9.190438,9.064678,8.981396,9.01165,9.02977,0,0,0,0,0,0
2025/05/01 07:59:00.914,n,13.966244,48.168932,0.083442,0.003048,0.064015,0.000753,9.158798,8.871358,8.808264,8.767146,9.451808,9.190438,9.06193,8.994572,9.008804,9.038572,0,0,0,0,0,0
2025/05/01 08:00:00.912,n,14.029134,47.582308,0.076877,0.002934,0.062999,0.000289,9.170526,8.877196,8.820024,8.777426,9.460594,9.187592,9.06193,8.994572,9.003208,9.04298,0,0,0,0,0,0
2025/05/01 08:01:00.914,n,14.113556,47.689344,0.074229,0.000828,0.062845,0.000176,9.192472,8.89626,8.834646,8.797986,9.484004,9.151332,9.022794,9.01949,8.966918,9.059148,0,0,0,0,0,0
2025/05/01 08:02:00.917,n,14.077892,47.442692,0.086988,0.005011,0.067498,0.00189,9.15748,8.865696,8.795202,8.761518,9.447548,9.245306,9.127924,8.977166,9.058042,9.025574,0,0,0,0,0,0
2025/05/01 08:03:00.919,n,14.099476,47.333904,0.093408,0.003537,0.068536,0.001184,9.16924,8.878856,8.812884,8.771798,9.453404,9.24246,9.122328,8.981542,9.052528,9.029982,0,0,0,0,0,0
2025/05/01 08:04:00.922,n,14.117688,47.574916,0.095529,0.002129,0.069704,0.000732,9.18533,8.88764,8.823164,8.789396,9.463654,9.234082,9.111186,8.987446,9.052528,9.02704,0,0,0,0,0,0
2025/05/01 08:05:00.925,n,14.190442,48.021204,0.102817,0.003334,0.071255,0.000816,9.189738,8.90379,8.820236,8.789396,9.47247,9.236864,9.122328,8.977166,9.055292,9.029982,0,0,0,0,0,0
2025/05/01 08:06:00.924,n,14.276428,47.509636,0.10665,0.00126,0.075991,0.001394,9.19709,8.909632,8.830482,8.796668,9.490008,9.234082,9.1167,8.991822,9.0469,9.03727,0,0,0,0,0,0
2025/05/01 08:07:00.910,n,14.384816,47.42196,0.103562,0.000996,0.074666,0.000631,9.216334,8.908442,8.855628,8.793984,9.51075,9.25274,9.13251,8.99789,9.068226,9.0536,0,0,0,0,0,0
2025/05/01 08:08:00.912,n,14.46748,45.768884,0.106263,0.00193,0.069051,0.0015,9.225118,8.912884,8.865876,8.801286,9.520998,9.255524,9.138024,8.999386,9.062726,9.0536,0,0,0,0,0,0
2025/05/01 08:09:00.913,n,14.540188,45.599744,0.098174,0.004539,0.07137,0.001297,9.235398,8.917258,8.865876,8.810166,9.52544,9.25274,9.13251,9.011098,9.062726,9.062386,0,0,0,0,0,0
2025/05/01 08:10:00.914,n,14.551758,46.158776,0.106719,0.004011,0.074056,0.000906,9.24415,8.929004,8.87466,8.818982,9.537122,9.24142,9.124134,9.011098,9.054334,9.06385,0,0,0,0,0,0
2025/05/01 08:11:00.922,n,14.634378,45.834212,0.114202,0.002432,0.071138,0.000961,9.25884,8.94657,8.88494,8.83214,9.55025,9.23592,9.126882,9.021378,9.054334,9.05801,0,0,0,0,0,0
2025/05/01 08:12:00.921,n,14.721924,46.051692,0.123344,0.003384,0.075444,0.001661,9.27493,8.959794,8.89229,8.840974,9.576638,9.23592,9.115756,9.022858,9.04311,9.069754,0,0,0,0,0,0
2025/05/01 08:13:00.924,n,14.76009,45.938072,0.14947,0.008237,0.075628,0.000346,9.26743,8.942016,8.871602,8.821764,9.563264,9.267674,9.155902,8.999224,9.074862,9.046136,0,0,0,0,0,0
2025/05/01 08:14:00.928,n,14.849252,45.194224,0.157464,0.002611,0.068624,0.002194,9.276248,8.952296,8.887786,8.837852,9.580802,9.27044,9.150356,9.003598,9.074862,9.052008,0,0,0,0,0,0
2025/05/01 08:15:00.928,n,14.93182,45.125472,0.141915,0.00496,0.066443,0.000605,9.28212,8.96404,8.889234,8.836386,9.591084,9.259296,9.14751,9.01095,9.066484,9.054952,0,0,0,0,0,0
2025/05/01 08:16:00.916,n,15.063802,44.152768,0.116345,0.008208,0.066363,0.000363,9.293816,8.94792,8.914168,8.833476,9.602766,9.259296,9.141978,9.021198,9.072016,9.060792,0,0,0,0,0,0
2025/05/01 08:17:00.916,n,15.10838,43.942856,0.11813,0.001936,0.070182,0.001256,9.321666,8.96404,8.922984,8.84813,9.618872,9.259296,9.14751,9.031446,9.063736,9.07548,0,0,0,0,0,0
2025/05/01 08:18:00.916,n,15.119442,44.275204,0.140325,0.006761,0.078795,0.002704,9.308408,8.953694,8.909696,8.83045,9.60999,9.292562,9.186402,9.00939,9.09139,9.066614,0,0,0,0,0,0
2025/05/01 08:19:00.920,n,15.069928,43.768076,0.142277,0.001486,0.085265,0.002043,9.315696,8.961046,8.91264,8.84073,9.62172,9.289798,9.18362,9.01383,9.09139,9.060694,0,0,0,0,0,0
2025/05/01 08:20:00.920,n,15.086434,44.42154,0.150042,0.003587,0.076226,0.003058,9.337658,8.975638,8.925848,8.85249,9.636376,9.27854,9.172298,9.02704,9.080132,9.069574,0,0,0,0,0,0
2025/05/01 08:21:00.926,n,15.124372,44.456796,0.171315,0.005753,0.070791,0.001621,9.355258,8.981542,8.93167,8.87305,9.658292,9.275792,9.172298,9.024078,9.080132,9.072454,0,0,0,0,0,0
2025/05/01 08:22:00.924,n,15.233212,44.817928,0.194542,0.006586,0.074697,0.001396,9.383044,9.007926,8.950798,8.875978,9.6832,9.270194,9.158408,9.034326,9.06899,9.082704,0,0,0,0,0,0
2025/05/01 08:23:00.927,n,15.386532,43.694244,0.171137,0.007629,0.077359,0.000809,9.393326,9.025542,8.963942,8.892112,9.699274,9.26455,9.158408,9.038734,9.063394,9.079758,0,0,0,0,0,0
2025/05/01 08:24:00.928,n,15.430306,43.626688,0.145756,0.007944,0.083543,0.004716,9.357714,8.988424,8.931296,8.856524,9.66511,9.295834,9.189672,9.001646,9.094674,9.054398,0,0,0,0,0,0
2025/05/01 08:25:00.916,n,15.642804,40.674048,0.149977,0.001873,0.080949,0.002198,9.394334,8.985528,8.944456,8.856524,9.689968,9.295834,9.184076,9.0178,9.083532,9.07787,0,0,0,0,0,0
2025/05/01 08:26:00.918,n,15.562092,40.903148,0.136457,0.004145,0.072371,0.002728,9.407528,8.98699,8.953272,8.860898,9.685592,9.287438,9.184076,9.02364,9.08916,9.069086,0,0,0,0,0,0
2025/05/01 08:27:00.917,n,15.512676,41.322292,0.111378,0.007982,0.069549,0.000907,9.416312,9.00752,8.973766,8.87261,9.700216,9.295834,9.17578,9.031024,9.083532,9.083776,0,0,0,0,0,0
2025/05/01 08:28:00.925,n,15.483448,40.731564,0.102869,0.004184,0.067607,0.001189,9.413742,8.994702,8.959484,8.867144,9.688894,9.344084,9.226794,9.00939,9.13178,9.053358,0,0,0,0,0,0
2025/05/01 08:29:00.923,n,15.53125,41.300604,0.108372,0.002818,0.061796,0.001465,9.42103,9.004948,8.9683,8.868576,9.709312,9.338488,9.229576,9.016694,9.123402,9.05627,0,0,0,0,0,0
2025/05/01 08:30:00.926,n,15.63496,41.00832,0.100295,0.004863,0.061948,0.000569,9.442992,9.025446,8.981478,8.886208,9.713738,9.332954,9.215652,9.013766,9.117772,9.070958,0,0,0,0,0,0
2025/05/01 08:31:00.929,n,15.68765,39.697284,0.094771,0.002027,0.063087,0.000502,9.464938,9.048918,9.004948,8.918448,9.756168,9.305074,9.187688,9.045988,9.089892,9.100204,0,0,0,0,0,0
2025/05/01 08:32:00.932,n,15.68934,39.905592,0.105103,0.00338,0.062301,0.000251,9.438258,9.022208,8.98117,8.88289,9.739606,9.348704,9.23696,9.008984,9.133552,9.063216,0,0,0,0,0,0
2025/05/01 08:33:00.933,n,15.762142,40.0677,0.100037,0.002032,0.06059,0.000535,9.4617,9.02808,8.998702,8.884402,9.742568,9.345954,9.234164,9.014872,9.130688,9.067622,0,0,0,0,0,0
2025/05/01 08:34:00.924,n,15.866292,40.055836,0.101755,0.001208,0.061192,0.000177,9.482134,9.030992,9.004608,8.884402,9.746976,9.3515,9.242556,9.019264,9.136398,9.07496,0,0,0,0,0,0
2025/05/01 08:35:00.920,n,15.95223,39.978248,0.109931,0.002664,0.061793,0.000109,9.508488,9.04124,9.020744,8.90049,9.768892,9.343106,9.231414,9.03836,9.127924,9.083776,0,0,0,0,0,0
2025/05/01 08:36:00.922,n,16.0513,39.952908,0.108034,0.001282,0.061793,0.000444,9.527522,9.05152,9.014872,8.897546,9.774766,9.343106,9.231414,9.044216,9.116796,9.092592,0,0,0,0,0,0
2025/05/01 08:37:00.929,n,16.204914,38.874052,0.109073,0.002082,0.060331,0.001394,9.543644,9.072048,9.035432,8.92396,9.802506,9.33473,9.223036,9.04568,9.116796,9.088182,0,0,0,0,0,0
2025/05/01 08:38:00.929,n,16.31556,37.664428,0.09634,0.004866,0.060284,0.000778,9.5509,9.076424,9.04568,8.919552,9.80109,9.348704,9.231414,9.044216,9.116796,9.083776,0,0,0,0,0,0
2025/05/01 08:39:00.931,n,16.371662,37.562868,0.097793,0.001392,0.06931,0.003389,9.568504,9.083776,9.05736,8.93424,9.825918,9.340324,9.223036,9.050056,9.116796,9.098366,0,0,0,0,0,0
2025/05/01 08:40:00.931,n,16.444776,38.292964,0.116157,0.004389,0.074743,0.002303,9.555,9.068844,9.03953,8.916396,9.805124,9.373528,9.272912,9.014644,9.155528,9.074682,0,0,0,0,0,0
2025/05/01 08:41:00.933,n,16.5751,37.14814,0.12205,0.002068,0.072154,0.002143,9.57698,9.077626,9.05274,8.923716,9.821198,9.373528,9.261686,9.023428,9.155528,9.084964,0,0,0,0,0,0
2025/05/01 08:42:00.934,n,16.608106,37.342964,0.123242,0.001167,0.063905,0.003606,9.603318,9.090836,9.0659,8.93403,9.841668,9.365182,9.253294,9.03953,9.141636,9.092316,0,0,0,0,0,0
2025/05/01 08:43:00.923,n,16.62627,37.488616,0.104462,0.006174,0.060664,0.001106,9.626698,9.093746,9.080588,8.936926,9.84318,9.365182,9.261686,9.05422,9.144386,9.102596,0,0,0,0,0,0
2025/05/01 08:44:00.922,n,16.674592,37.699268,0.102789,0.003479,0.06393,0.001274,9.634572,9.08846,9.07823,8.928694,9.845166,9.427602,9.324104,9.0401,9.204036,9.095764,0,0,0,0,0,0
2025/05/01 08:45:00.924,n,16.74056,37.463968,0.116642,0.003561,0.065119,0.000494,9.647766,9.107492,9.09139,8.944766,9.856848,9.421974,9.318478,9.043044,9.192796,9.089924,0,0,0,0,0,0
2025/05/01 08:46:00.925,n,16.780158,36.492384,0.083975,0.010778,0.065177,0.000553,9.669698,9.111918,9.086982,8.934582,9.843686,9.419224,9.312964,9.044476,9.19556,9.107492,0,0,0,0,0,0
2025/05/01 08:47:00.910,n,16.798226,36.794532,0.078043,0.003582,0.079824,0.002987,9.688684,9.106012,9.119238,8.94335,9.88026,9.416346,9.312964,9.06354,9.198392,9.114828,0,0,0,0,0,0
2025/05/01 08:48:00.914,n,16.913604,37.165872,0.064698,0.004497,0.094434,0.004134,9.694556,9.117772,9.12799,8.950668,9.884638,9.424724,9.315728,9.073804,9.192796,9.122116,0,0,0,0,0,0
2025/05/01 08:49:00.915,n,16.996712,36.433516,0.065943,0.001039,0.100962,0.001715,9.704498,9.11312,9.123368,8.94309,9.87559,9.440796,9.334632,9.04864,9.206118,9.104272,0,0,0,0,0,0
2025/05/01 08:50:00.916,n,17.074154,36.175268,0.067379,0.000497,0.126802,0.008051,9.726444,9.124866,9.140936,8.950458,9.885808,9.449174,9.329002,9.04864,9.211618,9.105736,0,0,0,0,0,0
2025/05/01 08:51:00.922,n,17.159748,36.280592,0.060951,0.002272,0.12901,0.007017,9.745416,9.13508,9.151184,8.969522,9.894594,9.43795,9.329002,9.060368,9.203354,9.108712,0,0,0,0,0,0
2025/05/01 08:52:00.904,n,17.281524,35.121504,0.073105,0.003975,0.153465,0.01146,9.758608,9.158554,9.171714,8.969522,9.926728,9.429652,9.32056,9.054528,9.200474,9.116032,0,0,0,0,0,0
2025/05/01 08:53:00.907,n,17.344044,34.400444,0.075504,0.002523,0.146114,0.012368,9.733148,9.128688,9.138968,8.944032,9.8998,9.465086,9.3672,9.039318,9.230292,9.092104,0,0,0,0,0,0
2025/05/01 08:54:00.910,n,17.370312,33.60176,0.069115,0.001364,0.152331,0.005817,9.75944,9.143346,9.166752,8.95428,9.915892,9.465086,9.356056,9.039318,9.227526,9.103784,0,0,0,0,0,0
2025/05/01 08:55:00.913,n,17.271584,34.131596,0.069263,0.000711,0.13701,0.003223,9.778476,9.152128,9.178448,8.966024,9.921684,9.456576,9.361588,9.049566,9.221898,9.111136,0,0,0,0,0,0
2025/05/01 08:56:00.912,n,17.29795,34.0294,0.074702,0.001761,0.119082,0.006401,9.794518,9.171194,9.194602,8.983624,9.94072,9.451078,9.358838,9.061248,9.224776,9.119904,0,0,0,0,0,0
2025/05/01 08:57:00.915,n,17.069142,34.563724,0.073774,0.000617,0.113586,0.001574,9.806198,9.172658,9.204834,8.986568,9.955282,9.456576,9.358838,9.070096,9.227526,9.127224,0,0,0,0,0,0
2025/05/01 08:58:00.919,n,17.171192,34.927788,0.072004,0.000802,0.103702,0.004222,9.823802,9.18873,9.21217,9.007064,9.962622,9.456576,9.358838,9.080344,9.2164,9.1316,0,0,0,0,0,0
2025/05/01 08:59:00.919,n,17.221984,35.110108,0.066684,0.001546,0.088382,0.004724,9.824354,9.183492,9.209876,8.995922,9.963206,9.512278,9.417174,9.066274,9.283096,9.11021,0,0,0,0,0,0
2025/05/01 09:00:00.921,n,17.363442,35.101564,0.065925,0.000858,0.082203,0.001506,9.822844,9.19953,9.224436,9.004738,9.97637,9.5094,9.417174,9.076554,9.269122,9.121938,0,0,0,0,0,0
2025/05/01 09:01:00.910,n,17.485168,33.466796,0.065793,0.000358,0.09337,0.005158,9.850666,9.23034,9.253782,9.031106,10.021634,9.473138,9.38651,9.09261,9.241208,9.158588,0,0,0,0,0,0
2025/05/01 09:02:00.909,n,17.460988,33.194928,0.066459,0.000431,0.110044,0.007533,9.819214,9.195984,9.22673,8.987968,9.987304,9.519322,9.424332,9.046558,9.2734,9.116912,0,0,0,0,0,0
2025/05/01 09:03:00.912,n,17.446194,33.813924,0.073396,0.002376,0.123657,0.003991,9.830896,9.209194,9.231136,9.008446,10.006244,9.505332,9.429832,9.064192,9.2734,9.12132,0,0,0,0,0,0
2025/05/01 09:04:00.912,n,17.487354,33.252938,0.081038,0.002265,0.128875,0.002674,9.858686,9.212106,9.248674,9.01435,10.020904,9.519322,9.435444,9.071478,9.278946,9.130072,0,0,0,0,0,0
2025/05/01 09:05:00.916,n,17.53999,33.507088,0.084834,0.001196,0.132369,0.003939,9.871848,9.22673,9.26333,9.024598,10.031072,9.516476,9.432678,9.069998,9.276182,9.138854,0,0,0,0,0,0
2025/05/01 09:06:00.916,n,17.65503,33.177792,0.080841,0.00136,0.10915,0.007825,9.887924,9.241368,9.276522,9.042184,10.045732,9.508114,9.429832,9.084654,9.25941,9.149102,0,0,0,0,0,0
2025/05/01 09:07:00.921,n,17.742092,32.897762,0.082581,0.002679,0.099492,0.003618,9.896676,9.25165,9.277956,9.048038,10.050076,9.522104,9.432678,9.090542,9.265054,9.143296,0,0,0,0,0,0
2025/05/01 09:08:00.921,n,17.7355,32.6004,0.07932,0.007758,0.094757,0.010284,9.91568,9.269236,9.295622,9.064192,10.067648,9.519322,9.438192,9.103686,9.267804,9.149102,0,0,0,0,0,0
2025/05/01 09:09:00.924,n,17.663234,33.223884,0.107838,0.010179,0.093264,0.002882,9.927364,9.279434,9.30434,9.071478,10.080796,9.51093,9.438192,9.09931,9.270652,9.154976,0,0,0,0,0,0
2025/05/01 09:10:00.911,n,17.704346,32.966122,0.088743,0.007116,0.08603,0.002881,9.9464,9.292646,9.33219,9.072942,10.105626,9.508114,9.441072,9.111038,9.267804,9.166702,0,0,0,0,0,0
2025/05/01 09:11:00.914,n,17.755596,33.326534,0.090987,0.006382,0.088825,0.00669,9.92401,9.265868,9.303934,9.04916,10.096384,9.546312,9.482038,9.08285,9.297638,9.138448,0,0,0,0,0,0
2025/05/01 09:12:00.916,n,17.70301,33.307786,0.086324,0.002363,0.090846,0.00264,9.94007,9.264404,9.312752,9.057944,10.089062,9.543548,9.484834,9.0916,9.300518,9.145832,0,0,0,0,0,0
2025/05/01 09:13:00.916,n,17.655404,32.638256,0.09305,0.002232,0.093947,0.002629,9.963418,9.280558,9.325912,9.0726,10.103674,9.538048,9.479286,9.09308,9.29201,9.153138,0,0,0,0,0,0
2025/05/01 09:14:00.914,n,17.678448,33.51926,0.098813,0.004566,0.099212,0.005072,9.982438,9.30247,9.340536,9.076978,10.128488,9.549192,9.487648,9.10336,9.297638,9.16049,0,0,0,0,0,0
2025/05/01 09:15:00.920,n,17.752326,33.534642,0.127621,0.00685,0.112161,0.00385,10.00434,9.314216,9.344946,9.090136,10.150406,9.538048,9.47644,9.11504,9.286414,9.170738,0,0,0,0,0,0
2025/05/01 09:16:00.920,n,17.767658,32.929008,0.133937,0.002955,0.110537,0.004052,10.026046,9.325636,9.362238,9.101588,10.167702,9.600262,9.552738,9.125028,9.351534,9.18502,0,0,0,0,0,0
2025/05/01 09:17:00.921,n,17.876056,33.017826,0.110608,0.006447,0.106604,0.002961,10.030422,9.341708,9.373934,9.117644,10.172112,9.597382,9.55549,9.135276,9.354316,9.182092,0,0,0,0,0,0
2025/05/01 09:18:00.924,n,17.935188,33.016118,0.129139,0.007845,0.123244,0.006771,10.046496,9.346116,9.373934,9.129372,10.198374,9.60301,9.561118,9.139652,9.343172,9.186534,0,0,0,0,0,0
2025/05/01 09:19:00.909,n,17.967998,32.467484,0.160049,0.009072,0.118813,0.002184,10.068414,9.360774,9.40024,9.130868,10.249452,9.597382,9.55827,9.139652,9.351534,9.202622,0,0,0,0,0,0
2025/05/01 09:20:00.913,n,18.096028,32.735894,0.12906,0.01067,0.098298,0.007183,10.077168,9.360774,9.411968,9.138172,10.26844,9.60301,9.569594,9.139652,9.348768,9.204054,0,0,0,0,0,0
2025/05/01 09:21:00.913,n,18.20428,31.674124,0.126589,0.001755,0.100663,0.001834,10.085938,9.372454,9.423682,9.142548,10.290326,9.597382,9.569594,9.152812,9.345922,9.211406,0,0,0,0,0,0
2025/05/01 09:22:00.915,n,17.986064,32.184402,0.141437,0.00468,0.137254,0.010971,10.107824,9.392936,9.444196,9.160148,10.315142,9.600262,9.57236,9.167436,9.334794,9.220222,0,0,0,0,0,0
2025/05/01 09:23:00.924,n,17.987728,33.3336,0.135759,0.002343,0.181095,0.012851,10.1239,9.403216,9.444196,9.176302,10.323896,9.597382,9.57236,9.176302,9.337544,9.214366,0,0,0,0,0,0
2025/05/01 09:24:00.919,n,18.034114,32.892482,0.12536,0.004212,0.165598,0.009472,10.097702,9.387208,9.428122,9.157334,10.33418,9.651948,9.638054,9.152958,9.38651,9.195398,0,0,0,0,0,0
2025/05/01 09:25:00.923,n,18.111264,31.948246,0.108447,0.002552,0.161593,0.001384,10.109336,9.401802,9.436972,9.167614,10.35898,9.649198,9.638054,9.167614,9.38651,9.20568,0,0,0,0,0,0
2025/05/01 09:26:00.925,n,18.18343,32.136624,0.13246,0.013236,0.168689,0.003565,10.129838,9.41353,9.461814,9.188094,10.404184,9.651948,9.638054,9.17487,9.378116,9.220304,0,0,0,0,0,0
2025/05/01 09:27:00.925,n,18.273662,31.92432,0.134895,0.006349,0.21815,0.022162,10.13856,9.426692,9.472032,9.183654,10.434794,9.6436,9.638054,9.170494,9.378116,9.223216,0,0,0,0,0,0
2025/05/01 09:28:00.911,n,18.404964,32.514798,0.129979,0.001886,0.274985,0.016437,10.141504,9.432532,9.479384,9.192488,10.47567,9.654744,9.6436,9.173422,9.383662,9.227624,0,0,0,0,0,0
2025/05/01 09:29:00.943,n,18.577862,31.913272,0.130548,0.004828,0.2748,0.026423,10.15169,9.441348,9.477936,9.191024,10.503402,9.654744,9.651948,9.16908,9.378116,9.213,0,0,0,0,0,0
2025/05/01 09:30:00.916,n,18.576202,30.864766,0.120094,0.005797,0.251847,0.012527,10.177954,9.451598,9.507172,9.204216,10.541366,9.657576,9.654744,9.188094,9.378116,9.23491,0,0,0,0,0,0
2025/05/01 09:31:00.916,n,18.580086,31.459716,0.113855,0.005387,0.230241,0.009529,10.169996,9.439266,9.496336,9.18751,10.565322,9.657772,9.657772,9.180158,9.37273,9.224078,0,0,0,0,0,0
2025/05/01 09:32:00.919,n,18.88116,30.050766,0.148097,0.012605,0.252706,0.005992,10.203548,9.462644,9.510994,9.208038,10.610512,9.655006,9.657772,9.188972,9.375578,9.232944,0,0,0,0,0,0
2025/05/01 09:33:00.918,n,18.772664,29.950856,0.195239,0.014721,0.25009,0.002074,10.229812,9.48023,9.531412,9.219734,10.652824,9.652256,9.663402,9.206574,9.367102,9.246104,0,0,0,0,0,0
2025/05/01 09:34:00.921,n,18.637702,30.530512,0.174881,0.007218,0.236898,0.003349,10.248816,9.47439,9.537316,9.232944,10.67756,9.660554,9.668932,9.212382,9.37836,9.248982,0,0,0,0,0,0
2025/05/01 09:35:00.924,n,18.619636,31.247458,0.067757,0.038955,0.077665,0.063001,10.235686,9.465572,9.525556,9.225542,10.6455,9.688554,9.685802,9.202134,9.389566,9.231446,0,0,0,0,0,0
2025/05/01 09:36:00.924,n,18.623908,30.74568,0.057267,0.003441,0.063658,0.003575,10.222766,9.4556,9.514152,9.21409,10.637022,9.754574,9.74906,9.192194,9.447124,9.21557,0,0,0,0,0,0
2025/05/01 09:37:00.914,n,18.377034,30.98887,0.05718,0.000359,0.06268,0.000297,10.247614,9.467296,9.53756,9.212658,10.664754,9.765738,9.760204,9.18925,9.444278,9.227314,0,0,0,0,0,0
2025/05/01 09:38:00.912,n,18.188168,32.027416,0.063841,0.002021,0.069015,0.002345,10.257784,9.486364,9.552122,9.225884,10.682214,9.757358,9.760204,9.190714,9.441528,9.230226,0,0,0,0,0,0
2025/05/01 09:39:00.915,n,18.158672,32.403594,0.455747,0.146481,0.262621,0.071961,10.383308,9.578476,9.62089,9.288822,10.845382,9.690294,9.715464,9.2551,9.391244,9.296078,0,0,0,0,0,0
2025/05/01 09:40:00.916,n,18.183236,33.1451,0.450224,0.004172,0.269122,0.005134,10.383308,9.5741,9.623834,9.294662,10.836658,9.695842,9.72106,9.252188,9.385712,9.288822,0,0,0,0,0,0
2025/05/01 09:41:00.919,n,18.26175,32.735286,0.370483,0.02288,0.238227,0.004918,10.380378,9.5741,9.639924,9.299038,10.820644,9.72106,9.732204,9.2727,9.405232,9.299038,0,0,0,0,0,0
2025/05/01 09:42:00.921,n,18.371242,32.900506,0.303771,0.022926,0.229263,0.004463,10.366204,9.554026,9.624224,9.280444,10.775922,9.795884,9.798762,9.24381,9.468906,9.281908,0,0,0,0,0,0
2025/05/01 09:43:00.923,n,18.593456,33.083218,0.287132,0.021131,0.176775,0.016319,10.354506,9.551146,9.627168,9.281908,10.771544,9.798762,9.80436,9.259932,9.463376,9.293604,0,0,0,0,0,0
2025/05/01 09:44:00.925,n,18.756348,30.482298,0.263039,0.018754,0.159323,0.00914,10.361826,9.571594,9.644708,9.305316,10.75841,9.80724,9.80724,9.248186,9.468906,9.267252,0,0,0,0,0,0
2025/05/01 09:45:00.927,n,18.711964,31.677518,0.226368,0.018713,0.164414,0.006145,10.348728,9.567184,9.627168,9.24965,10.711818,9.818384,9.821134,9.25409,9.468906,9.270164,0,0,0,0,0,0
2025/05/01 09:46:00.914,n,18.715236,31.3423,0.232801,0.019329,0.17863,0.008946,10.35745,9.593526,9.682712,9.317046,10.778786,9.823886,9.812756,9.252626,9.466126,9.287716,0,0,0,0,0,0
2025/05/01 09:47:00.917,n,18.830322,30.743922,0.228139,0.016043,0.188868,0.005097,10.37496,9.619882,9.725126,9.371168,10.842924,9.812756,9.812756,9.336046,9.45778,9.368238,0,0,0,0,0,0
2025/05/01 09:48:00.916,n,18.921886,31.44502,0.311764,0.025633,0.157009,0.007625,10.350778,9.579486,9.667256,9.28687,10.773594,9.893552,9.893552,9.232732,9.530158,9.253212,0,0,0,0,0,0
2025/05/01 09:49:00.919,n,19.127358,30.731724,0.295197,0.005792,0.179084,0.011106,10.396016,9.617522,9.730056,9.348378,10.831874,9.89077,9.89077,9.297086,9.524612,9.330776,0,0,0,0,0,0
2025/05/01 09:50:00.920,n,19.393422,29.97084,0.355202,0.026022,0.184399,0.008225,10.390206,9.617522,9.719872,9.364432,10.842046,9.879626,9.885158,9.294238,9.516232,9.31031,0,0,0,0,0,0
2025/05/01 09:51:00.922,n,19.557534,29.109634,0.073877,0.103909,0.074821,0.039006,10.33618,9.58539,9.703764,9.32347,10.742998,9.935416,9.910378,9.264926,9.549762,9.285388,0,0,0,0,0,0
2025/05/01 09:52:00.922,n,19.506702,28.977102,0.065117,0.00214,0.072902,0.000791,10.3464,9.597056,9.724264,9.349776,10.769184,9.921522,9.901898,9.283926,9.538536,9.297086,0,0,0,0,0,0
2025/05/01 09:53:00.926,n,19.398254,29.703144,0.243871,0.079674,0.191885,0.051015,10.37548,9.627804,9.725794,9.355844,10.814184,9.875526,9.864284,9.28264,9.486934,9.287048,0,0,0,0,0,0
2025/05/01 09:54:00.927,n,19.340736,29.915076,0.236157,0.004928,0.231171,0.011016,10.36526,9.627804,9.733082,9.357244,10.827284,9.881026,9.864284,9.28996,9.486934,9.28848,0,0,0,0,0,0
2025/05/01 09:55:00.914,n,19.32272,30.502674,0.268351,0.009608,0.320897,0.024248,10.371102,9.635158,9.750588,9.369004,10.87391,9.883792,9.864284,9.29136,9.492546,9.30312,0,0,0,0,0,0
2025/05/01 09:56:00.921,n,19.46056,29.736362,0.259107,0.011692,0.33604,0.030217,10.359404,9.630782,9.752054,9.370404,10.87391,9.872646,9.858784,9.298744,9.4814,9.30452,0,0,0,0,0,0
2025/05/01 09:57:00.916,n,19.44093,28.751708,0.241393,0.026329,0.362574,0.058071,10.387146,9.65416,9.77688,9.380686,10.888478,9.875526,9.861534,9.298744,9.47304,9.314866,0,0,0,0,0,0
2025/05/01 09:58:00.925,n,19.47591,29.154206,0.208816,0.039262,0.433202,0.125079,10.361208,9.620954,9.75246,9.362108,10.849336,9.8862,9.863828,9.300666,9.46977,9.297736,0,0,0,0,0,0
2025/05/01 09:59:00.922,n,19.598958,29.110062,0.124025,0.025535,0.200692,0.094575,10.36269,9.629708,9.77003,9.367964,10.846456,9.894562,9.863828,9.294826,9.478164,9.2992,0,0,0,0,0,0
2025/05/01 10:00:00.928,n,19.76302,28.083174,0.094642,0.02897,0.117537,0.109181,10.367066,9.639958,9.786058,9.389894,10.856676,9.891812,9.85823,9.310882,9.46977,9.306538,0,0,0,0,0,0
2025/05/01 10:01:00.924,n,19.67871,28.9466,0.098055,0.004135,0.117294,0.011911,10.390288,9.652956,9.80057,9.407316,10.884358,9.961124,9.921978,9.329768,9.530728,9.323928,0,0,0,0,0,0
2025/05/01 10:02:00.927,n,19.502834,28.245612,0.204452,0.044622,0.373223,0.127517,10.384382,9.651428,9.796128,9.402876,10.906022,9.990444,9.954062,9.322398,9.568406,9.318022,0,0,0,0,0,0
2025/05/01 10:03:00.928,n,19.38799,29.22392,0.184665,0.006306,0.368063,0.01966,10.406204,9.666068,9.809258,9.42334,10.930824,9.990444,9.951298,9.328238,9.560044,9.316542,0,0,0,0,0,0
2025/05/01 10:04:00.917,n,19.635742,28.27753,0.146933,0.012401,0.550509,0.076063,10.398994,9.682128,9.820956,9.418948,10.93224,9.990444,9.951298,9.337022,9.554416,9.342896,0,0,0,0,0,0
2025/05/01 10:05:00.917,n,19.67344,27.952352,0.125033,0.00805,0.45663,0.030219,10.393104,9.68504,9.825332,9.426286,10.943862,9.99892,9.954062,9.328238,9.560044,9.334078,0,0,0,0,0,0
2025/05/01 10:06:00.917,n,19.655422,29.087818,0.100346,0.012093,0.124122,0.107417,10.412062,9.679214,9.838462,9.44379,10.959876,10.007284,9.948546,9.347238,9.551568,9.341432,0,0,0,0,0,0
2025/05/01 10:07:00.924,n,19.794282,28.808356,0.098385,0.00095,0.110266,0.003959,10.390842,9.662392,9.817312,9.42705,10.935658,10.025458,9.969568,9.330532,9.567088,9.31734,0,0,0,0,0,0
2025/05/01 10:08:00.920,n,19.71391,28.188276,0.092294,0.002829,0.103107,0.008827,10.403942,9.672642,9.836282,9.42705,10.953172,10.025458,9.975084,9.33782,9.572636,9.32466,0,0,0,0,0,0
2025/05/01 10:09:00.925,n,19.569576,29.013208,0.087624,0.001612,0.101346,0.001602,10.414146,9.684356,9.84798,9.449028,10.96772,10.025458,9.969568,9.351012,9.56987,9.339316,0,0,0,0,0,0
2025/05/01 10:10:00.925,n,19.467914,29.011322,0.099283,0.004759,0.143929,0.036703,10.433118,9.69309,9.861144,9.456284,10.986666,10.028306,9.96394,9.358316,9.561492,9.348068,0,0,0,0,0,0
2025/05/01 10:11:00.927,n,19.377064,29.440608,0.102465,0.001424,0.124222,0.001968,10.426382,9.686292,9.854342,9.461198,10.994444,10.079396,10.020628,9.360302,9.618138,9.338308,0,0,0,0,0,0
2025/05/01 10:12:00.933,n,19.276866,29.411432,0.112855,0.002978,0.213745,0.025675,10.448236,9.71408,9.867472,9.480212,11.004602,10.073882,10.006732,9.367558,9.609842,9.347124,0,0,0,0,0,0
2025/05/01 10:13:00.917,n,19.202992,29.996164,0.194089,0.018529,0.513081,0.098324,10.467194,9.730154,9.884978,9.47286,11.057024,10.068252,10.006732,9.377806,9.590256,9.376342,0,0,0,0,0,0
2025/05/01 10:14:00.919,n,19.27972,30.603194,0.200557,0.008157,0.471669,0.035563,10.462018,9.723564,9.888624,9.478066,11.056194,10.065682,9.998564,9.36985,9.593248,9.34641,0,0,0,0,0,0
2025/05/01 10:15:00.920,n,19.534066,29.313246,0.215056,0.030571,0.357504,0.037073,10.437218,9.689968,9.871118,9.454624,11.038746,10.074076,10.001312,9.36105,9.596014,9.342032,0,0,0,0,0,0
2025/05/01 10:16:00.923,n,19.612824,28.991908,0.069678,0.004591,0.071131,0.06824,10.451784,9.711932,9.891584,9.476602,11.0227,10.101982,10.018088,9.36985,9.604394,9.362514,0,0,0,0,0,0
2025/05/01 10:17:00.925,n,19.502864,29.153364,0.070549,0.000389,0.07004,0.000918,10.462018,9.730918,9.914916,9.50582,11.035834,10.09645,10.012492,9.390266,9.61012,9.363978,0,0,0,0,0,0
2025/05/01 10:18:00.927,n,19.351936,29.199854,0.06799,0.00131,0.067385,0.001107,10.479496,9.744064,9.926598,9.514574,11.04306,10.09645,10.004096,9.400548,9.59886,9.377108,0,0,0,0,0,0
2025/05/01 10:19:00.929,n,19.118664,30.1687,0.071294,0.001106,0.071034,0.001237,10.461156,9.7139,9.903834,9.497622,11.026166,10.178296,10.091552,9.390884,9.680662,9.349908,0,0,0,0,0,0
2025/05/01 10:20:00.935,n,19.026672,30.088018,0.071823,0.000448,0.079171,0.002567,10.471326,9.729958,9.927118,9.519568,11.032008,10.17553,10.088788,9.393782,9.675034,9.349908,0,0,0,0,0,0
2025/05/01 10:21:00.937,n,19.002014,29.849226,0.080074,0.002793,0.088448,0.002866,10.47419,9.7475,9.928598,9.525344,11.0407,10.186674,10.088788,9.392316,9.677912,9.361588,0,0,0,0,0,0
2025/05/01 10:22:00.921,n,18.906704,29.434024,0.084759,0.001311,0.099018,0.003133,10.469846,9.746034,9.947636,9.522464,11.06254,10.189426,10.094398,9.390884,9.683412,9.38062,0,0,0,0,0,0
2025/05/01 10:23:00.920,n,18.942882,30.439564,0.088862,0.001308,0.101043,0.000866,10.481546,9.75337,9.954942,9.52832,11.066888,10.203452,10.102682,9.405478,9.694672,9.38062,0,0,0,0,0,0
2025/05/01 10:24:00.926,n,18.908364,30.999374,0.089135,0.000867,0.096151,0.001439,10.490236,9.763572,9.973896,9.541482,11.061062,10.200604,10.102682,9.42308,9.694672,9.393782,0,0,0,0,0,0
2025/05/01 10:25:00.922,n,18.854164,31.264362,0.155068,0.032616,0.213684,0.054759,10.510658,9.775254,9.982682,9.550282,11.088746,10.197822,10.099932,9.424478,9.689042,9.390884,0,0,0,0,0,0
2025/05/01 10:26:00.927,n,18.890248,31.207938,0.132243,0.006578,0.169624,0.015953,10.499024,9.775254,9.988492,9.559036,11.068384,10.20908,10.099932,9.436208,9.697436,9.398158,0,0,0,0,0,0
2025/05/01 10:27:00.928,n,18.95602,30.547468,0.188174,0.028318,0.267435,0.0573,10.528136,9.79136,10.003086,9.575076,11.09021,10.214678,10.10553,9.439136,9.700284,9.406974,0,0,0,0,0,0
2025/05/01 10:28:00.932,n,19.167416,30.643392,0.229552,0.013263,0.274081,0.007019,10.52257,9.79598,9.99892,9.576818,11.099146,10.238842,10.143702,9.448134,9.727178,9.401378,0,0,0,0,0,0
2025/05/01 10:29:00.932,n,19.333232,29.990146,0.203499,0.008023,0.2869,0.005341,10.521122,9.801824,10.004778,9.581162,11.087542,10.250004,10.146548,9.436452,9.735572,9.401378,0,0,0,0,0,0
2025/05/01 10:30:00.934,n,19.557992,29.7349,0.193019,0.00562,0.391536,0.049987,10.526948,9.814952,10.014996,9.608948,11.096248,10.2557,10.15493,9.451078,9.746798,9.417418,0,0,0,0,0,0
2025/05/01 10:31:00.918,n,19.92352,28.286768,0.16928,0.017391,0.365785,0.030707,10.542978,9.835436,10.044202,9.59289,11.11661,10.238842,10.129806,9.453974,9.724426,9.445172,0,0,0,0,0,0
2025/05/01 10:32:00.924,n,20.265254,26.496974,0.172792,0.009327,0.335375,0.018212,10.505972,9.801302,10.013044,9.571952,11.098478,10.284078,10.180556,9.437428,9.772408,9.40382,0,0,0,0,0,0
2025/05/01 10:33:00.924,n,20.453438,25.708988,0.161978,0.008092,0.327996,0.024836,10.510318,9.795494,10.013044,9.580672,11.11936,10.298072,10.191702,9.444734,9.775172,9.409676,0,0,0,0,0,0
2025/05/01 10:34:00.926,n,20.551532,25.048538,0.143659,0.005285,0.317502,0.015486,10.52052,9.801302,10.020318,9.58505,11.123674,10.30642,10.188936,9.450638,9.777922,9.411138,0,0,0,0,0,0
2025/05/01 10:35:00.927,n,20.701924,24.469202,0.12114,0.007349,0.25289,0.016316,10.54384,9.808656,10.023196,9.599674,11.131046,10.30642,10.186154,9.446214,9.78918,9.437428,0,0,0,0,0,0
2025/05/01 10:36:00.927,n,20.912518,25.078566,0.114587,0.001885,0.230015,0.008353,10.546752,9.81152,10.039272,9.607028,11.151538,10.30642,10.188936,9.473966,9.777922,9.43014,0,0,0,0,0,0
2025/05/01 10:37:00.936,n,20.966748,23.005188,0.070922,0.022805,0.07196,0.06609,10.54965,9.812998,10.026206,9.605582,11.14275,10.32598,10.205712,9.463768,9.797478,9.415548,0,0,0,0,0,0
2025/05/01 10:38:00.934,n,20.813182,23.853598,0.057675,0.003955,0.058194,0.003624,10.58752,9.824682,10.043682,9.615814,11.170582,10.323132,10.197236,9.47112,9.797478,9.425796,0,0,0,0,0,0
2025/05/01 10:39:00.935,n,20.476418,24.650542,0.04856,0.002644,0.048904,0.002748,10.61961,9.827594,10.052436,9.631872,11.18816,10.331528,10.197236,9.476928,9.794728,9.431604,0,0,0,0,0,0
2025/05/01 10:40:00.921,n,20.224514,25.526892,0.039368,0.00283,0.040122,0.002603,10.647244,9.836378,10.064118,9.627446,11.215928,10.331528,10.200114,9.478374,9.797478,9.44187,0,0,0,0,0,0
2025/05/01 10:41:00.925,n,20.001858,25.727558,0.034465,0.001444,0.033831,0.001816,10.69097,9.846598,10.07873,9.636216,11.242262,10.32598,10.194486,9.490122,9.786332,9.45355,0,0,0,0,0,0
2025/05/01 10:42:00.928,n,19.517132,26.83489,0.033116,0.000362,0.030576,0.000918,10.702068,9.818384,10.0505,9.613878,11.215504,10.367002,10.22999,9.470696,9.8246,9.42827,0,0,0,0,0,0
2025/05/01 10:43:00.929,n,19.29892,27.932846,0.032903,0.000131,0.031615,0.000392,10.731184,9.828636,10.057822,9.61832,11.227256,10.367002,10.235588,9.480912,9.832978,9.432646,0,0,0,0,0,0
2025/05/01 10:44:00.911,n,19.19057,28.570002,0.035838,0.000969,0.035959,0.001386,10.750142,9.85343,10.053412,9.641632,11.230136,10.372632,10.22999,9.477968,9.827382,9.434126,0,0,0,0,0,0
2025/05/01 10:45:00.932,n,19.197114,28.764836,0.038708,0.000781,0.03953,0.001051,10.786532,9.857806,10.079642,9.644546,11.246268,10.364236,10.22999,9.497004,9.821786,9.458968,0,0,0,0,0,0
2025/05/01 10:46:00.920,n,19.149506,28.75894,0.041153,0.000731,0.041423,0.000529,10.790912,9.873868,10.085484,9.651916,11.246268,10.367002,10.22999,9.497004,9.827382,9.460432,0,0,0,0,0,0
2025/05/01 10:47:00.921,n,19.05429,29.122712,0.043659,0.000816,0.044251,0.000862,10.799616,9.885564,10.08846,9.659204,11.236012,10.381014,10.235588,9.498418,9.835762,9.463346,0,0,0,0,0,0
2025/05/01 10:48:00.922,n,19.009906,29.276218,0.045309,0.00052,0.046048,0.00054,10.811238,9.897246,10.098614,9.662084,11.234548,10.378148,10.238338,9.508668,9.832978,9.470696,0,0,0,0,0,0
2025/05/01 10:49:00.905,n,18.937642,28.95144,0.046946,0.000459,0.048133,0.000661,10.809838,9.920578,10.092804,9.682582,11.206748,10.386642,10.246734,9.510132,9.841374,9.467784,0,0,0,0,0,0
2025/05/01 10:50:00.909,n,18.834126,29.35681,0.048334,0.000426,0.051458,0.001081,10.814184,9.927884,10.100094,9.682582,11.203802,10.395008,10.246734,9.508668,9.852504,9.463346,0,0,0,0,0,0
2025/05/01 10:51:00.907,n,18.79301,29.799392,0.051178,0.000888,0.054757,0.001063,10.803994,9.936638,10.101558,9.681118,11.195046,10.400638,10.260728,9.517452,9.852504,9.467784,0,0,0,0,0,0
2025/05/01 10:52:00.911,n,18.786468,29.59551,0.051517,0.000143,0.055118,0.000109,10.811238,9.957088,10.110312,9.692782,11.187722,10.400638,10.257962,9.523294,9.858134,9.47504,0,0,0,0,0,0
2025/05/01 10:53:00.913,n,18.66806,29.75184,0.054096,0.00091,0.056289,0.000564,10.801082,9.958554,10.121978,9.698656,11.178964,10.406154,10.271858,9.524708,9.869278,9.486786,0,0,0,0,0,0
2025/05/01 10:54:00.919,n,18.559516,30.550856,0.060212,0.001826,0.06454,0.002707,10.802514,9.964378,10.126372,9.703032,11.180444,10.417382,10.271858,9.524708,9.877642,9.497004,0,0,0,0,0,0
2025/05/01 10:55:00.919,n,18.5414,30.835206,0.362641,0.151654,0.392208,0.155119,10.854966,10.01402,10.155516,9.73663,11.281328,10.375382,10.260728,9.552528,9.852504,9.515988,0,0,0,0,0,0
2025/05/01 10:56:00.920,n,18.62695,31.218786,0.35453,0.007325,0.408585,0.001131,10.836008,10.012554,10.152586,9.72786,11.257936,10.400638,10.285884,9.551046,9.877642,9.508668,0,0,0,0,0,0
2025/05/01 10:57:00.921,n,18.904782,30.184156,0.189768,0.050529,0.381693,0.00989,10.793822,9.983382,10.132198,9.698656,11.178964,10.43691,10.31389,9.537918,9.908392,9.494074,0,0,0,0,0,0
2025/05/01 10:58:00.908,n,19.228314,30.212758,0.291479,0.056781,0.264007,0.04286,10.894238,10.092804,10.216796,9.81985,11.281328,10.417382,10.299878,9.581746,9.900014,9.551046,0,0,0,0,0,0
2025/05/01 10:59:00.910,n,19.400676,27.64478,0.243386,0.039766,0.165204,0.043919,10.755954,9.984848,10.098614,9.692782,11.171656,10.44254,10.322334,9.524708,9.919652,9.486786,0,0,0,0,0,0
2025/05/01 11:00:00.912,n,19.589302,27.50852,0.22322,0.046118,0.167889,0.009284,10.776312,10.02131,10.135078,9.72786,11.236012,10.445388,10.322334,9.545206,9.922416,9.501348,0,0,0,0,0,0
2025/05/01 11:01:00.926,n,19.9351,26.11792,0.326893,0.029802,0.263907,0.030862,10.836008,10.051966,10.18181,9.752704,11.355876,10.400638,10.288732,9.589034,9.88615,9.536454,0,0,0,0,0,0
2025/05/01 11:02:00.926,n,20.016986,24.725132,0.359964,0.016847,0.265592,0.011371,10.840354,10.047538,10.18181,9.76437,11.42315,10.409,10.297112,9.5905,9.891648,9.552528,0,0,0,0,0,0
2025/05/01 11:03:00.926,n,20.085784,25.360898,0.323428,0.024462,0.306699,0.011782,10.847644,10.054876,10.197822,9.776052,11.47138,10.42023,10.308258,9.613878,9.905642,9.577336,0,0,0,0,0,0
2025/05/01 11:04:00.932,n,20.283782,25.23964,0.43234,0.04885,0.288299,0.012563,10.853486,10.089924,10.224084,9.799382,11.55316,10.409,10.299878,9.641632,9.900014,9.600748,0,0,0,0,0,0
2025/05/01 11:05:00.933,n,20.285442,25.318922,0.471654,0.018772,0.260349,0.016741,10.901496,10.086964,10.206576,9.790678,11.617474,10.403388,10.30271,9.606572,9.905642,9.572962,0,0,0,0,0,0
2025/05/01 11:06:00.932,n,20.651802,22.937644,0.459164,0.007383,0.308105,0.012705,10.875326,10.079642,10.190532,9.780428,11.671518,10.42023,10.31389,9.628488,9.914022,9.572962,0,0,0,0,0,0
2025/05/01 11:07:00.922,n,20.677926,28.551294,0.336197,0.073523,0.205225,0.042133,10.863658,10.086964,10.187634,9.783372,11.718222,10.44254,10.322334,9.616854,9.928046,9.57444,0,0,0,0,0,0
2025/05/01 11:08:00.936,n,20.715572,22.35362,0.226159,0.08897,0.348248,0.0278,10.837488,10.031528,10.149706,9.768778,11.726998,10.47616,10.341862,9.634392,9.955934,9.615358,0,0,0,0,0,0
2025/05/01 11:09:00.922,n,20.635444,23.424098,0.224907,0.066586,0.346131,0.031091,10.88698,10.053412,10.149706,9.73811,11.747428,10.467762,10.341862,9.567154,9.958766,9.514542,0,0,0,0,0,0
2025/05/01 11:10:00.927,n,20.707318,23.18421,0.17605,0.029953,0.350131,0.010034,10.895702,10.06651,10.18181,9.762856,11.836506,10.487356,10.344628,9.616854,9.958766,9.572962,0,0,0,0,0,0
2025/05/01 11:11:00.929,n,20.838082,23.225818,0.119938,0.021889,0.308357,0.063572,10.914598,10.05634,10.187634,9.770178,11.874454,10.501286,10.350258,9.635794,9.961562,9.587588,0,0,0,0,0,0
2025/05/01 11:12:00.931,n,20.653462,23.35697,0.109494,0.009834,0.322533,0.005572,10.953902,10.05634,10.193476,9.768778,11.918246,10.506916,10.358606,9.61975,9.958766,9.580282,0,0,0,0,0,0
2025/05/01 11:13:00.935,n,20.588032,24.177804,0.10642,0.00712,0.322232,0.006226,10.977176,10.067976,10.193476,9.780428,11.959092,10.509764,10.355856,9.62263,9.967062,9.575906,0,0,0,0,0,0
2025/05/01 11:14:00.921,n,20.76836,23.937256,0.090276,0.007789,0.314446,0.003989,10.975712,10.069472,10.167246,9.767298,11.992694,10.5545,10.389474,9.581812,9.99225,9.553992,0,0,0,0,0,0
2025/05/01 11:15:00.919,n,21.007274,23.173538,0.071364,0.00863,0.374902,0.018841,11.012054,10.07385,10.1774,9.776052,12.043814,10.56851,10.394974,9.596404,9.995132,9.567154,0,0,0,0,0,0
2025/05/01 11:16:00.905,n,20.818996,23.94585,0.095089,0.005286,0.410941,0.014781,11.052794,10.095734,10.17888,9.787748,12.104996,10.57126,10.40337,9.608102,10.003396,9.567154,0,0,0,0,0,0
2025/05/01 11:17:00.910,n,20.828468,23.869816,0.084353,0.008492,0.462409,0.025316,11.073674,10.094236,10.1774,9.800912,12.17357,10.579722,10.40897,9.62123,10.000646,9.567154,0,0,0,0,0,0
2025/05/01 11:18:00.909,n,20.938426,23.847492,0.073533,0.004801,0.471074,0.0134,11.10297,10.121978,10.197854,9.809664,12.24208,10.579722,10.40612,9.622696,10.000646,9.578836,0,0,0,0,0,0
2025/05/01 11:19:00.914,n,21.04663,23.082046,0.08206,0.002838,0.424763,0.02999,11.105852,10.129284,10.196388,9.808168,12.290192,10.585256,10.40897,9.63148,10.003396,9.577372,0,0,0,0,0,0
2025/05/01 11:20:00.916,n,21.222072,22.78688,0.088215,0.002573,0.518977,0.036412,11.126374,10.15117,10.205128,9.815506,12.349946,10.590886,10.411718,9.63148,10.009026,9.583244,0,0,0,0,0,0
2025/05/01 11:21:00.916,n,21.333496,22.255894,0.095984,0.010739,0.579224,0.039063,11.168776,10.180346,10.24159,9.8301,12.419926,10.599282,10.411718,9.651916,9.995132,9.605126,0,0,0,0,0,0
2025/05/01 11:22:00.917,n,21.03468,23.022504,0.122424,0.012631,0.582845,0.016051,11.146362,10.15065,10.198732,9.801854,12.416408,10.613848,10.434712,9.619264,10.006764,9.579876,0,0,0,0,0,0
2025/05/01 11:23:00.920,n,20.877162,23.118046,0.140831,0.007349,0.611598,0.011816,11.16391,10.168158,10.219186,9.820858,12.46882,10.613848,10.431962,9.635336,10.006764,9.603206,0,0,0,0,0,0
2025/05/01 11:24:00.921,n,20.656604,24.693938,0.150864,0.003999,0.796445,0.066779,11.16687,10.187114,10.223562,9.810608,12.480478,10.616632,10.445972,9.636802,10.006764,9.606134,0,0,0,0,0,0
2025/05/01 11:25:00.908,n,20.895276,24.249104,0.14245,0.003001,0.779209,0.046647,11.19174,10.187114,10.226508,9.835452,12.487742,10.639104,10.45712,9.654338,10.018024,9.613454,0,0,0,0,0,0
2025/05/01 11:26:00.909,n,21.02975,23.891494,0.134787,0.003847,0.71523,0.047276,11.187298,10.20459,10.230886,9.842774,12.505196,10.647372,10.465468,9.66166,10.006764,9.620742,0,0,0,0,0,0
2025/05/01 11:27:00.912,n,21.288734,23.455826,0.131114,0.002028,0.741806,0.051024,11.185832,10.209,10.233716,9.845654,12.521314,10.658602,10.476712,9.666068,10.01524,9.620742,0,0,0,0,0,0
2025/05/01 11:28:00.913,n,21.526234,23.104406,0.147788,0.017505,0.63453,0.063639,11.209286,10.233716,10.244016,9.857336,12.550378,10.664232,10.49349,9.702578,10.012492,9.641242,0,0,0,0,0,0
2025/05/01 11:29:00.914,n,21.72594,20.883814,0.198274,0.022401,0.679185,0.077409,11.32184,10.34894,10.337272,10.020804,12.71054,10.647372,10.499088,9.457064,10.012492,9.499428,0,0,0,0,0,0
2025/05/01 11:30:00.917,n,21.388638,18.468562,0.133378,0.029277,0.763919,0.087325,11.207806,10.258548,10.273094,9.858816,12.548882,10.689376,10.53261,9.676254,10.026418,9.631024,0,0,0,0,0,0
2025/05/01 11:31:00.919,n,21.218274,19.761982,0.138421,0.024451,0.702755,0.275924,11.231178,10.280434,10.292068,9.886508,12.582456,10.672628,10.515866,9.692328,9.998498,9.663158,0,0,0,0,0,0
2025/05/01 11:32:00.919,n,21.16087,17.554822,0.089681,0.012178,0.124341,0.154237,11.184448,10.242454,10.264308,9.84271,12.535772,10.757792,10.58991,9.665938,10.07245,9.61923,0,0,0,0,0,0
2025/05/01 11:33:00.922,n,20.88377,18.756018,0.083886,0.001567,0.097591,0.011773,11.187394,10.245318,10.271582,9.836836,12.543054,10.774668,10.612254,9.667436,10.08083,9.63236,0,0,0,0,0,0
2025/05/01 11:34:00.906,n,20.496318,20.042516,0.079854,0.001908,0.094095,0.008555,11.204942,10.240974,10.26862,9.84559,12.519752,10.7914,10.634664,9.684974,10.08083,9.635304,0,0,0,0,0,0
2025/05/01 11:35:00.908,n,20.29837,20.498972,0.074826,0.001411,0.086956,0.001515,11.213696,10.261362,10.27744,9.863128,12.528544,10.805428,10.65704,9.68935,10.086346,9.635304,0,0,0,0,0,0
2025/05/01 11:36:00.910,n,20.417854,20.69632,0.068277,0.002032,0.087296,0.000237,11.21225,10.265774,10.281784,9.86456,12.505196,10.811026,10.676666,9.693728,10.097572,9.638248,0,0,0,0,0,0
2025/05/01 11:37:00.912,n,20.249298,20.905324,0.062849,0.001531,0.07774,0.003053,11.216562,10.270084,10.297812,9.86456,12.490622,10.833404,10.70464,9.684974,10.111566,9.648434,0,0,0,0,0,0
2025/05/01 11:38:00.914,n,20.195294,21.298252,0.05596,0.001971,0.063498,0.004326,11.21225,10.281784,10.294884,9.876258,12.473168,10.847398,10.72142,9.703912,10.117098,9.639648,0,0,0,0,0,0
2025/05/01 11:39:00.918,n,20.11346,21.63708,0.048081,0.002352,0.053519,0.003321,11.203462,10.287594,10.308014,9.867472,12.441124,10.858546,10.738262,9.699634,10.117098,9.645554,0,0,0,0,0,0
2025/05/01 11:40:00.919,n,20.139678,21.639054,0.042135,0.00198,0.045972,0.002441,11.20784,10.299292,10.32406,9.873314,12.407584,10.864276,10.757792,9.706888,10.122744,9.642624,0,0,0,0,0,0
2025/05/01 11:41:00.920,n,20.123322,21.362706,0.037079,0.001544,0.040617,0.001566,11.20053,10.30367,10.326956,9.876258,12.384282,10.881006,10.78017,9.703912,10.14232,9.654306,0,0,0,0,0,0
2025/05/01 11:42:00.925,n,20.008724,22.611444,0.033396,0.00108,0.036066,0.00133,11.19905,10.305102,10.33719,9.880634,12.356622,10.895036,10.794166,9.711266,10.145084,9.664524,0,0,0,0,0,0
2025/05/01 11:43:00.911,n,19.925178,24.083226,0.03131,0.000651,0.033161,0.000826,11.197584,10.305102,10.345946,9.889388,12.32308,10.909032,10.811026,9.73318,10.145084,9.658684,0,0,0,0,0,0
2025/05/01 11:44:00.914,n,19.884258,24.11234,0.030917,0.00011,0.031903,0.000369,11.19905,10.313826,10.348842,9.89523,12.285226,10.923044,10.833404,9.738956,10.16186,9.667436,0,0,0,0,0,0
2025/05/01 11:45:00.914,n,19.810482,24.927308,0.030549,0.000143,0.03125,0.000206,11.194704,10.326956,10.366352,9.903982,12.25605,10.934258,10.858546,9.737556,10.17024,9.665938,0,0,0,0,0,0
2025/05/01 11:46:00.917,n,19.69749,25.263068,0.030927,0.000127,0.031458,0.000107,11.169848,10.329868,10.36783,9.909806,12.218164,10.951036,10.86981,9.738956,10.175838,9.667436,0,0,0,0,0,0
2025/05/01 11:47:00.916,n,19.61551,24.643794,0.032597,0.000533,0.033091,0.00053,11.172762,10.33278,10.377986,9.912738,12.19485,10.95379,10.900636,9.760872,10.181386,9.68351,0,0,0,0,0,0
2025/05/01 11:48:00.918,n,19.476104,25.17259,0.035169,0.000777,0.034464,0.000421,11.153704,10.33719,10.383828,9.91568,12.172952,10.97065,10.9034,9.755096,10.192614,9.679132,0,0,0,0,0,0
2025/05/01 11:49:00.922,n,19.339974,25.590972,0.038211,0.000916,0.035643,0.000384,11.143482,10.335712,10.392532,9.909806,12.13798,10.981798,10.917414,9.757992,10.200978,9.674756,0,0,0,0,0,0
2025/05/01 11:50:00.924,n,19.37933,25.646454,0.041318,0.00094,0.038237,0.000803,11.14057,10.347344,10.398408,9.920026,12.123426,10.979048,10.925862,9.772634,10.209356,9.692294,0,0,0,0,0,0
2025/05/01 11:51:00.926,n,19.398956,25.626462,0.045329,0.001218,0.042403,0.001276,11.130314,10.341568,10.399872,9.909806,12.086924,10.998644,10.94819,9.774066,10.22623,9.690814,0,0,0,0,0,0
2025/05/01 11:52:00.910,n,19.372738,26.217778,0.050395,0.001523,0.050219,0.002409,11.13326,10.343,10.40713,9.93903,12.059264,10.995878,10.95379,9.795916,10.217836,9.698136,0,0,0,0,0,0
2025/05/01 11:53:00.914,n,19.312092,26.318272,0.055586,0.001583,0.059826,0.002913,11.117146,10.351754,10.41442,9.943372,12.032938,11.004274,10.965018,9.793036,10.237362,9.698136,0,0,0,0,0,0
2025/05/01 11:54:00.916,n,19.318634,26.472934,0.058514,0.000852,0.064755,0.001417,11.104012,10.353218,10.404218,9.943372,12.011074,11.018256,10.979048,9.790108,10.245756,9.695192,0,0,0,0,0,0
2025/05/01 11:55:00.917,n,19.293976,26.748688,0.059022,0.000189,0.065256,0.000231,11.098136,10.360476,10.410044,9.946286,11.99214,11.018256,10.99303,9.807664,10.248606,9.701046,0,0,0,0,0,0
2025/05/01 11:56:00.918,n,19.308774,26.547812,0.057627,0.000411,0.065272,0.000141,11.077628,10.357564,10.40713,9.940444,11.960018,11.032286,11.012658,9.798862,10.26813,9.701046,0,0,0,0,0,0
2025/05/01 11:57:00.919,n,19.35633,26.327424,0.055699,0.000612,0.065114,0.000134,11.064494,10.354634,10.408594,9.943372,11.946946,11.04065,11.026654,9.809078,10.270882,9.701046,0,0,0,0,0,0
2025/05/01 11:58:00.922,n,19.321858,26.024938,0.053684,0.000522,0.065398,0.000157,11.057172,10.360476,10.423176,9.946286,11.929396,11.04625,11.032286,9.81492,10.282108,9.705424,0,0,0,0,0,0
2025/05/01 11:59:00.926,n,19.35799,26.436422,0.051748,0.000565,0.066816,0.00047,11.03816,10.348842,10.418798,9.94923,11.90755,11.057514,11.04065,9.820794,10.28499,9.706888,0,0,0,0,0,0
2025/05/01 12:00:00.926,n,19.361264,26.325972,0.051645,3.187457e-05,0.066621,0.000109,11.039626,10.348842,10.423176,9.950664,11.898774,11.060264,11.049032,9.81492,10.296104,9.720018,0,0,0,0,0,0
2025/05/01 12:01:00.909,n,19.403938,26.245574,0.051285,0.000173,0.067953,0.000438,11.058684,10.356098,10.440652,9.963794,11.884188,11.049032,11.032286,9.861664,10.27936,9.738956,0,0,0,0,0,0
2025/05/01 12:02:00.910,n,19.402278,26.83642,0.053899,0.000757,0.068785,0.000235,11.046918,10.363454,10.42752,9.969666,11.873932,11.051882,11.043434,9.854342,10.28499,9.727306,0,0,0,0,0,0
2025/05/01 12:03:00.911,n,19.41048,26.15449,0.055714,0.000585,0.067206,0.000533,11.024994,10.351754,10.418798,9.968202,11.846242,11.071412,11.06303,9.847036,10.307364,9.724362,0,0,0,0,0,0
2025/05/01 12:04:00.916,n,19.434486,26.570596,0.054555,0.000483,0.06801,0.000293,11.045974,10.382948,10.44708,9.995014,11.86138,11.051604,11.045974,9.885596,10.287382,9.74976,0,0,0,0,0,0
2025/05/01 12:05:00.915,n,19.39352,26.46684,0.057003,0.000735,0.073241,0.001655,11.032838,10.380036,10.441222,10.00377,11.848244,11.057122,11.062802,9.886998,10.295762,9.745382,0,0,0,0,0,0
2025/05/01 12:06:00.919,n,19.362316,26.518754,0.061504,0.001323,0.081417,0.002459,11.032838,10.384414,10.438324,9.995014,11.843896,11.06845,11.062802,9.891374,10.29298,9.75708,0,0,0,0,0,0
2025/05/01 12:07:00.923,n,19.408314,26.44376,0.063746,0.000675,0.082998,0.000542,11.022146,10.377074,10.4456,9.999362,11.835188,11.073952,11.076832,9.886998,10.320902,9.74976,0,0,0,0,0,0
2025/05/01 12:08:00.921,n,19.418128,26.589594,0.063981,0.000182,0.078369,0.001499,11.013422,10.382948,10.436846,9.997912,11.82638,11.085214,11.085214,9.89575,10.318152,9.74976,0,0,0,0,0,0
2025/05/01 12:09:00.924,n,19.409878,27.04958,0.06274,0.000418,0.075908,0.000711,11.003234,10.378538,10.438324,9.993536,11.817622,11.093578,11.08798,9.898694,10.3265,9.751206,0,0,0,0,0,0
2025/05/01 12:10:00.917,n,19.42633,26.87473,0.066468,0.001343,0.079755,0.001466,11.00761,10.366904,10.448544,10.000824,11.808864,11.085214,11.09646,9.907416,10.337762,9.761456,0,0,0,0,0,0
2025/05/01 12:11:00.912,n,19.47223,26.10561,0.149357,0.022646,0.282045,0.055063,11.030854,10.378538,10.454338,10.012554,11.836604,11.082348,11.08798,9.935172,10.32938,9.778996,0,0,0,0,0,0
2025/05/01 12:12:00.915,n,19.518178,25.988382,0.197741,0.035178,0.287811,0.068202,11.02506,10.39024,10.439758,10.022742,11.83807,11.0712,11.090732,9.938116,10.32938,9.783308,0,0,0,0,0,0
2025/05/01 12:13:00.917,n,19.636242,25.693202,0.258579,0.015924,0.319349,0.011202,11.022146,10.387294,10.438324,10.0169,11.840982,11.0712,11.099212,9.922044,10.332228,9.765834,0,0,0,0,0,0
2025/05/01 12:14:00.922,n,19.921154,24.730482,0.137472,0.03321,0.286906,0.022065,11.048268,10.427878,10.483288,10.06036,11.850962,11.063452,11.077384,9.977166,10.324386,9.819508,0,0,0,0,0,0
2025/05/01 12:15:00.921,n,20.062024,24.008834,0.064977,0.015167,0.073012,0.038725,11.027874,10.432256,10.480358,10.058944,11.826136,11.077384,11.080234,9.985986,10.310374,9.82242,0,0,0,0,0,0
2025/05/01 12:16:00.924,n,20.132386,23.729658,0.065772,0.000211,0.074987,0.000672,11.016272,10.419188,10.484736,10.06036,11.824656,11.071836,11.091496,9.983008,10.318754,9.82826,0,0,0,0,0,0
2025/05/01 12:17:00.926,n,20.158608,23.596604,0.067936,0.000723,0.079243,0.001257,11.024962,10.426414,10.487664,10.058944,11.834894,11.074634,11.083114,9.990296,10.321506,9.831174,0,0,0,0,0,0
2025/05/01 12:18:00.927,n,20.075112,23.589478,0.071502,0.001035,0.090603,0.003532,11.02934,10.423534,10.478942,10.06617,11.84362,11.071836,11.080234,9.997618,10.321506,9.829676,0,0,0,0,0,0
2025/05/01 12:19:00.915,n,20.042346,23.883376,0.073615,0.000632,0.095219,0.001384,11.048268,10.419188,10.483288,10.072042,11.833446,11.077384,11.083114,10.018056,10.316004,9.841424,0,0,0,0,0,0
2025/05/01 12:20:00.912,n,20.04562,24.11237,0.074655,0.000343,0.089805,0.001681,11.056992,10.424998,10.493508,10.079366,11.83636,11.068988,11.088714,10.01368,10.321506,9.841424,0,0,0,0,0,0
2025/05/01 12:21:00.918,n,20.094788,24.074126,0.073123,0.000542,0.08957,0.000167,11.052646,10.424998,10.483288,10.07349,11.840802,11.074634,11.085866,10.023898,10.32715,9.841424,0,0,0,0,0,0
2025/05/01 12:22:00.921,n,20.066956,23.17136,0.069522,0.001119,0.087511,0.000832,11.045322,10.422036,10.480358,10.074954,11.83636,11.071836,11.091496,10.018056,10.33278,9.839958,0,0,0,0,0,0
2025/05/01 12:23:00.923,n,20.057094,24.479588,0.067977,0.000396,0.081089,0.001919,11.04389,10.426414,10.475998,10.07058,11.830514,11.088714,11.102612,10.023898,10.33278,9.841424,0,0,0,0,0,0
2025/05/01 12:24:00.923,n,20.05553,24.079156,0.069399,0.000483,0.081435,0.000362,11.04389,10.427878,10.484736,10.07058,11.840802,11.083114,11.094248,10.02681,10.329902,9.850128,0,0,0,0,0,0
2025/05/01 12:25:00.925,n,20.039124,24.270752,0.074006,0.001393,0.083852,0.00062,11.048268,10.426414,10.47751,10.072042,11.837824,11.083114,11.102612,10.034098,10.329902,9.841424,0,0,0,0,0,0
2025/05/01 12:26:00.926,n,20.065296,24.028782,0.074914,0.000316,0.088092,0.001295,11.046804,10.432256,10.47751,10.07349,11.837824,11.091496,11.105494,10.031186,10.33553,9.847248,0,0,0,0,0,0
2025/05/01 12:27:00.928,n,20.042346,23.882078,0.077395,0.000782,0.098538,0.003242,11.046804,10.427878,10.481822,10.074954,11.829034,11.094248,11.113844,10.037028,10.338282,9.842872,0,0,0,0,0,0
2025/05/01 12:28:00.914,n,20.05553,24.135148,0.107458,0.009074,0.135082,0.009536,11.07444,10.426414,10.493508,10.08371,11.845118,11.088714,11.113844,10.061792,10.341128,9.86041,0,0,0,0,0,0
2025/05/01 12:29:00.914,n,20.017834,23.649962,0.094662,0.002996,0.135725,0.004271,11.065682,10.433754,10.49642,10.089584,11.834894,11.088714,11.110996,10.06036,10.341128,9.867682,0,0,0,0,0,0
2025/05/01 12:30:00.919,n,20.073452,23.66287,0.366305,0.103649,0.235053,0.033603,11.115812,10.474532,10.50511,10.12167,11.931254,11.049456,11.097096,10.085156,10.316004,9.88376,0,0,0,0,0,0
2025/05/01 12:31:00.926,n,20.21754,23.473044,0.389418,0.002342,0.227637,0.004813,11.139234,10.50659,10.532854,10.139146,11.966288,11.013,11.063452,10.099752,10.288,9.904194,0,0,0,0,0,0
2025/05/01 12:32:00.927,n,20.485852,22.774306,0.292265,0.03392,0.242437,0.006093,11.127532,10.492042,10.51393,10.131888,11.928324,11.052256,11.091496,10.089584,10.304744,9.899768,0,0,0,0,0,0
2025/05/01 12:33:00.926,n,20.750598,21.94484,0.239364,0.015355,0.233747,0.002715,11.09682,10.470188,10.50511,10.110004,11.90058,11.063452,11.105494,10.08078,10.324386,9.879382,0,0,0,0,0,0
2025/05/01 12:34:00.929,n,20.987854,20.52979,0.07523,0.071106,0.090176,0.061442,11.062802,10.449764,10.490578,10.091064,11.852428,11.102612,11.122324,10.06617,10.355122,9.872028,0,0,0,0,0,0
2025/05/01 12:35:00.930,n,20.97311,19.983344,0.073032,0.00062,0.083931,0.001698,11.071542,10.445388,10.500764,10.093928,11.875804,11.085866,11.122324,10.08078,10.341128,9.879382,0,0,0,0,0,0
2025/05/01 12:36:00.932,n,20.742444,20.034082,0.072402,0.000405,0.080712,0.001276,11.071542,10.445388,10.502246,10.085156,11.891822,11.097096,11.130722,10.079366,10.349526,9.882294,0,0,0,0,0,0
2025/05/01 12:37:00.920,n,20.546302,20.911264,0.187691,0.054544,0.247579,0.074658,11.101148,10.455624,10.50511,10.111436,11.931254,11.085866,11.122324,10.102682,10.341128,9.885222,0,0,0,0,0,0
2025/05/01 12:38:00.919,n,20.505432,21.614316,0.068522,0.032413,0.078933,0.045781,11.090912,10.445388,10.499332,10.108538,11.90934,11.102612,11.139104,10.096872,10.352374,9.880846,0,0,0,0,0,0
2025/05/01 12:39:00.927,n,20.690152,20.390914,0.068696,0.000403,0.083397,0.001496,11.092424,10.451246,10.492042,10.105596,11.925408,11.105494,11.133472,10.093928,10.355122,9.882294,0,0,0,0,0,0
2025/05/01 12:40:00.923,n,20.765346,20.393576,0.068767,0.000138,0.089293,0.00182,11.092424,10.44687,10.502246,10.108538,11.925408,11.110996,11.139104,10.093928,10.360656,9.889598,0,0,0,0,0,0
2025/05/01 12:41:00.927,n,20.798012,20.209696,0.067875,0.000374,0.089513,7.361117e-05,11.101148,10.454142,10.500764,10.112916,11.939996,11.102612,11.144622,10.101218,10.357906,9.88376,0,0,0,0,0,0
2025/05/01 12:42:00.928,n,20.73595,20.631814,0.070932,0.000968,0.088797,0.00034,11.102612,10.4614,10.502246,10.105596,11.947274,11.110996,11.14187,10.10413,10.363504,9.892544,0,0,0,0,0,0
2025/05/01 12:43:00.931,n,20.75719,20.441928,0.073285,0.001672,0.085007,0.001598,11.108522,10.46581,10.512466,10.108538,11.95603,11.113844,11.144622,10.108538,10.360656,9.888104,0,0,0,0,0,0
2025/05/01 12:44:00.937,n,20.744106,19.536606,0.075718,0.001587,0.078166,0.001962,11.117278,10.471652,10.525532,10.112916,11.963326,11.113844,11.14187,10.114412,10.357906,9.907074,0,0,0,0,0,0
2025/05/01 12:45:00.933,n,20.683654,19.647648,0.070199,0.010531,0.074105,0.003532,11.115812,10.462898,10.519722,10.10706,11.95315,11.122324,11.1587,10.112916,10.366302,9.89692,0,0,0,0,0,0
2025/05/01 12:46:00.921,n,20.642788,19.835,0.062293,0.003191,0.068454,0.002285,11.121656,10.457088,10.5241,10.111436,11.945808,11.122324,11.1531,10.130424,10.363504,9.899768,0,0,0,0,0,0
2025/05/01 12:47:00.921,n,20.639514,20.221364,0.06059,0.000761,0.065589,0.000903,11.121656,10.464314,10.525532,10.124566,11.945808,11.122324,11.15035,10.131888,10.3719,9.907074,0,0,0,0,0,0
2025/05/01 12:48:00.924,n,20.5839,20.20792,0.059458,0.000282,0.063446,0.000651,11.126066,10.467276,10.518274,10.126046,11.935632,11.130722,11.161484,10.128926,10.377498,9.89692,0,0,0,0,0,0
2025/05/01 12:49:00.927,n,20.525062,20.09524,0.062457,0.000947,0.067444,0.001333,11.118744,10.468722,10.531376,10.12751,11.94146,11.130722,11.17273,10.130424,10.383128,9.902728,0,0,0,0,0,0
2025/05/01 12:50:00.931,n,20.56598,20.446608,0.074797,0.007079,0.082074,0.00842,11.128996,10.481822,10.529942,10.134802,11.942926,11.139104,11.167098,10.136202,10.377498,9.905674,0,0,0,0,0,0
2025/05/01 12:51:00.929,n,20.5839,20.209568,0.07807,0.001336,0.086988,0.001475,11.127532,10.481822,10.529942,10.130424,11.94146,11.133472,11.169882,10.139146,10.383128,9.907074,0,0,0,0,0,0
2025/05/01 12:52:00.931,n,20.641124,30.137744,0.218251,0.040342,0.166662,0.022927,11.164056,10.51681,10.561968,10.16396,12.005684,11.110996,11.147502,10.16396,10.3719,9.94072,0,0,0,0,0,0
2025/05/01 12:53:00.936,n,20.665688,19.4942,0.079622,0.096411,0.089873,0.045224,11.117278,10.478942,10.544508,10.12019,11.931254,11.15035,11.186746,10.134802,10.402656,9.911516,0,0,0,0,0,0
2025/05/01 12:54:00.937,n,20.763684,18.025106,0.070113,0.002923,0.082608,0.002077,11.1246,10.481822,10.548852,10.128926,11.929788,11.1531,11.178362,10.146484,10.399808,9.929022,0,0,0,0,0,0
2025/05/01 12:55:00.926,n,20.760414,17.634176,0.072869,0.000929,0.088876,0.002065,11.142132,10.487664,10.559056,10.142058,11.913736,11.147502,11.18121,10.149396,10.405536,9.915892,0,0,0,0,0,0
2025/05/01 12:56:00.922,n,20.721202,17.187234,0.076257,0.001034,0.092838,0.001057,11.137754,10.481822,10.550332,10.14061,11.922478,11.147502,11.186746,10.158152,10.397024,9.917308,0,0,0,0,0,0
2025/05/01 12:57:00.909,n,20.642788,17.795298,0.078436,0.000633,0.091823,0.000424,11.142132,10.478942,10.569276,10.134802,11.926858,11.155948,11.192344,10.16396,10.411136,9.937744,0,0,0,0,0,0
2025/05/01 12:58:00.925,n,20.579068,18.188352,0.08371,0.00173,0.098112,0.002078,11.133358,10.490578,10.550332,10.147932,11.916652,11.1587,11.195142,10.161032,10.41665,9.917308,0,0,0,0,0,0
2025/05/01 12:59:00.919,n,20.637856,18.609586,0.087236,0.000956,0.100652,0.000581,11.152368,10.4862,10.573652,10.134802,11.928324,11.1587,11.192344,10.172698,10.41665,9.937744,0,0,0,0,0,0
2025/05/01 13:00:00.913,n,20.67057,18.568406,0.091077,0.001083,0.096879,0.001594,11.14799,10.492042,10.579446,10.150862,11.932766,11.155948,11.195142,10.180004,10.4194,9.943584,0,0,0,0,0,0
2025/05/01 13:01:00.928,n,20.703236,18.30659,0.144693,0.020822,0.130022,0.013255,11.167034,10.529942,10.585322,10.185844,11.964822,11.127872,11.175482,10.18879,10.391524,9.949442,0,0,0,0,0,0
2025/05/01 13:02:00.930,n,20.69508,18.661368,0.090629,0.032036,0.087627,0.02945,11.140666,10.51681,10.582344,10.174162,11.934168,11.14187,11.18121,10.180004,10.405536,9.931968,0,0,0,0,0,0
2025/05/01 13:03:00.931,n,20.768616,23.88892,0.16935,0.023163,0.137061,0.014068,11.177288,10.543042,10.598454,10.193134,11.974998,11.130722,11.175482,10.200458,10.399808,9.966998,0,0,0,0,0,0
2025/05/01 13:04:00.918,n,20.822232,17.108396,0.143913,0.023914,0.110483,0.011444,11.161158,10.502246,10.575118,10.16396,11.935632,11.1531,11.192344,10.19167,10.42228,9.945066,0,0,0,0,0,0
2025/05/01 13:05:00.924,n,20.978038,16.771318,0.078522,0.009363,0.089915,0.004335,11.149456,10.508088,10.579446,10.174162,11.925408,11.164332,11.200742,10.190222,10.433426,9.947962,0,0,0,0,0,0
2025/05/01 13:06:00.922,n,20.95182,17.092264,0.073463,0.001912,0.091739,0.000716,11.153834,10.509552,10.585322,10.180004,11.923944,11.169882,11.211974,10.204834,10.439058,9.953818,0,0,0,0,0,0
2025/05/01 13:07:00.923,n,21.056752,16.325504,0.073747,0.000202,0.094253,0.000854,11.143612,10.509552,10.57803,10.172698,11.928324,11.18121,11.214822,10.198976,10.444656,9.949442,0,0,0,0,0,0
2025/05/01 13:08:00.929,n,20.946888,16.732316,0.07357,0.000173,0.09911,0.001582,11.152368,10.518274,10.57803,10.18298,11.937048,11.178362,11.211974,10.198976,10.439058,9.953818,0,0,0,0,0,0
2025/05/01 13:09:00.929,n,20.861538,16.989354,0.074752,0.000393,0.09578,0.000914,11.152368,10.521154,10.58672,10.180004,11.938546,11.178362,11.217606,10.197512,10.447438,9.956716,0,0,0,0,0,0
2025/05/01 13:10:00.930,n,20.851772,17.154214,0.075209,0.000218,0.087527,0.002542,11.152368,10.52262,10.585322,10.184382,11.938546,11.18121,11.22037,10.200458,10.447438,9.961156,0,0,0,0,0,0
2025/05/01 13:11:00.933,n,20.9026,17.134654,0.07736,0.000654,0.083612,0.001063,11.14799,10.525532,10.588232,10.1815,11.947274,11.18396,11.223218,10.203354,10.447438,9.949442,0,0,0,0,0,0
2025/05/01 13:12:00.938,n,21.015736,17.373154,0.082612,0.001666,0.084448,0.000445,11.155332,10.528478,10.592578,10.175628,11.951684,11.18396,11.22597,10.201888,10.455802,9.958196,0,0,0,0,0,0
2025/05/01 13:13:00.921,n,21.010804,17.169986,0.142246,0.027638,0.212024,0.048247,11.178754,10.52262,10.61009,10.190222,11.983788,11.178362,11.223218,10.236874,10.45865,9.975702,0,0,0,0,0,0
2025/05/01 13:14:00.924,n,21.063344,17.112558,0.154895,0.006167,0.240394,0.013199,11.18751,10.531376,10.60568,10.200458,11.974998,11.186746,11.228754,10.22524,10.45865,9.969878,0,0,0,0,0,0
2025/05/01 13:15:00.927,n,21.22726,16.591826,0.163779,0.004254,0.172099,0.033258,11.164056,10.525532,10.594044,10.190222,11.95603,11.18956,11.228754,10.217964,10.464184,9.96407,0,0,0,0,0,0
2025/05/01 13:16:00.908,n,21.376332,15.865006,0.167555,0.002768,0.183123,0.02029,11.190422,10.529942,10.615866,10.18298,11.992548,11.18956,11.228754,10.233976,10.467032,9.985986,0,0,0,0,0,0
2025/05/01 13:17:00.920,n,21.638344,15.653464,0.1806,0.004702,0.146001,0.011566,11.196266,10.53432,10.614466,10.18298,11.989634,11.186746,11.23712,10.242716,10.469912,9.984488,0,0,0,0,0,0
2025/05/01 13:18:00.914,n,21.675942,14.008696,0.180567,0.002671,0.139097,0.00468,11.191888,10.526998,10.617364,10.19167,11.996926,11.195142,11.24275,10.238338,10.475428,9.987386,0,0,0,0,0,0
2025/05/01 13:19:00.926,n,21.60558,14.270182,0.16075,0.005403,0.12185,0.005052,11.207968,10.545922,10.612986,10.206298,11.982306,11.195142,11.23712,10.233976,10.47266,9.974288,0,0,0,0,0,0
2025/05/01 13:20:00.923,n,21.649768,15.433322,0.146539,0.00461,0.114808,0.001877,11.202124,10.538632,10.615866,10.207712,12.001306,11.200742,11.23712,10.25295,10.475428,9.991762,0,0,0,0,0,0
2025/05/01 13:21:00.923,n,21.89523,15.581894,0.147706,0.001303,0.112215,0.000821,11.209434,10.538632,10.618812,10.203354,12.00277,11.200742,11.24275,10.254382,10.483808,9.994708,0,0,0,0,0,0
2025/05/01 13:22:00.911,n,22.271206,14.540146,0.075901,0.0324,0.085122,0.011173,11.1802,10.532854,10.620276,10.185844,12.00417,11.214822,11.25123,10.235474,10.486558,9.990296,0,0,0,0,0,0
2025/05/01 13:23:00.911,n,22.315246,13.817546,0.071721,0.001115,0.075968,0.002721,11.193368,10.544508,10.627534,10.196014,12.021688,11.206342,11.24848,10.254382,10.486558,10.00346,0,0,0,0,0,0
2025/05/01 13:24:00.910,n,22.230336,14.472366,0.071517,0.00019,0.070969,0.001609,11.205056,10.545922,10.631912,10.197512,12.045066,11.209124,11.234354,10.254382,10.483808,10.00927,0,0,0,0,0,0
2025/05/01 13:25:00.916,n,22.148648,14.48336,0.073829,0.000957,0.07187,0.000506,11.21819,10.544508,10.64358,10.207712,12.05967,11.209124,11.24275,10.255846,10.483808,10.01368,0,0,0,0,0,0
2025/05/01 13:26:00.923,n,22.039124,14.830998,0.096407,0.006313,0.082425,0.00283,11.234322,10.548852,10.640636,10.219364,12.072744,11.203494,11.23712,10.274802,10.486558,10.006372,0,0,0,0,0,0
2025/05/01 13:27:00.917,n,21.838002,14.67131,0.078304,0.006303,0.073779,0.001996,11.238682,10.548852,10.642098,10.212108,12.081534,11.209124,11.2456,10.271858,10.486558,10.015126,0,0,0,0,0,0
2025/05/01 13:28:00.922,n,21.666176,14.825798,0.072508,0.001877,0.071765,0.000584,11.25478,10.551764,10.647958,10.219364,12.084448,11.211974,11.234354,10.279214,10.483808,10.007838,0,0,0,0,0,0
2025/05/01 13:29:00.920,n,21.653088,14.937828,0.17312,0.042216,0.098694,0.010169,11.278202,10.573652,10.661026,10.228184,12.12818,11.18396,11.231602,10.29669,10.478308,10.029722,0,0,0,0,0,0
2025/05/01 13:30:00.926,n,21.633412,15.115982,0.198515,0.01356,0.122348,0.00632,11.275256,10.58672,10.668334,10.247092,12.12095,11.203494,11.23712,10.279214,10.486558,10.018056,0,0,0,0,0,0
2025/05/01 13:31:00.915,n,21.640004,15.860874,0.205589,0.003045,0.122193,0.001188,11.304506,10.595508,10.68,10.244196,12.151542,11.164332,11.214822,10.305412,10.464184,10.053104,0,0,0,0,0,0
2025/05/01 13:32:00.914,n,21.715756,16.047514,0.225032,0.008533,0.129197,0.002886,11.278348,10.561986,10.64651,10.206364,12.113606,11.180136,11.222146,10.264698,10.4745,10.009432,0,0,0,0,0,0
2025/05/01 13:33:00.916,n,21.75008,15.211326,0.251277,0.009248,0.134462,0.003797,11.284176,10.569342,10.647926,10.210774,12.126746,11.191366,11.233376,10.266146,10.496794,10.010928,0,0,0,0,0,0
2025/05/01 13:34:00.919,n,21.905452,16.159458,0.274319,0.006261,0.132949,0.003606,11.288552,10.567876,10.647926,10.216582,12.123832,11.191366,11.241774,10.267612,10.496794,10.01384,0,0,0,0,0,0
2025/05/01 13:35:00.920,n,22.173564,15.288066,0.263757,0.0134,0.158837,0.00926,11.287138,10.57803,10.658114,10.226768,12.14713,11.199764,11.241774,10.29965,10.505272,10.025524,0,0,0,0,0,0
2025/05/01 13:36:00.922,n,22.433284,14.606308,0.189359,0.038546,0.19127,0.020444,11.256374,10.534352,10.627568,10.212238,12.097554,11.219378,11.250254,10.260288,10.519252,9.994854,0,0,0,0,0,0
2025/05/01 13:37:00.927,n,22.648762,13.864006,0.10413,0.041067,0.137583,0.032551,11.259304,10.545988,10.63629,10.190352,12.068396,11.236158,11.258636,10.257442,10.536126,9.99923,0,0,0,0,0,0
2025/05/01 13:38:00.928,n,22.676494,14.207254,0.065974,0.005797,0.076794,0.006405,11.271072,10.563466,10.64651,10.225336,12.07709,11.238926,11.264154,10.266146,10.538878,10.009432,0,0,0,0,0,0
2025/05/01 13:39:00.928,n,22.652034,14.220396,0.061883,0.001103,0.073415,0.000945,11.27392,10.564964,10.64939,10.222392,12.085882,11.233376,11.267002,10.273452,10.541642,10.008018,0,0,0,0,0,0
2025/05/01 13:40:00.915,n,22.3451,14.69797,0.060926,0.000278,0.072032,0.00038,11.294398,10.561986,10.669814,10.204884,12.104848,11.238926,11.269754,10.271988,10.544426,10.022562,0,0,0,0,0,0
2025/05/01 13:41:00.918,n,22.003598,15.28278,0.058667,0.000596,0.065894,0.001819,11.294398,10.57074,10.668334,10.218046,12.104848,11.244526,11.269754,10.277798,10.544426,10.031316,0,0,0,0,0,0
2025/05/01 13:42:00.921,n,21.926788,16.250736,0.054063,0.001495,0.058689,0.002149,11.308998,10.576566,10.684346,10.226768,12.122334,11.241774,11.258636,10.285118,10.550024,10.03278,0,0,0,0,0,0
2025/05/01 13:43:00.921,n,21.866242,16.091466,0.050384,0.001069,0.053062,0.001754,11.308998,10.576566,10.678504,10.226768,12.115042,11.244526,11.264154,10.28805,10.558404,10.038654,0,0,0,0,0,0
2025/05/01 13:44:00.921,n,21.789338,16.339622,0.046975,0.001069,0.047935,0.001568,11.320766,10.580912,10.684346,10.232626,12.117988,11.247374,11.267002,10.28805,10.564034,10.037158,0,0,0,0,0,0
2025/05/01 13:45:00.927,n,21.72884,16.93289,0.043642,0.000946,0.045418,0.00064,11.328056,10.58973,10.690206,10.239902,12.109196,11.250254,11.267002,10.293906,10.555656,10.035692,0,0,0,0,0,0
2025/05/01 13:46:00.929,n,21.576642,17.071554,0.039393,0.001157,0.041969,0.000956,11.32508,10.596956,10.691636,10.247222,12.100468,11.244526,11.264154,10.298252,10.564034,10.045944,0,0,0,0,0,0
2025/05/01 13:47:00.929,n,21.44886,17.486312,0.037942,0.000353,0.040387,0.000432,11.329522,10.599854,10.701792,10.253064,12.098988,11.250254,11.264154,10.29965,10.569648,10.051752,0,0,0,0,0,0
2025/05/01 13:48:00.932,n,21.247444,17.892014,0.037761,5.963186e-05,0.040131,0.000153,11.333868,10.604264,10.696014,10.254544,12.094608,11.255756,11.278234,10.296754,10.57528,10.041534,0,0,0,0,0,0
2025/05/01 13:49:00.917,n,21.08846,18.25537,0.038427,0.000218,0.040547,0.000132,11.335366,10.604264,10.714926,10.245756,12.101934,11.250254,11.278234,10.306974,10.580782,10.060508,0,0,0,0,0,0
2025/05/01 13:50:00.922,n,21.08514,18.330052,0.03948,0.000338,0.040979,0.000141,11.336832,10.605712,10.720752,10.253064,12.096088,11.278234,11.278234,10.309936,10.586428,10.063452,0,0,0,0,0,0
2025/05/01 13:51:00.920,n,21.04417,18.6043,0.04198,0.000782,0.042344,0.000417,11.34121,10.614466,10.726594,10.255976,12.085882,11.269754,11.283866,10.31716,10.597624,10.07074,0,0,0,0,0,0
2025/05/01 13:52:00.922,n,21.006478,18.631064,0.045859,0.001177,0.045082,0.000836,11.338312,10.62174,10.73823,10.257442,12.08007,11.272636,11.286618,10.320106,10.594808,10.088216,0,0,0,0,0,0
2025/05/01 13:53:00.927,n,20.942462,18.755728,0.051388,0.001699,0.048822,0.001129,11.34707,10.618844,10.735316,10.269108,12.068396,11.269754,11.286618,10.31864,10.600406,10.076582,0,0,0,0,0,0
2025/05/01 13:54:00.927,n,20.866974,18.81907,0.056527,0.001509,0.052738,0.001173,11.335366,10.629,10.735316,10.274918,12.056692,11.269754,11.292264,10.323018,10.600406,10.079462,0,0,0,0,0,0
2025/05/01 13:55:00.928,n,20.826008,19.084548,0.064303,0.002343,0.058108,0.001589,11.338312,10.626086,10.736766,10.280744,12.05088,11.278234,11.295016,10.32598,10.61165,10.076582,0,0,0,0,0,0
2025/05/01 13:56:00.931,n,20.858822,19.31362,0.077657,0.003542,0.067206,0.002766,11.328056,10.64651,10.748418,10.290962,12.046498,11.275386,11.295016,10.334702,10.61165,10.095556,0,0,0,0,0,0
2025/05/01 13:57:00.936,n,20.88509,20.01214,0.20578,0.030768,0.113016,0.013015,11.34847,10.666868,10.746952,10.30551,12.084416,11.261388,11.289466,10.33615,10.600406,10.095556,0,0,0,0,0,0
2025/05/01 13:58:00.921,n,20.942462,19.017856,0.2447,0.01672,0.14181,0.010062,11.358706,10.663956,10.7644,10.292426,12.096088,11.267002,11.295016,10.340494,10.61165,10.108622,0,0,0,0,0,0
2025/05/01 13:59:00.921,n,21.083478,18.939268,0.291383,0.013351,0.153275,0.003738,11.360172,10.671278,10.773154,10.296754,12.113606,11.253006,11.295016,10.34339,10.61165,10.124696,0,0,0,0,0,0
2025/05/01 14:00:00.922,n,21.221172,18.294804,0.321861,0.007998,0.164716,0.003132,11.37775,10.675656,10.780478,10.312848,12.119388,11.255756,11.292264,10.34925,10.614402,10.121786,0,0,0,0,0,0
2025/05/01 14:01:00.925,n,21.45052,18.36893,0.33062,0.00209,0.176991,0.002545,11.390904,10.694582,10.79646,10.328858,12.138372,11.233376,11.267002,10.3726,10.57803,10.150926,0,0,0,0,0,0
2025/05/01 14:02:00.927,n,21.596272,18.19874,0.317666,0.008277,0.163475,0.006173,11.38944,10.688724,10.795012,10.328858,12.14713,11.238926,11.278234,10.37841,10.594808,10.148012,0,0,0,0,0,0
2025/05/01 14:03:00.930,n,21.72884,17.96235,0.336687,0.005375,0.158513,0.003756,11.395282,10.691636,10.787704,10.331804,12.166098,11.241774,11.275386,10.363844,10.61165,10.13786,0,0,0,0,0,0
2025/05/01 14:04:00.930,n,21.8597,18.111856,0.282624,0.016808,0.156673,0.001277,11.37627,10.684346,10.777566,10.321538,12.173358,11.261388,11.289466,10.368222,10.622784,10.13786,0,0,0,0,0,0
2025/05/01 14:05:00.935,n,22.067364,17.65134,0.220308,0.017863,0.156481,0.000782,11.37627,10.681418,10.780478,10.334702,12.186514,11.267002,11.303398,10.368222,10.625548,10.130538,0,0,0,0,0,0
2025/05/01 14:06:00.933,n,22.39085,16.68513,0.191688,0.008462,0.156108,0.001518,11.383596,10.678504,10.771722,10.324482,12.203982,11.283866,11.308998,10.35369,10.636778,10.13786,0,0,0,0,0,0
2025/05/01 14:07:00.921,n,22.462678,16.536368,0.188922,0.000618,0.136533,0.005946,11.398196,10.678504,10.792082,10.31864,12.252062,11.286618,11.314728,10.3726,10.639658,10.142238,0,0,0,0,0,0
2025/05/01 14:08:00.920,n,22.44471,16.883756,0.204495,0.004715,0.111981,0.00708,11.42009,10.68288,10.786256,10.324482,12.279772,11.283866,11.31188,10.3726,10.639658,10.149494,0,0,0,0,0,0
2025/05/01 14:09:00.926,n,22.436554,13.673062,0.206033,0.005052,0.097371,0.003225,11.436204,10.67997,10.786256,10.334702,12.297274,11.283866,11.31188,10.375512,10.639658,10.159714,0,0,0,0,0,0
2025/05/01 14:10:00.925,n,22.514874,13.94,0.218356,0.002966,0.100401,0.002423,11.466854,10.69748,10.805152,10.337614,12.330782,11.286618,11.317494,10.381322,10.639658,10.168434,0,0,0,0,0,0
2025/05/01 14:11:00.911,n,22.415314,13.392802,0.217652,0.001943,0.115745,0.004925,11.48004,10.710548,10.79646,10.344902,12.348316,11.283866,11.31188,10.365278,10.636778,10.167034,0,0,0,0,0,0
2025/05/01 14:12:00.931,n,22.408772,14.454814,0.235326,0.007269,0.118227,0.000825,11.51507,10.709084,10.797924,10.35509,12.345386,11.283866,11.320276,10.381322,10.636778,10.1699,0,0,0,0,0,0
2025/05/01 14:13:00.916,n,22.660186,13.64075,0.302456,0.021138,0.12358,0.00172,11.55451,10.729508,10.816852,10.350714,12.390584,11.269754,11.314728,10.394422,10.628412,10.174276,0,0,0,0,0,0
2025/05/01 14:14:00.917,n,22.831478,14.017918,0.318021,0.010189,0.153381,0.011355,11.570626,10.716406,10.802302,10.352178,12.406542,11.264154,11.314728,10.409034,10.617152,10.18303,0,0,0,0,0,0
2025/05/01 14:15:00.921,n,23.118344,12.917924,0.294116,0.008185,0.153745,0.010895,11.59252,10.732388,10.826976,10.366758,12.410954,11.278234,11.317494,10.409034,10.628412,10.219496,0,0,0,0,0,0
2025/05/01 14:16:00.907,n,23.253498,12.589672,0.306978,0.008847,0.165083,0.005716,11.627584,10.771722,10.822662,10.388644,12.413836,11.278234,11.325876,10.409034,10.622784,10.180132,0,0,0,0,0,0
2025/05/01 14:17:00.910,n,23.263314,13.65756,0.301019,0.006933,0.120498,0.010538,11.637838,10.752796,10.812472,10.352178,12.359926,11.281116,11.33426,10.40612,10.628412,10.185944,0,0,0,0,0,0
2025/05/01 14:18:00.911,n,23.041728,12.523308,0.290228,0.005888,0.116214,0.001887,11.650976,10.770258,10.837212,10.376944,12.406542,11.278234,11.342626,10.409034,10.625548,10.199106,0,0,0,0,0,0
2025/05/01 14:19:00.915,n,22.950024,12.870462,0.304025,0.009947,0.118997,0.004155,11.640004,10.753512,10.82769,10.370372,12.38832,11.296644,11.363868,10.387878,10.638372,10.163422,0,0,0,0,0,0
2025/05/01 14:20:00.914,n,22.985962,12.710484,0.301841,0.003271,0.118211,0.001378,11.647296,10.765082,10.829156,10.361666,12.38539,11.293794,11.38065,10.386432,10.635622,10.183794,0,0,0,0,0,0
2025/05/01 14:21:00.918,n,22.933816,13.286418,0.264322,0.012783,0.129043,0.003074,11.637122,10.751998,10.836446,10.348534,12.382476,11.30781,11.397496,10.379156,10.638372,10.177954,0,0,0,0,0,0
2025/05/01 14:22:00.921,n,23.073952,12.57772,0.247495,0.004444,0.138594,0.004536,11.659,10.766548,10.8612,10.3602,12.360578,11.316258,11.411512,10.396602,10.64397,10.188172,0,0,0,0,0,0
2025/05/01 14:23:00.921,n,23.135864,12.276004,0.245327,0.005685,0.156964,0.004648,11.666246,10.762202,10.862616,10.371836,12.37225,11.319024,11.42551,10.402476,10.64122,10.193964,0,0,0,0,0,0
2025/05/01 14:24:00.925,n,23.065796,12.50123,0.235152,0.004887,0.157156,0.003916,11.680912,10.768014,10.87134,10.371836,12.36354,11.319024,11.44799,10.409734,10.649604,10.19543,0,0,0,0,0,0
2025/05/01 14:25:00.911,n,23.140698,12.591886,0.238155,0.001406,0.149448,0.001581,11.683826,10.784026,10.859736,10.389344,12.346054,11.319024,11.462004,10.408268,10.64397,10.198406,0,0,0,0,0,0
2025/05/01 14:26:00.911,n,23.108132,11.565152,0.244662,0.007848,0.149331,0.004033,11.698426,10.802986,10.872804,10.382054,12.382476,11.324656,11.476004,10.427242,10.638372,10.192516,0,0,0,0,0,0
2025/05/01 14:27:00.915,n,23.018482,13.433464,0.232387,0.025542,0.137734,0.006416,11.71889,10.816088,10.89173,10.402476,12.382476,11.327408,11.49285,10.414112,10.64122,10.204248,0,0,0,0,0,0
2025/05/01 14:28:00.915,n,23.052762,12.064242,0.228165,0.014766,0.142242,0.001317,11.723268,10.802986,10.89173,10.39081,12.386856,11.327408,11.520864,10.419954,10.64682,10.204248,0,0,0,0,0,0
2025/05/01 14:29:00.915,n,23.186352,32.863498,0.31677,0.034252,0.127954,0.005352,11.727614,10.807332,10.878664,10.398068,12.42909,11.305026,11.515266,10.438878,10.618844,10.259622,0,0,0,0,0,0
2025/05/01 14:30:00.921,n,23.073952,11.485752,0.20799,0.045155,0.128255,0.015126,11.77144,10.820432,10.923746,10.408268,12.426144,11.333038,11.548944,10.438878,10.64397,10.21878,0,0,0,0,0,0
2025/05/01 14:31:00.923,n,23.085328,11.902646,0.155624,0.012544,0.109592,0.003437,11.796214,10.83062,10.944106,10.418488,12.446546,11.30781,11.543426,10.453442,10.621594,10.234824,0,0,0,0,0,0
2025/05/01 14:32:00.923,n,23.144478,11.07846,0.224242,0.025437,0.124654,0.006418,11.80123,10.823736,10.927064,10.404316,12.455892,11.406368,11.64767,10.43346,10.708936,10.214874,0,0,0,0,0,0
2025/05/01 14:33:00.925,n,23.165668,11.847772,0.232826,0.003067,0.128057,0.00117,11.814334,10.812132,10.918342,10.39849,12.469,11.406368,11.672804,10.429082,10.714536,10.207552,0,0,0,0,0,0
2025/05/01 14:34:00.913,n,23.297604,12.39417,0.241555,0.0087,0.138361,0.002841,11.809988,10.830994,10.913964,10.411622,12.489402,11.414882,11.695222,10.430546,10.711688,10.197332,0,0,0,0,0,0
2025/05/01 14:35:00.913,n,23.245452,11.498718,0.261455,0.010034,0.13509,0.001845,11.815814,10.829578,10.922718,10.411622,12.501042,11.412014,11.70922,10.430546,10.714536,10.197332,0,0,0,0,0,0
2025/05/01 14:36:00.917,n,23.221038,11.286462,0.251844,0.003944,0.13077,0.001197,11.834764,10.842648,10.937188,10.410158,12.52291,11.420496,11.728754,10.439302,10.725764,10.209018,0,0,0,0,0,0
2025/05/01 14:37:00.917,n,23.111958,10.69323,0.255099,0.016318,0.127361,0.001537,11.836262,10.841184,10.938686,10.416,12.544744,11.428846,11.745504,10.459724,10.728564,10.21777,0,0,0,0,0,0
2025/05/01 14:38:00.920,n,23.134712,12.536272,0.270098,0.00659,0.124423,0.002526,11.859606,10.858694,10.957548,10.427668,12.573842,11.426094,11.75664,10.46119,10.714536,10.223596,0,0,0,0,0,0
2025/05/01 14:39:00.920,n,23.343208,11.390246,0.276682,0.007902,0.125008,0.003046,11.868364,10.877588,10.982842,10.44368,12.588416,11.426094,11.776274,10.472856,10.714536,10.219218,0,0,0,0,0,0
2025/05/01 14:40:00.958,n,23.367622,10.875702,0.272994,0.021142,0.115286,0.00299,11.88588,10.8834,10.967786,10.439302,12.572376,11.437246,11.784672,10.469878,10.720068,10.216306,0,0,0,0,0,0
2025/05/01 14:41:00.925,n,23.198238,11.531078,0.170347,0.037783,0.098604,0.005088,11.853746,10.844096,10.964906,10.410158,12.552008,11.459708,11.812656,10.46119,10.734162,10.220682,0,0,0,0,0,0
2025/05/01 14:42:00.927,n,23.045112,12.607994,0.23564,0.046058,0.100032,0.002837,11.89464,10.887744,11.00185,10.44368,12.584036,11.442878,11.812656,10.484476,10.728564,10.23676,0,0,0,0,0,0
2025/05/01 14:43:00.917,n,22.960396,11.69989,0.081736,0.043896,0.080889,0.004483,11.859606,10.889226,10.988684,10.448056,12.54621,11.47089,11.83229,10.478634,10.736912,10.223596,0,0,0,0,0,0
2025/05/01 14:44:00.918,n,22.869088,11.78753,0.073872,0.002491,0.074707,0.001918,11.865452,10.886312,10.99744,10.452434,12.538932,11.47374,11.848976,10.485956,10.736912,10.223596,0,0,0,0,0,0
2025/05/01 14:45:00.920,n,22.787494,12.073558,0.0655,0.002505,0.070262,0.001251,11.863986,10.893602,11.004828,10.458276,12.540334,11.476492,11.854674,10.494678,10.731396,10.229438,0,0,0,0,0,0
2025/05/01 14:46:00.920,n,22.769622,12.152154,0.06107,0.001342,0.066684,0.001084,11.86983,10.895004,11.02675,10.459724,12.537452,11.48222,11.862976,10.507778,10.745308,10.233782,0,0,0,0,0,0
2025/05/01 14:47:00.924,n,22.645648,12.036462,0.056911,0.001044,0.062002,0.001481,11.871264,10.90376,11.039902,10.468414,12.53017,11.484972,11.879842,10.513588,10.748058,10.233782,0,0,0,0,0,0
2025/05/01 14:48:00.928,n,22.655414,12.455272,0.054924,0.000653,0.057372,0.001371,11.874176,10.916828,11.044282,10.47572,12.53017,11.47934,11.882594,10.52091,10.731396,10.260012,0,0,0,0,0,0
2025/05/01 14:49:00.926,n,22.549312,12.464374,0.052416,0.00083,0.055227,0.000648,11.872744,10.919774,11.066236,10.478634,12.524376,11.49337,11.890992,10.538356,10.736912,10.260012,0,0,0,0,0,0
2025/05/01 14:50:00.928,n,22.454914,12.608006,0.051757,0.000134,0.053842,0.000374,11.83991,10.88986,11.034888,10.442914,12.47693,11.5242,11.927426,10.514304,10.767768,10.231616,0,0,0,0,0,0
2025/05/01 14:51:00.932,n,22.441926,12.929172,0.050893,0.00026,0.052296,0.000447,11.842822,10.891326,11.046576,10.461858,12.466736,11.518682,11.924676,10.52449,10.765018,10.225792,0,0,0,0,0,0
2025/05/01 14:52:00.917,n,22.314534,13.344414,0.048341,0.000829,0.051158,0.000339,11.826738,10.907308,11.046576,10.470612,12.43904,11.529834,11.94146,10.520178,10.762266,10.209732,0,0,0,0,0,0
2025/05/01 14:53:00.919,n,22.291634,13.660514,0.046084,0.000665,0.049326,0.000586,11.82384,10.921858,11.05831,10.47647,12.43466,11.532584,11.949844,10.52449,10.765018,10.222896,0,0,0,0,0,0
2025/05/01 14:54:00.921,n,22.283478,13.767398,0.044276,0.000496,0.046924,0.00073,11.8151,10.91748,11.068532,10.48807,12.425964,11.532584,11.958212,10.531782,10.776246,10.225792,0,0,0,0,0,0
2025/05/01 14:55:00.924,n,22.20179,14.030662,0.042759,0.000466,0.044116,0.000869,11.809222,10.92041,11.072942,10.485158,12.42012,11.541048,11.972198,10.54926,10.779096,10.230104,0,0,0,0,0,0
2025/05/01 14:56:00.925,n,22.107064,14.121098,0.041131,0.000453,0.041755,0.000727,11.804876,10.926234,11.084642,10.48807,12.409912,11.549432,11.974998,10.555068,10.776246,10.228672,0,0,0,0,0,0
2025/05/01 14:57:00.925,n,22.01712,14.389468,0.039593,0.000475,0.039261,0.000779,11.799064,10.924818,11.087524,10.48957,12.388044,11.549432,11.980598,10.559414,10.784644,10.233082,0,0,0,0,0,0
2025/05/01 14:58:00.931,n,21.9305,14.417588,0.038917,0.000213,0.038481,0.00021,11.801962,10.923322,11.09781,10.493914,12.376436,11.560664,11.988982,10.563824,10.784644,10.243302,0,0,0,0,0,0
2025/05/01 14:59:00.929,n,21.870052,14.566422,0.037559,0.000417,0.038054,0.000138,11.784446,10.927668,11.106534,10.495378,12.364712,11.566296,11.997464,10.562392,10.795776,10.237428,0,0,0,0,0,0
2025/05/01 15:00:00.936,n,21.749004,15.28516,0.036928,0.00019,0.037664,0.000116,11.79174,10.923322,11.110962,10.50558,12.350188,11.569144,12.002984,10.58275,10.790244,10.246182,0,0,0,0,0,0
2025/05/01 15:01:00.919,n,21.685188,16.753032,0.037119,4.467316e-05,0.037541,6.211551e-05,11.780066,10.97197,11.122664,10.537592,12.358982,11.53828,11.983382,10.591472,10.765018,10.25199,0,0,0,0,0,0
2025/05/01 15:02:00.916,n,21.564044,18.414938,0.037672,0.000189,0.037028,0.000166,11.769842,10.96466,11.115324,10.539088,12.339996,11.557912,11.994598,10.60314,10.779096,10.244782,0,0,0,0,0,0
2025/05/01 15:03:00.918,n,21.519856,18.615538,0.041473,0.001185,0.037969,0.000329,11.762534,10.958802,11.127042,10.542002,12.332702,11.560664,12.00023,10.60166,10.781862,10.246182,0,0,0,0,0,0
2025/05/01 15:04:00.920,n,21.51004,18.740386,0.042284,0.000323,0.037718,0.000126,11.749396,10.954424,11.12999,10.542002,12.325442,11.57191,12.005766,10.60166,10.787492,10.243302,0,0,0,0,0,0
2025/05/01 15:05:00.925,n,21.500274,19.10156,0.067387,0.010022,0.051865,0.005681,11.739222,10.96759,11.134336,10.546314,12.328356,11.56343,12.011366,10.614792,10.784644,10.25347,0,0,0,0,0,0
2025/05/01 15:06:00.926,n,21.500274,19.227904,0.065188,0.002071,0.062334,0.003017,11.734842,10.961682,11.128508,10.544848,12.313768,11.57191,12.025368,10.611832,10.80139,10.259312,0,0,0,0,0,0
2025/05/01 15:07:00.926,n,21.59681,19.183286,0.061468,0.001476,0.06108,0.001388,11.727518,10.955904,11.134336,10.54926,12.299164,11.580296,12.025368,10.626428,10.798624,10.262224,0,0,0,0,0,0
2025/05/01 15:08:00.931,n,21.69334,18.901914,0.063689,0.000762,0.062794,0.002698,11.727518,10.961682,11.1358,10.547794,12.289002,11.583144,12.031,10.623514,10.80699,10.269482,0,0,0,0,0,0
2025/05/01 15:09:00.933,n,21.781674,18.7863,0.062275,0.001438,0.069312,0.003402,11.724554,10.955904,11.134336,10.555068,12.286088,11.588694,12.033768,10.639528,10.81262,10.262224,0,0,0,0,0,0
2025/05/01 15:10:00.919,n,21.852032,18.449222,0.059179,0.000788,0.067914,0.002593,11.70707,10.96318,11.125578,10.571082,12.264256,11.585896,12.042154,10.63515,10.80987,10.2564,0,0,0,0,0,0
2025/05/01 15:11:00.916,n,21.963214,17.811752,0.054206,0.001383,0.056297,0.003397,11.701244,10.966126,11.127042,10.57546,12.264256,11.591526,12.042154,10.642474,10.81262,10.254934,0,0,0,0,0,0
2025/05/01 15:12:00.921,n,21.9534,16.977866,0.05478,0.000779,0.049925,0.003567,11.704158,10.96318,11.127042,10.56817,12.262774,11.605624,12.04767,10.641008,10.818252,10.250558,0,0,0,0,0,0
2025/05/01 15:13:00.926,n,21.899444,16.658232,0.064877,0.003554,0.073545,0.00913,11.704158,10.960282,11.131422,10.572546,12.268636,11.605624,12.053388,10.641008,10.821002,10.254934,0,0,0,0,0,0
2025/05/01 15:14:00.925,n,21.969758,16.32308,0.064959,0.000789,0.070324,0.003294,11.712916,10.95737,11.12999,10.572546,12.270036,11.602776,12.050536,10.652662,10.82385,10.260778,0,0,0,0,0,0
2025/05/01 15:15:00.927,n,21.925618,16.395354,0.068265,0.001403,0.06565,0.001988,11.715862,10.95296,11.124098,10.56524,12.271534,11.605624,12.053388,10.65699,10.82665,10.26369,0,0,0,0,0,0
2025/05/01 15:16:00.929,n,21.912532,16.766698,0.073592,0.001104,0.070292,0.002246,11.721706,10.966126,11.131422,10.57546,12.270036,11.602776,12.04767,10.667178,10.82385,10.275324,0,0,0,0,0,0
2025/05/01 15:17:00.932,n,21.853646,16.042296,0.084654,0.003464,0.096204,0.008524,11.729,10.958802,11.141676,10.572546,12.270036,11.605624,12.050536,10.673052,10.834998,10.276822,0,0,0,0,0,0
2025/05/01 15:18:00.932,n,21.791484,16.064836,0.091244,0.003082,0.128929,0.01306,11.739222,10.95296,11.141676,10.56817,12.278794,11.611158,12.053388,10.678846,10.834998,10.270948,0,0,0,0,0,0
2025/05/01 15:19:00.918,n,21.82425,16.700718,0.091505,0.000244,0.147079,0.005142,11.730432,10.96759,11.1212,10.591472,12.273014,11.614008,12.056154,10.671588,10.83215,10.259312,0,0,0,0,0,0
2025/05/01 15:20:00.920,n,21.86512,16.425218,0.092552,0.000255,0.162314,0.00436,11.737756,10.96907,11.11822,10.598794,12.274446,11.616758,12.064538,10.677364,10.83775,10.265154,0,0,0,0,0,0
2025/05/01 15:21:00.922,n,22.01556,16.863424,0.091395,0.000394,0.152614,0.005468,11.737756,10.977828,11.131422,10.597316,12.275864,11.619558,12.056154,10.684656,10.83215,10.266634,0,0,0,0,0,0
2025/05/01 15:22:00.924,n,22.231182,15.977884,0.086313,0.001346,0.170999,0.001873,11.742136,10.980758,11.143124,10.598794,12.283176,11.608408,12.04767,10.690498,10.8294,10.270948,0,0,0,0,0,0
2025/05/01 15:23:00.926,n,22.306378,16.460906,0.082032,0.001324,0.162752,0.003713,11.749396,10.976346,11.141676,10.597316,12.293414,11.614008,12.044906,10.691978,10.8294,10.269482,0,0,0,0,0,0
2025/05/01 15:24:00.928,n,22.360286,16.31829,0.076402,0.001766,0.149741,0.004453,11.750862,10.976346,11.150432,10.598794,12.303542,11.608408,12.042154,10.700668,10.8294,10.282632,0,0,0,0,0,0
2025/05/01 15:25:00.934,n,22.31126,16.166574,0.070802,0.00169,0.131872,0.006616,11.749396,10.97197,11.15629,10.592904,12.312334,11.619558,12.050536,10.709424,10.83215,10.278236,0,0,0,0,0,0
2025/05/01 15:26:00.933,n,22.270394,16.463218,0.068994,0.000545,0.15671,0.009422,11.759684,10.973448,11.160668,10.597316,12.325442,11.611158,12.04767,10.70648,10.83215,10.284078,0,0,0,0,0,0
2025/05/01 15:27:00.933,n,22.392902,15.92554,0.066136,0.000896,0.146593,0.006681,11.759684,10.97197,11.166544,10.598794,12.313768,11.614008,12.053388,10.71818,10.834998,10.285542,0,0,0,0,0,0
2025/05/01 15:28:00.920,n,22.461506,15.433548,0.063689,0.000797,0.180266,0.013311,11.752326,10.991044,11.153314,10.62205,12.328356,11.622406,12.050536,10.716716,10.83775,10.275324,0,0,0,0,0,0
2025/05/01 15:29:00.924,n,22.448422,15.340318,0.064204,0.000437,0.159829,0.00689,11.750862,10.993892,11.165064,10.626428,12.33565,11.622406,12.056154,10.712338,10.834998,10.276822,0,0,0,0,0,0
2025/05/01 15:30:00.925,n,22.487628,15.930618,0.065524,0.000827,0.146066,0.007318,11.750862,10.992458,11.1636,10.614792,12.344376,11.627942,12.050536,10.715236,10.834998,10.285542,0,0,0,0,0,0
2025/05/01 15:31:00.912,n,22.518586,15.81904,0.066447,0.00019,0.127363,0.003968,11.78736,11.010002,11.197226,10.642474,12.36183,11.591526,12.016918,10.75745,10.804174,10.308894,0,0,0,0,0,0
2025/05/01 15:32:00.913,n,22.618144,15.054234,0.064776,0.000782,0.108526,0.0077,11.785894,11.00268,11.186956,10.643872,12.350188,11.608408,12.025368,10.740004,10.8155,10.28852,0,0,0,0,0,0
2025/05/01 15:33:00.918,n,22.673664,14.336124,0.061856,0.001055,0.09048,0.005786,11.780066,11.005642,11.192846,10.649764,12.363296,11.605624,12.031,10.745814,10.8155,10.289952,0,0,0,0,0,0
2025/05/01 15:34:00.921,n,22.561016,14.263664,0.063358,0.000808,0.086174,0.001056,11.777168,11.001248,11.19428,10.646852,12.37059,11.614008,12.033768,10.754554,10.821002,10.300122,0,0,0,0,0,0
2025/05/01 15:35:00.920,n,22.490852,14.566844,0.064454,0.000572,0.099194,0.004992,11.765464,11.010002,11.195746,10.654078,12.37935,11.614008,12.0394,10.753074,10.82385,10.291368,0,0,0,0,0,0
2025/05/01 15:36:00.925,n,22.46473,14.678598,0.064852,0.000116,0.104756,0.002085,11.768378,11.010002,11.217702,10.652662,12.382296,11.627942,12.031,10.750176,10.82665,10.294232,0,0,0,0,0,0
2025/05/01 15:37:00.909,n,22.513752,14.64426,0.061754,0.000964,0.093198,0.004912,11.78736,11.00268,11.219166,10.655542,12.37935,11.627942,12.042154,10.769054,10.8294,10.304466,0,0,0,0,0,0
2025/05/01 15:38:00.910,n,22.466388,14.638626,0.057037,0.002727,0.092168,0.010405,11.774222,11.001248,11.225026,10.655542,12.369124,11.627942,12.044906,10.767654,10.83775,10.303052,0,0,0,0,0,0
2025/05/01 15:39:00.913,n,22.389678,14.881278,0.051649,0.002214,0.067425,0.01197,11.775688,11.0129,11.23528,10.670122,12.37059,11.625158,12.033768,10.774912,10.83215,10.308894,0,0,0,0,0,0
2025/05/01 15:40:00.913,n,22.347198,15.23101,0.051628,0.000294,0.06272,0.001396,11.775688,11.011436,11.238178,10.668674,12.37059,11.633638,12.0394,10.77929,10.834998,10.308894,0,0,0,0,0,0
2025/05/01 15:41:00.915,n,22.304768,15.69108,0.053754,0.000764,0.062286,0.000219,11.768378,11.01438,11.22789,10.674468,12.358982,11.633638,12.0394,10.772,10.83775,10.303052,0,0,0,0,0,0
2025/05/01 15:42:00.920,n,22.24427,15.722922,0.054047,0.000135,0.062704,0.000189,11.763998,11.023188,11.248414,10.680278,12.367676,11.633638,12.0394,10.776378,10.83215,10.305932,0,0,0,0,0,0
2025/05/01 15:43:00.922,n,22.025372,15.886924,0.054252,7.361117e-05,0.061461,0.000425,11.766912,11.027534,11.23528,10.681744,12.360414,11.63639,12.042154,10.774912,10.834998,10.304466,0,0,0,0,0,0
2025/05/01 15:44:00.921,n,21.95506,16.515702,0.052902,0.000416,0.062181,0.000314,11.761086,11.031944,11.242538,10.684656,12.36183,11.639272,12.0394,10.780756,10.834998,10.304466,0,0,0,0,0,0
2025/05/01 15:45:00.924,n,21.919076,16.120824,0.051063,0.000582,0.060084,0.000705,11.761086,11.027534,11.238178,10.687602,12.360414,11.639272,12.03652,10.776378,10.834998,10.301586,0,0,0,0,0,0
2025/05/01 15:46:00.909,n,21.840558,16.580412,0.047535,0.001076,0.052636,0.002294,11.771308,11.02029,11.263016,10.689034,12.357484,11.639272,12.042154,10.801114,10.834998,10.31612,0,0,0,0,0,0
2025/05/01 15:47:00.912,n,21.827472,16.960312,0.043544,0.001272,0.045939,0.001953,11.778602,11.030512,11.264482,10.697758,12.356018,11.63079,12.031,10.80839,10.83215,10.326354,0,0,0,0,0,0
2025/05/01 15:48:00.914,n,21.814388,16.809966,0.046125,0.002748,0.043449,0.002157,11.763998,11.030512,11.268828,10.70648,12.344376,11.650422,12.033768,10.80987,10.834998,10.324938,0,0,0,0,0,0
2025/05/01 15:49:00.918,n,21.838948,16.729056,0.047755,0.002419,0.043801,0.001087,11.768378,11.033424,11.264482,10.705046,12.344376,11.647638,12.0394,10.804012,10.83775,10.310342,0,0,0,0,0,0
2025/05/01 15:50:00.918,n,21.773518,16.87454,0.045538,0.001828,0.043726,0.001169,11.759684,11.034888,11.265962,10.712338,12.33565,11.647638,12.042154,10.814184,10.834998,10.317598,0,0,0,0,0,0
2025/05/01 15:51:00.921,n,21.636116,17.046756,0.052106,0.004616,0.052322,0.004526,11.750862,11.0393,11.270308,10.716716,12.338548,11.647638,12.04767,10.805492,10.83775,10.311774,0,0,0,0,0,0
2025/05/01 15:52:00.924,n,21.604962,17.205674,0.041323,0.002332,0.043732,0.002125,11.745034,11.043678,11.270308,10.722494,12.334168,11.65602,12.03652,10.80258,10.843478,10.327818,0,0,0,0,0,0
2025/05/01 15:53:00.926,n,21.593536,17.271268,0.032549,0.001884,0.03323,0.002816,11.734842,11.037834,11.263016,10.726872,12.329822,11.65602,12.044906,10.80258,10.83775,10.326354,0,0,0,0,0,0
2025/05/01 15:54:00.925,n,21.544464,17.384738,0.031226,0.00043,0.031918,0.000414,11.733378,11.042198,11.25714,10.722494,12.319594,11.6646,12.04767,10.798202,10.849028,10.317598,0,0,0,0,0,0
2025/05/01 15:55:00.912,n,21.593536,17.664194,0.029739,0.000462,0.030145,0.000502,11.749396,11.036354,11.276184,10.722494,12.316714,11.661752,12.042154,10.831694,10.849028,10.337988,0,0,0,0,0,0
2025/05/01 15:56:00.916,n,21.593536,17.09357,0.028998,0.000224,0.028949,0.000345,11.733378,11.029046,11.267428,10.716716,12.303542,11.667352,12.04767,10.824354,10.854626,10.329282,0,0,0,0,0,0
2025/05/01 15:57:00.919,n,21.53128,17.590402,0.029812,0.000288,0.028702,0.000105,11.723138,11.037834,11.276184,10.722494,12.30063,11.681352,12.053388,10.817096,10.854626,10.317598,0,0,0,0,0,0
2025/05/01 15:58:00.922,n,21.503498,17.242116,0.031221,0.000434,0.02992,0.000366,11.72024,11.036354,11.263016,10.725406,12.290468,11.675834,12.04767,10.818562,10.85741,10.311774,0,0,0,0,0,0
2025/05/01 15:59:00.921,n,21.464192,17.716342,0.036349,0.001776,0.035572,0.001904,11.710002,11.034888,11.264482,10.726872,12.287554,11.675834,12.056154,10.815648,10.863008,10.323474,0,0,0,0,0,0
2025/05/01 16:00:00.926,n,21.398762,17.95369,0.034386,0.001222,0.032602,0.001531,11.717328,11.050938,11.258604,10.728334,12.280244,11.675834,12.050536,10.819994,10.863008,10.326354,0,0,0,0,0,0
2025/05/01 16:01:00.921,n,21.408528,17.633718,0.03776,0.000809,0.034962,0.000473,11.727518,11.055364,11.27327,10.751608,12.289002,11.65327,12.031,10.833126,10.83775,10.333628,0,0,0,0,0,0
2025/05/01 16:02:00.924,n,21.377422,18.02811,0.041773,0.001207,0.038877,0.001198,11.715862,11.055364,11.270308,10.748696,12.275864,11.658806,12.03652,10.840384,10.843478,10.343862,0,0,0,0,0,0
2025/05/01 16:03:00.925,n,21.329914,17.842192,0.044158,0.000735,0.043684,0.001423,11.702692,11.046576,11.268828,10.750176,12.270036,11.670136,12.0394,10.827316,10.854626,10.335108,0,0,0,0,0,0
2025/05/01 16:04:00.912,n,21.264386,18.04985,0.046892,0.000833,0.04712,0.000948,11.708538,11.036354,11.276184,10.735626,12.265688,11.678584,12.050536,10.840384,10.860224,10.345328,0,0,0,0,0,0
2025/05/01 16:05:00.914,n,21.249642,17.652354,0.049189,0.00068,0.051855,0.001516,11.708538,11.0393,11.27327,10.73709,12.262774,11.675834,12.050536,10.840384,10.865772,10.34095,0,0,0,0,0,0
2025/05/01 16:06:00.912,n,21.249642,17.874724,0.051207,0.000629,0.05873,0.002079,11.704158,11.0393,11.270308,10.73709,12.261308,11.678584,12.056154,10.841832,10.871488,10.349704,0,0,0,0,0,0
2025/05/01 16:07:00.914,n,21.257794,18.246886,0.054483,0.000979,0.064859,0.001737,11.701244,11.040732,11.258604,10.735626,12.246738,11.675834,12.050536,10.837456,10.871488,10.337988,0,0,0,0,0,0
2025/05/01 16:08:00.919,n,21.280792,18.270554,0.058569,0.001155,0.070493,0.001534,11.693934,11.045112,11.261518,10.74723,12.240908,11.684102,12.04767,10.844764,10.877004,10.342382,0,0,0,0,0,0
2025/05/01 16:09:00.918,n,21.305306,18.400602,0.059405,0.000302,0.067277,0.001151,11.677916,11.036354,11.261518,10.745814,12.23215,11.686984,12.059002,10.840384,10.877004,10.34676,0,0,0,0,0,0
2025/05/01 16:10:00.921,n,21.357746,18.401784,0.062009,0.000749,0.067793,0.000287,11.685208,11.040732,11.248414,10.74723,12.23215,11.686984,12.059002,10.837456,10.877004,10.336508,0,0,0,0,0,0
2025/05/01 16:11:00.924,n,21.388852,16.989744,0.065764,0.000718,0.069971,0.000661,11.682262,11.046576,11.249882,10.750176,12.227802,11.692486,12.056154,10.836008,10.885386,10.327818,0,0,0,0,0,0
2025/05/01 16:12:00.929,n,21.357746,17.164866,0.067449,0.001627,0.072557,0.001617,11.669094,11.0539,11.244004,10.751608,12.239476,11.695284,12.059002,10.841832,10.896632,10.332164,0,0,0,0,0,0
2025/05/01 16:13:00.910,n,21.408528,17.23419,0.083961,0.009326,0.08205,0.006139,11.672072,11.030512,11.251346,10.734162,12.24239,11.698134,12.056154,10.849142,10.89375,10.356928,0,0,0,0,0,0
2025/05/01 16:14:00.914,n,21.47894,17.780338,0.07012,0.003823,0.064854,0.004067,11.6604,11.029046,11.248414,10.734162,12.235096,11.701,12.059002,10.846178,10.885386,10.34095,0,0,0,0,0,0
2025/05/01 16:15:00.918,n,21.55262,17.385538,0.05963,0.003448,0.055062,0.001837,11.658936,11.027534,11.236714,10.73709,12.220542,11.706518,12.06729,10.846178,10.905012,10.333628,0,0,0,0,0,0
2025/05/01 16:16:00.917,n,21.593536,17.511588,0.109757,0.024678,0.085415,0.014437,11.666212,11.030512,11.22649,10.731248,12.235096,11.71767,12.078538,10.841832,10.916226,10.332164,0,0,0,0,0,0
2025/05/01 16:17:00.919,n,21.71709,16.953304,0.094387,0.006404,0.078264,0.003087,11.70095,11.073952,11.272912,10.78933,12.2743,11.685014,12.043064,10.894124,10.872316,10.3932,0,0,0,0,0,0
2025/05/01 16:18:00.926,n,21.764554,16.526314,0.045008,0.014162,0.045684,0.009705,11.693722,11.07107,11.26409,10.786418,12.25828,11.696166,12.054216,10.889746,10.883562,10.377156,0,0,0,0,0,0
2025/05/01 16:19:00.925,n,21.787404,16.38417,0.089967,0.017588,0.080752,0.013619,11.705378,11.087184,11.268502,10.793708,12.284492,11.687864,12.043064,10.898502,10.875196,10.380068,0,0,0,0,0,0
2025/05/01 16:20:00.926,n,21.746486,15.565896,0.070431,0.006974,0.071794,0.003797,11.68931,11.08134,11.259776,10.782072,12.261162,11.687864,12.054216,10.888298,10.89746,10.372746,0,0,0,0,0,0
2025/05/01 16:21:00.930,n,21.757962,15.832686,0.055738,0.004337,0.06681,0.001252,11.686398,11.07107,11.255332,10.783538,12.253902,11.693414,12.045832,10.88392,10.886312,10.377156,0,0,0,0,0,0
2025/05/01 16:22:00.918,n,21.757962,16.179304,0.049668,0.001653,0.076825,0.00325,11.68931,11.065196,11.255332,10.770404,12.256814,11.701798,12.048682,10.894124,10.894694,10.384414,0,0,0,0,0,0
2025/05/01 16:23:00.917,n,21.841458,15.431314,0.047016,0.000845,0.090413,0.004562,11.693722,11.066674,11.265554,10.780624,12.256814,11.704564,12.045832,10.901368,10.894694,10.388758,0,0,0,0,0,0
2025/05/01 16:24:00.918,n,21.919922,15.704782,0.037135,0.004104,0.037205,0.025256,11.68931,11.063728,11.255332,10.770404,12.255366,11.699046,12.048682,10.899902,10.891944,10.382916,0,0,0,0,0,0
2025/05/01 16:25:00.923,n,22.008206,15.079666,0.035898,0.00077,0.035417,0.006531,11.692242,11.062314,11.258296,10.783538,12.248088,11.704564,12.051464,10.899902,10.894694,10.380068,0,0,0,0,0,0
2025/05/01 16:26:00.921,n,21.995118,15.399306,0.034987,0.000254,0.035058,0.000127,11.693722,11.07543,11.253918,10.783538,12.242228,11.704564,12.040314,10.899902,10.886312,10.38588,0,0,0,0,0,0
2025/05/01 16:27:00.925,n,21.972218,15.236568,0.034215,0.000231,0.035937,0.000356,11.68931,11.076896,11.246544,10.78785,12.239296,11.704564,12.045832,10.901368,10.886312,10.38736,0,0,0,0,0,0
2025/05/01 16:28:00.927,n,21.882274,15.453836,0.042434,0.003358,0.143316,0.044173,11.684932,11.07543,11.240732,10.782072,12.236382,11.701798,12.045832,10.90428,10.891944,10.39024,0,0,0,0,0,0
2025/05/01 16:29:00.929,n,21.843018,15.738956,0.044199,0.000867,0.150463,0.008972,11.690778,11.084236,11.248008,10.78933,12.234966,11.696166,12.040314,10.899902,10.891944,10.38588,0,0,0,0,0,0
2025/05/01 16:30:00.929,n,21.888866,15.767978,0.045899,0.000504,0.139326,0.003871,11.687846,11.079826,11.239252,10.78785,12.227688,11.707414,12.03756,10.895588,10.894694,10.378604,0,0,0,0,0,0
2025/05/01 16:31:00.920,n,21.965724,15.882662,0.046522,0.00015,0.118859,0.003318,11.70095,11.07543,11.26409,10.790764,12.239296,11.687864,12.01508,10.930484,10.872316,10.409182,0,0,0,0,0,0
2025/05/01 16:32:00.919,n,22.027782,14.992348,0.04754,0.000974,0.096767,0.011623,11.705378,11.069638,11.256798,10.783538,12.232068,11.693414,12.026294,10.926106,10.875196,10.412126,0,0,0,0,0,0
2025/05/01 16:33:00.919,n,22.00166,15.012618,0.045992,0.000639,0.084069,0.004228,11.705378,11.076896,11.26702,10.79223,12.233532,11.696166,12.026294,10.930484,10.880714,10.409182,0,0,0,0,0,0
2025/05/01 16:34:00.925,n,21.928078,14.953036,0.044328,0.000585,0.075158,0.003169,11.70686,11.076896,11.240732,10.78933,12.217448,11.699046,12.023446,10.910122,10.883562,10.391704,0,0,0,0,0,0
2025/05/01 16:35:00.923,n,21.84795,15.172122,0.036788,0.001893,0.038786,0.008445,11.680552,11.079826,11.239252,10.786418,12.20872,11.710262,12.03756,10.910122,10.894694,10.396114,0,0,0,0,0,0
2025/05/01 16:36:00.925,n,21.746486,15.41531,0.036711,8.729212e-05,0.040568,0.000449,11.683466,11.078362,11.234874,10.79223,12.207254,11.696166,12.031928,10.917414,10.891944,10.40337,0,0,0,0,0,0
2025/05/01 16:37:00.928,n,21.628662,15.261354,0.035961,0.000303,0.038439,0.000723,11.680552,11.079826,11.227564,10.783538,12.19993,11.710262,12.031928,10.910122,10.894694,10.394616,0,0,0,0,0,0
2025/05/01 16:38:00.928,n,21.597606,15.986696,0.036344,0.000282,0.042637,0.001554,11.673294,11.084236,11.226084,10.78785,12.201444,11.710262,12.03468,10.91595,10.891944,10.391704,0,0,0,0,0,0
2025/05/01 16:39:00.932,n,21.5354,16.722572,0.033089,0.001156,0.034576,0.003041,11.671826,11.09156,11.226084,10.786418,12.198528,11.721396,12.03756,10.907194,10.903174,10.38736,0,0,0,0,0,0
2025/05/01 16:40:00.921,n,21.468312,16.77349,0.031531,0.000478,0.033799,0.00017,11.676174,11.062314,11.227564,10.771836,12.198528,11.713014,12.03468,10.926106,10.900326,10.404802,0,0,0,0,0,0
2025/05/01 16:41:00.917,n,21.44048,16.890266,0.032102,0.000377,0.038738,0.001802,11.67764,11.069638,11.240732,10.776198,12.202908,11.707414,12.03756,10.923208,10.903174,10.410646,0,0,0,0,0,0
2025/05/01 16:42:00.921,n,21.37495,17.132514,0.039,0.002185,0.060731,0.007299,11.684932,11.073952,11.234874,10.786418,12.19703,11.701798,12.017896,10.929018,10.883562,10.406268,0,0,0,0,0,0
2025/05/01 16:43:00.922,n,21.361866,17.277742,0.039139,0.000729,0.05927,0.003371,11.67471,11.07543,11.231944,10.79223,12.188322,11.699046,12.02068,10.929018,10.889064,10.410646,0,0,0,0,0,0
2025/05/01 16:44:00.924,n,21.335598,17.156258,0.042759,0.000866,0.079299,0.004994,11.66885,11.082806,11.223186,10.782072,12.179544,11.707414,12.017896,10.930484,10.894694,10.40337,0,0,0,0,0,0
2025/05/01 16:45:00.927,n,21.352002,16.767538,0.043167,0.00015,0.088267,0.002907,11.65869,11.079826,11.228998,10.786418,12.182474,11.707414,12.023446,10.930484,10.891944,10.406268,0,0,0,0,0,0
2025/05/01 16:46:00.928,n,21.345458,16.746956,0.042873,0.000123,0.098323,0.003129,11.65869,11.087184,11.220274,10.78785,12.175164,11.713014,12.031928,10.926106,10.894694,10.409182,0,0,0,0,0,0
2025/05/01 16:47:00.931,n,21.424072,16.56706,0.042578,0.00019,0.091393,0.002822,11.652816,11.092962,11.211484,10.786418,12.175164,11.710262,12.026294,10.911572,10.900326,10.394616,0,0,0,0,0,0
2025/05/01 16:48:00.931,n,21.43882,16.56529,0.040185,0.001336,0.062953,0.013486,11.642574,11.084236,11.208554,10.782072,12.172316,11.710262,12.026294,10.924642,10.90594,10.398994,0,0,0,0,0,0
2025/05/01 16:49:00.920,n,21.517384,16.610786,0.042723,0.001514,0.059159,0.012188,11.657194,11.069638,11.217328,10.774782,12.182474,11.710262,12.01508,10.930484,10.894694,10.415022,0,0,0,0,0,0
2025/05/01 16:50:00.921,n,21.551758,16.27557,0.041074,0.000446,0.044106,0.003203,11.642574,11.07107,11.221706,10.774782,12.194148,11.718548,12.023446,10.93486,10.900326,10.41359,0,0,0,0,0,0
2025/05/01 16:51:00.924,n,21.559914,16.2657,0.040599,0.000215,0.0441,5.963186e-05,11.651334,11.06814,11.21002,10.776198,12.18539,11.718548,12.023446,10.930484,10.911572,10.404802,0,0,0,0,0,0
2025/05/01 16:52:00.930,n,21.574658,16.382266,0.040593,5.520838e-05,0.043332,0.000219,11.638228,11.069638,11.202762,10.770404,12.186854,11.72418,12.026294,10.91595,10.914322,10.396114,0,0,0,0,0,0
2025/05/01 16:53:00.925,n,21.532132,16.088462,0.040155,0.00021,0.042926,0.0002,11.632352,11.07255,11.202762,10.780624,12.207254,11.718548,12.01508,10.937774,10.914322,10.40337,0,0,0,0,0,0
2025/05/01 16:54:00.928,n,21.505908,16.067588,0.041483,0.000337,0.044111,0.000261,11.62506,11.07255,11.18956,10.773318,12.188322,11.718548,12.026294,10.923208,10.91992,10.40337,0,0,0,0,0,0
2025/05/01 16:55:00.934,n,21.489552,16.089004,0.043719,0.000657,0.04514,0.000321,11.61775,11.069638,11.191008,10.777662,12.198528,11.726948,12.023446,10.920326,10.914322,10.394616,0,0,0,0,0,0
2025/05/01 16:56:00.933,n,21.453564,15.851144,0.043528,0.000187,0.045108,5.039812e-05,11.62654,11.07543,11.182252,10.771836,12.19555,11.726948,12.031928,10.921726,10.917106,10.3932,0,0,0,0,0,0
2025/05/01 16:57:00.935,n,21.422462,16.417732,0.044771,0.000496,0.045503,0.00014,11.61627,11.069638,11.182252,10.773318,12.201444,11.721396,12.02068,10.924642,10.917106,10.394616,0,0,0,0,0,0
2025/05/01 16:58:00.927,n,21.41748,16.20884,0.045415,0.000229,0.046791,0.000432,11.620714,11.05494,11.185148,10.757304,12.19703,11.726948,12.029046,10.927554,10.91992,10.394616,0,0,0,0,0,0
2025/05/01 16:59:00.925,n,21.412648,16.780392,0.046933,0.000474,0.047397,0.000263,11.62654,11.056406,11.195386,10.761714,12.214548,11.715796,12.012296,10.927554,10.914322,10.404802,0,0,0,0,0,0
2025/05/01 17:00:00.927,n,21.358548,16.771864,0.046095,0.00023,0.047201,4.315837e-05,11.623628,11.069638,11.179274,10.760232,12.204308,11.726948,12.026294,10.926106,10.91992,10.40337,0,0,0,0,0,0
2025/05/01 17:01:00.920,n,21.361866,17.657186,0.044663,0.000376,0.047419,5.650758e-05,11.641176,11.07107,11.205642,10.770404,12.214548,11.693414,11.992662,10.945032,10.883562,10.428156,0,0,0,0,0,0
2025/05/01 17:02:00.923,n,21.384716,17.405758,0.044498,0.000136,0.049465,0.000689,11.62654,11.07107,11.191008,10.777662,12.201444,11.715796,12.001144,10.943616,10.900326,10.417968,0,0,0,0,0,0
2025/05/01 17:03:00.926,n,21.370022,17.545584,0.044441,6.635221e-05,0.048817,0.000202,11.623628,11.063728,11.18077,10.76746,12.1927,11.721396,12.006742,10.93924,10.903174,10.410646,0,0,0,0,0,0
2025/05/01 17:04:00.927,n,21.330716,17.501986,0.045456,0.000325,0.0482,0.000159,11.610458,11.057886,11.174928,10.766026,12.178096,11.729698,12.009544,10.9319,10.917106,10.409182,0,0,0,0,0,0
2025/05/01 17:05:00.930,n,21.332374,17.140748,0.044173,0.000396,0.04627,0.000632,11.60896,11.06814,11.164706,10.761714,12.178096,11.732578,12.012296,10.926106,10.917106,10.40337,0,0,0,0,0,0
2025/05/01 17:06:00.936,n,21.309426,17.35361,0.042723,0.000417,0.04522,0.000324,11.600268,11.066674,11.158796,10.760232,12.182474,11.729698,12.012296,10.929018,10.91992,10.398994,0,0,0,0,0,0
2025/05/01 17:07:00.916,n,21.258644,17.384108,0.037962,0.001517,0.041202,0.001267,11.61627,11.053508,11.174928,10.742738,12.183892,11.73818,12.012296,10.923208,10.91992,10.404802,0,0,0,0,0,0
2025/05/01 17:08:00.920,n,21.242238,17.6251,0.034111,0.001125,0.037044,0.001243,11.607544,11.04472,11.167586,10.742738,12.179544,11.746564,12.023446,10.91888,10.93395,10.412126,0,0,0,0,0,0
2025/05/01 17:09:00.921,n,21.230812,18.006776,0.031983,0.000588,0.03434,0.000783,11.595824,11.049162,11.16617,10.74858,12.173716,11.74378,12.023446,10.93486,10.92547,10.409182,0,0,0,0,0,0
2025/05/01 17:10:00.922,n,21.22588,18.42787,0.030465,0.000467,0.03217,0.000655,11.597322,11.04034,11.155948,10.745602,12.172316,11.74378,12.017896,10.929018,10.931102,10.412126,0,0,0,0,0,0
2025/05/01 17:11:00.924,n,21.22422,17.955862,0.028671,0.000544,0.030306,0.000557,11.598788,11.04034,11.14716,10.745602,12.172316,11.75493,12.017896,10.921726,10.931102,10.407748,0,0,0,0,0,0
2025/05/01 17:12:00.927,n,21.20454,18.371438,0.026551,0.000666,0.028359,0.000581,11.595824,11.050628,11.145662,10.736912,12.15623,11.757716,12.023446,10.920326,10.936798,10.400458,0,0,0,0,0,0
2025/05/01 17:13:00.929,n,21.161914,18.276656,0.026088,0.000123,0.027537,0.000219,11.584186,11.043272,11.142716,10.745602,12.15623,11.752116,12.02068,10.926106,10.931102,10.400458,0,0,0,0,0,0
2025/05/01 17:14:00.930,n,21.189796,18.184364,0.026431,0.000128,0.027435,7.18652e-05,11.58565,11.047648,11.138404,10.747114,12.143092,11.75493,12.02068,10.926106,10.942332,10.394616,0,0,0,0,0,0
2025/05/01 17:15:00.935,n,21.13081,18.539456,0.026759,9.01549e-05,0.028826,0.000487,11.57686,11.046186,11.13103,10.73989,12.137312,11.763316,12.031928,10.911572,10.950696,10.388758,0,0,0,0,0,0
2025/05/01 17:16:00.923,n,21.102882,18.38763,0.027606,0.00028,0.028536,0.000129,11.5871,11.034482,11.139804,10.726756,12.144558,11.757716,12.023446,10.929018,10.942332,10.40189,0,0,0,0,0,0
2025/05/01 17:17:00.922,n,21.019336,18.429054,0.027871,7.753234e-05,0.030108,0.000514,11.58565,11.031586,11.142716,10.726756,12.143092,11.760482,12.023446,10.91888,10.94518,10.404802,0,0,0,0,0,0
2025/05/01 17:18:00.921,n,21.006202,18.409206,0.028489,0.000263,0.03217,0.000638,11.57686,11.030106,11.139804,10.725244,12.1329,11.763316,12.029046,10.921726,10.942332,10.406268,0,0,0,0,0,0
2025/05/01 17:19:00.929,n,20.958596,18.767592,0.028863,9.910208e-05,0.03258,0.000102,11.589998,11.031586,11.132496,10.72819,12.12704,11.766196,12.023446,10.921726,10.94518,10.3932,0,0,0,0,0,0
2025/05/01 17:20:00.927,n,20.943898,18.721376,0.029335,0.000159,0.033069,0.000184,11.573962,11.030106,11.129582,10.725244,12.124172,11.766196,12.03756,10.923208,10.950696,10.397578,0,0,0,0,0,0
2025/05/01 17:21:00.915,n,20.930812,19.627296,0.028624,0.000213,0.033187,7.418403e-05,11.565206,11.035962,11.128118,10.713624,12.129986,11.774596,12.029046,10.908658,10.94518,10.397578,0,0,0,0,0,0
2025/05/01 17:22:00.934,n,20.930812,19.136446,0.028499,0.000129,0.032084,0.000402,11.568104,11.034482,11.123708,10.725244,12.113934,11.771714,12.026294,10.91888,10.942332,10.39024,0,0,0,0,0,0
2025/05/01 17:23:00.933,n,20.93761,19.351264,0.029781,0.000283,0.032454,8.332219e-05,11.592796,11.062168,11.14848,10.760266,12.1343,11.719802,11.968746,10.952374,10.893196,10.42088,0,0,0,0,0,0
2025/05/01 17:24:00.922,n,20.911342,19.11933,0.028951,0.000435,0.03239,0.000153,11.589948,11.060702,11.163078,10.75151,12.147408,11.71417,11.979896,10.95094,10.896046,10.429652,0,0,0,0,0,0
2025/05/01 17:25:00.907,n,20.96056,19.260816,0.027092,0.000661,0.031019,0.000502,11.57966,11.078248,11.136778,10.758834,12.137246,11.71705,11.971498,10.932014,10.893196,10.422344,0,0,0,0,0,0
2025/05/01 17:26:00.907,n,20.970424,19.119848,0.027227,0.00021,0.030409,0.000191,11.570952,11.06801,11.133896,10.75151,12.12554,11.719802,11.979896,10.932014,10.901644,10.406302,0,0,0,0,0,0
2025/05/01 17:27:00.909,n,20.9589,19.237898,0.028437,0.000342,0.029701,0.000248,11.575298,11.063632,11.133896,10.744268,12.124076,11.71705,11.977082,10.932014,10.901644,10.407764,0,0,0,0,0,0
2025/05/01 17:28:00.910,n,21.01471,19.323256,0.028448,0.000211,0.029208,0.000139,11.56654,11.062168,11.135312,10.739908,12.12554,11.722568,11.979896,10.929116,10.901644,10.42088,0,0,0,0,0,0
2025/05/01 17:29:00.911,n,20.998256,19.350616,0.027684,0.000243,0.029867,0.000294,11.570952,11.060702,11.12361,10.738442,12.128456,11.72532,11.968746,10.927636,10.904524,10.407764,0,0,0,0,0,0
2025/05/01 17:30:00.917,n,21.042542,19.28191,0.029123,0.000421,0.030794,0.000301,11.5724,11.054844,11.136778,10.731152,12.132834,11.72532,11.979896,10.932014,10.904524,10.425276,0,0,0,0,0,0
2025/05/01 17:31:00.928,n,21.058998,19.013648,0.029304,5.937779e-05,0.0308,7.737619e-05,11.594294,11.066546,11.157234,10.754422,12.132834,11.700186,11.93796,10.959632,10.876418,10.438356,0,0,0,0,0,0
2025/05/01 17:32:00.925,n,21.055676,19.278284,0.030989,0.000569,0.031089,0.000102,11.581158,11.063632,11.151408,10.744268,12.137246,11.70297,11.949144,10.959632,10.879266,10.438356,0,0,0,0,0,0
2025/05/01 17:33:00.931,n,21.057338,19.462988,0.032097,0.000344,0.03308,0.000613,11.581158,11.051946,11.142634,10.750044,12.119728,11.71417,11.963146,10.956718,10.901644,10.425276,0,0,0,0,0,0
2025/05/01 17:34:00.912,n,21.055676,19.059474,0.032461,7.861676e-05,0.033933,0.000171,11.5724,11.060702,11.117766,10.738442,12.12261,11.722568,11.965898,10.929116,10.901644,10.41499,0,0,0,0,0,0
2025/05/01 17:35:00.912,n,21.075356,18.798706,0.034827,0.000776,0.035578,0.000536,11.565042,11.062168,11.127988,10.736944,12.124076,11.71705,11.963146,10.936374,10.898892,10.41499,0,0,0,0,0,0
2025/05/01 17:36:00.914,n,21.072082,19.08644,0.03367,0.000492,0.033874,0.000594,11.56654,11.053412,11.11923,10.736944,12.135766,11.728202,11.965898,10.936374,10.901644,10.41499,0,0,0,0,0,0
2025/05/01 17:37:00.919,n,21.111438,18.675166,0.034739,0.000369,0.034603,0.000261,11.562162,11.047502,11.127988,10.725308,12.119728,11.733704,11.971498,10.92617,10.912792,10.419434,0,0,0,0,0,0
2025/05/01 17:38:00.921,n,21.116372,18.808734,0.034127,0.000214,0.03538,0.000232,11.563642,11.051946,11.117766,10.732598,12.12261,11.728202,11.971498,10.937806,10.907274,10.425276,0,0,0,0,0,0
2025/05/01 17:39:00.920,n,21.129456,18.798964,0.033229,0.00032,0.035343,0.000145,11.570952,11.049,11.12361,10.725308,12.12554,11.730952,11.971498,10.932014,10.912792,10.42088,0,0,0,0,0,0
2025/05/01 17:40:00.922,n,21.129456,19.312018,0.033582,0.00015,0.03485,0.000137,11.565042,11.047502,11.11923,10.722428,12.11535,11.736502,11.963146,10.937806,10.910042,10.416502,0,0,0,0,0,0
2025/05/01 17:41:00.926,n,21.126136,18.55276,0.032773,0.00037,0.034673,0.000155,11.569486,11.038714,11.12071,10.731152,12.109488,11.736502,11.968746,10.943616,10.918424,10.425276,0,0,0,0,0,0
2025/05/01 17:42:00.928,n,21.145812,17.908406,0.029859,0.000876,0.032561,0.000644,11.570952,11.037282,11.11923,10.720932,12.112404,11.733704,11.963146,10.942184,10.915672,10.419434,0,0,0,0,0,0
2025/05/01 17:43:00.914,n,21.116372,18.35321,0.028578,0.000326,0.02983,0.00085,11.543118,11.046038,11.098722,10.722428,12.105124,11.739352,11.971498,10.927636,10.918424,10.406302,0,0,0,0,0,0
2025/05/01 17:44:00.916,n,21.113048,19.310338,0.027102,0.000418,0.026936,0.000888,11.553404,11.043158,11.106014,10.720932,12.116782,11.742186,11.965898,10.927636,10.912792,10.41071,0,0,0,0,0,0
2025/05/01 17:45:00.917,n,21.13932,18.876502,0.025317,0.000555,0.024519,0.00072,11.54463,11.041692,11.095778,10.71224,12.10656,11.750586,11.971498,10.933494,10.918424,10.407764,0,0,0,0,0,0
2025/05/01 17:46:00.920,n,21.104846,18.7545,0.023253,0.000586,0.022502,0.000565,11.54463,11.038714,11.10748,10.71512,12.100762,11.750586,11.965898,10.932014,10.921174,10.41359,0,0,0,0,0,0
2025/05/01 17:47:00.919,n,21.103188,18.605304,0.022114,0.000306,0.021249,0.000363,11.55194,11.035802,11.106014,10.71224,12.111002,11.750586,11.971498,10.933494,10.915672,10.41071,0,0,0,0,0,0
2025/05/01 17:48:00.923,n,21.063832,18.936354,0.021635,0.000156,0.021147,4.364606e-05,11.55194,11.028524,11.101686,10.718018,12.10656,11.747706,11.968746,10.929116,10.918424,10.416502,0,0,0,0,0,0
2025/05/01 17:49:00.924,n,21.057338,18.821752,0.022135,0.00015,0.021325,5.634681e-05,11.546096,11.022636,11.091398,10.70202,12.099328,11.753336,11.977082,10.927636,10.924022,10.404836,0,0,0,0,0,0
2025/05/01 17:50:00.928,n,21.006508,19.13537,0.022816,0.000201,0.022024,0.000188,11.55194,11.032934,11.098722,10.709294,12.090538,11.753336,11.977082,10.936374,10.929668,10.417968,0,0,0,0,0,0
2025/05/01 17:51:00.930,n,20.955628,19.569056,0.022722,4.912201e-05,0.022847,0.00026,11.55194,11.028524,11.098722,10.70202,12.089106,11.747706,11.971498,10.936374,10.915672,10.417968,0,0,0,0,0,0
2025/05/01 17:52:00.911,n,20.922864,19.784778,0.023143,0.000141,0.023072,5.520838e-05,11.541718,11.043158,11.084156,10.710774,12.073052,11.750586,11.974282,10.921792,10.924022,10.391704,0,0,0,0,0,0
2025/05/01 17:53:00.915,n,20.870372,20.077906,0.024593,0.000453,0.023416,0.000109,11.534424,11.038714,11.075334,10.704886,12.075966,11.756104,11.977082,10.91598,10.924022,10.407764,0,0,0,0,0,0
2025/05/01 17:54:00.920,n,20.88512,19.85152,0.025942,0.00039,0.024465,0.000336,11.53877,11.034402,11.079712,10.703486,12.077432,11.758854,11.974282,10.92036,10.929668,10.407764,0,0,0,0,0,0
2025/05/01 17:55:00.922,n,20.91515,19.771392,0.026889,0.00027,0.026441,0.000611,11.54468,11.043272,11.092996,10.71242,12.081812,11.67139,11.889546,10.92783,10.853436,10.413802,0,0,0,0,0,0
2025/05/01 17:56:00.922,n,20.885608,20.0357,0.027165,9.428626e-05,0.02866,0.000664,11.54468,11.038894,11.092996,10.710956,12.080346,11.67139,11.886792,10.93364,10.836658,10.42547,0,0,0,0,0,0
2025/05/01 17:57:00.927,n,20.877452,20.100046,0.027674,0.000154,0.029369,0.000212,11.53737,11.031552,11.090096,10.71242,12.068706,11.674156,11.886792,10.938018,10.84792,10.422558,0,0,0,0,0,0
2025/05/01 17:58:00.927,n,20.849526,20.12794,0.027627,0.000113,0.028365,0.000327,11.533022,11.029616,11.09153,10.699286,12.06286,11.677004,11.89516,10.93509,10.84792,10.416764,0,0,0,0,0,0
2025/05/01 17:59:00.928,n,20.854408,20.276692,0.026697,0.000293,0.026834,0.000463,11.535922,11.028184,11.085686,10.70949,12.061348,11.674156,11.892312,10.936554,10.859068,10.419678,0,0,0,0,0,0
2025/05/01 18:00:00.934,n,20.828136,20.321324,0.025979,0.000222,0.025629,0.000368,11.538834,11.02239,11.08715,10.706576,12.045342,11.677004,11.892312,10.940898,10.84504,10.415298,0,0,0,0,0,0
2025/05/01 18:01:00.913,n,20.828136,20.707654,0.024724,0.000325,0.024476,0.000235,11.5403,11.063762,11.088614,10.724088,12.059914,11.651772,11.856026,10.942364,10.817064,10.418244,0,0,0,0,0,0
2025/05/01 18:02:00.913,n,20.819984,20.499232,0.023853,0.000248,0.023706,0.000239,11.53737,11.05932,11.082772,10.731346,12.052622,11.651772,11.869928,10.936554,10.825446,10.413802,0,0,0,0,0,0
2025/05/01 18:03:00.913,n,20.80719,20.792084,0.02306,0.000261,0.022669,0.000334,11.492102,11.026718,11.049098,10.684752,12.01039,11.651772,11.864376,10.90018,10.82821,10.3774,0,0,0,0,0,0
2025/05/01 18:04:00.916,n,20.78595,20.851846,0.022239,0.000253,0.021018,0.000495,11.484794,11.01946,11.046152,10.692028,12.011806,11.654622,11.864376,10.904556,10.825446,10.384692,0,0,0,0,0,0
2025/05/01 18:05:00.918,n,20.746742,21.199996,0.021193,0.000325,0.019881,0.000345,11.484794,11.009256,11.041806,10.686186,12.008892,11.660254,11.861528,10.897232,10.825446,10.384692,0,0,0,0,0,0
2025/05/01 18:06:00.922,n,20.714028,20.636698,0.020401,0.000231,0.019078,0.000223,11.51406,11.037396,11.066674,10.70373,12.040964,11.679756,11.87841,10.93071,10.84792,10.413802,0,0,0,0,0,0
2025/05/01 18:07:00.922,n,20.710804,21.305472,0.020084,7.968643e-05,0.018528,0.00016,11.512594,11.041806,11.063762,10.702264,12.033638,11.679756,11.88401,10.914728,10.84792,10.40801,0,0,0,0,0,0
2025/05/01 18:08:00.922,n,20.705872,20.798856,0.020068,3.187457e-05,0.018312,5.709316e-05,11.500842,11.028184,11.063762,10.694942,12.030724,11.679756,11.881162,10.926332,10.853436,10.40801,0,0,0,0,0,0
2025/05/01 18:09:00.925,n,20.66505,20.9332,0.01939,0.000215,0.017988,0.000102,11.511098,11.026718,11.06814,10.690562,12.030724,11.677004,11.881162,10.92783,10.84792,10.406544,0,0,0,0,0,0
2025/05/01 18:10:00.914,n,20.647084,21.408942,0.018696,0.000214,0.01754,0.000132,11.492102,11.035932,11.043272,10.705162,12.007428,11.68539,11.88401,10.91035,10.859068,10.400736,0,0,0,0,0,0
2025/05/01 18:11:00.912,n,20.617592,21.85672,0.018138,0.000173,0.017167,0.00011,11.49793,11.031064,11.046152,10.702264,12.001566,11.68539,11.889546,10.911816,10.864666,10.39198,0,0,0,0,0,0
2025/05/01 18:12:00.915,n,20.604602,22.295682,0.01772,0.000114,0.017178,1.593729e-05,11.486226,11.034466,11.044688,10.692028,12.004512,11.693772,11.892312,10.911816,10.870298,10.393414,0,0,0,0,0,0
2025/05/01 18:13:00.917,n,20.540782,22.825316,0.017406,8.45828e-05,0.01734,5.225388e-05,11.486226,11.020926,11.040374,10.694942,11.997188,11.693772,11.889546,10.90747,10.864666,10.394878,0,0,0,0,0,0
2025/05/01 18:14:00.919,n,20.517884,23.184162,0.017077,0.000101,0.017232,4.460542e-05,11.48917,11.028184,11.049098,10.690562,12.001566,11.68814,11.88401,10.916194,10.864666,10.400736,0,0,0,0,0,0
2025/05/01 18:15:00.921,n,20.477062,21.981888,0.016753,0.000104,0.016632,0.00019,11.484794,11.01508,11.037396,10.683338,11.992808,11.68814,11.886792,10.917626,10.861818,10.39779,0,0,0,0,0,0
2025/05/01 18:16:00.924,n,20.46066,21.609192,0.016407,0.000109,0.016016,0.000189,11.478948,11.013666,11.05206,10.680424,11.985562,11.69662,11.889546,10.916194,10.870298,10.39779,0,0,0,0,0,0
2025/05/01 18:17:00.927,n,20.392006,22.699802,0.015989,0.000123,0.015572,0.000126,11.478948,11.00779,11.044688,10.674582,11.97967,11.69662,11.886792,10.914728,10.867418,10.399254,0,0,0,0,0,0
2025/05/01 18:18:00.928,n,20.392006,22.581882,0.015827,5.424143e-05,0.015388,5.205096e-05,11.477532,11.00779,11.049098,10.674582,11.96951,11.69662,11.889546,10.917626,10.873146,10.402166,0,0,0,0,0,0
2025/05/01 18:19:00.911,n,20.364174,22.52622,0.015869,1.21723e-05,0.015242,4.34029e-05,11.461466,11.013666,11.028184,10.690562,11.947614,11.69662,11.892312,10.90599,10.873146,10.380344,0,0,0,0,0,0
2025/05/01 18:20:00.915,n,20.342934,23.113782,0.015774,2.945884e-05,0.014852,0.000129,11.471624,11.01508,11.025304,10.681872,11.952026,11.69662,11.886792,10.908936,10.867418,10.383194,0,0,0,0,0,0
2025/05/01 18:21:00.917,n,20.284046,23.362522,0.015581,5.463026e-05,0.014599,7.503512e-05,11.462898,11.016546,11.025304,10.680424,11.94615,11.702172,11.889546,10.904556,10.864666,10.37888,0,0,0,0,0,0
2025/05/01 18:22:00.920,n,20.184192,23.772254,0.015177,0.000126,0.014226,0.000117,11.445318,10.997652,11.016546,10.671652,11.940322,11.71329,11.906396,10.894368,10.88153,10.386154,0,0,0,0,0,0
2025/05/01 18:23:00.922,n,20.218116,24.519758,0.014921,0.00011,0.014033,9.52911e-05,11.474652,11.03865,11.043028,10.702476,11.96676,11.656234,11.846468,10.925224,10.835616,10.412614,0,0,0,0,0,0
2025/05/01 18:24:00.923,n,20.187012,24.510798,0.014748,5.060768e-05,0.013914,3.285555e-05,11.474652,11.029924,11.043028,10.692306,11.9609,11.661834,11.846468,10.933916,10.832736,10.415544,0,0,0,0,0,0
2025/05/01 18:25:00.929,n,20.162502,24.792222,0.01457,6.051274e-05,0.013822,2.519906e-05,11.473218,11.029924,11.05175,10.69084,11.959434,11.664632,11.846468,10.933916,10.835616,10.424266,0,0,0,0,0,0
2025/05/01 18:26:00.923,n,20.111766,24.907822,0.014335,7.259779e-05,0.013601,7.067726e-05,11.470274,11.035752,11.031422,10.70394,11.93607,11.656234,11.84922,10.928074,10.838366,10.409734,0,0,0,0,0,0
2025/05/01 18:27:00.926,n,20.060986,25.2562,0.014001,0.000109,0.013385,6.033759e-05,11.464494,11.037184,11.024116,10.70394,11.93607,11.661834,11.846468,10.932452,10.838366,10.414078,0,0,0,0,0,0
2025/05/01 18:28:00.911,n,20.016796,25.531462,0.013692,9.672414e-05,0.013234,5.060768e-05,11.474652,11.019736,11.041564,10.693786,11.931724,11.6506,11.84362,10.93535,10.835616,10.419954,0,0,0,0,0,0
2025/05/01 18:29:00.912,n,19.928322,26.039198,0.013348,0.000101,0.012931,9.327058e-05,11.462996,11.01829,11.031422,10.692306,11.917106,11.659,11.852004,10.93683,10.838366,10.411136,0,0,0,0,0,0
2025/05/01 18:30:00.914,n,19.87915,26.546142,0.013045,9.562372e-05,0.012564,0.000113,11.449878,11.015358,11.027044,10.689408,11.90838,11.653352,11.852004,10.92666,10.855146,10.409734,0,0,0,0,0,0
2025/05/01 18:31:00.917,n,19.818604,27.166342,0.012778,9.676322e-05,0.012294,9.290514e-05,11.468872,11.029924,11.040066,10.71416,11.918554,11.647848,11.81847,10.942672,10.81039,10.411136,0,0,0,0,0,0
2025/05/01 18:32:00.918,n,19.749706,27.266752,0.012412,0.000115,0.01191,0.000117,11.45717,11.029924,11.029924,10.69525,11.905418,11.647848,11.82962,10.93683,10.81874,10.415544,0,0,0,0,0,0
2025/05/01 18:33:01.055,n,19.682522,27.836516,0.012046,0.000106,0.011564,0.000104,11.43959,11.019736,11.019736,10.67774,11.902534,11.653352,11.840738,10.92228,10.835616,10.403858,0,0,0,0,0,0
2025/05/01 18:34:00.921,n,19.597268,27.685374,0.011722,9.224372e-05,0.011272,8.692762e-05,11.438124,11.01391,11.016824,10.689408,11.885018,11.659,11.82962,10.92957,10.832736,10.395138,0,0,0,0,0,0
2025/05/01 18:35:00.923,n,19.523488,28.211444,0.011434,8.489504e-05,0.010996,8.229979e-05,11.430866,11.01829,11.0081,10.682084,11.886484,11.661834,11.83522,10.919368,10.843998,10.398068,0,0,0,0,0,0
2025/05/01 18:36:00.924,n,19.446388,28.949616,0.011146,8.801654e-05,0.010725,7.881843e-05,11.414798,11.011014,10.994998,10.673394,11.873346,11.673018,11.84362,10.917904,10.849596,10.399532,0,0,0,0,0,0
2025/05/01 18:37:00.908,n,19.380714,29.300436,0.010889,7.928699e-05,0.010481,7.814418e-05,11.423524,10.990686,11.006636,10.666104,11.866068,11.670234,11.84922,10.925224,10.855146,10.399532,0,0,0,0,0,0
2025/05/01 18:38:00.912,n,19.305274,29.40344,0.010632,7.461078e-05,0.010227,7.587666e-05,11.430866,10.989236,11.0081,10.674858,11.863092,11.670234,11.84362,10.92957,10.855146,10.400948,0,0,0,0,0,0
2025/05/01 18:39:00.913,n,19.231396,29.387876,0.010386,7.559719e-05,0.009967,7.922023e-05,11.41773,10.993582,10.997928,10.669016,11.854396,11.673018,11.837988,10.917904,10.855146,10.398068,0,0,0,0,0,0
2025/05/01 18:40:00.916,n,19.173976,29.269922,0.010119,7.881843e-05,0.009712,8.008387e-05,11.407474,10.984858,10.984858,10.670482,11.839794,11.673018,11.84362,10.91647,10.852362,10.392224,0,0,0,0,0,0
2025/05/01 18:41:00.922,n,19.123046,29.854084,0.009841,8.81367e-05,0.009457,8.001777e-05,11.40601,10.98774,10.981928,10.660262,11.833934,11.675768,11.846468,10.907746,10.857994,10.387848,0,0,0,0,0,0
2025/05/01 18:42:00.923,n,19.090188,30.255972,0.009537,9.04479e-05,0.009181,8.363912e-05,11.395786,10.999376,10.981928,10.663174,11.832468,11.681384,11.84922,10.910612,10.855146,10.389248,0,0,0,0,0,0
2025/05/01 18:43:00.924,n,19.058938,30.4944,0.009212,9.856668e-05,0.008877,9.120528e-05,11.38843,10.989236,10.964434,10.660262,11.82371,11.681384,11.852004,10.904834,10.860744,10.377644,0,0,0,0,0,0
2025/05/01 18:44:00.923,n,18.99165,31.056776,0.008892,9.434236e-05,0.008568,8.84962e-05,11.376792,10.997928,10.971756,10.661726,11.813488,11.678616,11.84362,10.906248,10.860744,10.37618,0,0,0,0,0,0
2025/05/01 18:45:00.928,n,18.884816,31.020864,0.008572,9.669678e-05,0.008275,9.106012e-05,11.375294,10.984858,10.96157,10.654436,11.806226,11.684136,11.857604,10.897542,10.866376,10.37325,0,0,0,0,0,0
2025/05/01 18:46:00.912,n,18.837208,31.093814,0.008278,8.511292e-05,0.007977,8.594814e-05,11.385516,10.971756,10.971756,10.641336,11.803312,11.684136,11.846468,10.9034,10.87199,10.380558,0,0,0,0,0,0
2025/05/01 18:47:00.916,n,18.796916,31.620026,0.008088,8.656162e-05,0.007814,8.935902e-05,11.415532,11.011958,11.00185,10.681564,11.828984,11.656576,11.815962,10.94653,10.835894,10.416406,0,0,0,0,0,0
2025/05/01 18:48:00.916,n,18.7081,32.165066,0.007794,9.47621e-05,0.007521,8.997864e-05,11.406806,11.00473,11.003264,10.67865,11.823126,11.656576,11.815962,10.94072,10.838772,10.420784,0,0,0,0,0,0
2025/05/01 18:49:00.920,n,18.632466,32.866772,0.007474,9.7731e-05,0.0072,9.735126e-05,11.39945,11.011958,10.985802,10.683062,11.817312,11.659358,11.824362,10.933428,10.838772,10.422216,0,0,0,0,0,0
2025/05/01 18:50:00.919,n,18.527192,33.063568,0.007227,7.681237e-05,0.006961,7.226905e-05,11.39367,11.000384,10.980024,10.683062,11.815848,11.653824,11.827146,10.929082,10.844372,10.417838,0,0,0,0,0,0
2025/05/01 18:51:00.922,n,18.4351,33.251216,0.006995,6.445084e-05,0.006739,6.308159e-05,11.386346,11.003264,10.975614,10.677186,11.805608,11.66496,11.818746,10.931964,10.844372,10.409148,0,0,0,0,0,0
2025/05/01 18:52:00.926,n,18.379096,33.878172,0.006674,0.000102,0.006434,9.47621e-05,11.376124,11.00473,10.965458,10.677186,11.795384,11.67051,11.821594,10.923258,10.850004,10.396016,0,0,0,0,0,0
2025/05/01 18:53:00.927,n,18.318158,33.886664,0.006475,5.667455e-05,0.006233,5.911942e-05,11.37466,11.00185,10.96401,10.675786,11.792438,11.667726,11.827146,10.924706,10.847156,10.398928,0,0,0,0,0,0
2025/05/01 18:54:00.929,n,18.255658,34.69594,0.00638,2.90063e-05,0.006135,3.257249e-05,11.360044,10.990164,10.96401,10.662652,11.78806,11.66496,11.821594,10.9145,10.863902,10.40036,0,0,0,0,0,0
2025/05/01 18:55:00.920,n,18.18647,35.006144,0.006206,5.26574e-05,0.006015,2.712072e-05,11.376124,10.990164,10.96401,10.662652,11.773458,11.667726,11.824362,10.929082,10.85552,10.403306,0,0,0,0,0,0
2025/05/01 18:56:00.920,n,18.107464,35.127096,0.005943,7.531668e-05,0.005788,7.634595e-05,11.355616,10.972734,10.95379,10.655362,11.776402,11.659358,11.815962,10.923258,10.850004,10.396016,0,0,0,0,0,0
2025/05/01 18:57:00.920,n,18.028362,35.593504,0.005639,9.427222e-05,0.005452,0.000101,11.355616,10.969804,10.949444,10.655362,11.755974,11.678892,11.827146,10.910122,10.858386,10.398928,0,0,0,0,0,0
2025/05/01 18:58:00.921,n,17.9789,35.442084,0.005334,9.375158e-05,0.005132,0.0001,11.341,10.98149,10.945066,10.653896,11.751626,11.67611,11.815962,10.913036,10.86115,10.385796,0,0,0,0,0,0
2025/05/01 18:59:00.926,n,17.880612,35.722748,0.005083,8.397062e-05,0.004802,9.894176e-05,11.339534,10.98149,10.94653,10.655362,11.755974,11.67051,11.815962,10.911604,10.85552,10.384332,0,0,0,0,0,0
2025/05/01 19:00:00.928,n,17.806732,36.293548,0.004784,8.540772e-05,0.004493,9.25015e-05,11.33221,10.97856,10.93924,10.64952,11.744302,11.678892,11.815962,10.905778,10.863902,10.378538,0,0,0,0,0,0
2025/05/01 19:01:00.927,n,17.78714,36.33952,0.004648,7.980966e-05,0.004368,8.544532e-05,11.362224,11.002646,10.966272,10.67079,11.76403,11.583974,11.729358,10.92993,10.771788,10.42023,0,0,0,0,0,0
2025/05/01 19:02:00.928,n,17.690266,36.566912,0.004333,9.351846e-05,0.004059,9.40615e-05,11.346174,10.99687,10.957582,10.666444,11.746482,11.589606,11.737756,10.932842,10.774668,10.411442,0,0,0,0,0,0
2025/05/01 19:03:00.929,n,17.667316,36.673704,0.004028,8.961034e-05,0.003771,8.45124e-05,11.32713,10.988112,10.947426,10.660652,11.745018,11.589606,11.732206,10.922622,10.777418,10.404184,0,0,0,0,0,0
2025/05/01 19:04:00.917,n,17.645932,37.060128,0.003808,7.241534e-05,0.003527,7.418403e-05,11.343212,10.967786,10.947426,10.644622,11.737756,11.603508,11.746204,10.925584,10.794248,10.404184,0,0,0,0,0,0
2025/05/01 19:05:00.917,n,17.522736,37.648016,0.003624,5.245603e-05,0.003359,4.735312e-05,11.325664,10.966272,10.941534,10.644622,11.726022,11.611874,11.75459,10.927,10.802644,10.404184,0,0,0,0,0,0
2025/05/01 19:06:00.919,n,17.432354,37.916228,0.003456,4.714313e-05,0.003223,3.862943e-05,11.321286,10.963376,10.927,10.641644,11.712916,11.61474,11.762988,10.91686,10.799892,10.398344,0,0,0,0,0,0
2025/05/01 19:07:00.922,n,17.332062,38.451972,0.003356,2.97493e-05,0.00312,3.276484e-05,11.316908,10.954668,10.919774,10.638764,11.692436,11.61474,11.75459,10.909554,10.808276,10.383812,0,0,0,0,0,0
2025/05/01 19:08:00.922,n,17.27132,38.431612,0.003272,2.506747e-05,0.003044,2.092559e-05,11.30374,10.956148,10.911018,10.634386,11.695398,11.617506,11.757356,10.91686,10.811026,10.38959,0,0,0,0,0,0
2025/05/01 19:09:00.925,n,17.235138,38.463788,0.003172,3.040901e-05,0.002946,2.594912e-05,11.28914,10.95177,10.902262,10.635866,11.690954,11.620374,11.760108,10.895004,10.819424,10.37792,0,0,0,0,0,0
2025/05/01 19:10:00.928,n,17.166046,38.749968,0.003041,4.184328e-05,0.002827,3.303625e-05,11.275972,10.95177,10.89357,10.618374,11.674954,11.62314,11.762988,10.890624,10.811026,10.3692,0,0,0,0,0,0
2025/05/01 19:11:00.930,n,17.139728,39.046064,0.002894,4.762473e-05,0.002653,5.431455e-05,11.271594,10.95177,10.897948,10.622734,11.667692,11.625892,11.757356,10.886248,10.819424,10.373576,0,0,0,0,0,0
2025/05/01 19:12:00.931,n,17.057454,39.470232,0.002704,5.391117e-05,0.002463,6.24387e-05,11.258426,10.943014,10.886248,10.611064,11.660336,11.628738,11.765742,10.883334,10.822304,10.366302,0,0,0,0,0,0
2025/05/01 19:13:00.919,n,16.922492,39.937812,0.002515,5.399086e-05,0.002273,5.583384e-05,11.25989,10.925584,10.886248,10.608184,11.651578,11.634274,11.771292,10.88047,10.827902,10.376456,0,0,0,0,0,0
2025/05/01 19:14:00.929,n,16.8139,40.192452,0.002326,5.608796e-05,0.002083,5.503138e-05,11.265736,10.921174,10.881902,10.597964,11.65446,11.631522,11.774222,10.881902,10.833404,10.36482,0,0,0,0,0,0
2025/05/01 19:15:00.922,n,16.708528,40.6676,0.002157,5.017121e-05,0.001925,5.865326e-05,11.24529,10.921174,10.873178,10.605272,11.638408,11.628738,11.762988,10.886248,10.827902,10.370678,0,0,0,0,0,0
2025/05/01 19:16:00.923,n,16.668164,40.654536,0.00211,4.574746e-05,0.001898,4.318519e-05,11.291744,10.972066,10.910888,10.654662,11.680552,11.610034,11.738636,10.92547,10.80074,10.411264,0,0,0,0,0,0
2025/05/01 19:17:00.922,n,16.62373,40.935056,0.001968,4.295482e-05,0.001751,4.513977e-05,11.285918,10.961894,10.903662,10.640114,11.660092,11.61557,11.738636,10.92259,10.803506,10.408318,0,0,0,0,0,0
2025/05/01 19:18:00.926,n,16.58252,41.348628,0.001852,3.819896e-05,0.001637,3.940922e-05,11.277128,10.961894,10.899284,10.64153,11.651334,11.610034,11.749786,10.915266,10.82027,10.393786,0,0,0,0,0,0
2025/05/01 19:19:00.930,n,16.519876,41.296332,0.001742,3.667957e-05,0.001528,3.388626e-05,11.272684,10.957516,10.890528,10.640114,11.649868,11.61557,11.738636,10.908022,10.806338,10.392306,0,0,0,0,0,0
2025/05/01 19:20:00.930,n,16.450684,41.719572,0.001631,3.667506e-05,0.00142,3.869145e-05,11.253738,10.958964,10.886184,10.64153,11.648404,11.610034,11.738636,10.903662,10.809138,10.390874,0,0,0,0,0,0
2025/05/01 19:21:00.931,n,16.39629,41.825724,0.001489,4.462581e-05,0.001289,4.24884e-05,11.243452,10.950208,10.875994,10.624018,11.642544,11.618322,11.741404,10.899284,10.823118,10.39525,0,0,0,0,0,0
2025/05/01 19:22:00.917,n,16.312206,42.063228,0.001384,3.715215e-05,0.001169,3.644438e-05,11.247862,10.93273,10.886184,10.615314,11.619184,11.62117,11.741404,10.912368,10.82027,10.402542,0,0,0,0,0,0
2025/05/01 19:23:00.922,n,16.266018,42.044672,0.001252,3.460334e-05,0.001034,3.439483e-05,11.241986,10.92547,10.874528,10.608006,11.61627,11.626786,11.747036,10.906542,10.823118,10.390874,0,0,0,0,0,0
2025/05/01 19:24:00.920,n,16.241262,42.120452,0.001168,2.954292e-05,0.000946,3.139892e-05,11.23323,10.929848,10.870152,10.603692,11.606014,11.629568,11.749786,10.894906,10.823118,10.392306,0,0,0,0,0,0
2025/05/01 19:25:00.923,n,16.155468,42.2601,0.001063,2.925324e-05,0.000854,2.734236e-05,11.225906,10.926936,10.859948,10.606526,11.597256,11.623938,11.75542,10.894906,10.825884,10.385064,0,0,0,0,0,0
2025/05/01 19:26:00.924,n,16.087842,42.330808,0.000973,2.922072e-05,0.000761,3.0523e-05,11.203982,10.913866,10.855602,10.602214,11.576812,11.637954,11.752668,10.889064,10.82875,10.374798,0,0,0,0,0,0
2025/05/01 19:27:00.929,n,16.101074,42.914144,0.000994,3.058659e-05,0.000789,3.054737e-05,11.228722,10.93714,10.862892,10.619724,11.597142,11.58189,11.70489,10.899266,10.781096,10.393722,0,0,0,0,0,0
2025/05/01 19:28:00.929,n,15.954152,43.596128,0.000915,2.276685e-05,0.000707,2.366171e-05,11.221348,10.940004,10.861428,10.622538,11.589818,11.58474,11.696604,10.903646,10.783928,10.38793,0,0,0,0,0,0
2025/05/01 19:29:00.934,n,15.85674,44.063752,0.000857,1.688692e-05,0.000636,2.110363e-05,11.20193,10.932778,10.855666,10.610904,11.58106,11.58474,11.70214,10.890528,10.786694,10.37771,0,0,0,0,0,0
2025/05/01 19:30:00.934,n,15.803906,44.216684,0.0008,1.859276e-05,0.00056,2.006634e-05,11.199,10.926936,10.848312,10.603628,11.57813,11.590274,11.710522,10.889064,10.79786,10.38059,0,0,0,0,0,0
2025/05/01 19:31:00.911,n,15.739408,44.240216,0.000784,4.285627e-05,0.000549,3.844849e-05,11.218434,10.926936,10.865772,10.594906,11.594196,11.56226,11.682604,10.903646,10.76422,10.40542,0,0,0,0,0,0
2025/05/01 19:32:00.910,n,15.71631,44.434992,0.000705,2.510455e-05,0.000484,2.255798e-05,11.207756,10.922558,10.858546,10.599282,11.582526,11.573408,11.679724,10.903646,10.769852,10.40542,0,0,0,0,0,0
2025/05/01 19:33:00.910,n,15.63203,44.56258,0.000631,2.463999e-05,0.000407,2.0933e-05,11.207756,10.912402,10.85417,10.580324,11.569372,11.57629,11.696604,10.899266,10.778298,10.392258,0,0,0,0,0,0
2025/05/01 19:34:00.912,n,15.552686,44.804228,0.000557,2.205293e-05,0.000337,1.862996e-05,11.193206,10.900732,10.841068,10.577444,11.55329,11.58749,11.699356,10.899266,10.795076,10.38941,0,0,0,0,0,0
2025/05/01 19:35:00.913,n,15.51304,44.940072,0.000499,1.940067e-05,0.000271,2.208126e-05,11.181568,10.884718,10.826488,10.57157,11.547412,11.58474,11.707738,10.887664,10.79786,10.386464,0,0,0,0,0,0
2025/05/01 19:36:00.916,n,15.46177,44.696856,0.000462,1.342016e-05,0.000222,1.508268e-05,11.174292,10.88034,10.820708,10.574482,11.534308,11.58749,11.70489,10.883286,10.806322,10.37771,0,0,0,0,0,0
2025/05/01 19:37:00.918,n,15.48164,44.633088,0.000394,1.470344e-05,0.000168,1.447979e-05,11.159774,10.876026,10.807574,10.565792,11.52114,11.601424,11.716138,10.874528,10.80917,10.364578,0,0,0,0,0,0
2025/05/01 19:38:00.919,n,15.438088,44.755176,0.000462,1.557985e-05,0.000244,1.478737e-05,11.188762,10.910838,10.832214,10.590464,11.534082,11.535352,11.650048,10.902082,10.74025,10.393592,0,0,0,0,0,0
2025/05/01 19:39:00.923,n,15.347118,45.041944,0.000415,1.722504e-05,0.000184,1.575073e-05,11.178574,10.902082,10.819146,10.588966,11.531152,11.538102,11.652816,10.89629,10.751494,10.393592,0,0,0,0,0,0
2025/05/01 19:40:00.911,n,15.319042,45.189356,0.000373,2.09626e-05,0.000141,1.50343e-05,11.155332,10.887534,10.823524,10.571506,11.52233,11.549334,11.664046,10.8861,10.765472,10.384902,0,0,0,0,0,0
2025/05/01 19:41:00.909,n,15.285938,44.927928,0.000346,9.577836e-06,0.000103,1.148657e-05,11.161158,10.8861,10.8162,10.559852,11.52233,11.546582,11.655648,10.875928,10.765472,10.377596,0,0,0,0,0,0
2025/05/01 19:42:00.911,n,15.153564,45.462404,0.000299,1.309587e-05,6.442976e-05,1.247511e-05,11.153834,10.88462,10.813288,10.558372,11.509192,11.55495,11.661198,10.880306,10.765472,10.380558,0,0,0,0,0,0
2025/05/01 19:43:00.916,n,15.053128,46.43164,0.000267,1.003781e-05,3.725943e-05,8.84257e-06,11.152418,10.877378,10.801634,10.57004,11.500466,11.563332,11.666798,10.878842,10.77387,10.377596,0,0,0,0,0,0
2025/05/01 19:44:00.916,n,14.969044,46.816944,0.000231,1.065513e-05,4.595663e-06,1.070969e-05,11.127628,10.862796,10.785654,10.546688,11.47999,11.549334,11.655648,10.870086,10.765472,10.365928,0,0,0,0,0,0
2025/05/01 19:45:00.917,n,14.927884,46.612648,0.000225,1.162864e-05,-1.722968e-05,8.405744e-06,11.126214,10.851142,10.77833,10.540862,11.466854,11.5577,11.661198,10.864244,10.77387,10.358606,0,0,0,0,0,0
2025/05/01 19:46:00.920,n,14.893262,45.32676,0.000178,9.778202e-06,-4.974497e-05,1.243801e-05,11.111646,10.85404,10.765262,10.539398,11.459498,11.566084,11.666798,10.857018,10.771104,10.34554,0,0,0,0,0,0
2025/05/01 19:47:00.922,n,14.818996,45.883984,0.000183,8.887872e-06,-5.53869e-05,7.891218e-06,11.10004,10.852638,10.762316,10.536518,11.439054,11.566084,11.666798,10.846782,10.776622,10.341096,0,0,0,0,0,0
2025/05/01 19:48:00.923,n,14.796894,46.557996,0.000257,1.107976e-05,3.212788e-05,8.98173e-06,11.139998,10.891146,10.797892,10.573538,11.481912,11.507028,11.61334,10.88527,10.723258,10.376734,0,0,0,0,0,0
2025/05/01 19:49:00.912,n,14.707734,46.869564,0.000252,1.070014e-05,1.564752e-05,8.563868e-06,11.131274,10.8751,10.796428,10.557526,11.48629,11.509876,11.616122,10.888184,10.728856,10.392776,0,0,0,0,0,0
2025/05/01 19:50:00.910,n,14.625264,47.525324,0.000225,1.273903e-05,-6.029343e-06,8.443566e-06,11.13274,10.8751,10.796428,10.547322,11.471688,11.512628,11.61894,10.87946,10.740004,10.385456,0,0,0,0,0,0
2025/05/01 19:51:00.917,n,14.547676,48.044664,0.000231,1.177591e-05,-1.701625e-05,8.239194e-06,11.11526,10.866344,10.781878,10.554582,11.459952,11.512628,11.61334,10.880924,10.740004,10.379644,0,0,0,0,0,0
2025/05/01 19:52:00.915,n,14.499826,48.019664,0.000194,1.084691e-05,-4.418657e-05,7.119144e-06,11.10359,10.850312,10.773122,10.540014,11.451162,11.52389,11.61894,10.867826,10.745636,10.375268,0,0,0,0,0,0
2025/05/01 19:53:00.917,n,14.483318,47.90946,0.000189,8.13979e-06,-6.051845e-05,7.878685e-06,11.096362,10.850312,10.768778,10.537102,11.445352,11.521108,11.61894,10.872202,10.737252,10.369442,0,0,0,0,0,0
2025/05/01 19:54:00.920,n,14.37756,48.389876,0.000173,8.836998e-06,-8.219532e-05,1.013905e-05,11.08614,10.841606,10.757092,10.532724,11.420514,11.529492,11.627322,10.864878,10.745636,10.363634,0,0,0,0,0,0
2025/05/01 19:55:00.921,n,14.285076,48.65648,0.000152,8.215933e-06,-8.768878e-05,7.820009e-06,11.084694,10.848896,10.749866,10.537102,11.414604,11.532258,11.630206,10.859118,10.75688,10.351934,0,0,0,0,0,0
2025/05/01 19:56:00.925,n,14.225228,49.022284,0.00021,5.891575e-06,-1.712528e-05,7.759711e-06,11.10084,10.867906,10.757206,10.55471,11.423362,11.48595,11.581028,10.876612,10.713428,10.370972,0,0,0,0,0,0
2025/05/01 19:57:00.930,n,14.107892,48.987324,0.000194,7.931267e-06,-3.330869e-05,4.815384e-06,11.086256,10.86063,10.755774,10.545922,11.413138,11.488714,11.586628,10.865008,10.718978,10.353432,0,0,0,0,0,0
2025/05/01 19:58:00.913,n,13.985578,49.959248,0.000189,7.691624e-06,-5.528251e-05,1.062483e-05,11.073154,10.848994,10.758686,10.528412,11.426308,11.494348,11.578276,10.862062,10.713428,10.376798,0,0,0,0,0,0
2025/05/01 19:59:00.915,n,13.909454,49.934248,0.000199,8.792444e-06,-7.146592e-05,6.592471e-06,11.07169,10.846082,10.751396,10.529876,11.411674,11.488714,11.581028,10.865008,10.721826,10.373918,0,0,0,0,0,0
2025/05/01 20:00:00.917,n,13.863168,49.910956,0.000167,9.557582e-06,-6.612094e-05,5.802812e-06,11.067342,10.834412,10.74264,10.51969,11.39704,11.497196,11.583876,10.863528,10.718978,10.372452,0,0,0,0,0,0
2025/05/01 20:01:00.923,n,13.81683,50.332296,0.00022,2.980144e-05,-1.712528e-05,3.070893e-05,11.058586,10.850458,10.748418,10.538632,11.400002,11.466416,11.561396,10.876612,10.699448,10.366564,0,0,0,0,0,0
2025/05/01 20:02:00.928,n,13.750668,50.23576,0.000167,1.576671e-05,-5.528251e-05,1.160341e-05,11.052794,10.843152,10.72957,10.534254,11.380926,11.474814,11.564246,10.857686,10.702198,10.35932,0,0,0,0,0,0
2025/05/01 20:03:00.928,n,13.704282,49.989276,0.000152,1.280891e-05,-7.68109e-05,9.235364e-06,11.03676,10.832948,10.720816,10.524068,11.369256,11.483196,11.572644,10.851908,10.70783,10.347622,0,0,0,0,0,0
2025/05/01 20:04:00.916,n,13.659604,50.680096,0.000141,6.506767e-06,-9.878472e-05,8.445792e-06,11.032382,10.8155,10.719336,10.509456,11.370736,11.483196,11.575524,10.848994,10.718978,10.356408,0,0,0,0,0,0
2025/05/01 20:05:00.916,n,13.58841,50.696696,0.000115,9.60834e-06,-0.000126,1.058775e-05,11.02221,10.805282,10.71206,10.497834,11.354624,11.497196,11.586628,10.834412,10.730206,10.349086,0,0,0,0,0,0
2025/05/01 20:06:00.921,n,13.530454,50.804756,0.000115,1.08871e-05,-0.000142,9.456686e-06,11.009142,10.800902,10.693134,10.49201,11.341436,11.497196,11.583876,10.831548,10.724608,10.340332,0,0,0,0,0,0
2025/05/01 20:07:00.904,n,13.505646,51.002512,9.37611e-05,7.422677e-06,-0.000142,5.38257e-06,10.997472,10.806746,10.685828,10.481758,11.340022,11.508332,11.586628,10.81838,10.730206,10.325734,0,0,0,0,0,0
2025/05/01 20:08:00.907,n,13.490876,51.223644,0.000194,1.079654e-05,-4.392906e-05,1.008701e-05,11.009534,10.823216,10.705226,10.505548,11.352,11.408516,11.49236,10.843606,10.644492,10.352454,0,0,0,0,0,0
2025/05/01 20:09:00.907,n,13.424618,51.197036,0.000205,1.081316e-05,-4.392906e-05,5.466875e-06,10.996462,10.81446,10.697918,10.493914,11.343212,11.405766,11.495226,10.830474,10.644492,10.34811,0,0,0,0,0,0
2025/05/01 20:10:00.910,n,13.37325,51.298304,0.000168,8.091556e-06,-7.109938e-05,8.503262e-06,10.99355,10.802792,10.68918,10.480782,11.328172,11.419666,11.500744,10.831906,10.652874,10.339324,0,0,0,0,0,0
2025/05/01 20:11:00.914,n,13.257234,51.407824,0.000158,8.099057e-06,-8.208629e-05,8.466778e-06,10.987708,10.7941,10.686282,10.476404,11.320848,11.419666,11.500744,10.823216,10.65009,10.340804,0,0,0,0,0,0
2025/05/01 20:12:00.917,n,13.177692,51.855528,0.000147,1.10793e-05,-9.841818e-05,9.909702e-06,10.977518,10.782398,10.676112,10.470562,11.303432,11.425298,11.506344,10.820302,10.64734,10.33501,0,0,0,0,0,0
2025/05/01 20:13:00.920,n,13.127988,51.354748,0.000131,9.166088e-06,-0.000104,5.391503e-06,10.97026,10.776588,10.664426,10.467682,11.293242,11.42245,11.500744,10.818836,10.664184,10.336426,0,0,0,0,0,0
2025/05/01 20:14:00.918,n,13.086434,51.148892,0.000105,7.710999e-06,-0.000153,1.420897e-05,10.965914,10.76933,10.65276,10.460392,11.285982,11.430816,11.514826,10.804272,10.666966,10.324726,0,0,0,0,0,0
2025/05/01 20:15:00.920,n,12.996182,51.582916,0.000205,7.45433e-06,-2.780132e-05,6.363207e-06,10.994558,10.802302,10.687226,10.496306,11.32052,11.40601,11.484206,10.848962,10.64765,10.346092,0,0,0,0,0,0
2025/05/01 20:16:00.912,n,12.939832,51.806744,0.000199,4.583255e-06,-3.314631e-05,4.500196e-06,10.971268,10.800902,10.672694,10.48755,11.321954,11.40876,11.489838,10.83586,10.6504,10.35047,0,0,0,0,0,0
2025/05/01 20:17:00.911,n,12.850186,52.075152,0.000184,8.202872e-06,-6.046509e-05,8.59389e-06,10.9582,10.79799,10.666836,10.477348,11.304472,11.40876,11.492688,10.825656,10.6504,10.344676,0,0,0,0,0,0
2025/05/01 20:18:00.912,n,12.83363,51.367196,0.000178,5.636974e-06,-6.595855e-05,5.4061e-06,10.949476,10.784856,10.653704,10.465682,11.292836,11.414392,11.49832,10.815436,10.658796,10.337338,0,0,0,0,0,0
2025/05/01 20:19:00.917,n,12.83363,51.927744,0.000162,1.017484e-05,-7.130353e-05,7.945994e-06,10.95379,10.780542,10.661026,10.464248,11.292836,11.414392,11.49832,10.827104,10.65603,10.349004,0,0,0,0,0,0
2025/05/01 20:20:00.916,n,12.758878,52.192728,0.000147,1.044327e-05,-9.327734e-05,8.941202e-06,10.942152,10.764528,10.643548,10.458438,11.269574,11.419992,11.49832,10.819846,10.667178,10.334456,0,0,0,0,0,0
2025/05/01 20:21:00.916,n,12.672546,52.733844,0.000152,7.93778e-06,-9.862232e-05,6.70772e-06,10.930548,10.75574,10.63769,10.440866,11.260868,11.42564,11.49832,10.811124,10.667178,10.318396,0,0,0,0,0,0
2025/05/01 20:22:00.917,n,12.60614,52.740488,0.000131,8.468896e-06,-0.000115,6.51391e-06,10.929082,10.75574,10.633344,10.451116,11.253528,11.431142,11.501086,10.808178,10.672874,10.31986,0,0,0,0,0,0
2025/05/01 20:23:00.919,n,12.58788,52.12984,0.00011,9.120874e-06,-0.00012,7.411835e-06,10.930548,10.745552,10.624622,10.439416,11.244884,11.428392,11.49832,10.8038,10.672874,10.31986,0,0,0,0,0,0
2025/05/01 20:24:00.921,n,12.57787,52.665728,0.00011,1.209105e-05,-0.000137,6.646823e-06,10.917414,10.74264,10.618746,10.442328,11.231814,11.431142,11.49832,10.800902,10.675624,10.315418,0,0,0,0,0,0
2025/05/01 20:25:00.908,n,12.563386,52.9765,0.00022,5.687171e-06,-2.225451e-05,3.602183e-06,10.93224,10.785134,10.640878,10.474712,11.26549,11.374104,11.444,10.81428,10.627014,10.339046,0,0,0,0,0,0
2025/05/01 20:26:00.912,n,12.531796,52.501748,0.000189,9.180594e-06,-3.309295e-05,7.409023e-06,10.920636,10.767654,10.633588,10.461562,11.261176,11.374104,11.446768,10.817178,10.624264,10.339046,0,0,0,0,0,0
2025/05/01 20:27:00.910,n,12.516854,52.64618,0.000183,6.077868e-06,-6.590519e-05,9.171116e-06,10.91328,10.75164,10.624834,10.452806,11.240814,11.38524,11.449552,10.80411,10.629796,10.327362,0,0,0,0,0,0
2025/05/01 20:28:00.913,n,12.470368,52.495056,0.000189,4.745015e-06,-6.041174e-05,5.883347e-06,10.90459,10.753106,10.62921,10.444102,11.236436,11.376856,11.44125,10.805574,10.624264,10.333204,0,0,0,0,0,0
2025/05/01 20:29:00.917,n,12.412212,53.081044,0.000168,9.491662e-06,-7.125017e-05,4.851334e-06,10.903124,10.748696,10.616142,10.436764,11.226278,11.388088,11.446768,10.80411,10.629796,10.32305,0,0,0,0,0,0
2025/05/01 20:30:00.918,n,12.35069,52.930064,0.000168,6.883428e-06,-8.223707e-05,6.392492e-06,10.898746,10.73413,10.601546,10.429506,11.211728,11.382488,11.45515,10.801148,10.638162,10.32305,0,0,0,0,0,0
2025/05/01 20:31:00.924,n,12.307674,53.256724,0.000199,3.312977e-05,-4.957331e-05,3.430818e-05,10.90171,10.741468,10.611732,10.435298,11.213144,11.362956,11.430018,10.808454,10.60454,10.334668,0,0,0,0,0,0
2025/05/01 20:32:00.922,n,12.2878,53.261756,0.000178,1.216562e-05,-6.041174e-05,1.110285e-05,10.891454,10.732664,10.604458,10.441172,11.205918,11.365706,11.435618,10.805574,10.621414,10.334668,0,0,0,0,0,0
2025/05/01 20:33:00.922,n,12.28946,53.134072,0.000141,1.043349e-05,-0.000104,9.096622e-06,10.887142,10.726872,10.59279,10.41634,11.185492,11.379608,11.449552,10.790976,10.632612,10.31275,0,0,0,0,0,0
2025/05/01 20:34:00.910,n,12.262998,53.137392,0.000131,7.942661e-06,-0.000109,9.691744e-06,10.860874,10.729784,10.569488,10.41053,11.18261,11.38524,11.446768,10.77493,10.638162,10.298154,0,0,0,0,0,0
2025/05/01 20:35:00.913,n,12.200054,53.286608,0.000115,7.281088e-06,-0.00012,4.34107e-06,10.853616,10.712304,10.565078,10.398896,11.173886,11.393704,11.446768,10.769088,10.646542,10.296754,0,0,0,0,0,0
2025/05/01 20:36:00.914,n,12.188874,53.406312,0.000221,9.657892e-06,-1.690953e-05,5.598588e-06,10.87308,10.73618,10.586054,10.42277,11.196266,11.296906,11.358334,10.79737,10.555508,10.31921,0,0,0,0,0,0
2025/05/01 20:37:00.914,n,12.109334,53.618324,0.00021,8.285923e-06,-3.873487e-05,1.257571e-05,10.862892,10.728824,10.577298,10.408172,11.178784,11.30252,11.36403,10.782774,10.56389,10.311936,0,0,0,0,0,0
2025/05/01 20:38:00.917,n,12.064706,53.608408,0.0002,8.230858e-06,-6.575672e-05,6.712798e-06,10.85417,10.714324,10.57292,10.405258,11.170028,11.30252,11.372414,10.784238,10.56952,10.30899,0,0,0,0,0,0
2025/05/01 20:39:00.920,n,12.053036,53.656412,0.000168,9.74074e-06,-7.125017e-05,8.520736e-06,10.843966,10.70412,10.56423,10.396504,11.162802,11.313654,11.369662,10.781358,10.56952,10.307558,0,0,0,0,0,0
2025/05/01 20:40:00.920,n,12.043122,53.514028,0.000163,9.088096e-06,-8.773054e-05,6.131778e-06,10.843966,10.699742,10.567128,10.393592,11.152614,11.313654,11.372414,10.775482,10.56952,10.301702,0,0,0,0,0,0
2025/05/01 20:41:00.923,n,12.008308,53.636536,0.000152,5.663953e-06,-0.000104,6.547096e-06,10.83381,10.683744,10.539398,10.38487,11.132186,11.319302,11.377962,10.768224,10.57515,10.295858,0,0,0,0,0,0
2025/05/01 20:42:00.924,n,11.929638,53.8045,0.000194,1.338121e-05,-3.325534e-05,1.002037e-05,10.850768,10.707976,10.565078,10.409116,11.15359,11.30405,11.365496,10.788096,10.568234,10.308372,0,0,0,0,0,0
2025/05/01 20:43:00.912,n,11.828518,54.165048,0.00021,7.613122e-06,-3.874879e-05,7.551106e-06,10.8391,10.72106,10.550512,10.406154,11.144866,11.306832,11.365496,10.777876,10.573864,10.311286,0,0,0,0,0,0
2025/05/01 20:44:00.912,n,11.791992,54.399716,0.000205,6.54754e-06,-4.409377e-05,5.858481e-06,10.824502,10.703548,10.550512,10.395918,11.1434,11.30968,11.376726,10.774994,10.573864,10.302596,0,0,0,0,0,0
2025/05/01 20:45:00.914,n,11.748928,54.604548,0.000168,8.304301e-06,-6.057413e-05,8.100293e-06,10.81721,10.696324,10.541788,10.390142,11.125936,11.30968,11.368278,10.770616,10.573864,10.292376,0,0,0,0,0,0
2025/05/01 20:46:00.917,n,11.672608,54.881792,0.000168,7.492705e-06,-6.057413e-05,5.466816e-06,10.809936,10.689002,10.541788,10.382788,11.121558,11.312432,11.365496,10.774994,10.573864,10.29669,0,0,0,0,0,0
2025/05/01 20:47:00.918,n,11.601318,54.91646,0.000173,6.091032e-06,-7.141256e-05,8.194206e-06,10.809936,10.68607,10.530122,10.375544,11.109904,11.32083,11.373894,10.76186,10.58226,10.289466,0,0,0,0,0,0
2025/05/01 20:48:00.921,n,11.493508,55.22476,0.000163,8.073175e-06,-9.32379e-05,9.960836e-06,10.804142,10.68171,10.522816,10.36819,11.109904,11.315182,11.362712,10.766238,10.58226,10.290896,0,0,0,0,0,0
2025/05/01 20:49:00.922,n,11.481884,55.487068,0.000131,1.030354e-05,-9.873134e-05,8.795418e-06,10.7983,10.670026,10.519902,10.366724,11.090976,11.317982,11.371096,10.753106,10.585012,10.282142,0,0,0,0,0,0
2025/05/01 20:50:00.924,n,11.42378,55.336772,0.000131,8.350763e-06,-9.873134e-05,7.419413e-06,10.785166,10.65258,10.509732,10.362412,11.080818,11.326332,11.373894,10.751672,10.58786,10.28359,0,0,0,0,0,0
2025/05/01 20:51:00.925,n,11.385648,55.35142,0.000136,7.653064e-06,-0.000104,9.857482e-06,10.782252,10.659822,10.499512,10.362412,11.076408,11.323582,11.368278,10.751672,10.59349,10.279214,0,0,0,0,0,0
2025/05/01 20:52:00.912,n,11.359036,55.444048,0.000105,8.89797e-06,-0.000131,6.433086e-06,10.760428,10.659822,10.486314,10.3478,11.06915,11.317982,11.373894,10.729816,10.590706,10.258792,0,0,0,0,0,0
2025/05/01 20:53:00.913,n,11.361196,54.938464,0.000205,1.154233e-05,-3.88671e-05,6.33383e-06,10.769788,10.673638,10.495752,10.367426,11.077108,11.239464,11.289742,10.749428,10.515068,10.278416,0,0,0,0,0,0
2025/05/01 20:54:00.915,n,11.289806,55.634704,0.000205,1.177712e-05,-4.436056e-05,9.79471e-06,10.76689,10.663434,10.501596,10.361616,11.074164,11.25058,11.29251,10.74212,10.531814,10.272622,0,0,0,0,0,0
2025/05/01 20:55:00.917,n,11.306408,55.64628,0.000189,5.964582e-06,-7.702433e-05,8.861834e-06,10.756654,10.64887,10.484118,10.344138,11.056714,11.253364,11.298222,10.739206,10.523418,10.266748,0,0,0,0,0,0
2025/05/01 20:56:00.922,n,11.264904,55.44286,0.000184,6.998639e-06,-6.61859e-05,4.920182e-06,10.755254,10.64887,10.482652,10.34266,11.045046,11.24498,11.295374,10.739206,10.523418,10.274102,0,0,0,0,0,0
2025/05/01 20:57:00.924,n,11.19347,55.651212,0.000163,9.082408e-06,-7.702433e-05,4.859748e-06,10.747962,10.632792,10.46952,10.329526,11.029078,11.25058,11.295374,10.730484,10.534564,10.26382,0,0,0,0,0,0
2025/05/01 20:58:00.922,n,11.16686,55.649548,0.000163,7.924586e-06,-9.350468e-05,7.551058e-06,10.739206,10.622604,10.465174,10.329526,11.027598,11.26186,11.295374,10.723194,10.528966,10.259492,0,0,0,0,0,0
2025/05/01 20:59:00.924,n,11.155286,55.763612,0.000147,8.29356e-06,-0.00011,8.034074e-06,10.729052,10.621138,10.45494,10.3251,11.015944,11.253364,11.300988,10.714438,10.540292,10.256562,0,0,0,0,0,0
2025/05/01 21:00:00.928,n,11.108804,54.74374,0.000115,8.187108e-06,-0.000121,6.391583e-06,10.723194,10.615346,10.45201,10.326598,11.008686,11.253364,11.298222,10.720296,10.528966,10.256562,0,0,0,0,0,0
2025/05/01 21:01:00.916,n,11.090492,54.534068,0.000184,3.048843e-05,-6.61859e-05,3.082067e-05,10.721728,10.629894,10.462296,10.328062,11.017408,11.22833,11.267362,10.720296,10.509438,10.255066,0,0,0,0,0,0
2025/05/01 21:02:00.918,n,11.092152,55.21874,0.000152,9.463856e-06,-9.884966e-05,1.347585e-05,10.712974,10.619724,10.447684,10.317842,11.004308,11.239464,11.278608,10.715918,10.515068,10.25365,0,0,0,0,0,0
2025/05/01 21:03:00.921,n,10.94928,56.394376,0.000131,7.579448e-06,-0.000115,1.215217e-05,10.701304,10.602214,10.440342,10.309088,10.992638,11.24223,11.28136,10.699904,10.534564,10.234644,0,0,0,0,0,0
2025/05/01 21:04:00.925,n,10.889416,56.966296,0.000115,7.956718e-06,-0.000126,4.970925e-06,10.69258,10.593458,10.424298,10.294478,10.978088,11.24498,11.286894,10.701304,10.534564,10.236108,0,0,0,0,0,0
2025/05/01 21:05:00.925,n,10.771352,57.199988,8.863898e-05,1.174884e-05,-0.000143,7.437847e-06,10.683858,10.58908,10.418488,10.291546,10.963522,11.25058,11.295374,10.69258,10.537444,10.233196,0,0,0,0,0,0
2025/05/01 21:06:00.927,n,10.699818,57.175332,0.000104,7.722718e-06,-0.000164,8.512942e-06,10.679448,10.581822,10.412648,10.294478,10.957712,11.259094,11.300988,10.682394,10.540292,10.22882,0,0,0,0,0,0
2025/05/01 21:07:00.929,n,10.760326,57.141448,0.00021,8.409116e-06,-3.853304e-05,8.02933e-06,10.716716,10.618992,10.44983,10.327266,10.987642,11.21124,11.244802,10.734162,10.489684,10.271826,0,0,0,0,0,0
2025/05/01 21:08:00.931,n,10.755348,57.111764,0.000189,9.457302e-06,-4.951995e-05,5.414114e-06,10.70643,10.613214,10.445486,10.31711,10.987642,11.200042,11.242036,10.72106,10.486932,10.25723,0,0,0,0,0,0
2025/05/01 21:09:00.938,n,10.712136,56.991596,0.000184,8.476596e-06,-6.035838e-05,6.304506e-06,10.690416,10.607324,10.429408,10.32292,10.961406,11.214024,11.250304,10.718148,10.500928,10.23684,0,0,0,0,0,0
2025/05/01 21:10:00.922,n,10.693826,56.805512,0.000163,1.177635e-05,-6.585183e-05,8.156655e-06,10.68171,10.604426,10.425064,10.305412,10.973108,11.208392,11.256034,10.705014,10.498046,10.248474,0,0,0,0,0,0
2025/05/01 21:11:00.924,n,10.655544,57.060736,0.000157,6.456339e-06,-7.669027e-05,7.523634e-06,10.68609,10.595704,10.422134,10.295224,10.959972,11.21124,11.247554,10.702134,10.503676,10.244098,0,0,0,0,0,0
2025/05/01 21:12:00.924,n,10.59568,57.152924,0.000163,7.955662e-06,-9.317062e-05,5.443608e-06,10.674402,10.589846,10.414844,10.289366,10.954148,11.21124,11.244802,10.703548,10.509308,10.245596,0,0,0,0,0,0
2025/05/01 21:13:00.925,n,10.56741,57.626604,0.000136,1.19401e-05,-0.000104,9.590474e-06,10.668578,10.578194,10.398766,10.284942,10.941046,11.214024,11.250304,10.693346,10.512058,10.235376,0,0,0,0,0,0
2025/05/01 21:14:00.927,n,10.57908,57.141448,0.00012,8.195388e-06,-0.00012,7.116705e-06,10.659772,10.568022,10.394454,10.277682,10.93377,11.219638,11.250304,10.687568,10.51769,10.231,0,0,0,0,0,0
2025/05/01 21:15:00.912,n,10.53904,56.891108,0.000115,6.913578e-06,-0.00012,6.892618e-06,10.6365,10.57528,10.378392,10.277682,10.923566,11.222504,11.250304,10.672956,10.514906,10.216372,0,0,0,0,0,0
2025/05/01 21:16:00.915,n,10.55093,57.419768,0.000215,7.126501e-06,-2.256538e-05,8.045258e-06,10.662344,10.602652,10.401338,10.30066,10.946498,11.137704,11.168466,10.701742,10.438652,10.249582,0,0,0,0,0,0
2025/05/01 21:17:00.916,n,10.54424,57.30136,0.000205,6.130987e-06,-3.889726e-05,5.900039e-06,10.655086,10.58952,10.392566,10.289008,10.939206,11.14887,11.176866,10.687162,10.441416,10.237914,0,0,0,0,0,0
2025/05/01 21:18:00.921,n,10.58252,57.462492,0.000194,8.82178e-06,-2.791036e-05,7.203963e-06,10.649242,10.588038,10.39403,10.281654,10.934828,11.140486,11.176866,10.692988,10.441416,10.23645,0,0,0,0,0,0
2025/05/01 21:19:00.910,n,10.547608,57.214108,0.000178,6.948992e-06,-6.606758e-05,7.88182e-06,10.637576,10.576354,10.369266,10.284566,10.902782,11.151636,11.176866,10.68132,10.449896,10.223352,0,0,0,0,0,0
2025/05/01 21:20:00.906,n,10.55093,57.118648,0.000163,9.985158e-06,-8.789292e-05,8.861962e-06,10.628884,10.573474,10.366302,10.28753,10.911604,11.143238,11.179616,10.68132,10.449896,10.217444,0,0,0,0,0,0
2025/05/01 21:21:00.910,n,10.559232,57.209176,0.000173,8.643664e-06,-8.254794e-05,4.8513e-06,10.61865,10.570528,10.366302,10.27731,10.904248,11.146086,11.176866,10.669684,10.455494,10.210154,0,0,0,0,0,0
2025/05/01 21:22:00.912,n,10.565868,57.141692,0.000141,9.670458e-06,-8.789292e-05,6.347978e-06,10.609894,10.558876,10.354668,10.26709,10.891178,11.151636,11.176866,10.663808,10.455494,10.216028,0,0,0,0,0,0
2025/05/01 21:23:00.915,n,10.537598,57.125288,0.000141,8.495322e-06,-0.000104,6.539099e-06,10.602652,10.5545,10.34881,10.2598,10.888232,11.154484,11.185248,10.660928,10.46104,10.204346,0,0,0,0,0,0
2025/05/01 21:24:00.915,n,10.52432,57.059416,0.000147,9.364226e-06,-0.00011,7.186344e-06,10.598242,10.5545,10.345912,10.245206,10.882422,11.146086,11.179616,10.663808,10.449896,10.207274,0,0,0,0,0,0
2025/05/01 21:25:00.916,n,10.497658,56.967232,0.000136,7.066333e-06,-0.000115,6.528076e-06,10.592418,10.539886,10.340056,10.245206,10.878044,11.146086,11.174016,10.653638,10.463874,10.20874,0,0,0,0,0,0
2025/05/01 21:26:00.919,n,10.501026,56.5915,0.00012,5.747277e-06,-0.000121,6.670784e-06,10.580764,10.52825,10.326956,10.233504,10.869322,11.146086,11.182398,10.649242,10.46104,10.197056,0,0,0,0,0,0
2025/05/01 21:27:00.920,n,10.516686,56.798452,0.00021,9.210938e-06,-1.697449e-05,7.06576e-06,10.611374,10.5545,10.354668,10.26709,10.892644,11.084546,11.115226,10.68132,10.396666,10.232106,0,0,0,0,0,0
2025/05/01 21:28:00.906,n,10.510044,56.354896,0.0002,8.166252e-06,-3.879983e-05,6.391804e-06,10.599706,10.56034,10.341536,10.264176,10.867874,11.090096,11.115226,10.665274,10.396666,10.211588,0,0,0,0,0,0
2025/05/01 21:29:00.911,n,10.513412,56.442348,0.0002,6.044404e-06,-4.429328e-05,3.113296e-06,10.599706,10.56034,10.341536,10.261248,10.870786,11.081698,11.112378,10.66096,10.399418,10.211588,0,0,0,0,0,0
2025/05/01 21:30:00.911,n,10.488416,56.401136,0.000184,8.996658e-06,-6.062516e-05,6.599644e-06,10.580764,10.548706,10.328436,10.25687,10.862062,11.084546,11.112378,10.65512,10.399418,10.210154,0,0,0,0,0,0
2025/05/01 21:31:00.926,n,10.480114,56.349964,0.000221,3.058376e-05,-6.42604e-07,2.807949e-05,10.593896,10.542862,10.341536,10.252494,10.870786,11.0677,11.092848,10.666772,10.382672,10.227696,0,0,0,0,0,0
2025/05/01 21:32:00.923,n,10.436852,56.379604,0.000205,1.093989e-05,-3.345485e-05,1.104429e-05,10.585108,10.534108,10.334214,10.23938,10.862062,11.081698,11.104078,10.65512,10.391054,10.217494,0,0,0,0,0,0
2025/05/01 21:33:00.929,n,10.396862,56.453868,0.000194,8.425998e-06,-6.062516e-05,9.941232e-06,10.579316,10.51803,10.326956,10.232106,10.843086,11.078916,11.106844,10.653638,10.399418,10.211588,0,0,0,0,0,0
2025/05/01 21:34:00.927,n,10.366834,56.434048,0.000189,7.790423e-06,-6.062516e-05,6.226229e-06,10.573474,10.51803,10.315304,10.224752,10.847464,11.078916,11.106844,10.64345,10.393868,10.204346,0,0,0,0,0,0
2025/05/01 21:35:00.929,n,10.33519,56.826476,0.000168,5.711425e-06,-8.230203e-05,6.535987e-06,10.563252,10.506362,10.313826,10.220406,10.830016,11.087298,11.112378,10.64345,10.396666,10.194112,0,0,0,0,0,0
2025/05/01 21:36:00.929,n,10.233628,57.04718,0.000142,8.84372e-06,-9.87824e-05,7.230433e-06,10.555996,10.503498,10.30502,10.211588,10.81838,11.087298,11.120828,10.636192,10.407894,10.18827,0,0,0,0,0,0
2025/05/01 21:37:00.919,n,10.198666,57.131164,0.000158,5.986849e-06,-9.87824e-05,5.866744e-06,10.541382,10.504898,10.293386,10.210154,10.816902,11.084546,11.106844,10.627404,10.407894,10.186772,0,0,0,0,0,0
2025/05/01 21:38:00.917,n,10.148666,57.108072,0.000137,1.27817e-05,-0.000115,9.372776e-06,10.534108,10.494744,10.28019,10.20581,10.808146,11.092848,11.115226,10.614272,10.410744,10.178082,0,0,0,0,0,0
2025/05/01 21:39:00.920,n,10.093686,57.022472,0.000131,5.596608e-06,-0.000126,8.896806e-06,10.520976,10.490366,10.271502,10.191216,10.803768,11.095696,11.112378,10.615752,10.416276,10.172194,0,0,0,0,0,0
2025/05/01 21:40:00.920,n,10.0953,57.019204,9.963998e-05,9.459146e-06,-0.000142,5.181523e-06,10.5166,10.477234,10.27002,10.183892,10.795012,11.098446,11.120828,10.611374,10.416276,10.16344,0,0,0,0,0,0
2025/05/01 21:41:00.923,n,10.108678,57.043912,9.963998e-05,7.866992e-06,-0.000153,8.06565e-06,10.509274,10.477234,10.271502,10.173674,10.789202,11.092848,11.115226,10.599706,10.419124,10.167816,0,0,0,0,0,0
2025/05/01 21:42:00.925,n,10.092026,57.229896,9.417878e-05,7.624483e-06,-0.000148,7.169155e-06,10.510772,10.468446,10.264176,10.167816,10.77903,11.087298,11.112378,10.611374,10.42189,10.16492,0,0,0,0,0,0
2025/05/01 21:43:00.927,n,10.091806,57.12104,0.000226,8.057638e-06,-3.309295e-05,8.532538e-06,10.544816,10.502506,10.296754,10.203338,10.811612,11.040586,11.065748,10.645436,10.363992,10.19748,0,0,0,0,0,0
2025/05/01 21:44:00.929,n,10.043466,57.165472,0.000215,7.965724e-06,-3.85864e-05,7.125266e-06,10.541888,10.490854,10.293874,10.213554,10.811612,11.040586,11.054566,10.639592,10.366838,10.201922,0,0,0,0,0,0
2025/05/01 21:45:00.931,n,10.023496,57.190132,0.0002,5.161789e-06,-4.942483e-05,5.450397e-06,10.537558,10.486444,10.28359,10.203338,10.797044,11.040586,11.060118,10.629374,10.369604,10.19896,0,0,0,0,0,0
2025/05/01 21:46:00.920,n,9.970124,57.443552,0.000189,7.651376e-06,-5.506676e-05,6.27081e-06,10.518584,10.492288,10.269044,10.201922,10.791186,11.046218,11.060118,10.617706,10.375236,10.182916,0,0,0,0,0,0
2025/05/01 21:47:00.920,n,9.901764,57.529048,0.000189,6.959024e-06,-6.590519e-05,7.005373e-06,10.511294,10.48791,10.266146,10.191638,10.780998,11.046218,11.060118,10.61917,10.377986,10.16832,0,0,0,0,0,0
2025/05/01 21:48:00.920,n,9.848348,57.601408,0.000163,8.85321e-06,-7.125017e-05,6.720011e-06,10.511294,10.474776,10.260256,10.185844,10.775172,11.048968,11.057366,10.608984,10.380834,10.175628,0,0,0,0,0,0
2025/05/01 21:49:00.923,n,9.796688,57.762492,0.000152,9.820126e-06,-9.30755e-05,8.218645e-06,10.506884,10.466054,10.254448,10.171216,10.76933,11.040586,11.0685,10.60755,10.380834,10.166808,0,0,0,0,0,0
2025/05/01 21:50:00.925,n,9.805036,57.7559,0.000157,6.690991e-06,-9.30755e-05,6.342582e-06,10.486444,10.458714,10.25007,10.16832,10.757662,11.040586,11.065748,10.597316,10.380834,10.162432,0,0,0,0,0,0
2025/05/01 21:51:00.928,n,9.73663,57.644136,0.000152,6.326777e-06,-9.856896e-05,7.637941e-06,10.495232,10.458714,10.247126,10.16832,10.759174,11.040586,11.060118,10.601692,10.377986,10.162432,0,0,0,0,0,0
2025/05/01 21:52:00.930,n,9.67989,58.146724,0.000136,1.15985e-05,-0.000109,7.701528e-06,10.490854,10.448544,10.23837,10.153708,10.747506,11.037834,11.057366,10.597316,10.372388,10.165342,0,0,0,0,0,0
2025/05/01 21:53:00.931,n,9.578084,58.263224,0.000126,9.690542e-06,-0.000115,6.129723e-06,10.480618,10.441256,10.228152,10.152212,10.735806,11.048968,11.057366,10.590056,10.386382,10.155124,0,0,0,0,0,0
2025/05/01 21:54:00.933,n,9.569734,58.287836,0.00012,8.8766e-06,-0.00012,6.54754e-06,10.477754,10.428124,10.228152,10.14349,10.719774,11.054566,11.071346,10.576924,10.386382,10.152212,0,0,0,0,0,0
2025/05/01 21:55:00.921,n,9.513242,58.412496,0.000136,1.018366e-05,-0.00012,5.858591e-06,10.458714,10.444166,10.213554,10.142026,10.72124,11.043434,11.051816,10.57546,10.380834,10.142026,0,0,0,0,0,0
2025/05/01 21:56:00.927,n,9.501568,58.353464,0.000115,7.792081e-06,-0.000131,6.28673e-06,10.444166,10.420816,10.204768,10.13765,10.716862,11.046218,11.057366,10.569616,10.392094,10.146402,0,0,0,0,0,0
2025/05/01 21:57:00.924,n,9.49167,58.389984,0.000205,5.606179e-06,-4.418657e-05,6.235183e-06,10.473376,10.458764,10.235474,10.171186,10.741696,10.981702,10.9845,10.595914,10.322024,10.16684,0,0,0,0,0,0
2025/05/01 21:58:00.925,n,9.47004,58.367036,0.000199,8.985164e-06,-4.418657e-05,5.829383e-06,10.471896,10.445632,10.242782,10.162432,10.735838,10.981702,10.998482,10.592938,10.327638,10.165376,0,0,0,0,0,0
2025/05/01 21:59:00.925,n,9.453488,58.496528,0.000184,7.609897e-06,-5.5025e-05,6.720876e-06,10.473376,10.442702,10.220862,10.15662,10.734438,10.981702,10.987348,10.592938,10.322024,10.16832,0,0,0,0,0,0
2025/05/01 22:00:00.929,n,9.406902,58.504392,0.000184,5.755588e-06,-6.586343e-05,6.3053e-06,10.460276,10.438356,10.22672,10.147836,10.72565,10.981702,10.987348,10.592938,10.324874,10.16391,0,0,0,0,0,0
2025/05/01 22:01:00.929,n,9.426826,58.55546,0.000242,2.686493e-05,-1.15228e-05,2.731515e-05,10.469,10.449978,10.223774,10.159534,10.72858,10.950974,10.967802,10.594418,10.299568,10.175628,0,0,0,0,0,0
2025/05/01 22:02:00.928,n,9.395284,58.37846,0.000226,1.088733e-05,-3.854464e-05,8.305273e-06,10.460276,10.433948,10.21502,10.153676,10.718392,10.964954,10.970568,10.590056,10.302418,10.16832,0,0,0,0,0,0
2025/05/01 22:03:00.929,n,9.346992,58.191448,0.000194,1.364829e-05,-6.586343e-05,8.552734e-06,10.452922,10.423744,10.20773,10.142058,10.711068,10.970568,10.973318,10.57546,10.313644,10.153676,0,0,0,0,0,0
2025/05/01 22:04:00.916,n,9.263836,58.917524,0.000194,8.959822e-06,-6.586343e-05,1.033504e-05,10.444166,10.425224,10.19167,10.15662,10.686282,10.976104,10.981702,10.566704,10.319276,10.143524,0,0,0,0,0,0
2025/05/01 22:05:00.918,n,9.183956,59.32026,0.000168,6.304276e-06,-8.234379e-05,9.188506e-06,10.422248,10.432532,10.182916,10.142058,10.679026,10.964954,10.976104,10.569616,10.308014,10.14637,0,0,0,0,0,0
2025/05/01 22:06:00.919,n,9.145672,59.500872,0.000147,8.341554e-06,-9.85272e-05,6.030549e-06,10.423744,10.41647,10.181452,10.12738,10.671702,10.976104,10.97895,10.555068,10.324874,10.118628,0,0,0,0,0,0
2025/05/01 22:07:00.924,n,9.099092,59.464792,0.000136,9.412252e-06,-0.00011,8.427378e-06,10.404836,10.40765,10.169754,10.125982,10.662948,10.970568,10.97895,10.560862,10.327638,10.12738,0,0,0,0,0,0
2025/05/01 22:08:00.926,n,9.03581,59.418792,0.000136,8.192786e-06,-0.000126,5.859363e-06,10.39748,10.401858,10.160998,10.109858,10.652726,10.97895,10.987348,10.547728,10.33327,10.125982,0,0,0,0,0,0
2025/05/01 22:09:00.926,n,8.995918,59.720844,0.000126,4.724687e-06,-0.000137,5.162039e-06,10.39024,10.38726,10.153676,10.098224,10.661514,10.9845,10.981702,10.530252,10.338768,10.12154,0,0,0,0,0,0
2025/05/01 22:10:00.928,n,8.967548,59.8603,0.00011,7.200801e-06,-0.000148,7.006387e-06,10.39164,10.378538,10.153676,10.098224,10.639592,10.9901,10.97895,10.536094,10.338768,10.123006,0,0,0,0,0,0
2025/05/01 22:11:00.929,n,8.920918,59.802876,9.411366e-05,9.35301e-06,-0.000153,5.385449e-06,10.380004,10.372664,10.153676,10.082114,10.639592,10.97895,10.97895,10.531716,10.33327,10.115764,0,0,0,0,0,0
2025/05/01 22:12:00.930,n,8.932252,60.025328,0.000231,9.791272e-06,-2.205269e-05,5.533063e-06,10.40936,10.397642,10.180132,10.117342,10.664606,10.93141,10.93141,10.565452,10.291336,10.143604,0,0,0,0,0,0
2025/05/01 22:13:00.918,n,8.92234,60.068004,0.000205,7.263679e-06,-2.739767e-05,5.912152e-06,10.402052,10.403454,10.156734,10.1232,10.651474,10.925812,10.93141,10.547908,10.285818,10.129042,0,0,0,0,0,0
2025/05/01 22:14:00.919,n,8.91399,59.84662,0.00021,9.008712e-06,-2.739767e-05,4.701216e-06,10.393298,10.400574,10.15096,10.1232,10.645632,10.917414,10.923044,10.550854,10.274592,10.127576,0,0,0,0,0,0
2025/05/01 22:15:00.922,n,8.91565,59.55946,0.000205,8.064689e-06,-4.387802e-05,7.409045e-06,10.381566,10.393298,10.149494,10.108538,10.63546,10.93141,10.928596,10.543596,10.285818,10.121702,0,0,0,0,0,0
2025/05/01 22:16:00.922,n,8.91399,59.754728,0.000189,9.834586e-06,-6.035838e-05,6.643931e-06,10.377222,10.386008,10.146516,10.093928,10.62812,10.936944,10.928596,10.534776,10.291336,10.112966,0,0,0,0,0,0
2025/05/01 22:17:00.925,n,8.91565,59.74486,0.000173,7.862721e-06,-7.119681e-05,6.813347e-06,10.369932,10.369932,10.136298,10.093928,10.62524,10.925812,10.928596,10.531896,10.28857,10.11591,0,0,0,0,0,0
2025/05/01 22:18:00.928,n,8.898998,59.774452,0.000173,7.558112e-06,-7.654179e-05,5.561468e-06,10.367002,10.372844,10.134832,10.08078,10.619414,10.925812,10.923044,10.530432,10.285818,10.120222,0,0,0,0,0,0
2025/05/01 22:19:00.928,n,8.91399,59.55946,0.000152,8.199406e-06,-8.738024e-05,9.12353e-06,10.359714,10.358248,10.127576,10.08078,10.612108,10.934194,10.93141,10.530432,10.296966,10.108538,0,0,0,0,0,0
2025/05/01 22:20:00.930,n,8.910622,59.432996,0.000147,6.380659e-06,-9.85156e-05,8.87991e-06,10.359714,10.349494,10.130456,10.076452,10.603352,10.925812,10.928596,10.52462,10.294184,10.11591,0,0,0,0,0,0
2025/05/01 22:21:00.935,n,8.912332,59.341004,0.000157,7.983383e-06,-9.302216e-05,5.903952e-06,10.345116,10.345116,10.117342,10.067648,10.594598,10.93141,10.934194,10.52462,10.296966,10.107092,0,0,0,0,0,0
2025/05/01 22:22:00.919,n,8.872342,58.841248,0.000131,8.845108e-06,-0.000115,8.531664e-06,10.32904,10.355334,10.096872,10.074988,10.581464,10.928596,10.928596,10.510008,10.299716,10.093928,0,0,0,0,0,0
2025/05/01 22:23:00.919,n,8.88562,59.544668,0.000126,6.091456e-06,-0.00012,6.33188e-06,10.323196,10.348028,10.098304,10.06329,10.566884,10.93141,10.925812,10.501254,10.299716,10.08815,0,0,0,0,0,0
2025/05/01 22:24:00.922,n,8.88562,59.459268,0.000115,8.694778e-06,-0.000131,5.113888e-06,10.315906,10.34658,10.093928,10.060392,10.565452,10.925812,10.925812,10.498322,10.296966,10.08078,0,0,0,0,0,0
2025/05/01 22:25:00.925,n,8.880642,59.393592,0.000115,5.744804e-06,-0.000142,5.885323e-06,10.315906,10.33348,10.089584,10.054536,10.565452,10.923044,10.920198,10.495412,10.296966,10.085174,0,0,0,0,0,0
2025/05/01 22:26:00.927,n,8.85901,59.561072,0.00011,8.843574e-06,-0.000142,6.322181e-06,10.315906,10.32904,10.085174,10.05016,10.562506,10.93141,10.925812,10.493946,10.299716,10.089584,0,0,0,0,0,0
2025/05/01 22:27:00.929,n,8.83899,59.49706,0.000105,4.987919e-06,-0.000147,6.397846e-06,10.30281,10.315906,10.074988,10.03701,10.55235,10.93141,10.920198,10.4896,10.302564,10.08371,0,0,0,0,0,0
2025/05/01 22:28:00.928,n,8.870632,59.802332,9.92762e-05,6.061052e-06,-0.000142,6.400471e-06,10.30281,10.317404,10.07349,10.034034,10.546444,10.925812,10.925812,10.486656,10.305346,10.074988,0,0,0,0,0,0
2025/05/01 22:29:00.935,n,8.892792,59.638964,0.000226,9.080132e-06,-2.785468e-05,6.956883e-06,10.336474,10.34383,10.110132,10.064834,10.5758,10.85609,10.844958,10.5262,10.227354,10.123264,0,0,0,0,0,0
2025/05/01 22:30:00.937,n,8.877804,59.492824,0.000216,7.670264e-06,-3.869311e-05,7.307378e-06,10.33501,10.336474,10.104276,10.05901,10.569958,10.85334,10.844958,10.524768,10.227354,10.107222,0,0,0,0,0,0
2025/05/01 22:31:00.918,n,8.862812,59.601224,0.000263,2.800045e-05,1.045101e-05,3.179204e-05,10.333578,10.364218,10.102878,10.079462,10.574352,10.819912,10.814184,10.51598,10.1966,10.105756,0,0,0,0,0,0
2025/05/01 22:32:00.917,n,8.842842,59.75552,0.000232,1.017789e-05,-1.137432e-05,7.129546e-06,10.321814,10.351088,10.092626,10.08527,10.571422,10.82821,10.825446,10.51598,10.20773,10.098434,0,0,0,0,0,0
2025/05/01 22:33:00.919,n,8.841184,59.714504,0.00021,9.649328e-06,-3.869311e-05,7.851546e-06,10.31018,10.348144,10.076518,10.067762,10.555346,10.83381,10.83381,10.507226,10.213376,10.095522,0,0,0,0,0,0
2025/05/01 22:34:00.923,n,8.82121,59.780128,0.0002,7.990338e-06,-3.319966e-05,7.461102e-06,10.305836,10.339388,10.079462,10.05901,10.549536,10.83656,10.83106,10.499934,10.218974,10.092626,0,0,0,0,0,0
2025/05/01 22:35:00.923,n,8.802854,59.785012,0.000216,8.06597e-06,-4.953155e-05,7.986001e-06,10.298494,10.330632,10.070708,10.05172,10.546622,10.842192,10.83656,10.497006,10.221822,10.095522,0,0,0,0,0,0
2025/05/01 22:36:00.929,n,8.77956,60.0229,0.000173,8.8758e-06,-6.051845e-05,5.468559e-06,10.28974,10.31166,10.066298,10.034196,10.540748,10.847708,10.83656,10.489716,10.227354,10.083838,0,0,0,0,0,0
2025/05/01 22:37:00.929,n,8.764568,59.86216,0.000173,6.975341e-06,-7.685034e-05,4.810317e-06,10.291206,10.314556,10.063418,10.029786,10.529112,10.83944,10.83106,10.48825,10.221822,10.086736,0,0,0,0,0,0
2025/05/01 22:38:00.931,n,8.74284,59.885108,0.000158,6.753068e-06,-8.783724e-05,7.867198e-06,10.282484,10.29996,10.0532,10.022466,10.521822,10.842192,10.83381,10.486836,10.224604,10.077982,0,0,0,0,0,0
2025/05/01 22:39:00.932,n,8.727852,59.896632,0.000147,7.131937e-06,-0.000104,7.487531e-06,10.273664,10.285364,10.054666,10.016624,10.514516,10.844958,10.83944,10.47655,10.227354,10.073606,0,0,0,0,0,0
2025/05/01 22:40:00.917,n,8.70285,59.801464,0.000152,7.623635e-06,-9.867568e-05,8.857332e-06,10.266408,10.301424,10.040006,10.02393,10.502848,10.844958,10.83944,10.460538,10.230202,10.064834,0,0,0,0,0,0
2025/05/01 22:41:00.920,n,8.68625,59.929392,0.000152,7.679185e-06,-0.00011,6.202321e-06,10.253276,10.292704,10.031252,10.018088,10.492628,10.844958,10.82821,10.464898,10.224604,10.057546,0,0,0,0,0,0
2025/05/01 22:42:00.922,n,8.66291,60.06216,0.000137,4.473707e-06,-0.000121,1.023731e-05,10.24885,10.291206,10.029786,10.015144,10.48537,10.844958,10.83381,10.459106,10.232952,10.057546,0,0,0,0,0,0
2025/05/01 22:43:00.928,n,8.642892,60.085204,0.000131,7.924993e-06,-0.000126,6.81183e-06,10.24159,10.28102,10.019552,10.010768,10.48537,10.844958,10.83381,10.45616,10.230202,10.05901,0,0,0,0,0,0
2025/05/01 22:44:00.927,n,8.557832,60.252348,0.000121,6.226332e-06,-0.000126,4.230442e-06,10.240094,10.27661,10.018088,9.999084,10.48537,10.83381,10.825446,10.454662,10.224604,10.054666,0,0,0,0,0,0
2025/05/01 22:45:00.929,n,8.557832,60.255616,0.00011,6.844278e-06,-0.000142,7.09862e-06,10.226996,10.26491,10.010768,9.985952,10.472238,10.844958,10.83381,10.440098,10.232952,10.047326,0,0,0,0,0,0
2025/05/01 22:46:00.932,n,8.621296,60.691128,0.000226,7.645971e-06,-2.774797e-05,8.204462e-06,10.259198,10.294298,10.037222,10.018152,10.501496,10.789054,10.772274,10.475232,10.177042,10.085418,0,0,0,0,0,0
2025/05/01 22:47:00.934,n,8.601326,60.637124,0.000231,9.62815e-06,-2.240299e-05,6.816513e-06,10.257784,10.282614,10.04007,10.006488,10.495688,10.786256,10.775124,10.47961,10.174276,10.079512,0,0,0,0,0,0
2025/05/01 22:48:00.937,n,8.566266,60.58966,0.000231,7.855324e-06,-2.774797e-05,6.793747e-06,10.259198,10.282614,10.034278,10.002142,10.489844,10.777876,10.766678,10.472302,10.177042,10.078112,0,0,0,0,0,0
2025/05/01 22:49:00.922,n,8.579598,60.944592,0.00021,1.03098e-05,-2.774797e-05,1.001118e-05,10.24169,10.281102,10.016706,10.005022,10.476712,10.786256,10.763878,10.45188,10.182672,10.060572,0,0,0,0,0,0
2025/05/01 22:50:00.926,n,8.557964,60.530728,0.000205,1.109631e-05,-4.957331e-05,7.04185e-06,10.227078,10.281102,10.010864,10.002142,10.475232,10.780658,10.769428,10.454858,10.185422,10.059074,0,0,0,0,0,0
2025/05/01 22:51:00.927,n,8.559628,60.409536,0.000189,9.631906e-06,-6.041174e-05,6.173601e-06,10.227078,10.269482,10.003558,9.9977,10.467958,10.777876,10.766678,10.449,10.177042,10.062036,0,0,0,0,0,0
2025/05/01 22:52:00.927,n,8.557964,60.424232,0.000184,5.29302e-06,-5.506676e-05,4.898505e-06,10.219806,10.269482,10.000678,9.986018,10.462132,10.780658,10.772274,10.444624,10.179906,10.047442,0,0,0,0,0,0
2025/05/01 22:53:00.928,n,8.554596,60.49308,0.000168,9.404974e-06,-6.041174e-05,6.289991e-06,10.212448,10.263576,10.0094,9.98457,10.466478,10.772274,10.763878,10.449,10.177042,10.048874,0,0,0,0,0,0
2025/05/01 22:54:00.930,n,8.551278,60.3735,0.000158,1.374046e-05,-5.506676e-05,4.810384e-06,10.218356,10.25482,10.003558,9.98457,10.456322,10.772274,10.75828,10.449,10.177042,10.043,0,0,0,0,0,0
2025/05/01 22:55:00.932,n,8.557964,60.293272,0.000173,9.165102e-06,-6.590519e-05,5.403949e-06,10.212448,10.246082,9.996238,9.97876,10.450416,10.772274,10.75828,10.438782,10.171428,10.045976,0,0,0,0,0,0
2025/05/01 22:56:00.932,n,8.542928,60.18512,0.000168,9.84614e-06,-9.30755e-05,6.824383e-06,10.20223,10.227078,9.987482,9.962688,10.438782,10.783504,10.769428,10.425648,10.191052,10.041534,0,0,0,0,0,0
2025/05/01 22:57:00.936,n,8.559628,60.109728,0.000163,5.612858e-06,-8.238555e-05,4.953938e-06,10.20223,10.235864,9.987482,9.962688,10.43294,10.777876,10.763878,10.430026,10.185422,10.043,0,0,0,0,0,0
2025/05/01 22:58:00.922,n,8.497906,59.38932,0.000158,8.140901e-06,-9.856896e-05,6.486732e-06,10.183308,10.24021,9.965568,9.967032,10.421238,10.769428,10.763878,10.421238,10.179906,10.02406,0,0,0,0,0,0
2025/05/01 22:59:00.909,n,8.541268,59.162564,0.000147,7.569897e-06,-9.856896e-05,6.955403e-06,10.193476,10.215394,9.971408,9.964102,10.41395,10.775124,10.763878,10.415428,10.185422,10.022594,0,0,0,0,0,0
2025/05/01 23:00:00.907,n,8.526276,59.771888,0.000142,6.185531e-06,-9.30755e-05,6.202477e-06,10.190564,10.219806,9.967032,9.96119,10.405194,10.777876,10.761032,10.424184,10.177042,10.019618,0,0,0,0,0,0
2025/05/01 23:01:00.922,n,8.511288,59.763684,0.000184,3.685972e-05,-6.041174e-05,3.459786e-05,10.183308,10.238744,9.975784,9.967032,10.428562,10.74435,10.727604,10.424184,10.146176,10.029836,0,0,0,0,0,0
2025/05/01 23:02:00.922,n,8.469586,59.98346,0.000178,7.423069e-06,-6.590519e-05,9.573806e-06,10.174472,10.231488,9.959724,9.95678,10.409572,10.747132,10.733202,10.409572,10.163048,10.021082,0,0,0,0,0,0
2025/05/01 23:03:00.925,n,8.454498,60.271984,0.000158,1.086393e-05,-9.30755e-05,7.309024e-06,10.165716,10.222668,9.955348,9.951004,10.40085,10.75265,10.738752,10.40373,10.168678,10.018152,0,0,0,0,0,0
2025/05/01 23:04:00.929,n,8.44288,60.33258,0.000147,1.085751e-05,-9.856896e-05,7.296774e-06,10.162836,10.210984,9.942184,9.931968,10.40085,10.761032,10.735968,10.396424,10.168678,10.016706,0,0,0,0,0,0
2025/05/01 23:05:00.928,n,8.43116,60.475064,0.00012,1.22058e-05,-0.000115,5.506902e-06,10.155548,10.203696,9.94077,9.931968,10.393574,10.755528,10.735968,10.399352,10.163048,10.01384,0,0,0,0,0,0
2025/05/01 23:06:00.929,n,8.40445,60.663248,0.000126,1.11062e-05,-0.000131,9.93613e-06,10.148242,10.194974,9.936342,9.92611,10.38329,10.75828,10.747132,10.39063,10.177042,10.012362,0,0,0,0,0,0
2025/05/01 23:07:00.919,n,8.391122,60.483216,0.00012,6.172045e-06,-0.000131,6.281076e-06,10.151136,10.194974,9.917356,9.9334,10.373056,10.763878,10.749898,10.38622,10.177042,9.98898,0,0,0,0,0,0
2025/05/01 23:08:00.921,n,8.33609,60.20802,0.000115,6.457039e-06,-0.000142,4.757386e-06,10.137942,10.19206,9.912948,9.930488,10.357042,10.769428,10.747132,10.378962,10.179906,9.98898,0,0,0,0,0,0
2025/05/01 23:09:00.921,n,8.383358,60.174328,0.000221,5.941796e-06,-2.225451e-05,8.656958e-06,10.179386,10.227598,9.955804,9.967502,10.413038,10.708742,10.678016,10.414452,10.119246,10.02886,0,0,0,0,0,0
2025/05/01 23:10:00.924,n,8.369976,60.080872,0.000231,6.586491e-06,-2.225451e-05,4.810397e-06,10.170614,10.224636,9.955804,9.961646,10.399906,10.70324,10.683614,10.41735,10.116398,10.036214,0,0,0,0,0,0
2025/05/01 23:11:00.925,n,8.316609,60.292296,0.00021,1.188881e-05,-2.774797e-05,8.475416e-06,10.164726,10.229078,9.952842,9.954308,10.402752,10.70324,10.683614,10.407196,10.127642,10.027458,0,0,0,0,0,0
2025/05/01 23:12:00.930,n,8.303231,60.402112,0.00021,8.570718e-06,-3.309295e-05,4.316832e-06,10.154506,10.211474,9.942608,9.942608,10.392582,10.70324,10.683614,10.402752,10.121996,10.027458,0,0,0,0,0,0
2025/05/01 23:13:00.928,n,8.253132,60.569056,0.0002,7.199724e-06,-4.957331e-05,4.293792e-06,10.147216,10.204216,9.9368,9.930926,10.380866,10.705992,10.686398,10.399906,10.119246,10.01573,0,0,0,0,0,0
2025/05/01 23:14:00.931,n,8.228131,60.639464,0.0002,5.241513e-06,-5.506676e-05,5.884431e-06,10.138446,10.201304,9.930926,9.929446,10.379402,10.70324,10.683614,10.393998,10.124792,10.014266,0,0,0,0,0,0
2025/05/01 23:15:00.932,n,8.181404,60.649232,0.000179,9.232934e-06,-7.68921e-05,6.802507e-06,10.1355,10.186642,9.929446,9.917762,10.375074,10.700394,10.683614,10.389652,10.127642,10.014266,0,0,0,0,0,0
2025/05/01 23:16:00.916,n,8.158016,60.655824,0.000194,6.026424e-06,-6.605366e-05,6.087239e-06,10.136966,10.193996,9.910506,9.93239,10.350258,10.694794,10.672468,10.393998,10.121996,10.01132,0,0,0,0,0,0
2025/05/01 23:17:00.919,n,8.137997,60.665688,0.000163,7.597664e-06,-6.605366e-05,5.444883e-06,10.126746,10.179386,9.906066,9.920692,10.344382,10.700394,10.66962,10.37792,10.121996,9.992348,0,0,0,0,0,0
2025/05/01 23:18:00.923,n,8.117928,60.578868,0.000168,9.32247e-06,-7.68921e-05,5.934997e-06,10.120954,10.180866,9.903154,9.919228,10.345848,10.692012,10.66962,10.376522,10.116398,9.999638,0,0,0,0,0,0
2025/05/01 23:19:00.924,n,8.06617,60.757288,0.000163,8.858754e-06,-8.223707e-05,7.816291e-06,10.117992,10.180866,9.901688,9.91485,10.348792,10.692012,10.672468,10.370678,10.124792,9.987938,0,0,0,0,0,0
2025/05/01 23:20:00.929,n,8.017781,60.737608,0.000147,8.843282e-06,-8.223707e-05,5.073307e-06,10.106296,10.170614,9.900224,9.900224,10.344382,10.69761,10.672468,10.366302,10.119246,9.989404,0,0,0,0,0,0
2025/05/01 23:21:00.927,n,7.996002,60.85382,0.000158,1.125146e-05,-9.871744e-05,4.722773e-06,10.10483,10.163324,9.89147,9.897312,10.328306,10.70324,10.66962,10.356068,10.127642,9.987938,0,0,0,0,0,0
2025/05/01 23:22:00.929,n,7.935894,61.092496,0.000137,1.212317e-05,-0.000104,5.929498e-06,10.097572,10.163324,9.887126,9.890004,10.32396,10.69761,10.672468,10.357548,10.127642,9.98065,0,0,0,0,0,0
2025/05/01 23:23:00.930,n,7.863972,61.277112,0.000147,8.093951e-06,-9.30755e-05,5.916411e-06,10.09461,10.14432,9.88415,9.88415,10.322496,10.694794,10.672468,10.354602,10.13039,9.98065,0,0,0,0,0,0
2025/05/01 23:24:00.941,n,7.828915,61.33102,0.000142,7.597834e-06,-0.000104,6.670784e-06,10.096108,10.153106,9.888526,9.882684,10.321016,10.705992,10.675232,10.35169,10.13039,9.987938,0,0,0,0,0,0
2025/05/01 23:25:00.920,n,7.824612,61.312256,0.00021,1.043634e-05,-2.775957e-05,6.43924e-06,10.096352,10.160688,9.888802,9.90631,10.325704,10.674158,10.637754,10.359288,10.101282,9.983806,0,0,0,0,0,0
2025/05/01 23:26:00.921,n,7.817871,61.335156,0.000226,8.546868e-06,-2.241459e-05,6.967529e-06,10.096352,10.165,9.881528,9.901964,10.315484,10.668528,10.640602,10.360754,10.106878,9.983806,0,0,0,0,0,0
2025/05/01 23:27:00.924,n,7.774414,61.119436,0.00021,8.263128e-06,-3.340149e-05,4.781435e-06,10.086134,10.157726,9.878584,9.9005,10.315484,10.665762,10.646118,10.359288,10.106878,9.977996,0,0,0,0,0,0
2025/05/01 23:28:00.923,n,7.759377,61.116212,0.000199,1.606871e-05,-3.889494e-05,4.529757e-06,10.080276,10.159224,9.878584,9.888802,10.308162,10.674158,10.640602,10.353432,10.101282,9.970676,0,0,0,0,0,0
2025/05/01 23:29:00.933,n,7.700878,61.040968,0.000189,6.149502e-06,-4.973338e-05,2.800525e-06,10.075898,10.147526,9.868334,9.88005,10.309642,10.665762,10.643354,10.349054,10.106878,9.986718,0,0,0,0,0,0
2025/05/01 23:30:00.928,n,7.680813,61.27798,0.000199,5.90231e-06,-5.507836e-05,8.554028e-06,10.075898,10.144564,9.868334,9.878584,10.300888,10.665762,10.643354,10.3403,10.109662,9.97362,0,0,0,0,0,0
2025/05/01 23:31:00.925,n,7.662403,61.287748,0.000241,3.361231e-05,-1.157615e-05,2.906981e-05,10.086134,10.157726,9.88005,9.891748,10.312538,10.635004,10.609926,10.350534,10.081756,9.985302,0,0,0,0,0,0
2025/05/01 23:32:00.925,n,7.645703,61.392284,0.000226,9.764584e-06,-3.340149e-05,1.018422e-05,10.078876,10.149006,9.866854,9.887338,10.300888,10.643354,10.618226,10.341812,10.078908,9.977996,0,0,0,0,0,0
2025/05/01 23:33:00.927,n,7.645703,61.3188,0.000205,9.925984e-06,-4.423992e-05,6.766076e-06,10.067146,10.140186,9.86539,9.87712,10.293596,10.648998,10.626608,10.331528,10.08729,9.970676,0,0,0,0,0,0
2025/05/01 23:34:00.915,n,7.600537,61.558788,0.000178,9.137148e-06,-3.889494e-05,8.086376e-06,10.064216,10.121214,9.849298,9.87712,10.271646,10.648998,10.623858,10.343212,10.081756,9.957512,0,0,0,0,0,0
2025/05/01 23:35:00.916,n,7.59219,61.487012,0.000189,7.947864e-06,-5.507836e-05,7.199657e-06,10.051054,10.122712,9.84785,9.868334,10.271646,10.657382,10.626608,10.330112,10.098532,9.96189,0,0,0,0,0,0
2025/05/01 23:36:00.922,n,7.563771,61.42168,0.000173,6.532725e-06,-7.155872e-05,6.312544e-06,10.052518,10.118268,9.83472,9.868334,10.258482,10.65175,10.621074,10.324238,10.095766,9.948728,0,0,0,0,0,0
2025/05/01 23:37:00.918,n,7.57378,61.434764,0.000162,8.292469e-06,-8.239714e-05,7.384244e-06,10.037922,10.109516,9.8376,9.861012,10.240974,10.657382,10.626608,10.318396,10.092886,9.938508,0,0,0,0,0,0
2025/05/01 23:38:00.921,n,7.525296,61.361232,0.000152,6.937083e-06,-8.803908e-05,7.466278e-06,10.029136,10.10805,9.823006,9.850762,10.245416,10.657382,10.626608,10.308162,10.106878,9.938508,0,0,0,0,0,0
2025/05/01 23:39:00.924,n,7.526905,61.30244,0.000147,6.912457e-06,-9.872904e-05,6.334939e-06,10.029136,10.103674,9.815684,9.846418,10.23951,10.65463,10.626608,10.303784,10.10413,9.931202,0,0,0,0,0,0
2025/05/01 23:40:00.924,n,7.500149,61.0459,0.000141,8.617618e-06,-9.338406e-05,6.151603e-06,10.020382,10.103674,9.815684,9.84201,10.235132,10.65463,10.623858,10.297942,10.092886,9.932668,0,0,0,0,0,0
2025/05/01 23:41:00.929,n,7.446633,61.184816,0.000141,8.260469e-06,-0.000121,6.087213e-06,10.014542,10.084654,9.823006,9.830312,10.233716,10.65463,10.623858,10.294998,10.095766,9.937044,0,0,0,0,0,0
2025/05/01 23:42:00.930,n,7.45332,61.348144,0.000141,8.183004e-06,-0.000115,7.337558e-06,10.008698,10.090574,9.809844,9.825918,10.232252,10.65175,10.623858,10.293596,10.10413,9.929722,0,0,0,0,0,0
2025/05/01 23:43:00.921,n,7.454983,61.304056,0.000136,8.452634e-06,-0.000132,6.131619e-06,10.004322,10.080276,9.793754,9.830312,10.208902,10.65175,10.618226,10.289188,10.109662,9.91804,0,0,0,0,0,0
2025/05/01 23:44:00.917,n,7.448242,61.189748,0.00011,7.640393e-06,-0.000126,5.90231e-06,9.998402,10.067146,9.793754,9.82447,10.200114,10.66298,10.632254,10.286242,10.109662,9.919504,0,0,0,0,0,0
2025/05/01 23:45:00.919,n,7.403076,61.11294,0.000115,9.164044e-06,-0.000142,4.301157e-06,9.999914,10.068594,9.789392,9.81863,10.19865,10.66023,10.626608,10.280466,10.10413,9.916592,0,0,0,0,0,0
