"Timestamp","TZ","TA_1_1_1","RH_1_1_1","PPFD_BC_IN_1_1_1","PPFD_BC_IN_1_1_1_SD","PPFD_BC_IN_1_1_2","PPFD_BC_IN_1_1_2_SD","TS_6_1_1","TS_6_2_1","TS_7_1_1","TS_7_2_1","TS_8_1_1","TS_8_2_1","TS_9_1_1","TS_9_2_1","TS_10_1_1","TS_10_2_1","P_1_2_1","P_1_3_1","P_1_4_1","1160CV","1038CV","1161CV"
2025/04/15 23:46:00.910,n,14.7383,55.672228,0.000168,8.552006e-06,-7.135688e-05,6.730384e-06,9.843294,9.496726,9.246476,8.998948,10.272622,10.089308,9.95504,9.296256,9.04402,8.745334,0,0,0,0,0,0
2025/04/15 23:47:00.917,n,14.73166,55.604504,0.000205,9.706196e-06,-5.487653e-05,7.543076e-06,9.84183,9.512832,9.246476,9.004802,10.272622,10.075296,9.938264,9.309416,9.04124,8.740992,0,0,0,0,0,0
2025/04/15 23:48:00.919,n,14.74162,55.702064,0.000189,5.809654e-06,-5.487653e-05,8.193496e-06,9.847672,9.523082,9.250886,9.009178,10.279978,10.072546,9.941046,9.294792,9.035514,8.74387,0,0,0,0,0,0
2025/04/15 23:49:00.916,n,14.759736,56.025844,0.000184,8.287326e-06,-4.953155e-05,6.36321e-06,9.844792,9.512832,9.242068,9.010642,10.275536,10.075296,9.941046,9.303576,9.04124,8.73655,0,0,0,0,0,0
2025/04/15 23:50:00.918,n,14.7383,55.840832,0.00021,6.072764e-06,-4.953155e-05,6.13795e-06,9.837388,9.51864,9.24791,9.016546,10.272622,10.064152,9.938264,9.303576,9.035514,8.742456,0,0,0,0,0,0
2025/04/15 23:51:00.926,n,14.72839,55.702064,0.000184,8.124221e-06,-4.953155e-05,6.205575e-06,9.835924,9.514298,9.23182,9.012106,10.259522,10.081024,9.943812,9.294792,9.04124,8.730712,0,0,0,0,0,0
2025/04/15 23:52:00.908,n,14.758126,55.655728,0.000194,8.53613e-06,-5.487653e-05,4.901867e-06,9.84035,9.496726,9.24791,8.99018,10.278512,10.069666,9.943812,9.291848,9.052382,8.74387,0,0,0,0,0,0
2025/04/15 23:53:00.910,n,14.749826,55.584632,0.0002,8.80991e-06,-4.953155e-05,7.526831e-06,9.831596,9.508424,9.244998,8.99018,10.277,10.075296,9.94941,9.300598,9.046786,8.749774,0,0,0,0,0,0
2025/04/15 23:54:00.912,n,14.718526,55.759876,0.000189,7.320549e-06,-6.051845e-05,7.177215e-06,9.831596,9.496726,9.24791,8.991644,10.266846,10.075296,9.943812,9.299134,9.04124,8.742456,0,0,0,0,0,0
2025/04/15 23:55:00.912,n,14.759736,55.849132,0.000189,7.11271e-06,-4.953155e-05,6.810099e-06,9.84035,9.496726,9.240604,9.000426,10.26387,10.078176,9.941046,9.297736,9.04402,8.748262,0,0,0,0,0,0
2025/04/15 23:56:00.916,n,14.761396,55.713636,0.000178,7.922792e-06,-6.051845e-05,6.773268e-06,9.828668,9.504046,9.242068,8.997482,10.255148,10.078176,9.94941,9.294792,9.046786,8.735086,0,0,0,0,0,0
2025/04/15 23:57:00.920,n,14.74162,55.788004,0.000173,8.082771e-06,-6.601191e-05,5.829272e-06,9.830132,9.493798,9.236228,8.998948,10.255148,10.081024,9.938264,9.288918,9.046786,8.726304,0,0,0,0,0,0
2025/04/15 23:58:00.918,n,14.715158,55.852404,0.000168,7.22945e-06,-7.135688e-05,4.699086e-06,9.821314,9.502616,9.224534,9.003324,10.243464,10.083774,9.943812,9.28451,9.052382,8.726304,0,0,0,0,0,0
2025/04/15 23:59:00.922,n,14.758126,55.687172,0.000184,9.184392e-06,-6.051845e-05,6.720684e-06,9.831596,9.501136,9.221588,8.998948,10.24784,10.075296,9.941046,9.290416,9.046786,8.733608,0,0,0,0,0,0
2025/04/16 00:00:00.922,n,14.733368,55.845812,0.000184,7.42794e-06,-6.051845e-05,8.024783e-06,9.825756,9.502616,9.221588,9.003324,10.24636,10.064152,9.935416,9.290416,9.04402,8.721864,0,0,0,0,0,0
2025/04/16 00:01:00.923,n,14.763058,55.821012,0.000226,3.113544e-05,-1.137432e-05,3.241551e-05,9.834508,9.50696,9.233284,9.009178,10.259522,10.044528,9.921522,9.307954,9.021622,8.73211,0,0,0,0,0,0
2025/04/16 00:02:00.923,n,14.72839,55.79132,0.000205,7.200801e-06,-2.221276e-05,5.816644e-06,9.821314,9.499672,9.230308,9.007682,10.25225,10.052924,9.918674,9.293328,9.021622,8.73211,0,0,0,0,0,0
2025/04/16 00:03:00.926,n,14.721798,56.006068,0.000189,8.778032e-06,-4.953155e-05,9.137838e-06,9.825756,9.509888,9.217164,9.009178,10.25077,10.058554,9.924272,9.294792,9.024468,8.730712,0,0,0,0,0,0
2025/04/16 00:04:00.925,n,14.72839,55.987904,0.000184,9.037348e-06,-4.953155e-05,5.917721e-06,9.822794,9.512832,9.227446,9.001858,10.25077,10.064152,9.927118,9.291848,9.032764,8.73211,0,0,0,0,0,0
2025/04/16 00:05:00.928,n,14.710224,55.809436,0.000194,7.557599e-06,-6.051845e-05,8.82943e-06,9.80675,9.512832,9.218628,9.004802,10.244928,10.061304,9.929884,9.274294,9.032764,8.727768,0,0,0,0,0,0
2025/04/16 00:06:00.930,n,14.678876,56.045716,0.000173,7.876019e-06,-5.487653e-05,5.506843e-06,9.80384,9.499672,9.212754,8.994522,10.241982,10.064152,9.935416,9.280168,9.04124,8.71456,0,0,0,0,0,0
2025/04/16 00:07:00.914,n,14.68713,55.949868,0.000163,8.777442e-06,-6.051845e-05,5.570231e-06,9.819914,9.480638,9.224534,8.976954,10.24784,10.072546,9.938264,9.287438,9.049632,8.735086,0,0,0,0,0,0
2025/04/16 00:08:00.916,n,14.673946,55.649136,0.000184,8.486648e-06,-7.670187e-05,4.238221e-06,9.825756,9.485044,9.230308,8.98426,10.249306,10.069666,9.941046,9.288918,9.038392,8.730712,0,0,0,0,0,0
2025/04/16 00:09:00.920,n,14.675556,56.237172,0.000184,8.773174e-06,-7.670187e-05,5.346326e-06,9.811096,9.48651,9.218628,8.979884,10.236174,10.072546,9.941046,9.27719,9.04402,8.721864,0,0,0,0,0,0
2025/04/16 00:10:00.908,n,14.673946,56.052308,0.000163,6.760525e-06,-8.75403e-05,6.18177e-06,9.797934,9.47914,9.224534,8.975492,10.25077,10.072546,9.943812,9.26403,9.052382,8.729232,0,0,0,0,0,0
2025/04/16 00:11:00.906,n,14.68713,56.133216,0.000152,8.15612e-06,-8.219532e-05,5.869992e-06,9.797934,9.476228,9.218628,8.963764,10.243464,10.066902,9.938264,9.266942,9.046786,8.726304,0,0,0,0,0,0
2025/04/16 00:12:00.909,n,14.682198,55.91852,0.000152,1.03613e-05,-8.219532e-05,5.941469e-06,9.799414,9.474828,9.217164,8.96814,10.244928,10.069666,9.941046,9.27719,9.049632,8.723328,0,0,0,0,0,0
2025/04/16 00:13:00.913,n,14.682198,56.171156,0.000178,7.837543e-06,-8.219532e-05,5.387848e-06,9.80675,9.473348,9.217164,8.969636,10.23471,10.069666,9.943812,9.272814,9.04402,8.73211,0,0,0,0,0,0
2025/04/16 00:14:00.912,n,14.655782,56.002748,0.000173,6.497429e-06,-7.670187e-05,8.533822e-06,9.799414,9.47042,9.220124,8.971116,10.237638,10.069666,9.932668,9.281632,9.046786,8.729232,0,0,0,0,0,0
2025/04/16 00:15:00.914,n,14.693722,55.824328,0.000168,8.46302e-06,-8.219532e-05,6.516786e-06,9.80532,9.473348,9.212754,8.972548,10.236174,10.064152,9.935416,9.274294,9.052382,8.726304,0,0,0,0,0,0
2025/04/16 00:16:00.917,n,14.675556,55.992836,0.000173,6.753259e-06,-8.219532e-05,6.547145e-06,9.808168,9.474828,9.215684,8.98133,10.230332,10.066902,9.935416,9.283046,9.04124,8.727768,0,0,0,0,0,0
2025/04/16 00:17:00.918,n,14.669014,56.298304,0.000168,8.123902e-06,-8.219532e-05,7.481705e-06,9.80384,9.476228,9.21422,8.975492,10.2172,10.075296,9.935416,9.280168,9.04402,8.72484,0,0,0,0,0,0
2025/04/16 00:18:00.920,n,14.660714,56.19596,0.000173,1.057578e-05,-9.318222e-05,6.967373e-06,9.799414,9.473348,9.202524,8.97401,10.221576,10.075296,9.938264,9.274294,9.04402,8.7204,0,0,0,0,0,0
2025/04/16 00:19:00.913,n,14.665692,56.123352,0.000141,8.446518e-06,-0.00011,8.893286e-06,9.787716,9.46894,9.209844,8.959356,10.24055,10.075296,9.943812,9.269886,9.049632,8.733608,0,0,0,0,0,0
2025/04/16 00:20:00.912,n,14.650848,55.954896,0.000147,8.655762e-06,-9.867568e-05,6.415691e-06,9.789212,9.46598,9.208428,8.956428,10.23471,10.069666,9.935416,9.274294,9.049632,8.727768,0,0,0,0,0,0
2025/04/16 00:21:00.912,n,14.650848,55.961436,0.000163,8.253429e-06,-9.318222e-05,4.353625e-06,9.787716,9.46894,9.209844,8.953516,10.23471,10.064152,9.935416,9.269886,9.055162,8.726304,0,0,0,0,0,0
2025/04/16 00:22:00.913,n,14.652462,56.154652,0.000163,1.133737e-05,-8.219532e-05,7.352465e-06,9.792158,9.46598,9.202524,8.957892,10.228852,10.066902,9.932668,9.266942,9.046786,8.7204,0,0,0,0,0,0
2025/04/16 00:23:00.916,n,14.637616,56.157972,0.000152,1.177229e-05,-9.867568e-05,8.051743e-06,9.786302,9.46598,9.20106,8.960836,10.220098,10.069666,9.935416,9.269886,9.046786,8.727768,0,0,0,0,0,0
2025/04/16 00:24:00.919,n,14.660714,56.228968,0.000163,8.003907e-06,-9.318222e-05,4.293642e-06,9.795054,9.460188,9.204004,8.962298,10.220098,10.066902,9.935416,9.268406,9.038392,8.718936,0,0,0,0,0,0
2025/04/16 00:25:00.924,n,14.635956,56.1464,0.000147,8.879728e-06,-0.00011,5.733211e-06,9.795054,9.461668,9.196684,8.966708,10.21572,10.066902,9.929884,9.266942,9.04402,8.71308,0,0,0,0,0,0
2025/04/16 00:26:00.922,n,14.624386,56.331216,0.000152,7.11489e-06,-9.318222e-05,5.638177e-06,9.80532,9.46598,9.205468,8.969636,10.220098,10.061304,9.935416,9.275758,9.046786,8.71308,0,0,0,0,0,0
2025/04/16 00:27:00.922,n,14.637616,56.258604,0.000152,1.07458e-05,-9.867568e-05,6.773698e-06,9.787716,9.455762,9.186436,8.962298,10.20848,10.066902,9.932668,9.262598,9.04402,8.705778,0,0,0,0,0,0
2025/04/16 00:28:00.912,n,14.639278,56.326284,0.000157,7.502871e-06,-0.000104,4.901966e-06,9.776084,9.471884,9.209844,8.959356,10.23323,10.061304,9.932668,9.256726,9.046786,8.721864,0,0,0,0,0,0
2025/04/16 00:29:00.912,n,14.637616,56.265248,0.000168,7.919694e-06,-9.867568e-05,4.861276e-06,9.780428,9.463066,9.202524,8.963764,10.231796,10.064152,9.929884,9.261134,9.04402,8.726304,0,0,0,0,0,0
2025/04/16 00:30:00.912,n,14.60954,56.304848,0.000157,5.516512e-06,-0.000104,6.304532e-06,9.780428,9.458724,9.198148,8.95498,10.22589,10.058554,9.929884,9.262598,9.04402,8.718936,0,0,0,0,0,0
2025/04/16 00:31:00.928,n,14.64748,56.492884,0.0002,3.170288e-05,-3.319966e-05,3.134586e-05,9.799414,9.485044,9.206932,8.9887,10.22454,10.030552,9.89915,9.278672,9.00773,8.716024,0,0,0,0,0,0
2025/04/16 00:32:00.924,n,14.622772,56.124964,0.0002,8.758436e-06,-5.487653e-05,4.119037e-06,9.790678,9.476228,9.199594,8.969636,10.2172,10.04178,9.907416,9.269886,9.016124,8.71456,0,0,0,0,0,0
2025/04/16 00:33:00.928,n,14.60788,56.598448,0.000168,8.682438e-06,-7.135688e-05,7.175932e-06,9.786302,9.473348,9.18938,8.975492,10.21279,10.047408,9.910296,9.266942,9.024468,8.71308,0,0,0,0,0,0
2025/04/16 00:34:00.930,n,14.60788,56.487952,0.000168,7.667568e-06,-7.670187e-05,4.836097e-06,9.784838,9.477726,9.1879,8.976954,10.205502,10.04178,9.910296,9.261134,9.02725,8.71308,0,0,0,0,0,0
2025/04/16 00:35:00.933,n,14.622772,56.497816,0.000173,5.245209e-06,-8.75403e-05,8.434388e-06,9.781908,9.476228,9.18206,8.975492,10.20848,10.052924,9.913044,9.253782,9.024468,8.710152,0,0,0,0,0,0
2025/04/16 00:36:00.934,n,14.60622,56.48468,0.000152,7.69112e-06,-8.75403e-05,6.103215e-06,9.773122,9.471884,9.180596,8.966708,10.202556,10.055804,9.915794,9.256726,9.035514,8.704266,0,0,0,0,0,0
2025/04/16 00:37:00.921,n,14.602948,55.944936,0.000157,5.393599e-06,-9.867568e-05,6.351386e-06,9.783372,9.449906,9.198148,8.960836,10.21131,10.047408,9.913044,9.269886,9.038392,8.710152,0,0,0,0,0,0
2025/04/16 00:38:00.920,n,14.60788,55.788004,0.000152,9.559474e-06,-9.867568e-05,8.20543e-06,9.787716,9.455762,9.18938,8.959356,10.209878,10.05016,9.918674,9.269886,9.032764,8.71456,0,0,0,0,0,0
2025/04/16 00:39:00.923,n,14.593038,56.342836,0.000152,6.556807e-06,-9.318222e-05,6.967512e-06,9.786302,9.455762,9.19078,8.959356,10.205502,10.05016,9.921522,9.272814,9.035514,8.71308,0,0,0,0,0,0
2025/04/16 00:40:00.925,n,14.523652,56.529212,0.000147,7.768502e-06,-9.867568e-05,4.35926e-06,9.774586,9.45726,9.18206,8.956428,10.204038,10.052924,9.921522,9.255262,9.04124,8.708674,0,0,0,0,0,0
2025/04/16 00:41:00.927,n,14.583076,56.407144,0.000141,1.122675e-05,-0.000104,7.516934e-06,9.768712,9.454284,9.186436,8.962298,10.198178,10.05016,9.921522,9.256726,9.02725,8.702802,0,0,0,0,0,0
2025/04/16 00:42:00.929,n,14.569942,56.35934,0.000121,1.374469e-05,-0.000104,4.810183e-06,9.767234,9.45726,9.17762,8.963764,10.198178,10.058554,9.918674,9.256726,9.038392,8.702802,0,0,0,0,0,0
2025/04/16 00:43:00.934,n,14.579804,56.642932,0.000141,1.033733e-05,-0.000104,5.345601e-06,9.765834,9.463066,9.170314,8.959356,10.198178,10.05016,9.915794,9.252286,9.032764,8.692554,0,0,0,0,0,0
2025/04/16 00:44:00.932,n,14.559978,56.51598,0.000131,1.084143e-05,-9.867568e-05,3.899107e-06,9.765834,9.463066,9.167404,8.960836,10.195282,10.05016,9.921522,9.24791,9.02725,8.699874,0,0,0,0,0,0
2025/04/16 00:45:00.934,n,14.573212,56.339516,0.000141,9.724412e-06,-0.00011,7.005189e-06,9.75848,9.46598,9.179084,8.965228,10.201124,10.05016,9.915794,9.249372,9.035514,8.69693,0,0,0,0,0,0
2025/04/16 00:46:00.908,n,14.573212,56.540736,0.000152,8.733916e-06,-0.000104,5.341007e-06,9.754136,9.45726,9.18206,8.944666,10.21279,10.055804,9.910296,9.249372,9.035514,8.704266,0,0,0,0,0,0
2025/04/16 00:47:00.908,n,14.502168,56.502844,0.000163,8.204132e-06,-0.000104,6.046648e-06,9.755616,9.45726,9.17762,8.949076,10.206966,10.055804,9.918674,9.243534,9.035514,8.701338,0,0,0,0,0,0
2025/04/16 00:48:00.915,n,14.52536,56.222328,0.000163,8.592998e-06,-0.000115,6.308372e-06,9.76289,9.460188,9.17762,8.937396,10.214254,10.05016,9.918674,9.249372,9.035514,8.707176,0,0,0,0,0,0
2025/04/16 00:49:00.916,n,14.528634,56.382384,0.000157,9.456072e-06,-9.867568e-05,4.300857e-06,9.770178,9.442602,9.19078,8.938828,10.21279,10.044528,9.913044,9.250886,9.032764,8.711618,0,0,0,0,0,0
2025/04/16 00:50:00.916,n,14.52536,56.473112,0.000152,4.813941e-06,-0.000104,4.002277e-06,9.770178,9.448474,9.186436,8.940292,10.21131,10.052924,9.918674,9.243534,9.035514,8.707176,0,0,0,0,0,0
2025/04/16 00:51:00.919,n,14.551728,56.412076,0.000157,9.509884e-06,-9.867568e-05,5.726786e-06,9.768712,9.452818,9.183524,8.944666,10.204038,10.044528,9.915794,9.255262,9.02725,8.705778,0,0,0,0,0,0
2025/04/16 00:52:00.920,n,14.545136,56.581948,0.000136,7.087783e-06,-0.00011,5.828081e-06,9.767234,9.439658,9.18206,8.944666,10.201124,10.047408,9.913044,9.255262,9.032764,8.705778,0,0,0,0,0,0
2025/04/16 00:53:00.921,n,14.523652,56.332876,0.000136,6.831809e-06,-0.000104,5.225962e-06,9.770178,9.439658,9.183524,8.938828,10.19966,10.052924,9.915794,9.249372,9.04124,8.699874,0,0,0,0,0,0
2025/04/16 00:54:00.923,n,14.535226,56.644544,0.000147,1.0355e-05,-0.000104,6.670881e-06,9.767234,9.436746,9.180596,8.938828,10.187962,10.047408,9.918674,9.246476,9.038392,8.699874,0,0,0,0,0,0
2025/04/16 00:55:00.911,n,14.502168,56.091956,0.000126,6.533021e-06,-0.00012,7.856557e-06,9.743918,9.44701,9.165938,8.937396,10.196714,10.05016,9.915794,9.23475,9.02725,8.69693,0,0,0,0,0,0
2025/04/16 00:56:00.909,n,14.526974,56.1464,0.000126,8.202557e-06,-0.000115,6.992083e-06,9.748262,9.449906,9.17469,8.940292,10.198178,10.047408,9.910296,9.243534,9.038392,8.695466,0,0,0,0,0,0
2025/04/16 00:57:00.911,n,14.526974,56.379116,0.000136,9.716704e-06,-0.000115,4.293792e-06,9.749726,9.441122,9.173276,8.934452,10.201124,10.044528,9.918674,9.233284,9.035514,8.698394,0,0,0,0,0,0
2025/04/16 00:58:00.915,n,14.531902,56.454944,0.000136,9.925072e-06,-0.00012,6.663227e-06,9.745382,9.442602,9.170314,8.931508,10.19966,10.047408,9.927118,9.243534,9.030014,8.701338,0,0,0,0,0,0
2025/04/16 00:59:00.916,n,14.503826,56.575356,0.000131,1.016728e-05,-0.00011,8.139631e-06,9.748262,9.435314,9.171812,8.934452,10.196714,10.04178,9.910296,9.244998,9.035514,8.69693,0,0,0,0,0,0
2025/04/16 01:00:00.918,n,14.47575,56.730284,0.000131,6.481901e-06,-0.00012,4.909997e-06,9.755616,9.432368,9.173276,8.928612,10.19237,10.047408,9.913044,9.240604,9.038392,8.710152,0,0,0,0,0,0
2025/04/16 01:01:00.919,n,14.540204,56.774768,0.000189,2.683182e-05,-5.487653e-05,2.649003e-05,9.777532,9.452818,9.198148,8.949076,10.201124,10.013776,9.882294,9.262598,9.004884,8.7204,0,0,0,0,0,0
2025/04/16 01:02:00.923,n,14.538494,56.591808,0.000168,9.552174e-06,-7.135688e-05,7.737488e-06,9.768712,9.448474,9.179084,8.934452,10.19237,10.016558,9.887924,9.25819,9.010494,8.716024,0,0,0,0,0,0
2025/04/16 01:03:00.925,n,14.528634,56.62814,0.000157,8.839776e-06,-7.670187e-05,4.002438e-06,9.767234,9.444066,9.176154,8.941804,10.190906,10.030552,9.89915,9.253782,9.016124,8.702802,0,0,0,0,0,0
2025/04/16 01:04:00.909,n,14.530294,56.491272,0.000178,1.15059e-05,-8.75403e-05,5.364298e-06,9.748262,9.451354,9.165938,8.935916,10.202556,10.027754,9.896302,9.243534,9.016124,8.698394,0,0,0,0,0,0
2025/04/16 01:05:00.912,n,14.50549,56.230628,0.000163,6.8988e-06,-9.318222e-05,6.648086e-06,9.740956,9.448474,9.173276,8.931508,10.193834,10.036148,9.893552,9.237694,9.024468,8.701338,0,0,0,0,0,0
2025/04/16 01:06:00.914,n,14.487324,56.530872,0.000121,1.16876e-05,-0.00011,7.11162e-06,9.745382,9.432368,9.1689,8.935916,10.189426,10.039028,9.904664,9.240604,9.021622,8.698394,0,0,0,0,0,0
2025/04/16 01:07:00.914,n,14.523652,56.80612,0.000136,5.292043e-06,-9.867568e-05,7.92752e-06,9.743918,9.427976,9.164458,8.930044,10.187962,10.04178,9.904664,9.228844,9.035514,8.692554,0,0,0,0,0,0
2025/04/16 01:08:00.920,n,14.492256,56.972424,0.000141,7.200622e-06,-0.00011,6.318093e-06,9.751174,9.42944,9.173276,8.930044,10.18508,10.030552,9.901898,9.242068,9.024468,8.699874,0,0,0,0,0,0
2025/04/16 01:09:00.922,n,14.495626,56.651232,0.000141,9.672328e-06,-0.00011,6.72114e-06,9.755616,9.42944,9.171812,8.928612,10.177806,10.033334,9.901898,9.243534,9.024468,8.701338,0,0,0,0,0,0
2025/04/16 01:10:00.924,n,14.477414,56.89674,0.000136,8.493572e-06,-0.00011,6.313388e-06,9.754136,9.432368,9.171812,8.928612,10.177806,10.030552,9.904664,9.246476,9.02725,8.698394,0,0,0,0,0,0
2025/04/16 01:11:00.924,n,14.495626,56.852212,0.000126,7.296774e-06,-0.000115,7.102804e-06,9.746798,9.423568,9.1689,8.931508,10.177806,10.039028,9.901898,9.246476,9.024468,8.707176,0,0,0,0,0,0
2025/04/16 01:12:00.925,n,14.460858,56.487952,0.000115,9.39666e-06,-0.000131,7.347763e-06,9.743918,9.422154,9.152746,8.92567,10.168988,10.044528,9.907416,9.23475,9.024468,8.69109,0,0,0,0,0,0
2025/04/16 01:13:00.916,n,14.454316,56.6693,0.000126,8.956866e-06,-0.000115,4.289427e-06,9.738012,9.42944,9.164458,8.922708,10.179272,10.030552,9.896302,9.230308,9.024468,8.695466,0,0,0,0,0,0
2025/04/16 01:14:00.915,n,14.472482,56.81432,0.000136,5.504673e-06,-0.00012,5.167417e-06,9.739478,9.427976,9.165938,8.927134,10.18212,10.033334,9.901898,9.228844,9.038392,8.688114,0,0,0,0,0,0
2025/04/16 01:15:00.919,n,14.460858,56.46652,0.000126,8.498742e-06,-0.000126,5.432264e-06,9.732204,9.426496,9.160052,8.921228,10.171948,10.036148,9.901898,9.23475,9.02725,8.68961,0,0,0,0,0,0
2025/04/16 01:16:00.919,n,14.462522,56.927944,0.000121,8.474386e-06,-0.000126,4.058054e-06,9.732204,9.423568,9.160052,8.916886,10.179272,10.04178,9.907416,9.233284,9.02725,8.695466,0,0,0,0,0,0
2025/04/16 01:17:00.922,n,14.442746,56.85382,0.000121,5.19584e-06,-0.000126,5.948423e-06,9.742454,9.419224,9.162994,8.922708,10.164676,10.039028,9.901898,9.23475,9.02725,8.692554,0,0,0,0,0,0
2025/04/16 01:18:00.923,n,14.46418,56.656168,0.000136,8.802576e-06,-0.00012,5.059155e-06,9.738012,9.417744,9.160052,8.919764,10.166076,10.033334,9.89915,9.237694,9.030014,8.69109,0,0,0,0,0,0
2025/04/16 01:19:00.925,n,14.441082,57.107432,0.000126,8.08349e-06,-0.00012,7.416539e-06,9.742454,9.414816,9.154212,8.931508,10.166076,10.030552,9.904664,9.228844,9.02725,8.688114,0,0,0,0,0,0
2025/04/16 01:20:00.928,n,14.406368,56.927944,0.000131,8.854742e-06,-0.00012,4.881233e-06,9.740956,9.419224,9.157154,8.922708,10.170452,10.02494,9.896302,9.23475,9.024468,8.68665,0,0,0,0,0,0
2025/04/16 01:21:00.932,n,14.417938,56.7797,0.000136,6.305095e-06,-0.000126,6.610671e-06,9.73658,9.426496,9.143994,8.927134,10.160266,10.033334,9.893552,9.230308,9.024468,8.682276,0,0,0,0,0,0
2025/04/16 01:22:00.918,n,14.462522,56.87858,0.000141,8.47286e-06,-0.00012,5.89322e-06,9.720508,9.42944,9.146874,8.919764,10.170452,10.02494,9.89915,9.221588,9.021622,8.69109,0,0,0,0,0,0
2025/04/16 01:23:00.918,n,14.42624,56.753336,0.000126,8.104558e-06,-0.00012,8.526818e-06,9.723418,9.420688,9.14977,8.922708,10.164676,10.033334,9.896302,9.223068,9.018872,8.69109,0,0,0,0,0,0
2025/04/16 01:24:00.918,n,14.396504,56.83082,0.000115,8.485278e-06,-0.00012,4.293942e-06,9.727796,9.417744,9.152746,8.919764,10.168988,10.02494,9.896302,9.221588,9.030014,8.680812,0,0,0,0,0,0
2025/04/16 01:25:00.924,n,14.41628,56.55558,0.000141,9.713048e-06,-0.000131,5.807429e-06,9.730724,9.413302,9.15125,8.915422,10.166076,10.027754,9.904664,9.223068,9.024468,8.695466,0,0,0,0,0,0
2025/04/16 01:26:00.925,n,14.41628,56.9214,0.00011,8.749434e-06,-0.000115,5.947989e-06,9.735132,9.410374,9.15125,8.916886,10.160266,10.02494,9.896302,9.228844,9.024468,8.69693,0,0,0,0,0,0
2025/04/16 01:27:00.930,n,14.42458,56.85382,0.000126,5.810098e-06,-0.000126,4.425073e-06,9.732204,9.410374,9.14977,8.921228,10.157352,10.027754,9.89915,9.221588,9.030014,8.679332,0,0,0,0,0,0
2025/04/16 01:28:00.925,n,14.396504,56.730284,0.000121,8.404352e-06,-0.000131,5.746378e-06,9.726314,9.404584,9.14546,8.909516,10.152912,10.033334,9.89915,9.221588,9.024468,8.685186,0,0,0,0,0,0
2025/04/16 01:29:00.928,n,14.403046,56.832484,0.000105,8.263128e-06,-0.000131,5.345117e-06,9.730724,9.410374,9.146874,8.916886,10.150046,10.030552,9.89915,9.228844,9.02725,8.68665,0,0,0,0,0,0
2025/04/16 01:30:00.930,n,14.401436,57.041616,0.000126,8.260626e-06,-0.00012,6.7589e-06,9.72926,9.413302,9.139554,8.921228,10.154392,10.030552,9.893552,9.228844,9.02725,8.679332,0,0,0,0,0,0
2025/04/16 01:31:00.913,n,14.38327,57.191416,0.000178,2.945038e-05,-7.135688e-05,2.972226e-05,9.730724,9.439658,9.157154,8.935916,10.173398,9.999882,9.862786,9.224534,8.985366,8.69693,0,0,0,0,0,0
2025/04/16 01:32:00.915,n,14.361736,57.349332,0.000163,1.028295e-05,-9.318222e-05,8.057838e-06,9.719042,9.42944,9.14105,8.919764,10.161732,10.00818,9.876648,9.224534,9.004884,8.682276,0,0,0,0,0,0
2025/04/16 01:33:00.914,n,14.37336,57.102504,0.000152,7.407388e-06,-9.318222e-05,4.991867e-06,9.719042,9.430906,9.14253,8.9183,10.164676,10.00263,9.879446,9.220124,9.00773,8.677868,0,0,0,0,0,0
2025/04/16 01:34:00.916,n,14.37497,57.393764,0.000121,9.305408e-06,-0.00012,7.827976e-06,9.716098,9.419224,9.146874,8.9183,10.160266,10.016558,9.882294,9.218628,9.016124,8.679332,0,0,0,0,0,0
2025/04/16 01:35:00.917,n,14.360126,57.19308,0.000121,8.812402e-06,-0.000131,9.514434e-06,9.713186,9.408928,9.143994,8.909516,10.1486,10.019406,9.885158,9.21422,9.016124,8.67346,0,0,0,0,0,0
2025/04/16 01:36:00.919,n,14.361736,57.268764,0.000121,7.384069e-06,-0.00012,6.057108e-06,9.71172,9.408928,9.14546,8.9183,10.152912,10.016558,9.885158,9.215684,9.021622,8.680812,0,0,0,0,0,0
2025/04/16 01:37:00.926,n,14.341962,57.169984,0.000136,6.087531e-06,-0.00012,4.335561e-06,9.710256,9.404584,9.14253,8.90654,10.150046,10.022156,9.89077,9.218628,9.013342,8.685186,0,0,0,0,0,0
2025/04/16 01:38:00.926,n,14.351826,57.221008,0.000121,6.890368e-06,-0.000142,6.729688e-06,9.719042,9.400158,9.13809,8.90514,10.141294,10.022156,9.887924,9.215684,9.021622,8.677868,0,0,0,0,0,0
2025/04/16 01:39:00.926,n,14.358468,57.212808,0.000115,6.069572e-06,-0.000137,5.264999e-06,9.707344,9.400158,9.143994,8.900766,10.139812,10.022156,9.89077,9.220124,9.02725,8.676404,0,0,0,0,0,0
2025/04/16 01:40:00.913,n,14.328732,57.397084,0.000105,7.644535e-06,-0.000137,6.783608e-06,9.694182,9.407528,9.126394,8.91098,10.131058,10.027754,9.89077,9.20106,9.018872,8.661716,0,0,0,0,0,0
2025/04/16 01:41:00.914,n,14.33205,57.633756,0.000115,6.646143e-06,-0.000131,4.769997e-06,9.698558,9.41184,9.126394,8.91246,10.134004,10.022156,9.893552,9.20106,9.018872,8.667588,0,0,0,0,0,0
2025/04/16 01:42:00.915,n,14.290742,57.461192,0.000121,6.452536e-06,-0.00012,6.796926e-06,9.70004,9.403086,9.120554,8.908052,10.135436,10.019406,9.887924,9.202524,9.018872,8.667588,0,0,0,0,0,0
2025/04/16 01:43:00.917,n,14.308858,57.523648,0.000115,1.38056e-05,-0.000142,6.985428e-06,9.701504,9.407528,9.13077,8.908052,10.136916,10.019406,9.887924,9.205468,9.02725,8.666124,0,0,0,0,0,0
2025/04/16 01:44:00.918,n,14.292356,57.174916,0.000115,1.552007e-05,-0.000131,4.529525e-06,9.702968,9.406062,9.135146,8.899302,10.135436,10.022156,9.887924,9.206932,9.024468,8.666124,0,0,0,0,0,0
2025/04/16 01:45:00.922,n,14.27087,57.118956,0.000115,7.651461e-06,-0.000137,5.840481e-06,9.70004,9.397214,9.12493,8.897822,10.125216,10.019406,9.89077,9.206932,9.021622,8.676404,0,0,0,0,0,0
2025/04/16 01:46:00.924,n,14.251046,57.2506,0.000121,1.061815e-05,-0.000142,6.807656e-06,9.704416,9.397214,9.135146,8.896358,10.12813,10.019406,9.887924,9.21134,9.013342,8.671964,0,0,0,0,0,0
2025/04/16 01:47:00.925,n,14.28244,57.295084,0.000121,6.985705e-06,-0.000137,5.317007e-06,9.707344,9.395782,9.13077,8.900766,10.123752,10.019406,9.882294,9.21134,9.016124,8.677868,0,0,0,0,0,0
2025/04/16 01:48:00.928,n,14.260906,57.257192,0.000105,6.153912e-06,-0.000142,8.172578e-06,9.701504,9.389926,9.129306,8.899302,10.116464,10.019406,9.896302,9.209844,9.018872,8.671964,0,0,0,0,0,0
2025/04/16 01:49:00.915,n,14.249336,57.146984,0.000105,6.585805e-06,-0.000142,7.038581e-06,9.686876,9.403086,9.11909,8.903676,10.112054,10.027754,9.882294,9.19522,9.021622,8.661716,0,0,0,0,0,0
2025/04/16 01:50:00.920,n,14.287716,57.366128,0.000226,6.331675e-06,-2.236355e-05,4.878644e-06,9.726298,9.427912,9.155592,8.937332,10.151446,9.949376,9.815114,9.239092,8.94896,8.699744,0,0,0,0,0,0
2025/04/16 01:51:00.919,n,14.281076,57.639124,0.000215,6.961437e-06,-2.7857e-05,7.119144e-06,9.727796,9.439592,9.158522,8.932892,10.158768,9.943748,9.812348,9.236132,8.946196,8.705616,0,0,0,0,0,0
2025/04/16 01:52:00.920,n,14.246358,57.897032,0.000221,6.122131e-06,-3.869543e-05,6.261583e-06,9.720442,9.43375,9.158522,8.934356,10.155856,9.946594,9.809566,9.22738,8.94896,8.701208,0,0,0,0,0,0
2025/04/16 01:53:00.921,n,14.264568,57.571692,0.000215,1.004398e-05,-3.320198e-05,8.517964e-06,9.716098,9.419094,9.158522,8.934356,10.150016,9.946594,9.815114,9.224436,8.951808,8.699744,0,0,0,0,0,0
2025/04/16 01:54:00.926,n,14.219892,57.491176,0.000221,4.742291e-06,-2.236355e-05,5.563616e-06,9.716098,9.423502,9.157058,8.931426,10.150016,9.935384,9.812348,9.233188,8.94896,8.712966,0,0,0,0,0,0
2025/04/16 01:55:00.928,n,14.213348,57.698252,0.00021,9.720028e-06,-3.869543e-05,1.123143e-05,9.730692,9.422054,9.158522,8.927018,10.148568,9.966216,9.812348,9.239092,8.951808,8.708528,0,0,0,0,0,0
2025/04/16 01:56:00.929,n,14.193478,57.88058,0.00021,8.724888e-06,-3.320198e-05,6.403409e-06,9.732106,9.422054,9.16581,8.935866,10.144158,9.9382,9.812348,9.237628,8.946196,8.705616,0,0,0,0,0,0
2025/04/16 01:57:00.930,n,14.181904,57.698252,0.00021,8.974806e-06,-4.433736e-05,5.186071e-06,9.724818,9.41763,9.15413,8.931426,10.13685,9.9382,9.812348,9.234668,8.943416,8.705616,0,0,0,0,0,0
2025/04/16 01:58:00.916,n,14.147186,57.553628,0.0002,6.79046e-06,-4.433736e-05,4.282796e-06,9.70728,9.427912,9.146776,8.935866,10.13685,9.949376,9.812348,9.224436,8.94896,8.688,0,0,0,0,0,0
2025/04/16 01:59:00.918,n,14.180244,58.23346,0.0002,7.871425e-06,-2.7857e-05,7.477614e-06,9.70728,9.43375,9.145312,8.927018,10.133938,9.946594,9.812348,9.224436,8.951808,8.692408,0,0,0,0,0,0
2025/04/16 02:00:00.924,n,14.181904,58.3172,0.000215,6.473724e-06,-4.433736e-05,7.230321e-06,9.710192,9.422054,9.149754,8.922642,10.131058,9.9382,9.812348,9.222972,8.951808,8.693872,0,0,0,0,0,0
2025/04/16 02:01:00.925,n,14.196748,58.45016,0.000252,3.283073e-05,2.113866e-05,3.153681e-05,9.718978,9.43084,9.16581,8.934356,10.144158,9.915828,9.77875,9.240572,8.921082,8.707064,0,0,0,0,0,0
2025/04/16 02:02:00.927,n,14.193478,57.703188,0.000247,8.571924e-06,-1.152511e-05,1.113951e-05,9.723352,9.427912,9.158522,8.929962,10.133938,9.924222,9.789976,9.237628,8.92946,8.708528,0,0,0,0,0,0
2025/04/16 02:03:00.927,n,14.173604,57.657192,0.000226,4.21683e-06,-1.152511e-05,6.143648e-06,9.72189,9.422054,9.158522,8.924108,10.141294,9.913076,9.795608,9.239092,8.934972,8.705616,0,0,0,0,0,0
2025/04/16 02:04:00.931,n,14.167012,57.583216,0.000226,8.158655e-06,-1.701857e-05,4.810388e-06,9.723352,9.42056,9.155592,8.931426,10.128098,9.924222,9.792728,9.244916,8.932222,8.708528,0,0,0,0,0,0
2025/04/16 02:05:00.933,n,14.21169,57.91344,0.000226,6.549513e-06,-3.320198e-05,5.391451e-06,9.723352,9.408876,9.151218,8.918202,10.119344,9.927102,9.80397,9.237628,8.93782,8.701208,0,0,0,0,0,0
2025/04/16 02:06:00.936,n,14.186836,58.297472,0.000194,8.4002e-06,-4.433736e-05,6.438468e-06,9.710192,9.41031,9.151218,8.928484,10.114966,9.935384,9.798454,9.240572,8.93782,8.693872,0,0,0,0,0,0
2025/04/16 02:07:00.923,n,14.218282,57.977504,0.000215,9.98671e-06,-3.320198e-05,5.509115e-06,9.698526,9.422054,9.136594,8.9197,10.12372,9.932602,9.801218,9.222972,8.940664,8.690928,0,0,0,0,0,0
2025/04/16 02:08:00.922,n,14.181904,58.220424,0.000205,5.809876e-06,-3.320198e-05,5.794847e-06,9.695598,9.413286,9.142368,8.91674,10.120808,9.943748,9.80675,9.220028,8.951808,8.686522,0,0,0,0,0,0
2025/04/16 02:09:00.922,n,14.208322,57.837904,0.000194,6.877795e-06,-6.052077e-05,7.875107e-06,9.699974,9.41031,9.140968,8.9197,10.12224,9.932602,9.809566,9.228812,8.951808,8.695304,0,0,0,0,0,0
2025/04/16 02:10:00.927,n,14.188546,57.65558,0.00021,6.741963e-06,-4.968234e-05,4.462285e-06,9.695598,9.401526,9.133616,8.912362,10.120808,9.932602,9.80397,9.218564,8.943416,8.693872,0,0,0,0,0,0
2025/04/16 02:11:00.913,n,14.1488,58.435364,0.000179,9.43227e-06,-5.502732e-05,4.889959e-06,9.68538,9.422054,9.121904,8.922642,10.101804,9.9382,9.80397,9.217066,8.94896,8.670434,0,0,0,0,0,0
2025/04/16 02:12:00.912,n,14.163738,58.085804,0.0002,8.911098e-06,-5.502732e-05,6.719146e-06,9.678028,9.42056,9.123368,8.927018,10.107644,9.9382,9.801218,9.215652,8.943416,8.673378,0,0,0,0,0,0
2025/04/16 02:13:00.918,n,14.15876,57.667004,0.000194,7.320195e-06,-5.502732e-05,4.224865e-06,9.680972,9.414752,9.127744,8.92118,10.104766,9.940996,9.80397,9.209746,8.94896,8.677772,0,0,0,0,0,0
2025/04/16 02:14:00.919,n,14.167012,57.88224,0.000189,8.601864e-06,-6.052077e-05,4.81035e-06,9.676562,9.408876,9.121904,8.922642,10.116464,9.932602,9.801218,9.21269,8.946196,8.676306,0,0,0,0,0,0
2025/04/16 02:15:00.919,n,14.147186,58.45348,0.000194,7.131394e-06,-6.586575e-05,6.588158e-06,9.680972,9.407398,9.126312,8.915276,10.110558,9.943748,9.809566,9.200994,8.954588,8.667524,0,0,0,0,0,0
2025/04/16 02:16:00.908,n,14.191814,58.276136,0.0002,6.796355e-06,-5.502732e-05,4.810384e-06,9.692654,9.408876,9.11753,8.925588,10.097426,9.935384,9.80397,9.211226,8.946196,8.669004,0,0,0,0,0,0
2025/04/16 02:17:00.908,n,14.157102,58.501232,0.000173,6.885867e-06,-6.052077e-05,3.602149e-06,9.689756,9.407398,9.11021,8.922642,10.085728,9.935384,9.801218,9.211226,8.943416,8.670434,0,0,0,0,0,0
2025/04/16 02:18:00.911,n,14.138886,58.003724,0.000179,6.577462e-06,-6.586575e-05,7.083156e-06,9.678028,9.41031,9.111674,8.925588,10.091634,9.935384,9.80675,9.211226,8.951808,8.667524,0,0,0,0,0,0
2025/04/16 02:19:00.912,n,14.133954,58.240052,0.000184,6.642935e-06,-6.586575e-05,5.12622e-06,9.679492,9.40447,9.096986,8.92118,10.090168,9.932602,9.798454,9.211226,8.943416,8.669004,0,0,0,0,0,0
2025/04/16 02:20:00.914,n,14.135568,58.098936,0.000184,1.001629e-05,-7.13592e-05,6.806565e-06,9.672218,9.405934,9.11021,8.9197,10.093082,9.929852,9.795608,9.202442,8.946196,8.669004,0,0,0,0,0,0
2025/04/16 02:21:00.918,n,14.10251,57.885508,0.000173,7.212274e-06,-7.13592e-05,6.143565e-06,9.676562,9.407398,9.107248,8.9109,10.090168,9.9382,9.801218,9.202442,8.951808,8.667524,0,0,0,0,0,0
2025/04/16 02:22:00.920,n,14.066132,57.676868,0.000194,8.04448e-06,-7.13592e-05,3.441948e-06,9.661954,9.400126,9.113154,8.90942,10.091634,9.943748,9.801218,9.198066,8.954588,8.670434,0,0,0,0,0,0
2025/04/16 02:23:00.922,n,14.076046,57.219692,0.000173,7.183557e-06,-7.13592e-05,6.773316e-06,9.67074,9.403006,9.113154,8.902116,10.091634,9.932602,9.809566,9.200994,8.943416,8.677772,0,0,0,0,0,0
2025/04/16 02:24:00.921,n,14.042988,58.120276,0.000173,7.244266e-06,-6.586575e-05,7.571347e-06,9.673682,9.400126,9.111674,8.9109,10.097426,9.927102,9.798454,9.19953,8.954588,8.670434,0,0,0,0,0,0
2025/04/16 02:25:00.909,n,14.014812,58.557188,0.000179,5.697157e-06,-7.700113e-05,3.715361e-06,9.676562,9.392774,9.101394,8.90942,10.072598,9.932602,9.80397,9.203906,8.946196,8.660156,0,0,0,0,0,0
2025/04/16 02:26:00.913,n,14.056222,58.461732,0.000179,5.218541e-06,-7.13592e-05,4.921495e-06,9.67074,9.400126,9.104304,8.9109,10.071132,9.932602,9.798454,9.200994,8.943416,8.666028,0,0,0,0,0,0
2025/04/16 02:27:00.913,n,14.03967,58.604948,0.000163,7.604462e-06,-8.234611e-05,5.238431e-06,9.66781,9.405934,9.101394,8.92118,10.07847,9.927102,9.792728,9.19953,8.940664,8.666028,0,0,0,0,0,0
2025/04/16 02:28:00.914,n,14.041328,58.764564,0.000163,8.782004e-06,-7.700113e-05,8.136614e-06,9.661954,9.401526,9.104304,8.90942,10.079886,9.929852,9.792728,9.21269,8.943416,8.664562,0,0,0,0,0,0
2025/04/16 02:29:00.921,n,14.044598,58.445228,0.000163,7.611594e-06,-8.234611e-05,8.237605e-06,9.657558,9.392774,9.105768,8.906492,10.091634,9.921456,9.792728,9.195122,8.946196,8.666028,0,0,0,0,0,0
2025/04/16 02:30:00.920,n,14.036346,58.385952,0.000168,1.082581e-05,-7.700113e-05,6.565815e-06,9.659056,9.39715,9.099928,8.89774,10.074076,9.932602,9.798454,9.190714,8.946196,8.664562,0,0,0,0,0,0
2025/04/16 02:31:00.931,n,14.00827,57.962708,0.000231,2.996672e-05,-2.236355e-05,2.868233e-05,9.682436,9.39131,9.12921,8.912362,10.095962,9.896236,9.775986,9.211226,8.92383,8.688,0,0,0,0,0,0
2025/04/16 02:32:00.931,n,14.033028,59.047376,0.000231,8.348984e-06,-2.7857e-05,7.162214e-06,9.6839,9.385468,9.12921,8.900618,10.091634,9.907382,9.77875,9.211226,8.926596,8.686522,0,0,0,0,0,0
2025/04/16 02:33:00.936,n,14.019844,59.05724,0.00021,1.322017e-05,-5.502732e-05,9.449008e-06,9.682436,9.383988,9.120424,8.900618,10.076974,9.915828,9.781598,9.211226,8.926596,8.683626,0,0,0,0,0,0
2025/04/16 02:34:00.924,n,14.044598,58.710216,0.000189,8.269223e-06,-5.502732e-05,6.29379e-06,9.664866,9.395718,9.11021,8.90942,10.08135,9.915828,9.784348,9.200994,8.932222,8.680714,0,0,0,0,0,0
2025/04/16 02:35:00.923,n,14.046262,58.697084,0.000179,7.642422e-06,-7.13592e-05,7.701486e-06,9.653152,9.3869,9.107248,8.900618,10.076974,9.921456,9.784348,9.195122,8.943416,8.671898,0,0,0,0,0,0
2025/04/16 02:36:00.909,n,14.041328,58.30734,0.000163,8.017132e-06,-8.234611e-05,6.129618e-06,9.661954,9.385468,9.098464,8.907956,10.056568,9.929852,9.787098,9.19953,8.940664,8.65869,0,0,0,0,0,0
2025/04/16 02:37:00.927,n,14.029756,58.389272,0.000173,5.971941e-06,-8.234611e-05,6.432734e-06,9.648774,9.379612,9.104304,8.883052,10.079886,9.921456,9.784348,9.195122,8.943416,8.667524,0,0,0,0,0,0
2025/04/16 02:38:00.913,n,14.067792,58.993128,0.000142,1.168527e-05,-7.700113e-05,7.807609e-06,9.653152,9.389844,9.09261,8.903548,10.062378,9.918708,9.784348,9.189282,8.940664,8.65578,0,0,0,0,0,0
2025/04/16 02:39:00.915,n,14.069406,58.766224,0.000157,5.554786e-06,-7.700113e-05,7.102759e-06,9.65027,9.385468,9.085304,8.902116,10.053592,9.924222,9.781598,9.18637,8.943416,8.65578,0,0,0,0,0,0
2025/04/16 02:40:00.917,n,14.038056,58.057924,0.000147,7.33201e-06,-9.318454e-05,6.308526e-06,9.651736,9.379612,9.0794,8.893332,10.047814,9.929852,9.787098,9.183442,8.943416,8.648412,0,0,0,0,0,0
2025/04/16 02:41:00.920,n,14.038056,58.889564,0.000157,5.939404e-06,-9.318454e-05,5.426077e-06,9.635612,9.376684,9.085304,8.890356,10.058034,9.924222,9.792728,9.171682,8.94896,8.654316,0,0,0,0,0,0
2025/04/16 02:42:00.921,n,14.033028,58.649424,0.000147,7.983059e-06,-9.318454e-05,4.289653e-06,9.64292,9.375218,9.088182,8.899204,10.050678,9.921456,9.792728,9.179034,8.943416,8.651372,0,0,0,0,0,0
2025/04/16 02:43:00.908,n,14.024776,58.99972,0.000163,6.926646e-06,-8.783956e-05,5.733324e-06,9.648774,9.369394,9.080896,8.894796,10.047814,9.927102,9.789976,9.190714,8.94896,8.65578,0,0,0,0,0,0
2025/04/16 02:44:00.911,n,14.023114,58.942152,0.000147,5.013495e-06,-8.783956e-05,3.26824e-06,9.648774,9.372274,9.0794,8.89774,10.047814,9.921456,9.798454,9.190714,8.940664,8.652838,0,0,0,0,0,0
2025/04/16 02:45:00.910,n,13.99997,58.897768,0.000142,1.117242e-05,-9.318454e-05,8.070494e-06,9.645864,9.378148,9.076456,8.893332,10.04928,9.924222,9.795608,9.183442,8.94896,8.641126,0,0,0,0,0,0
2025/04/16 02:46:00.913,n,14.019844,58.624672,0.000136,8.56348e-06,-9.8678e-05,9.05955e-06,9.641454,9.381092,9.075024,8.893332,10.043438,9.924222,9.795608,9.183442,8.951808,8.645534,0,0,0,0,0,0
2025/04/16 02:47:00.915,n,14.009884,58.440296,0.000147,1.045155e-05,-0.000104,6.169533e-06,9.637078,9.370842,9.0794,8.888924,10.041958,9.918708,9.792728,9.180498,8.946196,8.648412,0,0,0,0,0,0
2025/04/16 02:48:00.914,n,14.023114,58.884632,0.000147,5.963715e-06,-0.000104,3.631128e-06,9.631236,9.372274,9.0794,8.890356,10.053592,9.918708,9.789976,9.181962,8.946196,8.644054,0,0,0,0,0,0
2025/04/16 02:49:00.920,n,14.026486,59.170664,0.000147,4.910918e-06,-0.000104,2.791081e-06,9.632702,9.375218,9.077936,8.890356,10.04928,9.918708,9.792728,9.174626,8.94896,8.646934,0,0,0,0,0,0
2025/04/16 02:50:00.921,n,14.023114,58.548988,0.000163,8.574938e-06,-9.318454e-05,6.383797e-06,9.631236,9.372274,9.076456,8.890356,10.053592,9.915828,9.787098,9.173162,8.943416,8.644054,0,0,0,0,0,0
2025/04/16 02:51:00.922,n,14.014812,58.199036,0.000147,6.914139e-06,-9.8678e-05,5.853021e-06,9.632702,9.379612,9.085304,8.883052,10.050678,9.913076,9.775986,9.177538,8.943416,8.652838,0,0,0,0,0,0
2025/04/16 02:52:00.908,n,13.978436,58.981656,0.000136,9.152406e-06,-9.8678e-05,5.435711e-06,9.638574,9.353274,9.080896,8.88746,10.038996,9.921456,9.789976,9.190714,8.940664,8.65578,0,0,0,0,0,0
2025/04/16 02:53:00.916,n,13.99167,59.03424,0.000136,7.440973e-06,-9.8678e-05,5.38245e-06,9.64736,9.362026,9.07208,8.881572,10.037532,9.921456,9.787098,9.173162,8.943416,8.644054,0,0,0,0,0,0
2025/04/16 02:54:00.914,n,13.99001,58.333216,0.000163,1.042445e-05,-0.000104,6.312467e-06,9.632702,9.367932,9.076456,8.88746,10.034684,9.918708,9.784348,9.180498,8.934972,8.645534,0,0,0,0,0,0
2025/04/16 02:55:00.915,n,13.993378,58.920816,0.000147,8.65606e-06,-0.000104,4.835897e-06,9.637078,9.367932,9.06624,8.88746,10.038996,9.915828,9.781598,9.177538,8.93782,8.639628,0,0,0,0,0,0
2025/04/16 02:56:00.918,n,14.003242,59.113148,0.000147,7.40006e-06,-9.8678e-05,6.335959e-06,9.631236,9.366434,9.06624,8.890356,10.041958,9.913076,9.781598,9.170218,8.93782,8.64259,0,0,0,0,0,0
2025/04/16 02:57:00.925,n,13.946992,59.017788,0.000142,9.584578e-06,-0.00011,5.968912e-06,9.61954,9.367932,9.070616,8.875732,10.043438,9.918708,9.781598,9.170218,8.940664,8.646934,0,0,0,0,0,0
2025/04/16 02:58:00.919,n,13.9801,59.004652,0.000136,6.439509e-06,-0.000104,5.54128e-06,9.623916,9.369394,9.0604,8.875732,10.037532,9.918708,9.787098,9.161466,8.943416,8.635222,0,0,0,0,0,0
2025/04/16 02:59:00.924,n,13.963594,58.812316,0.000126,8.88482e-06,-0.00011,4.396368e-06,9.625396,9.35617,9.061866,8.87718,10.041958,9.924222,9.781598,9.160002,8.943416,8.644054,0,0,0,0,0,0
2025/04/16 03:00:00.921,n,13.985078,58.649424,0.000147,1.012195e-05,-0.00011,6.270681e-06,9.61954,9.35617,9.061866,8.878644,10.041958,9.918708,9.77875,9.167274,8.934972,8.635222,0,0,0,0,0,0
2025/04/16 03:01:00.918,n,13.99997,59.183848,0.000205,3.526195e-05,-5.502732e-05,3.139365e-05,9.645864,9.372274,9.075024,8.893332,10.04928,9.887858,9.756462,9.18637,8.909906,8.648412,0,0,0,0,0,0
2025/04/16 03:02:00.918,n,13.99001,58.649424,0.000163,1.088223e-05,-7.13592e-05,5.82797e-06,9.641454,9.369394,9.07356,8.890356,10.047814,9.896236,9.764856,9.180498,8.9183,8.645534,0,0,0,0,0,0
2025/04/16 03:03:00.921,n,13.986736,59.17892,0.000163,8.17874e-06,-7.700113e-05,6.688432e-06,9.629772,9.369394,9.067672,8.891868,10.050678,9.896236,9.762074,9.179034,8.926596,8.645534,0,0,0,0,0,0
2025/04/16 03:04:00.923,n,13.981758,58.641124,0.000173,1.151409e-05,-6.586575e-05,6.79027e-06,9.635612,9.366434,9.070616,8.881572,10.05509,9.896236,9.756462,9.179034,8.92383,8.649908,0,0,0,0,0,0
2025/04/16 03:05:00.922,n,13.94206,59.242932,0.000163,4.853231e-06,-8.783956e-05,6.308424e-06,9.625396,9.35617,9.058922,8.880108,10.041958,9.904632,9.762074,9.167274,8.932222,8.636686,0,0,0,0,0,0
2025/04/16 03:06:00.923,n,13.968526,59.295572,0.000147,9.500506e-06,-9.8678e-05,5.152896e-06,9.615164,9.354706,9.063296,8.871292,10.041958,9.901868,9.77875,9.167274,8.932222,8.63815,0,0,0,0,0,0
2025/04/16 03:07:00.927,n,13.976826,59.139464,0.000152,3.874177e-06,-9.8678e-05,3.550993e-06,9.621018,9.360546,9.064776,8.869828,10.043438,9.907382,9.770454,9.157058,8.934972,8.644054,0,0,0,0,0,0
2025/04/16 03:08:00.930,n,13.975166,59.159192,0.000131,7.104532e-06,-0.000104,7.794153e-06,9.61954,9.345922,9.067672,8.86402,10.043438,9.915828,9.784348,9.16293,8.940664,8.641126,0,0,0,0,0,0
2025/04/16 03:09:00.931,n,13.955292,58.896156,0.000152,6.862563e-06,-0.000104,4.921561e-06,9.618074,9.344458,9.067672,8.85958,10.04487,9.913076,9.784348,9.16581,8.946196,8.639628,0,0,0,0,0,0
2025/04/16 03:10:00.919,n,13.912274,59.11808,0.000142,7.34662e-06,-0.000121,8.087244e-06,9.616644,9.357682,9.058922,8.869828,10.024402,9.913076,9.781598,9.158522,8.932222,8.627904,0,0,0,0,0,0
2025/04/16 03:11:00.921,n,13.943722,59.231456,0.000126,6.475221e-06,-0.000115,5.331081e-06,9.615164,9.343026,9.04864,8.869828,10.027298,9.91023,9.77875,9.151218,8.943416,8.626438,0,0,0,0,0,0
2025/04/16 03:12:00.919,n,13.94865,59.030972,0.000136,6.225606e-06,-0.000115,5.174163e-06,9.612234,9.354706,9.054528,8.872772,10.024402,9.915828,9.775986,9.160002,8.93782,8.633776,0,0,0,0,0,0
2025/04/16 03:13:00.925,n,13.963594,58.458412,0.000136,8.883584e-06,-0.000121,5.95873e-06,9.607858,9.35617,9.051552,8.861046,10.030274,9.913076,9.77875,9.155592,8.940664,8.624974,0,0,0,0,0,0
2025/04/16 03:14:00.924,n,13.927166,59.002992,0.000142,6.790175e-06,-0.000104,6.985335e-06,9.60929,9.348866,9.051552,8.86542,10.028794,9.91023,9.767608,9.160002,8.940664,8.627904,0,0,0,0,0,0
2025/04/16 03:15:00.927,n,13.900704,58.812316,0.000147,6.350317e-06,-0.00011,5.947989e-06,9.613698,9.35033,9.057456,8.861046,10.038996,9.904632,9.770454,9.158522,8.940664,8.63231,0,0,0,0,0,0
2025/04/16 03:16:00.928,n,13.922238,59.364564,0.000126,6.902264e-06,-0.000126,5.847887e-06,9.602002,9.343026,9.054528,8.853678,10.028794,9.913076,9.773236,9.151218,8.943416,8.630846,0,0,0,0,0,0
2025/04/16 03:17:00.933,n,13.922238,58.734972,0.000126,1.084727e-05,-0.000115,6.599424e-06,9.606378,9.338584,9.064776,8.852262,10.036084,9.904632,9.775986,9.16293,8.940664,8.646934,0,0,0,0,0,0
2025/04/16 03:18:00.934,n,13.920574,58.738248,0.000136,6.770741e-06,-0.000121,6.858703e-06,9.606378,9.33276,9.061866,8.844926,10.033204,9.904632,9.77875,9.157058,8.946196,8.633776,0,0,0,0,0,0
2025/04/16 03:19:00.918,n,13.895722,59.474524,0.000142,7.44106e-06,-0.000115,6.68104e-06,9.600538,9.335704,9.03984,8.86402,10.008358,9.918708,9.77875,9.145312,8.943416,8.619088,0,0,0,0,0,0
2025/04/16 03:20:00.921,n,13.865888,59.577892,0.00012,8.087404e-06,-0.000131,5.647392e-06,9.607858,9.341546,9.04864,8.872772,10.024402,9.91023,9.764856,9.146776,8.934972,8.626438,0,0,0,0,0,0
2025/04/16 03:21:00.922,n,13.88083,59.758412,0.000136,7.968157e-06,-0.00011,6.44823e-06,9.604946,9.343026,9.04864,8.869828,10.017144,9.907382,9.773236,9.151218,8.93782,8.630846,0,0,0,0,0,0
2025/04/16 03:22:00.928,n,13.875852,59.45646,0.000131,5.69035e-06,-0.000115,6.633886e-06,9.596128,9.345922,9.04864,8.852262,10.022922,9.901868,9.773236,9.148274,8.92946,8.623464,0,0,0,0,0,0
2025/04/16 03:23:00.926,n,13.915546,59.49586,0.000126,8.201612e-06,-0.00011,6.659736e-06,9.581502,9.329866,9.032554,8.846422,10.00691,9.896236,9.762074,9.13508,8.926596,8.610288,0,0,0,0,0,0
2025/04/16 03:24:00.929,n,13.894062,59.78302,0.00011,5.919904e-06,-0.000137,8.12756e-06,9.587376,9.329866,9.03984,8.83764,10.014166,9.904632,9.764856,9.130688,8.926596,8.610288,0,0,0,0,0,0
2025/04/16 03:25:00.933,n,13.915546,59.789564,0.000131,8.174791e-06,-0.000126,6.968393e-06,9.600538,9.33712,9.050152,8.852262,10.022922,9.901868,9.764856,9.143832,8.926596,8.623464,0,0,0,0,0,0
2025/04/16 03:26:00.933,n,13.874188,59.507336,0.000126,9.667518e-06,-0.000131,6.089865e-06,9.596128,9.328384,9.055992,8.85083,10.027298,9.901868,9.773236,9.143832,8.934972,8.622064,0,0,0,0,0,0
2025/04/16 03:27:00.936,n,13.899044,59.504068,0.000126,7.960452e-06,-0.000121,8.869612e-06,9.600538,9.319616,9.054528,8.839118,10.024402,9.904632,9.767608,9.145312,8.934972,8.629382,0,0,0,0,0,0
2025/04/16 03:28:00.921,n,13.899044,59.687856,0.000115,6.917034e-06,-0.000121,7.82649e-06,9.593248,9.329866,9.036962,8.858116,10.00398,9.901868,9.759228,9.145312,8.934972,8.61616,0,0,0,0,0,0
2025/04/16 03:29:00.908,n,13.874188,59.666564,0.000131,7.987427e-06,-0.000126,6.749241e-06,9.612234,9.316706,9.057456,8.844926,10.017144,9.893488,9.764856,9.160002,8.93782,8.630846,0,0,0,0,0,0
2025/04/16 03:30:00.909,n,13.882488,59.35138,0.000126,9.229364e-06,-0.000121,6.947412e-06,9.604946,9.316706,9.051552,8.847886,10.015664,9.907382,9.770454,9.157058,8.934972,8.630846,0,0,0,0,0,0
2025/04/16 03:31:00.917,n,13.882488,59.637024,0.000184,3.124817e-05,-6.052077e-05,2.933249e-05,9.628356,9.343026,9.055992,8.869828,10.014166,9.871084,9.739606,9.170218,8.898716,8.629382,0,0,0,0,0,0
2025/04/16 03:32:00.919,n,13.862618,59.69938,0.000163,7.296685e-06,-8.234611e-05,4.947088e-06,9.615164,9.335704,9.04864,8.87427,10.014166,9.871084,9.742454,9.155592,8.904312,8.629382,0,0,0,0,0,0
2025/04/16 03:33:00.917,n,13.900704,59.80436,0.000168,9.64906e-06,-9.318454e-05,7.995672e-06,9.607858,9.329866,9.044232,8.861046,10.005446,9.890706,9.747986,9.155592,8.912704,8.624974,0,0,0,0,0,0
2025/04/16 03:34:00.919,n,13.857686,59.968272,0.000142,6.642546e-06,-9.8678e-05,7.161312e-06,9.610754,9.33276,9.042768,8.852262,10.00691,9.890706,9.753598,9.157058,8.9183,8.617624,0,0,0,0,0,0
2025/04/16 03:35:00.920,n,13.902364,59.822376,0.000136,9.48104e-06,-9.8678e-05,5.937772e-06,9.606378,9.33424,9.032554,8.85514,10.008358,9.887858,9.747986,9.143832,8.921082,8.617624,0,0,0,0,0,0
2025/04/16 03:36:00.922,n,13.862618,59.499136,0.000136,8.806538e-06,-0.000115,6.965796e-06,9.596128,9.335704,9.034016,8.858116,10.008358,9.887858,9.753598,9.143832,8.921082,8.614696,0,0,0,0,0,0
2025/04/16 03:37:00.913,n,13.841134,59.100012,0.000126,7.450603e-06,-0.000126,4.028338e-06,9.615164,9.316706,9.050152,8.844926,10.005446,9.885108,9.745204,9.15413,8.9183,8.626438,0,0,0,0,0,0
2025/04/16 03:38:00.915,n,13.846112,59.584484,0.000136,1.313143e-05,-0.000126,8.133359e-06,9.607858,9.319616,9.041304,8.849366,9.998108,9.896236,9.750768,9.151218,8.921082,8.623464,0,0,0,0,0,0
2025/04/16 03:39:00.914,n,13.837812,59.70758,0.00011,7.964345e-06,-0.000121,5.844682e-06,9.606378,9.322478,9.042768,8.847886,9.995162,9.893488,9.759228,9.149754,8.92383,8.624974,0,0,0,0,0,0
2025/04/16 03:40:00.915,n,13.824532,59.774868,0.000105,1.034814e-05,-0.000126,5.060942e-06,9.599072,9.321014,9.026648,8.849366,9.986408,9.901868,9.759228,9.148274,8.932222,8.620566,0,0,0,0,0,0
2025/04/16 03:41:00.916,n,13.82126,59.886292,0.000131,8.60419e-06,-0.000126,5.701577e-06,9.599072,9.318136,9.038392,8.85083,9.992284,9.901868,9.756462,9.146776,8.934972,8.61616,0,0,0,0,0,0
2025/04/16 03:42:00.918,n,13.81794,59.564808,0.000115,8.895572e-06,-0.000121,7.476739e-06,9.596128,9.316706,9.029576,8.852262,9.996628,9.893488,9.764856,9.149754,8.92946,8.61616,0,0,0,0,0,0
2025/04/16 03:43:00.921,n,13.8196,59.915832,0.000131,9.179046e-06,-0.000121,7.082039e-06,9.593248,9.321014,9.025232,8.852262,9.999572,9.893488,9.747986,9.140968,8.932222,8.617624,0,0,0,0,0,0
2025/04/16 03:44:00.922,n,13.814618,60.05348,0.000131,8.595478e-06,-0.000121,5.387968e-06,9.584446,9.319616,9.026648,8.843462,9.993764,9.896236,9.753598,9.143832,8.926596,8.617624,0,0,0,0,0,0
2025/04/16 03:45:00.924,n,13.8196,59.735464,0.000126,1.030573e-05,-0.000137,7.091427e-06,9.578624,9.316706,9.019328,8.844926,9.998108,9.893488,9.759228,9.133616,8.92946,8.611752,0,0,0,0,0,0
2025/04/16 03:46:00.915,n,13.799726,60.14694,0.00012,8.733842e-06,-0.000137,5.704408e-06,9.599072,9.313728,9.031056,8.840518,9.98348,9.896236,9.759228,9.142368,8.934972,8.617624,0,0,0,0,0,0
2025/04/16 03:47:00.914,n,13.816326,59.873208,0.000115,1.0451e-05,-0.000137,4.317197e-06,9.606378,9.304944,9.03548,8.841982,9.992284,9.893488,9.756462,9.145312,8.926596,8.626438,0,0,0,0,0,0
2025/04/16 03:48:00.913,n,13.846234,59.461404,0.000237,9.054772e-06,-1.115858e-05,6.235209e-06,9.63846,9.350118,9.083564,8.887118,10.034586,9.884734,9.747628,9.194878,8.917844,8.665686,0,0,0,0,0,0
2025/04/16 03:49:00.917,n,13.829682,59.564768,0.000226,7.981926e-06,-2.763893e-05,8.220477e-06,9.63698,9.354526,9.07034,8.89156,10.033154,9.890282,9.753256,9.183166,8.917844,8.667166,0,0,0,0,0,0
2025/04/16 03:50:00.920,n,13.849506,59.794508,0.000242,9.635126e-06,1.081523e-05,1.142512e-05,9.641356,9.36912,9.077708,8.895984,10.034586,9.862266,9.739234,9.190502,8.912202,8.661262,0,0,0,0,0,0
2025/04/16 03:51:00.920,n,13.846234,60.137136,0.000258,8.356099e-06,-5.665123e-06,6.565839e-06,9.635516,9.367686,9.08062,8.893024,10.036052,9.870662,9.739234,9.190502,8.906606,8.662758,0,0,0,0,0,0
2025/04/16 03:52:00.928,n,13.842964,60.00764,0.000242,6.871782e-06,-5.665123e-06,6.359699e-06,9.63698,9.376504,9.07478,8.894486,10.041908,9.867896,9.736484,9.178824,8.903856,8.658318,0,0,0,0,0,0
2025/04/16 03:53:00.924,n,13.849506,60.05686,0.000247,1.011805e-05,-3.201421e-07,4.889877e-06,9.632586,9.366272,9.06746,8.885654,10.037532,9.870662,9.739234,9.174382,8.912202,8.661262,0,0,0,0,0,0
2025/04/16 03:54:00.929,n,13.851216,60.160084,0.000242,6.399461e-06,-5.665123e-06,5.087516e-06,9.622354,9.363344,9.07034,8.887118,10.036052,9.870662,9.736484,9.175878,8.903856,8.652478,0,0,0,0,0,0
2025/04/16 03:55:00.917,n,13.856148,59.996168,0.000242,7.278959e-06,1.081523e-05,1.390663e-05,9.639924,9.348686,9.07478,8.888582,10.028778,9.870662,9.733732,9.187592,8.901074,8.662758,0,0,0,0,0,0
2025/04/16 03:56:00.922,n,13.82309,59.787916,0.000237,9.844172e-06,5.173311e-06,5.883381e-06,9.642772,9.351582,9.08062,8.882776,10.033154,9.865146,9.730854,9.189038,8.906606,8.659782,0,0,0,0,0,0
2025/04/16 03:57:00.921,n,13.81152,59.568044,0.000242,7.532944e-06,-5.665123e-06,5.46688e-06,9.631074,9.354526,9.07478,8.888582,10.025832,9.865146,9.733732,9.187592,8.89831,8.659782,0,0,0,0,0,0
2025/04/16 03:58:00.922,n,13.83139,60.161692,0.000247,6.502398e-06,-5.665123e-06,5.802828e-06,9.63405,9.354526,9.076244,8.887118,10.03021,9.862266,9.730854,9.186128,8.903856,8.662758,0,0,0,0,0,0
2025/04/16 03:59:00.923,n,13.806488,60.345144,0.000252,6.042266e-06,-3.201421e-07,4.878645e-06,9.63405,9.361832,9.07478,8.897398,10.028778,9.862266,9.72246,9.183166,8.901074,8.658318,0,0,0,0,0,0
2025/04/16 04:00:00.928,n,13.801556,60.02898,0.000237,1.088259e-05,-1.650356e-05,7.753939e-06,9.632586,9.361832,9.068876,8.894486,10.028778,9.865146,9.72534,9.177342,8.89831,8.652478,0,0,0,0,0,0
2025/04/16 04:01:00.924,n,13.82143,59.95354,0.000294,3.111313e-05,5.966242e-05,2.968822e-05,9.650142,9.375026,9.082084,8.904718,10.038964,9.834394,9.711266,9.193382,8.873098,8.670044,0,0,0,0,0,0
2025/04/16 04:02:00.923,n,13.83139,60.3157,0.000294,8.655016e-06,4.882399e-05,8.004341e-06,9.639924,9.375026,9.076244,8.897398,10.037532,9.839992,9.708484,9.190502,8.87871,8.670044,0,0,0,0,0,0
2025/04/16 04:03:00.929,n,13.806488,60.184644,0.000284,9.373052e-06,3.783708e-05,6.758954e-06,9.632586,9.364808,9.073284,8.895984,10.040428,9.839992,9.702886,9.184662,8.887184,8.656886,0,0,0,0,0,0
2025/04/16 04:04:00.917,n,13.82143,60.151832,0.000268,1.132517e-05,3.24921e-05,1.01016e-05,9.642772,9.350118,9.083564,8.888582,10.022872,9.853886,9.714112,9.193382,8.895478,8.667166,0,0,0,0,0,0
2025/04/16 04:05:00.915,n,13.828022,59.937184,0.000268,8.011329e-06,1.081523e-05,5.878991e-06,9.642772,9.348686,9.077708,8.887118,10.031674,9.848372,9.72246,9.194878,8.892714,8.67154,0,0,0,0,0,0
2025/04/16 04:06:00.919,n,13.81479,60.092844,0.000247,1.035606e-05,1.616022e-05,5.261263e-06,9.63698,9.355958,9.07478,8.888582,10.03021,9.853886,9.72246,9.186128,8.895478,8.662758,0,0,0,0,0,0
2025/04/16 04:07:00.920,n,13.799848,60.330396,0.000242,7.896005e-06,-3.201421e-07,4.642921e-06,9.63405,9.354526,9.0645,8.888582,10.027298,9.853886,9.719708,9.187592,8.89831,8.661262,0,0,0,0,0,0
2025/04/16 04:08:00.923,n,13.818112,60.490844,0.000242,7.23588e-06,-3.201421e-07,4.840707e-06,9.626762,9.354526,9.07034,8.89008,10.021392,9.859516,9.72246,9.183166,8.901074,8.655406,0,0,0,0,0,0
2025/04/16 04:09:00.926,n,13.809812,59.973216,0.000242,9.949644e-06,-5.665123e-06,8.061126e-06,9.623834,9.354526,9.065996,8.89008,10.022872,9.862266,9.719708,9.172918,8.89831,8.652478,0,0,0,0,0,0
2025/04/16 04:10:00.930,n,13.796578,59.727224,0.000263,1.176186e-05,-3.201421e-07,5.23659e-06,9.622354,9.353062,9.058628,8.88424,10.018544,9.856766,9.719708,9.171438,8.903856,8.651,0,0,0,0,0,0
2025/04/16 04:11:00.929,n,13.785004,60.02898,0.000242,7.286409e-06,-1.115858e-05,4.81039e-06,9.617928,9.351582,9.060092,8.878336,10.014134,9.856766,9.72246,9.167062,8.903856,8.64807,0,0,0,0,0,0
2025/04/16 04:12:00.928,n,13.794918,60.49246,0.000247,9.184252e-06,-1.115858e-05,5.876153e-06,9.609176,9.358902,9.061556,8.88424,10.022872,9.856766,9.71696,9.167062,8.901074,8.64807,0,0,0,0,0,0
2025/04/16 04:13:00.919,n,13.770062,59.628832,0.000237,8.872014e-06,-1.115858e-05,6.253782e-06,9.632586,9.333996,9.0645,8.878336,10.024336,9.853886,9.728104,9.184662,8.906606,8.661262,0,0,0,0,0,0
2025/04/16 04:14:00.920,n,13.75356,60.235424,0.000237,5.157783e-06,-1.115858e-05,4.691386e-06,9.623834,9.336958,9.0645,8.8798,10.008292,9.856766,9.72246,9.181686,8.901074,8.652478,0,0,0,0,0,0
2025/04/16 04:15:00.923,n,13.768452,60.065012,0.000226,8.136774e-06,-1.650356e-05,4.848566e-06,9.620856,9.335494,9.06746,8.875392,10.012638,9.851138,9.72246,9.169974,8.906606,8.651,0,0,0,0,0,0
2025/04/16 04:16:00.922,n,13.75522,60.667552,0.000231,6.977008e-06,-1.115858e-05,5.620741e-06,9.616448,9.344276,9.058628,8.8798,10.006828,9.856766,9.728104,9.171438,8.901074,8.656886,0,0,0,0,0,0
2025/04/16 04:17:00.927,n,13.723774,60.557932,0.000242,8.847518e-06,5.173311e-06,9.341486e-06,9.620856,9.339902,9.05134,8.887118,10.014134,9.859516,9.72534,9.167062,8.89831,8.652478,0,0,0,0,0,0
2025/04/16 04:18:00.926,n,13.715474,60.4761,0.000242,9.09037e-06,-5.665123e-06,7.165574e-06,9.617928,9.345742,9.052804,8.88131,10.012638,9.853886,9.71696,9.169974,8.895478,8.646606,0,0,0,0,0,0
2025/04/16 04:19:00.927,n,13.700532,60.628296,0.000247,8.258437e-06,-5.665123e-06,3.144543e-06,9.617928,9.347206,9.054302,8.878336,10.009758,9.856766,9.719708,9.165598,8.903856,8.646606,0,0,0,0,0,0
2025/04/16 04:20:00.927,n,13.707172,60.649536,0.000231,5.071906e-06,-1.650356e-05,7.708611e-06,9.60327,9.344276,9.0469,8.87687,9.996612,9.856766,9.72534,9.155316,8.909452,8.643662,0,0,0,0,0,0
2025/04/16 04:21:00.929,n,13.664104,60.670824,0.000237,7.98775e-06,-1.650356e-05,6.535922e-06,9.601854,9.344276,9.052804,8.873928,10.003916,9.856766,9.719708,9.158278,8.909452,8.64807,0,0,0,0,0,0
2025/04/16 04:22:00.917,n,13.61108,61.154664,0.000242,5.344272e-06,-5.665123e-06,5.802827e-06,9.610672,9.325276,9.057116,8.866624,9.995132,9.853886,9.72534,9.177342,8.901074,8.656886,0,0,0,0,0,0
2025/04/16 04:23:00.919,n,13.609468,61.138304,0.000226,8.302123e-06,-1.115858e-05,2.704788e-06,9.610672,9.320836,9.060092,8.862184,9.995132,9.856766,9.733732,9.171438,8.903856,8.643662,0,0,0,0,0,0
2025/04/16 04:24:00.921,n,13.591256,61.422636,0.000237,5.698064e-06,-5.665123e-06,4.073861e-06,9.606232,9.332518,9.058628,8.866624,9.998076,9.851138,9.72534,9.174382,8.903856,8.649534,0,0,0,0,0,0
2025/04/16 04:25:00.923,n,13.529926,60.997828,0.000242,5.059155e-06,-1.115858e-05,6.356903e-06,9.601854,9.332518,9.049876,8.875392,9.989322,9.853886,9.72246,9.171438,8.901074,8.64807,0,0,0,0,0,0
2025/04/16 04:26:00.927,n,13.503414,60.372924,0.000252,7.027192e-06,5.173311e-06,4.917056e-06,9.604768,9.332518,9.048396,8.878336,9.989322,9.853886,9.711266,9.16851,8.89831,8.64516,0,0,0,0,0,0
2025/04/16 04:27:00.929,n,13.465328,60.997828,0.000263,8.670526e-06,2.165367e-05,6.688411e-06,9.601854,9.339902,9.048396,8.869552,9.980536,9.848372,9.719708,9.164182,8.895478,8.64072,0,0,0,0,0,0
2025/04/16 04:28:00.931,n,13.433834,61.120388,0.000252,7.224087e-06,1.081523e-05,4.939067e-06,9.594534,9.331084,9.045436,8.868088,9.971782,9.851138,9.719708,9.158278,8.903856,8.636328,0,0,0,0,0,0
2025/04/16 04:29:00.931,n,13.389108,61.660228,0.000268,5.986849e-06,1.081523e-05,4.917058e-06,9.5755,9.332518,9.029332,8.865144,9.960084,9.862266,9.730854,9.149494,8.912202,8.634848,0,0,0,0,0,0
2025/04/16 04:30:00.935,n,13.410686,61.864916,0.000284,1.096278e-05,2.165367e-05,4.559525e-06,9.579876,9.338422,9.038116,8.862184,9.96734,9.856766,9.72246,9.14803,8.903856,8.637792,0,0,0,0,0,0
2025/04/16 04:31:00.919,n,13.41396,61.625804,0.000321,2.841328e-05,8.163623e-05,3.234186e-05,9.612138,9.32967,9.07034,8.872496,9.987824,9.828766,9.691742,9.177342,8.87871,8.655406,0,0,0,0,0,0
2025/04/16 04:32:00.919,n,13.369232,61.869852,0.000316,6.699674e-06,6.515587e-05,9.480018e-06,9.607696,9.328206,9.060092,8.866624,9.977624,9.839992,9.705718,9.180222,8.881492,8.659782,0,0,0,0,0,0
2025/04/16 04:33:00.920,n,13.347652,62.063016,0.000316,4.720447e-06,7.614277e-05,5.958514e-06,9.60044,9.331084,9.055716,8.868088,9.968836,9.828766,9.697338,9.175878,8.889964,8.656886,0,0,0,0,0,0
2025/04/16 04:34:00.921,n,13.312886,62.190552,0.000321,6.840125e-06,8.163623e-05,6.416849e-06,9.584316,9.3223,9.049876,8.869552,9.961562,9.834394,9.70012,9.172918,8.892714,8.653942,0,0,0,0,0,0
2025/04/16 04:35:00.927,n,13.302926,62.206908,0.000321,5.251117e-06,8.163623e-05,3.601746e-06,9.582852,9.326742,9.05134,8.87687,9.955708,9.839992,9.705718,9.164182,8.892714,8.64072,0,0,0,0,0,0
2025/04/16 04:36:00.926,n,13.283002,62.390064,0.000347,9.662172e-06,9.247466e-05,1.391218e-05,9.576948,9.332518,9.038116,8.872496,9.95128,9.84274,9.711266,9.162686,8.884336,8.6422,0,0,0,0,0,0
2025/04/16 04:37:00.931,n,13.233296,62.595876,0.000352,9.385998e-06,0.000114,6.547441e-06,9.5741,9.328206,9.041092,8.868088,9.944024,9.839992,9.71696,9.153902,8.901074,8.634848,0,0,0,0,0,0
2025/04/16 04:38:00.931,n,13.18681,61.95984,0.000363,9.359534e-06,0.000114,8.821342e-06,9.56525,9.326742,9.036652,8.871016,9.944024,9.84559,9.705718,9.153902,8.903856,8.633416,0,0,0,0,0,0
2025/04/16 04:39:00.935,n,13.221626,62.172584,0.000374,8.236506e-06,0.000147,7.162214e-06,9.563786,9.325276,9.020548,8.857808,9.93667,9.851138,9.708484,9.142158,8.903856,8.626034,0,0,0,0,0,0
2025/04/16 04:40:00.921,n,13.15698,61.448852,0.000411,1.125468e-05,0.000163,1.054201e-05,9.5741,9.30914,9.036652,8.84756,9.930828,9.851138,9.71696,9.159758,8.909452,8.631952,0,0,0,0,0,0
2025/04/16 04:41:00.922,n,13.153706,61.840404,0.000426,1.335763e-05,0.00019,1.302514e-05,9.568194,9.303268,9.042558,8.848992,9.932292,9.84274,9.714112,9.152438,8.901074,8.643662,0,0,0,0,0,0
2025/04/16 04:42:00.924,n,13.128754,61.18894,0.000458,1.10779e-05,0.000223,1.061212e-05,9.560938,9.310604,9.039612,8.848992,9.917698,9.848372,9.714112,9.156814,8.903856,8.637792,0,0,0,0,0,0
2025/04/16 04:43:00.925,n,13.098874,61.864916,0.000484,1.015705e-05,0.000256,1.15215e-05,9.559474,9.303268,9.024924,8.850456,9.922106,9.848372,9.714112,9.150972,8.901074,8.637792,0,0,0,0,0,0
2025/04/16 04:44:00.913,n,13.113812,61.596364,0.000532,1.317141e-05,0.000299,1.473521e-05,9.54628,9.297394,9.039612,8.829962,9.930828,9.84274,9.71696,9.140692,8.906606,8.64516,0,0,0,0,0,0
2025/04/16 04:45:00.934,n,13.052438,61.696268,0.000548,1.423777e-05,0.000321,1.283279e-05,9.53891,9.312084,9.014676,8.857808,9.913288,9.83724,9.711266,9.145068,8.901074,8.626034,0,0,0,0,0,0
2025/04/16 04:46:00.930,n,13.049164,62.089184,0.000595,1.258968e-05,0.000348,9.57298e-06,9.534584,9.304764,9.013212,8.84756,9.90307,9.84274,9.711266,9.140692,8.901074,8.627512,0,0,0,0,0,0
2025/04/16 04:47:00.935,n,13.044136,62.14148,0.000637,1.415404e-05,0.000403,1.307533e-05,9.528678,9.314982,9.014676,8.846064,9.91041,9.848372,9.711266,9.134838,8.912202,8.627512,0,0,0,0,0,0
2025/04/16 04:48:00.918,n,13.00102,61.810964,0.000674,1.671838e-05,0.000446,1.219775e-05,9.543336,9.288642,9.024924,8.838712,9.911824,9.848372,9.711266,9.149494,8.903856,8.64072,0,0,0,0,0,0
2025/04/16 04:49:00.909,n,13.020944,62.6302,0.000732,1.838594e-05,0.000501,1.844711e-05,9.528678,9.297394,9.024924,8.835802,9.91041,9.84559,9.714112,9.142158,8.906606,8.639256,0,0,0,0,0,0
2025/04/16 04:50:00.910,n,12.98774,63.214428,0.000769,1.661544e-05,0.00055,1.56282e-05,9.521422,9.290108,9.019052,8.827018,9.904536,9.851138,9.719708,9.133372,8.909452,8.631952,0,0,0,0,0,0
2025/04/16 04:51:00.915,n,12.939644,62.796804,0.000827,1.628624e-05,0.000615,2.137805e-05,9.528678,9.29445,9.027868,8.83728,9.913288,9.848372,9.71696,9.140692,8.901074,8.643662,0,0,0,0,0,0
2025/04/16 04:52:00.913,n,12.944622,63.597388,0.00088,1.819949e-05,0.00067,1.833077e-05,9.528678,9.290108,9.02346,8.827018,9.91041,9.851138,9.71696,9.146532,8.914998,8.64807,0,0,0,0,0,0
2025/04/16 04:53:00.915,n,12.881538,62.767408,0.000953,1.911462e-05,0.00073,1.800537e-05,9.530176,9.284234,9.024924,8.831426,9.901608,9.848372,9.72246,9.142158,8.912202,8.64516,0,0,0,0,0,0
2025/04/16 04:54:00.917,n,12.869916,63.654368,0.001017,2.06171e-05,0.000806,2.307974e-05,9.53603,9.290108,9.019052,8.831426,9.89723,9.851138,9.71696,9.14803,8.906606,8.64516,0,0,0,0,0,0
2025/04/16 04:55:00.921,n,12.833394,63.553396,0.001075,1.717817e-05,0.000871,2.220984e-05,9.528678,9.291572,9.020548,8.828498,9.894318,9.84559,9.71696,9.149494,8.912202,8.639256,0,0,0,0,0,0
2025/04/16 04:56:00.920,n,12.904782,64.074152,0.001164,2.561238e-05,0.000958,2.550724e-05,9.530176,9.284234,9.019052,8.840178,9.888476,9.84559,9.711266,9.149494,8.906606,8.64072,0,0,0,0,0,0
2025/04/16 04:57:00.921,n,12.883198,64.009108,0.001238,2.605406e-05,0.00104,2.802186e-05,9.527214,9.275418,9.014676,8.831426,9.875314,9.848372,9.71696,9.145068,8.914998,8.629008,0,0,0,0,0,0
2025/04/16 04:58:00.909,n,12.828412,62.656372,0.001317,2.615225e-05,0.001122,2.749314e-05,9.502372,9.291572,9.004428,8.81381,9.885532,9.848372,9.711266,9.128998,8.912202,8.624568,0,0,0,0,0,0
2025/04/16 04:59:00.912,n,12.828412,63.664136,0.001412,2.916265e-05,0.001231,3.273707e-05,9.496514,9.279858,9.011748,8.819682,9.884066,9.84274,9.719708,9.123094,8.914998,8.631952,0,0,0,0,0,0
2025/04/16 05:00:00.915,n,12.806832,64.246512,0.001533,3.183564e-05,0.001329,3.07228e-05,9.500892,9.266698,9.004428,8.81381,9.878242,9.84274,9.711266,9.134838,8.909452,8.637792,0,0,0,0,0,0
2025/04/16 05:01:00.926,n,12.78027,64.04978,0.001686,2.145237e-05,0.001497,1.914149e-05,9.527214,9.287178,9.014676,8.84756,9.881188,9.809226,9.680566,9.155316,8.87871,8.639256,0,0,0,0,0,0
2025/04/16 05:02:00.927,n,12.768598,63.8302,0.001791,3.054466e-05,0.001606,2.916832e-05,9.509676,9.291572,9.010268,8.844584,9.875314,9.81762,9.691742,9.146532,8.884336,8.633416,0,0,0,0,0,0
2025/04/16 05:03:00.928,n,12.758686,64.305052,0.001891,3.16298e-05,0.001709,2.991007e-05,9.511124,9.285698,8.999988,8.844584,9.86508,9.823118,9.691742,9.145068,8.895478,8.626034,0,0,0,0,0,0
2025/04/16 05:04:00.917,n,12.723824,64.331176,0.001986,3.046334e-05,0.001807,3.333523e-05,9.500892,9.271074,9.00734,8.819682,9.873834,9.828766,9.70012,9.134838,8.903856,8.634848,0,0,0,0,0,0
2025/04/16 05:05:00.917,n,12.67392,64.378496,0.002107,3.527306e-05,0.001922,3.493862e-05,9.499394,9.263738,8.998524,8.818218,9.868026,9.83724,9.708484,9.133372,8.903856,8.630472,0,0,0,0,0,0
2025/04/16 05:06:00.920,n,12.630806,64.7325,0.002228,3.882585e-05,0.002041,3.908479e-05,9.5053,9.25933,8.99706,8.815274,9.860704,9.834394,9.705718,9.133372,8.909452,8.623104,0,0,0,0,0,0
2025/04/16 05:07:00.920,n,12.635738,65.009452,0.002365,4.181956e-05,0.002166,3.886841e-05,9.487698,9.257848,8.988276,8.80797,9.849022,9.83724,9.705718,9.12015,8.912202,8.615786,0,0,0,0,0,0
2025/04/16 05:08:00.908,n,12.605854,64.88562,0.002491,4.046097e-05,0.002302,3.690429e-05,9.468698,9.265202,8.976582,8.812346,9.860704,9.839992,9.702886,9.111396,8.914998,8.615786,0,0,0,0,0,0
2025/04/16 05:09:00.910,n,12.594234,65.043632,0.002654,4.245531e-05,0.00246,4.147013e-05,9.467232,9.263738,8.976582,8.794746,9.851934,9.834394,9.71696,9.108468,8.912202,8.611362,0,0,0,0,0,0
2025/04/16 05:10:00.912,n,12.559368,64.797632,0.002812,4.666365e-05,0.002634,4.800515e-05,9.48189,9.250578,8.975084,8.805026,9.854862,9.83724,9.711266,9.114308,8.923472,8.615786,0,0,0,0,0,0
2025/04/16 05:11:00.913,n,12.514496,64.690064,0.00298,5.3548e-05,0.002792,5.153372e-05,9.471608,9.253506,8.9839,8.805026,9.843114,9.84274,9.705718,9.123094,8.914998,8.609882,0,0,0,0,0,0
2025/04/16 05:12:00.914,n,12.514496,64.64602,0.003138,4.672031e-05,0.002949,4.385771e-05,9.477482,9.244702,8.976582,8.788876,9.840268,9.84274,9.702886,9.112876,8.914998,8.617266,0,0,0,0,0,0
2025/04/16 05:13:00.919,n,12.509468,64.613404,0.003254,3.629889e-05,0.003091,4.352465e-05,9.473072,9.241792,8.98099,8.802052,9.825642,9.83724,9.714112,9.114308,8.923472,8.612858,0,0,0,0,0,0
2025/04/16 05:14:00.919,n,12.553048,65.210328,0.00358,6.368686e-05,0.003422,6.100264e-05,9.500582,9.261982,8.996848,8.832662,9.851674,9.782298,9.65089,9.14188,8.85475,8.641954,0,0,0,0,0,0
2025/04/16 05:15:00.920,n,12.521454,64.682496,0.003716,3.99427e-05,0.00353,3.828544e-05,9.480182,9.260518,8.986568,8.823814,9.848778,9.782298,9.65364,9.130184,8.863046,8.639012,0,0,0,0,0,0
2025/04/16 05:16:00.908,n,12.551388,64.641724,0.003774,2.212405e-05,0.003628,2.694945e-05,9.471396,9.275206,8.977752,8.817974,9.844336,9.77945,9.648042,9.121416,8.8575,8.622828,0,0,0,0,0,0
2025/04/16 05:17:00.913,n,12.513154,64.940016,0.004026,7.49116e-05,0.003834,6.535785e-05,9.472796,9.261982,8.989464,8.809192,9.841456,9.782298,9.65089,9.119936,8.86025,8.619884,0,0,0,0,0,0
2025/04/16 05:18:00.914,n,12.465206,64.64988,0.004316,9.062324e-05,0.004155,9.28156e-05,9.474276,9.26346,8.99096,8.81059,9.842872,9.77667,9.645276,9.134592,8.86025,8.622828,0,0,0,0,0,0
2025/04/16 05:19:00.914,n,12.417206,64.912284,0.00461,8.689718e-05,0.004453,8.649282e-05,9.465524,9.25323,8.985088,8.797432,9.838528,9.77945,9.65364,9.118472,8.8575,8.631644,0,0,0,0,0,0
2025/04/16 05:20:00.916,n,12.382488,64.195144,0.004867,8.057791e-05,0.004692,6.977304e-05,9.468484,9.245892,8.98068,8.81059,9.832638,9.782298,9.648042,9.12872,8.863046,8.630164,0,0,0,0,0,0
2025/04/16 05:21:00.917,n,12.36755,64.414972,0.005087,5.965404e-05,0.004877,5.232978e-05,9.461114,9.257638,8.976304,8.803286,9.823868,9.77945,9.65364,9.125792,8.86025,8.631644,0,0,0,0,0,0
2025/04/16 05:22:00.922,n,12.364278,64.848708,0.005224,4.50481e-05,0.004985,3.526368e-05,9.459636,9.24446,8.973376,8.803286,9.82102,9.77107,9.65089,9.122848,8.8575,8.625772,0,0,0,0,0,0
2025/04/16 05:23:00.922,n,12.331124,65.857596,0.005329,3.431301e-05,0.005028,1.22805e-05,9.458236,9.251764,8.964592,8.801806,9.81954,9.77945,9.65364,9.124312,8.863046,8.616958,0,0,0,0,0,0
2025/04/16 05:24:00.925,n,12.314618,65.9096,0.005402,2.018548e-05,0.005094,2.407137e-05,9.468484,9.241516,8.97188,8.80475,9.807858,9.77667,9.65089,9.127256,8.8575,8.6287,0,0,0,0,0,0
2025/04/16 05:25:00.913,n,12.271504,66.034644,0.005429,1.499644e-05,0.00518,2.556391e-05,9.436224,9.248836,8.960184,8.797432,9.82102,9.77667,9.648042,9.115512,8.8575,8.622828,0,0,0,0,0,0
2025/04/16 05:26:00.914,n,12.25666,65.930688,0.005507,1.811297e-05,0.005251,2.247995e-05,9.440634,9.248836,8.9704,8.795968,9.81513,9.77667,9.639648,9.106778,8.863046,8.618422,0,0,0,0,0,0
2025/04/16 05:27:00.915,n,12.233418,65.288452,0.00556,1.86172e-05,0.005343,2.622801e-05,9.456738,9.238572,8.97188,8.790064,9.807858,9.77667,9.648042,9.111104,8.86025,8.616958,0,0,0,0,0,0
2025/04/16 05:28:00.915,n,12.213594,65.826736,0.005638,2.373933e-05,0.005451,3.59326e-05,9.427456,9.226892,8.958722,8.79156,9.809258,9.782298,9.645276,9.105312,8.863046,8.616958,0,0,0,0,0,0
2025/04/16 05:29:00.921,n,12.25002,66.255392,0.00577,3.431301e-05,0.005603,4.522395e-05,9.452362,9.23561,8.952848,8.7886,9.796096,9.77667,9.642494,9.111104,8.85475,8.615478,0,0,0,0,0,0
2025/04/16 05:30:00.918,n,12.208566,66.050904,0.005927,4.382754e-05,0.005798,5.794415e-05,9.439136,9.22982,8.955776,8.787134,9.794664,9.77107,9.636898,9.106778,8.863046,8.611102,0,0,0,0,0,0
2025/04/16 05:31:00.930,n,12.25832,65.821852,0.006147,2.252195e-05,0.006069,2.546762e-05,9.449418,9.25323,8.958722,8.813534,9.797574,9.740404,9.608898,9.127256,8.823992,8.616958,0,0,0,0,0,0
2025/04/16 05:32:00.931,n,12.18708,64.454124,0.006341,6.016193e-05,0.006286,6.510435e-05,9.43476,9.245892,8.949936,8.809192,9.782948,9.75438,9.617278,9.118472,8.843512,8.608174,0,0,0,0,0,0
2025/04/16 05:33:00.933,n,12.173848,65.04592,0.006598,7.237879e-05,0.006508,6.885694e-05,9.436224,9.245892,8.930842,8.801806,9.778572,9.765524,9.636898,9.105312,8.840666,8.603734,0,0,0,0,0,0
2025/04/16 05:34:00.924,n,12.157296,64.871604,0.006829,7.528153e-05,0.006795,8.313145e-05,9.43476,9.22245,8.941088,8.790064,9.785878,9.762776,9.631352,9.114032,8.851872,8.615478,0,0,0,0,0,0
2025/04/16 05:35:00.922,n,12.142354,64.6075,0.007086,7.978598e-05,0.007115,9.598274e-05,9.425976,9.218076,8.944032,8.778352,9.784414,9.773918,9.639648,9.106778,8.863046,8.608174,0,0,0,0,0,0
2025/04/16 05:36:00.927,n,12.10754,64.571608,0.007353,8.11668e-05,0.007472,0.000107,9.423046,9.21954,8.93821,8.78128,9.768338,9.77667,9.645276,9.099408,8.86025,8.599392,0,0,0,0,0,0
2025/04/16 05:37:00.926,n,12.071114,65.36492,0.007664,9.201396e-05,0.007836,0.000111,9.415758,9.204914,8.926466,8.772464,9.75521,9.77945,9.65089,9.093568,8.863046,8.59643,0,0,0,0,0,0
2025/04/16 05:38:00.931,n,12.044598,65.01658,0.007974,9.83248e-05,0.008184,0.000103,9.424512,9.21661,8.932304,8.785688,9.756658,9.77667,9.639648,9.086184,8.86025,8.594952,0,0,0,0,0,0
2025/04/16 05:39:00.931,n,12.046262,65.130548,0.00831,0.000102,0.008494,9.192766e-05,9.404062,9.218076,8.916186,8.784224,9.753744,9.77107,9.639648,9.084752,8.86025,8.587648,0,0,0,0,0,0
2025/04/16 05:40:00.938,n,12.03796,65.576392,0.008657,0.000105,0.008803,9.554068e-05,9.40551,9.210706,8.911842,8.784224,9.744894,9.785146,9.639648,9.083288,8.868642,8.572962,0,0,0,0,0,0
2025/04/16 05:41:00.934,n,12.013104,66.33484,0.009046,0.000117,0.009166,0.000109,9.398158,9.20638,8.900098,8.776872,9.73912,9.77667,9.639648,9.087664,8.863046,8.580266,0,0,0,0,0,0
2025/04/16 05:42:00.940,n,11.963348,66.37542,0.009434,0.000124,0.009535,0.000112,9.390884,9.215132,8.901562,8.773976,9.740582,9.77107,9.636898,9.075968,8.863046,8.571482,0,0,0,0,0,0
2025/04/16 05:43:00.904,n,11.943524,65.901444,0.009849,0.000117,0.009861,9.98998e-05,9.376228,9.207794,8.901562,8.763664,9.7508,9.77107,9.648042,9.068664,8.868642,8.5788,0,0,0,0,0,0
2025/04/16 05:44:00.906,n,11.98166,66.135276,0.0102,0.000114,0.010164,8.909214e-05,9.377692,9.20345,8.910378,8.75781,9.742048,9.77667,9.645276,9.071592,8.868642,8.57002,0,0,0,0,0,0
2025/04/16 05:45:00.909,n,11.930244,66.177468,0.010552,0.000101,0.010468,8.86754e-05,9.377692,9.196082,8.907402,8.753434,9.743464,9.773918,9.639648,9.067184,8.871422,8.572962,0,0,0,0,0,0
2025/04/16 05:46:00.913,n,11.98008,66.346396,0.010987,0.000102,0.010847,8.100365e-05,9.394644,9.218938,8.928792,8.777734,9.764792,9.704432,9.564666,9.098856,8.793706,8.606126,0,0,0,0,0,0
2025/04/16 05:47:00.921,n,11.945264,66.419396,0.011349,0.000108,0.011129,8.408082e-05,9.404924,9.199872,8.931752,8.768984,9.758952,9.701682,9.573058,9.095926,8.788112,8.607588,0,0,0,0,0,0
2025/04/16 05:48:00.917,n,11.946926,66.268516,0.011705,0.000106,0.011438,8.927014e-05,9.39321,9.198392,8.918544,8.758736,9.744324,9.6989,9.564666,9.095926,8.793706,8.603148,0,0,0,0,0,0
2025/04/16 05:49:00.918,n,11.922024,66.2734,0.012056,0.000106,0.011741,8.991982e-05,9.403428,9.199872,8.927328,8.76604,9.750198,9.6989,9.567512,9.094414,8.790956,8.600222,0,0,0,0,0,0
2025/04/16 05:50:00.919,n,11.9021,65.981164,0.012407,0.000102,0.012033,8.759468e-05,9.39321,9.189624,8.924384,8.76604,9.744324,9.701682,9.567512,9.097392,8.796456,8.600222,0,0,0,0,0,0
2025/04/16 05:51:00.922,n,11.895558,65.977944,0.012679,7.861676e-05,0.012287,7.171778e-05,9.396074,9.196992,8.921474,8.764576,9.722408,9.701682,9.5618,9.092952,8.793706,8.601686,0,0,0,0,0,0
2025/04/16 05:52:00.910,n,11.868946,65.454552,0.012951,8.047935e-05,0.01252,6.954515e-05,9.375642,9.20724,8.90532,8.76604,9.748718,9.6989,9.559036,9.075366,8.790956,8.585568,0,0,0,0,0,0
2025/04/16 05:53:00.909,n,11.854054,65.695228,0.013187,7.47525e-05,0.012742,6.619252e-05,9.375642,9.199872,8.902392,8.761648,9.745788,9.6989,9.564666,9.07683,8.802084,8.585568,0,0,0,0,0,0
2025/04/16 05:54:00.911,n,11.837452,65.737464,0.013417,6.745948e-05,0.012953,6.522615e-05,9.368322,9.202832,8.906816,8.754296,9.737036,9.701682,9.5618,9.075366,8.796456,8.584086,0,0,0,0,0,0
2025/04/16 05:55:00.917,n,11.815968,66.169496,0.013689,8.45828e-05,0.013228,8.268467e-05,9.369802,9.18668,8.90976,8.752832,9.728252,9.6989,9.5618,9.079742,8.796456,8.587064,0,0,0,0,0,0
2025/04/16 05:56:00.915,n,11.796048,65.448012,0.013992,9.235836e-05,0.013504,8.82567e-05,9.366858,9.1838,8.899482,8.748426,9.722408,9.696054,9.57031,9.072422,8.802084,8.58116,0,0,0,0,0,0
2025/04/16 05:57:00.920,n,11.81426,66.091612,0.014263,7.712175e-05,0.013763,7.404123e-05,9.369802,9.18668,8.892128,8.748426,9.722408,9.6989,9.564666,9.079742,8.796456,8.589974,0,0,0,0,0,0
2025/04/16 05:58:00.922,n,11.769532,65.177848,0.01465,0.000119,0.014152,0.000123,9.360952,9.173552,8.895074,8.741104,9.715056,9.6989,9.559036,9.07683,8.802084,8.591438,0,0,0,0,0,0
2025/04/16 05:59:00.921,n,11.76289,65.674036,0.015272,0.000188,0.014774,0.000191,9.360952,9.167646,8.898016,8.742584,9.706302,9.690538,9.564666,9.082704,8.799236,8.585568,0,0,0,0,0,0
2025/04/16 06:00:00.925,n,11.76123,65.99904,0.016039,0.000236,0.015523,0.000227,9.360952,9.174984,8.886258,8.745514,9.709216,9.701682,9.567512,9.073886,8.802084,8.57532,0,0,0,0,0,0
2025/04/16 06:01:00.916,n,11.764504,65.586244,0.016771,0.000104,0.016214,9.871994e-05,9.377042,9.191088,8.91264,8.755792,9.725308,9.668054,9.525538,9.085646,8.765714,8.595846,0,0,0,0,0,0
2025/04/16 06:02:00.914,n,11.772804,65.648108,0.017514,0.000224,0.016948,0.000216,9.36388,9.188144,8.895074,8.755792,9.723874,9.673682,9.547908,9.082704,8.782598,8.592902,0,0,0,0,0,0
2025/04/16 06:03:00.916,n,11.784474,66.468032,0.018011,0.000139,0.017505,0.000167,9.327326,9.144238,8.86285,8.719114,9.684388,9.65979,9.52269,9.050478,8.757452,8.55325,0,0,0,0,0,0
2025/04/16 06:04:00.924,n,11.769532,67.001184,0.018048,1.721424e-05,0.017634,3.473451e-05,9.327326,9.128118,8.85841,8.719114,9.671228,9.662538,9.5284,9.047518,8.776872,8.550324,0,0,0,0,0,0
2025/04/16 06:05:00.920,n,11.73301,66.218176,0.018147,3.187457e-05,0.01777,4.364606e-05,9.327326,9.131014,8.855482,8.702964,9.674108,9.676434,9.533916,9.046038,8.77409,8.554746,0,0,0,0,0,0
2025/04/16 06:06:00.922,n,11.759522,66.294496,0.018137,1.126936e-05,0.017845,2.108305e-05,9.3522,9.158864,8.883328,8.733802,9.691676,9.687674,9.550656,9.069478,8.793706,8.578216,0,0,0,0,0,0
2025/04/16 06:07:00.924,n,11.75288,66.151672,0.018131,1.593729e-05,0.017915,2.72181e-05,9.356642,9.154488,8.871634,8.736682,9.697518,9.684826,9.54506,9.069478,8.782598,8.572376,0,0,0,0,0,0
2025/04/16 06:08:00.926,n,11.73135,64.914024,0.018189,2.760419e-05,0.01798,2.56156e-05,9.353666,9.160328,8.877474,8.733802,9.691676,9.682062,9.547908,9.068014,8.790956,8.57384,0,0,0,0,0,0
2025/04/16 06:09:00.927,n,11.73135,65.146936,0.018299,3.187457e-05,0.018072,2.981593e-05,9.343416,9.158864,8.867226,8.736682,9.679978,9.682062,9.556286,9.068014,8.790956,8.570912,0,0,0,0,0,0
2025/04/16 06:10:00.915,n,11.709816,65.420372,0.01846,5.12312e-05,0.018229,4.364606e-05,9.333136,9.160328,8.867226,8.724954,9.696118,9.682062,9.550656,9.059262,8.785346,8.57532,0,0,0,0,0,0
2025/04/16 06:11:00.916,n,11.719728,65.133948,0.018617,4.69181e-05,0.018359,4.11499e-05,9.334598,9.155952,8.867226,8.722044,9.696118,9.693302,9.550656,9.047518,8.793706,8.567936,0,0,0,0,0,0
2025/04/16 06:12:00.920,n,11.718068,64.574912,0.018675,2.909737e-05,0.018407,2.345905e-05,9.333136,9.142742,8.861386,8.716172,9.682924,9.679312,9.553438,9.053422,8.796456,8.570912,0,0,0,0,0,0
2025/04/16 06:13:00.920,n,11.728028,64.649916,0.018816,5.891768e-05,0.018537,5.634681e-05,9.325814,9.138334,8.86285,8.711764,9.684388,9.696054,9.553438,9.051944,8.793706,8.569416,0,0,0,0,0,0
2025/04/16 06:14:00.922,n,11.729642,65.164812,0.019046,7.503512e-05,0.018774,7.097612e-05,9.330256,9.138334,8.856946,8.716172,9.674108,9.687674,9.556286,9.054822,8.796456,8.559156,0,0,0,0,0,0
2025/04/16 06:15:00.925,n,11.789356,65.698448,0.019437,0.000119,0.019142,0.000115,9.337574,9.13692,8.855482,8.71321,9.672674,9.684826,9.550656,9.047518,8.799236,8.550324,0,0,0,0,0,0
2025/04/16 06:16:00.932,n,11.839112,65.625304,0.020058,0.000183,0.019752,0.000178,9.321422,9.12376,8.851106,8.701484,9.668298,9.693302,9.550656,9.043078,8.796456,8.548842,0,0,0,0,0,0
2025/04/16 06:17:00.933,n,11.844094,65.353676,0.020726,0.000215,0.020377,0.000196,9.32435,9.132494,8.840794,8.71765,9.660946,9.690538,9.556286,9.03579,8.796456,8.544452,0,0,0,0,0,0
2025/04/16 06:18:00.930,n,11.839112,65.799232,0.021211,0.000134,0.020836,0.00013,9.31563,9.132494,8.827636,8.71321,9.660946,9.696054,9.559036,9.03579,8.799236,8.544452,0,0,0,0,0,0
2025/04/16 06:19:00.920,n,11.97178,66.440444,0.021638,0.000137,0.021224,0.000123,9.30535,9.125174,8.83938,8.69711,9.674108,9.684826,9.556286,9.031382,8.799236,8.55325,0,0,0,0,0,0
2025/04/16 06:20:00.921,n,11.930326,64.382384,0.02194,8.126453e-05,0.021547,8.126453e-05,9.318574,9.12376,8.846698,8.701484,9.666834,9.684826,9.54506,9.041662,8.796456,8.55185,0,0,0,0,0,0
2025/04/16 06:21:00.920,n,11.938626,63.107532,0.022305,0.000114,0.021897,0.000108,9.31267,9.120798,8.849644,8.694148,9.668298,9.687674,9.553438,9.034326,8.802084,8.542972,0,0,0,0,0,0
2025/04/16 06:22:00.922,n,11.936962,64.7445,0.022362,3.187457e-05,0.021865,3.120345e-05,9.318574,9.119334,8.840794,8.695612,9.666834,9.693302,9.553438,9.038734,8.793706,8.554746,0,0,0,0,0,0
2025/04/16 06:23:00.928,n,12.009866,64.323648,0.022451,2.760419e-05,0.021929,1.721424e-05,9.32435,9.114894,8.837916,8.700052,9.659514,9.679312,9.550656,9.031382,8.799236,8.542972,0,0,0,0,0,0
2025/04/16 06:24:00.928,n,12.120542,65.202104,0.022722,5.927585e-05,0.022264,7.157007e-05,9.357764,9.16293,8.87562,8.746586,9.70466,9.674626,9.531898,9.080864,8.780516,8.583632,0,0,0,0,0,0
2025/04/16 06:25:00.926,n,12.103986,64.383744,0.02357,0.000275,0.023157,0.000285,9.365086,9.167372,8.871244,8.742178,9.70466,9.66615,9.529134,9.080864,8.783266,8.58804,0,0,0,0,0,0
2025/04/16 06:26:00.934,n,12.095684,63.799856,0.024137,0.000162,0.023673,0.000154,9.362206,9.16293,8.868268,8.752426,9.697338,9.671746,9.534778,9.063264,8.783266,8.573384,0,0,0,0,0,0
2025/04/16 06:27:00.932,n,12.132112,63.695704,0.024074,3.051758e-05,0.023576,4.507745e-05,9.357764,9.158522,8.859484,8.739218,9.701682,9.671746,9.534778,9.07361,8.78603,8.582168,0,0,0,0,0,0
2025/04/16 06:28:00.920,n,12.214974,65.478712,0.024293,3.903822e-05,0.023706,2.602548e-05,9.354836,9.157122,8.877084,8.728972,9.714876,9.663304,9.531898,9.067704,8.780516,8.586576,0,0,0,0,0,0
2025/04/16 06:29:00.920,n,12.266294,64.05532,0.024609,0.000129,0.024071,0.000149,9.353356,9.158522,8.871244,8.7319,9.719254,9.663304,9.531898,9.069184,8.777734,8.586576,0,0,0,0,0,0
2025/04/16 06:30:00.921,n,12.301056,63.144824,0.024417,5.245603e-05,0.024087,1.301274e-05,9.360742,9.157122,8.878548,8.728972,9.714876,9.668998,9.529134,9.072112,8.774888,8.59095,0,0,0,0,0,0
2025/04/16 06:31:00.913,n,12.3325,64.592628,0.024542,3.051758e-05,0.024178,3.737625e-05,9.370956,9.179066,8.88593,8.743644,9.739786,9.632636,9.495604,9.080864,8.741382,8.596822,0,0,0,0,0,0
2025/04/16 06:32:00.918,n,12.430256,64.811088,0.025014,0.00015,0.024383,6.571111e-05,9.36362,9.167372,8.884452,8.740682,9.729504,9.638248,9.509612,9.069184,8.758216,8.595358,0,0,0,0,0,0
2025/04/16 06:33:00.918,n,12.489826,64.763816,0.026312,0.000412,0.025177,0.000275,9.36362,9.164428,8.878548,8.736276,9.735378,9.64378,9.509612,9.070648,8.758216,8.598352,0,0,0,0,0,0
2025/04/16 06:34:00.923,n,12.51297,63.407376,0.025275,0.000344,0.024205,0.000322,9.369494,9.161466,8.877084,8.725996,9.729504,9.64103,9.518006,9.067704,8.763746,8.58804,0,0,0,0,0,0
2025/04/16 06:35:00.927,n,12.605694,63.510008,0.024719,0.000134,0.02362,0.000146,9.36362,9.145376,8.87417,8.73774,9.726592,9.64941,9.523602,9.064744,8.763746,8.579192,0,0,0,0,0,0
2025/04/16 06:36:00.925,n,12.698762,63.749464,0.023221,0.000485,0.022436,0.000376,9.370956,9.16293,8.872708,8.740682,9.73388,9.646626,9.506862,9.070648,8.755466,8.592414,0,0,0,0,0,0
2025/04/16 06:37:00.911,n,12.705452,63.208448,0.023638,0.000156,0.022963,0.000198,9.353356,9.165906,8.866804,8.730436,9.735378,9.64941,9.523602,9.05596,8.766592,8.579192,0,0,0,0,0,0
2025/04/16 06:38:00.914,n,12.793438,63.020852,0.02475,0.000384,0.024189,0.000413,9.354836,9.161466,8.86386,8.730436,9.736856,9.652174,9.518006,9.045712,8.77214,8.58067,0,0,0,0,0,0
2025/04/16 06:39:00.916,n,12.839924,62.243264,0.024449,0.000133,0.024028,9.315704e-05,9.359262,9.165906,8.865338,8.72162,9.736856,9.657772,9.51524,9.051552,8.769374,8.571888,0,0,0,0,0,0
2025/04/16 06:40:00.918,n,12.863216,62.589796,0.024345,4.997638e-05,0.024028,4.997638e-05,9.357764,9.155658,8.871244,8.720156,9.742666,9.64378,9.512376,9.054496,8.763746,8.58067,0,0,0,0,0,0
2025/04/16 06:41:00.920,n,12.921322,62.140236,0.025061,0.000223,0.024861,0.000263,9.36362,9.14393,8.862428,8.717212,9.735378,9.646626,9.51524,9.054496,8.763746,8.58067,0,0,0,0,0,0
2025/04/16 06:42:00.924,n,12.977718,62.517972,0.026489,0.000417,0.026548,0.000503,9.365086,9.146842,8.868268,8.718676,9.7412,9.64378,9.506862,9.0604,8.763746,8.583632,0,0,0,0,0,0
2025/04/16 06:43:00.923,n,13.012582,61.786672,0.029074,0.000789,0.02943,0.000899,9.369494,9.154146,8.869762,8.725996,9.736856,9.64378,9.506862,9.061866,8.758216,8.58067,0,0,0,0,0,0
2025/04/16 06:44:00.928,n,13.037534,61.631052,0.030611,0.000413,0.030745,0.000361,9.3739,9.146842,8.865338,8.734842,9.736856,9.64103,9.503984,9.064744,8.75262,8.573384,0,0,0,0,0,0
2025/04/16 06:45:00.929,n,13.097248,62.218752,0.031793,0.000373,0.03119,0.000148,9.376766,9.151218,8.85802,8.727492,9.739786,9.638248,9.509612,9.054496,8.758216,8.56748,0,0,0,0,0,0
2025/04/16 06:46:00.915,n,13.160236,62.027296,0.032679,0.000283,0.031448,7.753234e-05,9.365086,9.157122,8.85802,8.717212,9.751484,9.64103,9.498384,9.045712,8.75262,8.576328,0,0,0,0,0,0
2025/04/16 06:47:00.916,n,13.239926,61.0147,0.033289,0.000277,0.032219,0.00026,9.362206,9.149754,8.862428,8.714284,9.750004,9.64103,9.509612,9.05012,8.758216,8.570426,0,0,0,0,0,0
2025/04/16 06:48:00.918,n,13.30125,61.753908,0.03403,0.00025,0.033204,0.00031,9.367996,9.14393,8.868268,8.714284,9.754364,9.638248,9.498384,9.045712,8.758216,8.573384,0,0,0,0,0,0
2025/04/16 06:49:00.920,n,13.404084,61.328368,0.033817,0.000136,0.033777,0.000206,9.376766,9.149754,8.868268,8.714284,9.761702,9.638248,9.503984,9.051552,8.760998,8.573384,0,0,0,0,0,0
2025/04/16 06:50:00.920,n,13.44051,60.861036,0.035083,0.000391,0.034813,0.000339,9.38267,9.145376,8.86386,8.712804,9.761702,9.635402,9.503984,9.044232,8.746978,8.571888,0,0,0,0,0,0
2025/04/16 06:51:00.928,n,13.5201,60.40454,0.036622,0.000535,0.036148,0.000411,9.378278,9.14393,8.86386,8.714284,9.754364,9.638248,9.503984,9.0604,8.75262,8.56605,0,0,0,0,0,0
2025/04/16 06:52:00.923,n,13.662534,59.822752,0.037502,0.00035,0.036293,4.315837e-05,9.392902,9.142466,8.865338,8.718676,9.763166,9.627008,9.501136,9.057456,8.749742,8.576328,0,0,0,0,0,0
2025/04/16 06:53:00.931,n,13.715558,59.384472,0.037963,0.000189,0.036191,0.000117,9.398808,9.152682,8.862428,8.725996,9.766078,9.627008,9.490008,9.054496,8.746978,8.568946,0,0,0,0,0,0
2025/04/16 06:54:00.927,n,13.785092,59.174172,0.038273,0.00027,0.036807,0.000239,9.392902,9.149754,8.865338,8.725996,9.770454,9.627008,9.492756,9.054496,8.746978,8.56457,0,0,0,0,0,0
2025/04/16 06:55:00.912,n,13.829816,59.17744,0.038108,0.000199,0.03632,0.000257,9.387046,9.161466,8.872708,8.725996,9.793834,9.618662,9.487242,9.042768,8.744228,8.571888,0,0,0,0,0,0
2025/04/16 06:56:00.913,n,13.846372,58.70874,0.037331,0.000275,0.035103,0.000443,9.395864,9.160002,8.877084,8.718676,9.795298,9.618662,9.495604,9.045712,8.746978,8.571888,0,0,0,0,0,0
2025/04/16 06:57:00.921,n,13.927472,58.421048,0.036234,0.000409,0.034124,0.000309,9.392902,9.154146,8.87417,8.715748,9.79237,9.62416,9.492756,9.047176,8.741382,8.573384,0,0,0,0,0,0
2025/04/16 06:58:00.925,n,13.975472,58.258692,0.036431,9.01549e-05,0.033835,9.201396e-05,9.410488,9.151218,8.877084,8.723084,9.793834,9.62141,9.487242,9.05596,8.738632,8.573384,0,0,0,0,0,0
2025/04/16 06:59:00.921,n,13.998616,58.091308,0.036835,0.000148,0.033605,9.910208e-05,9.403152,9.151218,8.871244,8.711372,9.804084,9.62416,9.487242,9.047176,8.738632,8.576328,0,0,0,0,0,0
2025/04/16 07:00:00.925,n,14.01849,57.839992,0.036488,0.000116,0.033509,3.442847e-05,9.420754,9.157122,8.880028,8.720156,9.809972,9.618662,9.481614,9.051552,8.733088,8.577728,0,0,0,0,0,0
2025/04/16 07:01:00.922,n,14.121076,57.78418,0.03627,5.027799e-05,0.034199,0.000245,9.447092,9.170282,8.8947,8.730436,9.828976,9.587864,9.456494,9.063264,8.699596,8.593878,0,0,0,0,0,0
2025/04/16 07:02:00.921,n,14.13511,57.586128,0.035907,0.000105,0.036592,0.00083,9.402452,9.121286,8.85153,8.694636,9.797478,9.627038,9.487274,9.020158,8.741544,8.552242,0,0,0,0,0,0
2025/04/16 07:03:00.923,n,14.173146,57.039836,0.035694,0.000101,0.038246,0.000564,9.395164,9.125662,8.858914,8.691694,9.7931,9.621442,9.492788,9.023102,8.738698,8.558146,0,0,0,0,0,0
2025/04/16 07:04:00.911,n,14.264112,56.82568,0.036244,0.000224,0.038626,0.000344,9.383418,9.134512,8.842746,8.694636,9.80044,9.624192,9.492788,9.004038,8.749824,8.537588,0,0,0,0,0,0
2025/04/16 07:05:00.917,n,14.252542,56.657564,0.037005,0.000239,0.039817,0.000327,9.400972,9.13591,8.848634,8.687318,9.817928,9.627038,9.49554,9.011374,8.741544,8.543428,0,0,0,0,0,0
2025/04/16 07:06:00.919,n,14.315334,56.289692,0.037729,0.000572,0.040415,0.000597,9.406878,9.133016,8.857434,8.693172,9.816484,9.627038,9.49554,9.014318,8.747074,8.541964,0,0,0,0,0,0
2025/04/16 07:07:00.917,n,14.336864,56.033784,0.039368,0.000869,0.040436,0.000375,9.403948,9.119824,8.847154,8.681414,9.819394,9.632636,9.49554,9.004038,8.749824,8.540498,0,0,0,0,0,0
2025/04/16 07:08:00.922,n,14.4376,55.8603,0.041365,0.000956,0.042942,0.001276,9.411252,9.12423,8.85597,8.685822,9.8253,9.627038,9.49554,9.015782,8.744292,8.543428,0,0,0,0,0,0
2025/04/16 07:09:00.924,n,14.495462,55.779292,0.040215,0.000913,0.044845,0.000727,9.428856,9.127128,8.866218,8.694636,9.823834,9.627038,9.492788,9.017198,8.744292,8.543428,0,0,0,0,0,0
2025/04/16 07:10:00.925,n,14.49048,55.124264,0.03849,0.000612,0.043059,0.000553,9.431734,9.122752,8.860378,8.684358,9.829612,9.624192,9.492788,9.011374,8.744292,8.549314,0,0,0,0,0,0
2025/04/16 07:11:00.927,n,14.513622,55.284176,0.033356,0.001478,0.036956,0.001811,9.440552,9.131536,8.861842,8.6961,9.841374,9.624192,9.49554,9.018662,8.741544,8.537588,0,0,0,0,0,0
2025/04/16 07:12:00.929,n,14.566506,55.102824,0.031067,0.000647,0.033252,0.001448,9.439072,9.133016,8.860378,8.70194,9.832588,9.624192,9.498418,9.017198,8.738698,8.539052,0,0,0,0,0,0
2025/04/16 07:13:00.914,n,14.592922,55.1143,0.030891,0.00011,0.032807,0.000161,9.431734,9.146192,8.857434,8.69758,9.853056,9.615814,9.487274,9.002558,8.738698,8.540498,0,0,0,0,0,0
2025/04/16 07:14:00.915,n,14.602882,54.873532,0.030253,0.000271,0.032599,0.000347,9.442016,9.140286,8.861842,8.694636,9.84575,9.615814,9.487274,9.006934,8.738698,8.543428,0,0,0,0,0,0
2025/04/16 07:15:00.917,n,14.644094,54.465668,0.031093,0.000292,0.035075,0.000681,9.444926,9.141766,8.873602,8.6961,9.855968,9.621442,9.487274,9.006934,8.724678,8.541964,0,0,0,0,0,0
2025/04/16 07:16:00.920,n,14.657326,54.442524,0.032139,0.000293,0.034375,0.000371,9.452232,9.146192,8.876464,8.6961,9.863276,9.613048,9.481646,9.015782,8.733152,8.54637,0,0,0,0,0,0
2025/04/16 07:17:00.925,n,14.660596,54.617624,0.035529,0.001075,0.037235,0.001057,9.462482,9.149102,8.886744,8.6961,9.869132,9.615814,9.478896,9.015782,8.735916,8.55081,0,0,0,0,0,0
2025/04/16 07:18:00.927,n,14.63091,54.459028,0.040725,0.001635,0.039053,0.000621,9.461018,9.147672,8.883882,8.704884,9.867682,9.624192,9.484396,9.021622,8.727524,8.54637,0,0,0,0,0,0
2025/04/16 07:19:00.925,n,14.68047,54.83388,0.04392,0.001062,0.038545,0.000201,9.47714,9.15644,8.8926,8.70786,9.872028,9.613048,9.470502,9.028942,8.724678,8.55372,0,0,0,0,0,0
2025/04/16 07:20:00.929,n,14.708546,54.79428,0.041241,0.00113,0.040191,0.000631,9.484396,9.154976,8.889656,8.716628,9.876436,9.613048,9.473284,9.021622,8.713536,8.55372,0,0,0,0,0,0
2025/04/16 07:21:00.929,n,14.764648,54.42602,0.040994,0.00063,0.043755,0.001076,9.48737,9.152046,8.88237,8.713666,9.880814,9.610184,9.470502,9.027526,8.72193,8.54637,0,0,0,0,0,0
2025/04/16 07:22:00.914,n,14.767922,54.414448,0.038893,0.000737,0.04421,0.000163,9.474212,9.165192,8.89112,8.713666,9.895424,9.60742,9.476048,9.008412,8.71918,8.55081,0,0,0,0,0,0
2025/04/16 07:23:00.919,n,14.8521,54.062252,0.037052,0.000632,0.045475,0.000465,9.485892,9.1696,8.894064,8.715162,9.88667,9.613048,9.470502,9.020158,8.716302,8.56109,0,0,0,0,0,0
2025/04/16 07:24:00.917,n,14.903272,53.54736,0.037585,0.000374,0.05088,0.001762,9.49178,9.162294,8.907288,8.715162,9.901264,9.610184,9.467752,9.018662,8.716302,8.552242,0,0,0,0,0,0
2025/04/16 07:25:00.924,n,14.900002,53.33022,0.039151,0.000445,0.059239,0.002099,9.497588,9.172544,8.919,8.71957,9.905674,9.60192,9.467752,9.024566,8.708006,8.56696,0,0,0,0,0,0
2025/04/16 07:26:00.924,n,14.866406,53.387664,0.037444,0.000363,0.059296,0.001197,9.485956,9.157984,8.894128,8.696164,9.889632,9.631302,9.505512,9.005568,8.754232,8.546468,0,0,0,0,0,0
2025/04/16 07:27:00.923,n,14.874706,53.33796,0.035829,0.00051,0.052432,0.001892,9.49471,9.16088,8.901498,8.704982,9.89113,9.63698,9.502762,9.02019,8.740258,8.556746,0,0,0,0,0,0
2025/04/16 07:28:00.926,n,14.912648,53.352852,0.038706,0.000883,0.059804,0.002738,9.49471,9.147672,8.902962,8.707876,9.896986,9.63698,9.500012,9.017312,8.745888,8.536156,0,0,0,0,0,0
2025/04/16 07:29:00.927,n,14.91758,53.331268,0.039966,0.000452,0.064372,0.001985,9.49619,9.15504,8.904442,8.712316,9.896986,9.634166,9.502762,9.026062,8.745888,8.5553,0,0,0,0,0,0
2025/04/16 07:30:00.929,n,14.915966,53.639524,0.044512,0.001496,0.065966,0.000707,9.510816,9.16532,8.902962,8.716724,9.898384,9.639778,9.500012,9.015846,8.745888,8.549396,0,0,0,0,0,0
2025/04/16 07:31:00.908,n,15.006692,53.457296,0.049116,0.000902,0.054713,0.005028,9.513776,9.196016,8.913242,8.743106,9.936426,9.606262,9.474846,9.02315,8.717978,8.553836,0,0,0,0,0,0
2025/04/16 07:32:00.910,n,15.086212,53.104672,0.05257,0.0013,0.053348,0.001951,9.481956,9.159872,8.887298,8.701094,9.90748,9.605402,9.471268,8.979672,8.70599,8.513272,0,0,0,0,0,0
2025/04/16 07:33:00.916,n,15.19339,52.571712,0.051005,0.001618,0.050237,0.000755,9.492236,9.167158,8.88437,8.704022,9.911824,9.605402,9.46279,8.995742,8.70324,8.525016,0,0,0,0,0,0
2025/04/16 07:34:00.916,n,15.232942,51.590608,0.049892,0.00169,0.053672,0.001565,9.48633,9.156942,8.900456,8.69519,9.914786,9.605402,9.474032,8.982582,8.719994,8.520576,0,0,0,0,0,0
2025/04/16 07:35:00.918,n,15.22474,51.807892,0.048047,0.00122,0.051187,0.001093,9.496548,9.167158,8.89465,8.701094,9.923508,9.608152,9.474032,8.988424,8.714366,8.538206,0,0,0,0,0,0
2025/04/16 07:36:00.921,n,15.277474,52.028352,0.052652,0.002165,0.053645,0.00162,9.505396,9.158408,8.904864,8.69815,9.935206,9.605402,9.47966,8.989902,8.719994,8.538206,0,0,0,0,0,0
2025/04/16 07:37:00.925,n,15.325276,51.910676,0.057827,0.001477,0.050699,0.000797,9.505396,9.155464,8.90192,8.689334,9.93667,9.608152,9.476782,8.997208,8.70877,8.535262,0,0,0,0,0,0
2025/04/16 07:38:00.927,n,15.321958,51.490996,0.055506,0.001567,0.048952,0.00129,9.51856,9.152534,8.910736,8.702558,9.93374,9.602554,9.47966,9.001646,8.717148,8.52796,0,0,0,0,0,0
2025/04/16 07:39:00.929,n,15.349984,51.680208,0.057023,0.001231,0.051442,0.001384,9.53603,9.165712,8.91368,8.71134,9.938168,9.605402,9.474032,9.00599,8.70877,8.533798,0,0,0,0,0,0
2025/04/16 07:40:00.913,n,15.359844,51.739924,0.049712,0.004094,0.06397,0.004603,9.511172,9.171568,8.90192,8.706932,9.9498,9.61095,9.476782,8.984048,8.70599,8.533798,0,0,0,0,0,0
2025/04/16 07:41:00.914,n,15.424104,51.148952,0.042948,0.002186,0.04202,0.004914,9.515614,9.174496,8.910736,8.717212,9.952778,9.61095,9.476782,8.989902,8.719994,8.519112,0,0,0,0,0,0
2025/04/16 07:42:00.919,n,15.414242,51.2951,0.053377,0.001358,0.062606,0.002844,9.52287,9.181816,8.931296,8.71578,9.961498,9.599772,9.465572,9.001646,8.70877,8.541134,0,0,0,0,0,0
2025/04/16 07:43:00.921,n,15.356576,51.348276,0.049491,0.001525,0.050545,0.00385,9.531704,9.173032,8.929832,8.714284,9.967372,9.608152,9.471268,8.995742,8.70324,8.532334,0,0,0,0,0,0
2025/04/16 07:44:00.921,n,15.438946,51.535868,0.049378,0.001171,0.049961,0.000667,9.540458,9.181816,8.923928,8.724564,9.974662,9.599772,9.471268,9.004592,8.70877,8.54554,0,0,0,0,0,0
2025/04/16 07:45:00.923,n,15.46185,51.520932,0.051849,0.00088,0.048946,0.000934,9.552154,9.178872,8.928368,8.72162,9.980536,9.602554,9.46842,9.004592,8.70877,8.54258,0,0,0,0,0,0
2025/04/16 07:46:00.927,n,15.493294,51.296856,0.048124,0.000733,0.046381,0.001166,9.565314,9.184776,8.941576,8.727492,9.981998,9.594176,9.46279,9.014838,8.70324,8.549948,0,0,0,0,0,0
2025/04/16 07:47:00.926,n,15.506528,51.009352,0.039812,0.003487,0.040452,0.003205,9.558058,9.183312,8.938616,8.723084,9.980536,9.591426,9.46279,9.011894,8.69488,8.554324,0,0,0,0,0,0
2025/04/16 07:48:00.928,n,15.496564,51.09744,0.04123,0.00147,0.048904,0.00415,9.572636,9.183312,8.943056,8.724564,9.987856,9.591426,9.46842,9.014838,8.69763,8.544078,0,0,0,0,0,0
2025/04/16 07:49:00.920,n,15.509846,51.376496,0.041885,0.000904,0.050301,0.002898,9.559524,9.205256,8.944456,8.727492,9.999538,9.599772,9.465572,9.00599,8.70324,8.551414,0,0,0,0,0,0
2025/04/16 07:50:00.920,n,15.519806,51.255256,0.051242,0.002982,0.079086,0.010374,9.568258,9.202378,8.943056,8.726028,9.996612,9.599772,9.474032,8.99867,8.69763,8.551414,0,0,0,0,0,0
2025/04/16 07:51:00.918,n,15.513166,51.308428,0.058461,0.003043,0.085019,0.00498,9.578476,9.216936,8.951776,8.733314,10.011238,9.594176,9.454412,9.007454,8.686504,8.552892,0,0,0,0,0,0
2025/04/16 07:52:00.920,n,15.488362,51.52586,0.053407,0.003504,0.053922,0.013191,9.584382,9.20672,8.967928,8.739186,10.014134,9.588662,9.46004,9.01336,8.689252,8.56317,0,0,0,0,0,0
2025/04/16 07:53:00.921,n,15.546224,51.457844,0.065328,0.003458,0.080767,0.008011,9.585782,9.203792,8.96352,8.74065,10.017046,9.594176,9.454412,9.019214,8.69213,8.552892,0,0,0,0,0,0
2025/04/16 07:54:00.922,n,15.566098,51.49764,0.057908,0.002888,0.069464,0.004239,9.597544,9.203792,8.973766,8.739186,10.022872,9.591426,9.454412,9.02068,8.69213,8.561708,0,0,0,0,0,0
2025/04/16 07:55:00.928,n,15.69344,51.308428,0.060072,0.001526,0.059677,0.002328,9.613602,9.212562,8.970838,8.75093,10.025832,9.585782,9.451662,9.026518,8.68374,8.567514,0,0,0,0,0,0
2025/04/16 07:56:00.927,n,15.749188,50.872516,0.056351,0.002262,0.0515,0.00435,9.612072,9.202198,8.976548,8.747774,10.027248,9.67069,9.547744,9.030746,8.779604,8.56143,0,0,0,0,0,0
2025/04/16 07:57:00.927,n,15.81535,50.676276,0.056085,0.00256,0.055928,0.004031,9.616416,9.215358,8.97362,8.74922,10.03161,9.679068,9.550494,9.026372,8.779604,8.55852,0,0,0,0,0,0
2025/04/16 07:58:00.918,n,15.866524,50.185116,0.063546,0.001513,0.061207,0.000354,9.594484,9.218286,8.97362,8.74631,10.03161,9.687512,9.556138,9.004364,8.776822,8.552616,0,0,0,0,0,0
2025/04/16 07:59:00.919,n,15.978924,50.040144,0.0707,0.001816,0.056575,0.002,9.62377,9.225606,8.983836,8.747774,10.040346,9.676286,9.55326,9.014644,8.77401,8.56143,0,0,0,0,0,0
2025/04/16 08:00:00.920,n,16.033368,50.175108,0.076004,0.004423,0.056903,0.001956,9.612072,9.227072,8.980906,8.750686,10.04915,9.679068,9.544898,9.023428,8.779604,8.573174,0,0,0,0,0,0
2025/04/16 08:01:00.922,n,16.153928,49.218416,0.104269,0.008369,0.058196,0.002545,9.658846,9.257848,9.017524,8.78006,10.090054,9.639924,9.519746,9.041028,8.743318,8.593732,0,0,0,0,0,0
2025/04/16 08:02:00.926,n,16.106232,48.609332,0.089735,0.00703,0.057348,0.002024,9.63537,9.225542,8.98234,8.760932,10.070986,9.669128,9.53774,9.033594,8.764088,8.573108,0,0,0,0,0,0
2025/04/16 08:03:00.928,n,16.00555,49.02408,0.08274,0.005266,0.055949,0.002112,9.655804,9.238734,9.00137,8.77118,10.06516,9.671876,9.54885,9.039498,8.775262,8.576084,0,0,0,0,0,0
2025/04/16 08:04:00.928,n,15.9659,49.434968,0.081116,0.003552,0.059422,0.002353,9.658748,9.232878,9.008708,8.768284,10.06516,9.671876,9.55448,9.030684,8.772382,8.568702,0,0,0,0,0,0
2025/04/16 08:05:00.930,n,15.975812,49.99058,0.082113,0.001995,0.062563,0.000898,9.663158,9.22995,9.002834,8.77118,10.076794,9.669128,9.55173,9.042428,8.76687,8.571644,0,0,0,0,0,0
2025/04/16 08:06:00.937,n,15.982404,49.885556,0.092605,0.004554,0.063769,0.000903,9.677782,9.238734,9.002834,8.78437,10.07826,9.663498,9.543336,9.040962,8.764088,8.567238,0,0,0,0,0,0
2025/04/16 08:07:00.919,n,16.074886,49.50474,0.08976,0.003575,0.063039,0.001102,9.679248,9.2592,9.023396,8.777084,10.098712,9.671876,9.546102,9.033594,8.772382,8.574574,0,0,0,0,0,0
2025/04/16 08:08:00.921,n,16.203644,49.371784,0.071592,0.010371,0.06642,0.00139,9.668998,9.251894,9.016058,8.778564,10.100176,9.680256,9.55448,9.039498,8.769634,8.577548,0,0,0,0,0,0
2025/04/16 08:09:00.923,n,16.327424,48.712604,0.070538,0.003897,0.073556,0.003467,9.683622,9.25632,9.021898,8.778564,10.114772,9.67466,9.546102,9.039498,8.769634,8.581924,0,0,0,0,0,0
2025/04/16 08:10:00.924,n,16.322492,48.287508,0.106273,0.015002,0.088508,0.004852,9.701162,9.263608,9.030684,8.78437,10.129382,9.669128,9.546102,9.049748,8.761242,8.590738,0,0,0,0,0,0
2025/04/16 08:11:00.929,n,16.39349,48.561044,0.113205,0.002697,0.082858,0.00184,9.721678,9.263608,9.036554,8.79325,10.135224,9.663498,9.53774,9.054188,8.755712,8.595164,0,0,0,0,0,0
2025/04/16 08:12:00.930,n,16.47923,48.51602,0.115408,0.001013,0.07916,0.000782,9.721678,9.265072,9.045338,8.790274,10.135224,9.66628,9.543336,9.049748,8.764088,8.584868,0,0,0,0,0,0
2025/04/16 08:13:00.932,n,16.686994,47.982136,0.106758,0.003379,0.070347,0.00279,9.736304,9.2768,9.042428,8.79325,10.141066,9.671876,9.53774,9.05853,8.755712,8.5937,0,0,0,0,0,0
2025/04/16 08:14:00.932,n,16.719952,46.802836,0.068692,0.014579,0.054543,0.005583,9.736304,9.263608,9.033594,8.797594,10.138168,9.67466,9.543336,9.045338,8.764088,8.584868,0,0,0,0,0,0
2025/04/16 08:15:00.932,n,16.677082,46.824616,0.048777,0.011608,0.045746,0.00388,9.74068,9.26948,9.039498,8.79613,10.13669,9.67466,9.546102,9.055586,8.761242,8.58786,0,0,0,0,0,0
2025/04/16 08:16:00.920,n,16.555062,47.33028,0.059257,0.004516,0.047419,0.001255,9.746522,9.28996,9.057066,8.804962,10.165896,9.66628,9.540586,9.049748,8.761242,8.589324,0,0,0,0,0,0
2025/04/16 08:17:00.925,n,16.441292,47.611236,0.071266,0.004243,0.051844,0.001331,9.762612,9.291426,9.065866,8.806426,10.186336,9.669128,9.53774,9.054188,8.752946,8.602482,0,0,0,0,0,0
2025/04/16 08:18:00.927,n,16.398418,48.295856,0.073133,0.001294,0.05322,0.000613,9.77431,9.291426,9.073186,8.809338,10.179028,9.669128,9.540586,9.060026,8.755712,8.603946,0,0,0,0,0,0
2025/04/16 08:19:00.931,n,16.39676,48.6627,0.071485,0.000915,0.054787,0.001931,9.793314,9.29437,9.080506,8.82396,10.19219,9.657982,9.53211,9.07465,8.74735,8.615704,0,0,0,0,0,0
2025/04/16 08:20:00.927,n,16.407032,48.534604,0.063907,0.002363,0.060134,0.001422,9.773398,9.268536,9.054708,8.795202,10.169348,9.742908,9.611502,9.045924,8.832158,8.585436,0,0,0,0,0,0
2025/04/16 08:21:00.931,n,16.415234,48.421228,0.064494,0.000631,0.065928,0.001355,9.779206,9.28025,9.057636,8.79961,10.181046,9.728886,9.611502,9.050266,8.823782,8.585436,0,0,0,0,0,0
2025/04/16 08:22:00.931,n,16.4647,48.9077,0.072505,0.00209,0.065975,0.000879,9.79681,9.29053,9.066388,8.81277,10.181046,9.734432,9.614252,9.05173,8.818268,8.583974,0,0,0,0,0,0
2025/04/16 08:23:00.919,n,16.519142,48.382848,0.083965,0.003461,0.08284,0.006414,9.795298,9.308066,9.070796,8.811356,10.200018,9.731682,9.605856,9.042948,8.818268,8.589844,0,0,0,0,0,0
2025/04/16 08:24:00.924,n,16.525734,48.069176,0.07586,0.002547,0.068467,0.005238,9.809908,9.311042,9.07958,8.818674,10.208772,9.73728,9.603106,9.05321,8.81264,8.598626,0,0,0,0,0,0
2025/04/16 08:25:00.909,n,16.54551,48.30116,0.072052,0.00573,0.062488,0.004338,9.804084,9.316882,9.069332,8.830418,10.197122,9.728886,9.600358,9.044426,8.815404,8.579598,0,0,0,0,0,0
2025/04/16 08:26:00.907,n,16.560402,48.527868,0.069659,0.004594,0.065843,0.003716,9.818694,9.332988,9.070796,8.836322,10.202994,9.734432,9.603106,9.048852,8.81264,8.580998,0,0,0,0,0,0
2025/04/16 08:27:00.912,n,16.621338,48.344516,0.089863,0.006109,0.082463,0.00523,9.828976,9.332988,9.08402,8.836322,10.22044,9.72607,9.605856,9.050266,8.804262,8.58838,0,0,0,0,0,0
2025/04/16 08:28:00.914,n,16.62793,48.070836,0.094175,0.001084,0.086061,0.000953,9.839128,9.344732,9.089794,8.84657,10.233604,9.720538,9.59751,9.056172,8.804262,8.601588,0,0,0,0,0,0
2025/04/16 08:29:00.915,n,16.758156,48.26942,0.099791,0.003696,0.081667,0.003091,9.83773,9.340324,9.097178,8.843608,10.239444,9.72329,9.600358,9.062012,8.807108,8.605962,0,0,0,0,0,0
2025/04/16 08:30:00.920,n,16.947608,47.703404,0.118789,0.005391,0.089044,0.002832,9.852324,9.35495,9.1133,8.850896,10.26281,9.71491,9.605856,9.064922,8.798748,8.613314,0,0,0,0,0,0
2025/04/16 08:31:00.926,n,17.034748,46.60556,0.136493,0.002779,0.091018,0.001196,9.85208,9.331426,9.107428,8.812834,10.249338,9.664198,9.55518,9.05614,8.753712,8.594316,0,0,0,0,0,0
2025/04/16 08:32:00.925,n,17.090724,46.096412,0.101458,0.017289,0.086451,0.002576,9.833956,9.30883,9.096464,8.807776,10.237086,9.742764,9.625362,9.037872,8.829328,8.581924,0,0,0,0,0,0
2025/04/16 08:33:00.929,n,17.177928,46.260232,0.080257,0.004564,0.078067,0.002185,9.839812,9.30883,9.093568,8.803368,10.2254,9.751144,9.630862,9.037872,8.832076,8.57602,0,0,0,0,0,0
2025/04/16 08:34:00.918,n,17.327636,45.691676,0.066905,0.003704,0.065236,0.003699,9.832556,9.32347,9.087696,8.821,10.228332,9.75399,9.630862,9.029088,8.834924,8.571644,0,0,0,0,0,0
2025/04/16 08:35:00.917,n,17.275002,45.527616,0.069358,0.002444,0.067008,0.001456,9.845654,9.327864,9.090624,8.826838,10.23562,9.75399,9.633742,9.033496,8.837672,8.57018,0,0,0,0,0,0
2025/04/16 08:36:00.917,n,17.186184,45.328348,0.131613,0.028908,0.087088,0.007445,9.854406,9.336648,9.103848,8.826838,10.264796,9.75399,9.639256,9.040848,8.832076,8.577484,0,0,0,0,0,0
2025/04/16 08:37:00.927,n,17.159862,45.914184,0.114,0.006018,0.082845,0.000751,9.87053,9.348344,9.1126,8.819536,10.276512,9.75674,9.633742,9.039336,8.832076,8.590706,0,0,0,0,0,0
2025/04/16 08:38:00.923,n,17.120312,46.42224,0.067073,0.011654,0.069487,0.003423,9.874908,9.354218,9.121384,8.823928,10.275048,9.75674,9.633742,9.048152,8.82653,8.593634,0,0,0,0,0,0
2025/04/16 08:39:00.926,n,17.266796,46.121508,0.071024,0.001205,0.073869,0.001562,9.879284,9.341058,9.12872,8.826838,10.285268,9.75399,9.633742,9.049632,8.823782,8.603914,0,0,0,0,0,0
2025/04/16 08:40:00.928,n,17.191112,45.556128,0.136128,0.030594,0.100288,0.007908,9.88807,9.335152,9.118472,8.825342,10.294022,9.751144,9.633742,9.059848,8.82653,8.606856,0,0,0,0,0,0
2025/04/16 08:41:00.927,n,17.135108,46.313748,0.186934,0.020003,0.11263,0.009222,9.940656,9.368876,9.152128,8.848846,10.345082,9.737118,9.628114,9.062776,8.812672,8.612728,0,0,0,0,0,0
2025/04/16 08:42:00.931,n,17.148342,46.687624,0.175252,0.004815,0.112275,0.001133,9.942056,9.36297,9.153626,8.853188,10.340706,9.751144,9.642104,9.068632,8.823782,8.611232,0,0,0,0,0,0
2025/04/16 08:43:00.919,n,17.304592,46.828396,0.092963,0.030951,0.089891,0.007274,9.914362,9.37182,9.14341,8.851726,10.320316,9.76237,9.644968,9.054024,8.832076,8.595146,0,0,0,0,0,0
2025/04/16 08:44:00.919,n,17.396728,45.427124,0.08693,0.000992,0.087406,0.000936,9.928958,9.384998,9.1492,8.85763,10.337794,9.75674,9.644968,9.051096,8.82653,8.598074,0,0,0,0,0,0
2025/04/16 08:45:00.920,n,17.334228,45.788744,0.08604,0.000606,0.08666,0.000481,9.936246,9.379092,9.152128,8.85763,10.346548,9.75674,9.647734,9.0584,8.832076,8.603914,0,0,0,0,0,0
2025/04/16 08:46:00.927,n,17.354004,45.849,0.129011,0.015352,0.140872,0.016751,9.952322,9.393732,9.171194,8.870838,10.378636,9.751144,9.644968,9.073056,8.829328,8.62008,0,0,0,0,0,0
2025/04/16 08:47:00.927,n,17.358936,45.716772,0.143322,0.006447,0.166005,0.009675,9.975734,9.405414,9.18873,8.875214,10.399108,9.745512,9.639256,9.084752,8.812672,8.62735,0,0,0,0,0,0
2025/04/16 08:48:00.930,n,17.40498,46.181712,0.11725,0.009275,0.135852,0.014095,9.980046,9.39523,9.182954,8.87962,10.396194,9.751144,9.647734,9.078944,8.82653,8.62883,0,0,0,0,0,0
2025/04/16 08:49:00.931,n,17.513478,45.028296,0.134617,0.00354,0.186318,0.012988,10.00639,9.412798,9.201954,8.883996,10.420962,9.745512,9.636492,9.092104,8.818186,8.634702,0,0,0,0,0,0
2025/04/16 08:50:00.932,n,17.495022,45.101744,0.109854,0.006455,0.133065,0.012343,9.98322,9.385192,9.177294,8.860736,10.397854,9.804734,9.698478,9.071804,8.874514,8.60998,0,0,0,0,0,0
2025/04/16 08:51:00.935,n,17.52134,44.710928,0.105584,0.005695,0.132907,0.007433,10.003674,9.392496,9.193382,8.866656,10.402166,9.804734,9.69563,9.077708,8.874514,8.607036,0,0,0,0,0,0
2025/04/16 08:52:00.920,n,17.541066,44.934072,0.113426,0.005667,0.135141,0.011006,9.99783,9.407136,9.171438,8.86812,10.422622,9.810266,9.692782,9.05134,8.874514,8.592414,0,0,0,0,0,0
2025/04/16 08:53:00.921,n,17.591946,44.541348,0.097165,0.007709,0.106401,0.008876,10.002208,9.410034,9.18751,8.876904,10.437218,9.80192,9.704106,9.067396,8.871668,8.615884,0,0,0,0,0,0
2025/04/16 08:54:00.922,n,17.58374,44.440612,0.123811,0.006715,0.126089,0.0057,10.032878,9.423194,9.203662,8.885704,10.469292,9.79066,9.692782,9.084964,8.86329,8.627626,0,0,0,0,0,0
2025/04/16 08:55:00.924,n,17.545998,45.101744,0.155462,0.008772,0.143541,0.005273,10.048938,9.430546,9.213878,8.897398,10.502848,9.79066,9.690018,9.084964,8.857646,8.624666,0,0,0,0,0,0
2025/04/16 08:56:00.932,n,17.610058,44.499356,0.107569,0.014409,0.111098,0.009556,10.066478,9.424692,9.232944,8.897398,10.49554,9.79904,9.692782,9.086428,8.86329,8.630506,0,0,0,0,0,0
2025/04/16 08:57:00.928,n,17.522998,44.344816,0.083787,0.008711,0.085892,0.00841,10.076648,9.430546,9.234424,8.903272,10.511602,9.79904,9.69563,9.095244,8.860442,8.637874,0,0,0,0,0,0
2025/04/16 08:58:00.933,n,17.487072,45.065468,0.07723,0.00428,0.07882,0.003943,10.03942,9.396204,9.205858,8.864574,10.471344,9.828424,9.722166,9.062386,8.884126,8.609394,0,0,0,0,0,0
2025/04/16 08:59:00.932,n,17.482144,44.98998,0.068973,0.002679,0.066953,0.003725,10.059808,9.400548,9.21178,8.870446,10.488886,9.822794,9.722166,9.069706,8.881362,8.603588,0,0,0,0,0,0
2025/04/16 09:00:00.933,n,17.38678,44.92626,0.069667,0.000808,0.073178,0.002188,10.077348,9.406454,9.22053,8.870446,10.503432,9.831174,9.719368,9.066792,8.886972,8.600612,0,0,0,0,0,0
2025/04/16 09:01:00.909,n,17.32267,45.358776,0.120402,0.015522,0.127987,0.016406,10.10945,9.45765,9.229332,8.92466,10.544296,9.792028,9.69415,9.08729,8.842324,8.615298,0,0,0,0,0,0
2025/04/16 09:02:00.911,n,17.267952,45.708104,0.125906,0.003971,0.12557,0.00394,10.097426,9.454476,9.22616,8.908232,10.530806,9.819508,9.707654,9.06214,8.869762,8.594496,0,0,0,0,0,0
2025/04/16 09:03:00.913,n,17.295978,45.935592,0.106269,0.006856,0.103579,0.008344,10.08283,9.442716,9.218742,8.900978,10.52205,9.827902,9.724394,9.053292,8.87531,8.588656,0,0,0,0,0,0
2025/04/16 09:04:00.914,n,17.30257,45.933932,0.072504,0.009928,0.075544,0.009101,10.08576,9.450036,9.230502,8.898048,10.523482,9.833404,9.730024,9.060678,8.886534,8.593032,0,0,0,0,0,0
2025/04/16 09:05:00.917,n,17.33216,45.811864,0.069001,0.000686,0.06896,0.002461,10.090136,9.452966,9.233432,8.90389,10.527926,9.836282,9.730024,9.067948,8.881002,8.598904,0,0,0,0,0,0
2025/04/16 09:06:00.919,n,17.284454,45.72148,0.068781,0.000424,0.070277,0.000514,10.106244,9.458788,9.248088,8.905288,10.53808,9.839048,9.732774,9.057702,8.886534,8.594496,0,0,0,0,0,0
2025/04/16 09:07:00.929,n,17.189044,45.992428,0.07451,0.001856,0.081163,0.003717,10.112054,9.461718,9.26857,8.906768,10.555556,9.839048,9.735538,9.081142,8.881002,8.625334,0,0,0,0,0,0
2025/04/16 09:08:00.922,n,17.116634,46.635592,0.090386,0.006217,0.101807,0.006889,10.119408,9.460252,9.26857,8.918512,10.562912,9.839048,9.735538,9.081142,8.883752,8.617966,0,0,0,0,0,0
2025/04/16 09:09:00.928,n,17.086994,46.757956,0.117085,0.014909,0.116546,0.006562,10.145638,9.488038,9.293474,8.921456,10.584736,9.841798,9.732774,9.08851,8.886534,8.625334,0,0,0,0,0,0
2025/04/16 09:10:00.915,n,17.154522,46.5853,0.095153,0.008778,0.096912,0.008442,10.138348,9.498256,9.283194,8.936078,10.562912,9.844676,9.741168,9.085548,8.886534,8.612126,0,0,0,0,0,0
2025/04/16 09:11:00.918,n,17.203838,46.419336,0.091786,0.001473,0.094069,0.001686,10.14126,9.496858,9.283194,8.950766,10.570138,9.847426,9.735538,9.095764,8.886534,8.625334,0,0,0,0,0,0
2025/04/16 09:12:00.918,n,17.225228,45.999168,0.084166,0.00222,0.087627,0.001443,10.145638,9.504162,9.300762,8.941982,10.568688,9.847426,9.741168,9.08999,8.886534,8.620926,0,0,0,0,0,0
2025/04/16 09:13:00.917,n,17.248226,46.239792,0.077639,0.002186,0.082457,0.001312,10.154424,9.512916,9.302226,8.946358,10.577444,9.850178,9.743918,9.087046,8.886534,8.626798,0,0,0,0,0,0
2025/04/16 09:14:00.920,n,17.235088,46.316648,0.080718,0.001969,0.086815,0.002624,10.152944,9.508538,9.30813,8.953728,10.5862,9.853056,9.749646,9.091454,8.897676,8.628276,0,0,0,0,0,0
2025/04/16 09:15:00.923,n,17.266338,45.987448,0.103921,0.006569,0.115576,0.010148,10.16461,9.514394,9.319826,8.956672,10.605126,9.853056,9.743918,9.0943,8.892128,8.631172,0,0,0,0,0,0
2025/04/16 09:16:00.923,n,17.305844,46.015864,0.128263,0.00659,0.13629,0.0079,10.179206,9.534862,9.33886,8.963942,10.616794,9.850178,9.743918,9.107492,8.883752,8.647338,0,0,0,0,0,0
2025/04/16 09:17:00.927,n,17.462044,45.56582,0.152928,0.008914,0.139219,0.005284,10.186528,9.539268,9.349078,8.96835,10.632824,9.844676,9.752396,9.117772,8.886534,8.657554,0,0,0,0,0,0
2025/04/16 09:18:00.928,n,17.560676,45.821824,0.107294,0.014586,0.108633,0.008432,10.192306,9.540716,9.353454,8.965422,10.62558,9.85587,9.752396,9.116294,8.894926,8.651764,0,0,0,0,0,0
2025/04/16 09:19:00.916,n,17.706916,44.986128,0.081912,0.005422,0.080093,0.00898,10.18067,9.539268,9.337382,8.99911,10.603662,9.85587,9.757992,9.116294,8.894926,8.64586,0,0,0,0,0,0
2025/04/16 09:20:00.915,n,17.853058,43.353024,0.092817,0.002824,0.101107,0.006724,10.18503,9.550998,9.346134,8.997662,10.618258,9.86142,9.752396,9.110454,8.889298,8.650268,0,0,0,0,0,0
2025/04/16 09:21:00.921,n,17.728252,43.685644,0.187235,0.041549,0.190109,0.040093,10.222978,9.587504,9.37836,9.018172,10.67219,9.836282,9.749646,9.154372,8.883752,8.69423,0,0,0,0,0,0
2025/04/16 09:22:00.920,n,17.649318,44.135124,0.135916,0.035576,0.144325,0.029864,10.156524,9.5196,9.310392,8.950246,10.595542,9.910166,9.81513,9.071772,8.95202,8.610094,0,0,0,0,0,0
2025/04/16 09:23:00.926,n,17.678906,44.408952,0.235458,0.041845,0.194004,0.019105,10.17989,9.522464,9.326466,8.94875,10.6276,9.896156,9.806654,9.070308,8.932404,8.614502,0,0,0,0,0,0
2025/04/16 09:24:00.923,n,17.765918,44.46276,0.094162,0.023039,0.097138,0.020251,10.176976,9.515158,9.335282,8.950246,10.61009,9.913012,9.81513,9.08493,8.957518,8.613038,0,0,0,0,0,0
2025/04/16 09:25:00.929,n,17.816844,43.87614,0.077459,0.004704,0.077613,0.006266,10.18573,9.522464,9.342522,8.95171,10.617396,9.913012,9.820744,9.089306,8.954768,8.627724,0,0,0,0,0,0
2025/04/16 09:26:00.929,n,17.895702,43.665736,0.068263,0.002597,0.068174,0.002729,10.191572,9.5196,9.345498,8.9575,10.620342,9.921408,9.817896,9.093714,8.95202,8.636508,0,0,0,0,0,0
2025/04/16 09:27:00.932,n,17.784034,43.721304,0.066234,0.000767,0.068995,0.000932,10.207648,9.523944,9.357194,8.960428,10.629066,9.932538,9.81513,9.102532,8.954768,8.639468,0,0,0,0,0,0
2025/04/16 09:28:00.918,n,17.734768,44.583612,0.067579,0.00059,0.07192,0.001146,10.20908,9.540066,9.352836,8.979492,10.633442,9.921408,9.817896,9.09518,8.95202,8.61891,0,0,0,0,0,0
2025/04/16 09:29:00.917,n,17.718312,43.830732,0.079651,0.003857,0.086813,0.004416,10.235312,9.563444,9.374748,8.998556,10.650952,9.924158,9.817896,9.108372,8.94366,8.636508,0,0,0,0,0,0
2025/04/16 09:30:00.919,n,17.685498,44.240984,0.151274,0.010449,0.179817,0.02132,10.254318,9.578038,9.37182,9.001468,10.677154,9.91861,9.817896,9.111316,8.940878,8.64825,0,0,0,0,0,0
2025/04/16 09:31:00.927,n,17.683838,44.912564,0.143027,0.004752,0.153188,0.007919,10.283462,9.585358,9.404046,9.011716,10.703388,9.896156,9.787162,9.130346,8.915762,8.67172,0,0,0,0,0,0
2025/04/16 09:32:00.930,n,17.83517,44.563932,0.10484,0.018539,0.116718,0.016122,10.267514,9.560598,9.393848,8.998654,10.688854,9.939826,9.830832,9.124558,8.956476,8.664498,0,0,0,0,0,0
2025/04/16 09:33:00.932,n,17.849964,43.513004,0.099842,0.011428,0.123168,0.030369,10.255878,9.556222,9.38807,8.988374,10.674306,9.945456,9.839194,9.120214,8.973344,8.648412,0,0,0,0,0,0
2025/04/16 09:34:00.934,n,17.879506,43.762172,0.080062,0.003962,0.088885,0.013209,10.264584,9.562078,9.39679,8.988374,10.669928,9.951004,9.85034,9.127502,8.978858,8.652754,0,0,0,0,0,0
2025/04/16 09:35:00.934,n,17.884438,43.304948,0.08146,0.0027,0.089011,0.001927,10.273356,9.56354,9.401216,9.004494,10.677252,9.95948,9.853218,9.136284,8.976092,8.658626,0,0,0,0,0,0
2025/04/16 09:36:00.935,n,17.771156,43.681364,0.075447,0.00196,0.086317,0.002053,10.274802,9.562078,9.405592,9.000118,10.674306,9.95948,9.853218,9.136284,8.976092,8.663034,0,0,0,0,0,0
2025/04/16 09:37:00.924,n,17.712024,43.979212,0.070182,0.00498,0.077859,0.011516,10.268978,9.582542,9.393848,9.007422,10.678684,9.970592,9.85605,9.112876,8.981688,8.645436,0,0,0,0,0,0
2025/04/16 09:38:00.926,n,17.674182,44.343916,0.066026,0.001092,0.069896,0.001416,10.267514,9.582542,9.408504,9.007422,10.684508,9.970592,9.864348,9.118716,8.992748,8.652754,0,0,0,0,0,0
2025/04/16 09:39:00.927,n,17.60685,44.469936,0.080442,0.003983,0.109607,0.010593,10.282108,9.589882,9.423128,9.026436,10.709246,9.967828,9.861598,9.133372,8.976092,8.674778,0,0,0,0,0,0
2025/04/16 09:40:00.916,n,17.580628,44.88112,0.111322,0.008942,0.135567,0.004453,10.311286,9.608866,9.41729,9.04843,10.704886,9.965076,9.858816,9.133372,8.976092,8.658626,0,0,0,0,0,0
2025/04/16 09:41:00.928,n,17.689026,44.686444,0.108634,0.00798,0.130008,0.003342,10.29962,9.611764,9.437738,9.036716,10.728254,9.976222,9.869946,9.153852,8.984452,8.682128,0,0,0,0,0,0
2025/04/16 09:42:00.916,n,17.825356,44.706608,0.101069,0.006567,0.143223,0.008402,10.298154,9.616138,9.427504,9.041124,10.71512,9.973458,9.867196,9.140692,8.981688,8.661554,0,0,0,0,0,0
2025/04/16 09:43:00.918,n,18.094494,44.322088,0.100624,0.001296,0.121957,0.008305,10.2894,9.616138,9.421664,9.0455,10.716586,9.978974,9.87559,9.13775,8.984452,8.66009,0,0,0,0,0,0
2025/04/16 09:44:00.921,n,18.29005,42.333756,0.097821,0.004558,0.109747,0.007611,10.303978,9.629334,9.44213,9.051372,10.735512,9.981724,9.87559,9.145102,8.984452,8.673282,0,0,0,0,0,0
2025/04/16 09:45:00.925,n,18.32301,41.79152,0.097213,0.002595,0.115764,0.003516,10.301098,9.633678,9.458268,9.052836,10.753022,9.976222,9.87559,9.14362,8.987236,8.676242,0,0,0,0,0,0
2025/04/16 09:46:00.909,n,18.380626,41.513248,0.118155,0.007368,0.138284,0.008972,10.321538,9.624958,9.459732,9.06746,10.767556,9.984602,9.883856,9.165598,8.992748,8.674778,0,0,0,0,0,0
2025/04/16 09:47:00.910,n,18.4152,41.779656,0.13647,0.008772,0.148734,0.006835,10.325864,9.64103,9.465524,9.077708,10.795238,9.970592,9.87834,9.172918,8.978858,8.687968,0,0,0,0,0,0
2025/04/16 09:48:00.916,n,18.540344,41.629704,0.146001,0.015368,0.167634,0.005132,10.331708,9.655656,9.468484,9.089468,10.821442,9.978974,9.87271,9.171438,8.987236,8.696752,0,0,0,0,0,0
2025/04/16 09:49:00.913,n,18.731166,40.809196,0.146202,0.005826,0.153077,0.004311,10.325864,9.651248,9.458268,9.06746,10.809772,9.967828,9.87271,9.166996,8.976092,8.690928,0,0,0,0,0,0
2025/04/16 09:50:00.916,n,18.826526,40.194256,0.129484,0.019638,0.159574,0.020909,10.325864,9.66441,9.471428,9.093844,10.859344,9.978974,9.87834,9.164134,8.987236,8.692408,0,0,0,0,0,0
2025/04/16 09:51:00.919,n,18.648994,40.366132,0.160065,0.01678,0.163033,0.010753,10.335384,9.667988,9.476472,9.098856,10.877588,10.032162,9.917422,9.173552,9.029088,8.690082,0,0,0,0,0,0
2025/04/16 09:52:00.921,n,18.4696,42.066084,0.155938,0.019337,0.153608,0.019253,10.34266,9.685592,9.49401,9.100336,10.911052,10.020936,9.917422,9.179458,9.020744,8.704704,0,0,0,0,0,0
2025/04/16 09:53:00.925,n,18.708172,41.182536,0.089043,0.034427,0.097478,0.057671,10.33244,9.669454,9.492578,9.090104,10.908104,10.034928,9.931496,9.170608,9.03187,8.697386,0,0,0,0,0,0
2025/04/16 09:54:00.924,n,18.685176,40.788884,0.074813,0.003172,0.089512,0.006079,10.341194,9.67536,9.495474,9.101798,10.918342,10.037776,9.928648,9.17505,9.029088,8.706168,0,0,0,0,0,0
2025/04/16 09:55:00.911,n,18.611152,40.609684,0.065272,0.002233,0.073756,0.002992,10.364512,9.669454,9.514542,9.110616,10.912482,10.037776,9.925818,9.204312,9.029088,8.717912,0,0,0,0,0,0
2025/04/16 09:56:00.914,n,18.397186,41.860612,0.107995,0.017902,0.284466,0.084661,10.370372,9.657804,9.45456,9.040328,10.874644,10.040558,9.931496,9.19408,9.02634,8.707632,0,0,0,0,0,0
2025/04/16 09:57:00.917,n,18.354366,42.609488,0.088074,0.008159,0.253552,0.023283,10.379126,9.692864,9.511612,9.122328,10.937254,10.040558,9.923052,9.237968,9.023492,8.70324,0,0,0,0,0,0
2025/04/16 09:58:00.916,n,18.477802,41.720668,0.086645,0.003719,0.211512,0.034511,10.393656,9.704562,9.521828,9.13108,10.957678,10.043308,9.920302,9.214528,9.020744,8.726728,0,0,0,0,0,0
2025/04/16 09:59:00.918,n,18.364228,41.810024,0.08667,0.002986,0.216242,0.016745,10.40682,9.72503,9.54524,9.154488,10.985298,10.043308,9.920302,9.214528,9.015148,8.736974,0,0,0,0,0,0
2025/04/16 10:00:00.919,n,18.41637,41.740456,0.095366,0.00652,0.20025,0.028684,10.365342,9.676188,9.50805,9.108582,10.940898,10.070024,9.938604,9.17884,9.03901,8.692522,0,0,0,0,0,0
2025/04/16 10:01:00.932,n,18.450894,41.389676,0.123058,0.002705,0.200779,0.010761,10.406154,9.692262,9.563624,9.124718,11.009256,10.030878,9.913386,9.218416,8.999956,8.74527,0,0,0,0,0,0
2025/04/16 10:02:00.933,n,18.590832,41.521216,0.104238,0.005615,0.201553,0.012939,10.404656,9.686406,9.548998,9.12324,11.009256,10.047622,9.924614,9.216936,9.016726,8.740894,0,0,0,0,0,0
2025/04/16 10:03:00.937,n,18.633556,40.730984,0.095502,0.009326,0.191844,0.026528,10.436764,9.71273,9.56948,9.137878,11.020958,10.056016,9.919016,9.22569,9.01388,8.746734,0,0,0,0,0,0
2025/04/16 10:04:00.923,n,18.546352,40.903392,0.114972,0.006954,0.230198,0.014879,10.411996,9.737556,9.562158,9.155464,11.03113,10.047622,9.916136,9.206688,9.0056,8.724774,0,0,0,0,0,0
2025/04/16 10:05:00.911,n,18.431222,41.270048,0.076595,0.009903,0.106227,0.055671,10.410222,9.702204,9.553098,9.139098,11.010394,10.063874,9.926874,9.21814,9.018938,8.733314,0,0,0,0,0,0
2025/04/16 10:06:00.910,n,18.399972,41.693388,0.082056,0.014167,0.096867,0.041189,10.426234,9.705116,9.556042,9.15522,11.020566,10.058246,9.921246,9.219604,9.007796,8.728938,0,0,0,0,0,0
2025/04/16 10:07:00.912,n,18.322578,41.442116,0.124411,0.020232,0.189983,0.042862,10.429164,9.718278,9.564796,9.164004,11.048268,10.058246,9.915616,9.225444,9.005046,8.736242,0,0,0,0,0,0
2025/04/16 10:08:00.913,n,18.212178,42.230692,0.110832,0.005358,0.174444,0.012181,10.424754,9.724118,9.572164,9.164004,11.056958,10.0498,9.901624,9.243044,8.996572,8.739186,0,0,0,0,0,0
2025/04/16 10:09:00.914,n,18.342304,42.0135,0.110927,0.002535,0.163384,0.004294,10.446674,9.748962,9.589702,9.184484,11.065716,10.055494,9.90727,9.250366,8.988276,8.753874,0,0,0,0,0,0
2025/04/16 10:10:00.917,n,18.419696,41.78772,0.135069,0.012953,0.148018,0.032515,10.43354,9.757716,9.58526,9.169844,11.059872,10.0498,9.901624,9.225444,8.979884,8.75093,0,0,0,0,0,0
2025/04/16 10:11:00.920,n,18.49308,41.878156,0.148053,0.010715,0.20047,0.018418,10.453052,9.764126,9.578558,9.196716,11.108456,10.103788,9.95289,9.23182,9.03937,8.726516,0,0,0,0,0,0
2025/04/16 10:12:00.922,n,18.664174,40.864188,0.113087,0.003432,0.211943,0.03077,10.431182,9.749516,9.60044,9.17622,11.077938,10.109516,9.958406,9.227446,9.036506,8.749954,0,0,0,0,0,0
2025/04/16 10:13:00.911,n,18.80563,40.652908,0.109255,0.002817,0.205038,0.002668,10.460326,9.753892,9.632586,9.201124,11.082252,10.101038,9.947262,9.277222,9.028242,8.785168,0,0,0,0,0,0
2025/04/16 10:14:00.912,n,19.081752,39.213992,0.135363,0.007156,0.236538,0.027667,10.477836,9.764126,9.639924,9.21134,11.09244,10.101038,9.936036,9.280168,9.022632,8.783704,0,0,0,0,0,0
2025/04/16 10:15:00.913,n,19.156086,39.565428,0.139494,0.007096,0.150521,0.037255,10.465744,9.772408,9.638022,9.216758,11.099374,10.197918,10.04404,9.26795,9.113724,8.762656,0,0,0,0,0,0
2025/04/16 10:16:00.915,n,19.059112,38.437112,0.176865,0.017462,0.188745,0.013764,10.432206,9.747596,9.645276,9.24311,11.121168,10.195152,10.035742,9.25627,9.108192,8.74065,0,0,0,0,0,0
2025/04/16 10:17:00.916,n,18.947396,39.273144,0.180366,0.012707,0.133818,0.008899,10.455524,9.773886,9.636524,9.203532,11.08191,10.192306,10.027362,9.263576,9.096986,8.767048,0,0,0,0,0,0
2025/04/16 10:18:00.920,n,18.832356,40.115528,0.152667,0.011616,0.163358,0.00832,10.47157,9.800228,9.667192,9.238668,11.115324,10.192306,10.024516,9.301592,9.091356,8.803678,0,0,0,0,0,0
2025/04/16 10:19:00.924,n,18.88789,40.063004,0.17879,0.008064,0.137746,0.006537,10.459806,9.785536,9.6511,9.21814,11.094832,10.227272,10.064982,9.245956,9.134658,8.75384,0,0,0,0,0,0
2025/04/16 10:20:00.922,n,18.901028,40.444788,0.163672,0.012044,0.126504,0.005576,10.477316,9.803042,9.668606,9.235708,11.107902,10.224394,10.048204,9.273742,9.123434,8.76552,0,0,0,0,0,0
2025/04/16 10:21:00.926,n,18.901028,40.299036,0.163706,0.020164,0.132835,0.019067,10.483142,9.81915,9.690538,9.250366,11.118108,10.227272,10.056586,9.259116,9.12628,8.76996,0,0,0,0,0,0
2025/04/16 10:22:00.910,n,18.96841,40.056268,0.152125,0.019068,0.14716,0.020852,10.468512,9.757748,9.632066,9.199106,11.057024,10.23562,10.059352,9.264988,9.11504,8.793366,0,0,0,0,0,0
2025/04/16 10:23:00.914,n,19.043194,39.2132,0.156498,0.012536,0.212664,0.022996,10.513262,9.817034,9.708842,9.27148,11.12071,10.306762,10.12769,9.315352,9.186062,8.820332,0,0,0,0,0,0
2025/04/16 10:24:00.915,n,18.888752,39.829604,0.106457,0.02919,0.127219,0.03105,10.511814,9.828668,9.711786,9.27148,11.098904,10.312392,10.12769,9.31389,9.188826,8.820332,0,0,0,0,0,0
2025/04/16 10:25:00.917,n,18.868976,40.647184,0.116296,0.0113,0.122264,0.008775,10.543904,9.860802,9.748328,9.318298,11.139658,10.303996,10.110914,9.360774,9.174836,8.855546,0,0,0,0,0,0
2025/04/16 10:26:00.921,n,18.875568,40.0236,0.170083,0.017944,0.147305,0.005295,10.538046,9.866708,9.732238,9.296386,11.132334,10.298366,10.119408,9.32858,9.174836,8.833508,0,0,0,0,0,0
2025/04/16 10:27:00.919,n,18.739144,40.677604,0.151132,0.005762,0.133069,0.006157,10.552628,9.869586,9.755584,9.32126,11.139658,10.298366,10.113794,9.34174,9.174836,8.851106,0,0,0,0,0,0
2025/04/16 10:28:00.923,n,18.704934,40.760768,0.180412,0.022108,0.12167,0.004814,10.485028,9.81095,9.696964,9.258352,11.096576,10.261768,10.060328,9.26416,9.130104,8.773668,0,0,0,0,0,0
2025/04/16 10:29:00.925,n,18.790432,41.00066,0.227326,0.011451,0.126036,0.009901,10.512708,9.81967,9.70282,9.270034,11.10678,10.239364,10.05473,9.28173,9.11896,8.789754,0,0,0,0,0,0
2025/04/16 10:30:00.927,n,19.064846,40.214332,0.210437,0.015395,0.113337,0.009282,10.50833,9.81095,9.689658,9.243712,11.09952,10.242112,10.05473,9.272976,9.11896,8.776596,0,0,0,0,0,0
2025/04/16 10:31:00.914,n,19.358742,38.651784,0.189416,0.005992,0.136129,0.00485,10.547696,9.85034,9.733488,9.284658,11.115568,10.208496,10.026744,9.306634,9.082572,8.807386,0,0,0,0,0,0
2025/04/16 10:32:00.915,n,19.477588,38.013836,0.175663,0.003828,0.133257,0.003316,10.51515,9.833776,9.718326,9.270926,11.113632,10.301278,10.11386,9.287016,9.172332,8.79208,0,0,0,0,0,0
2025/04/16 10:33:00.920,n,19.152638,38.615496,0.18888,0.005984,0.133379,0.00378,10.531196,9.832312,9.7344,9.268016,11.12426,10.301278,10.11386,9.29284,9.16955,8.808232,0,0,0,0,0,0
2025/04/16 10:34:00.920,n,19.18877,38.940448,0.221959,0.013597,0.125383,0.004992,10.547208,9.860068,9.740274,9.273824,11.153492,10.295648,10.11386,9.307464,9.161188,8.808232,0,0,0,0,0,0
2025/04/16 10:35:00.923,n,19.246192,39.183956,0.202022,0.020595,0.143532,0.030185,10.53266,9.842498,9.737344,9.279728,11.14765,10.304028,10.108262,9.320674,9.158408,8.818462,0,0,0,0,0,0
2025/04/16 10:36:00.925,n,19.543164,38.898164,0.141887,0.022476,0.166432,0.005624,10.536988,9.832312,9.744682,9.259166,11.122324,10.317958,10.119408,9.29284,9.175082,8.805304,0,0,0,0,0,0
2025/04/16 10:37:00.927,n,19.669484,37.50124,0.133886,0.002697,0.207572,0.009805,10.551586,9.836688,9.75926,9.284086,11.144768,10.315208,10.11111,9.316266,9.175082,8.833086,0,0,0,0,0,0
2025/04/16 10:38:00.926,n,19.728516,37.895136,0.132289,0.001926,0.207006,0.009543,10.560276,9.852716,9.760758,9.29284,11.154972,10.306826,10.11111,9.335332,9.16394,8.83899,0,0,0,0,0,0
2025/04/16 10:39:00.930,n,19.780956,37.650652,0.121748,0.00425,0.212407,0.008883,10.566118,9.848372,9.768014,9.29284,11.157936,10.323686,10.11111,9.329426,9.172332,8.837524,0,0,0,0,0,0
2025/04/16 10:40:00.914,n,19.90874,37.106512,0.097499,0.00838,0.180295,0.0135,10.554466,9.867374,9.75778,9.308928,11.152028,10.329202,10.11111,9.323586,9.175082,8.828774,0,0,0,0,0,0
2025/04/16 10:41:00.919,n,19.869434,37.93586,0.086489,0.002924,0.238959,0.034818,10.569064,9.86591,9.769478,9.308928,11.16085,10.323686,10.108262,9.305984,9.16955,8.822868,0,0,0,0,0,0
2025/04/16 10:42:00.921,n,20.139648,36.236692,0.103312,0.006678,0.327186,0.046113,10.577786,9.880504,9.779696,9.327962,11.178426,10.323686,10.108262,9.320674,9.175082,8.840452,0,0,0,0,0,0
2025/04/16 10:43:00.923,n,20.054542,36.326628,0.132373,0.00959,0.425182,0.056613,10.598176,9.880504,9.788482,9.323586,11.204712,10.320804,10.108262,9.342618,9.16394,8.850734,0,0,0,0,0,0
2025/04/16 10:44:00.927,n,20.067626,37.015056,0.140935,0.00247,0.498535,0.037516,10.615688,9.881952,9.79577,9.320674,11.225238,10.320804,10.108262,9.346962,9.161188,8.850734,0,0,0,0,0,0
2025/04/16 10:45:00.925,n,20.121936,36.715428,0.128454,0.012872,0.419233,0.092717,10.561316,9.842286,9.742942,9.27815,11.186922,10.334586,10.119182,9.286934,9.174984,8.79948,0,0,0,0,0,0
2025/04/16 10:46:00.931,n,20.095668,36.30156,0.119129,0.012307,0.432852,0.031622,10.572986,9.849574,9.753224,9.285488,11.213226,10.340184,10.121978,9.298648,9.180628,8.808264,0,0,0,0,0,0
2025/04/16 10:47:00.930,n,19.917202,37.030612,0.11906,0.012309,0.4242,0.019693,10.599218,9.85688,9.772196,9.294238,11.22636,10.334586,10.11643,9.319144,9.180628,8.830302,0,0,0,0,0,0
2025/04/16 10:48:00.933,n,19.91061,37.057712,0.181158,0.01756,0.401418,0.009484,10.61375,9.842286,9.760512,9.279614,11.229306,10.342936,10.124792,9.308896,9.183442,8.812672,0,0,0,0,0,0
2025/04/16 10:49:00.921,n,19.805726,37.803904,0.204585,0.014711,0.513492,0.043292,10.628366,9.902094,9.795526,9.35713,11.300988,10.326192,10.127576,9.335218,9.174984,8.82292,0,0,0,0,0,0
2025/04/16 10:50:00.920,n,19.759876,37.993892,0.23965,0.013923,0.538476,0.039564,10.626884,9.877332,9.761978,9.319144,11.32,10.326192,10.11365,9.336616,9.180628,8.834614,0,0,0,0,0,0
2025/04/16 10:51:00.925,n,19.754944,37.681636,0.240647,0.008778,0.568424,0.009665,10.642896,9.897768,9.782394,9.326432,11.34339,10.328956,10.11643,9.333754,9.183442,8.839022,0,0,0,0,0,0
2025/04/16 10:52:00.924,n,19.836926,37.447312,0.220657,0.010394,0.51252,0.01918,10.647274,9.887486,9.76632,9.31768,11.357992,10.345816,10.133174,9.316216,9.191722,8.819958,0,0,0,0,0,0
2025/04/16 10:53:00.929,n,19.953236,37.381004,0.21372,0.018109,0.509863,0.011225,10.657478,9.903592,9.794046,9.329376,11.398896,10.340184,10.127576,9.330808,9.191722,8.8493,0,0,0,0,0,0
2025/04/16 10:54:00.929,n,20.221692,36.666256,0.333203,0.039246,0.497926,0.010559,10.701158,9.921132,9.798488,9.336616,11.473462,10.320594,10.11365,9.365914,9.180628,8.863956,0,0,0,0,0,0
2025/04/16 10:55:00.931,n,20.139858,36.459324,0.409527,0.026869,0.503552,0.006896,10.80598,10.04077,9.91822,9.447824,11.65752,10.303736,10.099654,9.496028,9.161076,8.950328,0,0,0,0,0,0
2025/04/16 10:56:00.935,n,19.89098,36.981492,0.458931,0.111995,0.438998,0.015899,10.72298,9.94007,9.829124,9.349842,11.56991,10.3066,10.11365,9.361506,9.166606,8.877116,0,0,0,0,0,0
2025/04/16 10:57:00.935,n,19.989224,37.357224,0.321042,0.041675,0.36208,0.030686,10.698212,9.903592,9.811584,9.342506,11.568444,10.348566,10.133174,9.360058,9.200116,8.858086,0,0,0,0,0,0
2025/04/16 10:58:00.921,n,20.162854,36.630712,0.137299,0.086238,0.177497,0.05952,10.6531,9.913842,9.792614,9.321992,11.534862,10.384968,10.1527,9.304488,9.233626,8.803858,0,0,0,0,0,0
2025/04/16 10:59:00.922,n,20.22013,35.64062,0.120457,0.032881,0.198292,0.007815,10.637054,9.890462,9.763442,9.31031,11.546518,10.396114,10.1527,9.308896,9.236376,8.812672,0,0,0,0,0,0
2025/04/16 11:00:00.908,n,20.098938,35.846288,0.104205,0.012013,0.273722,0.025789,10.672076,9.903592,9.79699,9.349842,11.577202,10.39333,10.161178,9.348378,9.242004,8.841982,0,0,0,0,0,0
2025/04/16 11:01:00.916,n,20.05143,36.598484,0.128731,0.007384,0.340628,0.012322,10.698212,9.948824,9.818906,9.386412,11.635656,10.365342,10.124792,9.36741,9.202866,8.856606,0,0,0,0,0,0
2025/04/16 11:02:00.922,n,19.920684,36.702672,0.214838,0.025926,0.399359,0.017679,10.672076,9.924092,9.795608,9.35425,11.640134,10.423972,10.177806,9.33525,9.258678,8.836208,0,0,0,0,0,0
2025/04/16 11:03:00.920,n,19.92884,37.526256,0.283668,0.023841,0.38569,0.008417,10.701126,9.957674,9.808704,9.373252,11.676664,10.412826,10.180654,9.355716,9.258678,8.852326,0,0,0,0,0,0
2025/04/16 11:04:00.918,n,20.149884,36.741636,0.366783,0.026503,0.332124,0.02134,10.711346,9.964932,9.820402,9.38207,11.724864,10.410044,10.17501,9.355716,9.261444,8.856702,0,0,0,0,0,0
2025/04/16 11:05:00.924,n,20.213704,35.945736,0.383214,0.043051,0.231871,0.022712,10.699692,9.954698,9.80584,9.355716,11.716074,10.415576,10.186154,9.322056,9.269822,8.82448,0,0,0,0,0,0
2025/04/16 11:06:00.926,n,20.351204,36.595884,0.302034,0.028068,0.364166,0.063563,10.692434,9.938688,9.80436,9.364498,11.724864,10.432418,10.194632,9.345498,9.283812,8.852326,0,0,0,0,0,0
2025/04/16 11:07:00.911,n,20.514728,35.536068,0.316426,0.022633,0.455769,0.025717,10.705504,9.953232,9.82774,9.392284,11.740932,10.432418,10.197396,9.355716,9.283812,8.862542,0,0,0,0,0,0
2025/04/16 11:08:00.913,n,20.550666,34.570152,0.26526,0.017264,0.451847,0.006331,10.6939,9.957674,9.826276,9.364498,11.749658,10.449196,10.208528,9.376228,9.30618,8.852326,0,0,0,0,0,0
2025/04/16 11:09:00.911,n,20.400276,34.991296,0.225184,0.040135,0.453812,0.022462,10.6662,9.906552,9.767852,9.316266,11.702936,10.47157,10.214158,9.282608,9.31171,8.808362,0,0,0,0,0,0
2025/04/16 11:10:00.916,n,20.303692,35.855648,0.226162,0.026194,0.459332,0.014853,10.714292,9.969308,9.823314,9.389372,11.8081,10.468804,10.216924,9.346962,9.317308,8.862542,0,0,0,0,0,0
2025/04/16 11:11:00.918,n,20.390412,35.83358,0.195586,0.020202,0.473532,0.00765,10.70259,9.97515,9.837908,9.38062,11.837238,10.47157,10.214158,9.344034,9.320104,8.834744,0,0,0,0,0,0
2025/04/16 11:12:00.920,n,20.532696,34.844712,0.174874,0.012536,0.502005,0.012788,10.690988,9.951818,9.814562,9.383532,11.863546,10.479952,10.216924,9.357194,9.314558,8.87718,0,0,0,0,0,0
2025/04/16 11:13:00.921,n,20.498322,34.808872,0.216055,0.01469,0.549127,0.014466,10.704102,9.960572,9.823314,9.370338,11.900028,10.47157,10.216924,9.357194,9.31171,8.86402,0,0,0,0,0,0
2025/04/16 11:14:00.924,n,20.529376,35.200716,0.201876,0.005769,0.544195,0.006317,10.720052,9.97515,9.852504,9.389372,11.964268,10.482702,10.216924,9.367476,9.314558,8.878644,0,0,0,0,0,0
2025/04/16 11:15:00.931,n,20.61932,34.79696,0.174226,0.007343,0.540447,0.014403,10.715724,9.953232,9.8321,9.373252,11.984668,10.496696,10.216924,9.364498,9.322854,8.89774,0,0,0,0,0,0
2025/04/16 11:16:00.914,n,20.720638,35.241588,0.174555,0.020136,0.561075,0.01905,10.708448,9.941568,9.836476,9.411286,12.010912,10.502326,10.219806,9.377692,9.322854,8.896242,0,0,0,0,0,0
2025/04/16 11:17:00.914,n,20.807064,34.759456,0.173095,0.006415,0.589073,0.023309,10.7754,9.994122,9.865666,9.412766,12.043032,10.499576,10.222636,9.399638,9.328482,8.907924,0,0,0,0,0,0
2025/04/16 11:18:00.914,n,20.787384,34.851496,0.165924,0.004516,0.506286,0.044745,10.791432,9.999962,9.86861,9.422982,12.070724,10.507926,10.222636,9.40979,9.328482,8.9109,0,0,0,0,0,0
2025/04/16 11:19:00.915,n,20.871028,34.39442,0.148693,0.010088,0.467595,0.026652,10.776898,9.98828,9.852504,9.40691,12.061966,10.510724,10.233782,9.387908,9.334078,8.899204,0,0,0,0,0,0
2025/04/16 11:20:00.917,n,21.051494,34.056868,0.127445,0.028353,0.426135,0.019008,10.747718,9.954698,9.853984,9.415694,12.08681,10.530316,10.239298,9.389372,9.350768,8.913828,0,0,0,0,0,0
2025/04/16 11:21:00.922,n,21.146564,33.05692,0.068026,0.026654,0.369436,0.021988,10.794312,10.001442,9.86861,9.431768,12.110108,10.538698,10.233782,9.412766,9.348004,8.928484,0,0,0,0,0,0
2025/04/16 11:22:00.924,n,21.036702,33.469516,0.070869,0.006701,0.370767,0.050944,10.814672,10.005788,9.877398,9.42007,12.120332,10.547078,10.244928,9.396694,9.345222,8.931426,0,0,0,0,0,0
2025/04/16 11:23:00.925,n,21.085918,33.099544,0.074106,0.005025,0.34256,0.03003,10.81179,10.001442,9.871508,9.415694,12.139266,10.55271,10.242178,9.386412,9.359114,8.907924,0,0,0,0,0,0
2025/04/16 11:24:00.931,n,21.167854,33.000572,0.102935,0.006417,0.250432,0.041276,10.83656,10.005788,9.877398,9.405446,12.178682,10.555556,10.242178,9.41423,9.359114,8.931426,0,0,0,0,0,0
2025/04/16 11:25:00.913,n,21.200618,33.007408,0.066698,0.012878,0.199316,0.017773,10.840938,10.008716,9.883204,9.425926,12.156784,10.563954,10.253406,9.417174,9.361994,8.934306,0,0,0,0,0,0
2025/04/16 11:26:00.914,n,21.312092,33.25814,0.06443,0.004169,0.200535,0.00909,10.843852,10.011596,9.87442,9.428824,12.175702,10.583548,10.258922,9.412766,9.373138,8.929962,0,0,0,0,0,0
2025/04/16 11:27:00.919,n,21.469318,32.34808,0.120549,0.038537,0.252584,0.019031,10.88898,10.0423,9.919684,9.47268,12.250108,10.5751,10.270084,9.446424,9.36484,8.963584,0,0,0,0,0,0
2025/04/16 11:28:00.919,n,21.266144,32.766686,0.167911,0.016951,0.245524,0.004026,10.878744,10.03208,9.88174,9.44496,12.250108,10.586298,10.2729,9.41423,9.361994,8.938682,0,0,0,0,0,0
2025/04/16 11:29:00.921,n,21.215362,33.150768,0.196053,0.010603,0.248083,0.003753,10.91808,10.06124,9.915306,9.478556,12.296754,10.580698,10.275682,9.389372,9.370338,8.943106,0,0,0,0,0,0
2025/04/16 11:30:00.924,n,21.362874,33.000572,0.153417,0.01436,0.286319,0.021579,10.935544,10.265464,10.167766,9.669974,12.45555,10.58908,10.284176,9.29284,9.381516,8.761486,0,0,0,0,0,0
2025/04/16 11:31:00.919,n,21.484066,32.426792,0.195877,0.01122,0.270206,0.006473,10.95737,10.090446,9.938688,9.4815,12.404554,10.5751,10.270084,9.465362,9.348004,8.984112,0,0,0,0,0,0
2025/04/16 11:32:00.922,n,21.398956,32.033432,0.214118,0.008266,0.283535,0.016572,10.941322,10.080226,9.915306,9.478556,12.438096,10.591846,10.28141,9.450768,9.361994,8.976792,0,0,0,0,0,0
2025/04/16 11:33:00.926,n,21.384114,32.454086,0.188378,0.014758,0.333037,0.036257,10.925308,10.058342,9.8978,9.441982,12.430834,10.611456,10.30642,9.431768,9.370338,8.962136,0,0,0,0,0,0
2025/04/16 11:34:00.916,n,21.341584,33.811852,0.208234,0.016852,0.413565,0.03553,10.90057,10.011596,9.890494,9.43904,12.449738,10.61707,10.326078,9.424446,9.378734,8.947514,0,0,0,0,0,0
2025/04/16 11:35:00.917,n,21.342968,32.118828,0.131496,0.030732,0.376568,0.02439,10.88208,9.978484,9.847084,9.389778,12.408054,10.683518,10.378474,9.417566,9.43115,8.961046,0,0,0,0,0,0
2025/04/16 11:36:00.915,n,21.279004,32.747734,0.087094,0.013063,0.329939,0.02423,10.950484,10.07481,9.927364,9.459912,12.47797,10.69476,10.392582,9.454136,9.436696,8.96983,0,0,0,0,0,0
2025/04/16 11:37:00.917,n,21.2938,33.010624,0.116208,0.026407,0.309497,0.007544,10.976688,10.084994,9.928876,9.46873,12.491046,10.689214,10.40648,9.443854,9.43115,8.975702,0,0,0,0,0,0
2025/04/16 11:38:00.916,n,21.406838,32.496658,0.170575,0.038146,0.262228,0.013666,10.985444,10.093782,9.927364,9.473138,12.523122,10.703112,10.426104,9.4556,9.436696,8.991822,0,0,0,0,0,0
2025/04/16 11:39:00.919,n,21.375732,31.791922,0.39833,0.079706,0.394807,0.074029,10.999962,10.076304,9.914266,9.457014,12.526036,10.677982,10.417626,9.405836,9.422674,8.920074,0,0,0,0,0,0
2025/04/16 11:40:00.925,n,21.246242,32.911648,0.361267,0.021526,0.346517,0.032853,11.045632,10.144808,9.95953,9.508212,12.5799,10.69476,10.448448,9.470192,9.425422,8.997612,0,0,0,0,0,0
2025/04/16 11:41:00.922,n,21.26426,33.213554,0.265484,0.059959,0.254863,0.025717,11.021756,10.128764,9.972644,9.5155,12.55953,10.728334,10.468104,9.446782,9.447824,8.9596,0,0,0,0,0,0
2025/04/16 11:42:00.925,n,21.421582,32.723858,0.15137,0.02989,0.245841,0.020289,10.989822,10.115634,9.946382,9.470192,12.49834,10.756376,10.493232,9.449696,9.464564,8.981574,0,0,0,0,0,0
2025/04/16 11:43:00.916,n,21.606594,31.850126,0.095803,0.012711,0.263265,0.017628,10.997048,10.08794,9.94347,9.483304,12.508566,10.76749,10.512822,9.486234,9.464564,9.012268,0,0,0,0,0,0
2025/04/16 11:44:00.910,n,21.748974,31.194922,0.109018,0.002651,0.281041,0.013257,11.02034,10.10107,9.968284,9.474552,12.510014,10.781616,10.52685,9.48189,9.470192,9.010822,0,0,0,0,0,0
2025/04/16 11:45:00.914,n,21.868358,30.95085,0.091689,0.007111,0.271965,0.008739,11.013064,10.103952,9.955154,9.480426,12.501286,10.801114,10.549226,9.471674,9.484184,9.000572,0,0,0,0,0,0
2025/04/16 11:46:00.919,n,21.910888,31.254252,0.086568,0.003966,0.219401,0.018652,11.031032,10.131742,9.974108,9.483304,12.531882,10.801114,10.560372,9.480426,9.484184,9.010822,0,0,0,0,0,0
2025/04/16 11:47:00.919,n,21.884716,31.23496,0.086745,0.004006,0.179691,0.013887,11.024668,10.131742,9.978484,9.502338,12.574086,10.809626,10.568852,9.490676,9.484184,9.006446,0,0,0,0,0,0
2025/04/16 11:48:00.923,n,21.969776,31.438384,0.075213,0.002441,0.156753,0.003286,11.026166,10.136118,9.99015,9.505266,12.597404,10.823524,10.585596,9.494986,9.489732,9.018172,0,0,0,0,0,0
2025/04/16 11:49:00.930,n,22.046582,30.80397,0.078713,0.008448,0.192302,0.039399,11.026166,10.146272,9.987238,9.508212,12.645488,10.831874,10.599608,9.48921,9.495326,9.016676,0,0,0,0,0,0
2025/04/16 11:50:00.925,n,22.033496,30.479898,0.085886,0.0027,0.183742,0.008634,11.013064,10.14336,9.985774,9.499428,12.68328,10.851534,10.621986,9.493522,9.495326,9.016676,0,0,0,0,0,0
2025/04/16 11:51:00.929,n,21.956692,31.004078,0.110326,0.00656,0.149255,0.012667,11.032466,10.159404,10.000368,9.506748,12.725488,10.857132,10.630382,9.493522,9.506472,9.021102,0,0,0,0,0,0
2025/04/16 11:52:00.916,n,21.987744,31.131864,0.1113,0.003801,0.153724,0.003597,11.051476,10.159404,10.009122,9.518396,12.758998,10.857132,10.647128,9.522806,9.500826,9.029854,0,0,0,0,0,0
2025/04/16 11:53:00.917,n,21.981202,30.873658,0.120946,0.016838,0.144428,0.010541,11.039788,10.149218,10.009122,9.505266,12.757532,10.87676,10.666754,9.5155,9.506472,9.038636,0,0,0,0,0,0
2025/04/16 11:54:00.919,n,22.043312,30.960368,0.148198,0.015656,0.140198,0.009805,11.063176,10.168158,10.01791,9.524268,12.796826,10.874008,10.666754,9.522806,9.509318,9.04158,0,0,0,0,0,0
2025/04/16 11:55:00.921,n,22.182278,30.397352,0.133533,0.005989,0.144854,0.007164,11.061744,10.176944,10.01791,9.530092,12.793926,10.885124,10.680734,9.522806,9.509318,9.038636,0,0,0,0,0,0
2025/04/16 11:56:00.925,n,22.317822,29.233384,0.143629,0.017809,0.142516,0.00268,11.083668,10.195918,10.038314,9.54472,12.814346,10.899138,10.69761,9.535902,9.525992,9.024046,0,0,0,0,0,0
2025/04/16 11:57:00.928,n,22.08096,29.531504,0.143061,0.008128,0.119016,0.00888,11.077842,10.192988,10.032504,9.534502,12.812882,10.907584,10.703112,9.538878,9.520446,9.044476,0,0,0,0,0,0
2025/04/16 11:58:00.926,n,22.010598,30.697788,0.143051,0.06803,0.113227,0.002277,11.115864,10.22213,10.076304,9.566632,12.868116,10.91598,10.705992,9.64993,9.506472,9.1689,0,0,0,0,0,0
2025/04/16 11:59:00.928,n,21.84385,30.11916,0.127321,0.015269,0.118028,0.001895,11.080786,10.192988,10.044138,9.550558,12.841948,10.932842,10.725586,9.54472,9.52884,9.04742,0,0,0,0,0,0
2025/04/16 12:00:00.931,n,21.73589,31.556482,0.272181,0.044439,0.136511,0.00657,11.067554,10.182736,10.03688,9.543286,12.90453,10.924364,10.731134,9.535902,9.517696,9.06354,0,0,0,0,0,0
2025/04/16 12:01:00.917,n,21.915822,30.488086,0.217349,0.045941,0.139432,0.009289,11.17732,10.238192,10.112754,9.622144,12.984518,10.91035,10.708742,9.592972,9.498078,9.06354,0,0,0,0,0,0
2025/04/16 12:02:00.917,n,22.097268,29.91104,0.226791,0.013294,0.125795,0.006636,11.169964,10.238192,10.093782,9.582756,13.003426,10.927114,10.725586,9.611926,9.514948,9.091324,0,0,0,0,0,0
2025/04/16 12:03:00.923,n,22.06128,30.330356,0.219496,0.008763,0.110987,0.00309,11.181698,10.25277,10.089438,9.58129,13.023796,10.938392,10.736732,9.604604,9.5121,9.085484,0,0,0,0,0,0
2025/04/16 12:04:00.924,n,22.074368,29.628894,0.135,0.026472,0.163006,0.029136,11.194866,10.261492,10.125884,9.603142,13.057214,10.96637,10.753594,9.594388,9.53159,9.11621,0,0,0,0,0,0
2025/04/16 12:05:00.924,n,21.966458,30.761444,0.184443,0.010518,0.153739,0.025735,11.167098,10.242536,10.092318,9.576882,13.026664,10.974734,10.756376,9.611926,9.52884,9.094234,0,0,0,0,0,0
2025/04/16 12:06:00.927,n,22.010598,30.446112,0.1461,0.025266,0.186311,0.035067,11.25631,10.245448,10.114234,9.590012,13.025262,10.999978,10.781616,9.604604,9.548364,9.043044,0,0,0,0,0,0
2025/04/16 12:07:00.931,n,21.853664,30.710172,0.106383,0.008205,0.184627,0.008951,11.206554,10.2688,10.10107,9.591476,13.028146,11.016758,10.77877,9.604604,9.55121,9.094234,0,0,0,0,0,0
2025/04/16 12:08:00.931,n,21.861816,31.010874,0.099022,0.005253,0.157423,0.008163,11.200708,10.25277,10.09959,9.587066,12.996128,11.028006,10.795516,9.61046,9.565136,9.08402,0,0,0,0,0,0
2025/04/16 12:09:00.932,n,21.927246,30.900696,0.105513,0.002762,0.150037,0.002887,11.213878,10.254202,10.106912,9.58417,12.977222,11.036354,10.801114,9.619264,9.562258,9.094234,0,0,0,0,0,0
2025/04/16 12:10:00.921,n,22.092334,30.29846,0.146855,0.01286,0.172526,0.007009,11.247488,10.258612,10.115634,9.592972,12.964212,11.050386,10.803896,9.635304,9.567952,9.104484,0,0,0,0,0,0
2025/04/16 12:11:00.922,n,22.084178,30.690634,0.219808,0.024044,0.174127,0.001616,11.267948,10.289188,10.1273,9.61339,12.958332,11.053232,10.801114,9.64993,9.567952,9.107428,0,0,0,0,0,0
2025/04/16 12:12:00.922,n,22.134816,31.205686,0.237144,0.005437,0.188083,0.004453,11.278234,10.290652,10.1273,9.617832,12.93796,11.05608,10.806746,9.652874,9.559506,9.114746,0,0,0,0,0,0
2025/04/16 12:13:00.924,n,22.322704,30.418958,0.156659,0.029822,0.165956,0.005775,11.254846,10.284844,10.118546,9.614854,12.894336,11.081242,10.826372,9.65725,9.581878,9.110338,0,0,0,0,0,0
2025/04/16 12:14:00.929,n,22.54966,29.169398,0.109721,0.011444,0.192183,0.018126,11.250434,10.290652,10.130228,9.61046,12.876878,11.09799,10.829124,9.66013,9.579112,9.1133,0,0,0,0,0,0
2025/04/16 12:15:00.929,n,22.585598,29.344788,0.134671,0.0107,0.266629,0.023276,11.289936,10.331462,10.16378,9.647,12.881258,11.09524,10.831874,9.670412,9.579112,9.110338,0,0,0,0,0,0
2025/04/16 12:16:00.932,n,22.673684,28.89517,0.159867,0.016315,0.286185,0.027909,11.276736,10.314018,10.120042,9.620678,12.841948,11.09799,10.826372,9.676188,9.584626,9.127892,0,0,0,0,0,0
2025/04/16 12:17:00.933,n,22.74707,28.638428,0.176479,0.004217,0.252491,0.016012,11.276736,10.322708,10.144808,9.629496,12.83322,11.120466,10.840354,9.673342,9.593102,9.136708,0,0,0,0,0,0
2025/04/16 12:18:00.918,n,22.82539,27.242218,0.159697,0.007406,0.196435,0.014522,11.306004,10.327118,10.175478,9.63968,12.834668,11.120466,10.845984,9.701046,9.595852,9.107428,0,0,0,0,0,0
2025/04/16 12:19:00.921,n,22.796048,27.606766,0.194168,0.012362,0.170261,0.009118,11.317706,10.31986,10.153594,9.642592,12.817198,11.12885,10.845984,9.715674,9.595852,9.146924,0,0,0,0,0,0
2025/04/16 12:20:00.956,n,22.827004,33.404568,0.310652,0.028156,0.172831,0.002672,11.377622,10.379614,10.227972,9.671876,12.884158,11.092472,10.829124,9.785764,9.579112,9.1689,0,0,0,0,0,0
2025/04/16 12:21:00.920,n,22.717774,28.10618,0.334635,0.047291,0.194,0.016507,11.367432,10.348972,10.16378,9.70401,12.895752,11.103622,10.840354,9.674756,9.587504,9.010822,0,0,0,0,0,0
2025/04/16 12:22:00.925,n,22.655712,28.492542,0.28484,0.00971,0.193381,0.012761,11.401012,10.418976,10.238192,9.702544,12.841948,11.120466,10.851534,9.715674,9.593102,9.14546,0,0,0,0,0,0
2025/04/16 12:23:00.927,n,22.655712,28.65611,0.319111,0.021442,0.18942,0.004925,11.341096,10.369362,10.200246,9.674756,12.796826,11.117702,10.84875,9.74343,9.581878,9.158684,0,0,0,0,0,0
2025/04/16 12:24:00.930,n,22.692044,28.389786,0.285677,0.014904,0.172563,0.013111,11.324282,10.37291,10.168776,9.66511,12.762712,11.212656,10.940898,9.705996,9.676562,9.125548,0,0,0,0,0,0
2025/04/16 12:25:00.933,n,22.680664,28.00627,0.22703,0.012582,0.166319,0.006081,11.292134,10.35981,10.16292,9.643196,12.72482,11.226556,10.95776,9.705996,9.690636,9.135828,0,0,0,0,0,0
2025/04/16 12:26:00.933,n,22.445606,28.542174,0.214255,0.003475,0.1263,0.012584,11.296544,10.365618,10.167296,9.64173,12.723386,11.226556,10.952046,9.716276,9.687758,9.141668,0,0,0,0,0,0
2025/04/16 12:27:00.920,n,22.406444,28.934844,0.210102,0.005657,0.118268,0.003661,11.317022,10.35981,10.190628,9.66223,12.711776,11.240636,10.960526,9.751288,9.690636,9.17095,0,0,0,0,0,0
2025/04/16 12:28:00.907,n,22.486476,28.60304,0.208257,0.002337,0.120831,0.000752,11.300892,10.367066,10.197918,9.650484,12.708828,11.24342,10.974426,9.742568,9.693386,9.173862,0,0,0,0,0,0
2025/04/16 12:29:00.906,n,22.561524,28.734058,0.186852,0.008574,0.120025,0.001364,11.283344,10.355464,10.199382,9.643196,12.678266,11.257416,10.977272,9.738192,9.70453,9.172398,0,0,0,0,0,0
2025/04/16 12:30:00.910,n,22.739356,27.856006,0.13251,0.016133,0.117681,0.005169,11.280432,10.362706,10.216892,9.64905,12.662244,11.268648,10.988504,9.754266,9.70453,9.17679,0,0,0,0,0,0
2025/04/16 12:31:00.924,n,22.886086,27.173468,0.124083,0.018863,0.126367,0.004843,11.290668,10.375838,10.215444,9.682648,12.638958,11.240636,10.966126,9.768828,9.67378,9.18554,0,0,0,0,0,0
2025/04/16 12:32:00.927,n,22.688458,27.915952,0.17645,0.01603,0.144399,0.007286,11.228722,10.337272,10.171038,9.654306,12.6004,11.289806,11.018044,9.785812,9.722962,9.167518,0,0,0,0,0,0
2025/04/16 12:33:00.929,n,22.732552,27.137064,0.164278,0.012578,0.130993,0.011115,11.244802,10.357694,10.169622,9.645554,12.59602,11.301136,11.037672,9.723012,9.736938,9.133862,0,0,0,0,0,0
2025/04/16 12:34:00.933,n,22.660774,27.485022,0.153476,0.005145,0.148267,0.0045,11.238944,10.363538,10.168158,9.65146,12.585794,11.317918,11.040554,9.727358,9.750962,9.129452,0,0,0,0,0,0
2025/04/16 12:35:00.933,n,22.88089,27.302592,0.146316,0.009938,0.151772,0.003952,11.21412,10.357694,10.173982,9.641178,12.574216,11.32067,11.057398,9.728836,9.759342,9.130934,0,0,0,0,0,0
2025/04/16 12:36:00.936,n,22.972198,27.201172,0.167712,0.008513,0.159399,0.006937,11.231668,10.367848,10.191508,9.65146,12.597486,11.317918,11.060148,9.747838,9.753712,9.148518,0,0,0,0,0,0
2025/04/16 12:37:00.922,n,22.90047,27.07222,0.154458,0.011588,0.180041,0.008681,11.2463,10.363538,10.203142,9.654306,12.575618,11.3263,11.0629,9.758058,9.762094,9.164556,0,0,0,0,0,0
2025/04/16 12:38:00.925,n,22.980354,26.720554,0.141831,0.005407,0.179323,0.003476,11.243386,10.360606,10.211896,9.667468,12.574216,11.331914,11.068532,9.758058,9.764938,9.171926,0,0,0,0,0,0
2025/04/16 12:39:00.908,n,22.941192,26.708298,0.166544,0.008589,0.163048,0.00522,11.243386,10.373706,10.230886,9.65725,12.606164,11.312286,11.0629,9.77701,9.748198,9.193902,0,0,0,0,0,0
2025/04/16 12:40:00.910,n,23.003154,26.59737,0.184722,0.009936,0.16773,0.002603,11.244802,10.372226,10.226444,9.660148,12.60328,11.315036,11.06578,9.774098,9.742568,9.183588,0,0,0,0,0,0
2025/04/16 12:41:00.913,n,22.926544,26.270084,0.193837,0.005963,0.154655,0.005019,11.255024,10.382462,10.243952,9.67622,12.617854,11.312286,11.06578,9.8048,9.748198,9.19971,0,0,0,0,0,0
2025/04/16 12:42:00.915,n,22.841778,26.578496,0.231552,0.011003,0.124484,0.010625,11.265278,10.38827,10.24688,9.683576,12.629498,11.30952,11.068532,9.801886,9.748198,9.20119,0,0,0,0,0,0
2025/04/16 12:43:00.915,n,23.143292,27.319142,0.268094,0.013452,0.115012,0.00277,11.249244,10.35916,10.217722,9.65146,12.633878,11.303886,11.05455,9.842774,9.739818,9.234814,0,0,0,0,0,0
2025/04/16 12:44:00.920,n,23.283332,25.43198,0.196042,0.02141,0.101016,0.007516,11.27257,10.39997,10.26146,9.706954,12.635344,11.317918,11.076896,9.831026,9.756462,9.22463,0,0,0,0,0,0
2025/04/16 12:45:00.918,n,23.424984,25.137586,0.265201,0.032536,0.112752,0.002092,11.307714,10.408724,10.270182,9.701098,12.668822,11.306652,11.06578,9.81352,9.748198,9.215748,0,0,0,0,0,0
2025/04/16 12:46:00.906,n,23.49007,24.34023,0.256128,0.044389,0.117572,0.005391,11.255024,10.41888,10.268766,9.718586,12.6994,11.306652,11.07408,9.820826,9.750962,9.21435,0,0,0,0,0,0
2025/04/16 12:47:00.909,n,23.462384,24.69637,0.20836,0.012276,0.122541,0.001738,11.260868,10.41888,10.264358,9.71133,12.677548,11.317918,11.082462,9.828116,9.759342,9.20703,0,0,0,0,0,0
2025/04/16 12:48:00.911,n,23.608822,23.857044,0.148727,0.015891,0.147402,0.007768,11.25649,10.405812,10.274624,9.699634,12.66151,11.331914,11.082462,9.822306,9.762094,9.226028,0,0,0,0,0,0
2025/04/16 12:49:00.914,n,23.431476,24.265366,0.147018,0.012459,0.190875,0.013951,11.255024,10.402866,10.276056,9.706954,12.668822,11.32342,11.08528,9.842774,9.753712,9.25235,0,0,0,0,0,0
2025/04/16 12:50:00.915,n,23.33377,24.742206,0.144932,0.00228,0.194199,0.004338,11.26969,10.410158,10.287722,9.720084,12.66151,11.3263,11.07968,9.831026,9.762094,9.230438,0,0,0,0,0,0
2025/04/16 12:51:00.916,n,23.322376,24.977982,0.133781,0.007852,0.185061,0.005745,11.261616,10.388952,10.266504,9.69309,12.63443,11.33758,11.093824,9.828912,9.767948,9.220986,0,0,0,0,0,0
2025/04/16 12:52:00.922,n,23.46886,24.63085,0.171265,0.011403,0.239182,0.019397,11.274768,10.377318,10.257784,9.710614,12.638778,11.32355,11.093824,9.834688,9.759472,9.207828,0,0,0,0,0,0
2025/04/16 12:53:00.920,n,23.6151,24.87797,0.203272,0.01456,0.277242,0.011443,11.290914,10.404982,10.28548,9.723728,12.644592,11.318032,11.090942,9.865356,9.753842,9.237108,0,0,0,0,0,0
2025/04/16 12:54:00.923,n,23.789906,23.531844,0.106151,0.030664,0.329113,0.019781,11.295228,10.384576,10.259248,9.703308,12.593626,11.357162,11.116204,9.877054,9.767948,9.218076,0,0,0,0,0,0
2025/04/16 12:55:00.908,n,23.855236,24.348144,0.135124,0.035063,0.319954,0.021814,11.24407,10.396228,10.225728,9.6989,12.536864,11.334782,11.102206,9.817182,9.759472,9.174202,0,0,0,0,0,0
2025/04/16 12:56:00.912,n,23.688636,24.504734,0.119899,0.016994,0.213425,0.033102,11.328904,10.444346,10.310244,9.733944,12.599472,11.33758,11.107822,9.825934,9.767948,9.225412,0,0,0,0,0,0
2025/04/16 12:57:00.913,n,23.76051,24.40894,0.099926,0.006954,0.273118,0.016041,11.314238,10.42246,10.29856,9.741282,12.603852,11.34033,11.119052,9.868302,9.759472,9.259052,0,0,0,0,0,0
2025/04/16 12:58:00.919,n,23.744202,23.814672,0.106061,0.002333,0.386109,0.043409,11.322996,10.450138,10.348174,9.760236,12.632966,11.334782,11.116204,9.825934,9.767948,9.232666,0,0,0,0,0,0
2025/04/16 12:59:00.917,n,23.807872,23.344096,0.10106,0.00282,0.38209,0.039229,11.347866,10.423972,10.301522,9.731066,12.612596,11.334782,11.1246,9.8814,9.765068,9.26486,0,0,0,0,0,0
2025/04/16 13:00:00.920,n,23.742542,23.760634,0.125157,0.009501,0.368215,0.01715,11.359554,10.42975,10.31607,9.744194,12.62282,11.33758,11.121802,9.898938,9.765068,9.267804,0,0,0,0,0,0
2025/04/16 13:01:00.926,n,23.755626,23.759216,0.069971,0.023674,0.195836,0.043791,11.375636,10.445826,10.324824,9.76611,12.602386,11.329182,11.11342,9.917878,9.745544,9.275108,0,0,0,0,0,0
2025/04/16 13:02:00.928,n,23.785512,23.80232,0.151314,0.010915,0.266436,0.025762,11.374154,10.435348,10.296868,9.749726,12.598104,11.429302,11.235882,9.891324,9.864934,9.252838,0,0,0,0,0,0
2025/04/16 13:03:00.929,n,23.582924,24.21367,0.165046,0.003874,0.263587,0.001054,11.375636,10.442636,10.301246,9.749726,12.589344,11.434916,11.249912,9.894252,9.864934,9.257214,0,0,0,0,0,0
2025/04/16 13:04:00.914,n,23.50177,24.898306,0.195198,0.010866,0.219337,0.012959,11.374154,10.449896,10.314378,9.74683,12.614126,11.437668,11.261144,9.897164,9.876078,9.258678,0,0,0,0,0,0
2025/04/16 13:05:00.916,n,23.640102,24.70059,0.249879,0.01528,0.216991,0.00635,11.39608,10.457234,10.302692,9.735132,12.601018,11.42652,11.269444,9.897164,9.867682,9.270374,0,0,0,0,0,0
2025/04/16 13:06:00.918,n,23.9422,23.210792,0.206683,0.010951,0.259386,0.014823,11.378566,10.44843,10.311464,9.749726,12.599538,11.448836,11.291924,9.903006,9.876078,9.26312,0,0,0,0,0,0
2025/04/16 13:07:00.923,n,23.922618,23.191484,0.164527,0.032865,0.198624,0.045097,11.42533,10.481968,10.355188,9.773088,12.601018,11.4433,11.289172,9.935106,9.87053,9.283584,0,0,0,0,0,0
2025/04/16 13:08:00.921,n,23.84103,23.72289,0.166022,0.012404,0.196358,0.023479,11.401972,10.45577,10.318724,9.749726,12.56171,11.462932,11.317152,9.913224,9.89845,9.258678,0,0,0,0,0,0
2025/04/16 13:09:00.924,n,23.832824,23.958284,0.155691,0.023769,0.140167,0.028305,11.415108,10.471782,10.344986,9.76437,12.570408,11.460166,11.317152,9.917602,9.889974,9.276248,0,0,0,0,0,0
2025/04/16 13:10:00.924,n,24.04992,23.31944,0.144462,0.007556,0.143741,0.005062,11.454532,10.511048,10.395984,9.82569,12.637426,11.454532,11.325536,9.891324,9.903982,9.251374,0,0,0,0,0,0
2025/04/16 13:11:00.928,n,23.907924,23.300222,0.163258,0.007953,0.139273,0.005192,11.441398,10.471782,10.327478,9.774554,12.547138,11.454532,11.333934,9.932212,9.8957,9.26312,0,0,0,0,0,0
2025/04/16 13:12:00.931,n,23.805092,23.905188,0.136831,0.019728,0.1355,0.013348,11.44584,10.474696,10.327478,9.781874,12.528202,11.462932,11.336782,9.933676,9.90683,9.266032,0,0,0,0,0,0
2025/04/16 13:13:00.917,n,23.733166,23.949108,0.173347,0.020369,0.149422,0.009719,11.46915,10.497982,10.344986,9.777498,12.564626,11.460166,11.339648,9.939518,9.903982,9.293816,0,0,0,0,0,0
2025/04/16 13:14:00.919,n,23.809974,24.461636,0.200189,0.011347,0.149345,0.002094,11.489594,10.499446,10.349314,9.77602,12.576268,11.457298,11.342414,9.957026,9.9012,9.296712,0,0,0,0,0,0
2025/04/16 13:15:00.919,n,23.932434,23.92204,0.210617,0.003585,0.153277,0.002584,11.521776,10.505304,10.353708,9.77602,12.566028,11.454532,11.348014,9.964346,9.9012,9.305464,0,0,0,0,0,0
2025/04/16 13:16:00.921,n,24.211442,23.239012,0.15226,0.015183,0.152857,0.004249,11.498384,10.489226,10.34061,9.758512,12.53115,11.46853,11.373178,9.952648,9.920822,9.28503,0,0,0,0,0,0
2025/04/16 13:17:00.921,n,24.397278,22.576732,0.171992,0.004275,0.148736,0.006965,11.545152,10.515492,10.360996,9.778964,12.554418,11.457298,11.359196,9.971634,9.909596,9.311352,0,0,0,0,0,0
2025/04/16 13:18:00.923,n,24.473838,22.313712,0.176065,0.007412,0.145888,0.007254,11.549496,10.52716,10.366872,9.786252,12.552952,11.462932,11.373178,9.977444,9.915128,9.304,0,0,0,0,0,0
2025/04/16 13:19:00.930,n,24.372818,22.474036,0.140271,0.013297,0.12748,0.005047,11.565596,10.516924,10.36832,9.80379,12.558798,11.465682,11.376028,9.99207,9.920822,9.299656,0,0,0,0,0,0
2025/04/16 13:20:00.932,n,24.266808,22.697482,0.159465,0.006241,0.137462,0.003711,11.584578,10.534418,10.378538,9.800814,12.563146,11.465682,11.384426,9.98916,9.917974,9.302568,0,0,0,0,0,0
2025/04/16 13:21:00.934,n,24.193474,23.872636,0.1916,0.009328,0.128411,0.00301,11.605038,10.54755,10.36972,9.795004,12.577734,11.460166,11.381578,10.002272,9.920822,9.298192,0,0,0,0,0,0
2025/04/16 13:22:00.919,n,24.24562,22.87491,0.166245,0.012657,0.118414,0.003897,11.594814,10.562082,10.382884,9.806686,12.602484,11.471314,11.392808,9.990606,9.943096,9.321568,0,0,0,0,0,0
2025/04/16 13:23:00.919,n,24.173844,23.853034,0.179356,0.020729,0.110162,0.00813,11.61964,10.569372,10.395984,9.819818,12.624288,11.465682,11.387176,9.997864,9.934716,9.32744,0,0,0,0,0,0
2025/04/16 13:24:00.922,n,24.278282,23.009788,0.097125,0.048926,0.09626,0.010631,11.609416,10.56353,10.391606,9.809566,12.605398,11.47408,11.39844,10.002272,9.945976,9.320154,0,0,0,0,0,0
2025/04/16 13:25:00.922,n,24.22609,22.842342,0.165576,0.033361,0.104983,0.005524,11.641534,10.58244,10.41058,9.828602,12.646122,11.465682,11.39844,10.022676,9.945976,9.33917,0,0,0,0,0,0
2025/04/16 13:26:00.924,n,24.120034,23.293652,0.287722,0.070269,0.126589,0.011019,11.666376,10.610138,10.425128,9.841732,12.692724,11.440452,11.389928,10.037288,9.923604,9.350818,0,0,0,0,0,0
2025/04/16 13:27:00.930,n,24.121696,23.694546,0.323395,0.011668,0.130714,0.002509,11.659082,10.576648,10.403306,9.819818,12.679634,11.437668,11.389928,10.024174,9.923604,9.349354,0,0,0,0,0,0
2025/04/16 13:28:00.930,n,24.30275,23.051204,0.217367,0.038702,0.128989,0.002888,11.676598,10.608706,10.423664,9.846078,12.670872,11.460166,11.392808,10.04456,9.945976,9.35669,0,0,0,0,0,0
2025/04/16 13:29:00.931,n,24.30275,22.883314,0.100655,0.043155,0.113611,0.006275,11.651772,10.59995,10.426592,9.846078,12.637426,11.471314,11.40404,10.040184,9.96275,9.346442,0,0,0,0,0,0
2025/04/16 13:30:00.933,n,24.182044,23.102962,0.093901,0.002016,0.114385,0.000255,11.661996,10.613084,10.435348,9.850454,12.631614,11.482466,11.409654,10.05478,9.96275,9.35669,0,0,0,0,0,0
2025/04/16 13:31:00.911,n,24.028724,23.652788,0.093397,0.000557,0.105232,0.002398,11.65026,10.646542,10.452858,9.878194,12.651984,11.4433,11.376028,10.062036,9.931968,9.369818,0,0,0,0,0,0
2025/04/16 13:32:00.911,n,23.914032,23.905862,0.094943,0.0004,0.101884,0.000795,11.58609,10.59126,10.390288,9.807028,12.581772,11.434152,11.36403,9.996692,9.923052,9.306048,0,0,0,0,0,0
2025/04/16 13:33:00.916,n,23.669064,25.052634,0.159581,0.01814,0.115226,0.004103,11.608002,10.599982,10.404868,9.823102,12.618132,11.439752,11.378014,10.012734,9.936946,9.3148,0,0,0,0,0,0
2025/04/16 13:34:00.917,n,23.654416,24.649962,0.152861,0.028561,0.122415,0.006965,11.591932,10.595604,10.391736,9.802684,12.589002,11.448136,11.389292,10.004046,9.950938,9.306048,0,0,0,0,0,0
2025/04/16 13:35:00.919,n,23.571014,25.543416,0.146165,0.015715,0.123983,0.005371,11.600658,10.599982,10.409246,9.815782,12.593414,11.459382,11.389292,10.018578,9.964932,9.325082,0,0,0,0,0,0
2025/04/16 13:36:00.921,n,23.561248,25.218262,0.219314,0.016438,0.161372,0.009052,11.610882,10.601416,10.413622,9.815782,12.60649,11.450902,11.394892,10.017112,9.967794,9.317712,0,0,0,0,0,0
2025/04/16 13:37:00.923,n,23.695186,24.879602,0.254498,0.009107,0.172437,0.003201,11.61526,10.613116,10.4194,9.820158,12.612286,11.445286,11.394892,10.027362,9.967794,9.336714,0,0,0,0,0,0
2025/04/16 13:38:00.925,n,23.713154,24.85114,0.26776,0.005843,0.166553,0.002303,11.622618,10.61165,10.415088,9.823102,12.605058,11.445286,11.400492,10.036052,9.97894,9.33525,0,0,0,0,0,0
2025/04/16 13:39:00.927,n,23.855194,24.283864,0.269892,0.004659,0.155145,0.005045,11.628462,10.623254,10.439822,9.84061,12.615186,11.445286,11.400492,10.046286,9.981692,9.33969,0,0,0,0,0,0
2025/04/16 13:40:00.916,n,23.918914,24.003238,0.298628,0.011195,0.143973,0.003321,11.618206,10.652384,10.434012,9.850828,12.629808,11.442534,11.400492,10.037548,9.981692,9.342618,0,0,0,0,0,0
2025/04/16 13:41:00.916,n,23.967842,24.281296,0.353197,0.016395,0.123037,0.006252,11.637154,10.659676,10.449978,9.837666,12.638502,11.434152,11.392042,10.053558,9.97056,9.33969,0,0,0,0,0,0
2025/04/16 13:42:00.916,n,24.170188,23.228974,0.314592,0.014126,0.114209,0.002532,11.612362,10.648006,10.448544,9.86246,12.64723,11.442534,11.400492,10.049248,9.995684,9.35137,0,0,0,0,0,0
2025/04/16 13:43:00.918,n,24.331566,22.905838,0.311166,0.007148,0.116977,0.002537,11.628462,10.653864,10.454356,9.85958,12.663252,11.439752,11.394892,10.056472,9.992934,9.352786,0,0,0,0,0,0
2025/04/16 13:44:00.925,n,24.444062,22.63657,0.29149,0.007055,0.110656,0.00207,11.626966,10.656762,10.46459,9.856604,12.66182,11.450902,11.406124,10.063792,10.001312,9.364532,0,0,0,0,0,0
2025/04/16 13:45:00.920,n,24.662376,21.822332,0.277763,0.004451,0.120308,0.005746,11.624018,10.646542,10.461678,9.855172,12.686554,11.450902,11.406124,10.066722,10.009612,9.365996,0,0,0,0,0,0
2025/04/16 13:46:00.924,n,24.810516,23.384588,0.266466,0.017957,0.127766,0.005802,11.645946,10.648006,10.432532,9.808494,12.638502,11.462134,11.411674,10.002534,10.023686,9.323586,0,0,0,0,0,0
2025/04/16 13:47:00.924,n,24.9049,22.380872,0.252485,0.020894,0.121849,0.0069,11.608002,10.618876,10.439822,9.817182,12.671948,11.462134,11.400492,10.034586,10.020804,9.368844,0,0,0,0,0,0
2025/04/16 13:48:00.932,n,24.997582,20.724204,0.259116,0.014894,0.118397,0.002819,11.6401,10.662622,10.484978,9.874174,12.765104,11.459382,11.414522,10.098776,10.020804,9.39082,0,0,0,0,0,0
2025/04/16 13:49:00.917,n,24.935814,20.891494,0.268836,0.004084,0.120416,0.001834,11.629878,10.684444,10.480602,9.89606,12.80728,11.456616,11.406124,10.078388,10.026452,9.387842,0,0,0,0,0,0
2025/04/16 13:50:00.916,n,24.9049,21.075984,0.256903,0.013431,0.129688,0.003603,11.661996,10.697512,10.502424,9.888738,12.837812,11.465014,11.420024,10.053558,10.029202,9.40686,0,0,0,0,0,0
2025/04/16 13:51:00.920,n,24.821892,26.373184,0.294473,0.013265,0.128436,0.003703,11.682426,10.669848,10.431034,9.853756,12.782528,11.465014,11.417274,10.087142,10.040346,9.431734,0,0,0,0,0,0
2025/04/16 13:52:00.923,n,24.781174,21.598628,0.272825,0.006178,0.12934,0.002926,11.65327,10.69896,10.521334,9.901868,12.869796,11.456616,11.422874,10.095864,10.040346,9.396628,0,0,0,0,0,0
2025/04/16 13:53:00.923,n,24.810516,21.919806,0.281828,0.005041,0.131564,0.005125,11.680944,10.717872,10.51699,9.904748,12.893082,11.459382,11.411674,10.094448,10.040346,9.421516,0,0,0,0,0,0
2025/04/16 13:54:00.925,n,24.843086,21.804098,0.283689,0.008052,0.138036,0.004328,11.680944,10.707716,10.534468,9.906244,12.871274,11.459382,11.40889,10.111958,10.048824,9.412702,0,0,0,0,0,0
2025/04/16 13:55:00.927,n,24.935814,20.512522,0.285185,0.010322,0.159708,0.006021,11.685324,10.70918,10.550512,9.913566,12.869796,11.462134,11.417274,10.113372,10.048824,9.418574,0,0,0,0,0,0
2025/04/16 13:56:00.927,n,24.82512,20.803538,0.254087,0.016073,0.157571,0.01281,11.688302,10.70189,10.538844,9.91503,12.855286,11.473366,11.425754,10.119182,10.06272,9.437574,0,0,0,0,0,0
2025/04/16 13:57:00.934,n,24.83493,21.10141,0.242774,0.00645,0.161598,0.003645,11.707252,10.704802,10.550512,9.923734,12.833466,11.470518,11.428506,10.135224,10.059954,9.43904,0,0,0,0,0,0
2025/04/16 13:58:00.916,n,24.820236,20.891996,0.24207,0.001036,0.144273,0.009163,11.70284,10.726626,10.538844,9.93104,12.824736,11.484612,11.425754,10.120662,10.057204,9.427326,0,0,0,0,0,0
2025/04/16 13:59:00.919,n,24.722526,21.029676,0.218093,0.007786,0.142336,0.000785,11.705786,10.725162,10.543172,9.934018,12.814574,11.490212,11.431354,10.117748,10.073978,9.42879,0,0,0,0,0,0
2025/04/16 14:00:00.921,n,24.696502,21.187962,0.194581,0.007423,0.113811,0.009299,11.721836,10.731006,10.554858,9.941258,12.8043,11.492998,11.436904,10.127968,10.0711,9.44927,0,0,0,0,0,0
2025/04/16 14:01:00.918,n,24.768136,21.037424,0.187863,0.003624,0.100604,0.002365,11.756868,10.754276,10.573814,9.960246,12.80728,11.476132,11.40889,10.14982,10.054324,9.462432,0,0,0,0,0,0
2025/04/16 14:02:00.924,n,24.65583,21.299948,0.167649,0.006456,0.095983,0.000864,11.755386,10.749898,10.58257,9.963142,12.801452,11.481766,11.422874,10.145412,10.06272,9.46533,0,0,0,0,0,0
2025/04/16 14:03:00.923,n,24.517356,21.629496,0.13847,0.010485,0.092482,0.001944,11.765626,10.742672,10.58257,9.966054,12.788374,11.501362,11.428506,10.148356,10.07673,9.463896,0,0,0,0,0,0
2025/04/16 14:04:00.921,n,24.53366,21.822706,0.143189,0.003704,0.086722,0.001409,11.78316,10.749898,10.59266,9.957334,12.78691,11.509746,11.434152,10.151268,10.079494,9.469704,0,0,0,0,0,0
2025/04/16 14:05:00.925,n,24.72097,20.772436,0.146798,0.006356,0.073468,0.004665,11.791868,10.751364,10.597038,9.954388,12.789824,11.512628,11.445286,10.155676,10.085094,9.46533,0,0,0,0,0,0
2025/04/16 14:06:00.926,n,24.600456,20.857122,0.141041,0.002238,0.068919,0.00164,11.80647,10.751364,10.599982,9.960246,12.781062,11.512628,11.445286,10.158574,10.085094,9.477026,0,0,0,0,0,0
2025/04/16 14:07:00.914,n,24.447288,21.16871,0.153579,0.003717,0.071543,0.00093,11.805056,10.765962,10.595604,9.996692,12.769452,11.520978,11.450902,10.162952,10.093472,9.46533,0,0,0,0,0,0
2025/04/16 14:08:00.912,n,24.455436,21.670304,0.21246,0.018616,0.078056,0.001499,11.823988,10.78191,10.604392,9.996692,12.785444,11.506994,11.448136,10.176082,10.099102,9.471186,0,0,0,0,0,0
2025/04/16 14:09:00.915,n,24.641182,21.503564,0.27469,0.028514,0.080884,0.002722,11.832746,10.802272,10.623254,10.018578,12.824736,11.492998,11.442534,10.19647,10.087842,9.517942,0,0,0,0,0,0
2025/04/16 14:10:00.918,n,24.83493,21.398328,0.300692,0.006115,0.084373,0.002724,11.84297,10.813938,10.616028,10.002534,12.813092,11.495748,11.439752,10.184804,10.093472,9.477026,0,0,0,0,0,0
2025/04/16 14:11:00.921,n,24.899972,20.850494,0.25133,0.02145,0.073415,0.005124,11.793366,10.784824,10.613116,9.99085,12.792724,11.512628,11.456616,10.197934,10.101868,9.532534,0,0,0,0,0,0
2025/04/16 14:12:00.922,n,24.999238,20.895114,0.249598,0.003371,0.07487,0.004165,11.835628,10.813938,10.630562,9.996692,12.79707,11.520978,11.459382,10.176082,10.096238,9.497442,0,0,0,0,0,0
2025/04/16 14:13:00.923,n,25.139084,19.788426,0.249203,0.007764,0.086507,0.005665,11.837092,10.799374,10.626216,9.998156,12.799984,11.52386,11.462134,10.195006,10.104714,9.522318,0,0,0,0,0,0
2025/04/16 14:14:00.923,n,25.143966,19.373434,0.246254,0.007092,0.079206,0.003471,11.840006,10.809562,10.642164,10.004046,12.8043,11.526626,11.467766,10.202312,10.107498,9.514996,0,0,0,0,0,0
2025/04/16 14:15:00.927,n,25.03669,19.66893,0.217805,0.00993,0.086831,0.001445,11.851696,10.816852,10.649488,10.012734,12.798552,11.529376,11.470518,10.200848,10.115846,9.516476,0,0,0,0,0,0
2025/04/16 14:16:00.911,n,25.067596,19.829422,0.196391,0.006781,0.086622,0.000609,11.858988,10.8328,10.646542,10.036052,12.772384,11.53776,11.478884,10.205226,10.115846,9.501868,0,0,0,0,0,0
2025/04/16 14:17:00.918,n,25.098458,18.922056,0.158652,0.008057,0.084483,0.001774,11.851696,10.821198,10.645142,10.040462,12.785444,11.54909,11.481766,10.224198,10.12136,9.50478,0,0,0,0,0,0
2025/04/16 14:18:00.915,n,25.157006,19.577962,0.178313,0.005939,0.087982,0.002023,11.87359,10.834298,10.643662,10.031674,12.762156,11.546208,11.481766,10.216858,10.12699,9.523782,0,0,0,0,0,0
2025/04/16 14:19:00.919,n,25.2529,19.832242,0.217182,0.012075,0.08234,0.002046,11.891108,10.853764,10.652384,10.052094,12.778148,11.54909,11.478884,10.209538,10.129838,9.520852,0,0,0,0,0,0
2025/04/16 14:20:00.920,n,25.415452,18.562804,0.249175,0.01448,0.087046,0.00233,11.923178,10.865464,10.67712,10.055038,12.785444,11.53501,11.481766,10.2227,10.112998,9.54423,0,0,0,0,0,0
2025/04/16 14:21:00.923,n,25.309838,18.828512,0.295035,0.013353,0.098449,0.005692,11.931904,10.872772,10.6786,10.053558,12.794206,11.532226,11.481766,10.21977,10.11861,9.539854,0,0,0,0,0,0
2025/04/16 14:22:00.923,n,25.210662,19.548124,0.311822,0.005106,0.09969,0.000835,11.952368,10.88153,10.685876,10.063792,12.8029,11.532226,11.478884,10.234368,10.112998,9.54563,0,0,0,0,0,0
2025/04/16 14:23:00.927,n,25.223656,19.458792,0.275873,0.014825,0.092295,0.004068,11.98299,10.903482,10.719304,10.078388,12.814574,11.532226,11.476132,10.21977,10.115846,9.52523,0,0,0,0,0,0
2025/04/16 14:24:00.929,n,25.257782,18.533774,0.290243,0.008985,0.102645,0.004846,11.962592,10.877214,10.690254,10.06088,12.783994,11.53776,11.484612,10.24021,10.12699,9.555912,0,0,0,0,0,0
2025/04/16 14:25:00.913,n,25.298454,18.663022,0.30564,0.020687,0.096754,0.006359,12.013646,10.915216,10.703338,10.10753,12.79707,11.53501,11.481766,10.256188,10.112998,9.54132,0,0,0,0,0,0
2025/04/16 14:26:00.918,n,25.283806,18.044584,0.320185,0.011597,0.075683,0.008526,11.996062,10.915216,10.704802,10.095864,12.769452,11.53501,11.481766,10.259132,10.110248,9.574864,0,0,0,0,0,0
2025/04/16 14:27:00.921,n,25.282196,18.20963,0.336105,0.008746,0.082272,0.005716,12.013646,10.922524,10.700424,10.085676,12.782528,11.526626,11.481766,10.254756,10.112998,9.566112,0,0,0,0,0,0
2025/04/16 14:28:00.923,n,25.238304,17.997618,0.311436,0.010355,0.072375,0.00462,12.01796,10.929912,10.715024,10.101674,12.78691,11.532226,11.478884,10.266408,10.11861,9.576362,0,0,0,0,0,0
2025/04/16 14:29:00.922,n,25.225266,17.779422,0.277777,0.008471,0.067426,0.002022,12.015046,10.929912,10.713558,10.095864,12.762156,11.540608,11.490212,10.260598,10.12136,9.579306,0,0,0,0,0,0
2025/04/16 14:30:00.927,n,25.00396,18.689482,0.256259,0.01346,0.067478,0.002603,12.007818,10.918064,10.713396,10.091308,12.746264,11.62252,11.566524,10.260418,10.194762,9.580462,0,0,0,0,0,0
2025/04/16 14:31:00.917,n,25.109672,18.012638,0.180001,0.023608,0.0642,0.001654,12.018026,10.951674,10.752746,10.1438,12.776862,11.60302,11.538494,10.321668,10.175138,9.628698,0,0,0,0,0,0
2025/04/16 14:32:00.920,n,25.330498,18.101194,0.184954,0.012741,0.064105,0.007115,11.968566,10.893408,10.679936,10.065046,12.688214,11.695562,11.6423,10.229812,10.267612,9.541076,0,0,0,0,0,0
2025/04/16 14:33:00.924,n,25.343536,17.489852,0.156322,0.006588,0.064649,0.002407,11.958326,10.891944,10.69154,10.054876,12.69401,11.703946,11.6423,10.228364,10.27599,9.552772,0,0,0,0,0,0
2025/04/16 14:34:00.909,n,25.444268,17.432102,0.142286,0.00362,0.058755,0.002875,11.98457,10.891944,10.710466,10.075264,12.69989,11.703946,11.650698,10.253162,10.284436,9.560078,0,0,0,0,0,0
2025/04/16 14:35:00.910,n,25.415024,16.947672,0.167521,0.012445,0.054877,0.001672,11.98317,10.893408,10.69154,10.060668,12.69989,11.706794,11.653482,10.261884,10.284436,9.555668,0,0,0,0,0,0
2025/04/16 14:36:00.915,n,25.268784,17.77963,0.174122,0.003851,0.053089,0.001217,11.968566,10.890448,10.69302,10.067976,12.69989,11.706794,11.656298,10.238598,10.287234,9.546948,0,0,0,0,0,0
2025/04/16 14:37:00.914,n,25.302864,17.953342,0.11673,0.038181,0.048258,0.005127,11.971498,10.906574,10.713378,10.082552,12.70129,11.72081,11.661834,10.254562,10.295616,9.557178,0,0,0,0,0,0
2025/04/16 14:38:00.915,n,25.322396,17.464146,0.123389,0.007825,0.051776,0.00071,11.986084,10.918276,10.709002,10.084018,12.69253,11.72366,11.67033,10.247352,10.289986,9.55858,0,0,0,0,0,0
2025/04/16 14:39:00.920,n,25.259018,17.730192,0.126351,0.004121,0.055216,0.001398,11.96274,10.909488,10.704674,10.08986,12.69989,11.729178,11.667562,10.242974,10.295616,9.549892,0,0,0,0,0,0
2025/04/16 14:40:00.920,n,25.205352,18.340274,0.133218,0.002723,0.061251,0.00204,11.972978,10.922654,10.710466,10.094236,12.702772,11.726428,11.67033,10.254562,10.292736,9.560078,0,0,0,0,0,0
2025/04/16 14:41:00.920,n,25.089928,18.307174,0.157049,0.005957,0.069878,0.001949,11.981704,10.944576,10.714876,10.094236,12.695476,11.729178,11.67033,10.245872,10.298366,9.552772,0,0,0,0,0,0
2025/04/16 14:42:00.922,n,24.883332,18.769174,0.165102,0.002792,0.063672,0.001231,11.96715,10.931442,10.709002,10.088394,12.69253,11.72366,11.667562,10.245872,10.303978,9.560078,0,0,0,0,0,0
2025/04/16 14:43:00.910,n,24.948418,18.93607,0.165481,0.000993,0.069767,0.002081,11.98457,10.921174,10.736636,10.084018,12.704204,11.72366,11.678714,10.28377,10.292736,9.577582,0,0,0,0,0,0
2025/04/16 14:44:00.912,n,24.842658,18.680496,0.152345,0.00493,0.068992,0.000956,11.975876,10.937286,10.736636,10.105904,12.686748,11.73206,11.678714,10.276446,10.292736,9.568862,0,0,0,0,0,0
2025/04/16 14:45:00.914,n,24.788902,18.928252,0.110194,0.011424,0.058614,0.00356,11.972978,10.93294,10.743958,10.102992,12.67802,11.740412,11.681562,10.274982,10.303978,9.579062,0,0,0,0,0,0
2025/04/16 14:46:00.914,n,24.836166,18.9332,0.076657,0.005163,0.056419,0.001007,11.961272,10.929962,10.742478,10.100094,12.66055,11.743178,11.692796,10.27355,10.30961,9.574654,0,0,0,0,0,0
2025/04/16 14:47:00.922,n,24.705894,18.999826,0.058494,0.005577,0.064364,0.002651,11.953948,10.938752,10.745392,10.108782,12.670758,11.74881,11.689946,10.267724,10.317958,9.577582,0,0,0,0,0,0
2025/04/16 14:48:00.919,n,24.701012,19.212606,0.056566,0.00068,0.074822,0.003011,11.955462,10.94754,10.748336,10.113194,12.65327,11.746058,11.692796,10.274982,10.306844,9.576118,0,0,0,0,0,0
2025/04/16 14:49:00.922,n,24.80848,19.124028,0.056008,0.00096,0.086789,0.004152,11.956926,10.949004,10.754148,10.126324,12.661966,11.743178,11.695562,10.286682,10.301132,9.5864,0,0,0,0,0,0
2025/04/16 14:50:00.923,n,24.842658,19.051626,0.056418,0.000354,0.084059,0.001014,11.933564,10.956328,10.752714,10.124844,12.659084,11.740412,11.71233,10.282304,10.31236,9.580492,0,0,0,0,0,0
2025/04/16 14:51:00.926,n,24.922394,19.113546,0.066944,0.003455,0.075871,0.002934,11.94234,10.96217,10.759972,10.12782,12.66055,11.74881,11.709578,10.28377,10.31236,9.587814,0,0,0,0,0,0
2025/04/16 14:52:00.913,n,25.03138,18.294896,0.075824,0.003831,0.087788,0.004356,11.961272,10.94754,10.775972,10.114624,12.654736,11.746058,11.72366,10.292524,10.315142,9.598032,0,0,0,0,0,0
2025/04/16 14:53:00.914,n,24.89959,18.771262,0.078768,0.002869,0.105786,0.004162,11.956926,10.96217,10.775972,10.130668,12.657618,11.743178,11.73206,10.31729,10.306844,9.60685,0,0,0,0,0,0
2025/04/16 14:54:00.915,n,24.813316,18.977982,0.099344,0.006544,0.129452,0.006312,11.946718,10.94754,10.777452,10.142352,12.657618,11.74881,11.740412,10.30559,10.323506,9.603872,0,0,0,0,0,0
2025/04/16 14:55:00.919,n,24.767808,19.26389,0.112246,0.003921,0.107867,0.006894,11.952514,10.96803,10.79052,10.162772,12.667844,11.743178,11.746058,10.312912,10.31236,9.60537,0,0,0,0,0,0
2025/04/16 14:56:00.920,n,24.74012,19.277988,0.110309,0.001709,0.079311,0.009207,11.940874,10.97096,10.781796,10.151106,12.637246,11.746058,11.75454,10.308568,10.317958,9.595152,0,0,0,0,0,0
2025/04/16 14:57:00.925,n,24.814972,19.057462,0.10646,0.001103,0.06034,0.005587,11.93065,10.976804,10.775972,10.151106,12.638714,11.75729,11.768442,10.301214,10.317958,9.59224,0,0,0,0,0,0
2025/04/16 14:58:00.924,n,24.83773,19.220646,0.105366,0.000654,0.056593,0.001598,11.93065,10.984094,10.786206,10.162772,12.628552,11.75169,11.782558,10.30559,10.317958,9.60685,0,0,0,0,0,0
2025/04/16 14:59:00.923,n,24.881676,18.632964,0.098121,0.002528,0.053476,0.000583,11.917512,10.982628,10.787608,10.15986,12.629954,11.75169,11.788158,10.323068,10.323506,9.60685,0,0,0,0,0,0
2025/04/16 15:00:00.927,n,24.871956,18.763438,0.10222,0.002233,0.054034,0.001931,11.916098,10.972408,10.794866,10.156898,12.61253,11.765676,11.807692,10.312912,10.331984,9.590742,0,0,0,0,0,0
2025/04/16 15:01:00.909,n,24.902862,18.874766,0.126075,0.005128,0.053439,0.00037,11.948168,10.991418,10.83635,10.174472,12.643094,11.717946,11.788158,10.352244,10.295616,9.638914,0,0,0,0,0,0
2025/04/16 15:02:00.910,n,24.98748,19.032552,0.163057,0.01174,0.056159,0.001013,11.952514,10.984094,10.821686,10.180248,12.64018,11.73481,11.804908,10.350778,10.30961,9.637484,0,0,0,0,0,0
2025/04/16 15:03:00.909,n,25.111114,18.593222,0.175672,0.003926,0.055736,0.0007,11.939408,10.982628,10.828976,10.178782,12.643094,11.737562,11.81894,10.355122,10.30961,9.643292,0,0,0,0,0,0
2025/04/16 15:04:00.914,n,25.044364,18.70403,0.182591,0.003452,0.053811,0.001173,11.940874,10.98556,10.824598,10.18316,12.628552,11.73206,11.835774,10.355122,10.31236,9.621442,0,0,0,0,0,0
2025/04/16 15:05:00.913,n,25.093194,18.395572,0.175652,0.003355,0.053046,0.000469,11.926336,10.98556,10.82315,10.180248,12.624206,11.740412,11.852654,10.350778,10.32074,9.628748,0,0,0,0,0,0
2025/04/16 15:06:00.918,n,25.141976,18.334342,0.144805,0.009822,0.057588,0.001356,11.907288,10.992882,10.826062,10.199222,12.621258,11.74881,11.866558,10.344954,10.331984,9.617002,0,0,0,0,0,0
2025/04/16 15:07:00.927,n,25.146812,17.897202,0.114528,0.008439,0.057646,0.000595,11.895618,10.98556,10.82315,10.18609,12.593594,11.760042,11.880672,10.337678,10.331984,9.617002,0,0,0,0,0,0
2025/04/16 15:08:00.920,n,25.115952,18.071414,0.093995,0.007499,0.054347,0.0018,11.885408,10.982628,10.81874,10.197788,12.589214,11.762892,11.886272,10.360996,10.334734,9.627252,0,0,0,0,0,0
2025/04/16 15:09:00.925,n,25.03299,17.95374,0.093083,0.001785,0.055259,0.000439,11.885408,10.997326,10.831938,10.199222,12.580518,11.765676,11.903154,10.352244,10.337484,9.622842,0,0,0,0,0,0
2025/04/16 15:10:00.909,n,25.016778,18.183726,0.089745,0.001634,0.057149,0.000569,11.885408,10.975338,10.853892,10.18609,12.584866,11.765676,11.908754,10.36972,10.331984,9.650614,0,0,0,0,0,0
2025/04/16 15:11:00.913,n,25.055794,18.089414,0.077145,0.004188,0.050313,0.002011,11.878182,10.972408,10.84657,10.181714,12.579052,11.768442,11.919906,10.36972,10.334734,9.636004,0,0,0,0,0,0
2025/04/16 15:12:00.912,n,25.177764,18.13384,0.056469,0.006226,0.044879,0.001822,11.867958,10.972408,10.853892,10.190466,12.583434,11.771292,11.92269,10.387196,10.340364,9.64479,0,0,0,0,0,0
2025/04/16 15:13:00.913,n,25.239532,17.887522,0.047308,0.002469,0.043488,0.000464,11.866492,10.975338,10.850946,10.197788,12.561598,11.768442,11.93962,10.375544,10.34313,9.641878,0,0,0,0,0,0
2025/04/16 15:14:00.917,n,25.27523,18.032058,0.043157,0.001161,0.050388,0.002387,11.851922,10.984094,10.8612,10.205012,12.554302,11.771292,11.948006,10.382818,10.348662,9.638914,0,0,0,0,0,0
2025/04/16 15:15:00.918,n,25.297982,17.497752,0.041954,0.000404,0.065408,0.004356,11.853354,10.981164,10.859736,10.202102,12.554302,11.776828,11.950772,10.385764,10.34313,9.643292,0,0,0,0,0,0
2025/04/16 15:16:00.921,n,25.294762,17.827652,0.042372,0.000291,0.060044,0.001974,11.853354,10.995828,10.86268,10.216712,12.557218,11.768442,11.956406,10.398832,10.34313,9.637484,0,0,0,0,0,0
2025/04/16 15:17:00.927,n,25.276886,17.970926,0.041101,0.000458,0.047982,0.003709,11.838752,10.992882,10.858336,10.221108,12.549922,11.774042,11.964854,10.388676,10.340364,9.63166,0,0,0,0,0,0
2025/04/16 15:18:00.928,n,25.330498,17.963522,0.040501,0.000206,0.042799,0.001394,11.832926,10.994348,10.864114,10.219642,12.548458,11.776828,11.97324,10.390142,10.34313,9.628748,0,0,0,0,0,0
2025/04/16 15:19:00.909,n,25.228158,18.30084,0.040672,0.000167,0.043546,0.000466,11.835838,10.98556,10.881722,10.213768,12.558682,11.771292,11.97879,10.40321,10.348662,9.653574,0,0,0,0,0,0
2025/04/16 15:20:00.911,n,25.150132,18.597024,0.039937,0.000311,0.044629,0.000604,11.838752,10.981164,10.883122,10.215232,12.544128,11.768442,11.984424,10.407586,10.340364,9.662294,0,0,0,0,0,0
2025/04/16 15:21:00.914,n,25.174446,18.540366,0.038632,0.000422,0.047365,0.001471,11.834374,10.975338,10.884602,10.221108,12.541228,11.776828,11.987272,10.413428,10.34588,9.65795,0,0,0,0,0,0
2025/04/16 15:22:00.917,n,25.288262,18.351212,0.038136,0.000139,0.049708,0.001429,11.83146,10.992882,10.883122,10.226898,12.54266,11.765676,11.990122,10.425096,10.334734,9.659366,0,0,0,0,0,0
2025/04/16 15:23:00.921,n,25.389,18.186362,0.038043,0.000265,0.055428,0.001632,11.83146,10.992882,10.883122,10.235654,12.52667,11.768442,11.990122,10.433818,10.337484,9.65795,0,0,0,0,0,0
2025/04/16 15:24:00.923,n,25.509262,17.427672,0.03795,0.000178,0.050696,0.002483,11.830028,10.988504,10.886068,10.250184,12.523708,11.765676,11.992906,10.430888,10.34588,9.65795,0,0,0,0,0,0
2025/04/16 15:25:00.924,n,25.470246,17.850234,0.038725,0.000156,0.044725,0.002519,11.824198,10.994348,10.880224,10.251696,12.513564,11.774042,11.9987,10.435266,10.34313,9.652078,0,0,0,0,0,0
2025/04/16 15:26:00.924,n,25.473472,17.373006,0.039694,0.000366,0.046264,0.001275,11.824198,10.989936,10.880224,10.261884,12.503338,11.771292,12.006988,10.438228,10.340364,9.643292,0,0,0,0,0,0
2025/04/16 15:27:00.926,n,25.397148,17.085128,0.038498,0.000525,0.047514,0.000901,11.819756,10.989936,10.880224,10.256042,12.509184,11.768442,12.004236,10.439642,10.348662,9.65795,0,0,0,0,0,0
2025/04/16 15:28:00.919,n,25.197196,17.779368,0.03761,0.000243,0.048232,0.000851,11.82708,10.988504,10.897786,10.250184,12.513564,11.771292,12.01814,10.452774,10.34313,9.668168,0,0,0,0,0,0
2025/04/16 15:29:00.914,n,25.114342,17.981766,0.03065,0.001923,0.034068,0.003976,11.832926,10.978284,10.902132,10.248752,12.513564,11.768442,12.015388,10.454176,10.340364,9.679866,0,0,0,0,0,0
2025/04/16 15:30:00.916,n,25.049248,18.08267,0.038245,0.001478,0.044933,0.002219,11.837238,10.98704,10.890448,10.242974,12.49896,11.771292,12.009836,10.46293,10.34313,9.679866,0,0,0,0,0,0
2025/04/16 15:31:00.912,n,25.02977,18.733688,0.041861,0.000546,0.046775,0.000332,11.846062,11.003104,10.909488,10.267724,12.52229,11.740412,11.990122,10.478974,10.323506,9.690018,0,0,0,0,0,0
2025/04/16 15:32:00.914,n,25.088364,18.695536,0.041473,0.000272,0.04838,0.000546,11.848976,11.000174,10.903646,10.269206,12.52229,11.746058,12.001452,10.483352,10.329136,9.690018,0,0,0,0,0,0
2025/04/16 15:33:00.919,n,25.114342,18.454422,0.04031,0.000505,0.049357,0.000395,11.84165,10.998726,10.90511,10.274982,12.513564,11.74881,12.004236,10.48773,10.323506,9.69153,0,0,0,0,0,0
2025/04/16 15:34:00.920,n,25.085044,18.558024,0.039989,0.000141,0.047068,0.00102,11.840218,11.000174,10.899266,10.269206,12.503338,11.746058,12.006988,10.497886,10.326256,9.682746,0,0,0,0,0,0
2025/04/16 15:35:00.920,n,25.07689,17.542276,0.039127,0.000422,0.044661,0.002671,11.835838,11.01046,10.899266,10.274982,12.509184,11.75729,12.020988,10.490644,10.340364,9.68712,0,0,0,0,0,0
2025/04/16 15:36:00.923,n,25.106186,17.62711,0.038219,0.000257,0.061098,0.005089,11.824198,10.997326,10.893408,10.277926,12.506302,11.765676,12.01814,10.486232,10.340364,9.676888,0,0,0,0,0,0
2025/04/16 15:37:00.911,n,25.184258,17.431296,0.039107,0.00024,0.065545,0.001627,11.815376,10.998726,10.908022,10.267724,12.531018,11.762892,12.026588,10.499366,10.340364,9.69153,0,0,0,0,0,0
2025/04/16 15:38:00.911,n,25.168,17.198348,0.039575,0.000192,0.078445,0.00343,11.813942,11.003104,10.903646,10.264796,12.529552,11.762892,12.029388,10.490644,10.340364,9.690018,0,0,0,0,0,0
2025/04/16 15:39:00.915,n,25.041146,17.851028,0.040066,0.000205,0.07836,0.000849,11.821236,10.995828,10.90511,10.274982,12.538314,11.760042,12.026588,10.497886,10.337484,9.695938,0,0,0,0,0,0
2025/04/16 15:40:00.914,n,25.039536,17.976614,0.039019,0.000506,0.080512,0.000967,11.809596,10.997326,10.902132,10.272102,12.54266,11.765676,12.037774,10.502262,10.348662,9.68712,0,0,0,0,0,0
2025/04/16 15:41:00.919,n,25.020004,17.71472,0.038209,0.000303,0.088666,0.002388,11.809596,11.000174,10.902132,10.28377,12.558682,11.75454,12.034988,10.511018,10.337484,9.697338,0,0,0,0,0,0
2025/04/16 15:42:00.925,n,24.969566,17.60259,0.039029,0.000259,0.088431,0.000632,11.816856,10.997326,10.896356,10.286682,12.558682,11.760042,12.040524,10.522684,10.34313,9.690018,0,0,0,0,0,0
2025/04/16 15:43:00.921,n,24.858918,17.761386,0.039071,4.507745e-05,0.074921,0.004289,11.809596,11.007514,10.88898,10.276446,12.560148,11.762892,12.046158,10.525564,10.34588,9.695938,0,0,0,0,0,0
2025/04/16 15:44:00.922,n,24.858918,18.587712,0.038116,0.000325,0.069324,0.00156,11.80372,11.013392,10.893408,10.293988,12.557218,11.75729,12.043374,10.529942,10.34313,9.695938,0,0,0,0,0,0
2025/04/16 15:45:00.926,n,24.852424,18.53226,0.037367,0.00021,0.058651,0.004151,11.799372,11.004584,10.893408,10.291026,12.561598,11.762892,12.049008,10.531406,10.34313,9.692994,0,0,0,0,0,0
2025/04/16 15:46:00.912,n,24.855698,18.495732,0.037408,0.000666,0.052276,0.00223,11.784788,11.000174,10.896356,10.282304,12.573192,11.75729,12.049008,10.5241,10.348662,9.704628,0,0,0,0,0,0
2025/04/16 15:47:00.916,n,24.884994,18.700504,0.038436,0.00025,0.052372,0.000541,11.784788,11.001638,10.899266,10.282304,12.576138,11.75729,12.054624,10.540162,10.34313,9.713412,0,0,0,0,0,0
2025/04/16 15:48:00.912,n,24.97445,18.458098,0.038652,0.000221,0.055932,0.001077,11.790614,11.001638,10.899266,10.286682,12.571758,11.760042,12.054624,10.53432,10.34588,9.703212,0,0,0,0,0,0
2025/04/16 15:49:00.916,n,25.078544,18.734994,0.040517,0.001048,0.056212,0.001077,11.789134,11.001638,10.900732,10.285202,12.565978,11.765676,12.057374,10.5503,10.34588,9.709036,0,0,0,0,0,0
2025/04/16 15:50:00.918,n,25.15496,18.617496,0.044199,0.001197,0.052526,0.00088,11.775996,11.001638,10.900732,10.291026,12.55577,11.760042,12.057374,10.547454,10.34313,9.709036,0,0,0,0,0,0
2025/04/16 15:51:00.921,n,25.130546,18.501364,0.044915,0.001291,0.051776,0.000305,11.786236,10.997326,10.900732,10.292524,12.558682,11.760042,12.06291,10.56052,10.34588,9.713412,0,0,0,0,0,0
2025/04/16 15:52:00.926,n,25.106186,18.574972,0.053359,0.002267,0.05545,0.001451,11.793482,11.023626,10.899266,10.30559,12.564496,11.75169,12.051774,10.566362,10.331984,9.720718,0,0,0,0,0,0
2025/04/16 15:53:00.924,n,25.140312,18.908568,0.050842,0.003887,0.053933,0.002189,11.790614,11.013392,10.896356,10.298316,12.554302,11.75454,12.06291,10.577966,10.340364,9.716374,0,0,0,0,0,0
2025/04/16 15:54:00.927,n,25.216782,18.440512,0.048017,0.004533,0.06187,0.003783,11.777476,11.003104,10.884602,10.30559,12.551388,11.760042,12.06576,10.566362,10.334734,9.709036,0,0,0,0,0,0
2025/04/16 15:55:00.914,n,25.229766,18.310734,0.063352,0.004036,0.057636,0.001645,11.771618,11.017736,10.896356,10.302692,12.583434,11.75454,12.060158,10.561986,10.334734,9.716374,0,0,0,0,0,0
2025/04/16 15:56:00.916,n,25.151696,18.488126,0.062806,0.001467,0.059031,0.000626,11.76724,11.013392,10.900732,10.296836,12.581952,11.75454,12.057374,10.569276,10.331984,9.72363,0,0,0,0,0,0
2025/04/16 15:57:00.916,n,25.146812,18.368596,0.05585,0.002775,0.063271,0.00112,11.754134,11.001638,10.900732,10.30559,12.596572,11.74881,12.060158,10.583824,10.331984,9.732384,0,0,0,0,0,0
2025/04/16 15:58:00.920,n,25.164726,18.448912,0.0536,0.002257,0.058719,0.001213,11.774564,10.998726,10.89489,10.299748,12.579052,11.75729,12.051774,10.5765,10.334734,9.725062,0,0,0,0,0,0
2025/04/16 15:59:00.923,n,25.150132,18.52532,0.04527,0.002807,0.053593,0.001524,11.76724,11.003104,10.897786,10.298316,12.576138,11.74881,12.068526,10.582344,10.331984,9.729504,0,0,0,0,0,0
2025/04/16 16:00:00.923,n,25.158188,18.383732,0.042801,0.000687,0.050861,0.001283,11.765774,11.006048,10.893408,10.311448,12.583434,11.75169,12.060158,10.58672,10.326256,9.72363,0,0,0,0,0,0
2025/04/16 16:01:00.921,n,25.140312,18.402806,0.045116,0.000599,0.043034,0.001943,11.781856,11.027972,10.912418,10.320202,12.599422,11.72366,12.032222,10.610056,10.306844,9.745512,0,0,0,0,0,0
2025/04/16 16:02:00.927,n,25.119888,18.459022,0.048042,0.001033,0.03783,0.001572,11.74492,10.983752,10.866718,10.28468,12.56689,11.773034,12.0816,10.5731,10.35335,9.69981,0,0,0,0,0,0
2025/04/16 16:03:00.928,n,25.199578,18.06918,0.043203,0.001571,0.040965,0.00121,11.734696,10.98673,10.860842,10.286162,12.57267,11.778634,12.089986,10.587712,10.358882,9.705668,0,0,0,0,0,0
2025/04/16 16:04:00.916,n,25.194694,17.562324,0.0364,0.002075,0.053879,0.003743,11.723058,10.988196,10.868216,10.278904,12.590142,11.784266,12.089986,10.567258,10.364496,9.707132,0,0,0,0,0,0
2025/04/16 16:05:00.915,n,25.183312,17.65281,0.035748,0.000119,0.066519,0.003952,11.714266,10.982286,10.869662,10.27599,12.58866,11.789898,12.095586,10.570202,10.370094,9.702758,0,0,0,0,0,0
2025/04/16 16:06:00.915,n,25.170372,17.71874,0.036457,0.000237,0.066982,0.000763,11.723058,10.980822,10.865252,10.278904,12.604714,11.787018,12.098434,10.5731,10.367328,9.705668,0,0,0,0,0,0
2025/04/16 16:07:00.919,n,25.193078,17.709402,0.038271,0.000639,0.055576,0.003699,11.720142,10.976442,10.862308,10.283216,12.606164,11.787018,12.095586,10.578958,10.372974,9.702758,0,0,0,0,0,0
2025/04/16 16:08:00.919,n,25.235366,17.698714,0.040217,0.000545,0.05135,0.001453,11.721592,10.979374,10.865252,10.27599,12.600334,11.784266,12.0816,10.589146,10.364496,9.705668,0,0,0,0,0,0
2025/04/16 16:09:00.926,n,25.27111,17.673818,0.042145,0.000709,0.057667,0.002143,11.724522,10.972034,10.855,10.283216,12.58726,11.789898,12.089986,10.583334,10.367328,9.704222,0,0,0,0,0,0
2025/04/16 16:10:00.927,n,25.24508,18.047854,0.041985,0.000127,0.060557,0.000777,11.717212,10.969122,10.852054,10.283216,12.590142,11.792666,12.098434,10.594938,10.370094,9.69981,0,0,0,0,0,0
2025/04/16 16:11:00.925,n,25.188194,18.207454,0.039829,0.000678,0.062705,0.00064,11.723058,10.976442,10.852054,10.27744,12.581414,11.795418,12.092834,10.594938,10.372974,9.715918,0,0,0,0,0,0
2025/04/16 16:12:00.929,n,25.175254,18.292274,0.038508,0.000397,0.062974,0.00016,11.717212,10.972034,10.846244,10.281784,12.577084,11.795418,12.098434,10.597836,10.381256,9.701292,0,0,0,0,0,0
2025/04/16 16:13:00.914,n,25.152458,18.469778,0.037268,0.000346,0.060827,0.000802,11.70992,10.982286,10.847708,10.278904,12.584312,11.798266,12.089986,10.587712,10.375724,9.707132,0,0,0,0,0,0
2025/04/16 16:14:00.914,n,25.119888,18.76266,0.03685,0.000116,0.05477,0.001816,11.708454,10.977908,10.85062,10.268684,12.57127,11.801116,12.0872,10.59061,10.381256,9.705668,0,0,0,0,0,0
2025/04/16 16:15:00.917,n,25.136246,19.012948,0.037082,0.000183,0.048842,0.001716,11.702562,10.979374,10.849174,10.27599,12.57127,11.8039,12.089986,10.59061,10.381256,9.712974,0,0,0,0,0,0
2025/04/16 16:16:00.918,n,25.157342,18.826612,0.037025,0.000889,0.044756,0.001888,11.699698,10.974978,10.849174,10.280368,12.561044,11.8039,12.095586,10.599316,10.378474,9.708596,0,0,0,0,0,0
2025/04/16 16:17:00.921,n,25.180092,18.758094,0.038626,0.000697,0.043466,0.000773,11.711322,10.973498,10.849174,10.278904,12.555246,11.795418,12.0872,10.599316,10.378474,9.712974,0,0,0,0,0,0
2025/04/16 16:18:00.922,n,25.181702,18.788992,0.038539,0.001429,0.039788,0.00117,11.70992,10.976442,10.853518,10.280368,12.55375,11.8039,12.089986,10.612448,10.384106,9.715918,0,0,0,0,0,0
2025/04/16 16:19:00.925,n,25.209388,18.82765,0.038157,0.000278,0.036461,0.001004,11.708454,10.974978,10.849174,10.286162,12.54214,11.8039,12.0872,10.613914,10.381256,9.717352,0,0,0,0,0,0
2025/04/16 16:20:00.932,n,25.186638,18.944022,0.038322,0.000205,0.033692,0.000797,11.70992,10.976442,10.847708,10.283216,12.523204,11.801116,12.0816,10.618258,10.381256,9.710078,0,0,0,0,0,0
2025/04/16 16:21:00.928,n,25.222328,18.95066,0.037759,0.000168,0.032517,0.000332,11.702562,10.974978,10.83892,10.283216,12.523204,11.798266,12.078816,10.61969,10.378474,9.723206,0,0,0,0,0,0
2025/04/16 16:22:00.916,n,25.259728,18.750136,0.036586,0.000493,0.033875,0.00067,11.695318,10.983752,10.843298,10.289058,12.520304,11.8039,12.0732,10.613914,10.381256,9.714454,0,0,0,0,0,0
2025/04/16 16:23:00.919,n,25.305236,18.624716,0.037056,0.000269,0.037279,0.001152,11.689458,10.980822,10.834478,10.281784,12.514508,11.795418,12.076048,10.618258,10.384106,9.715918,0,0,0,0,0,0
2025/04/16 16:24:00.920,n,25.31012,18.550306,0.035613,0.000454,0.040652,0.001216,11.68656,10.972034,10.843298,10.278904,12.510096,11.8039,12.0732,10.60807,10.384106,9.726104,0,0,0,0,0,0
2025/04/16 16:25:00.919,n,25.288978,18.666896,0.035344,0.000415,0.039415,0.000879,11.687992,10.976442,10.846244,10.283216,12.50137,11.8095,12.070448,10.625484,10.378474,9.715918,0,0,0,0,0,0
2025/04/16 16:26:00.925,n,25.327996,18.80618,0.033282,0.000366,0.037269,0.000592,11.687992,10.973498,10.83892,10.278904,12.483914,11.806748,12.076048,10.613914,10.381256,9.726104,0,0,0,0,0,0
2025/04/16 16:27:00.927,n,25.396202,18.546126,0.032311,0.000273,0.035171,0.000946,11.699698,10.9706,10.840384,10.273062,12.488262,11.806748,12.064816,10.637154,10.38687,9.721696,0,0,0,0,0,0
2025/04/16 16:28:00.928,n,25.457924,18.116408,0.032031,0.000299,0.033188,0.000576,11.692404,10.967688,10.841832,10.27599,12.482448,11.8095,12.078816,10.635736,10.38687,9.729048,0,0,0,0,0,0
2025/04/16 16:29:00.932,n,25.492058,18.043214,0.031189,0.000138,0.032447,0.000332,11.68656,10.960364,10.830164,10.278904,12.470774,11.8095,12.076048,10.63136,10.389652,9.717352,0,0,0,0,0,0
2025/04/16 16:30:00.936,n,25.4693,18.07408,0.031215,7.531668e-05,0.032088,0.000259,11.687992,10.969122,10.830164,10.280368,12.459164,11.806748,12.061966,10.634272,10.384106,9.718764,0,0,0,0,0,0
2025/04/16 16:31:00.919,n,25.371888,18.64883,0.031293,2.705094e-05,0.030771,0.000298,11.690938,11.007156,10.843298,10.30367,12.488262,11.778634,12.039678,10.64734,10.356098,9.736354,0,0,0,0,0,0
2025/04/16 16:32:00.920,n,25.292198,18.895528,0.032005,0.000235,0.030075,0.000235,11.689458,10.992508,10.841832,10.292004,12.479534,11.784266,12.050814,10.64153,10.367328,9.734888,0,0,0,0,0,0
2025/04/16 16:33:00.922,n,25.415688,18.56299,0.032031,0.000115,0.030471,0.000289,11.692404,10.988196,10.846244,10.293434,12.470774,11.787018,12.042526,10.638618,10.370094,9.737802,0,0,0,0,0,0
2025/04/16 16:34:00.923,n,25.391372,18.31761,0.031537,0.000166,0.030455,2.434461e-05,11.68656,10.983752,10.846244,10.290538,12.45625,11.792666,12.050814,10.635736,10.378474,9.737802,0,0,0,0,0,0
2025/04/16 16:35:00.928,n,25.326332,18.594418,0.031584,4.315837e-05,0.031622,0.000374,11.68656,10.979374,10.83892,10.286162,12.453318,11.795418,12.059214,10.644426,10.381256,9.734888,0,0,0,0,0,0
2025/04/16 16:36:00.931,n,25.349136,18.717764,0.031927,0.000138,0.034057,0.000954,11.689458,10.967688,10.830164,10.28468,12.437266,11.798266,12.050814,10.64734,10.38687,9.734888,0,0,0,0,0,0
2025/04/16 16:37:00.933,n,25.461242,18.183736,0.031896,4.600698e-05,0.03729,0.000945,11.689458,10.974978,10.834478,10.294916,12.438732,11.8039,12.053664,10.648756,10.381256,9.740712,0,0,0,0,0,0
2025/04/16 16:38:00.936,n,25.472618,18.150094,0.032602,0.000191,0.038203,0.00045,11.693838,10.974978,10.835942,10.281784,12.431502,11.798266,12.050814,10.657512,10.378474,9.736354,0,0,0,0,0,0
2025/04/16 16:39:00.936,n,25.394592,18.208376,0.033048,0.000139,0.036295,0.000744,11.693838,10.972034,10.830164,10.292004,12.42419,11.801116,12.048062,10.658976,10.381256,9.736354,0,0,0,0,0,0
2025/04/16 16:40:00.920,n,25.375114,18.427914,0.032986,0.000144,0.033204,0.000787,11.67492,10.988196,10.831598,10.290538,12.438732,11.801116,12.045278,10.64734,10.378474,9.736354,0,0,0,0,0,0
2025/04/16 16:41:00.924,n,25.302018,18.611476,0.032592,0.000177,0.033912,0.000199,11.664632,10.972034,10.82722,10.278904,12.425656,11.801116,12.050814,10.638618,10.3925,9.731958,0,0,0,0,0,0
2025/04/16 16:42:00.910,n,25.207726,18.926566,0.031755,0.000247,0.036054,0.000699,11.666098,10.988196,10.809658,10.297812,12.40094,11.806748,12.048062,10.634272,10.398132,9.721696,0,0,0,0,0,0
2025/04/16 16:43:00.909,n,25.106948,19.567862,0.03147,0.000113,0.039639,0.001214,11.660254,10.991044,10.809658,10.300756,12.405288,11.798266,12.039678,10.645908,10.384106,9.723206,0,0,0,0,0,0
2025/04/16 16:44:00.912,n,25.072814,19.42059,0.032088,0.000168,0.043556,0.001184,11.655874,10.991044,10.81109,10.300756,12.397976,11.801116,12.03403,10.644426,10.384106,9.727584,0,0,0,0,0,0
2025/04/16 16:45:00.915,n,25.0484,19.119112,0.032628,0.0002,0.042809,0.000406,11.660254,10.98673,10.803768,10.292004,12.393628,11.8095,12.050814,10.64005,10.389652,9.723206,0,0,0,0,0,0
2025/04/16 16:46:00.917,n,25.080872,19.200942,0.033385,0.000199,0.041142,0.000913,11.658772,10.988196,10.808178,10.294916,12.396526,11.8039,12.045278,10.644426,10.3925,9.72467,0,0,0,0,0,0
2025/04/16 16:47:00.916,n,25.040246,19.262984,0.034992,0.000506,0.039948,0.000421,11.65008,10.983752,10.80087,10.293434,12.399442,11.806748,12.042526,10.645908,10.3925,9.72467,0,0,0,0,0,0
2025/04/16 16:48:00.921,n,25.007728,19.475894,0.037227,0.000703,0.04465,0.001484,11.648616,10.973498,10.814004,10.280368,12.393628,11.8039,12.045278,10.644426,10.398132,9.72467,0,0,0,0,0,0
2025/04/16 16:49:00.911,n,25.009392,19.4355,0.035763,0.000505,0.052881,0.002581,11.65008,10.977908,10.80087,10.29638,12.379072,11.8095,12.048062,10.64734,10.400882,9.721696,0,0,0,0,0,0
2025/04/16 16:50:00.909,n,24.95568,19.968358,0.034645,0.000315,0.060054,0.002071,11.655874,10.983752,10.797924,10.289058,12.367434,11.81225,12.036732,10.64734,10.403632,9.721696,0,0,0,0,0,0
2025/04/16 16:51:00.909,n,24.874282,19.848158,0.034018,0.000184,0.068411,0.002595,11.651546,10.980822,10.79939,10.293434,12.367434,11.8039,12.042526,10.65315,10.403632,9.721696,0,0,0,0,0,0
2025/04/16 16:52:00.916,n,24.831994,19.523336,0.033826,0.000219,0.076451,0.002222,11.644204,10.976442,10.794962,10.281784,12.365966,11.8095,12.042526,10.64005,10.400882,9.72467,0,0,0,0,0,0
2025/04/16 16:53:00.912,n,24.783164,19.41763,0.033479,0.000147,0.080427,0.001424,11.641258,10.982286,10.793482,10.28468,12.357206,11.8095,12.036796,10.637154,10.403632,9.718764,0,0,0,0,0,0
2025/04/16 16:54:00.916,n,24.794548,19.861966,0.033017,0.000151,0.082605,0.000591,11.635414,10.980822,10.790634,10.283216,12.361554,11.81225,12.033946,10.64153,10.39535,9.730512,0,0,0,0,0,0
2025/04/16 16:55:00.917,n,24.740882,19.878322,0.031438,0.000461,0.081192,0.000521,11.639856,10.979374,10.792082,10.283216,12.354292,11.8095,12.042526,10.64734,10.403632,9.723206,0,0,0,0,0,0
2025/04/16 16:56:00.921,n,24.740882,19.953966,0.030147,0.000426,0.079792,0.000633,11.623774,10.972034,10.793482,10.278904,12.3441,11.81225,12.042526,10.644426,10.41478,9.731958,0,0,0,0,0,0
2025/04/16 16:57:00.926,n,24.690392,19.767836,0.028592,0.000434,0.075471,0.00128,11.629634,10.969122,10.792082,10.264308,12.349978,11.81225,12.042526,10.64153,10.411996,9.734888,0,0,0,0,0,0
2025/04/16 16:58:00.911,n,24.67086,19.560788,0.027533,0.000437,0.072231,0.000934,11.6325,10.966224,10.78476,10.280368,12.32808,11.82065,12.039678,10.64734,10.417626,9.717352,0,0,0,0,0,0
2025/04/16 16:59:00.910,n,24.672524,19.637068,0.027086,0.000157,0.067272,0.001306,11.62672,10.967688,10.778916,10.286162,12.32808,11.815132,12.039678,10.64734,10.40648,9.723206,0,0,0,0,0,0
2025/04/16 17:00:00.913,n,24.600846,19.593564,0.026462,0.000163,0.063133,0.001237,11.625254,10.966224,10.777452,10.289058,12.32948,11.81225,12.031098,10.650252,10.400882,9.72467,0,0,0,0,0,0
2025/04/16 17:01:00.930,n,24.597572,20.051104,0.02629,8.708402e-05,0.058148,0.001182,11.641258,10.9706,10.806712,10.274528,12.354292,11.781384,12.011466,10.663386,10.378474,9.749484,0,0,0,0,0,0
2025/04/16 17:02:00.932,n,24.52755,19.847774,0.025838,0.000164,0.050871,0.002412,11.63691,10.9706,10.797924,10.27599,12.3441,11.798266,12.017066,10.65463,10.3925,9.746522,0,0,0,0,0,0
2025/04/16 17:03:00.915,n,24.519402,20.00245,0.025781,5.819474e-05,0.043087,0.002553,11.619396,10.980822,10.775972,10.27744,12.322266,11.806748,12.025464,10.64734,10.398132,9.717352,0,0,0,0,0,0
2025/04/16 17:04:00.917,n,24.50309,19.797072,0.025302,0.000168,0.032485,0.00303,11.619396,10.972034,10.774472,10.280368,12.326612,11.806748,12.025464,10.645908,10.40648,9.723206,0,0,0,0,0,0
2025/04/16 17:05:00.918,n,24.446106,19.8566,0.024927,9.584482e-05,0.027097,0.001563,11.606258,10.967688,10.76575,10.273062,12.317904,11.81225,12.022616,10.645908,10.409246,9.715918,0,0,0,0,0,0
2025/04/16 17:06:00.918,n,24.41349,20.433148,0.025021,4.554459e-05,0.025107,0.000552,11.600416,10.967688,10.768696,10.271614,12.312024,11.817898,12.031098,10.644426,10.411996,9.726104,0,0,0,0,0,0
2025/04/16 17:07:00.908,n,24.405388,20.347532,0.025088,2.253873e-05,0.024347,0.000204,11.625254,10.947198,10.774472,10.27015,12.29895,11.826282,12.036732,10.65463,10.420506,9.729048,0,0,0,0,0,0
2025/04/16 17:08:00.910,n,24.389076,20.341062,0.025146,1.951911e-05,0.02403,9.361036e-05,11.610638,10.94868,10.768696,10.273062,12.29169,11.817898,12.031098,10.65463,10.420506,9.717352,0,0,0,0,0,0
2025/04/16 17:09:00.911,n,24.377572,20.379116,0.02515,2.909737e-05,0.023755,0.000105,11.647476,11.001574,10.806926,10.309936,12.327038,11.764178,11.971742,10.685666,10.361158,9.757146,0,0,0,0,0,0
2025/04/16 17:10:00.913,n,24.309112,20.643668,0.025072,2.157919e-05,0.02355,6.761617e-05,11.657648,10.995698,10.802548,10.31864,12.327038,11.764178,11.977472,10.690042,10.36954,9.760074,0,0,0,0,0,0
2025/04/16 17:11:00.914,n,24.252082,20.543806,0.024968,4.868921e-05,0.023393,7.007575e-05,11.634306,10.995698,10.7948,10.307006,12.321224,11.772576,11.98032,10.685666,10.36679,9.748392,0,0,0,0,0,0
2025/04/16 17:12:00.918,n,24.239044,20.452502,0.024916,2.682645e-05,0.023323,3.622593e-05,11.632842,10.99861,10.79192,10.311382,12.321224,11.76981,11.974526,10.67691,10.36954,9.751288,0,0,0,0,0,0
2025/04/16 17:13:00.921,n,24.237434,20.722744,0.024552,0.000122,0.023048,8.801654e-05,11.624118,11.001574,10.786076,10.30847,12.31393,11.772576,11.974526,10.674028,10.372292,9.745416,0,0,0,0,0,0
2025/04/16 17:14:00.920,n,24.212922,20.501094,0.024093,0.000145,0.022673,0.000117,11.619704,10.991288,10.7934,10.304092,12.308102,11.76693,11.968892,10.675508,10.372292,9.748392,0,0,0,0,0,0
2025/04/16 17:15:00.922,n,24.183578,20.375694,0.02365,0.00014,0.022318,0.000115,11.619704,10.994232,10.784644,10.298252,12.303704,11.778178,11.977472,10.678374,10.37789,9.751288,0,0,0,0,0,0
2025/04/16 17:16:00.912,n,24.196618,20.339424,0.023201,0.000137,0.02192,0.000109,11.62703,10.979602,10.787542,10.30118,12.297844,11.778178,11.98032,10.678374,10.380688,9.743952,0,0,0,0,0,0
2025/04/16 17:17:00.911,n,24.170586,20.421022,0.02292,9.038938e-05,0.021608,9.108918e-05,11.619704,10.970812,10.786076,10.295338,12.277476,11.78368,11.983104,10.67691,10.380688,9.751288,0,0,0,0,0,0
2025/04/16 17:18:00.917,n,24.203156,20.439862,0.022742,5.205096e-05,0.021404,6.50637e-05,11.619704,10.981066,10.780266,10.299716,12.290616,11.775328,11.974526,10.679854,10.37789,9.746896,0,0,0,0,0,0
2025/04/16 17:19:00.914,n,24.154282,20.402676,0.022617,3.84922e-05,0.021264,4.063227e-05,11.609482,10.982532,10.767198,10.290962,12.278956,11.78368,11.98032,10.675508,10.375056,9.748392,0,0,0,0,0,0
2025/04/16 17:20:00.915,n,24.133088,20.313426,0.022622,6.50637e-06,0.021258,0,11.60219,10.973742,10.771576,10.290962,12.27461,11.78368,11.98032,10.671132,10.383534,9.743952,0,0,0,0,0,0
2025/04/16 17:21:00.917,n,24.126496,20.151104,0.022607,6.50637e-06,0.021199,2.057495e-05,11.597842,10.984012,10.772976,10.290962,12.267316,11.78368,11.971742,10.672532,10.383534,9.745416,0,0,0,0,0,0
2025/04/16 17:22:00.922,n,24.123276,20.236636,0.022361,7.888554e-05,0.020984,7.245186e-05,11.58902,10.973742,10.756962,10.286584,12.257092,11.786562,11.983104,10.66962,10.386382,9.743952,0,0,0,0,0,0
2025/04/16 17:23:00.920,n,24.046616,20.461974,0.022231,3.380809e-05,0.020903,2.602548e-05,11.575884,10.972278,10.76134,10.280808,12.264402,11.795042,11.983104,10.660928,10.391916,9.738158,0,0,0,0,0,0
2025/04/16 17:24:00.923,n,24.026986,20.911892,0.022153,3.84922e-05,0.02086,1.840279e-05,11.587586,10.975224,10.764286,10.283672,12.255674,11.78933,11.988624,10.660928,10.394666,9.726478,0,0,0,0,0,0
2025/04/16 17:25:00.914,n,23.934018,21.161898,0.021966,5.74627e-05,0.020747,3.187457e-05,11.584706,10.963522,10.765718,10.283672,12.244002,11.78933,11.98032,10.66962,10.391916,9.732318,0,0,0,0,0,0
2025/04/16 17:26:00.912,n,23.90628,20.97206,0.021867,2.602548e-05,0.020704,1.126936e-05,11.584706,10.950354,10.76134,10.283672,12.233776,11.795042,11.988624,10.668154,10.403062,9.743952,0,0,0,0,0,0
2025/04/16 17:27:00.915,n,23.86219,21.612478,0.021644,7.18652e-05,0.020516,6.240691e-05,11.590486,10.959144,10.758442,10.286584,12.241104,11.795042,11.985856,10.674028,10.397514,9.742536,0,0,0,0,0,0
2025/04/16 17:28:00.922,n,23.829524,21.631238,0.021441,5.709316e-05,0.020317,6.240691e-05,11.574484,10.963522,10.756962,10.279326,12.225018,11.79781,11.985856,10.660928,10.397514,9.72498,0,0,0,0,0,0
2025/04/16 17:29:00.919,n,23.835704,21.378698,0.021405,5.325693e-05,0.020295,4.736709e-05,11.587586,10.976752,10.770258,10.298494,12.23666,11.700332,11.891206,10.67569,10.303182,9.748636,0,0,0,0,0,0
2025/04/16 17:30:00.920,n,23.790004,21.33492,0.021165,7.361117e-05,0.020026,7.861676e-05,11.571538,10.978218,10.757156,10.29703,12.239574,11.70318,11.888356,10.680034,10.303182,9.74426,0,0,0,0,0,0
2025/04/16 17:31:00.931,n,23.807922,22.066234,0.021056,7.385722e-05,0.019912,5.993533e-05,11.593432,10.98992,10.792082,10.301408,12.261406,11.672318,11.85749,10.690222,10.286308,9.769072,0,0,0,0,0,0
2025/04/16 17:32:00.933,n,23.788342,21.556648,0.020868,5.891768e-05,0.019805,4.21661e-05,11.575884,10.975272,10.771722,10.276642,12.249766,11.68355,11.868642,10.682946,10.289156,9.764694,0,0,0,0,0,0
2025/04/16 17:33:00.932,n,23.79977,22.163286,0.020754,5.164271e-05,0.019724,3.737625e-05,11.570106,10.970896,10.764432,10.272264,12.238092,11.694698,11.871506,10.677088,10.300398,9.758886,0,0,0,0,0,0
2025/04/16 17:34:00.918,n,23.72467,21.800948,0.020452,8.408082e-05,0.019514,8.229979e-05,11.565726,10.975272,10.757156,10.291174,12.216258,11.691948,11.871506,10.680034,10.29755,9.74278,0,0,0,0,0,0
2025/04/16 17:35:00.924,n,23.669106,21.953558,0.020124,9.952832e-05,0.019099,0.00014,11.559898,10.970896,10.75133,10.27954,12.213344,11.70318,11.868642,10.67569,10.31153,9.739882,0,0,0,0,0,0
2025/04/16 17:36:00.923,n,23.644642,21.994802,0.019879,8.357583e-05,0.018759,9.974076e-05,11.552556,10.966516,10.739728,10.282484,12.208932,11.70318,11.88282,10.668398,10.308682,9.741348,0,0,0,0,0,0
2025/04/16 17:37:00.927,n,23.605434,22.284056,0.019613,8.255657e-05,0.018478,8.607118e-05,11.549644,10.954764,10.741144,10.278106,12.208932,11.700332,11.877026,10.669864,10.308682,9.747222,0,0,0,0,0,0
2025/04/16 17:38:00.926,n,23.580872,22.306662,0.019279,9.495734e-05,0.018241,7.47525e-05,11.542352,10.966516,10.738262,10.273728,12.198804,11.70318,11.877204,10.66402,10.31153,9.735538,0,0,0,0,0,0
2025/04/16 17:39:00.930,n,23.58253,22.461046,0.019013,7.888554e-05,0.018079,4.736709e-05,11.524836,10.943064,10.73535,10.26932,12.194426,11.717178,11.877204,10.659642,10.319828,9.731162,0,0,0,0,0,0
2025/04/16 17:40:00.932,n,23.585804,22.576234,0.01881,6.667045e-05,0.017917,4.315837e-05,11.524836,10.944576,10.728042,10.259132,12.194426,11.714414,11.885604,10.653864,10.322676,9.735538,0,0,0,0,0,0
2025/04/16 17:41:00.934,n,23.634826,22.407804,0.018585,6.274515e-05,0.017793,4.266512e-05,11.51896,10.938718,10.726594,10.253308,12.181254,11.722814,11.885604,10.655266,10.331058,9.72965,0,0,0,0,0,0
2025/04/16 17:42:00.935,n,23.597278,22.573576,0.018387,5.164271e-05,0.017593,5.963186e-05,11.521936,10.929962,10.720782,10.244522,12.1842,11.714414,11.885604,10.658212,10.322676,9.734092,0,0,0,0,0,0
2025/04/16 17:43:00.923,n,23.574378,22.13113,0.018189,4.266512e-05,0.017388,6.522615e-05,11.516062,10.940198,10.714958,10.26932,12.165266,11.717178,11.88282,10.661108,10.322676,9.726786,0,0,0,0,0,0
2025/04/16 17:44:00.924,n,23.580872,21.888302,0.017854,9.584482e-05,0.017145,7.361117e-05,11.513116,10.937254,10.710582,10.253308,12.15939,11.720046,11.885604,10.652384,10.333904,9.715056,0,0,0,0,0,0
2025/04/16 17:45:00.929,n,23.531848,22.100164,0.017593,9.28156e-05,0.016848,8.470784e-05,11.50877,10.934308,10.707684,10.260598,12.153594,11.722814,11.879972,10.642198,10.331058,9.726786,0,0,0,0,0,0
2025/04/16 17:46:00.929,n,23.528626,22.280168,0.017348,8.956604e-05,0.016643,6.885694e-05,11.497098,10.935788,10.701826,10.246036,12.138988,11.720046,11.88282,10.642198,10.331058,9.719464,0,0,0,0,0,0
2025/04/16 17:47:00.931,n,23.496304,22.44331,0.017149,6.50637e-05,0.016443,5.653433e-05,11.48979,10.931442,10.709148,10.243122,12.153594,11.722814,11.891206,10.642198,10.339452,9.717968,0,0,0,0,0,0
2025/04/16 17:48:00.915,n,23.434436,22.531484,0.016956,5.74627e-05,0.016286,5.424143e-05,11.504358,10.921174,10.709148,10.2489,12.131728,11.722814,11.891206,10.653864,10.333904,9.723842,0,0,0,0,0,0
2025/04/16 17:49:00.917,n,23.421398,22.55,0.016783,6.358291e-05,0.016135,4.388786e-05,11.502944,10.916746,10.703304,10.244522,12.125916,11.722814,11.888356,10.652384,10.342202,9.717968,0,0,0,0,0,0
2025/04/16 17:50:00.935,n,23.374234,22.673876,0.016674,4.166109e-05,0.01601,4.531162e-05,11.47955,10.921174,10.697544,10.231456,12.140454,11.725564,11.885604,10.642198,10.339452,9.72093,0,0,0,0,0,0
2025/04/16 17:51:00.923,n,23.37801,22.697126,0.01658,4.714313e-05,0.01593,5.2858e-05,11.52031,10.950274,10.722248,10.278042,12.147618,11.672464,11.82402,10.666934,10.28359,9.73985,0,0,0,0,0,0
2025/04/16 17:52:00.909,n,23.360138,22.895684,0.016423,4.997638e-05,0.015708,6.033759e-05,11.527572,10.926838,10.738262,10.257636,12.157858,11.666862,11.821074,10.684378,10.289188,9.751516,0,0,0,0,0,0
2025/04/16 17:53:00.909,n,23.312874,23.035376,0.016282,3.503787e-05,0.015464,6.992456e-05,11.52031,10.931248,10.733886,10.259132,12.152,11.669616,11.835172,10.681498,10.28634,9.750068,0,0,0,0,0,0
2025/04/16 17:54:00.911,n,23.298274,23.019292,0.016131,4.847136e-05,0.015286,5.404597e-05,11.5159,10.925372,10.719336,10.259132,12.138926,11.675246,11.82962,10.681498,10.28359,9.751516,0,0,0,0,0,0
2025/04/16 17:55:00.913,n,23.231526,22.873116,0.015958,5.345528e-05,0.015059,7.052736e-05,11.50711,10.926838,10.71206,10.2489,12.12432,11.680944,11.835172,10.66402,10.300416,9.73401,0,0,0,0,0,0
2025/04/16 17:56:00.915,n,23.216828,23.166796,0.015707,6.854886e-05,0.014875,5.384979e-05,11.502794,10.919498,10.710582,10.250378,12.12432,11.675246,11.838004,10.675624,10.294786,9.73401,0,0,0,0,0,0
2025/04/16 17:57:00.919,n,23.172882,23.245836,0.015476,6.635221e-05,0.014658,5.855733e-05,11.498416,10.920962,10.701858,10.2489,12.109748,11.678014,11.832404,10.66402,10.291938,9.735476,0,0,0,0,0,0
2025/04/16 17:58:00.919,n,23.189144,23.125226,0.015225,8.217109e-05,0.014436,6.792849e-05,11.49547,10.92241,10.698928,10.254724,12.106868,11.683712,11.835172,10.665486,10.294786,9.735476,0,0,0,0,0,0
2025/04/16 17:59:00.922,n,23.189144,23.204488,0.014937,8.483268e-05,0.014198,6.931651e-05,11.491092,10.918032,10.680034,10.256222,12.098042,11.689342,11.82962,10.659676,10.294786,9.723776,0,0,0,0,0,0
2025/04/16 18:00:00.924,n,23.181038,23.315398,0.014628,8.332219e-05,0.013939,7.780486e-05,11.477956,10.915152,10.684378,10.2489,12.08497,11.689342,11.838004,10.658178,10.294786,9.722312,0,0,0,0,0,0
2025/04/16 18:01:00.915,n,23.168,23.499442,0.014419,8.196845e-05,0.013772,7.464118e-05,11.494006,10.919498,10.707684,10.250378,12.100988,11.65568,11.80429,10.68298,10.269662,9.742764,0,0,0,0,0,0
2025/04/16 18:02:00.913,n,23.13216,23.748744,0.014115,8.81367e-05,0.013534,7.022661e-05,11.494006,10.912238,10.704802,10.244522,12.098042,11.65848,11.807056,10.674224,10.278042,9.73985,0,0,0,0,0,0
2025/04/16 18:03:00.915,n,23.062092,24.498222,0.013847,8.520612e-05,0.013308,6.6829e-05,11.44872,10.884376,10.659676,10.212482,12.058726,11.652864,11.807056,10.64363,10.275194,9.713558,0,0,0,0,0,0
2025/04/16 18:04:00.919,n,22.98719,24.298164,0.01355,8.19131e-05,0.013065,7.47525e-05,11.442878,10.881478,10.656762,10.213946,12.049968,11.66408,11.809938,10.631978,10.280808,9.703342,0,0,0,0,0,0
2025/04/16 18:05:00.923,n,22.917122,24.093852,0.013299,7.361117e-05,0.012827,6.870307e-05,11.435586,10.869776,10.648006,10.206638,12.039792,11.666862,11.815538,10.626152,10.28359,9.688732,0,0,0,0,0,0
2025/04/16 18:06:00.926,n,22.848614,24.110684,0.013085,7.171778e-05,0.012622,6.6829e-05,11.453134,10.909308,10.674224,10.237248,12.066036,11.675246,11.82402,10.646542,10.300416,9.717936,0,0,0,0,0,0
2025/04/16 18:07:00.925,n,22.814388,24.539496,0.012813,7.888554e-05,0.012389,7.164396e-05,11.445808,10.904866,10.656762,10.23287,12.057278,11.675246,11.821268,10.646542,10.303182,9.713558,0,0,0,0,0,0
2025/04/16 18:08:00.928,n,22.72464,25.142498,0.012583,6.901047e-05,0.012184,6.408031e-05,11.437082,10.90633,10.655266,10.234334,12.055812,11.680944,11.826868,10.636354,10.297666,9.703342,0,0,0,0,0,0
2025/04/16 18:09:00.928,n,22.682308,24.526366,0.012337,7.848203e-05,0.011936,7.317858e-05,11.43412,10.9034,10.65092,10.23287,12.051432,11.689342,11.82962,10.639318,10.30881,9.707718,0,0,0,0,0,0
2025/04/16 18:10:00.918,n,22.621906,25.36661,0.012092,7.821187e-05,0.011682,7.712175e-05,11.438548,10.879998,10.652384,10.213946,12.047054,11.694846,11.826868,10.640732,10.303182,9.712096,0,0,0,0,0,0
2025/04/16 18:11:00.916,n,22.59256,25.120024,0.011825,7.875126e-05,0.011395,8.255657e-05,11.435586,10.8771,10.656762,10.211018,12.029536,11.689342,11.82402,10.65092,10.314312,9.715024,0,0,0,0,0,0
2025/04/16 18:12:00.919,n,22.558986,26.093816,0.011652,8.184848e-05,0.011201,9.26444e-05,11.483718,10.928074,10.70189,10.260484,12.079142,11.652344,11.803996,10.700424,10.283038,9.770308,0,0,0,0,0,0
2025/04/16 18:13:00.923,n,22.452832,25.773818,0.011344,9.097292e-05,0.010865,9.942192e-05,11.477808,10.92954,10.697544,10.259036,12.067516,11.663672,11.803996,10.69167,10.294264,9.755666,0,0,0,0,0,0
2025/04/16 18:14:00.925,n,22.399024,26.079924,0.01105,9.178364e-05,0.010546,9.400522e-05,11.467586,10.923632,10.684412,10.261916,12.055844,11.672072,11.80678,10.68145,10.283038,9.751354,0,0,0,0,0,0
2025/04/16 18:15:00.924,n,22.325538,26.844846,0.010741,9.46224e-05,0.010205,0.000107,11.467586,10.938294,10.684412,10.270702,12.05438,11.672072,11.80123,10.669848,10.302564,9.746944,0,0,0,0,0,0
2025/04/16 18:16:00.929,n,22.317382,27.130264,0.010453,9.28156e-05,0.009842,0.000109,11.451504,10.931004,10.668366,10.25469,12.042674,11.672072,11.803996,10.668366,10.297048,9.742536,0,0,0,0,0,0
2025/04/16 18:17:00.930,n,22.207958,27.401576,0.010129,0.0001,0.009485,0.000107,11.445724,10.925128,10.669848,10.253226,12.041258,11.674824,11.795596,10.662588,10.291416,9.730918,0,0,0,0,0,0
2025/04/16 18:18:00.933,n,22.186718,27.65859,0.009793,0.000102,0.009132,0.000112,11.439866,10.925128,10.672744,10.253226,12.039792,11.672072,11.80678,10.665486,10.302564,9.73523,0,0,0,0,0,0
2025/04/16 18:19:00.921,n,22.054348,27.771768,0.009426,0.000113,0.008758,0.000107,11.442748,10.910528,10.672744,10.245872,12.02374,11.674824,11.80123,10.6786,10.297048,9.739672,0,0,0,0,0,0
2025/04/16 18:20:00.920,n,22.028224,28.197112,0.009064,0.000114,0.008411,0.000107,11.445724,10.896906,10.666966,10.247352,12.022244,11.663672,11.80123,10.67569,10.294264,9.739672,0,0,0,0,0,0
2025/04/16 18:21:00.922,n,21.957912,28.438312,0.008692,0.000109,0.00807,0.000104,11.436936,10.907584,10.661092,10.238614,12.01643,11.66919,11.803996,10.67569,10.299812,9.73523,0,0,0,0,0,0
2025/04/16 18:22:00.921,n,21.915382,28.758752,0.008324,0.000114,0.007739,9.661466e-05,11.422318,10.896906,10.659612,10.22986,12.001844,11.680456,11.79838,10.672744,10.305412,9.73523,0,0,0,0,0,0
2025/04/16 18:23:00.925,n,21.838528,29.011396,0.007962,0.000105,0.007391,9.939532e-05,11.416444,10.89541,10.649488,10.237184,11.997464,11.677574,11.803996,10.662588,10.308162,9.729438,0,0,0,0,0,0
2025/04/16 18:24:00.926,n,21.773144,29.115876,0.007621,0.000101,0.007071,0.000101,11.412098,10.892498,10.639252,10.225484,11.98877,11.677574,11.81238,10.662588,10.308162,9.736694,0,0,0,0,0,0
2025/04/16 18:25:00.928,n,21.64878,29.857654,0.007295,0.0001,0.006745,9.688812e-05,11.406254,10.891082,10.64363,10.23134,11.977082,11.683208,11.80678,10.646542,10.308162,9.733782,0,0,0,0,0,0
2025/04/16 18:26:00.929,n,21.537502,29.979436,0.006985,9.8915e-05,0.00643,9.669678e-05,11.39603,10.891082,10.637788,10.22986,11.97848,11.677574,11.80953,10.649488,10.316672,9.725062,0,0,0,0,0,0
2025/04/16 18:27:00.933,n,21.508056,30.222208,0.006686,9.192766e-05,0.006153,8.6148e-05,11.387274,10.900244,10.631946,10.23134,11.969788,11.686056,11.80678,10.64363,10.311042,9.722102,0,0,0,0,0,0
2025/04/16 18:28:00.918,n,21.413086,30.334284,0.006365,9.707908e-05,0.005859,9.033082e-05,11.39893,10.876548,10.639252,10.20511,11.968322,11.686056,11.80953,10.655266,10.316672,9.729438,0,0,0,0,0,0
2025/04/16 18:29:00.921,n,21.358204,30.604892,0.006186,9.375158e-05,0.005696,8.568608e-05,11.408728,10.88781,10.64765,10.223678,11.985334,11.632224,11.750162,10.67385,10.265674,9.743706,0,0,0,0,0,0
2025/04/16 18:30:00.920,n,21.315624,31.017988,0.005923,8.828666e-05,0.005424,8.292432e-05,11.39844,10.883432,10.646168,10.220716,11.972198,11.632224,11.755664,10.672418,10.26844,9.737866,0,0,0,0,0,0
2025/04/16 18:31:00.923,n,21.22876,31.146348,0.005692,8.444192e-05,0.005228,7.966627e-05,11.413074,10.892188,10.64765,10.23829,11.972198,11.606974,11.730432,10.676796,10.240518,9.749484,0,0,0,0,0,0
2025/04/16 18:32:00.927,n,21.163234,31.490784,0.005392,8.483268e-05,0.004968,7.501748e-05,11.40282,10.895102,10.64179,10.235376,11.959092,11.609808,11.733184,10.670938,10.248816,9.742244,0,0,0,0,0,0
2025/04/16 18:33:00.926,n,21.095996,31.809026,0.005128,8.660746e-05,0.004714,7.639791e-05,11.38384,10.877654,10.627292,10.225158,11.950334,11.629472,11.747362,10.657868,10.265674,9.734888,0,0,0,0,0,0
2025/04/16 18:34:00.927,n,21.015724,31.863668,0.004845,7.812725e-05,0.004454,8.03642e-05,11.377996,10.879054,10.619968,10.222214,11.934328,11.623742,11.744514,10.653492,10.265674,9.729114,0,0,0,0,0,0
2025/04/16 18:35:00.929,n,20.95176,32.247864,0.004572,8.591734e-05,0.004204,7.651038e-05,11.373616,10.890722,10.619968,10.220716,11.937196,11.629472,11.744514,10.653492,10.260142,9.723256,0,0,0,0,0,0
2025/04/16 18:36:00.932,n,20.886136,32.358376,0.004294,7.961169e-05,0.003933,8.033127e-05,11.353158,10.877654,10.605402,10.214988,11.921158,11.643438,11.755664,10.64765,10.27407,9.71151,0,0,0,0,0,0
2025/04/16 18:37:00.921,n,20.786084,32.660924,0.004042,7.822032e-05,0.0037,7.405909e-05,11.35612,10.852916,10.61419,10.19595,11.908054,11.640686,11.752914,10.653492,10.276822,9.723256,0,0,0,0,0,0
2025/04/16 18:38:00.923,n,20.723682,32.844952,0.003812,7.416619e-05,0.003472,6.914452e-05,11.35612,10.838334,10.612742,10.191638,11.912434,11.640686,11.755664,10.650546,10.276822,9.717414,0,0,0,0,0,0
2025/04/16 18:39:00.921,n,20.650342,33.065072,0.003565,6.774323e-05,0.003266,6.268187e-05,11.341454,10.842712,10.59668,10.18285,11.89635,11.646222,11.752914,10.640358,10.27407,9.720294,0,0,0,0,0,0
2025/04/16 18:40:00.921,n,20.589794,33.256038,0.003355,6.52363e-05,0.003054,6.26977e-05,11.342966,10.842712,10.593766,10.187262,11.890554,11.651824,11.755664,10.638894,10.28255,9.705718,0,0,0,0,0,0
2025/04/16 18:41:00.926,n,20.504882,33.741584,0.003129,6.254454e-05,0.002853,5.983119e-05,11.329768,10.838334,10.585076,10.181418,11.874486,11.651824,11.758544,10.631668,10.279668,9.69838,0,0,0,0,0,0
2025/04/16 18:42:00.928,n,20.475258,33.907564,0.003024,6.424525e-05,0.002756,6.052913e-05,11.36115,10.885694,10.617886,10.227354,11.917512,11.609938,11.716562,10.67027,10.251664,9.742878,0,0,0,0,0,0
2025/04/16 18:43:00.929,n,20.3297,34.415472,0.002798,6.209345e-05,0.002549,5.96873e-05,11.34943,10.877004,10.610578,10.222978,11.900028,11.609938,11.722162,10.661578,10.254512,9.731194,0,0,0,0,0,0
2025/04/16 18:44:00.933,n,20.218472,34.789008,0.002614,6.089954e-05,0.002359,5.599945e-05,11.355272,10.884294,10.601822,10.22589,11.886924,11.615474,11.719378,10.654288,10.251664,9.731194,0,0,0,0,0,0
2025/04/16 18:45:00.935,n,20.156262,35.14506,0.002435,5.994164e-05,0.00218,6.059466e-05,11.340672,10.877004,10.598974,10.221512,11.892704,11.612688,11.722162,10.646998,10.2489,9.726818,0,0,0,0,0,0
2025/04/16 18:46:00.923,n,20.058072,35.27104,0.002283,5.287051e-05,0.002033,4.68899e-05,11.343602,10.865336,10.609162,10.208382,11.88839,11.612688,11.716562,10.660132,10.251664,9.737036,0,0,0,0,0,0
2025/04/16 18:47:00.921,n,19.98766,35.830608,0.002094,5.187593e-05,0.001865,5.071539e-05,11.340672,10.85373,10.59751,10.204038,11.875186,11.621088,11.73341,10.652824,10.262892,9.728284,0,0,0,0,0,0
2025/04/16 18:48:00.925,n,19.895912,36.073528,0.001936,4.758304e-05,0.001707,4.713611e-05,11.33776,10.846424,10.591652,10.196682,11.854738,11.621088,11.724928,10.655704,10.262892,9.729748,0,0,0,0,0,0
2025/04/16 18:49:00.926,n,19.820618,36.336616,0.001804,4.854295e-05,0.00156,4.872995e-05,11.315802,10.84351,10.574206,10.18503,11.844564,11.62672,11.73341,10.638244,10.265674,9.710744,0,0,0,0,0,0
2025/04/16 18:50:00.928,n,19.735412,36.477436,0.001662,4.012444e-05,0.001435,4.200106e-05,11.30413,10.847888,10.57712,10.186496,11.834342,11.632352,11.724928,10.64122,10.265674,9.71512,0,0,0,0,0,0
2025/04/16 18:51:00.932,n,19.641956,36.870696,0.001536,4.153786e-05,0.001305,4.140229e-05,11.293878,10.831874,10.553784,10.183618,11.821202,11.6352,11.736162,10.62659,10.279668,9.699048,0,0,0,0,0,0
2025/04/16 18:52:00.915,n,19.547932,37.060188,0.001557,2.888347e-05,0.001305,3.16115e-05,11.327684,10.86133,10.597754,10.204248,11.869554,11.57813,11.681922,10.661792,10.231064,9.750378,0,0,0,0,0,0
2025/04/16 18:53:00.919,n,19.480694,37.242708,0.001431,3.04742e-05,0.001191,2.857264e-05,11.305726,10.849596,10.599154,10.192582,11.850604,11.583632,11.681922,10.663256,10.225514,9.746034,0,0,0,0,0,0
2025/04/16 18:54:00.919,n,19.416778,37.473764,0.001347,2.688802e-05,0.001098,2.961839e-05,11.30864,10.84382,10.586086,10.192582,11.841812,11.589264,11.679088,10.655998,10.231064,9.751842,0,0,0,0,0,0
2025/04/16 18:55:00.908,n,19.37083,37.7471,0.001273,2.788136e-05,0.001006,2.771181e-05,11.28087,10.851076,10.571538,10.183794,11.837466,11.592032,11.693104,10.641432,10.231064,9.727062,0,0,0,0,0,0
2025/04/16 18:56:00.908,n,19.259258,37.742072,0.001157,2.633498e-05,0.000919,2.677864e-05,11.270634,10.851076,10.559886,10.180898,11.825762,11.594864,11.695856,10.637088,10.236662,9.721156,0,0,0,0,0,0
2025/04/16 18:57:00.911,n,19.195248,38.13558,0.001094,2.343084e-05,0.000837,2.23527e-05,11.27939,10.838008,10.564262,10.169264,11.824296,11.589264,11.687472,10.63564,10.247808,9.722622,0,0,0,0,0,0
2025/04/16 18:58:00.914,n,19.131184,38.271124,0.000994,2.648213e-05,0.000761,2.710013e-05,11.267672,10.826372,10.55694,10.176554,11.808246,11.597632,11.690224,10.631262,10.24496,9.713868,0,0,0,0,0,0
2025/04/16 18:59:00.918,n,19.027768,38.391436,0.00092,3.303875e-05,0.000679,2.706196e-05,11.254568,10.820498,10.551164,10.163422,11.798054,11.603264,11.698622,10.644344,10.250656,9.718246,0,0,0,0,0,0
2025/04/16 19:00:00.916,n,18.978496,38.530304,0.000841,2.43497e-05,0.000603,2.456521e-05,11.24866,10.816168,10.549714,10.156134,11.784852,11.603264,11.695856,10.625418,10.242178,9.715334,0,0,0,0,0,0
2025/04/16 19:01:00.934,n,18.930844,38.936504,0.00082,4.625847e-05,0.000582,4.310076e-05,11.269136,10.83215,10.54825,10.175106,11.777624,11.57515,11.67069,10.638552,10.217038,9.708028,0,0,0,0,0,0
2025/04/16 19:02:00.931,n,18.81419,38.936504,0.000742,2.993425e-05,0.000505,2.639026e-05,11.26186,10.826372,10.543872,10.182364,11.77178,11.57813,11.67069,10.63564,10.233814,9.71099,0,0,0,0,0,0
2025/04/16 19:03:00.935,n,18.801006,38.938168,0.000657,2.659818e-05,0.000424,2.581175e-05,11.247212,10.819016,10.524916,10.172144,11.758642,11.592032,11.681922,10.625418,10.24496,9.709492,0,0,0,0,0,0
2025/04/16 19:04:00.920,n,18.732014,39.115704,0.00061,2.295672e-05,0.000358,2.095274e-05,11.245746,10.805948,10.535116,10.15322,11.760076,11.594864,11.687472,10.62104,10.24496,9.712404,0,0,0,0,0,0
2025/04/16 19:05:00.924,n,18.654766,39.318488,0.000531,2.193639e-05,0.000288,1.927803e-05,11.237022,10.787086,10.52057,10.138592,11.743992,11.606014,11.693104,10.618112,10.247808,9.700706,0,0,0,0,0,0
2025/04/16 19:06:00.927,n,18.561402,39.783032,0.000594,1.989461e-05,0.000358,2.209741e-05,11.258882,10.813352,10.54833,10.167882,11.761492,11.557262,11.63302,10.645908,10.19071,9.73144,0,0,0,0,0,0
2025/04/16 19:07:00.924,n,18.45945,40.240648,0.000525,1.903009e-05,0.000288,2.019495e-05,11.250092,10.809006,10.5338,10.16344,11.75563,11.55451,11.638636,10.643028,10.2131,9.725584,0,0,0,0,0,0
2025/04/16 19:08:00.927,n,18.382106,40.142208,0.000488,1.427908e-05,0.000239,1.626132e-05,11.236956,10.807508,10.530822,10.16344,11.73665,11.557262,11.647118,10.641546,10.207454,9.709524,0,0,0,0,0,0
2025/04/16 19:09:00.929,n,18.29485,40.24226,0.000425,1.675728e-05,0.00019,1.474187e-05,11.231048,10.801666,10.517754,10.166416,11.720634,11.56291,11.649868,10.635736,10.2131,9.71099,0,0,0,0,0,0
2025/04/16 19:10:00.937,n,18.234008,40.409788,0.000378,1.262984e-05,0.000151,1.196269e-05,11.228168,10.804598,10.514792,10.153286,11.710408,11.56566,11.644268,10.618258,10.21585,9.690538,0,0,0,0,0,0
2025/04/16 19:11:00.933,n,18.158276,40.923608,0.000346,1.422433e-05,0.000108,9.664914e-06,11.21936,10.792962,10.500212,10.16344,11.711874,11.560144,11.644268,10.625516,10.2131,9.69786,0,0,0,0,0,0
2025/04/16 19:12:00.939,n,18.06599,41.269604,0.000314,1.107463e-05,8.069204e-05,1.3024e-05,11.194492,10.792962,10.479804,10.14891,11.69724,11.56566,11.649868,10.60078,10.227078,9.690538,0,0,0,0,0,0
2025/04/16 19:13:00.923,n,17.978688,41.52766,0.000267,1.212594e-05,4.802827e-05,9.051186e-06,11.193026,10.779828,10.498778,10.12556,11.69724,11.56291,11.649868,10.610968,10.229926,9.705116,0,0,0,0,0,0
2025/04/16 19:14:00.925,n,17.917752,41.60344,0.00022,2.183617e-05,-6.460838e-06,1.504393e-05,11.19158,10.763846,10.48861,10.12556,11.685568,11.574142,11.652652,10.60659,10.235474,9.693418,0,0,0,0,0,0
2025/04/16 19:15:00.927,n,17.845242,41.83938,0.000204,1.603781e-05,-2.29412e-05,1.094951e-05,11.178426,10.756538,10.47398,10.121182,11.673944,11.579742,11.663802,10.596404,10.238224,9.68761,0,0,0,0,0,0
2025/04/16 19:16:00.928,n,17.746998,42.295432,0.000183,1.173712e-05,-6.109842e-05,9.110618e-06,11.172602,10.75369,10.468202,10.10805,11.66364,11.585374,11.658252,10.594938,10.25225,9.673016,0,0,0,0,0,0
2025/04/16 19:17:00.932,n,17.718196,42.3835,0.000257,1.748587e-05,4.820458e-05,1.199142e-05,11.204664,10.791592,10.494468,10.148942,11.679626,11.508364,11.578488,10.628478,10.164122,9.715334,0,0,0,0,0,0
2025/04/16 19:18:00.930,n,17.663998,42.77178,0.000267,1.355483e-05,2.103426e-05,9.119966e-06,11.192896,10.781424,10.484232,10.14453,11.67235,11.502666,11.578488,10.619788,10.16697,9.712486,0,0,0,0,0,0
2025/04/16 19:19:00.919,n,17.627864,42.71968,0.000236,1.718013e-05,-6.136057e-06,9.657994e-06,11.178296,10.774114,10.491554,10.132832,11.686918,11.505514,11.58124,10.608088,10.1726,9.709524,0,0,0,0,0,0
2025/04/16 19:20:00.921,n,17.59666,42.047072,0.000204,1.012214e-05,-1.148104e-05,9.114772e-06,11.162166,10.774114,10.47992,10.124112,11.670868,11.508364,11.58124,10.60519,10.1781,9.706578,0,0,0,0,0,0
2025/04/16 19:21:00.926,n,17.576934,42.15474,0.000204,8.957226e-06,-2.261641e-05,6.616317e-06,11.16954,10.771234,10.481384,10.116838,11.662092,11.505514,11.58124,10.608088,10.1781,9.697794,0,0,0,0,0,0
2025/04/16 19:22:00.907,n,17.560578,41.607376,0.000167,7.242661e-06,-4.429328e-05,4.52965e-06,11.144622,10.774114,10.456566,10.119734,11.644594,11.522542,11.584006,10.586266,10.1781,9.678824,0,0,0,0,0,0
2025/04/16 19:23:00.914,n,17.47342,41.492824,0.000157,1.045403e-05,-7.695705e-05,7.414296e-06,11.144622,10.76539,10.456566,10.109548,11.640198,11.513994,11.59239,10.586266,10.186496,9.687642,0,0,0,0,0,0
2025/04/16 19:24:00.911,n,17.437336,42.66934,0.000141,9.636868e-06,-8.779548e-05,1.006714e-05,11.12561,10.756654,10.440556,10.09785,11.631408,11.519692,11.59794,10.576078,10.192126,9.675944,0,0,0,0,0,0
2025/04/16 19:25:00.915,n,17.40343,43.025956,0.000215,7.358042e-06,-1.717632e-05,1.041215e-05,11.140796,10.76461,10.464524,10.120384,11.642184,11.441364,11.50846,10.601512,10.108328,9.69122,0,0,0,0,0,0
2025/04/16 19:26:00.916,n,17.345912,43.2929,0.000205,1.060847e-05,-1.717632e-05,4.518969e-06,11.136354,10.758768,10.452858,10.110216,11.630482,11.446916,11.51406,10.597136,10.111192,9.69415,0,0,0,0,0,0
2025/04/16 19:27:00.917,n,17.25055,44.508572,0.000189,1.086667e-05,-4.434664e-05,9.945958e-06,11.121754,10.750012,10.44555,10.102908,11.61728,11.455396,11.52246,10.58838,10.125184,9.686844,0,0,0,0,0,0
2025/04/16 19:28:00.921,n,17.184826,44.401104,0.000162,8.60997e-06,-5.518507e-05,1.076435e-05,11.11443,10.739858,10.447016,10.091242,11.607122,11.452644,11.51406,10.586916,10.130782,9.68831,0,0,0,0,0,0
2025/04/16 19:29:00.920,n,17.105874,44.589092,0.000162,6.189706e-06,-8.235539e-05,8.600248e-06,11.110052,10.739858,10.43979,10.09562,11.602676,11.452644,11.516826,10.586916,10.127934,9.68543,0,0,0,0,0,0
2025/04/16 19:30:00.921,n,16.99894,44.946364,0.000141,8.61102e-06,-7.686194e-05,7.863872e-06,11.112964,10.734,10.441222,10.08249,11.58225,11.446916,11.51406,10.57821,10.125184,9.681004,0,0,0,0,0,0
2025/04/16 19:31:00.908,n,16.956116,45.452224,0.000168,4.105159e-05,-4.434664e-05,3.430274e-05,11.104174,10.754392,10.423712,10.10146,11.57935,11.432836,11.491678,10.57821,10.100028,9.675148,0,0,0,0,0,0
2025/04/16 19:32:00.912,n,16.90509,45.52586,0.000141,1.714106e-05,-6.60235e-05,1.022586e-05,11.089576,10.741322,10.409116,10.092708,11.580784,11.438548,11.500076,10.572368,10.111192,9.67225,0,0,0,0,0,0
2025/04/16 19:33:00.916,n,16.847474,45.616192,0.000152,1.107964e-05,-9.33423e-05,9.298672e-06,11.073104,10.729604,10.40477,10.08249,11.570594,11.446916,11.502828,10.559234,10.125184,9.669338,0,0,0,0,0,0
2025/04/16 19:34:00.916,n,16.81129,45.651348,0.000126,1.239448e-05,-0.00011,8.99199e-06,11.057088,10.716552,10.393104,10.063518,11.548666,11.460944,11.50846,10.557802,10.133548,9.65761,0,0,0,0,0,0
2025/04/16 19:35:00.916,n,16.770082,45.89544,0.000105,8.777002e-06,-0.000121,8.162217e-06,11.055674,10.710678,10.396048,10.057694,11.550132,11.466546,11.519692,10.556322,10.13908,9.656178,0,0,0,0,0,0
2025/04/16 19:36:00.917,n,16.72184,46.055488,0.000199,1.309311e-05,-3.352212e-05,8.844742e-06,11.074684,10.726838,10.416502,10.085418,11.567616,11.403682,11.46228,10.581188,10.084686,9.679588,0,0,0,0,0,0
2025/04/16 19:37:00.920,n,16.685558,46.329172,0.000183,1.066337e-05,-5.519899e-05,5.861609e-06,11.067376,10.720996,10.410678,10.06939,11.547168,11.423118,11.467896,10.568088,10.101428,9.673682,0,0,0,0,0,0
2025/04/16 19:38:00.923,n,16.623014,46.617452,0.000157,1.025515e-05,-6.069244e-05,6.764298e-06,11.057236,10.702068,10.398994,10.065046,11.539878,11.423118,11.47628,10.568088,10.10706,9.663514,0,0,0,0,0,0
2025/04/16 19:39:00.925,n,16.482922,46.994208,0.000147,1.165162e-05,-8.251778e-05,9.709256e-06,11.049944,10.694794,10.38736,10.059156,11.531086,11.423118,11.47628,10.568088,10.101428,9.669372,0,0,0,0,0,0
2025/04/16 19:40:00.911,n,16.359292,47.34372,0.000131,9.123282e-06,-8.801124e-05,6.316099e-06,11.032496,10.710774,10.36256,10.062134,11.510658,11.425964,11.47903,10.5462,10.112704,9.64889,0,0,0,0,0,0
2025/04/16 19:41:00.916,n,16.257046,47.400604,0.00012,7.615497e-06,-9.884966e-05,4.340475e-06,11.025188,10.697692,10.365474,10.04897,11.498938,11.431516,11.47903,10.547664,10.115454,9.64889,0,0,0,0,0,0
2025/04/16 19:42:00.916,n,16.143276,48.068428,0.00011,7.906061e-06,-0.000121,7.806326e-06,11.013584,10.693314,10.358248,10.051914,11.501884,11.431516,11.47903,10.537444,10.112704,9.644512,0,0,0,0,0,0
2025/04/16 19:43:00.918,n,16.08717,48.115204,9.907858e-05,1.224996e-05,-0.000132,4.815015e-06,11.004828,10.683158,10.343618,10.031464,11.493126,11.439964,11.481878,10.530186,10.123802,9.638672,0,0,0,0,0,0
2025/04/16 19:44:00.919,n,16.002992,47.677948,7.795236e-05,7.948798e-06,-0.000153,8.816214e-06,11.003348,10.670026,10.342138,10.032878,11.484336,11.434364,11.484662,10.530186,10.12935,9.640136,0,0,0,0,0,0
2025/04/16 19:45:00.922,n,15.995656,48.284456,0.000184,1.214659e-05,-3.325302e-05,1.039794e-05,11.036566,10.70905,10.392828,10.074842,11.524818,11.409654,11.45157,10.57795,10.099134,9.684876,0,0,0,0,0,0
2025/04/16 19:46:00.923,n,15.947754,48.484456,0.000178,1.168826e-05,-4.95849e-05,6.313196e-06,11.038046,10.707586,10.382608,10.064608,11.517494,11.418038,11.45432,10.580878,10.10465,9.683476,0,0,0,0,0,0
2025/04/16 19:47:00.922,n,15.904836,48.680988,0.000178,8.107825e-06,-6.042334e-05,9.399632e-06,11.020584,10.693038,10.376766,10.063144,11.502892,11.42367,11.459952,10.56187,10.10465,9.671746,0,0,0,0,0,0
2025/04/16 19:48:00.926,n,15.937894,48.456136,0.000152,8.79259e-06,-7.141024e-05,6.552397e-06,11.024962,10.684282,10.376766,10.058766,11.4956,11.41252,11.459952,10.566248,10.1019,9.67466,0,0,0,0,0,0
2025/04/16 19:49:00.912,n,15.906494,48.472784,0.000152,7.938757e-06,-9.308712e-05,9.484718e-06,10.99726,10.700328,10.34471,10.057302,11.476588,11.42367,11.465502,10.55318,10.11028,9.652744,0,0,0,0,0,0
2025/04/16 19:50:00.914,n,15.898194,48.196076,0.000142,9.405592e-06,-9.308712e-05,7.701653e-06,10.991532,10.694518,10.340282,10.048548,11.464884,11.418038,11.468352,10.542946,10.10753,9.652744,0,0,0,0,0,0
2025/04/16 19:51:00.917,n,15.873486,48.227812,0.000126,7.627362e-06,-0.000104,4.340326e-06,10.978396,10.675526,10.343244,10.0471,11.464884,11.42367,11.465502,10.541512,10.11591,9.654242,0,0,0,0,0,0
2025/04/16 19:52:00.919,n,15.8355,48.822492,0.000105,1.094172e-05,-0.00012,7.664029e-06,10.97402,10.676974,10.335954,10.02956,11.451716,11.431972,11.465502,10.53419,10.121426,9.646904,0,0,0,0,0,0
2025/04/16 19:53:00.918,n,15.817334,48.752572,0.000105,6.51272e-06,-0.000126,6.921889e-06,10.963862,10.662394,10.32279,10.020804,11.44444,11.42367,11.46272,10.53419,10.11866,9.638118,0,0,0,0,0,0
2025/04/16 19:54:00.920,n,15.79253,48.938996,7.826674e-05,1.154983e-05,-0.000153,9.437746e-06,10.955106,10.656616,10.3141,10.01646,11.431272,11.429188,11.465502,10.525468,10.132654,9.629366,0,0,0,0,0,0
2025/04/16 19:55:00.923,n,15.808796,48.785496,0.0002,7.612782e-06,-3.85864e-05,8.078089e-06,10.965264,10.663938,10.321456,10.025312,11.435488,11.339924,11.370606,10.541546,10.040834,9.65294,0,0,0,0,0,0
2025/04/16 19:56:00.922,n,15.73277,48.966844,0.000194,9.570144e-06,-3.309295e-05,4.096236e-06,10.956572,10.650806,10.31711,10.022368,11.429708,11.34269,11.373454,10.532854,10.040834,9.642656,0,0,0,0,0,0
2025/04/16 19:57:00.925,n,15.712898,48.925288,0.000189,1.173096e-05,-6.590519e-05,8.492888e-06,10.944936,10.645012,10.30982,10.003396,11.412162,11.345474,11.381756,10.526998,10.043618,9.645618,0,0,0,0,0,0
2025/04/16 19:58:00.910,n,15.683164,49.030124,0.000157,1.16814e-05,-6.590519e-05,8.122948e-06,10.933282,10.650806,10.28206,10.016558,11.394614,11.348226,11.373454,10.516776,10.043618,9.620792,0,0,0,0,0,0
2025/04/16 19:59:00.917,n,15.646882,49.181784,0.000157,6.503589e-06,-6.590519e-05,8.230877e-06,10.92311,10.643548,10.280612,10.007772,11.391652,11.34269,11.37622,10.511,10.040834,9.622272,0,0,0,0,0,0
2025/04/16 20:00:00.914,n,15.550984,49.205124,0.000136,9.157486e-06,-8.758206e-05,8.155883e-06,10.918732,10.63917,10.26896,10.000516,11.368246,11.353858,11.387452,10.50218,10.049118,9.613486,0,0,0,0,0,0
2025/04/16 20:01:00.923,n,15.501374,49.413816,0.000184,3.2922e-05,-5.476981e-05,3.035842e-05,10.924524,10.630416,10.290846,9.99614,11.391652,11.320326,11.359472,10.515346,10.032438,9.629546,0,0,0,0,0,0
2025/04/16 20:02:00.924,n,15.436872,49.4956,0.000163,8.158021e-06,-6.590519e-05,6.545122e-06,10.9173,10.62171,10.28206,9.990266,11.378534,11.331542,11.362306,10.511,10.032438,9.619328,0,0,0,0,0,0
2025/04/16 20:03:00.927,n,15.398884,49.452244,0.000142,8.849416e-06,-9.292704e-05,6.955542e-06,10.899788,10.61878,10.266016,9.974222,11.361002,11.334292,11.367856,10.50511,10.043618,9.614918,0,0,0,0,0,0
2025/04/16 20:04:00.930,n,15.3774,49.610692,0.000115,9.13326e-06,-0.000126,8.315028e-06,10.889616,10.593978,10.263104,9.971292,11.347802,11.34269,11.367856,10.50218,10.046368,9.614918,0,0,0,0,0,0
2025/04/16 20:05:00.932,n,15.359188,49.377148,0.000105,8.778916e-06,-0.000136,6.921702e-06,10.88527,10.591098,10.255846,9.961092,11.341958,11.348226,11.379004,10.487634,10.051966,9.60179,0,0,0,0,0,0
2025/04/16 20:06:00.932,n,15.284772,49.545652,0.000105,1.102629e-05,-0.000142,6.779989e-06,10.882358,10.582344,10.242716,9.959626,11.324412,11.345474,11.373454,10.486168,10.049118,9.606134,0,0,0,0,0,0
2025/04/16 20:07:00.921,n,15.292726,49.79206,0.000183,1.290067e-05,-3.325302e-05,8.329673e-06,10.896746,10.633134,10.271564,9.998742,11.36945,11.333496,11.355876,10.519446,10.040006,9.639404,0,0,0,0,0,0
2025/04/16 20:08:00.924,n,15.236478,49.88874,0.000189,7.593752e-06,-6.027487e-05,5.876206e-06,10.885092,10.621464,10.261362,9.988492,11.353304,11.344644,11.367026,10.504898,10.05115,9.62328,0,0,0,0,0,0
2025/04/16 20:09:00.922,n,15.200002,50.165304,0.000157,8.961552e-06,-6.591679e-05,6.965704e-06,10.879266,10.608332,10.248262,9.97536,11.34453,11.333496,11.367026,10.499024,10.048304,9.62328,0,0,0,0,0,0
2025/04/16 20:10:00.924,n,15.186818,50.238544,0.000152,8.434426e-06,-7.141024e-05,5.181087e-06,10.87492,10.611244,10.252608,9.973866,11.34746,11.341894,11.358676,10.504898,10.048304,9.618904,0,0,0,0,0,0
2025/04/16 20:11:00.928,n,15.181886,50.03366,0.000152,7.896005e-06,-8.759366e-05,5.409385e-06,10.87199,10.60109,10.254056,9.9724,11.338704,11.341894,11.364274,10.497608,10.05115,9.618904,0,0,0,0,0,0
2025/04/16 20:12:00.933,n,15.101026,50.325116,0.00012,9.011508e-06,-0.000115,7.408871e-06,10.860354,10.587956,10.238044,9.96223,11.321158,11.341894,11.375424,10.496176,10.056748,9.611648,0,0,0,0,0,0
2025/04/16 20:13:00.934,n,15.072998,50.504852,0.000125,1.276678e-05,-0.00012,8.453474e-06,10.858874,10.579202,10.236564,9.96223,11.30947,11.347526,11.361426,10.496176,10.059596,9.614528,0,0,0,0,0,0
2025/04/16 20:14:00.934,n,15.012012,50.84904,0.000104,1.163492e-05,-0.000137,6.249838e-06,10.858874,10.571944,10.226378,9.95491,11.302146,11.347526,11.367026,10.488854,10.067894,9.601368,0,0,0,0,0,0
2025/04/16 20:15:00.934,n,14.995462,50.908856,9.90696e-05,7.578851e-06,-0.000148,6.281282e-06,10.839962,10.554434,10.211814,9.941762,11.291924,11.355876,11.381056,10.478666,10.070758,9.594046,0,0,0,0,0,0
2025/04/16 20:16:00.924,n,15.010984,51.005748,0.000226,8.378024e-06,-1.68005e-05,5.396273e-06,10.86032,10.609748,10.23938,9.978176,11.325258,11.273124,11.287204,10.503304,9.9881,9.626064,0,0,0,0,0,0
2025/04/16 20:17:00.921,n,14.943452,50.089148,0.00021,5.214083e-06,-2.229395e-05,7.138303e-06,10.853,10.5937,10.224816,9.96939,11.316502,11.281506,11.301102,10.497526,9.999262,9.61147,0,0,0,0,0,0
2025/04/16 20:18:00.909,n,14.890668,50.766492,0.000183,9.266314e-06,-3.847737e-05,4.86867e-06,10.854478,10.5937,10.214564,9.978176,11.288734,11.273124,11.29272,10.501904,9.996482,9.607092,0,0,0,0,0,0
2025/04/16 20:19:00.929,n,14.806538,51.24652,0.000189,8.798024e-06,-3.847737e-05,6.70648e-06,10.838432,10.583482,10.223352,9.962116,11.306214,11.270372,11.298352,10.490204,9.999262,9.62315,0,0,0,0,0,0
2025/04/16 20:20:00.914,n,14.790036,51.555212,0.000173,1.033483e-05,-6.030271e-05,8.172379e-06,10.829708,10.582068,10.204396,9.965014,11.278446,11.281506,11.295602,10.478552,9.999262,9.596828,0,0,0,0,0,0
2025/04/16 20:21:00.917,n,14.753754,51.507068,0.000157,7.469219e-06,-7.663459e-05,8.196334e-06,10.816608,10.576224,10.186886,9.959172,11.275516,11.281506,11.303886,10.471262,10.004958,9.593866,0,0,0,0,0,0
2025/04/16 20:22:00.922,n,14.757076,51.778992,0.000152,6.51272e-06,-8.197957e-05,5.393659e-06,10.813662,10.577688,10.189766,9.950386,11.265278,11.287204,11.301102,10.46397,9.996482,9.592452,0,0,0,0,0,0
2025/04/16 20:23:00.921,n,14.709226,51.535244,0.000125,1.17271e-05,-9.311496e-05,7.438932e-06,10.802058,10.561594,10.182478,9.941664,11.259436,11.287204,11.298352,10.459626,10.00774,9.588076,0,0,0,0,0,0
2025/04/16 20:24:00.920,n,14.722408,51.528604,0.000136,9.659966e-06,-9.311496e-05,5.823923e-06,10.791806,10.550024,10.181046,9.932912,11.25753,11.281506,11.301102,10.462506,10.00774,9.585146,0,0,0,0,0,0
2025/04/16 20:25:00.910,n,14.68774,51.624796,0.000115,7.475357e-06,-0.000109,5.153022e-06,10.803474,10.545612,10.164968,9.934342,11.238618,11.289954,11.301102,10.461092,10.013336,9.576394,0,0,0,0,0,0
2025/04/16 20:26:00.910,n,14.643208,51.649696,0.000125,9.55792e-06,-0.000115,7.82649e-06,10.793304,10.542668,10.145996,9.932912,11.22698,11.287204,11.298352,10.455248,10.018886,9.569074,0,0,0,0,0,0
2025/04/16 20:27:00.910,n,14.638226,51.6994,9.898876e-05,7.262434e-06,-0.000131,6.674366e-06,10.777288,10.535426,10.144564,9.916836,11.218254,11.287204,11.301102,10.44796,10.013336,9.56032,0,0,0,0,0,0
2025/04/16 20:28:00.913,n,14.638374,51.679676,0.000189,1.003678e-05,-3.832889e-05,8.23755e-06,10.81005,10.571114,10.183192,9.96275,11.258362,11.237916,11.24905,10.485094,9.969764,9.598942,0,0,0,0,0,0
2025/04/16 20:29:00.915,n,14.592182,51.754284,0.000183,1.046131e-05,-5.466078e-05,8.777866e-06,10.804272,10.578436,10.175838,9.953964,11.261274,11.237916,11.254684,10.483694,9.969764,9.598942,0,0,0,0,0,0
2025/04/16 20:30:00.917,n,14.53608,51.23998,0.000163,8.618668e-06,-6.000576e-05,6.034564e-06,10.788224,10.565304,10.167116,9.94962,11.24529,11.2407,11.24905,10.474906,9.969764,9.587196,0,0,0,0,0,0
2025/04/16 20:31:00.925,n,14.468354,51.760924,0.000226,3.047451e-05,-1.115858e-05,3.433427e-05,10.81005,10.569648,10.190498,9.942282,11.25981,11.21832,11.22392,10.479284,9.95014,9.615018,0,0,0,0,0,0
2025/04/16 20:32:00.926,n,14.461712,52.188272,0.000189,1.410815e-05,-4.916733e-05,9.712458e-06,10.804272,10.560894,10.18028,9.937874,11.256896,11.226704,11.22955,10.470562,9.955674,9.598942,0,0,0,0,0,0
2025/04/16 20:33:00.927,n,14.418744,52.291104,0.000173,9.68941e-06,-6.549921e-05,7.364097e-06,10.782398,10.541936,10.165684,9.914542,11.236566,11.22955,11.243548,10.460326,9.964132,9.591572,0,0,0,0,0,0
2025/04/16 20:34:00.914,n,14.39404,52.115416,0.000157,8.541426e-06,-8.197957e-05,8.237605e-06,10.772212,10.543416,10.149608,9.930616,11.211826,11.23515,11.237916,10.457398,9.969764,9.579876,0,0,0,0,0,0
2025/04/16 20:35:00.916,n,14.369232,51.696228,0.000147,8.618818e-06,-9.816298e-05,7.101122e-06,10.7678,10.544882,10.143766,9.924776,11.211826,11.2407,11.2463,10.451572,9.972512,9.5755,0,0,0,0,0,0
2025/04/16 20:36:00.918,n,14.356,51.019176,0.00012,9.642296e-06,-0.000109,6.232139e-06,10.7547,10.528836,10.1321,9.91892,11.204536,11.243548,11.2463,10.44285,9.98091,9.566748,0,0,0,0,0,0
2025/04/16 20:37:00.920,n,14.379148,50.93114,0.00012,8.495244e-06,-0.000115,4.293642e-06,10.744512,10.531748,10.123346,9.90286,11.195778,11.237916,11.24905,10.438438,9.986408,9.568226,0,0,0,0,0,0
2025/04/16 20:38:00.922,n,14.357662,50.811412,0.000104,9.075366e-06,-0.000153,8.879438e-06,10.737252,10.520114,10.118938,9.894106,11.179794,11.254684,11.254684,10.426754,9.98366,9.565282,0,0,0,0,0,0
2025/04/16 20:39:00.929,n,14.384328,50.22614,0.00021,8.350841e-06,-3.325302e-05,7.89591e-06,10.745178,10.520846,10.135712,9.90356,11.206682,11.174862,11.18326,10.450838,9.91804,9.589394,0,0,0,0,0,0
2025/04/16 20:40:00.928,n,14.359524,51.379848,0.000205,8.578402e-06,-4.409145e-05,6.322756e-06,10.742332,10.517882,10.129904,9.900648,11.193546,11.17771,11.17771,10.439172,9.91804,9.585016,0,0,0,0,0,0
2025/04/16 20:41:00.932,n,14.372754,51.499328,0.000189,8.076854e-06,-5.492988e-05,7.418292e-06,10.73499,10.513506,10.125526,9.886084,11.196478,11.17771,11.17771,10.439172,9.923636,9.574768,0,0,0,0,0,0
2025/04/16 20:42:00.930,n,14.402494,51.540784,0.000168,9.54162e-06,-6.591679e-05,6.52429e-06,10.726284,10.497494,10.113828,9.881676,11.177596,11.17771,11.17771,10.427488,9.926388,9.573336,0,0,0,0,0,0
2025/04/16 20:43:00.918,n,14.405762,51.331752,0.000173,7.063133e-06,-8.224868e-05,5.827943e-06,10.729198,10.49896,10.100698,9.887486,11.158668,11.18326,11.186012,10.418766,9.923636,9.549892,0,0,0,0,0,0
2025/04/16 20:44:00.918,n,14.394192,50.999576,0.000157,6.996977e-06,-7.141024e-05,6.984179e-06,10.72194,10.49603,10.097768,9.886084,11.152858,11.180476,11.18326,10.427488,9.923636,9.554332,0,0,0,0,0,0
2025/04/16 20:45:00.921,n,14.354592,51.160708,0.000136,7.598174e-06,-9.308712e-05,5.409564e-06,10.708808,10.493116,10.091912,9.878732,11.147062,11.174862,11.180476,10.421694,9.926388,9.555798,0,0,0,0,0,0
2025/04/16 20:46:00.922,n,14.354592,50.757,0.000152,1.232377e-05,-9.308712e-05,4.300556e-06,10.702996,10.484362,10.083156,9.875802,11.14848,11.180476,11.180476,10.407098,9.92917,9.547014,0,0,0,0,0,0
2025/04/16 20:47:00.925,n,14.356252,50.727016,0.000136,6.51272e-06,-0.000115,4.87991e-06,10.69136,10.490138,10.078812,9.862704,11.142652,11.186012,11.18326,10.404184,9.92917,9.542636,0,0,0,0,0,0
2025/04/16 20:48:00.927,n,14.351318,49.726188,0.00012,1.175175e-05,-0.000115,5.572317e-06,10.686982,10.477038,10.075882,9.859728,11.136874,11.19171,11.186012,10.401256,9.934864,9.549892,0,0,0,0,0,0
2025/04/16 20:49:00.926,n,14.341408,50.204508,0.00012,1.087831e-05,-0.000131,3.899438e-06,10.678164,10.46101,10.068626,9.845134,11.125204,11.17771,11.174862,10.3925,9.931984,9.536798,0,0,0,0,0,0
2025/04/16 20:50:00.930,n,14.375916,48.477976,0.000205,9.478042e-06,-2.21594e-05,5.28938e-06,10.697822,10.480684,10.08537,9.864868,11.143334,11.110392,11.102094,10.410744,9.862118,9.555066,0,0,0,0,0,0
2025/04/16 20:51:00.932,n,14.370984,49.906052,0.000215,8.255933e-06,-3.314631e-05,4.902015e-06,10.697822,10.47341,10.080992,9.86046,11.137542,11.099276,11.096494,10.41359,9.85374,9.553586,0,0,0,0,0,0
2025/04/16 20:52:00.919,n,14.392422,49.747652,0.000184,7.927031e-06,-3.863976e-05,8.807276e-06,10.693476,10.477754,10.063484,9.867812,11.115714,11.113272,11.104874,10.4049,9.862118,9.536064,0,0,0,0,0,0
2025/04/16 20:53:00.920,n,14.402382,50.34414,0.000178,8.390506e-06,-5.482317e-05,7.75629e-06,10.662898,10.458862,10.043,9.850274,11.108374,11.116024,11.113272,10.388824,9.862118,9.527278,0,0,0,0,0,0
2025/04/16 20:54:00.922,n,14.420498,48.77612,0.000173,9.83695e-06,-6.581008e-05,5.440373e-06,10.667274,10.458862,10.051786,9.850274,11.099668,11.107626,11.107626,10.38298,9.876194,9.525798,0,0,0,0,0,0
2025/04/16 20:55:00.925,n,14.410584,46.942724,0.000168,8.413262e-06,-5.482317e-05,7.753958e-06,10.655608,10.454418,10.044478,9.82979,11.095288,11.110392,11.104874,10.384446,9.876194,9.521454,0,0,0,0,0,0
2025/04/16 20:56:00.927,n,14.357754,45.219772,0.000173,8.774794e-06,-7.130353e-05,5.67324e-06,10.649764,10.448576,10.044478,9.832734,11.089478,11.113272,11.102094,10.377156,9.867748,9.521454,0,0,0,0,0,0
2025/04/16 20:57:00.926,n,14.382508,44.374168,0.000147,1.009504e-05,-8.748694e-05,5.858591e-06,10.636648,10.438406,10.035724,9.825414,11.086596,11.116024,11.102094,10.384446,9.873344,9.514086,0,0,0,0,0,0
2025/04/16 20:58:00.928,n,14.344522,43.938816,0.000147,1.090808e-05,-8.214196e-05,5.345782e-06,10.635216,10.428186,10.029868,9.816644,11.077842,11.110392,11.102094,10.356718,9.876194,9.51262,0,0,0,0,0,0
2025/04/16 20:59:00.932,n,14.30653,43.52978,0.000158,8.797878e-06,-8.748694e-05,5.54128e-06,10.627892,10.419434,10.021114,9.804978,11.077842,11.107626,11.096494,10.365474,9.876194,9.509708,0,0,0,0,0,0
2025/04/16 21:00:00.932,n,14.233826,43.248092,0.000126,8.838972e-06,-0.000109,5.072925e-06,10.627892,10.41359,10.019714,9.797658,11.058928,11.113272,11.104874,10.366938,9.873344,9.505332,0,0,0,0,0,0
2025/04/16 21:01:00.924,n,14.241162,44.37798,0.000273,3.023877e-05,3.2223e-05,3.014765e-05,10.68285,10.491896,10.0745,9.878762,11.116886,11.109286,11.089756,10.426268,9.871914,9.57187,0,0,0,0,0,0
2025/04/16 21:02:00.928,n,14.196584,43.204932,0.000247,1.09969e-05,-5.89247e-07,1.114832e-05,10.677006,10.478764,10.07162,9.86713,11.111028,11.117668,11.106404,10.411654,9.885922,9.565948,0,0,0,0,0,0
2025/04/16 21:03:00.909,n,14.18008,46.706936,0.000215,8.349293e-06,-5.934228e-06,5.781679e-06,10.678504,10.452498,10.0614,9.858378,11.095012,11.114802,11.109286,10.423354,9.885922,9.570358,0,0,0,0,0,0
2025/04/16 21:04:00.911,n,14.156888,46.072172,0.000189,1.189924e-05,-2.790804e-05,9.285328e-06,10.669748,10.451084,10.049702,9.853952,11.076098,11.131666,11.114802,10.40731,9.894382,9.552772,0,0,0,0,0,0
2025/04/16 21:05:00.914,n,14.18169,48.094876,0.000178,1.0744e-05,-4.409145e-05,6.145983e-06,10.653704,10.439368,10.035108,9.840822,11.067408,11.137184,11.126034,10.400002,9.894382,9.552772,0,0,0,0,0,0
2025/04/16 21:06:00.916,n,14.146974,49.678028,0.000189,6.337182e-06,-6.057181e-05,5.94807e-06,10.658082,10.442264,10.033644,9.843718,11.064428,11.134418,11.120484,10.394144,9.897132,9.536732,0,0,0,0,0,0
2025/04/16 21:07:00.915,n,14.115578,48.916552,0.000162,8.798612e-06,-6.591679e-05,5.409385e-06,10.63769,10.43351,10.0176,9.836412,11.054324,11.137184,11.123284,10.394144,9.91106,9.535266,0,0,0,0,0,0
2025/04/16 21:08:00.920,n,14.06426,47.585548,0.000157,7.093613e-06,-7.675522e-05,7.394122e-06,10.627436,10.43351,10.011724,9.821816,11.042604,11.131666,11.120484,10.381014,9.905512,9.520658,0,0,0,0,0,0
2025/04/16 21:09:00.919,n,14.092434,48.963136,0.000152,8.970342e-06,-8.239714e-05,3.199125e-06,10.623092,10.43351,10.011724,9.8321,11.04114,11.134418,11.120484,10.376636,9.899914,9.522104,0,0,0,0,0,0
2025/04/16 21:10:00.910,n,14.039502,49.383984,0.000125,9.055484e-06,-9.872904e-05,5.409624e-06,10.628918,10.411654,10.01319,9.814528,11.03681,11.134418,11.123284,10.379548,9.913908,9.526514,0,0,0,0,0,0
2025/04/16 21:11:00.909,n,14.009766,50.304736,0.000141,5.34403e-06,-0.00011,5.883676e-06,10.618684,10.4029,10.002972,9.802832,11.01645,11.140064,11.131666,10.375202,9.916658,9.522104,0,0,0,0,0,0
2025/04/16 21:12:00.912,n,13.951856,50.940136,0.000115,9.344684e-06,-0.000115,5.85131e-06,10.60558,10.400002,9.994218,9.795526,11.007694,11.137184,11.126034,10.366416,9.913908,9.506,0,0,0,0,0,0
2025/04/16 21:13:00.915,n,13.928712,51.054788,0.00012,9.996214e-06,-0.000115,7.894287e-06,10.599772,10.398522,9.985464,9.792582,10.994558,11.131666,11.114802,10.357694,9.91106,9.501622,0,0,0,0,0,0
2025/04/16 21:14:00.917,n,13.893898,51.21924,0.000104,9.838066e-06,-0.000131,5.699424e-06,10.589536,10.38687,9.973766,9.794046,10.990182,11.140064,11.120484,10.346026,9.913908,9.488462,0,0,0,0,0,0
2025/04/16 21:15:00.918,n,13.872464,50.58428,9.901796e-05,9.835702e-06,-0.000148,6.046434e-06,10.576404,10.38687,9.96646,9.786804,10.98297,11.140064,11.123284,10.344562,9.913908,9.485534,0,0,0,0,0,0
2025/04/16 21:16:00.919,n,13.879396,50.755892,0.000204,8.462104e-06,-1.143e-05,4.286703e-06,10.597412,10.406398,9.99186,9.81658,10.99656,11.046004,11.023594,10.361176,9.828456,9.50805,0,0,0,0,0,0
2025/04/16 21:17:00.921,n,13.852882,51.363996,0.00021,4.375012e-06,-2.791036e-05,7.027566e-06,10.582832,10.407862,9.98457,9.806296,10.99508,11.040374,11.023594,10.368468,9.819978,9.50953,0,0,0,0,0,0
2025/04/16 21:18:00.928,n,13.78838,51.324152,0.000199,5.840481e-06,-3.874879e-05,7.773141e-06,10.57406,10.399076,9.974352,9.79904,10.999492,11.040374,11.020746,10.350892,9.814366,9.500744,0,0,0,0,0,0
2025/04/16 21:19:00.911,n,13.803224,51.476836,0.000199,9.655218e-06,-3.874879e-05,7.281681e-06,10.59157,10.381566,9.98457,9.784446,10.98349,11.046004,11.017994,10.362656,9.822826,9.510994,0,0,0,0,0,0
2025/04/16 21:20:00.912,n,13.771778,51.31922,0.000194,8.91791e-06,-3.325534e-05,7.701517e-06,10.579902,10.384478,9.978698,9.791688,10.979114,11.031894,11.017994,10.355334,9.817132,9.50221,0,0,0,0,0,0
2025/04/16 21:21:00.914,n,13.743702,52.009064,0.000178,8.596304e-06,-5.49322e-05,8.385818e-06,10.56389,10.374276,9.964102,9.780006,10.964564,11.037608,11.017994,10.349494,9.825576,9.49928,0,0,0,0,0,0
2025/04/16 21:22:00.917,n,13.707226,51.468536,0.000183,7.771994e-06,-6.042566e-05,5.331202e-06,10.553668,10.367002,9.962654,9.774212,10.957272,11.040374,11.017994,10.342202,9.828456,9.486088,0,0,0,0,0,0
2025/04/16 21:23:00.919,n,13.723828,51.021908,0.000157,8.784652e-06,-6.606758e-05,8.731142e-06,10.553668,10.369882,9.947994,9.775628,10.948516,11.043124,11.017994,10.339274,9.828456,9.493488,0,0,0,0,0,0
2025/04/16 21:24:00.919,n,13.703958,51.949444,0.000162,8.832904e-06,-7.675754e-05,5.815821e-06,10.543432,10.367002,9.94518,9.775628,10.955872,11.034742,11.012348,10.333448,9.831206,9.490528,0,0,0,0,0,0
2025/04/16 21:25:00.923,n,13.690674,52.093488,0.000146,8.602014e-06,-8.759598e-05,7.098574e-06,10.534744,10.355334,9.934896,9.769788,10.93836,11.037608,11.012348,10.317388,9.836836,9.477368,0,0,0,0,0,0
2025/04/16 21:26:00.930,n,13.680764,51.700764,0.000146,5.975834e-06,-8.225099e-05,3.268339e-06,10.530366,10.361176,9.93636,9.766842,10.942672,11.040374,11.006846,10.320284,9.825576,9.483208,0,0,0,0,0,0
2025/04/16 21:27:00.926,n,13.64932,50.978696,0.000146,7.4262e-06,-8.759598e-05,5.468352e-06,10.515768,10.361176,9.924678,9.761066,10.932502,11.037608,11.006846,10.305688,9.828456,9.468614,0,0,0,0,0,0
2025/04/16 21:28:00.911,n,13.60127,50.586316,0.000136,6.339119e-06,-0.000115,7.770581e-06,10.523058,10.330536,9.923182,9.742016,10.929604,11.043124,11.015228,10.31013,9.833956,9.47883,0,0,0,0,0,0
2025/04/16 21:29:00.914,n,13.559914,52.951252,0.00012,1.105671e-05,-0.00011,7.418455e-06,10.512856,10.317388,9.918838,9.731798,10.91647,11.034742,11.017994,10.31013,9.836836,9.470014,0,0,0,0,0,0
2025/04/16 21:30:00.913,n,13.54004,52.694028,0.000109,9.661438e-06,-0.000126,4.664282e-06,10.517234,10.321764,9.912948,9.731798,10.912092,11.037608,11.009598,10.31013,9.833956,9.472926,0,0,0,0,0,0
2025/04/16 21:31:00.926,n,13.515186,52.381624,0.000173,3.373861e-05,-6.606758e-05,3.107393e-05,10.518714,10.358248,9.915924,9.756624,10.922314,11.004096,10.97607,10.314474,9.80044,9.470014,0,0,0,0,0,0
2025/04/16 21:32:00.925,n,13.513528,52.60926,0.000162,6.874601e-06,-8.759598e-05,1.072589e-05,10.495314,10.337762,9.908604,9.750768,10.917934,11.015228,10.981686,10.299896,9.808834,9.467134,0,0,0,0,0,0
2025/04/16 21:33:00.931,n,13.521828,52.566096,0.000141,6.778654e-06,-0.00011,8.89913e-06,10.490936,10.330536,9.89692,9.73759,10.910676,11.020746,10.98997,10.292556,9.808834,9.46567,0,0,0,0,0,0
2025/04/16 21:34:00.933,n,13.51846,52.71722,0.00012,6.669622e-06,-0.00012,9.121794e-06,10.479316,10.324662,9.891064,9.721548,10.89611,11.020746,10.992818,10.288242,9.825576,9.455454,0,0,0,0,0,0
2025/04/16 21:35:00.932,n,13.482034,52.830108,0.00012,5.71493e-06,-0.000131,5.884335e-06,10.466184,10.314474,9.886688,9.712794,10.88885,11.026344,10.992818,10.279456,9.828456,9.455454,0,0,0,0,0,0
2025/04/16 21:36:00.923,n,13.491944,52.984456,9.897304e-05,7.241591e-06,-0.000142,3.452956e-06,10.472026,10.305688,9.877884,9.714258,10.874286,11.031894,10.995584,10.279456,9.825576,9.44369,0,0,0,0,0,0
2025/04/16 21:37:00.908,n,13.506008,52.425628,0.00021,6.935407e-06,-2.790804e-05,5.226105e-06,10.51035,10.329446,9.93379,9.73798,10.921368,10.958526,10.936148,10.329446,9.763376,9.495166,0,0,0,0,0,0
2025/04/16 21:38:00.908,n,13.461282,53.356732,0.000205,9.01588e-06,-4.409145e-05,3.899148e-06,10.51764,10.322188,9.924986,9.73798,10.91551,10.964074,10.933364,10.322188,9.763376,9.493732,0,0,0,0,0,0
2025/04/16 21:39:00.915,n,13.404884,53.373332,0.000178,9.100598e-06,-5.522683e-05,4.74823e-06,10.501596,10.313466,9.91773,9.736516,10.902376,10.964074,10.941762,10.314866,9.774652,9.482018,0,0,0,0,0,0
2025/04/16 21:40:00.914,n,13.403226,53.79726,0.000173,8.543392e-06,-6.606526e-05,6.220364e-06,10.501596,10.320724,9.907512,9.730674,10.898,10.972522,10.938994,10.31628,9.774652,9.479108,0,0,0,0,0,0
2025/04/16 21:41:00.914,n,13.393312,53.39648,0.000184,7.377855e-06,-6.057181e-05,5.077857e-06,10.498632,10.31628,9.904568,9.727696,10.890754,10.96977,10.933364,10.309024,9.771772,9.479108,0,0,0,0,0,0
2025/04/16 21:42:00.919,n,13.371732,53.31196,0.000168,6.505575e-06,-7.141024e-05,6.689181e-06,10.489926,10.311968,9.89723,9.726298,10.881998,10.96977,10.933364,10.301734,9.768924,9.47473,0,0,0,0,0,0
2025/04/16 21:43:00.923,n,13.325344,53.74106,0.000163,8.201297e-06,-6.606526e-05,5.363335e-06,10.48262,10.311968,9.891438,9.726298,10.873294,10.964074,10.936148,10.295892,9.777402,9.463036,0,0,0,0,0,0
2025/04/16 21:44:00.920,n,13.331982,53.712888,0.000168,6.425852e-06,-8.78906e-05,8.037973e-06,10.478308,10.311968,9.884118,9.72189,10.871828,10.964074,10.930548,10.295892,9.774652,9.46157,0,0,0,0,0,0
2025/04/16 21:45:00.922,n,13.29551,54.101704,0.000157,7.954039e-06,-9.323558e-05,6.382987e-06,10.470984,10.300268,9.865146,9.71307,10.858694,10.964074,10.927766,10.29005,9.771772,9.455666,0,0,0,0,0,0
2025/04/16 21:46:00.910,n,13.292188,54.164496,0.000136,9.369054e-06,-8.78906e-05,4.293717e-06,10.454876,10.287138,9.875362,9.697062,10.86452,10.952926,10.927766,10.284226,9.777402,9.46157,0,0,0,0,0,0
2025/04/16 21:47:00.914,n,13.277248,53.058296,0.000131,9.054772e-06,-0.000104,4.810451e-06,10.460766,10.275438,9.86949,9.691156,10.867418,10.961292,10.933364,10.282762,9.771772,9.458626,0,0,0,0,0,0
2025/04/16 21:48:00.917,n,13.222608,53.074896,0.000141,4.924185e-06,-0.000104,6.208255e-06,10.457852,10.275438,9.862216,9.695598,10.85435,10.955678,10.927766,10.281296,9.771772,9.455666,0,0,0,0,0,0
2025/04/16 21:49:00.915,n,13.192726,52.523724,0.000131,6.661676e-06,-0.00011,5.484334e-06,10.45201,10.27106,9.865146,9.68678,10.85435,10.952926,10.919368,10.276952,9.774652,9.44545,0,0,0,0,0,0
2025/04/16 21:50:00.916,n,13.152932,52.288228,0.000115,7.594007e-06,-0.000126,4.72291e-06,10.449098,10.262306,9.85636,9.6839,10.835372,10.958526,10.924916,10.275438,9.782998,9.442504,0,0,0,0,0,0
2025/04/16 21:51:00.919,n,13.116406,52.857512,0.000115,7.631849e-06,-0.000115,3.88084e-06,10.435934,10.25941,9.847606,9.67946,10.829514,10.952926,10.919368,10.269662,9.768924,9.43375,0,0,0,0,0,0
2025/04/16 21:52:00.920,n,13.094826,54.12158,0.000105,5.670905e-06,-0.000131,6.719891e-06,10.430122,10.262306,9.837324,9.67946,10.819358,10.952926,10.913768,10.27106,9.768924,9.436664,0,0,0,0,0,0
2025/04/16 21:53:00.920,n,13.088284,54.419088,9.928742e-05,7.49167e-06,-0.000142,5.367789e-06,10.424266,10.249208,9.82857,9.675082,10.81498,10.964074,10.916616,10.256464,9.774652,9.429342,0,0,0,0,0,0
2025/04/16 21:54:00.924,n,13.10207,54.426176,0.00021,1.061821e-05,-2.221508e-05,5.903829e-06,10.446624,10.283184,9.852356,9.706156,10.84024,10.915788,10.873814,10.270052,9.731798,9.454592,0,0,0,0,0,0
2025/04/16 21:55:00.909,n,13.063934,54.716796,0.000194,9.390126e-06,-3.305351e-05,8.087234e-06,10.439302,10.275876,9.861078,9.687154,10.847498,10.912972,10.879428,10.271502,9.737428,9.46188,0,0,0,0,0,0
2025/04/16 21:56:00.913,n,13.067208,54.525296,0.000189,1.200688e-05,-4.404042e-05,6.351214e-06,10.44368,10.262746,9.856702,9.682746,10.83586,10.912972,10.873814,10.2729,9.731798,9.457472,0,0,0,0,0,0
2025/04/16 21:57:00.913,n,13.08215,53.804348,0.000199,9.150288e-06,-4.953387e-05,5.937609e-06,10.429114,10.268588,9.853822,9.675456,10.83586,10.90734,10.87095,10.27438,9.737428,9.453128,0,0,0,0,0,0
2025/04/16 21:58:00.914,n,13.050656,53.396924,0.000194,7.986457e-06,-5.487885e-05,5.868946e-06,10.430546,10.261266,9.843604,9.675456,10.821262,10.918586,10.882178,10.267122,9.740274,9.448686,0,0,0,0,0,0
2025/04/16 21:59:00.916,n,13.07385,53.86392,0.000183,1.038795e-05,-6.571728e-05,6.488375e-06,10.423258,10.251078,9.836232,9.671016,10.819846,10.918586,10.876662,10.261266,9.734646,9.435524,0,0,0,0,0,0
2025/04/16 22:00:00.917,n,13.038982,52.901072,0.000162,8.337371e-06,-7.13592e-05,6.74747e-06,10.420326,10.251078,9.831874,9.675456,10.809626,10.912972,10.876662,10.258336,9.74304,9.43699,0,0,0,0,0,0
2025/04/16 22:01:00.929,n,13.07385,52.344972,0.00021,3.557462e-05,-1.672162e-05,3.657565e-05,10.421792,10.27438,9.831874,9.688618,10.81838,10.882178,10.837504,10.262746,9.709426,9.44143,0,0,0,0,0,0
2025/04/16 22:02:00.929,n,13.067208,50.472704,0.000205,1.003703e-05,-3.305351e-05,9.01507e-06,10.408692,10.258336,9.824568,9.675456,10.81109,10.89056,10.851534,10.245206,9.71779,9.426772,0,0,0,0,0,0
2025/04/16 22:03:00.931,n,13.050656,50.19624,0.000189,9.653478e-06,-4.404042e-05,5.937595e-06,10.401402,10.26421,9.80994,9.676922,10.81109,10.88781,10.843152,10.237914,9.723418,9.429686,0,0,0,0,0,0
2025/04/16 22:04:00.920,n,13.029072,50.356152,0.000178,7.898459e-06,-4.953387e-05,8.725796e-06,10.410158,10.237914,9.823102,9.666704,10.805248,10.893328,10.851534,10.251078,9.715024,9.429686,0,0,0,0,0,0
2025/04/16 22:05:00.922,n,13.017498,49.8479,0.000178,6.113684e-06,-7.670419e-05,6.527952e-06,10.408692,10.230608,9.815846,9.662262,10.783392,10.90171,10.851534,10.236514,9.726168,9.422364,0,0,0,0,0,0
2025/04/16 22:06:00.922,n,13.044014,49.231152,0.000168,6.210959e-06,-6.571728e-05,7.740639e-06,10.396992,10.23938,9.806964,9.657852,10.79358,10.89056,10.848654,10.23938,9.723418,9.426772,0,0,0,0,0,0
2025/04/16 22:07:00.924,n,13.02409,50.525928,0.000146,8.83422e-06,-9.303608e-05,6.720083e-06,10.386806,10.22628,9.796778,9.653542,10.79358,10.898958,10.85705,10.230608,9.726168,9.41506,0,0,0,0,0,0
2025/04/16 22:08:00.927,n,13.052316,52.186084,0.000146,7.741848e-06,-9.303608e-05,8.095507e-06,10.379452,10.22628,9.780672,9.646172,10.776132,10.896192,10.854282,10.220406,9.731798,9.406274,0,0,0,0,0,0
2025/04/16 22:09:00.929,n,13.00256,52.210888,0.00013,9.957302e-06,-9.838106e-05,6.765969e-06,10.377986,10.220406,9.779206,9.64038,10.773188,10.90734,10.85705,10.214532,9.737428,9.403362,0,0,0,0,0,0
2025/04/16 22:10:00.937,n,13.040692,53.042092,0.00013,6.151918e-06,-0.000126,7.464634e-06,10.366352,10.215998,9.770454,9.634474,10.776132,10.90171,10.851534,10.202866,9.740274,9.406274,0,0,0,0,0,0
2025/04/16 22:11:00.932,n,13.055634,49.939648,0.000125,9.102514e-06,-0.000115,5.08742e-06,10.361974,10.215998,9.770454,9.634474,10.765912,10.896192,10.8598,10.207244,9.731798,9.398922,0,0,0,0,0,0
2025/04/16 22:12:00.934,n,13.042356,48.398388,0.000125,7.17771e-06,-0.000115,7.798296e-06,10.356164,10.215998,9.76899,9.638884,10.768842,10.893328,10.845902,10.21022,9.734646,9.396058,0,0,0,0,0,0
2025/04/16 22:13:00.921,n,13.042356,50.27788,0.00012,5.215322e-06,-0.000126,8.64994e-06,10.36051,10.194112,9.77195,9.627202,10.760056,10.89056,10.851534,10.211684,9.729048,9.400402,0,0,0,0,0,0
2025/04/16 22:14:00.926,n,13.029072,49.831204,0.000104,9.585724e-06,-0.000126,4.897879e-06,10.357596,10.188302,9.760268,9.618384,10.760056,10.896192,10.845902,10.202866,9.734646,9.391616,0,0,0,0,0,0
2025/04/16 22:15:00.926,n,13.034054,50.27124,0.000115,1.114997e-05,-0.000142,5.30253e-06,10.3547,10.189766,9.752948,9.61404,10.746952,10.896192,10.851534,10.202866,9.734646,9.385762,0,0,0,0,0,0
2025/04/16 22:16:00.928,n,13.019162,49.111376,0.000104,1.010879e-05,-0.000148,6.30448e-06,10.351754,10.195592,9.750036,9.616904,10.741144,10.89056,10.843152,10.186804,9.737428,9.375546,0,0,0,0,0,0
2025/04/16 22:17:00.930,n,12.972676,48.470068,8.838074e-05,8.568118e-06,-0.000153,6.471329e-06,10.335712,10.175172,9.74125,9.611096,10.729474,10.898958,10.845902,10.185326,9.74304,9.36964,0,0,0,0,0,0
2025/04/16 22:18:00.934,n,12.979268,48.885084,0.00022,7.299164e-06,-1.701625e-05,7.851395e-06,10.367212,10.215444,9.775744,9.642656,10.762382,10.801294,10.745488,10.213978,9.645554,9.402728,0,0,0,0,0,0
2025/04/16 22:19:00.935,n,12.951046,49.525608,0.000199,1.09179e-05,-2.785468e-05,8.473998e-06,10.35405,10.21105,9.763996,9.63828,10.746336,10.804142,10.751086,10.196438,9.6484,9.39544,0,0,0,0,0,0
2025/04/16 22:20:00.934,n,12.944406,48.628584,0.00021,6.66565e-06,-3.319966e-05,4.518951e-06,10.348208,10.213978,9.765492,9.629546,10.752128,10.79851,10.745488,10.199382,9.645554,9.398352,0,0,0,0,0,0
2025/04/16 22:21:00.924,n,12.980928,51.006664,0.00022,9.37443e-06,-3.884158e-05,3.664155e-06,10.362804,10.190564,9.763996,9.625118,10.746336,10.784644,10.745488,10.205194,9.642804,9.401248,0,0,0,0,0,0
2025/04/16 22:22:00.925,n,13.00246,51.871408,0.000215,5.549201e-06,-2.236123e-05,6.378191e-06,10.355514,10.189098,9.762562,9.619214,10.74487,10.79851,10.742738,10.208136,9.640054,9.398352,0,0,0,0,0,0
2025/04/16 22:23:00.910,n,13.032346,52.265692,0.000194,5.670792e-06,-4.418657e-05,7.181061e-06,10.330698,10.183308,9.763996,9.600262,10.746336,10.801294,10.748336,10.19206,9.645554,9.402728,0,0,0,0,0,0
2025/04/16 22:24:00.911,n,13.017404,49.914624,0.000194,5.832734e-06,-3.884158e-05,5.614095e-06,10.335076,10.180376,9.75521,9.59582,10.741958,10.792994,10.751086,10.190564,9.645554,9.39544,0,0,0,0,0,0
2025/04/16 22:25:00.914,n,12.979268,49.786156,0.000194,6.557201e-06,-4.418657e-05,6.976476e-06,10.335076,10.170144,9.763996,9.591508,10.734714,10.792994,10.742738,10.193508,9.640054,9.401248,0,0,0,0,0,0
2025/04/16 22:26:00.918,n,12.99582,49.827904,0.000189,8.165777e-06,-4.968002e-05,5.181305e-06,10.335076,10.170144,9.750834,9.59582,10.72448,10.781862,10.73994,10.189098,9.645554,9.389566,0,0,0,0,0,0
2025/04/16 22:27:00.920,n,12.975994,48.880148,0.000168,8.238859e-06,-7.135688e-05,5.827998e-06,10.324904,10.167246,9.747936,9.587066,10.714292,10.79851,10.73434,10.187684,9.645554,9.38807,0,0,0,0,0,0
2025/04/16 22:28:00.921,n,12.964326,47.98132,0.000189,9.891042e-06,-6.586343e-05,5.468706e-06,10.323442,10.162836,9.739152,9.579762,10.714292,10.790146,10.73994,10.17888,9.640054,9.380816,0,0,0,0,0,0
2025/04/16 22:29:00.921,n,12.959348,47.466624,0.000152,8.710366e-06,-7.699881e-05,4.98999e-06,10.311742,10.155548,9.73043,9.581194,10.705568,10.792994,10.731558,10.181844,9.645554,9.380816,0,0,0,0,0,0
2025/04/16 22:30:00.922,n,12.921162,47.709056,0.000168,6.76148e-06,-6.586343e-05,5.169479e-06,10.317598,10.15117,9.73336,9.581194,10.70259,10.787396,10.731558,10.174552,9.640054,9.376374,0,0,0,0,0,0
2025/04/16 22:31:00.916,n,12.957684,48.733568,0.000215,2.69168e-05,-2.236123e-05,2.718219e-05,10.320478,10.157012,9.742112,9.584138,10.712826,10.753838,10.70643,10.17888,9.614804,9.391032,0,0,0,0,0,0
2025/04/16 22:32:00.918,n,12.97424,48.931712,0.000199,1.004475e-05,-4.418657e-05,1.032417e-05,10.314686,10.152634,9.731894,9.584138,10.70259,10.762236,10.70918,10.170144,9.623184,9.383694,0,0,0,0,0,0
2025/04/16 22:33:00.921,n,12.965984,50.392844,0.000194,5.732648e-06,-3.884158e-05,5.572419e-06,10.304434,10.145362,9.728918,9.581194,10.70259,10.770714,10.70918,10.174552,9.614804,9.380816,0,0,0,0,0,0
2025/04/16 22:34:00.923,n,13.020772,51.561248,0.000178,1.133782e-05,-6.586343e-05,9.794604e-06,10.301554,10.139486,9.727454,9.57392,10.689456,10.770714,10.71193,10.165766,9.628778,9.369054,0,0,0,0,0,0
2025/04/16 22:35:00.925,n,13.017404,51.8946,0.000178,7.051418e-06,-6.586343e-05,8.088702e-06,10.301554,10.138072,9.720198,9.57392,10.680766,10.767864,10.717562,10.165766,9.623184,9.363214,0,0,0,0,0,0
2025/04/16 22:36:00.926,n,12.997528,51.747088,0.000168,9.065038e-06,-8.234379e-05,7.199186e-06,10.28839,10.129318,9.696786,9.568064,10.663256,10.776246,10.72596,10.15117,9.634328,9.360284,0,0,0,0,0,0
2025/04/16 22:37:00.930,n,13.00246,51.47668,0.000147,1.330346e-05,-8.783724e-05,5.412608e-06,10.28548,10.13511,9.70261,9.57244,10.655948,10.773464,10.72596,10.142416,9.637174,9.35443,0,0,0,0,0,0
2025/04/16 22:38:00.933,n,12.979268,50.47102,0.000131,1.157106e-05,-9.867568e-05,7.418194e-06,10.270882,10.130734,9.688,9.568064,10.65162,10.767864,10.717562,10.138072,9.640054,9.342716,0,0,0,0,0,0
2025/04/16 22:39:00.932,n,12.975994,50.985032,0.000125,7.707731e-06,-0.000104,8.55382e-06,10.26504,10.123412,9.680696,9.557816,10.642816,10.773464,10.72308,10.130734,9.640054,9.335364,0,0,0,0,0,0
2025/04/16 22:40:00.918,n,12.965984,51.36042,0.000147,6.863505e-06,-0.000115,4.924709e-06,10.268002,10.113242,9.690912,9.547598,10.657446,10.770714,10.717562,10.136576,9.640054,9.350022,0,0,0,0,0,0
2025/04/16 22:41:00.922,n,12.99582,49.851244,0.000136,8.852626e-06,-0.000115,7.502699e-06,10.262094,10.107336,9.686536,9.541724,10.645778,10.767864,10.71193,10.132198,9.645554,9.352964,0,0,0,0,0,0
2025/04/16 22:42:00.925,n,13.038982,50.379468,0.000125,7.043535e-06,-0.000137,7.045644e-06,10.256318,10.10006,9.673342,9.528564,10.639934,10.770714,10.720328,10.127852,9.640054,9.342716,0,0,0,0,0,0
2025/04/16 22:43:00.926,n,13.034004,52.222624,0.000136,7.241412e-06,-0.000126,5.425958e-06,10.259198,10.094204,9.682158,9.529996,10.632646,10.767864,10.714812,10.126372,9.640054,9.336844,0,0,0,0,0,0
2025/04/16 22:44:00.927,n,13.040646,53.135028,9.908084e-05,9.642832e-06,-0.000121,7.114799e-06,10.251908,10.095684,9.667534,9.53146,10.62249,10.767864,10.71193,10.1205,9.637174,9.33102,0,0,0,0,0,0
2025/04/16 22:45:00.930,n,13.062012,53.17624,0.00022,9.301936e-06,-2.226843e-05,8.197771e-06,10.273356,10.136086,9.69768,9.568958,10.655608,10.747114,10.694062,10.14777,9.622028,9.3597,0,0,0,0,0,0
2025/04/16 22:46:00.933,n,13.063672,52.17116,0.00022,1.048377e-05,-1.692345e-05,5.861579e-06,10.279214,10.130294,9.691824,9.560206,10.648284,10.749866,10.685568,10.149268,9.63031,9.353828,0,0,0,0,0,0
2025/04/16 22:47:00.933,n,13.002248,49.667448,0.00022,8.219549e-06,-1.143e-05,7.409023e-06,10.268978,10.136086,9.68896,9.568958,10.648284,10.749866,10.688448,10.144872,9.616416,9.35822,0,0,0,0,0,0
2025/04/16 22:48:00.935,n,13.005566,51.008072,0.000199,1.000506e-05,-2.226843e-05,3.708476e-06,10.264602,10.13464,9.68452,9.567494,10.645386,10.752616,10.685568,10.139048,9.619182,9.349468,0,0,0,0,0,0
2025/04/16 22:49:00.925,n,12.980664,51.750212,0.00022,8.713332e-06,-2.791036e-05,2.752234e-06,10.261672,10.108344,9.694768,9.54114,10.642474,10.747114,10.691296,10.139048,9.619182,9.362628,0,0,0,0,0,0
2025/04/16 22:50:00.925,n,12.955812,50.389276,0.00022,1.041751e-05,-3.874879e-05,6.719158e-06,10.254382,10.101038,9.69036,9.542604,10.642474,10.738752,10.682818,10.136086,9.62756,9.353828,0,0,0,0,0,0
2025/04/16 22:51:00.929,n,12.962452,50.539028,0.000199,9.685142e-06,-3.874879e-05,5.704592e-06,10.25736,10.102534,9.683054,9.539724,10.627926,10.738752,10.680066,10.136086,9.616416,9.34654,0,0,0,0,0,0
2025/04/16 22:52:00.928,n,12.959084,51.879512,0.000205,8.508996e-06,-3.874879e-05,4.878685e-06,10.250004,10.096662,9.671356,9.532386,10.627926,10.741502,10.682818,10.130294,9.616416,9.34654,0,0,0,0,0,0
2025/04/16 22:53:00.931,n,12.965726,51.668916,0.000205,9.588486e-06,-4.958722e-05,5.704564e-06,10.252916,10.099622,9.675766,9.533884,10.61624,10.741502,10.682818,10.122956,9.622028,9.34213,0,0,0,0,0,0
2025/04/16 22:54:00.935,n,12.942482,53.69162,0.000194,6.28786e-06,-5.49322e-05,7.19811e-06,10.245596,10.093782,9.664068,9.536828,10.606006,10.741502,10.674436,10.112754,9.61082,9.32897,0,0,0,0,0,0
2025/04/16 22:55:00.932,n,12.949124,55.4884,0.000199,7.029214e-06,-4.958722e-05,3.144572e-06,10.232464,10.09235,9.658162,9.54114,10.60895,10.733202,10.680066,10.114234,9.619182,9.333378,0,0,0,0,0,0
2025/04/16 22:56:00.934,n,12.954152,52.450948,0.000194,8.925006e-06,-5.49322e-05,3.962374e-06,10.228118,10.093782,9.653852,9.529442,10.603108,10.735968,10.665956,10.112754,9.613666,9.330434,0,0,0,0,0,0
2025/04/16 22:57:00.935,n,12.934232,53.345332,0.000199,8.7385e-06,-4.409377e-05,6.967512e-06,10.232464,10.095196,9.656698,9.52801,10.606006,10.727604,10.67167,10.106878,9.61082,9.331914,0,0,0,0,0,0
2025/04/16 22:58:00.923,n,12.889404,54.439228,0.000183,9.096338e-06,-5.49322e-05,5.317371e-06,10.219332,10.073312,9.655282,9.513384,10.601628,10.73037,10.665956,10.106878,9.619182,9.333378,0,0,0,0,0,0
2025/04/16 22:59:00.931,n,12.886086,55.041816,0.000189,1.046045e-05,-5.49322e-05,5.2099e-06,10.22371,10.071832,9.643568,9.513384,10.595818,10.724722,10.668708,10.114234,9.61082,9.326058,0,0,0,0,0,0
2025/04/16 23:00:00.926,n,12.879444,55.24128,0.000167,8.395124e-06,-7.690601e-05,5.922222e-06,10.217868,10.060148,9.655282,9.506064,10.592904,10.727604,10.665956,10.108344,9.616416,9.32897,0,0,0,0,0,0
2025/04/16 23:01:00.923,n,12.924268,55.152312,0.000247,3.124245e-05,-6.08502e-06,3.495694e-05,10.226654,10.079186,9.662604,9.51776,10.598794,10.702442,10.6351,10.112754,9.585668,9.34213,0,0,0,0,0,0
2025/04/16 23:02:00.924,n,12.894338,54.660616,0.00022,8.881038e-06,-2.791036e-05,8.939702e-06,10.220844,10.07481,9.655282,9.513384,10.592904,10.70796,10.64358,10.108344,9.585668,9.340666,0,0,0,0,0,0
2025/04/16 23:03:00.925,n,12.886086,53.87868,0.000194,8.207595e-06,-3.874879e-05,9.300002e-06,10.21209,10.063078,9.642154,9.50753,10.59144,10.705194,10.64358,10.10548,9.59956,9.330434,0,0,0,0,0,0
2025/04/16 23:04:00.930,n,12.912648,52.465788,0.000199,8.257811e-06,-6.057413e-05,6.994877e-06,10.203272,10.054292,9.642154,9.511906,10.568088,10.699692,10.64633,10.104,9.60519,9.318688,0,0,0,0,0,0
2025/04/16 23:05:00.933,n,12.877786,52.608516,0.000183,4.072195e-06,-4.958722e-05,5.289418e-06,10.203272,10.05727,9.626064,9.506064,10.572496,10.705194,10.64358,10.095196,9.602344,9.318688,0,0,0,0,0,0
2025/04/16 23:06:00.934,n,12.859474,52.610176,0.000189,8.394816e-06,-7.141256e-05,6.702277e-06,10.19748,10.05727,9.624566,9.504602,10.563742,10.70796,10.649114,10.077706,9.602344,9.304032,0,0,0,0,0,0
2025/04/16 23:07:00.917,n,12.84956,52.328488,0.000167,1.223624e-05,-7.141256e-05,9.451956e-06,10.182818,10.054292,9.63332,9.487062,10.58122,10.705194,10.64358,10.079186,9.59956,9.320154,0,0,0,0,0,0
2025/04/16 23:08:00.920,n,12.82798,51.200848,0.000167,8.409116e-06,-7.690601e-05,4.810384e-06,10.17413,10.041144,9.615846,9.484086,10.569552,10.70796,10.64633,10.068902,9.59956,9.312882,0,0,0,0,0,0
2025/04/16 23:09:00.923,n,12.80972,49.63244,0.000178,8.132645e-06,-8.774446e-05,3.899189e-06,10.181386,10.039696,9.618692,9.472404,10.559364,10.705194,10.637852,10.07481,9.59681,9.309938,0,0,0,0,0,0
2025/04/16 23:10:00.926,n,12.778126,49.322576,0.000162,8.821488e-06,-0.000104,9.152866e-06,10.175562,10.029476,9.620156,9.47094,10.556418,10.710824,10.64358,10.067422,9.59956,9.308474,0,0,0,0,0,0
2025/04/16 23:11:00.926,n,12.736622,50.10104,0.000157,7.020387e-06,-8.774446e-05,6.725512e-06,10.182818,10.029476,9.614366,9.475368,10.543254,10.705194,10.640732,10.058668,9.602344,9.301152,0,0,0,0,0,0
2025/04/16 23:12:00.932,n,12.690136,50.0694,0.000146,6.485488e-06,-0.000104,6.692584e-06,10.168222,10.025102,9.598244,9.473902,10.530154,10.70796,10.64633,10.061614,9.608068,9.293816,0,0,0,0,0,0
2025/04/16 23:13:00.932,n,12.71841,53.098212,0.000146,7.818563e-06,-0.000104,7.70857e-06,10.16676,10.023636,9.599708,9.472404,10.528722,10.705194,10.64358,10.054292,9.60519,9.289472,0,0,0,0,0,0
2025/04/16 23:14:00.934,n,12.690136,53.57072,0.000131,1.115089e-05,-0.000104,4.889563e-06,10.159468,10.020756,9.595282,9.472404,10.524344,10.705194,10.640732,10.049914,9.59681,9.292336,0,0,0,0,0,0
2025/04/16 23:15:00.936,n,12.708402,52.744748,0.000136,8.821048e-06,-0.00011,5.40604e-06,10.153626,10.022222,9.589492,9.473902,10.521432,10.694062,10.629488,10.051394,9.59681,9.274814,0,0,0,0,0,0
2025/04/16 23:16:00.924,n,12.681836,54.075556,0.000131,1.013833e-05,-0.00012,6.862281e-06,10.137584,10.007594,9.59678,9.449028,10.5331,10.705194,10.640732,10.048514,9.61082,9.292336,0,0,0,0,0,0
2025/04/16 23:17:00.922,n,12.698486,52.576972,0.000141,9.858268e-06,-0.00011,7.232844e-06,10.143392,10.00172,9.595282,9.44462,10.5331,10.694062,10.632254,10.042608,9.602344,9.28796,0,0,0,0,0,0
2025/04/16 23:18:00.926,n,12.70176,53.038496,0.000136,1.017497e-05,-0.00011,6.638558e-06,10.144872,10.004648,9.586546,9.447548,10.517022,10.696812,10.629488,10.041144,9.602344,9.282086,0,0,0,0,0,0
2025/04/16 23:19:00.927,n,12.683498,51.715352,0.000141,6.298638e-06,-0.00012,6.807656e-06,10.140514,10.00172,9.589492,9.449028,10.518486,10.691296,10.621106,10.042608,9.602344,9.28796,0,0,0,0,0,0
2025/04/16 23:20:00.929,n,12.665188,51.713692,0.000131,8.050259e-06,-0.00012,3.986915e-06,10.130294,9.997374,9.580642,9.44462,10.51121,10.682818,10.629488,10.038264,9.594046,9.279126,0,0,0,0,0,0
2025/04/16 23:21:00.934,n,12.676454,52.65466,0.000236,1.059872e-05,-1.132097e-05,4.575989e-06,10.165228,10.025004,9.603938,9.479596,10.531536,10.619658,10.55795,10.07175,9.522496,9.299542,0,0,0,0,0,0
2025/04/16 23:22:00.934,n,12.673134,51.442988,0.000205,1.013362e-05,-1.666595e-05,6.649541e-06,10.172536,10.027948,9.603938,9.479596,10.534498,10.61406,10.5496,10.07175,9.528126,9.302438,0,0,0,0,0,0
2025/04/16 23:23:00.934,n,12.686414,51.584004,0.000199,6.5349e-06,-4.398474e-05,6.26547e-06,10.160852,10.030828,9.593738,9.479596,10.524312,10.611278,10.546752,10.065892,9.522496,9.306878,0,0,0,0,0,0
2025/04/16 23:24:00.935,n,12.704724,52.99006,0.000221,1.058677e-05,-3.314631e-05,4.002549e-06,10.15353,10.026468,9.593738,9.478132,10.519902,10.616842,10.55235,10.058586,9.528126,9.298062,0,0,0,0,0,0
2025/04/16 23:25:00.925,n,12.718006,53.590252,0.000215,7.967346e-06,-3.849129e-05,6.463701e-06,10.144774,10.008944,9.602472,9.463506,10.52716,10.616842,10.546752,10.061516,9.528126,9.311222,0,0,0,0,0,0
2025/04/16 23:26:00.928,n,12.74286,52.410956,0.000215,9.848108e-06,-3.849129e-05,4.687516e-06,10.143312,10.010408,9.598146,9.460594,10.521368,10.61406,10.546752,10.045456,9.525344,9.306878,0,0,0,0,0,0
2025/04/16 23:27:00.929,n,12.762784,50.999432,0.000221,7.562726e-06,-3.314631e-05,3.349668e-06,10.138934,10.008944,9.593738,9.459098,10.511148,10.602914,10.541122,10.054242,9.519746,9.305414,0,0,0,0,0,0
2025/04/16 23:28:00.928,n,12.769422,51.029364,0.000215,9.339084e-06,-3.849129e-05,5.40613e-06,10.1404,10.011872,9.590776,9.454688,10.500928,10.602914,10.538356,10.049834,9.519746,9.302438,0,0,0,0,0,0
2025/04/16 23:29:00.913,n,12.718006,49.190888,0.000205,8.281556e-06,-3.849129e-05,8.175413e-06,10.122858,10.010408,9.57615,9.456154,10.51258,10.602734,10.532724,10.025004,9.514118,9.287846,0,0,0,0,0,0
2025/04/16 23:30:00.935,n,12.726308,50.8132,0.000194,6.192211e-06,-4.932972e-05,7.65242e-06,10.1287,9.991404,9.570358,9.448834,10.502392,10.611278,10.535606,10.036702,9.519746,9.281972,0,0,0,0,0,0
2025/04/16 23:31:00.923,n,12.701356,49.71706,0.000247,3.057354e-05,5.010919e-06,3.203331e-05,10.134556,10.016216,9.595216,9.4474,10.518404,10.569128,10.51035,10.042512,9.483354,9.308344,0,0,0,0,0,0
2025/04/16 23:32:00.921,n,12.718006,50.703436,0.000247,8.554724e-06,-5.827514e-06,8.047523e-06,10.1287,9.99871,9.57908,9.451808,10.51258,10.583204,10.51035,10.038166,9.49183,9.303934,0,0,0,0,0,0
2025/04/16 23:33:00.927,n,12.676454,50.355536,0.000221,7.748354e-06,-2.765285e-05,1.089945e-05,10.127234,9.99871,9.57615,9.445936,10.500928,10.580358,10.515898,10.036702,9.508602,9.290726,0,0,0,0,0,0
2025/04/16 23:34:00.913,n,12.676454,50.247236,0.00021,7.753687e-06,-2.765285e-05,9.497548e-06,10.114104,10.010408,9.560078,9.448834,10.493638,10.585988,10.51035,10.017696,9.497474,9.280494,0,0,0,0,0,0
2025/04/16 23:35:00.912,n,12.716298,52.4424,0.00021,6.832188e-06,-3.314631e-05,6.249903e-06,10.109726,9.99871,9.561556,9.448834,10.48926,10.583204,10.5131,10.010408,9.503006,9.273156,0,0,0,0,0,0
2025/04/16 23:36:00.913,n,12.698036,51.353292,0.000189,1.061772e-05,-5.497164e-05,9.380888e-06,10.093666,9.99578,9.554236,9.440064,10.486314,10.591588,10.524278,10.005998,9.514118,9.265836,0,0,0,0,0,0
2025/04/16 23:37:00.916,n,12.663174,50.37214,0.000194,7.809967e-06,-4.932972e-05,5.781707e-06,10.092186,9.98265,9.552772,9.428368,10.481968,10.591588,10.51873,10.004534,9.503006,9.270214,0,0,0,0,0,0
2025/04/16 23:38:00.919,n,12.666492,51.801288,0.000194,4.150127e-06,-4.398474e-05,8.274202e-06,10.090754,9.98117,9.548364,9.422526,10.480504,10.583204,10.51873,10.001654,9.514118,9.270214,0,0,0,0,0,0
2025/04/16 23:39:00.921,n,12.688076,51.356608,0.000189,8.260626e-06,-6.046509e-05,7.409045e-06,10.08929,9.972416,9.551274,9.412244,10.474662,10.591588,10.521496,10.003036,9.516996,9.262972,0,0,0,0,0,0
2025/04/16 23:40:00.923,n,12.678066,50.997772,0.000184,1.066216e-05,-6.046509e-05,6.238304e-06,10.090754,9.966512,9.54542,9.41083,10.471718,10.588754,10.51873,10.001654,9.50582,9.265836,0,0,0,0,0,0
2025/04/16 23:41:00.926,n,12.663174,51.268572,0.000189,8.291222e-06,-6.581008e-05,3.644268e-06,10.082032,9.962198,9.543954,9.412244,10.463028,10.583204,10.5131,9.99871,9.516996,9.264372,0,0,0,0,0,0
2025/04/16 23:42:00.929,n,12.60502,51.027656,0.000152,1.200226e-05,-7.664851e-05,5.910677e-06,10.083368,9.947572,9.533736,9.404924,10.457186,10.591588,10.51873,10.003036,9.516996,9.264372,0,0,0,0,0,0
2025/04/16 23:43:00.913,n,12.654874,51.920672,0.000162,6.485687e-06,-8.229043e-05,6.736739e-06,10.074646,9.96511,9.52204,9.41371,10.44402,10.588754,10.5131,9.979706,9.511368,9.238052,0,0,0,0,0,0
2025/04/16 23:44:00.914,n,12.669812,50.195576,0.000157,6.504583e-06,-8.229043e-05,7.199635e-06,10.057106,9.95927,9.517632,9.412244,10.449896,10.585988,10.51035,9.975328,9.516996,9.24093,0,0,0,0,0,0
2025/04/16 23:45:00.920,n,12.654874,50.015596,0.000162,6.114529e-06,-8.763542e-05,6.304429e-06,10.057106,9.953382,9.51179,9.397638,10.445486,10.577606,10.51035,9.97821,9.519746,9.245372,0,0,0,0,0,0
