"Timestamp","TZ","TA_1_1_1","RH_1_1_1","PPFD_BC_IN_1_1_1","PPFD_BC_IN_1_1_1_SD","PPFD_BC_IN_1_1_2","PPFD_BC_IN_1_1_2_SD","TS_6_1_1","TS_6_2_1","TS_7_1_1","TS_7_2_1","TS_8_1_1","TS_8_2_1","TS_9_1_1","TS_9_2_1","TS_10_1_1","TS_10_2_1","P_1_2_1","P_1_3_1","P_1_4_1","1160CV","1038CV","1161CV"
2025/04/25 23:46:00.915,n,5.873516,27.97917,0.000168,1.33249e-05,-9.241668e-05,5.33211e-06,9.212072,9.418754,9.217928,9.34109,9.502274,9.840968,9.73728,9.72926,9.516264,9.579908,0,0,0,0,0,0
2025/04/25 23:47:00.915,n,5.841679,28.25768,0.000163,7.938919e-06,-8.692322e-05,5.236705e-06,9.220858,9.420234,9.225266,9.346932,9.50958,9.835452,9.726136,9.736612,9.502274,9.591604,0,0,0,0,0,0
2025/04/25 23:48:00.920,n,5.778057,28.632924,0.000189,8.824124e-06,-7.608478e-05,4.230594e-06,9.225266,9.409968,9.225266,9.339624,9.502274,9.815654,9.72329,9.738076,9.499524,9.59307,0,0,0,0,0,0
2025/04/25 23:49:00.921,n,5.742852,29.020966,0.000168,7.261366e-06,-9.241668e-05,5.403829e-06,9.212072,9.404126,9.214984,9.329344,9.497864,9.826896,9.72329,9.730724,9.507904,9.582852,0,0,0,0,0,0
2025/04/25 23:50:00.924,n,5.699345,28.418134,0.000168,8.802576e-06,-9.776164e-05,5.327505e-06,9.198896,9.390918,9.210608,9.332274,9.486168,9.824128,9.71491,9.7351,9.499524,9.587262,0,0,0,0,0,0
2025/04/25 23:51:00.926,n,5.692608,28.359696,0.000147,6.377216e-06,-9.776164e-05,6.254436e-06,9.203288,9.392382,9.210608,9.327864,9.483208,9.826976,9.71769,9.736612,9.491034,9.581388,0,0,0,0,0,0
2025/04/25 23:52:00.910,n,5.652371,29.285924,0.000147,7.533115e-06,-9.776164e-05,4.744538e-06,9.178318,9.399688,9.184206,9.3264,9.47151,9.829824,9.71491,9.710256,9.499524,9.56525,0,0,0,0,0,0
2025/04/25 23:53:00.912,n,5.615555,29.872222,0.000152,7.739512e-06,-0.000109,6.323611e-06,9.181294,9.392382,9.188614,9.3264,9.467086,9.826976,9.720508,9.702934,9.502274,9.568226,0,0,0,0,0,0
2025/04/25 23:54:00.915,n,5.561894,30.012364,0.000147,7.790092e-06,-0.000103,2.905605e-06,9.179798,9.382102,9.178318,9.31031,9.462726,9.821378,9.71769,9.71172,9.499524,9.566748,0,0,0,0,0,0
2025/04/25 23:55:00.917,n,5.526463,30.137924,0.00021,1.158724e-05,-3.282384e-05,7.1829e-06,9.196782,9.407836,9.205564,9.34192,9.486966,9.737556,9.631204,9.733018,9.415726,9.592434,0,0,0,0,0,0
2025/04/25 23:56:00.917,n,5.47617,31.017752,0.000221,1.670354e-05,-3.816882e-05,5.802881e-06,9.195302,9.40346,9.204118,9.324318,9.473786,9.731958,9.628454,9.727144,9.41851,9.590956,0,0,0,0,0,0
2025/04/25 23:57:00.920,n,5.405758,30.310862,0.000194,2.130747e-05,-5.450071e-05,5.673226e-06,9.195302,9.388804,9.205564,9.331638,9.481126,9.73471,9.64243,9.728624,9.41851,9.582202,0,0,0,0,0,0
2025/04/25 23:58:00.926,n,5.367138,31.054742,0.000147,2.782073e-05,-4.900726e-05,9.081644e-06,9.182124,9.378554,9.196782,9.319878,9.466434,9.72908,9.628454,9.724248,9.42412,9.583682,0,0,0,0,0,0
2025/04/25 23:59:00.924,n,5.305126,31.327306,0.000205,2.429813e-05,-5.984569e-05,8.965966e-06,9.187964,9.38298,9.19387,9.312572,9.466434,9.73471,9.622826,9.727144,9.41851,9.573418,0,0,0,0,0,0
2025/04/26 00:00:00.925,n,5.305126,31.572684,0.000178,1.757886e-05,-5.984569e-05,6.99737e-06,9.18502,9.377076,9.190908,9.311108,9.450378,9.72908,9.628454,9.718392,9.415726,9.580738,0,0,0,0,0,0
2025/04/26 00:01:00.919,n,5.249752,32.010544,0.000215,3.789431e-05,-1.60071e-07,3.465756e-05,9.18502,9.393228,9.195302,9.325764,9.469378,9.701194,9.603206,9.721336,9.398988,9.589492,0,0,0,0,0,0
2025/04/26 00:02:00.919,n,5.187695,32.084766,0.000221,2.028317e-05,-2.183694e-05,8.05065e-06,9.17918,9.391764,9.189428,9.32139,9.465004,9.703944,9.594844,9.721336,9.387762,9.585114,0,0,0,0,0,0
2025/04/26 00:03:00.922,n,5.14238,32.692672,0.00021,6.067443e-06,-3.816882e-05,7.878654e-06,9.173276,9.371234,9.182124,9.316948,9.453306,9.703944,9.600358,9.718392,9.401736,9.579274,0,0,0,0,0,0
2025/04/26 00:04:00.922,n,5.097069,32.681336,0.000194,8.155012e-06,-4.900726e-05,4.879877e-06,9.167404,9.363914,9.17474,9.302324,9.441592,9.706792,9.608736,9.716928,9.40738,9.571952,0,0,0,0,0,0
2025/04/26 00:05:00.924,n,5.107128,33.241238,0.000189,8.007458e-06,-5.450071e-05,7.701486e-06,9.161562,9.353632,9.165938,9.299348,9.428368,9.709574,9.605988,9.711086,9.401736,9.560206,0,0,0,0,0,0
2025/04/26 00:06:00.926,n,5.018112,33.116482,0.000168,6.507363e-06,-7.617757e-05,7.437999e-06,9.152746,9.343384,9.167404,9.302324,9.428368,9.715186,9.614366,9.70518,9.410132,9.561704,0,0,0,0,0,0
2025/04/26 00:07:00.930,n,4.981247,33.453006,0.000168,9.014018e-06,-8.152256e-05,7.031465e-06,9.152746,9.34776,9.152746,9.283322,9.40346,9.720686,9.608736,9.706676,9.40738,9.560206,0,0,0,0,0,0
2025/04/26 00:08:00.932,n,4.945946,33.48201,0.000168,9.861872e-06,-8.152256e-05,8.870448e-06,9.146874,9.340454,9.149802,9.290628,9.407836,9.717936,9.608736,9.699388,9.410132,9.549956,0,0,0,0,0,0
2025/04/26 00:09:00.932,n,4.868698,34.169316,0.000158,7.473024e-06,-8.716448e-05,7.066608e-06,9.136594,9.337478,9.142466,9.280346,9.391764,9.717936,9.611584,9.690572,9.410132,9.547076,0,0,0,0,0,0
2025/04/26 00:10:00.920,n,4.833397,34.43494,0.000137,9.541484e-06,-0.00012,7.119246e-06,9.123434,9.336014,9.13518,9.267154,9.390266,9.709574,9.614366,9.667158,9.41851,9.535348,0,0,0,0,0,0
2025/04/26 00:11:00.921,n,4.85693,34.754864,0.000137,6.927393e-06,-0.00013,7.227752e-06,9.11605,9.32723,9.123434,9.262746,9.394676,9.715186,9.61718,9.67448,9.415726,9.530922,0,0,0,0,0,0
2025/04/26 00:12:00.926,n,4.826706,34.620488,0.000131,1.000739e-05,-0.000125,6.230274e-06,9.119026,9.32723,9.132218,9.264192,9.380018,9.703944,9.61718,9.665694,9.415726,9.535348,0,0,0,0,0,0
2025/04/26 00:13:00.925,n,4.774609,34.816044,0.000126,5.160913e-06,-0.000136,6.006131e-06,9.11753,9.315484,9.126312,9.259816,9.380018,9.709574,9.611584,9.67448,9.412912,9.530922,0,0,0,0,0,0
2025/04/26 00:14:00.926,n,4.767918,35.205304,0.000115,6.041839e-06,-0.00013,5.351277e-06,9.11021,9.314036,9.130738,9.256872,9.36977,9.709574,9.603206,9.67448,9.412912,9.527978,0,0,0,0,0,0
2025/04/26 00:15:00.929,n,4.712448,35.269804,0.000115,1.005394e-05,-0.000136,8.340857e-06,9.10437,9.30522,9.121954,9.256872,9.359488,9.706792,9.600358,9.665694,9.410132,9.523602,0,0,0,0,0,0
2025/04/26 00:16:00.932,n,4.688916,34.732744,0.00011,9.059836e-06,-0.00013,4.805615e-06,9.098464,9.297882,9.11605,9.255408,9.349224,9.706792,9.611584,9.659854,9.415726,9.516282,0,0,0,0,0,0
2025/04/26 00:17:00.931,n,4.643505,35.206964,9.450214e-05,9.27377e-06,-0.000152,5.448886e-06,9.098464,9.299348,9.108746,9.251032,9.3448,9.701194,9.608736,9.667158,9.412912,9.516282,0,0,0,0,0,0
2025/04/26 00:18:00.933,n,4.660351,35.393732,8.918466e-05,9.000032e-06,-0.000152,5.153022e-06,9.09412,9.300828,9.10437,9.246592,9.333102,9.703944,9.594844,9.659854,9.412912,9.508912,0,0,0,0,0,0
2025/04/26 00:19:00.919,n,4.703839,35.20342,0.000236,7.77864e-06,-2.738607e-05,5.350772e-06,9.117058,9.337054,9.142028,9.281356,9.385436,9.68917,9.5857,9.68434,9.400954,9.549518,0,0,0,0,0,0
2025/04/26 00:20:00.926,n,4.680302,34.754688,0.000236,7.440105e-06,-2.738607e-05,4.687465e-06,9.10829,9.32243,9.142028,9.272538,9.372212,9.686406,9.582918,9.691612,9.39544,9.552494,0,0,0,0,0,0
2025/04/26 00:21:00.925,n,4.687088,34.467092,0.00021,9.96599e-06,-3.287952e-05,8.344312e-06,9.109754,9.316542,9.133194,9.265234,9.364904,9.686406,9.5857,9.67993,9.39544,9.550998,0,0,0,0,0,0
2025/04/26 00:22:00.926,n,4.676934,34.070216,0.00022,1.231517e-05,-3.82245e-05,8.173783e-06,9.11413,9.320918,9.12441,9.26961,9.360498,9.691954,9.58007,9.678514,9.400954,9.542262,0,0,0,0,0,0
2025/04/26 00:23:00.931,n,4.698757,34.005472,0.000194,8.888018e-06,-4.371795e-05,4.810367e-06,9.102384,9.30483,9.122912,9.26961,9.350214,9.680776,9.58007,9.675554,9.39544,9.530516,0,0,0,0,0,0
2025/04/26 00:24:00.915,n,4.708916,34.419484,0.000189,8.244502e-06,-4.906293e-05,7.114878e-06,9.081874,9.316542,9.11413,9.25933,9.348802,9.68917,9.582918,9.656552,9.39819,9.524674,0,0,0,0,0,0
2025/04/26 00:25:00.920,n,4.665165,34.81416,0.000178,9.972858e-06,-6.554329e-05,2.704991e-06,9.075968,9.307774,9.10676,9.246168,9.337054,9.68917,9.58845,9.650662,9.400954,9.517354,0,0,0,0,0,0
2025/04/26 00:26:00.922,n,4.63665,34.61514,0.000178,8.751944e-06,-7.088827e-05,5.673325e-06,9.077434,9.30483,9.100904,9.252008,9.339952,9.683576,9.58845,9.653606,9.39819,9.51877,0,0,0,0,0,0
2025/04/26 00:27:00.919,n,4.603054,34.613476,0.000183,7.553667e-06,-7.088827e-05,6.333588e-06,9.070128,9.294546,9.102384,9.240294,9.323894,9.68917,9.58845,9.647734,9.39819,9.51145,0,0,0,0,0,0
2025/04/26 00:28:00.906,n,4.571072,34.5437,0.000157,6.75345e-06,-8.172671e-05,4.286791e-06,9.071592,9.297508,9.087696,9.25645,9.310668,9.68917,9.58007,9.64479,9.39819,9.499768,0,0,0,0,0,0
2025/04/26 00:29:00.910,n,4.555935,34.889064,0.000168,4.721268e-06,-8.722016e-05,5.589909e-06,9.052528,9.298924,9.077434,9.246168,9.298924,9.686406,9.582918,9.637484,9.40382,9.498288,0,0,0,0,0,0
2025/04/26 00:30:00.910,n,4.512188,34.62876,0.000152,9.090228e-06,-8.172671e-05,3.550447e-06,9.0496,9.288708,9.071592,9.238848,9.297508,9.680776,9.582918,9.630098,9.406584,9.492448,0,0,0,0,0,0
2025/04/26 00:31:00.914,n,4.539089,34.778516,0.000205,3.037509e-05,-3.287952e-05,3.106805e-05,9.058384,9.297508,9.092122,9.249098,9.316542,9.655656,9.552056,9.638948,9.384184,9.5012,0,0,0,0,0,0
2025/04/26 00:32:00.916,n,4.497097,34.95698,0.000199,6.402287e-06,-4.906293e-05,1.133985e-05,9.058384,9.291604,9.0936,9.235888,9.309204,9.655656,9.552056,9.64038,9.375822,9.504146,0,0,0,0,0,0
2025/04/26 00:33:00.919,n,4.426445,35.023344,0.000194,1.028383e-05,-6.004984e-05,5.768508e-06,9.054008,9.2843,9.090656,9.234424,9.306294,9.664036,9.554854,9.636004,9.375822,9.509986,0,0,0,0,0,0
2025/04/26 00:34:00.925,n,4.407986,35.257764,0.000183,6.847864e-06,-7.088827e-05,4.621711e-06,9.052528,9.281356,9.083352,9.216856,9.301852,9.661188,9.566048,9.636004,9.387046,9.50852,0,0,0,0,0,0
2025/04/26 00:35:00.922,n,4.4096,35.34268,0.000173,9.108686e-06,-8.172671e-05,6.15176e-06,9.036376,9.26377,9.067184,9.216856,9.294546,9.661188,9.554854,9.633076,9.392562,9.498288,0,0,0,0,0,0
2025/04/26 00:36:00.925,n,4.35413,35.45176,0.000152,6.932799e-06,-9.80586e-05,8.16985e-06,9.031936,9.250544,9.067184,9.21095,9.28282,9.65844,9.56883,9.625722,9.392562,9.495392,0,0,0,0,0,0
2025/04/26 00:37:00.910,n,4.344071,35.64258,0.000141,9.176652e-06,-0.000109,7.779304e-06,9.018744,9.265234,9.048088,9.212382,9.265234,9.661188,9.557604,9.603758,9.392562,9.47042,0,0,0,0,0,0
2025/04/26 00:38:00.914,n,4.313748,36.124416,0.000136,7.717112e-06,-0.000103,5.264999e-06,9.012904,9.260792,9.043696,9.218318,9.260792,9.661188,9.557604,9.611096,9.384184,9.473382,0,0,0,0,0,0
2025/04/26 00:39:00.915,n,4.216679,36.357472,0.000131,7.557172e-06,-0.00012,8.431898e-06,9.00703,9.250544,9.039286,9.200702,9.265234,9.664036,9.56045,9.602278,9.392562,9.473382,0,0,0,0,0,0
2025/04/26 00:40:00.916,n,4.21331,36.795848,0.000131,6.263879e-06,-0.000125,6.751442e-06,9.005568,9.250544,9.042216,9.200702,9.253472,9.664036,9.56045,9.597934,9.39819,9.480702,0,0,0,0,0,0
2025/04/26 00:41:00.920,n,4.209957,36.739828,0.000231,6.870653e-06,-2.198773e-05,5.191098e-06,9.025266,9.264372,9.066274,9.21152,9.276068,9.566048,9.465246,9.618986,9.29746,9.49741,0,0,0,0,0,0
2025/04/26 00:42:00.920,n,4.204926,36.919808,0.000221,9.482948e-06,-3.282616e-05,1.020054e-05,9.022304,9.255554,9.063362,9.208558,9.274622,9.563298,9.465246,9.616058,9.303088,9.49593,0,0,0,0,0,0
2025/04/26 00:43:00.925,n,4.121136,37.34564,0.000226,7.194339e-06,-3.282616e-05,8.156596e-06,9.019328,9.242346,9.057488,9.20275,9.261444,9.56883,9.468092,9.620466,9.303088,9.485648,0,0,0,0,0,0
2025/04/26 00:44:00.924,n,4.072506,37.555844,0.00021,7.255137e-06,-4.366459e-05,7.341662e-06,9.01349,9.236522,9.04721,9.20124,9.255554,9.566048,9.465246,9.60877,9.300242,9.488626,0,0,0,0,0,0
2025/04/26 00:45:00.929,n,3.997067,38.236264,0.0002,5.29424e-06,-6.548994e-05,8.509252e-06,9.007584,9.229088,9.045744,9.193934,9.243842,9.56883,9.470844,9.616058,9.303088,9.484184,0,0,0,0,0,0
2025/04/26 00:46:00.916,n,3.968502,38.251444,0.000184,6.413577e-06,-5.999648e-05,4.901932e-06,8.987106,9.242346,9.034048,9.199776,9.237938,9.566048,9.462464,9.601432,9.294694,9.475398,0,0,0,0,0,0
2025/04/26 00:47:00.919,n,3.933346,38.49466,0.000184,8.229131e-06,-5.999648e-05,2.828667e-06,8.989984,9.234992,9.02964,9.188094,9.23353,9.56045,9.4597,9.594078,9.300242,9.473934,0,0,0,0,0,0
2025/04/26 00:48:00.916,n,3.83437,38.750864,0.000189,7.931755e-06,-7.098338e-05,5.952847e-06,8.985642,9.232066,9.031106,9.186616,9.232066,9.56045,9.456854,9.577956,9.303088,9.473934,0,0,0,0,0,0
2025/04/26 00:49:00.917,n,3.817623,39.1575,0.000179,8.520982e-06,-7.098338e-05,4.356073e-06,8.976792,9.223248,9.022304,9.18071,9.220304,9.56045,9.4597,9.580916,9.303088,9.462238,0,0,0,0,0,0
2025/04/26 00:50:00.920,n,3.77729,39.115216,0.000179,8.16815e-06,-7.098338e-05,5.749441e-06,8.978272,9.214464,9.026712,9.17487,9.213,9.56045,9.456854,9.591166,9.300242,9.471022,0,0,0,0,0,0
2025/04/26 00:51:00.924,n,3.755562,39.4825,0.000173,6.03863e-06,-7.632837e-05,5.704692e-06,8.968024,9.207144,9.020808,9.16462,9.21884,9.554904,9.456854,9.583828,9.300242,9.462238,0,0,0,0,0,0
2025/04/26 00:52:00.926,n,3.679974,39.604328,0.000168,4.385041e-06,-8.71668e-05,4.314951e-06,8.969488,9.204216,9.019328,9.161676,9.204216,9.552056,9.4597,9.583828,9.300242,9.45934,0,0,0,0,0,0
2025/04/26 00:53:00.927,n,3.622894,39.942412,0.000168,8.216091e-06,-9.800524e-05,8.123823e-06,8.970888,9.192472,9.004674,9.16462,9.20124,9.56045,9.4597,9.579452,9.300242,9.456366,0,0,0,0,0,0
2025/04/26 00:54:00.934,n,3.5373,40.298808,0.000168,8.25828e-06,-9.266026e-05,6.685341e-06,8.965048,9.193934,9.004674,9.158766,9.186616,9.552056,9.45407,9.579452,9.303088,9.447614,0,0,0,0,0,0
2025/04/26 00:55:00.915,n,3.48193,40.6075,0.000152,7.631088e-06,-9.800524e-05,6.157742e-06,8.942992,9.199776,8.997368,9.171926,9.186616,9.557668,9.451322,9.557474,9.291848,9.44174,0,0,0,0,0,0
2025/04/26 00:56:00.920,n,3.478512,40.90086,0.000147,9.668054e-06,-0.000109,6.146035e-06,8.940112,9.192472,8.991482,9.151396,9.17783,9.549308,9.448474,9.56045,9.300242,9.447614,0,0,0,0,0,0
2025/04/26 00:57:00.923,n,3.460003,41.298276,0.000142,5.294484e-06,-0.000114,4.411769e-06,8.935704,9.192472,8.9812,9.148518,9.173406,9.552056,9.448474,9.558986,9.303088,9.440274,0,0,0,0,0,0
2025/04/26 00:58:00.925,n,3.434857,42.070004,0.000131,6.880518e-06,-0.00012,6.391684e-06,8.926888,9.17487,8.976792,9.130868,9.170462,9.546428,9.45407,9.5516,9.305838,9.437332,0,0,0,0,0,0
2025/04/26 00:59:00.922,n,3.399605,41.789924,0.000121,1.145757e-05,-0.000131,7.487444e-06,8.925426,9.170462,8.978272,9.135308,9.163142,9.552056,9.451322,9.547224,9.305838,9.435866,0,0,0,0,0,0
2025/04/26 01:00:00.928,n,3.293697,41.913116,0.000126,4.656659e-06,-0.000147,7.220957e-06,8.92396,9.160214,8.976792,9.135308,9.15434,9.549308,9.451322,9.548704,9.305838,9.43149,0,0,0,0,0,0
2025/04/26 01:01:00.921,n,3.28957,42.406064,0.000284,2.594056e-05,3.791364e-05,3.450037e-05,8.964624,9.224386,9.017458,9.18772,9.203842,9.51485,9.414198,9.589394,9.265966,9.476602,0,0,0,0,0,0
2025/04/26 01:02:00.923,n,3.234051,42.614904,0.000263,8.553518e-06,1.623677e-05,1.144108e-05,8.957306,9.212626,9.011586,9.165662,9.19356,9.517696,9.416946,9.586496,9.279956,9.470696,0,0,0,0,0,0
2025/04/26 01:03:00.922,n,3.168526,42.896008,0.000252,8.733768e-06,5.398338e-06,6.495942e-06,8.952898,9.203842,9.00869,9.162718,9.184776,9.520446,9.419794,9.579112,9.282704,9.470696,0,0,0,0,0,0
2025/04/26 01:04:00.909,n,3.101288,43.124716,0.000226,9.476678e-06,-2.177198e-05,8.828648e-06,8.946994,9.208218,8.994002,9.18035,9.168624,9.526076,9.416946,9.568862,9.282704,9.451632,0,0,0,0,0,0
2025/04/26 01:05:00.910,n,3.079414,43.88546,0.00022,8.291222e-06,-2.726543e-05,4.881109e-06,8.92793,9.196538,8.983688,9.164182,9.153934,9.52884,9.422576,9.561574,9.288334,9.445774,0,0,0,0,0,0
2025/04/26 01:06:00.912,n,3.067646,43.45914,0.000215,9.910092e-06,-4.879383e-05,9.201616e-06,8.916154,9.184776,8.973408,9.153934,9.146598,9.53447,9.428188,9.549828,9.299478,9.432564,0,0,0,0,0,0
2025/04/26 01:07:00.916,n,3.017208,43.598544,0.0002,8.43458e-06,-4.879383e-05,5.737181e-06,8.913242,9.18035,8.967586,9.146598,9.14219,9.53722,9.436566,9.541042,9.299478,9.43406,0,0,0,0,0,0
2025/04/26 01:08:00.919,n,2.973457,43.586776,0.000189,8.945392e-06,-6.527419e-05,6.809222e-06,8.90737,9.170088,8.969066,9.13635,9.145118,9.540098,9.43372,9.539578,9.302226,9.43699,0,0,0,0,0,0
2025/04/26 01:09:00.920,n,2.933075,43.430576,0.000194,8.991344e-06,-6.527419e-05,5.23652e-06,8.901498,9.165662,8.967586,9.129028,9.139278,9.531704,9.428188,9.539578,9.296694,9.432564,0,0,0,0,0,0
2025/04/26 01:10:00.926,n,2.899483,43.761336,0.000178,6.518669e-06,-8.14576e-05,8.43435e-06,8.89709,9.153934,8.969066,9.126086,9.130494,9.531704,9.43372,9.543986,9.305074,9.44431,0,0,0,0,0,0
2025/04/26 01:11:00.924,n,2.820381,43.947568,0.000178,7.082495e-06,-7.611261e-05,5.037017e-06,8.89569,9.158342,8.966122,9.123126,9.129028,9.526076,9.425342,9.53808,9.299478,9.431084,0,0,0,0,0,0
2025/04/26 01:12:00.925,n,2.726143,44.252648,0.000173,8.181583e-06,-8.14576e-05,5.850151e-06,8.89569,9.137814,8.96025,9.121692,9.120214,9.526076,9.43097,9.539578,9.302226,9.429652,0,0,0,0,0,0
2025/04/26 01:13:00.909,n,2.660519,44.384924,0.000142,1.238338e-05,-9.229604e-05,8.202399e-06,8.876562,9.15247,8.93821,9.126086,9.098188,9.540098,9.436566,9.523456,9.302226,9.414962,0,0,0,0,0,0
2025/04/26 01:14:00.915,n,2.655438,44.642248,0.000178,1.05594e-05,-9.229604e-05,5.101621e-06,8.867714,9.148062,8.93821,9.11875,9.095244,9.531704,9.43372,9.516134,9.299478,9.414962,0,0,0,0,0,0
2025/04/26 01:15:00.915,n,2.550995,44.659044,0.000142,8.43504e-06,-0.000109,6.799206e-06,8.858932,9.137814,8.933834,9.111428,9.092348,9.531704,9.43097,9.511694,9.302226,9.406178,0,0,0,0,0,0
2025/04/26 01:16:00.916,n,2.45163,45.110896,0.000163,1.262657e-05,-0.000109,3.633973e-06,8.858932,9.137814,8.92793,9.108436,9.086428,9.526076,9.428188,9.505886,9.305074,9.404714,0,0,0,0,0,0
2025/04/26 01:17:00.917,n,2.439861,45.642684,0.000142,7.921406e-06,-0.000114,6.014514e-06,8.861842,9.127566,8.925002,9.096724,9.086428,9.52884,9.419794,9.505886,9.305074,9.404714,0,0,0,0,0,0
2025/04/26 01:18:00.920,n,2.449345,45.65898,0.000221,8.128831e-06,-2.753222e-05,6.776519e-06,8.872772,9.141424,8.947676,9.114958,9.097392,9.442048,9.341302,9.525556,9.221068,9.418574,0,0,0,0,0,0
2025/04/26 01:19:00.925,n,2.371807,45.885204,0.000226,8.39897e-06,-3.822218e-05,6.673827e-06,8.871292,9.13552,8.940324,9.11208,9.094414,9.43642,9.335802,9.522594,9.226584,9.419988,0,0,0,0,0,0
2025/04/26 01:20:00.926,n,2.35833,46.163084,0.000205,1.164086e-05,-4.371563e-05,4.785072e-06,8.858086,9.128168,8.930044,9.097392,9.08127,9.43917,9.338552,9.527002,9.21544,9.418574,0,0,0,0,0,0
2025/04/26 01:21:00.928,n,2.328007,46.537792,0.000205,6.130566e-06,-4.906061e-05,3.617315e-06,8.85958,9.116424,8.934452,9.100336,9.072422,9.43917,9.335802,9.524058,9.221068,9.41711,0,0,0,0,0,0
2025/04/26 01:22:00.914,n,2.262234,46.014112,0.000189,5.883456e-06,-6.554097e-05,5.345238e-06,8.83167,9.122328,8.909484,9.098856,9.059196,9.444798,9.335802,9.502112,9.229462,9.39069,0,0,0,0,0,0
2025/04/26 01:23:00.914,n,2.228497,46.517672,0.000189,7.938431e-06,-7.088595e-05,7.510637e-06,8.828742,9.11208,8.910948,9.094414,9.060678,9.43917,9.335802,9.49331,9.229462,9.3951,0,0,0,0,0,0
2025/04/26 01:24:00.916,n,2.157742,46.5645,0.000178,1.079749e-05,-7.088595e-05,7.130488e-06,8.821424,9.107638,8.903612,9.090038,9.04895,9.43917,9.338552,9.486022,9.229462,9.387826,0,0,0,0,0,0
2025/04/26 01:25:00.920,n,2.107109,46.729976,0.000173,1.128471e-05,-7.088595e-05,7.763678e-06,8.822902,9.098856,8.902148,9.079758,9.047484,9.444798,9.332924,9.48306,9.226584,9.38485,0,0,0,0,0,0
2025/04/26 01:26:00.923,n,2.063309,46.708248,0.000158,6.984596e-06,-8.721784e-05,6.334226e-06,8.818496,9.088574,8.89779,9.069478,9.034262,9.442048,9.344148,9.484526,9.232212,9.38485,0,0,0,0,0,0
2025/04/26 01:27:00.924,n,2.051445,46.59126,0.000163,7.878315e-06,-9.805628e-05,5.828025e-06,8.815518,9.08127,8.888924,9.063638,9.031332,9.433654,9.344148,9.471332,9.232212,9.383386,0,0,0,0,0,0
2025/04/26 01:28:00.927,n,2.016094,46.770064,0.000147,9.591316e-06,-9.805628e-05,4.722705e-06,8.800832,9.073886,8.89483,9.059196,9.021052,9.433654,9.335802,9.48158,9.229462,9.381906,0,0,0,0,0,0
2025/04/26 01:29:00.927,n,1.965458,47.280856,0.000142,8.123585e-06,-0.000109,5.451612e-06,8.802328,9.069478,8.88751,9.054822,9.010772,9.43642,9.338552,9.472796,9.234962,9.381906,0,0,0,0,0,0
2025/04/26 01:30:00.929,n,1.955303,47.537792,0.000137,9.816178e-06,-0.00012,6.173719e-06,8.797902,9.060678,8.88014,9.04895,9.006414,9.442048,9.335802,9.480116,9.232212,9.371656,0,0,0,0,0,0
2025/04/26 01:31:00.914,n,1.924931,48.176708,0.000178,3.773066e-05,-7.088595e-05,3.449666e-05,8.79052,9.088574,8.875732,9.075366,9.007894,9.419646,9.310554,9.466924,9.209812,9.365786,0,0,0,0,0,0
2025/04/26 01:32:00.913,n,1.948513,47.85068,0.000178,9.849418e-06,-8.721784e-05,7.482309e-06,8.783216,9.082734,8.862524,9.050414,9.000508,9.419646,9.316052,9.458138,9.21544,9.361376,0,0,0,0,0,0
2025/04/26 01:33:00.919,n,1.879421,48.109812,0.000147,1.118063e-05,-9.805628e-05,8.813246e-06,8.771424,9.066548,8.861046,9.056302,8.9961,9.42243,9.316052,9.458138,9.218204,9.36725,0,0,0,0,0,0
2025/04/26 01:34:00.918,n,1.843975,47.939304,0.000131,9.366502e-06,-0.000125,6.512621e-06,8.769992,9.057734,8.853678,9.043078,8.984356,9.425276,9.330174,9.44496,9.223832,9.357,0,0,0,0,0,0
2025/04/26 01:35:00.920,n,1.816921,47.815576,0.00011,9.080488e-06,-0.000136,8.031541e-06,8.761144,9.046038,8.849334,9.031332,8.97998,9.425276,9.330174,9.446424,9.229462,9.351158,0,0,0,0,0,0
2025/04/26 01:36:00.925,n,1.858955,47.689844,0.000216,5.963932e-06,-2.696617e-05,1.002712e-05,8.78455,9.070796,8.881492,9.06349,8.997418,9.356544,9.264276,9.477058,9.166428,9.381792,0,0,0,0,0,0
2025/04/26 01:37:00.923,n,1.821846,47.574316,0.00021,5.64064e-06,-4.314958e-05,5.704607e-06,8.780126,9.0679,8.875586,9.054674,8.998898,9.356544,9.261494,9.463864,9.163548,9.378848,0,0,0,0,0,0
2025/04/26 01:38:00.927,n,1.789764,47.634616,0.000221,9.188188e-06,-3.78046e-05,6.851353e-06,8.78159,9.062012,8.878514,9.054674,8.990114,9.356544,9.261494,9.477058,9.160798,9.383256,0,0,0,0,0,0
2025/04/26 01:39:00.929,n,1.759346,47.862156,0.000195,8.239957e-06,-5.428496e-05,7.211222e-06,8.77422,9.047356,8.872676,9.04145,8.978354,9.359358,9.264276,9.463864,9.174772,9.377448,0,0,0,0,0,0
2025/04/26 01:40:00.916,n,1.728973,48.005904,0.000173,6.937456e-06,-5.962994e-05,5.243515e-06,8.759598,9.059114,8.850652,9.05321,8.969522,9.359358,9.258646,9.449174,9.169176,9.370064,0,0,0,0,0,0
2025/04/26 01:41:00.915,n,1.693523,47.984128,0.000173,8.5671e-06,-7.046837e-05,5.552837e-06,8.749368,9.047356,8.838892,9.048852,8.963666,9.359358,9.261494,9.437492,9.172024,9.349534,0,0,0,0,0,0
2025/04/26 01:42:00.919,n,1.629364,48.26494,0.000179,6.374987e-06,-7.046837e-05,5.327626e-06,8.740618,9.04145,8.843266,9.04145,8.954898,9.370534,9.267038,9.440454,9.177554,9.355406,0,0,0,0,0,0
2025/04/26 01:43:00.918,n,1.585419,48.390232,0.000163,1.084739e-05,-8.66518e-05,6.249941e-06,8.744992,9.04145,8.835964,9.031202,8.953418,9.359358,9.261494,9.436012,9.172024,9.349534,0,0,0,0,0,0
2025/04/26 01:44:00.924,n,1.568523,48.945848,0.000173,7.78528e-06,-9.214524e-05,7.17591e-06,8.730404,9.03265,8.834484,9.01949,8.943106,9.359358,9.272668,9.44192,9.177554,9.351012,0,0,0,0,0,0
2025/04/26 01:45:00.922,n,1.524628,48.899072,0.000147,8.206966e-06,-9.778716e-05,5.355259e-06,8.730404,9.028274,8.834484,9.020954,8.935802,9.353762,9.2503,9.436012,9.174772,9.351012,0,0,0,0,0,0
2025/04/26 01:46:00.923,n,1.460369,48.820752,0.000131,5.775083e-06,-0.000119,4.691072e-06,8.71871,9.013586,8.828612,9.00921,8.929962,9.356544,9.261494,9.425764,9.163548,9.346636,0,0,0,0,0,0
2025/04/26 01:47:00.927,n,1.431366,49.457224,0.000116,7.730661e-06,-0.000125,6.736884e-06,8.724564,9.006266,8.818332,9.000362,8.919666,9.36214,9.261494,9.421388,9.177554,9.340716,0,0,0,0,0,0
2025/04/26 01:48:00.928,n,1.389374,50.065868,0.000111,6.856254e-06,-0.000136,6.058814e-06,8.711372,9.003324,8.813892,8.998898,8.918138,9.359358,9.264276,9.424332,9.183166,9.33341,0,0,0,0,0,0
2025/04/26 01:49:00.918,n,1.350605,49.314012,0.000116,7.427331e-06,-0.00013,8.178345e-06,8.699678,9.010674,8.80218,9.001858,8.90789,9.36214,9.258646,9.402354,9.180368,9.330466,0,0,0,0,0,0
2025/04/26 01:50:00.918,n,1.320332,49.532076,0.000116,7.867157e-06,-0.000136,4.94761e-06,8.68805,8.995954,8.791902,8.988634,8.888794,9.364924,9.267038,9.390608,9.185946,9.31285,0,0,0,0,0,0
2025/04/26 01:51:00.919,n,1.301594,49.108768,0.000226,1.438994e-05,-3.271713e-05,6.368984e-06,8.720644,9.032944,8.828824,9.02564,8.928694,9.309758,9.21456,9.436354,9.133438,9.357194,0,0,0,0,0,0
2025/04/26 01:52:00.921,n,1.262825,49.053836,0.0002,1.091554e-05,-2.722368e-05,4.300932e-06,8.716302,9.022696,8.827392,9.02416,8.925798,9.30701,9.209014,9.433412,9.127892,9.354218,0,0,0,0,0,0
2025/04/26 01:53:00.924,n,1.261116,49.19544,0.00021,7.235523e-06,-4.355556e-05,7.820091e-06,8.716302,9.01235,8.820056,9.013862,8.915518,9.30701,9.21456,9.43201,9.136284,9.354218,0,0,0,0,0,0
2025/04/26 01:54:00.926,n,1.208965,49.423612,0.000189,7.89306e-06,-5.424553e-05,9.097394e-06,8.704606,9.003568,8.814118,9.01235,8.90667,9.30701,9.206168,9.429034,9.133438,9.351274,0,0,0,0,0,0
2025/04/26 01:55:00.925,n,1.176983,49.8595,0.000189,1.046119e-05,-6.53809e-05,8.346179e-06,8.695824,8.994798,8.808264,8.997726,8.891982,9.31254,9.21178,9.415856,9.144662,9.333688,0,0,0,0,0,0
2025/04/26 01:56:00.930,n,1.139923,50.73338,0.000179,1.027629e-05,-8.156432e-05,8.967172e-06,8.68561,8.987478,8.799514,8.99332,8.883166,9.31254,9.21456,9.42173,9.139034,9.338128,0,0,0,0,0,0
2025/04/26 01:57:00.930,n,1.112972,50.588456,0.000189,8.83144e-06,-7.621933e-05,4.273964e-06,8.694392,8.987478,8.800992,8.991854,8.88611,9.309758,9.21178,9.418786,9.136284,9.336616,0,0,0,0,0,0
2025/04/26 01:58:00.920,n,1.087727,50.019024,0.000173,8.80551e-06,-8.69093e-05,4.843838e-06,8.665148,8.991854,8.787834,8.987478,8.877294,9.309758,9.21456,9.395344,9.141912,9.319062,0,0,0,0,0,0
2025/04/26 01:59:00.920,n,0.996712,50.310084,0.000158,1.014967e-05,-8.156432e-05,8.650014e-06,8.662204,8.98011,8.77614,8.981574,8.86851,9.304162,9.209014,9.382134,9.144662,9.314654,0,0,0,0,0,0
2025/04/26 02:00:00.922,n,0.974834,50.586844,0.000168,7.125594e-06,-9.774772e-05,4.695338e-06,8.659262,8.977166,8.779084,8.975702,8.859678,9.298518,9.203418,9.399718,9.139034,9.324904,0,0,0,0,0,0
2025/04/26 02:01:00.915,n,0.924252,50.483524,0.0002,3.430962e-05,-4.355556e-05,2.582194e-05,8.662204,8.994798,8.779084,8.991854,8.86999,9.278914,9.181052,9.396758,9.113916,9.324904,0,0,0,0,0,0
2025/04/26 02:02:00.916,n,0.904083,50.691776,0.000189,7.375929e-06,-6.53809e-05,7.886243e-06,8.65783,8.984486,8.774644,8.981574,8.859678,9.278914,9.186648,9.395344,9.122296,9.308782,0,0,0,0,0,0
2025/04/26 02:03:00.917,n,0.860237,50.989772,0.000163,1.259348e-05,-8.156432e-05,8.751612e-06,8.64324,8.965422,8.76155,8.96835,8.847952,9.290138,9.19779,9.385062,9.125044,9.310246,0,0,0,0,0,0
2025/04/26 02:04:00.918,n,0.796173,50.741724,0.000147,1.006403e-05,-9.774772e-05,7.600894e-06,8.64176,8.966886,8.768854,8.96835,8.850896,9.287292,9.189428,9.383596,9.133438,9.302894,0,0,0,0,0,0
2025/04/26 02:05:00.921,n,0.679817,50.90496,0.000152,9.173414e-06,-0.000103,7.295003e-06,8.631546,8.943416,8.749824,8.952198,8.828824,9.298518,9.19779,9.374812,9.144662,9.299998,0,0,0,0,0,0
2025/04/26 02:06:00.927,n,0.528011,51.13958,0.000115,8.098898e-06,-0.000125,4.073623e-06,8.6213,8.933102,8.748426,8.946326,8.820056,9.304162,9.206168,9.367442,9.144662,9.292678,0,0,0,0,0,0
2025/04/26 02:07:00.910,n,0.376156,51.794312,0.000115,6.166181e-06,-0.000147,7.073277e-06,8.609606,8.93751,8.726516,8.953662,8.802424,9.304162,9.206168,9.35866,9.144662,9.280932,0,0,0,0,0,0
2025/04/26 02:08:00.913,n,0.336716,52.01648,0.00021,1.214127e-05,-2.718192e-05,6.253771e-06,8.653942,8.984778,8.767878,8.995044,8.848228,9.230714,9.141246,9.399996,9.076894,9.319388,0,0,0,0,0,0
2025/04/26 02:09:00.912,n,0.32822,52.237088,0.00021,9.798396e-06,-3.802035e-05,3.661752e-06,8.642248,8.975946,8.764982,8.981884,8.833606,9.239092,9.141246,9.39121,9.08249,9.319388,0,0,0,0,0,0
2025/04/26 02:10:00.917,n,0.279293,52.301736,0.0002,9.746308e-06,-5.450071e-05,5.444839e-06,8.632034,8.968626,8.760608,8.971572,8.83507,9.239092,9.141246,9.392692,9.08524,9.317924,0,0,0,0,0,0
2025/04/26 02:11:00.920,n,0.233639,52.440992,0.000195,5.215074e-06,-6.533914e-05,5.884472e-06,8.623284,8.956882,8.76207,8.970106,8.826318,9.24472,9.149624,9.378002,9.093634,9.312052,0,0,0,0,0,0
2025/04/26 02:12:00.918,n,0.208347,52.659696,0.000195,7.777975e-06,-7.068412e-05,3.349596e-06,8.618876,8.948034,8.747448,8.95981,8.819016,9.241858,9.13848,9.372146,9.096498,9.306146,0,0,0,0,0,0
2025/04/26 02:13:00.925,n,0.122215,52.671264,0.000173,7.632781e-06,-7.617757e-05,3.64418e-06,8.614452,8.934876,8.743074,8.952474,8.81316,9.239092,9.135602,9.380962,9.096498,9.310604,0,0,0,0,0,0
2025/04/26 02:14:00.925,n,0.071484,52.88152,0.000147,1.005671e-05,-8.152256e-05,7.090927e-06,8.610126,8.92897,8.744536,8.945138,8.808784,9.241858,9.13848,9.378002,9.088022,9.304682,0,0,0,0,0,0
2025/04/26 02:15:00.925,n,-0.004543,53.490944,0.000152,8.201297e-06,-9.800292e-05,8.968326e-06,8.608662,8.930418,8.737218,8.945138,8.795692,9.239092,9.141246,9.367752,9.093634,9.304682,0,0,0,0,0,0
2025/04/26 02:16:00.914,n,-0.040043,53.480936,0.000152,7.895024e-06,-9.250946e-05,4.991867e-06,8.580916,8.926042,8.721164,8.94073,8.776662,9.25871,9.146874,9.351616,9.096498,9.284138,0,0,0,0,0,0
2025/04/26 02:17:00.914,n,-0.153275,53.381376,0.000147,6.114107e-06,-0.000109,6.273255e-06,8.579452,8.930418,8.718188,8.94366,8.776662,9.236344,9.141246,9.345774,9.096498,9.278296,0,0,0,0,0,0
2025/04/26 02:18:00.913,n,-0.209034,53.648508,0.000131,6.950107e-06,-0.000103,8.426304e-06,8.5721,8.917258,8.705062,8.942194,8.770822,9.24472,9.13848,9.347238,9.093634,9.27976,0,0,0,0,0,0
2025/04/26 02:19:00.916,n,-0.234425,53.784452,0.000136,5.876975e-06,-0.000109,7.331746e-06,8.564782,8.90841,8.703598,8.924562,8.766446,9.241858,9.135602,9.338454,9.093634,9.2768,0,0,0,0,0,0
2025/04/26 02:20:00.920,n,-0.261478,54.15398,0.000126,7.197481e-06,-0.000125,7.202595e-06,8.560408,8.899594,8.705062,8.918722,8.753288,9.233496,9.141246,9.335526,9.107736,9.27096,0,0,0,0,0,0
2025/04/26 02:21:00.921,n,-0.303761,54.384012,0.000105,9.158332e-06,-0.000147,6.377318e-06,8.55169,8.88785,8.691904,8.905482,8.746,9.241858,9.143994,9.33403,9.102108,9.260696,0,0,0,0,0,0
2025/04/26 02:22:00.924,n,-0.277267,54.624928,0.000226,7.52402e-06,-2.204109e-05,7.575318e-06,8.578556,8.908898,8.723182,8.92941,8.765552,9.213358,9.12101,9.356544,9.076278,9.29201,0,0,0,0,0,0
2025/04/26 02:23:00.925,n,-0.404171,54.067164,0.000226,7.243375e-06,-2.753454e-05,7.774154e-06,8.566864,8.895626,8.717376,8.923586,8.764088,9.216122,9.11826,9.356544,9.070648,9.294908,0,0,0,0,0,0
2025/04/26 02:24:00.928,n,-0.49382,54.140016,0.000205,8.868518e-06,-4.935988e-05,7.996585e-06,8.556584,8.889754,8.70568,8.92209,8.748052,9.216122,9.12101,9.344832,9.081792,9.286104,0,0,0,0,0,0
2025/04/26 02:25:00.915,n,-0.568333,54.924048,0.0002,5.998921e-06,-5.470486e-05,6.745627e-06,8.540596,8.901498,8.69109,8.923586,8.733396,9.224502,9.11826,9.334518,9.079026,9.26556,0,0,0,0,0,0
2025/04/26 02:26:00.916,n,-0.651241,55.222972,0.000194,7.709073e-06,-5.470486e-05,5.928845e-06,8.53762,8.895626,8.676468,8.92209,8.737804,9.218904,9.12101,9.330142,9.090168,9.272912,0,0,0,0,0,0
2025/04/26 02:27:00.920,n,-0.713936,55.153688,0.000189,8.198461e-06,-7.103674e-05,8.887454e-06,8.528838,8.880938,8.682308,8.904474,8.726124,9.227282,9.123858,9.3257,9.090168,9.267038,0,0,0,0,0,0
2025/04/26 02:28:00.924,n,-0.790157,55.523316,0.000179,5.291799e-06,-7.638172e-05,8.477624e-06,8.528838,8.880938,8.680862,8.898554,8.729054,9.218904,9.12101,9.327166,9.081792,9.271416,0,0,0,0,0,0
2025/04/26 02:29:00.924,n,-0.835911,56.01106,0.000168,7.274165e-06,-7.638172e-05,5.341188e-06,8.524462,8.867812,8.670614,8.892632,8.71443,9.216122,9.109786,9.313972,9.093016,9.264096,0,0,0,0,0,0
2025/04/26 02:30:00.928,n,-0.891819,55.900708,0.000163,8.816068e-06,-0.000104,1.014091e-05,8.51716,8.857596,8.66331,8.885314,8.704216,9.22175,9.123858,9.316916,9.093016,9.259688,0,0,0,0,0,0
2025/04/26 02:31:00.925,n,-0.942646,55.788696,0.000226,2.916075e-05,-3.287952e-05,2.892155e-05,8.524462,8.878058,8.685218,8.901498,8.715896,9.190908,9.090168,9.31986,9.062288,9.271416,0,0,0,0,0,0
2025/04/26 02:32:00.922,n,-0.984982,55.810132,0.000189,7.019651e-06,-4.935988e-05,5.836443e-06,8.51568,8.859028,8.670614,8.894162,8.702736,9.193658,9.098644,9.315452,9.070648,9.264096,0,0,0,0,0,0
2025/04/26 02:33:00.922,n,-1.01218,55.714528,0.000173,1.019298e-05,-9.820706e-05,9.212132e-06,8.505466,8.850278,8.664774,8.879522,8.695434,9.193658,9.10419,9.316916,9.079026,9.253816,0,0,0,0,0,0
2025/04/26 02:34:00.908,n,-0.974873,55.483668,0.000142,1.026157e-05,-0.000115,6.809222e-06,8.490878,8.853222,8.64137,8.888256,8.670614,9.20498,9.10702,9.29201,9.084654,9.23478,0,0,0,0,0,0
2025/04/26 02:35:00.910,n,-1.008762,55.574392,0.000147,9.489348e-06,-0.000109,5.225962e-06,8.47037,8.84735,8.632586,8.869244,8.660398,9.21051,9.109786,9.293474,9.084654,9.227446,0,0,0,0,0,0
2025/04/26 02:36:00.914,n,-1.046017,55.6387,0.000136,7.104077e-06,-0.000136,5.412369e-06,8.464498,8.840062,8.623838,8.870722,8.65165,9.216122,9.109786,9.28025,9.093016,9.225932,0,0,0,0,0,0
2025/04/26 02:37:00.913,n,-1.051094,55.788696,0.00011,8.696338e-06,-0.000142,6.262228e-06,8.464498,8.832776,8.620926,8.860492,8.648706,9.213358,9.112632,9.264096,9.098644,9.215684,0,0,0,0,0,0
2025/04/26 02:38:00.917,n,-1.054981,55.812008,0.000205,1.249616e-05,-3.816882e-05,5.686652e-06,8.493838,8.863564,8.64877,8.88546,8.682372,9.14053,9.037044,9.315322,9.020288,9.259604,0,0,0,0,0,0
2025/04/26 02:39:00.919,n,-1.110939,55.55478,0.000189,9.723482e-06,-5.984569e-05,8.64614e-06,8.489462,8.85184,8.650234,8.88546,8.675118,9.135032,9.042654,9.303608,9.028666,9.250788,0,0,0,0,0,0
2025/04/26 02:40:00.920,n,-1.165188,56.03608,0.000194,1.154211e-05,-7.083259e-05,7.516827e-06,8.473378,8.837248,8.641434,8.872284,8.657554,9.146158,9.045518,9.297752,9.034196,9.247844,0,0,0,0,0,0
2025/04/26 02:41:00.922,n,-1.244923,55.823528,0.000205,1.132083e-05,-7.083259e-05,6.087292e-06,8.474842,8.828466,8.638556,8.866462,8.65609,9.137782,9.042654,9.293328,9.031446,9.250788,0,0,0,0,0,0
2025/04/26 02:42:00.925,n,-1.241554,56.082172,0.000137,5.564685e-05,-7.617757e-05,4.866257e-06,8.461684,8.816836,8.632716,8.856248,8.650234,9.148924,9.045518,9.294792,9.034196,9.237564,0,0,0,0,0,0
2025/04/26 02:43:00.914,n,-1.278858,55.981684,0.000121,4.120213e-05,-9.250946e-05,5.589909e-06,8.44856,8.83284,8.613704,8.862054,8.631238,9.137782,9.03989,9.283064,9.028666,9.23322,0,0,0,0,0,0
2025/04/26 02:44:00.912,n,-1.346146,55.831784,0.000147,1.215223e-05,-0.000109,8.969514e-06,8.439746,8.821146,8.604938,8.859126,8.621024,9.14053,9.037044,9.275758,9.028666,9.222874,0,0,0,0,0,0
2025/04/26 02:45:00.916,n,-1.373196,55.881244,0.000147,1.31669e-05,-0.000109,8.013586e-06,8.433874,8.81534,8.597652,8.848894,8.616648,9.137782,9.042654,9.265412,9.025818,9.224354,0,0,0,0,0,0
2025/04/26 02:46:00.916,n,-1.386723,55.784028,0.000131,8.385577e-06,-0.000114,2.946884e-06,8.426604,8.810932,8.593244,8.83868,8.604938,9.14053,9.037044,9.261068,9.042654,9.209714,0,0,0,0,0,0
2025/04/26 02:47:00.922,n,-1.386723,55.97348,0.000126,8.886128e-06,-0.000125,5.327323e-06,8.409072,8.791966,8.596204,8.829962,8.603458,9.146158,9.045518,9.261068,9.031446,9.217066,0,0,0,0,0,0
2025/04/26 02:48:00.919,n,-1.385105,56.49056,0.000231,7.158696e-06,-2.166527e-05,4.877357e-06,8.439534,8.810752,8.60915,8.845838,8.616468,9.082734,8.98761,9.28277,8.9765,9.237254,0,0,0,0,0,0
2025/04/26 02:49:00.921,n,-1.393551,56.226788,0.000226,8.39343e-06,-2.166527e-05,8.390256e-06,8.44394,8.804962,8.610598,8.845838,8.607686,9.085484,8.982096,9.276898,8.979248,9.225542,0,0,0,0,0,0
2025/04/26 02:50:00.922,n,-1.450974,55.714484,0.000226,7.193621e-06,-4.319366e-05,4.293811e-06,8.424976,8.790306,8.597472,8.835622,8.601848,9.079986,8.982096,9.273952,8.984844,9.221166,0,0,0,0,0,0
2025/04/26 02:51:00.927,n,-1.474655,55.635336,0.00021,8.045764e-06,-4.883559e-05,6.997647e-06,8.420538,8.77575,8.584314,8.825408,8.58869,9.082734,8.98761,9.262208,8.990472,9.221166,0,0,0,0,0,0
2025/04/26 02:52:00.914,n,-1.467915,56.124736,0.000184,8.153427e-06,-7.051245e-05,9.885326e-06,8.401508,8.794714,8.575532,8.825408,8.57994,9.077106,8.982096,9.24755,8.984844,9.206476,0,0,0,0,0,0
2025/04/26 02:53:00.912,n,-1.461128,56.860332,0.000184,7.649857e-06,-7.051245e-05,5.841808e-06,8.397166,8.785964,8.56675,8.826838,8.575532,9.085484,8.984844,9.240232,8.990472,9.202036,0,0,0,0,0,0
2025/04/26 02:54:00.914,n,-1.51865,56.776204,0.000174,9.855712e-06,-8.135088e-05,8.133121e-06,8.382513,8.778628,8.563806,8.816624,8.557966,9.08833,8.990472,9.238766,8.990472,9.199106,0,0,0,0,0,0
2025/04/26 02:55:00.916,n,-1.535542,56.426104,0.000163,6.802056e-06,-9.23378e-05,6.550647e-06,8.372267,8.745026,8.565286,8.80781,8.560926,9.085484,8.990472,9.231414,8.993238,9.193252,0,0,0,0,0,0
2025/04/26 02:56:00.919,n,-1.611618,55.89744,0.000163,4.44241e-06,-8.69928e-05,6.077336e-06,8.376675,8.759616,8.552128,8.800522,8.531684,9.091112,8.990472,9.22995,9.001616,9.193252,0,0,0,0,0,0
2025/04/26 02:57:00.920,n,-1.628559,55.887532,0.000152,8.525076e-06,-0.000103,7.621771e-06,8.369356,8.743594,8.552128,8.797594,8.541898,9.08833,8.993238,9.225542,8.998864,9.194732,0,0,0,0,0,0
2025/04/26 02:58:00.923,n,-1.594723,56.2992,0.000131,7.241234e-06,-0.000119,7.239718e-06,8.3562,8.747936,8.547752,8.78159,8.541898,9.091112,8.990472,9.22411,9.001616,9.191788,0,0,0,0,0,0
2025/04/26 02:59:00.925,n,-1.608418,56.534728,0.000205,8.43856e-06,-2.707521e-05,9.651064e-06,8.383002,8.763046,8.564358,8.801042,8.555526,9.052722,8.952084,9.244998,8.96884,9.208282,0,0,0,0,0,0
2025/04/26 03:00:00.930,n,-1.686249,55.8131,0.000237,6.880424e-06,-2.173022e-05,8.061457e-06,8.385913,8.752864,8.56143,8.825894,8.546776,9.052722,8.954866,9.250886,8.960462,9.209746,0,0,0,0,0,0
2025/04/26 03:01:00.913,n,-1.759003,56.147472,0.000268,3.385916e-05,2.177198e-05,3.771548e-05,8.377163,8.780614,8.558454,8.827328,8.548242,9.019214,8.921358,9.247942,8.935346,9.205372,0,0,0,0,0,0
2025/04/26 03:02:00.911,n,-1.787762,56.122816,0.000242,1.025754e-05,-1.089179e-05,7.438002e-06,8.366884,8.771862,8.548242,8.81277,8.532172,9.033188,8.935346,9.240604,8.94369,9.202442,0,0,0,0,0,0
2025/04/26 03:03:00.912,n,-1.787762,55.964712,0.000237,5.393839e-06,-2.707521e-05,7.683088e-06,8.353777,8.752864,8.546776,8.805482,8.532172,9.035952,8.938096,9.230308,8.94369,9.18925,0,0,0,0,0,0
2025/04/26 03:04:00.913,n,-1.836784,56.121156,0.000205,8.571924e-06,-5.439399e-05,1.101247e-05,8.334731,8.748488,8.530708,8.793772,8.521926,9.04433,8.94932,9.218596,8.966088,9.180432,0,0,0,0,0,0
2025/04/26 03:05:00.915,n,-1.838493,56.27418,0.000189,9.283168e-06,-7.057741e-05,9.456362e-06,8.330357,8.73242,8.516118,8.785054,8.508736,9.04721,8.94932,9.212754,8.96884,9.175992,0,0,0,0,0,0
2025/04/26 03:06:00.918,n,-1.855389,56.44386,0.000194,7.579107e-06,-7.621933e-05,7.488243e-06,8.324503,8.729458,8.52043,8.771862,8.50584,9.04433,8.957712,9.20685,8.96884,9.178968,0,0,0,0,0,0
2025/04/26 03:07:00.919,n,-1.853779,57.240884,0.000168,1.069422e-05,-8.705776e-05,8.197831e-06,8.320078,8.714854,8.513176,8.771862,8.497108,9.049958,8.957712,9.20685,8.96884,9.168688,0,0,0,0,0,0
2025/04/26 03:08:00.921,n,-1.957001,56.313732,0.000158,6.670493e-06,-8.705776e-05,6.502497e-06,8.309818,8.707616,8.508736,8.764544,8.48974,9.04721,8.954866,9.205372,8.97445,9.170152,0,0,0,0,0,0
2025/04/26 03:09:00.923,n,-2.017937,56.366224,0.000147,8.864148e-06,-0.000109,6.692728e-06,8.309818,8.698832,8.50584,8.75433,8.478112,9.04433,8.952084,9.192162,8.9772,9.161368,0,0,0,0,0,0
2025/04/26 03:10:00.913,n,-2.058613,56.633756,0.000137,7.368568e-06,-0.00012,9.41383e-06,8.304012,8.707616,8.482452,8.763046,8.466368,9.052722,8.94932,9.183376,8.97445,9.152534,0,0,0,0,0,0
2025/04/26 03:11:00.912,n,-2.027565,56.924996,0.000221,8.087404e-06,-3.245034e-05,8.375523e-06,8.305329,8.72058,8.501336,8.781962,8.48377,8.980874,8.88014,9.205044,8.905354,9.162506,0,0,0,0,0,0
2025/04/26 03:12:00.914,n,-2.035965,56.705512,0.0002,9.222152e-06,-3.245034e-05,8.736698e-06,8.296546,8.72058,8.5028,8.77318,8.477866,8.98922,8.888582,9.205044,8.913746,9.161042,0,0,0,0,0,0
2025/04/26 03:13:00.915,n,-2.081715,56.713716,0.000205,9.983346e-06,-4.863376e-05,9.571414e-06,8.296546,8.710332,8.495464,8.768772,8.467652,8.977996,8.88014,9.191884,8.913746,9.177196,0,0,0,0,0,0
2025/04/26 03:14:00.917,n,-2.132546,56.7435,0.000205,1.436352e-05,-4.328878e-05,4.877394e-06,8.289197,8.698638,8.49109,8.76295,8.469116,8.972482,8.88577,9.19478,8.913746,9.162506,0,0,0,0,0,0
2025/04/26 03:15:00.918,n,-2.154518,57.454192,0.000189,7.846109e-06,-5.976913e-05,8.748954e-06,8.281861,8.692766,8.486682,8.752734,8.466238,8.975246,8.888582,9.19335,8.91661,9.159596,0,0,0,0,0,0
2025/04/26 03:16:00.920,n,-2.164723,57.482172,0.000179,9.09577e-06,-7.045909e-05,9.723848e-06,8.27895,8.68696,8.482306,8.74392,8.448656,8.969636,8.877392,9.184566,8.913746,9.161042,0,0,0,0,0,0
2025/04/26 03:17:00.924,n,-2.235867,57.218504,0.000179,9.42679e-06,-7.045909e-05,8.305273e-06,8.276056,8.682584,8.48525,8.735168,8.448656,8.966886,8.877392,9.186012,8.908232,9.162506,0,0,0,0,0,0
2025/04/26 03:18:00.927,n,-2.284989,57.637004,0.000179,1.075914e-05,-9.213596e-05,8.029209e-06,8.267274,8.663586,8.467652,8.724922,8.439876,8.972482,8.874628,9.181636,8.91098,9.15369,0,0,0,0,0,0
2025/04/26 03:19:00.911,n,-2.359547,57.5497,0.000158,9.08966e-06,-9.213596e-05,7.683096e-06,8.249677,8.669394,8.442818,8.727866,8.420846,8.977996,8.882988,9.163972,8.919374,9.133194,0,0,0,0,0,0
2025/04/26 03:20:00.912,n,-2.400223,57.534908,0.000152,6.436098e-06,-0.000109,6.380457e-06,8.24096,8.663586,8.450152,8.724922,8.416472,8.977996,8.882988,9.159596,8.91661,9.12872,0,0,0,0,0,0
2025/04/26 03:21:00.913,n,-2.412087,57.366888,0.000152,7.974477e-06,-0.000103,5.752557e-06,8.235057,8.6577,8.442818,8.72349,8.409154,8.972482,8.882988,9.152226,8.91661,9.124344,0,0,0,0,0,0
2025/04/26 03:22:00.916,n,-2.442654,57.739056,0.000137,6.586295e-06,-0.000109,4.719079e-06,8.233627,8.640182,8.44134,8.713292,8.403316,8.975246,8.874628,9.146354,8.91661,9.12288,0,0,0,0,0,0
2025/04/26 03:23:00.919,n,-2.473171,58.191304,0.000126,7.521702e-06,-0.000103,5.672955e-06,8.226275,8.638702,8.4355,8.698638,8.397476,8.966886,8.869,9.14341,8.913746,9.124344,0,0,0,0,0,0
2025/04/26 03:24:00.923,n,-2.473797,58.477404,0.000215,1.118375e-05,-2.737215e-05,5.82798e-06,8.252914,8.66245,8.465052,8.731134,8.425612,8.915568,8.820576,9.174462,8.859612,9.153902,0,0,0,0,0,0
2025/04/26 03:25:00.922,n,-2.522919,58.485608,0.000221,7.555547e-06,-2.18787e-05,6.502422e-06,8.247075,8.65513,8.46214,8.719474,8.416814,8.909972,8.828954,9.168592,8.870838,9.152438,0,0,0,0,0,0
2025/04/26 03:26:00.927,n,-2.568768,58.759732,0.0002,1.216891e-05,-4.370403e-05,7.876275e-06,8.238327,8.643516,8.459244,8.715066,8.40512,8.915568,8.826108,9.168592,8.870838,9.142158,0,0,0,0,0,0
2025/04/26 03:27:00.926,n,-2.589081,58.849964,0.000184,1.089113e-05,-5.454247e-05,4.08281e-06,8.233887,8.631758,8.448998,8.715066,8.397802,8.91282,8.820576,9.159758,8.86799,9.139246,0,0,0,0,0,0
2025/04/26 03:28:00.926,n,-2.589081,58.96476,0.000189,6.557792e-06,-6.53809e-05,4.331685e-06,8.22221,8.647826,8.429954,8.71069,8.389052,8.909972,8.826108,9.162718,8.873602,9.128932,0,0,0,0,0,0
2025/04/26 03:29:00.914,n,-2.636589,58.96642,0.000179,8.3015e-06,-7.072588e-05,3.603673e-06,8.210485,8.631758,8.421188,8.699012,8.383148,8.918414,8.831702,9.13482,8.87923,9.11278,0,0,0,0,0,0
2025/04/26 03:30:00.918,n,-2.624725,58.70392,0.000184,7.697165e-06,-6.53809e-05,6.242185e-06,8.207525,8.625918,8.416814,8.697516,8.380252,8.918414,8.820576,9.140726,8.873602,9.111316,0,0,0,0,0,0
2025/04/26 03:31:00.912,n,-2.619648,58.876232,0.00021,2.881133e-05,-2.18787e-05,2.786703e-05,8.214892,8.647826,8.427092,8.716546,8.375845,8.89312,8.798114,9.149526,8.84844,9.127468,0,0,0,0,0,0
2025/04/26 03:32:00.912,n,-2.597527,58.859828,0.000205,7.834904e-06,-3.806211e-05,8.157601e-06,8.198808,8.628862,8.415398,8.703386,8.372902,8.898716,8.798114,9.14362,8.84844,9.10694,0,0,0,0,0,0
2025/04/26 03:33:00.914,n,-2.575504,59.007436,0.000189,1.016163e-05,-6.53809e-05,7.644894e-06,8.190027,8.625918,8.410958,8.685822,8.362688,8.898716,8.806492,9.128932,8.859612,9.114244,0,0,0,0,0,0
2025/04/26 03:34:00.918,n,-2.582295,58.928724,0.000173,9.021896e-06,-8.720624e-05,7.485028e-06,8.181213,8.60689,8.396338,8.674144,8.350995,8.901594,8.812086,9.124524,8.86521,9.111316,0,0,0,0,0,0
2025/04/26 03:35:00.919,n,-2.594208,58.97296,0.000163,7.930779e-06,-8.156432e-05,6.220312e-06,8.175374,8.602546,8.402176,8.668288,8.352474,8.895968,8.80371,9.124524,8.859612,9.099554,0,0,0,0,0,0
2025/04/26 03:36:00.920,n,-2.570477,59.222132,0.000152,8.056996e-06,-9.804468e-05,5.878898e-06,8.169536,8.593796,8.394842,8.66388,8.340718,8.898716,8.806492,9.111316,8.870838,9.099554,0,0,0,0,0,0
2025/04/26 03:37:00.908,n,-2.560272,59.110708,0.000147,9.597644e-06,-0.000114,6.747997e-06,8.157843,8.589356,8.365616,8.66536,8.318795,8.907094,8.812086,9.105474,8.86521,9.080506,0,0,0,0,0,0
2025/04/26 03:38:00.908,n,-2.548359,59.537076,0.000121,9.007852e-06,-0.000125,6.592079e-06,8.149061,8.589356,8.35537,8.666824,8.312907,8.904346,8.806492,9.098124,8.87635,9.070226,0,0,0,0,0,0
2025/04/26 03:39:00.913,n,-2.499188,60.15968,0.000126,5.221016e-06,-0.000131,8.350377e-06,8.141728,8.583518,8.364152,8.653666,8.311444,8.909972,8.812086,9.090754,8.86799,9.073154,0,0,0,0,0,0
2025/04/26 03:40:00.911,n,-2.448467,60.078856,0.000237,4.832958e-06,-2.711696e-05,8.820702e-06,8.169811,8.61016,8.387864,8.68034,8.338148,8.858572,8.766234,9.11447,8.819438,9.10271,0,0,0,0,0,0
2025/04/26 03:41:00.912,n,-2.414631,59.554788,0.000221,5.147252e-06,-2.711696e-05,7.721411e-06,8.152217,8.595538,8.383521,8.677444,8.329366,8.864104,8.76347,9.107118,8.824968,9.09243,0,0,0,0,0,0
2025/04/26 03:42:00.918,n,-2.419659,59.164552,0.000231,4.766746e-06,-3.795539e-05,5.647363e-06,8.16103,8.594072,8.382025,8.664222,8.327902,8.850098,8.752248,9.11299,8.82222,9.10271,0,0,0,0,0,0
2025/04/26 03:43:00.918,n,-2.378986,59.339892,0.000221,7.155447e-06,-4.909077e-05,6.797484e-06,8.152217,8.57654,8.371779,8.656936,8.321998,8.850098,8.760608,9.09827,8.82222,9.096838,0,0,0,0,0,0
2025/04/26 03:44:00.920,n,-2.397637,59.369336,0.0002,6.446126e-06,-5.978073e-05,8.237242e-06,8.142003,8.573598,8.367404,8.652592,8.311785,8.855726,8.760608,9.09975,8.833328,9.08659,0,0,0,0,0,0
2025/04/26 03:45:00.923,n,-2.368778,58.78242,0.000205,8.77715e-06,-5.978073e-05,7.472656e-06,8.133222,8.566326,8.361551,8.639418,8.300092,8.855726,8.755094,9.09975,8.82222,9.088054,0,0,0,0,0,0
2025/04/26 03:46:00.908,n,-2.356964,58.72334,0.000189,7.295269e-06,-5.978073e-05,4.691416e-06,8.130311,8.56779,8.34693,8.652592,8.279601,8.850098,8.752248,9.08659,8.82222,9.068908,0,0,0,0,0,0
2025/04/26 03:47:00.910,n,-2.334892,58.769288,0.000179,8.374323e-06,-7.061917e-05,5.391323e-06,8.114164,8.560472,8.34249,8.64381,8.275193,8.852976,8.760608,9.077742,8.833328,9.061654,0,0,0,0,0,0
2025/04/26 03:48:00.910,n,-2.331474,58.833352,0.000163,6.049532e-06,-8.14576e-05,6.308321e-06,8.106845,8.554568,8.332277,8.636476,8.281065,8.84735,8.746716,9.074682,8.824968,9.058678,0,0,0,0,0,0
2025/04/26 03:49:00.912,n,-2.307743,58.693848,0.000173,6.562912e-06,-7.611261e-05,7.341695e-06,8.101007,8.550258,8.336684,8.629124,8.276625,8.841706,8.746716,9.07187,8.82222,9.058678,0,0,0,0,0,0
2025/04/26 03:50:00.916,n,-2.295929,58.442576,0.000179,7.029214e-06,-8.695106e-05,6.692536e-06,8.101007,8.541474,8.329366,8.62335,8.269355,8.838958,8.741104,9.073284,8.82222,9.063118,0,0,0,0,0,0
2025/04/26 03:51:00.916,n,-2.261994,58.212552,0.000179,9.27384e-06,-8.14576e-05,4.718668e-06,8.101007,8.535572,8.336684,8.613102,8.270819,8.836208,8.746716,9.067428,8.824968,9.055748,0,0,0,0,0,0
2025/04/26 03:52:00.921,n,-2.239971,57.863964,0.000163,4.473418e-06,-8.695106e-05,3.312509e-06,8.093689,8.529764,8.327902,8.607246,8.262038,8.833328,8.74387,9.061654,8.82222,9.054302,0,0,0,0,0,0
2025/04/26 03:53:00.920,n,-2.201054,57.677928,0.000163,4.374421e-06,-9.793796e-05,4.851034e-06,8.086355,8.518038,8.324942,8.607246,8.253256,8.836208,8.746716,9.058678,8.824968,9.057212,0,0,0,0,0,0
2025/04/26 03:54:00.922,n,-2.199345,57.579152,0.000158,6.900486e-06,-0.000103,7.137279e-06,8.086355,8.504848,8.31912,8.594072,8.253256,8.827816,8.738324,9.058678,8.819438,9.049926,0,0,0,0,0,0
2025/04/26 03:55:00.907,n,-2.165459,58.036672,0.000142,8.231799e-06,-0.000109,5.802978e-06,8.067361,8.510754,8.29131,8.602874,8.22839,8.83058,8.738324,9.038246,8.824968,9.02364,0,0,0,0,0,0
2025/04/26 03:56:00.910,n,-2.144032,58.350628,0.000226,6.209295e-06,-1.629245e-05,5.345729e-06,8.100064,8.555186,8.335773,8.641466,8.265501,8.785688,8.693448,9.079758,8.77731,9.078326,0,0,0,0,0,0
2025/04/26 03:57:00.912,n,-2.110191,58.746428,0.000221,8.152319e-06,-2.713088e-05,5.409499e-06,8.098584,8.54346,8.329887,8.63558,8.264022,8.780158,8.687838,9.076862,8.77731,9.06951,0,0,0,0,0,0
2025/04/26 03:58:00.916,n,-2.074596,59.087544,0.000221,9.744452e-06,-2.713088e-05,4.300941e-06,8.100064,8.536156,8.329887,8.619526,8.264022,8.785688,8.687838,9.082704,8.7717,9.07099,0,0,0,0,0,0
2025/04/26 03:59:00.917,n,-2.105114,58.792328,0.000226,6.965147e-06,-3.811779e-05,5.917725e-06,8.086908,8.530368,8.32548,8.62099,8.25524,8.7717,8.682308,9.07099,8.774546,9.06811,0,0,0,0,0,0
2025/04/26 04:00:00.919,n,-2.06786,57.625192,0.000221,7.137369e-06,-2.713088e-05,4.722756e-06,8.086908,8.520088,8.322552,8.622456,8.249401,8.774546,8.679462,9.066632,8.7717,9.072422,0,0,0,0,0,0
2025/04/26 04:01:00.928,n,-2.049255,57.363276,0.000279,3.000017e-05,3.804819e-05,3.097802e-05,8.11174,8.530368,8.338701,8.629774,8.252312,8.740926,8.65422,9.08999,8.743708,9.085614,0,0,0,0,0,0
2025/04/26 04:02:00.929,n,-2.04076,57.239644,0.000279,1.040882e-05,2.186478e-05,6.900737e-06,8.102991,8.522998,8.326958,8.618062,8.247937,8.738176,8.659814,9.081238,8.746554,9.079758,0,0,0,0,0,0
2025/04/26 04:03:00.932,n,-2.069569,57.551116,0.000247,9.361742e-06,1.102634e-05,6.546989e-06,8.09421,8.504002,8.313802,8.613704,8.231838,8.749304,8.673916,9.06811,8.746554,9.063704,0,0,0,0,0,0
2025/04/26 04:04:00.919,n,-2.078014,57.829388,0.000247,8.801842e-06,5.53289e-06,4.396242e-06,8.072223,8.505466,8.310891,8.603458,8.233317,8.749304,8.659814,9.063704,8.757694,9.062206,0,0,0,0,0,0
2025/04/26 04:05:00.918,n,-2.064442,58.051412,0.000252,5.221511e-06,-5.454015e-06,7.317776e-06,8.067848,8.501092,8.299181,8.597554,8.227446,8.749304,8.665442,9.053488,8.754946,9.053488,0,0,0,0,0,0
2025/04/26 04:06:00.922,n,-2.039051,58.079388,0.000242,8.49228e-06,-1.0799e-05,4.795527e-06,8.060532,8.498132,8.296206,8.59178,8.217185,8.749304,8.67107,9.047666,8.760446,9.053488,0,0,0,0,0,0
2025/04/26 04:07:00.922,n,-2.083092,58.039936,0.000252,7.238022e-06,-1.090339e-07,5.405177e-06,8.057604,8.490812,8.300645,8.5815,8.217185,8.740926,8.665442,9.047666,8.754946,9.044736,0,0,0,0,0,0
2025/04/26 04:08:00.925,n,-2.035679,58.743112,0.000252,5.654365e-06,1.102634e-05,5.327832e-06,8.059068,8.486438,8.29331,8.5815,8.212811,8.743708,8.659814,9.047666,8.743708,9.043256,0,0,0,0,0,0
2025/04/26 04:09:00.927,n,-2.023766,58.92524,0.000258,8.6317e-06,5.53289e-06,6.821808e-06,8.056125,8.483526,8.283049,8.578556,8.205476,8.746554,8.657064,9.041792,8.752068,9.03888,0,0,0,0,0,0
2025/04/26 04:10:00.929,n,-2.010243,58.862884,0.000279,8.242778e-06,2.720976e-05,7.877355e-06,8.051718,8.46884,8.275778,8.578556,8.190823,8.738176,8.65147,9.03888,8.754946,9.03888,0,0,0,0,0,0
2025/04/26 04:11:00.932,n,-2.023766,58.611812,0.000268,1.064324e-05,2.186478e-05,4.691386e-06,8.047326,8.471816,8.261094,8.568342,8.174757,8.738176,8.65422,9.033008,8.749304,9.031544,0,0,0,0,0,0
2025/04/26 04:12:00.934,n,-2.050865,58.533,0.000284,7.161944e-06,4.339317e-05,4.497369e-06,8.038546,8.454284,8.264022,8.569806,8.168853,8.740926,8.65147,9.033008,8.746554,9.022794,0,0,0,0,0,0
2025/04/26 04:13:00.917,n,-2.044128,58.49516,0.0003,6.45854e-06,4.339317e-05,5.454987e-06,8.019487,8.461602,8.259614,8.559528,8.176235,8.735332,8.648706,9.01845,8.746554,9.022794,0,0,0,0,0,0
2025/04/26 04:14:00.919,n,-2.076305,58.12216,0.000326,1.066192e-05,5.438008e-05,7.486452e-06,8.020951,8.45282,8.252312,8.549364,8.174757,8.726938,8.65147,9.014074,8.746554,9.014074,0,0,0,0,0,0
2025/04/26 04:15:00.921,n,-2.101696,57.880316,0.000352,1.215276e-05,8.704384e-05,6.746513e-06,8.019487,8.442542,8.253776,8.549364,8.165975,8.726938,8.640328,9.00822,8.740926,9.021314,0,0,0,0,0,0
2025/04/26 04:16:00.925,n,-2.162731,57.903412,0.000363,1.099596e-05,0.000109,1.157913e-05,8.010673,8.446934,8.250848,8.539084,8.160072,8.726938,8.640328,9.009698,8.738176,9.024258,0,0,0,0,0,0
2025/04/26 04:17:00.928,n,-2.145741,58.214204,0.000389,1.082354e-05,0.000136,8.440626e-06,8.010673,8.432312,8.240619,8.540596,8.146916,8.729816,8.634702,9.002346,8.738176,9.003844,0,0,0,0,0,0
2025/04/26 04:18:00.928,n,-2.206776,58.164888,0.000431,1.31006e-05,0.000169,1.111817e-05,8.004835,8.419138,8.239123,8.53178,8.145419,8.721344,8.629106,9.000948,8.740926,9.011164,0,0,0,0,0,0
2025/04/26 04:19:00.932,n,-2.211853,58.631488,0.000447,1.521198e-05,0.000212,1.336343e-05,8.004835,8.42353,8.230406,8.528902,8.13371,8.721344,8.626308,8.995076,8.729816,8.995076,0,0,0,0,0,0
2025/04/26 04:20:00.933,n,-2.245739,58.669232,0.000495,1.564539e-05,0.000245,1.255577e-05,7.987273,8.42353,8.224503,8.53178,8.127872,8.715814,8.634702,9.000948,8.738176,8.983348,0,0,0,0,0,0
2025/04/26 04:21:00.937,n,-2.242321,58.833344,0.000542,1.641204e-05,0.000283,1.281426e-05,7.985809,8.42501,8.223039,8.533246,8.120554,8.710186,8.626308,8.98922,8.729816,8.987756,0,0,0,0,0,0
2025/04/26 04:22:00.921,n,-2.255894,58.939984,0.000579,1.393919e-05,0.000321,1.273335e-05,7.975531,8.41473,8.221625,8.51568,8.132263,8.70742,8.62356,8.983348,8.735332,8.998004,0,0,0,0,0,0
2025/04/26 04:23:00.921,n,-2.269421,59.192476,0.000615,2.203699e-05,0.000386,1.773471e-05,7.976995,8.411852,8.217185,8.521552,8.127872,8.70742,8.620714,8.981948,8.726938,8.981948,0,0,0,0,0,0
2025/04/26 04:24:00.907,n,-2.266102,59.223628,0.000673,2.403786e-05,0.000435,1.750064e-05,7.962376,8.42353,8.196661,8.522998,8.11174,8.701826,8.612338,8.967342,8.726938,8.971718,0,0,0,0,0,0
2025/04/26 04:25:00.929,n,-2.269421,59.17934,0.000747,1.973081e-05,0.000484,1.857274e-05,7.981402,8.413252,8.218664,8.522998,8.120554,8.70742,8.620714,8.990718,8.735332,8.992164,0,0,0,0,0,0
2025/04/26 04:26:00.929,n,-2.228794,59.610636,0.00081,2.221635e-05,0.000549,2.039078e-05,7.979923,8.405982,8.212811,8.51568,8.113204,8.70742,8.617932,8.984812,8.72419,8.984812,0,0,0,0,0,0
2025/04/26 04:27:00.913,n,-2.220299,59.75366,0.000862,1.983426e-05,0.00062,2.176137e-05,7.957937,8.40891,8.209883,8.51568,8.120554,8.699044,8.612338,8.967342,8.72419,8.984812,0,0,0,0,0,0
2025/04/26 04:28:00.918,n,-2.220299,59.605708,0.000941,2.258636e-05,0.000696,2.311286e-05,7.960897,8.407446,8.199604,8.505466,8.107366,8.701826,8.609556,8.968756,8.729816,8.97606,0,0,0,0,0,0
2025/04/26 04:29:00.918,n,-2.223717,59.048236,0.001015,2.731362e-05,0.000766,2.497909e-05,7.956473,8.401638,8.199604,8.501092,8.107366,8.699044,8.615184,8.970254,8.729816,8.97754,0,0,0,0,0,0
2025/04/26 04:30:00.920,n,-2.267811,58.861276,0.001104,2.905756e-05,0.000859,2.531037e-05,7.949157,8.391346,8.198125,8.499596,8.101527,8.693448,8.606792,8.957062,8.721344,8.981948,0,0,0,0,0,0
2025/04/26 04:31:00.913,n,-2.247399,59.012152,0.00123,1.330269e-05,0.000994,1.539443e-05,7.959433,8.40891,8.198125,8.512784,8.110341,8.662692,8.576052,8.961502,8.699044,8.974596,0,0,0,0,0,0
2025/04/26 04:32:00.913,n,-2.259312,59.39726,0.001315,2.280132e-05,0.001081,2.590607e-05,7.952099,8.400126,8.202565,8.505466,8.105934,8.668288,8.58721,8.95272,8.696198,8.974596,0,0,0,0,0,0
2025/04/26 04:33:00.917,n,-2.305065,59.1351,0.001409,2.63789e-05,0.001174,2.654761e-05,7.943318,8.389882,8.19523,8.496652,8.09421,8.668288,8.58168,8.95272,8.704574,8.97754,0,0,0,0,0,0
2025/04/26 04:34:00.917,n,-2.316883,59.382516,0.001509,3.109196e-05,0.001261,2.818808e-05,7.93748,8.375293,8.192287,8.487902,8.079558,8.665442,8.590056,8.948312,8.704574,8.962966,0,0,0,0,0,0
2025/04/26 04:35:00.921,n,-2.320301,59.113812,0.001583,2.719378e-05,0.001358,2.960722e-05,7.931562,8.369389,8.182075,8.480598,8.079558,8.67107,8.59282,8.945382,8.718562,8.968756,0,0,0,0,0,0
2025/04/26 04:36:00.923,n,-2.338951,59.115476,0.001698,3.244532e-05,0.001467,3.053654e-05,7.936001,8.360606,8.173292,8.471816,8.06637,8.67107,8.590056,8.946846,8.704574,8.957062,0,0,0,0,0,0
2025/04/26 04:37:00.925,n,-2.319035,59.05836,0.001939,3.495755e-05,0.0017,3.407119e-05,7.944718,8.379668,8.189377,8.48938,8.072223,8.633254,8.549494,8.95272,8.672484,8.973166,0,0,0,0,0,0
2025/04/26 04:38:00.927,n,-2.35463,58.863196,0.002041,3.322094e-05,0.001814,3.499064e-05,7.937415,8.369389,8.177635,8.484974,8.064873,8.633254,8.55512,8.951254,8.675234,8.974628,0,0,0,0,0,0
2025/04/26 04:39:00.928,n,-2.368202,58.881264,0.002163,3.225106e-05,0.001923,3.258772e-05,7.928634,8.362071,8.17469,8.48203,8.06341,8.630506,8.549494,8.945382,8.672484,8.962934,0,0,0,0,0,0
2025/04/26 04:40:00.919,n,-2.349598,58.905872,0.002294,4.293557e-05,0.002047,4.361573e-05,7.91104,8.366446,8.167389,8.471784,8.06341,8.627724,8.549494,8.933688,8.666856,8.960006,0,0,0,0,0,0
2025/04/26 04:41:00.917,n,-2.39872,58.877992,0.002432,4.057525e-05,0.002197,3.919463e-05,7.909576,8.354768,8.161551,8.463002,8.053165,8.624878,8.549494,8.92497,8.669736,8.954184,0,0,0,0,0,0
2025/04/26 04:42:00.919,n,-2.407169,59.046936,0.002574,4.360815e-05,0.002349,4.477563e-05,7.903738,8.354768,8.158575,8.468904,8.056093,8.630506,8.55234,8.929344,8.672484,8.951254,0,0,0,0,0,0
2025/04/26 04:43:00.919,n,-2.444523,58.787708,0.002711,4.541369e-05,0.002491,4.592064e-05,7.909576,8.347418,8.157111,8.460092,8.044383,8.613736,8.535474,8.920528,8.675234,8.95272,0,0,0,0,0,0
2025/04/26 04:44:00.921,n,-2.49374,58.833656,0.002864,4.17404e-05,0.002632,4.12863e-05,7.903738,8.34449,8.151273,8.45422,8.039977,8.622128,8.535474,8.929344,8.664106,8.948278,0,0,0,0,0,0
2025/04/26 04:45:00.923,n,-2.446182,59.25182,0.003006,4.36309e-05,0.00279,4.57113e-05,7.896389,8.337172,8.152769,8.452788,8.039977,8.616518,8.543866,8.920528,8.669736,8.945382,0,0,0,0,0,0
2025/04/26 04:46:00.926,n,-2.480118,59.171496,0.003164,4.693219e-05,0.002948,4.921618e-05,7.893461,8.332797,8.152769,8.45422,8.032643,8.613736,8.529878,8.920528,8.666856,8.941024,0,0,0,0,0,0
2025/04/26 04:47:00.928,n,-2.492031,59.212464,0.003317,4.429292e-05,0.003095,4.502606e-05,7.893461,8.324047,8.142492,8.452788,8.022414,8.610988,8.527098,8.916218,8.666856,8.933688,0,0,0,0,0,0
2025/04/26 04:48:00.929,n,-2.47675,59.281312,0.00347,4.382754e-05,0.003248,4.390293e-05,7.889087,8.322584,8.133678,8.44547,8.00773,8.610988,8.535474,8.914754,8.658464,8.92788,0,0,0,0,0,0
2025/04/26 04:49:00.920,n,-2.458096,59.099428,0.003628,4.564614e-05,0.003411,4.754828e-05,7.86855,8.322584,8.121986,8.439632,8.010673,8.605392,8.524284,8.90306,8.658464,8.917682,0,0,0,0,0,0
2025/04/26 04:50:00.919,n,-2.451309,59.289516,0.003807,5.268251e-05,0.003569,5.050301e-05,7.8759,8.31673,8.139548,8.436654,8.019487,8.597002,8.521502,8.90306,8.652966,8.92788,0,0,0,0,0,0
2025/04/26 04:51:00.924,n,-2.458096,59.02726,0.003965,5.033246e-05,0.003754,4.926991e-05,7.86855,8.31673,8.121986,8.42353,8.010673,8.59422,8.518738,8.897186,8.65012,8.932222,0,0,0,0,0,0
2025/04/26 04:52:00.921,n,-2.473332,58.9026,0.004117,5.069909e-05,0.003912,5.024038e-05,7.86855,8.312338,8.129336,8.427888,8.003356,8.597002,8.518738,8.894244,8.652966,8.921992,0,0,0,0,0,0
2025/04/26 04:53:00.922,n,-2.454678,58.991128,0.004286,4.630792e-05,0.004069,4.735312e-05,7.867087,8.306451,8.117611,8.42641,7.996022,8.591372,8.515892,8.894244,8.658464,8.923472,0,0,0,0,0,0
2025/04/26 04:54:00.924,n,-2.434364,58.923888,0.004438,5.047681e-05,0.004254,5.400924e-05,7.864144,8.294742,8.114683,8.420602,7.996022,8.585842,8.510362,8.891364,8.65012,8.919128,0,0,0,0,0,0
2025/04/26 04:55:00.926,n,-2.456387,58.845132,0.004607,5.345528e-05,0.004423,5.513644e-05,7.85824,8.296206,8.105902,8.42353,7.988672,8.582996,8.504766,8.886972,8.647242,8.910314,0,0,0,0,0,0
2025/04/26 04:56:00.927,n,-2.444523,58.690884,0.00477,5.202554e-05,0.004581,4.979074e-05,7.852402,8.285992,8.097121,8.41626,7.971092,8.582996,8.510362,8.873814,8.652966,8.90306,0,0,0,0,0,0
2025/04/26 04:57:00.935,n,-2.419083,58.984632,0.004933,4.987038e-05,0.00476,5.288302e-05,7.848061,8.293245,8.095624,8.41766,7.966718,8.571856,8.49914,8.884028,8.644492,8.895722,0,0,0,0,0,0
2025/04/26 04:58:00.917,n,-2.436073,58.907532,0.005091,4.510679e-05,0.004934,5.315748e-05,7.834841,8.277178,8.098584,8.407446,7.982834,8.571856,8.49914,8.872334,8.644492,8.897186,0,0,0,0,0,0
2025/04/26 04:59:00.918,n,-2.458096,59.060024,0.005249,5.128282e-05,0.005108,5.460604e-05,7.830468,8.272771,8.095624,8.401574,7.972589,8.577484,8.49914,8.867958,8.638898,8.898652,0,0,0,0,0,0
2025/04/26 05:00:00.918,n,-2.442814,59.03546,0.005443,5.248124e-05,0.005282,5.340576e-05,7.834841,8.277178,8.095624,8.395702,7.965254,8.569108,8.49914,8.85628,8.636102,8.892844,0,0,0,0,0,0
2025/04/26 05:01:00.920,n,-2.453018,59.050208,0.005643,2.412626e-05,0.005521,2.079423e-05,7.845102,8.285992,8.10883,8.414764,7.987273,8.535474,8.451716,8.882564,8.602612,8.914754,0,0,0,0,0,0
2025/04/26 05:02:00.921,n,-2.454678,58.937024,0.005806,4.557362e-05,0.005678,4.855317e-05,7.837784,8.277178,8.092714,8.407446,7.971092,8.541118,8.474012,8.875278,8.610988,8.90306,0,0,0,0,0,0
2025/04/26 05:03:00.921,n,-2.492031,59.048596,0.005964,4.795e-05,0.005863,5.112781e-05,7.828971,8.265469,8.083932,8.392824,7.960897,8.53827,8.465636,8.873814,8.610988,8.90306,0,0,0,0,0,0
2025/04/26 05:04:00.925,n,-2.485245,59.20592,0.006105,4.352465e-05,0.00602,5.169392e-05,7.824565,8.263973,8.083932,8.398664,7.952099,8.543866,8.471264,8.865062,8.613736,8.895722,0,0,0,0,0,0
2025/04/26 05:05:00.927,n,-2.49535,59.255092,0.006279,4.976416e-05,0.006205,5.504039e-05,7.815784,8.25815,8.070744,8.392824,7.944718,8.543866,8.474012,8.851904,8.619348,8.885492,0,0,0,0,0,0
2025/04/26 05:06:00.928,n,-2.473332,59.184632,0.006431,4.623645e-05,0.006379,5.210176e-05,7.817263,8.25519,8.072223,8.394288,7.934537,8.535474,8.465636,8.859206,8.616518,8.882564,0,0,0,0,0,0
2025/04/26 05:07:00.916,n,-2.498768,59.345228,0.006599,4.775649e-05,0.006547,5.340576e-05,7.801133,8.250816,8.064873,8.375228,7.938879,8.543866,8.471264,8.844584,8.627724,8.881084,0,0,0,0,0,0
2025/04/26 05:08:00.915,n,-2.478409,59.30592,0.006772,4.819767e-05,0.00672,4.939059e-05,7.798206,8.247937,8.066353,8.381067,7.949157,8.53827,8.468482,8.841688,8.619348,8.87824,0,0,0,0,0,0
2025/04/26 05:09:00.917,n,-2.4496,59.417296,0.006909,4.758999e-05,0.006889,4.890609e-05,7.796742,8.244994,8.06341,8.369389,7.937415,8.535474,8.462888,8.835834,8.608142,8.873814,0,0,0,0,0,0
2025/04/26 05:10:00.923,n,-2.439396,59.377992,0.007087,4.819767e-05,0.007062,4.874352e-05,7.807019,8.239123,8.067785,8.375228,7.928634,8.53266,8.457246,8.841688,8.608142,8.875278,0,0,0,0,0,0
2025/04/26 05:11:00.921,n,-2.425869,59.581312,0.00725,4.847136e-05,0.007225,5.097233e-05,7.802613,8.237659,8.059003,8.364982,7.92426,8.529878,8.454496,8.84021,8.613736,8.86212,0,0,0,0,0,0
2025/04/26 05:12:00.924,n,-2.408878,59.666808,0.007413,4.96044e-05,0.007404,5.029302e-05,7.790857,8.228878,8.051701,8.372299,7.921317,8.521502,8.457246,8.841688,8.602612,8.865062,0,0,0,0,0,0
2025/04/26 05:13:00.926,n,-2.39872,59.51056,0.007591,4.906812e-05,0.007566,5.045059e-05,7.790857,8.231821,8.050189,8.369389,7.912519,8.524284,8.443356,8.83437,8.597002,8.860686,0,0,0,0,0,0
2025/04/26 05:14:00.927,n,-2.325871,59.709484,0.007759,5.23045e-05,0.007756,5.260713e-05,7.790857,8.224503,8.038512,8.36355,7.906666,8.51311,8.443356,8.82853,8.597002,8.851904,0,0,0,0,0,0
2025/04/26 05:15:00.930,n,-2.329189,59.42218,0.007932,5.133439e-05,0.007919,5.128282e-05,7.776206,8.224503,8.032643,8.36064,7.896389,8.524284,8.443356,8.825554,8.597002,8.86212,0,0,0,0,0,0
2025/04/26 05:16:00.918,n,-2.307167,59.289516,0.008084,5.133439e-05,0.008087,5.097233e-05,7.765961,8.215689,8.03705,8.345953,7.905202,8.510362,8.437728,8.813924,8.599766,8.853334,0,0,0,0,0,0
2025/04/26 05:17:00.916,n,-2.291935,59.241956,0.008247,5.260713e-05,0.008255,5.453331e-05,7.771782,8.212761,8.034106,8.343043,7.90226,8.507516,8.434882,8.806622,8.599766,8.853334,0,0,0,0,0,0
2025/04/26 05:18:00.917,n,-2.283436,58.750012,0.00842,5.143737e-05,0.008434,5.250644e-05,7.768904,8.208404,8.032643,8.343043,7.903738,8.504766,8.437728,8.808084,8.597002,8.851904,0,0,0,0,0,0
2025/04/26 05:19:00.920,n,-2.283436,58.603872,0.008593,5.235506e-05,0.008596,4.933699e-05,7.760092,8.201068,8.029732,8.335708,7.893461,8.504766,8.434882,8.808084,8.585842,8.850456,0,0,0,0,0,0
2025/04/26 05:20:00.922,n,-2.263126,58.702404,0.008766,5.315748e-05,0.008775,5.128282e-05,7.763001,8.189377,8.022414,8.34158,7.886144,8.49914,8.429256,8.81246,8.585842,8.837314,0,0,0,0,0,0
2025/04/26 05:21:00.926,n,-2.244473,58.590736,0.008939,5.596991e-05,0.008943,5.463026e-05,7.763001,8.196694,8.019487,8.337172,7.877364,8.493594,8.420878,8.810996,8.588624,8.832954,0,0,0,0,0,0
2025/04/26 05:22:00.927,n,-2.232609,58.442932,0.009112,5.900743e-05,0.009116,5.492008e-05,7.760092,8.199604,8.012137,8.348897,7.8759,8.490748,8.418116,8.806622,8.580234,8.838744,0,0,0,0,0,0
2025/04/26 05:23:00.929,n,-2.242764,58.339368,0.009248,4.933699e-05,0.009273,4.825253e-05,7.748368,8.19523,8.003356,8.345953,7.867087,8.496374,8.415366,8.792016,8.585842,8.831458,0,0,0,0,0,0
2025/04/26 05:24:00.931,n,-2.235977,58.11256,0.009405,4.69181e-05,0.009446,5.133439e-05,7.745409,8.186416,8.003356,8.337172,7.853866,8.493594,8.426506,8.78759,8.588624,8.816836,0,0,0,0,0,0
2025/04/26 05:25:00.916,n,-2.259709,58.283556,0.009567,4.758999e-05,0.009609,5.26574e-05,7.735164,8.182075,8.001892,8.322584,7.871493,8.488,8.418116,8.78759,8.582996,8.82705,0,0,0,0,0,0
2025/04/26 05:26:00.916,n,-2.239395,58.436388,0.009719,5.205096e-05,0.009798,5.74627e-05,7.738074,8.17326,7.998965,8.321104,7.872989,8.488,8.41252,8.783248,8.588624,8.81978,0,0,0,0,0,0
2025/04/26 05:27:00.919,n,-2.212246,58.25724,0.009882,4.736709e-05,0.009955,4.612186e-05,7.738074,8.171796,7.996022,8.312338,7.855345,8.476858,8.415366,8.778872,8.582996,8.8183,0,0,0,0,0,0
2025/04/26 05:28:00.922,n,-2.191933,58.324572,0.010049,4.680518e-05,0.010101,4.868921e-05,7.744009,8.171796,8.000427,8.315266,7.85824,8.468482,8.3986,8.77736,8.571856,8.82853,0,0,0,0,0,0
2025/04/26 05:29:00.922,n,-2.185146,58.336096,0.010185,4.037096e-05,0.010263,4.448663e-05,7.738074,8.165925,7.994558,8.318144,7.853866,8.476858,8.401362,8.771554,8.574606,8.816836,0,0,0,0,0,0
2025/04/26 05:30:00.926,n,-2.169911,58.723744,0.010332,4.303559e-05,0.010398,4.412835e-05,7.730758,8.164479,7.984297,8.30793,7.842159,8.474012,8.392972,8.773018,8.56626,8.813924,0,0,0,0,0,0
2025/04/26 05:31:00.922,n,-2.124111,58.635072,0.010515,1.382945e-05,0.010598,1.498383e-05,7.748368,8.168853,7.997453,8.324047,7.855345,8.440494,8.36786,8.784712,8.546744,8.832954,0,0,0,0,0,0
2025/04/26 05:32:00.924,n,-2.110584,58.544788,0.010666,4.266512e-05,0.010739,4.22914e-05,7.736627,8.161551,7.991615,8.315266,7.840662,8.443356,8.370642,8.783248,8.543866,8.821276,0,0,0,0,0,0
2025/04/26 05:33:00.930,n,-2.071671,58.722084,0.010799,4.127829e-05,0.010879,4.47239e-05,7.724887,8.155697,7.984297,8.309363,7.831881,8.451716,8.379001,8.76277,8.543866,8.808084,0,0,0,0,0,0
2025/04/26 05:34:00.911,n,-2.047939,58.566128,0.010925,3.971018e-05,0.011015,4.241634e-05,7.711668,8.155697,7.979874,8.297685,7.843622,8.443356,8.381864,8.755466,8.55512,8.802246,0,0,0,0,0,0
2025/04/26 05:35:00.919,n,-2.02924,58.206264,0.011051,3.944277e-05,0.011162,4.519469e-05,7.713164,8.14833,7.979874,8.297685,7.837784,8.44612,8.379001,8.756964,8.549494,8.809518,0,0,0,0,0,0
2025/04/26 05:36:00.918,n,-2.025917,58.150356,0.011208,3.779859e-05,0.011308,4.554459e-05,7.70879,8.145419,7.975531,8.287456,7.834841,8.44612,8.376236,8.752524,8.55234,8.810996,0,0,0,0,0,0
2025/04/26 05:37:00.919,n,-2.007313,57.870716,0.011339,4.646477e-05,0.011498,5.568555e-05,7.713164,8.136637,7.972589,8.296206,7.827508,8.443356,8.370642,8.755466,8.546744,8.805142,0,0,0,0,0,0
2025/04/26 05:38:00.921,n,-1.975086,57.834532,0.011492,3.984321e-05,0.011775,8.692762e-05,7.714644,8.139548,7.975531,8.287456,7.827508,8.443356,8.36786,8.753988,8.549494,8.79927,0,0,0,0,0,0
2025/04/26 05:39:00.922,n,-1.966591,57.908556,0.011633,4.42481e-05,0.012084,8.86754e-05,7.70879,8.130735,7.960897,8.288935,7.820191,8.437728,8.365111,8.749562,8.546744,8.793496,0,0,0,0,0,0
2025/04/26 05:40:00.926,n,-1.925968,57.841124,0.01177,4.278897e-05,0.012095,1.028747e-05,7.707326,8.139548,7.963775,8.287456,7.81432,8.429256,8.362265,8.74083,8.541118,8.789056,0,0,0,0,0,0
2025/04/26 05:41:00.926,n,-1.927677,57.869108,0.011927,4.388786e-05,0.012219,4.063227e-05,7.699993,8.129336,7.956473,8.287456,7.809946,8.426506,8.362265,8.743774,8.541118,8.78759,0,0,0,0,0,0
2025/04/26 05:42:00.929,n,-1.880264,58.054992,0.012058,4.495991e-05,0.012501,8.306777e-05,7.698514,8.129336,7.954994,8.287456,7.80554,8.429256,8.35672,8.732078,8.541118,8.775962,0,0,0,0,0,0
2025/04/26 05:43:00.917,n,-1.844715,58.267056,0.0122,5.102421e-05,0.012637,4.376713e-05,7.688237,8.124929,7.962311,8.272771,7.812888,8.423758,8.35672,8.726238,8.53827,8.786176,0,0,0,0,0,0
2025/04/26 05:44:00.918,n,-1.824406,58.117444,0.012368,4.542825e-05,0.012707,2.368354e-05,7.69118,8.114683,7.954994,8.27134,7.81141,8.423758,8.353874,8.727704,8.53827,8.784712,0,0,0,0,0,0
2025/04/26 05:45:00.918,n,-1.770207,57.855872,0.012488,4.166109e-05,0.012826,3.563686e-05,7.694057,8.116147,7.957937,8.268397,7.80554,8.40699,8.345579,8.730614,8.53266,8.786176,0,0,0,0,0,0
2025/04/26 05:46:00.920,n,-1.734707,57.837808,0.012672,5.375144e-05,0.012875,1.896916e-05,7.69118,8.110309,7.944718,8.269875,7.80554,8.404144,8.339954,8.730614,8.524284,8.781768,0,0,0,0,0,0
2025/04/26 05:47:00.921,n,-1.727921,57.608948,0.012782,4.484206e-05,0.012929,1.658805e-05,7.692644,8.105902,7.944718,8.265469,7.798206,8.40974,8.342734,8.7204,8.524284,8.774496,0,0,0,0,0,0
2025/04/26 05:48:00.930,n,-1.692371,57.692932,0.012908,3.876617e-05,0.013059,3.821627e-05,7.688237,8.116147,7.934537,8.272771,7.784986,8.404144,8.334358,8.71456,8.521502,8.759842,0,0,0,0,0,0
2025/04/26 05:49:00.926,n,-1.67548,57.681408,0.013002,4.241634e-05,0.013173,4.037096e-05,7.680904,8.105902,7.934537,8.262558,7.783522,8.40699,8.339954,8.710186,8.527098,8.764218,0,0,0,0,0,0
2025/04/26 05:50:00.927,n,-1.663612,58.097768,0.013096,3.051758e-05,0.013314,4.063227e-05,7.672123,8.107366,7.922796,8.266932,7.782058,8.401362,8.331513,8.708706,8.521502,8.753988,0,0,0,0,0,0
2025/04/26 05:51:00.931,n,-1.621376,58.054992,0.013233,3.680558e-05,0.013438,3.903822e-05,7.673587,8.107366,7.919853,8.265469,7.782058,8.390224,8.323137,8.704266,8.51311,8.756964,0,0,0,0,0,0
2025/04/26 05:52:00.919,n,-1.592568,57.939808,0.013369,4.010796e-05,0.013563,3.737625e-05,7.680904,8.097121,7.935936,8.246474,7.784986,8.3986,8.323137,8.707242,8.521502,8.755466,0,0,0,0,0,0
2025/04/26 05:53:00.916,n,-1.572254,57.799916,0.013474,3.651691e-05,0.013698,3.821627e-05,7.661879,8.086843,7.933041,8.239123,7.782058,8.390224,8.325886,8.70137,8.515892,8.770088,0,0,0,0,0,0
2025/04/26 05:54:00.924,n,-1.558781,57.70944,0.013579,3.15408e-05,0.013796,2.981593e-05,7.666286,8.083932,7.921317,8.244994,7.777684,8.381864,8.323137,8.705778,8.507516,8.753988,0,0,0,0,0,0
2025/04/26 05:55:00.920,n,-1.504582,57.651772,0.013741,5.245603e-05,0.013925,4.291246e-05,7.67653,8.085379,7.916943,8.244994,7.782058,8.384628,8.320373,8.69989,8.51311,8.76568,0,0,0,0,0,0
2025/04/26 05:56:00.923,n,-1.4725,58.096108,0.013793,1.658805e-05,0.014029,3.15408e-05,7.66775,8.089786,7.919853,8.246474,7.773278,8.373488,8.309119,8.702802,8.507516,8.756964,0,0,0,0,0,0
2025/04/26 05:57:00.926,n,-1.435291,57.763732,0.013898,3.349359e-05,0.014164,4.08919e-05,7.664807,8.082468,7.915447,8.250816,7.770368,8.381864,8.311997,8.689676,8.501986,8.74083,0,0,0,0,0,0
2025/04/26 05:58:00.928,n,-1.399796,57.631996,0.01406,5.039812e-05,0.014337,5.596991e-05,7.660383,8.086843,7.908145,8.253776,7.765961,8.379001,8.309119,8.679462,8.501986,8.74083,0,0,0,0,0,0
2025/04/26 05:59:00.929,n,-1.408192,57.223356,0.014212,4.436753e-05,0.014467,3.563686e-05,7.653002,8.086843,7.897853,8.237659,7.758628,8.36786,8.303605,8.682372,8.504766,8.73499,0,0,0,0,0,0
2025/04/26 06:00:00.933,n,-1.343983,57.185412,0.014301,2.345905e-05,0.014607,4.460542e-05,7.655977,8.086843,7.903738,8.246474,7.765961,8.359469,8.300775,8.677998,8.493594,8.73499,0,0,0,0,0,0
2025/04/26 06:01:00.908,n,-1.271328,57.515104,0.014421,1.997844e-05,0.015191,0.000122,7.675051,8.089786,7.941822,8.247937,7.796742,8.325886,8.267356,8.692588,8.465636,8.761306,0,0,0,0,0,0
2025/04/26 06:02:00.913,n,-1.245937,57.061732,0.014568,4.010796e-05,0.016839,0.000524,7.663343,8.081004,7.925723,8.234781,7.78936,8.334358,8.278495,8.689676,8.474012,8.76277,0,0,0,0,0,0
2025/04/26 06:03:00.912,n,-1.195255,56.833996,0.014809,8.470784e-05,0.018306,0.000431,7.625166,8.032643,7.872989,8.192287,7.735164,8.311997,8.253352,8.644396,8.44612,8.711618,0,0,0,0,0,0
2025/04/26 06:04:00.916,n,-1.190224,56.51852,0.015112,7.559719e-05,0.017713,0.000271,7.620774,8.026789,7.86855,8.189377,7.721944,8.306369,8.256102,8.642932,8.451716,8.705778,0,0,0,0,0,0
2025/04/26 06:05:00.917,n,-1.109608,56.466076,0.014934,3.473451e-05,0.016504,0.000388,7.610482,8.028268,7.865623,8.189377,7.720481,8.306369,8.250604,8.638492,8.443356,8.702802,0,0,0,0,0,0
2025/04/26 06:06:00.924,n,-1.099503,56.202696,0.015008,1.781843e-05,0.016202,8.631674e-05,7.669149,8.073687,7.913983,8.239123,7.765961,8.334358,8.27012,8.685268,8.465636,8.743774,0,0,0,0,0,0
2025/04/26 06:07:00.922,n,-1.031632,56.319592,0.015128,3.651691e-05,0.016391,7.215913e-05,7.654465,8.067785,7.903738,8.234781,7.761587,8.325886,8.267356,8.676518,8.474012,8.74083,0,0,0,0,0,0
2025/04/26 06:08:00.924,n,-0.960392,56.44308,0.015232,3.016879e-05,0.016434,2.390593e-05,7.661879,8.073687,7.90226,8.234781,7.761587,8.328763,8.267356,8.67364,8.457246,8.733524,0,0,0,0,0,0
2025/04/26 06:09:00.924,n,-0.895939,56.150012,0.015468,6.667045e-05,0.016823,0.00012,7.64866,8.067785,7.897853,8.231821,7.757149,8.323137,8.261729,8.670678,8.460092,8.732078,0,0,0,0,0,0
2025/04/26 06:10:00.914,n,-0.834904,56.021544,0.015546,3.821627e-05,0.017244,0.000183,7.653002,8.060467,7.908145,8.214225,7.767425,8.314745,8.253352,8.675054,8.462888,8.739398,0,0,0,0,0,0
2025/04/26 06:11:00.915,n,-0.806141,56.136828,0.015734,5.463026e-05,0.017362,0.000112,7.653002,8.054629,7.903738,8.215689,7.768904,8.306369,8.253352,8.667736,8.457246,8.742308,0,0,0,0,0,0
2025/04/26 06:12:00.916,n,-0.718006,55.977016,0.015855,2.345905e-05,0.017049,0.000124,7.655977,8.053165,7.903738,8.214225,7.763001,8.303605,8.253352,8.66627,8.454496,8.737932,0,0,0,0,0,0
2025/04/26 06:13:00.918,n,-0.634953,55.531848,0.015902,2.390593e-05,0.016849,5.184723e-05,7.655977,8.045847,7.894925,8.215689,7.754221,8.306369,8.253352,8.667736,8.451716,8.733524,0,0,0,0,0,0
2025/04/26 06:14:00.920,n,-0.506241,56.848844,0.016006,3.765834e-05,0.017184,9.01549e-05,7.651538,8.050189,7.896389,8.212761,7.758628,8.303605,8.244994,8.663392,8.451716,8.729182,0,0,0,0,0,0
2025/04/26 06:15:00.922,n,-0.411415,56.253724,0.016288,9.473418e-05,0.017249,0.000102,7.651538,8.059003,7.894925,8.225968,7.758628,8.300775,8.239367,8.656056,8.44612,8.727704,0,0,0,0,0,0
2025/04/26 06:16:00.922,n,-0.198135,57.491956,0.016502,8.594814e-05,0.017319,7.684681e-05,7.645701,8.044383,7.893461,8.225968,7.752774,8.298011,8.244994,8.658984,8.440494,8.726238,0,0,0,0,0,0
2025/04/26 06:17:00.925,n,0.175549,60.425504,0.016649,4.140628e-05,0.019028,0.000454,7.647197,8.050189,7.878827,8.215689,7.751311,8.300775,8.236618,8.650186,8.443356,8.710186,0,0,0,0,0,0
2025/04/26 06:18:00.926,n,0.327599,56.9297,0.016774,4.08919e-05,0.021482,0.000684,7.653002,8.057572,7.887608,8.223039,7.758628,8.289635,8.228145,8.653146,8.440494,8.711618,0,0,0,0,0,0
2025/04/26 06:19:00.918,n,0.371544,53.950648,0.016853,2.6429e-05,0.023046,0.000549,7.654465,8.03557,7.896389,8.208404,7.764497,8.281244,8.228145,8.65461,8.432134,8.727704,0,0,0,0,0,0
2025/04/26 06:20:00.913,n,0.371544,53.29308,0.016936,3.533863e-05,0.02139,0.000499,7.650124,8.044383,7.893461,8.20398,7.765961,8.278495,8.230991,8.647242,8.432134,8.730614,0,0,0,0,0,0
2025/04/26 06:21:00.917,n,0.430626,56.028136,0.016973,2.434461e-05,0.018694,0.00069,7.645701,8.03557,7.896389,8.206908,7.760092,8.275714,8.219755,8.656056,8.429256,8.717458,0,0,0,0,0,0
2025/04/26 06:22:00.918,n,0.528576,55.153776,0.017114,5.57805e-05,0.017955,0.000196,7.653002,8.041423,7.890583,8.211282,7.763001,8.27012,8.222601,8.65461,8.423758,8.7204,0,0,0,0,0,0
2025/04/26 06:23:00.925,n,0.828964,57.025404,0.017359,8.909214e-05,0.018155,0.000105,7.655977,8.047326,7.896389,8.217185,7.763001,8.25898,8.214225,8.647242,8.41252,8.71308,0,0,0,0,0,0
2025/04/26 06:24:00.923,n,1.041416,57.391516,0.017364,1.951911e-05,0.018074,5.245603e-05,7.654465,8.038512,7.883201,8.211282,7.760092,8.264492,8.205834,8.641466,8.41252,8.71308,0,0,0,0,0,0
2025/04/26 06:25:00.925,n,1.300938,57.343668,0.017432,2.108305e-05,0.017955,3.84922e-05,7.65744,8.039977,7.88468,8.217185,7.761587,8.25898,8.205834,8.642932,8.40699,8.71596,0,0,0,0,0,0
2025/04/26 06:26:00.924,n,1.351475,54.159484,0.017615,5.998576e-05,0.018128,7.834706e-05,7.647197,8.045847,7.877364,8.218664,7.755685,8.253352,8.205834,8.638492,8.40974,8.708706,0,0,0,0,0,0
2025/04/26 06:27:00.931,n,1.388485,53.804748,0.018361,0.000255,0.018678,0.000189,7.645701,8.054629,7.887608,8.217185,7.770368,8.247757,8.191863,8.629708,8.401362,8.711618,0,0,0,0,0,0
2025/04/26 06:28:00.913,n,1.437313,53.983804,0.019455,0.000382,0.018565,8.94478e-05,7.663343,8.031196,7.896389,8.217185,7.776206,8.242213,8.186351,8.635612,8.3986,8.717458,0,0,0,0,0,0
2025/04/26 06:29:00.914,n,1.521542,54.527064,0.018814,0.000194,0.018473,7.861676e-05,7.67066,8.042919,7.894925,8.209883,7.782058,8.230991,8.180724,8.647242,8.384628,8.729182,0,0,0,0,0,0
2025/04/26 06:30:00.917,n,1.61578,54.528776,0.019195,0.000226,0.018457,6.761617e-05,7.666286,8.03557,7.889087,8.217185,7.777684,8.228145,8.180724,8.641466,8.387376,8.7204,0,0,0,0,0,0
2025/04/26 06:31:00.915,n,1.683117,53.854456,0.020015,0.000187,0.018726,4.613824e-05,7.686741,8.056093,7.918357,8.224503,7.795328,8.194645,8.144475,8.660464,8.353874,8.736454,0,0,0,0,0,0
2025/04/26 06:32:00.917,n,1.82716,54.063624,0.019832,0.000238,0.018828,0.000117,7.659034,8.025455,7.881917,8.198288,7.771929,8.254914,8.204646,8.632798,8.4113,8.704492,0,0,0,0,0,0
2025/04/26 06:33:00.916,n,1.909828,54.166408,0.020548,0.000275,0.018845,0.00017,7.65762,8.028414,7.878989,8.202663,7.76609,8.254914,8.201768,8.625496,8.419676,8.703014,0,0,0,0,0,0
2025/04/26 06:34:00.921,n,2.20187,53.595948,0.022291,0.000561,0.019685,0.000241,7.659034,8.023975,7.878989,8.198288,7.767555,8.246523,8.199019,8.61821,8.4113,8.704492,0,0,0,0,0,0
2025/04/26 06:35:00.920,n,2.250744,51.715188,0.022651,0.000179,0.020851,0.000363,7.660498,8.026951,7.881917,8.204127,7.771929,8.246523,8.18788,8.624048,8.408454,8.703014,0,0,0,0,0,0
2025/04/26 06:36:00.923,n,2.227162,52.012452,0.022417,0.000296,0.020159,0.000333,7.661962,8.040138,7.880453,8.204127,7.779295,8.235301,8.190661,8.624048,8.397314,8.703014,0,0,0,0,0,0
2025/04/26 06:37:00.910,n,2.37228,52.612844,0.024459,0.000801,0.019415,0.000226,7.664936,8.01817,7.902389,8.188042,7.78954,8.232552,8.18788,8.622584,8.402942,8.708836,0,0,0,0,0,0
2025/04/26 06:38:00.909,n,2.513832,52.20166,0.029325,0.00148,0.019442,5.205096e-05,7.672238,8.026951,7.889234,8.19097,7.791018,8.232552,8.190661,8.619674,8.394566,8.716106,0,0,0,0,0,0
2025/04/26 06:39:00.912,n,2.640247,51.803224,0.036242,0.002479,0.019539,0.00012,7.672238,8.01817,7.880453,8.188042,7.786677,8.229674,8.185034,8.616746,8.397314,8.707356,0,0,0,0,0,0
2025/04/26 06:40:00.920,n,2.796887,51.053172,0.035047,0.001434,0.019728,9.888826e-05,7.676644,8.028414,7.884827,8.192449,7.791018,8.224161,8.182286,8.622584,8.391784,8.700052,0,0,0,0,0,0
2025/04/26 06:41:00.918,n,2.924915,50.345652,0.026944,0.002098,0.020186,0.000155,7.681083,8.032789,7.887769,8.199752,7.792482,8.224161,8.171146,8.62696,8.383392,8.700052,0,0,0,0,0,0
2025/04/26 06:42:00.920,n,3.03429,50.096384,0.023094,0.001515,0.02111,0.000333,7.67518,8.023975,7.881917,8.202663,7.783701,8.218535,8.162771,8.61821,8.383392,8.695678,0,0,0,0,0,0
2025/04/26 06:43:00.926,n,3.115051,50.094724,0.023339,0.002415,0.022803,0.000707,7.67518,8.026951,7.883363,8.198288,7.788075,8.212908,8.15999,8.606466,8.37217,8.691302,0,0,0,0,0,0
2025/04/26 06:44:00.923,n,3.16383,49.294184,0.024022,0.000457,0.025893,0.001011,7.682547,8.04157,7.887769,8.204127,7.793978,8.204646,8.157144,8.613802,8.37217,8.692766,0,0,0,0,0,0
2025/04/26 06:45:00.924,n,3.226086,49.25918,0.024344,0.000389,0.031139,0.001617,7.679619,8.037195,7.881917,8.204127,7.798352,8.199019,8.151516,8.612338,8.37217,8.689838,0,0,0,0,0,0
2025/04/26 06:46:00.913,n,3.279896,49.150828,0.021968,0.000724,0.036304,0.001669,7.697197,8.022577,7.903853,8.196824,7.81445,8.193424,8.151516,8.615266,8.36103,8.704492,0,0,0,0,0,0
2025/04/26 06:47:00.912,n,3.34718,49.05244,0.020694,0.000378,0.038912,0.000734,7.705978,8.022577,7.903853,8.201216,7.815914,8.185034,8.145907,8.61821,8.358282,8.710332,0,0,0,0,0,0
2025/04/26 06:48:00.916,n,3.431214,49.280856,0.020527,7.503512e-05,0.034881,0.00149,7.70305,8.029879,7.905349,8.201216,7.81445,8.171146,8.132019,8.619674,8.341433,8.707356,0,0,0,0,0,0
2025/04/26 06:49:00.917,n,3.476673,48.90068,0.020673,7.780486e-05,0.030683,0.001259,7.705978,8.032789,7.905349,8.201216,7.815914,8.179536,8.134783,8.615266,8.349905,8.705892,0,0,0,0,0,0
2025/04/26 06:50:00.921,n,3.518665,48.441552,0.02131,0.000264,0.030204,0.000784,7.710351,8.038659,7.899511,8.21003,7.827654,8.168365,8.120798,8.615266,8.341433,8.710332,0,0,0,0,0,0
2025/04/26 06:51:00.921,n,3.523125,48.956728,0.022192,0.000386,0.029387,0.000823,7.692579,8.017893,7.8699,8.187799,7.796612,8.187278,8.148151,8.59009,8.368901,8.674906,0,0,0,0,0,0
2025/04/26 06:52:00.926,n,3.58865,48.41918,0.02203,0.000484,0.029451,0.000851,7.677879,8.013487,7.875802,8.187799,7.806889,8.195653,8.153777,8.584218,8.368901,8.676372,0,0,0,0,0,0
2025/04/26 06:53:00.927,n,3.674297,47.917612,0.021681,0.000327,0.026172,0.000807,7.689587,8.017893,7.871364,8.184823,7.808303,8.190124,8.145387,8.578378,8.368901,8.6705,0,0,0,0,0,0
2025/04/26 06:54:00.928,n,3.776787,47.684948,0.021696,0.000166,0.024112,0.001171,7.689587,8.022268,7.877216,8.192141,7.823036,8.184514,8.13976,8.579842,8.349287,8.673428,0,0,0,0,0,0
2025/04/26 06:55:00.913,n,3.852276,47.110048,0.022124,0.000374,0.022965,0.000578,7.710172,8.017893,7.896275,8.184823,7.825947,8.176138,8.128636,8.59884,8.34654,8.689496,0,0,0,0,0,0
2025/04/26 06:56:00.915,n,3.934597,47.545592,0.023938,0.000468,0.023859,0.000294,7.721863,8.019324,7.900681,8.178984,7.830353,8.178887,8.128636,8.601782,8.34654,8.690962,0,0,0,0,0,0
2025/04/26 06:57:00.915,n,3.979862,47.492276,0.024006,0.000437,0.023967,0.000153,7.720384,8.026707,7.902177,8.189198,7.834727,8.162217,8.117497,8.601782,8.338065,8.701176,0,0,0,0,0,0
2025/04/26 06:58:00.916,n,4.018437,46.648864,0.023699,0.000631,0.024973,0.000479,7.729164,8.029584,7.902177,8.198012,7.84063,8.153777,8.109105,8.59591,8.329675,8.6968,0,0,0,0,0,0
2025/04/26 06:59:00.922,n,4.035431,46.8914,0.023256,0.000384,0.030011,0.001451,7.707392,8.016576,7.880306,8.184952,7.829068,8.196386,8.151729,8.578556,8.369503,8.669182,0,0,0,0,0,0
2025/04/26 07:00:00.922,n,4.127716,46.153756,0.023756,0.000592,0.033783,0.00143,7.719067,8.020983,7.88473,8.192319,7.834906,8.196386,8.146134,8.57127,8.369503,8.670646,0,0,0,0,0,0
2025/04/26 07:01:00.915,n,4.226643,45.72812,0.023579,0.000587,0.032631,0.001076,7.744059,8.047376,7.912568,8.211346,7.85837,8.157323,8.112602,8.604872,8.336017,8.702834,0,0,0,0,0,0
2025/04/26 07:02:00.917,n,4.27911,44.852304,0.023734,0.00028,0.031316,0.000972,7.713132,8.00186,7.874371,8.181945,7.836256,8.211558,8.166901,8.572556,8.376333,8.66318,0,0,0,0,0,0
2025/04/26 07:03:00.920,n,4.27911,44.724516,0.023115,0.000549,0.026338,0.001286,7.714611,8.013552,7.886112,8.181945,7.834791,8.208778,8.166901,8.569628,8.38471,8.66318,0,0,0,0,0,0
2025/04/26 07:04:00.904,n,4.334385,43.924908,0.022781,0.000222,0.024515,0.001106,7.716107,7.982801,7.899267,8.164364,7.85237,8.206028,8.169683,8.571092,8.379179,8.676372,0,0,0,0,0,0
2025/04/26 07:05:00.909,n,4.393078,43.8108,0.022619,0.000203,0.027138,0.00113,7.727798,8.006234,7.897803,8.164364,7.853849,8.203182,8.164055,8.563806,8.376333,8.674906,0,0,0,0,0,0
2025/04/26 07:06:00.908,n,4.465145,44.136288,0.02228,0.000161,0.032072,0.001867,7.736627,8.003339,7.899267,8.168771,7.862615,8.192011,8.15851,8.566716,8.381929,8.671996,0,0,0,0,0,0
2025/04/26 07:07:00.915,n,4.552304,43.515192,0.022447,0.000102,0.036463,0.001436,7.741002,8.003339,7.900731,8.179016,7.85824,8.200402,8.155665,8.574036,8.370788,8.671996,0,0,0,0,0,0
2025/04/26 07:08:00.913,n,4.545567,43.093172,0.022541,0.000141,0.040398,0.001333,7.748318,8.017958,7.903706,8.176106,7.867054,8.183667,8.147289,8.571092,8.365193,8.666092,0,0,0,0,0,0
2025/04/26 07:09:00.915,n,4.582432,42.822224,0.023057,0.000175,0.038076,0.001139,7.748318,8.015015,7.894893,8.18344,7.861151,8.178123,8.150168,8.569628,8.359598,8.676372,0,0,0,0,0,0
2025/04/26 07:10:00.919,n,4.646054,42.539164,0.024031,0.000376,0.033686,0.00166,7.751278,8.023829,7.911007,8.190726,7.872892,8.178123,8.138995,8.571092,8.354036,8.666092,0,0,0,0,0,0
2025/04/26 07:11:00.919,n,4.709629,41.636384,0.025982,0.000753,0.029817,0.001594,7.761522,8.026707,7.912486,8.198012,7.887575,8.169683,8.133401,8.571092,8.348427,8.669052,0,0,0,0,0,0
2025/04/26 07:12:00.924,n,4.724766,39.663972,0.028674,0.001467,0.030053,0.00217,7.763001,8.032545,7.912486,8.199476,7.897803,8.169683,8.127774,8.569628,8.340082,8.674906,0,0,0,0,0,0
2025/04/26 07:13:00.911,n,4.758408,40.032624,0.034984,0.001989,0.032512,0.000781,7.779148,8.025293,7.930066,8.196547,7.91395,8.15851,8.119416,8.581338,8.334456,8.685122,0,0,0,0,0,0
2025/04/26 07:14:00.911,n,4.749867,39.787284,0.039787,0.001503,0.037317,0.001496,7.75214,7.996785,7.905998,8.168089,7.883998,8.175617,8.136491,8.547038,8.351484,8.65957,0,0,0,0,0,0
2025/04/26 07:15:00.914,n,4.813782,40.096708,0.044687,0.00148,0.039602,0.001067,7.762416,8.005598,7.905998,8.165161,7.883998,8.167242,8.125352,8.558666,8.345986,8.656642,0,0,0,0,0,0
2025/04/26 07:16:00.913,n,4.911293,40.140652,0.041151,0.001065,0.038092,0.001122,7.760953,8.00412,7.90743,8.168089,7.889851,8.170073,8.133743,8.549884,8.340391,8.662482,0,0,0,0,0,0
2025/04/26 07:17:00.915,n,5.054066,37.398512,0.031512,0.003994,0.036366,0.001655,7.762416,8.006998,7.900096,8.171032,7.901559,8.158851,8.130961,8.54842,8.337628,8.652266,0,0,0,0,0,0
2025/04/26 07:18:00.917,n,5.096058,36.648024,0.028601,0.001143,0.035185,0.001125,7.769733,8.017275,7.905998,8.185684,7.897218,8.155973,8.119822,8.558666,8.329252,8.656642,0,0,0,0,0,0
2025/04/26 07:19:00.921,n,5.179993,35.946904,0.032176,0.000804,0.040431,0.002616,7.778498,8.03196,7.910373,8.185684,7.90743,8.144849,8.111431,8.55577,8.320747,8.656642,0,0,0,0,0,0
2025/04/26 07:20:00.922,n,5.208607,34.936992,0.032119,0.001041,0.050405,0.003244,7.775571,8.033439,7.916211,8.192987,7.916211,8.153225,8.114196,8.54554,8.323528,8.656642,0,0,0,0,0,0
2025/04/26 07:21:00.928,n,5.227062,34.281476,0.033166,0.000785,0.065457,0.005428,7.777034,8.03196,7.914779,8.187147,7.922114,8.144849,8.111431,8.549884,8.320747,8.662482,0,0,0,0,0,0
2025/04/26 07:22:00.911,n,5.270718,34.943828,0.041791,0.002664,0.091685,0.008345,7.80193,8.020218,7.936733,8.181245,7.945514,8.130961,8.10021,8.571856,8.304012,8.675608,0,0,0,0,0,0
2025/04/26 07:23:00.912,n,5.354111,34.982448,0.051545,0.003122,0.11269,0.007937,7.796221,8.00425,7.91343,8.165341,7.929546,8.182986,8.143955,8.54276,8.358932,8.64947,0,0,0,0,0,0
2025/04/26 07:24:00.914,n,5.385998,33.991188,0.044439,0.003615,0.117372,0.006353,7.799181,8.020333,7.925171,8.179896,7.931024,8.169097,8.138361,8.550046,8.35054,8.662596,0,0,0,0,0,0
2025/04/26 07:25:00.915,n,5.399376,33.786404,0.038721,0.003336,0.10754,0.006813,7.800596,8.01887,7.920764,8.184335,7.93979,8.17186,8.132752,8.54707,8.342164,8.65526,0,0,0,0,0,0
2025/04/26 07:26:00.919,n,5.43795,32.102906,0.035898,0.004597,0.078636,0.010791,7.807963,8.024773,7.920764,8.190173,7.944229,8.166348,8.135515,8.554454,8.342164,8.65526,0,0,0,0,0,0
2025/04/26 07:27:00.919,n,5.454746,32.65408,0.042002,0.003228,0.067828,0.003874,7.812336,8.03061,7.926585,8.187246,7.961824,8.152331,8.124377,8.554454,8.331024,8.656724,0,0,0,0,0,0
2025/04/26 07:28:00.921,n,5.505936,32.908738,0.051274,0.002253,0.061386,0.002672,7.789766,8.027065,7.912877,8.174951,7.947969,8.158055,8.121805,8.52596,8.342344,8.632684,0,0,0,0,0,0
2025/04/26 07:29:00.924,n,5.586453,33.136226,0.051767,0.00245,0.065775,0.002506,7.797133,8.018284,7.918699,8.173472,7.953872,8.155209,8.121805,8.520152,8.336799,8.635612,0,0,0,0,0,0
2025/04/26 07:30:00.927,n,5.648514,31.794284,0.049686,0.003065,0.067154,0.009194,7.804449,8.035878,7.926033,8.177879,7.971451,8.149679,8.119058,8.52596,8.325609,8.638556,0,0,0,0,0,0
2025/04/26 07:31:00.909,n,5.693779,32.172268,0.045894,0.002953,0.057299,0.002501,7.85133,8.037342,7.943627,8.180789,7.980232,8.121805,8.09107,8.559626,8.303215,8.685268,0,0,0,0,0,0
2025/04/26 07:32:00.912,n,5.826622,31.734958,0.045815,0.002251,0.043749,0.004331,7.833475,8.02539,7.933073,8.182041,7.975613,8.22652,8.198629,8.534626,8.410812,8.648624,0,0,0,0,0,0
2025/04/26 07:33:00.913,n,5.878525,32.55312,0.045521,0.000804,0.035318,0.004212,7.834971,8.02539,7.937497,8.17326,7.975613,8.22652,8.198629,8.536026,8.410812,8.648624,0,0,0,0,0,0
2025/04/26 07:34:00.918,n,5.917099,30.390546,0.050769,0.001622,0.030564,0.002671,7.842256,8.038577,7.934537,8.18788,7.990233,8.229366,8.206972,8.527276,8.410812,8.63693,0,0,0,0,0,0
2025/04/26 07:35:00.920,n,6.036045,29.52924,0.066781,0.007404,0.026777,0.001175,7.85694,8.041505,7.938976,8.201068,8.00046,8.223739,8.198629,8.524348,8.408064,8.644216,0,0,0,0,0,0
2025/04/26 07:36:00.922,n,6.128136,29.187164,0.076739,0.005014,0.02581,0.000424,7.86133,8.047376,7.947757,8.199604,8.009241,8.229366,8.190238,8.531716,8.396922,8.644216,0,0,0,0,0,0
2025/04/26 07:37:00.923,n,6.104649,26.9728,0.066598,0.008389,0.025821,0.002553,7.864273,8.053197,7.950718,8.201068,8.028301,8.215348,8.187457,8.534626,8.396922,8.660334,0,0,0,0,0,0
2025/04/26 07:38:00.923,n,6.049423,27.549872,0.074739,0.003331,0.026933,0.000318,7.864273,8.029797,7.933073,8.177602,8.020983,8.218144,8.190238,8.524348,8.394174,8.651584,0,0,0,0,0,0
2025/04/26 07:39:00.928,n,6.097958,26.942154,0.085215,0.002862,0.029446,0.00137,7.884795,8.063475,7.958035,8.208387,8.056125,8.206972,8.181862,8.536026,8.382904,8.660334,0,0,0,0,0,0
2025/04/26 07:40:00.915,n,6.052792,28.81365,0.093582,0.007174,0.031101,0.001111,7.917007,8.072288,7.999014,8.220096,8.054629,8.209753,8.173569,8.54193,8.377309,8.657374,0,0,0,0,0,0
2025/04/26 07:41:00.915,n,6.108719,27.746586,0.090682,0.005135,0.030693,0.000962,7.915659,8.062092,7.980085,8.21725,8.070906,8.201622,8.173716,8.546434,8.383148,8.660432,0,0,0,0,0,0
2025/04/26 07:42:00.916,n,6.112087,26.742446,0.099088,0.003358,0.033975,0.001199,7.918601,8.054758,7.977174,8.212908,8.053312,8.198873,8.176593,8.54053,8.377651,8.654592,0,0,0,0,0,0
2025/04/26 07:43:00.919,n,6.170731,27.308576,0.109531,0.008643,0.032303,0.001089,7.930277,8.081151,7.985955,8.226033,8.082583,8.198873,8.170967,8.561024,8.369259,8.67211,0,0,0,0,0,0
2025/04/26 07:44:00.921,n,6.292851,26.164372,0.123627,0.004978,0.03775,0.003121,7.937594,8.095739,7.985955,8.231902,8.10452,8.196109,8.165437,8.56252,8.363632,8.67359,0,0,0,0,0,0
2025/04/26 07:45:00.923,n,6.378201,30.40048,0.139165,0.006664,0.03911,0.000838,7.961027,8.11187,8.019634,8.242181,8.123612,8.187734,8.159827,8.564,8.355256,8.679428,0,0,0,0,0,0
2025/04/26 07:46:00.924,n,6.423416,27.19338,0.146512,0.003807,0.040997,0.00213,7.949335,8.09725,7.984492,8.234845,8.128018,8.184952,8.157048,8.55372,8.355256,8.676518,0,0,0,0,0,0
2025/04/26 07:47:00.926,n,6.401539,27.272236,0.144272,0.00382,0.050467,0.004348,7.897495,8.05123,7.957546,8.188839,8.086355,8.141728,8.116571,8.503238,8.314842,8.633286,0,0,0,0,0,0
2025/04/26 07:48:00.929,n,6.289429,24.842024,0.154794,0.005304,0.067504,0.005565,7.931203,8.071768,7.970751,8.203427,8.111285,8.130588,8.11104,8.522266,8.300858,8.649388,0,0,0,0,0,0
2025/04/26 07:49:00.915,n,6.301148,25.72883,0.172368,0.009743,0.058648,0.007461,7.960473,8.073231,7.992687,8.212208,8.122977,8.122213,8.102682,8.53832,8.300858,8.659604,0,0,0,0,0,0
2025/04/26 07:50:00.916,n,6.322926,25.481122,0.169155,0.001682,0.054611,0.005127,7.938538,8.070256,7.975093,8.212208,8.125872,8.122213,8.105447,8.516396,8.292563,8.64498,0,0,0,0,0,0
2025/04/26 07:51:00.920,n,6.384838,25.59673,0.180896,0.012301,0.067393,0.007044,7.940017,8.064451,7.978069,8.222486,8.137596,8.119416,8.091526,8.50911,8.2897,8.656724,0,0,0,0,0,0
2025/04/26 07:52:00.921,n,6.419949,24.182434,0.235637,0.024308,0.07603,0.010309,7.969287,8.111285,8.005876,8.228325,8.15077,8.108292,8.088763,8.526642,8.286886,8.63039,0,0,0,0,0,0
2025/04/26 07:53:00.925,n,6.414917,23.668242,0.141997,0.014477,0.100639,0.012253,7.954603,8.086355,7.992687,8.216616,8.142003,8.113821,8.085932,8.525162,8.286886,8.656724,0,0,0,0,0,0
2025/04/26 07:54:00.926,n,6.407353,24.497376,0.135394,0.01226,0.097863,0.008136,7.93392,8.068613,7.974947,8.192987,8.12275,8.144378,8.11652,8.504522,8.306208,8.633108,0,0,0,0,0,0
2025/04/26 07:55:00.930,n,6.380497,24.947504,0.132486,0.00697,0.109732,0.005925,7.944164,8.078859,7.992509,8.206175,8.141809,8.141532,8.119269,8.507418,8.303458,8.633108,0,0,0,0,0,0
2025/04/26 07:56:00.931,n,6.400616,24.059626,0.110941,0.010308,0.123993,0.015203,7.954424,8.0906,8.005714,8.216421,8.149126,8.141532,8.11652,8.523486,8.303458,8.646266,0,0,0,0,0,0
2025/04/26 07:57:00.931,n,6.410626,24.418034,0.090918,0.013514,0.115405,0.008075,7.944164,8.073021,7.995437,8.201768,8.14472,8.138785,8.110797,8.511794,8.300678,8.649176,0,0,0,0,0,0
2025/04/26 07:58:00.921,n,6.42239,24.386474,0.085413,0.017049,0.106923,0.017685,7.963222,8.086193,7.998315,8.210582,8.143255,8.141532,8.108049,8.511794,8.297832,8.631644,0,0,0,0,0,0
2025/04/26 07:59:00.923,n,6.514336,25.484076,0.073225,0.008336,0.083581,0.012012,7.963222,8.081802,7.995437,8.2179,8.14472,8.141532,8.108049,8.514736,8.292319,8.634522,0,0,0,0,0,0
2025/04/26 08:00:00.921,n,6.586209,24.09647,0.068672,0.001889,0.088531,0.004516,7.969076,8.092015,8.005714,8.216421,8.138881,8.133189,8.099658,8.5162,8.292319,8.649176,0,0,0,0,0,0
2025/04/26 08:01:00.922,n,6.652371,24.427636,0.080045,0.007259,0.085229,0.006328,7.976898,8.102747,8.006152,8.216892,8.151078,8.176171,8.148183,8.512346,8.338084,8.648216,0,0,0,0,0,0
2025/04/26 08:02:00.924,n,6.727566,24.140352,0.088341,0.010905,0.089802,0.008598,7.96075,8.092534,8.001745,8.205199,8.145208,8.178919,8.139825,8.502068,8.332456,8.620438,0,0,0,0,0,0
2025/04/26 08:03:00.927,n,6.729176,23.144906,0.091229,0.009651,0.074495,0.011171,7.979777,8.102747,8.01643,8.227169,8.173048,8.178919,8.142638,8.522544,8.332456,8.655538,0,0,0,0,0,0
2025/04/26 08:04:00.930,n,6.709156,24.629828,0.106366,0.007795,0.062624,0.008155,7.963693,8.058856,7.972459,8.177391,8.142297,8.184547,8.148183,8.475754,8.329707,8.61463,0,0,0,0,0,0
2025/04/26 08:05:00.930,n,6.711727,23.284266,0.110308,0.007917,0.046436,0.01958,8.027683,8.134557,8.061328,8.254572,8.222421,8.297311,8.261029,8.553006,8.442542,8.68891,0,0,0,0,0,0
2025/04/26 08:06:00.932,n,6.800305,23.501206,0.121693,0.009718,0.050424,0.009622,8.032057,8.138931,8.061328,8.251694,8.231203,8.289017,8.258183,8.553006,8.436996,8.690376,0,0,0,0,0,0
2025/04/26 08:07:00.918,n,6.878769,25.03986,0.144637,0.007412,0.044637,0.002829,8.040838,8.133092,8.051116,8.266297,8.212143,8.280577,8.24989,8.545704,8.42862,8.652382,0,0,0,0,0,0
2025/04/26 08:08:00.921,n,6.982334,24.154428,0.091061,0.011259,0.047406,0.001133,8.058482,8.174121,8.10382,8.30876,8.248767,8.280577,8.244294,8.593944,8.42862,8.703502,0,0,0,0,0,0
2025/04/26 08:09:00.922,n,6.932236,22.711066,0.106955,0.027342,0.051636,0.005125,8.033521,8.137467,8.061328,8.267761,8.223885,8.289017,8.24989,8.554454,8.42862,8.684568,0,0,0,0,0,0
2025/04/26 08:10:00.924,n,6.827061,23.998856,0.114598,0.004588,0.054726,0.002243,8.07307,8.171178,8.09504,8.295571,8.270689,8.28339,8.247043,8.582264,8.42301,8.700604,0,0,0,0,0,0
2025/04/26 08:11:00.929,n,6.82872,23.709574,0.121053,0.017444,0.068252,0.003922,8.049652,8.147744,8.067199,8.270689,8.235578,8.277699,8.241514,8.557348,8.417448,8.700604,0,0,0,0,0,0
2025/04/26 08:12:00.927,n,6.832043,24.904234,0.12562,0.027812,0.069996,0.009922,8.071606,8.149224,8.067199,8.279438,8.257515,8.27495,8.230374,8.648038,8.414634,8.748816,0,0,0,0,0,0
2025/04/26 08:13:00.931,n,6.798641,23.448538,0.055203,0.023749,0.08783,0.004788,8.055523,8.157974,8.096503,8.272201,8.245791,8.280577,8.241514,8.5647,8.420228,8.702036,0,0,0,0,0,0
2025/04/26 08:14:00.932,n,6.69685,24.083608,0.064391,0.02929,0.067604,0.014137,7.990477,8.072468,8.009518,8.189473,8.163162,8.224747,8.18287,8.471686,8.364282,8.611998,0,0,0,0,0,0
2025/04/26 08:15:00.935,n,6.700222,24.110688,0.050372,0.006815,0.060082,0.003088,7.975858,8.057815,8.015389,8.182221,8.161698,8.224747,8.180107,8.477558,8.36716,8.622212,0,0,0,0,0,0
2025/04/26 08:16:00.921,n,6.777077,25.640738,0.057292,0.003833,0.054499,0.00236,7.996395,8.084177,8.018284,8.211443,8.148509,8.221998,8.171731,8.471686,8.353143,8.616404,0,0,0,0,0,0
2025/04/26 08:17:00.924,n,6.873951,24.911544,0.05871,0.005058,0.061351,0.002509,7.996395,8.092925,8.022722,8.211443,8.179293,8.210859,8.163356,8.492194,8.342002,8.61925,0,0,0,0,0,0
2025/04/26 08:18:00.924,n,6.892361,24.60855,0.072948,0.011954,0.060695,0.004244,8.015389,8.095868,8.025666,8.209965,8.170479,8.213608,8.171731,8.470288,8.350394,8.59591,0,0,0,0,0,0
2025/04/26 08:19:00.926,n,6.937428,23.022214,0.106886,0.023205,0.053063,0.006121,8.025666,8.110521,8.043196,8.233399,8.21585,8.202482,8.154965,8.500978,8.325267,8.641224,0,0,0,0,0,0
2025/04/26 08:20:00.910,n,6.869717,23.223444,0.117382,0.019934,0.053248,0.003788,8.037781,8.100699,8.071427,8.261582,8.230894,8.223039,8.18666,8.475118,8.35981,8.638702,0,0,0,0,0,0
2025/04/26 08:21:00.916,n,6.837979,23.297474,0.098168,0.01185,0.045875,0.002344,8.048025,8.096324,8.046561,8.241107,8.211867,8.231415,8.181148,8.516022,8.356932,8.622682,0,0,0,0,0,0
2025/04/26 08:22:00.914,n,6.837979,23.917318,0.109733,0.012557,0.048759,0.002365,8.023146,8.078728,8.014347,8.200157,8.166527,8.225787,8.181148,8.492618,8.35981,8.616796,0,0,0,0,0,0
2025/04/26 08:23:00.916,n,6.971569,25.070882,0.106974,0.007287,0.059293,0.005215,8.052432,8.118293,8.053896,8.236798,8.20455,8.223039,8.181148,8.508704,8.356932,8.638702,0,0,0,0,0,0
2025/04/26 08:24:00.920,n,7.013317,24.218516,0.127733,0.006837,0.052786,0.016838,8.090421,8.124099,8.061149,8.230894,8.230894,8.217412,8.172772,8.507206,8.345807,8.654804,0,0,0,0,0,0
2025/04/26 08:25:00.906,n,7.110146,24.996314,0.103843,0.003968,0.060916,0.013873,8.065588,8.091917,8.05531,8.21777,8.197312,8.223039,8.178367,8.52765,8.351434,8.654804,0,0,0,0,0,0
2025/04/26 08:26:00.906,n,7.253651,23.913092,0.077344,0.009456,0.047806,0.008115,8.077297,8.124099,8.08751,8.239676,8.222113,8.211867,8.167146,8.530612,8.334699,8.660644,0,0,0,0,0,0
2025/04/26 08:27:00.907,n,7.38319,25.55449,0.078621,0.003781,0.046078,0.006766,8.086046,8.121171,8.084582,8.248491,8.223592,8.206272,8.161633,8.535018,8.331918,8.656268,0,0,0,0,0,0
2025/04/26 08:28:00.910,n,7.436486,25.024066,0.076892,0.005424,0.046409,0.003685,8.066076,8.105593,8.063165,8.22995,8.208013,8.295408,8.242392,8.51067,8.412682,8.63488,0,0,0,0,0,0
2025/04/26 08:29:00.915,n,7.481652,22.617018,0.076517,0.01348,0.072786,0.013155,8.087999,8.124651,8.082225,8.254849,8.231415,8.287032,8.242392,8.519452,8.401542,8.627578,0,0,0,0,0,0
2025/04/26 08:30:00.914,n,7.367783,24.232844,0.063914,0.003514,0.07485,0.005716,8.092438,8.129027,8.086535,8.251906,8.222634,8.281489,8.239611,8.513632,8.401542,8.6422,0,0,0,0,0,0
2025/04/26 08:31:00.925,n,7.434777,24.034232,0.111806,0.012063,0.061809,0.008544,8.082225,8.129027,8.114374,8.152428,8.105593,8.245156,8.194889,8.507728,8.376333,8.649502,0,0,0,0,0,0
2025/04/26 08:32:00.931,n,7.328034,23.199666,0.077347,0.009799,0.054352,0.007547,8.10034,8.148607,8.123708,8.278739,8.267061,8.170544,8.131532,8.53897,8.29897,8.670468,0,0,0,0,0,0
2025/04/26 08:33:00.930,n,7.379986,24.462646,0.081086,0.00544,0.057755,0.004967,8.128133,8.153046,8.113481,8.256833,8.271486,8.192937,8.137044,8.525846,8.304564,8.655812,0,0,0,0,0,0
2025/04/26 08:34:00.913,n,7.431843,22.554678,0.082175,0.007005,0.067416,0.006888,8.160283,8.179343,8.13254,8.286106,8.255434,8.173407,8.125904,8.533132,8.296173,8.652966,0,0,0,0,0,0
2025/04/26 08:35:00.915,n,7.416806,24.238086,0.079173,0.015547,0.062746,0.007059,8.148607,8.174918,8.117855,8.302174,8.332894,8.178919,8.131532,8.572556,8.290579,8.721556,0,0,0,0,0,0
2025/04/26 08:36:00.918,n,7.483746,24.385196,0.123531,0.006991,0.069792,0.00309,8.161762,8.176415,8.129612,8.293425,8.30071,8.170544,8.125904,8.540434,8.287732,8.673396,0,0,0,0,0,0
2025/04/26 08:37:00.920,n,7.616024,23.989152,0.11146,0.008574,0.051835,0.006754,8.189571,8.198352,8.138361,8.302174,8.322666,8.162153,8.114765,8.572556,8.284984,8.705534,0,0,0,0,0,0
2025/04/26 08:38:00.922,n,7.609333,23.322668,0.084623,0.018907,0.049827,0.004462,8.176415,8.188092,8.148607,8.302174,8.305117,8.164934,8.117611,8.544808,8.287732,8.679186,0,0,0,0,0,0
2025/04/26 08:39:00.927,n,7.639412,22.093934,0.093977,0.008311,0.049449,0.002137,8.179343,8.179343,8.151533,8.309492,8.319704,8.167698,8.120407,8.552128,8.287732,8.686522,0,0,0,0,0,0
2025/04/26 08:40:00.929,n,7.621002,22.727462,0.075734,0.003909,0.069887,0.005977,8.201247,8.198352,8.163225,8.297735,8.31533,8.162153,8.11192,8.552128,8.276593,8.705534,0,0,0,0,0,0
2025/04/26 08:41:00.928,n,7.733113,23.390396,0.080259,0.002612,0.06504,0.001776,8.204191,8.201247,8.169066,8.308013,8.334358,8.156559,8.103544,8.544808,8.273812,8.69088,0,0,0,0,0,0
2025/04/26 08:42:00.934,n,7.793316,22.175856,0.088099,0.004081,0.060608,0.004561,8.22756,8.196874,8.177879,8.30071,8.334358,8.145419,8.103544,8.549184,8.265436,8.695304,0,0,0,0,0,0
2025/04/26 08:43:00.917,n,7.907467,22.543828,0.082586,0.004486,0.06567,0.003496,8.168494,8.143564,8.11431,8.26054,8.262038,8.246523,8.19627,8.490016,8.363697,8.618632,0,0,0,0,0,0
2025/04/26 08:44:00.919,n,8.103073,23.52331,0.103955,0.007133,0.055187,0.006602,8.168494,8.147989,8.098258,8.241578,8.262038,8.243742,8.199051,8.476924,8.360948,8.62595,0,0,0,0,0,0
2025/04/26 08:45:00.923,n,8.191551,21.147826,0.10377,0.009243,0.050524,0.005551,8.194742,8.168494,8.124555,8.266444,8.275193,8.249287,8.190758,8.497416,8.352556,8.623008,0,0,0,0,0,0
2025/04/26 08:46:00.923,n,8.243359,22.348896,0.13222,0.012631,0.08467,0.009314,8.210859,8.180172,8.133304,8.276657,8.307377,8.227008,8.185131,8.507614,8.344263,8.652202,0,0,0,0,0,0
2025/04/26 08:47:00.924,n,8.340184,20.44802,0.08523,0.024,0.091339,0.010847,8.212322,8.178707,8.145029,8.279568,8.297165,8.232635,8.182383,8.498896,8.338636,8.640508,0,0,0,0,0,0
2025/04/26 08:48:00.927,n,8.380322,20.719354,0.061985,0.01044,0.056674,0.008332,8.225479,8.174269,8.146525,8.276657,8.307377,8.227008,8.179619,8.500294,8.349808,8.64638,0,0,0,0,0,0
2025/04/26 08:49:00.928,n,8.315136,20.513306,0.04698,0.017616,0.046302,0.009654,8.241578,8.18165,8.15381,8.281033,8.313185,8.227008,8.182383,8.50911,8.327446,8.662384,0,0,0,0,0,0
2025/04/26 08:50:00.929,n,8.204979,21.15767,0.040265,0.026431,0.048434,0.006716,8.247384,8.185993,8.174269,8.285472,8.319087,8.227008,8.18788,8.500294,8.338636,8.643452,0,0,0,0,0,0
2025/04/26 08:51:00.932,n,8.229828,21.763354,0.036866,0.002415,0.053209,0.002578,8.217949,8.141938,8.133157,8.245758,8.282316,8.285568,8.235334,8.479608,8.394386,8.6213,0,0,0,0,0,0
2025/04/26 08:52:00.919,n,8.099507,20.623548,0.0401,0.001484,0.06796,0.006733,8.231138,8.156527,8.12732,8.274983,8.283732,8.277178,8.229706,8.47668,8.391622,8.612516,0,0,0,0,0,0
2025/04/26 08:53:00.925,n,8.074459,21.46519,0.041354,0.000885,0.05166,0.01033,8.251613,8.172626,8.147777,8.27204,8.288139,8.271584,8.229706,8.479608,8.383246,8.625708,0,0,0,0,0,0
2025/04/26 08:54:00.923,n,8.092865,20.116142,0.04441,0.00472,0.131138,0.017162,8.261826,8.169683,8.146313,8.266265,8.298352,8.263208,8.235334,8.484016,8.377618,8.6213,0,0,0,0,0,0
2025/04/26 08:55:00.924,n,8.087887,20.489462,0.046464,0.004287,0.109575,0.016944,8.267664,8.177017,8.157991,8.273503,8.326162,8.260444,8.224161,8.484016,8.369324,8.63296,0,0,0,0,0,0
2025/04/26 08:56:00.926,n,8.221478,19.077604,0.043035,0.008546,0.168711,0.031167,8.285196,8.197491,8.185799,8.299848,8.327593,8.263208,8.218567,8.485398,8.360948,8.627138,0,0,0,0,0,0
2025/04/26 08:57:00.928,n,8.074459,18.334836,0.067964,0.008241,0.164702,0.01948,8.295473,8.201898,8.19458,8.291099,8.343726,8.260444,8.207428,8.501514,8.352556,8.649194,0,0,0,0,0,0
2025/04/26 08:58:00.964,n,8.008736,42.978984,0.165707,0.029294,0.146965,0.032762,8.206388,8.175682,8.011828,8.086437,8.234114,8.294465,8.263727,8.349678,8.411642,8.425676,0,0,0,0,0,0
2025/04/26 08:59:00.932,n,8.045502,18.499118,0.068528,0.008508,0.140966,0.019933,8.28095,8.178611,8.182986,8.261972,8.308728,8.300061,8.252589,8.4987,8.394906,8.615542,0,0,0,0,0,0
2025/04/26 09:00:00.934,n,8.025433,18.313284,0.072329,0.008693,0.112715,0.023698,8.276543,8.16399,8.18736,8.269258,8.337936,8.285992,8.247043,8.488486,8.392028,8.650884,0,0,0,0,0,0
2025/04/26 09:01:00.905,n,7.995308,19.504124,0.053476,0.008165,0.09801,0.006327,8.361371,8.242945,8.253174,8.330618,8.373032,8.260931,8.216306,8.535262,8.358623,8.675884,0,0,0,0,0,0
2025/04/26 09:02:00.906,n,7.894558,18.759606,0.064461,0.009309,0.123784,0.008693,8.297864,8.194028,8.19993,8.284706,8.330048,8.375845,8.342344,8.511272,8.47912,8.615234,0,0,0,0,0,0
2025/04/26 09:03:00.909,n,7.97649,20.191038,0.049985,0.003825,0.091894,0.010316,8.306678,8.19993,8.207183,8.292043,8.340262,8.375845,8.336717,8.490846,8.47912,8.621088,0,0,0,0,0,0
2025/04/26 09:04:00.911,n,8.075073,19.678594,0.044432,0.002506,0.075544,0.006447,8.316892,8.207183,8.215998,8.302304,8.351955,8.375845,8.336717,8.493724,8.47637,8.628456,0,0,0,0,0,0
2025/04/26 09:05:00.916,n,8.118531,18.78535,0.047573,0.001915,0.064878,0.004201,8.328569,8.217462,8.215998,8.309541,8.362232,8.373081,8.336717,8.48787,8.470776,8.624016,0,0,0,0,0,0
2025/04/26 09:06:00.915,n,8.273854,20.192442,0.059408,0.007952,0.056484,0.004256,8.331513,8.233593,8.226242,8.324194,8.379765,8.373081,8.331204,8.498098,8.473524,8.629888,0,0,0,0,0,0
2025/04/26 09:07:00.920,n,8.243775,16.644372,0.042612,0.008297,0.060699,0.003381,8.325641,8.226242,8.233593,8.325641,8.387067,8.375845,8.339595,8.492244,8.467994,8.622552,0,0,0,0,0,0
2025/04/26 09:08:00.921,n,8.353981,17.873582,0.070812,0.005171,0.086924,0.014405,8.357793,8.232114,8.232114,8.327105,8.401656,8.364705,8.331204,8.515632,8.473524,8.622552,0,0,0,0,0,0
2025/04/26 09:09:00.921,n,8.45242,15.909014,0.058979,0.004522,0.092389,0.003022,8.337319,8.248148,8.249613,8.325641,8.400224,8.373081,8.342344,8.492244,8.470776,8.635824,0,0,0,0,0,0
2025/04/26 09:10:00.908,n,8.552564,17.578458,0.05251,0.003238,0.08816,0.005444,8.357793,8.23065,8.255484,8.330048,8.403104,8.373081,8.331204,8.505402,8.462384,8.646086,0,0,0,0,0,0
2025/04/26 09:11:00.908,n,8.712674,15.675536,0.053374,0.001998,0.071276,0.012622,8.369486,8.246749,8.27012,8.338798,8.408974,8.370301,8.336717,8.511272,8.467994,8.64755,0,0,0,0,0,0
2025/04/26 09:12:00.910,n,8.687722,14.541174,0.060016,0.009313,0.074577,0.018088,8.369486,8.261338,8.278919,8.338798,8.419188,8.367486,8.339595,8.511272,8.456854,8.640182,0,0,0,0,0,0
2025/04/26 09:13:00.915,n,8.59602,16.177074,0.069861,0.011279,0.064506,0.003462,8.387653,8.266315,8.285342,8.370121,8.437306,8.334944,8.295929,8.522104,8.429874,8.649696,0,0,0,0,0,0
2025/04/26 09:14:00.918,n,8.59436,16.61058,0.095627,0.013586,0.082951,0.01139,8.386237,8.267794,8.285342,8.348214,8.437306,8.329334,8.295929,8.508948,8.424246,8.658464,0,0,0,0,0,0
2025/04/26 09:15:00.917,n,8.70779,17.30806,0.099956,0.001113,0.098714,0.006738,8.393492,8.272201,8.285342,8.359907,8.448998,8.312664,8.287553,8.516232,8.410356,8.646752,0,0,0,0,0,0
2025/04/26 09:16:00.921,n,8.75779,16.08892,0.069596,0.013259,0.087495,0.013358,8.42275,8.311688,8.324779,8.390564,8.481168,8.315427,8.284706,8.532334,8.40473,8.67172,0,0,0,0,0,0
2025/04/26 09:17:00.920,n,8.65276,16.938048,0.070815,0.009454,0.066582,0.013015,8.412456,8.286822,8.297035,8.352556,8.441744,8.326584,8.295929,8.492862,8.413106,8.642314,0,0,0,0,0,0
2025/04/26 09:18:00.922,n,8.726148,16.65955,0.081121,0.008883,0.077274,0.009015,8.413936,8.286822,8.307281,8.362803,8.46658,8.318209,8.290399,8.510428,8.410356,8.649696,0,0,0,0,0,0
2025/04/26 09:19:00.910,n,8.68108,17.436722,0.092069,0.012356,0.083302,0.007051,8.424148,8.276593,8.310191,8.380335,8.46658,8.32099,8.287553,8.511826,8.407592,8.63644,0,0,0,0,0,0
2025/04/26 09:20:00.910,n,8.687722,16.790872,0.08603,0.012139,0.087625,0.018641,8.437306,8.289749,8.323381,8.377439,8.465116,8.318209,8.290399,8.533798,8.396468,8.665848,0,0,0,0,0,0
2025/04/26 09:21:00.914,n,8.71941,16.922062,0.120267,0.011067,0.149028,0.017705,8.450462,8.314566,8.337936,8.40081,8.50018,8.304321,8.293181,8.536676,8.39359,8.668776,0,0,0,0,0,0
2025/04/26 09:22:00.916,n,8.787606,17.479986,0.159642,0.013396,0.226042,0.024304,8.437582,8.292904,8.314842,8.380578,8.48286,8.373584,8.356932,8.500456,8.454626,8.629528,0,0,0,0,0,0
2025/04/26 09:23:00.918,n,8.985992,17.725818,0.185348,0.015971,0.23426,0.031641,8.469734,8.323625,8.336782,8.395214,8.50623,8.356932,8.34571,8.507728,8.44612,8.67359,0,0,0,0,0,0
2025/04/26 09:24:00.918,n,9.089264,15.384656,0.171013,0.007754,0.235373,0.012108,8.444884,8.311899,8.327999,8.393736,8.52526,8.356932,8.351338,8.535474,8.44612,8.692684,0,0,0,0,0,0
2025/04/26 09:25:00.921,n,9.035946,15.115588,0.218896,0.018191,0.214364,0.005921,8.497514,8.341155,8.366022,8.40839,8.561952,8.348459,8.342832,8.529634,8.43498,8.675054,0,0,0,0,0,0
2025/04/26 09:26:00.922,n,9.084286,15.954218,0.224004,0.022767,0.284115,0.031971,8.507728,8.344083,8.363112,8.412764,8.566326,8.356932,8.354086,8.531098,8.43223,8.675054,0,0,0,0,0,0
2025/04/26 09:27:00.927,n,9.129254,16.541022,0.188362,0.009944,0.275412,0.015662,8.50623,8.338246,8.389394,8.447826,8.604498,8.354086,8.354086,8.560472,8.43498,8.719114,0,0,0,0,0,0
2025/04/26 09:28:00.913,n,9.2691,15.413386,0.158131,0.012895,0.239924,0.020945,8.515046,8.322129,8.355776,8.412764,8.541328,8.354086,8.354086,8.534042,8.43223,8.666238,0,0,0,0,0,0
2025/04/26 09:29:00.914,n,9.137554,14.94505,0.144342,0.011494,0.228358,0.022332,8.544256,8.329462,8.363112,8.403964,8.553104,8.351338,8.359696,8.531098,8.454626,8.682372,0,0,0,0,0,0
2025/04/26 09:30:00.947,n,9.142536,16.342848,0.139821,0.021201,0.224791,0.015842,8.563414,8.306061,8.346995,8.406892,8.561952,8.368072,8.373584,8.560472,8.43498,8.723522,0,0,0,0,0,0
2025/04/26 09:31:00.925,n,9.177166,16.47117,0.150108,0.004496,0.330543,0.014208,8.571986,8.343596,8.366966,8.409348,8.591032,8.389702,8.398078,8.50584,8.473378,8.641028,0,0,0,0,0,0
2025/04/26 09:32:00.924,n,9.180538,14.903506,0.14435,0.007798,0.325417,0.038589,8.59697,8.369877,8.401998,8.41078,8.577858,8.40647,8.409218,8.511712,8.470614,8.676242,0,0,0,0,0,0
2025/04/26 09:33:00.927,n,9.225658,18.04548,0.186053,0.010419,0.333895,0.015159,8.56296,8.313948,8.341758,8.363665,8.571758,8.432378,8.454658,8.47328,8.516054,8.61141,0,0,0,0,0,0
2025/04/26 09:34:00.929,n,9.019166,14.446788,0.173068,0.013569,0.315501,0.02238,8.552648,8.294986,8.341758,8.359226,8.571758,8.432378,8.4463,8.480648,8.504914,8.642232,0,0,0,0,0,0
2025/04/26 09:35:00.932,n,8.924244,15.271256,0.203296,0.02082,0.343181,0.01732,8.602612,8.324177,8.366543,8.392824,8.617282,8.435126,8.451894,8.501222,8.502132,8.643696,0,0,0,0,0,0
2025/04/26 09:36:00.936,n,8.845924,16.898654,0.237888,0.011313,0.299009,0.015334,8.63932,8.338798,8.387036,8.395784,8.64516,8.429532,8.457406,8.5115,8.496538,8.642232,0,0,0,0,0,0
2025/04/26 09:37:00.922,n,8.895924,16.720524,0.226509,0.016502,0.270465,0.019156,8.61141,8.318356,8.337319,8.387036,8.614322,8.42675,8.451894,8.483592,8.496538,8.636328,0,0,0,0,0,0
2025/04/26 09:38:00.923,n,9.025806,16.58823,0.267229,0.035843,0.19158,0.024668,8.656918,8.366543,8.384108,8.416194,8.662758,8.41839,8.451894,8.501222,8.490942,8.634848,0,0,0,0,0,0
2025/04/26 09:39:00.955,n,9.137428,42.126284,0.391032,0.070259,0.228356,0.025395,8.570294,8.252589,8.275926,8.31982,8.615818,8.410016,8.4463,8.46297,8.479802,8.592318,0,0,0,0,0,0
2025/04/26 09:40:00.925,n,9.267262,18.235458,0.504828,0.094132,0.241857,0.029048,8.771424,8.485056,8.46741,8.5115,8.8507,8.373732,8.423904,8.599636,8.454658,8.720058,0,0,0,0,0,0
2025/04/26 09:41:00.928,n,9.340504,15.886058,0.512165,0.051091,0.258569,0.015569,8.686276,8.398728,8.436654,8.520332,8.887396,8.373732,8.423904,8.664222,8.443518,8.806686,0,0,0,0,0,0
2025/04/26 09:42:00.935,n,9.453686,15.997856,0.496542,0.024562,0.225014,0.014608,8.796392,8.465912,8.47772,8.489462,8.827246,8.384954,8.440736,8.567334,8.451894,8.71713,0,0,0,0,0,0
2025/04/26 09:43:00.931,n,9.471952,15.4494,0.433666,0.024542,0.215188,0.010742,8.743528,8.42353,8.45422,8.476256,8.833052,8.398842,8.437972,8.548242,8.457406,8.68922,0,0,0,0,0,0
2025/04/26 09:44:00.933,n,9.422048,16.022136,0.459399,0.01232,0.143537,0.020157,8.816966,8.46741,8.471816,8.487968,8.863892,8.384954,8.432378,8.567334,8.449112,8.705372,0,0,0,0,0,0
2025/04/26 09:45:00.921,n,9.368646,16.836612,0.474441,0.027727,0.115146,0.015421,8.812346,8.489252,8.490748,8.531896,8.910672,8.359387,8.404014,8.574524,8.415252,8.697842,0,0,0,0,0,0
2025/04/26 09:46:00.924,n,9.443448,15.733286,0.390391,0.030337,0.124139,0.003619,8.804994,8.477542,8.473068,8.495156,8.869618,8.379001,8.423628,8.568586,8.420782,8.693416,0,0,0,0,0,0
2025/04/26 09:47:00.904,n,9.401898,15.8189,0.312372,0.02611,0.127659,0.003458,8.815308,8.461376,8.486374,8.493692,8.86521,8.392888,8.426474,8.577418,8.423628,8.703728,0,0,0,0,0,0
2025/04/26 09:48:00.909,n,9.378556,16.821462,0.281061,0.009838,0.121205,0.002431,8.806458,8.461376,8.480436,8.492226,8.873992,8.392888,8.426474,8.568586,8.429256,8.700786,0,0,0,0,0,0
2025/04/26 09:49:00.910,n,9.481732,18.062912,0.279512,0.03088,0.092744,0.01091,8.878432,8.606792,8.636166,8.667004,9.01627,8.376236,8.415252,8.595048,8.423628,8.669946,0,0,0,0,0,0
2025/04/26 09:50:00.911,n,9.543256,16.340062,0.246807,0.062061,0.095799,0.006465,8.815308,8.48338,8.49662,8.526056,8.915048,8.398518,8.423628,8.577418,8.423628,8.706656,0,0,0,0,0,0
2025/04/26 09:51:00.916,n,9.669622,15.53649,0.25308,0.019231,0.099096,0.005679,8.79618,8.481916,8.481916,8.503938,8.900392,8.395752,8.420782,8.58768,8.415252,8.706656,0,0,0,0,0,0
2025/04/26 09:52:00.915,n,9.679188,15.128074,0.225599,0.013055,0.138829,0.021044,8.807108,8.504572,8.516362,8.535456,8.95241,8.42914,8.445908,8.582444,8.443112,8.701402,0,0,0,0,0,0
2025/04/26 09:53:00.921,n,9.748962,14.091568,0.285358,0.021282,0.187953,0.01255,8.837948,8.52952,8.535456,8.55304,9.021346,8.409706,8.434768,8.60157,8.431986,8.721962,0,0,0,0,0,0
2025/04/26 09:54:00.921,n,9.566102,15.776126,0.301328,0.007156,0.233925,0.013093,8.84382,8.548664,8.55751,8.56335,9.04194,8.409706,8.431986,8.616258,8.423594,8.733706,0,0,0,0,0,0
2025/04/26 09:55:00.909,n,9.743984,29.853458,0.274657,0.031121,0.250638,0.034201,8.90397,8.578036,8.595666,8.598562,9.080068,8.398484,8.420846,8.667652,8.409706,8.672028,0,0,0,0,0,0
2025/04/26 09:56:00.909,n,9.918836,15.033414,0.244519,0.051992,0.271077,0.035549,8.879066,8.55304,8.56779,8.572132,9.055098,8.409706,8.423594,8.614778,8.404014,8.744018,0,0,0,0,0,0
2025/04/26 09:57:00.910,n,10.010838,13.817216,0.177597,0.018304,0.398509,0.036349,8.795334,8.49574,8.536856,8.526578,9.019784,8.511062,8.513842,8.579468,8.502686,8.682242,0,0,0,0,0,0
2025/04/26 09:58:00.915,n,10.050926,12.374266,0.151395,0.027504,0.433802,0.018878,8.807044,8.508948,8.53248,8.535424,9.02276,8.511062,8.511062,8.580948,8.491544,8.674924,0,0,0,0,0,0
2025/04/26 09:59:00.913,n,10.065914,12.521946,0.171137,0.007614,0.44361,0.006937,8.80558,8.513354,8.525146,8.535424,9.047698,8.499936,8.497172,8.580948,8.48317,8.69109,0,0,0,0,0,0
2025/04/26 10:00:00.917,n,10.103718,15.49803,0.125021,0.015348,0.54061,0.03359,8.801514,8.52835,8.548908,8.544564,9.058286,8.514494,8.508898,8.598872,8.483738,8.704606,0,0,0,0,0,0
2025/04/26 10:01:00.920,n,10.300396,14.031818,0.094034,0.009358,0.558633,0.019235,8.805856,8.537132,8.568034,8.565058,9.07151,8.494976,8.478144,8.613558,8.455846,8.729542,0,0,0,0,0,0
2025/04/26 10:02:00.925,n,10.122918,14.011072,0.09799,0.011648,0.550944,0.026356,8.772496,8.514086,8.541996,8.509694,9.026308,8.523308,8.495302,8.602174,8.475882,8.785656,0,0,0,0,0,0
2025/04/26 10:03:00.926,n,10.241276,15.092926,0.125221,0.012949,0.503209,0.024213,8.768072,8.481786,8.511158,8.495008,9.039466,8.514916,8.489804,8.556682,8.475882,8.66092,0,0,0,0,0,0
2025/04/26 10:04:00.914,n,10.257928,13.787812,0.111572,0.012485,0.46811,0.038854,8.790064,8.514086,8.536092,8.524348,9.04825,8.512168,8.484178,8.584558,8.45905,8.68735,0,0,0,0,0,0
2025/04/26 10:05:00.913,n,9.824018,14.507078,0.126977,0.010796,0.38862,0.029868,8.80763,8.519812,8.555056,8.549184,9.084882,8.588934,8.555398,8.588836,8.530286,8.694572,0,0,0,0,0,0
2025/04/26 10:06:00.916,n,9.710636,17.596842,0.090301,0.01066,0.590581,0.060981,8.801724,8.541882,8.571238,8.565334,9.086346,8.591682,8.54429,8.596188,8.52752,8.706348,0,0,0,0,0,0
2025/04/26 10:07:00.916,n,9.989152,16.481132,0.109677,0.01144,0.652051,0.015814,8.81207,8.555056,8.585892,8.578556,9.11278,8.580542,8.535912,8.615298,8.508004,8.729816,0,0,0,0,0,0
2025/04/26 10:08:00.920,n,10.114026,16.884626,0.144417,0.012086,0.652526,0.008875,8.77409,8.539182,8.556862,8.55974,9.121692,8.568182,8.515078,8.608206,8.492798,8.731542,0,0,0,0,0,0
2025/04/26 10:09:00.921,n,10.339024,19.168134,0.144207,0.023555,0.611501,0.018321,8.807842,8.56418,8.600856,8.575954,9.128998,8.562552,8.506686,8.577418,8.470434,8.70072,0,0,0,0,0,0
2025/04/26 10:10:00.925,n,10.465538,11.257288,0.124486,0.027655,0.563609,0.026537,8.841592,8.567106,8.567106,8.556862,9.139278,8.551332,8.487268,8.624358,8.464904,8.691904,0,0,0,0,0,0
2025/04/26 10:11:00.925,n,10.313934,12.834972,0.184907,0.007499,0.458752,0.045459,8.84499,8.591064,8.621918,8.577908,9.180678,8.529732,8.459944,8.62779,8.43207,8.699678,0,0,0,0,0,0
2025/04/26 10:12:00.930,n,10.460468,9.89445,0.165445,0.024831,0.389091,0.032735,8.770122,8.522072,8.574946,8.542646,9.135244,8.532578,8.457196,8.592544,8.426442,8.70703,0,0,0,0,0,0
2025/04/26 10:13:00.912,n,10.315338,10.707286,0.151265,0.015129,0.46562,0.020102,8.795414,8.548826,8.59287,8.585568,9.125452,8.652022,8.568246,8.609054,8.5431,8.7103,0,0,0,0,0,0
2025/04/26 10:14:00.913,n,10.29205,12.886706,0.153106,0.029156,0.49277,0.025124,8.824822,8.585568,8.614908,8.619348,9.167924,8.638002,8.548728,8.629594,8.515192,8.735298,0,0,0,0,0,0
2025/04/26 10:15:00.917,n,9.9837,10.516754,0.128028,0.012165,0.451909,0.0222,8.798358,8.562034,8.607588,8.600188,9.150388,8.640784,8.54598,8.635466,8.515192,8.735298,0,0,0,0,0,0
2025/04/26 10:16:00.919,n,9.938352,13.185788,0.14096,0.012658,0.298462,0.054893,8.820788,8.574214,8.61242,8.59918,9.153608,8.641466,8.532578,8.607964,8.507418,8.690228,0,0,0,0,0,0
2025/04/26 10:17:00.922,n,10.158368,12.111936,0.139139,0.025095,0.401339,0.038005,8.76207,8.531652,8.587438,8.597716,9.144824,8.633108,8.515892,8.710722,8.49078,8.787038,0,0,0,0,0,0
2025/04/26 10:18:00.925,n,10.206708,15.073392,0.183923,0.041385,0.280299,0.046841,8.8061,8.584494,8.640266,8.619738,9.166784,8.624732,8.515892,8.625642,8.476892,8.726856,0,0,0,0,0,0
2025/04/26 10:19:00.931,n,10.177884,12.392876,0.296526,0.054777,0.287874,0.026337,8.83284,8.587796,8.62883,8.617104,9.216936,8.650234,8.538564,8.623008,8.519176,8.746244,0,0,0,0,0,0
2025/04/26 10:20:00.927,n,10.279492,10.567156,0.312417,0.059868,0.297326,0.034886,8.825522,8.570148,8.624486,8.590738,9.212512,8.655846,8.533066,8.621544,8.505158,8.743318,0,0,0,0,0,0
2025/04/26 10:21:00.930,n,10.417774,15.392814,0.388041,0.024847,0.15176,0.0517,8.925214,8.664106,8.684634,8.624486,9.257914,8.633562,8.519176,8.618568,8.480046,8.709568,0,0,0,0,0,0
2025/04/26 10:22:00.920,n,10.63046,9.89091,0.295897,0.025492,0.112095,0.046307,8.992748,8.703664,8.659604,8.59061,9.170088,8.605946,8.466402,8.620014,8.441256,8.571514,0,0,0,0,0,0
2025/04/26 10:23:00.953,n,10.557218,10.909958,0.273253,0.12449,0.291051,0.068057,8.913518,8.665506,8.722726,8.71835,9.303478,8.60881,8.460856,8.785868,8.444102,8.895934,0,0,0,0,0,0
2025/04/26 10:24:00.917,n,10.448964,21.455432,0.18191,0.059177,0.322688,0.059393,8.956054,8.740374,8.787348,8.763876,9.326952,8.617072,8.458076,8.74187,8.438492,8.803466,0,0,0,0,0,0
2025/04/26 10:25:00.921,n,10.570496,12.214134,0.127207,0.018549,0.124533,0.022015,8.87687,8.681658,8.743348,8.735966,9.239044,8.633808,8.452478,8.725686,8.444102,8.838712,0,0,0,0,0,0
2025/04/26 10:26:00.924,n,10.856404,10.729696,0.089678,0.022559,0.101637,0.025529,8.718464,8.514526,8.587926,8.545298,9.086378,8.676306,8.494912,8.579078,8.478144,8.659782,0,0,0,0,0,0
2025/04/26 10:27:00.924,n,10.947858,13.07029,0.097714,0.005451,0.115952,0.010825,8.719944,8.526236,8.611378,8.599636,9.14053,8.667832,8.478144,8.573238,8.464286,8.665686,0,0,0,0,0,0
2025/04/26 10:28:00.926,n,11.12901,11.293264,0.100178,0.007981,0.139637,0.008571,8.750718,8.539458,8.618696,8.56296,9.102434,8.670712,8.475394,8.574702,8.464286,8.671508,0,0,0,0,0,0
2025/04/26 10:29:00.930,n,10.881356,10.576998,0.117361,0.008883,0.125314,0.010662,8.746342,8.53505,8.624536,8.574702,9.121532,8.670712,8.4698,8.577646,8.453146,8.681788,0,0,0,0,0,0
2025/04/26 10:30:00.932,n,10.980592,12.536804,0.127434,0.005669,0.118755,0.008688,8.796064,8.571612,8.672874,8.60245,9.153788,8.796668,8.598384,8.606792,8.584494,8.709536,0,0,0,0,0,0
2025/04/26 10:31:00.922,n,11.077026,12.420576,0.121587,0.00537,0.12778,0.015296,8.821032,8.611232,8.700752,8.649388,9.177228,8.765958,8.553836,8.634702,8.542694,8.716904,0,0,0,0,0,0
2025/04/26 10:32:00.919,n,10.81255,15.330554,0.176554,0.021177,0.184104,0.026079,8.806182,8.603702,8.68008,8.637484,9.177016,8.784808,8.57275,8.621332,8.564358,8.721132,0,0,0,0,0,0
2025/04/26 10:33:00.923,n,10.554688,11.583998,0.203872,0.008531,0.222349,0.011221,8.823814,8.615428,8.694734,8.647762,9.196098,8.78759,8.569954,8.633076,8.558828,8.73138,0,0,0,0,0,0
2025/04/26 10:34:00.925,n,10.479836,11.161946,0.123186,0.023561,0.238968,0.007489,8.769504,8.609606,8.616924,8.59199,9.084752,8.815582,8.578248,8.609606,8.567106,8.894178,0,0,0,0,0,0
2025/04/26 10:35:00.923,n,10.458202,12.628322,0.178135,0.016893,0.229277,0.012644,8.806182,8.605182,8.697662,8.650706,9.197578,8.793186,8.561578,8.624292,8.558828,8.734354,0,0,0,0,0,0
2025/04/26 10:36:00.926,n,10.61963,13.624982,0.145085,0.008239,0.217695,0.00736,8.816444,8.625772,8.722596,8.658074,9.209258,8.80436,8.558828,8.637484,8.558828,8.75929,0,0,0,0,0,0
2025/04/26 10:37:00.928,n,10.879056,11.804488,0.12329,0.030091,0.205607,0.018375,8.876562,8.636018,8.72998,8.666856,9.231236,8.795968,8.541996,8.700604,8.544842,8.814966,0,0,0,0,0,0
2025/04/26 10:38:00.929,n,10.837734,11.30133,0.063279,0.027323,0.254796,0.023073,8.760086,8.554696,8.669182,8.603148,9.139716,8.864574,8.59661,8.59134,8.60775,8.695548,0,0,0,0,0,0
2025/04/26 10:39:00.935,n,10.839394,12.912686,0.052173,0.003655,0.256475,0.005022,8.76448,8.562034,8.691172,8.603148,9.142676,8.861776,8.59936,8.604628,8.604986,8.716106,0,0,0,0,0,0
2025/04/26 10:40:00.920,n,11.007264,12.10014,0.07804,0.0099,0.278986,0.011023,8.776238,8.589876,8.688244,8.644248,9.16903,8.8561,8.585468,8.613412,8.593862,8.716106,0,0,0,0,0,0
2025/04/26 10:41:00.921,n,10.851064,10.901104,0.081407,0.009958,0.266144,0.006092,8.783542,8.598724,8.698492,8.65303,9.171926,8.858932,8.585468,8.61634,8.59661,8.723392,0,0,0,0,0,0
2025/04/26 10:42:00.921,n,10.724648,12.629008,0.066834,0.008256,0.323529,0.028873,8.79382,8.613412,8.729264,8.677998,9.195398,8.858932,8.57994,8.636866,8.59661,8.720482,0,0,0,0,0,0
2025/04/26 10:43:00.925,n,10.78788,12.333372,0.058295,0.007794,0.404857,0.047446,8.748326,8.566408,8.68239,8.613412,9.16462,8.870072,8.57994,8.619316,8.602108,8.72193,0,0,0,0,0,0
2025/04/26 10:44:00.927,n,10.739132,11.767996,0.050387,0.006613,0.325929,0.036617,8.773456,8.584186,8.688358,8.620894,9.142774,8.902198,8.614842,8.598904,8.623104,8.720644,0,0,0,0,0,0
2025/04/26 10:45:00.928,n,10.770722,12.477748,0.059573,0.00639,0.512527,0.026182,8.792536,8.59596,8.726484,8.663424,9.204312,8.893852,8.60367,8.63558,8.62883,8.739706,0,0,0,0,0,0
2025/04/26 10:46:00.932,n,10.652608,11.372042,0.072692,0.005661,0.557873,0.019777,8.799854,8.598904,8.720644,8.656122,9.20869,8.893852,8.598074,8.632652,8.625984,8.74561,0,0,0,0,0,0
2025/04/26 10:47:00.935,n,10.421308,12.177968,0.083307,0.007654,0.543212,0.009152,8.79691,8.578344,8.72502,8.647338,9.20721,8.896698,8.598074,8.616502,8.63711,8.739706,0,0,0,0,0,0
2025/04/26 10:48:00.937,n,10.554462,13.751224,0.125915,0.012258,0.552242,0.00866,8.83354,8.610646,8.748488,8.676648,9.249682,8.891104,8.598074,8.620894,8.62883,8.726484,0,0,0,0,0,0
2025/04/26 10:49:00.922,n,10.71584,12.29252,0.190924,0.03046,0.538484,0.012581,8.915698,8.73385,8.868756,8.837948,9.441464,8.868706,8.578556,8.711828,8.611964,8.792536,0,0,0,0,0,0
2025/04/26 10:50:00.904,n,10.784004,12.632894,0.331549,0.080778,0.480073,0.045919,8.749954,8.532822,8.667866,8.616502,9.2761,8.874416,8.57571,8.641434,8.614842,8.813014,0,0,0,0,0,0
2025/04/26 10:51:00.944,n,10.946942,13.159932,0.310845,0.04379,0.418382,0.030267,8.912754,8.666402,8.780792,8.720644,9.365394,8.865942,8.572962,8.675184,8.60367,8.791072,0,0,0,0,0,0
2025/04/26 10:52:00.913,n,11.27424,28.143904,0.395787,0.042264,0.448262,0.012865,8.9582,8.713292,8.804296,8.751416,9.447368,8.854816,8.567416,8.675184,8.598074,8.763176,0,0,0,0,0,0
2025/04/26 10:53:00.914,n,11.397092,12.61086,0.466439,0.051793,0.526267,0.031995,8.949416,8.716236,8.795414,8.764642,9.485372,8.846456,8.556292,8.705956,8.598074,8.804296,0,0,0,0,0,0
2025/04/26 10:54:00.917,n,11.262616,17.962142,0.478254,0.014192,0.571675,0.00795,8.95376,8.714772,8.777864,8.763176,9.501508,8.85205,8.561822,8.664888,8.609216,8.789608,0,0,0,0,0,0
2025/04/26 10:55:00.917,n,11.403728,11.911264,0.370825,0.017401,0.534597,0.015334,8.936194,8.704526,8.780792,8.751416,9.500044,8.865942,8.57018,8.686894,8.617592,8.802798,0,0,0,0,0,0
2025/04/26 10:56:00.919,n,11.329072,11.686592,0.401122,0.012008,0.537922,0.005327,8.922984,8.711828,8.770544,8.752896,9.526352,8.874416,8.572962,8.670808,8.631578,8.785168,0,0,0,0,0,0
2025/04/26 10:57:00.920,n,11.345624,9.310274,0.354838,0.042097,0.500898,0.016547,8.94792,8.726484,8.849692,8.805758,9.61269,8.888338,8.58973,8.667866,8.639956,8.810102,0,0,0,0,0,0
2025/04/26 10:58:00.906,n,11.242696,8.859286,0.200514,0.087743,0.361763,0.05032,8.898066,8.648804,8.766104,8.7177,9.50735,8.924596,8.611964,8.650268,8.670614,8.757322,0,0,0,0,0,0
2025/04/26 10:59:00.907,n,11.345624,9.778096,0.114282,0.064618,0.215904,0.047682,8.889298,8.654642,8.763176,8.704526,9.495604,8.944098,8.620356,8.631172,8.68735,8.755858,0,0,0,0,0,0
2025/04/26 11:00:00.949,n,11.38049,58.5769,0.23112,0.038395,0.158522,0.042794,8.984536,8.711828,8.807174,8.782256,9.672642,8.913468,8.598074,8.716236,8.667866,8.779328,0,0,0,0,0,0
2025/04/26 11:01:00.927,n,11.236004,10.925246,0.149772,0.057578,0.304902,0.036745,8.902472,8.678112,8.785168,8.73385,9.621442,8.913468,8.595326,8.670808,8.665116,8.799854,0,0,0,0,0,0
2025/04/26 11:02:00.927,n,11.174058,9.902508,0.149608,0.095766,0.362145,0.061904,8.853742,8.642508,8.745186,8.711372,9.634328,8.999322,8.66432,8.661588,8.745334,8.812606,0,0,0,0,0,0
2025/04/26 11:03:00.930,n,11.164048,11.415954,0.153735,0.139249,0.38496,0.087619,9.08236,8.859548,8.96365,8.918202,9.919408,8.976954,8.656024,8.882988,8.720188,8.988586,0,0,0,0,0,0
2025/04/26 11:04:00.932,n,11.341732,16.770536,0.270673,0.055643,0.288944,0.040631,8.928484,8.711372,8.797986,8.711372,9.722068,8.993808,8.670012,8.610224,8.745334,8.770122,0,0,0,0,0,0
2025/04/26 11:05:00.917,n,11.7034,11.929272,0.314738,0.024321,0.218465,0.027909,8.981234,8.748084,8.818496,8.800928,9.846354,8.98255,8.656024,8.70703,8.734078,8.839054,0,0,0,0,0,0
2025/04/26 11:06:00.922,n,11.87088,8.413536,0.265164,0.02908,0.188528,0.024199,8.90358,8.687968,8.784776,8.739268,9.815636,9.004948,8.675542,8.689432,8.753712,8.839054,0,0,0,0,0,0
2025/04/26 11:07:00.908,n,11.829476,9.398154,0.246453,0.032492,0.20474,0.014683,8.931362,8.731964,8.87274,8.824366,9.941322,8.999322,8.67276,8.79652,8.753712,8.888892,0,0,0,0,0,0
2025/04/26 11:08:00.908,n,11.733284,6.444669,0.18968,0.08474,0.16898,0.044741,8.997336,8.72606,8.795088,8.743708,9.837536,9.030064,8.686682,8.774496,8.767602,8.900618,0,0,0,0,0,0
2025/04/26 11:09:00.916,n,11.70013,12.47324,0.383052,0.036231,0.327168,0.02264,9.025232,8.70703,8.79361,8.79361,9.961776,8.996572,8.670012,8.64838,8.756476,8.830238,0,0,0,0,0,0
2025/04/26 11:10:00.911,n,11.529278,7.137895,0.341412,0.008388,0.384466,0.011574,8.981234,8.727556,8.781864,8.764234,9.972058,9.013212,8.675542,8.724596,8.759224,8.831702,0,0,0,0,0,0
2025/04/26 11:11:00.916,n,11.333432,8.911992,0.27331,0.032431,0.381793,0.004087,8.965114,8.715814,8.787704,8.765714,9.992494,9.021688,8.683934,8.695336,8.773212,8.830238,0,0,0,0,0,0
2025/04/26 11:12:00.914,n,11.408138,10.029532,0.179763,0.027125,0.362951,0.008186,8.95049,8.699678,8.7804,8.761306,9.990996,9.041206,8.692278,8.690896,8.776058,8.824366,0,0,0,0,0,0
2025/04/26 11:13:00.954,n,11.464536,9.83363,0.26319,0.048739,0.379542,0.00982,8.969488,8.734924,8.797986,8.792146,10.05678,9.027202,8.686682,8.671834,8.77884,8.81555,0,0,0,0,0,0
2025/04/26 11:14:00.926,n,11.53592,8.978892,0.132587,0.018236,0.325542,0.017376,8.93873,8.699678,8.781864,8.743708,10.07284,9.057978,8.697824,8.668906,8.79273,8.821424,0,0,0,0,0,0
2025/04/26 11:15:00.921,n,11.557454,14.93154,0.11895,0.009182,0.421076,0.045825,8.970954,8.727556,8.799464,8.764234,10.13122,9.049502,8.69506,8.685058,8.79273,8.836078,0,0,0,0,0,0
2025/04/26 11:16:00.906,n,11.574104,8.871502,0.092202,0.007305,0.362358,0.045198,8.982712,8.702656,8.797986,8.761306,10.1678,9.066356,8.69506,8.701176,8.79273,8.839054,0,0,0,0,0,0
2025/04/26 11:17:00.910,n,11.77142,9.497978,0.09377,0.004643,0.594439,0.094102,8.985642,8.709958,8.797986,8.770122,10.229128,9.074716,8.700572,8.70412,8.806736,8.82583,0,0,0,0,0,0
2025/04/26 11:18:00.912,n,11.71507,8.937718,0.095755,0.006424,0.753296,0.071628,8.991546,8.6968,8.773018,8.746652,10.262648,9.071966,8.703452,8.668906,8.79548,8.831702,0,0,0,0,0,0
2025/04/26 11:19:00.915,n,11.421418,8.66154,0.070753,0.006586,0.863963,0.033844,8.997336,8.70703,8.777458,8.761306,10.316704,9.083094,8.703452,8.692408,8.80955,8.83315,0,0,0,0,0,0
2025/04/26 11:20:00.915,n,11.267026,9.608152,0.045315,0.007587,0.856543,0.006006,9.01349,8.71287,8.784776,8.756898,10.367734,9.094334,8.703452,8.693872,8.806736,8.839054,0,0,0,0,0,0
2025/04/26 11:21:00.918,n,11.413116,9.2861,0.036553,0.002091,0.816851,0.072265,9.028178,8.718774,8.78624,8.76277,10.43486,9.099864,8.706298,8.685058,8.803858,8.847838,0,0,0,0,0,0
2025/04/26 11:22:00.920,n,11.63548,9.861388,0.045702,0.01925,0.792479,0.051875,9.039858,8.721716,8.795088,8.774496,10.50493,9.10263,8.703452,8.70412,8.80955,8.863988,0,0,0,0,0,0
2025/04/26 11:23:00.921,n,11.70179,12.572154,0.079753,0.00952,0.827451,0.089675,9.07652,8.743708,8.808232,8.774496,10.576404,9.099864,8.709046,8.702656,8.803858,8.856606,0,0,0,0,0,0
2025/04/26 11:24:00.924,n,11.584016,14.710306,0.093227,0.010948,0.688845,0.108068,9.09412,8.7305,8.789184,8.76277,10.628918,9.113756,8.714642,8.709958,8.80955,8.86843,0,0,0,0,0,0
2025/04/26 11:25:00.915,n,11.618878,9.978454,0.0799,0.011107,0.832449,0.078267,9.123368,8.748084,8.803858,8.770122,10.65512,9.116602,8.720188,8.682128,8.803858,8.831702,0,0,0,0,0,0
2025/04/26 11:26:00.914,n,11.79466,10.114732,0.084922,0.009756,OverRange,OverRange,9.120424,8.749562,8.789184,8.752492,10.726594,9.12215,8.72297,8.702656,8.801108,8.890356,0,0,0,0,0,0
2025/04/26 11:27:00.915,n,11.867562,8.18098,0.062368,0.010767,OverRange,OverRange,9.126312,8.746652,8.802392,8.783298,10.749898,9.144514,8.734078,8.71287,8.817876,8.861046,0,0,0,0,0,0
2025/04/26 11:28:00.919,n,11.908966,7.214848,0.081374,0.011651,OverRange,OverRange,9.160034,8.765714,8.811142,8.767178,10.799422,9.144514,8.728564,8.70412,8.812346,8.880108,0,0,0,0,0,0
2025/04/26 11:29:00.918,n,11.918926,16.169372,0.086387,0.010755,OverRange,OverRange,9.16441,8.761306,8.8068,8.800928,10.854836,9.152894,8.736942,8.742212,8.817876,8.878612,0,0,0,0,0,0
2025/04/26 11:30:00.922,n,11.759796,8.488396,0.113224,0.004588,0.614054,0.089367,9.171714,8.79361,8.827294,8.78624,10.891244,9.152894,8.75093,8.6968,8.815128,8.86843,0,0,0,0,0,0
2025/04/26 11:31:00.916,n,11.84266,8.934464,0.121635,0.005862,0.683801,0.071582,9.215684,8.814088,8.840518,8.811142,10.921858,9.141766,8.725816,8.737804,8.78159,8.900618,0,0,0,0,0,0
2025/04/26 11:32:00.919,n,12.02116,6.798632,0.12405,0.015467,OverRange,OverRange,9.191428,8.78694,8.806036,8.79138,10.925096,9.198766,8.779964,8.73416,8.830238,8.90135,0,0,0,0,0,0
2025/04/26 11:33:00.923,n,11.7842,8.87403,0.130996,0.008707,0.698051,0.069084,9.167988,8.769324,8.794292,8.759078,10.913408,9.21835,8.805124,8.675478,8.838614,8.854376,0,0,0,0,0,0
2025/04/26 11:34:00.908,n,11.890256,8.053735,0.11232,0.007704,0.719155,0.02125,9.18995,8.75763,8.803092,8.753254,10.910528,9.235026,8.818982,8.703386,8.852506,8.866186,0,0,0,0,0,0
2025/04/26 11:35:00.910,n,12.042694,6.3005,0.095296,0.015182,0.648738,0.03366,9.17674,8.759078,8.798698,8.759078,10.906152,9.26024,8.835834,8.71069,8.860964,8.889592,0,0,0,0,0,0
2025/04/26 11:36:00.910,n,12.014568,7.732086,0.045712,0.0174,0.576159,0.048037,9.17526,8.759078,8.79138,8.756166,10.900326,9.276914,8.860964,8.687236,8.872122,8.858816,0,0,0,0,0,0
2025/04/26 11:37:00.913,n,11.93996,8.45559,0.057643,0.003271,0.553677,0.019414,9.179668,8.764982,8.795756,8.760542,10.900326,9.290902,8.872122,8.68426,8.874888,8.85732,0,0,0,0,0,0
2025/04/26 11:38:00.914,n,12.060956,10.462066,0.119928,0.016423,0.640278,0.05548,9.232454,8.810444,8.823602,8.769324,10.901772,9.29375,8.880514,8.68426,8.86934,8.86472,0,0,0,0,0,0
2025/04/26 11:39:00.917,n,12.450264,6.155786,0.114379,0.014425,0.50628,0.058626,9.18702,8.785478,8.79722,8.759078,10.930922,9.304926,8.897252,8.681364,8.877636,8.850034,0,0,0,0,0,0
2025/04/26 11:40:00.918,n,12.543332,12.87865,0.289179,0.050413,0.715044,0.053843,9.255832,8.838288,8.829474,8.80454,11.002288,9.296534,8.897252,8.709194,8.860964,8.851498,0,0,0,0,0,0
2025/04/26 11:41:00.921,n,12.682782,3.518096,0.202825,0.080516,0.438944,0.101597,9.630472,9.26024,9.18995,9.074226,11.223578,9.282608,8.894454,8.690164,8.855352,9.011228,0,0,0,0,0,0
2025/04/26 11:42:00.955,n,12.767452,3.408801,0.323046,0.108446,0.566961,0.10239,9.0625,8.586022,8.599214,8.622682,10.839132,9.324512,8.93629,8.63005,8.872122,8.848568,0,0,0,0,0,0
2025/04/26 11:43:00.907,n,12.461884,OverRange,0.465386,0.109692,0.428203,0.083962,9.468126,8.929182,8.886664,8.841218,11.130412,9.274164,8.911142,8.851498,8.833086,9.00394,0,0,0,0,0,0
2025/04/26 11:44:00.944,n,12.238106,2.626668,0.492326,0.077583,0.359232,0.062872,9.299802,8.811908,8.833882,8.79138,11.066336,9.30213,8.93629,8.798698,8.844226,8.992228,0,0,0,0,0,0
2025/04/26 11:45:00.910,n,12.166912,10.043426,0.504132,0.036571,0.225945,0.063941,9.397864,8.946716,8.927718,8.892504,11.114364,9.296534,8.93629,8.822122,8.818982,8.990718,0,0,0,0,0,0
2025/04/26 11:46:00.912,n,11.976388,4.997662,0.368862,0.053952,0.221908,0.002855,9.339284,8.888126,8.886664,8.84413,11.02846,9.33564,8.978174,8.782532,8.852506,8.945252,0,0,0,0,0,0
2025/04/26 11:47:00.916,n,11.984688,6.593493,0.30813,0.021677,0.246594,0.009565,9.372942,8.902816,8.863224,8.810444,11.032838,9.363554,8.989318,8.855842,8.849756,8.973132,0,0,0,0,0,0
2025/04/26 11:48:00.917,n,12.339082,10.796746,0.34998,0.018809,0.332026,0.026777,9.33782,8.910102,8.883686,8.838288,11.01391,9.363554,9.008934,8.766446,8.852506,8.929182,0,0,0,0,0,0
2025/04/26 11:49:00.918,n,12.682782,6.161785,0.286086,0.021231,0.35178,0.00613,9.36126,8.91451,8.898376,8.851498,11.006636,9.385924,9.036798,8.789916,8.866494,8.943788,0,0,0,0,0,0
2025/04/26 11:50:00.923,n,12.554902,5.983465,0.286537,0.010233,0.368271,0.004442,9.348102,8.90135,8.87788,8.816316,10.984794,9.388706,9.04794,8.754702,8.86934,8.92479,0,0,0,0,0,0
2025/04/26 11:51:00.926,n,12.296062,30.667012,0.321926,0.021528,0.365657,0.005323,9.3305,8.863224,8.769324,8.63296,10.801228,9.416588,9.075936,8.747382,8.874888,8.974628,0,0,0,0,0,0
2025/04/26 11:52:00.914,n,12.186788,5.872705,0.250312,0.014793,0.396992,0.012665,9.375918,8.910102,8.892504,8.83681,10.965882,9.425064,9.0787,8.766446,8.883264,8.932094,0,0,0,0,0,0
2025/04/26 11:53:00.912,n,12.39045,9.936798,0.253593,0.019956,0.459703,0.033216,9.358316,8.876416,8.863224,8.80898,10.942576,9.436208,9.103848,8.747382,8.891642,8.91303,0,0,0,0,0,0
2025/04/26 11:54:00.914,n,12.33249,5.243457,0.172527,0.027706,0.466199,0.016476,9.390544,8.92035,8.917406,8.854376,10.981864,9.452948,9.123336,8.78107,8.888778,8.961406,0,0,0,0,0,0
2025/04/26 11:55:00.918,n,12.363934,16.399042,0.15857,0.020062,0.451608,0.010533,9.33494,8.8676,8.860282,8.800162,10.914906,9.480978,9.145736,8.723882,8.911142,8.904246,0,0,0,0,0,0
2025/04/26 11:56:00.916,n,12.433662,5.284747,0.124575,0.043307,0.436697,0.010247,9.351028,8.896912,8.880758,8.825066,10.916306,9.489326,9.167988,8.759078,8.92227,8.90719,0,0,0,0,0,0
2025/04/26 11:57:00.921,n,12.460224,15.671296,0.194639,0.019725,0.482018,0.019972,9.40517,8.942342,8.91451,8.848568,10.942576,9.486478,9.176464,8.716578,8.914006,8.852976,0,0,0,0,0,0
2025/04/26 11:58:00.922,n,12.523312,4.122766,0.144944,0.018885,0.542785,0.030587,9.31734,8.83681,8.85732,8.784012,10.882846,9.508944,9.193138,8.74444,8.927994,8.893968,0,0,0,0,0,0
2025/04/26 11:59:00.923,n,12.57658,8.34209,0.201259,0.030355,0.433792,0.022851,9.371478,8.92331,8.910102,8.833882,10.952748,9.503316,9.20428,8.773748,8.92227,8.935038,0,0,0,0,0,0
2025/04/26 12:00:00.926,n,12.52668,9.663178,0.182565,0.035635,0.572629,0.045045,9.362724,8.904246,8.915974,8.80454,10.951332,9.517242,9.221134,8.76791,8.93354,8.898376,0,0,0,0,0,0
2025/04/26 12:01:00.915,n,12.478536,7.242846,0.145871,0.016161,0.503779,0.054338,9.40076,8.939478,8.937998,8.848568,10.960038,9.508944,9.209992,8.806036,8.908378,8.945252,0,0,0,0,0,0
2025/04/26 12:02:00.917,n,12.561544,8.67511,0.150081,0.004363,0.629059,0.079332,9.393488,8.942342,8.937998,8.852976,10.962936,9.52837,9.226648,8.806036,8.925148,8.933558,0,0,0,0,0,0
2025/04/26 12:03:00.919,n,12.53835,6.285797,0.104173,0.019696,0.446982,0.05089,9.365686,8.917406,8.92035,8.810444,10.9353,9.550836,9.254644,8.792812,8.93629,8.936502,0,0,0,0,0,0
2025/04/26 12:04:00.923,n,12.54997,8.270995,0.126985,0.007748,0.56295,0.071422,9.374422,8.940942,8.943788,8.842666,10.974638,9.55923,9.263022,8.794292,8.947432,8.936502,0,0,0,0,0,0
2025/04/26 12:05:00.923,n,12.76252,7.666601,0.123614,0.002845,0.461636,0.032792,9.375918,8.940942,8.949694,8.847072,11.002288,9.57597,9.274164,8.801628,8.953028,8.935038,0,0,0,0,0,0
2025/04/26 12:06:00.927,n,12.755878,6.75913,0.10313,0.013469,0.48158,0.024053,9.368568,8.937998,8.961406,8.838288,10.989172,9.589978,9.296534,8.798698,8.958558,8.936502,0,0,0,0,0,0
2025/04/26 12:07:00.927,n,12.812326,9.569794,0.093513,0.015355,0.411869,0.081007,9.36126,8.927718,8.954102,8.832384,11.006636,9.595492,9.30213,8.79138,8.967034,8.936502,0,0,0,0,0,0
2025/04/26 12:08:00.930,n,12.480194,7.193426,0.114524,0.007884,0.209777,0.0653,9.368568,8.943788,8.962884,8.839754,11.037216,9.609468,9.3189,8.813372,8.967034,8.946716,0,0,0,0,0,0
2025/04/26 12:09:00.931,n,12.430294,16.856476,0.139899,0.008205,0.183745,0.018868,9.374422,8.946716,8.974628,8.835346,11.059108,9.617864,9.324512,8.813372,8.975426,8.943788,0,0,0,0,0,0
2025/04/26 12:10:00.922,n,12.423654,6.650195,0.119938,0.014144,0.259521,0.069691,9.46515,8.95994,8.86472,8.73416,10.957126,9.634636,9.33564,8.794292,8.972644,9.0625,0,0,0,0,0,0
2025/04/26 12:11:00.919,n,12.446942,11.539886,0.155213,0.012476,0.203918,0.044136,9.374422,8.9555,8.979004,8.860282,11.076554,9.640266,9.349566,8.822122,8.978174,8.935038,0,0,0,0,0,0
2025/04/26 12:12:00.923,n,12.65456,9.787536,0.163907,0.007712,0.225726,0.034959,9.375918,8.961406,8.998036,8.86472,11.107138,9.640266,9.346816,8.842666,8.978174,8.951158,0,0,0,0,0,0
2025/04/26 12:13:00.924,n,12.543332,14.464766,0.185987,0.018221,0.270834,0.049527,9.358316,8.939478,8.979004,8.841218,11.104174,9.657006,9.360806,8.813372,8.986536,8.92331,0,0,0,0,0,0
2025/04/26 12:14:00.925,n,12.553292,10.736066,0.26226,0.035844,0.306553,0.049871,9.399296,8.996572,9.025916,8.882224,11.174066,9.645864,9.349566,8.866186,8.978174,8.96726,0,0,0,0,0,0
2025/04/26 12:15:00.928,n,12.65622,9.858972,0.282596,0.024379,0.336625,0.018345,9.419794,9.011228,9.052284,8.908622,11.20753,9.659854,9.363554,8.860282,8.980924,8.976092,0,0,0,0,0,0
2025/04/26 12:16:00.929,n,12.769208,6.90006,0.271111,0.01449,0.384593,0.025966,9.402242,8.980468,9.020012,8.847072,11.15512,9.662636,9.366402,8.83681,8.98377,8.958476,0,0,0,0,0,0
2025/04/26 12:17:00.933,n,12.775848,5.692285,0.232541,0.018706,0.352556,0.021803,9.378848,8.976092,9.04638,8.882224,11.171168,9.687854,9.385924,8.855842,8.994912,8.952622,0,0,0,0,0,0
2025/04/26 12:18:00.970,n,12.534982,2.41919,0.222153,0.024065,0.308957,0.066404,9.399296,9.020012,9.08301,8.949694,11.236648,9.693352,9.394302,8.882224,8.994912,8.937998,0,0,0,0,0,0
2025/04/26 12:19:00.920,n,12.473554,8.522686,0.187459,0.014914,0.209871,0.024052,9.380326,9.002478,9.044914,8.902816,11.162412,9.701748,9.39993,8.87788,9.00054,8.952622,0,0,0,0,0,0
2025/04/26 12:20:00.987,n,12.642942,0.349059,0.191893,0.010277,0.261712,0.028842,9.41833,9.009748,9.094756,8.936502,11.182774,9.712892,9.402696,8.915974,8.99776,9.000996,0,0,0,0,0,0
2025/04/26 12:21:00.924,n,12.619698,6.589306,0.176457,0.009283,0.144203,0.025782,9.386104,9.00682,9.061036,8.92331,11.163876,9.724118,9.408292,8.892504,9.006136,8.970188,0,0,0,0,0,0
2025/04/26 12:22:00.911,n,12.579854,7.31098,0.146347,0.010625,0.123105,0.005126,9.38319,8.996572,9.072762,8.92331,11.130412,9.729748,9.413824,8.91303,9.00054,8.989252,0,0,0,0,0,0
2025/04/26 12:23:00.915,n,12.699432,7.366235,0.1327,0.005122,0.11065,0.004557,9.378848,8.998036,9.071282,8.92479,11.108586,9.74927,9.427912,8.902816,9.006136,8.973132,0,0,0,0,0,0
2025/04/26 12:24:00.982,n,12.767452,25.051574,0.16223,0.015818,0.117155,0.005393,9.351028,8.9555,9.02738,8.870512,11.088224,9.757634,9.422216,8.910102,9.014432,8.962884,0,0,0,0,0,0
2025/04/26 12:25:00.919,n,13.011494,10.496466,0.208377,0.021738,0.117557,0.001538,9.397864,9.024436,9.091828,8.949694,11.118744,9.754786,9.419436,8.932094,9.008934,8.998036,0,0,0,0,0,0
2025/04/26 12:26:00.921,n,13.27844,8.285888,0.256452,0.012402,0.117171,0.010575,9.394952,9.037596,9.099132,8.952622,11.115844,9.754786,9.427912,8.945252,9.003306,8.989252,0,0,0,0,0,0
2025/04/26 12:27:00.920,n,13.462422,4.527362,0.194568,0.01467,0.112718,0.013083,9.370012,9.02738,9.094756,8.949694,11.086726,9.771642,9.439072,8.949694,9.014432,9.018532,0,0,0,0,0,0
2025/04/26 12:28:00.909,n,13.283418,4.786645,0.195685,0.005621,0.086036,0.008298,9.371478,8.998036,9.102076,8.933558,11.064886,9.782786,9.444586,8.949694,9.014432,8.9995,0,0,0,0,0,0
2025/04/26 12:29:00.971,n,13.033078,11.847876,0.229222,0.010848,0.089281,0.010315,9.389078,9.021508,9.107916,8.948196,11.102758,9.771642,9.441836,8.948196,9.008934,9.018532,0,0,0,0,0,0
2025/04/26 12:30:00.910,n,12.893674,8.515186,0.196581,0.015023,0.117938,0.010585,9.40076,9.025916,9.12994,8.96438,11.088224,9.785634,9.447336,8.965846,9.006136,9.014156,0,0,0,0,0,0
2025/04/26 12:31:00.912,n,12.830586,5.932116,0.152221,0.010274,0.155962,0.005884,9.430044,9.075724,9.17095,9.009748,11.094004,9.760512,9.419436,8.984844,8.986536,9.0171,0,0,0,0,0,0
2025/04/26 12:32:00.914,n,12.809002,15.341902,0.169766,0.017691,0.151165,0.003678,9.412488,9.061036,9.138676,8.989252,11.091104,9.76611,9.425064,9.00394,8.98377,9.058124,0,0,0,0,0,0
2025/04/26 12:33:00.918,n,12.915254,6.458959,0.208885,0.021552,0.168085,0.007691,9.394952,9.065444,9.138676,8.9995,11.104174,9.777256,9.436208,8.992228,8.986536,9.025916,0,0,0,0,0,0
2025/04/26 12:34:00.921,n,12.9717,9.1659,0.166792,0.023476,0.217395,0.021842,9.371478,9.05082,9.13142,8.976092,11.05473,9.794014,9.447336,8.987788,9.003306,9.052284,0,0,0,0,0,0
2025/04/26 12:35:00.954,n,13.248654,2.859191,0.112684,0.025132,0.180181,0.026401,9.375918,9.036132,9.135732,8.995092,11.078002,9.813636,9.450182,9.002478,9.006136,9.018532,0,0,0,0,0,0
2025/04/26 12:36:00.922,n,13.081174,3.753014,0.146136,0.022186,0.149957,0.025083,9.367166,9.071282,9.173862,9.04054,11.134758,9.796862,9.452948,9.009748,9.008934,9.069818,0,0,0,0,0,0
2025/04/26 12:37:00.910,n,12.847188,5.119287,0.159363,0.01582,0.172176,0.011508,9.422706,9.077188,9.178204,9.015636,11.11731,9.813636,9.466956,9.030324,9.017312,9.055228,0,0,0,0,0,0
2025/04/26 12:38:00.913,n,12.78249,4.619799,0.123901,0.029013,0.174804,0.043834,9.403704,8.962884,9.075724,8.996572,11.136224,9.808004,9.458576,9.103572,9.006136,9.102076,0,0,0,0,0,0
2025/04/26 12:39:00.948,n,12.809002,1.281868,0.229757,0.04866,0.186878,0.026561,9.41101,9.05082,9.17095,9.00682,11.114364,9.810786,9.464206,9.002478,9.008934,9.031756,0,0,0,0,0,0
2025/04/26 12:40:00.916,n,12.737618,7.323089,0.407873,0.049147,0.169034,0.013275,9.462238,9.115252,9.209014,9.08742,11.20901,9.780036,9.444586,9.052284,8.992066,9.056626,0,0,0,0,0,0
2025/04/26 12:41:00.918,n,12.669502,8.41156,0.413433,0.026082,0.1809,0.030695,9.49593,9.172398,9.228046,9.077188,11.175546,9.791182,9.450182,9.05082,8.994912,9.065444,0,0,0,0,0,0
2025/04/26 12:42:00.919,n,12.672872,3.259527,0.416207,0.019659,0.169275,0.02038,9.437364,9.110826,9.192894,9.056626,11.169686,9.794014,9.450182,9.047844,9.00054,9.02738,0,0,0,0,0,0
2025/04/26 12:43:00.921,n,12.441964,4.661169,0.393779,0.015438,0.178331,0.017039,9.457828,9.125516,9.211926,9.075724,11.169686,9.796862,9.45573,9.096204,9.006136,9.103572,0,0,0,0,0,0
2025/04/26 12:44:00.989,n,12.340694,3.49884,0.343514,0.018398,0.218066,0.012947,9.446148,9.096204,9.194358,9.03322,11.104174,9.81915,9.475334,9.065444,9.017312,9.088884,0,0,0,0,0,0
2025/04/26 12:45:00.924,n,12.5466,9.050902,0.261628,0.028322,0.2804,0.018557,9.409544,9.088884,9.173862,9.037596,11.07509,9.847152,9.492074,9.039076,9.025574,9.061036,0,0,0,0,0,0
2025/04/26 12:46:00.910,n,12.97995,8.948602,0.21927,0.019449,0.305697,0.018783,9.421274,9.088884,9.191428,9.036132,11.05473,9.8444,9.480978,9.058124,9.036798,9.071282,0,0,0,0,0,0
2025/04/26 12:47:00.914,n,13.30666,14.107552,0.173486,0.019171,0.312468,0.028729,9.441772,9.085922,9.188486,9.037596,11.031374,9.85278,9.492074,9.039076,9.045192,9.028844,0,0,0,0,0,0
2025/04/26 12:48:00.917,n,13.363412,5.292572,0.158911,0.013739,0.256671,0.027493,9.402012,9.066664,9.19556,9.0828,11.082382,9.933252,9.572636,9.072518,9.122848,9.10183,0,0,0,0,0,0
2025/04/26 12:49:00.951,n,13.423078,1.88438,0.292038,0.056638,0.222038,0.030404,9.457618,9.128232,9.238052,9.085664,11.04306,9.919356,9.567022,9.098888,9.106078,9.147264,0,0,0,0,0,0
2025/04/26 12:50:00.919,n,13.247396,7.533795,0.432114,0.062978,0.289184,0.029566,9.48106,9.151608,9.23366,9.098888,11.098414,9.89689,9.55025,9.11208,9.094934,9.125272,0,0,0,0,0,0
2025/04/26 12:51:00.921,n,13.19598,12.495258,0.466035,0.009702,0.278809,0.019001,9.497166,9.176514,9.28347,9.106206,11.14498,9.899734,9.553016,9.116488,9.092104,9.052008,0,0,0,0,0,0
2025/04/26 12:52:00.923,n,13.292172,10.872814,0.401586,0.024519,0.265007,0.032288,9.495686,9.189738,9.265902,9.132576,11.094036,9.908114,9.558644,9.265902,9.103198,9.201434,0,0,0,0,0,0
2025/04/26 12:53:00.961,n,13.275616,-0.72069,0.372954,0.037839,0.191622,0.030335,9.451808,9.198522,9.301004,9.166298,11.078002,9.91651,9.575418,9.156016,9.117316,9.076912,0,0,0,0,0,0
2025/04/26 12:54:00.930,n,13.098176,13.397784,0.460277,0.033346,0.209946,0.006496,9.457618,9.148712,9.240962,9.098888,11.054696,9.91651,9.575418,9.103296,9.122848,9.115008,0,0,0,0,0,0
2025/04/26 12:55:00.947,n,13.06004,1.709007,0.400836,0.020203,0.207211,0.023844,9.388852,9.073984,9.175082,9.021232,10.99062,9.930488,9.586644,9.135552,9.13399,9.136984,0,0,0,0,0,0
2025/04/26 12:56:00.916,n,13.282162,20.327616,0.379609,0.01755,0.212032,0.032131,9.50888,9.15748,9.249748,9.11208,11.022666,9.933252,9.59494,9.139928,9.142368,9.125272,0,0,0,0,0,0
2025/04/26 12:57:00.916,n,13.27723,8.193298,0.272997,0.047068,0.230691,0.026437,9.4284,9.119416,9.226372,9.088606,10.946954,9.955658,9.614528,9.093048,9.164704,9.090104,0,0,0,0,0,0
2025/04/26 12:58:00.923,n,13.307064,11.276532,0.198339,0.022976,0.210526,0.006236,9.39614,9.097424,9.210234,9.063736,10.90031,9.980876,9.622908,9.081352,9.192616,9.085664,0,0,0,0,0,0
2025/04/26 12:59:00.990,n,13.50428,9.271558,0.14322,0.019825,0.214513,0.012309,9.39326,9.072518,9.216058,9.04176,10.865336,9.992006,9.63968,9.076912,9.203792,9.091582,0,0,0,0,0,0
2025/04/26 13:00:00.926,n,13.361798,6.791064,0.105646,0.015366,0.211875,0.010704,9.372764,9.072518,9.201434,9.054984,10.859524,9.997618,9.645276,9.073984,9.220614,9.078392,0,0,0,0,0,0
2025/04/26 13:01:00.922,n,13.164486,8.583722,0.170395,0.019753,0.190675,0.023024,9.410798,9.11208,9.226372,9.087144,10.890104,9.961254,9.617408,9.110616,9.181394,9.109168,0,0,0,0,0,0
2025/04/26 13:02:00.924,n,13.045102,6.159631,0.184615,0.005639,0.165793,0.005228,9.413742,9.117952,9.236588,9.085664,10.884262,9.969634,9.62569,9.11208,9.192616,9.11208,0,0,0,0,0,0
2025/04/26 13:03:00.961,n,13.11805,1.955838,0.126644,0.017916,0.173645,0.022748,9.402012,9.0828,9.213146,9.0652,10.839132,9.986506,9.64243,9.100352,9.223362,9.079888,0,0,0,0,0,0
2025/04/26 13:04:00.911,n,13.305402,7.486902,0.123034,0.007986,0.147549,0.021482,9.410798,9.085664,9.236588,9.068144,10.839132,9.994854,9.650908,9.120896,9.22616,9.115008,0,0,0,0,0,0
2025/04/26 13:05:00.912,n,13.409798,7.943713,0.135066,0.003535,0.174585,0.009942,9.418118,9.087144,9.23366,9.072518,10.834754,9.989256,9.645276,9.126768,9.237288,9.115008,0,0,0,0,0,0
2025/04/26 13:06:00.916,n,13.404866,13.22453,0.178838,0.017365,0.142316,0.044169,9.432776,9.110616,9.243906,9.091582,10.842046,10.003248,9.650908,9.136984,9.251276,9.120896,0,0,0,0,0,0
2025/04/26 13:07:00.919,n,13.63675,19.342188,0.208976,0.010692,0.130846,0.024739,9.421048,9.10476,9.262972,9.106206,10.88864,9.992006,9.656422,9.078392,9.259654,9.03439,0,0,0,0,0,0
2025/04/26 13:08:00.921,n,13.611898,4.576214,0.176704,0.020445,0.112745,0.023414,9.489846,9.175082,9.235124,9.079888,10.85518,10.008782,9.673196,9.094512,9.273644,9.091582,0,0,0,0,0,0
2025/04/26 13:09:00.926,n,13.49764,11.945942,0.193952,0.008861,0.12941,0.019738,9.465004,9.125272,9.245404,9.078392,10.828944,10.005998,9.664802,9.160424,9.279192,9.125272,0,0,0,0,0,0
2025/04/26 13:10:00.930,n,13.439632,5.030597,0.206652,0.007292,0.150273,0.019766,9.426934,9.136984,9.277596,9.109168,10.869714,10.005998,9.673196,9.107704,9.298794,9.220498,0,0,0,0,0,0
2025/04/26 13:11:00.994,n,13.648374,4.645153,0.210253,0.007077,0.139612,0.028217,9.5162,9.177992,9.286382,9.129648,10.799764,10.011628,9.681672,9.110616,9.304308,9.125272,0,0,0,0,0,0
2025/04/26 13:12:00.928,n,13.50594,7.175726,0.174391,0.015228,0.268126,0.045306,9.451808,9.113544,9.243906,9.084198,10.79833,10.020024,9.684452,9.125272,9.326774,9.119416,0,0,0,0,0,0
2025/04/26 13:13:00.913,n,13.580452,6.180877,0.151963,0.009156,0.207324,0.032469,9.475218,9.103296,9.236588,9.093048,10.782286,10.031252,9.687268,9.131112,9.343448,9.128232,0,0,0,0,0,0
2025/04/26 13:14:00.917,n,13.74432,7.72243,0.162425,0.008448,0.208599,0.018465,9.48838,9.107704,9.245404,9.098888,10.779404,10.028404,9.687268,9.13404,9.349078,9.125272,0,0,0,0,0,0
2025/04/26 13:15:00.917,n,13.668194,6.172125,0.145272,0.007279,0.206373,0.015603,9.476684,9.10183,9.243906,9.088606,10.767704,10.034034,9.698412,9.141392,9.365818,9.135552,0,0,0,0,0,0
2025/04/26 13:16:00.919,n,13.631772,6.000305,0.126891,0.004755,0.16797,0.015727,9.485436,9.107704,9.230714,9.087144,10.75457,10.045146,9.701194,9.136984,9.37696,9.131112,0,0,0,0,0,0
2025/04/26 13:17:00.926,n,13.618538,11.673822,0.141507,0.012705,0.112595,0.046919,9.448866,9.085664,9.229282,9.076912,10.73854,10.048026,9.701194,9.098888,9.388088,9.081352,0,0,0,0,0,0
2025/04/26 13:18:00.927,n,13.68475,6.508776,0.138698,0.012892,0.096535,0.047042,9.507414,9.125272,9.238052,9.107704,10.76627,10.039548,9.698412,9.136984,9.407706,9.135552,0,0,0,0,0,0
2025/04/26 13:19:00.927,n,13.75599,8.337866,0.158322,0.008944,0.068148,0.009592,9.51472,9.123792,9.235124,9.097424,10.770584,10.042396,9.706792,9.13404,9.410472,9.148712,0,0,0,0,0,0
2025/04/26 13:20:00.928,n,13.750958,7.163293,0.164895,0.016829,0.079293,0.005087,9.532258,9.131112,9.246868,9.107704,10.788096,10.050874,9.703944,9.144336,9.424478,9.15896,0,0,0,0,0,0
2025/04/26 13:21:00.964,n,13.785726,2.489178,0.183374,0.006088,0.118135,0.015601,9.563022,9.15896,9.274652,9.147264,10.828944,10.042396,9.698412,9.201434,9.42723,9.208772,0,0,0,0,0,0
2025/04/26 13:22:00.949,n,13.57547,-1.38008,0.208231,0.017473,0.071772,0.009882,9.530826,9.100352,9.254188,9.107704,10.811464,10.039548,9.706792,9.18533,9.43847,9.21461,0,0,0,0,0,0
2025/04/26 13:23:00.917,n,13.363412,7.564776,0.261003,0.016473,0.063707,0.004362,9.592306,9.161858,9.28347,9.136984,10.849304,10.031252,9.695566,9.18681,9.444098,9.189738,0,0,0,0,0,0
2025/04/26 13:24:00.923,n,13.310432,6.545025,0.261635,0.009221,0.060348,0.001977,9.576182,9.154552,9.264438,9.135552,10.831842,10.028404,9.695566,9.177992,9.457992,9.18681,0,0,0,0,0,0
2025/04/26 13:25:00.923,n,13.106476,6.839343,0.259006,0.00346,0.053605,0.001872,9.577646,9.154552,9.25562,9.138448,10.828944,10.031252,9.695566,9.176514,9.466466,9.197024,0,0,0,0,0,0
2025/04/26 13:26:00.926,n,13.008576,25.505332,0.313334,0.022289,0.055108,0.001302,9.589344,9.18681,9.270244,9.150176,10.86675,10.020024,9.695566,9.163368,9.474846,9.182402,0,0,0,0,0,0
2025/04/26 13:27:00.928,n,12.953838,10.51167,0.385801,0.025616,0.061215,0.003161,9.604002,9.208772,9.303934,9.164832,10.89746,10.014508,9.69005,9.19556,9.474846,9.230714,0,0,0,0,0,0
2025/04/26 13:28:00.933,n,13.121418,4.894757,0.405441,0.009538,0.060517,0.004244,9.608314,9.221964,9.292254,9.153088,10.914906,10.014508,9.681672,9.204362,9.485988,9.23218,0,0,0,0,0,0
2025/04/26 13:29:00.933,n,13.338558,7.752289,0.404776,0.006057,0.07292,0.006964,9.611242,9.226372,9.293718,9.161858,10.925064,10.011628,9.69005,9.205842,9.491536,9.238052,0,0,0,0,0,0
2025/04/26 13:30:01.000,n,13.388314,4.670062,0.314312,0.030388,0.091933,0.006446,9.577646,9.182402,9.267348,9.147264,10.868216,10.039548,9.698412,9.191202,9.519504,9.236588,0,0,0,0,0,0
2025/04/26 13:31:00.909,n,13.49427,5.103265,0.286106,0.006887,0.082083,0.007381,9.602522,9.176514,9.28931,9.13404,10.871192,10.008782,9.681672,9.211682,9.508358,9.252692,0,0,0,0,0,0
2025/04/26 13:32:00.913,n,13.49427,14.446552,0.286193,0.006971,0.061411,0.008903,9.596618,9.177992,9.27319,9.122328,10.84351,10.028404,9.684452,9.144336,9.530646,9.205842,0,0,0,0,0,0
2025/04/26 13:33:00.914,n,13.500912,3.317828,0.163002,0.035217,0.071714,0.00861,9.64051,9.229282,9.344946,9.210234,10.91782,10.036784,9.695566,9.277596,9.55025,9.292254,0,0,0,0,0,0
2025/04/26 13:34:00.916,n,13.459554,7.187512,0.135169,0.022549,0.086417,0.00753,9.565932,9.164832,9.267348,9.128232,10.807086,10.0704,9.712338,9.189738,9.583798,9.240962,0,0,0,0,0,0
2025/04/26 13:35:00.921,n,13.345196,9.180592,0.184298,0.017787,0.113579,0.009037,9.574702,9.18681,9.276116,9.1458,10.824534,10.056374,9.709574,9.19556,9.589394,9.248332,0,0,0,0,0,0
2025/04/26 13:36:00.920,n,13.298764,6.10509,0.233275,0.017778,0.126757,0.006341,9.590808,9.19556,9.282004,9.1458,10.84351,10.056374,9.706792,9.210234,9.603318,9.257084,0,0,0,0,0,0
2025/04/26 13:37:00.925,n,13.302132,7.910736,0.240021,0.001296,0.109101,0.007341,9.598096,9.207306,9.286382,9.15748,10.839132,10.053624,9.709574,9.204362,9.606134,9.270244,0,0,0,0,0,0
2025/04/26 13:38:00.926,n,13.383282,6.154125,0.228544,0.003887,0.079014,0.010115,9.580558,9.197024,9.276116,9.151608,10.818708,10.07315,9.712338,9.19556,9.631302,9.252692,0,0,0,0,0,0
2025/04/26 13:39:00.928,n,13.35843,6.893316,0.211973,0.004611,0.080825,0.005383,9.565932,9.197024,9.274652,9.144336,10.799764,10.078778,9.729194,9.197024,9.64243,9.264438,0,0,0,0,0,0
2025/04/26 13:40:00.916,n,13.43631,4.176666,0.180903,0.009986,0.094213,0.007314,9.587864,9.19408,9.282004,9.135552,10.795418,10.092772,9.720816,9.221964,9.6593,9.287846,0,0,0,0,0,0
2025/04/26 13:41:00.915,n,13.467854,7.118951,0.158804,0.01443,0.109654,0.01604,9.574702,9.175082,9.274652,9.136984,10.764806,10.090022,9.729194,9.211682,9.681672,9.284902,0,0,0,0,0,0
2025/04/26 13:42:00.947,n,13.521424,-0.307848,0.125944,0.02287,0.119211,0.016291,9.618662,9.21318,9.325944,9.166328,10.792636,10.045456,9.679036,9.246836,9.637046,9.327408,0,0,0,0,0,0
2025/04/26 13:43:00.916,n,13.436902,8.389784,0.13036,0.016519,0.102464,0.008189,9.609876,9.226404,9.318656,9.18245,10.779534,10.03413,9.670656,9.23078,9.645438,9.330386,0,0,0,0,0,0
2025/04/26 13:44:00.919,n,13.27284,5.107215,0.137896,0.00535,0.099366,0.005577,9.606932,9.2293,9.308408,9.17949,10.762022,10.039858,9.662262,9.23958,9.65657,9.32448,0,0,0,0,0,0
2025/04/26 13:45:00.924,n,13.20326,8.955298,0.170098,0.020395,0.092663,0.019142,9.61718,9.248316,9.320104,9.18681,10.764954,10.03701,9.659416,9.24106,9.659416,9.33185,0,0,0,0,0,0
2025/04/26 13:46:00.924,n,13.4286,11.543568,0.177507,0.014265,0.100062,0.014502,9.649378,9.311288,9.36401,9.23958,10.804288,10.031366,9.659416,9.28347,9.665028,9.36985,0,0,0,0,0,0
2025/04/26 13:47:00.965,n,13.41703,-1.888987,0.269945,0.031232,0.072584,0.012937,9.678612,9.327408,9.383078,9.277662,10.86115,10.020236,9.645438,9.306944,9.659416,9.41815,0,0,0,0,0,0
2025/04/26 13:48:00.960,n,13.423672,3.723041,0.326342,0.058295,0.075759,0.022481,9.690328,9.308408,9.368452,9.25274,10.83635,10.00909,9.651036,9.295216,9.665028,9.400614,0,0,0,0,0,0
2025/04/26 13:49:00.911,n,13.635682,3.911188,0.40317,0.030875,0.061851,0.00805,9.707896,9.317192,9.37426,9.23958,10.866962,10.00346,9.645438,9.311288,9.665028,9.432808,0,0,0,0,0,0
2025/04/26 13:50:00.915,n,13.610828,8.856068,0.416041,0.053002,0.066991,0.036227,9.674236,9.29375,9.34501,9.19561,10.817422,10.00071,9.639892,9.286414,9.667892,9.42111,0,0,0,0,0,0
2025/04/26 13:51:00.920,n,13.564442,5.763275,0.397404,0.005777,0.064759,0.004821,9.694736,9.320104,9.37426,9.254222,10.85526,10.00909,9.648286,9.299592,9.679036,9.428466,0,0,0,0,0,0
2025/04/26 13:52:00.921,n,13.49159,9.269434,0.404097,0.004464,0.072753,0.01172,9.690328,9.309872,9.361098,9.224924,10.813044,10.01184,9.645438,9.261524,9.698558,9.380134,0,0,0,0,0,0
2025/04/26 13:53:00.922,n,13.484998,7.768884,0.335729,0.028899,0.09608,0.007759,9.66986,9.296662,9.368452,9.245404,10.808666,10.025768,9.653818,9.287878,9.707004,9.42111,0,0,0,0,0,0
2025/04/26 13:54:00.924,n,13.435242,7.409955,0.292105,0.014002,0.103329,0.010111,9.647912,9.298128,9.349354,9.227836,10.772244,10.03413,9.65657,9.26006,9.729324,9.403524,0,0,0,0,0,0
2025/04/26 13:55:00.924,n,13.450184,7.392633,0.287953,0.016456,0.100083,0.002175,9.646448,9.298128,9.346474,9.22346,10.772244,10.039858,9.662262,9.255684,9.726574,9.41815,0,0,0,0,0,0
2025/04/26 13:56:00.994,n,13.62904,7.254981,0.245572,0.015984,0.115517,0.006878,9.662538,9.290806,9.371332,9.2293,10.776622,10.042642,9.662262,9.295216,9.734922,9.431328,0,0,0,0,0,0
2025/04/26 13:57:00.931,n,13.793008,9.115082,0.244734,0.00711,0.109154,0.005648,9.634718,9.287878,9.352314,9.211714,10.757644,10.042642,9.665028,9.267366,9.751696,9.440146,0,0,0,0,0,0
2025/04/26 13:58:00.918,n,13.700234,11.98722,0.296961,0.016782,0.11303,0.003245,9.66986,9.302502,9.37426,9.233676,10.776622,10.028616,9.662262,9.289342,9.748912,9.46209,0,0,0,0,0,0
2025/04/26 13:59:00.919,n,13.74823,9.42428,0.317625,0.007,0.093153,0.008499,9.678612,9.308408,9.375724,9.238116,10.779534,10.031366,9.653818,9.30107,9.7433,9.47234,0,0,0,0,0,0
2025/04/26 14:00:00.924,n,13.786316,7.170319,0.274661,0.016178,0.080816,0.008195,9.662538,9.28347,9.349354,9.21762,10.737286,10.039858,9.662262,9.276182,9.760074,9.45334,0,0,0,0,0,0
2025/04/26 14:01:00.927,n,13.847596,9.762678,0.249416,0.008075,0.070139,0.003207,9.674236,9.318656,9.371332,9.242524,10.748906,10.014606,9.642656,9.287878,9.737768,9.47234,0,0,0,0,0,0
2025/04/26 14:02:00.913,n,13.984952,6.870117,0.235967,0.005708,0.067065,0.003063,9.66986,9.284902,9.37426,9.226404,10.738686,10.03413,9.65657,9.290806,9.751696,9.484036,0,0,0,0,0,0
2025/04/26 14:03:00.914,n,13.983242,10.132464,0.233573,0.003712,0.071209,0.005399,9.677148,9.298128,9.37426,9.233676,10.729962,10.03701,9.659416,9.286414,9.765686,9.478182,0,0,0,0,0,0
2025/04/26 14:04:00.917,n,14.170106,11.7464,0.279609,0.021034,0.060259,0.010095,9.6962,9.32448,9.385988,9.245404,10.764954,10.022986,9.653818,9.304,9.757292,9.49432,0,0,0,0,0,0
2025/04/26 14:05:00.983,n,14.203164,22.2554,0.289348,0.022047,0.060518,0.004581,9.690328,9.306944,9.39183,9.227836,10.74744,10.031366,9.659416,9.289342,9.768436,9.513322,0,0,0,0,0,0
2025/04/26 14:06:00.921,n,13.895546,4.882386,0.299888,0.00507,0.062851,0.001639,9.685984,9.323032,9.372794,9.248316,10.735806,10.025768,9.659416,9.302502,9.776946,9.498694,0,0,0,0,0,0
2025/04/26 14:07:00.913,n,13.761562,9.081946,0.307336,0.007574,0.074761,0.00397,9.700578,9.320104,9.402078,9.242524,10.763488,10.022986,9.665028,9.292286,9.776946,9.514786,0,0,0,0,0,0
2025/04/26 14:08:00.910,n,13.875722,6.744165,0.301633,0.006466,0.073973,0.004072,9.68452,9.30107,9.393294,9.2293,10.763488,10.03413,9.665028,9.328888,9.771316,9.538196,0,0,0,0,0,0
2025/04/26 14:09:00.910,n,13.986562,7.491523,0.340099,0.01104,0.07094,0.002387,9.71665,9.311288,9.385988,9.24106,10.763488,10.028616,9.665028,9.304,9.782446,9.533818,0,0,0,0,0,0
2025/04/26 14:10:00.912,n,13.845936,7.415198,0.338384,0.004396,0.104581,0.010371,9.721026,9.334794,9.394774,9.248316,10.760574,10.028616,9.665028,9.317192,9.776946,9.539676,0,0,0,0,0,0
2025/04/26 14:11:00.916,n,13.735046,7.12088,0.315891,0.006342,0.113009,0.004482,9.706432,9.308408,9.384542,9.23958,10.745976,10.031366,9.673406,9.308408,9.779696,9.533818,0,0,0,0,0,0
2025/04/26 14:12:00.918,n,13.382264,6.149256,0.270203,0.013129,0.090374,0.007103,9.700578,9.323032,9.378636,9.242524,10.722672,10.042642,9.673406,9.30107,9.793688,9.529394,0,0,0,0,0,0
2025/04/26 14:13:00.919,n,13.294422,6.876844,0.25774,0.004151,0.067191,0.010495,9.721026,9.328888,9.388918,9.261524,10.729962,10.03701,9.673406,9.302502,9.785292,9.54698,0,0,0,0,0,0
2025/04/26 14:14:00.919,n,13.518106,6.479267,0.263371,0.011685,0.067202,0.023097,9.699112,9.325944,9.40499,9.267366,10.735806,10.039858,9.676156,9.309872,9.796438,9.551356,0,0,0,0,0,0
2025/04/26 14:15:00.955,n,13.53793,0.298891,0.208884,0.023552,0.05898,0.014249,9.674236,9.289342,9.366956,9.22346,10.706642,10.050988,9.68743,9.32448,9.796438,9.58352,0,0,0,0,0,0
2025/04/26 14:16:00.909,n,13.445202,5.000397,0.193257,0.026813,0.064448,0.016186,9.713738,9.30107,9.403524,9.238116,10.703762,10.050988,9.692928,9.302502,9.799186,9.549924,0,0,0,0,0,0
2025/04/26 14:17:00.909,n,13.443542,5.319519,0.169116,0.007805,0.080323,0.007219,9.68743,9.309872,9.396236,9.21902,10.680408,10.059384,9.69018,9.298128,9.807582,9.5543,0,0,0,0,0,0
2025/04/26 14:18:00.913,n,13.612488,6.152015,0.157949,0.005903,0.065562,0.013657,9.71665,9.309872,9.39183,9.224924,10.661416,10.064982,9.701406,9.287878,9.796438,9.54114,0,0,0,0,0,0
2025/04/26 14:19:00.918,n,13.647306,9.55392,0.16975,0.012136,0.085139,0.008787,9.744406,9.320104,9.39183,9.235156,10.65123,10.056618,9.695712,9.28347,9.799186,9.54114,0,0,0,0,0,0
2025/04/26 14:20:00.983,n,13.913758,3.213123,0.196427,0.01304,0.093912,0.005196,9.725436,9.334794,9.412358,9.249812,10.67603,10.045456,9.701406,9.284902,9.793688,9.523538,0,0,0,0,0,0
2025/04/26 14:21:00.919,n,13.769764,5.96637,0.204402,0.007559,0.08993,0.004521,9.750314,9.323032,9.40943,9.251276,10.661416,10.048238,9.715302,9.305464,9.799186,9.558676,0,0,0,0,0,0
2025/04/26 14:22:00.990,n,13.711854,3.977338,0.192658,0.013749,0.096272,0.008804,9.750314,9.323032,9.406454,9.235156,10.652662,10.042642,9.72093,9.296662,9.793688,9.564518,0,0,0,0,0,0
2025/04/26 14:23:00.924,n,13.595986,2.708043,0.184127,0.010383,0.098045,0.007917,9.757568,9.34057,9.415304,9.264502,10.641008,10.048238,9.726574,9.304,9.79084,9.558676,0,0,0,0,0,0
2025/04/26 14:24:00.926,n,13.48666,7.589563,0.17648,0.004061,0.113035,0.003514,9.748848,9.339106,9.412358,9.26299,10.630774,10.050988,9.737768,9.302502,9.788058,9.563118,0,0,0,0,0,0
2025/04/26 14:25:00.941,n,13.56117,1.279622,0.190526,0.011653,0.078374,0.008386,9.753224,9.317192,9.419646,9.238116,10.638128,10.050988,9.748912,9.284902,9.793688,9.56743,0,0,0,0,0,0
2025/04/26 14:26:00.914,n,13.708534,7.948139,0.19565,0.005057,0.116662,0.019689,9.786822,9.325944,9.422576,9.235156,10.607484,10.053754,9.757292,9.282056,9.79084,9.573336,0,0,0,0,0,0
2025/04/26 14:27:00.916,n,13.812832,5.98863,0.202267,0.006612,0.053977,0.012996,9.77514,9.321568,9.429896,9.26006,10.60895,10.045456,9.762838,9.311288,9.776946,9.586496,0,0,0,0,0,0
2025/04/26 14:28:00.927,n,13.956776,6.987647,0.306541,0.041403,0.055894,0.004362,9.835094,9.380134,9.45918,9.276182,10.677464,10.031366,9.768436,9.317192,9.768436,9.605498,0,0,0,0,0,0
2025/04/26 14:29:00.924,n,14.120496,8.202747,0.397113,0.04072,0.053377,0.001915,9.878958,9.410896,9.495784,9.305464,10.72124,10.017388,9.771316,9.34501,9.760074,9.628878,0,0,0,0,0,0
2025/04/26 14:30:00.926,n,14.221326,17.062566,0.452528,0.053327,0.044704,0.002079,9.870174,9.372794,9.48262,9.292286,10.694942,10.01184,9.788058,9.305464,9.754444,9.623036,0,0,0,0,0,0
2025/04/26 14:31:00.988,n,14.14203,15.445246,0.452346,0.022562,0.043481,0.000597,9.912524,9.450396,9.506,9.342066,10.729962,9.975492,9.771316,9.366956,9.726574,9.650856,0,0,0,0,0,0
2025/04/26 14:32:00.921,n,14.075916,9.196368,0.44991,0.003229,0.041979,0.001065,9.930064,9.435736,9.517696,9.314248,10.705162,9.983872,9.788058,9.377172,9.723696,9.655232,0,0,0,0,0,0
2025/04/26 14:33:00.925,n,14.03783,6.246802,0.404606,0.016764,0.041196,0.002352,10.003152,9.470876,9.54114,9.328888,10.705162,9.992232,9.813308,9.274686,9.734922,9.58796,0,0,0,0,0,0
2025/04/26 14:34:00.909,n,13.9287,6.663202,0.392703,0.013573,0.045392,0.003976,9.924272,9.435736,9.501622,9.33185,10.687682,9.997864,9.835584,9.353762,9.734922,9.614316,0,0,0,0,0,0
2025/04/26 14:35:00.913,n,13.783048,7.711231,0.348281,0.011995,0.057737,0.003884,9.924272,9.42111,9.488414,9.314248,10.660018,10.017388,9.866348,9.339106,9.751696,9.604084,0,0,0,0,0,0
2025/04/26 14:36:00.913,n,13.761562,-2.843913,0.236565,0.036499,0.057441,0.002807,9.969552,9.532322,9.647912,9.457714,10.772244,10.028616,9.885954,9.415304,9.74055,9.677148,0,0,0,0,0,0
2025/04/26 14:37:00.916,n,13.791348,6.501209,0.242814,0.016147,0.056063,0.00225,9.902306,9.397734,9.478182,9.295216,10.622084,10.03701,9.916722,9.333314,9.760074,9.61134,0,0,0,0,0,0
2025/04/26 14:38:00.917,n,13.74823,-2.852732,0.228213,0.020733,0.049953,0.004979,10.063046,9.615782,9.79123,9.571838,10.90192,10.014606,9.913874,9.435736,9.748912,9.630342,0,0,0,0,0,0
2025/04/26 14:39:00.922,n,13.579384,9.55484,0.259073,0.034224,0.042203,0.010402,9.962262,9.428466,9.532322,9.315728,10.64397,10.031366,9.944724,9.35085,9.754444,9.620092,0,0,0,0,0,0
2025/04/26 14:40:00.923,n,13.509804,7.304279,0.321709,0.023727,0.040433,0.001968,9.962262,9.428466,9.529394,9.308408,10.652662,10.025768,9.947474,9.352314,9.754444,9.624534,0,0,0,0,0,0
2025/04/26 14:41:00.927,n,13.670448,15.20146,0.375116,0.019572,0.040428,0.000614,9.982698,9.447466,9.5353,9.311288,10.665794,10.020236,9.969846,9.35669,9.748912,9.625998,0,0,0,0,0,0
2025/04/26 14:42:00.927,n,13.634072,6.47265,0.384124,0.007938,0.041569,0.000739,9.998776,9.437218,9.551356,9.327408,10.66433,10.014606,9.983872,9.37426,9.7433,9.649378,0,0,0,0,0,0
2025/04/26 14:43:00.913,n,13.592618,8.207618,0.376945,0.008046,0.0448,0.001486,9.985612,9.45918,9.532322,9.33764,10.65564,10.028616,10.00346,9.347938,9.751696,9.615782,0,0,0,0,0,0
2025/04/26 14:44:00.914,n,13.524746,7.934107,0.372315,0.002841,0.049236,0.002025,9.992934,9.465034,9.54254,9.334794,10.64682,10.028616,10.022986,9.362578,9.746148,9.621556,0,0,0,0,0,0
2025/04/26 14:45:00.917,n,13.514782,7.952869,0.380344,0.002582,0.051269,0.000664,9.990022,9.466498,9.561606,9.346474,10.652662,10.020236,10.042642,9.365476,9.746148,9.604084,0,0,0,0,0,0
2025/04/26 14:46:00.919,n,13.529676,7.885651,0.38602,0.008366,0.045867,0.002113,9.99731,9.47234,9.577712,9.36401,10.668772,10.017388,10.042642,9.361098,9.746148,9.61718,0,0,0,0,0,0
2025/04/26 14:47:00.918,n,13.55619,5.066376,0.350201,0.012643,0.04456,0.002764,9.978322,9.466498,9.571838,9.339106,10.636648,10.031366,10.070514,9.366956,9.771316,9.618662,0,0,0,0,0,0
2025/04/26 14:48:00.922,n,13.624112,5.895136,0.30106,0.015795,0.04957,0.002398,9.969552,9.45334,9.564518,9.32448,10.611862,10.03701,10.095734,9.359634,9.760074,9.615782,0,0,0,0,0,0
2025/04/26 14:49:00.922,n,13.75819,7.506263,0.274735,0.00691,0.062899,0.00548,9.973896,9.44597,9.579176,9.334794,10.604606,10.045456,10.109758,9.365476,9.762838,9.621556,0,0,0,0,0,0
2025/04/26 14:50:00.928,n,13.844276,6.455384,0.285795,0.005488,0.066353,0.00491,9.97536,9.448932,9.589426,9.333314,10.600162,10.03701,10.123752,9.371332,9.754444,9.61718,0,0,0,0,0,0
2025/04/26 14:51:00.928,n,13.9287,7.826514,0.292481,0.001791,0.087112,0.006082,9.957854,9.45334,9.592338,9.34057,10.581252,10.03701,10.132132,9.429896,9.748912,9.659642,0,0,0,0,0,0
2025/04/26 14:52:00.916,n,13.986562,4.449329,0.256244,0.010712,0.097519,0.010697,9.972482,9.476716,9.58796,9.347938,10.56083,10.053754,10.151756,9.366956,9.768436,9.606932,0,0,0,0,0,0
2025/04/26 14:53:00.914,n,14.095692,6.233368,0.271827,0.005603,0.090917,0.006951,10.016316,9.522104,9.592338,9.32448,10.534596,10.042642,10.168532,9.35669,9.760074,9.539676,0,0,0,0,0,0
2025/04/26 14:54:00.916,n,14.062634,9.436286,0.251255,0.009433,0.095903,0.007825,9.947636,9.467964,9.595216,9.359634,10.554988,10.042642,10.17138,9.372794,9.757292,9.592338,0,0,0,0,0,0
2025/04/26 14:55:00.920,n,14.024598,5.390235,0.163515,0.030528,0.132404,0.0191,9.912524,9.447466,9.577712,9.327408,10.515622,10.062134,10.199382,9.371332,9.771316,9.602618,0,0,0,0,0,0
2025/04/26 14:56:00.921,n,13.953504,4.818482,0.129796,0.007516,0.122984,0.007937,9.919846,9.440146,9.593738,9.333314,10.50249,10.067762,10.218876,9.36985,9.779696,9.586496,0,0,0,0,0,0
2025/04/26 14:57:00.925,n,14.082458,6.332917,0.110281,0.00852,0.120804,0.013448,9.905236,9.422576,9.598178,9.334794,10.482034,10.078992,10.232986,9.375724,9.774066,9.589426,0,0,0,0,0,0
2025/04/26 14:58:00.932,n,14.125478,5.530365,0.105036,0.001933,0.097764,0.012608,9.906714,9.437218,9.604084,9.334794,10.484978,10.07336,10.238532,9.387452,9.776946,9.604084,0,0,0,0,0,0
2025/04/26 14:59:00.927,n,14.034512,5.924433,0.100605,0.00209,0.069033,0.008285,9.90377,9.44597,9.618662,9.35085,10.479122,10.070514,10.258026,9.390366,9.765686,9.592338,0,0,0,0,0,0
2025/04/26 15:00:00.931,n,13.958436,7.47472,0.098565,0.001272,0.073857,0.004915,9.899426,9.438682,9.615782,9.34057,10.458714,10.067762,10.272136,9.393294,9.774066,9.612804,0,0,0,0,0,0
2025/04/26 15:01:00.917,n,13.926992,5.642456,0.094053,0.004023,0.065567,0.001898,9.887712,9.465034,9.615782,9.366956,10.457266,10.045456,10.241348,9.406454,9.737768,9.590874,0,0,0,0,0,0
2025/04/26 15:02:00.915,n,13.81776,6.259742,0.09568,0.001743,0.06431,0.001351,9.892088,9.46209,9.621556,9.371332,10.449926,10.053754,10.25251,9.410896,9.746148,9.590874,0,0,0,0,0,0
2025/04/26 15:03:00.917,n,13.958436,5.895624,0.084791,0.003345,0.07301,0.003195,9.878958,9.467964,9.624534,9.368452,10.433914,10.059384,10.266408,9.40795,9.754444,9.590874,0,0,0,0,0,0
2025/04/26 15:04:00.988,n,14.008096,3.32171,0.062823,0.006538,0.081461,0.00656,9.889176,9.44597,9.633254,9.396236,10.44407,10.056618,10.28053,9.441626,9.7433,9.599658,0,0,0,0,0,0
2025/04/26 15:05:00.919,n,14.056042,8.031593,0.076443,0.005057,0.091809,0.006976,9.87307,9.45625,9.63916,9.371332,10.417838,10.076242,10.29451,9.3992,9.757292,9.577712,0,0,0,0,0,0
2025/04/26 15:06:00.923,n,14.125478,4.803602,0.04512,0.006345,0.079703,0.005794,9.85701,9.45334,9.636216,9.366956,10.40765,10.070514,10.308504,9.41667,9.762838,9.58796,0,0,0,0,0,0
2025/04/26 15:07:00.925,n,14.267666,7.124237,0.041638,0.002777,0.094614,0.006851,9.86726,9.450396,9.636216,9.355226,10.388644,10.078992,10.311382,9.426984,9.765686,9.601124,0,0,0,0,0,0
2025/04/26 15:08:00.927,n,14.384998,3.253314,0.035019,0.002087,0.080364,0.015752,9.855514,9.440146,9.637694,9.372794,10.393072,10.08184,10.319732,9.426984,9.768436,9.589426,0,0,0,0,0,0
2025/04/26 15:09:00.931,n,14.218056,6.0021,0.035024,0.000658,0.048247,0.011138,9.86142,9.435736,9.646448,9.372794,10.385732,10.08184,10.328126,9.437218,9.771316,9.595216,0,0,0,0,0,0
2025/04/26 15:10:00.913,n,13.991494,7.118171,0.045583,0.00323,0.047459,0.003665,9.846778,9.454804,9.628878,9.378636,10.381354,10.084604,10.333628,9.428466,9.765686,9.577712,0,0,0,0,0,0
2025/04/26 15:11:00.984,n,13.902188,3.386414,0.047077,0.002858,0.047534,0.00317,9.851186,9.441626,9.634718,9.381612,10.356556,10.084604,10.336426,9.437218,9.768436,9.571838,0,0,0,0,0,0
2025/04/26 15:12:00.920,n,13.922058,5.42594,0.04415,0.004875,0.03943,0.001822,9.855514,9.45625,9.647912,9.394774,10.371136,10.08184,10.336426,9.431328,9.765686,9.579176,0,0,0,0,0,0
2025/04/26 15:13:00.919,n,13.79955,6.179749,0.035211,0.002023,0.04166,0.001343,9.858474,9.450396,9.643536,9.390366,10.365342,10.08184,10.339274,9.441626,9.762838,9.577712,0,0,0,0,0,0
2025/04/26 15:14:00.921,n,13.754922,5.874128,0.033151,0.000437,0.04813,0.002514,9.85701,9.451874,9.652288,9.393294,10.35366,10.084604,10.344806,9.448932,9.765686,9.582056,0,0,0,0,0,0
2025/04/26 15:15:00.925,n,13.62079,6.055933,0.032851,0.000127,0.041708,0.002471,9.864316,9.44597,9.661074,9.393294,10.352146,10.084604,10.353284,9.451874,9.765686,9.585016,0,0,0,0,0,0
2025/04/26 15:16:00.926,n,13.718446,6.066785,0.03301,8.332219e-05,0.047821,0.004031,9.87307,9.451874,9.672822,9.400614,10.35366,10.078992,10.3505,9.45918,9.757292,9.589426,0,0,0,0,0,0
2025/04/26 15:17:00.929,n,13.793008,6.222199,0.033909,0.000581,0.03734,0.018036,9.890642,9.457714,9.674236,9.393294,10.346368,10.076242,10.353284,9.47234,9.754444,9.586496,0,0,0,0,0,0
2025/04/26 15:18:00.935,n,13.86747,6.108985,0.033924,0.00019,0.03742,0.001328,9.890642,9.448932,9.674236,9.393294,10.333204,10.078992,10.356132,9.470876,9.757292,9.58059,0,0,0,0,0,0
2025/04/26 15:19:00.916,n,13.935242,6.002588,0.033686,0.000195,0.038671,0.005057,9.89793,9.475252,9.662538,9.41667,10.328828,10.076242,10.3505,9.467964,9.754444,9.579176,0,0,0,0,0,0
2025/04/26 15:20:00.916,n,13.97831,5.742603,0.032763,0.000498,0.038735,0.003222,9.908212,9.469412,9.68154,9.415304,10.322986,10.078992,10.3505,9.465034,9.760074,9.576264,0,0,0,0,0,0
2025/04/26 15:21:00.918,n,13.931974,6.003394,0.033447,0.000173,0.056238,0.004842,9.915468,9.470876,9.68154,9.42111,10.31864,10.07336,10.358882,9.476716,9.754444,9.56743,0,0,0,0,0,0
2025/04/26 15:22:00.922,n,13.936902,6.333564,0.034282,0.000342,0.050622,0.002782,9.921342,9.470876,9.694736,9.41667,10.31864,10.078992,10.358882,9.484036,9.754444,9.58059,0,0,0,0,0,0
2025/04/26 15:23:00.922,n,13.935242,5.998688,0.040573,0.001803,0.050261,0.002342,9.937434,9.473838,9.704952,9.41815,10.31275,10.078992,10.358882,9.486998,9.760074,9.56743,0,0,0,0,0,0
2025/04/26 15:24:00.926,n,13.951844,6.113861,0.043995,0.001246,0.059921,0.017389,9.941762,9.470876,9.71081,9.429896,10.305476,10.07336,10.370028,9.492822,9.754444,9.582056,0,0,0,0,0,0
2025/04/26 15:25:00.929,n,14.051014,5.890088,0.03828,0.00211,0.086648,0.006882,9.950564,9.473838,9.718116,9.41815,10.305476,10.07336,10.361666,9.497214,9.754444,9.585016,0,0,0,0,0,0
2025/04/26 15:26:00.932,n,14.24286,5.8102,0.034817,0.002539,0.084674,0.018988,9.954942,9.47234,9.734188,9.432808,10.301098,10.067762,10.367278,9.50016,9.748912,9.582056,0,0,0,0,0,0
2025/04/26 15:27:00.933,n,14.2412,5.764905,0.032422,0.001186,0.091042,0.018388,9.960798,9.478182,9.742974,9.431328,10.280646,10.070514,10.356132,9.511856,9.748912,9.579176,0,0,0,0,0,0
2025/04/26 15:28:00.924,n,14.112294,6.154291,0.032473,0.000168,0.120352,0.008169,9.941762,9.489878,9.731244,9.443056,10.277716,10.070514,10.356132,9.503038,9.748912,9.571838,0,0,0,0,0,0
2025/04/26 15:29:00.921,n,14.052774,5.809387,0.031966,0.000346,0.111014,0.015042,9.940314,9.495784,9.744406,9.44597,10.273356,10.070514,10.358882,9.506,9.74055,9.573336,0,0,0,0,0,0
2025/04/26 15:30:00.923,n,14.034512,5.499372,0.031691,0.000313,0.113879,0.018332,9.931528,9.495784,9.757568,9.441626,10.274836,10.070514,10.367278,9.508944,9.748912,9.56743,0,0,0,0,0,0
2025/04/26 15:31:00.917,n,14.094166,5.936409,0.032282,0.000304,0.11528,0.00425,9.96786,9.540896,9.789522,9.49401,10.293532,10.004566,10.295518,9.54236,9.674416,9.59647,0,0,0,0,0,0
2025/04/26 15:32:00.921,n,14.06609,5.681581,0.032008,0.000218,0.108771,0.007477,9.95032,9.537952,9.790954,9.49401,10.284778,10.00172,10.295518,9.545272,9.680142,9.597934,0,0,0,0,0,0
2025/04/26 15:33:00.925,n,14.072632,6.232661,0.032986,0.000474,0.074961,0.007331,9.953232,9.53211,9.809972,9.480848,10.284778,10.004566,10.301132,9.54236,9.68574,9.59647,0,0,0,0,0,0
2025/04/26 15:34:00.924,n,14.047878,5.984022,0.033748,0.000694,0.058986,0.005145,9.944416,9.527736,9.811438,9.489666,10.28769,10.010098,10.30961,9.539432,9.691286,9.595006,0,0,0,0,0,0
2025/04/26 15:35:00.927,n,14.069364,6.169313,0.039216,0.002315,0.082137,0.010555,9.9518,9.521828,9.826098,9.489666,10.28338,10.01285,10.301132,9.555552,9.696916,9.599398,0,0,0,0,0,0
2025/04/26 15:36:00.931,n,14.032986,5.968922,0.040929,0.00274,0.102236,0.016352,9.935694,9.521828,9.833354,9.489666,10.281898,10.00735,10.30961,9.555552,9.680142,9.602312,0,0,0,0,0,0
2025/04/26 15:37:00.920,n,13.915504,7.280439,0.047103,0.001479,0.116317,0.006746,9.92694,9.54236,9.824632,9.495474,10.261396,10.018462,10.31236,9.539432,9.691286,9.586252,0,0,0,0,0,0
2025/04/26 15:38:00.918,n,13.912232,5.758827,0.040893,0.001454,0.112082,0.005382,9.9211,9.540896,9.831874,9.516036,10.270182,10.00735,10.30961,9.552576,9.680142,9.587684,0,0,0,0,0,0
2025/04/26 15:39:00.918,n,13.976734,5.742872,0.035118,0.001909,0.118404,0.003237,9.91088,9.546672,9.852388,9.51895,10.27456,10.00735,10.301132,9.551112,9.680142,9.583308,0,0,0,0,0,0
2025/04/26 15:40:00.920,n,14.074292,6.458705,0.036951,0.000699,0.109831,0.006173,9.915258,9.551112,9.85535,9.53211,10.276024,10.00172,10.303978,9.545272,9.677262,9.581842,0,0,0,0,0,0
2025/04/26 15:41:00.922,n,14.130544,5.768434,0.03464,0.002023,0.078186,0.009474,9.907904,9.546672,9.864072,9.53499,10.28338,10.004566,10.295518,9.564274,9.680142,9.584774,0,0,0,0,0,0
2025/04/26 15:42:00.924,n,13.95691,6.04405,0.037515,0.001483,0.076903,0.005282,9.902094,9.545272,9.868448,9.53211,10.280434,10.00172,10.289986,9.571594,9.68574,9.580396,0,0,0,0,0,0
2025/04/26 15:43:00.927,n,13.898998,5.935597,0.038916,0.000727,0.055384,0.006116,9.894774,9.551112,9.872824,9.53211,10.278936,9.996204,10.292768,9.571594,9.668882,9.597934,0,0,0,0,0,0
2025/04/26 15:44:00.928,n,13.902322,6.250459,0.046367,0.00229,0.050787,0.004897,9.8889,9.53211,9.875768,9.539432,10.286242,9.996204,10.289986,9.57597,9.674416,9.592094,0,0,0,0,0,0
2025/04/26 15:45:00.935,n,13.88738,5.46761,0.051055,0.002691,0.032205,0.004225,9.885988,9.539432,9.890364,9.545272,10.284778,9.987726,10.278838,9.583308,9.65774,9.599398,0,0,0,0,0,0
2025/04/26 15:46:00.916,n,13.925466,6.133937,0.05248,0.001964,0.030297,0.001017,9.88161,9.552576,9.872824,9.551112,10.268766,9.990574,10.287234,9.568716,9.65774,9.583308,0,0,0,0,0,0
2025/04/26 15:47:00.919,n,13.95691,5.825319,0.046125,0.003391,0.02858,0.001322,9.864072,9.558434,9.884556,9.574492,10.273094,9.990574,10.27599,9.577468,9.65774,9.580396,0,0,0,0,0,0
2025/04/26 15:48:00.921,n,13.989968,6.34803,0.043618,0.001328,0.028827,0.000195,9.861144,9.549648,9.878682,9.573028,10.277472,9.987726,10.267612,9.580396,9.65774,9.587684,0,0,0,0,0,0
2025/04/26 15:49:00.922,n,14.031372,6.600807,0.040573,0.001312,0.028343,8.777572e-05,9.850908,9.555552,9.89183,9.57597,10.28769,9.970952,10.267612,9.581842,9.654892,9.584774,0,0,0,0,0,0
2025/04/26 15:50:00.922,n,14.085866,5.484937,0.03767,0.00138,0.02844,9.292954e-05,9.849444,9.545272,9.89331,9.577468,10.281898,9.976466,10.267612,9.580396,9.646626,9.590628,0,0,0,0,0,0
2025/04/26 15:51:00.926,n,14.15867,6.446919,0.037531,0.000438,0.02815,0.000247,9.852388,9.55409,9.899182,9.571594,10.28769,9.979346,10.26198,9.584774,9.646626,9.590628,0,0,0,0,0,0
2025/04/26 15:52:00.928,n,14.26775,4.642933,0.03534,0.001247,0.028854,0.000288,9.849444,9.54236,9.899182,9.581842,10.294998,9.973702,10.253584,9.602312,9.640998,9.600846,0,0,0,0,0,0
2025/04/26 15:53:00.929,n,14.213208,6.146595,0.038782,0.002075,0.028053,0.000166,9.843636,9.551112,9.900582,9.571594,10.294998,9.973702,10.259132,9.600846,9.640998,9.593558,0,0,0,0,0,0
2025/04/26 15:54:00.934,n,14.122342,5.805073,0.034921,0.000857,0.028762,0.000226,9.831874,9.546672,9.899182,9.578932,10.292068,9.970952,10.256368,9.600846,9.640998,9.593558,0,0,0,0,0,0
2025/04/26 15:55:00.922,n,14.059448,5.704255,0.033218,0.000408,0.030716,0.000714,9.817312,9.555552,9.890364,9.600846,10.294998,9.970952,10.247986,9.58915,9.646626,9.593558,0,0,0,0,0,0
2025/04/26 15:56:00.920,n,14.014772,6.153572,0.035372,0.000705,0.032109,0.000422,9.823118,9.555552,9.894774,9.600846,10.299376,9.959806,10.245236,9.597934,9.63815,9.58915,0,0,0,0,0,0
2025/04/26 15:57:00.921,n,14.014772,6.217121,0.040888,0.002709,0.032687,0.000919,9.817312,9.559866,9.894774,9.606752,10.30961,9.965354,10.242388,9.599398,9.629772,9.584774,0,0,0,0,0,0
2025/04/26 15:58:00.922,n,13.99661,5.926167,0.043396,0.000624,0.031986,0.000248,9.815878,9.56281,9.905024,9.608152,10.316884,9.959806,10.23684,9.605288,9.624128,9.587684,0,0,0,0,0,0
2025/04/26 15:59:00.925,n,14.051148,5.816829,0.042988,0.000505,0.031916,0.000575,9.805614,9.556952,9.902094,9.614008,10.318364,9.962604,10.242388,9.606752,9.632522,9.590628,0,0,0,0,0,0
2025/04/26 16:00:00.929,n,14.036304,6.252076,0.043675,0.001165,0.03159,0.000286,9.801218,9.552576,9.89183,9.616968,10.318364,9.951428,10.239606,9.608152,9.624128,9.587684,0,0,0,0,0,0
2025/04/26 16:01:00.924,n,14.01643,5.648933,0.041778,0.000918,0.030024,0.000751,9.811438,9.57597,9.91381,9.631578,10.338802,9.923426,10.203238,9.628666,9.590628,9.605288,0,0,0,0,0,0
2025/04/26 16:02:00.927,n,13.93998,5.406469,0.037831,0.001187,0.029771,0.000412,9.754624,9.516232,9.85989,9.577712,10.287806,9.943372,10.220406,9.583552,9.607858,9.560174,0,0,0,0,0,0
2025/04/26 16:03:00.927,n,13.934998,5.93225,0.035164,0.001261,0.030233,0.000706,9.754624,9.519194,9.87014,9.586496,10.28053,9.946252,10.231648,9.582088,9.610736,9.55871,0,0,0,0,0,0
2025/04/26 16:04:00.913,n,13.958192,6.276891,0.032758,0.000784,0.033419,0.00097,9.748782,9.522138,9.849656,9.592338,10.264454,9.946252,10.220406,9.586496,9.605012,9.552822,0,0,0,0,0,0
2025/04/26 16:05:00.918,n,13.9912,5.743431,0.032566,0.000301,0.034226,0.000527,9.74003,9.522138,9.846694,9.60109,10.276122,9.940558,10.223254,9.590874,9.605012,9.552822,0,0,0,0,0,0
2025/04/26 16:06:00.916,n,14.030946,5.962322,0.038358,0.001462,0.032173,0.000925,9.729812,9.519194,9.834998,9.596714,10.270264,9.946252,10.217624,9.587928,9.607858,9.547014,0,0,0,0,0,0
2025/04/26 16:07:00.917,n,13.976358,6.13839,0.040645,0.00096,0.030785,0.000547,9.729812,9.523602,9.837974,9.59377,10.274674,9.949004,10.217624,9.58059,9.610736,9.542572,0,0,0,0,0,0
2025/04/26 16:08:00.922,n,13.987926,5.868767,0.041459,0.001003,0.032381,0.000796,9.718066,9.513288,9.839438,9.587928,10.271744,9.95177,10.220406,9.58059,9.602228,9.549956,0,0,0,0,0,0
2025/04/26 16:09:00.923,n,13.95985,6.16646,0.037965,0.001578,0.037591,0.001438,9.709312,9.510442,9.836494,9.590874,10.270264,9.95177,10.220406,9.577712,9.607858,9.545516,0,0,0,0,0,0
2025/04/26 16:10:00.925,n,14.012734,7.682128,0.038601,0.0017,0.034526,0.006895,9.706368,9.503072,9.836494,9.586496,10.268766,9.946252,10.223254,9.595248,9.605012,9.555734,0,0,0,0,0,0
2025/04/26 16:11:00.926,n,14.15995,5.934368,0.029539,0.001326,0.034087,0.002057,9.706368,9.503072,9.833564,9.583552,10.26299,9.946252,10.209178,9.587928,9.599464,9.542572,0,0,0,0,0,0
2025/04/26 16:12:00.934,n,14.244274,5.332836,0.029404,0.000409,0.033002,0.000532,9.706368,9.491376,9.834998,9.579176,10.258612,9.946252,10.212026,9.592338,9.602228,9.55871,0,0,0,0,0,0
2025/04/26 16:13:00.922,n,14.22113,5.776299,0.030867,0.000799,0.035524,0.001062,9.694672,9.503072,9.813146,9.596714,10.245482,9.943372,10.209178,9.586496,9.593866,9.547014,0,0,0,0,0,0
2025/04/26 16:14:00.915,n,14.15165,5.985546,0.030396,0.000537,0.036654,0.000932,9.691742,9.503072,9.813146,9.598178,10.238158,9.940558,10.20643,9.587928,9.602228,9.536798,0,0,0,0,0,0
2025/04/26 16:15:00.918,n,14.105358,5.901012,0.029493,0.000822,0.042842,0.002412,9.688894,9.511856,9.810184,9.604034,10.246912,9.937778,10.20363,9.589394,9.593866,9.538196,0,0,0,0,0,0
2025/04/26 16:16:00.923,n,14.087196,5.834362,0.028371,0.000627,0.048076,0.002893,9.68743,9.511856,9.80724,9.595248,10.235262,9.935026,10.189652,9.590874,9.585486,9.548478,0,0,0,0,0,0
2025/04/26 16:17:00.922,n,14.05409,6.31566,0.028407,0.000125,0.051566,0.002776,9.682988,9.503072,9.80724,9.599626,10.239656,9.929398,10.19525,9.586496,9.591084,9.53961,0,0,0,0,0,0
2025/04/26 16:18:00.925,n,13.996228,5.893358,0.028901,0.000205,0.059519,0.00186,9.678612,9.49728,9.810184,9.589394,10.244016,9.932178,10.192402,9.598178,9.585486,9.545516,0,0,0,0,0,0
2025/04/26 16:19:00.926,n,13.984658,5.98604,0.029908,0.000251,0.067343,0.002603,9.671292,9.491376,9.808704,9.587928,10.238158,9.935026,10.186886,9.592338,9.582724,9.536798,0,0,0,0,0,0
2025/04/26 16:20:00.932,n,14.021034,6.159972,0.030224,0.000165,0.087195,0.006535,9.677148,9.498694,9.813146,9.592338,10.236694,9.932178,10.184024,9.604034,9.574344,9.557198,0,0,0,0,0,0
2025/04/26 16:21:00.931,n,14.045838,6.082176,0.030157,0.000189,0.108056,0.006142,9.674236,9.49435,9.802896,9.586496,10.239656,9.918252,10.186886,9.602554,9.568618,9.555734,0,0,0,0,0,0
2025/04/26 16:22:00.916,n,14.011074,5.988476,0.028449,0.000336,0.113632,0.000927,9.662506,9.488444,9.799984,9.602554,10.217752,9.921002,10.172778,9.604034,9.571496,9.545516,0,0,0,0,0,0
2025/04/26 16:23:00.919,n,14.039246,6.047026,0.027841,0.000158,0.107518,0.002037,9.65813,9.504536,9.789702,9.598178,10.227972,9.921002,10.164398,9.604034,9.565868,9.54405,0,0,0,0,0,0
2025/04/26 16:24:00.920,n,14.04252,6.051244,0.027825,6.823938e-05,0.101219,0.002222,9.655232,9.495814,9.785326,9.598178,10.208966,9.915502,10.17003,9.604034,9.563118,9.535316,0,0,0,0,0,0
2025/04/26 16:25:00.921,n,14.075624,6.12199,0.029269,0.000535,0.110404,0.004805,9.655232,9.504536,9.786804,9.599626,10.219218,9.907024,10.161634,9.60841,9.554724,9.548478,0,0,0,0,0,0
2025/04/26 16:26:00.926,n,14.065662,6.158355,0.031427,0.000686,0.114146,0.00362,9.65961,9.507512,9.794144,9.606932,10.227972,9.901412,10.150502,9.611308,9.551974,9.555734,0,0,0,0,0,0
2025/04/26 16:27:00.926,n,14.059022,5.986852,0.031505,0.000389,0.097743,0.004176,9.661074,9.492838,9.783894,9.604034,10.223562,9.901412,10.156036,9.618662,9.551974,9.554268,0,0,0,0,0,0
2025/04/26 16:28:00.929,n,14.087196,6.035039,0.03109,0.000461,0.087923,0.005915,9.652288,9.49728,9.794144,9.599626,10.217752,9.893032,10.144872,9.615716,9.551974,9.551356,0,0,0,0,0,0
2025/04/26 16:29:00.931,n,14.082166,5.442314,0.029861,0.000451,0.094219,0.002681,9.646448,9.495814,9.789702,9.60109,10.217752,9.887486,10.144872,9.612786,9.54083,9.560174,0,0,0,0,0,0
2025/04/26 16:30:00.933,n,14.085538,5.852459,0.031489,0.000626,0.096993,0.0038,9.655232,9.48991,9.785326,9.596714,10.211864,9.884638,10.144872,9.623004,9.54083,9.560174,0,0,0,0,0,0
2025/04/26 16:31:00.914,n,13.986268,6.113714,0.030183,0.001552,0.094401,0.002766,9.65961,9.510442,9.780948,9.621556,10.206086,9.859516,10.108506,9.63332,9.512832,9.563118,0,0,0,0,0,0
2025/04/26 16:32:00.917,n,13.820026,6.003278,0.028484,0.000899,0.091922,0.00404,9.631448,9.49541,9.76305,9.606606,10.185308,9.946774,10.201432,9.622664,9.602832,9.537804,0,0,0,0,0,0
2025/04/26 16:33:00.919,n,13.775398,6.03993,0.027559,0.001092,0.089803,0.003126,9.631448,9.483696,9.754266,9.605126,10.180948,9.960798,10.201432,9.616822,9.60568,9.54371,0,0,0,0,0,0
2025/04/26 16:34:00.923,n,13.66612,6.203455,0.027237,0.000213,0.080573,0.001177,9.616822,9.48957,9.742536,9.58469,10.16923,9.966396,10.204184,9.606606,9.61404,9.534924,0,0,0,0,0,0
2025/04/26 16:35:00.928,n,13.618074,5.929041,0.027065,0.000406,0.095766,0.005527,9.610982,9.473446,9.739672,9.58025,10.160478,9.971992,10.21258,9.605126,9.622354,9.533426,0,0,0,0,0,0
2025/04/26 16:36:00.930,n,13.682674,6.253961,0.027383,0.00015,0.101907,0.002581,9.612446,9.474912,9.742536,9.583194,10.164856,9.963614,10.21258,9.605126,9.619572,9.537804,0,0,0,0,0,0
2025/04/26 16:37:00.933,n,13.730722,6.189362,0.027409,0.000106,0.111569,0.00341,9.608068,9.466126,9.738224,9.568552,10.157598,9.971992,10.209814,9.616822,9.61404,9.539268,0,0,0,0,0,0
2025/04/26 16:38:00.932,n,13.78204,6.05727,0.027305,0.00016,0.108847,0.002543,9.610982,9.464628,9.73235,9.56268,10.145914,9.966396,10.206966,9.605126,9.6252,9.537804,0,0,0,0,0,0
2025/04/26 16:39:00.930,n,13.74229,6.081403,0.027169,0.000285,0.133301,0.009984,9.605126,9.460284,9.73676,9.568552,10.144402,9.971992,10.204184,9.6095,9.622354,9.530516,0,0,0,0,0,0
2025/04/26 16:40:00.916,n,13.740632,6.095069,0.02656,0.000263,0.1324,0.0059,9.600716,9.467606,9.717756,9.583194,10.13568,9.966396,10.201432,9.61975,9.61404,9.529052,0,0,0,0,0,0
2025/04/26 16:41:00.920,n,13.719148,6.110175,0.026753,9.694272e-05,0.143175,0.009078,9.59782,9.463164,9.707506,9.567088,10.123964,9.974776,10.206966,9.602196,9.627966,9.514426,0,0,0,0,0,0
2025/04/26 16:42:00.922,n,13.66446,6.256067,0.027107,0.000161,0.145727,0.007283,9.591946,9.457374,9.704562,9.564144,10.1225,9.977542,10.206966,9.602196,9.627966,9.515892,0,0,0,0,0,0
2025/04/26 16:43:00.924,n,13.641316,6.266248,0.028521,0.000531,0.145869,0.002654,9.58469,9.454412,9.694346,9.565624,10.107888,9.98029,10.204184,9.599284,9.633678,9.518802,0,0,0,0,0,0
2025/04/26 16:44:00.923,n,13.641316,6.35409,0.032115,0.001141,0.147594,0.001409,9.577306,9.457374,9.69869,9.556872,10.113746,9.969146,10.201432,9.599284,9.627966,9.518802,0,0,0,0,0,0
2025/04/26 16:45:00.930,n,13.671102,6.188385,0.035671,0.001035,0.143272,0.001731,9.58025,9.445626,9.694346,9.550998,10.102048,9.977542,10.215328,9.589002,9.639192,9.512946,0,0,0,0,0,0
2025/04/26 16:46:00.929,n,13.703866,5.953889,0.039417,0.000971,0.141747,0.001549,9.58962,9.452118,9.703668,9.564762,10.108474,9.911694,10.135468,9.599836,9.57052,9.531134,0,0,0,0,0,0
2025/04/26 16:47:00.930,n,13.753522,6.261873,0.041537,0.000576,0.131522,0.002885,9.58814,9.44771,9.700822,9.554512,10.10553,9.911694,10.132686,9.614494,9.5734,9.532598,0,0,0,0,0,0
2025/04/26 16:48:00.934,n,13.793222,6.306806,0.042683,0.000319,0.122836,0.002884,9.58962,9.44771,9.706612,9.557456,10.104098,9.911694,10.12424,9.620338,9.565006,9.53839,0,0,0,0,0,0
2025/04/26 16:49:00.919,n,13.78497,6.493818,0.043185,0.000575,0.124968,0.000908,9.577924,9.455048,9.678858,9.56333,10.080716,9.903316,10.129936,9.613032,9.565006,9.520902,0,0,0,0,0,0
2025/04/26 16:50:00.919,n,13.753522,6.258802,0.043479,0.000727,0.132808,0.002811,9.577924,9.45796,9.680288,9.553048,10.07196,9.911694,10.132686,9.604278,9.5734,9.516476,0,0,0,0,0,0
2025/04/26 16:51:00.923,n,13.743562,6.03846,0.042104,0.000928,0.135431,0.00047,9.564762,9.450638,9.67448,9.550168,10.069082,9.91446,10.138316,9.599836,9.57615,9.509188,0,0,0,0,0,0
2025/04/26 16:52:00.925,n,13.731992,5.72096,0.037996,0.000975,0.133918,0.000577,9.558922,9.441886,9.664198,9.547224,10.067584,9.920058,10.127088,9.595492,9.57615,9.513532,0,0,0,0,0,0
2025/04/26 16:53:00.925,n,13.73531,6.079432,0.041109,0.000704,0.132536,0.000551,9.555976,9.446246,9.668638,9.547224,10.063208,9.908814,10.129936,9.596956,9.58165,9.5121,0,0,0,0,0,0
2025/04/26 16:54:00.929,n,13.695564,6.126564,0.042213,0.000922,0.119659,0.004499,9.561852,9.441886,9.662734,9.53839,10.061744,9.908814,10.127088,9.599836,9.584528,9.5121,0,0,0,0,0,0
2025/04/26 16:55:00.929,n,13.642586,6.782923,0.040418,0.002762,0.103811,0.006112,9.5516,9.427262,9.6525,9.522382,10.050044,9.920058,10.138316,9.592548,9.587294,9.513532,0,0,0,0,0,0
2025/04/26 16:56:00.933,n,13.626034,5.880836,0.036931,0.001245,0.095041,0.002784,9.555976,9.42874,9.6525,9.526692,10.044252,9.920058,10.129936,9.58962,9.587294,9.51062,0,0,0,0,0,0
2025/04/26 16:57:00.933,n,13.5648,6.306318,0.031526,0.001755,0.088473,0.00262,9.547224,9.422834,9.653996,9.520902,10.045668,9.91446,10.132686,9.596956,9.59289,9.513532,0,0,0,0,0,0
2025/04/26 16:58:00.924,n,13.584626,5.996608,0.027373,0.00126,0.081597,0.002407,9.537006,9.41989,9.629122,9.525262,10.025216,9.92559,10.129936,9.58814,9.59564,9.496028,0,0,0,0,0,0
2025/04/26 16:59:00.921,n,13.589558,6.190809,0.025248,0.000717,0.068229,0.003763,9.52819,9.415516,9.6218,9.522382,10.019374,9.92559,10.127088,9.58526,9.59289,9.497474,0,0,0,0,0,0
2025/04/26 17:00:00.906,n,13.5565,6.242793,0.02389,0.000421,0.039697,0.007863,9.544296,9.4141,9.637874,9.5121,10.013564,9.922808,10.138316,9.596956,9.598422,9.49894,0,0,0,0,0,0
2025/04/26 17:01:00.926,n,13.54318,6.059687,0.023474,0.000177,0.042566,0.00277,9.570976,9.461294,9.664654,9.562224,10.07385,9.863616,10.067862,9.629528,9.528074,9.537366,0,0,0,0,0,0
2025/04/26 17:02:00.926,n,13.538198,6.018354,0.023105,9.759554e-05,0.031819,0.003806,9.563688,9.45539,9.66319,9.553472,10.07385,9.863616,10.065014,9.617832,9.539268,9.538846,0,0,0,0,0,0
2025/04/26 17:03:00.916,n,13.495084,6.273842,0.022543,0.000152,0.024003,0.003924,9.562224,9.440762,9.65294,9.56076,10.05634,9.874842,10.081756,9.628048,9.550444,9.534404,0,0,0,0,0,0
2025/04/26 17:04:00.917,n,13.437122,6.061793,0.022277,9.201396e-05,0.021664,0.000798,9.556382,9.430546,9.63537,9.546102,10.057756,9.880358,10.087386,9.620742,9.558824,9.521244,0,0,0,0,0,0
2025/04/26 17:05:00.919,n,13.357534,6.06471,0.022152,7.587666e-05,0.0212,0.000254,9.550528,9.43782,9.63537,9.546102,10.066576,9.888738,10.078992,9.622206,9.561574,9.521244,0,0,0,0,0,0
2025/04/26 17:06:00.920,n,13.329408,6.130781,0.022085,3.84922e-05,0.020985,0.000138,9.541774,9.43201,9.629528,9.535868,10.070952,9.885954,10.090136,9.606134,9.564338,9.515468,0,0,0,0,0,0
2025/04/26 17:07:00.909,n,13.26144,6.161287,0.022043,0.000105,0.0205,0.000177,9.549064,9.41441,9.632424,9.521244,10.076794,9.897132,10.087386,9.611958,9.570066,9.521244,0,0,0,0,0,0
2025/04/26 17:08:00.907,n,13.26144,6.178645,0.021798,0.000199,0.020209,0.000174,9.544622,9.41441,9.626584,9.521244,10.08846,9.89435,10.090136,9.616366,9.575662,9.515468,0,0,0,0,0,0
2025/04/26 17:09:00.911,n,13.258168,6.105274,0.02147,9.845924e-05,0.02009,6.53882e-05,9.553472,9.415906,9.623672,9.527148,10.097246,9.897132,10.087386,9.611958,9.575662,9.518282,0,0,0,0,0,0
2025/04/26 17:10:00.913,n,13.234924,6.127205,0.021236,0.000106,0.019734,9.40615e-05,9.530028,9.402696,9.60758,9.511026,10.097246,9.905512,10.090136,9.600228,9.58396,9.508082,0,0,0,0,0,0
2025/04/26 17:11:00.916,n,13.226624,6.508009,0.021178,5.559045e-05,0.019545,7.615511e-05,9.537366,9.4086,9.613422,9.516866,10.111842,9.902728,10.087386,9.600228,9.581162,9.494904,0,0,0,0,0,0
2025/04/26 17:12:00.916,n,13.223256,6.061958,0.021126,7.531668e-05,0.019303,9.108918e-05,9.513956,9.402696,9.592972,9.502274,10.111842,9.899882,10.093016,9.594452,9.589554,9.497864,0,0,0,0,0,0
2025/04/26 17:13:00.917,n,13.206704,6.284669,0.020876,5.325693e-05,0.019119,7.753234e-05,9.515468,9.402696,9.585604,9.502274,10.114772,9.905512,10.090136,9.595852,9.58679,9.49196,0,0,0,0,0,0
2025/04/26 17:14:00.920,n,13.228284,6.410969,0.021027,9.867398e-05,0.018963,6.172485e-05,9.49933,9.405624,9.58129,9.50512,10.123526,9.916754,10.093016,9.58269,9.589554,9.487648,0,0,0,0,0,0
2025/04/26 17:15:00.922,n,13.190102,6.178315,0.021533,0.000143,0.018844,4.825253e-05,9.503706,9.405624,9.58269,9.49933,10.132278,9.919602,10.087386,9.58269,9.595184,9.48908,0,0,0,0,0,0
2025/04/26 17:16:00.911,n,13.16525,5.989143,0.021017,0.000185,0.018725,3.380809e-05,9.50512,9.377838,9.58417,9.487648,10.136656,9.922352,10.098532,9.592972,9.592338,9.490496,0,0,0,0,0,0
2025/04/26 17:17:00.913,n,13.150308,6.374562,0.020349,0.000202,0.018536,5.672122e-05,9.496402,9.38516,9.575386,9.48908,10.12647,9.922352,10.095766,9.590044,9.597934,9.493424,0,0,0,0,0,0
2025/04/26 17:18:00.914,n,13.142056,6.115022,0.020219,7.725886e-05,0.018379,6.440978e-05,9.497864,9.382248,9.576848,9.49196,10.130816,9.913988,10.093016,9.585604,9.597934,9.486168,0,0,0,0,0,0
2025/04/26 17:19:00.912,n,13.156948,6.367793,0.020073,4.554459e-05,0.01818,6.571111e-05,9.484672,9.379318,9.569544,9.477334,10.125006,9.919602,10.090136,9.58129,9.600716,9.487648,0,0,0,0,0,0
2025/04/26 17:20:00.915,n,13.151966,6.273518,0.020344,0.000232,0.018071,7.332306e-05,9.477334,9.380782,9.559248,9.475886,10.120596,9.930732,10.098532,9.576848,9.606328,9.481742,0,0,0,0,0,0
2025/04/26 17:21:00.918,n,13.137024,6.424067,0.020928,0.000288,0.017899,8.921084e-05,9.477334,9.376374,9.549064,9.475886,10.114772,9.936246,10.087386,9.57392,9.609192,9.47299,0,0,0,0,0,0
2025/04/26 17:22:00.920,n,13.160584,6.044365,0.019906,0.000342,0.017899,3.95767e-05,9.511888,9.431328,9.606962,9.530858,10.16391,9.88462,10.044106,9.617212,9.557424,9.52357,0,0,0,0,0,0
2025/04/26 17:23:00.921,n,13.144032,6.12271,0.01953,0.000154,0.01778,7.37548e-05,9.508912,9.42399,9.586464,9.52064,10.155092,9.890218,10.046856,9.609842,9.563118,9.526482,0,0,0,0,0,0
2025/04/26 17:24:00.925,n,13.090908,6.255797,0.01942,0.00014,0.017656,5.060768e-05,9.501574,9.418182,9.586464,9.513322,10.1493,9.898598,10.046856,9.604052,9.563118,9.52064,0,0,0,0,0,0
2025/04/26 17:25:00.910,n,13.084268,6.152263,0.018883,0.000191,0.017488,5.709316e-05,9.513322,9.39767,9.590906,9.503038,10.13908,9.90138,10.052486,9.617212,9.563118,9.522104,0,0,0,0,0,0
2025/04/26 17:26:00.915,n,13.071084,6.245116,0.018883,4.507745e-05,0.01745,1.525879e-05,9.500128,9.396236,9.584984,9.49575,10.134704,9.90138,10.052486,9.612804,9.56865,9.511888,0,0,0,0,0,0
2025/04/26 17:27:00.912,n,13.01962,6.066399,0.020135,0.000401,0.017277,4.80327e-05,9.504502,9.407918,9.590906,9.500128,10.124452,9.904226,10.05525,9.615748,9.57428,9.525034,0,0,0,0,0,0
2025/04/26 17:28:00.916,n,13.011318,6.214678,0.019791,0.000205,0.017066,4.460542e-05,9.491342,9.405022,9.566016,9.504502,10.118628,9.898598,10.046856,9.605532,9.57428,9.508912,0,0,0,0,0,0
2025/04/26 17:29:00.916,n,12.986416,6.297985,0.018888,0.000314,0.016964,5.245603e-05,9.494286,9.402078,9.568894,9.494286,10.10841,9.912686,10.041356,9.609842,9.56865,9.507446,0,0,0,0,0,0
2025/04/26 17:30:00.918,n,12.969814,6.082085,0.01823,0.000123,0.016769,4.825253e-05,9.4855,9.39915,9.563088,9.49575,10.093812,9.904226,10.049734,9.601124,9.579794,9.503038,0,0,0,0,0,0
2025/04/26 17:31:00.925,n,13.01962,5.999596,0.017974,9.00878e-05,0.016839,3.051758e-05,9.486966,9.418182,9.579208,9.501574,10.11272,9.88462,10.018886,9.606962,9.54903,9.513322,0,0,0,0,0,0
2025/04/26 17:32:00.932,n,12.994668,5.944689,0.017477,0.000144,0.016509,8.68058e-05,9.475252,9.407918,9.574768,9.492822,10.102568,9.898598,10.030114,9.59237,9.563118,9.510408,0,0,0,0,0,0
2025/04/26 17:33:00.931,n,12.964832,6.272289,0.017184,0.000113,0.01652,7.259779e-05,9.466498,9.385956,9.557178,9.478182,10.09235,9.909856,10.038508,9.59237,9.577028,9.508912,0,0,0,0,0,0
2025/04/26 17:34:00.916,n,12.946622,5.90711,0.017079,4.315837e-05,0.016541,8.34491e-05,9.470844,9.390332,9.54254,9.488414,10.06752,9.904226,10.030114,9.599626,9.571496,9.501574,0,0,0,0,0,0
2025/04/26 17:35:00.919,n,12.908436,6.095574,0.016755,0.000117,0.017218,0.000232,9.466498,9.388852,9.551388,9.488414,10.058734,9.909856,10.030114,9.596682,9.577028,9.504502,0,0,0,0,0,0
2025/04/26 17:36:00.921,n,12.878506,6.172863,0.016378,0.000128,0.017007,0.000143,9.453274,9.38158,9.541076,9.486966,10.051446,9.915468,10.030114,9.589426,9.57428,9.494286,0,0,0,0,0,0
2025/04/26 17:37:00.925,n,12.86195,6.265013,0.016215,4.781186e-05,0.016288,0.000219,9.454754,9.385956,9.535266,9.478182,10.042642,9.915468,10.038508,9.586464,9.579794,9.494286,0,0,0,0,0,0
2025/04/26 17:38:00.927,n,12.863564,6.108422,0.016043,5.782988e-05,0.016126,5.325693e-05,9.441592,9.3801,9.525034,9.463556,10.038264,9.923848,10.032992,9.573304,9.582642,9.484036,0,0,0,0,0,0
2025/04/26 17:39:00.929,n,12.84203,6.15924,0.015933,3.473451e-05,0.015851,0.000143,9.43284,9.369884,9.52357,9.454754,10.026566,9.926598,10.030114,9.571838,9.59102,9.486966,0,0,0,0,0,0
2025/04/26 17:40:00.932,n,12.812146,6.134081,0.015745,5.384979e-05,0.015452,0.000194,9.42256,9.363978,9.516232,9.450378,10.020724,9.926598,10.038508,9.571838,9.59102,9.486966,0,0,0,0,0,0
2025/04/26 17:41:00.932,n,12.775624,6.323986,0.015667,4.758999e-05,0.015161,0.000141,9.42256,9.366956,9.52357,9.454754,10.006128,9.932244,10.032992,9.567462,9.585424,9.4855,0,0,0,0,0,0
2025/04/26 17:42:00.933,n,12.764004,6.087291,0.015536,4.037096e-05,0.015204,5.80126e-05,9.426934,9.356672,9.513322,9.441592,10.003184,9.926598,10.032992,9.563088,9.588174,9.489878,0,0,0,0,0,0
2025/04/26 17:43:00.922,n,12.747402,6.329796,0.015244,9.003744e-05,0.014993,7.807643e-05,9.42256,9.36105,9.494286,9.451842,9.978354,9.934994,10.044106,9.557178,9.599398,9.469378,0,0,0,0,0,0
2025/04/26 17:44:00.923,n,12.78943,6.238284,0.015245,4.460542e-05,0.015124,4.037096e-05,9.448164,9.38812,9.524268,9.474488,9.996544,9.84562,9.943406,9.588628,9.501592,9.499362,0,0,0,0,0,0
2025/04/26 17:45:00.923,n,12.759548,6.160019,0.015135,3.411969e-05,0.014859,0.000103,9.43494,9.38228,9.516932,9.473022,9.995132,9.842774,9.946252,9.590108,9.501592,9.493522,0,0,0,0,0,0
2025/04/26 17:46:00.926,n,12.739624,5.983004,0.015021,3.380809e-05,0.014503,9.495734e-05,9.430564,9.376438,9.519842,9.475952,9.990754,9.842774,9.940656,9.590108,9.498842,9.503772,0,0,0,0,0,0
2025/04/26 17:47:00.927,n,12.732984,5.969363,0.014879,4.531162e-05,0.014319,5.74627e-05,9.427668,9.373494,9.508146,9.461328,9.974628,9.854,9.943406,9.578412,9.507236,9.487648,0,0,0,0,0,0
2025/04/26 17:48:00.929,n,12.69812,6.289401,0.014686,5.44362e-05,0.014055,8.42066e-05,9.423258,9.369054,9.503772,9.448164,9.967372,9.851154,9.943406,9.573972,9.510082,9.489112,0,0,0,0,0,0
2025/04/26 17:49:00.931,n,12.696462,6.07059,0.014561,4.241634e-05,0.01386,5.384979e-05,9.4086,9.358838,9.497898,9.452542,9.960034,9.851154,9.946252,9.562288,9.510082,9.490578,0,0,0,0,0,0
2025/04/26 17:50:00.932,n,12.656616,6.174777,0.014409,4.80327e-05,0.013698,4.847136e-05,9.414506,9.358838,9.499362,9.439348,9.961498,9.851154,9.949132,9.568162,9.51846,9.493522,0,0,0,0,0,0
2025/04/26 17:51:00.934,n,12.639966,5.967087,0.014242,5.57805e-05,0.013563,3.984321e-05,9.413042,9.35443,9.502306,9.44226,9.95128,9.851154,9.946252,9.571042,9.510082,9.490578,0,0,0,0,0,0
2025/04/26 17:52:00.925,n,12.595094,6.214975,0.014133,4.140628e-05,0.01345,4.714313e-05,9.414506,9.351534,9.487648,9.44963,9.93374,9.851154,9.946252,9.566696,9.515712,9.478896,0,0,0,0,0,0
2025/04/26 17:53:00.923,n,12.536938,6.467062,0.013986,4.364606e-05,0.01325,4.736709e-05,9.4086,9.357374,9.48324,9.43642,9.923508,9.856766,9.946252,9.563752,9.523994,9.475952,0,0,0,0,0,0
2025/04/26 17:54:00.924,n,12.522,6.365426,0.01384,3.563686e-05,0.013098,4.364606e-05,9.385192,9.342716,9.481776,9.433508,9.913288,9.856766,9.940656,9.556432,9.523994,9.467166,0,0,0,0,0,0
2025/04/26 17:55:00.925,n,12.480496,6.446389,0.013709,4.412835e-05,0.013012,2.909737e-05,9.383694,9.341236,9.471544,9.427668,9.907416,9.854,9.943406,9.555,9.521212,9.467166,0,0,0,0,0,0
2025/04/26 17:56:00.926,n,12.46067,6.603036,0.013578,4.736709e-05,0.012882,4.315837e-05,9.379336,9.335428,9.465734,9.423258,9.895718,9.859516,9.943406,9.549128,9.521212,9.467166,0,0,0,0,0,0
2025/04/26 17:57:00.931,n,12.437428,6.680654,0.013641,3.187457e-05,0.01286,1.380209e-05,9.373494,9.335428,9.465734,9.420282,9.903038,9.856766,9.943406,9.552056,9.51846,9.468614,0,0,0,0,0,0
2025/04/26 17:58:00.934,n,12.39114,6.556546,0.013625,1.951911e-05,0.012817,1.454869e-05,9.37496,9.332466,9.474488,9.413042,9.89134,9.854,9.937874,9.549128,9.523994,9.471544,0,0,0,0,0,0
2025/04/26 17:59:00.937,n,12.351392,6.54205,0.0135,4.460542e-05,0.01259,6.530723e-05,9.379336,9.335428,9.467166,9.407136,9.884066,9.851154,9.940656,9.556432,9.526822,9.473022,0,0,0,0,0,0
2025/04/26 18:00:00.936,n,12.298462,6.727505,0.013181,0.000119,0.012314,7.93537e-05,9.376438,9.325212,9.468614,9.404192,9.87237,9.859516,9.940656,9.550592,9.523994,9.471544,0,0,0,0,0,0
2025/04/26 18:01:00.919,n,12.344636,6.664623,0.013014,0.000121,0.01239,4.994611e-05,9.394854,9.350948,9.478278,9.443204,9.887794,9.773172,9.84881,9.574864,9.437754,9.481222,0,0,0,0,0,0
2025/04/26 18:02:00.921,n,12.283406,6.274755,0.012862,4.388786e-05,0.01219,6.12947e-05,9.389014,9.348004,9.465118,9.429994,9.8732,9.784446,9.865552,9.569024,9.451662,9.473902,0,0,0,0,0,0
2025/04/26 18:03:00.927,n,12.309872,6.484722,0.01271,5.143737e-05,0.012,5.133439e-05,9.340666,9.304066,9.427082,9.383174,9.838088,9.770422,9.85156,9.51929,9.437754,9.438778,0,0,0,0,0,0
2025/04/26 18:04:00.927,n,12.318124,6.428844,0.012511,5.737054e-05,0.011854,5.681443e-05,9.330434,9.299656,9.415368,9.384606,9.824926,9.784446,9.85994,9.513384,9.446148,9.428514,0,0,0,0,0,0
2025/04/26 18:05:00.930,n,12.324764,6.529064,0.012328,6.366609e-05,0.011622,7.559719e-05,9.324562,9.295344,9.413856,9.375854,9.817686,9.778816,9.85719,9.511906,9.454526,9.431458,0,0,0,0,0,0
2025/04/26 18:06:00.928,n,12.268464,6.423827,0.01215,5.472704e-05,0.011459,5.050301e-05,9.369982,9.339186,9.462156,9.419762,9.85566,9.815196,9.890706,9.55583,9.482506,9.476846,0,0,0,0,0,0
2025/04/26 18:07:00.931,n,12.230378,6.434502,0.011972,5.501635e-05,0.011264,5.873778e-05,9.3597,9.331946,9.453436,9.406584,9.851284,9.817946,9.87956,9.54711,9.482506,9.487062,0,0,0,0,0,0
2025/04/26 18:08:00.934,n,12.169148,6.452111,0.01182,5.12312e-05,0.011086,6.024983e-05,9.3597,9.318754,9.448994,9.397768,9.843994,9.820794,9.890706,9.54563,9.490788,9.475368,0,0,0,0,0,0
2025/04/26 18:09:00.937,n,12.17408,6.476006,0.011826,2.057495e-05,0.010939,4.922962e-05,9.353876,9.320186,9.451922,9.394854,9.841064,9.817946,9.887924,9.550006,9.496432,9.479742,0,0,0,0,0,0
2025/04/26 18:10:00.923,n,12.134336,6.443065,0.011867,1.751894e-05,0.010804,4.448663e-05,9.353876,9.321666,9.437298,9.41096,9.810332,9.820794,9.901898,9.53826,9.496432,9.457828,0,0,0,0,0,0
2025/04/26 18:11:00.924,n,12.10284,6.58059,0.011516,0.000133,0.010685,3.807755e-05,9.348004,9.31581,9.43292,9.40948,9.814708,9.817946,9.890706,9.53826,9.496432,9.4549,0,0,0,0,0,0
2025/04/26 18:12:00.909,n,12.03492,6.49843,0.011118,0.000107,0.010614,3.051758e-05,9.355356,9.295344,9.440242,9.38607,9.801546,9.820794,9.893552,9.548542,9.493636,9.46806,0,0,0,0,0,0
2025/04/26 18:13:00.911,n,11.981892,6.536638,0.01094,5.424143e-05,0.010441,5.039812e-05,9.34654,9.298224,9.428514,9.377268,9.789896,9.823558,9.887924,9.54563,9.49928,9.460708,0,0,0,0,0,0
2025/04/26 18:14:00.913,n,11.993512,6.597484,0.010757,4.80327e-05,0.010332,3.95767e-05,9.345092,9.298224,9.421176,9.389014,9.781076,9.82927,9.890706,9.544134,9.496432,9.460708,0,0,0,0,0,0
2025/04/26 18:15:00.921,n,11.96534,6.537926,0.010594,5.615868e-05,0.010132,5.008215e-05,9.331946,9.290902,9.41096,9.38755,9.767916,9.826406,9.899084,9.532452,9.49928,9.440242,0,0,0,0,0,0
2025/04/26 18:16:00.919,n,11.923886,6.585418,0.010374,6.12947e-05,0.009942,5.424143e-05,9.33341,9.28796,9.400696,9.381662,9.757666,9.823558,9.896302,9.526564,9.49928,9.437298,0,0,0,0,0,0
2025/04/26 18:17:00.922,n,11.907284,6.243859,0.010154,6.962119e-05,0.009709,6.792849e-05,9.330434,9.29388,9.394854,9.378734,9.754786,9.823558,9.893552,9.522188,9.504876,9.437298,0,0,0,0,0,0
2025/04/26 18:18:00.921,n,11.939796,6.415341,0.010027,6.706613e-05,0.009606,6.651152e-05,9.286952,9.26943,9.380686,9.35866,9.728836,9.810512,9.871946,9.49484,9.486152,9.40847,0,0,0,0,0,0
2025/04/26 18:19:00.906,n,11.908254,6.533346,0.009812,7.18652e-05,0.0094,6.498231e-05,9.289896,9.24599,9.377726,9.333802,9.725956,9.807664,9.874762,9.50652,9.488902,9.424544,0,0,0,0,0,0
2025/04/26 18:20:00.909,n,11.845264,6.32283,0.009592,6.274515e-05,0.009204,6.769439e-05,9.29284,9.24451,9.37478,9.333802,9.721516,9.802132,9.871946,9.502112,9.483354,9.417256,0,0,0,0,0,0
2025/04/26 18:21:00.913,n,11.828664,6.618631,0.009397,5.511244e-05,0.009004,5.980907e-05,9.29136,9.243044,9.369004,9.329458,9.706922,9.816026,9.874762,9.49336,9.494496,9.405542,0,0,0,0,0,0
2025/04/26 18:22:00.914,n,11.755764,6.681124,0.009219,5.727823e-05,0.008884,4.272709e-05,9.279646,9.24742,9.360124,9.325018,9.705458,9.807664,9.874762,9.49336,9.494496,9.415792,0,0,0,0,0,0
2025/04/26 18:23:00.918,n,11.732472,6.448642,0.009098,4.010796e-05,0.008716,5.184723e-05,9.26943,9.24451,9.35866,9.320642,9.686438,9.810512,9.8664,9.49043,9.491652,9.405542,0,0,0,0,0,0
2025/04/26 18:24:00.918,n,11.699318,6.518197,0.008883,6.23645e-05,0.008542,5.360356e-05,9.256206,9.238606,9.336714,9.333802,9.677636,9.818872,9.877542,9.477268,9.494496,9.396758,0,0,0,0,0,0
2025/04/26 18:25:00.919,n,11.676076,6.645303,0.008678,6.232206e-05,0.008358,5.80126e-05,9.253294,9.24742,9.345562,9.332402,9.677636,9.816026,9.869164,9.478734,9.502876,9.387974,0,0,0,0,0,0
2025/04/26 18:26:00.921,n,11.591504,6.848257,0.008536,4.291246e-05,0.008189,5.280792e-05,9.24742,9.235708,9.332402,9.316248,9.671844,9.810512,9.877542,9.468516,9.500044,9.38651,0,0,0,0,0,0
2025/04/26 18:27:00.926,n,11.55,6.609152,0.00841,4.030537e-05,0.008059,3.990956e-05,9.241582,9.229884,9.332402,9.316248,9.665938,9.818872,9.869164,9.462612,9.494496,9.387974,0,0,0,0,0,0
2025/04/26 18:28:00.913,n,11.511868,6.745028,0.008263,4.949761e-05,0.007912,4.297407e-05,9.251828,9.219604,9.344084,9.310392,9.655722,9.813276,9.8664,9.474308,9.500044,9.390884,0,0,0,0,0,0
2025/04/26 18:29:00.910,n,11.483644,6.588089,0.008095,5.315748e-05,0.007755,4.725524e-05,9.24451,9.213732,9.332402,9.303056,9.647,9.810512,9.871946,9.467052,9.505674,9.387974,0,0,0,0,0,0
2025/04/26 18:30:00.910,n,11.422218,6.677902,0.007921,5.38989e-05,0.007586,5.002929e-05,9.240102,9.219604,9.320642,9.29284,9.636686,9.816026,9.871946,9.468516,9.50852,9.37919,0,0,0,0,0,0
2025/04/26 18:31:00.916,n,11.415578,6.765762,0.00779,6.238267e-05,0.007451,6.340731e-05,9.248884,9.234228,9.339658,9.313338,9.647,9.790806,9.841246,9.471364,9.475008,9.401166,0,0,0,0,0,0
2025/04/26 18:32:00.916,n,11.35249,6.903665,0.007632,4.418826e-05,0.007299,4.933699e-05,9.235708,9.21814,9.323554,9.307496,9.63815,9.793654,9.846874,9.469932,9.477758,9.38651,0,0,0,0,0,0
2025/04/26 18:33:00.920,n,11.319242,6.903347,0.007506,3.758801e-05,0.007147,4.47239e-05,9.226924,9.22398,9.310392,9.310392,9.633808,9.799284,9.849626,9.464108,9.483354,9.373318,0,0,0,0,0,0
2025/04/26 18:34:00.922,n,11.2229,7.154324,0.007348,4.442712e-05,0.006996,4.965771e-05,9.209388,9.21814,9.301592,9.310392,9.624958,9.796404,9.852422,9.452394,9.494496,9.373318,0,0,0,0,0,0
2025/04/26 18:35:00.924,n,11.159814,7.106759,0.007191,5.539974e-05,0.006828,5.184723e-05,9.213732,9.215196,9.307496,9.298648,9.62211,9.802132,9.852422,9.447988,9.486152,9.37182,0,0,0,0,0,0
2025/04/26 18:36:00.927,n,11.08003,7.284408,0.006997,5.625282e-05,0.006644,5.713949e-05,9.197628,9.215196,9.301592,9.2958,9.607484,9.804914,9.855268,9.44361,9.49728,9.36162,0,0,0,0,0,0
2025/04/26 18:37:00.909,n,11.048436,7.251943,0.006803,6.125152e-05,0.006454,5.592262e-05,9.206444,9.188826,9.298648,9.273808,9.600114,9.813276,9.85802,9.453858,9.505674,9.367494,0,0,0,0,0,0
2025/04/26 18:38:00.915,n,10.965378,7.482608,0.006598,5.453331e-05,0.006259,5.475121e-05,9.197628,9.19029,9.29284,9.27667,9.586952,9.813276,9.863648,9.453858,9.502876,9.3631,0,0,0,0,0,0
2025/04/26 18:39:00.920,n,10.880566,7.734579,0.006415,5.676784e-05,0.006086,5.676784e-05,9.202036,9.191754,9.284056,9.285488,9.591362,9.813276,9.855268,9.446506,9.494496,9.3631,0,0,0,0,0,0
2025/04/26 18:40:00.919,n,10.825784,7.757965,0.006342,6.316543e-05,0.006043,5.690749e-05,9.219816,9.221264,9.309204,9.307708,9.610672,9.75778,9.813766,9.46873,9.455844,9.395554,0,0,0,0,0,0
2025/04/26 18:41:00.921,n,10.75425,7.893787,0.006185,5.089441e-05,0.005875,5.010855e-05,9.218416,9.22569,9.307708,9.309204,9.606262,9.766142,9.808134,9.470224,9.455844,9.385304,0,0,0,0,0,0
2025/04/26 18:42:00.925,n,10.670998,8.374006,0.006012,5.202554e-05,0.005696,5.073821e-05,9.196376,9.216936,9.29598,9.300388,9.59751,9.76899,9.822144,9.455566,9.46699,9.373592,0,0,0,0,0,0
2025/04/26 18:43:00.927,n,10.607816,8.31283,0.005838,5.482365e-05,0.005528,5.09204e-05,9.194976,9.205192,9.2843,9.290108,9.582852,9.771868,9.81661,9.449728,9.472616,9.37652,0,0,0,0,0,0
2025/04/26 18:44:00.927,n,10.597806,8.426332,0.005665,5.43389e-05,0.005371,4.772878e-05,9.187624,9.209568,9.294516,9.291604,9.588724,9.766142,9.81661,9.451142,9.464142,9.372128,0,0,0,0,0,0
2025/04/26 18:45:00.931,n,10.496288,8.531434,0.005518,4.917585e-05,0.005202,4.893313e-05,9.18616,9.202248,9.287228,9.28282,9.582852,9.766142,9.813766,9.442358,9.469868,9.375058,0,0,0,0,0,0
2025/04/26 18:46:00.916,n,10.371388,8.910694,0.005345,4.957773e-05,0.005034,4.80327e-05,9.196376,9.190568,9.291604,9.276946,9.56237,9.76899,9.822144,9.45264,9.472616,9.372128,0,0,0,0,0,0
2025/04/26 18:47:00.917,n,10.278126,8.86615,0.005188,4.825253e-05,0.004866,5.09204e-05,9.183248,9.18616,9.276946,9.274018,9.559474,9.771868,9.81661,9.443854,9.469868,9.364808,0,0,0,0,0,0
2025/04/26 18:48:00.917,n,10.166504,9.109492,0.004999,5.308277e-05,0.004692,5.315748e-05,9.171502,9.178824,9.262322,9.268164,9.540442,9.771868,9.81661,9.437982,9.480994,9.358934,0,0,0,0,0,0
2025/04/26 18:49:00.921,n,10.091504,9.088746,0.004831,4.728323e-05,0.00453,5.045059e-05,9.168592,9.18616,9.262322,9.26673,9.534552,9.774618,9.81661,9.435102,9.475464,9.354526,0,0,0,0,0,0
2025/04/26 18:50:00.924,n,10.073148,9.963916,0.004683,4.281987e-05,0.004367,4.800515e-05,9.156878,9.18175,9.260858,9.26673,9.540442,9.77737,9.811,9.429196,9.469868,9.35599,0,0,0,0,0,0
2025/04/26 18:51:00.927,n,10.003174,9.780304,0.004521,5.197466e-05,0.004193,5.231714e-05,9.150972,9.18175,9.257914,9.262322,9.534552,9.77737,9.813766,9.426252,9.475464,9.348736,0,0,0,0,0,0
2025/04/26 18:52:00.926,n,9.891408,10.033484,0.004347,4.836207e-05,0.00403,5.18855e-05,9.145118,9.180286,9.25645,9.260858,9.531686,9.774618,9.808134,9.42334,9.472616,9.35599,0,0,0,0,0,0
2025/04/26 18:53:00.928,n,9.831398,10.11612,0.004179,4.996314e-05,0.003867,5.067299e-05,9.134902,9.170038,9.24329,9.247632,9.51262,9.785764,9.811,9.41166,9.483842,9.345774,0,0,0,0,0,0
2025/04/26 18:54:00.933,n,9.846616,9.935832,0.004127,5.219055e-05,0.00383,4.815648e-05,9.159286,9.19008,9.276458,9.273578,9.541416,9.692588,9.728952,9.438958,9.393488,9.370194,0,0,0,0,0,0
2025/04/26 18:55:00.920,n,9.743146,10.612164,0.003969,4.836207e-05,0.003677,4.696037e-05,9.165174,9.188614,9.273578,9.276458,9.528256,9.692588,9.723352,9.453582,9.396236,9.370194,0,0,0,0,0,0
2025/04/26 18:56:00.916,n,9.703156,10.725018,0.003833,4.320433e-05,0.003525,4.563164e-05,9.154894,9.179798,9.264778,9.272082,9.519438,9.689838,9.726104,9.440422,9.396236,9.373072,0,0,0,0,0,0
2025/04/26 18:57:00.918,n,9.61961,11.130394,0.00367,4.372177e-05,0.003373,4.213471e-05,9.154894,9.188614,9.25889,9.270618,9.513628,9.689838,9.728952,9.443366,9.399084,9.36725,0,0,0,0,0,0
2025/04/26 18:58:00.927,n,9.509896,11.780884,0.003528,4.607881e-05,0.003243,4.22914e-05,9.143166,9.182694,9.25593,9.261834,9.504844,9.692588,9.723352,9.43167,9.399084,9.361344,0,0,0,0,0,0
2025/04/26 18:59:00.923,n,9.42337,11.76474,0.003391,4.353984e-05,0.003096,4.228358e-05,9.134414,9.176854,9.238392,9.263298,9.497492,9.6982,9.720508,9.424332,9.401866,9.352592,0,0,0,0,0,0
2025/04/26 19:00:00.926,n,9.310334,12.036034,0.003228,4.584856e-05,0.002939,4.533351e-05,9.128542,9.169568,9.236928,9.250138,9.493148,9.695386,9.723352,9.427262,9.404616,9.354072,0,0,0,0,0,0
2025/04/26 19:01:00.924,n,9.24876,12.626514,0.003123,5.67462e-05,0.002846,6.047056e-05,9.137326,9.185638,9.244234,9.264778,9.501932,9.672982,9.700984,9.43458,9.385094,9.359912,0,0,0,0,0,0
2025/04/26 19:02:00.932,n,9.12391,12.840088,0.00296,5.298299e-05,0.002672,5.198738e-05,9.119726,9.173926,9.244234,9.253016,9.494562,9.675766,9.706578,9.422852,9.396236,9.365752,0,0,0,0,0,0
2025/04/26 19:03:00.930,n,9.12225,12.938818,0.002791,5.100476e-05,0.002493,5.288927e-05,9.115316,9.166638,9.238392,9.254464,9.488722,9.675766,9.703764,9.419956,9.396236,9.352592,0,0,0,0,0,0
2025/04/26 19:04:00.916,n,9.060726,13.19456,0.002607,5.402148e-05,0.002335,5.168112e-05,9.116796,9.147574,9.23252,9.244234,9.4624,9.692588,9.709362,9.427262,9.40738,9.348214,0,0,0,0,0,0
2025/04/26 19:05:00.917,n,8.992414,13.454064,0.002449,5.056845e-05,0.002177,4.642561e-05,9.108046,9.140254,9.223768,9.23545,9.453582,9.692588,9.720508,9.41558,9.41301,9.339432,0,0,0,0,0,0
2025/04/26 19:06:00.919,n,8.867512,13.781926,0.002281,5.105661e-05,0.002031,5.038828e-05,9.096284,9.141734,9.213488,9.22961,9.441886,9.6982,9.720508,9.412636,9.41301,9.336502,0,0,0,0,0,0
2025/04/26 19:07:00.923,n,8.74588,14.183948,0.002134,4.713962e-05,0.001883,4.212686e-05,9.080164,9.140254,9.198862,9.231056,9.437492,9.695386,9.723352,9.39941,9.418606,9.339432,0,0,0,0,0,0
2025/04/26 19:08:00.927,n,8.635922,14.443322,0.001997,4.37142e-05,0.001742,3.948467e-05,9.074324,9.137326,9.193008,9.228144,9.430206,9.692588,9.723352,9.393602,9.418606,9.330662,0,0,0,0,0,0
2025/04/26 19:09:00.924,n,8.539192,14.822772,0.00186,4.493048e-05,0.001595,4.469061e-05,9.071414,9.124102,9.19008,9.209078,9.41846,9.695386,9.728952,9.387728,9.41301,9.32038,0,0,0,0,0,0
2025/04/26 19:10:00.931,n,8.424152,15.346856,0.001707,4.284304e-05,0.001454,4.417891e-05,9.061166,9.12267,9.185638,9.197384,9.412636,9.703764,9.726104,9.38041,9.426984,9.316004,0,0,0,0,0,0
2025/04/26 19:11:00.931,n,8.38768,15.833524,0.001701,4.416206e-05,0.001465,3.936093e-05,9.086686,9.155528,9.217034,9.234684,9.444034,9.671634,9.694004,9.411872,9.397604,9.356204,0,0,0,0,0,0
2025/04/26 19:12:00.932,n,8.342613,15.67681,0.001596,3.765834e-05,0.00135,3.298365e-05,9.089584,9.154064,9.214122,9.231724,9.445498,9.677262,9.69685,9.413286,9.400484,9.353242,0,0,0,0,0,0
2025/04/26 19:13:00.916,n,8.302574,15.902708,0.001464,3.792307e-05,0.001236,3.413907e-05,9.089584,9.143816,9.205338,9.239044,9.423568,9.668882,9.702382,9.423568,9.403248,9.35033,0,0,0,0,0,0
2025/04/26 19:14:00.917,n,8.232506,16.166856,0.001364,3.321596e-05,0.001121,3.213807e-05,9.077838,9.140904,9.20241,9.227282,9.411872,9.682776,9.69685,9.414752,9.405998,9.3474,0,0,0,0,0,0
2025/04/26 19:15:00.920,n,8.137341,16.315012,0.00127,3.045792e-05,0.001034,2.942655e-05,9.073494,9.135032,9.20241,9.225818,9.397214,9.674384,9.694004,9.40891,9.403248,9.341546,0,0,0,0,0,0
2025/04/26 19:16:00.924,n,8.113999,16.413238,0.001175,2.728788e-05,0.000936,2.939562e-05,9.05152,9.135032,9.181912,9.218532,9.38843,9.68564,9.70523,9.39427,9.411628,9.331296,0,0,0,0,0,0
2025/04/26 19:17:00.926,n,8.10233,16.71981,0.001085,2.607309e-05,0.000849,2.79258e-05,9.054398,9.126216,9.180432,9.217034,9.389844,9.688406,9.70523,9.397214,9.417142,9.32692,0,0,0,0,0,0
2025/04/26 19:18:00.928,n,8.052231,17.068014,0.001006,2.937311e-05,0.000767,2.589968e-05,9.033902,9.123272,9.174594,9.20241,9.38259,9.688406,9.699634,9.38402,9.414376,9.325456,0,0,0,0,0,0
2025/04/26 19:19:00.934,n,7.948666,17.554362,0.000916,2.703522e-05,0.00068,2.292067e-05,9.029494,9.10868,9.174594,9.186288,9.381092,9.691156,9.707994,9.378148,9.42277,9.325456,0,0,0,0,0,0
2025/04/26 19:20:00.933,n,7.924069,18.06748,0.000938,2.661138e-05,0.000702,2.49269e-05,9.045224,9.124344,9.184418,9.20786,9.390918,9.627658,9.644302,9.39679,9.362026,9.338242,0,0,0,0,0,0
2025/04/26 19:21:00.935,n,7.825485,18.455358,0.00088,1.776498e-05,0.000637,2.0371e-05,9.03937,9.119936,9.175602,9.20345,9.38363,9.62481,9.641552,9.393848,9.35643,9.341156,0,0,0,0,0,0
2025/04/26 19:22:00.921,n,7.805416,18.92804,0.000806,2.383492e-05,0.00056,2.351362e-05,9.042312,9.1126,9.172722,9.204914,9.363116,9.635954,9.644302,9.390918,9.362026,9.327994,0,0,0,0,0,0
2025/04/26 19:23:00.921,n,7.700096,18.986114,0.000748,1.788558e-05,0.000506,2.042066e-05,9.029088,9.115528,9.162442,9.20638,9.35578,9.627658,9.63319,9.387942,9.362026,9.323554,0,0,0,0,0,0
2025/04/26 19:24:00.925,n,7.593163,19.40282,0.00068,2.318073e-05,0.000435,2.210489e-05,9.0144,9.10676,9.155138,9.194668,9.341156,9.630406,9.638784,9.380686,9.367558,9.313338,0,0,0,0,0,0
2025/04/26 19:25:00.924,n,7.521191,19.530694,0.000627,2.013319e-05,0.000381,1.891569e-05,9.017344,9.103784,9.14341,9.188826,9.339706,9.635954,9.644302,9.374812,9.373186,9.308928,0,0,0,0,0,0
2025/04/26 19:26:00.929,n,7.454296,19.724872,0.000569,1.624558e-05,0.000315,1.764093e-05,8.999712,9.093568,9.144874,9.181442,9.335282,9.630406,9.638784,9.370404,9.370322,9.307432,0,0,0,0,0,0
2025/04/26 19:27:00.926,n,7.350537,20.345682,0.000511,1.550271e-05,0.000255,1.677146e-05,8.990944,9.090624,9.136072,9.177066,9.320624,9.63319,9.652694,9.365996,9.381546,9.305984,0,0,0,0,0,0
2025/04/26 19:28:00.932,n,7.305321,20.59381,0.000474,1.425518e-05,0.000212,1.656093e-05,8.986616,9.078912,9.141912,9.174202,9.325018,9.63319,9.641552,9.360188,9.375952,9.310392,0,0,0,0,0,0
2025/04/26 19:29:00.932,n,7.201611,20.824168,0.000405,1.583841e-05,0.000163,1.379966e-05,8.974872,9.071592,9.12581,9.163906,9.310392,9.638784,9.647182,9.349938,9.384296,9.307432,0,0,0,0,0,0
2025/04/26 19:30:00.934,n,7.050877,21.35174,0.000358,1.417775e-05,0.000114,1.436365e-05,8.97193,9.061312,9.1126,9.149232,9.305984,9.641552,9.64993,9.348458,9.384296,9.29427,0,0,0,0,0,0
2025/04/26 19:31:00.918,n,7.012322,21.680746,0.000495,3.290028e-05,0.000261,3.748375e-05,9.014528,9.109818,9.15229,9.212318,9.330988,9.567706,9.56494,9.401282,9.30779,9.336844,0,0,0,0,0,0
2025/04/26 19:32:00.922,n,6.928581,22.085834,0.000458,1.349312e-05,0.000195,1.581572e-05,9.002784,9.106874,9.149346,9.205044,9.326612,9.56494,9.570456,9.389602,9.313304,9.335396,0,0,0,0,0,0
2025/04/26 19:33:00.927,n,6.846501,22.330554,0.0004,1.670601e-05,0.000157,1.475028e-05,8.989594,9.103914,9.139098,9.19182,9.31781,9.567706,9.581682,9.38516,9.313304,9.330988,0,0,0,0,0,0
2025/04/26 19:34:00.911,n,6.803921,22.469934,0.000347,1.702771e-05,0.000108,1.504619e-05,8.998426,9.08197,9.143506,9.180108,9.295866,9.578836,9.581682,9.389602,9.330076,9.32949,0,0,0,0,0,0
2025/04/26 19:35:00.911,n,6.757195,23.222212,0.000305,1.46605e-05,7.547002e-05,1.236009e-05,8.982274,9.074618,9.124442,9.169876,9.282674,9.592924,9.592924,9.380816,9.335672,9.31781,0,0,0,0,0,0
2025/04/26 19:36:00.913,n,6.645329,23.10394,0.000268,1.217315e-05,2.662283e-05,1.437382e-05,8.96469,9.073154,9.118602,9.166946,9.275336,9.58456,9.590076,9.374942,9.332826,9.310522,0,0,0,0,0,0
2025/04/26 19:37:00.920,n,6.560124,23.43757,0.000252,1.156559e-05,1.014247e-05,9.46739e-06,8.954428,9.05993,9.105378,9.149346,9.254856,9.590076,9.592924,9.347092,9.346816,9.288546,0,0,0,0,0,0
2025/04/26 19:38:00.918,n,6.513394,24.235922,0.00022,7.879627e-06,-1.717632e-05,7.474464e-06,8.938274,9.046754,9.089226,9.147882,9.247486,9.601302,9.592924,9.34418,9.34397,9.288546,0,0,0,0,0,0
2025/04/26 19:39:00.921,n,6.438198,24.439208,0.000199,1.200322e-05,-4.449511e-05,9.604464e-06,8.927994,9.03797,9.080506,9.139098,9.231414,9.601302,9.609696,9.336844,9.355292,9.284138,0,0,0,0,0,0
2025/04/26 19:40:00.905,n,6.324578,24.707114,0.000189,8.597506e-06,-6.067852e-05,1.415542e-05,8.927994,9.02481,9.086378,9.128882,9.228486,9.598454,9.601302,9.341236,9.360824,9.282674,0,0,0,0,0,0
2025/04/26 19:41:00.907,n,6.170819,24.965616,0.000162,8.195466e-06,-8.799732e-05,7.161402e-06,8.927994,9.021834,9.080506,9.115658,9.225542,9.606816,9.604052,9.336844,9.355292,9.282674,0,0,0,0,0,0
2025/04/26 19:42:00.913,n,6.105152,25.235288,0.000268,1.081375e-05,1.046261e-05,1.067935e-05,8.961322,9.061036,9.110826,9.159236,9.250088,9.589458,9.58386,9.36725,9.346198,9.314526,0,0,0,0,0,0
2025/04/26 19:43:00.914,n,5.996411,25.760772,0.000231,1.105946e-05,4.969162e-06,5.226105e-06,8.952506,9.049292,9.104972,9.151886,9.231056,9.589458,9.586612,9.362872,9.346198,9.316004,0,0,0,0,0,0
2025/04/26 19:44:00.914,n,5.894314,26.22262,0.00022,8.824416e-06,-2.769461e-05,7.13802e-06,8.933476,9.047826,9.091764,9.151886,9.226616,9.589458,9.595006,9.352624,9.34898,9.302778,0,0,0,0,0,0
2025/04/26 19:45:00.920,n,5.810669,26.40528,0.000178,1.107533e-05,-4.417497e-05,7.084159e-06,8.926092,9.04345,9.082978,9.143102,9.217864,9.600602,9.600602,9.34675,9.357374,9.296972,0,0,0,0,0,0
2025/04/26 19:46:00.918,n,5.711842,26.676954,0.000178,1.009965e-05,-7.134528e-05,1.066548e-05,8.917324,9.041972,9.074194,9.135732,9.209046,9.600602,9.597854,9.345286,9.360188,9.288154,0,0,0,0,0,0
2025/04/26 19:47:00.920,n,5.653248,26.93938,0.000157,8.714222e-06,-8.218372e-05,5.500711e-06,8.91147,9.031692,9.056594,9.132852,9.192894,9.603482,9.597854,9.333526,9.363068,9.280834,0,0,0,0,0,0
2025/04/26 19:48:00.921,n,5.541043,27.252066,0.000157,8.245129e-06,-9.302216e-05,8.174553e-06,8.895316,9.031692,9.052218,9.12994,9.18995,9.600602,9.603482,9.327718,9.368568,9.276458,0,0,0,0,0,0
2025/04/26 19:49:00.907,n,5.462281,27.791152,0.000136,9.917e-06,-0.000104,4.684941e-06,8.899724,9.011164,9.061036,9.10938,9.185606,9.606328,9.600602,9.333526,9.368568,9.28674,0,0,0,0,0,0
2025/04/26 19:50:00.911,n,5.366772,27.952518,0.000131,5.765792e-06,-0.000115,7.511819e-06,8.888014,8.997938,9.049292,9.106452,9.172414,9.609078,9.609078,9.327718,9.374196,9.27353,0,0,0,0,0,0
2025/04/26 19:51:00.910,n,5.338482,28.176076,0.000221,7.443924e-06,-1.690953e-05,1.01721e-05,8.9291,9.049356,9.091876,9.154894,9.213552,9.533852,9.531102,9.37029,9.298988,9.320464,0,0,0,0,0,0
2025/04/26 19:52:00.913,n,5.281502,28.203436,0.000226,8.178898e-06,-2.240299e-05,6.331526e-06,8.917406,9.039076,9.086004,9.143198,9.197416,9.536602,9.528256,9.365882,9.304586,9.313158,0,0,0,0,0,0
2025/04/26 19:53:00.917,n,5.258015,28.247074,0.000194,9.254874e-06,-3.85864e-05,6.238161e-06,8.907158,9.04054,9.068388,9.147574,9.188614,9.542246,9.533852,9.354186,9.307464,9.298518,0,0,0,0,0,0
2025/04/26 19:54:00.916,n,5.16412,28.497382,0.000173,9.93522e-06,-6.590519e-05,1.072572e-05,8.885102,9.02585,9.055228,9.138758,9.173976,9.547874,9.533852,9.346848,9.315842,9.294142,0,0,0,0,0,0
2025/04/26 19:55:00.918,n,5.110409,28.83315,0.000163,9.349314e-06,-7.125017e-05,8.059701e-06,8.877718,9.020028,9.05082,9.125566,9.162262,9.547874,9.536602,9.336598,9.31859,9.289748,0,0,0,0,0,0
2025/04/26 19:56:00.921,n,5.036629,29.039994,0.000157,7.427244e-06,-9.30755e-05,8.11551e-06,8.863094,9.027316,9.036196,9.11535,9.162262,9.544996,9.528256,9.330744,9.315842,9.286772,0,0,0,0,0,0
2025/04/26 19:57:00.925,n,4.994637,29.420812,0.000157,7.556231e-06,-9.856896e-05,6.06526e-06,8.857224,9.017068,9.031756,9.119726,9.147574,9.544996,9.536602,9.327848,9.324204,9.27509,0,0,0,0,0,0
2025/04/26 19:58:00.909,n,4.875447,29.669546,0.000131,9.799318e-06,-0.00011,6.394513e-06,8.863094,8.989252,9.037596,9.096284,9.141734,9.544996,9.536602,9.326368,9.329702,9.282396,0,0,0,0,0,0
2025/04/26 19:59:00.911,n,4.75787,30.282902,0.000115,6.569306e-06,-0.000115,6.852013e-06,8.852816,8.987788,9.021508,9.096284,9.129974,9.547874,9.542246,9.321926,9.326952,9.27509,0,0,0,0,0,0
2025/04/26 20:00:00.912,n,4.69244,30.166448,0.000115,9.754258e-06,-0.000148,8.102007e-06,8.846944,8.981884,9.015604,9.097764,9.11826,9.550722,9.539398,9.321926,9.332484,9.273612,0,0,0,0,0,0
2025/04/26 20:01:00.920,n,4.754421,30.465162,0.000268,3.471041e-05,2.144952e-05,3.853962e-05,8.85667,9.02977,9.044394,9.126492,9.142612,9.455974,9.441952,9.340422,9.23234,9.297948,0,0,0,0,0,0
2025/04/26 20:02:00.927,n,4.698952,30.529708,0.000236,9.10826e-06,-1.136272e-05,1.10579e-05,8.843462,9.00773,9.01949,9.105964,9.126492,9.469868,9.450344,9.325798,9.246234,9.289194,0,0,0,0,0,0
2025/04/26 20:03:00.929,n,4.646851,30.608138,0.000226,1.105805e-05,-1.685618e-05,1.264608e-05,8.828774,8.998948,9.010674,9.101554,9.126492,9.472714,9.453094,9.318446,9.254612,9.278914,0,0,0,0,0,0
2025/04/26 20:04:00.929,n,4.596462,30.920218,0.000205,1.017763e-05,-4.417497e-05,7.149712e-06,8.81999,8.991644,9.00921,9.089794,9.1133,9.472714,9.458724,9.30966,9.26299,9.271562,0,0,0,0,0,0
2025/04/26 20:05:00.936,n,4.482205,31.157312,0.000178,9.72149e-06,-6.570336e-05,7.824984e-06,8.80384,8.978418,9.004802,9.076652,9.101554,9.478342,9.469868,9.30522,9.271446,9.26569,0,0,0,0,0,0
2025/04/26 20:06:00.933,n,4.403198,31.454446,0.000152,9.390676e-06,-9.302216e-05,8.095507e-06,8.796456,8.975492,8.993108,9.070764,9.091274,9.489488,9.472714,9.294972,9.27423,9.27013,0,0,0,0,0,0
2025/04/26 20:07:00.924,n,4.34602,31.525114,0.000152,8.256559e-06,-8.218372e-05,4.918672e-06,8.793578,8.966676,8.968172,9.072244,9.070764,9.489488,9.469868,9.294972,9.277076,9.248186,0,0,0,0,0,0
2025/04/26 20:08:00.924,n,4.265309,32.098548,0.000131,1.033683e-05,-0.00011,9.70027e-06,8.780368,8.962268,8.969636,9.060482,9.067866,9.48394,9.469868,9.284754,9.27423,9.23644,0,0,0,0,0,0
2025/04/26 20:09:00.925,n,4.137428,32.398526,0.00012,8.057558e-06,-0.000131,8.533708e-06,8.767146,8.950572,8.956428,9.060482,9.051698,9.500712,9.475594,9.27597,9.282608,9.237904,0,0,0,0,0,0
2025/04/26 20:10:00.927,n,4.080994,32.726512,0.000221,7.154725e-06,-2.780132e-05,4.289342e-06,8.798082,8.982924,8.990228,9.082638,9.086982,9.426806,9.41846,9.311288,9.222792,9.271724,0,0,0,0,0,0
2025/04/26 20:11:00.925,n,3.995693,33.09031,0.000205,7.22516e-06,-4.428168e-05,6.96437e-06,8.786304,8.975606,8.978548,9.075302,9.069478,9.438032,9.412816,9.298062,9.228324,9.267316,0,0,0,0,0,0
2025/04/26 20:12:00.929,n,3.965565,33.085182,0.000178,9.000392e-06,-6.610702e-05,7.031511e-06,8.776026,8.963892,8.972676,9.067982,9.063574,9.449174,9.41846,9.290726,9.239564,9.264372,0,0,0,0,0,0
2025/04/26 20:13:00.917,n,3.923622,33.059598,0.000168,5.641097e-06,-7.1452e-05,4.669058e-06,8.784808,8.959454,8.963892,9.073822,9.043044,9.440828,9.429652,9.28931,9.23117,9.257034,0,0,0,0,0,0
2025/04/26 20:14:00.918,n,3.900185,33.023708,0.000141,1.142929e-05,-8.778388e-05,1.012351e-05,8.761388,8.949142,8.956542,9.062108,9.034262,9.440828,9.424056,9.293686,9.239564,9.245274,0,0,0,0,0,0
2025/04/26 20:15:00.920,n,3.885048,33.779908,0.000131,1.060372e-05,-0.000115,6.439409e-06,8.751142,8.947726,8.94182,9.057734,9.02398,9.443674,9.426806,9.282004,9.24791,9.240996,0,0,0,0,0,0
2025/04/26 20:16:00.904,n,3.772694,33.57864,0.000141,9.150006e-06,-0.000115,1.068226e-05,8.755484,8.924236,8.949142,9.034262,9.022516,9.454804,9.429652,9.274622,9.242312,9.24825,0,0,0,0,0,0
2025/04/26 20:17:00.907,n,3.747498,33.974192,0.000115,9.149794e-06,-0.000126,6.688577e-06,8.745236,8.915454,8.9433,9.029854,9.012236,9.446424,9.426806,9.2761,9.253456,9.239498,0,0,0,0,0,0
2025/04/26 20:18:00.911,n,3.66029,33.991284,9.923578e-05,6.425551e-06,-0.000142,7.111438e-06,8.73055,8.90667,8.931574,9.021052,8.997612,9.46035,9.432434,9.267316,9.261834,9.230714,0,0,0,0,0,0
2025/04/26 20:19:00.908,n,3.615154,34.331968,0.000215,1.216169e-05,-2.785468e-05,8.676992e-06,8.767828,8.948312,8.964446,9.061278,9.02315,9.41711,9.403086,9.301672,9.22411,9.270926,0,0,0,0,0,0
2025/04/26 20:20:00.914,n,3.512814,34.527672,0.000194,1.193955e-05,-2.785468e-05,1.888231e-05,8.76051,8.942472,8.951254,9.058318,9.011438,9.425372,9.405836,9.304618,9.226858,9.260646,0,0,0,0,0,0
2025/04/26 20:21:00.914,n,3.504414,34.597448,0.000157,1.452398e-05,-3.869311e-05,2.335496e-05,8.738486,8.935102,8.943904,9.053974,8.999694,9.422608,9.41423,9.289928,9.24093,9.248918,0,0,0,0,0,0
2025/04/26 20:22:00.916,n,3.450653,34.64852,0.000152,2.921293e-05,-6.823898e-05,8.616926e-06,8.738486,8.926318,8.927782,9.043696,8.995222,9.43375,9.408714,9.284086,9.24093,9.24599,0,0,0,0,0,0
2025/04/26 20:23:00.917,n,3.405342,34.742028,0.000157,1.780943e-05,-8.44224e-05,8.880528e-06,8.72232,8.924808,8.920464,9.037808,8.974694,9.43375,9.41148,9.269446,9.24093,9.228388,0,0,0,0,0,0
2025/04/26 20:24:00.922,n,3.313007,35.051404,0.000136,9.365468e-06,-9.526082e-05,7.922915e-06,8.709144,8.91456,8.905776,9.029006,8.971782,9.43663,9.41148,9.259166,9.243712,9.234228,0,0,0,0,0,0
2025/04/26 20:25:00.905,n,3.234005,35.226304,0.000147,8.533102e-06,-0.000106,6.809269e-06,8.704672,8.892568,8.913096,9.012904,8.961536,9.428236,9.41423,9.26652,9.252106,9.229854,0,0,0,0,0,0
2025/04/26 20:26:00.908,n,3.15334,35.550376,0.00011,1.088917e-05,-0.000133,6.667006e-06,8.692946,8.882256,8.905776,8.999694,8.946846,9.44213,9.419858,9.254758,9.257702,9.221068,0,0,0,0,0,0
2025/04/26 20:27:00.911,n,3.074337,35.804136,0.000115,8.540972e-06,-0.000133,6.3053e-06,8.687074,8.876416,8.892568,8.992344,8.941008,9.444978,9.425372,9.254758,9.254856,9.218172,0,0,0,0,0,0
2025/04/26 20:28:00.911,n,3.085507,36.20834,0.000233,7.738678e-06,-1.676106e-05,7.817772e-06,8.707518,8.908572,8.908572,9.025948,8.955564,9.379254,9.354038,9.273742,9.194732,9.245892,0,0,0,0,0,0
2025/04/26 20:29:00.920,n,3.033405,36.187928,0.000223,6.430877e-06,-3.294447e-05,5.557107e-06,8.6928,8.896878,8.898342,9.017132,8.943822,9.387632,9.362482,9.261982,9.20036,9.231268,0,0,0,0,0,0
2025/04/26 20:30:00.917,n,3.023346,36.24408,0.000201,7.611764e-06,-4.942483e-05,9.091996e-06,8.68696,8.888062,8.889478,9.018598,8.929132,9.384882,9.359634,9.257588,9.205858,9.216578,0,0,0,0,0,0
2025/04/26 20:31:00.932,n,2.974617,36.155604,0.000238,2.754225e-05,-5.922628e-06,3.15461e-05,8.682552,8.901222,8.890974,9.015652,8.945286,9.365232,9.340112,9.2503,9.180742,9.237074,0,0,0,0,0,0
2025/04/26 20:32:00.928,n,2.871979,36.58734,0.000212,7.280733e-06,-3.294447e-05,6.44487e-06,8.667866,8.898342,8.877782,9.00978,8.924758,9.36811,9.345646,9.247356,9.194732,9.213602,0,0,0,0,0,0
2025/04/26 20:33:00.930,n,2.781159,37.188172,0.000191,1.47837e-05,-5.476981e-05,1.138784e-05,8.657586,8.880694,8.866072,8.992196,8.917374,9.384882,9.351256,9.23854,9.20036,9.210706,0,0,0,0,0,0
2025/04/26 20:34:00.916,n,2.708798,37.10336,0.00017,9.004696e-06,-7.644668e-05,9.613194e-06,8.65905,8.866072,8.864592,8.99366,8.898342,9.384882,9.36811,9.241516,9.211502,9.200458,0,0,0,0,0,0
2025/04/26 20:35:00.919,n,2.668415,37.269568,0.000159,9.519116e-06,-9.26301e-05,4.851367e-06,8.637028,8.86163,8.844,8.978972,8.87923,9.384882,9.365232,9.228292,9.214252,9.196016,0,0,0,0,0,0
2025/04/26 20:36:00.920,n,2.609478,37.44408,0.000138,8.37278e-06,-0.000109,7.727986e-06,8.63262,8.85576,8.835232,8.970188,8.866072,9.382004,9.393228,9.225362,9.228258,9.194536,0,0,0,0,0,0
2025/04/26 20:37:00.921,n,2.596623,37.581944,0.000207,8.593298e-06,-4.382467e-05,1.279434e-05,8.658968,8.893788,8.86742,9.008284,8.902636,9.333038,9.268746,9.25318,9.154146,9.217928,0,0,0,0,0,0
2025/04/26 20:38:00.922,n,2.529289,37.945908,0.000191,7.573139e-06,-4.916965e-05,4.073881e-06,8.65012,8.882044,8.86298,8.999468,8.895252,9.327408,9.28552,9.245762,9.131746,9.219424,0,0,0,0,0,0
2025/04/26 20:39:00.930,n,2.453507,38.066024,0.000185,9.202238e-06,-6.565001e-05,3.685468e-06,8.64428,8.877668,8.860102,8.98626,8.887948,9.335802,9.299542,9.239954,9.145768,9.217928,0,0,0,0,0,0
2025/04/26 20:40:00.928,n,2.411419,38.14376,0.00017,6.326573e-06,-8.183342e-05,2.781228e-06,8.629528,8.871796,8.848292,8.97894,8.87326,9.333038,9.30229,9.229674,9.165256,9.20036,0,0,0,0,0,0
2025/04/26 20:41:00.929,n,2.409756,38.295468,0.000104,1.98963e-05,-0.000104,8.137012e-06,8.611964,8.857158,8.830726,8.971572,8.861502,9.333038,9.299542,9.21645,9.162506,9.198896,0,0,0,0,0,0
2025/04/26 20:42:00.932,n,2.333927,38.40582,0.000131,2.033692e-05,-0.000114,6.448631e-06,8.607556,8.84979,8.826318,8.959844,8.86298,9.341432,9.30229,9.209144,9.176514,9.201824,0,0,0,0,0,0
2025/04/26 20:43:00.922,n,2.295159,38.819636,0.00012,9.781108e-06,-0.000125,6.323203e-06,8.598692,8.838046,8.81311,8.953938,8.835102,9.341432,9.30229,9.219424,9.176514,9.185736,0,0,0,0,0,0
2025/04/26 20:44:00.921,n,2.279095,38.62356,0.000204,1.031757e-05,-4.916965e-05,7.359089e-06,8.617966,8.86163,8.835232,8.97907,8.851384,9.301218,9.267592,9.238636,9.141816,9.20345,0,0,0,0,0,0
2025/04/26 20:45:00.926,n,2.230217,38.52014,0.000204,1.013731e-05,-4.916965e-05,7.257362e-06,8.603246,8.847008,8.822074,8.981948,8.841168,9.303968,9.27044,9.218108,9.144598,9.204948,0,0,0,0,0,0
2025/04/26 20:46:00.925,n,2.13583,38.762624,0.000173,1.015209e-05,-6.535306e-05,7.089173e-06,8.60619,8.849936,8.817634,8.971684,8.83816,9.301218,9.264828,9.215132,9.150208,9.197628,0,0,0,0,0,0
2025/04/26 20:47:00.931,n,2.078457,38.681276,0.000173,8.181583e-06,-7.084651e-05,7.176315e-06,8.582656,8.836696,8.802946,8.954102,8.82788,9.30958,9.267592,9.20345,9.147362,9.187346,0,0,0,0,0,0
2025/04/26 20:48:00.929,n,2.064983,38.798216,0.000141,8.220178e-06,-9.801684e-05,7.438324e-06,8.582656,8.832256,8.800002,8.948278,8.823472,9.30958,9.276068,9.200506,9.152958,9.187346,0,0,0,0,0,0
2025/04/26 20:49:00.929,n,2.014397,39.087964,0.000152,9.514772e-06,-0.000109,9.642698e-06,8.570946,8.820576,8.795576,8.939446,8.80885,9.315208,9.276068,9.193202,9.155838,9.178514,0,0,0,0,0,0
2025/04/26 20:50:00.930,n,1.950333,39.577124,0.000146,1.195313e-05,-0.000125,6.883991e-06,8.557722,8.811792,8.789754,8.94091,8.80441,9.317956,9.281696,9.187346,9.161432,9.175602,0,0,0,0,0,0
2025/04/26 20:51:00.938,n,1.881191,39.793484,0.000115,1.134853e-05,-0.000136,8.324267e-06,8.553314,8.80148,8.767698,8.910102,8.791234,9.331946,9.29284,9.178514,9.169826,9.177098,0,0,0,0,0,0
2025/04/26 20:52:00.919,n,1.787624,40.238832,0.000199,1.297217e-05,-2.769461e-05,1.076434e-05,8.570474,8.82017,8.792292,8.939072,8.795236,9.253082,9.225054,9.20602,9.104824,9.18842,0,0,0,0,0,0
2025/04/26 20:53:00.921,n,1.73362,40.505432,0.00022,8.306789e-06,-3.853304e-05,6.058741e-06,8.570474,8.821634,8.787868,8.944912,8.787868,9.2503,9.219458,9.20311,9.102076,9.179636,0,0,0,0,0,0
2025/04/26 20:54:00.923,n,1.689674,40.675748,0.000199,8.294338e-06,-5.471646e-05,6.089892e-06,8.547168,8.811388,8.774708,8.937608,8.776174,9.253082,9.213944,9.189918,9.1133,9.172332,0,0,0,0,0,0
2025/04/26 20:55:00.926,n,1.688061,40.417692,0.000183,5.169542e-06,-7.119681e-05,5.958459e-06,8.5398,8.805482,8.762932,8.92292,8.764396,9.258678,9.216692,9.178172,9.104824,9.16205,0,0,0,0,0,0
2025/04/26 20:56:00.927,n,1.615406,40.422768,0.000162,9.749886e-06,-7.654179e-05,5.765568e-06,8.53105,8.798196,8.75267,8.911176,8.761454,9.261444,9.222304,9.175228,9.104824,9.156178,0,0,0,0,0,0
2025/04/26 20:57:00.930,n,1.596901,40.606604,0.000157,9.81078e-06,-7.119681e-05,7.04569e-06,8.519356,8.786452,8.745334,8.900912,8.757078,9.261444,9.222304,9.164948,9.124442,9.153268,0,0,0,0,0,0
2025/04/26 20:58:00.932,n,1.534401,40.930188,0.000157,6.716814e-06,-9.287368e-05,6.322385e-06,8.506198,8.779084,8.739462,8.897984,8.74239,9.264276,9.227836,9.16205,9.124442,9.15177,0,0,0,0,0,0
2025/04/26 20:59:00.933,n,1.530983,40.921792,0.000136,6.11379e-06,-0.000109,5.644875e-06,8.504766,8.764396,8.733558,8.887704,8.737982,9.267038,9.230682,9.15177,9.127288,9.145882,0,0,0,0,0,0
2025/04/26 21:00:00.936,n,1.468483,40.921792,0.000115,9.530578e-06,-0.000131,5.222748e-06,8.497448,8.758492,8.729182,8.877458,8.72183,9.264276,9.219458,9.15177,9.118928,9.142986,0,0,0,0,0,0
2025/04/26 21:01:00.910,n,1.433666,41.040476,0.000262,4.072803e-05,2.130105e-05,2.942984e-05,8.541052,8.784616,8.765552,8.913762,8.752312,9.168592,9.13508,9.196896,9.03161,9.183686,0,0,0,0,0,0
2025/04/26 21:02:00.916,n,1.369457,41.355808,0.000241,9.87143e-06,-3.75819e-07,1.138812e-05,8.522104,8.774366,8.746472,8.904994,8.73769,9.17695,9.143442,9.183686,9.042834,9.166086,0,0,0,0,0,0
2025/04/26 21:03:00.918,n,1.325512,41.566988,0.000215,1.073004e-05,-3.838457e-05,1.002238e-05,8.510428,8.769928,8.73172,8.89914,8.721474,9.190958,9.15182,9.17783,9.053974,9.152894,0,0,0,0,0,0
2025/04/26 21:04:00.919,n,1.296509,41.617672,0.000194,9.377736e-06,-5.456798e-05,7.929078e-06,8.488486,8.759616,8.709746,8.890324,8.705308,9.193722,9.154616,9.166086,9.056758,9.147054,0,0,0,0,0,0
2025/04/26 21:05:00.921,n,1.220825,41.776364,0.000162,1.197888e-05,-7.654179e-05,7.446353e-06,8.492894,8.756752,8.715618,8.885898,8.702378,9.19932,9.154616,9.152894,9.0679,9.14115,0,0,0,0,0,0
2025/04/26 21:06:00.924,n,1.178738,41.980516,0.000168,9.530916e-06,-8.723176e-05,5.300154e-06,8.465116,8.749368,8.698004,8.8683,8.692164,9.196506,9.154616,9.142646,9.0679,9.127956,0,0,0,0,0,0
2025/04/26 21:07:00.931,n,1.087769,42.262108,0.000157,7.066242e-06,-9.80702e-05,5.590025e-06,8.454902,8.73769,8.687692,8.85802,8.680372,9.196506,9.16581,9.12942,9.070714,9.126492,0,0,0,0,0,0
2025/04/26 21:08:00.925,n,1.01199,42.634372,0.000131,7.592135e-06,-0.00012,6.797021e-06,8.441744,8.73172,8.675964,8.855076,8.66863,9.204948,9.171356,9.122084,9.079222,9.1133,0,0,0,0,0,0
2025/04/26 21:09:00.927,n,0.969898,42.81108,0.000115,8.908706e-06,-0.000131,7.091883e-06,8.434492,8.720026,8.667166,8.843332,8.661294,9.207696,9.171356,9.108892,9.08197,9.10593,0,0,0,0,0,0
2025/04/26 21:10:00.913,n,0.993969,42.937696,0.00021,1.142963e-05,-3.303959e-05,7.668257e-06,8.480354,8.74836,8.70137,8.87313,8.69109,9.180872,9.136106,9.160702,9.04947,9.15486,0,0,0,0,0,0
2025/04/26 21:11:00.913,n,0.999001,42.798092,0.000204,6.489271e-06,-4.937148e-05,8.590348e-06,8.46866,8.736616,8.69989,8.864348,8.68078,9.178106,9.136106,9.160702,9.046722,9.143102,0,0,0,0,0,0
2025/04/26 21:12:00.915,n,1.00071,43.168064,0.000204,7.551956e-06,-6.035838e-05,8.826594e-06,8.459912,8.736616,8.695466,8.870234,8.670532,9.172478,9.136106,9.147542,9.052218,9.144582,0,0,0,0,0,0
2025/04/26 21:13:00.922,n,1.044506,43.031884,0.000194,8.497298e-06,-6.585183e-05,6.234264e-06,8.445322,8.732208,8.677836,8.862884,8.661684,9.18362,9.13334,9.141636,9.057862,9.125516,0,0,0,0,0,0
2025/04/26 21:14:00.922,n,1.076489,42.902388,0.000173,5.920667e-06,-9.821866e-05,6.963199e-06,8.43945,8.72484,8.661684,8.855514,8.649958,9.172478,9.13334,9.128476,9.04947,9.118196,0,0,0,0,0,0
2025/04/26 21:15:00.923,n,1.051247,42.915868,0.000152,9.138988e-06,-0.000104,8.04745e-06,8.424848,8.720464,8.661684,8.842356,8.644086,9.178106,9.136106,9.118196,9.06349,9.112324,0,0,0,0,0,0
2025/04/26 21:16:00.925,n,1.091675,42.528708,0.00013,8.480862e-06,-0.000115,7.721296e-06,8.407316,8.707242,8.649958,8.833508,8.633758,9.189218,9.138886,9.110826,9.06899,9.103508,0,0,0,0,0,0
2025/04/26 21:17:00.927,n,1.088306,41.883052,0.000136,9.037348e-06,-0.00012,3.880341e-06,8.401478,8.69989,8.639662,8.8291,8.632278,9.186468,9.141734,9.102044,9.06899,9.096204,0,0,0,0,0,0
2025/04/26 21:18:00.930,n,1.149487,42.114588,0.00022,1.081232e-05,-3.303959e-05,6.463714e-06,8.410228,8.717392,8.658562,8.839266,8.646934,9.128882,9.087014,9.12685,9.011438,9.116602,0,0,0,0,0,0
2025/04/26 21:19:00.917,n,1.146118,41.593056,0.000209,9.089234e-06,-4.9223e-05,7.567294e-06,8.423384,8.701242,8.66009,8.837802,8.62356,9.134414,9.095374,9.125386,9.019914,9.113706,0,0,0,0,0,0
2025/04/26 21:20:00.917,n,1.189919,42.781676,0.000194,7.257095e-06,-6.570336e-05,7.325576e-06,8.411692,8.690992,8.642526,8.83198,8.61912,9.134414,9.095374,9.118082,9.019914,9.110762,0,0,0,0,0,0
2025/04/26 21:21:00.919,n,1.198364,41.550868,0.000178,6.481901e-06,-6.570336e-05,8.079613e-06,8.400014,8.686522,8.635254,8.821634,8.605962,9.131664,9.089778,9.113706,9.02551,9.10045,0,0,0,0,0,0
2025/04/26 21:22:00.922,n,1.21516,41.00614,0.000162,7.459181e-06,-8.188678e-05,7.028387e-06,8.378106,8.683626,8.6206,8.812866,8.59287,9.142792,9.095374,9.094608,9.031024,9.09313,0,0,0,0,0,0
2025/04/26 21:23:00.924,n,1.250515,40.841004,0.000167,9.108686e-06,-9.27252e-05,6.151918e-06,8.376642,8.677722,8.616192,8.811388,8.59287,9.14001,9.098124,9.088704,9.02551,9.094608,0,0,0,0,0,0
2025/04/26 21:24:00.925,n,1.262329,40.647108,0.000141,9.388614e-06,-0.000109,6.531736e-06,8.364949,8.66746,8.603132,8.802604,8.58407,9.13726,9.095374,9.07992,9.033902,9.075544,0,0,0,0,0,0
2025/04/26 21:25:00.927,n,1.228687,41.086952,0.00013,9.816178e-06,-0.000131,7.087601e-06,8.350329,8.661554,8.591438,8.787868,8.57532,9.145638,9.101002,9.065296,9.04503,9.07408,0,0,0,0,0,0
2025/04/26 21:26:00.929,n,1.295322,41.172244,0.00022,9.074154e-06,-3.827554e-05,8.965452e-06,8.385847,8.695548,8.628392,8.818982,8.606484,9.0916,9.03849,9.108096,8.982518,9.109574,0,0,0,0,0,0
2025/04/26 21:27:00.933,n,1.335705,40.562136,0.000204,1.009248e-05,-3.827554e-05,4.878677e-06,8.37853,8.689676,8.623984,8.81311,8.607964,9.088852,9.044118,9.105166,8.97977,9.112472,0,0,0,0,0,0
2025/04/26 21:28:00.919,n,1.330624,41.050956,0.000209,9.367262e-06,-6.559433e-05,1.085294e-05,8.377098,8.675118,8.612272,8.81163,8.583112,9.080474,9.04124,9.108096,8.982518,9.099294,0,0,0,0,0,0
2025/04/26 21:29:00.920,n,1.333996,40.756084,0.000183,8.595704e-06,-5.475589e-05,3.958745e-06,8.369747,8.666368,8.607964,8.807206,8.577238,9.0916,9.03849,9.099294,8.976986,9.09051,0,0,0,0,0,0
2025/04/26 21:30:00.920,n,1.347469,41.153692,0.000178,7.919204e-06,-7.093931e-05,6.269883e-06,8.363941,8.6678,8.59918,8.80283,8.57584,9.088852,9.049632,9.08903,8.988146,9.094886,0,0,0,0,0,0
2025/04/26 21:31:00.919,n,1.377792,40.550272,0.000225,3.391679e-05,-2.209212e-05,3.516603e-05,8.371227,8.672208,8.60502,8.804262,8.577238,9.05526,9.01061,9.09635,8.96025,9.09635,0,0,0,0,0,0
2025/04/26 21:32:00.917,n,1.423595,40.062432,0.000204,9.59751e-06,-3.293056e-05,6.23818e-06,8.368284,8.657586,8.597734,8.799888,8.565562,9.05526,9.019004,9.10079,8.96025,9.097814,0,0,0,0,0,0
2025/04/26 21:33:00.918,n,1.418514,39.717604,0.000178,1.207469e-05,-6.559433e-05,1.120854e-05,8.350719,8.647372,8.58459,8.794048,8.553868,9.06076,9.019004,9.087566,8.968626,9.084638,0,0,0,0,0,0
2025/04/26 21:34:00.920,n,1.457382,39.47742,0.000178,1.214298e-05,-7.093931e-05,6.022403e-06,8.336163,8.651714,8.572898,8.782256,8.539312,9.074862,9.032894,9.071414,8.976986,9.077252,0,0,0,0,0,0
2025/04/26 21:35:00.922,n,1.460751,39.330156,0.000147,5.663269e-06,-9.261618e-05,7.056134e-06,8.336163,8.634214,8.565562,8.768984,8.534936,9.07208,9.030128,9.064094,8.99091,9.064094,0,0,0,0,0,0
2025/04/26 21:36:00.923,n,1.489464,38.969364,0.000125,1.251476e-05,-0.000114,6.786464e-06,8.314224,8.62987,8.552404,8.758736,8.523244,9.077626,9.032894,9.055292,8.985366,9.056726,0,0,0,0,0,0
2025/04/26 21:37:00.911,n,1.528332,37.931716,0.000131,8.078853e-06,-0.00012,6.692632e-06,8.330324,8.615216,8.57436,8.761696,8.534936,9.074862,9.03574,9.064094,8.99091,9.074342,0,0,0,0,0,0
2025/04/26 21:38:00.913,n,1.572277,38.012968,0.000136,6.123503e-06,-0.000131,6.692825e-06,8.312761,8.606484,8.55099,8.741104,8.507126,9.07208,9.030128,9.059686,8.982518,9.059686,0,0,0,0,0,0
2025/04/26 21:39:00.916,n,1.585751,37.714968,9.392952e-05,1.079636e-05,-0.000142,5.40604e-06,8.305443,8.602058,8.542174,8.741104,8.498392,9.074862,9.021752,9.050884,8.988146,9.055292,0,0,0,0,0,0
2025/04/26 21:40:00.914,n,1.65292,37.823012,0.000225,6.63885e-06,-2.750438e-05,8.48484e-06,8.338213,8.63197,8.576444,8.770968,8.528254,9.039644,8.99213,9.080718,8.952994,9.083646,0,0,0,0,0,0
2025/04/26 21:41:00.918,n,1.681679,37.958512,0.000209,8.214833e-06,-4.398474e-05,6.9338e-06,8.327967,8.62322,8.564764,8.768006,8.522382,9.045256,9.000508,9.07187,8.955874,9.076342,0,0,0,0,0,0
2025/04/26 21:42:00.920,n,1.698574,37.758708,0.000214,9.86986e-06,-4.398474e-05,3.880383e-06,8.322178,8.626098,8.547232,8.7636,8.51651,9.036896,8.99776,9.064566,8.955874,9.063086,0,0,0,0,0,0
2025/04/26 21:43:00.921,n,1.766102,37.948308,0.000214,7.337294e-06,-3.849129e-05,4.898588e-06,8.316274,8.621756,8.55016,8.762136,8.513598,9.034114,8.986536,9.05871,8.958624,9.064566,0,0,0,0,0,0
2025/04/26 21:44:00.927,n,1.774548,37.943228,0.000193,7.937129e-06,-6.016815e-05,6.313158e-06,8.300222,8.61585,8.531132,8.745968,8.512136,9.036896,8.99213,9.052804,8.955874,9.054302,0,0,0,0,0,0
2025/04/26 21:45:00.925,n,1.779579,37.304508,0.000188,7.197212e-06,-6.016815e-05,4.9019e-06,8.298725,8.61442,8.535538,8.747448,8.504832,9.039644,8.99213,9.052804,8.950246,9.05871,0,0,0,0,0,0
2025/04/26 21:46:00.912,n,1.789734,37.326532,0.000178,8.67827e-06,-7.100658e-05,6.554787e-06,8.304629,8.598352,8.538482,8.740032,8.493138,9.031268,8.981022,9.054302,8.952994,9.063086,0,0,0,0,0,0
2025/04/26 21:47:00.912,n,1.793102,37.836588,0.000162,1.038882e-05,-8.199349e-05,5.186321e-06,8.300222,8.593944,8.528254,8.735658,8.48442,9.031268,8.98377,9.054302,8.955874,9.054302,0,0,0,0,0,0
2025/04/26 21:48:00.916,n,1.847157,37.821352,0.000172,6.978674e-06,-8.199349e-05,5.398208e-06,8.28269,8.588136,8.5297,8.725442,8.474208,9.036896,8.981022,9.042558,8.944552,9.052804,0,0,0,0,0,0
2025/04/26 21:49:00.916,n,1.815029,38.753628,0.000156,7.121786e-06,-9.832538e-05,8.04753e-06,8.278251,8.577908,8.51067,8.723978,8.469768,9.036896,8.986536,9.036716,8.961372,9.039644,0,0,0,0,0,0
2025/04/26 21:50:00.919,n,1.87582,38.410076,0.000156,7.875855e-06,-0.000109,7.706097e-06,8.269533,8.582314,8.499042,8.71814,8.459538,9.034114,8.986536,9.030812,8.952994,9.032244,0,0,0,0,0,0
2025/04/26 21:51:00.922,n,1.847157,37.465592,0.000125,9.070594e-06,-0.000115,7.297305e-06,8.26807,8.56766,8.491674,8.70791,8.44786,9.039644,8.98377,9.020548,8.961372,9.019052,0,0,0,0,0,0
2025/04/26 21:52:00.923,n,1.862343,36.705336,0.000115,1.333997e-05,-0.00012,7.779802e-06,8.254881,8.56766,8.47707,8.700604,8.442022,9.034114,8.986536,9.0029,8.961372,9.014644,0,0,0,0,0,0
2025/04/26 21:53:00.926,n,1.880898,37.099236,0.000136,8.927322e-06,-0.000115,6.755077e-06,8.247564,8.566228,8.47855,8.700604,8.440542,9.034114,8.98377,8.999988,8.952994,9.016124,0,0,0,0,0,0
2025/04/26 21:54:00.927,n,1.887634,36.70192,0.000125,7.577232e-06,-0.000142,5.645218e-06,8.238782,8.561822,8.46832,8.690376,8.437646,9.025722,8.978142,9.0029,8.955874,9.01318,0,0,0,0,0,0
2025/04/26 21:55:00.915,n,1.885925,37.414664,0.000109,4.210391e-06,-0.000125,7.000208e-06,8.250507,8.541378,8.47707,8.678698,8.434702,9.020124,8.978142,9.00734,8.950246,9.014644,0,0,0,0,0,0
2025/04/26 21:56:00.914,n,1.934643,37.17878,0.000214,1.242545e-05,-1.671002e-05,7.300126e-06,8.271096,8.567822,8.499172,8.71095,8.456758,8.976826,8.923716,9.03374,8.906946,9.041092,0,0,0,0,0,0
2025/04/26 21:57:00.921,n,1.944748,37.299192,0.000214,9.50934e-06,-2.754846e-05,4.88986e-06,8.256475,8.572198,8.487446,8.71095,8.447974,8.974076,8.923716,9.024908,8.898586,9.02346,0,0,0,0,0,0
2025/04/26 21:58:00.919,n,2.018967,37.719552,0.000204,9.601546e-06,-4.373187e-05,8.12747e-06,8.254979,8.55613,8.478664,8.69932,8.446544,8.97123,8.923716,9.011748,8.895836,9.021996,0,0,0,0,0,0
2025/04/26 21:59:00.921,n,2.029026,37.390788,0.000199,7.51818e-06,-3.304191e-05,8.12755e-06,8.252068,8.557592,8.46845,8.697842,8.431954,8.974076,8.923716,9.007308,8.895836,9.017588,0,0,0,0,0,0
2025/04/26 22:00:00.921,n,2.059444,37.81784,0.000199,7.183917e-06,-4.922533e-05,4.746189e-06,8.238912,8.551754,8.466986,8.693448,8.42605,8.962934,8.912574,9.002932,8.904198,9.014644,0,0,0,0,0,0
2025/04/26 22:01:00.918,n,2.123558,38.029416,0.000241,3.273139e-05,5.115314e-06,1.84706e-05,8.257939,8.561968,8.480128,8.705128,8.437728,8.940486,8.89021,9.017588,8.870592,9.026372,0,0,0,0,0,0
2025/04/26 22:02:00.921,n,2.143822,37.251728,0.00023,8.441316e-06,-1.671002e-05,7.169942e-06,8.240376,8.548826,8.469914,8.69197,8.430458,8.937722,8.892958,9.008772,8.878986,9.016124,0,0,0,0,0,0
2025/04/26 22:03:00.921,n,2.202805,37.406024,0.000214,6.208463e-06,-3.304191e-05,5.733348e-06,8.235969,8.548826,8.46261,8.687628,8.4173,8.943236,8.892958,9.002932,8.876188,9.017588,0,0,0,0,0,0
2025/04/26 22:04:00.907,n,2.229759,36.657588,0.000204,1.106506e-05,-3.838689e-05,8.850392e-06,8.237448,8.5357,8.465474,8.665718,8.418734,8.934842,8.898586,9.004396,8.884582,9.019052,0,0,0,0,0,0
2025/04/26 22:05:00.910,n,2.2635,36.671112,0.000199,9.818942e-06,-5.486725e-05,5.275341e-06,8.222844,8.519568,8.46261,8.661294,8.408518,8.940486,8.895836,8.999988,8.892958,9.007308,0,0,0,0,0,0
2025/04/26 22:06:00.911,n,2.302269,35.983956,0.000199,9.349454e-06,-6.021223e-05,4.311657e-06,8.219917,8.519568,8.452382,8.659814,8.398306,8.937722,8.892958,8.991156,8.884582,8.998524,0,0,0,0,0,0
2025/04/26 22:07:00.911,n,2.344456,36.060616,0.000183,9.009716e-06,-7.105066e-05,6.290043e-06,8.225755,8.521064,8.447974,8.658416,8.3998,8.943236,8.898586,8.989676,8.884582,9.004396,0,0,0,0,0,0
2025/04/26 22:08:00.912,n,2.378098,36.258028,0.000178,8.560462e-06,-7.639564e-05,5.350734e-06,8.206695,8.503564,8.436264,8.651064,8.386612,8.943236,8.892958,8.979396,8.881832,8.99706,0,0,0,0,0,0
2025/04/26 22:09:00.916,n,2.403439,35.393232,0.000151,9.643034e-06,-8.723408e-05,7.297393e-06,8.199411,8.5021,8.427514,8.651064,8.371991,8.948864,8.895836,8.967716,8.89021,8.98678,0,0,0,0,0,0
2025/04/26 22:10:00.919,n,2.428684,35.140108,0.000167,9.37691e-06,-8.723408e-05,4.695408e-06,8.199411,8.50789,8.4173,8.648186,8.37487,8.940486,8.892958,8.964772,8.884582,8.97502,0,0,0,0,0,0
2025/04/26 22:11:00.919,n,2.45393,35.029608,0.000151,8.45737e-06,-9.272752e-05,5.418453e-06,8.190645,8.500636,8.412958,8.639386,8.371991,8.929344,8.878986,8.960314,8.88746,8.979396,0,0,0,0,0,0
2025/04/26 22:12:00.921,n,2.465744,35.197872,0.000172,1.192082e-05,-8.723408e-05,7.130397e-06,8.180415,8.5021,8.411478,8.642346,8.363241,8.934842,8.884582,8.958868,8.884582,8.972092,0,0,0,0,0,0
2025/04/26 22:13:00.906,n,2.502758,35.243772,0.000151,8.025346e-06,-0.000115,9.145982e-06,8.186237,8.477168,8.412958,8.62478,8.36464,8.940486,8.884582,8.95446,8.884582,8.982372,0,0,0,0,0,0
2025/04/26 22:14:00.911,n,2.521313,35.050068,0.000162,9.2444e-06,-0.000104,5.647277e-06,8.181912,8.478664,8.407056,8.617478,8.357338,8.932094,8.881832,8.952994,8.881832,8.973556,0,0,0,0,0,0
2025/04/26 22:15:00.914,n,2.521313,35.537516,0.000157,8.755042e-06,-0.000104,3.602374e-06,8.174577,8.46845,8.401264,8.616032,8.350085,8.934842,8.881832,8.94862,8.881832,8.969148,0,0,0,0,0,0
2025/04/26 22:16:00.913,n,2.569492,36.148096,0.000246,9.064182e-06,-1.110754e-05,6.558506e-06,8.20863,8.505434,8.427938,8.644248,8.376788,8.881068,8.836418,8.976826,8.839168,8.997304,0,0,0,0,0,0
2025/04/26 22:17:00.916,n,2.549229,36.884228,0.000209,7.195776e-06,-2.209444e-05,7.102844e-06,8.199816,8.503938,8.42501,8.648624,8.375325,8.878304,8.830874,8.973864,8.836418,8.98852,0,0,0,0,0,0
2025/04/26 22:18:00.917,n,2.576183,37.430616,0.000214,9.115916e-06,-2.209444e-05,5.236597e-06,8.20128,8.506898,8.420684,8.641336,8.373861,8.872676,8.822398,8.96796,8.825196,8.985608,0,0,0,0,0,0
2025/04/26 22:19:00.920,n,2.566074,37.106596,0.000225,5.213587e-06,-3.842633e-05,6.322615e-06,8.194028,8.502522,8.413316,8.647144,8.368039,8.875554,8.828042,8.962088,8.830874,8.97824,0,0,0,0,0,0
2025/04/26 22:20:00.922,n,2.567783,37.133788,0.000199,9.419798e-06,-3.842633e-05,5.393644e-06,8.189603,8.50106,8.404566,8.63402,8.3622,8.869926,8.825196,8.954768,8.830874,8.979704,0,0,0,0,0,0
2025/04/26 22:21:00.923,n,2.564415,36.551176,0.000188,9.364778e-06,-3.293288e-05,6.688203e-06,8.18666,8.499596,8.39876,8.63402,8.356297,8.872676,8.828042,8.957712,8.83367,8.975328,0,0,0,0,0,0
2025/04/26 22:22:00.912,n,2.561047,35.962596,0.000209,4.704547e-06,-4.377131e-05,5.19102e-06,8.188124,8.480632,8.401688,8.62234,8.359258,8.861566,8.811208,8.965016,8.822398,8.979704,0,0,0,0,0,0
2025/04/26 22:23:00.911,n,2.581261,36.183888,0.000209,6.67959e-06,-4.911629e-05,5.350749e-06,8.176415,8.467442,8.401688,8.612126,8.351987,8.861566,8.819552,8.948928,8.822398,8.969424,0,0,0,0,0,0
2025/04/26 22:24:00.912,n,2.581261,36.512112,0.000204,7.871261e-06,-4.911629e-05,4.293867e-06,8.176415,8.473248,8.39876,8.610646,8.346101,8.861566,8.816804,8.947464,8.825196,8.97087,0,0,0,0,0,0
2025/04/26 22:25:00.915,n,2.594738,36.12256,0.000188,7.109258e-06,-4.911629e-05,4.262613e-06,8.174968,8.476192,8.39141,8.610646,8.338765,8.858784,8.800034,8.94008,8.825196,8.963552,0,0,0,0,0,0
2025/04/26 22:26:00.917,n,2.594738,36.413524,0.000183,6.484691e-06,-6.025167e-05,5.455579e-06,8.160316,8.470352,8.385571,8.61359,8.335887,8.858784,8.811208,8.931296,8.825196,8.960608,0,0,0,0,0,0
2025/04/26 22:27:00.919,n,2.579552,35.947264,0.000199,9.085964e-06,-4.377131e-05,5.331293e-06,8.166202,8.473248,8.385571,8.610646,8.331479,8.858784,8.80283,8.934176,8.822398,8.951808,0,0,0,0,0,0
2025/04/26 22:28:00.921,n,2.662071,36.170264,0.000193,8.497754e-06,-6.025167e-05,5.813627e-06,8.157388,8.45866,8.368039,8.607718,8.322698,8.855938,8.800034,8.923928,8.819552,8.951808,0,0,0,0,0,0
2025/04/26 22:29:00.924,n,2.635166,36.571584,0.000167,1.172435e-05,-6.559664e-05,8.907564e-06,8.150135,8.46162,8.370983,8.603376,8.315395,8.84756,8.797284,8.928336,8.819552,8.948928,0,0,0,0,0,0
2025/04/26 22:30:00.927,n,2.646935,36.308056,0.000199,7.231415e-06,-5.460974e-05,6.780012e-06,8.139858,8.464498,8.360737,8.59897,8.319803,8.842048,8.791656,8.915144,8.816804,8.944456,0,0,0,0,0,0
2025/04/26 22:31:00.906,n,2.690731,36.627684,0.000236,2.986792e-05,-2.75879e-05,3.510746e-05,8.167666,8.460156,8.392856,8.606222,8.338765,8.819552,8.772172,8.93712,8.788908,8.976826,0,0,0,0,0,0
2025/04/26 22:32:00.911,n,2.668808,35.853564,0.000225,9.448828e-06,-2.75879e-05,7.000199e-06,8.155909,8.45282,8.381195,8.590218,8.322698,8.822398,8.777702,8.928336,8.797284,8.957712,0,0,0,0,0,0
2025/04/26 22:33:00.910,n,2.694054,35.71216,0.000214,9.392328e-06,-4.911629e-05,5.561526e-06,8.150135,8.444038,8.372415,8.590218,8.322698,8.825196,8.780516,8.922496,8.805662,8.957712,0,0,0,0,0,0
2025/04/26 22:34:00.913,n,2.692345,35.54004,0.000199,9.551092e-06,-4.911629e-05,4.857255e-06,8.144296,8.441128,8.369503,8.588738,8.308077,8.825196,8.772172,8.915144,8.800034,8.944456,0,0,0,0,0,0
2025/04/26 22:35:00.911,n,2.685654,35.964304,0.000188,7.843639e-06,-6.559664e-05,6.270732e-06,8.135483,8.438184,8.359258,8.581404,8.305149,8.83367,8.77492,8.919488,8.805662,8.948928,0,0,0,0,0,0
2025/04/26 22:36:00.919,n,2.667099,36.418556,0.000204,8.100333e-06,-6.559664e-05,5.618322e-06,8.136915,8.435288,8.344604,8.578492,8.297864,8.822398,8.769406,8.900456,8.800034,8.929832,0,0,0,0,0,0
2025/04/26 22:37:00.918,n,2.662071,36.10386,0.000172,7.447741e-06,-6.025167e-05,6.735613e-06,8.134019,8.42353,8.350508,8.579988,8.302206,8.822398,8.772172,8.907776,8.791656,8.932776,0,0,0,0,0,0
2025/04/26 22:38:00.918,n,2.660412,36.185496,0.000172,9.18847e-06,-7.10901e-05,3.628993e-06,8.12527,8.439664,8.34314,8.56971,8.293425,8.814054,8.766542,8.891592,8.797284,8.923928,0,0,0,0,0,0
2025/04/26 22:39:00.919,n,2.662071,37.230468,0.000162,7.061853e-06,-7.10901e-05,7.311719e-06,8.122327,8.430914,8.338765,8.57122,8.284642,8.819552,8.766542,8.887234,8.797284,8.925392,0,0,0,0,0,0
2025/04/26 22:40:00.910,n,2.655331,37.51704,0.000183,6.899549e-06,-7.643508e-05,8.079134e-06,8.119366,8.411918,8.344604,8.550778,8.293425,8.822398,8.769406,8.893088,8.800034,8.929832,0,0,0,0,0,0
2025/04/26 22:41:00.907,n,2.643566,37.389892,0.000172,9.667652e-06,-8.727352e-05,6.435194e-06,8.12527,8.417756,8.344604,8.553656,8.286106,8.816804,8.75815,8.888648,8.794438,8.931296,0,0,0,0,0,0
2025/04/26 22:42:00.911,n,2.631748,37.423828,0.000178,1.05969e-05,-9.26185e-05,6.952709e-06,8.119366,8.410438,8.337351,8.552242,8.281797,8.811208,8.749806,8.890112,8.788908,8.915144,0,0,0,0,0,0
2025/04/26 22:43:00.911,n,2.609825,37.567872,0.000167,8.840652e-06,-8.727352e-05,7.074373e-06,8.110585,8.406032,8.322698,8.543428,8.271551,8.808426,8.755402,8.893088,8.786062,8.921018,0,0,0,0,0,0
2025/04/26 22:44:00.914,n,2.58458,37.237208,0.000162,7.512679e-06,-8.727352e-05,4.331536e-06,8.103268,8.406032,8.321234,8.546338,8.267111,8.811208,8.755402,8.876954,8.791656,8.919488,0,0,0,0,0,0
2025/04/26 22:45:00.915,n,2.579552,36.996288,0.000146,9.637002e-06,-9.811194e-05,6.463589e-06,8.098861,8.403104,8.321234,8.543428,8.261305,8.805662,8.749806,8.876954,8.786062,8.912184,0,0,0,0,0,0
2025/04/26 22:46:00.918,n,2.566074,37.030224,0.000146,1.099843e-05,-9.811194e-05,6.315996e-06,8.090112,8.395784,8.308077,8.543428,8.261305,8.80283,8.746928,8.866656,8.786062,8.900456,0,0,0,0,0,0
2025/04/26 22:47:00.924,n,2.571102,36.766996,0.000157,1.009325e-05,-9.26185e-05,6.175393e-06,8.093055,8.400224,8.312484,8.537588,8.258362,8.800034,8.746928,8.862248,8.780516,8.894552,0,0,0,0,0,0
2025/04/26 22:48:00.926,n,2.561047,36.328468,0.000151,7.22516e-06,-9.26185e-05,6.265528e-06,8.087184,8.404566,8.306614,8.540498,8.253955,8.786062,8.73294,8.857872,8.783298,8.897496,0,0,0,0,0,0
2025/04/26 22:49:00.910,n,2.53746,36.656544,0.000146,6.877043e-06,-0.000103,4.860147e-06,8.095983,8.384108,8.312484,8.52443,8.258362,8.797284,8.741318,8.859338,8.786062,8.90628,0,0,0,0,0,0
2025/04/26 22:50:00.913,n,2.552647,36.712696,0.000146,1.116675e-05,-9.811194e-05,6.175602e-06,8.085737,8.375325,8.297864,8.521534,8.25106,8.786062,8.73582,8.856394,8.783298,8.904864,0,0,0,0,0,0
2025/04/26 22:51:00.914,n,2.53746,36.712696,0.000167,6.51272e-06,-0.000103,5.893055e-06,8.084274,8.381195,8.300791,8.522966,8.249563,8.788908,8.73019,8.857872,8.772172,8.896016,0,0,0,0,0,0
2025/04/26 22:52:00.916,n,2.596447,36.59204,0.000146,9.204906e-06,-0.000109,6.786369e-06,8.079834,8.376788,8.294921,8.517128,8.239335,8.786062,8.727428,8.85049,8.77492,8.891592,0,0,0,0,0,0
2025/04/26 22:53:00.917,n,2.598057,36.154932,0.00013,1.057603e-05,-9.811194e-05,6.087319e-06,8.071054,8.373861,8.28905,8.522966,8.232064,8.788908,8.73294,8.84756,8.786062,8.884304,0,0,0,0,0,0
2025/04/26 22:54:00.917,n,2.564415,36.190624,0.000141,1.588313e-05,-0.000125,7.996802e-06,8.066712,8.368039,8.27443,8.517128,8.229089,8.791656,8.73019,8.846082,8.77492,8.884304,0,0,0,0,0,0
2025/04/26 22:55:00.921,n,2.603134,36.466212,0.000136,1.284457e-05,-0.000109,4.868778e-06,8.065248,8.365079,8.277357,8.508378,8.221787,8.780516,8.721798,8.832906,8.769406,8.875488,0,0,0,0,0,0
2025/04/26 22:56:00.923,n,2.633457,36.573292,0.000151,9.450468e-06,-0.000103,5.640754e-06,8.053523,8.3636,8.270054,8.503938,8.214469,8.780516,8.721798,8.832906,8.777702,8.869618,0,0,0,0,0,0
2025/04/26 22:57:00.923,n,2.581261,36.45088,0.000151,1.167366e-05,-0.000114,9.122786e-06,8.053523,8.3636,8.26859,8.50106,8.215933,8.777702,8.71627,8.825554,8.766542,8.863712,0,0,0,0,0,0
2025/04/26 22:58:00.912,n,2.596447,36.34038,0.000136,1.104601e-05,-0.000109,4.734657e-06,8.053523,8.351987,8.280333,8.496684,8.220372,8.76378,8.71627,8.835834,8.76378,8.876954,0,0,0,0,0,0
2025/04/26 22:59:00.911,n,2.562706,36.158352,0.00013,7.877823e-06,-0.000125,6.727672e-06,8.056466,8.346101,8.267111,8.493724,8.211558,8.769406,8.710674,8.826968,8.769406,8.865176,0,0,0,0,0,0
2025/04/26 23:00:00.916,n,2.53746,36.394776,0.000157,1.147588e-05,-0.000109,6.558481e-06,8.047685,8.346101,8.26859,8.487902,8.207152,8.76378,8.713422,8.825554,8.76103,8.869618,0,0,0,0,0,0
2025/04/26 23:01:00.920,n,2.569431,36.918312,0.000304,5.060969e-05,3.770021e-05,3.325968e-05,8.058142,8.371162,8.276137,8.521714,8.223494,8.649176,8.593308,8.834436,8.640818,8.88442,0,0,0,0,0,0
2025/04/26 23:02:00.921,n,2.542477,37.232328,0.000346,2.882939e-05,2.136832e-05,6.774734e-06,8.049376,8.362379,8.26877,8.51002,8.210306,8.660432,8.596188,8.82274,8.651926,8.874106,0,0,0,0,0,0
2025/04/26 23:03:00.930,n,2.512108,37.439208,0.000294,3.084467e-05,2.136832e-05,8.414672e-06,8.040627,8.359419,8.255646,8.501222,8.210306,8.657554,8.601686,8.821276,8.651926,8.865338,0,0,0,0,0,0
2025/04/26 23:04:00.929,n,2.490185,37.378172,0.000204,4.291487e-05,-1.60071e-07,7.094266e-06,8.030366,8.359419,8.258557,8.492472,8.217655,8.654804,8.593308,8.8095,8.651926,8.857988,0,0,0,0,0,0
2025/04/26 23:05:00.931,n,2.458153,37.452784,0.000246,3.259747e-05,-5.653523e-06,6.217291e-06,8.025942,8.35363,8.252703,8.483738,8.192743,8.660432,8.60453,8.805058,8.66318,8.856524,0,0,0,0,0,0
2025/04/26 23:06:00.931,n,2.46323,37.605372,0.000189,3.533081e-05,-2.198541e-05,6.715023e-06,8.027406,8.343384,8.255646,8.483738,8.198646,8.66318,8.60453,8.793366,8.668776,8.84621,0,0,0,0,0,0
2025/04/26 23:07:00.924,n,2.412693,37.81714,0.00021,3.541065e-05,-1.664043e-05,6.634153e-06,8.034741,8.337546,8.246865,8.486584,8.182497,8.657554,8.60453,8.806492,8.654804,8.854994,0,0,0,0,0,0
2025/04/26 23:08:00.918,n,2.39077,37.889944,0.000168,3.046267e-05,-2.198541e-05,6.692916e-06,8.034741,8.328763,8.236651,8.480778,8.176691,8.657554,8.601686,8.802116,8.660432,8.849172,0,0,0,0,0,0
2025/04/26 23:09:00.922,n,2.379002,37.95088,0.000173,3.787391e-05,-1.664043e-05,5.851199e-06,8.030366,8.331691,8.242489,8.477834,8.186904,8.651926,8.590544,8.799188,8.657554,8.841836,0,0,0,0,0,0
2025/04/26 23:10:00.925,n,2.330074,37.888232,0.000152,3.304227e-05,-3.83173e-05,6.316105e-06,8.011308,8.327268,8.229268,8.47637,8.178155,8.651926,8.596188,8.790438,8.660432,8.835964,0,0,0,0,0,0
2025/04/26 23:11:00.927,n,2.326706,37.99824,0.000225,2.106245e-05,-3.83173e-05,5.730154e-06,8.006949,8.325854,8.223494,8.471996,8.176691,8.651926,8.593308,8.791902,8.660432,8.841836,0,0,0,0,0,0
2025/04/26 23:12:00.928,n,2.30991,38.02534,0.000199,2.200002e-05,-3.83173e-05,8.588858e-06,8.004038,8.320013,8.220551,8.460318,8.176691,8.643566,8.593308,8.780208,8.651926,8.831556,0,0,0,0,0,0
2025/04/26 23:13:00.931,n,2.230663,38.055812,0.000189,1.879689e-05,-3.83173e-05,4.518996e-06,8.001095,8.321478,8.226405,8.454464,8.173747,8.637938,8.587796,8.772934,8.654804,8.840372,0,0,0,0,0,0
2025/04/26 23:14:00.934,n,2.190136,38.22842,0.00021,1.172556e-05,-4.366228e-05,6.308398e-06,7.992314,8.314161,8.222031,8.457374,8.163471,8.643566,8.585046,8.774366,8.649176,8.835964,0,0,0,0,0,0
2025/04/26 23:15:00.932,n,2.161472,38.541212,0.000199,9.375532e-06,-3.83173e-05,3.509227e-06,7.998167,8.31564,8.222031,8.457374,8.166445,8.637938,8.585046,8.772934,8.651926,8.824204,0,0,0,0,0,0
2025/04/26 23:16:00.924,n,2.083885,38.799952,0.000184,9.489348e-06,-4.366228e-05,7.791822e-06,7.993793,8.303947,8.21177,8.44716,8.154689,8.63519,8.579322,8.775832,8.657554,8.83006,0,0,0,0,0,0
2025/04/26 23:17:00.922,n,2.013084,38.989844,0.000204,1.284909e-05,-4.366228e-05,5.874158e-06,7.992314,8.302483,8.213249,8.448624,8.145973,8.63519,8.582168,8.769992,8.651926,8.825652,0,0,0,0,0,0
2025/04/26 23:18:00.924,n,2.001217,39.242336,0.000204,1.153517e-05,-5.464918e-05,5.429855e-06,7.995257,8.305361,8.21177,8.451568,8.150315,8.632442,8.570946,8.768528,8.64633,8.83006,0,0,0,0,0,0
2025/04/26 23:19:00.928,n,1.952293,39.30498,0.000168,1.557537e-05,-5.464918e-05,6.101138e-06,7.980573,8.298044,8.202971,8.442786,8.151794,8.632442,8.57654,8.753938,8.640818,8.818332,0,0,0,0,0,0
2025/04/26 23:20:00.929,n,1.896629,39.775488,0.000194,1.245412e-05,-5.464918e-05,5.278538e-06,7.974735,8.296612,8.200093,8.44425,8.144509,8.624048,8.570946,8.759778,8.64633,8.8095,0,0,0,0,0,0
2025/04/26 23:21:00.930,n,1.85107,39.805908,0.000189,1.341226e-05,-6.014263e-05,6.77086e-06,7.971792,8.295132,8.204436,8.43841,8.137158,8.6213,8.573726,8.75246,8.640818,8.818332,0,0,0,0,0,0
2025/04/26 23:22:00.933,n,1.79697,40.03242,0.000189,1.207341e-05,-6.548761e-05,5.181398e-06,7.963043,8.284919,8.194222,8.425254,8.132752,8.632442,8.570946,8.746652,8.643566,8.812428,0,0,0,0,0,0
2025/04/26 23:23:00.919,n,1.805416,40.233448,0.000168,5.292287e-06,-7.098106e-05,6.989472e-06,7.976198,8.274673,8.191279,8.428132,8.1167,8.626798,8.570946,8.748084,8.643566,8.806492,0,0,0,0,0,0
2025/04/26 23:24:00.918,n,1.768307,40.373584,0.000168,6.288682e-06,-7.098106e-05,4.901966e-06,7.968882,8.277584,8.183961,8.428132,8.106423,8.624048,8.562552,8.74078,8.632442,8.80797,0,0,0,0,0,0
2025/04/26 23:25:00.907,n,1.729443,40.2959,0.000173,9.441442e-06,-8.18195e-05,6.471279e-06,7.964507,8.267356,8.191279,8.4106,8.121106,8.612908,8.565334,8.746652,8.643566,8.807988,0,0,0,0,0,0
2025/04/26 23:26:00.908,n,1.700729,40.42422,0.000178,8.31021e-06,-7.098106e-05,6.160784e-06,7.965987,8.258557,8.192743,8.40481,8.115237,8.615672,8.565334,8.745186,8.640818,8.813892,0,0,0,0,0,0
2025/04/26 23:27:00.908,n,1.66357,40.35332,0.000162,1.206709e-05,-7.632605e-05,6.670735e-06,7.958605,8.258557,8.186904,8.406258,8.1167,8.615672,8.562552,8.74078,8.640818,8.80797,0,0,0,0,0,0
2025/04/26 23:28:00.912,n,1.602829,40.76504,0.000173,9.274398e-06,-8.18195e-05,6.513514e-06,7.955742,8.25711,8.18544,8.406258,8.100634,8.618422,8.559804,8.737868,8.637938,8.803596,0,0,0,0,0,0
2025/04/26 23:29:00.912,n,1.579147,40.903224,0.000168,7.465932e-06,-8.18195e-05,6.326726e-06,7.951335,8.248296,8.179587,8.40481,8.100634,8.618422,8.559804,8.727654,8.640818,8.796276,0,0,0,0,0,0
2025/04/26 23:30:00.914,n,1.536572,41.176268,0.000152,8.132962e-06,-9.250946e-05,9.203678e-06,7.941057,8.249775,8.17082,8.403348,8.085948,8.615672,8.551414,8.726238,8.637938,8.787526,0,0,0,0,0,0
2025/04/26 23:31:00.927,n,1.476025,41.331104,0.00022,3.231555e-05,-2.747886e-05,2.719945e-05,7.952799,8.273209,8.18544,8.4194,8.100634,8.579322,8.51516,8.726238,8.60453,8.79774,0,0,0,0,0,0
2025/04/26 23:32:00.930,n,1.472652,41.014504,0.00021,7.603613e-06,-4.915573e-05,8.777176e-06,7.939643,8.26446,8.176691,8.415026,8.097674,8.582168,8.523552,8.721798,8.610044,8.794846,0,0,0,0,0,0
2025/04/26 23:33:00.933,n,1.462547,40.999316,0.000204,8.205706e-06,-4.915573e-05,6.312211e-06,7.936683,8.262982,8.169373,8.406258,8.090388,8.585046,8.5263,8.720336,8.612908,8.790438,0,0,0,0,0,0
2025/04/26 23:34:00.920,n,1.459179,41.002736,0.000173,9.322052e-06,-5.464918e-05,5.633506e-06,7.935204,8.25711,8.166445,8.40481,8.075704,8.582168,8.52905,8.720336,8.6213,8.790438,0,0,0,0,0,0
2025/04/26 23:35:00.921,n,1.454147,40.8021,0.000162,8.151526e-06,-7.632605e-05,6.699216e-06,7.93078,8.235172,8.156185,8.393068,8.071362,8.590544,8.534678,8.71308,8.618422,8.780208,0,0,0,0,0,0
2025/04/26 23:36:00.920,n,1.428856,40.896532,0.000173,8.819144e-06,-7.632605e-05,7.817902e-06,7.932276,8.249775,8.156185,8.406258,8.075704,8.585046,8.5263,8.716024,8.624048,8.78315,0,0,0,0,0,0
2025/04/26 23:37:00.922,n,1.425533,40.805468,0.000168,1.142918e-05,-8.716448e-05,7.773033e-06,7.919154,8.241025,8.144509,8.394566,8.061116,8.585046,8.5263,8.705778,8.618422,8.774366,0,0,0,0,0,0
2025/04/26 23:38:00.924,n,1.41206,40.87798,0.000152,1.029061e-05,-8.18195e-05,2.752512e-06,7.916211,8.235172,8.144509,8.391654,8.066955,8.587796,8.52905,8.70137,8.618422,8.771456,0,0,0,0,0,0
2025/04/26 23:39:00.926,n,1.418797,41.211576,0.000141,1.056209e-05,-9.815138e-05,5.35538e-06,7.905934,8.235172,8.132752,8.384351,8.052303,8.587796,8.5263,8.696962,8.6213,8.762674,0,0,0,0,0,0
2025/04/26 23:40:00.927,n,1.430565,41.502784,0.000152,6.049745e-06,-0.000104,6.810312e-06,7.900096,8.238082,8.135694,8.379912,8.064027,8.587796,8.5263,8.69262,8.615672,8.762674,0,0,0,0,0,0
2025/04/26 23:41:00.929,n,1.415379,41.201516,0.000152,7.908103e-06,-0.000104,6.12967e-06,7.894225,8.223494,8.131319,8.372626,8.052303,8.582168,8.5263,8.68239,8.624048,8.759778,0,0,0,0,0,0
2025/04/26 23:42:00.936,n,1.390133,41.289012,0.000136,7.108895e-06,-0.000109,6.30571e-06,7.882534,8.214712,8.13423,8.362379,8.049376,8.579322,8.523552,8.68239,8.618422,8.764154,0,0,0,0,0,0
2025/04/26 23:43:00.916,n,1.3666,41.454008,0.000141,7.731663e-06,-9.815138e-05,9.258504e-06,7.894225,8.210306,8.125482,8.374105,8.034741,8.579322,8.523552,8.69262,8.615672,8.761242,0,0,0,0,0,0
2025/04/26 23:44:00.920,n,1.361569,42.051708,0.000147,6.873661e-06,-0.000104,8.53787e-06,7.889851,8.21177,8.124002,8.369698,8.02887,8.573726,8.517924,8.686748,8.624048,8.751026,0,0,0,0,0,0
2025/04/26 23:45:00.920,n,1.37698,42.1344,0.00022,9.250406e-06,-2.189029e-05,6.737075e-06,7.933707,8.26002,8.164934,8.409186,8.071297,8.582102,8.51786,8.724856,8.618388,8.78764,0,0,0,0,0,0
