"Timestamp","TZ","TA_1_1_1","RH_1_1_1","PPFD_BC_IN_1_1_1","PPFD_BC_IN_1_1_1_SD","PPFD_BC_IN_1_1_2","PPFD_BC_IN_1_1_2_SD","TS_6_1_1","TS_6_2_1","TS_7_1_1","TS_7_2_1","TS_8_1_1","TS_8_2_1","TS_9_1_1","TS_9_2_1","TS_10_1_1","TS_10_2_1","P_1_2_1","P_1_3_1","P_1_4_1","1160CV","1038CV","1161CV"
2025/03/15 23:46:00.910,n,-3.749256,63.124216,0.000289,4.354145e-05,-2.194597e-05,4.8513e-06,3.795976,3.911037,3.890391,4.034937,3.781243,4.066903,3.994734,4.06882,4.286325,4.413635,0,0,0,0,0,0
2025/03/15 23:47:00.912,n,-3.720303,63.16836,0.000273,3.879302e-05,-2.194597e-05,8.41657e-06,3.793036,3.906634,3.886054,4.033474,3.77975,4.055777,3.986386,4.067358,4.291946,4.409232,0,0,0,0,0,0
2025/03/15 23:48:00.915,n,-3.727089,63.21416,0.000247,2.910527e-05,-2.75879e-05,6.995944e-06,3.781243,3.905172,3.874165,4.032013,3.778287,4.058522,3.994734,4.065946,4.294691,4.40777,0,0,0,0,0,0
2025/03/15 23:49:00.915,n,-3.74242,63.276224,0.000157,4.229354e-05,-2.194597e-05,5.791303e-06,3.784215,3.905172,3.875692,4.029009,3.770897,4.055777,3.989132,4.051131,4.289103,4.39747,0,0,0,0,0,0
2025/03/15 23:50:00.922,n,-3.776455,63.155272,0.000126,5.9283e-05,-3.293288e-05,5.92212e-06,3.773886,3.908144,3.868301,4.029009,3.773886,4.058522,3.989132,4.049702,4.289103,4.406292,0,0,0,0,0,0
2025/03/15 23:51:00.922,n,-3.764591,63.261476,0.000257,4.974354e-05,-3.293288e-05,4.567911e-06,3.766496,3.905172,3.868301,4.027546,3.772359,4.053031,3.983608,4.04673,4.286325,4.39747,0,0,0,0,0,0
2025/03/15 23:52:00.905,n,-3.768009,63.258204,0.000252,5.28467e-05,-3.842633e-05,5.327444e-06,3.77975,3.886054,3.874165,4.018742,3.763491,4.047412,3.983608,4.051131,4.294691,4.413635,0,0,0,0,0,0
2025/03/15 23:53:00.910,n,-3.788368,63.171632,0.000163,4.326155e-05,-3.842633e-05,5.22607e-06,3.77975,3.890391,3.865361,4.01429,3.765019,4.050253,3.983608,4.064418,4.289103,4.398933,0,0,0,0,0,0
2025/03/15 23:54:00.909,n,-3.798573,63.201076,0.000215,2.973923e-05,-3.842633e-05,4.877328e-06,3.772359,3.891918,3.868301,4.021682,3.767957,4.050253,3.986386,4.05706,4.291946,4.400396,0,0,0,0,0,0
2025/03/15 23:55:00.911,n,-3.84457,63.124216,0.000184,3.176735e-05,-4.926476e-05,6.728248e-06,3.773886,3.89338,3.863835,4.020205,3.763491,4.047412,3.980863,4.048224,4.289103,4.394466,0,0,0,0,0,0
2025/03/15 23:56:00.913,n,-3.853115,63.140576,0.000215,1.390151e-05,-4.926476e-05,7.432569e-06,3.766496,3.886054,3.860928,4.01728,3.759122,4.050253,3.980863,4.039371,4.289103,4.391574,0,0,0,0,0,0
2025/03/15 23:57:00.917,n,-3.801991,63.338284,0.00022,1.452273e-05,-5.460974e-05,8.460234e-06,3.767957,3.887451,3.855064,4.008379,3.75027,4.047412,3.978102,4.043805,4.291946,4.395961,0,0,0,0,0,0
2025/03/15 23:58:00.916,n,-3.791786,63.472168,0.000194,9.24929e-06,-5.995473e-05,4.683975e-06,3.760599,3.89481,3.84618,4.018742,3.748743,4.047412,3.986386,4.040834,4.289103,4.387107,0,0,0,0,0,0
2025/03/15 23:59:00.922,n,-3.8037,63.220652,0.000199,1.121996e-05,-6.559664e-05,5.815599e-06,3.757595,3.887451,3.852075,4.018742,3.751732,4.053031,3.978102,4.032013,4.291946,4.381242,0,0,0,0,0,0
2025/03/16 00:00:00.921,n,-3.837784,63.246776,0.00021,9.849288e-06,-6.559664e-05,5.928082e-06,3.739907,3.881589,3.843176,4.001053,3.747331,4.055777,3.994734,4.024606,4.294691,4.37827,0,0,0,0,0,0
2025/03/16 00:01:00.921,n,-3.854824,63.073584,0.000252,2.387147e-05,-1.110754e-05,3.330579e-05,3.765019,3.89338,3.863835,4.020205,3.762062,4.025255,3.958611,4.040834,4.266865,4.393003,0,0,0,0,0,0
2025/03/16 00:02:00.906,n,-3.858242,63.016408,0.000226,1.34868e-05,-2.75879e-05,7.337547e-06,3.772359,3.877154,3.868301,4.015785,3.756133,4.028033,3.958611,4.049702,4.272388,4.403367,0,0,0,0,0,0
2025/03/16 00:03:00.908,n,-3.86332,63.02124,0.000241,1.154681e-05,-2.75879e-05,5.27876e-06,3.760599,3.878616,3.862423,4.003993,3.74288,4.030875,3.964117,4.043805,4.28358,4.401857,0,0,0,0,0,0
2025/03/16 00:04:00.909,n,-3.849697,62.895364,0.000226,1.062867e-05,-4.377131e-05,7.239461e-06,3.760599,3.875692,3.856477,3.999591,3.744374,4.036382,3.972401,4.043805,4.28358,4.395961,0,0,0,0,0,0
2025/03/16 00:05:00.911,n,-3.900822,62.771096,0.000226,1.260322e-05,-4.377131e-05,5.688675e-06,3.75027,3.871225,3.852075,3.995157,3.732517,4.030875,3.96964,4.034937,4.28358,4.391574,0,0,0,0,0,0
2025/03/16 00:06:00.913,n,-3.909268,62.635252,0.00022,1.221595e-05,-7.10901e-05,5.857765e-06,3.751732,3.871225,3.835849,4.003993,3.732517,4.039127,3.980863,4.024606,4.28358,4.381242,0,0,0,0,0,0
2025/03/16 00:07:00.915,n,-3.910977,62.641752,0.000199,7.212812e-06,-6.559664e-05,4.322878e-06,3.74288,3.872688,3.837312,3.999591,3.73398,4.036382,3.96964,4.023145,4.280819,4.382737,0,0,0,0,0,0
2025/03/16 00:08:00.918,n,-3.910977,62.78252,0.000199,6.999377e-06,-7.10901e-05,7.036838e-06,3.73398,3.869763,3.832845,4.001053,3.732517,4.033621,3.966862,4.024606,4.28358,4.379764,0,0,0,0,0,0
2025/03/16 00:09:00.919,n,-3.919571,62.957568,0.000189,8.60982e-06,-7.10901e-05,9.351284e-06,3.729611,3.860928,3.82409,3.998097,3.726622,4.036382,3.96964,4.012814,4.289103,4.372405,0,0,0,0,0,0
2025/03/16 00:10:00.905,n,-3.902531,63.040872,0.000178,6.262744e-06,-8.192854e-05,5.827859e-06,3.735506,3.84618,3.834387,3.989229,3.723683,4.036382,3.96964,4.020205,4.28358,4.384231,0,0,0,0,0,0
2025/03/16 00:11:00.908,n,-3.897404,62.901904,0.000189,8.243718e-06,-8.727352e-05,6.648621e-06,3.739907,3.849071,3.829954,3.978931,3.720759,4.036382,3.972401,4.026134,4.286325,4.37827,0,0,0,0,0,0
2025/03/16 00:12:00.910,n,-3.941639,62.875784,0.000194,9.356636e-06,-7.643508e-05,6.089812e-06,3.728083,3.850598,3.835849,3.989229,3.716357,4.030875,3.961356,4.01728,4.286325,4.379764,0,0,0,0,0,0
2025/03/16 00:13:00.912,n,-4.018349,62.640188,0.000178,1.035145e-05,-8.192854e-05,4.238069e-06,3.723683,3.84618,3.822562,3.99069,3.710396,4.025255,3.964117,4.01728,4.289103,4.372405,0,0,0,0,0,0
2025/03/16 00:14:00.916,n,-4.038761,62.605764,0.000173,1.394262e-05,-8.727352e-05,5.556936e-06,3.719232,3.847641,3.818097,3.986272,3.703006,4.028033,3.966862,4.003993,4.291946,4.363568,0,0,0,0,0,0
2025/03/16 00:15:00.917,n,-4.049015,62.73994,0.000168,7.450689e-06,-8.727352e-05,4.262234e-06,3.716357,3.841713,3.819624,3.977469,3.698605,4.036382,3.966862,4.015785,4.278074,4.362107,0,0,0,0,0,0
2025/03/16 00:16:00.917,n,-4.091641,62.576368,0.000178,7.6706e-06,-9.26185e-05,7.077158e-06,3.714863,3.844702,3.815221,3.975941,3.703006,4.030875,3.961356,3.999591,4.286325,4.360644,0,0,0,0,0,0
2025/03/16 00:17:00.918,n,-4.084805,62.617288,0.000168,9.057482e-06,-9.811194e-05,9.135204e-06,3.705995,3.844702,3.800441,3.975941,3.700067,4.036382,3.966862,3.999591,4.291946,4.345878,0,0,0,0,0,0
2025/03/16 00:18:00.920,n,-4.057511,62.856152,0.000173,9.902398e-06,-0.000104,5.545999e-06,3.705995,3.844702,3.810756,3.968568,3.704468,4.028033,3.966862,4.005455,4.28358,4.350345,0,0,0,0,0,0
2025/03/16 00:19:00.910,n,-4.108681,62.846292,0.000178,8.765366e-06,-9.26185e-05,6.41856e-06,3.716357,3.832845,3.822562,3.965644,3.701529,4.025255,3.964117,4.003993,4.28358,4.365046,0,0,0,0,0,0
2025/03/16 00:20:00.910,n,-4.132851,62.663036,0.000163,4.701251e-06,-0.000109,8.237447e-06,3.713353,3.82409,3.818097,3.967106,3.691247,4.036382,3.964117,3.999591,4.286325,4.359181,0,0,0,0,0,0
2025/03/16 00:21:00.909,n,-4.175236,62.6958,0.000163,1.018144e-05,-0.000115,7.451556e-06,3.704468,3.822562,3.803333,3.961209,3.68238,4.030875,3.96964,3.992168,4.286325,4.354715,0,0,0,0,0,0
2025/03/16 00:22:00.911,n,-4.180409,62.658204,0.000168,8.45569e-06,-9.811194e-05,6.383898e-06,3.701529,3.832845,3.812233,3.967106,3.685319,4.022413,3.966862,3.995157,4.286325,4.356209,0,0,0,0,0,0
2025/03/16 00:23:00.916,n,-4.175236,62.627052,0.000152,9.950162e-06,-0.00012,5.38233e-06,3.695665,3.82409,3.797437,3.964166,3.679391,4.022413,3.958611,3.992168,4.286325,4.347355,0,0,0,0,0,0
2025/03/16 00:24:00.917,n,-4.205849,62.532132,0.000152,1.086274e-05,-0.000115,6.311239e-06,3.695665,3.818097,3.788617,3.964166,3.679391,4.028033,3.961356,3.984794,4.30023,4.341476,0,0,0,0,0,0
2025/03/16 00:25:00.919,n,-4.216053,62.445312,0.000147,7.544425e-06,-0.00012,8.079254e-06,3.686781,3.815221,3.788617,3.956776,3.67499,4.030875,3.958611,3.978931,4.289103,4.340013,0,0,0,0,0,0
2025/03/16 00:26:00.923,n,-4.287342,62.233156,0.000147,7.691624e-06,-0.00012,4.84097e-06,3.680853,3.821086,3.787108,3.946478,3.67499,4.022413,3.964117,3.974465,4.28358,4.345878,0,0,0,0,0,0
2025/03/16 00:27:00.923,n,-4.295841,62.1417,0.000152,8.820316e-06,-0.00012,6.690412e-06,3.686781,3.821086,3.788617,3.947955,3.67205,4.019668,3.961356,3.973002,4.294691,4.341476,0,0,0,0,0,0
2025/03/16 00:28:00.907,n,-4.328068,61.975248,0.000136,9.989038e-06,-0.000125,6.078187e-06,3.686781,3.809261,3.790111,3.946478,3.664627,4.022413,3.958611,3.984794,4.289103,4.347355,0,0,0,0,0,0
2025/03/16 00:29:00.908,n,-4.373917,61.869092,0.000131,6.939504e-06,-0.000131,5.38245e-06,3.689738,3.809261,3.791573,3.947955,3.658733,4.016907,3.964117,3.978931,4.291946,4.341476,0,0,0,0,0,0
2025/03/16 00:30:00.911,n,-4.367131,61.76294,0.000142,5.489279e-06,-0.000125,4.087079e-06,3.683841,3.80187,3.782721,3.943488,3.664627,4.022413,3.966862,3.978931,4.291946,4.344415,0,0,0,0,0,0
2025/03/16 00:31:00.923,n,-4.344864,61.581644,0.000294,2.959795e-05,4.872655e-05,3.06875e-05,3.713385,3.857971,3.825552,3.995125,3.710396,3.939119,3.872476,4.011351,4.205722,4.387203,0,0,0,0,0,0
2025/03/16 00:32:00.925,n,-4.359257,61.518156,0.00022,7.619906e-06,-2.740927e-05,7.489921e-06,3.695731,3.834437,3.796105,3.965758,3.689835,3.982633,3.918736,3.987848,4.257687,4.363665,0,0,0,0,0,0
2025/03/16 00:33:00.926,n,-4.367756,61.433144,0.00022,7.96248e-06,-5.472806e-05,6.816487e-06,3.688373,3.830019,3.800491,3.959797,3.695731,3.985379,3.927116,3.984891,4.252099,4.356306,0,0,0,0,0,0
2025/03/16 00:34:00.929,n,-4.359257,61.31532,0.000204,7.323548e-06,-6.007304e-05,6.922052e-06,3.682412,3.82409,3.7931,3.956873,3.685369,3.988125,3.924338,3.984891,4.263193,4.353399,0,0,0,0,0,0
2025/03/16 00:35:00.929,n,-4.360966,61.24828,0.000204,7.865186e-06,-6.556649e-05,5.845042e-06,3.679473,3.807864,3.794562,3.945113,3.678011,3.988125,3.929861,3.978995,4.268717,4.354829,0,0,0,0,0,0
2025/03/16 00:36:00.931,n,-4.388165,61.155016,0.000194,1.178085e-05,-6.556649e-05,6.034484e-06,3.679473,3.816749,3.800491,3.942108,3.678011,3.996505,3.935367,3.978995,4.277098,4.34747,0,0,0,0,0,0
2025/03/16 00:37:00.918,n,-4.461212,61.092812,0.000183,1.018119e-05,-7.640492e-05,5.860576e-06,3.672082,3.815286,3.785775,3.964231,3.667681,3.985379,3.924338,3.984891,4.265971,4.343035,0,0,0,0,0,0
2025/03/16 00:38:00.921,n,-4.44759,61.226988,0.000183,9.92312e-06,-8.17499e-05,6.351487e-06,3.667681,3.809359,3.78134,3.945113,3.670621,3.996505,3.929861,3.974594,4.279845,4.338616,0,0,0,0,0,0
2025/03/16 00:39:00.924,n,-4.464581,61.150084,0.000162,8.970054e-06,-9.273682e-05,4.685009e-06,3.661786,3.803463,3.769484,3.945113,3.658797,3.996505,3.935367,3.959797,4.27151,4.341573,0,0,0,0,0,0
2025/03/16 00:40:00.925,n,-4.471318,61.241688,0.000152,9.16341e-06,-0.000109,7.377417e-06,3.663231,3.807864,3.776875,3.937707,3.658797,3.996505,3.932606,3.965758,4.277098,4.334246,0,0,0,0,0,0
2025/03/16 00:41:00.927,n,-4.471318,61.118936,0.000157,6.823863e-06,-0.000104,4.924709e-06,3.657335,3.790226,3.77395,3.934783,3.654396,3.996505,3.938226,3.962769,4.27151,4.337171,0,0,0,0,0,0
2025/03/16 00:42:00.931,n,-4.507061,61.243348,0.000157,1.598504e-05,-0.000109,6.333715e-06,3.657335,3.797567,3.778352,3.931794,3.660323,3.999347,3.938226,3.95541,4.279845,4.340111,0,0,0,0,0,0
2025/03/16 00:43:00.931,n,-4.510479,61.362832,0.000162,7.739679e-06,-0.000104,5.409385e-06,3.658797,3.7931,3.776875,3.921496,3.660323,3.993744,3.932606,3.956873,4.268717,4.341573,0,0,0,0,0,0
2025/03/16 00:44:00.936,n,-4.501934,61.388956,0.000152,7.61838e-06,-0.000109,6.137727e-06,3.648467,3.785775,3.779814,3.920018,3.651456,3.990884,3.935367,3.956873,4.277098,4.338616,0,0,0,0,0,0
2025/03/16 00:45:00.936,n,-4.464798,61.371876,0.000231,8.509604e-06,-2.747886e-05,5.226101e-06,3.684003,3.803577,3.797713,3.94227,3.670735,3.963565,3.902394,3.982114,4.244041,4.360887,0,0,0,0,0,0
2025/03/16 00:46:00.921,n,-4.459671,61.523976,0.00022,8.52083e-06,-3.816882e-05,4.462213e-06,3.669241,3.812445,3.791784,3.954063,3.664806,3.969152,3.908015,3.982114,4.255153,4.352083,0,0,0,0,0,0
2025/03/16 00:47:00.923,n,-4.446049,61.460204,0.000231,9.577836e-06,-3.816882e-05,5.858454e-06,3.669241,3.816878,3.7829,3.948134,3.660421,3.96631,3.905172,3.971751,4.244041,4.349126,0,0,0,0,0,0
2025/03/16 00:48:00.925,n,-4.432472,61.422556,0.00022,8.396508e-06,-2.747886e-05,5.634495e-06,3.664806,3.812445,3.7829,3.948134,3.658943,3.957944,3.908015,3.970289,4.246901,4.344659,0,0,0,0,0,0
2025/03/16 00:49:00.928,n,-4.456253,61.327688,0.00022,7.615836e-06,-5.464918e-05,6.62731e-06,3.660421,3.810982,3.785889,3.937869,3.658943,3.96631,3.908015,3.964426,4.244041,4.352083,0,0,0,0,0,0
2025/03/16 00:50:00.929,n,-4.454594,61.35552,0.000215,6.894305e-06,-4.900726e-05,7.903048e-06,3.655954,3.803577,3.779961,3.934897,3.655954,3.969152,3.905172,3.962916,4.249662,4.350621,0,0,0,0,0,0
2025/03/16 00:51:00.933,n,-4.46138,61.363676,0.000194,7.557599e-06,-5.464918e-05,4.901998e-06,3.660421,3.788829,3.774097,3.926044,3.650092,3.957944,3.910761,3.970289,4.246901,4.359425,0,0,0,0,0,0
2025/03/16 00:52:00.933,n,-4.440968,61.504344,0.00022,7.896005e-06,-6.014263e-05,8.890598e-06,3.653047,3.794724,3.774097,3.928968,3.648597,3.960787,3.910761,3.962916,4.255153,4.352083,0,0,0,0,0,0
2025/03/16 00:53:00.932,n,-4.497025,61.37676,0.000194,7.419587e-06,-4.900726e-05,7.530885e-06,3.655954,3.7829,3.774097,3.924549,3.650092,3.960787,3.905172,3.959959,4.252407,4.343262,0,0,0,0,0,0
2025/03/16 00:54:00.936,n,-4.512356,61.335888,0.000199,8.923992e-06,-6.548761e-05,5.620621e-06,3.655954,3.781487,3.774097,3.926044,3.657482,3.960787,3.908015,3.959959,4.249662,4.347649,0,0,0,0,0,0
2025/03/16 00:55:00.905,n,-4.52422,61.391508,0.000199,7.851211e-06,-7.083259e-05,8.490036e-06,3.658943,3.774097,3.777036,3.923072,3.633867,3.96631,3.905172,3.971751,4.244041,4.346186,0,0,0,0,0,0
2025/03/16 00:56:00.923,n,-4.532719,61.409524,0.000199,6.428667e-06,-7.632605e-05,7.388682e-06,3.638268,3.787366,3.763735,3.928968,3.635328,3.957944,3.896889,3.957019,4.246901,4.331436,0,0,0,0,0,0
2025/03/16 00:57:00.912,n,-4.519093,61.380032,0.000189,5.509951e-06,-6.548761e-05,4.262462e-06,3.64712,3.777036,3.759317,3.931908,3.633867,3.955184,3.896889,3.961454,4.246901,4.341752,0,0,0,0,0,0
2025/03/16 00:58:00.915,n,-4.576908,61.218068,0.000204,7.523848e-06,-7.083259e-05,4.859815e-06,3.64712,3.777036,3.765213,3.926044,3.623472,3.955184,3.902394,3.952568,4.249662,4.332962,0,0,0,0,0,0
2025/03/16 00:59:00.914,n,-4.576908,61.201708,0.000194,8.20177e-06,-8.167102e-05,4.87991e-06,3.642718,3.769631,3.756377,3.923072,3.620581,3.960787,3.902394,3.955557,4.249662,4.325556,0,0,0,0,0,0
2025/03/16 01:00:00.916,n,-4.576908,61.298244,0.000183,4.769726e-06,-7.632605e-05,5.087357e-06,3.629432,3.777036,3.750449,3.924549,3.616114,3.960787,3.899649,3.952568,4.246901,4.327066,0,0,0,0,0,0
2025/03/16 01:01:00.930,n,-4.57349,61.3833,0.000246,2.43474e-05,-2.198541e-05,2.64491e-05,3.654493,3.7829,3.777036,3.927538,3.651553,3.927424,3.871907,3.970289,4.227408,4.349126,0,0,0,0,0,0
2025/03/16 01:02:00.935,n,-4.60923,61.231152,0.000215,9.917912e-06,-3.816882e-05,9.44473e-06,3.642718,3.769631,3.766707,3.914219,3.642718,3.941295,3.88024,3.955557,4.230251,4.343262,0,0,0,0,0,0
2025/03/16 01:03:00.934,n,-4.624466,61.216408,0.00022,7.896332e-06,-4.900726e-05,7.507734e-06,3.642718,3.772603,3.766707,3.917208,3.635328,3.941295,3.88024,3.958497,4.24128,4.344659,0,0,0,0,0,0
2025/03/16 01:04:00.925,n,-4.716313,61.080516,0.000199,9.063044e-06,-6.014263e-05,7.705301e-06,3.630862,3.784362,3.751943,3.920148,3.630862,3.938535,3.882985,3.943732,4.238535,4.327066,0,0,0,0,0,0
2025/03/16 01:05:00.925,n,-4.724808,60.918456,0.000189,7.447741e-06,-7.083259e-05,8.160772e-06,3.622043,3.77551,3.750449,3.909818,3.620581,3.946819,3.885779,3.933434,4.235757,4.329958,0,0,0,0,0,0
2025/03/16 01:06:00.911,n,-4.714604,60.906932,0.000194,6.52956e-06,-7.083259e-05,5.3823e-06,3.624966,3.754883,3.747525,3.911279,3.608725,3.946819,3.888523,3.949661,4.244041,4.327066,0,0,0,0,0,0
2025/03/16 01:07:00.925,n,-4.736672,60.85454,0.000178,7.80285e-06,-7.632605e-05,7.052746e-06,3.614621,3.760746,3.744521,3.902459,3.611681,3.946819,3.888523,3.931908,4.24128,4.316702,0,0,0,0,0,0
2025/03/16 01:08:00.928,n,-4.743458,60.921732,0.000183,8.226148e-06,-8.167102e-05,6.2173e-06,3.602829,3.756377,3.740087,3.899455,3.61022,3.952406,3.894144,3.933434,4.244041,4.321137,0,0,0,0,0,0
2025/03/16 01:09:00.931,n,-4.719631,61.1313,0.000167,6.430877e-06,-9.28064e-05,4.96657e-06,3.613143,3.75342,3.740087,3.895054,3.614621,3.949661,3.891301,3.934897,4.252407,4.322599,0,0,0,0,0,0
2025/03/16 01:10:00.916,n,-4.731545,61.093656,0.000167,5.428933e-06,-9.815138e-05,5.402155e-06,3.60728,3.744521,3.734223,3.906861,3.595424,3.946819,3.885779,3.921577,4.252407,4.316702,0,0,0,0,0,0
2025/03/16 01:11:00.919,n,-4.796242,60.997072,0.000167,9.577972e-06,-0.000103,5.350794e-06,3.595424,3.745998,3.723894,3.902459,3.591006,3.957944,3.899649,3.917208,4.257931,4.304908,0,0,0,0,0,0
2025/03/16 01:12:00.918,n,-4.789356,61.185304,0.000152,7.502355e-06,-9.815138e-05,5.860465e-06,3.605818,3.745998,3.725371,3.893591,3.593962,3.946819,3.888523,3.926044,4.249662,4.306371,0,0,0,0,0,0
2025/03/16 01:13:00.907,n,-4.770706,61.09038,0.000157,9.602622e-06,-0.000103,4.301007e-06,3.613143,3.734223,3.732762,3.895054,3.592532,3.944073,3.891301,3.939331,4.255153,4.307898,0,0,0,0,0,0
2025/03/16 01:14:00.908,n,-4.814896,61.150928,0.000162,8.62541e-06,-0.000109,4.301007e-06,3.608725,3.740087,3.732762,3.890602,3.576275,3.949661,3.894144,3.928968,4.246901,4.30936,0,0,0,0,0,0
2025/03/16 01:15:00.909,n,-4.809819,61.134572,0.000162,6.134568e-06,-0.000109,5.598569e-06,3.602829,3.732762,3.720937,3.889157,3.583665,3.946819,3.894144,3.926044,4.252407,4.30936,0,0,0,0,0,0
2025/03/16 01:16:00.912,n,-4.78262,61.18042,0.000146,7.608369e-06,-0.00012,4.931787e-06,3.592532,3.732762,3.713612,3.889157,3.574781,3.955184,3.896889,3.917208,4.255153,4.300474,0,0,0,0,0,0
2025/03/16 01:17:00.913,n,-4.799565,61.144388,0.000146,7.427592e-06,-0.000109,5.21916e-06,3.591006,3.726833,3.717998,3.887696,3.571809,3.941295,3.888523,3.909818,4.249662,4.293132,0,0,0,0,0,0
2025/03/16 01:18:00.915,n,-4.852345,61.311328,0.000162,8.272816e-06,-0.000114,4.30536e-06,3.591006,3.734223,3.706206,3.883229,3.565914,3.946819,3.888523,3.912807,4.255153,4.297534,0,0,0,0,0,0
2025/03/16 01:19:00.916,n,-4.86763,61.249124,0.000141,1.009223e-05,-0.000131,4.902493e-06,3.583665,3.726833,3.701756,3.884707,3.562925,3.946819,3.891301,3.908355,4.257931,4.29167,0,0,0,0,0,0
2025/03/16 01:20:00.922,n,-4.876126,61.080516,0.000141,6.584922e-06,-0.000131,5.878184e-06,3.574781,3.725371,3.706206,3.880304,3.573287,3.944073,3.891301,3.905383,4.246901,4.297534,0,0,0,0,0,0
2025/03/16 01:21:00.924,n,-4.901661,60.97578,0.000136,7.952171e-06,-0.00012,4.942254e-06,3.573287,3.723894,3.707619,3.875903,3.576275,3.938535,3.891301,3.89658,4.255153,4.29167,0,0,0,0,0,0
2025/03/16 01:22:00.909,n,-4.920315,60.985548,0.000136,8.087484e-06,-0.000125,5.921758e-06,3.585127,3.722367,3.710608,3.875903,3.559986,3.938535,3.877494,3.909818,4.246901,4.293132,0,0,0,0,0,0
2025/03/16 01:23:00.910,n,-4.901661,60.96924,0.00013,8.248419e-06,-0.00012,5.400541e-06,3.576275,3.713612,3.701756,3.872964,3.557062,3.938535,3.888523,3.905383,4.255153,4.290208,0,0,0,0,0,0
2025/03/16 01:24:00.911,n,-4.908142,61.02372,0.000225,8.973366e-06,-2.74255e-05,7.702466e-06,3.620939,3.756783,3.730195,3.911718,3.591396,3.910711,3.863527,3.942693,4.219074,4.327521,0,0,0,0,0,0
2025/03/16 01:25:00.913,n,-4.926842,60.8599,0.00023,9.049634e-06,-2.74255e-05,6.383866e-06,3.612054,3.747882,3.727238,3.911718,3.595829,3.913456,3.857939,3.939754,4.22182,4.323118,0,0,0,0,0,0
2025/03/16 01:26:00.914,n,-4.969372,60.76488,0.000236,6.566454e-06,-4.360892e-05,6.691027e-06,3.607653,3.749345,3.734628,3.916136,3.591396,3.916201,3.857939,3.93233,4.224565,4.318685,0,0,0,0,0,0
2025/03/16 01:27:00.922,n,-4.950623,60.918884,0.00022,5.690804e-06,-3.826394e-05,4.879918e-06,3.601725,3.755273,3.727238,3.901355,3.595829,3.913456,3.849656,3.929438,4.230104,4.320146,0,0,0,0,0,0
2025/03/16 01:28:00.918,n,-5.027283,60.694424,0.000215,3.460245e-06,-4.910237e-05,6.184421e-06,3.595829,3.747882,3.725729,3.899893,3.584038,3.910711,3.860684,3.926466,4.227343,4.318685,0,0,0,0,0,0
2025/03/16 01:29:00.922,n,-5.039147,60.671424,0.000209,8.194993e-06,-4.360892e-05,6.261558e-06,3.597292,3.746453,3.733135,3.896953,3.592891,3.916201,3.852401,3.920602,4.224565,4.323118,0,0,0,0,0,0
2025/03/16 01:30:00.923,n,-5.105553,60.440176,0.000215,8.032586e-06,-4.360892e-05,7.098574e-06,3.589902,3.739048,3.725729,3.892552,3.584038,3.910711,3.857939,3.916136,4.22182,4.323118,0,0,0,0,0,0
2025/03/16 01:31:00.908,n,-5.103844,60.440176,0.000278,3.107252e-05,1.622517e-05,2.635182e-05,3.619476,3.756783,3.743449,3.911718,3.592891,3.883018,3.824659,3.942693,4.196821,4.343749,0,0,0,0,0,0
2025/03/16 01:32:00.910,n,-5.122593,60.394276,0.000246,1.010323e-05,-1.094515e-05,7.919853e-06,3.612054,3.744926,3.736123,3.902882,3.588489,3.883018,3.830262,3.942693,4.207947,4.336342,0,0,0,0,0,0
2025/03/16 01:33:00.910,n,-5.100426,60.326992,0.000236,9.857024e-06,-2.178358e-05,7.612344e-06,3.60023,3.734628,3.722837,3.89848,3.5855,3.891301,3.835752,3.935334,4.205169,4.328984,0,0,0,0,0,0
2025/03/16 01:34:00.912,n,-5.124207,60.495984,0.00023,8.136774e-06,-2.74255e-05,5.934643e-06,3.592891,3.741986,3.721311,3.905822,3.572215,3.891301,3.83853,3.936797,4.213454,4.320146,0,0,0,0,0,0
2025/03/16 01:35:00.916,n,-5.11742,60.48944,0.00022,9.009286e-06,-4.910237e-05,7.664039e-06,3.592891,3.734628,3.719833,3.89848,3.567749,3.899667,3.852401,3.925005,4.224565,4.317222,0,0,0,0,0,0
2025/03/16 01:36:00.916,n,-5.154869,60.387684,0.00022,7.316488e-06,-4.360892e-05,6.758745e-06,3.584038,3.73169,3.71397,3.894014,3.569211,3.896808,3.844133,3.916136,4.22182,4.31425,0,0,0,0,0,0
2025/03/16 01:37:00.918,n,-5.17191,60.29252,0.000215,7.866828e-06,-4.910237e-05,6.030442e-06,3.578078,3.727238,3.712507,3.891057,3.570737,3.899667,3.841291,3.916136,4.213454,4.309798,0,0,0,0,0,0
2025/03/16 01:38:00.920,n,-5.156578,60.272792,0.000194,9.478586e-06,-6.543426e-05,5.268126e-06,3.575138,3.730195,3.71397,3.892552,3.570737,3.899667,3.846878,3.91024,4.219074,4.302457,0,0,0,0,0,0
2025/03/16 01:39:00.928,n,-5.158287,60.308924,0.000204,7.965399e-06,-5.99408e-05,5.278538e-06,3.575138,3.7243,3.71397,3.879265,3.570737,3.896808,3.83853,3.913212,4.216313,4.309798,0,0,0,0,0,0
2025/03/16 01:40:00.908,n,-5.185536,60.390956,0.000188,1.009812e-05,-7.092771e-05,5.952793e-06,3.581067,3.710981,3.700684,3.883732,3.557451,3.902427,3.841291,3.913212,4.227343,4.308385,0,0,0,0,0,0
2025/03/16 01:41:00.908,n,-5.192372,60.517272,0.000194,6.511729e-06,-7.092771e-05,4.300819e-06,3.572215,3.710981,3.70658,3.879265,3.550063,3.899667,3.849656,3.913212,4.227343,4.303933,0,0,0,0,0,0
2025/03/16 01:42:00.911,n,-5.175328,60.646864,0.000188,8.470802e-06,-6.543426e-05,6.068854e-06,3.572215,3.718371,3.697679,3.879265,3.544167,3.902427,3.852401,3.902882,4.216313,4.303933,0,0,0,0,0,0
2025/03/16 01:43:00.916,n,-5.246815,60.48778,0.000194,4.724004e-06,-7.627269e-05,4.289351e-06,3.566351,3.712507,3.696217,3.876326,3.542672,3.899667,3.849656,3.895491,4.22182,4.299531,0,0,0,0,0,0
2025/03/16 01:44:00.915,n,-5.275769,60.477916,0.000167,9.556096e-06,-9.260458e-05,7.505927e-06,3.558915,3.705085,3.68592,3.870397,3.538206,3.907918,3.849656,3.889595,4.227343,4.289233,0,0,0,0,0,0
2025/03/16 01:45:00.918,n,-5.240025,60.730456,0.000162,7.796722e-06,-8.711112e-05,1.523854e-05,3.554464,3.69919,3.687398,3.860082,3.530849,3.910711,3.849656,3.885129,4.232947,4.287706,0,0,0,0,0,0
2025/03/16 01:46:00.921,n,-5.204285,60.833728,0.000162,8.253742e-06,-8.711112e-05,6.74747e-06,3.547073,3.69919,3.679993,3.854154,3.536777,3.907918,3.855161,3.885129,4.224565,4.286293,0,0,0,0,0,0
2025/03/16 01:47:00.922,n,-5.23148,60.86322,0.000162,7.613122e-06,-8.711112e-05,4.096393e-06,3.544167,3.708074,3.688892,3.860082,3.536777,3.896808,3.849656,3.880728,4.230104,4.286293,0,0,0,0,0,0
2025/03/16 01:48:00.925,n,-5.253651,60.633728,0.000167,4.764848e-06,-9.260458e-05,5.114141e-06,3.5486,3.697679,3.688892,3.855616,3.538206,3.902427,3.852401,3.883732,4.230104,4.293635,0,0,0,0,0,0
2025/03/16 01:49:00.912,n,-5.253651,60.750088,0.000146,1.142782e-05,-0.000114,9.158016e-06,3.5486,3.691816,3.67853,3.852742,3.521982,3.899667,3.852401,3.889595,4.227343,4.286293,0,0,0,0,0,0
2025/03/16 01:50:00.914,n,-5.282604,60.70746,0.000157,6.444122e-06,-9.794956e-05,4.876732e-06,3.5486,3.697679,3.677036,3.861545,3.527878,3.899667,3.846878,3.889595,4.224565,4.284798,0,0,0,0,0,0
2025/03/16 01:51:00.914,n,-5.263855,60.732116,0.000151,7.631934e-06,-0.000109,4.851367e-06,3.538206,3.68592,3.67257,3.851214,3.513097,3.905172,3.849656,3.877803,4.230104,4.277439,0,0,0,0,0,0
2025/03/16 01:52:00.915,n,-5.253651,60.761608,0.000151,4.149193e-06,-0.000104,3.6056e-06,3.536777,3.68592,3.669646,3.854154,3.521982,3.905172,3.855161,3.874864,4.23847,4.283336,0,0,0,0,0,0
2025/03/16 01:53:00.916,n,-5.227947,60.784816,0.000236,5.66988e-06,-2.188102e-05,6.438456e-06,3.557338,3.710916,3.694691,3.868838,3.538142,3.848259,3.79833,3.896921,4.181519,4.297972,0,0,0,0,0,0
2025/03/16 01:54:00.920,n,-5.268818,60.656932,0.000215,8.239643e-06,-3.82129e-05,6.046641e-06,3.552936,3.709454,3.688763,3.870315,3.542607,3.848259,3.792742,3.896921,4.181519,4.299499,0,0,0,0,0,0
2025/03/16 01:55:00.920,n,-5.256901,60.648732,0.000215,7.782957e-06,-4.355788e-05,6.303558e-06,3.545546,3.70502,3.685856,3.862942,3.533724,3.853878,3.795585,3.89247,4.189884,4.293603,0,0,0,0,0,0
2025/03/16 01:56:00.924,n,-5.219403,60.72412,0.000204,8.808592e-06,-4.890286e-05,6.293764e-06,3.542607,3.700619,3.681405,3.858556,3.535185,3.851117,3.806613,3.880695,4.187139,4.297972,0,0,0,0,0,0
2025/03/16 01:57:00.928,n,-5.193867,60.919188,0.00021,8.260939e-06,-4.355788e-05,4.578567e-06,3.544069,3.690289,3.688763,3.859985,3.539619,3.848259,3.803853,3.883602,4.189884,4.296559,0,0,0,0,0,0
2025/03/16 01:58:00.913,n,-5.256901,60.853664,0.00021,6.855594e-06,-4.890286e-05,4.518978e-06,3.548471,3.685856,3.679878,3.86148,3.517467,3.848259,3.78995,3.893932,4.184393,4.295098,0,0,0,0,0,0
2025/03/16 01:59:00.914,n,-5.326679,60.67334,0.000199,6.78437e-06,-4.890286e-05,6.621556e-06,3.547009,3.688763,3.681405,3.859985,3.523394,3.851117,3.795585,3.888069,4.178773,4.292107,0,0,0,0,0,0
2025/03/16 02:00:00.914,n,-5.352265,60.399416,0.000199,9.292488e-06,-6.003824e-05,6.065234e-06,3.535185,3.694691,3.672538,3.862942,3.517467,3.856624,3.79833,3.88953,4.187139,4.287706,0,0,0,0,0,0
2025/03/16 02:01:00.914,n,-5.340351,60.40762,0.000257,3.061932e-05,5.289304e-06,2.986074e-05,3.548471,3.703558,3.681405,3.873304,3.536679,3.823261,3.770459,3.899829,4.159362,4.305331,0,0,0,0,0,0
2025/03/16 02:02:00.915,n,-5.374432,60.1417,0.000262,6.897302e-06,-1.089411e-05,9.060966e-06,3.54108,3.702031,3.685856,3.858556,3.524856,3.834469,3.778839,3.89247,4.167728,4.297972,0,0,0,0,0,0
2025/03/16 02:03:00.921,n,-5.398258,60.105568,0.00023,1.226471e-05,-2.188102e-05,6.137809e-06,3.536679,3.687301,3.678433,3.858556,3.521917,3.831627,3.778839,3.888069,4.176012,4.296559,0,0,0,0,0,0
2025/03/16 02:04:00.918,n,-5.423847,59.969288,0.00023,7.223729e-06,-3.271945e-05,6.997381e-06,3.533724,3.685856,3.676972,3.858556,3.516005,3.839975,3.778839,3.877739,4.176012,4.290631,0,0,0,0,0,0
2025/03/16 02:05:00.921,n,-5.444306,59.877248,0.000215,6.97997e-06,-4.355788e-05,4.785123e-06,3.530784,3.681405,3.671107,3.848194,3.516005,3.834469,3.781715,3.871843,4.173234,4.287706,0,0,0,0,0,0
2025/03/16 02:06:00.924,n,-5.452751,59.998828,0.00022,5.17878e-06,-3.82129e-05,6.832353e-06,3.529323,3.682867,3.679878,3.848194,3.523394,3.834469,3.781715,3.871843,4.181519,4.296559,0,0,0,0,0,0
2025/03/16 02:07:00.909,n,-5.440888,59.916652,0.00021,7.326722e-06,-5.439632e-05,6.209815e-06,3.530784,3.671107,3.665148,3.848194,3.502672,3.837215,3.778839,3.880695,4.178773,4.277375,0,0,0,0,0,0
2025/03/16 02:08:00.910,n,-5.434002,60.05796,0.000199,5.799638e-06,-6.538322e-05,5.191114e-06,3.524856,3.669614,3.65779,3.84233,3.493852,3.848259,3.78995,3.868838,4.187139,4.286196,0,0,0,0,0,0
2025/03/16 02:09:00.912,n,-5.43742,60.205716,0.000188,7.901075e-06,-6.003824e-05,6.637852e-06,3.523394,3.672538,3.651829,3.843792,3.495314,3.839975,3.781715,3.871843,4.181519,4.275913,0,0,0,0,0,0
2025/03/16 02:10:00.913,n,-5.463055,60.108836,0.000183,5.52704e-06,-7.622165e-05,8.933288e-06,3.513033,3.660714,3.648955,3.836451,3.492358,3.839975,3.792742,3.868838,4.178773,4.278837,0,0,0,0,0,0
2025/03/16 02:11:00.915,n,-5.512421,59.995556,0.000194,7.78528e-06,-8.156664e-05,5.07318e-06,3.505644,3.66812,3.654818,3.830473,3.490881,3.839975,3.787204,3.855584,4.189884,4.27437,0,0,0,0,0,0
2025/03/16 02:12:00.920,n,-5.485127,60.179444,0.000188,5.580079e-06,-7.622165e-05,5.073116e-06,3.507138,3.662241,3.654818,3.833462,3.493852,3.842753,3.78995,3.86148,4.189884,4.27,0,0,0,0,0,0
2025/03/16 02:13:00.921,n,-5.474919,60.22544,0.000183,8.448506e-06,-8.156664e-05,4.902031e-06,3.499748,3.662241,3.653357,3.826039,3.492358,3.839975,3.787204,3.854089,4.189884,4.268506,0,0,0,0,0,0
2025/03/16 02:14:00.923,n,-5.491963,60.074368,0.000178,7.867157e-06,-8.706008e-05,7.026411e-06,3.499748,3.659252,3.653357,3.826039,3.499748,3.839975,3.781715,3.849688,4.178773,4.27151,0,0,0,0,0,0
2025/03/16 02:15:00.924,n,-5.529461,59.985696,0.000183,6.536481e-06,-6.538322e-05,6.866045e-06,3.499748,3.650367,3.647428,3.820176,3.487893,3.834469,3.792742,3.849688,4.192644,4.268506,0,0,0,0,0,0
2025/03/16 02:16:00.910,n,-5.476628,60.123636,0.000167,4.473418e-06,-8.156664e-05,6.807799e-06,3.502672,3.645966,3.645966,3.826039,3.480502,3.834469,3.784459,3.855584,4.181519,4.27,0,0,0,0,0,0
2025/03/16 02:17:00.913,n,-5.483418,60.213916,0.000178,7.542713e-06,-8.706008e-05,7.789552e-06,3.499748,3.650367,3.637099,3.826039,3.476069,3.839975,3.784459,3.848194,4.189884,4.261147,0,0,0,0,0,0
2025/03/16 02:18:00.914,n,-5.486836,60.039896,0.000173,7.999548e-06,-9.8047e-05,7.665209e-06,3.490881,3.650367,3.631203,3.818714,3.479058,3.839975,3.784459,3.843792,4.192644,4.258207,0,0,0,0,0,0
2025/03/16 02:19:00.918,n,-5.509003,59.88384,0.000162,5.754691e-06,-9.8047e-05,7.977069e-06,3.493852,3.647428,3.640102,3.817236,3.474608,3.839975,3.784459,3.837863,4.189884,4.258207,0,0,0,0,0,0
2025/03/16 02:20:00.921,n,-5.539715,59.775296,0.000162,6.179471e-06,-0.000103,5.461792e-06,3.482029,3.641565,3.623813,3.812802,3.467234,3.839975,3.787204,3.836451,4.189884,4.256745,0,0,0,0,0,0
2025/03/16 02:21:00.925,n,-5.561833,59.749024,0.000173,7.645295e-06,-0.000103,6.535591e-06,3.483492,3.647428,3.632665,3.805412,3.480502,3.839975,3.781715,3.830473,4.187139,4.264136,0,0,0,0,0,0
2025/03/16 02:22:00.924,n,-5.575505,59.865672,0.000151,4.762679e-06,-0.000109,5.870047e-06,3.480502,3.640102,3.637099,3.806889,3.477595,3.834469,3.784459,3.836451,4.189884,4.262609,0,0,0,0,0,0
2025/03/16 02:23:00.925,n,-5.570378,59.798292,0.000157,6.522829e-06,-0.000109,4.293491e-06,3.483492,3.641565,3.629676,3.806889,3.470206,3.834469,3.778839,3.836451,4.189884,4.261147,0,0,0,0,0,0
2025/03/16 02:24:00.928,n,-5.601044,59.824656,0.000157,1.047168e-05,-0.000114,6.873285e-06,3.474608,3.631203,3.631203,3.796527,3.462816,3.834469,3.778839,3.836451,4.19539,4.265548,0,0,0,0,0,0
2025/03/16 02:25:00.912,n,-5.587422,59.781888,0.000141,6.996423e-06,-0.000114,5.5635e-06,3.483492,3.631203,3.622351,3.809846,3.456906,3.834469,3.778839,3.840803,4.187139,4.253821,0,0,0,0,0,0
2025/03/16 02:26:00.915,n,-5.611298,59.721048,0.000136,1.002518e-05,-0.000103,8.061245e-06,3.47313,3.632665,3.613484,3.803949,3.448054,3.826007,3.778839,3.829028,4.184393,4.246446,0,0,0,0,0,0
2025/03/16 02:27:00.915,n,-5.643669,59.71284,0.000151,6.0717e-06,-0.000114,8.15517e-06,3.471668,3.626802,3.619412,3.806889,3.45835,3.823261,3.778839,3.829028,4.184393,4.249386,0,0,0,0,0,0
2025/03/16 02:28:00.919,n,-5.669255,59.643748,0.000136,7.424983e-06,-0.000114,6.265425e-06,3.467234,3.626802,3.61795,3.799484,3.452455,3.823261,3.773237,3.821637,4.187139,4.247908,0,0,0,0,0,0
2025/03/16 02:29:00.920,n,-5.696553,59.64048,0.000141,8.42799e-06,-0.00012,5.40616e-06,3.47313,3.625275,3.616455,3.792061,3.446528,3.828752,3.776079,3.820176,4.192644,4.249386,0,0,0,0,0,0
2025/03/16 02:30:00.922,n,-5.681217,59.42886,0.000141,5.479267e-06,-0.00012,6.889337e-06,3.45835,3.614946,3.616455,3.786197,3.448054,3.831627,3.784459,3.818714,4.19539,4.244919,0,0,0,0,0,0
2025/03/16 02:31:00.928,n,-5.648796,59.60098,0.000204,2.66771e-05,-7.622165e-05,2.955647e-05,3.477595,3.619412,3.625275,3.798054,3.467234,3.806613,3.751066,3.834924,4.167728,4.262609,0,0,0,0,0,0
2025/03/16 02:32:00.932,n,-5.652214,59.526956,0.000178,7.850882e-06,-8.706008e-05,7.849113e-06,3.480502,3.620824,3.634143,3.792061,3.462816,3.809359,3.753843,3.837863,4.167728,4.259684,0,0,0,0,0,0
2025/03/16 02:33:00.931,n,-5.698262,59.4354,0.000167,9.099888e-06,-0.000103,1.028038e-05,3.474608,3.609051,3.622351,3.778839,3.462816,3.809359,3.759431,3.834924,4.167728,4.256745,0,0,0,0,0,0
2025/03/16 02:34:00.918,n,-5.732342,59.287892,0.000157,7.223908e-06,-0.000125,7.978364e-06,3.461339,3.623813,3.609051,3.789186,3.446528,3.814979,3.759431,3.818714,4.178773,4.247908,0,0,0,0,0,0
2025/03/16 02:35:00.922,n,-5.778385,59.245264,0.000136,8.161979e-06,-0.000125,4.331536e-06,3.452455,3.613484,3.607588,3.787659,3.440665,3.817724,3.764969,3.812802,4.187139,4.247908,0,0,0,0,0,0
2025/03/16 02:36:00.921,n,-5.78693,59.191164,0.000136,7.085049e-06,-0.000131,6.5697e-06,3.450929,3.604631,3.60166,3.778839,3.431766,3.820484,3.770459,3.806889,4.184393,4.239022,0,0,0,0,0,0
2025/03/16 02:37:00.924,n,-5.795475,59.28462,0.000125,6.718737e-06,-0.000147,7.381356e-06,3.440665,3.603155,3.600198,3.772911,3.43766,3.826007,3.767714,3.803949,4.19539,4.236082,0,0,0,0,0,0
2025/03/16 02:38:00.928,n,-5.753742,59.197528,0.000241,8.737318e-06,-3.261041e-05,6.366882e-06,3.461193,3.611892,3.620759,3.784671,3.450896,3.768867,3.718988,3.828914,4.132657,4.255153,0,0,0,0,0,0
2025/03/16 02:39:00.926,n,-5.770783,59.154904,0.00023,6.560155e-06,-3.810387e-05,6.091291e-06,3.461193,3.605997,3.611892,3.780204,3.446431,3.763377,3.713353,3.821572,4.135435,4.247826,0,0,0,0,0,0
2025/03/16 02:40:00.929,n,-5.781037,59.013836,0.000236,9.11138e-06,-3.261041e-05,9.43877e-06,3.465643,3.603008,3.616293,3.787577,3.450896,3.763377,3.713353,3.827452,4.132657,4.25369,0,0,0,0,0,0
2025/03/16 02:41:00.929,n,-5.774201,59.251628,0.000236,6.54754e-06,-3.810387e-05,5.802826e-06,3.462719,3.604534,3.610398,3.784671,3.44203,3.763377,3.710608,3.822986,4.132657,4.256599,0,0,0,0,0,0
2025/03/16 02:42:00.933,n,-5.75716,59.10734,0.000225,6.12888e-06,-3.261041e-05,6.11383e-06,3.468582,3.603008,3.61782,3.781682,3.436102,3.757758,3.707863,3.833348,4.132657,4.262527,0,0,0,0,0,0
2025/03/16 02:43:00.920,n,-5.75716,59.343424,0.00022,9.366986e-06,-4.344885e-05,6.289093e-06,3.447907,3.607442,3.597145,3.780204,3.434607,3.766123,3.710608,3.812688,4.129912,4.244822,0,0,0,0,0,0
2025/03/16 02:44:00.923,n,-5.787873,59.405732,0.000225,8.7945e-06,-2.726543e-05,7.232744e-06,3.44203,3.604534,3.591249,3.784671,3.433145,3.763377,3.70502,3.817122,4.135435,4.244822,0,0,0,0,0,0
2025/03/16 02:45:00.923,n,-5.813458,59.34504,0.00022,6.51272e-06,-4.879383e-05,6.332836e-06,3.43904,3.595667,3.598607,3.777248,3.428744,3.766123,3.710608,3.802359,4.132657,4.247826,0,0,0,0,0,0
2025/03/16 02:46:00.924,n,-5.839043,59.479412,0.000209,7.04115e-06,-5.428728e-05,5.686688e-06,3.443506,3.591249,3.603008,3.763929,3.431651,3.766123,3.710608,3.805298,4.143866,4.240435,0,0,0,0,0,0
2025/03/16 02:47:00.931,n,-5.890217,59.179464,0.000204,7.418542e-06,-5.428728e-05,6.142986e-06,3.430206,3.585289,3.589755,3.77132,3.422784,3.766123,3.713353,3.802359,4.138278,4.243359,0,0,0,0,0,0
2025/03/16 02:48:00.933,n,-5.868046,59.058076,0.000199,1.089113e-05,-4.879383e-05,9.651638e-06,3.443506,3.583844,3.604534,3.763929,3.433145,3.760631,3.70502,3.80676,4.132657,4.241897,0,0,0,0,0,0
2025/03/16 02:49:00.934,n,-5.854374,59.115548,0.000209,4.789458e-06,-5.428728e-05,6.77682e-06,3.437611,3.579393,3.603008,3.762516,3.418366,3.760631,3.710608,3.808221,4.135435,4.243359,0,0,0,0,0,0
2025/03/16 02:50:00.933,n,-5.878254,59.046648,0.000215,8.582166e-06,-5.99292e-05,4.207399e-06,3.434607,3.579393,3.597145,3.766918,3.416889,3.752154,3.710608,3.811193,4.138278,4.241897,0,0,0,0,0,0
2025/03/16 02:51:00.935,n,-5.849247,59.102412,0.000199,6.568815e-06,-6.527419e-05,5.278844e-06,3.443506,3.579393,3.595667,3.766918,3.415427,3.754915,3.707863,3.811193,4.138278,4.246299,0,0,0,0,0,0
2025/03/16 02:52:00.924,n,-5.876545,59.059736,0.000204,8.224263e-06,-7.076764e-05,3.144444e-06,3.421323,3.586783,3.580856,3.756556,3.4095,3.763377,3.710608,3.790534,4.138278,4.234474,0,0,0,0,0,0
2025/03/16 02:53:00.906,n,-5.876545,59.30412,0.000173,1.03933e-05,-7.611261e-05,5.860245e-06,3.421323,3.577931,3.570526,3.763929,3.397676,3.757758,3.710608,3.797924,4.132657,4.227132,0,0,0,0,0,0
2025/03/16 02:54:00.907,n,-5.881672,59.187664,0.000183,6.75345e-06,-6.527419e-05,5.794485e-06,3.424278,3.580856,3.580856,3.772782,3.393243,3.766123,3.696655,3.800831,4.127151,4.227132,0,0,0,0,0,0
2025/03/16 02:55:00.911,n,-5.908966,58.997384,0.000178,8.543542e-06,-8.14576e-05,5.831461e-06,3.419861,3.583844,3.577931,3.76838,3.394721,3.754915,3.702243,3.793506,4.135435,4.225669,0,0,0,0,0,0
2025/03/16 02:56:00.915,n,-5.924397,58.977704,0.000188,6.103321e-06,-8.14576e-05,4.265264e-06,3.416889,3.57353,3.564598,3.761023,3.393243,3.760631,3.707863,3.783176,4.138278,4.216834,0,0,0,0,0,0
2025/03/16 02:57:00.916,n,-5.91927,58.96628,0.000178,6.52065e-06,-8.14576e-05,5.86041e-06,3.412456,3.576454,3.564598,3.753632,3.390255,3.757758,3.707863,3.786083,4.141023,4.21537,0,0,0,0,0,0
2025/03/16 02:58:00.918,n,-5.944855,58.849772,0.000173,8.204446e-06,-9.229604e-05,8.002899e-06,3.405067,3.567603,3.561707,3.746291,3.387315,3.754915,3.713353,3.77871,4.146626,4.219773,0,0,0,0,0,0
2025/03/16 02:59:00.920,n,-5.91927,59.169696,0.000167,9.332302e-06,-9.793796e-05,5.195405e-06,3.413965,3.569097,3.569097,3.753632,3.391781,3.74941,3.70502,3.780204,4.143866,4.21537,0,0,0,0,0,0
2025/03/16 03:00:00.920,n,-5.893681,59.310616,0.000188,7.422894e-06,-8.695106e-05,7.246406e-06,3.405067,3.566125,3.563136,3.750692,3.387315,3.754915,3.70502,3.777248,4.138278,4.216834,0,0,0,0,0,0
2025/03/16 03:01:00.918,n,-5.90213,59.37624,0.00023,2.872368e-05,-3.810387e-05,3.37026e-05,3.416889,3.582382,3.577931,3.75956,3.399171,3.727255,3.677247,3.787577,4.1105,4.235968,0,0,0,0,0,0
2025/03/16 03:02:00.920,n,-5.929425,59.143428,0.000204,9.069028e-06,-5.99292e-05,9.15379e-06,3.4095,3.576454,3.567603,3.749165,3.400633,3.730016,3.682834,3.784671,4.118785,4.221235,0,0,0,0,0,0
2025/03/16 03:03:00.921,n,-5.990898,58.854612,0.000199,7.949164e-06,-5.99292e-05,4.057934e-06,3.406544,3.566125,3.566125,3.749165,3.396183,3.743919,3.682834,3.777248,4.124276,4.224207,0,0,0,0,0,0
2025/03/16 03:04:00.923,n,-6.00457,58.72824,0.000183,8.533102e-06,-7.611261e-05,7.26648e-06,3.412456,3.555779,3.566125,3.743302,3.391781,3.735539,3.688373,3.777248,4.121531,4.22273,0,0,0,0,0,0
2025/03/16 03:05:00.926,n,-6.031864,58.75944,0.000188,6.072126e-06,-8.695106e-05,5.777599e-06,3.405067,3.554284,3.563136,3.738869,3.390255,3.746664,3.691117,3.77871,4.129912,4.228609,0,0,0,0,0,0
2025/03/16 03:06:00.928,n,-6.052372,58.7217,0.000183,5.664409e-06,-8.14576e-05,4.881101e-06,3.400633,3.548389,3.56018,3.73151,3.381388,3.738381,3.693863,3.77132,4.129912,4.224207,0,0,0,0,0,0
2025/03/16 03:07:00.932,n,-6.033573,58.75944,0.000173,7.919694e-06,-9.229604e-05,4.002358e-06,3.400633,3.543988,3.557241,3.73151,3.371091,3.746664,3.691117,3.77132,4.132657,4.221235,0,0,0,0,0,0
2025/03/16 03:08:00.931,n,-6.054081,58.871064,0.000183,6.351029e-06,-8.14576e-05,6.402186e-06,3.400633,3.543988,3.557241,3.725582,3.371091,3.746664,3.693863,3.775786,4.127151,4.21537,0,0,0,0,0,0
2025/03/16 03:09:00.936,n,-6.072834,58.816912,0.000162,8.251237e-06,-9.793796e-05,3.23017e-06,3.403604,3.540983,3.555779,3.735912,3.373999,3.738381,3.691117,3.783176,4.129912,4.218278,0,0,0,0,0,0
2025/03/16 03:10:00.920,n,-6.100128,58.797236,0.000157,9.418152e-06,-0.000109,5.386889e-06,3.382914,3.546912,3.551313,3.730016,3.371091,3.746664,3.691117,3.763929,4.135435,4.203545,0,0,0,0,0,0
2025/03/16 03:11:00.921,n,-6.120686,58.531168,0.000157,8.45141e-06,-0.000114,7.474493e-06,3.382914,3.540983,3.542461,3.722643,3.366641,3.743919,3.693863,3.758066,4.138278,4.194692,0,0,0,0,0,0
2025/03/16 03:12:00.925,n,-6.129231,58.529512,0.000146,9.618888e-06,-0.000114,4.879513e-06,3.373999,3.536565,3.542461,3.722643,3.366641,3.741127,3.691117,3.763929,4.135435,4.206485,0,0,0,0,0,0
2025/03/16 03:13:00.927,n,-6.127522,58.417792,0.000152,6.948992e-06,-0.000114,4.161008e-06,3.376987,3.532132,3.538027,3.710787,3.362241,3.741127,3.699483,3.749165,4.141023,4.200621,0,0,0,0,0,0
2025/03/16 03:14:00.929,n,-6.114796,58.460072,0.000251,5.617689e-06,-2.182534e-05,6.709907e-06,3.414177,3.55599,3.573742,3.743578,3.389037,3.723812,3.66552,3.786376,4.1182,4.225977,0,0,0,0,0,0
2025/03/16 03:15:00.930,n,-6.171192,58.210172,0.000246,8.210428e-06,-2.182534e-05,6.692901e-06,3.412714,3.554496,3.567814,3.733184,3.384636,3.712784,3.66552,3.783387,4.11258,4.233337,0,0,0,0,0,0
2025/03/16 03:16:00.915,n,-6.179737,58.313732,0.000235,7.418542e-06,-3.266377e-05,5.385618e-06,3.39935,3.558946,3.55599,3.749442,3.375736,3.715529,3.66276,3.771596,4.115325,4.225977,0,0,0,0,0,0
2025/03/16 03:17:00.920,n,-6.186573,58.272716,0.000214,1.258722e-05,-2.717032e-05,5.318294e-06,3.391992,3.561885,3.557451,3.746453,3.375736,3.715529,3.66276,3.76713,4.1182,4.218603,0,0,0,0,0,0
2025/03/16 03:18:00.921,n,-6.224121,58.071988,0.000241,9.611766e-06,-2.182534e-05,5.424752e-06,3.389037,3.557451,3.554496,3.739113,3.375736,3.715529,3.654396,3.76713,4.109835,4.223006,0,0,0,0,0,0
2025/03/16 03:19:00.907,n,-6.232716,58.165784,0.000225,6.036704e-06,-4.365068e-05,6.614572e-06,3.39935,3.547123,3.554496,3.744975,3.363864,3.715529,3.660015,3.770069,4.115325,4.217141,0,0,0,0,0,0
2025/03/16 03:20:00.907,n,-6.229248,58.216764,0.00022,9.016168e-06,-3.830569e-05,3.773839e-06,3.387509,3.550063,3.5486,3.734679,3.355029,3.712784,3.660015,3.770069,4.109835,4.223006,0,0,0,0,0,0
2025/03/16 03:21:00.911,n,-6.1917,58.358164,0.000209,7.483734e-06,-4.365068e-05,5.70455e-06,3.389037,3.551557,3.544199,3.747979,3.363864,3.712784,3.660015,3.76713,4.11258,4.208256,0,0,0,0,0,0
2025/03/16 03:22:00.911,n,-6.1917,58.650696,0.000214,6.50041e-06,-4.365068e-05,6.666171e-06,3.384636,3.5486,3.544199,3.739113,3.353536,3.715529,3.66276,3.764205,4.109835,4.211245,0,0,0,0,0,0
2025/03/16 03:23:00.915,n,-6.205323,58.410756,0.00022,6.934289e-06,-4.365068e-05,3.387612e-06,3.377214,3.541196,3.538271,3.730227,3.357969,3.709909,3.648808,3.761266,4.109835,4.211245,0,0,0,0,0,0
2025/03/16 03:24:00.915,n,-6.22583,58.453528,0.000225,9.832616e-06,-4.914413e-05,4.316747e-06,3.378676,3.541196,3.538271,3.727288,3.353536,3.712784,3.657141,3.753876,4.11258,4.215647,0,0,0,0,0,0
2025/03/16 03:25:00.920,n,-6.196778,58.48634,0.000204,8.586078e-06,-4.365068e-05,5.794513e-06,3.380138,3.539733,3.536809,3.722837,3.352074,3.709909,3.651553,3.750904,4.115325,4.208256,0,0,0,0,0,0
2025/03/16 03:26:00.920,n,-6.200196,58.565248,0.00022,5.126126e-06,-4.914413e-05,2.752043e-06,3.372748,3.530913,3.535299,3.721425,3.353536,3.707067,3.657141,3.752381,4.107074,4.218603,0,0,0,0,0,0
2025/03/16 03:27:00.920,n,-6.222412,58.612856,0.000193,9.209816e-06,-5.983409e-05,5.352937e-06,3.37421,3.533805,3.536809,3.721425,3.350565,3.712784,3.657141,3.750904,4.109835,4.206778,0,0,0,0,0,0
2025/03/16 03:28:00.911,n,-6.239552,58.535704,0.000199,5.419168e-06,-5.448911e-05,5.324655e-06,3.375736,3.529372,3.532344,3.728765,3.341713,3.707067,3.64327,3.759772,4.104296,4.20975,0,0,0,0,0,0
2025/03/16 03:29:00.910,n,-6.275391,58.63092,0.000199,6.504781e-06,-5.983409e-05,6.685607e-06,3.365358,3.522014,3.524921,3.725826,3.337247,3.704322,3.651553,3.752381,4.109835,4.200881,0,0,0,0,0,0
2025/03/16 03:30:00.910,n,-6.261719,58.50934,0.000204,1.031657e-05,-5.448911e-05,3.617181e-06,3.363864,3.530913,3.529372,3.728765,3.343142,3.709909,3.64327,3.752381,4.11258,4.197957,0,0,0,0,0,0
2025/03/16 03:31:00.918,n,-6.229248,58.553772,0.000257,2.966905e-05,5.493452e-06,2.977842e-05,3.381631,3.547123,3.5486,3.737585,3.360925,3.676664,3.621118,3.756832,4.084803,4.220017,0,0,0,0,0,0
2025/03/16 03:32:00.917,n,-6.218994,58.606312,0.000241,9.438704e-06,-2.182534e-05,8.372886e-06,3.37421,3.539733,3.535299,3.721425,3.353536,3.687691,3.632146,3.761266,4.093185,4.214153,0,0,0,0,0,0
2025/03/16 03:33:00.922,n,-6.171192,58.668764,0.000225,6.374785e-06,-3.266377e-05,6.34613e-06,3.363864,3.52791,3.532344,3.716959,3.350565,3.687691,3.6294,3.750904,4.093185,4.217141,0,0,0,0,0,0
2025/03/16 03:34:00.921,n,-6.200196,58.737708,0.000225,7.92214e-06,-4.914413e-05,5.87861e-06,3.365358,3.519059,3.536809,3.715496,3.346147,3.693294,3.63778,3.744975,4.104296,4.211245,0,0,0,0,0,0
2025/03/16 03:35:00.924,n,-6.236134,58.698304,0.000209,9.148454e-06,-5.983409e-05,6.293713e-06,3.366821,3.524921,3.532344,3.709569,3.346147,3.693294,3.640526,3.746453,4.107074,4.211245,0,0,0,0,0,0
2025/03/16 03:36:00.928,n,-6.266846,58.425548,0.000214,6.507561e-06,-5.448911e-05,4.812163e-06,3.365358,3.524921,3.526447,3.709569,3.337247,3.693294,3.63778,3.74059,4.109835,4.206778,0,0,0,0,0,0
2025/03/16 03:37:00.912,n,-6.270264,58.43048,0.000199,9.414858e-06,-5.983409e-05,4.769659e-06,3.355029,3.517581,3.52052,3.708074,3.32989,3.698816,3.646031,3.733184,4.109835,4.196495,0,0,0,0,0,0
2025/03/16 03:38:00.913,n,-6.273682,58.435412,0.000193,6.513117e-06,-5.448911e-05,6.690894e-06,3.357969,3.519059,3.52052,3.705134,3.326918,3.690452,3.64327,3.734679,4.104296,4.196495,0,0,0,0,0,0
2025/03/16 03:39:00.916,n,-6.271973,58.617788,0.000183,8.753716e-06,-5.983409e-05,1.325277e-05,3.350565,3.524921,3.52052,3.714035,3.328429,3.693294,3.632146,3.736188,4.107074,4.197957,0,0,0,0,0,0
2025/03/16 03:40:00.921,n,-6.324902,58.62272,0.000188,7.910553e-06,-6.532754e-05,4.97138e-06,3.349135,3.513162,3.514657,3.700684,3.326918,3.698816,3.640526,3.728765,4.109835,4.196495,0,0,0,0,0,0
2025/03/16 03:41:00.923,n,-6.29419,58.652356,0.000188,7.238201e-06,-7.631445e-05,6.403346e-06,3.344669,3.502769,3.510159,3.694788,3.326918,3.687691,3.63778,3.727288,4.109835,4.200881,0,0,0,0,0,0
2025/03/16 03:42:00.923,n,-6.297608,58.580044,0.000183,7.554522e-06,-7.631445e-05,6.131619e-06,3.346147,3.50134,3.513162,3.693311,3.322469,3.690452,3.640526,3.727288,4.109835,4.192028,0,0,0,0,0,0
2025/03/16 03:43:00.922,n,-6.316357,58.550452,0.000199,7.238736e-06,-7.631445e-05,4.3537e-06,3.340252,3.498335,3.513162,3.691849,3.316606,3.682169,3.632146,3.730227,4.104296,4.202359,0,0,0,0,0,0
2025/03/16 03:44:00.926,n,-6.331738,58.52418,0.000183,6.171103e-06,-8.18079e-05,3.550538e-06,3.343142,3.488007,3.511653,3.684523,3.318068,3.693294,3.63778,3.721425,4.109835,4.197957,0,0,0,0,0,0
2025/03/16 03:45:00.926,n,-6.333447,58.586584,0.000199,9.009e-06,-8.18079e-05,6.337641e-06,3.347673,3.496874,3.511653,3.687415,3.320991,3.684913,3.634988,3.728765,4.11258,4.196495,0,0,0,0,0,0
2025/03/16 03:46:00.915,n,-6.347168,58.580044,0.000177,7.531057e-06,-7.631445e-05,6.699144e-06,3.341713,3.507235,3.492472,3.69625,3.306245,3.684913,3.6294,3.718436,4.109835,4.174338,0,0,0,0,0,0
2025/03/16 03:47:00.916,n,-6.32832,58.48634,0.000199,8.281244e-06,-8.18079e-05,3.509273e-06,3.332846,3.495379,3.496874,3.681519,3.309168,3.687691,3.634988,3.721425,4.11258,4.180235,0,0,0,0,0,0
2025/03/16 03:48:00.921,n,-6.323193,58.522572,0.000172,7.977069e-06,-9.249786e-05,5.378728e-06,3.328429,3.486544,3.495379,3.681519,3.301779,3.693294,3.63778,3.709569,4.11258,4.186132,0,0,0,0,0,0
2025/03/16 03:49:00.919,n,-6.345459,58.323696,0.000177,4.473129e-06,-9.799132e-05,4.230518e-06,3.322469,3.489484,3.495379,3.684523,3.303241,3.690452,3.634988,3.706677,4.109835,4.177295,0,0,0,0,0,0
2025/03/16 03:50:00.923,n,-6.331738,58.269348,0.000188,7.244088e-06,-9.799132e-05,4.699189e-06,3.322469,3.482093,3.488007,3.674097,3.301779,3.684913,3.6294,3.709569,4.11258,4.183191,0,0,0,0,0,0
2025/03/16 03:51:00.925,n,-6.290772,58.231604,0.000167,5.157031e-06,-9.799132e-05,4.902031e-06,3.325457,3.480616,3.489484,3.669696,3.300318,3.687691,3.634988,3.715496,4.107074,4.180235,0,0,0,0,0,0
2025/03/16 03:52:00.925,n,-6.304394,58.185464,0.000162,4.898802e-06,-0.000103,5.868836e-06,3.323995,3.474722,3.490945,3.669696,3.289989,3.687691,3.632146,3.705134,4.1182,4.175833,0,0,0,0,0,0
2025/03/16 03:53:00.927,n,-6.289063,58.165784,0.000167,6.74522e-06,-9.249786e-05,5.087547e-06,3.322469,3.467332,3.485083,3.666771,3.295917,3.679423,3.634988,3.709569,4.107074,4.177295,0,0,0,0,0,0
2025/03/16 03:54:00.930,n,-6.333447,58.15758,0.000172,7.857791e-06,-9.249786e-05,7.769334e-06,3.320991,3.470271,3.498335,3.671172,3.29439,3.682169,3.6294,3.709569,4.109835,4.180235,0,0,0,0,0,0
2025/03/16 03:55:00.916,n,-6.359131,58.169056,0.000167,9.139694e-06,-0.000103,5.63812e-06,3.309168,3.483621,3.470271,3.669696,3.279579,3.687691,3.6294,3.69625,4.109835,4.169904,0,0,0,0,0,0
2025/03/16 03:56:00.918,n,-6.34375,58.121348,0.000177,9.73676e-06,-9.249786e-05,7.283394e-06,3.315064,3.480616,3.476183,3.668234,3.282568,3.682169,3.623878,3.694788,4.107074,4.171431,0,0,0,0,0,0
2025/03/16 03:57:00.918,n,-6.357422,58.106508,0.000177,7.323372e-06,-9.799132e-05,4.073781e-06,3.315064,3.477693,3.476183,3.665309,3.281106,3.676664,3.621118,3.693311,4.11258,4.175833,0,0,0,0,0,0
2025/03/16 03:58:00.920,n,-6.34375,58.099964,0.000183,9.609886e-06,-9.799132e-05,4.695063e-06,3.306245,3.474722,3.479187,3.669696,3.289989,3.676664,3.61285,3.691849,4.101551,4.172893,0,0,0,0,0,0
2025/03/16 03:59:00.925,n,-6.347168,57.938688,0.000167,6.727576e-06,-0.000103,6.81401e-06,3.309168,3.464393,3.473227,3.659381,3.282568,3.676664,3.623878,3.69625,4.107074,4.180235,0,0,0,0,0,0
2025/03/16 04:00:00.925,n,-6.367676,58.032484,0.000141,7.790257e-06,-0.00012,7.08441e-06,3.306245,3.457003,3.474722,3.654947,3.276705,3.676664,3.618372,3.69625,4.11258,4.172893,0,0,0,0,0,0
2025/03/16 04:01:00.928,n,-6.384716,57.85968,0.000204,3.190409e-05,-5.983409e-05,3.02839e-05,3.320991,3.470271,3.490945,3.666771,3.291451,3.646031,3.590519,3.708074,4.070932,4.186132,0,0,0,0,0,0
2025/03/16 04:02:00.931,n,-6.381298,57.874476,0.000199,1.185355e-05,-7.067252e-05,8.546718e-06,3.322469,3.467332,3.486544,3.663767,3.284094,3.660015,3.601628,3.705134,4.090342,4.178773,0,0,0,0,0,0
2025/03/16 04:03:00.931,n,-6.386425,57.946936,0.000188,6.732376e-06,-8.18079e-05,9.394048e-06,3.313634,3.464393,3.482093,3.66237,3.284094,3.660015,3.598882,3.709569,4.084803,4.177295,0,0,0,0,0,0
2025/03/16 04:04:00.918,n,-6.364258,57.963392,0.000162,7.594262e-06,-0.000103,8.73983e-06,3.295917,3.468794,3.46293,3.657872,3.267789,3.668298,3.604469,3.680057,4.101551,4.159605,0,0,0,0,0,0
2025/03/16 04:05:00.918,n,-6.369385,57.918956,0.000151,8.585628e-06,-0.000109,7.860174e-06,3.292929,3.46293,3.461404,3.654947,3.26485,3.668298,3.610007,3.684523,4.098708,4.16404,0,0,0,0,0,0
2025/03/16 04:06:00.920,n,-6.323193,57.668616,0.000162,7.538944e-06,-0.000103,5.978644e-06,3.285506,3.449646,3.46293,3.653485,3.263356,3.66552,3.607247,3.677101,4.098708,4.156665,0,0,0,0,0,0
2025/03/16 04:07:00.921,n,-6.362549,57.45934,0.000157,9.390816e-06,-0.000114,7.084319e-06,3.285506,3.448118,3.451075,3.647606,3.257429,3.66552,3.615595,3.675624,4.109835,4.159605,0,0,0,0,0,0
2025/03/16 04:08:00.926,n,-6.355713,57.490688,0.000157,6.390774e-06,-0.000114,5.759627e-06,3.301779,3.449646,3.458465,3.643156,3.26485,3.668298,3.607247,3.680057,4.101551,4.165502,0,0,0,0,0,0
2025/03/16 04:09:00.923,n,-6.354004,57.810316,0.000151,9.000966e-06,-0.00012,7.327692e-06,3.287001,3.43779,3.457003,3.643156,3.26485,3.66552,3.607247,3.677101,4.104296,4.161068,0,0,0,0,0,0
2025/03/16 04:10:00.927,n,-6.410351,57.602748,0.000125,8.296596e-06,-0.00012,4.869043e-06,3.284094,3.436328,3.455541,3.631333,3.251501,3.668298,3.618372,3.675624,4.107074,4.156665,0,0,0,0,0,0
2025/03/16 04:11:00.929,n,-6.458252,57.630776,0.000141,7.489342e-06,-0.000125,8.448048e-06,3.285506,3.430401,3.452537,3.637228,3.245638,3.668298,3.610007,3.67853,4.104296,4.159605,0,0,0,0,0,0
2025/03/16 04:12:00.929,n,-6.396046,57.561124,0.000235,9.098326e-06,-2.198541e-05,5.426088e-06,3.312237,3.46155,3.480713,3.658034,3.27081,3.627484,3.574716,3.706694,4.066254,4.186278,0,0,0,0,0,0
2025/03/16 04:13:00.917,n,-6.445561,57.577576,0.000225,9.290264e-06,-2.733039e-05,8.59035e-06,3.300415,3.463028,3.471847,3.665391,3.273799,3.627484,3.571938,3.689006,4.069015,4.177457,0,0,0,0,0,0
2025/03/16 04:14:00.920,n,-6.423439,57.500132,0.000235,7.365412e-06,-1.649196e-05,6.058747e-06,3.301876,3.467429,3.465952,3.66094,3.273799,3.627484,3.569194,3.694935,4.074538,4.181876,0,0,0,0,0,0
2025/03/16 04:15:00.923,n,-6.454151,57.613856,0.000235,7.676998e-06,-3.282384e-05,6.04256e-06,3.298905,3.460024,3.47628,3.656507,3.273799,3.624723,3.569194,3.690484,4.07176,4.178951,0,0,0,0,0,0
2025/03/16 04:16:00.922,n,-6.454151,57.712684,0.000235,9.312208e-06,-3.282384e-05,6.486303e-06,3.300415,3.455606,3.473324,3.653567,3.269333,3.624723,3.563689,3.694935,4.07176,4.183354,0,0,0,0,0,0
2025/03/16 04:17:00.925,n,-6.457569,57.73246,0.000225,7.87044e-06,-2.733039e-05,4.60582e-06,3.300415,3.455606,3.47628,3.655029,3.266409,3.630228,3.571938,3.689006,4.07176,4.174485,0,0,0,0,0,0
2025/03/16 04:18:00.932,n,-6.503712,57.686368,0.00024,9.258224e-06,-2.198541e-05,4.331657e-06,3.294487,3.4482,3.470417,3.641776,3.260481,3.624723,3.571938,3.705231,4.066254,4.183354,0,0,0,0,0,0
2025/03/16 04:19:00.932,n,-6.498585,57.80658,0.000225,9.544056e-06,-2.733039e-05,4.305173e-06,3.298905,3.445277,3.464458,3.652106,3.261976,3.616358,3.566433,3.690484,4.074538,4.17005,0,0,0,0,0,0
2025/03/16 04:20:00.931,n,-6.563576,57.686368,0.00024,6.088274e-06,-3.282384e-05,6.101773e-06,3.295949,3.442305,3.463028,3.649166,3.260481,3.621945,3.55815,3.693473,4.069015,4.181876,0,0,0,0,0,0
2025/03/16 04:21:00.931,n,-6.534523,57.666592,0.000235,8.924282e-06,-3.282384e-05,4.529748e-06,3.295949,3.442305,3.464458,3.647639,3.253092,3.616358,3.560911,3.693473,4.066254,4.178951,0,0,0,0,0,0
2025/03/16 04:22:00.919,n,-6.541359,57.613856,0.00023,7.138093e-06,-2.733039e-05,3.629148e-06,3.281188,3.45114,3.4571,3.656507,3.259019,3.616358,3.552531,3.674258,4.060633,4.167126,0,0,0,0,0,0
2025/03/16 04:23:00.920,n,-6.560158,57.767028,0.000246,7.825996e-06,-2.198541e-05,5.70455e-06,3.288592,3.4482,3.460024,3.653567,3.257543,3.616358,3.555324,3.686082,4.063379,4.173055,0,0,0,0,0,0
2025/03/16 04:24:00.921,n,-6.520851,57.773672,0.00022,9.152124e-06,-4.381075e-05,6.089282e-06,3.281188,3.443783,3.452634,3.640282,3.251615,3.619201,3.563689,3.674258,4.069015,4.165681,0,0,0,0,0,0
2025/03/16 04:25:00.923,n,-6.536232,57.603944,0.00023,8.081652e-06,-4.381075e-05,7.357515e-06,3.288592,3.439349,3.4482,3.637343,3.251615,3.616358,3.555324,3.675721,4.063379,4.173055,0,0,0,0,0,0
2025/03/16 04:26:00.925,n,-6.565285,57.6995,0.000214,5.570578e-06,-3.816882e-05,1.255673e-05,3.288592,3.433453,3.458562,3.638787,3.256016,3.613613,3.555324,3.67132,4.066254,4.17005,0,0,0,0,0,0
2025/03/16 04:27:00.929,n,-6.537941,57.648476,0.000214,6.527779e-06,-3.816882e-05,4.969512e-06,3.288592,3.436345,3.45114,3.638787,3.247197,3.60533,3.546945,3.683079,4.055143,4.17005,0,0,0,0,0,0
2025/03/16 04:28:00.929,n,-6.553322,57.562732,0.000214,1.154703e-05,-3.816882e-05,6.380166e-06,3.276737,3.428988,3.4482,3.634353,3.239792,3.613613,3.55815,3.680187,4.060633,4.173055,0,0,0,0,0,0
2025/03/16 04:29:00.932,n,-6.548195,57.541348,0.00024,8.493192e-06,-2.733039e-05,8.749184e-06,3.282697,3.426064,3.4482,3.632892,3.232371,3.616358,3.555324,3.675721,4.057888,4.167126,0,0,0,0,0,0
2025/03/16 04:30:00.935,n,-6.565285,57.658292,0.000209,7.573309e-06,-4.915573e-05,7.403965e-06,3.281188,3.428988,3.439349,3.629952,3.22352,3.60533,3.549689,3.675721,4.055143,4.156827,0,0,0,0,0,0
2025/03/16 04:31:00.921,n,-6.548195,57.5265,0.000283,2.418694e-05,2.15168e-05,2.859524e-05,3.290054,3.452634,3.460024,3.656507,3.257543,3.583081,3.522014,3.687545,4.038428,4.186278,0,0,0,0,0,0
2025/03/16 04:32:00.923,n,-6.525978,57.587492,0.000262,1.041254e-05,-5.801995e-06,6.389813e-06,3.285621,3.434884,3.452634,3.637343,3.257543,3.588586,3.530297,3.67866,4.038428,4.177457,0,0,0,0,0,0
2025/03/16 04:33:00.911,n,-6.508839,57.69784,0.00024,7.473369e-06,-2.198541e-05,6.486615e-06,3.27081,3.440876,3.433453,3.640282,3.233848,3.594091,3.541422,3.668331,4.046762,4.150931,0,0,0,0,0,0
2025/03/16 04:34:00.910,n,-6.503712,57.635244,0.00024,7.447047e-06,-3.282384e-05,7.102827e-06,3.266409,3.434884,3.439349,3.643238,3.232371,3.591331,3.524792,3.666885,4.044016,4.156827,0,0,0,0,0,0
2025/03/16 04:35:00.912,n,-6.508839,57.5578,0.000235,6.305505e-06,-2.733039e-05,4.810376e-06,3.260481,3.440876,3.439349,3.63588,3.232371,3.594091,3.53582,3.659495,4.052382,4.162692,0,0,0,0,0,0
2025/03/16 04:36:00.917,n,-6.536232,57.59242,0.000225,6.848052e-06,-3.282384e-05,5.152967e-06,3.261976,3.431959,3.430483,3.632892,3.229416,3.594091,3.53582,3.66094,4.049605,4.15829,0,0,0,0,0,0
2025/03/16 04:37:00.918,n,-6.553322,57.419324,0.00022,6.884178e-06,-3.816882e-05,7.161425e-06,3.250121,3.41866,3.424587,3.622562,3.222027,3.60533,3.53582,3.656507,4.057888,4.152362,0,0,0,0,0,0
2025/03/16 04:38:00.919,n,-6.561867,57.303944,0.00022,6.577855e-06,-5.999416e-05,7.823426e-06,3.254587,3.430483,3.433453,3.619623,3.23091,3.599711,3.533042,3.66094,4.055143,4.152362,0,0,0,0,0,0
2025/03/16 04:39:00.921,n,-6.560158,57.490224,0.00022,7.510959e-06,-4.915573e-05,4.313978e-06,3.266409,3.426064,3.431959,3.628491,3.229416,3.588586,3.533042,3.66094,4.055143,4.159702,0,0,0,0,0,0
2025/03/16 04:40:00.906,n,-6.580715,57.424256,0.000214,9.620902e-06,-4.381075e-05,5.364193e-06,3.254587,3.420137,3.426064,3.634353,3.213127,3.594091,3.533042,3.650643,4.049605,4.136198,0,0,0,0,0,0
2025/03/16 04:41:00.907,n,-6.592678,57.4391,0.000214,5.733775e-06,-4.915573e-05,5.331959e-06,3.247197,3.415671,3.41127,3.627013,3.205738,3.588586,3.530297,3.646177,4.052382,4.139138,0,0,0,0,0,0
2025/03/16 04:42:00.911,n,-6.565285,57.77528,0.000198,8.546566e-06,-5.999416e-05,4.28664e-06,3.238299,3.409808,3.414209,3.616635,3.204309,3.591331,3.524792,3.644748,4.055143,4.136198,0,0,0,0,0,0
2025/03/16 04:43:00.915,n,-6.587551,57.666592,0.000198,7.251575e-06,-4.915573e-05,6.568642e-06,3.244194,3.415671,3.42306,3.619623,3.2072,3.591331,3.533042,3.638787,4.049605,4.146464,0,0,0,0,0,0
2025/03/16 04:44:00.916,n,-6.577297,57.692908,0.000188,7.855982e-06,-6.548761e-05,6.101707e-06,3.242732,3.412796,3.409808,3.610738,3.210204,3.594091,3.53582,3.63588,4.055143,4.146464,0,0,0,0,0,0
2025/03/16 04:45:00.919,n,-6.618263,57.589148,0.000193,8.204605e-06,-7.647452e-05,5.861595e-06,3.248627,3.412796,3.41866,3.610738,3.208695,3.588586,3.527552,3.641776,4.055143,4.145002,0,0,0,0,0,0
2025/03/16 04:46:00.921,n,-6.604641,57.5578,0.000198,7.092885e-06,-6.548761e-05,5.860493e-06,3.242732,3.402386,3.41127,3.609212,3.204309,3.585841,3.530297,3.634353,4.049605,4.142063,0,0,0,0,0,0
2025/03/16 04:47:00.922,n,-6.596096,57.753896,0.000188,7.154905e-06,-7.083259e-05,8.102367e-06,3.24127,3.397985,3.412796,3.594482,3.2072,3.599711,3.527552,3.634353,4.052382,4.14354,0,0,0,0,0,0
2025/03/16 04:48:00.923,n,-6.625099,57.743984,0.000193,1.033733e-05,-7.647452e-05,7.854728e-06,3.239792,3.38613,3.41127,3.598947,3.198414,3.588586,3.530297,3.643238,4.055143,4.137611,0,0,0,0,0,0
2025/03/16 04:49:00.911,n,-6.654152,57.655016,0.000198,8.170522e-06,-7.647452e-05,7.184636e-06,3.233848,3.406804,3.400909,3.604811,3.190977,3.585841,3.524792,3.629952,4.052382,4.133241,0,0,0,0,0,0
2025/03/16 04:50:00.912,n,-6.65757,57.730848,0.000188,4.910918e-06,-8.731294e-05,5.934671e-06,3.229416,3.400909,3.399382,3.601872,3.18505,3.583081,3.527552,3.631414,4.049605,4.130237,0,0,0,0,0,0
2025/03/16 04:51:00.914,n,-6.69014,57.757168,0.000188,7.789594e-06,-7.647452e-05,5.781623e-06,3.219055,3.387591,3.397985,3.598947,3.182094,3.585841,3.527552,3.618096,4.052382,4.127313,0,0,0,0,0,0
2025/03/16 04:52:00.916,n,-6.65757,57.666592,0.000183,8.240741e-06,-7.647452e-05,3.924783e-06,3.216131,3.390596,3.399382,3.593052,3.190977,3.585841,3.522014,3.616635,4.049605,4.130237,0,0,0,0,0,0
2025/03/16 04:53:00.918,n,-6.714115,57.430896,0.000177,6.132462e-06,-8.731294e-05,5.952765e-06,3.222027,3.384668,3.402386,3.593052,3.183588,3.585841,3.533042,3.625486,4.055143,4.128775,0,0,0,0,0,0
2025/03/16 04:54:00.919,n,-6.696976,57.374796,0.000172,8.12438e-06,-7.083259e-05,6.749289e-06,3.219055,3.384668,3.39352,3.588586,3.187989,3.585841,3.527552,3.621101,4.057888,4.128775,0,0,0,0,0,0
2025/03/16 04:55:00.922,n,-6.712406,57.472108,0.000172,6.936711e-06,-8.731294e-05,6.86261e-06,3.222027,3.381696,3.396523,3.582658,3.182094,3.577558,3.522014,3.624024,4.057888,4.137611,0,0,0,0,0,0
2025/03/16 04:56:00.925,n,-6.688431,57.333628,0.000172,9.337424e-06,-8.731294e-05,5.073116e-06,3.225015,3.375833,3.39352,3.588586,3.183588,3.580303,3.519269,3.628491,4.057888,4.137611,0,0,0,0,0,0
2025/03/16 04:57:00.924,n,-6.731205,57.15048,0.000172,7.765342e-06,-8.731294e-05,5.868891e-06,3.226476,3.381696,3.397985,3.587124,3.182094,3.583081,3.524792,3.625486,4.052382,4.136198,0,0,0,0,0,0
2025/03/16 04:58:00.912,n,-6.73975,57.160388,0.000183,9.229434e-06,-8.731294e-05,5.883402e-06,3.219055,3.383191,3.387591,3.587124,3.171733,3.577558,3.51089,3.613663,4.046762,4.12434,0,0,0,0,0,0
2025/03/16 04:59:00.912,n,-6.731205,57.198328,0.000162,7.299164e-06,-9.265794e-05,4.207399e-06,3.204309,3.383191,3.387591,3.587124,3.16881,3.585841,3.51089,3.610738,4.046762,4.121416,0,0,0,0,0,0
2025/03/16 05:00:00.915,n,-6.700444,57.062976,0.000162,6.348385e-06,-0.000114,7.378993e-06,3.2072,3.377246,3.374307,3.584153,3.164344,3.580303,3.513682,3.607767,4.063379,4.115488,0,0,0,0,0,0
2025/03/16 05:01:00.926,n,-6.717533,57.006876,0.000214,3.156838e-05,-3.816882e-05,3.654511e-05,3.236805,3.37874,3.405375,3.595944,3.1806,3.552531,3.49702,3.629952,4.03289,4.14354,0,0,0,0,0,0
2025/03/16 05:02:00.910,n,-6.736332,57.06962,0.000193,1.092169e-05,-4.915573e-05,6.627346e-06,3.220549,3.392057,3.387591,3.598947,3.177628,3.55815,3.485911,3.624024,4.035635,4.130237,0,0,0,0,0,0
2025/03/16 05:03:00.912,n,-6.710697,57.397936,0.000193,9.401952e-06,-6.548761e-05,6.721765e-06,3.217593,3.387591,3.383191,3.587124,3.170272,3.560911,3.502639,3.619623,4.041174,4.127313,0,0,0,0,0,0
2025/03/16 05:04:00.917,n,-6.714115,57.343496,0.000177,9.46836e-06,-7.647452e-05,7.546095e-06,3.211698,3.377246,3.389118,3.575301,3.16285,3.566433,3.505399,3.609212,4.046762,4.125835,0,0,0,0,0,0
2025/03/16 05:05:00.918,n,-6.710697,57.384756,0.000193,8.017293e-06,-7.647452e-05,4.769523e-06,3.210204,3.368444,3.37874,3.581164,3.171733,3.560911,3.502639,3.610738,4.044016,4.134704,0,0,0,0,0,0
2025/03/16 05:06:00.919,n,-6.715824,57.445692,0.000172,1.158055e-05,-8.18195e-05,5.857434e-06,3.204309,3.366917,3.384668,3.575301,3.16285,3.560911,3.502639,3.607767,4.049605,4.134704,0,0,0,0,0,0
2025/03/16 05:07:00.906,n,-6.708988,57.5265,0.000167,7.822528e-06,-9.265794e-05,5.087483e-06,3.192422,3.369906,3.36544,3.578224,3.148089,3.574716,3.49978,3.593052,4.049605,4.118477,0,0,0,0,0,0
2025/03/16 05:08:00.906,n,-6.707279,57.5265,0.000156,6.538655e-06,-8.731294e-05,5.38233e-06,3.198414,3.371318,3.36544,3.575301,3.146595,3.566433,3.502639,3.598947,4.049605,4.103727,0,0,0,0,0,0
2025/03/16 05:09:00.910,n,-6.72266,57.361612,0.000167,6.521443e-06,-9.265794e-05,6.764059e-06,3.193949,3.368444,3.36544,3.569372,3.149535,3.563689,3.508145,3.598947,4.049605,4.111086,0,0,0,0,0,0
2025/03/16 05:10:00.911,n,-6.714115,57.305552,0.000156,9.02476e-06,-9.815138e-05,7.2715e-06,3.189516,3.368444,3.363979,3.564971,3.152523,3.563689,3.49978,3.595944,4.046762,4.121416,0,0,0,0,0,0
2025/03/16 05:11:00.914,n,-6.717533,57.313808,0.000162,5.698064e-06,-0.000103,7.852364e-06,3.186527,3.355094,3.362517,3.563477,3.145134,3.566433,3.502639,3.591525,4.055143,4.117014,0,0,0,0,0,0
2025/03/16 05:12:00.914,n,-6.69014,57.416052,0.000151,7.375754e-06,-0.000109,8.023333e-06,3.193949,3.350629,3.363979,3.557549,3.149535,3.555324,3.49978,3.595944,4.052382,4.109623,0,0,0,0,0,0
2025/03/16 05:13:00.918,n,-6.618263,57.686368,0.000156,6.840125e-06,-9.815138e-05,5.737153e-06,3.198414,3.352156,3.362517,3.559011,3.145134,3.563689,3.49702,3.584153,4.049605,4.117014,0,0,0,0,0,0
2025/03/16 05:14:00.922,n,-6.655861,57.793444,0.000183,1.003072e-05,-9.265794e-05,6.178426e-06,3.187989,3.344767,3.368444,3.561982,3.149535,3.549689,3.49702,3.588586,4.046762,4.122878,0,0,0,0,0,0
2025/03/16 05:15:00.924,n,-6.685013,57.491884,0.000151,9.229714e-06,-0.000114,7.146866e-06,3.189516,3.341777,3.36544,3.559011,3.137745,3.566433,3.505399,3.59747,4.055143,4.11401,0,0,0,0,0,0
2025/03/16 05:16:00.908,n,-6.681595,57.467176,0.000146,1.117913e-05,-0.000103,6.383797e-06,3.177628,3.355094,3.350629,3.560506,3.136235,3.560911,3.49702,3.58563,4.038428,4.100722,0,0,0,0,0,0
2025/03/16 05:17:00.909,n,-6.679886,57.20824,0.000151,5.69035e-06,-0.00012,6.4169e-06,3.179138,3.352156,3.353617,3.557549,3.134741,3.560911,3.49978,3.579702,4.049605,4.09926,0,0,0,0,0,0
2025/03/16 05:18:00.913,n,-6.703861,57.325328,0.000146,7.571433e-06,-0.00012,4.418499e-06,3.171733,3.344767,3.349167,3.545758,3.125923,3.552531,3.491433,3.578224,4.049605,4.09926,0,0,0,0,0,0
2025/03/16 05:19:00.913,n,-6.688431,57.099304,0.000162,8.198145e-06,-0.00012,5.331323e-06,3.16881,3.332944,3.350629,3.551621,3.128846,3.555324,3.491433,3.576762,4.049605,4.097847,0,0,0,0,0,0
2025/03/16 05:20:00.917,n,-6.70557,57.018444,0.000167,7.872574e-06,-0.000114,5.688533e-06,3.170272,3.337376,3.349167,3.54722,3.122919,3.55815,3.494178,3.576762,4.052382,4.094858,0,0,0,0,0,0
2025/03/16 05:21:00.920,n,-6.741459,56.89462,0.000146,6.568421e-06,-0.000125,6.253868e-06,3.177628,3.337376,3.355094,3.550209,3.127385,3.560911,3.49702,3.576762,4.044016,4.100722,0,0,0,0,0,0
2025/03/16 05:22:00.924,n,-6.710697,57.170252,0.000146,5.866524e-06,-0.000125,6.755172e-06,3.173211,3.331449,3.349167,3.541325,3.127385,3.549689,3.491433,3.584153,4.046762,4.106651,0,0,0,0,0,0
2025/03/16 05:23:00.924,n,-6.738041,57.160388,0.000156,6.525404e-06,-0.000125,6.565962e-06,3.174705,3.325554,3.350629,3.536859,3.114068,3.555324,3.494178,3.58563,4.046762,4.109623,0,0,0,0,0,0
2025/03/16 05:24:00.924,n,-6.751713,57.021716,0.000146,8.201139e-06,-0.000125,7.327428e-06,3.170272,3.319627,3.352156,3.538353,3.119963,3.55815,3.491433,3.578224,4.044016,4.105189,0,0,0,0,0,0
2025/03/16 05:25:00.911,n,-6.679886,57.223084,0.000125,7.604123e-06,-0.000125,5.673069e-06,3.159912,3.335899,3.341777,3.550209,3.111129,3.546945,3.483118,3.564971,4.049605,4.087499,0,0,0,0,0,0
2025/03/16 05:26:00.914,n,-6.686722,57.345104,0.000146,8.470498e-06,-0.00012,5.1809e-06,3.159912,3.337376,3.340366,3.548682,3.119963,3.541422,3.480373,3.572329,4.041174,4.100722,0,0,0,0,0,0
2025/03/16 05:27:00.914,n,-6.693558,57.51,0.000135,7.593752e-06,-0.00012,7.883069e-06,3.161389,3.331449,3.340366,3.550209,3.112606,3.544199,3.480373,3.575301,4.038428,4.096386,0,0,0,0,0,0
2025/03/16 05:28:00.916,n,-6.679886,57.427576,0.000156,1.174669e-05,-0.000125,5.059155e-06,3.16285,3.32255,3.329972,3.536859,3.109603,3.552531,3.483118,3.563477,4.049605,4.087499,0,0,0,0,0,0
2025/03/16 05:29:00.919,n,-6.669041,57.41528,0.000256,1.062113e-05,-2.731879e-05,5.240134e-06,3.181997,3.349102,3.362387,3.55599,3.136154,3.503679,3.428776,3.587026,4.006251,4.11838,0,0,0,0,0,0
2025/03/16 05:30:00.923,n,-6.691258,57.179388,0.000214,8.348056e-06,-2.731879e-05,4.586192e-06,3.180568,3.338741,3.357986,3.545661,3.125793,3.495314,3.43706,3.585565,3.997871,4.119889,0,0,0,0,0,0
2025/03/16 05:31:00.928,n,-6.667332,57.26518,0.000293,2.886736e-05,2.717032e-05,3.256798e-05,3.19679,3.346147,3.36539,3.575138,3.133149,3.464798,3.406544,3.610674,3.972888,4.139008,0,0,0,0,0,0
2025/03/16 05:32:00.928,n,-6.684422,57.413616,0.000272,8.064689e-06,1.083843e-05,7.892781e-06,3.195296,3.346147,3.359431,3.569275,3.128764,3.470417,3.420413,3.595894,3.978379,4.12871,0,0,0,0,0,0
2025/03/16 05:33:00.929,n,-6.704979,57.255268,0.000261,5.4808e-06,-5.493452e-06,6.670707e-06,3.19083,3.347608,3.36539,3.55305,3.12136,3.481445,3.414907,3.606208,3.981157,4.11838,0,0,0,0,0,0
2025/03/16 05:34:00.917,n,-6.704979,57.336128,0.000261,7.952415e-06,0,4.621668e-06,3.177579,3.343207,3.356492,3.558979,3.125793,3.475922,3.414907,3.588521,3.983916,4.11838,0,0,0,0,0,0
2025/03/16 05:35:00.918,n,-6.699803,57.357512,0.000272,7.63515e-06,0,7.102829e-06,3.17607,3.335786,3.362387,3.55305,3.130226,3.475922,3.42319,3.585565,3.981157,4.119889,0,0,0,0,0,0
2025/03/16 05:36:00.921,n,-6.742577,57.243744,0.000261,8.970198e-06,0,7.591307e-06,3.170175,3.331352,3.355029,3.539733,3.12136,3.48419,3.428776,3.579605,3.986759,4.11838,0,0,0,0,0,0
2025/03/16 05:37:00.925,n,-6.727196,57.242036,0.000261,6.85371e-06,-1.083843e-05,5.23659e-06,3.165757,3.323963,3.349102,3.539733,3.119866,3.473163,3.42319,3.584071,3.983916,4.112482,0,0,0,0,0,0
2025/03/16 05:38:00.925,n,-6.756249,57.400432,0.000245,7.08213e-06,-1.083843e-05,5.099564e-06,3.171651,3.323963,3.347608,3.544199,3.113971,3.475922,3.42319,3.582561,3.989537,4.115423,0,0,0,0,0,0
2025/03/16 05:39:00.929,n,-6.742577,57.327828,0.000261,7.514399e-06,-1.083843e-05,6.613191e-06,3.177579,3.318068,3.346147,3.544199,3.105056,3.481445,3.417652,3.582561,3.986759,4.108031,0,0,0,0,0,0
2025/03/16 05:40:00.930,n,-6.78706,57.133196,0.000256,7.934849e-06,0,4.305194e-06,3.167219,3.318068,3.338741,3.538304,3.103611,3.4787,3.417652,3.573742,3.986759,4.109526,0,0,0,0,0,0
2025/03/16 05:41:00.931,n,-6.795605,57.18266,0.000267,9.10684e-06,-5.493452e-06,5.087516e-06,3.162753,3.318068,3.332814,3.539733,3.094728,3.475922,3.414907,3.573742,3.989537,4.102136,0,0,0,0,0,0
2025/03/16 05:42:00.932,n,-6.800732,57.156248,0.000267,7.680699e-06,1.083843e-05,7.588051e-06,3.173146,3.322518,3.338741,3.5486,3.099193,3.473163,3.414907,3.578143,3.986759,4.108031,0,0,0,0,0,0
2025/03/16 05:43:00.920,n,-6.793896,57.01596,0.000272,7.604632e-06,1.083843e-05,5.710943e-06,3.165757,3.316542,3.340219,3.535299,3.109539,3.473163,3.414907,3.567814,3.986759,4.11396,0,0,0,0,0,0
2025/03/16 05:44:00.918,n,-6.775097,57.1497,0.000277,6.495639e-06,2.182534e-05,7.86712e-06,3.153935,3.318068,3.334324,3.52791,3.096254,3.475922,3.417652,3.564874,3.983916,4.109526,0,0,0,0,0,0
2025/03/16 05:45:00.920,n,-6.773388,57.062204,0.000293,5.351518e-06,3.266377e-05,6.173938e-06,3.161292,3.313602,3.334324,3.529404,3.093267,3.475922,3.406544,3.561885,3.989537,4.102136,0,0,0,0,0,0
2025/03/16 05:46:00.924,n,-6.756249,57.284956,0.000314,1.057529e-05,4.350221e-05,8.480466e-06,3.155396,3.315128,3.332814,3.526447,3.096254,3.473163,3.414907,3.567814,3.989537,4.099195,0,0,0,0,0,0
2025/03/16 05:47:00.926,n,-6.749413,57.174456,0.000314,9.031342e-06,4.884719e-05,5.393719e-06,3.149469,3.304719,3.325425,3.523477,3.084368,3.473163,3.403783,3.564874,3.992283,4.100658,0,0,0,0,0,0
2025/03/16 05:48:00.930,n,-6.751122,57.317964,0.000314,9.232232e-06,7.067252e-05,8.713888e-06,3.156858,3.29439,3.323963,3.526447,3.078441,3.467543,3.40937,3.564874,3.983916,4.096271,0,0,0,0,0,0
2025/03/16 05:49:00.934,n,-6.752831,57.365816,0.000345,8.171629e-06,8.151095e-05,9.037848e-06,3.149469,3.300318,3.323963,3.538304,3.071052,3.462038,3.40937,3.564874,3.986759,4.091805,0,0,0,0,0,0
2025/03/16 05:50:00.932,n,-6.745995,57.314644,0.000356,9.544868e-06,9.799132e-05,9.55863e-06,3.153935,3.306245,3.318068,3.530913,3.06959,3.470417,3.40937,3.558979,3.989537,4.094794,0,0,0,0,0,0
2025/03/16 05:51:00.935,n,-6.739159,57.618012,0.000393,9.88477e-06,0.000136,1.027849e-05,3.143575,3.298856,3.307707,3.530913,3.071052,3.4787,3.40937,3.554528,3.986759,4.081506,0,0,0,0,0,0
2025/03/16 05:52:00.923,n,-6.716942,57.652584,0.000435,1.197629e-05,0.000169,1.210259e-05,3.136154,3.29439,3.322518,3.514657,3.085845,3.467543,3.406544,3.544199,3.983916,4.096271,0,0,0,0,0,0
2025/03/16 05:53:00.924,n,-6.735741,57.820648,0.000461,1.199784e-05,0.000201,8.198145e-06,3.139109,3.298856,3.323963,3.520552,3.076979,3.462038,3.401006,3.55599,3.983916,4.099195,0,0,0,0,0,0
2025/03/16 05:54:00.924,n,-6.732323,57.563668,0.000509,1.390505e-05,0.00025,1.289987e-05,3.150964,3.297346,3.323963,3.516119,3.079918,3.459293,3.401006,3.554528,3.983916,4.100658,0,0,0,0,0,0
2025/03/16 05:55:00.924,n,-6.718651,57.710248,0.000572,2.214226e-05,0.000294,1.913381e-05,3.137615,3.291451,3.31953,3.514657,3.06959,3.459293,3.401006,3.550095,3.981157,4.099195,0,0,0,0,0,0
2025/03/16 05:56:00.929,n,-6.72036,57.767912,0.000609,1.710703e-05,0.000337,1.642652e-05,3.145037,3.297346,3.316542,3.519059,3.071052,3.45377,3.392756,3.55599,3.972888,4.093331,0,0,0,0,0,0
2025/03/16 05:57:00.932,n,-6.669041,57.77612,0.000672,1.973396e-05,0.000403,1.634484e-05,3.140586,3.29439,3.313602,3.522014,3.063663,3.45377,3.398261,3.560423,3.981157,4.085909,0,0,0,0,0,0
2025/03/16 05:58:00.933,n,-6.696385,58.021528,0.000724,1.838594e-05,0.000462,1.598585e-05,3.140586,3.295884,3.307707,3.523477,3.06959,3.45377,3.387137,3.55305,3.972888,4.087435,0,0,0,0,0,0
2025/03/16 05:59:00.934,n,-6.727196,57.759712,0.000793,2.421008e-05,0.000544,2.394265e-05,3.149469,3.304719,3.31953,3.535299,3.072513,3.462038,3.398261,3.561885,3.983916,4.096271,0,0,0,0,0,0
2025/03/16 06:00:00.935,n,-6.723778,57.830512,0.000872,2.375326e-05,0.000614,2.483385e-05,3.155396,3.309168,3.318068,3.539733,3.072513,3.45377,3.389881,3.561885,3.981157,4.096271,0,0,0,0,0,0
2025/03/16 06:01:00.906,n,-6.735741,57.639448,0.001003,1.658093e-05,0.000756,1.673692e-05,3.153935,3.338741,3.326951,3.547123,3.090262,3.428776,3.367745,3.566351,3.953478,4.115423,0,0,0,0,0,0
2025/03/16 06:02:00.908,n,-6.75454,57.674068,0.001072,2.349427e-05,0.000816,2.441413e-05,3.145037,3.328429,3.320991,3.545661,3.088833,3.431554,3.364986,3.561885,3.953478,4.109526,0,0,0,0,0,0
2025/03/16 06:03:00.910,n,-6.800732,57.735004,0.001172,2.377066e-05,0.000914,2.453743e-05,3.079918,3.255967,3.272239,3.482093,3.029611,3.40937,3.348339,3.50134,3.93951,4.05053,0,0,0,0,0,0
2025/03/16 06:04:00.911,n,-6.807568,57.472944,0.001282,3.043619e-05,0.001001,2.958347e-05,3.079918,3.252963,3.258922,3.46587,3.017789,3.417652,3.351116,3.492472,3.942352,4.054916,0,0,0,0,0,0
2025/03/16 06:05:00.913,n,-6.831494,57.177732,0.001387,3.463916e-05,0.001104,3.160234e-05,3.079918,3.251501,3.266312,3.471797,3.020712,3.417652,3.359366,3.493934,3.945113,4.041694,0,0,0,0,0,0
2025/03/16 06:06:00.916,n,-6.84829,56.936716,0.001482,3.412938e-05,0.001218,3.261815e-05,3.136154,3.303241,3.313602,3.519059,3.078441,3.442548,3.378773,3.545661,3.970127,4.100658,0,0,0,0,0,0
2025/03/16 06:07:00.919,n,-6.884033,56.83266,0.001603,3.778546e-05,0.001332,3.423822e-05,3.128764,3.29439,3.315128,3.514657,3.074023,3.45101,3.387137,3.545661,3.972888,4.096271,0,0,0,0,0,0
2025/03/16 06:08:00.919,n,-6.856835,56.855804,0.001724,3.993856e-05,0.001462,3.951398e-05,3.134659,3.288463,3.309168,3.513162,3.063663,3.43706,3.387137,3.539733,3.978379,4.097798,0,0,0,0,0,0
2025/03/16 06:09:00.923,n,-6.884033,56.728608,0.001871,4.127028e-05,0.001593,3.776795e-05,3.125793,3.279628,3.307707,3.502769,3.056274,3.439804,3.384295,3.544199,3.975633,4.102136,0,0,0,0,0,0
2025/03/16 06:10:00.908,n,-6.921532,56.401068,0.002002,4.541369e-05,0.001734,4.336097e-05,3.118405,3.301779,3.297346,3.519059,3.053303,3.445391,3.381517,3.533838,3.975633,4.090359,0,0,0,0,0,0
2025/03/16 06:11:00.910,n,-6.918114,56.320356,0.00216,4.651101e-05,0.001881,4.270386e-05,3.12136,3.298856,3.298856,3.519059,3.05923,3.442548,3.378773,3.524953,3.978379,4.084446,0,0,0,0,0,0
2025/03/16 06:12:00.914,n,-6.88921,56.269328,0.002307,4.67663e-05,0.002044,4.773917e-05,3.118405,3.288463,3.300318,3.505758,3.05478,3.448168,3.381517,3.526447,3.981157,4.088897,0,0,0,0,0,0
2025/03/16 06:13:00.913,n,-6.931786,56.373088,0.00248,4.941067e-05,0.002201,5.001937e-05,3.119866,3.282535,3.300318,3.505758,3.053303,3.439804,3.381517,3.532311,3.978379,4.084446,0,0,0,0,0,0
2025/03/16 06:14:00.915,n,-6.896046,56.134224,0.002646,5.239925e-05,0.002375,5.414989e-05,3.118405,3.273684,3.295884,3.505758,3.056274,3.434299,3.378773,3.526447,3.972888,4.087435,0,0,0,0,0,0
2025/03/16 06:15:00.917,n,-6.872166,56.493304,0.002836,5.733594e-05,0.002548,5.464842e-05,3.116974,3.27664,3.301779,3.498335,3.053303,3.439804,3.376012,3.522014,3.972888,4.088897,0,0,0,0,0,0
2025/03/16 06:16:00.918,n,-6.880615,56.656196,0.003005,5.482365e-05,0.00273,5.638202e-05,3.12136,3.266312,3.298856,3.499862,3.041449,3.43706,3.378773,3.529404,3.975633,4.083001,0,0,0,0,0,0
2025/03/16 06:17:00.927,n,-6.906201,56.679048,0.003194,6.014544e-05,0.002927,6.093754e-05,3.115433,3.263324,3.29439,3.502769,3.037064,3.42319,3.367745,3.524953,3.967252,4.080011,0,0,0,0,0,0
2025/03/16 06:18:00.926,n,-6.943699,56.713716,0.003384,5.402148e-05,0.003106,5.53161e-05,3.12287,3.270745,3.289925,3.492472,3.045914,3.431554,3.370491,3.530913,3.970127,4.093331,0,0,0,0,0,0
2025/03/16 06:19:00.909,n,-6.945408,56.66772,0.003574,5.837632e-05,0.003291,5.984225e-05,3.097666,3.282535,3.279628,3.495412,3.039987,3.434299,3.376012,3.516119,3.975633,4.07561,0,0,0,0,0,0
2025/03/16 06:20:00.912,n,-6.935204,56.529488,0.003758,5.929816e-05,0.003482,5.70584e-05,3.099193,3.275179,3.281074,3.489484,3.028134,3.428776,3.370491,3.513162,3.972888,4.074147,0,0,0,0,0,0
2025/03/16 06:21:00.912,n,-6.940281,56.518012,0.003969,5.87603e-05,0.003689,6.017293e-05,3.105056,3.279628,3.292929,3.499862,3.032598,3.431554,3.367745,3.514657,3.970127,4.071175,0,0,0,0,0,0
2025/03/16 06:22:00.919,n,-6.940281,56.583784,0.004159,5.666288e-05,0.00389,6.055644e-05,3.103611,3.272239,3.285524,3.488007,3.037064,3.42319,3.364986,3.514657,3.975633,4.074147,0,0,0,0,0,0
2025/03/16 06:23:00.917,n,-6.940281,56.621624,0.004369,6.022786e-05,0.004097,6.148864e-05,3.112445,3.272239,3.29439,3.488007,3.044452,3.420413,3.356621,3.519059,3.967252,4.083001,0,0,0,0,0,0
2025/03/16 06:24:00.921,n,-6.938572,56.674116,0.004585,6.245988e-05,0.004304,6.121912e-05,3.108044,3.254457,3.281074,3.489484,3.032598,3.425935,3.364986,3.526447,3.964507,4.090359,0,0,0,0,0,0
2025/03/16 06:25:00.921,n,-6.875584,57.083688,0.004791,6.597231e-05,0.004516,6.610252e-05,3.108044,3.258922,3.289925,3.486544,3.029611,3.425935,3.367745,3.520552,3.967252,4.084446,0,0,0,0,0,0
2025/03/16 06:26:00.924,n,-6.86533,57.133196,0.005027,6.948806e-05,0.00475,6.514497e-05,3.106549,3.251501,3.289925,3.495412,3.028134,3.414907,3.359366,3.519059,3.964507,4.084446,0,0,0,0,0,0
2025/03/16 06:27:00.925,n,-6.878906,57.025876,0.005269,7.171778e-05,0.004989,7.18652e-05,3.103611,3.257429,3.279628,3.485083,3.026671,3.414907,3.351116,3.522014,3.967252,4.071175,0,0,0,0,0,0
2025/03/16 06:28:00.913,n,-6.933495,56.784808,0.005527,7.824569e-05,0.005245,7.580689e-05,3.093267,3.263324,3.27664,3.482093,3.0237,3.417652,3.362144,3.508761,3.970127,4.07561,0,0,0,0,0,0
2025/03/16 06:29:00.915,n,-6.940281,56.915228,0.005738,7.060236e-05,0.005484,7.512322e-05,3.094728,3.261862,3.273684,3.479187,3.0237,3.417652,3.364986,3.50134,3.972888,4.078534,0,0,0,0,0,0
2025/03/16 06:30:00.914,n,-6.948826,56.756684,0.005958,6.19388e-05,0.005696,6.773346e-05,3.091789,3.261862,3.279628,3.480649,3.025177,3.417652,3.353861,3.499862,3.970127,4.069713,0,0,0,0,0,0
2025/03/16 06:31:00.912,n,-6.867039,56.722016,0.006242,2.674178e-05,0.005989,2.34268e-05,3.106549,3.275179,3.292929,3.498335,3.041449,3.381517,3.323346,3.522014,3.936764,4.087435,0,0,0,0,0,0
2025/03/16 06:32:00.914,n,-6.853417,56.992916,0.006474,6.918278e-05,0.006212,6.872232e-05,3.109539,3.270745,3.29439,3.492472,3.037064,3.387137,3.331596,3.523477,3.93951,4.094794,0,0,0,0,0,0
2025/03/16 06:33:00.917,n,-6.838085,57.133196,0.006642,5.235506e-05,0.006396,5.283296e-05,3.097666,3.267789,3.289925,3.485083,3.019315,3.392756,3.337215,3.513162,3.953478,4.087435,0,0,0,0,0,0
2025/03/16 06:34:00.919,n,-6.797314,57.167816,0.006846,5.869272e-05,0.006592,5.945412e-05,3.094728,3.247035,3.282535,3.482093,3.014785,3.403783,3.342752,3.511653,3.961762,4.07561,0,0,0,0,0,0
2025/03/16 06:35:00.919,n,-6.76997,57.451508,0.007078,6.734171e-05,0.006825,7.026427e-05,3.094728,3.252963,3.287034,3.477693,3.016311,3.401006,3.345594,3.507235,3.956224,4.078534,0,0,0,0,0,0
2025/03/16 06:36:00.921,n,-6.730614,57.664156,0.007319,7.605081e-05,0.007075,7.439772e-05,3.100655,3.248562,3.27664,3.488007,3.007397,3.398261,3.339975,3.508761,3.950636,4.081506,0,0,0,0,0,0
2025/03/16 06:37:00.909,n,-6.665623,57.82558,0.007582,8.332219e-05,0.007357,8.398638e-05,3.079918,3.257429,3.26485,3.485083,3.007397,3.401006,3.337215,3.50134,3.959016,4.068268,0,0,0,0,0,0
2025/03/16 06:38:00.910,n,-6.643311,57.838716,0.007902,9.425818e-05,0.007666,9.487372e-05,3.074023,3.248562,3.26485,3.476183,2.998563,3.406544,3.342752,3.490945,3.959016,4.053454,0,0,0,0,0,0
2025/03/16 06:39:00.912,n,-6.648533,57.753072,0.008185,7.922023e-05,0.007938,7.563218e-05,3.081444,3.239679,3.261862,3.471797,3.004458,3.401006,3.342752,3.495412,3.959016,4.066774,0,0,0,0,0,0
2025/03/16 06:40:00.912,n,-6.593701,57.911176,0.008489,9.224372e-05,0.008247,9.24729e-05,3.078441,3.244112,3.260384,3.461404,3.004458,3.3955,3.342752,3.489484,3.961762,4.068268,0,0,0,0,0,0
2025/03/16 06:41:00.918,n,-6.562989,58.009956,0.008704,6.623248e-05,0.008469,6.90488e-05,3.082906,3.238217,3.261862,3.46587,3.000008,3.3955,3.339975,3.495412,3.956224,4.069713,0,0,0,0,0,0
2025/03/16 06:42:00.918,n,-6.506542,58.09062,0.008951,6.663075e-05,0.008707,6.93928e-05,3.085845,3.230813,3.257429,3.46587,2.998563,3.3955,3.331596,3.496874,3.953478,4.074147,0,0,0,0,0,0
2025/03/16 06:43:00.918,n,-6.465527,58.240276,0.009129,5.963186e-05,0.008913,6.168196e-05,3.082906,3.230813,3.260384,3.46587,2.998563,3.389881,3.337215,3.490945,3.956224,4.068268,0,0,0,0,0,0
2025/03/16 06:44:00.923,n,-6.421044,58.455708,0.009333,5.615868e-05,0.009103,5.782988e-05,3.072513,3.232257,3.254457,3.464393,2.991174,3.398261,3.328851,3.493934,3.961762,4.056443,0,0,0,0,0,0
2025/03/16 06:45:00.922,n,-6.415917,58.27978,0.009553,6.893375e-05,0.00933,6.878005e-05,3.071052,3.227856,3.251501,3.468794,2.995608,3.387137,3.328851,3.493934,3.950636,4.068268,0,0,0,0,0,0
2025/03/16 06:46:00.908,n,-6.361279,58.409664,0.009789,7.33952e-05,0.00958,7.411267e-05,3.066652,3.241172,3.251501,3.46293,2.995608,3.378773,3.326107,3.485083,3.950636,4.05792,0,0,0,0,0,0
2025/03/16 06:47:00.910,n,-6.313378,58.302824,0.010015,7.060236e-05,0.009807,6.93928e-05,3.062201,3.235245,3.25004,3.459942,2.991174,3.384295,3.326107,3.483621,3.947858,4.065279,0,0,0,0,0,0
2025/03/16 06:48:00.911,n,-6.286083,58.159708,0.01024,6.603244e-05,0.010034,6.546908e-05,3.062201,3.227856,3.255967,3.452537,2.988186,3.381517,3.328851,3.476183,3.950636,4.05792,0,0,0,0,0,0
2025/03/16 06:49:00.915,n,-6.253563,58.246868,0.010465,6.366609e-05,0.010245,6.847162e-05,3.065124,3.221962,3.25004,3.454015,2.986692,3.384295,3.326107,3.485083,3.945113,4.063817,0,0,0,0,0,0
2025/03/16 06:50:00.918,n,-6.226269,58.199164,0.010669,6.777251e-05,0.010467,7.07521e-05,3.071052,3.226362,3.252963,3.451108,2.986692,3.376012,3.323346,3.479187,3.953478,4.059383,0,0,0,0,0,0
2025/03/16 06:51:00.918,n,-6.212597,58.113668,0.010878,5.963186e-05,0.010673,6.155315e-05,3.065124,3.229351,3.244112,3.449581,2.977859,3.373268,3.326107,3.485083,3.947858,4.060845,0,0,0,0,0,0
2025/03/16 06:52:00.920,n,-6.178467,58.19096,0.011098,6.839429e-05,0.010889,6.659103e-05,3.072513,3.217464,3.25004,3.457003,2.983786,3.384295,3.320504,3.479187,3.945113,4.059383,0,0,0,0,0,0
2025/03/16 06:53:00.925,n,-6.096436,58.202484,0.01133,7.629395e-05,0.011143,8.171907e-05,3.068128,3.216035,3.241172,3.454015,2.964479,3.376012,3.314982,3.480649,3.945113,4.052056,0,0,0,0,0,0
2025/03/16 06:54:00.926,n,-6.07256,58.4853,0.011572,6.563054e-05,0.011386,7.127371e-05,3.060724,3.221962,3.238217,3.455541,2.958551,3.373268,3.309445,3.471797,3.945113,4.054916,0,0,0,0,0,0
2025/03/16 06:55:00.912,n,-6.043507,58.503416,0.011803,7.105063e-05,0.011626,6.946902e-05,3.047377,3.217464,3.230813,3.446642,2.980797,3.381517,3.326107,3.470271,3.956224,4.049052,0,0,0,0,0,0
2025/03/16 06:56:00.914,n,-5.966648,58.555952,0.012081,8.950694e-05,0.01193,8.891378e-05,3.056274,3.214572,3.244112,3.44518,2.976333,3.373268,3.314982,3.476183,3.947858,4.052056,0,0,0,0,0,0
2025/03/16 06:57:00.915,n,-5.9291,58.746528,0.012458,0.000117,0.012304,0.000115,3.05923,3.216035,3.242635,3.439252,2.968943,3.373268,3.3067,3.467332,3.947858,4.056443,0,0,0,0,0,0
2025/03/16 06:58:00.917,n,-5.92749,58.712056,0.012642,5.09204e-05,0.012488,4.747867e-05,3.060724,3.210107,3.247035,3.44518,2.971867,3.359366,3.312237,3.47326,3.936764,4.062322,0,0,0,0,0,0
2025/03/16 06:59:00.920,n,-5.8438,58.848336,0.012983,0.000108,0.012824,0.000105,3.051841,3.208645,3.238217,3.446642,2.974871,3.367745,3.3067,3.477693,3.947858,4.053454,0,0,0,0,0,0
2025/03/16 07:00:00.919,n,-5.811375,58.749796,0.013392,0.000121,0.013225,0.000124,3.056274,3.202718,3.232257,3.44518,2.968943,3.359366,3.3067,3.476183,3.936764,4.054916,0,0,0,0,0,0
2025/03/16 07:01:00.926,n,-5.714161,58.9747,0.013796,3.995689e-05,0.01361,3.531723e-05,3.066652,3.227856,3.244112,3.47326,2.971867,3.326107,3.273343,3.488007,3.914528,4.060845,0,0,0,0,0,0
2025/03/16 07:02:00.927,n,-5.69878,58.892668,0.014188,0.000116,0.013918,9.304336e-05,3.060724,3.218973,3.242635,3.471797,2.958551,3.342752,3.28731,3.480649,3.917273,4.049052,0,0,0,0,0,0
2025/03/16 07:03:00.928,n,-5.680027,58.787592,0.014539,0.000103,0.014216,9.224372e-05,3.056274,3.217464,3.233783,3.464393,2.964479,3.342752,3.281707,3.479187,3.917273,4.053454,0,0,0,0,0,0
2025/03/16 07:04:00.916,n,-5.65786,58.810588,0.014812,7.968643e-05,0.014487,8.508182e-05,3.05478,3.210107,3.245574,3.443717,2.973394,3.339975,3.278962,3.480649,3.922861,4.062322,0,0,0,0,0,0
2025/03/16 07:05:00.915,n,-5.642529,58.6102,0.015032,6.223709e-05,0.014806,9.38362e-05,3.053303,3.214572,3.242635,3.442256,2.967466,3.348339,3.284468,3.477693,3.920115,4.062322,0,0,0,0,0,0
2025/03/16 07:06:00.918,n,-5.589649,58.853268,0.01522,5.653433e-05,0.015147,0.000104,3.056274,3.207168,3.236707,3.443717,2.960078,3.334373,3.281707,3.476183,3.925638,4.05792,0,0,0,0,0,0
2025/03/16 07:07:00.919,n,-5.555516,58.73012,0.015215,1.380209e-05,0.01518,1.593729e-05,3.051841,3.208645,3.238217,3.44518,2.955645,3.334373,3.290054,3.477693,3.922861,4.054916,0,0,0,0,0,0
2025/03/16 07:08:00.923,n,-5.541893,58.932076,0.015267,2.108305e-05,0.015152,1.454869e-05,3.051841,3.211601,3.230813,3.448118,2.952657,3.339975,3.284468,3.467332,3.928399,4.05053,0,0,0,0,0,0
2025/03/16 07:09:00.926,n,-5.480564,58.820404,0.015141,4.037096e-05,0.015147,9.201396e-06,3.050315,3.214572,3.227856,3.44518,2.945268,3.334373,3.281707,3.461404,3.917273,4.05053,0,0,0,0,0,0
2025/03/16 07:10:00.927,n,-5.443066,59.041988,0.014932,6.6829e-05,0.014963,5.74627e-05,3.047377,3.210107,3.214572,3.451108,2.945268,3.331596,3.273343,3.459942,3.917273,4.049052,0,0,0,0,0,0
2025/03/16 07:11:00.927,n,-5.337353,59.069868,0.01455,0.00012,0.014487,0.00015,3.042926,3.201241,3.218973,3.451108,2.94233,3.339975,3.278962,3.461404,3.917273,4.038705,0,0,0,0,0,0
2025/03/16 07:12:00.931,n,-5.274365,59.2749,0.014346,5.873778e-05,0.0142,8.557794e-05,3.039987,3.214572,3.220435,3.448118,2.948192,3.323346,3.267839,3.458498,3.91175,4.053454,0,0,0,0,0,0
2025/03/16 07:13:00.914,n,-5.201073,59.609172,0.014314,1.781843e-05,0.014151,2.057495e-05,3.042926,3.195296,3.233783,3.434851,2.949718,3.326107,3.270599,3.464393,3.90899,4.052056,0,0,0,0,0,0
2025/03/16 07:14:00.917,n,-5.163574,59.5748,0.014388,2.56156e-05,0.014222,2.345905e-05,3.041449,3.198252,3.226362,3.433324,2.940836,3.328851,3.270599,3.455541,3.91175,4.044618,0,0,0,0,0,0
2025/03/16 07:15:00.919,n,-5.126171,59.696088,0.014587,6.667045e-05,0.014444,7.022661e-05,3.044452,3.19083,3.220435,3.430401,2.939374,3.326107,3.276121,3.457003,3.914528,4.049052,0,0,0,0,0,0
2025/03/16 07:16:00.923,n,-5.100586,59.78652,0.015005,0.000126,0.014909,0.00014,3.035522,3.199746,3.216035,3.434851,2.940836,3.326107,3.262317,3.458498,3.914528,4.040167,0,0,0,0,0,0
2025/03/16 07:17:00.925,n,-5.05127,59.69936,0.015947,0.0003,0.016028,0.000358,3.031137,3.19679,3.211601,3.436328,2.930443,3.317727,3.262317,3.451108,3.90899,4.041694,0,0,0,0,0,0
2025/03/16 07:18:00.927,n,-5.035939,59.738812,0.016313,9.824402e-05,0.016482,0.000118,3.032598,3.198252,3.205641,3.443717,2.933414,3.317727,3.256812,3.449581,3.91175,4.035798,0,0,0,0,0,0
2025/03/16 07:19:00.927,n,-5.015476,59.88022,0.01659,7.559719e-05,0.016785,9.01549e-05,3.035522,3.201241,3.205641,3.44518,2.92752,3.309445,3.254067,3.455541,3.895118,4.041694,0,0,0,0,0,0
2025/03/16 07:20:00.928,n,-5.017185,59.878608,0.016794,6.554986e-05,0.017514,0.000238,3.020712,3.198252,3.207168,3.44518,2.931953,3.309445,3.256812,3.451108,3.897864,4.034303,0,0,0,0,0,0
2025/03/16 07:21:00.932,n,-4.961033,59.916352,0.017045,7.587666e-05,0.018636,0.00036,3.025177,3.207168,3.202718,3.43779,2.929014,3.303955,3.251193,3.442256,3.903498,4.034303,0,0,0,0,0,0
2025/03/16 07:22:00.918,n,-4.926953,59.848968,0.017233,5.596991e-05,0.018593,5.081637e-05,3.03406,3.189369,3.217464,3.427429,2.936371,3.3067,3.251193,3.449581,3.900624,4.046128,0,0,0,0,0,0
2025/03/16 07:23:00.919,n,-4.835106,59.932856,0.017426,5.26574e-05,0.017999,0.000196,3.029611,3.189369,3.211601,3.425967,2.931953,3.3067,3.242911,3.458498,3.889595,4.038705,0,0,0,0,0,0
2025/03/16 07:24:00.921,n,-4.797657,60.143156,0.017629,6.086152e-05,0.018005,1.593729e-05,3.028134,3.187957,3.213062,3.439252,2.926026,3.295576,3.242911,3.452537,3.886835,4.03726,0,0,0,0,0,0
2025/03/16 07:25:00.923,n,-4.751759,60.037984,0.018193,0.000194,0.018317,9.737842e-05,3.028134,3.187957,3.210107,3.440714,2.92752,3.28731,3.240166,3.446642,3.886835,4.040167,0,0,0,0,0,0
2025/03/16 07:26:00.927,n,-4.738133,59.881876,0.018527,9.650506e-05,0.018512,6.50637e-05,3.022206,3.198252,3.207168,3.442256,2.923023,3.298368,3.240166,3.44518,3.892341,4.025467,0,0,0,0,0,0
2025/03/16 07:27:00.929,n,-4.714356,59.929584,0.018668,4.912201e-05,0.018668,4.997638e-05,3.029611,3.18643,3.204179,3.44518,2.92752,3.284468,3.231803,3.448118,3.881133,4.032826,0,0,0,0,0,0
2025/03/16 07:28:00.932,n,-4.668457,60.039644,0.018605,2.345905e-05,0.019029,0.000108,3.020712,3.19679,3.202718,3.433324,2.920099,3.290054,3.22896,3.440714,3.883975,4.032826,0,0,0,0,0,0
2025/03/16 07:29:00.932,n,-4.625878,60.105364,0.018814,7.47525e-05,0.019293,7.753234e-05,3.020712,3.198252,3.19679,3.431862,2.933414,3.281707,3.220678,3.436328,3.878372,4.034303,0,0,0,0,0,0
2025/03/16 07:30:00.933,n,-4.591892,60.107024,0.019064,7.861676e-05,0.019369,3.051758e-05,3.013323,3.19679,3.202718,3.440714,2.92752,3.276121,3.220678,3.43779,3.883975,4.035798,0,0,0,0,0,0
2025/03/16 07:31:00.916,n,-4.53579,60.1727,0.019398,4.118662e-05,0.019455,1.153456e-05,3.044452,3.202718,3.227856,3.44518,2.951163,3.245688,3.190247,3.467332,3.845107,4.065279,0,0,0,0,0,0
2025/03/16 07:32:00.918,n,-4.542832,60.106708,0.019387,2.345905e-05,0.019519,3.793833e-05,3.006017,3.16428,3.189419,3.40531,2.897918,3.311962,3.256536,3.431862,3.914251,4.018108,0,0,0,0,0,0
2025/03/16 07:33:00.920,n,-4.479893,60.421944,0.019387,1.721424e-05,0.019654,3.95767e-05,3.003028,3.158353,3.182029,3.403816,2.89498,3.320325,3.259295,3.427461,3.925362,4.012115,0,0,0,0,0,0
2025/03/16 07:34:00.920,n,-4.437413,60.431804,0.019517,4.010796e-05,0.019837,5.891768e-05,3.003028,3.153967,3.182029,3.402321,2.891992,3.320325,3.262041,3.421566,3.922617,4.012115,0,0,0,0,0,0
2025/03/16 07:35:00.924,n,-4.379696,60.595868,0.019674,4.646477e-05,0.020079,7.587666e-05,2.994145,3.153967,3.17464,3.399415,2.887591,3.320325,3.262041,3.411173,3.922617,4.000354,0,0,0,0,0,0
2025/03/16 07:36:00.927,n,-4.333798,60.594208,0.020029,0.000122,0.020305,5.927585e-05,2.991174,3.156891,3.165757,3.402321,2.884603,3.311962,3.256536,3.415574,3.919775,4.004757,0,0,0,0,0,0
2025/03/16 07:37:00.926,n,-4.264118,60.563008,0.020275,6.473756e-05,0.02057,8.332219e-05,2.986774,3.158353,3.161356,3.40531,2.881665,3.317483,3.262041,3.406787,3.925362,3.990025,0,0,0,0,0,0
2025/03/16 07:38:00.928,n,-4.213242,60.671308,0.020495,5.891768e-05,0.020743,4.646477e-05,2.983786,3.15983,3.16428,3.400859,2.880203,3.317483,3.250916,3.411173,3.919775,4.001817,0,0,0,0,0,0
2025/03/16 07:39:00.931,n,-4.153767,60.531904,0.021571,0.000366,0.020932,6.440978e-05,2.977891,3.165757,3.15983,3.394899,2.887591,3.303679,3.253662,3.400859,3.911491,4.001817,0,0,0,0,0,0
2025/03/16 07:40:00.918,n,-4.12833,60.320136,0.022479,0.000263,0.021186,7.888554e-05,2.99564,3.152425,3.179041,3.397887,2.889068,3.303679,3.248172,3.420105,3.916997,4.015103,0,0,0,0,0,0
2025/03/16 07:41:00.919,n,-4.065487,60.167448,0.022025,0.000179,0.021364,4.868921e-05,2.991174,3.156891,3.173146,3.391992,2.884603,3.303679,3.245427,3.409711,3.914251,4.012115,0,0,0,0,0,0
2025/03/16 07:42:00.919,n,-4.014561,60.155976,0.021618,0.00011,0.02152,4.507745e-05,2.985313,3.153967,3.168745,3.393438,2.884603,3.298092,3.237145,3.406787,3.905968,4.010702,0,0,0,0,0,0
2025/03/16 07:43:00.925,n,-3.948399,60.390744,0.022176,0.000204,0.021655,4.010796e-05,2.979385,3.152425,3.170207,3.403816,2.878742,3.2953,3.23989,3.403816,3.905968,4.003311,0,0,0,0,0,0
2025/03/16 07:44:00.926,n,-3.87999,60.210124,0.023069,0.00027,0.02178,4.315837e-05,2.988251,3.156891,3.158353,3.400859,2.872782,3.298092,3.234368,3.403816,3.903126,4.004757,0,0,0,0,0,0
2025/03/16 07:45:00.926,n,-3.815292,60.139524,0.022964,7.670897e-05,0.021941,4.412835e-05,2.977891,3.15983,3.165757,3.40531,2.878742,3.287034,3.231526,3.399415,3.897505,4.009208,0,0,0,0,0,0
2025/03/16 07:46:00.930,n,-3.762459,60.129708,0.022547,0.000122,0.022141,6.374914e-05,2.979385,3.153967,3.161356,3.40531,2.877215,3.287034,3.231526,3.400859,3.892,3.994458,0,0,0,0,0,0
2025/03/16 07:47:00.932,n,-3.735165,60.292256,0.022896,0.000117,0.022497,0.000112,2.970502,3.158353,3.158353,3.396426,2.883141,3.278687,3.226022,3.390499,3.892,3.998861,0,0,0,0,0,0
2025/03/16 07:48:00.934,n,-3.694344,60.103436,0.023303,0.000119,0.02288,0.000118,2.976397,3.156891,3.161356,3.394899,2.887591,3.273164,3.217658,3.393438,3.886477,4.006251,0,0,0,0,0,0
2025/03/16 07:49:00.921,n,-3.639805,60.366132,0.023751,0.000136,0.02316,8.968412e-05,2.97492,3.14653,3.167219,3.387559,2.871288,3.273164,3.217658,3.409711,3.883635,4.001817,0,0,0,0,0,0
2025/03/16 07:50:00.920,n,-3.578571,60.510568,0.023595,4.21661e-05,0.023678,0.000157,2.979385,3.140603,3.15983,3.400859,2.875738,3.273164,3.220499,3.402321,3.886477,4.003311,0,0,0,0,0,0
2025/03/16 07:51:00.925,n,-3.517292,60.876192,0.023626,3.563686e-05,0.024647,0.00031,2.979385,3.14653,3.156891,3.393438,2.866856,3.270404,3.21212,3.40531,3.88089,4.000354,0,0,0,0,0,0
2025/03/16 07:52:00.925,n,-3.459385,60.95158,0.023694,1.301274e-05,0.026358,0.000553,2.977891,3.149501,3.168745,3.402321,2.872782,3.259295,3.200997,3.406787,3.88089,4.001817,0,0,0,0,0,0
2025/03/16 07:53:00.930,n,-3.413437,60.987668,0.023929,7.942036e-05,0.028157,0.000529,2.971964,3.156891,3.152425,3.397887,2.881665,3.262041,3.20379,3.394899,3.872606,4.004757,0,0,0,0,0,0
2025/03/16 07:54:00.928,n,-3.386189,60.956512,0.024262,9.132126e-05,0.028903,0.000232,2.971964,3.15983,3.15983,3.396426,2.880203,3.245427,3.187225,3.399415,3.86148,4.001817,0,0,0,0,0,0
2025/03/16 07:55:00.934,n,-3.360653,60.710664,0.024819,0.000173,0.028361,0.000198,2.968976,3.15983,3.170207,3.399415,2.884603,3.245427,3.18997,3.393438,3.864225,4.001817,0,0,0,0,0,0
2025/03/16 07:56:00.935,n,-3.313046,60.636836,0.025293,0.000143,0.027459,0.000293,2.971964,3.155429,3.161356,3.391992,2.878742,3.250916,3.18997,3.397887,3.86148,4.004757,0,0,0,0,0,0
2025/03/16 07:57:00.919,n,-3.262474,60.826504,0.025174,1.951911e-05,0.028253,0.000285,2.967385,3.127174,3.153773,3.378497,2.86377,3.243187,3.182159,3.393308,3.845255,4.000111,0,0,0,0,0,0
2025/03/16 07:58:00.903,n,-3.219994,60.851064,0.025194,2.253873e-05,0.029955,0.00053,2.967385,3.128635,3.158239,3.371091,2.874129,3.229237,3.176572,3.388875,3.85638,3.997172,0,0,0,0,0,0
2025/03/16 07:59:00.906,n,-3.172386,60.923132,0.025351,3.84922e-05,0.028623,0.000471,2.970308,3.128635,3.1597,3.374096,2.874129,3.232078,3.17378,3.391781,3.848128,4.007469,0,0,0,0,0,0
2025/03/16 08:00:00.908,n,-3.138355,60.972352,0.025777,0.000117,0.028103,0.00013,2.971785,3.130097,3.165628,3.378497,2.883012,3.226476,3.16829,3.391781,3.839763,4.004562,0,0,0,0,0,0
2025/03/16 08:01:00.914,n,-3.019409,61.091884,0.026011,1.631233e-05,0.02865,0.000111,2.992522,3.147813,3.186315,3.400633,2.894833,3.18768,3.12943,3.41991,3.80637,4.026685,0,0,0,0,0,0
2025/03/16 08:02:00.912,n,-2.989639,61.077344,0.026437,0.000174,0.028617,5.74627e-05,2.976544,3.136332,3.168874,3.383288,2.872896,3.261115,3.208433,3.401006,3.882742,4.015266,0,0,0,0,0,0
2025/03/16 08:03:00.915,n,-2.943741,61.141164,0.026707,8.82567e-05,0.028381,6.761617e-05,2.982471,3.136332,3.167398,3.389151,2.872896,3.258339,3.205674,3.399544,3.89109,4.006397,0,0,0,0,0,0
2025/03/16 08:04:00.918,n,-2.891056,61.219776,0.026551,7.698441e-05,0.030621,0.000716,2.981008,3.136332,3.161471,3.38475,2.865508,3.258339,3.208433,3.393649,3.882742,4.00786,0,0,0,0,0,0
2025/03/16 08:05:00.918,n,-2.794228,61.191944,0.026801,0.000101,0.032651,0.000579,2.970649,3.134871,3.154081,3.389151,2.866984,3.258339,3.202929,3.393649,3.882742,4.004936,0,0,0,0,0,0
2025/03/16 08:06:00.921,n,-2.763661,61.105176,0.026749,3.793833e-05,0.031191,0.000563,2.975082,3.137794,3.151142,3.395111,2.85812,3.255593,3.19731,3.387689,3.879882,4.004936,0,0,0,0,0,0
2025/03/16 08:07:00.907,n,-2.65165,61.0855,0.026442,0.000109,0.029879,0.00039,2.972079,3.130405,3.171831,3.377328,2.878888,3.249975,3.194565,3.395111,3.874376,4.019668,0,0,0,0,0,0
2025/03/16 08:08:00.907,n,-2.592228,61.270508,0.026821,0.000129,0.029562,0.000148,2.978005,3.134871,3.168874,3.374404,2.878888,3.241725,3.191805,3.395111,3.874376,4.015266,0,0,0,0,0,0
2025/03/16 08:09:00.914,n,-2.520939,61.172312,0.028031,0.000395,0.030411,0.000323,2.973605,3.128943,3.16441,3.380299,2.874438,3.236187,3.189061,3.399544,3.863218,4.012294,0,0,0,0,0,0
2025/03/16 08:10:00.912,n,-2.419132,61.227932,0.029436,0.000418,0.029588,0.000282,2.983933,3.136332,3.165936,3.392154,2.872896,3.230601,3.186283,3.396572,3.860473,4.015266,0,0,0,0,0,0
2025/03/16 08:11:00.916,n,-2.363125,61.29668,0.029893,0.000121,0.028521,0.000349,2.967661,3.13932,3.165936,3.38475,2.868511,3.230601,3.175095,3.393649,3.863218,4.012294,0,0,0,0,0,0
2025/03/16 08:12:00.916,n,-2.339394,61.141164,0.030148,9.38362e-05,0.028392,4.868921e-05,2.975082,3.133409,3.162964,3.38475,2.865508,3.224982,3.180682,3.399544,3.854967,4.015266,0,0,0,0,0,0
2025/03/16 08:13:00.917,n,-2.278359,61.447216,0.030481,0.000121,0.028521,2.909737e-05,2.972079,3.130405,3.160009,3.390645,2.864111,3.230601,3.175095,3.393649,3.854967,4.004936,0,0,0,0,0,0
2025/03/16 08:14:00.921,n,-2.186855,61.555176,0.029847,0.000214,0.030406,0.000601,2.972079,3.142227,3.155608,3.395111,2.866984,3.222238,3.169573,3.389151,3.849445,3.99904,0,0,0,0,0,0
2025/03/16 08:15:00.922,n,-2.144425,61.561716,0.029024,0.000216,0.035234,0.001482,2.96469,3.146692,3.158547,3.396572,2.868511,3.2167,3.166796,3.390645,3.846699,4.001964,0,0,0,0,0,0
2025/03/16 08:16:00.910,n,-2.090225,61.569872,0.028764,9.155274e-05,0.037378,0.000582,2.972079,3.130405,3.168874,3.378854,2.878888,3.208433,3.161292,3.392154,3.841079,4.013789,0,0,0,0,0,0
2025/03/16 08:17:00.907,n,-2.066494,61.653272,0.029165,0.000159,0.039255,0.000649,2.978005,3.130405,3.170336,3.386226,2.877361,3.202929,3.15577,3.396572,3.843856,4.02412,0,0,0,0,0,0
2025/03/16 08:18:00.911,n,-2.012245,61.725196,0.030341,0.000368,0.038564,0.00038,2.978005,3.133409,3.160009,3.389151,2.871467,3.202929,3.150168,3.39805,3.829954,4.015266,0,0,0,0,0,0
2025/03/16 08:19:00.915,n,-1.966541,62.033936,0.033694,0.001074,0.033895,0.001464,2.978005,3.136332,3.168874,3.395111,2.878888,3.19731,3.141886,3.39805,3.832731,4.013789,0,0,0,0,0,0
2025/03/16 08:20:00.914,n,-1.861515,62.146632,0.03385,0.000193,0.033975,0.000216,2.976544,3.140797,3.162964,3.393649,2.8759,3.194565,3.136365,3.39805,3.81886,4.019668,0,0,0,0,0,0
2025/03/16 08:21:00.917,n,-1.822144,62.229564,0.030673,0.001013,0.033829,8.968412e-05,2.952803,3.111129,3.140668,3.371318,2.846233,3.220467,3.165043,3.372845,3.855892,3.997415,0,0,0,0,0,0
2025/03/16 08:22:00.919,n,-1.764576,62.102224,0.029706,0.000272,0.034569,0.000365,2.955742,3.118502,3.136268,3.38017,2.843246,3.214963,3.153935,3.371318,3.847512,3.988562,0,0,0,0,0,0
2025/03/16 08:23:00.920,n,-1.732445,62.206716,0.029929,9.292954e-05,0.042525,0.002529,2.949815,3.128878,3.142145,3.378708,2.850634,3.206599,3.156679,3.377296,3.833624,3.990025,0,0,0,0,0,0
2025/03/16 08:24:00.927,n,-1.656223,62.126736,0.029726,7.18652e-05,0.048327,0.001681,2.951342,3.12589,3.140668,3.377296,2.850634,3.212088,3.153935,3.36544,3.841924,3.988562,0,0,0,0,0,0
2025/03/16 08:25:00.908,n,-1.591919,62.208376,0.029555,5.2858e-05,0.045675,0.001046,2.951342,3.109668,3.149567,3.372845,2.859549,3.198317,3.142779,3.375768,3.836402,4.013642,0,0,0,0,0,0
2025/03/16 08:26:00.911,n,-1.519165,62.165892,0.029565,2.760419e-05,0.041511,0.001279,2.960208,3.109668,3.152555,3.369906,2.850634,3.189938,3.142779,3.375768,3.839179,4.006251,0,0,0,0,0,0
2025/03/16 08:27:00.913,n,-1.463352,62.345388,0.030091,0.000163,0.038338,0.000853,2.964608,3.124445,3.154016,3.378708,2.85656,3.184319,3.128911,3.390596,3.825276,4.003311,0,0,0,0,0,0
2025/03/16 08:28:00.915,n,-1.372044,62.33396,0.030928,0.000254,0.035912,0.000708,2.957204,3.118502,3.155493,3.377296,2.855131,3.187112,3.131656,3.381696,3.82253,4.004774,0,0,0,0,0,0
2025/03/16 08:29:00.916,n,-1.287476,62.57556,0.032563,0.000489,0.033486,0.000814,2.95873,3.12589,3.158482,3.389086,2.858055,3.181574,3.126166,3.381696,3.819738,4.004774,0,0,0,0,0,0
2025/03/16 08:30:00.919,n,-1.179272,62.824392,0.034605,0.000628,0.034103,0.000211,2.95873,3.13034,3.156955,3.394982,2.859549,3.173293,3.117884,3.389086,3.81147,4.006251,0,0,0,0,0,0
2025/03/16 08:31:00.922,n,-1.08511,62.75252,0.034155,0.000222,0.034521,0.000107,2.957204,3.13768,3.14653,3.387509,2.858055,3.159001,3.100752,3.381631,3.794302,4.009093,0,0,0,0,0,0
2025/03/16 08:32:00.924,n,-1.027443,62.857208,0.032429,0.000502,0.033712,0.000291,2.961604,3.131752,3.152425,3.384571,2.855066,3.159001,3.097959,3.368347,3.797047,4.001688,0,0,0,0,0,0
2025/03/16 08:33:00.926,n,-0.76968,63.59422,0.032439,7.127371e-05,0.0336,4.412835e-05,2.952754,3.131752,3.145069,3.389037,2.858055,3.15616,3.103497,3.368347,3.794302,3.994329,0,0,0,0,0,0
2025/03/16 08:34:00.911,n,-0.673,63.74432,0.034393,0.000652,0.033975,0.000119,2.960143,3.116942,3.153967,3.375704,2.852078,3.15616,3.106241,3.381631,3.794302,4.00323,0,0,0,0,0,0
2025/03/16 08:35:00.918,n,-0.574757,63.750812,0.037342,0.00094,0.033803,6.440978e-05,2.967531,3.122887,3.155429,3.374242,2.853572,3.147796,3.095215,3.381631,3.788666,4.004692,0,0,0,0,0,0
2025/03/16 08:36:00.916,n,-0.529007,63.843832,0.039368,0.00057,0.03361,4.781186e-05,2.961604,3.121392,3.153967,3.377246,2.852078,3.147796,3.092374,3.380105,3.791541,4.004692,0,0,0,0,0,0
2025/03/16 08:37:00.918,n,-0.505325,63.3493,0.041441,0.000582,0.033937,0.00012,2.958648,3.127352,3.14653,3.384571,2.852078,3.142292,3.089629,3.371253,3.788666,3.998796,0,0,0,0,0,0
2025/03/16 08:38:00.921,n,-0.459572,63.218536,0.039761,0.000682,0.034344,0.000113,2.946827,3.130291,3.149535,3.380105,2.855066,3.139515,3.081347,3.378643,3.785922,4.006154,0,0,0,0,0,0
2025/03/16 08:39:00.922,n,-0.41045,63.190752,0.037057,0.000899,0.03451,8.68058e-05,2.952754,3.127352,3.140603,3.387509,2.859532,3.13401,3.086852,3.377246,3.774796,4.00323,0,0,0,0,0,0
2025/03/16 08:40:00.926,n,-0.329201,63.110724,0.034947,0.000655,0.034542,2.760419e-05,2.949815,3.13768,3.149535,3.383109,2.85656,3.131266,3.075826,3.377246,3.783176,4.007617,0,0,0,0,0,0
2025/03/16 08:41:00.927,n,-0.331516,63.041164,0.034807,9.694272e-05,0.034526,2.602548e-05,2.914107,3.097537,3.116813,3.354819,2.826813,3.152408,3.10249,3.331108,3.80153,3.970468,0,0,0,0,0,0
2025/03/16 08:42:00.929,n,-0.250217,63.093504,0.035661,0.000282,0.034879,0.00012,2.922991,3.104926,3.118257,3.350385,2.835695,3.141285,3.094208,3.340025,3.79042,3.976364,0,0,0,0,0,0
2025/03/16 08:43:00.914,n,-0.152027,63.0396,0.036436,0.000274,0.035222,0.000116,2.930394,3.102036,3.125646,3.356314,2.829769,3.138508,3.088622,3.357775,3.787577,3.988157,0,0,0,0,0,0
2025/03/16 08:44:00.921,n,-0.116528,62.882568,0.035744,0.000254,0.035334,2.760419e-05,2.931856,3.091643,3.130097,3.354819,2.840096,3.135747,3.088622,3.350385,3.79042,3.986694,0,0,0,0,0,0
2025/03/16 08:45:00.923,n,-0.069164,62.869484,0.036922,0.000415,0.035607,6.635221e-05,2.931856,3.088687,3.133067,3.350385,2.846022,3.133003,3.080243,3.362176,3.773757,3.991161,0,0,0,0,0,0
2025/03/16 08:46:00.926,n,0.022144,62.869484,0.039393,0.000923,0.035842,7.127371e-05,2.928918,3.093104,3.134529,3.350385,2.835695,3.127417,3.083003,3.350385,3.773757,3.992623,0,0,0,0,0,0
2025/03/16 08:47:00.925,n,0.086403,62.951272,0.041905,0.000756,0.035917,4.010796e-05,2.943709,3.093104,3.140456,3.356314,2.846022,3.116293,3.071977,3.360714,3.765424,3.994021,0,0,0,0,0,0
2025/03/16 08:48:00.928,n,0.198025,62.789308,0.039709,0.000771,0.036355,0.000137,2.940722,3.096108,3.140456,3.351847,2.843084,3.116293,3.066472,3.36518,3.757141,3.999949,0,0,0,0,0,0
2025/03/16 08:49:00.930,n,0.323071,62.80244,0.036028,0.001031,0.036724,0.000136,2.945171,3.100526,3.137518,3.366641,2.841622,3.099745,3.052572,3.360714,3.751521,3.992623,0,0,0,0,0,0
2025/03/16 08:50:00.932,n,0.382076,62.47656,0.036281,0.000165,0.038756,0.000703,2.926205,3.094825,3.127352,3.350629,2.828519,3.165692,3.121311,3.352074,3.817544,3.985509,0,0,0,0,0,0
2025/03/16 08:51:00.935,n,0.415863,62.296916,0.037031,0.000225,0.040992,0.000629,2.930605,3.093348,3.122887,3.356524,2.82998,3.160009,3.107443,3.353568,3.811925,3.982504,0,0,0,0,0,0
2025/03/16 08:52:00.920,n,0.459759,61.94936,0.037498,0.000137,0.039462,0.000557,2.932067,3.093348,3.139174,3.344702,2.840307,3.154486,3.104651,3.34764,3.806419,3.992867,0,0,0,0,0,0
2025/03/16 08:53:00.907,n,0.512104,61.789252,0.037964,0.000173,0.03874,0.000172,2.920246,3.094825,3.128878,3.349167,2.832918,3.16285,3.110187,3.328478,3.81467,3.97664,0,0,0,0,0,0
2025/03/16 08:54:00.925,n,0.52055,61.625824,0.037793,4.11499e-05,0.038906,9.473418e-05,2.933562,3.083003,3.127352,3.344702,2.835906,3.16285,3.112932,3.341777,3.81467,3.983966,0,0,0,0,0,0
2025/03/16 08:55:00.927,n,0.604977,61.4476,0.038348,0.000199,0.038445,0.000157,2.933562,3.081509,3.137712,3.344702,2.840307,3.151727,3.099064,3.355062,3.798151,3.985509,0,0,0,0,0,0
2025/03/16 08:56:00.912,n,0.576313,61.1351,0.041317,0.000936,0.03897,0.000171,2.923249,3.102214,3.130291,3.352074,2.837384,3.154486,3.099064,3.332912,3.806419,3.983966,0,0,0,0,0,0
2025/03/16 08:57:00.912,n,0.594868,60.810788,0.041673,0.000163,0.040222,0.000435,2.926205,3.094825,3.127352,3.346164,2.846298,3.151727,3.099064,3.346164,3.795277,3.982504,0,0,0,0,0,0
2025/03/16 08:58:00.916,n,0.630318,60.764936,0.044164,0.00084,0.041938,0.000519,2.927634,3.094825,3.142162,3.349167,2.85216,3.132337,3.076979,3.34764,3.78977,3.998764,0,0,0,0,0,0
2025/03/16 08:59:00.916,n,0.670795,60.682952,0.046566,0.000799,0.040912,0.000344,2.939488,3.099275,3.143672,3.343239,2.855131,3.129577,3.082516,3.346164,3.78977,4.00323,0,0,0,0,0,0
2025/03/16 09:00:00.919,n,0.756878,60.732172,0.042112,0.001416,0.040249,0.000119,2.939488,3.100752,3.148089,3.356524,2.856626,3.121311,3.08526,3.34764,3.773122,4.001753,0,0,0,0,0,0
2025/03/16 09:01:00.904,n,0.785641,60.594428,0.040568,0.000334,0.04042,2.579206e-05,2.943953,3.124413,3.151093,3.380202,2.861075,3.099064,3.043625,3.366853,3.745381,4.01499,0,0,0,0,0,0
2025/03/16 09:02:00.905,n,0.775848,60.430208,0.038337,0.000729,0.040451,5.963186e-05,2.89334,3.079789,3.109391,3.336971,2.810527,3.127385,3.071977,3.319254,3.781958,3.964393,0,0,0,0,0,0
2025/03/16 09:03:00.927,n,0.802803,60.3055,0.040685,0.000865,0.040451,5.963186e-05,2.912646,3.063516,3.119655,3.334047,2.819393,3.132906,3.077466,3.331076,3.781958,3.968844,0,0,0,0,0,0
2025/03/16 09:04:00.909,n,0.824776,60.192268,0.043668,0.000995,0.040483,5.039812e-05,2.905257,3.075338,3.107865,3.328152,2.822316,3.12464,3.069185,3.322225,3.781958,3.961454,0,0,0,0,0,0
2025/03/16 09:05:00.913,n,0.919209,60.374448,0.042823,0.000678,0.040996,0.000165,2.902254,3.0768,3.119655,3.329615,2.823825,3.127385,3.074721,3.316329,3.781958,3.973279,0,0,0,0,0,0
2025/03/16 09:06:00.918,n,0.954659,60.115072,0.044256,0.00071,0.040681,0.000119,2.902254,3.070905,3.121181,3.328152,2.823825,3.113614,3.071977,3.317792,3.773675,3.97768,0,0,0,0,0,0
2025/03/16 09:07:00.917,n,1.048992,60.164336,0.052072,0.002474,0.040767,5.520838e-05,2.909643,3.069411,3.121181,3.322225,2.823825,3.113614,3.06644,3.326675,3.765294,3.97474,0,0,0,0,0,0
2025/03/16 09:08:00.919,n,1.161984,60.018196,0.055434,0.001688,0.040884,7.127371e-05,2.914107,3.075338,3.127075,3.33257,2.829736,3.110739,3.055317,3.331076,3.768088,3.982147,0,0,0,0,0,0
2025/03/16 09:09:00.919,n,1.288349,59.760236,0.057139,0.001103,0.041627,0.000266,2.917046,3.072367,3.131541,3.331076,2.832739,3.105235,3.04973,3.329615,3.757043,3.983608,0,0,0,0,0,0
2025/03/16 09:10:00.905,n,1.402901,59.883524,0.057697,0.000769,0.042257,0.000175,2.903716,3.088655,3.121181,3.341437,2.826781,3.096871,3.044209,3.319254,3.757043,3.971784,0,0,0,0,0,0
2025/03/16 09:11:00.906,n,1.512325,59.002032,0.05928,0.00052,0.042854,0.000233,2.903716,3.084189,3.118257,3.339942,2.832739,3.08859,3.041449,3.322225,3.754265,3.973279,0,0,0,0,0,0
2025/03/16 09:12:00.910,n,1.517403,58.322296,0.069205,0.003003,0.044198,0.000408,2.914107,3.094581,3.122643,3.345871,2.834201,3.083085,3.027646,3.331076,3.743156,3.979142,0,0,0,0,0,0
2025/03/16 09:13:00.911,n,1.567257,57.903816,0.077328,0.002677,0.044762,0.000227,2.887201,3.05431,3.103123,3.311556,2.813222,3.083085,3.033183,3.296777,3.743123,3.956597,0,0,0,0,0,0
2025/03/16 09:14:00.914,n,1.668232,57.25816,0.075521,0.000686,0.045353,0.000209,2.888728,3.05431,3.101661,3.313001,2.82061,3.077466,3.027646,3.301196,3.743123,3.955135,0,0,0,0,0,0
2025/03/16 09:15:00.914,n,1.710323,56.784576,0.074469,0.000474,0.046783,0.00046,2.900517,3.061714,3.107589,3.32039,2.82061,3.071977,3.019315,3.304166,3.729252,3.965433,0,0,0,0,0,0
2025/03/16 09:16:00.916,n,1.801777,56.678864,0.065548,0.002825,0.047429,0.000172,2.897561,3.05431,3.116455,3.32039,2.82061,3.063695,3.016555,3.307123,3.72646,3.969884,0,0,0,0,0,0
2025/03/16 09:17:00.921,n,1.908222,56.057476,0.058834,0.001795,0.047557,0.000125,2.903504,3.057313,3.117917,3.321852,2.82061,3.055317,3.013811,3.318928,3.723715,3.966927,0,0,0,0,0,0
2025/03/16 09:18:00.921,n,1.962277,55.5628,0.059684,0.000568,0.047637,0.000103,2.909366,3.055836,3.110528,3.32039,2.822072,3.052572,2.997166,3.318928,3.71535,3.972791,0,0,0,0,0,0
2025/03/16 09:19:00.905,n,2.088837,54.993072,0.076212,0.005128,0.049427,0.000558,2.901978,3.080989,3.111989,3.339602,2.827999,3.04705,2.988787,3.3086,3.704257,3.959553,0,0,0,0,0,0
2025/03/16 09:20:00.908,n,2.260964,53.905344,0.09203,0.004985,0.053657,0.001315,2.891651,3.061764,3.1002,3.317451,2.819148,3.076459,3.037601,3.293838,3.74202,3.946299,0,0,0,0,0,0
2025/03/16 09:21:00.908,n,2.362133,53.305248,0.082323,0.003545,0.059924,0.001965,2.891651,3.064735,3.092811,3.321884,2.814748,3.079237,3.02383,3.299733,3.733672,3.955167,0,0,0,0,0,0
2025/03/16 09:22:00.911,n,2.444801,52.606568,0.080964,0.00098,0.069468,0.002909,2.900517,3.064735,3.110577,3.318946,2.829558,3.059847,3.012707,3.304199,3.725404,3.962525,0,0,0,0,0,0
2025/03/16 09:23:00.913,n,2.513943,52.342996,0.090335,0.003033,0.087119,0.005452,2.900517,3.063241,3.116455,3.323346,2.835484,3.057102,3.009963,3.305661,3.725404,3.968389,0,0,0,0,0,0
2025/03/16 09:24:00.916,n,2.662232,51.816772,0.091597,0.001616,0.094389,0.002382,2.906443,3.05884,3.116455,3.324873,2.835484,3.062591,3.012707,3.31305,3.722643,3.968389,0,0,0,0,0,0
2025/03/16 09:25:00.919,n,2.795288,50.4783,0.103685,0.003722,0.095076,0.000555,2.913864,3.064735,3.120873,3.32635,2.835484,3.043202,3.001598,3.323346,3.711403,3.974286,0,0,0,0,0,0
2025/03/16 09:26:00.919,n,2.890537,49.467812,0.120839,0.005849,0.092447,0.001154,2.896328,3.04127,3.104877,3.308843,2.817898,3.107865,3.060724,3.304378,3.765083,3.959747,0,0,0,0,0,0
2025/03/16 09:27:00.921,n,2.996639,49.082852,0.107669,0.004852,0.09068,0.000796,2.899298,3.045735,3.104877,3.308843,2.813433,3.099502,3.049584,3.307366,3.753958,3.964166,0,0,0,0,0,0
2025/03/16 09:28:00.907,n,3.104305,48.18622,0.098939,0.002443,0.086182,0.001248,2.888939,3.066407,3.10335,3.317695,2.81936,3.091123,3.044079,3.294017,3.753958,3.959747,0,0,0,0,0,0
2025/03/16 09:29:00.909,n,3.164902,48.51708,0.098149,0.000664,0.084916,0.000471,2.89334,3.059019,3.1078,3.319172,2.825287,3.091123,3.038591,3.295544,3.75113,3.956808,0,0,0,0,0,0
2025/03/16 09:30:00.912,n,3.179989,49.116148,0.093016,0.001916,0.086255,0.000605,2.902221,3.064946,3.113728,3.32359,2.834169,3.080129,3.027434,3.302916,3.753958,3.962737,0,0,0,0,0,0
2025/03/16 09:31:00.912,n,3.262463,50.256336,0.094832,0.000777,0.081147,0.001471,2.920002,3.079674,3.132938,3.339877,2.853411,3.049584,2.996923,3.326561,3.709569,3.984859,0,0,0,0,0,0
2025/03/16 09:32:00.915,n,3.32782,49.134452,0.095018,0.001398,0.071503,0.002681,2.88423,3.035035,3.094175,3.298109,2.811696,3.065124,3.020745,3.284857,3.730504,3.947485,0,0,0,0,0,0
2025/03/16 09:33:00.919,n,3.403408,48.06746,0.092703,0.001599,0.069883,0.000514,2.887137,3.033573,3.098609,3.299619,2.811696,3.065124,3.015158,3.29072,3.733249,3.953413,0,0,0,0,0,0
2025/03/16 09:34:00.920,n,3.53788,43.648664,0.087915,0.001904,0.064646,0.002503,2.885643,3.037973,3.103074,3.305546,2.802863,3.062283,3.023521,3.29072,3.727744,3.951919,0,0,0,0,0,0
2025/03/16 09:35:00.922,n,3.655556,42.254864,0.076986,0.004362,0.061092,0.001397,2.88423,3.036512,3.101565,3.305546,2.804292,3.056697,3.012398,3.293659,3.722221,3.951919,0,0,0,0,0,0
2025/03/16 09:36:00.922,n,3.672302,41.912284,0.06524,0.004255,0.059304,0.000856,2.88423,3.036512,3.100103,3.309932,2.801337,3.053952,3.006877,3.295154,3.719475,3.948995,0,0,0,0,0,0
2025/03/16 09:37:00.913,n,3.684071,42.081132,0.045351,0.00661,0.050528,0.003959,2.870883,3.040962,3.092714,3.305546,2.802863,3.048415,3.004132,3.28627,3.719475,3.948995,0,0,0,0,0,0
2025/03/16 09:38:00.911,n,3.675671,40.770684,0.060955,0.008731,0.054472,0.005149,2.875347,3.048366,3.100103,3.314398,2.822072,3.048415,2.993107,3.292246,3.708349,3.959342,0,0,0,0,0,0
2025/03/16 09:39:00.916,n,3.628651,40.04788,0.0612,0.007927,0.055012,0.003136,2.881242,3.045395,3.097115,3.314398,2.813222,3.034645,2.990232,3.295154,3.700067,3.956352,0,0,0,0,0,0
2025/03/16 09:40:00.915,n,3.586609,40.774052,0.054086,0.003958,0.053512,0.001359,2.890107,3.048366,3.114864,3.31586,2.813222,3.026266,2.976365,3.295154,3.69448,3.960819,0,0,0,0,0,0
2025/03/16 09:41:00.920,n,3.572632,41.40374,0.052633,0.001494,0.06015,0.002351,2.862098,3.023278,3.091302,3.283396,2.786642,3.070776,3.020874,3.274562,3.738966,3.937219,0,0,0,0,0,0
2025/03/16 09:42:00.917,n,3.567555,40.834208,0.050102,0.000722,0.062755,0.002446,2.869486,3.023278,3.08984,3.299668,2.795507,3.065222,3.020874,3.278995,3.73622,3.950522,0,0,0,0,0,0
2025/03/16 09:43:00.920,n,3.576,41.677028,0.039888,0.003426,0.056402,0.003209,2.867992,3.018828,3.092778,3.292246,2.792503,3.059635,3.015337,3.281918,3.725095,3.944626,0,0,0,0,0,0
2025/03/16 09:44:00.925,n,3.591137,41.854372,0.047688,0.004984,0.064905,0.010572,2.87538,3.036626,3.101629,3.309997,2.799908,3.04861,2.998725,3.293724,3.716747,3.946087,0,0,0,0,0,0
2025/03/16 09:45:00.926,n,3.559204,41.132596,0.051438,0.00152,0.05943,0.001723,2.885757,3.033638,3.103091,3.302608,2.792503,3.043072,3.001469,3.290785,3.70848,3.944626,0,0,0,0,0,0
2025/03/16 09:46:00.912,n,3.555786,41.04832,0.049994,0.001118,0.057469,0.000776,2.87538,3.042489,3.107524,3.311473,2.819181,3.029236,2.984824,3.290785,3.702941,3.965205,0,0,0,0,0,0
2025/03/16 09:47:00.914,n,3.529678,41.419568,0.045231,0.001511,0.057622,0.001095,2.853102,3.021719,3.083799,3.289193,2.785051,3.062104,3.009539,3.265549,3.727483,3.940013,0,0,0,0,0,0
2025/03/16 09:48:00.913,n,3.610344,41.209024,0.0452,0.000431,0.065089,0.002074,2.859029,3.01873,3.091188,3.283267,2.793948,3.045573,2.998417,3.26852,3.724722,3.93847,0,0,0,0,0,0
2025/03/16 09:49:00.915,n,3.623772,41.064148,0.052124,0.002307,0.069212,0.001865,2.873854,3.02469,3.098576,3.301016,2.796904,3.039955,2.990053,3.280342,3.710819,3.94737,0,0,0,0,0,0
2025/03/16 09:50:00.920,n,3.746426,40.824796,0.054002,0.001069,0.067973,0.001922,2.872359,3.027581,3.098576,3.299554,2.802799,3.034336,2.984549,3.284793,3.708074,3.957701,0,0,0,0,0,0
2025/03/16 09:51:00.921,n,3.769863,40.678068,0.072846,0.00642,0.080987,0.007716,2.896019,3.032047,3.097083,3.287699,2.78656,3.02331,2.984549,3.286205,3.691426,3.954697,0,0,0,0,0,0
2025/03/16 09:52:00.920,n,3.759808,40.757312,0.063689,0.002022,0.091958,0.004945,2.884181,3.033508,3.114864,3.320228,2.81319,3.012284,2.967986,3.303988,3.685839,3.96212,0,0,0,0,0,0
2025/03/16 09:53:00.924,n,3.774296,40.90342,0.062137,0.001967,0.099252,0.004645,2.86817,3.026395,3.094355,3.301325,2.791188,3.091188,3.035781,3.286546,3.75113,3.937381,0,0,0,0,0,0
2025/03/16 09:54:00.927,n,3.797833,39.3793,0.071092,0.003947,0.10893,0.005721,2.877021,3.030861,3.095897,3.316086,2.795719,3.07732,3.030276,3.28947,3.740005,3.946185,0,0,0,0,0,0
2025/03/16 09:55:00.910,n,3.861649,38.60332,0.084013,0.003565,0.100338,0.004863,2.879992,3.041156,3.106241,3.31162,2.816389,3.063533,3.008095,3.279109,3.737228,3.946185,0,0,0,0,0,0
2025/03/16 09:56:00.913,n,3.891827,38.61968,0.10184,0.006108,0.096178,0.002478,2.88298,3.041156,3.107735,3.307188,2.82079,3.058012,3.00535,3.293935,3.723357,3.958026,0,0,0,0,0,0
2025/03/16 09:57:00.916,n,3.933876,37.411588,0.10809,0.003662,0.080049,0.009211,2.869518,3.017383,3.092746,3.296648,2.80736,3.059911,3.009898,3.275974,3.730812,3.938535,0,0,0,0,0,0
2025/03/16 09:58:00.915,n,3.970791,36.78522,0.089582,0.007529,0.075725,0.003007,2.865021,3.017383,3.098641,3.293724,2.804389,3.048788,3.009898,3.271573,3.714067,3.938535,0,0,0,0,0,0
2025/03/16 09:59:00.917,n,3.969128,37.211392,0.095354,0.003305,0.067519,0.003375,2.872409,3.012918,3.100168,3.301081,2.792536,3.034888,2.99335,3.275974,3.716812,3.948898,0,0,0,0,0,0
2025/03/16 10:00:00.919,n,3.985928,37.516716,0.109285,0.005908,0.065173,0.001767,2.885757,3.027678,3.109001,3.306943,2.819148,3.021118,2.976819,3.293724,3.691913,3.951837,0,0,0,0,0,0
2025/03/16 10:01:00.923,n,4.068104,37.260612,0.109095,0.001973,0.058708,0.001425,2.91237,3.05431,3.128179,3.338011,2.841378,2.99059,2.940771,3.312936,3.653015,3.978346,0,0,0,0,0,0
2025/03/16 10:02:00.924,n,4.017063,38.317092,0.100665,0.003052,0.064072,0.002218,2.877183,3.030943,3.097473,3.301357,2.803236,3.086235,3.03091,3.282195,3.748825,3.943309,0,0,0,0,0,0
2025/03/16 10:03:00.931,n,4.077465,38.009088,0.098621,0.000606,0.07383,0.00524,2.890497,3.029546,3.101905,3.316167,2.807653,3.080714,3.03091,3.286627,3.743302,3.943309,0,0,0,0,0,0
2025/03/16 10:04:00.913,n,4.104271,38.318752,0.107038,0.003346,0.083078,0.002489,2.886032,3.04127,3.119655,3.31024,2.831328,3.06959,3.01977,3.283639,3.740557,3.960966,0,0,0,0,0,0
2025/03/16 10:05:00.914,n,4.169651,37.517876,0.127879,0.00594,0.080205,0.001513,2.889036,3.045735,3.118192,3.31914,2.835792,3.061308,3.014184,3.289631,3.732177,3.966894,0,0,0,0,0,0
2025/03/16 10:06:00.915,n,4.298702,36.153764,0.144495,0.006372,0.071783,0.002117,2.893454,3.050186,3.127043,3.329453,2.841719,3.047441,3.000398,3.298418,3.715561,3.968357,0,0,0,0,0,0
2025/03/16 10:07:00.917,n,4.364086,37.209184,0.163295,0.006411,0.06395,0.001986,2.911169,3.059084,3.128521,3.336857,2.859435,3.03367,2.989372,3.305823,3.698914,3.981643,0,0,0,0,0,0
2025/03/16 10:08:00.921,n,4.339997,36.648384,0.228854,0.020664,0.05912,0.001345,2.897643,3.039532,3.104569,3.314333,2.839916,3.033702,2.994908,3.281869,3.710023,3.951707,0,0,0,0,0,0
2025/03/16 10:09:00.922,n,4.418515,37.3851,0.229324,0.004194,0.056235,0.001354,2.899104,3.036594,3.119313,3.321705,2.85617,3.022579,2.978281,3.289193,3.690534,3.954647,0,0,0,0,0,0
2025/03/16 10:10:00.925,n,4.531208,36.059812,0.182283,0.013231,0.052469,0.001529,2.894655,3.039532,3.110495,3.321705,2.829558,3.022579,2.97,3.280342,3.687788,3.954647,0,0,0,0,0,0
2025/03/16 10:11:00.926,n,4.601864,34.997896,0.159016,0.006605,0.048897,0.001065,2.896116,3.045459,3.122318,3.320228,2.829558,3.014298,2.956018,3.28627,3.679505,3.956109,0,0,0,0,0,0
2025/03/16 10:12:00.927,n,4.670403,34.234876,0.119528,0.012468,0.057609,0.002232,2.869632,3.02344,3.08846,3.304134,2.795685,3.053676,3.006601,3.28346,3.718988,3.944463,0,0,0,0,0,0
2025/03/16 10:13:00.916,n,4.732559,33.817056,0.094054,0.007747,0.057413,0.002975,2.884457,3.029335,3.110609,3.310029,2.81936,3.037113,2.987293,3.276055,3.71064,3.948865,0,0,0,0,0,0
2025/03/16 10:14:00.916,n,4.806534,33.214222,0.120258,0.007771,0.05505,0.002196,2.885886,3.03229,3.115043,3.310029,2.826748,3.034368,2.976171,3.286417,3.69958,3.966554,0,0,0,0,0,0
2025/03/16 10:15:00.916,n,4.896931,31.903772,0.102812,0.009015,0.050545,0.001776,2.860555,3.005447,3.094094,3.289129,2.801434,3.044323,2.994503,3.261066,3.712296,3.944073,0,0,0,0,0,0
2025/03/16 10:16:00.922,n,4.923786,30.626112,0.068447,0.019438,0.052319,0.002001,2.842823,3.001047,3.089629,3.287602,2.788119,3.030455,2.98338,3.26839,3.709504,3.929373,0,0,0,0,0,0
2025/03/16 10:17:00.921,n,4.97247,32.231904,0.047273,0.006059,0.056017,0.001821,2.863495,3.012836,3.097083,3.305352,2.79403,3.016652,2.972273,3.27578,3.692888,3.944073,0,0,0,0,0,0
2025/03/16 10:18:00.925,n,5.030575,31.126166,0.052463,0.001815,0.057576,0.000777,2.848767,2.995185,3.071977,3.286205,2.771898,3.05707,2.998871,3.256601,3.730569,3.922016,0,0,0,0,0,0
2025/03/16 10:19:00.929,n,5.079254,30.806448,0.056885,0.001562,0.053071,0.001929,2.851738,3.008435,3.083799,3.293562,2.779286,3.048788,2.990622,3.256601,3.71116,3.914609,0,0,0,0,0,0
2025/03/16 10:20:00.926,n,5.154793,31.814244,0.054663,0.002615,0.048837,0.001586,2.851738,3.006941,3.089743,3.299457,2.780748,3.037665,2.982341,3.265484,3.708415,3.926402,0,0,0,0,0,0
2025/03/16 10:21:00.929,n,5.136593,30.445966,0.052161,0.002139,0.049189,0.000996,2.851852,3.012983,3.080989,3.302543,2.777906,3.063241,3.013323,3.255317,3.733898,3.914739,0,0,0,0,0,0
2025/03/16 10:22:00.917,n,5.146649,29.089014,0.049501,0.003768,0.057247,0.003174,2.850391,2.99671,3.080989,3.27893,2.792698,3.057639,3.002298,3.259718,3.725647,3.936894,0,0,0,0,0,0
2025/03/16 10:23:00.916,n,5.170136,30.162,0.050329,0.002275,0.0607,0.003795,2.857779,2.9997,3.098723,3.293691,2.789727,3.049373,2.996792,3.271541,3.72011,3.939786,0,0,0,0,0,0
2025/03/16 10:24:00.921,n,5.205391,29.81639,0.054494,0.003494,0.061709,0.001934,2.863641,3.011553,3.104601,3.306943,2.800086,3.035586,2.98843,3.277469,3.706238,3.945715,0,0,0,0,0,0
2025/03/16 10:25:00.923,n,5.171932,28.491248,0.051787,0.003754,0.061445,0.003884,2.835484,2.984792,3.079366,3.27578,2.768959,3.062689,3.004489,3.250705,3.727808,3.920424,0,0,0,0,0,0
2025/03/16 10:26:00.923,n,5.230671,28.828302,0.039471,0.004525,0.0679,0.005017,2.836946,2.992181,3.079366,3.287634,2.767497,3.051533,2.993464,3.2522,3.713905,3.913083,0,0,0,0,0,0
2025/03/16 10:27:00.926,n,5.30616,29.551466,0.041145,0.001414,0.061947,0.003755,2.845844,3.001047,3.083831,3.295007,2.77336,3.037697,2.987846,3.25954,3.708317,3.92338,0,0,0,0,0,0
2025/03/16 10:28:00.930,n,5.329647,29.913038,0.054992,0.004008,0.064811,0.002099,2.848799,3.001047,3.080827,3.302397,2.777824,3.03492,2.976754,3.255139,3.691767,3.921919,0,0,0,0,0,0
2025/03/16 10:29:00.930,n,5.331356,29.487104,0.067759,0.00485,0.09623,0.00827,2.857697,3.012869,3.089693,3.308259,2.786674,3.021135,2.97401,3.256601,3.689006,3.927782,0,0,0,0,0,0
2025/03/16 10:30:00.935,n,5.374287,27.293554,0.065571,0.00221,0.092808,0.005145,2.847273,3.023196,3.083767,3.302364,2.78518,3.033427,2.983542,3.244778,3.698458,3.924793,0,0,0,0,0,0
2025/03/16 10:31:00.914,n,5.438057,27.500762,0.077265,0.003953,0.083812,0.012643,2.863559,3.011342,3.105933,3.299375,2.805884,3.000154,2.950335,3.269852,3.670686,3.943944,0,0,0,0,0,0
2025/03/16 10:32:00.918,n,5.420403,27.119034,0.075715,0.003479,0.09294,0.006136,2.845682,2.990558,3.083573,3.271135,2.761409,3.038347,2.985767,3.220955,3.700652,3.906878,0,0,0,0,0,0
2025/03/16 10:33:00.918,n,5.458977,26.844794,0.062346,0.009757,0.109003,0.012668,2.823484,2.975748,3.07326,3.274107,2.768812,3.035586,2.980149,3.235701,3.706157,3.909786,0,0,0,0,0,0
2025/03/16 10:34:00.922,n,5.474114,28.120762,0.05433,0.003245,0.131983,0.007157,2.833843,2.977192,3.071783,3.277013,2.771736,3.03281,2.980149,3.24304,3.706157,3.911247,0,0,0,0,0,0
2025/03/16 10:35:00.924,n,5.472355,29.51066,0.045133,0.002773,0.149383,0.006132,2.832335,2.980149,3.070288,3.275601,2.770274,3.027305,2.974644,3.241628,3.695114,3.909786,0,0,0,0,0,0
2025/03/16 10:36:00.924,n,5.529385,31.53031,0.040789,0.001747,0.246764,0.032202,2.836799,2.984581,3.079154,3.280002,2.759947,3.021784,2.969122,3.237177,3.695114,3.912774,0,0,0,0,0,0
2025/03/16 10:37:00.932,n,5.5663,30.946894,0.039932,0.000587,0.361682,0.052091,2.827934,2.977192,3.076215,3.28299,2.765809,3.021784,2.963618,3.235701,3.686749,3.899455,0,0,0,0,0,0
2025/03/16 10:38:00.930,n,5.676945,29.94376,0.038955,0.000333,0.368283,0.01621,2.833843,2.993431,3.079154,3.294763,2.770274,3.019039,2.960873,3.240166,3.684003,3.911247,0,0,0,0,0,0
2025/03/16 10:39:00.931,n,5.743984,27.343586,0.046989,0.004695,0.317884,0.065771,2.819084,2.984581,3.068794,3.288853,2.759947,3.01066,2.955352,3.240166,3.678401,3.902427,0,0,0,0,0,0
2025/03/16 10:40:00.915,n,5.748966,25.901672,0.052453,0.004596,0.249813,0.013856,2.838261,2.977192,3.096903,3.275601,2.774675,3.01066,2.952592,3.254927,3.672911,3.924517,0,0,0,0,0,0
2025/03/16 10:41:00.919,n,5.713761,25.501944,0.050288,0.005533,0.266962,0.012376,2.844187,2.984581,3.095394,3.281464,2.777663,2.999635,2.949718,3.244566,3.661851,3.917127,0,0,0,0,0,0
2025/03/16 10:42:00.921,n,5.688664,25.435474,0.043991,0.00163,0.27973,0.014482,2.844187,2.990558,3.093932,3.291792,2.783589,2.991385,2.941484,3.244566,3.664595,3.915714,0,0,0,0,0,0
2025/03/16 10:43:00.921,n,5.666867,26.62287,0.03992,0.001019,0.254826,0.021663,2.819181,2.961084,3.067479,3.256503,2.752656,3.066781,3.008615,3.222546,3.734499,3.899617,0,0,0,0,0,0
2025/03/16 10:44:00.923,n,5.70876,26.805288,0.052332,0.003503,0.294243,0.01539,2.816242,2.967012,3.048268,3.250608,2.734909,3.061194,3.005837,3.231396,3.723471,3.896645,0,0,0,0,0,0
2025/03/16 10:45:00.925,n,5.673554,27.363194,0.04989,0.002214,0.315014,0.028529,2.823599,2.964023,3.068941,3.27573,2.764444,3.05556,3.000251,3.231396,3.715107,3.904019,0,0,0,0,0,0
2025/03/16 10:46:00.928,n,5.678585,28.084634,0.05554,0.003335,0.413016,0.027724,2.828064,2.983298,3.068941,3.283119,2.760044,3.044534,2.989129,3.232859,3.712346,3.895183,0,0,0,0,0,0
2025/03/16 10:47:00.929,n,5.745575,26.346888,0.098549,0.0113,0.42555,0.00757,2.825108,2.969983,3.066018,3.312595,2.792568,3.039045,2.983606,3.241725,3.695697,3.92023,0,0,0,0,0,0
2025/03/16 10:48:00.930,n,5.852803,26.565002,0.112699,0.009146,0.407128,0.038778,2.836978,2.999521,3.070418,3.293448,2.777792,3.033508,2.972598,3.232859,3.687415,3.895183,0,0,0,0,0,0
2025/03/16 10:49:00.917,n,5.886299,25.82768,0.10816,0.008564,0.351093,0.031873,2.838423,2.983298,3.08664,3.27573,2.78518,3.025145,2.972598,3.243251,3.690175,3.918768,0,0,0,0,0,0
2025/03/16 10:50:00.920,n,5.872921,26.357726,0.079629,0.006223,0.343146,0.012172,2.8576,2.996581,3.092617,3.27573,2.773327,3.019641,2.964235,3.243251,3.684573,3.933467,0,0,0,0,0,0
2025/03/16 10:51:00.920,n,5.917649,23.521498,0.073679,0.018506,0.323947,0.030567,2.835614,2.975992,3.082387,3.275877,2.774983,3.064799,3.012219,3.238916,3.729773,3.91305,0,0,0,0,0,0
2025/03/16 10:52:00.923,n,6.049877,21.413806,0.08009,0.00661,0.221081,0.035125,2.829654,2.986319,3.079463,3.290639,2.782371,3.059263,3.009345,3.237453,3.72149,3.911588,0,0,0,0,0,0
2025/03/16 10:53:00.925,n,6.061596,21.713214,0.080263,0.004821,0.204696,0.045639,2.835614,2.987846,3.077921,3.299522,2.785327,3.056518,2.987293,3.253662,3.715984,3.924826,0,0,0,0,0,0
2025/03/16 10:54:00.927,n,6.085034,19.766846,0.100145,0.009298,0.182913,0.03376,2.831149,2.984857,3.082387,3.300983,2.780877,3.048236,2.99283,3.238916,3.710461,3.908599,0,0,0,0,0,0
2025/03/16 10:55:00.928,n,6.073315,19.755842,0.099739,0.004037,0.183028,0.012341,2.848929,2.996728,3.088314,3.295088,2.783865,3.037032,2.981804,3.241904,3.702082,3.932216,0,0,0,0,0,0
2025/03/16 10:56:00.932,n,6.12019,22.36742,0.072769,0.0125,0.272579,0.028423,2.831149,2.992278,3.088314,3.303923,2.776445,3.045395,2.984549,3.238916,3.707701,3.908599,0,0,0,0,0,0
2025/03/16 10:57:00.932,n,6.208859,19.767104,0.051948,0.008165,0.244709,0.013451,2.831149,2.99374,3.086787,3.296534,2.776445,3.04265,2.981983,3.240442,3.707701,3.91599,0,0,0,0,0,0
2025/03/16 10:58:00.917,n,6.279125,19.006628,0.060036,0.003332,0.202799,0.021477,2.834104,2.973068,3.088314,3.283201,2.777906,3.039776,2.981983,3.243381,3.696493,3.917452,0,0,0,0,0,0
2025/03/16 10:59:00.921,n,6.361058,19.268548,0.043443,0.013339,0.084784,0.019772,2.826716,2.975992,3.089775,3.293562,2.773506,3.037032,2.973605,3.243381,3.696493,3.917452,0,0,0,0,0,0
2025/03/16 11:00:00.924,n,6.274094,18.662054,0.038534,0.006067,0.066536,0.01499,2.840013,2.989308,3.098673,3.295088,2.773506,3.02875,2.968084,3.244842,3.693717,3.921854,0,0,0,0,0,0
2025/03/16 11:01:00.916,n,6.330933,19.486652,0.038617,0.000512,0.109288,0.008842,2.838504,2.975959,3.095637,3.286141,2.782306,3.026947,2.960566,3.240345,3.677978,3.926158,0,0,0,0,0,0
2025/03/16 11:02:00.917,n,6.337624,17.27657,0.050044,0.014631,0.125053,0.018751,2.828161,2.970032,3.088249,3.284614,2.767562,3.015921,2.963325,3.237421,3.691978,3.926158,0,0,0,0,0,0
2025/03/16 11:03:00.921,n,6.421215,19.48202,0.069023,0.009706,0.179146,0.015814,2.835581,2.981886,3.080827,3.280181,2.779383,3.02141,2.955044,3.238883,3.683598,3.915861,0,0,0,0,0,0
2025/03/16 11:04:00.921,n,6.409546,20.872516,0.118069,0.017113,0.190406,0.061651,2.841443,2.992246,3.104504,3.299392,2.798592,3.010384,2.955044,3.231526,3.672488,3.92174,0,0,0,0,0,0
2025/03/16 11:05:00.925,n,6.508179,22.49416,0.118248,0.00755,0.15411,0.018275,2.856252,3.002573,3.103042,3.303826,2.800119,3.013177,2.94954,3.265467,3.672488,3.924696,0,0,0,0,0,0
2025/03/16 11:06:00.929,n,6.501492,19.680604,0.112558,0.003568,0.153051,0.003619,2.845876,3.004003,3.097115,3.308292,2.797115,3.010384,2.946795,3.250705,3.664205,3.911409,0,0,0,0,0,0
2025/03/16 11:07:00.913,n,6.521557,20.289662,0.105647,0.005518,0.101878,0.020031,2.839981,2.986319,3.116326,3.296469,2.80158,3.010384,2.94954,3.262496,3.664205,3.942384,0,0,0,0,0,0
2025/03/16 11:08:00.915,n,6.495175,22.942694,0.062258,0.01436,0.159246,0.022289,2.808757,2.946211,3.076215,3.26079,2.764412,3.039776,2.976089,3.203205,3.696379,3.886022,0,0,0,0,0,0
2025/03/16 11:09:00.916,n,6.439999,19.596704,0.063,0.003578,0.201843,0.020392,2.811696,2.949149,3.074689,3.266653,2.755547,3.034433,2.973344,3.212088,3.696379,3.891918,0,0,0,0,0,0
2025/03/16 11:10:00.921,n,6.531941,17.511144,0.078776,0.007406,0.171376,0.015231,2.817622,2.949149,3.07766,3.256324,2.768845,3.020566,2.962286,3.223829,3.688097,3.888978,0,0,0,0,0,0
2025/03/16 11:11:00.921,n,6.602108,17.75418,0.129647,0.015889,0.09318,0.016496,2.826472,2.968295,3.079122,3.27401,2.78216,3.014947,2.953843,3.225323,3.671352,3.906602,0,0,0,0,0,0
2025/03/16 11:12:00.923,n,6.73404,19.30763,0.137203,0.007697,0.176285,0.034465,2.817622,2.968295,3.079122,3.275504,2.789548,3.003921,2.948322,3.235701,3.663069,3.908144,0,0,0,0,0,0
2025/03/16 11:13:00.926,n,6.752449,18.057734,0.127711,0.011233,0.217117,0.014049,2.825043,2.972759,3.073228,3.293221,2.78216,3.006698,2.945577,3.21795,3.657579,3.896319,0,0,0,0,0,0
2025/03/16 11:14:00.927,n,6.815926,19.171478,0.126024,0.007251,0.24795,0.022189,2.827967,2.974286,3.07766,3.282908,2.774757,3.009442,2.945577,3.22089,3.663069,3.900771,0,0,0,0,0,0
2025/03/16 11:15:00.929,n,6.825886,14.633698,0.092311,0.016845,0.188443,0.031707,2.829444,2.990508,3.098333,3.299132,2.796904,3.003921,2.934454,3.225323,3.660323,3.906602,0,0,0,0,0,0
2025/03/16 11:16:00.915,n,6.797516,13.269692,0.06937,0.011556,0.157446,0.033082,2.817622,2.956571,3.079122,3.269609,2.776233,2.99832,2.937295,3.22089,3.657579,3.891918,0,0,0,0,0,0
2025/03/16 11:17:00.917,n,6.682526,13.89245,0.073814,0.00475,0.14551,0.037979,2.859614,3.011829,3.125582,3.311652,2.79895,3.065287,3.029172,3.255593,3.73307,3.945876,0,0,0,0,0,0
2025/03/16 11:18:00.918,n,6.659088,14.6888,0.066066,0.003539,0.110785,0.022708,2.852225,2.976365,3.118257,3.316103,2.804909,3.059782,3.023651,3.251128,3.724608,3.932573,0,0,0,0,0,0
2025/03/16 11:19:00.924,n,6.694195,12.445312,0.071967,0.011037,0.143648,0.023167,2.862585,2.98968,3.135975,3.336792,2.803414,3.04036,3.020891,3.280668,3.710819,3.925216,0,0,0,0,0,0
2025/03/16 11:20:00.922,n,6.603962,21.785236,0.129676,0.016092,0.139394,0.024089,2.834477,2.958616,3.0414,3.138866,2.642197,3.090294,3.012528,3.292458,3.694171,4.034238,0,0,0,0,0,0
2025/03/16 11:21:00.924,n,6.553864,12.286602,0.063876,0.007841,0.186951,0.021106,2.850731,3.010352,3.12412,3.332327,2.809342,3.087518,2.995883,3.268845,3.699791,3.945876,0,0,0,0,0,0
2025/03/16 11:22:00.932,n,6.603962,14.352082,0.056814,0.009973,0.148414,0.014653,2.85518,3.00444,3.110821,3.321998,2.809342,3.07365,2.979256,3.267384,3.685839,3.941409,0,0,0,0,0,0
2025/03/16 11:23:00.927,n,6.570565,13.306178,0.039845,0.007763,0.177107,0.012137,2.85812,3.019251,3.115254,3.327926,2.803414,3.051419,2.982015,3.259994,3.713612,3.941409,0,0,0,0,0,0
2025/03/16 11:24:00.929,n,6.67413,14.23094,0.039582,0.006632,0.222454,0.014883,2.841866,3.00444,3.11972,3.332327,2.801953,3.045914,2.973734,3.262917,3.724608,3.942872,0,0,0,0,0,0
2025/03/16 11:25:00.915,n,6.752423,15.900262,0.056281,0.009748,0.170363,0.017353,2.783686,2.912209,3.049584,3.238607,2.743759,3.052475,2.969122,3.212038,3.689559,3.891853,0,0,0,0,0,0
2025/03/16 11:26:00.919,n,6.774151,13.650494,0.064417,0.005784,0.161313,0.022739,2.771865,2.916641,3.058467,3.248968,2.748224,3.046986,2.977486,3.217933,3.700766,3.887419,0,0,0,0,0,0
2025/03/16 11:27:00.920,n,6.699051,13.164422,0.047856,0.004471,0.2303,0.04364,2.78958,2.93736,3.065856,3.251891,2.742265,3.041367,2.98036,3.200234,3.695178,3.874197,0,0,0,0,0,0
2025/03/16 11:28:00.920,n,6.724102,15.38493,0.038004,0.002281,0.108188,0.035377,2.794013,2.932927,3.062933,3.266685,2.742265,3.038526,2.969122,3.204699,3.684035,3.881555,0,0,0,0,0,0
2025/03/16 11:29:00.922,n,6.7491,14.21195,0.033295,0.001492,0.089868,0.008791,2.783686,2.935916,3.067332,3.26222,2.74673,3.041367,2.971867,3.198771,3.692304,3.872688,0,0,0,0,0,0
2025/03/16 11:30:00.927,n,6.727371,11.92202,0.037227,0.002767,0.127048,0.025126,2.785148,2.949181,3.065856,3.271118,2.752624,3.030276,2.960873,3.204699,3.673025,3.884495,0,0,0,0,0,0
2025/03/16 11:31:00.926,n,6.79588,14.948326,0.087217,0.013542,0.223705,0.02045,2.811745,2.968424,3.083605,3.297655,2.782209,2.996891,2.92752,3.229773,3.63973,3.899244,0,0,0,0,0,0
2025/03/16 11:32:00.927,n,6.818123,14.939598,0.130074,0.018298,0.217794,0.030735,2.822202,2.971444,3.08669,3.288917,2.791188,3.029611,2.962984,3.234336,3.675233,3.896466,0,0,0,0,0,0
2025/03/16 11:33:00.928,n,6.771393,13.850052,0.141731,0.014797,0.226896,0.027484,2.835517,2.990687,3.095523,3.303744,2.773457,3.035099,2.965729,3.178278,3.680756,3.89057,0,0,0,0,0,0
2025/03/16 11:34:00.915,n,6.763043,13.10043,0.148735,0.01101,0.298025,0.023251,2.836978,2.9744,3.110333,3.293383,2.811875,3.040636,2.965729,3.229935,3.680756,3.897928,0,0,0,0,0,0
2025/03/16 11:35:00.918,n,6.771393,15.145444,0.141396,0.007175,0.210692,0.05391,2.82519,2.955191,3.117705,3.308129,2.808887,3.046223,2.971233,3.200363,3.677978,3.896466,0,0,0,0,0,0
2025/03/16 11:36:00.919,n,6.829842,12.676584,0.099528,0.011609,0.128174,0.027774,2.808887,2.958193,3.104406,3.286044,2.786739,3.046223,2.97401,3.207785,3.683517,3.897928,0,0,0,0,0,0
2025/03/16 11:37:00.920,n,6.83321,11.951266,0.059735,0.011004,0.196869,0.023432,2.795588,2.943434,3.085195,3.266832,2.763097,3.057363,2.976754,3.218112,3.700164,3.895004,0,0,0,0,0,0
2025/03/16 11:38:00.926,n,6.980915,14.050522,0.053071,0.005604,0.220354,0.042764,2.798592,2.949295,3.082272,3.27859,2.76753,3.049,2.971233,3.204828,3.683517,3.883229,0,0,0,0,0,0
2025/03/16 11:39:00.925,n,7.016121,13.791122,0.037693,0.004944,0.355926,0.05129,2.797115,2.949295,3.083734,3.284517,2.770518,3.054586,2.976754,3.213712,3.686262,3.887598,0,0,0,0,0,0
2025/03/16 11:40:00.930,n,6.953377,10.83317,0.042553,0.001634,0.218479,0.02952,2.810381,2.964056,3.085195,3.291922,2.768991,3.049,2.971233,3.200363,3.683517,3.881703,0,0,0,0,0,0
2025/03/16 11:41:00.930,n,7.026081,11.936832,0.048883,0.008352,0.262561,0.028973,2.807442,2.964056,3.088167,3.286044,2.774918,3.049,2.968474,3.204828,3.683517,3.881703,0,0,0,0,0,0
2025/03/16 11:42:00.932,n,7.066365,11.206784,0.060138,0.006661,0.245936,0.027598,2.794127,2.953761,3.06605,3.249114,2.726108,3.046223,2.968474,3.221037,3.672488,3.921513,0,0,0,0,0,0
2025/03/16 11:43:00.916,n,7.044586,12.700778,0.075082,0.006957,0.240119,0.008273,2.82519,2.969983,3.123633,3.312595,2.808887,3.043478,2.962984,3.229935,3.669646,3.90233,0,0,0,0,0,0
2025/03/16 11:44:00.921,n,7.049568,11.641952,0.053389,0.01204,0.295714,0.019322,2.834022,2.981804,3.116229,3.296306,2.811875,3.043478,2.97401,3.203351,3.669646,3.886169,0,0,0,0,0,0
2025/03/16 11:45:00.922,n,7.088143,13.930246,0.073899,0.006414,0.321649,0.027438,2.819263,2.97591,3.128018,3.312595,2.808887,3.046223,2.968474,3.238786,3.672488,3.917062,0,0,0,0,0,0
2025/03/16 11:46:00.923,n,7.145123,15.052078,0.115012,0.023375,0.371755,0.068466,2.848864,2.989226,3.13099,3.328818,2.847338,3.02685,2.954606,3.243154,3.655825,3.889075,0,0,0,0,0,0
2025/03/16 11:47:00.923,n,7.064656,11.14661,0.141456,0.027406,0.256728,0.036875,2.829622,2.969983,3.107345,3.308129,2.813336,3.024073,2.954606,3.225469,3.65308,3.914155,0,0,0,0,0,0
2025/03/16 11:48:00.928,n,7.02945,11.92872,0.104128,0.011291,0.141639,0.030245,2.82519,2.983298,3.117705,3.303744,2.798592,3.024073,2.951829,3.209246,3.650238,3.887598,0,0,0,0,0,0
2025/03/16 11:49:00.932,n,7.052937,14.22512,0.084475,0.015829,0.117716,0.007328,2.810381,2.972938,3.104406,3.303744,2.81483,3.029611,2.954606,3.212185,3.650238,3.903857,0,0,0,0,0,0
2025/03/16 11:50:00.933,n,7.114899,13.971256,0.05818,0.012645,0.14914,0.016574,2.801548,2.964056,3.096986,3.290394,2.797115,3.037844,2.960208,3.204828,3.655825,3.899406,0,0,0,0,0,0
2025/03/16 11:51:00.934,n,7.183651,10.994266,0.057929,0.003962,0.096765,0.018308,2.811875,2.978866,3.107345,3.297816,2.811875,3.032355,2.962984,3.209246,3.65308,3.884707,0,0,0,0,0,0
2025/03/16 11:52:00.921,n,7.255623,9.758316,0.049464,0.015118,0.111805,0.017381,2.822202,2.94634,3.116229,3.294845,2.805981,3.032355,2.960208,3.212185,3.650238,3.899406,0,0,0,0,0,0
2025/03/16 11:53:00.923,n,7.307625,9.631406,0.0547,0.022414,0.085965,0.007093,2.819263,2.962579,3.117705,3.299278,2.826651,3.037844,2.962984,3.22404,3.647493,3.903857,0,0,0,0,0,0
2025/03/16 11:54:00.923,n,7.341072,10.962174,0.102835,0.012202,0.075977,0.002525,2.774918,2.909431,3.071912,3.26537,2.804486,3.024073,2.960208,3.195962,3.647493,3.88024,0,0,0,0,0,0
2025/03/16 11:55:00.923,n,7.304257,9.310092,0.089706,0.01673,0.058767,0.010501,2.819263,2.97591,3.119167,3.315502,2.829622,3.01571,2.946243,3.231396,3.63359,3.914155,0,0,0,0,0,0
2025/03/16 11:56:00.928,n,7.36451,12.486166,0.081652,0.023163,0.053382,0.006943,2.789694,2.968506,3.099989,3.290394,2.808887,3.02685,2.954606,3.204828,3.63921,3.897928,0,0,0,0,0,0
2025/03/16 11:57:00.928,n,7.379547,8.6488,0.068194,0.019084,0.060962,0.012723,2.804486,2.956685,3.092585,3.293383,2.823728,3.02685,2.954606,3.234336,3.636368,3.917062,0,0,0,0,0,0
2025/03/16 11:58:00.932,n,7.193154,5.733022,0.073348,0.010341,0.073199,0.009263,2.745318,2.909366,3.049666,3.243073,2.77638,3.123439,3.053952,3.148642,3.727483,3.82409,0,0,0,0,0,0
2025/03/16 11:59:00.932,n,7.226696,7.873495,0.064143,0.010779,0.07263,0.004703,2.74678,2.910844,3.060025,3.249,2.794127,3.117852,3.053952,3.157508,3.721944,3.837312,0,0,0,0,0,0
2025/03/16 12:00:00.933,n,7.224987,7.878231,0.067209,0.013828,0.068239,0.006113,2.74678,2.921188,3.068891,3.247523,2.802992,3.115075,3.053952,3.154504,3.724722,3.846212,0,0,0,0,0,0
2025/03/16 12:01:00.908,n,7.310391,9.356144,0.084857,0.004477,0.087557,0.006347,2.779318,2.913832,3.092503,3.256389,2.842873,3.081802,3.02344,3.181054,3.691426,3.871225,0,0,0,0,0,0
2025/03/16 12:02:00.911,n,7.3121,16.267094,0.103063,0.009384,0.089243,0.005909,2.786707,2.921188,3.093997,3.26675,2.882769,3.084562,3.031706,3.217983,3.688681,3.922747,0,0,0,0,0,0
2025/03/16 12:03:00.908,n,7.348965,6.081039,0.090879,0.01516,0.105265,0.007197,2.785245,2.912306,3.079237,3.228311,2.829558,3.095588,3.028961,3.206226,3.691426,3.930169,0,0,0,0,0,0
2025/03/16 12:04:00.913,n,7.266835,11.18906,0.144428,0.017332,0.08164,0.008006,2.77638,2.901978,3.068891,3.232777,2.851771,3.090083,3.037325,3.161908,3.699791,3.828509,0,0,0,0,0,0
2025/03/16 12:05:00.913,n,7.236706,18.371342,0.115134,0.013233,0.097776,0.004987,2.795588,2.931548,3.147148,3.299181,2.924159,3.090083,3.034466,3.178181,3.683176,3.856494,0,0,0,0,0,0
2025/03/16 12:06:00.915,n,7.30204,8.811618,0.11734,0.018697,0.114665,0.008417,2.77638,2.927098,3.114653,3.278508,2.900517,3.098365,3.040084,3.188476,3.694204,3.85357,0,0,0,0,0,0
2025/03/16 12:07:00.920,n,7.320446,6.550082,0.072747,0.014715,0.1518,0.012793,2.752706,2.839884,3.110187,3.358213,2.953696,3.098365,3.037325,3.154504,3.696949,3.900689,0,0,0,0,0,0
2025/03/16 12:08:00.921,n,7.384072,9.094882,0.075745,0.010305,0.125971,0.018064,2.76602,2.912306,3.099924,3.269641,2.890124,3.109488,3.053952,3.20176,3.691426,3.872688,0,0,0,0,0,0
2025/03/16 12:09:00.920,n,7.337246,7.715078,0.061616,0.007245,0.137401,0.011499,2.763065,2.906443,3.089564,3.259346,2.891634,3.101207,3.045671,3.178181,3.691426,3.856494,0,0,0,0,0,0
2025/03/16 12:10:00.907,n,7.283631,8.89122,0.057385,0.003455,0.157932,0.019186,2.752706,2.904982,3.099924,3.234207,2.894589,3.101207,3.053952,3.172253,3.694204,3.844734,0,0,0,0,0,0
2025/03/16 12:11:00.910,n,7.332165,11.330868,0.052987,0.000741,0.188774,0.027945,2.764559,2.906443,3.096954,3.253401,2.910844,3.109488,3.051193,3.181054,3.688681,3.866792,0,0,0,0,0,0
2025/03/16 12:12:00.911,n,7.342312,7.894945,0.061607,0.02964,0.129243,0.037975,2.7674,2.9018,3.096774,3.23846,2.903326,3.085017,3.029416,3.169118,3.666917,3.850355,0,0,0,0,0,0
2025/03/16 12:13:00.914,n,7.3657,7.564073,0.072076,0.02953,0.164655,0.019949,2.785148,2.929875,3.135146,3.29158,2.966833,3.076638,3.026671,3.206014,3.666917,3.87834,0,0,0,0,0,0
2025/03/16 12:14:00.915,n,7.384106,8.098046,0.088943,0.013366,0.192352,0.024746,2.761409,2.897399,3.111535,3.263599,2.947623,3.085017,3.032176,3.197148,3.658636,3.888638,0,0,0,0,0,0
2025/03/16 12:15:00.920,n,7.402565,7.729418,0.084095,0.00949,0.189018,0.020232,2.764412,2.9018,3.10564,3.265029,2.946146,3.079399,3.026671,3.176442,3.658636,3.860652,0,0,0,0,0,0
2025/03/16 12:16:00.918,n,7.335572,10.029064,0.119179,0.018698,0.17724,0.032906,2.804292,2.935834,3.130746,3.300432,2.994908,3.076638,3.015548,3.210415,3.644765,3.881279,0,0,0,0,0,0
2025/03/16 12:17:00.921,n,7.355641,8.456994,0.131433,0.016161,0.120613,0.036054,2.774757,2.921009,3.120418,3.288674,2.986043,3.082272,3.032176,3.180908,3.650303,3.859189,0,0,0,0,0,0
2025/03/16 12:18:00.923,n,7.270241,10.64699,0.138588,0.01812,0.111799,0.015215,2.730411,2.932863,3.102636,3.276819,2.991905,3.079399,3.026671,3.206014,3.653047,3.853294,0,0,0,0,0,0
2025/03/16 12:19:00.909,n,7.276978,14.434386,0.126351,0.017612,0.1403,0.009442,2.777695,2.895905,3.10124,3.231088,2.959477,3.082272,3.032176,3.151418,3.650303,3.825308,0,0,0,0,0,0
2025/03/16 12:20:00.913,n,7.28196,10.773302,0.099079,0.013036,0.094112,0.021017,2.777695,2.90922,3.118956,3.257672,3.002298,3.082272,3.040539,3.180908,3.647525,3.872476,0,0,0,0,0,0
2025/03/16 12:21:00.914,n,7.305447,12.256274,0.092492,0.002348,0.084417,0.021531,2.780683,2.912192,3.126313,3.275357,3.02737,3.085017,3.03492,3.191253,3.647525,3.862129,0,0,0,0,0,0
2025/03/16 12:22:00.916,n,7.310425,13.041308,0.077129,0.009082,0.09137,0.004174,2.771833,2.904788,3.124819,3.263599,3.024414,3.093299,3.040539,3.180908,3.644765,3.845952,0,0,0,0,0,0
2025/03/16 12:23:00.915,n,7.497925,14.530528,0.054185,0.004748,0.130138,0.01693,2.773295,2.907726,3.130746,3.272418,3.031803,3.093299,3.043284,3.186803,3.639177,3.853294,0,0,0,0,0,0
2025/03/16 12:24:00.921,n,7.578247,11.461206,0.061674,0.003263,0.17703,0.020361,2.777695,2.913686,3.13367,3.279823,3.03773,3.087762,3.037762,3.183864,3.644765,3.853294,0,0,0,0,0,0
2025/03/16 12:25:00.927,n,7.611695,12.081322,0.069967,0.003168,0.236819,0.024767,2.776298,2.912192,3.118956,3.28718,3.058385,3.093299,3.03492,3.197148,3.625275,3.856233,0,0,0,0,0,0
2025/03/16 12:26:00.922,n,7.616772,9.554028,0.054955,0.0052,0.250056,0.033751,2.773295,2.90922,3.129251,3.278345,3.065806,3.096043,3.037762,3.192763,3.639177,3.853294,0,0,0,0,0,0
2025/03/16 12:27:00.923,n,7.603344,10.707428,0.042371,0.004766,0.248603,0.023293,2.7674,2.924012,3.12188,3.279823,3.067236,3.098788,3.043284,3.18833,3.630895,3.850355,0,0,0,0,0,0
2025/03/16 12:28:00.907,n,7.671948,12.118138,0.045148,0.003515,0.206815,0.029326,2.779157,2.925474,3.157296,3.285718,3.10564,3.096043,3.043284,3.18833,3.633655,3.868025,0,0,0,0,0,0
2025/03/16 12:29:00.911,n,7.610035,11.913854,0.040091,0.001456,0.177584,0.009935,2.779157,2.913686,3.161746,3.281285,3.11449,3.098788,3.046126,3.198657,3.6364,3.868025,0,0,0,0,0,0
2025/03/16 12:30:00.912,n,7.524731,10.758734,0.040447,0.001636,0.260809,0.021908,2.779157,2.903326,3.151418,3.284223,3.132208,3.096043,3.040539,3.201549,3.628149,3.868025,0,0,0,0,0,0
2025/03/16 12:31:00.924,n,7.533081,11.947014,0.04037,0.000896,0.213486,0.03922,2.794013,2.947623,3.172107,3.318149,3.158758,3.06553,3.012772,3.219298,3.586507,3.876814,0,0,0,0,0,0
2025/03/16 12:32:00.923,n,7.587311,12.037396,0.04415,0.001086,0.155454,0.025262,2.770421,2.921138,3.139661,3.284338,3.138231,3.145166,3.084074,3.183961,3.668932,3.841616,0,0,0,0,0,0
2025/03/16 12:33:00.926,n,7.660946,15.209906,0.044067,0.000645,0.163096,0.006571,2.764526,2.913735,3.142665,3.291695,3.145588,3.150687,3.097942,3.185423,3.674535,3.843094,0,0,0,0,0,0
2025/03/16 12:34:00.930,n,7.655915,10.531238,0.043618,0.001003,0.185772,0.004297,2.75415,2.921138,3.151483,3.293204,3.175095,3.156192,3.097942,3.179561,3.66341,3.850452,0,0,0,0,0,0
2025/03/16 12:35:00.930,n,7.685993,12.350182,0.040147,0.001507,0.211334,0.014294,2.757106,2.924094,3.151483,3.293204,3.179561,3.161811,3.097942,3.182484,3.66341,3.843094,0,0,0,0,0,0
2025/03/16 12:36:00.932,n,7.756256,7.582213,0.041813,0.002134,0.187993,0.010803,2.761571,2.922632,3.166212,3.293204,3.195783,3.161811,3.103432,3.186885,3.66341,3.841616,0,0,0,0,0,0
2025/03/16 12:37:00.917,n,7.831452,7.077623,0.040952,0.002061,0.183373,0.016025,2.77336,2.913735,3.1692,3.2991,3.204585,3.164556,3.111811,3.197245,3.668932,3.848957,0,0,0,0,0,0
2025/03/16 12:38:00.921,n,7.896637,8.07705,0.040864,0.002999,0.24531,0.034982,2.771898,2.915212,3.189888,3.318246,3.251842,3.150687,3.09515,3.210562,3.655159,3.847463,0,0,0,0,0,0
2025/03/16 12:39:00.920,n,7.793026,9.017662,0.038462,0.003525,0.250066,0.033377,2.774821,2.924094,3.176572,3.309413,3.229692,3.159066,3.09515,3.204585,3.652382,3.854853,0,0,0,0,0,0
2025/03/16 12:40:00.926,n,7.707772,9.79895,0.035131,0.000932,0.121432,0.055789,2.776298,2.927033,3.172172,3.321186,3.243008,3.164556,3.09515,3.203108,3.649539,3.853391,0,0,0,0,0,0
2025/03/16 12:41:00.926,n,7.717781,10.18986,0.034181,0.000982,0.154053,0.016438,2.779286,2.925557,3.188362,3.316785,3.254831,3.167333,3.09515,3.207574,3.646795,3.854853,0,0,0,0,0,0
2025/03/16 12:42:00.930,n,7.796395,7.331914,0.035172,0.000918,0.113411,0.018253,2.780748,2.934421,3.192813,3.321186,3.266588,3.159066,3.09515,3.200234,3.635751,3.847463,0,0,0,0,0,0
2025/03/16 12:43:00.930,n,7.841511,7.322509,0.035006,0.000236,0.135699,0.005248,2.783719,2.935883,3.197245,3.322648,3.288738,3.159066,3.092341,3.216457,3.638512,3.856315,0,0,0,0,0,0
2025/03/16 12:44:00.935,n,7.888287,9.166088,0.03398,0.000435,0.13079,0.008883,2.783719,2.932895,3.204585,3.321186,3.293204,3.161811,3.097942,3.210562,3.630228,3.862211,0,0,0,0,0,0
2025/03/16 12:45:00.935,n,7.908356,6.956719,0.03416,0.000782,0.121216,0.019379,2.791107,2.93736,3.207574,3.330069,3.315323,3.153448,3.09515,3.216457,3.627484,3.869552,0,0,0,0,0,0
2025/03/16 12:46:00.921,n,7.836708,9.389182,0.036049,0.000758,0.091848,0.009975,2.753907,2.882493,3.174819,3.291401,3.273701,3.176994,3.110252,3.182159,3.642604,3.829434,0,0,0,0,0,0
2025/03/16 12:47:00.922,n,7.890225,8.680046,0.038778,0.001144,0.089367,0.003781,2.755433,2.898747,3.182159,3.301698,3.279579,3.182581,3.113111,3.182159,3.637017,3.830896,0,0,0,0,0,0
2025/03/16 12:48:00.922,n,7.968739,8.032865,0.040751,0.002603,0.090209,0.009429,2.767254,2.909105,3.18958,3.301698,3.292832,3.182581,3.107492,3.180747,3.637017,3.820533,0,0,0,0,0,0
2025/03/16 12:49:00.926,n,7.853455,8.123222,0.039713,0.002283,0.116021,0.004112,2.761327,2.904641,3.17922,3.29582,3.297296,3.171376,3.102003,3.20137,3.625957,3.847057,0,0,0,0,0,0
2025/03/16 12:50:00.929,n,7.803311,11.718296,0.056355,0.009004,0.101563,0.006063,2.702224,2.867684,3.164474,3.281041,3.285474,3.188086,3.113111,3.182159,3.634225,3.823505,0,0,0,0,0,0
2025/03/16 12:51:00.929,n,7.82499,8.714096,0.060966,0.0092,0.089833,0.012529,2.761327,2.895758,3.180747,3.283997,3.309087,3.185326,3.118713,3.16743,3.617609,3.854431,0,0,0,0,0,0
2025/03/16 12:52:00.932,n,7.784901,9.398282,0.068879,0.009572,0.078748,0.01214,2.750969,2.903147,3.192504,3.285474,3.316445,3.19083,3.113111,3.191042,3.617609,3.867717,0,0,0,0,0,0
2025/03/16 12:53:00.933,n,7.763172,7.016153,0.072844,0.010912,0.123228,0.017913,2.776104,2.901653,3.177758,3.483101,3.477223,3.185326,3.113111,3.12904,3.614864,3.791086,0,0,0,0,0,0
2025/03/16 12:54:00.935,n,7.707947,4.228232,0.045168,0.006462,0.104067,0.020908,2.74803,2.919368,3.225015,3.316445,3.362176,3.193608,3.107492,3.186609,3.614864,3.823505,0,0,0,0,0,0
2025/03/16 12:55:00.903,n,7.657849,5.501199,0.044837,0.012253,0.127201,0.016308,2.776104,2.897219,3.222027,3.31352,3.371042,3.19083,3.107492,3.196969,3.612086,3.848551,0,0,0,0,0,0
2025/03/16 12:56:00.941,n,7.624356,0.580993,0.0492,0.005014,0.118475,0.008708,2.787892,2.931207,3.236805,3.304621,3.371042,3.204731,3.115871,3.186609,3.603836,3.835265,0,0,0,0,0,0
2025/03/16 12:57:00.910,n,7.647793,9.904112,0.059441,0.006975,0.094599,0.009466,2.789401,2.913492,3.25004,3.329729,3.41088,3.19645,3.118713,3.227953,3.609326,3.857355,0,0,0,0,0,0
2025/03/16 12:58:00.909,n,7.712979,7.937833,0.073805,0.028019,0.064095,0.008662,2.784936,2.89282,3.241237,3.341551,3.43006,3.199195,3.113111,3.223553,3.592678,3.858816,0,0,0,0,0,0
2025/03/16 12:59:00.911,n,7.736416,5.765323,0.059563,0.007856,0.059442,0.004548,2.805672,2.919368,3.2471,3.343028,3.452115,3.201987,3.115871,3.248562,3.592678,3.939883,0,0,0,0,0,0
2025/03/16 13:00:00.913,n,7.712979,8.736046,0.078099,0.005841,0.070989,0.003808,2.805672,2.925295,3.263356,3.345953,3.422638,3.210236,3.110252,3.199908,3.595456,3.817609,0,0,0,0,0,0
2025/03/16 13:01:00.953,n,7.831726,1.560992,0.094832,0.014398,0.060764,0.013591,2.897219,3.025762,3.373966,3.435923,3.511116,3.176994,3.082516,3.275146,3.559416,3.886835,0,0,0,0,0,0
2025/03/16 13:02:00.921,n,7.769131,8.203799,0.12044,0.021214,0.099088,0.011976,2.819572,2.946633,3.265581,3.376207,3.466163,3.29124,3.194063,3.259589,3.665456,3.871502,0,0,0,0,0,0
2025/03/16 13:03:00.922,n,7.695595,10.680874,0.187993,0.037817,0.089236,0.006189,2.775226,2.942248,3.277339,3.416061,3.544346,3.29124,3.191221,3.328997,3.657108,3.903922,0,0,0,0,0,0
2025/03/16 13:04:00.909,n,7.705605,3.499972,0.235152,0.027998,0.07052,0.011142,2.912679,2.992393,3.315745,3.327536,3.466163,3.296745,3.21631,2.96732,3.676484,3.809667,0,0,0,0,0,0
2025/03/16 13:05:00.910,n,7.77079,-1.432264,0.146669,0.03194,0.063417,0.003644,3.312774,3.246369,3.246369,3.309786,3.444059,3.313488,3.227337,3.476524,3.646081,4.110078,0,0,0,0,0,0
2025/03/16 13:06:00.913,n,7.844326,6.75339,0.155017,0.025055,0.061185,0.009448,2.835825,2.942248,3.287699,3.373268,3.508973,3.313488,3.20785,3.262593,3.668234,3.875903,0,0,0,0,0,0
2025/03/16 13:07:00.915,n,7.777478,5.828445,0.174904,0.017277,0.065367,0.003169,2.862455,2.965858,3.315745,3.399788,3.544346,3.313488,3.205089,3.283267,3.657108,3.893591,0,0,0,0,0,0
2025/03/16 13:08:00.916,n,7.75243,12.886826,0.216721,0.009138,0.072307,0.004138,2.832886,2.946633,3.292101,3.383596,3.529598,3.31901,3.219087,3.25673,3.662711,3.849445,0,0,0,0,0,0
2025/03/16 13:09:00.919,n,7.720642,9.980216,0.272401,0.020279,0.074128,0.002376,2.869843,2.977647,3.315745,3.413073,3.572329,3.316232,3.213469,3.275877,3.65995,3.88919,0,0,0,0,0,0
2025/03/16 13:10:00.923,n,7.652088,7.723593,0.310261,0.013428,0.080619,0.009002,2.886065,2.996858,3.328997,3.432284,3.606273,3.324597,3.21631,3.283267,3.64884,3.881799,0,0,0,0,0,0
2025/03/16 13:11:00.922,n,7.61195,6.534933,0.316651,0.005737,0.10933,0.007642,2.868317,2.987992,3.321673,3.404238,3.592988,3.330134,3.21631,3.280278,3.651586,3.886266,0,0,0,0,0,0
2025/03/16 13:12:00.992,n,7.632019,12.602944,0.252103,0.028291,0.109289,0.008528,2.875721,2.976171,3.345254,3.424895,3.607767,3.335624,3.21631,3.289161,3.662711,3.903922,0,0,0,0,0,0
2025/03/16 13:13:00.911,n,7.62196,11.331504,0.248224,0.016153,0.103982,0.011068,2.87132,2.964332,3.333431,3.410133,3.595976,3.3441,3.224592,3.296534,3.657108,3.90095,0,0,0,0,0,0
2025/03/16 13:14:00.912,n,7.663807,11.47501,0.329782,0.027107,0.145658,0.014173,2.83136,2.939245,3.312774,3.395387,3.592988,3.346845,3.230114,3.240442,3.662711,3.780204,0,0,0,0,0,0
2025/03/16 13:15:00.915,n,7.662098,6.50494,0.346707,0.015827,0.13705,0.01186,2.883077,2.996858,3.346715,3.432284,3.626899,3.3441,3.221831,3.306846,3.646081,3.908388,0,0,0,0,0,0
2025/03/16 13:16:00.921,n,7.63876,19.549864,0.383659,0.011827,0.141073,0.002191,2.917096,3.027825,3.237503,3.321673,3.641662,3.355127,3.227337,3.426422,3.64884,4.062892,0,0,0,0,0,0
2025/03/16 13:17:00.919,n,7.725674,10.157614,0.387346,0.01325,0.150307,0.00846,2.899331,3.004246,3.351148,3.444059,3.663767,3.346845,3.227337,3.306846,3.643303,3.895086,0,0,0,0,0,0
2025/03/16 13:18:00.920,n,7.695595,9.914322,0.448666,0.025838,0.1422,0.012765,2.803285,2.905274,3.460267,3.678465,3.849445,3.3441,3.230114,3.268487,3.640558,3.796365,0,0,0,0,0,0
2025/03/16 13:19:00.926,n,7.610291,9.141916,0.467858,0.014447,0.141037,0.00895,2.918573,3.014606,3.365879,3.458806,3.697662,3.346845,3.230114,3.318669,3.635053,3.908388,0,0,0,0,0,0
2025/03/16 13:20:00.925,n,7.590176,11.94971,0.440316,0.020101,0.181605,0.016932,2.908214,3.013112,3.351148,3.451481,3.68147,3.366236,3.235701,3.343727,3.646081,3.927473,0,0,0,0,0,0
2025/03/16 13:21:00.931,n,7.533337,13.397678,0.45575,0.060266,0.16968,0.015473,2.893454,2.99832,3.342315,3.442582,3.678465,3.374615,3.235701,3.272938,3.646081,3.858247,0,0,0,0,0,0
2025/03/16 13:22:00.911,n,7.509899,4.950741,0.372185,0.051148,0.142442,0.015499,2.931888,3.029352,3.410133,3.473568,3.718274,3.380105,3.249601,3.348193,3.646081,3.924549,0,0,0,0,0,0
2025/03/16 13:23:00.915,n,7.478115,4.253396,0.301169,0.029867,0.151111,0.009385,2.886065,2.977647,3.352578,3.433762,3.660843,3.399512,3.255106,3.299522,3.651586,3.88919,0,0,0,0,0,0
2025/03/16 13:24:00.915,n,7.533337,6.665878,0.2854,0.011222,0.167674,0.01745,2.884603,2.99832,3.370329,3.448477,3.678465,3.410751,3.26347,3.296534,3.665456,3.896563,0,0,0,0,0,0
2025/03/16 13:25:00.921,n,7.616932,12.528012,0.286468,0.009813,0.126332,0.026621,2.855001,2.959964,3.371741,3.460267,3.675574,3.421874,3.274497,3.292101,3.662711,3.874441,0,0,0,0,0,0
2025/03/16 13:26:00.921,n,7.578552,7.638705,0.270813,0.007743,0.110871,0.022996,2.878709,2.977647,3.357044,3.444059,3.665245,3.427364,3.277339,3.302461,3.65995,3.859742,0,0,0,0,0,0
2025/03/16 13:27:00.922,n,7.550038,10.275918,0.27546,0.005517,0.086707,0.012105,2.883077,2.995396,3.367405,3.452943,3.675574,3.432902,3.282957,3.289161,3.668234,3.85232,0,0,0,0,0,0
2025/03/16 13:28:00.926,n,7.561756,16.067972,0.235854,0.023122,0.06339,0.009891,2.868317,2.977647,3.370329,3.455881,3.651943,3.4438,3.294,3.303923,3.670978,3.881799,0,0,0,0,0,0
2025/03/16 13:29:00.927,n,7.563465,7.24382,0.210638,0.017353,0.062136,0.004792,2.855001,2.96732,3.360016,3.441119,3.660843,3.452115,3.296745,3.286173,3.676484,3.858247,0,0,0,0,0,0
2025/03/16 13:30:00.928,n,7.578552,5.147561,0.222343,0.010591,0.046587,0.004254,2.869843,2.983542,3.368867,3.457344,3.687301,3.463239,3.296745,3.284743,3.668234,3.878893,0,0,0,0,0,0
2025/03/16 13:31:00.911,n,7.580166,10.63005,0.225991,0.012357,0.047413,0.001145,2.903781,2.983542,3.396882,3.466163,3.705053,3.430125,3.271752,3.327536,3.654331,3.883261,0,0,0,0,0,0
2025/03/16 13:32:00.914,n,7.678845,7.595693,0.208662,0.01185,0.059933,0.007507,2.912679,2.985068,3.376207,3.430791,3.650482,3.471522,3.285718,3.315745,3.65995,3.887728,0,0,0,0,0,0
2025/03/16 13:33:00.918,n,7.724011,13.52877,0.247184,0.016947,0.072012,0.007187,2.878709,2.983542,3.401281,3.497149,3.753697,3.454859,3.288495,3.379195,3.665456,3.833186,0,0,0,0,0,0
2025/03/16 13:34:00.919,n,7.730652,5.094387,0.217142,0.008329,0.069374,0.00219,2.893454,3.020501,3.420462,3.501616,3.74923,3.468729,3.294,3.328997,3.670978,3.872964,0,0,0,0,0,0
2025/03/16 13:35:00.920,n,7.732361,7.642349,0.188295,0.01381,0.062977,0.002082,2.872717,2.976171,3.374729,3.452943,3.694691,3.488136,3.310696,3.312774,3.670978,3.868578,0,0,0,0,0,0
2025/03/16 13:36:00.924,n,7.750721,9.80134,0.156131,0.016674,0.056549,0.005877,2.886065,2.992393,3.396882,3.458806,3.694691,3.499164,3.313488,3.337832,3.679261,3.905383,0,0,0,0,0,0
2025/03/16 13:37:00.990,n,7.805897,6.220535,0.154252,0.012234,0.061185,0.015704,2.87132,2.943709,3.354056,3.417539,3.684426,3.50194,3.327357,3.309786,3.690484,3.85677,0,0,0,0,0,0
2025/03/16 13:38:00.926,n,7.792568,11.971598,0.142241,0.010288,0.100673,0.018434,2.849107,2.955499,3.371741,3.445585,3.684426,3.513065,3.324597,3.284743,3.690484,3.844978,0,0,0,0,0,0
2025/03/16 13:39:00.930,n,7.812538,6.787149,0.12739,0.006812,0.089136,0.009741,2.863867,2.974709,3.382102,3.454404,3.699125,3.518652,3.324597,3.311312,3.690484,3.859742,0,0,0,0,0,0
2025/03/16 13:40:00.916,n,7.795838,8.03691,0.138791,0.005586,0.166519,0.027803,2.908214,2.964332,3.416061,3.472091,3.728572,3.518652,3.330134,3.331969,3.684767,3.864143,0,0,0,0,0,0
2025/03/16 13:41:00.916,n,7.782509,9.182426,0.140116,0.006411,0.173349,0.014889,2.887542,2.95696,3.386553,3.439658,3.70796,3.518652,3.327357,3.314219,3.687642,3.847982,0,0,0,0,0,0
2025/03/16 13:42:00.918,n,7.837685,9.22134,0.14792,0.006046,0.141083,0.033133,2.903781,2.995396,3.380624,3.420462,3.674064,3.52419,3.338416,3.286173,3.687642,3.83468,0,0,0,0,0,0
2025/03/16 13:43:00.921,n,7.779141,10.36636,0.128186,0.007723,0.115067,0.018702,2.874243,2.970308,3.414599,3.457344,3.738934,3.532457,3.34959,3.318669,3.687642,3.87743,0,0,0,0,0,0
2025/03/16 13:44:00.921,n,7.830994,7.589504,0.141194,0.007942,0.108388,0.006277,2.881615,2.973182,3.395387,3.46764,3.724203,3.535217,3.3441,3.315745,3.690484,3.85677,0,0,0,0,0,0
2025/03/16 13:45:00.923,n,7.864392,9.29456,0.130499,0.007961,0.105457,0.003045,2.869843,2.962855,3.380624,3.455881,3.728572,3.551832,3.34959,3.318669,3.693229,3.87743,0,0,0,0,0,0
2025/03/16 13:46:00.925,n,7.926258,10.500584,0.146718,0.004645,0.107736,0.0053,2.890497,2.970308,3.402776,3.475062,3.761055,3.543583,3.352367,3.303923,3.701512,3.827322,0,0,0,0,0,0
2025/03/16 13:47:00.926,n,7.998085,17.655014,0.174609,0.014406,0.070073,0.016921,2.840258,2.828436,3.317207,3.475062,3.783144,3.543583,3.341226,3.383596,3.693229,3.522226,0,0,0,0,0,0
2025/03/16 13:48:00.930,n,7.991394,9.213778,0.189697,0.022493,0.091022,0.013937,2.961426,3.027825,3.458806,3.514868,3.814036,3.55461,3.352367,3.326009,3.696007,3.735944,0,0,0,0,0,0
2025/03/16 13:49:00.913,n,7.942959,6.245474,0.184695,0.013284,0.052605,0.010705,2.89196,2.973182,3.408672,3.466163,3.774277,3.55461,3.352367,3.331969,3.684767,3.871502,0,0,0,0,0,0
2025/03/16 13:50:00.949,n,7.862782,2.268463,0.165767,0.008755,0.041027,0.00559,2.912679,2.974709,3.430791,3.477986,3.781682,3.568398,3.363491,3.331969,3.690484,3.861204,0,0,0,0,0,0
2025/03/16 13:51:00.950,n,7.830994,2.135315,0.131009,0.025723,0.043814,0.002318,2.897918,2.95696,3.413073,3.46764,3.763979,3.574099,3.368996,3.343727,3.698751,3.870072,0,0,0,0,0,0
2025/03/16 13:52:00.921,n,7.88612,15.663852,0.13383,0.015639,0.050434,0.004319,2.826959,2.844707,3.360016,3.395387,3.747768,3.585127,3.374615,3.420462,3.693229,4.00401,0,0,0,0,0,0
2025/03/16 13:53:00.923,n,7.857704,8.609426,0.098142,0.010364,0.059986,0.006381,2.903781,2.995396,3.432284,3.470628,3.765456,3.596171,3.371741,3.34082,3.698751,3.858247,0,0,0,0,0,0
2025/03/16 13:54:00.927,n,7.869423,8.6845,0.11679,0.01145,0.053751,0.006737,2.89196,2.976171,3.420462,3.480957,3.783144,3.596171,3.380105,3.331969,3.704257,3.850906,0,0,0,0,0,0
2025/03/16 13:55:00.929,n,7.832608,11.419564,0.15014,0.012317,0.04092,0.005213,2.896392,2.925929,3.352578,3.365879,3.662305,3.604534,3.385725,3.278816,3.701512,3.967252,0,0,0,0,0,0
2025/03/16 13:56:00.929,n,7.815907,3.833474,0.136032,0.007375,0.047152,0.004159,2.878709,2.962855,3.413073,3.473568,3.805233,3.601757,3.380105,3.362939,3.701512,3.88919,0,0,0,0,0,0
2025/03/16 13:57:00.934,n,7.866055,8.080142,0.159151,0.004792,0.048063,0.006905,2.903781,2.990931,3.438149,3.475062,3.821426,3.598915,3.380105,3.337832,3.701512,3.858247,0,0,0,0,0,0
2025/03/16 13:58:00.982,n,7.830994,13.346878,0.141794,0.016851,0.067994,0.010833,2.767823,2.856496,3.376207,3.486853,3.908388,3.596171,3.374615,3.637261,3.687642,4.036431,0,0,0,0,0,0
2025/03/16 13:59:00.919,n,7.835976,7.574887,0.21709,0.01415,0.080231,0.003153,2.940739,3.001258,3.441119,3.498611,3.830262,3.601757,3.382979,3.342315,3.704257,3.864143,0,0,0,0,0,0
2025/03/16 14:00:00.922,n,7.75243,7.984634,0.223928,0.003784,0.069858,0.004593,2.909676,2.990931,3.442582,3.479463,3.817025,3.60728,3.380105,3.342315,3.698751,3.847982,0,0,0,0,0,0
2025/03/16 14:01:00.911,n,7.842713,8.3027,0.221213,0.003145,0.075552,0.001412,2.96732,3.00868,3.475062,3.522226,3.862666,3.582349,3.357872,3.382102,3.665456,3.88919,0,0,0,0,0,0
2025/03/16 14:02:00.911,n,7.88612,11.984464,0.222649,0.012096,0.064458,0.007409,2.943709,2.985068,3.460267,3.506001,3.85232,3.593377,3.360714,3.377701,3.676484,3.886266,0,0,0,0,0,0
2025/03/16 14:03:00.914,n,7.966297,9.6327,0.185762,0.015734,0.057149,0.003387,2.995396,3.033752,3.463272,3.498611,3.849445,3.598915,3.374615,3.371741,3.682007,3.883261,0,0,0,0,0,0
2025/03/16 14:04:00.914,n,8.036511,5.286343,0.183184,0.019663,0.061702,0.007657,2.964332,3.017562,3.486853,3.531125,3.858247,3.610039,3.385725,3.380624,3.693229,3.880369,0,0,0,0,0,0
2025/03/16 14:05:00.918,n,8.048184,4.109506,0.133775,0.010872,0.060092,0.004266,2.936289,3.002752,3.466163,3.511929,3.840609,3.629432,3.385725,3.367405,3.696007,3.878893,0,0,0,0,0,0
2025/03/16 14:06:00.920,n,8.086609,7.169271,0.100516,0.01235,0.051745,0.003812,2.856496,2.940739,3.401281,3.46764,3.780204,3.646081,3.396766,3.348193,3.715285,3.842054,0,0,0,0,0,0
2025/03/16 14:07:00.906,n,8.151699,6.509127,0.073839,0.009926,0.051894,0.004077,2.942248,2.976171,3.475062,3.498611,3.847982,3.64884,3.405131,3.367405,3.71254,3.880369,0,0,0,0,0,0
2025/03/16 14:08:00.908,n,8.118347,7.027181,0.061088,0.00576,0.054798,0.006712,2.939245,2.979109,3.480957,3.500138,3.844978,3.651586,3.407973,3.368867,3.71816,3.865638,0,0,0,0,0,0
2025/03/16 14:09:00.913,n,8.096668,6.580355,0.055082,0.002917,0.055955,0.003687,2.94811,2.992393,3.489792,3.508973,3.842054,3.657108,3.405131,3.364401,3.715285,3.858247,0,0,0,0,0,0
2025/03/16 14:10:00.912,n,8.019814,6.664596,0.053145,0.001016,0.047994,0.001611,2.94811,2.980635,3.479463,3.506001,3.839147,3.65995,3.413495,3.370329,3.715285,3.861204,0,0,0,0,0,0
2025/03/16 14:11:00.916,n,8.016445,9.33959,0.068919,0.005122,0.044896,0.003959,2.949572,2.979109,3.46764,3.501616,3.840609,3.670978,3.421874,3.371741,3.71816,3.865638,0,0,0,0,0,0
2025/03/16 14:12:00.917,n,8.109997,7.075363,0.06711,0.003072,0.046475,0.001875,2.95256,2.993869,3.488315,3.522226,3.853846,3.673739,3.421874,3.368867,3.72365,3.85677,0,0,0,0,0,0
2025/03/16 14:13:00.920,n,8.11166,7.518795,0.050493,0.006245,0.063131,0.008013,2.953972,2.990931,3.486853,3.525165,3.844978,3.679261,3.419,3.365879,3.720904,3.840609,0,0,0,0,0,0
2025/03/16 14:14:00.921,n,8.086609,6.134378,0.05423,0.005565,0.066101,0.002773,2.959964,3.004246,3.492748,3.531125,3.850906,3.673739,3.427364,3.365879,3.726411,3.853846,0,0,0,0,0,0
2025/03/16 14:15:00.925,n,8.07494,8.128188,0.070617,0.004902,0.050886,0.004063,2.95256,3.004246,3.501616,3.526659,3.862666,3.679261,3.419,3.368867,3.726411,3.85232,0,0,0,0,0,0
2025/03/16 14:16:00.939,n,7.994763,2.549877,0.048613,0.006307,0.059177,0.004412,2.943709,2.94811,3.475062,3.547284,3.90985,3.687642,3.427364,3.377701,3.71254,3.895086,0,0,0,0,0,0
2025/03/16 14:17:00.911,n,8.016445,6.671176,0.056323,0.002372,0.062347,0.003608,2.98208,3.005723,3.507478,3.528121,3.883261,3.684767,3.430125,3.389524,3.731933,3.8671,0,0,0,0,0,0
2025/03/16 14:18:00.912,n,8.019814,7.879971,0.06819,0.004309,0.076125,0.005949,2.977647,2.993869,3.498611,3.517807,3.872964,3.687642,3.435647,3.38509,3.726411,3.862666,0,0,0,0,0,0
2025/03/16 14:19:00.913,n,8.029824,6.485891,0.067446,0.008186,0.068958,0.002243,2.989534,3.005723,3.525165,3.534017,3.880369,3.693229,3.4438,3.390985,3.720904,3.870072,0,0,0,0,0,0
2025/03/16 14:20:00.982,n,8.021473,4.89938,0.068878,0.012571,0.057678,0.008729,2.987992,3.005723,3.538482,3.532555,3.898025,3.696007,3.441363,3.392448,3.729188,3.883261,0,0,0,0,0,0
2025/03/16 14:21:00.921,n,8.023182,12.688912,0.110988,0.012742,0.042754,0.006975,2.95256,2.96732,3.486853,3.497149,3.843516,3.701512,3.452115,3.348193,3.734679,3.853846,0,0,0,0,0,0
2025/03/16 14:22:00.919,n,8.069958,6.137789,0.092357,0.012568,0.0399,0.007946,3.004246,3.027825,3.529598,3.545808,3.890667,3.704257,3.4438,3.388047,3.72365,3.868578,0,0,0,0,0,0
2025/03/16 14:23:00.923,n,8.031533,7.785226,0.095929,0.003749,0.043159,0.00414,2.973182,3.011618,3.510435,3.511929,3.874441,3.71254,3.454859,3.40721,3.734679,3.865638,0,0,0,0,0,0
2025/03/16 14:24:00.925,n,7.996376,5.922519,0.082428,0.005138,0.052817,0.005138,2.993869,3.026395,3.541422,3.561999,3.917176,3.715285,3.454859,3.388047,3.742961,3.853846,0,0,0,0,0,0
2025/03/16 14:25:00.908,n,8.004727,6.536538,0.078337,0.00348,0.049993,0.007649,3.016068,3.016068,3.554642,3.548746,3.908388,3.715285,3.452115,3.402776,3.734679,3.874441,0,0,0,0,0,0
2025/03/16 14:26:00.912,n,8.016445,6.970584,0.067783,0.005071,0.046219,0.001743,3.014606,3.007217,3.548746,3.547284,3.902459,3.726411,3.463239,3.386553,3.737471,3.862666,0,0,0,0,0,0
2025/03/16 14:27:00.914,n,7.998085,6.477175,0.061226,0.00142,0.043372,0.001706,3.016068,3.011618,3.55318,3.561999,3.898025,3.729188,3.465984,3.392448,3.748678,3.864143,0,0,0,0,0,0
2025/03/16 14:28:00.915,n,7.991394,6.29288,0.070571,0.004175,0.045398,0.00222,3.02344,3.029352,3.566466,3.563542,3.903922,3.72365,3.468729,3.399788,3.745804,3.864143,0,0,0,0,0,0
2025/03/16 14:29:00.917,n,8.039883,5.726669,0.067696,0.004468,0.033211,0.003526,3.030828,3.03229,3.567928,3.576795,3.912725,3.734679,3.463239,3.402776,3.742961,3.8671,0,0,0,0,0,0
2025/03/16 14:30:00.920,n,8.128357,7.510397,0.071606,0.002956,0.031797,0.000755,3.024934,3.033752,3.566466,3.572329,3.905383,3.740217,3.465984,3.395387,3.742961,3.872964,0,0,0,0,0,0
2025/03/16 14:31:00.925,n,8.081581,6.744705,0.070194,0.002901,0.03396,0.001136,3.045573,3.060399,3.58269,3.590016,3.942205,3.71254,3.4438,3.416061,3.71254,3.881799,0,0,0,0,0,0
2025/03/16 14:32:00.928,n,8.130017,5.90411,0.066993,0.001493,0.034404,0.000624,3.0515,3.067722,3.603349,3.600345,3.945145,3.71816,3.446592,3.416061,3.715285,3.886266,0,0,0,0,0,0
2025/03/16 14:33:00.928,n,8.205166,6.593716,0.072013,0.001652,0.039633,0.001709,3.055933,3.063322,3.601872,3.598915,3.949597,3.72365,3.452115,3.418968,3.729188,3.878893,0,0,0,0,0,0
2025/03/16 14:34:00.916,n,8.241932,5.965304,0.053418,0.009796,0.045323,0.005541,3.044176,3.036723,3.592988,3.588618,3.917176,3.734679,3.45762,3.421939,3.737471,3.872964,0,0,0,0,0,0
2025/03/16 14:35:00.919,n,8.183483,6.475235,0.047677,0.005318,0.047083,0.008736,3.052978,3.044176,3.607767,3.590016,3.918653,3.742961,3.471522,3.413073,3.737471,3.861204,0,0,0,0,0,0
2025/03/16 14:36:00.919,n,8.036511,5.556326,0.036785,0.004267,0.078113,0.009285,3.063322,3.055933,3.610674,3.597453,3.928951,3.754184,3.468729,3.417539,3.742961,3.875903,0,0,0,0,0,0
2025/03/16 14:37:00.921,n,7.9329,7.129696,0.036919,0.00197,0.051608,0.007633,3.064799,3.057395,3.606273,3.612136,3.936309,3.759706,3.479771,3.423433,3.748678,3.874441,0,0,0,0,0,0
2025/03/16 14:38:00.925,n,7.956337,6.742129,0.040611,0.001932,0.057482,0.005958,3.091366,3.081039,3.619509,3.612136,3.934848,3.754184,3.477011,3.417539,3.742961,3.870072,0,0,0,0,0,0
2025/03/16 14:39:00.924,n,7.971325,8.661624,0.051401,0.005364,0.052779,0.008475,3.073618,3.063322,3.623959,3.612136,3.939298,3.759706,3.482549,3.414599,3.751424,3.878893,0,0,0,0,0,0
2025/03/16 14:40:00.926,n,7.92289,6.61221,0.052965,0.005904,0.061064,0.005345,3.073618,3.067722,3.623959,3.604811,3.940744,3.759706,3.479771,3.414599,3.751424,3.881799,0,0,0,0,0,0
2025/03/16 14:41:00.928,n,7.937977,7.254,0.048315,0.001928,0.057345,0.00201,3.082483,3.06925,3.63869,3.619509,3.952504,3.759706,3.485294,3.421939,3.756929,3.87743,0,0,0,0,0,0
2025/03/16 14:42:00.930,n,7.929627,8.154239,0.043024,0.002644,0.07297,0.008968,3.081039,3.081039,3.646081,3.609212,3.949597,3.770735,3.485294,3.421939,3.762452,3.881799,0,0,0,0,0,0
2025/03/16 14:43:00.918,n,7.926258,8.355788,0.039113,0.001184,0.079769,0.006406,3.10616,3.075112,3.651943,3.62836,3.939298,3.779115,3.485294,3.429329,3.754184,3.870072,0,0,0,0,0,0
2025/03/16 14:44:00.919,n,7.994763,9.053134,0.041008,0.001663,0.087694,0.004039,3.107621,3.088443,3.65641,3.635783,3.951009,3.770735,3.488136,3.432284,3.754184,3.87743,0,0,0,0,0,0
2025/03/16 14:45:00.919,n,8.043152,8.254544,0.037846,0.001013,0.087584,0.002757,3.104633,3.086934,3.65641,3.643156,3.952504,3.770735,3.493658,3.421939,3.762452,3.868578,0,0,0,0,0,0
2025/03/16 14:46:00.922,n,8.053211,8.259103,0.036588,0.001577,0.084445,0.001649,3.112054,3.085471,3.659316,3.637261,3.948134,3.78186,3.504783,3.427835,3.754184,3.874441,0,0,0,0,0,0
2025/03/16 14:47:00.928,n,8.021473,7.326791,0.034269,0.001068,0.080693,0.003,3.114978,3.088443,3.669646,3.646081,3.95546,3.78186,3.496418,3.429329,3.765213,3.880369,0,0,0,0,0,0
2025/03/16 14:48:00.928,n,8.06659,7.532901,0.031779,0.000673,0.076891,0.002922,3.110577,3.089937,3.671107,3.647557,3.95697,3.784606,3.50194,3.433762,3.762452,3.884789,0,0,0,0,0,0
2025/03/16 14:49:00.930,n,8.088318,7.250027,0.031981,0.000632,0.062707,0.006044,3.116504,3.088443,3.668169,3.643156,3.959894,3.790144,3.496418,3.423433,3.770735,3.87743,0,0,0,0,0,0
2025/03/16 14:50:00.930,n,8.051502,8.362827,0.029532,0.000759,0.066761,0.005923,3.126832,3.089937,3.685888,3.653421,3.970192,3.790144,3.504783,3.435224,3.767957,3.881799,0,0,0,0,0,0
2025/03/16 14:51:00.936,n,8.003113,8.048544,0.02906,0.000658,0.074859,0.004833,3.135666,3.092828,3.693229,3.64902,3.976088,3.792889,3.510288,3.441119,3.767957,3.892129,0,0,0,0,0,0
2025/03/16 14:52:00.921,n,7.921231,9.140676,0.028545,0.000136,0.079705,0.002002,3.147456,3.100232,3.690289,3.668169,3.959894,3.792889,3.510288,3.442582,3.770735,3.874441,0,0,0,0,0,0
2025/03/16 14:53:00.923,n,7.835976,8.984488,0.02828,0.000145,0.069358,0.003942,3.150411,3.109083,3.703591,3.672602,3.970192,3.790144,3.499164,3.442582,3.765213,3.884789,0,0,0,0,0,0
2025/03/16 14:54:00.927,n,7.829335,9.553084,0.028275,8.68058e-05,0.079537,0.003632,3.150411,3.112054,3.705053,3.674064,3.96873,3.795731,3.507527,3.445585,3.765213,3.887728,0,0,0,0,0,0
2025/03/16 14:55:00.924,n,7.819275,8.100564,0.028664,0.000192,0.085945,0.0025,3.156306,3.109083,3.710916,3.68147,3.96873,3.795731,3.515811,3.447015,3.776322,3.878893,0,0,0,0,0,0
2025/03/16 14:56:00.929,n,7.856045,9.43151,0.029132,0.000226,0.082204,0.002931,3.166634,3.122367,3.718274,3.68147,3.97755,3.792889,3.510288,3.444059,3.770735,3.893591,0,0,0,0,0,0
2025/03/16 14:57:00.928,n,7.901211,10.370754,0.03001,0.000254,0.070462,0.00631,3.168129,3.110577,3.721246,3.68147,3.976088,3.804096,3.513065,3.444059,3.770735,3.892129,0,0,0,0,0,0
2025/03/16 14:58:00.932,n,7.917908,10.087692,0.030415,0.000528,0.059177,0.003248,3.179951,3.120905,3.731576,3.690289,3.987881,3.795731,3.513065,3.461744,3.770735,3.899487,0,0,0,0,0,0
2025/03/16 14:59:00.932,n,7.906189,10.588676,0.031245,0.00047,0.054373,0.00316,3.185846,3.125306,3.737471,3.684426,3.990788,3.804096,3.510288,3.466163,3.770735,3.899487,0,0,0,0,0,0
2025/03/16 15:00:00.935,n,7.88612,9.23292,0.03469,0.00104,0.040653,0.003983,3.190312,3.132727,3.756556,3.693229,3.986386,3.798477,3.510288,3.469167,3.767957,3.903922,0,0,0,0,0,0
2025/03/16 15:01:00.916,n,7.88612,9.60563,0.036381,0.001039,0.047578,0.003208,3.213858,3.14895,3.74923,3.72274,3.996716,3.773578,3.477011,3.489792,3.742961,3.924549,0,0,0,0,0,0
2025/03/16 15:02:00.920,n,7.84953,10.410008,0.037047,0.001766,0.040924,0.002925,3.151401,3.092374,3.689624,3.666041,3.93998,3.810154,3.52471,3.425756,3.776875,3.851637,0,0,0,0,0,0
2025/03/16 15:03:00.922,n,7.846207,11.124906,0.038341,0.002058,0.041948,0.00192,3.16022,3.096774,3.69992,3.664563,3.945876,3.815645,3.532977,3.413997,3.78238,3.845741,0,0,0,0,0,0
2025/03/16 15:04:00.924,n,7.876335,11.395248,0.034507,0.00134,0.0419,0.00129,3.161714,3.099713,3.69992,3.666041,3.944399,3.829466,3.532977,3.425756,3.796251,3.851637,0,0,0,0,0,0
2025/03/16 15:05:00.925,n,7.933121,9.780918,0.03331,0.00149,0.042294,0.000865,3.161714,3.101207,3.705816,3.666041,3.944399,3.837798,3.538482,3.416921,3.796251,3.84428,0,0,0,0,0,0
2025/03/16 15:06:00.930,n,7.959831,9.635716,0.036037,0.001429,0.039028,0.002409,3.170548,3.098236,3.708773,3.660144,3.953299,3.832308,3.54402,3.427218,3.796251,3.854609,0,0,0,0,0,0
2025/03/16 15:07:00.929,n,8.003289,8.674192,0.035539,0.000761,0.037776,0.00216,3.167641,3.10413,3.717608,3.666041,3.954697,3.829466,3.555226,3.416921,3.799028,3.850175,0,0,0,0,0,0
2025/03/16 15:08:00.931,n,8.041668,8.912856,0.037047,0.001121,0.041558,0.001455,3.176475,3.105607,3.710267,3.664563,3.960625,3.837798,3.552482,3.418383,3.807409,3.853164,0,0,0,0,0,0
2025/03/16 15:09:00.934,n,8.035027,10.47197,0.035503,0.000823,0.044195,0.001316,3.179431,3.105607,3.720547,3.667503,3.954697,3.837798,3.560749,3.421323,3.807409,3.85901,0,0,0,0,0,0
2025/03/16 15:10:00.921,n,8.016667,10.072074,0.038025,0.001677,0.043705,0.000478,3.191221,3.12188,3.717608,3.68519,3.945876,3.854447,3.560749,3.421323,3.810154,3.851637,0,0,0,0,0,0
2025/03/16 15:11:00.920,n,8.003289,9.632792,0.036597,0.001059,0.039904,0.001662,3.179431,3.11449,3.716146,3.688161,3.945876,3.854447,3.560749,3.425756,3.8129,3.851637,0,0,0,0,0,0
2025/03/16 15:12:00.921,n,7.984879,11.510716,0.037358,0.000967,0.044766,0.001867,3.201582,3.12628,3.722009,3.69258,3.954697,3.84618,3.56351,3.428744,3.810154,3.853164,0,0,0,0,0,0
2025/03/16 15:13:00.926,n,7.996598,9.309732,0.03773,0.001774,0.043311,0.003232,3.194225,3.129284,3.724998,3.688161,3.951805,3.84618,3.557972,3.436102,3.807409,3.857534,0,0,0,0,0,0
2025/03/16 15:14:00.925,n,7.936444,9.488834,0.040206,0.001963,0.049322,0.003199,3.194225,3.127757,3.730894,3.69409,3.956174,3.854447,3.569,3.431684,3.815645,3.856071,0,0,0,0,0,0
2025/03/16 15:15:00.928,n,7.928093,10.97432,0.037948,0.001646,0.054833,0.002981,3.210383,3.135179,3.741192,3.696982,3.959163,3.848957,3.571777,3.437579,3.8129,3.860505,0,0,0,0,0,0
2025/03/16 15:16:00.930,n,7.894696,11.592978,0.038077,0.001802,0.053989,0.002318,3.208921,3.12188,3.741192,3.696982,3.966472,3.851702,3.574537,3.425756,3.821183,3.857534,0,0,0,0,0,0
2025/03/16 15:17:00.934,n,7.914761,10.337454,0.034792,0.001467,0.056871,0.001346,3.21631,3.130746,3.741192,3.69258,3.972401,3.857207,3.574537,3.44203,3.818437,3.869341,0,0,0,0,0,0
2025/03/16 15:18:00.935,n,7.916374,12.607864,0.032715,0.001623,0.067354,0.007369,3.210383,3.124819,3.751489,3.69409,3.963565,3.873857,3.580157,3.443442,3.823928,3.860505,0,0,0,0,0,0
2025/03/16 15:19:00.923,n,7.847916,11.047098,0.028424,0.001434,0.087216,0.007655,3.208921,3.133652,3.735327,3.701415,3.957636,3.871111,3.582902,3.436102,3.840576,3.851637,0,0,0,0,0,0
2025/03/16 15:20:00.923,n,7.8195,11.973056,0.027883,0.000637,0.09285,0.002283,3.222238,3.13664,3.744131,3.704371,3.959163,3.879362,3.585647,3.436102,3.823928,3.850175,0,0,0,0,0,0
2025/03/16 15:21:00.925,n,7.786053,12.217898,0.027071,0.000639,0.075818,0.008513,3.220744,3.145491,3.739729,3.701415,3.957636,3.876602,3.593929,3.43904,3.837798,3.857534,0,0,0,0,0,0
2025/03/16 15:22:00.928,n,7.717495,13.470696,0.027118,0.000396,0.066109,0.006994,3.223732,3.145491,3.742653,3.702876,3.967999,3.887631,3.599435,3.43904,3.835054,3.856071,0,0,0,0,0,0
2025/03/16 15:23:00.911,n,7.759293,13.28729,0.026967,0.000453,0.057358,0.007827,3.231088,3.138102,3.745593,3.705816,3.954697,3.890505,3.61056,3.452326,3.84618,3.850175,0,0,0,0,0,0
2025/03/16 15:24:00.916,n,7.717495,11.397788,0.026446,0.00025,0.068639,0.007577,3.238428,3.13664,3.744131,3.708773,3.953299,3.896093,3.605054,3.443442,3.848957,3.854609,0,0,0,0,0,0
2025/03/16 15:25:00.915,n,7.714127,12.50369,0.026295,0.000129,0.074078,0.005138,3.235489,3.143965,3.748564,3.716146,3.951805,3.907122,3.616083,3.43904,3.859985,3.851637,0,0,0,0,0,0
2025/03/16 15:26:00.917,n,7.712517,12.78254,0.026081,0.000153,0.066452,0.004625,3.236951,3.149892,3.742653,3.714668,3.956174,3.901598,3.618925,3.44203,3.857207,3.845741,0,0,0,0,0,0
2025/03/16 15:27:00.920,n,7.715836,13.535422,0.026008,7.007575e-05,0.057528,0.003362,3.226638,3.145491,3.745593,3.717608,3.962103,3.904344,3.627207,3.43904,3.857207,3.847236,0,0,0,0,0,0
2025/03/16 15:28:00.905,n,7.659001,12.512002,0.025889,0.000145,0.050161,0.004493,3.248774,3.138102,3.760356,3.704371,3.969461,3.909883,3.629952,3.449369,3.865574,3.86343,0,0,0,0,0,0
2025/03/16 15:29:00.907,n,7.623844,14.732846,0.026191,0.000235,0.043791,0.008675,3.245817,3.132176,3.75589,3.704371,3.970923,3.918166,3.638317,3.447907,3.871111,3.854609,0,0,0,0,0,0
2025/03/16 15:30:00.913,n,7.583706,12.932396,0.026857,0.000717,0.038562,0.003588,3.250283,3.14843,3.754477,3.713206,3.970923,3.918166,3.641077,3.444904,3.871111,3.851637,0,0,0,0,0,0
2025/03/16 15:31:00.914,n,7.583706,13.093016,0.029001,0.001117,0.046495,0.005707,3.273863,3.166147,3.770653,3.745593,3.990057,3.896093,3.607799,3.467055,3.84618,3.864875,0,0,0,0,0,0
2025/03/16 15:32:00.918,n,7.585369,13.211924,0.029266,0.000254,0.054068,0.003217,3.263503,3.167641,3.76328,3.738267,3.990057,3.904344,3.624447,3.465594,3.857207,3.860505,0,0,0,0,0,0
2025/03/16 15:33:00.917,n,7.570378,13.764292,0.030174,0.000383,0.062885,0.003374,3.266473,3.176475,3.757352,3.729367,3.985623,3.915405,3.641077,3.456727,3.868318,3.860505,0,0,0,0,0,0
2025/03/16 15:34:00.920,n,7.548599,15.686978,0.031663,0.000244,0.066062,0.003835,3.26943,3.175013,3.76328,3.732371,3.991519,3.918166,3.641077,3.452326,3.871111,3.854609,0,0,0,0,0,0
2025/03/16 15:35:00.921,n,7.476677,17.250754,0.033331,0.000617,0.076626,0.006359,3.263503,3.172042,3.761819,3.733833,3.997383,3.929277,3.654883,3.447907,3.88214,3.853164,0,0,0,0,0,0
2025/03/16 15:36:00.925,n,7.486687,16.237548,0.034579,0.000599,0.082269,0.004822,3.262106,3.169086,3.764757,3.730894,4.001849,3.934879,3.657628,3.446366,3.887631,3.857534,0,0,0,0,0,0
2025/03/16 15:37:00.909,n,7.55695,14.61364,0.036539,0.000827,0.082065,0.002202,3.273863,3.164685,3.769176,3.729367,4.007714,3.943148,3.666009,3.467055,3.890505,3.86343,0,0,0,0,0,0
2025/03/16 15:38:00.912,n,7.570378,14.495268,0.039168,0.000819,0.082935,0.001904,3.272401,3.167641,3.766187,3.741192,4.000354,3.945909,3.668753,3.455265,3.904344,3.861967,0,0,0,0,0,0
2025/03/16 15:39:00.913,n,7.615494,15.758182,0.040247,0.001321,0.036453,0.021531,3.276819,3.169086,3.766187,3.73674,4.004757,3.951529,3.668753,3.456727,3.904344,3.85901,0,0,0,0,0,0
2025/03/16 15:40:00.915,n,7.563641,14.239298,0.045562,0.001468,0.040363,0.001223,3.272401,3.175013,3.761819,3.738267,4.003311,3.959797,3.685401,3.453802,3.904344,3.851637,0,0,0,0,0,0
2025/03/16 15:41:00.917,n,7.520184,15.283702,0.049423,0.001407,0.048896,0.00269,3.272401,3.169086,3.757352,3.738267,4.004757,3.965302,3.685401,3.447907,3.909883,3.848714,0,0,0,0,0,0
2025/03/16 15:42:00.919,n,7.466618,14.213516,0.052073,0.000914,0.053473,0.001349,3.273863,3.183896,3.760356,3.73674,4.015054,3.968048,3.702031,3.449369,3.918166,3.845741,0,0,0,0,0,0
2025/03/16 15:43:00.921,n,7.384636,14.896072,0.047623,0.001598,0.05178,0.000672,3.276819,3.180908,3.757352,3.732371,4.009175,3.976364,3.693781,3.443442,3.923754,3.845741,0,0,0,0,0,0
2025/03/16 15:44:00.921,n,7.364567,15.507798,0.041558,0.001749,0.047347,0.001456,3.270924,3.175013,3.761819,3.733833,4.015054,3.973619,3.702031,3.456727,3.926499,3.845741,0,0,0,0,0,0
2025/03/16 15:45:00.925,n,7.34993,16.017088,0.037762,0.001075,0.040422,0.002094,3.297232,3.207232,3.786652,3.763069,4.044293,3.896319,3.616326,3.477141,3.838011,3.874961,0,0,0,0,0,0
2025/03/16 15:46:00.913,n,7.329815,16.559978,0.034855,0.000858,0.036711,0.001136,3.313455,3.205771,3.789591,3.760112,4.039827,3.896319,3.624576,3.48013,3.840771,3.880857,0,0,0,0,0,0
2025/03/16 15:47:00.912,n,7.26619,16.41326,0.033777,0.000326,0.034574,0.000632,3.310549,3.207232,3.796917,3.76747,4.042798,3.901811,3.624576,3.487486,3.849136,3.880857,0,0,0,0,0,0
2025/03/16 15:48:00.914,n,7.311356,17.57443,0.033967,0.000257,0.035092,0.000306,3.309022,3.210172,3.785158,3.764531,4.039827,3.907348,3.632941,3.483036,3.860164,3.874961,0,0,0,0,0,0
2025/03/16 15:49:00.917,n,7.257839,17.736784,0.033316,0.000184,0.03595,0.000381,3.316445,3.221994,3.792516,3.773334,4.04132,3.910094,3.635701,3.481591,3.854642,3.87795,0,0,0,0,0,0
2025/03/16 15:50:00.920,n,7.222683,18.158768,0.031456,0.000466,0.033467,0.0008,3.30756,3.214621,3.793994,3.770459,4.048695,3.912839,3.632941,3.478667,3.85742,3.872021,0,0,0,0,0,0
2025/03/16 15:51:00.921,n,7.210964,18.253152,0.029027,0.000698,0.031174,0.000608,3.310549,3.214621,3.792516,3.76747,4.048695,3.915599,3.652317,3.474201,3.85742,3.876423,0,0,0,0,0,0
2025/03/16 15:52:00.922,n,7.165703,17.99177,0.027561,0.000468,0.028957,0.000663,3.313455,3.221994,3.793994,3.770459,4.050156,3.923965,3.64673,3.474201,3.865785,3.86762,0,0,0,0,0,0
2025/03/16 15:53:00.924,n,7.182499,19.372806,0.026754,0.000404,0.02625,0.000871,3.309022,3.217593,3.796917,3.774796,4.054591,3.923965,3.64673,3.474201,3.868545,3.873483,0,0,0,0,0,0
2025/03/16 15:54:00.926,n,7.120487,17.11882,0.024947,0.000419,0.025284,0.000318,3.31495,3.219055,3.796917,3.764531,4.058961,3.932249,3.652317,3.477141,3.874035,3.886786,0,0,0,0,0,0
2025/03/16 15:55:00.912,n,7.0887,17.333616,0.024095,0.000308,0.025279,6.946902e-05,3.323784,3.211633,3.796917,3.766009,4.045787,3.937869,3.663474,3.487486,3.879574,3.872021,0,0,0,0,0,0
2025/03/16 15:56:00.914,n,7.058525,18.331706,0.023372,0.000209,0.024688,0.000189,3.323784,3.223456,3.795455,3.776305,4.051619,3.932249,3.657855,3.484563,3.876814,3.876423,0,0,0,0,0,0
2025/03/16 15:57:00.916,n,7.053543,19.305204,0.022096,0.000477,0.023683,0.000364,3.325246,3.223456,3.799921,3.776305,4.045787,3.937869,3.666219,3.490459,3.876814,3.879379,0,0,0,0,0,0
2025/03/16 15:58:00.920,n,7.026688,18.40532,0.021006,0.00029,0.022294,0.000399,3.320909,3.226444,3.801352,3.776305,4.044293,3.943359,3.674502,3.487486,3.885064,3.864696,0,0,0,0,0,0
2025/03/16 15:59:00.921,n,7.00325,19.500802,0.02037,0.000227,0.021249,0.000288,3.319383,3.230878,3.795455,3.771872,4.057515,3.95174,3.677247,3.478667,3.896319,3.87056,0,0,0,0,0,0
2025/03/16 16:00:00.921,n,6.959698,19.872892,0.020166,0.000256,0.021265,0.000163,3.326772,3.226444,3.798395,3.773334,4.061949,3.957263,3.679993,3.477141,3.890685,3.873483,0,0,0,0,0,0
2025/03/16 16:01:00.922,n,6.956326,19.526754,0.019529,0.000135,0.020678,0.000121,3.348891,3.251501,3.813078,3.792516,4.070721,3.940614,3.660682,3.494827,3.868545,3.889677,0,0,0,0,0,0
2025/03/16 16:02:00.923,n,6.947979,20.509476,0.01816,0.000457,0.019269,0.000473,3.340057,3.248562,3.808742,3.783664,4.070721,3.94612,3.666219,3.488964,3.882319,3.885308,0,0,0,0,0,0
2025/03/16 16:03:00.923,n,6.91951,19.951776,0.017292,0.000223,0.01867,0.000184,3.340057,3.239679,3.804291,3.785158,4.066383,3.954486,3.682752,3.488964,3.887842,3.883781,0,0,0,0,0,0
2025/03/16 16:04:00.910,n,6.912773,19.805654,0.016669,0.000282,0.017778,0.000302,3.350352,3.232339,3.817544,3.783664,4.060422,3.965515,3.682752,3.497816,3.896319,3.883781,0,0,0,0,0,0
2025/03/16 16:05:00.911,n,6.849102,20.434966,0.016648,8.047935e-05,0.017096,0.000209,3.350352,3.239679,3.805753,3.786652,4.058961,3.968292,3.696655,3.493365,3.899065,3.889677,0,0,0,0,0,0
2025/03/16 16:06:00.912,n,6.825615,20.77602,0.016188,0.000195,0.017086,4.010796e-05,3.341502,3.239679,3.798395,3.782201,4.057515,3.979418,3.693863,3.494827,3.901811,3.873483,0,0,0,0,0,0
2025/03/16 16:07:00.915,n,6.810528,21.535582,0.015969,9.60654e-05,0.01673,0.000127,3.342964,3.236772,3.795455,3.7778,4.054591,3.982229,3.704891,3.488964,3.912839,3.87795,0,0,0,0,0,0
2025/03/16 16:08:00.916,n,6.753006,21.229788,0.016262,0.000132,0.01687,0.000109,3.342964,3.238217,3.795455,3.7778,4.051619,3.987766,3.716049,3.487486,3.923965,3.864696,0,0,0,0,0,0
2025/03/16 16:09:00.918,n,6.70789,22.04151,0.016585,0.000169,0.01735,0.000188,3.348891,3.233816,3.796917,3.782201,4.053113,3.990512,3.716049,3.487486,3.926743,3.876423,0,0,0,0,0,0
2025/03/16 16:10:00.922,n,6.657791,21.712016,0.016382,0.000117,0.017091,9.984682e-05,3.338563,3.244145,3.798395,3.7778,4.053113,3.996035,3.721636,3.478667,3.940614,3.872021,0,0,0,0,0,0
2025/03/16 16:11:00.921,n,6.642754,21.820456,0.015635,0.000211,0.016498,0.000166,3.341502,3.242667,3.796917,3.780757,4.063411,4.001541,3.727173,3.486025,3.935091,3.869082,0,0,0,0,0,0
2025/03/16 16:12:00.926,n,6.647782,22.95098,0.014852,0.000213,0.015662,0.000227,3.344458,3.242667,3.804291,3.771872,4.064889,3.998796,3.724397,3.481591,3.932249,3.879379,0,0,0,0,0,0
2025/03/16 16:13:00.909,n,6.617752,22.888646,0.014277,0.000228,0.014858,0.000243,3.357742,3.245606,3.814606,3.786652,4.058961,4.004286,3.729919,3.499293,3.937869,3.883781,0,0,0,0,0,0
2025/03/16 16:14:00.911,n,6.589337,23.39003,0.013718,0.000225,0.014204,0.00022,3.353292,3.239679,3.802813,3.783664,4.051619,4.004286,3.738202,3.490459,3.94612,3.874961,0,0,0,0,0,0
2025/03/16 16:15:00.913,n,6.547539,22.730744,0.01354,0.000149,0.014318,0.000122,3.360649,3.241205,3.798395,3.783664,4.048695,4.015543,3.740947,3.494827,3.957263,3.86762,0,0,0,0,0,0
2025/03/16 16:16:00.915,n,6.54065,23.18358,0.01387,8.66838e-05,0.014438,4.868921e-05,3.391878,3.290086,3.842867,3.822255,4.08581,3.987394,3.718436,3.530541,3.920847,3.90475,0,0,0,0,0,0
2025/03/16 16:17:00.918,n,6.54065,24.059872,0.013996,7.573705e-05,0.014454,4.412835e-05,3.394803,3.291548,3.839942,3.819283,4.100511,3.987394,3.715658,3.529014,3.918101,3.910645,0,0,0,0,0,0
2025/03/16 16:18:00.922,n,6.508862,23.461712,0.014419,0.000113,0.014837,0.000127,3.405163,3.296014,3.848778,3.822255,4.100511,3.990172,3.712898,3.53197,3.920847,3.915048,0,0,0,0,0,0
2025/03/16 16:19:00.922,n,6.507202,25.36187,0.01525,0.000261,0.015388,0.000179,3.396329,3.290086,3.837004,3.814881,4.096109,4.0012,3.726801,3.521657,3.923592,3.906212,0,0,0,0,0,0
2025/03/16 16:20:00.927,n,6.480446,25.4019,0.016461,0.000367,0.016678,0.000428,3.39334,3.290086,3.844377,3.816358,4.096109,4.0012,3.726801,3.523086,3.937381,3.910645,0,0,0,0,0,0
2025/03/16 16:21:00.925,n,6.472096,24.827638,0.017946,0.00046,0.018028,0.000381,3.394803,3.28718,3.839942,3.816358,4.094648,4.012326,3.737926,3.518717,3.937381,3.912108,0,0,0,0,0,0
2025/03/16 16:22:00.914,n,6.40696,25.24098,0.018407,9.888826e-05,0.019513,0.000446,3.400698,3.291548,3.841405,3.816358,4.082886,4.017914,3.740671,3.524613,3.945844,3.910645,0,0,0,0,0,0
2025/03/16 16:23:00.912,n,6.421948,24.874556,0.019144,0.000256,0.019411,0.000118,3.409565,3.293042,3.837004,3.817886,4.082886,4.009549,3.743416,3.537866,3.945844,3.912108,0,0,0,0,0,0
2025/03/16 16:24:00.916,n,6.410229,25.43022,0.017758,0.000438,0.018022,0.000472,3.400698,3.293042,3.837004,3.823717,4.07699,4.020675,3.743416,3.527552,3.948622,3.903272,0,0,0,0,0,0
2025/03/16 16:25:00.917,n,6.418579,26.167866,0.016696,0.00031,0.017557,0.000136,3.405163,3.293042,3.835541,3.823717,4.087273,4.020675,3.7517,3.524613,3.951367,3.90475,0,0,0,0,0,0
2025/03/16 16:26:00.918,n,6.408619,25.71272,0.016654,3.411969e-05,0.01773,5.424143e-05,3.402224,3.298938,3.83848,3.822255,4.081377,4.028944,3.75446,3.529014,3.959651,3.909184,0,0,0,0,0,0
2025/03/16 16:27:00.920,n,6.398609,24.172476,0.016523,4.063227e-05,0.017487,9.551298e-05,3.408119,3.296014,3.83848,3.822255,4.082886,4.031704,3.762727,3.529014,3.959651,3.903272,0,0,0,0,0,0
2025/03/16 16:28:00.926,n,6.430298,25.228742,0.016482,6.440978e-05,0.017784,0.000111,3.402224,3.298938,3.83848,3.817886,4.088783,4.04007,3.77395,3.521657,3.967901,3.912108,0,0,0,0,0,0
2025/03/16 16:29:00.924,n,6.443676,27.398774,0.015887,0.000203,0.016467,0.000414,3.399268,3.293042,3.847333,3.813419,4.079914,4.042815,3.771173,3.523086,3.967901,3.90475,0,0,0,0,0,0
2025/03/16 16:30:00.927,n,6.3802,24.80912,0.014644,0.000356,0.015102,0.000447,3.402224,3.294537,3.841405,3.813419,4.090245,4.045576,3.776696,3.526075,3.970679,3.91357,0,0,0,0,0,0
2025/03/16 16:31:00.919,n,6.438412,25.723346,0.013294,0.000345,0.013102,0.000425,3.455508,3.341924,3.87553,3.868172,4.118477,4.01309,3.735751,3.569064,3.935416,3.946234,0,0,0,0,0,0
2025/03/16 16:32:00.921,n,6.420052,24.020486,0.012499,0.000249,0.012713,0.000101,3.440746,3.341924,3.879996,3.859337,4.11258,4.01309,3.749621,3.56161,3.952081,3.941816,0,0,0,0,0,0
2025/03/16 16:33:00.908,n,6.431771,24.028594,0.013127,0.000208,0.013513,0.000245,3.462866,3.330134,3.879996,3.85344,4.117014,4.03518,3.766284,3.573465,3.949319,3.949173,0,0,0,0,0,0
2025/03/16 16:34:00.924,n,6.393292,25.877158,0.01445,0.000397,0.015005,0.000453,3.446674,3.340463,3.881458,3.851978,4.117014,4.040801,3.766284,3.560197,3.957572,3.941816,0,0,0,0,0,0
2025/03/16 16:35:00.910,n,6.379914,25.595198,0.015286,0.000254,0.016634,0.000504,3.458447,3.336061,3.872639,3.862308,4.108178,4.032435,3.766284,3.569064,3.957572,3.946234,0,0,0,0,0,0
2025/03/16 16:36:00.915,n,6.378254,26.450626,0.0155,7.052736e-05,0.016348,0.000131,3.455508,3.331596,3.868172,3.851978,4.09788,4.040801,3.769127,3.56757,3.965952,3.940338,0,0,0,0,0,0
2025/03/16 16:37:00.917,n,6.359844,24.789618,0.015907,0.00012,0.016817,0.000224,3.452569,3.3346,3.869634,3.851978,4.094955,4.046404,3.780155,3.564598,3.976981,3.938876,0,0,0,0,0,0
2025/03/16 16:38:00.916,n,6.361553,24.594486,0.016481,0.000167,0.017238,0.000186,3.440746,3.3346,3.86671,3.857875,4.091983,4.05464,3.7829,3.554284,3.979759,3.931517,0,0,0,0,0,0
2025/03/16 16:39:00.918,n,6.369904,25.039602,0.016957,0.000186,0.017848,0.000184,3.446674,3.331596,3.862308,3.85344,4.10082,4.057433,3.793929,3.552807,3.990884,3.93004,0,0,0,0,0,0
2025/03/16 16:40:00.906,n,6.361553,25.08605,0.016988,4.623645e-05,0.017605,0.000119,3.455508,3.330134,3.869634,3.840186,4.093445,4.065703,3.796803,3.56757,3.990884,3.940338,0,0,0,0,0,0
2025/03/16 16:41:00.906,n,6.361553,25.22013,0.017339,0.000174,0.018076,0.000152,3.454047,3.331596,3.872639,3.847544,4.084657,4.071304,3.805168,3.56757,3.990884,3.940338,0,0,0,0,0,0
2025/03/16 16:42:00.908,n,6.361553,24.524474,0.018249,0.000292,0.019097,0.000355,3.462866,3.336061,3.872639,3.847544,4.094955,4.068462,3.805168,3.564598,3.999121,3.940338,0,0,0,0,0,0
2025/03/16 16:43:00.909,n,6.366585,25.429616,0.019211,0.000291,0.019567,0.000169,3.462866,3.336061,3.868172,3.851978,4.088994,4.074147,3.807929,3.564598,4.004757,3.937413,0,0,0,0,0,0
2025/03/16 16:44:00.912,n,6.336457,24.433302,0.020449,0.000409,0.020716,0.000327,3.458447,3.340463,3.86671,3.844652,4.088994,4.082416,3.810674,3.566075,3.996376,3.935904,0,0,0,0,0,0
2025/03/16 16:45:00.915,n,6.346516,24.573688,0.018636,0.000617,0.019518,0.000481,3.455508,3.340463,3.868172,3.85344,4.088994,4.079671,3.813419,3.555811,4.010279,3.93004,0,0,0,0,0,0
2025/03/16 16:46:00.915,n,6.336457,24.95059,0.01549,0.000892,0.015879,0.001108,3.451108,3.341924,3.86671,3.850516,4.087581,4.087955,3.821703,3.560197,4.018628,3.927116,0,0,0,0,0,0
2025/03/16 16:47:00.917,n,6.316387,24.660928,0.013331,0.000664,0.01327,0.00079,3.454047,3.338936,3.860814,3.847544,4.088994,4.087955,3.824447,3.555811,4.007502,3.931517,0,0,0,0,0,0
2025/03/16 16:48:00.921,n,6.284649,25.100324,0.012907,0.000125,0.012594,0.000209,3.455508,3.352285,3.862308,3.847544,4.08612,4.0907,3.824447,3.560197,4.018628,3.93004,0,0,0,0,0,0
2025/03/16 16:49:00.907,n,6.259503,24.648772,0.01331,0.000129,0.012881,9.21289e-05,3.461404,3.333058,3.871111,3.843176,4.07876,4.098984,3.835573,3.56757,4.024152,3.937413,0,0,0,0,0,0
2025/03/16 16:50:00.909,n,6.224446,26.629796,0.014304,0.000388,0.013416,0.000196,3.462866,3.343386,3.868172,3.856348,4.081653,4.101827,3.832828,3.564598,4.026897,3.932948,0,0,0,0,0,0
2025/03/16 16:51:00.911,n,6.172638,27.668334,0.016215,0.00042,0.014124,0.000167,3.461404,3.346357,3.868172,3.85344,4.08318,4.104572,3.841097,3.574959,4.026897,3.935904,0,0,0,0,0,0
2025/03/16 16:52:00.911,n,6.110726,26.348288,0.015829,0.000209,0.014627,0.000165,3.468729,3.343386,3.862308,3.844652,4.074359,4.110192,3.838351,3.56757,4.029657,3.934441,0,0,0,0,0,0
2025/03/16 16:53:00.914,n,6.095639,26.712268,0.014001,0.000651,0.01387,0.000403,3.461404,3.353747,3.859337,3.844652,4.071354,4.115698,3.843938,3.560197,4.038023,3.931517,0,0,0,0,0,0
2025/03/16 16:54:00.918,n,6.07386,26.772154,0.014696,0.000442,0.014767,0.000553,3.45991,3.353747,3.857875,3.846082,4.072832,4.115698,3.849477,3.552807,4.032435,3.925588,0,0,0,0,0,0
2025/03/16 16:55:00.919,n,6.0555,26.2807,0.014241,0.000119,0.014011,0.000208,3.452569,3.347819,3.857875,3.844652,4.080191,4.121222,3.852222,3.554284,4.038023,3.922682,0,0,0,0,0,0
2025/03/16 16:56:00.921,n,6.020394,26.377766,0.013974,7.861676e-05,0.013557,0.000134,3.452569,3.349281,3.859337,3.849022,4.080191,4.121222,3.85776,3.557273,4.049149,3.922682,0,0,0,0,0,0
2025/03/16 16:57:00.923,n,5.996907,26.583328,0.013682,9.027222e-05,0.013016,0.000169,3.454047,3.347819,3.856348,3.849022,4.08318,4.118477,3.854967,3.552807,4.051894,3.924111,0,0,0,0,0,0
2025/03/16 16:58:00.910,n,6.035382,25.68101,0.013425,8.294026e-05,0.012767,7.643254e-05,3.470271,3.347819,3.862308,3.843176,4.074359,4.129506,3.863348,3.566075,4.060211,3.922682,0,0,0,0,0,0
2025/03/16 16:59:00.911,n,6.068878,26.377546,0.013247,4.825253e-05,0.012632,3.944277e-05,3.46587,3.350759,3.86671,3.844652,4.066985,4.129506,3.868871,3.563136,4.060211,3.931517,0,0,0,0,0,0
2025/03/16 17:00:00.912,n,6.067219,26.920362,0.013106,5.873778e-05,0.012377,7.922023e-05,3.473195,3.350759,3.859337,3.847544,4.066985,4.135094,3.868871,3.563136,4.062956,3.925588,0,0,0,0,0,0
2025/03/16 17:01:00.915,n,6.081227,26.229664,0.013049,8.46632e-05,0.012345,7.441803e-05,3.509947,3.412585,3.910728,3.903369,4.119857,4.019392,3.750417,3.616083,3.944561,3.97703,0,0,0,0,0,0
2025/03/16 17:02:00.917,n,6.084595,25.58038,0.012892,2.6429e-05,0.012232,2.133256e-05,3.505514,3.394899,3.904832,3.888671,4.11539,4.027757,3.76713,3.607247,3.963955,3.972612,0,0,0,0,0,0
2025/03/16 17:03:00.922,n,6.101296,27.35819,0.012892,5.855733e-05,0.012216,4.531162e-05,3.506959,3.400795,3.904832,3.882742,4.119857,4.038787,3.775413,3.592467,3.974984,3.974074,0,0,0,0,0,0
2025/03/16 17:04:00.921,n,6.012623,28.46261,0.012892,1.951911e-05,0.012199,2.108305e-05,3.502526,3.394899,3.900445,3.87985,4.108064,4.047167,3.780936,3.589528,3.969494,3.966715,0,0,0,0,0,0
2025/03/16 17:05:00.924,n,5.979225,26.387488,0.012981,8.765508e-05,0.012286,6.738099e-05,3.502526,3.396329,3.903369,3.878372,4.109526,4.055436,3.786441,3.593929,3.988985,3.971134,0,0,0,0,0,0
2025/03/16 17:06:00.925,n,5.994263,26.996144,0.012463,0.00016,0.011864,0.000116,3.504052,3.390434,3.897505,3.878372,4.108064,4.049945,3.794821,3.595424,3.983365,3.975536,0,0,0,0,0,0
2025/03/16 17:07:00.914,n,5.960816,27.130224,0.012463,3.253185e-05,0.011782,3.890243e-05,3.512887,3.397823,3.893072,3.893072,4.099195,4.063785,3.803154,3.599825,3.99173,3.965238,0,0,0,0,0,0
2025/03/16 17:08:00.912,n,5.917263,27.611206,0.01284,0.000107,0.012221,0.000133,3.512887,3.400795,3.899032,3.887176,4.097733,4.052691,3.800409,3.604291,3.983365,3.975536,0,0,0,0,0,0
2025/03/16 17:09:00.916,n,5.900513,28.189204,0.013651,0.000255,0.012784,0.000159,3.509947,3.399333,3.891609,3.885714,4.096271,4.069307,3.803154,3.598396,4.000014,3.959309,0,0,0,0,0,0
2025/03/16 17:10:00.916,n,5.890454,27.766224,0.014305,0.000182,0.013622,0.000265,3.506959,3.400795,3.900445,3.87985,4.088897,4.069307,3.81147,3.591006,4.008379,3.957847,0,0,0,0,0,0
2025/03/16 17:11:00.918,n,5.845288,28.04579,0.013965,0.000119,0.013984,0.000165,3.502526,3.399333,3.894566,3.87985,4.088897,4.074911,3.81696,3.598396,4.01114,3.965238,0,0,0,0,0,0
2025/03/16 17:12:00.923,n,5.816773,27.591802,0.013871,5.945412e-05,0.013444,0.00018,3.502526,3.403783,3.899032,3.872443,4.097733,4.080434,3.814215,3.588066,4.013886,3.974074,0,0,0,0,0,0
2025/03/16 17:13:00.922,n,5.816773,27.011206,0.013101,0.000236,0.013795,8.255657e-05,3.502526,3.400795,3.900445,3.871014,4.093331,4.08318,3.822562,3.589528,4.016631,3.966715,0,0,0,0,0,0
2025/03/16 17:14:00.925,n,5.823513,27.871876,0.011976,0.000365,0.01287,0.000294,3.509947,3.397823,3.896043,3.873921,4.090359,4.09156,3.828086,3.599825,4.013886,3.963776,0,0,0,0,0,0
2025/03/16 17:15:00.926,n,5.783276,28.07956,0.01088,0.000317,0.011577,0.000377,3.508421,3.388972,3.897505,3.875383,4.091902,4.080434,3.825308,3.598396,4.02217,3.965238,0,0,0,0,0,0
2025/03/16 17:16:00.913,n,5.818482,27.496826,0.009641,0.000406,0.009663,0.00057,3.512887,3.405196,3.890147,3.888671,4.081538,4.088719,3.828086,3.601319,4.02217,3.962314,0,0,0,0,0,0
2025/03/16 17:17:00.916,n,5.798367,27.62528,0.008748,0.000256,0.00868,0.000283,3.505514,3.399333,3.884251,3.87985,4.072703,4.094306,3.828086,3.589528,4.025011,3.959309,0,0,0,0,0,0
2025/03/16 17:18:00.921,n,5.793385,28.3055,0.00786,0.000262,0.008132,0.000155,3.509947,3.406657,3.890147,3.884251,4.078599,4.088719,3.825308,3.593929,4.019392,3.966715,0,0,0,0,0,0
2025/03/16 17:19:00.918,n,5.759888,28.66609,0.007446,0.000119,0.007683,0.000135,3.499586,3.400795,3.885714,3.878372,4.075675,4.094306,3.830864,3.591006,4.025011,3.963776,0,0,0,0,0,0
2025/03/16 17:20:00.921,n,5.779957,29.182356,0.007153,0.000101,0.007249,0.000141,3.504052,3.402256,3.882742,3.875383,4.072703,4.105433,3.839114,3.586605,4.041629,3.965238,0,0,0,0,0,0
2025/03/16 17:21:00.925,n,5.748169,29.841864,0.006707,0.000129,0.006821,0.000129,3.501063,3.402256,3.882742,3.875383,4.078599,4.102687,3.850241,3.595424,4.038787,3.965238,0,0,0,0,0,0
2025/03/16 17:22:00.925,n,5.724682,27.672002,0.006335,0.000135,0.006583,6.788953e-05,3.508421,3.396329,3.890147,3.872443,4.075675,4.102687,3.847495,3.598396,4.044407,3.96964,0,0,0,0,0,0
2025/03/16 17:23:00.930,n,5.766579,26.582782,0.006036,9.556836e-05,0.006182,0.000144,3.508421,3.388972,3.896043,3.859222,4.074197,4.113717,3.844702,3.598396,4.049945,3.96964,0,0,0,0,0,0
2025/03/16 17:24:00.931,n,5.826832,27.92375,0.005505,0.000148,0.005759,0.000114,3.511409,3.397823,3.903369,3.871014,4.078599,4.102687,3.85586,3.605785,4.049945,3.97703,0,0,0,0,0,0
2025/03/16 17:25:00.917,n,5.858715,27.084264,0.005248,7.773682e-05,0.005292,0.000143,3.508421,3.403783,3.878372,3.87985,4.058003,4.110956,3.850241,3.591006,4.049945,3.959309,0,0,0,0,0,0
2025/03/16 17:26:00.918,n,5.865357,27.199208,0.004933,0.000107,0.005048,7.288876e-05,3.508421,3.406657,3.87691,3.87691,4.05948,4.110956,3.858606,3.598396,4.055436,3.962314,0,0,0,0,0,0
2025/03/16 17:27:00.919,n,5.865357,27.781812,0.004597,0.000104,0.004597,0.000142,3.509947,3.419975,3.885714,3.882742,4.062404,4.113717,3.858606,3.596933,4.061039,3.972612,0,0,0,0,0,0
2025/03/16 17:28:00.921,n,5.870819,26.891356,0.004381,8.733756e-05,0.004397,7.824569e-05,3.520097,3.415363,3.903223,3.882628,4.07699,4.065703,3.810512,3.608513,4.013025,3.97539,0,0,0,0,0,0
2025/03/16 17:29:00.923,n,5.857392,28.179534,0.004176,5.986435e-05,0.00406,0.000104,3.520097,3.427218,3.900283,3.886997,4.074018,4.065703,3.807767,3.607036,4.010279,3.988612,0,0,0,0,0,0
2025/03/16 17:30:00.926,n,5.847332,28.97001,0.003913,7.155158e-05,0.003951,2.587254e-05,3.517158,3.418366,3.897359,3.885552,4.075513,4.074082,3.816147,3.607036,4.010279,3.985687,0,0,0,0,0,0
2025/03/16 17:31:00.928,n,5.865742,27.947662,0.003766,6.981298e-05,0.003745,8.274464e-05,3.540772,3.433081,3.920911,3.895882,4.088751,4.043562,3.791216,3.621863,3.990788,4.000436,0,0,0,0,0,0
2025/03/16 17:32:00.930,n,5.832245,29.80629,0.003577,5.125702e-05,0.003505,6.265021e-05,3.537784,3.424229,3.916477,3.886997,4.085778,4.05183,3.805021,3.6262,4.001914,4.001849,0,0,0,0,0,0
2025/03/16 17:33:00.934,n,5.800507,30.861972,0.003398,5.206367e-05,0.003364,5.04637e-05,3.542217,3.424229,3.915015,3.885552,4.074018,4.060082,3.807767,3.632146,4.013025,3.994508,0,0,0,0,0,0
2025/03/16 17:34:00.916,n,5.770283,28.34492,0.003272,3.216378e-05,0.003217,4.21033e-05,3.524515,3.436052,3.895882,3.89442,4.069552,4.068462,3.813354,3.617397,4.004692,3.985687,0,0,0,0,0,0
2025/03/16 17:35:00.918,n,5.807148,26.669214,0.003156,4.635075e-05,0.003016,5.899622e-05,3.528982,3.436052,3.897359,3.891448,4.065182,4.071337,3.810512,3.620337,4.015785,3.982715,0,0,0,0,0,0
2025/03/16 17:36:00.921,n,5.830635,27.722904,0.002829,9.1744e-05,0.002782,7.644984e-05,3.527455,3.427218,3.892925,3.888458,4.06073,4.076828,3.821637,3.610039,4.015785,3.982715,0,0,0,0,0,0
2025/03/16 17:37:00.922,n,5.849041,27.506886,0.00254,9.218274e-05,0.002429,0.000104,3.527455,3.425691,3.89442,3.886997,4.065182,4.076828,3.821637,3.61886,4.026815,3.981254,0,0,0,0,0,0
2025/03/16 17:38:00.924,n,5.845673,27.09733,0.002408,3.862943e-05,0.002276,4.222096e-05,3.530443,3.427218,3.90475,3.88409,4.065182,4.079574,3.827176,3.614459,4.026815,3.985687,0,0,0,0,0,0
2025/03/16 17:39:00.926,n,5.850704,28.565938,0.002277,3.612537e-05,0.002124,4.40721e-05,3.527455,3.425691,3.901746,3.882628,4.057855,4.085113,3.827176,3.614459,4.03518,3.984225,0,0,0,0,0,0
2025/03/16 17:40:00.930,n,5.80212,27.770924,0.002113,4.872316e-05,0.001977,4.816678e-05,3.527455,3.422752,3.903223,3.882628,4.06073,4.085113,3.838286,3.615936,4.032338,3.988612,0,0,0,0,0,0
2025/03/16 17:41:00.929,n,5.808857,28.062734,0.00194,5.554581e-05,0.001792,6.123532e-05,3.537784,3.416889,3.89442,3.8811,4.051927,4.087857,3.835541,3.615936,4.040801,3.981254,0,0,0,0,0,0
2025/03/16 17:42:00.932,n,5.783711,27.06973,0.001755,5.342743e-05,0.001601,6.026904e-05,3.531921,3.424229,3.903223,3.876764,4.057855,4.085113,3.841046,3.617397,4.049052,3.984225,0,0,0,0,0,0
2025/03/16 17:43:00.917,n,5.807148,28.610334,0.001634,3.643077e-05,0.001465,4.19183e-05,3.524515,3.434575,3.886997,3.875286,4.043091,4.098984,3.846634,3.610039,4.049052,3.97245,0,0,0,0,0,0
2025/03/16 17:44:00.918,n,5.768673,29.903178,0.001518,2.936326e-05,0.001367,2.835769e-05,3.51862,3.436052,3.888458,3.876764,4.04897,4.098984,3.843792,3.61886,4.043562,3.97245,0,0,0,0,0,0
2025/03/16 17:45:00.920,n,5.756954,29.28631,0.001413,3.457944e-05,0.001215,4.677691e-05,3.525993,3.424229,3.88409,3.872297,4.044569,4.096141,3.84938,3.602667,4.049052,3.97539,0,0,0,0,0,0
2025/03/16 17:46:00.923,n,5.750214,28.197926,0.001312,3.021809e-05,0.001128,2.917399e-05,3.523086,3.419829,3.885552,3.872297,4.051927,4.098984,3.84938,3.605606,4.043562,3.979791,0,0,0,0,0,0
2025/03/16 17:47:00.924,n,5.736836,29.71102,0.001275,1.257325e-05,0.001062,2.497329e-05,3.517158,3.427218,3.88409,3.866401,4.044569,4.101762,3.857695,3.608513,4.06286,3.976852,0,0,0,0,0,0
2025/03/16 17:48:00.927,n,5.738545,30.256718,0.001244,1.020679e-05,0.001046,6.613504e-06,3.528982,3.424229,3.891448,3.87376,4.047558,4.104604,3.854918,3.612964,4.06286,3.982715,0,0,0,0,0,0
2025/03/16 17:49:00.930,n,5.69162,30.61229,0.001228,9.94419e-06,0.001008,1.104707e-05,3.524515,3.416889,3.891448,3.867863,4.03726,4.10735,3.868789,3.611502,4.065703,3.982715,0,0,0,0,0,0
2025/03/16 17:50:00.933,n,5.669842,30.843542,0.001207,9.484582e-06,0.001002,9.80604e-06,3.528982,3.413933,3.888458,3.869358,4.040167,4.104604,3.860441,3.61886,4.06286,3.982715,0,0,0,0,0,0
2025/03/16 17:51:00.935,n,5.69328,28.087778,0.001154,1.741005e-05,0.000948,2.257538e-05,3.546669,3.419829,3.892925,3.875286,4.044569,4.10735,3.860441,3.623326,4.068462,3.991583,0,0,0,0,0,0
2025/03/16 17:52:00.920,n,5.758564,27.846908,0.001065,2.635538e-05,0.000861,2.550562e-05,3.524515,3.431619,3.878161,3.879624,4.043091,4.112888,3.866028,3.611502,4.071337,3.981254,0,0,0,0,0,0
2025/03/16 17:53:00.920,n,5.743527,27.806736,0.001012,2.081665e-05,0.000812,1.130599e-05,3.530443,3.433081,3.88409,3.876764,4.038705,4.112888,3.860441,3.605606,4.071337,3.976852,0,0,0,0,0,0
2025/03/16 17:54:00.924,n,5.763642,27.484772,0.000991,8.683628e-06,0.000768,1.184003e-05,3.523086,3.427218,3.88409,3.875286,4.041629,4.10735,3.871534,3.614459,4.071337,3.979791,0,0,0,0,0,0
2025/03/16 17:55:00.926,n,5.768673,28.07843,0.000975,1.381108e-05,0.000757,4.82011e-06,3.523086,3.422752,3.8811,3.864939,4.03427,4.121141,3.874311,3.611502,4.074082,3.984225,0,0,0,0,0,0
2025/03/16 17:56:00.928,n,5.753582,27.91542,0.000922,1.777662e-05,0.000703,1.906482e-05,3.524515,3.427218,3.889986,3.864939,4.041629,4.121141,3.866028,3.614459,4.076828,3.985687,0,0,0,0,0,0
2025/03/16 17:57:00.930,n,5.760323,26.809794,0.000854,2.175092e-05,0.000637,2.474129e-05,3.536306,3.424229,3.895882,3.862,4.040167,4.11838,3.877154,3.615936,4.082367,3.98715,0,0,0,0,0,0
2025/03/16 17:58:00.931,n,5.80378,27.364768,0.00079,2.101037e-05,0.000561,2.251946e-05,3.527455,3.413933,3.886997,3.862,4.032793,4.132283,3.8799,3.605606,4.085113,3.982715,0,0,0,0,0,0
2025/03/16 17:59:00.932,n,5.819374,27.651388,0.000838,1.979462e-05,0.000626,1.519227e-05,3.576242,3.456727,3.922503,3.901843,4.078534,4.067293,3.820533,3.661721,4.020205,4.024054,0,0,0,0,0,0
2025/03/16 18:00:00.934,n,5.807705,27.952474,0.000769,2.411255e-05,0.000545,2.544802e-05,3.56442,3.461193,3.913634,3.901843,4.06385,4.072881,3.823326,3.652868,4.028488,4.02113,0,0,0,0,0,0
2025/03/16 18:01:00.906,n,5.772499,28.916794,0.000748,4.347931e-05,0.00055,4.369839e-05,3.588034,3.480341,3.928366,3.929861,4.071175,4.039615,3.795552,3.666122,4.000713,4.027026,0,0,0,0,0,0
2025/03/16 18:02:00.908,n,5.750721,27.800328,0.000748,1.113095e-05,0.000501,1.707922e-05,3.579182,3.486301,3.918101,3.9239,4.06091,4.05901,3.806581,3.66466,4.014617,4.01819,0,0,0,0,0,0
2025/03/16 18:03:00.908,n,5.790905,28.797998,0.00068,2.288728e-05,0.000425,2.168335e-05,3.53348,3.440568,3.875383,3.881279,4.022592,4.042359,3.798298,3.617462,4.003491,3.975504,0,0,0,0,0,0
2025/03/16 18:04:00.910,n,5.75409,29.051152,0.000606,2.362062e-05,0.000343,2.423461e-05,3.529047,3.437579,3.870917,3.879753,4.024054,4.047898,3.792792,3.616018,4.006251,3.975504,0,0,0,0,0,0
2025/03/16 18:05:00.911,n,5.76244,28.967146,0.000553,1.594636e-05,0.000305,1.352831e-05,3.530508,3.44203,3.869455,3.870917,4.013789,4.056232,3.806581,3.611567,4.017459,3.969607,0,0,0,0,0,0
2025/03/16 18:06:00.932,n,5.707165,29.290044,0.000484,1.891132e-05,0.000245,1.86978e-05,3.56442,3.474478,3.907739,3.916574,4.065312,4.075643,3.831562,3.666122,4.039615,4.025596,0,0,0,0,0,0
2025/03/16 18:07:00.915,n,5.690369,29.004044,0.000463,9.393704e-06,0.000217,9.739414e-06,3.562893,3.478879,3.906276,3.913634,4.06091,4.075643,3.837101,3.6396,4.036772,4.007892,0,0,0,0,0,0
2025/03/16 18:08:00.919,n,5.6703,28.534592,0.000447,7.088694e-06,0.00019,9.676068e-06,3.55266,3.474478,3.903369,3.898903,4.056476,4.075643,3.831562,3.641077,4.036772,4.013789,0,0,0,0,0,0
2025/03/16 18:09:00.922,n,5.697109,27.756378,0.000426,1.245847e-05,0.000179,1.24914e-05,3.554058,3.470045,3.910728,3.897441,4.057953,4.067293,3.834355,3.645478,4.031249,4.013789,0,0,0,0,0,0
2025/03/16 18:10:00.905,n,5.688759,28.63622,0.000395,1.405365e-05,0.000152,1.318798e-05,3.56442,3.470045,3.895979,3.90038,4.050579,4.081263,3.831562,3.648403,4.042359,4.010832,0,0,0,0,0,0
2025/03/16 18:11:00.908,n,5.668591,29.46503,0.000363,8.710958e-06,0.000119,9.448964e-06,3.561463,3.461193,3.890082,3.906276,4.041791,4.086753,3.834355,3.64988,4.042359,4.003491,0,0,0,0,0,0
2025/03/16 18:12:00.909,n,5.630116,29.58999,0.000342,1.043362e-05,8.667036e-05,1.214707e-05,3.561463,3.472951,3.897441,3.904782,4.035879,4.078387,3.837101,3.645478,4.045138,4.007892,0,0,0,0,0,0
2025/03/16 18:13:00.911,n,5.638466,29.831334,0.000337,9.619292e-06,8.132537e-05,7.25487e-06,3.56442,3.477417,3.891577,3.903369,4.044715,4.078387,3.834355,3.64254,4.050741,4.00643,0,0,0,0,0,0
2025/03/16 18:14:00.914,n,5.59491,29.212066,0.000316,1.169953e-05,5.950003e-05,1.302933e-05,3.561463,3.478879,3.894516,3.898903,4.043253,4.086753,3.842606,3.635182,4.050741,3.99904,0,0,0,0,0,0
2025/03/16 18:15:00.914,n,5.613369,29.003622,0.000305,7.966697e-06,4.301967e-05,7.159779e-06,3.554058,3.468582,3.890082,3.893039,4.044715,4.092292,3.848226,3.641077,4.056232,3.996132,0,0,0,0,0,0
2025/03/16 18:16:00.916,n,5.599942,28.463186,0.000294,6.899549e-06,3.218124e-05,6.921831e-06,3.55266,3.470045,3.897441,3.90038,4.041791,4.089546,3.845465,3.644002,4.05901,4.007892,0,0,0,0,0,0
2025/03/16 18:17:00.919,n,5.638466,29.474512,0.000279,1.012597e-05,1.03559e-05,6.304474e-06,3.56442,3.471522,3.90038,3.894516,4.046128,4.084008,3.845465,3.636611,4.050741,4.00643,0,0,0,0,0,0
2025/03/16 18:18:00.922,n,5.621716,28.79389,0.000258,8.702354e-06,-1.161791e-05,9.529872e-06,3.56442,3.468582,3.90038,3.890082,4.047623,4.086753,3.851068,3.638138,4.050741,4.010832,0,0,0,0,0,0
2025/03/16 18:19:00.908,n,5.620056,29.993052,0.000252,4.41089e-06,-1.161791e-05,5.701461e-06,3.568821,3.467055,3.887111,3.907739,4.032955,4.095037,3.848226,3.648403,4.053486,4.012294,0,0,0,0,0,0
2025/03/16 18:20:00.907,n,5.581532,29.107146,0.000231,7.044819e-06,-2.780132e-05,6.720097e-06,3.56442,3.471522,3.894516,3.903369,4.034417,4.095037,3.851068,3.645478,4.056232,4.00643,0,0,0,0,0,0
2025/03/16 18:21:00.911,n,5.574795,28.961256,0.000226,7.212274e-06,-3.878823e-05,6.158031e-06,3.567358,3.477417,3.891577,3.898903,4.032955,4.100544,3.859337,3.641077,4.06177,4.004968,0,0,0,0,0,0
2025/03/16 18:22:00.911,n,5.573181,30.41193,0.000226,6.71816e-06,-3.314631e-05,8.346213e-06,3.565881,3.475939,3.891577,3.90038,4.035879,4.097798,3.851068,3.64254,4.067293,4.007892,0,0,0,0,0,0
2025/03/16 18:23:00.916,n,5.564736,29.415282,0.000215,7.61855e-06,-4.428168e-05,7.53379e-06,3.565881,3.480341,3.898903,3.898903,4.043253,4.095037,3.853846,3.641077,4.064548,4.004968,0,0,0,0,0,0
2025/03/16 18:24:00.916,n,5.568104,29.713068,0.000199,8.212946e-06,-4.962666e-05,6.347087e-06,3.56442,3.477417,3.894516,3.894516,4.038787,4.100544,3.856591,3.633704,4.067293,4.003491,0,0,0,0,0,0
2025/03/16 18:25:00.920,n,5.553017,29.669062,0.00021,8.838168e-06,-5.512011e-05,6.310983e-06,3.565881,3.472951,3.895979,3.890082,4.038787,4.106164,3.862097,3.630716,4.070054,4.009369,0,0,0,0,0,0
2025/03/16 18:26:00.920,n,5.564736,30.562402,0.000194,5.906468e-06,-6.610702e-05,6.679735e-06,3.568821,3.471522,3.901843,3.90038,4.047623,4.097798,3.859337,3.632243,4.06177,4.00643,0,0,0,0,0,0
2025/03/16 18:27:00.922,n,5.537976,30.390574,0.000194,5.165792e-06,-6.610702e-05,5.694974e-06,3.56442,3.475939,3.895979,3.887111,4.049116,4.106164,3.862097,3.645478,4.072881,4.016728,0,0,0,0,0,0
2025/03/16 18:28:00.908,n,5.556385,30.372456,0.000184,7.956961e-06,-8.229043e-05,7.482439e-06,3.567358,3.477417,3.88862,3.904782,4.032955,4.095037,3.864875,3.651407,4.067293,4.00643,0,0,0,0,0,0
2025/03/16 18:29:00.909,n,5.556385,29.578284,0.000184,5.76568e-06,-6.610702e-05,9.070096e-06,3.571777,3.481835,3.891577,3.903369,4.028488,4.097798,3.864875,3.648403,4.072881,4.007892,0,0,0,0,0,0
2025/03/16 18:30:00.911,n,5.541298,29.93939,0.000173,8.916026e-06,-7.160047e-05,6.006185e-06,3.568821,3.487763,3.887111,3.909201,4.032955,4.100544,3.862097,3.648403,4.075643,4.003491,0,0,0,0,0,0
2025/03/16 18:31:00.915,n,5.549694,31.016896,0.000221,2.949722e-05,-2.245634e-05,3.05007e-05,3.590941,3.500998,3.909201,3.912205,4.050579,4.072881,3.842606,3.655776,4.050741,4.027026,0,0,0,0,0,0
2025/03/16 18:32:00.918,n,5.544667,31.31937,0.000236,9.504448e-06,-3.314631e-05,6.610964e-06,3.588034,3.498092,3.916574,3.909201,4.053551,4.081263,3.842606,3.660226,4.053486,4.01819,0,0,0,0,0,0
2025/03/16 18:33:00.923,n,5.517811,30.062788,0.000199,8.735248e-06,-5.512011e-05,7.710224e-06,3.580643,3.493641,3.910728,3.90038,4.056476,4.084008,3.851068,3.658765,4.05901,4.032955,0,0,0,0,0,0
2025/03/16 18:34:00.924,n,5.507752,30.372252,0.000199,5.672614e-06,-7.694545e-05,8.657142e-06,3.574716,3.481835,3.904782,3.88862,4.043253,4.095037,3.856591,3.645478,4.064548,4.022592,0,0,0,0,0,0
2025/03/16 18:35:00.924,n,5.522839,31.91753,0.000189,8.650536e-06,-7.694545e-05,8.580962e-06,3.585045,3.487763,3.906276,3.88862,4.047623,4.103322,3.862097,3.64988,4.070054,4.02113,0,0,0,0,0,0
2025/03/16 18:36:00.927,n,5.472546,31.958252,0.000189,6.560943e-06,-7.694545e-05,5.844903e-06,3.583583,3.480341,3.904782,3.88862,4.040313,4.103322,3.864875,3.644002,4.075643,4.024054,0,0,0,0,0,0
2025/03/16 18:37:00.914,n,5.465859,32.279946,0.000194,7.31896e-06,-7.694545e-05,4.314502e-06,3.576242,3.492163,3.88862,3.898903,4.040313,4.103322,3.86762,3.644002,4.081263,4.007892,0,0,0,0,0,0
2025/03/16 18:38:00.914,n,5.430653,30.560586,0.000189,7.555889e-06,-7.694545e-05,6.322436e-06,3.574716,3.496565,3.897441,3.90038,4.034417,4.108909,3.86762,3.645478,4.081263,4.010832,0,0,0,0,0,0
2025/03/16 18:39:00.916,n,5.484265,30.56664,0.000168,9.901876e-06,-8.778388e-05,7.73947e-06,3.574716,3.495103,3.897441,3.898903,4.037324,4.106164,3.873125,3.648403,4.086753,4.009369,0,0,0,0,0,0
2025/03/16 18:40:00.918,n,5.460877,31.007788,0.000184,5.69035e-06,-7.694545e-05,7.700563e-06,3.577705,3.493641,3.901843,3.895979,4.046128,4.103322,3.878746,3.651407,4.081263,4.019668,0,0,0,0,0,0
2025/03/16 18:41:00.921,n,5.457508,29.60117,0.000173,4.723457e-06,-8.778388e-05,6.351029e-06,3.573254,3.486301,3.90038,3.893039,4.040313,4.11729,3.88149,3.64254,4.089546,4.016728,0,0,0,0,0,0
2025/03/16 18:42:00.922,n,5.504433,32.023602,0.000168,8.543392e-06,-9.87708e-05,5.959706e-06,3.576242,3.480341,3.898903,3.890082,4.038787,4.11453,3.873125,3.645478,4.092292,4.010832,0,0,0,0,0,0
2025/03/16 18:43:00.926,n,5.475918,32.011544,0.000173,5.251855e-06,-8.778388e-05,6.376203e-06,3.582106,3.48924,3.904782,3.893039,4.043253,4.125574,3.878746,3.646941,4.092292,4.022592,0,0,0,0,0,0
2025/03/16 18:44:00.926,n,5.474209,30.630162,0.000173,6.456939e-06,-8.229043e-05,7.70681e-06,3.586507,3.487763,3.90038,3.891577,4.037324,4.11729,3.875903,3.654299,4.095037,4.02113,0,0,0,0,0,0
2025/03/16 18:45:00.928,n,5.485974,30.455586,0.000168,1.018106e-05,-9.87708e-05,4.691348e-06,3.585045,3.478879,3.903369,3.887111,4.038787,4.11729,3.884365,3.652868,4.084008,4.019668,0,0,0,0,0,0
2025/03/16 18:46:00.914,n,5.472546,32.375152,0.000163,9.133472e-06,-0.000104,5.704748e-06,3.580643,3.499537,3.890082,3.894516,4.028488,4.11729,3.88149,3.638138,4.092292,4.007892,0,0,0,0,0,0
2025/03/16 18:47:00.915,n,5.427284,32.480614,0.000163,7.62804e-06,-0.000104,6.746656e-06,3.579182,3.490637,3.88862,3.894516,4.028488,4.125574,3.889871,3.644002,4.097798,4.003491,0,0,0,0,0,0
2025/03/16 18:48:00.917,n,5.423962,30.850646,0.000147,5.952223e-06,-0.00011,5.859584e-06,3.576242,3.492163,3.891577,3.887111,4.025596,4.122813,3.889871,3.641077,4.097798,4.007892,0,0,0,0,0,0
2025/03/16 18:49:00.919,n,5.412243,30.864364,0.000141,6.78056e-06,-0.000115,4.922217e-06,3.582106,3.493641,3.885617,3.887111,4.031428,4.122813,3.892616,3.64254,4.100544,4.00643,0,0,0,0,0,0
2025/03/16 18:50:00.921,n,5.422253,31.123988,0.000163,9.946526e-06,-0.000104,5.917721e-06,3.582106,3.490637,3.893039,3.88862,4.034417,4.131098,3.88149,3.648403,4.103322,4.015266,0,0,0,0,0,0
2025/03/16 18:51:00.924,n,5.400479,31.155118,0.000147,6.128247e-06,-0.000121,6.360481e-06,3.579182,3.487763,3.891577,3.885617,4.031428,4.125574,3.9009,3.646941,4.106164,4.012294,0,0,0,0,0,0
2025/03/16 18:52:00.926,n,5.407166,31.081238,0.000157,4.919854e-06,-0.000121,6.901796e-06,3.585045,3.487763,3.894516,3.879753,4.028488,4.125574,3.889871,3.655776,4.100544,4.02113,0,0,0,0,0,0
2025/03/16 18:53:00.929,n,5.410534,30.949738,0.000152,8.148832e-06,-0.000104,6.758231e-06,3.590941,3.48924,3.901843,3.884219,4.037324,4.122813,3.889871,3.652868,4.097798,4.024054,0,0,0,0,0,0
2025/03/16 18:54:00.930,n,5.373623,32.275112,0.000157,8.125493e-06,-0.00011,4.685009e-06,3.592403,3.490637,3.893039,3.878291,4.032955,4.12832,3.903645,3.658765,4.11453,4.027026,0,0,0,0,0,0
2025/03/16 18:55:00.914,n,5.366932,32.464752,0.000147,7.363307e-06,-0.000115,5.493513e-06,3.583583,3.505464,3.891577,3.90038,4.022592,4.131098,3.906423,3.645478,4.108909,4.012294,0,0,0,0,0,0
2025/03/16 18:56:00.917,n,5.338417,32.524616,0.000147,7.590519e-06,-0.000126,5.472544e-06,3.577705,3.508323,3.890082,3.903369,4.028488,4.139446,3.895394,3.6396,4.106164,4.01819,0,0,0,0,0,0
2025/03/16 18:57:00.920,n,5.346863,32.40821,0.000147,5.641097e-06,-0.000115,4.915125e-06,3.579182,3.500998,3.887111,3.894516,4.031428,4.133843,3.895394,3.644002,4.108909,4.015266,0,0,0,0,0,0
2025/03/16 18:58:00.921,n,5.356823,33.169292,0.000141,4.167523e-06,-0.000121,4.355924e-06,3.588034,3.502461,3.903369,3.893039,4.037324,4.131098,3.895394,3.64254,4.11453,4.019668,0,0,0,0,0,0
2025/03/16 18:59:00.925,n,5.328358,35.71988,0.000141,5.068339e-06,-0.000115,8.236036e-06,3.596869,3.498092,3.895979,3.890082,4.034417,4.12832,3.892616,3.645478,4.111785,4.027026,0,0,0,0,0,0
2025/03/16 19:00:00.925,n,5.293152,33.686532,0.000141,6.28786e-06,-0.000126,7.316841e-06,3.586507,3.490637,3.891577,3.884219,4.027026,4.133843,3.903645,3.644002,4.120068,4.019668,0,0,0,0,0,0
2025/03/16 19:01:00.924,n,5.284756,33.18814,0.000189,2.992299e-05,-7.160047e-05,2.943185e-05,3.614556,3.50985,3.919563,3.907739,4.041791,4.103322,3.873125,3.667599,4.089546,4.038787,0,0,0,0,0,0
2025/03/16 19:02:00.923,n,5.284756,34.881988,0.000168,7.575015e-06,-8.778388e-05,5.346084e-06,3.605671,3.50985,3.907739,3.894516,4.046128,4.120068,3.889871,3.661721,4.103322,4.028488,0,0,0,0,0,0
2025/03/16 19:03:00.925,n,5.237782,36.45992,0.000168,7.230164e-06,-9.87708e-05,7.438889e-06,3.60127,3.511328,3.913634,3.898903,4.040313,4.120068,3.887111,3.663198,4.106164,4.029966,0,0,0,0,0,0
2025/03/16 19:04:00.911,n,5.167324,35.60406,0.000152,9.514638e-06,-0.000104,5.823757e-06,3.596869,3.515778,3.897441,3.915097,4.027026,4.122813,3.889871,3.666122,4.106164,4.024054,0,0,0,0,0,0
2025/03/16 19:05:00.913,n,5.116982,35.4899,0.000147,9.66284e-06,-0.000104,6.463839e-06,3.595407,3.521674,3.893039,3.904782,4.029966,4.120068,3.9009,3.652868,4.108909,4.022592,0,0,0,0,0,0
2025/03/16 19:06:00.914,n,5.118691,34.890484,0.000141,6.110937e-06,-0.000126,7.323548e-06,3.583583,3.51279,3.893039,3.903369,4.027026,4.139446,3.903645,3.652868,4.11729,4.013789,0,0,0,0,0,0
2025/03/16 19:07:00.917,n,5.110291,34.921052,0.000136,7.9451e-06,-0.000131,5.900121e-06,3.590941,3.505464,3.887111,3.898903,4.019668,4.136685,3.906423,3.657303,4.11729,4.01819,0,0,0,0,0,0
2025/03/16 19:08:00.920,n,5.130409,34.751032,0.000141,5.291921e-06,-0.000131,7.512765e-06,3.588034,3.51279,3.894516,3.894516,4.024054,4.133843,3.903645,3.648403,4.125574,4.024054,0,0,0,0,0,0
2025/03/16 19:09:00.921,n,5.127041,35.14024,0.000131,8.091476e-06,-0.000137,9.404906e-06,3.590941,3.511328,3.897441,3.885617,4.032955,4.145067,3.9009,3.658765,4.120068,4.024054,0,0,0,0,0,0
2025/03/16 19:10:00.923,n,5.090126,34.38526,0.000141,7.988074e-06,-0.000137,4.810183e-06,3.595407,3.503987,3.891577,3.88862,4.024054,4.133843,3.903645,3.64988,4.120068,4.019668,0,0,0,0,0,0
2025/03/16 19:11:00.924,n,5.086804,34.061628,0.000125,4.219893e-06,-0.000142,5.901654e-06,3.595407,3.502461,3.893039,3.887111,4.031428,4.147812,3.909184,3.64988,4.122813,4.024054,0,0,0,0,0,0
2025/03/16 19:12:00.928,n,5.088513,35.95484,0.000125,6.111042e-06,-0.000137,4.315999e-06,3.599743,3.496565,3.895979,3.893039,4.027026,4.142306,3.914772,3.661721,4.125574,4.022592,0,0,0,0,0,0
2025/03/16 19:13:00.912,n,5.068939,37.059744,0.000226,6.179262e-06,-4.381307e-05,8.03223e-06,3.63221,3.551167,3.919563,3.944626,4.053583,4.079574,3.84657,3.697143,4.06286,4.056541,0,0,0,0,0,0
2025/03/16 19:14:00.913,n,5.050484,36.22918,0.000221,5.157783e-06,-2.748118e-05,5.910116e-06,3.630748,3.55409,3.923998,3.938697,4.053583,4.074051,3.852157,3.688243,4.057336,4.052106,0,0,0,0,0,0
2025/03/16 19:15:00.916,n,5.026947,37.390408,0.000231,4.166283e-06,-3.282616e-05,4.349692e-06,3.635182,3.55409,3.923998,3.932818,4.062372,4.079574,3.84657,3.694139,4.057336,4.059447,0,0,0,0,0,0
2025/03/16 19:16:00.917,n,5.010151,37.659792,0.000231,6.882302e-06,-3.282616e-05,7.084023e-06,3.626347,3.549689,3.929894,3.929894,4.052106,4.093395,3.849315,3.689738,4.06286,4.053583,0,0,0,0,0,0
2025/03/16 19:17:00.920,n,4.996723,37.801984,0.000221,4.742291e-06,-3.846809e-05,5.879516e-06,3.635182,3.557062,3.922535,3.934327,4.063899,4.098887,3.854918,3.689738,4.06562,4.06091,0,0,0,0,0,0
2025/03/16 19:18:00.922,n,4.966549,36.497828,0.000205,6.363832e-06,-3.846809e-05,3.617382e-06,3.633736,3.557062,3.923998,3.928431,4.057971,4.071304,3.849315,3.686781,4.071304,4.065376,0,0,0,0,0,0
2025/03/16 19:19:00.925,n,4.974896,36.827324,0.00021,6.336571e-06,-5.46515e-05,8.492898e-06,3.642572,3.552628,3.940159,3.926986,4.069746,4.060082,3.857663,3.70148,4.071304,4.063899,0,0,0,0,0,0
2025/03/16 19:20:00.925,n,4.946331,36.954572,0.00021,8.475834e-06,-3.846809e-05,1.137004e-05,3.635182,3.545238,3.931356,3.922535,4.06091,4.10173,3.84657,3.688243,4.076828,4.062372,0,0,0,0,0,0
2025/03/16 19:21:00.928,n,4.958149,36.217268,0.000216,5.767921e-06,-5.46515e-05,5.860548e-06,3.63221,3.539343,3.929894,3.910711,4.055078,4.082367,3.865946,3.694139,4.074051,4.062372,0,0,0,0,0,0
2025/03/16 19:22:00.915,n,4.976605,34.795828,0.000205,6.364644e-06,-4.930652e-05,5.073068e-06,3.630748,3.548227,3.918101,3.940159,4.050644,4.06562,3.865946,3.691215,4.085113,4.062372,0,0,0,0,0,0
2025/03/16 19:23:00.913,n,5.000092,35.038896,0.0002,1.045365e-05,-4.930652e-05,7.143069e-06,3.633736,3.557062,3.921058,3.937219,4.046209,4.06286,3.863186,3.688243,4.074051,4.050644,0,0,0,0,0,0
2025/03/16 19:24:00.918,n,5.025288,34.295536,0.0002,7.88225e-06,-6.014495e-05,4.810384e-06,3.63221,3.552628,3.919563,3.932818,4.047737,4.104572,3.860408,3.685319,4.085113,4.057971,0,0,0,0,0,0
2025/03/16 19:25:00.921,n,5.026947,34.06048,0.000205,7.615497e-06,-6.578687e-05,8.032044e-06,3.627809,3.55409,3.929894,3.925459,4.049149,4.096141,3.865946,3.686781,4.079574,4.052106,0,0,0,0,0,0
2025/03/16 19:26:00.922,n,5.080708,34.979472,0.0002,7.40704e-06,-4.930652e-05,8.453684e-06,3.635182,3.55409,3.931356,3.922535,4.055078,4.087857,3.863186,3.688243,4.076828,4.063899,0,0,0,0,0,0
2025/03/16 19:27:00.925,n,5.050484,34.986208,0.000195,7.565458e-06,-5.46515e-05,5.440314e-06,3.639633,3.546701,3.921058,3.923998,4.052106,4.085113,3.854918,3.691215,4.085113,4.059447,0,0,0,0,0,0
2025/03/16 19:28:00.926,n,5.048775,34.758428,0.0002,7.536373e-06,-6.014495e-05,6.818773e-06,3.635182,3.551167,3.925459,3.918101,4.055078,4.087857,3.874311,3.691215,4.096141,4.062372,0,0,0,0,0,0
2025/03/16 19:29:00.930,n,5.010151,37.373416,0.0002,7.371373e-06,-6.014495e-05,5.162289e-06,3.644002,3.555585,3.932818,3.922535,4.056541,4.093395,3.882562,3.692677,4.098887,4.069746,0,0,0,0,0,0
2025/03/16 19:30:00.932,n,5.016888,36.164576,0.0002,4.127027e-06,-6.578687e-05,8.47852e-06,3.638106,3.55409,3.928431,3.923998,4.057971,4.090618,3.879818,3.688243,4.110111,4.066839,0,0,0,0,0,0
2025/03/16 19:31:00.917,n,4.996723,35.045732,0.000263,2.473339e-05,-5.507372e-06,3.042867e-05,3.655793,3.57621,3.93579,3.949044,4.062372,4.06562,3.838254,3.707376,4.068462,4.071272,0,0,0,0,0,0
2025/03/16 19:32:00.921,n,5.021969,35.038896,0.000231,8.171313e-06,-2.748118e-05,9.659368e-06,3.648467,3.573287,3.931356,3.941686,4.053583,4.082367,3.854918,3.692677,4.06286,4.069746,0,0,0,0,0,0
2025/03/16 19:33:00.921,n,5.032025,36.27,0.000221,7.26759e-06,-4.381307e-05,8.013571e-06,3.639633,3.562925,3.932818,3.93579,4.056541,4.090618,3.854918,3.697143,4.076828,4.068268,0,0,0,0,0,0
2025/03/16 19:34:00.922,n,4.995114,36.632012,0.000205,7.907777e-06,-4.381307e-05,7.511131e-06,3.642572,3.565914,3.925459,3.929894,4.050644,4.087857,3.863186,3.694139,4.085113,4.065376,0,0,0,0,0,0
2025/03/16 19:35:00.924,n,4.941353,35.868484,0.000216,6.711234e-06,-4.930652e-05,6.303481e-06,3.645527,3.564387,3.928431,3.926986,4.057971,4.085113,3.863186,3.697143,4.079574,4.068268,0,0,0,0,0,0
2025/03/16 19:36:00.928,n,4.953121,35.147636,0.000205,4.384451e-06,-6.578687e-05,6.413955e-06,3.642572,3.549689,3.929894,3.922535,4.052106,4.082367,3.879818,3.692677,4.098887,4.071272,0,0,0,0,0,0
2025/03/16 19:37:00.929,n,4.984955,35.103448,0.00021,5.894645e-06,-6.014495e-05,5.13151e-06,3.639633,3.557062,3.928431,3.926986,4.056541,4.087857,3.860408,3.694139,4.10735,4.069746,0,0,0,0,0,0
2025/03/16 19:38:00.930,n,4.949799,35.364188,0.000195,7.203312e-06,-7.113186e-05,6.416774e-06,3.642572,3.55409,3.928431,3.929894,4.055078,4.090618,3.888183,3.70593,4.087857,4.065376,0,0,0,0,0,0
2025/03/16 19:39:00.932,n,4.974896,36.677812,0.000184,6.369311e-06,-7.647683e-05,6.660172e-06,3.638106,3.546701,3.926986,3.922535,4.043285,4.098887,3.849315,3.703006,4.06286,4.066839,0,0,0,0,0,0
2025/03/16 19:40:00.917,n,4.922848,35.679424,0.000179,7.702031e-06,-7.647683e-05,6.694996e-06,3.633736,3.561513,3.910711,3.925459,4.041791,4.104572,3.899212,3.691215,4.06562,4.057971,0,0,0,0,0,0
2025/03/16 19:41:00.919,n,4.927925,36.266584,0.000173,5.7603e-06,-8.731528e-05,6.252215e-06,3.647006,3.570315,3.921058,3.93579,4.050644,4.110111,3.860408,3.69854,4.121141,4.06091,0,0,0,0,0,0
2025/03/16 19:42:00.921,n,4.909466,35.171464,0.000173,8.282648e-06,-9.280872e-05,7.452206e-06,3.633736,3.562925,3.916624,3.926986,4.046209,4.10173,3.865946,3.683841,4.068462,4.059447,0,0,0,0,0,0
2025/03/16 19:43:00.926,n,4.909466,36.190116,0.000179,6.590217e-06,-7.647683e-05,4.9019e-06,3.638106,3.558523,3.925459,3.925459,4.043285,4.10173,3.874311,3.691215,4.076828,4.063899,0,0,0,0,0,0
2025/03/16 19:44:00.927,n,4.927925,37.020732,0.000184,7.916268e-06,-8.731528e-05,6.919556e-06,3.64111,3.560051,3.929894,3.925459,4.050644,4.110111,3.868692,3.692677,4.090618,4.068268,0,0,0,0,0,0
2025/03/16 19:45:00.927,n,4.904389,36.92742,0.000173,5.777991e-06,-8.731528e-05,5.40616e-06,3.647006,3.55409,3.928431,3.921058,4.047737,4.112857,3.893721,3.697143,4.096141,4.066839,0,0,0,0,0,0
2025/03/16 19:46:00.931,n,4.917866,36.866336,0.000168,7.460046e-06,-8.197029e-05,5.378068e-06,3.636644,3.546701,3.916624,3.912237,4.041791,4.10735,3.896466,3.697143,4.096141,4.063899,0,0,0,0,0,0
2025/03/16 19:47:00.932,n,4.897652,37.064824,0.000168,6.159578e-06,-9.280872e-05,5.507078e-06,3.635182,3.545238,3.923998,3.904864,4.037389,4.112857,3.899212,3.692677,4.10173,4.068268,0,0,0,0,0,0
2025/03/16 19:48:00.918,n,4.897652,37.470048,0.000168,4.60575e-06,-9.280872e-05,3.647192e-06,3.639633,3.568853,3.915162,3.929894,4.032988,4.115602,3.899212,3.692677,4.10173,4.057971,0,0,0,0,0,0
2025/03/16 19:49:00.920,n,4.906098,37.483624,0.000158,9.512464e-06,-9.280872e-05,6.391735e-06,3.63221,3.558523,3.910711,3.925459,4.034449,4.110111,3.879818,3.685319,4.098887,4.059447,0,0,0,0,0,0
2025/03/16 19:50:00.921,n,4.890961,37.13948,0.000173,7.910717e-06,-9.845066e-05,5.510127e-06,3.638106,3.564387,3.907836,3.923998,4.035912,4.11838,3.885437,3.688243,4.10735,4.063899,0,0,0,0,0,0
2025/03/16 19:51:00.924,n,4.872456,37.736016,0.000173,4.107259e-06,-8.731528e-05,4.185618e-06,3.644002,3.562925,3.921058,3.923998,4.041791,4.115602,3.896466,3.697143,4.112857,4.065376,0,0,0,0,0,0
2025/03/16 19:52:00.924,n,4.885983,38.2908,0.000168,5.673069e-06,-9.280872e-05,3.685336e-06,3.63221,3.565914,3.910711,3.912237,4.037389,4.123885,3.904832,3.689738,4.10735,4.057971,0,0,0,0,0,0
2025/03/16 19:53:00.926,n,4.860787,37.630936,0.000158,7.249615e-06,-0.000109,6.197789e-06,3.642572,3.552628,3.916624,3.918101,4.034449,4.121141,3.893721,3.692677,4.115602,4.055078,0,0,0,0,0,0
2025/03/16 19:54:00.929,n,4.855709,38.530056,0.000173,9.936522e-06,-9.280872e-05,5.737716e-06,3.64993,3.561513,3.916624,3.921058,4.046209,4.115602,3.893721,3.695665,4.115602,4.06091,0,0,0,0,0,0
2025/03/16 19:55:00.933,n,4.825482,37.283624,0.000163,9.552716e-06,-0.00012,7.384331e-06,3.64111,3.55409,3.912237,3.910711,4.038851,4.121141,3.901972,3.692677,4.121141,4.063899,0,0,0,0,0,0
2025/03/16 19:56:00.936,n,4.8372,37.942408,0.000179,9.649998e-06,-9.280872e-05,5.913462e-06,3.651456,3.55409,3.919563,3.915162,4.035912,4.123885,3.893721,3.69854,4.115602,4.072735,0,0,0,0,0,0
2025/03/16 19:57:00.919,n,4.827145,36.089724,0.000168,9.533356e-06,-0.000115,5.589909e-06,3.639633,3.567391,3.910711,3.928431,4.032988,4.126631,3.899212,3.688243,4.11838,4.052106,0,0,0,0,0,0
2025/03/16 19:58:00.907,n,4.842282,38.886112,0.000163,7.644281e-06,-0.000115,6.196382e-06,3.64993,3.55409,3.915162,3.916624,4.016792,4.123885,3.901972,3.700003,4.11838,4.066839,0,0,0,0,0,0
2025/03/16 19:59:00.909,n,4.869137,38.843776,0.000136,6.935221e-06,-0.000115,5.409504e-06,3.644002,3.558523,3.903369,3.916624,4.016792,4.126631,3.899212,3.688243,4.123885,4.059447,0,0,0,0,0,0
2025/03/16 20:00:00.909,n,4.796967,37.675028,0.000152,7.614988e-06,-0.000115,6.333715e-06,3.642572,3.558523,3.904864,3.921058,4.019717,4.126631,3.904832,3.695665,4.126631,4.059447,0,0,0,0,0,0
2025/03/16 20:01:00.923,n,4.855709,36.077812,0.0002,3.272817e-05,-5.46515e-05,3.314098e-05,3.651456,3.582106,3.923998,3.93579,4.043285,4.10173,3.877057,3.703006,4.10173,4.072735,0,0,0,0,0,0
2025/03/16 20:02:00.927,n,4.875824,37.129324,0.000195,9.52278e-06,-8.197029e-05,6.982075e-06,3.655793,3.573287,3.926986,3.926986,4.052106,4.10173,3.888183,3.700003,4.10735,4.069746,0,0,0,0,0,0
2025/03/16 20:03:00.932,n,4.890961,37.774884,0.000189,6.163352e-06,-8.731528e-05,6.471179e-06,3.651456,3.567391,3.922535,3.922535,4.038851,4.110111,3.885437,3.707376,4.110111,4.078599,0,0,0,0,0,0
2025/03/16 20:04:00.935,n,4.885983,36.951152,0.000158,6.521245e-06,-9.845066e-05,5.331081e-06,3.647006,3.557062,3.919563,3.915162,4.037389,4.121141,3.885437,3.70148,4.143378,4.085973,0,0,0,0,0,0
2025/03/16 20:05:00.934,n,4.884274,38.094708,0.000163,8.226619e-06,-9.845066e-05,4.68563e-06,3.651456,3.558523,3.918101,3.910711,4.035912,4.11838,3.901972,3.700003,4.123885,4.075675,0,0,0,0,0,0
2025/03/16 20:06:00.935,n,4.84726,37.70208,0.000152,5.236582e-06,-0.000104,8.818046e-06,3.652868,3.564387,3.918101,3.916624,4.027091,4.129506,3.907592,3.70148,4.126631,4.063899,0,0,0,0,0,0
2025/03/16 20:07:00.920,n,4.8372,36.772932,0.000152,6.439108e-06,-0.000115,2.780879e-06,3.64111,3.574749,3.909233,3.922535,4.027091,4.129506,3.907592,3.688243,4.121141,4.059447,0,0,0,0,0,0
2025/03/16 20:08:00.927,n,4.823773,37.086896,0.000142,7.152377e-06,-0.00012,5.254314e-06,3.64111,3.567391,3.906358,3.922535,4.028553,4.129506,3.910337,3.688243,4.123885,4.066839,0,0,0,0,0,0
2025/03/16 20:09:00.910,n,4.79018,37.512432,0.000147,8.96602e-06,-0.00012,8.007538e-06,3.655793,3.564387,3.910711,3.928431,4.024152,4.123885,3.904832,3.70148,4.126631,4.06091,0,0,0,0,0,0
2025/03/16 20:10:00.911,n,4.778462,36.637088,0.000142,7.378205e-06,-0.000115,4.357259e-06,3.655793,3.564387,3.903369,3.929894,4.022625,4.126631,3.913083,3.695665,4.129506,4.059447,0,0,0,0,0,0
2025/03/16 20:11:00.912,n,4.775093,38.148808,0.000142,7.418716e-06,-0.000115,4.945912e-06,3.647006,3.573287,3.918101,3.922535,4.019717,4.132251,3.918703,3.695665,4.137887,4.056541,0,0,0,0,0,0
2025/03/16 20:12:00.914,n,4.754925,38.104864,0.000131,5.417499e-06,-0.000131,6.778273e-06,3.642572,3.564387,3.910711,3.928431,4.022625,4.129506,3.915861,3.695665,4.129506,4.057971,0,0,0,0,0,0
2025/03/16 20:13:00.918,n,4.724701,38.560572,0.000131,6.969319e-06,-0.000131,7.261455e-06,3.64993,3.579214,3.907836,3.926986,4.018255,4.132251,3.910337,3.688243,4.135012,4.059447,0,0,0,0,0,0
2025/03/16 20:14:00.917,n,4.716305,37.683476,0.000126,6.147927e-06,-0.000142,7.124325e-06,3.642572,3.574749,3.900413,3.923998,4.019717,4.135012,3.913083,3.686781,4.135012,4.059447,0,0,0,0,0,0
2025/03/16 20:15:00.921,n,4.756634,37.480252,0.000126,5.68183e-06,-0.000136,5.247179e-06,3.644002,3.577737,3.904864,3.916624,4.024152,4.143378,3.915861,3.691215,4.140633,4.059447,0,0,0,0,0,0
2025/03/16 20:16:00.904,n,4.783444,36.162868,0.000131,8.874636e-06,-0.000131,6.912457e-06,3.660259,3.565914,3.907836,3.915162,4.024152,4.140633,3.915861,3.70148,4.140633,4.062372,0,0,0,0,0,0
2025/03/16 20:17:00.907,n,4.840725,36.446836,0.000226,7.064231e-06,-2.731879e-05,4.836173e-06,3.700554,3.616537,3.958465,3.97318,4.05563,4.120377,3.898415,3.746242,4.123122,4.11453,0,0,0,0,0,0
2025/03/16 20:18:00.910,n,4.86084,36.919004,0.000215,8.718074e-06,-2.731879e-05,6.558493e-06,3.693196,3.607685,3.937804,3.961389,4.060049,4.117616,3.904036,3.738869,4.128743,4.101339,0,0,0,0,0,0
2025/03/16 20:19:00.912,n,4.847412,37.851176,0.000231,4.924054e-06,-3.266377e-05,6.505836e-06,3.699125,3.625373,3.946672,3.968762,4.064516,4.125965,3.904036,3.746242,4.131487,4.105708,0,0,0,0,0,0
2025/03/16 20:20:00.912,n,4.891114,36.244488,0.000215,6.12002e-06,-2.731879e-05,6.002554e-06,3.694658,3.618032,3.942238,3.968762,4.051229,4.125965,3.906797,3.741872,4.123122,4.099812,0,0,0,0,0,0
2025/03/16 20:21:00.915,n,4.976662,35.689656,0.00021,5.143235e-06,-4.914413e-05,8.104688e-06,3.691735,3.622401,3.943765,3.967284,4.05563,4.134248,3.909573,3.733005,4.131487,4.099812,0,0,0,0,0,0
2025/03/16 20:22:00.917,n,5.001858,35.831012,0.00021,6.052947e-06,-4.914413e-05,5.968749e-06,3.685839,3.616537,3.940776,3.962883,4.057125,4.131487,3.91508,3.734467,4.128743,4.104231,0,0,0,0,0,0
2025/03/16 20:23:00.918,n,5.015286,35.832672,0.000205,7.613122e-06,-4.365068e-05,7.474439e-06,3.684312,3.622401,3.946672,3.965822,4.063054,4.131487,3.91508,3.735944,4.136994,4.096872,0,0,0,0,0,0
2025/03/16 20:24:00.920,n,5.030422,36.492684,0.00021,8.245912e-06,-4.365068e-05,5.080432e-06,3.681438,3.618032,3.942238,3.956938,4.057125,4.134248,3.912319,3.730048,4.136994,4.095411,0,0,0,0,0,0
2025/03/16 20:25:00.906,n,5.040478,36.94952,0.000199,5.935269e-06,-5.137121e-05,4.365738e-06,3.697662,3.610642,3.946672,3.959926,4.054153,4.136994,3.917825,3.738869,4.14536,4.104231,0,0,0,0,0,0
2025/03/16 20:26:00.910,n,5.008595,36.71524,0.000205,8.592998e-06,-5.686466e-05,5.549289e-06,3.702031,3.615075,3.946672,3.961389,4.051229,4.134248,3.920602,3.738869,4.134248,4.104231,0,0,0,0,0,0
2025/03/16 20:27:00.913,n,5.09087,35.674276,0.000215,4.450545e-06,-4.365068e-05,6.543913e-06,3.694658,3.619476,3.948134,3.970256,4.048288,4.134248,3.91508,3.740363,4.128743,4.104231,0,0,0,0,0,0
2025/03/16 20:28:00.911,n,5.117726,35.066168,0.000205,7.1796e-06,-5.137121e-05,4.196638e-06,3.696136,3.62391,3.945194,3.967284,4.051229,4.139869,3.920602,3.737406,4.139869,4.099812,0,0,0,0,0,0
2025/03/16 20:29:00.914,n,5.141213,36.354988,0.000205,6.20763e-06,-6.220964e-05,6.545393e-06,3.685839,3.615075,3.940776,3.965822,4.039467,4.142614,3.923445,3.734467,4.139869,4.095411,0,0,0,0,0,0
2025/03/16 20:30:00.919,n,5.119385,36.167976,0.00021,8.568004e-06,-6.220964e-05,6.866704e-06,3.696136,3.619476,3.949597,3.962883,4.054153,4.131487,3.912319,3.730048,4.134248,4.101339,0,0,0,0,0,0
2025/03/16 20:31:00.925,n,5.139553,36.329448,0.000252,3.230198e-05,-1.083843e-05,3.022181e-05,3.700554,3.625373,3.964295,3.970256,4.071874,4.10925,3.892925,3.737406,4.114838,4.118996,0,0,0,0,0,0
2025/03/16 20:32:00.926,n,5.157959,36.441708,0.000242,1.053736e-05,-1.083843e-05,7.162217e-06,3.699125,3.635701,3.956938,3.968762,4.070412,4.117616,3.895671,3.738869,4.120377,4.116007,0,0,0,0,0,0
2025/03/16 20:33:00.928,n,5.159718,37.707284,0.000242,6.864257e-06,-2.731879e-05,6.770162e-06,3.699125,3.612103,3.958465,3.961389,4.065946,4.114838,3.881799,3.741872,4.10925,4.118996,0,0,0,0,0,0
2025/03/16 20:34:00.914,n,5.174755,37.02242,0.000226,6.931308e-06,-4.365068e-05,7.080768e-06,3.70502,3.628328,3.948134,3.964295,4.04975,4.125965,3.920602,3.741872,4.134248,4.099812,0,0,0,0,0,0
2025/03/16 20:35:00.916,n,5.189892,36.567484,0.000205,7.515086e-06,-3.800875e-05,4.312986e-06,3.694658,3.628328,3.945194,3.974658,4.046826,4.139869,3.91508,3.740363,4.139869,4.104231,0,0,0,0,0,0
2025/03/16 20:36:00.916,n,5.230129,36.217244,0.000221,6.120865e-06,-5.137121e-05,7.052116e-06,3.693196,3.629773,3.946672,3.965822,4.04975,4.136994,3.917825,3.740363,4.136994,4.11016,0,0,0,0,0,0
2025/03/16 20:37:00.919,n,5.270413,36.701668,0.000205,1.045637e-05,-4.914413e-05,7.749886e-06,3.691735,3.629773,3.942238,3.956938,4.054153,4.136994,3.920602,3.735944,4.142614,4.104231,0,0,0,0,0,0
2025/03/16 20:38:00.920,n,5.246926,37.144588,0.000199,6.210543e-06,-5.137121e-05,4.002478e-06,3.690225,3.628328,3.940776,3.958465,4.051229,4.14536,3.931794,3.730048,4.14536,4.108633,0,0,0,0,0,0
2025/03/16 20:39:00.924,n,5.246926,37.68692,0.000205,6.976267e-06,-5.686466e-05,6.291968e-06,3.684312,3.625373,3.940776,3.959926,4.051229,4.139869,3.92619,3.728539,4.142614,4.099812,0,0,0,0,0,0
2025/03/16 20:40:00.925,n,5.238476,38.321296,0.000194,6.978119e-06,-6.220964e-05,5.40613e-06,3.693196,3.628328,3.940776,3.961389,4.060049,4.134248,3.917825,3.730048,4.150899,4.105708,0,0,0,0,0,0
2025/03/16 20:41:00.928,n,5.174755,38.494392,0.000205,6.135621e-06,-5.137121e-05,6.3267e-06,3.690225,3.628328,3.939298,3.951123,4.054153,4.150899,3.92619,3.737406,4.150899,4.11016,0,0,0,0,0,0
2025/03/16 20:42:00.930,n,5.169777,38.779356,0.00021,8.860358e-06,-6.220964e-05,6.034564e-06,3.700554,3.625373,3.954063,3.948134,4.05563,4.136994,3.923445,3.733005,4.150899,4.104231,0,0,0,0,0,0
2025/03/16 20:43:00.914,n,5.15464,39.507476,0.000194,5.251609e-06,-6.220964e-05,4.23067e-06,3.693196,3.62391,3.937804,3.964295,4.045364,4.14536,3.928951,3.738869,4.150899,4.099812,0,0,0,0,0,0
2025/03/16 20:44:00.917,n,5.10928,40.004452,0.000194,8.868518e-06,-6.770309e-05,7.101167e-06,3.694658,3.622401,3.936309,3.958465,4.042392,4.150899,3.928951,3.733005,4.153644,4.099812,0,0,0,0,0,0
2025/03/16 20:45:00.919,n,5.057278,40.173348,0.000184,8.196255e-06,-5.686466e-05,7.267369e-06,3.693196,3.628328,3.936309,3.959926,4.042392,4.142614,3.92619,3.733005,4.153644,4.096872,0,0,0,0,0,0
2025/03/16 20:46:00.923,n,5.072415,40.180132,0.000199,5.147252e-06,-7.304807e-05,6.869666e-06,3.684312,3.625373,3.93194,3.958465,4.043887,4.148153,3.92619,3.728539,4.162026,4.104231,0,0,0,0,0,0
2025/03/16 20:47:00.921,n,5.077442,41.125884,0.000184,7.678175e-06,-6.770309e-05,4.668193e-06,3.690225,3.622401,3.93194,3.95546,4.040931,4.139869,3.923445,3.730048,4.142614,4.101339,0,0,0,0,0,0
2025/03/16 20:48:00.925,n,5.013672,42.162752,0.000199,5.674663e-06,-7.304807e-05,5.63451e-06,3.693196,3.62391,3.940776,3.946672,4.045364,4.14536,3.937316,3.728539,4.153644,4.105708,0,0,0,0,0,0
2025/03/16 20:49:00.928,n,4.949856,42.81954,0.000189,5.153523e-06,-8.38865e-05,6.69297e-06,3.688763,3.628328,3.936309,3.948134,4.046826,4.150899,3.931794,3.730048,4.150899,4.092471,0,0,0,0,0,0
2025/03/16 20:50:00.929,n,4.941406,42.80772,0.000199,8.931806e-06,-7.304807e-05,9.06422e-06,3.699125,3.62391,3.940776,3.946672,4.048288,4.148153,3.931794,3.740363,4.156405,4.116007,0,0,0,0,0,0
2025/03/16 20:51:00.930,n,4.914601,43.03648,0.000194,6.318399e-06,-6.220964e-05,4.836231e-06,3.696136,3.62391,3.940776,3.954063,4.052691,4.14536,3.934571,3.735944,4.153644,4.11453,0,0,0,0,0,0
2025/03/16 20:52:00.915,n,4.87759,43.260068,0.000184,6.084666e-06,-6.770309e-05,7.0968e-06,3.700554,3.628328,3.937804,3.964295,4.036496,4.148153,3.931794,3.737406,4.162026,4.11016,0,0,0,0,0,0
2025/03/16 20:53:00.919,n,4.87759,43.555624,0.000184,6.790651e-06,-8.38865e-05,8.41472e-06,3.694658,3.628328,3.928951,3.952601,4.032095,4.150899,3.937316,3.728539,4.173137,4.093948,0,0,0,0,0,0
2025/03/16 20:54:00.919,n,4.855812,43.790536,0.000189,5.932439e-06,-8.923148e-05,8.085247e-06,3.687301,3.631268,3.939298,3.959926,4.042392,4.153644,3.931794,3.73151,4.150899,4.102769,0,0,0,0,0,0
2025/03/16 20:55:00.922,n,4.838967,44.119,0.000173,5.868946e-06,-7.839305e-05,6.94518e-06,3.684312,3.62391,3.930478,3.949597,4.036496,4.150899,3.931794,3.734467,4.162026,4.104231,0,0,0,0,0,0
2025/03/16 20:56:00.923,n,4.842335,43.656352,0.000189,5.184016e-06,-7.304807e-05,6.94304e-06,3.693196,3.626867,3.927473,3.952601,4.040931,4.148153,3.934571,3.728539,4.159265,4.101339,0,0,0,0,0,0
2025/03/16 20:57:00.926,n,4.870899,44.157724,0.000179,8.17874e-06,-8.38865e-05,4.314951e-06,3.688763,3.628328,3.939298,3.945194,4.046826,4.153644,3.940094,3.733005,4.162026,4.107171,0,0,0,0,0,0
2025/03/16 20:58:00.927,n,4.793652,44.364656,0.000179,7.646985e-06,-8.38865e-05,5.243485e-06,3.682834,3.622401,3.93194,3.948134,4.045364,4.148153,3.937316,3.727109,4.167646,4.105708,0,0,0,0,0,0
2025/03/16 20:59:00.932,n,4.81548,44.113924,0.000184,6.077017e-06,-8.38865e-05,5.101874e-06,3.688763,3.620939,3.939298,3.946672,4.046826,4.159265,3.942839,3.743335,4.162026,4.107171,0,0,0,0,0,0
2025/03/16 21:00:00.934,n,4.813771,44.2419,0.000184,8.249828e-06,-8.923148e-05,5.087483e-06,3.694658,3.625373,3.937804,3.945194,4.046826,4.148153,3.934571,3.735944,4.164771,4.118996,0,0,0,0,0,0
2025/03/16 21:01:00.908,n,4.800392,44.21998,0.000242,3.065405e-05,-2.731879e-05,3.319461e-05,3.713823,3.632763,3.95546,3.962883,4.045364,4.128743,3.91508,3.755094,4.139869,4.129295,0,0,0,0,0,0
2025/03/16 21:02:00.908,n,4.793652,44.423544,0.000215,9.783616e-06,-5.137121e-05,7.697741e-06,3.712346,3.629773,3.940776,3.967284,4.048288,4.131487,3.917825,3.753632,4.142614,4.118996,0,0,0,0,0,0
2025/03/16 21:03:00.911,n,4.808789,44.510944,0.000194,8.798318e-06,-6.220964e-05,5.141539e-06,3.70796,3.629773,3.939298,3.959926,4.037926,4.134248,3.917825,3.747704,4.14536,4.117502,0,0,0,0,0,0
2025/03/16 21:04:00.912,n,4.781887,44.571492,0.000189,6.129301e-06,-7.839305e-05,7.096777e-06,3.70502,3.631268,3.934879,3.965822,4.035034,4.14536,3.940094,3.746242,4.153644,4.11016,0,0,0,0,0,0
2025/03/16 21:05:00.917,n,4.756691,44.761432,0.000179,8.473698e-06,-7.839305e-05,4.492151e-06,3.694658,3.631268,3.933402,3.956938,4.033556,4.142614,3.931794,3.735944,4.156405,4.108633,0,0,0,0,0,0
2025/03/16 21:06:00.920,n,4.765087,44.492488,0.000184,9.086816e-06,-8.38865e-05,5.802923e-06,3.697662,3.632763,3.939298,3.958465,4.037926,4.156405,3.937316,3.730048,4.162026,4.101339,0,0,0,0,0,0
2025/03/16 21:07:00.920,n,4.763378,45.268368,0.000173,5.344272e-06,-9.472494e-05,4.293867e-06,3.696136,3.632763,3.926077,3.961389,4.040931,4.150899,3.940094,3.737406,4.162026,4.101339,0,0,0,0,0,0
2025/03/16 21:08:00.923,n,4.75,45.414316,0.000173,6.184069e-06,-0.0001,7.933669e-06,3.688763,3.631268,3.920115,3.946672,4.039467,4.159265,3.9456,3.730048,4.170392,4.095411,0,0,0,0,0,0
2025/03/16 21:09:00.924,n,4.726418,45.883504,0.000179,6.199092e-06,-9.472494e-05,3.899272e-06,3.690225,3.629773,3.928951,3.945194,4.040931,4.150899,3.942839,3.735944,4.167646,4.113035,0,0,0,0,0,0
2025/03/16 21:10:00.908,n,4.741555,45.888484,0.000173,6.210335e-06,-9.472494e-05,4.114095e-06,3.703494,3.619476,3.93194,3.95546,4.029138,4.159265,3.9456,3.747704,4.164771,4.11016,0,0,0,0,0,0
2025/03/16 21:11:00.910,n,4.741555,46.231548,0.000152,6.10438e-06,-0.0001,4.921495e-06,3.699125,3.619476,3.924581,3.949597,4.024768,4.156405,3.948345,3.735944,4.173137,4.101339,0,0,0,0,0,0
2025/03/16 21:12:00.914,n,4.739895,45.422664,0.000152,8.451564e-06,-0.0001,9.059372e-06,3.697662,3.622401,3.92161,3.948134,4.029138,4.162026,3.948345,3.734467,4.170392,4.102769,0,0,0,0,0,0
2025/03/16 21:13:00.914,n,4.731495,45.977204,0.000168,6.836913e-06,-8.923148e-05,8.22336e-06,3.699125,3.626867,3.923104,3.948134,4.024768,4.164771,3.940094,3.740363,4.175898,4.105708,0,0,0,0,0,0
2025/03/16 21:14:00.916,n,4.721436,45.498148,0.000142,7.631088e-06,-0.000117,6.755077e-06,3.688763,3.62391,3.924581,3.952601,4.02623,4.167646,3.948345,3.73151,4.175898,4.091009,0,0,0,0,0,0
2025/03/16 21:15:00.920,n,4.75,45.456256,0.000147,6.426255e-06,-0.000117,5.966747e-06,3.696136,3.625373,3.923104,3.948134,4.027692,4.162026,3.948345,3.727109,4.18142,4.099812,0,0,0,0,0,0
2025/03/16 21:16:00.920,n,4.741555,45.05528,0.000147,1.034333e-05,-0.0001,4.946957e-06,3.67996,3.634225,3.924581,3.948134,4.033556,4.164771,3.956726,3.727109,4.178676,4.096872,0,0,0,0,0,0
2025/03/16 21:17:00.922,n,4.753323,44.919292,0.000163,6.17968e-06,-0.000111,6.547145e-06,3.687301,3.632763,3.926077,3.946672,4.033556,4.162026,3.951123,3.73151,4.175898,4.102769,0,0,0,0,0,0
2025/03/16 21:18:00.924,n,4.797024,44.579892,0.000157,6.13941e-06,-0.000111,6.377115e-06,3.696136,3.637164,3.928951,3.948134,4.035034,4.164771,3.948345,3.730048,4.18142,4.105708,0,0,0,0,0,0
2025/03/16 21:19:00.909,n,4.800392,45.30528,0.000152,5.559435e-06,-0.0001,6.797116e-06,3.70502,3.631268,3.930478,3.959926,4.0306,4.164771,3.9456,3.740363,4.170392,4.113035,0,0,0,0,0,0
2025/03/16 21:20:00.911,n,4.766751,45.051912,0.000136,6.041839e-06,-0.000127,7.620076e-06,3.700554,3.613581,3.920115,3.940776,4.027692,4.167646,3.951123,3.741872,4.184166,4.101339,0,0,0,0,0,0
2025/03/16 21:21:00.914,n,4.778515,44.904156,0.000142,1.065525e-05,-0.000106,4.878983e-06,3.703494,3.629773,3.92161,3.959926,4.024768,4.170392,3.953884,3.735944,4.18142,4.096872,0,0,0,0,0,0
2025/03/16 21:22:00.915,n,4.75,45.160992,0.000136,1.007185e-05,-0.000122,7.307301e-06,3.697662,3.634225,3.926077,3.952601,4.029138,4.170392,3.951123,3.73151,4.178676,4.104231,0,0,0,0,0,0
2025/03/16 21:23:00.919,n,4.753323,45.204596,0.000131,8.833928e-06,-0.000122,5.073053e-06,3.697662,3.640102,3.927473,3.954063,4.018807,4.164771,3.956726,3.735944,4.184166,4.099812,0,0,0,0,0,0
2025/03/16 21:24:00.923,n,4.754982,45.503132,0.000147,7.600384e-06,-0.000117,8.350996e-06,3.696136,3.643091,3.926077,3.952601,4.035034,4.175898,3.956726,3.737406,4.186927,4.107171,0,0,0,0,0,0
2025/03/16 21:25:00.922,n,4.75,45.717632,0.000157,6.937083e-06,-0.000117,5.22621e-06,3.691735,3.634225,3.92161,3.948134,4.033556,4.170392,3.956726,3.725647,4.186927,4.105708,0,0,0,0,0,0
2025/03/16 21:26:00.923,n,4.744923,45.394196,0.000147,5.955044e-06,-0.000122,4.30476e-06,3.696136,3.632763,3.924581,3.942238,4.024768,4.167646,3.951123,3.730048,4.18142,4.108633,0,0,0,0,0,0
2025/03/16 21:27:00.926,n,4.719727,45.746152,0.000142,6.415188e-06,-0.000111,5.634223e-06,3.693196,3.635701,3.933402,3.951123,4.039467,4.167646,3.962249,3.734467,4.18142,4.104231,0,0,0,0,0,0
2025/03/16 21:28:00.910,n,4.733155,46.328572,0.000142,6.193254e-06,-0.000133,5.850095e-06,3.70502,3.618032,3.924581,3.949597,4.020302,4.170392,3.965091,3.741872,4.186927,4.11016,0,0,0,0,0,0
2025/03/16 21:29:00.914,n,4.71299,46.07432,0.000142,5.682398e-06,-0.000127,6.090183e-06,3.690225,3.62391,3.923104,3.948134,4.023242,4.175898,3.965091,3.737406,4.189705,4.104231,0,0,0,0,0,0
2025/03/16 21:30:00.917,n,4.684475,46.485748,0.000152,7.810628e-06,-0.000127,8.64994e-06,3.688763,3.625373,3.918653,3.939298,4.023242,4.173137,3.965091,3.727109,4.189705,4.102769,0,0,0,0,0,0
2025/03/16 21:31:00.923,n,4.716259,47.143308,0.000297,2.776016e-05,2.701025e-05,3.047044e-05,3.731234,3.664904,3.958156,3.974383,4.058247,4.078842,3.865297,3.757807,4.092715,4.134818,0,0,0,0,0,0
2025/03/16 21:32:00.913,n,4.6978,47.5854,0.000271,9.110246e-06,1.067836e-05,4.230563e-06,3.729773,3.660437,3.947858,3.97578,4.049458,4.098252,3.868057,3.765148,4.109379,4.133355,0,0,0,0,0,0
2025/03/16 21:33:00.930,n,4.665818,47.108104,0.00026,6.949921e-06,-5.505052e-06,6.261575e-06,3.720937,3.65308,3.958156,3.962558,4.062712,4.089969,3.884707,3.754818,4.114903,4.131894,0,0,0,0,0,0
2025/03/16 21:34:00.933,n,4.664158,47.079636,0.000244,8.840798e-06,-5.505052e-06,7.883153e-06,3.722399,3.645755,3.950733,3.958156,4.055354,4.095493,3.887451,3.753355,4.114903,4.139285,0,0,0,0,0,0
2025/03/16 21:35:00.918,n,4.618798,47.481592,0.000239,6.338201e-06,-2.198541e-05,6.081058e-06,3.713547,3.648678,3.933094,3.966992,4.04059,4.103873,3.887451,3.750384,4.117648,4.117161,0,0,0,0,0,0
2025/03/16 21:36:00.920,n,4.65913,47.439792,0.000223,7.092702e-06,-2.198541e-05,7.820285e-06,3.709113,3.657547,3.940467,3.966992,4.049458,4.098252,3.890197,3.74746,4.114903,4.117161,0,0,0,0,0,0
2025/03/16 21:37:00.907,n,4.627194,47.744336,0.000234,8.008426e-06,-1.649196e-05,4.529748e-06,3.722399,3.638382,3.94193,3.956662,4.039192,4.103873,3.892958,3.75922,4.120491,4.123058,0,0,0,0,0,0
2025/03/16 21:38:00.907,n,4.635643,47.771092,0.000218,8.871722e-06,-3.282384e-05,7.056128e-06,3.717949,3.644228,3.946396,3.971378,4.036188,4.106619,3.898577,3.753355,4.123269,4.121596,0,0,0,0,0,0
2025/03/16 21:39:00.912,n,4.581784,48.023532,0.000213,7.106532e-06,-3.816882e-05,6.712822e-06,3.717949,3.647216,3.936033,3.962558,4.036188,4.109379,3.906861,3.750384,4.128872,4.114204,0,0,0,0,0,0
2025/03/16 21:40:00.911,n,4.570019,48.218992,0.000197,8.857442e-06,-4.366228e-05,8.279538e-06,3.720937,3.638382,3.934571,3.965547,4.036188,4.109379,3.904068,3.742993,4.126029,4.115698,0,0,0,0,0,0
2025/03/16 21:41:00.914,n,4.563328,48.292476,0.000218,6.141514e-06,-3.816882e-05,4.810384e-06,3.701756,3.638382,3.931631,3.959618,4.033263,4.114903,3.906861,3.74746,4.128872,4.112759,0,0,0,0,0,0
2025/03/16 21:42:00.917,n,4.578465,48.107028,0.000223,5.527741e-06,-4.366228e-05,4.901998e-06,3.710608,3.663442,3.936033,3.96402,4.039192,4.109379,3.898577,3.756312,4.131618,4.111297,0,0,0,0,0,0
2025/03/16 21:43:00.918,n,4.571728,48.242428,0.000223,7.79291e-06,-4.366228e-05,4.213267e-06,3.703218,3.660437,3.928707,3.96402,4.034725,4.114903,3.909606,3.744488,4.131618,4.114204,0,0,0,0,0,0
2025/03/16 21:44:00.923,n,4.588524,48.596236,0.000218,7.933873e-06,-4.366228e-05,7.239472e-06,3.707652,3.664904,3.930169,3.959618,4.036188,4.112125,3.909606,3.737163,4.134396,4.115698,0,0,0,0,0,0
2025/03/16 21:45:00.921,n,4.55996,48.969724,0.000202,7.530199e-06,-5.450071e-05,6.692584e-06,3.701756,3.647216,3.931631,3.96402,4.036188,4.114903,3.901323,3.741499,4.131618,4.112759,0,0,0,0,0,0
2025/03/16 21:46:00.908,n,4.566696,48.964744,0.000223,5.636974e-06,-4.900726e-05,6.294842e-06,3.732697,3.65308,3.940467,3.953722,4.033263,4.109379,3.909606,3.757807,4.134396,4.121596,0,0,0,0,0,0
2025/03/16 21:47:00.910,n,4.536423,48.928124,0.000202,7.282862e-06,-4.366228e-05,5.598569e-06,3.709113,3.642751,3.936033,3.958156,4.037665,4.117648,3.912351,3.748922,4.142646,4.118655,0,0,0,0,0,0
2025/03/16 21:48:00.912,n,4.5415,49.026412,0.000213,6.705842e-06,-4.366228e-05,7.773001e-06,3.726801,3.651618,3.944918,3.959618,4.034725,4.114903,3.906861,3.751861,4.134396,4.115698,0,0,0,0,0,0
2025/03/16 21:49:00.912,n,4.536423,49.314548,0.000207,5.882359e-06,-5.450071e-05,5.398119e-06,3.726801,3.657547,3.931631,3.958156,4.034725,4.117648,3.906861,3.750384,4.131618,4.115698,0,0,0,0,0,0
2025/03/16 21:50:00.915,n,4.519577,49.871776,0.000202,9.842596e-06,-4.900726e-05,6.03855e-06,3.731234,3.648678,3.934571,3.956662,4.039192,4.117648,3.904068,3.737163,4.131618,4.118655,0,0,0,0,0,0
2025/03/16 21:51:00.917,n,4.469189,49.870164,0.000207,7.919204e-06,-5.984569e-05,7.421524e-06,3.697289,3.659008,3.928707,3.961095,4.030324,4.120491,3.923477,3.735636,4.142646,4.112759,0,0,0,0,0,0
2025/03/16 21:52:00.920,n,4.512841,49.941552,0.000207,4.809914e-06,-4.900726e-05,4.854961e-06,3.720937,3.661915,3.924273,3.956662,4.037665,4.123269,3.912351,3.734174,4.145424,4.118655,0,0,0,0,0,0
2025/03/16 21:53:00.920,n,4.502781,49.865136,0.000202,6.125506e-06,-5.450071e-05,5.153053e-06,3.719475,3.642751,3.938973,3.955184,4.036188,4.120491,3.912351,3.740087,4.139901,4.112759,0,0,0,0,0,0
2025/03/16 21:54:00.921,n,4.491013,49.748728,0.000197,5.56501e-06,-5.450071e-05,4.836231e-06,3.713547,3.644228,3.928707,3.950733,4.033263,4.123269,3.915097,3.741499,4.13714,4.114204,0,0,0,0,0,0
2025/03/16 21:55:00.908,n,4.497753,50.138524,0.000207,6.538457e-06,-5.984569e-05,6.270758e-06,3.722399,3.650141,3.934571,3.952259,4.027367,4.123269,3.912351,3.753355,4.139901,4.120133,0,0,0,0,0,0
2025/03/16 21:56:00.909,n,4.445603,50.255272,0.000202,5.714365e-06,-7.068412e-05,7.718514e-06,3.71501,3.644228,3.934571,3.953722,4.033263,4.126029,3.917972,3.756312,4.142646,4.112759,0,0,0,0,0,0
2025/03/16 21:57:00.911,n,4.46748,50.475244,0.000197,5.745029e-06,-6.519067e-05,4.293905e-06,3.717949,3.638382,3.93756,3.956662,4.030324,4.123269,3.917972,3.745966,4.148185,4.115698,0,0,0,0,0,0
2025/03/16 21:58:00.915,n,4.492722,50.51196,0.000202,4.541915e-06,-5.984569e-05,5.841947e-06,3.712102,3.664904,3.936033,3.953722,4.034725,4.117648,3.915097,3.74746,4.13714,4.109835,0,0,0,0,0,0
2025/03/16 21:59:00.916,n,4.447262,50.680172,0.000213,9.105706e-06,-5.984569e-05,6.694755e-06,3.719475,3.65308,3.931631,3.959618,4.030324,4.114903,3.923477,3.74746,4.145424,4.115698,0,0,0,0,0,0
2025/03/16 22:00:00.919,n,4.450634,50.606928,0.000213,5.483156e-06,-4.900726e-05,4.300969e-06,3.717949,3.650141,3.92723,3.962558,4.028861,4.126029,3.915097,3.744488,4.145424,4.114204,0,0,0,0,0,0
2025/03/16 22:01:00.923,n,4.477535,50.5852,0.000249,3.655599e-05,-1.60071e-07,3.000514e-05,3.731234,3.672261,3.950733,3.971378,4.05092,4.087224,3.890197,3.757807,4.106619,4.131894,0,0,0,0,0,0
2025/03/16 22:02:00.926,n,4.432125,50.656832,0.000244,9.536472e-06,-1.085003e-05,2.849113e-06,3.720937,3.669338,3.943391,3.96402,4.056816,4.103873,3.890197,3.748922,4.120491,4.131894,0,0,0,0,0,0
2025/03/16 22:03:00.927,n,4.435498,50.793356,0.000234,5.758505e-06,-2.733039e-05,6.081058e-06,3.722399,3.663442,3.934571,3.958156,4.043562,4.109379,3.898577,3.745966,4.128872,4.123058,0,0,0,0,0,0
2025/03/16 22:04:00.911,n,4.430516,51.069624,0.000218,9.129512e-06,-3.816882e-05,7.056134e-06,3.720937,3.656019,3.94193,3.966992,4.04059,4.114903,3.915097,3.757807,4.128872,4.123058,0,0,0,0,0,0
2025/03/16 22:05:00.912,n,4.435498,51.195996,0.000213,5.690804e-06,-4.900726e-05,8.045252e-06,3.713547,3.660437,3.931631,3.959618,4.036188,4.114903,3.912351,3.756312,4.139901,4.121596,0,0,0,0,0,0
2025/03/16 22:06:00.913,n,4.435498,51.214304,0.000207,8.124698e-06,-5.450071e-05,5.341143e-06,3.723812,3.654542,3.936033,3.962558,4.0229,4.120491,3.912351,3.75922,4.13714,4.118655,0,0,0,0,0,0
2025/03/16 22:07:00.916,n,4.418698,51.358888,0.000207,5.291799e-06,-4.900726e-05,4.815417e-06,3.729773,3.673739,3.930169,3.956662,4.030324,4.123269,3.917972,3.750384,4.13714,4.109835,0,0,0,0,0,0
2025/03/16 22:08:00.917,n,4.385056,51.5749,0.000197,7.544597e-06,-5.984569e-05,4.868612e-06,3.720937,3.669338,3.931631,3.959618,4.028861,4.114903,3.906861,3.742993,4.142646,4.118655,0,0,0,0,0,0
2025/03/16 22:09:00.921,n,4.396824,51.888624,0.000197,7.028663e-06,-5.984569e-05,6.659639e-06,3.712102,3.656019,3.936033,3.952259,4.030324,4.120491,3.917972,3.738625,4.139901,4.115698,0,0,0,0,0,0
2025/03/16 22:10:00.924,n,4.390087,51.810648,0.000207,7.950465e-06,-6.519067e-05,4.668055e-06,3.720937,3.667875,3.922796,3.956662,4.037665,4.126029,3.920732,3.740087,4.148185,4.118655,0,0,0,0,0,0
2025/03/16 22:11:00.924,n,4.398533,52.095948,0.000213,9.690476e-06,-5.984569e-05,4.46225e-06,3.717949,3.657547,3.933094,3.950733,4.036188,4.128872,3.931843,3.737163,4.150931,4.114204,0,0,0,0,0,0
2025/03/16 22:12:00.926,n,4.391796,52.463868,0.000213,4.195945e-06,-6.519067e-05,4.190091e-06,3.716471,3.663442,3.936033,3.938973,4.033263,4.128872,3.926255,3.737163,4.159394,4.118655,0,0,0,0,0,0
2025/03/16 22:13:00.911,n,4.36826,52.8,0.000207,4.583255e-06,-5.984569e-05,5.841891e-06,3.731234,3.661915,3.930169,3.962558,4.030324,4.123269,3.917972,3.757807,4.153773,4.120133,0,0,0,0,0,0
2025/03/16 22:14:00.912,n,4.346337,52.892628,0.000191,7.91692e-06,-7.068412e-05,8.529412e-06,3.725339,3.648678,3.930169,3.958156,4.028861,4.128872,3.926255,3.748922,4.145424,4.114204,0,0,0,0,0,0
2025/03/16 22:15:00.916,n,4.361569,52.990384,0.000191,8.686454e-06,-7.632605e-05,5.266471e-06,3.717949,3.656019,3.915405,3.965547,4.025889,4.131618,3.926255,3.745966,4.156519,4.114204,0,0,0,0,0,0
2025/03/16 22:16:00.920,n,4.334568,53.279348,0.000191,6.936897e-06,-7.068412e-05,5.221882e-06,3.719475,3.657547,3.925736,3.958156,4.030324,4.126029,3.926255,3.745966,4.150931,4.117161,0,0,0,0,0,0
2025/03/16 22:17:00.920,n,4.346337,53.3208,0.000191,8.193101e-06,-6.519067e-05,7.697396e-06,3.726801,3.664904,3.921269,3.959618,4.030324,4.13714,3.929098,3.741499,4.150931,4.111297,0,0,0,0,0,0
2025/03/16 22:18:00.920,n,4.316113,53.422024,0.000186,7.492878e-06,-8.167102e-05,6.402135e-06,3.71501,3.661915,3.928707,3.952259,4.031785,4.139901,3.934603,3.738625,4.159394,4.111297,0,0,0,0,0,0
2025/03/16 22:19:00.923,n,4.316113,53.441944,0.000197,7.74802e-06,-7.632605e-05,6.197789e-06,3.719475,3.65308,3.924273,3.947858,4.033263,4.128872,3.929098,3.738625,4.156519,4.120133,0,0,0,0,0,0
2025/03/16 22:20:00.925,n,4.326218,53.81494,0.000202,8.57795e-06,-7.068412e-05,4.300181e-06,3.722399,3.666366,3.931631,3.950733,4.036188,4.126029,3.920732,3.753355,4.150931,4.112759,0,0,0,0,0,0
2025/03/16 22:21:00.926,n,4.302685,53.897804,0.000197,6.584922e-06,-7.632605e-05,5.444735e-06,3.716471,3.650141,3.921269,3.946396,4.033263,4.13714,3.931843,3.744488,4.150931,4.120133,0,0,0,0,0,0
2025/03/16 22:22:00.913,n,4.306004,54.146192,0.000197,6.153283e-06,-7.632605e-05,6.625847e-06,3.729773,3.667875,3.931631,3.96402,4.027367,4.131618,3.929098,3.751861,4.150931,4.123058,0,0,0,0,0,0
2025/03/16 22:23:00.916,n,4.307663,54.134572,0.000191,7.101622e-06,-7.068412e-05,7.118565e-06,3.726801,3.661915,3.936033,3.955184,4.027367,4.131618,3.929098,3.751861,4.150931,4.114204,0,0,0,0,0,0
2025/03/16 22:24:00.916,n,4.272312,54.215676,0.000191,9.676868e-06,-7.068412e-05,5.738054e-06,3.722399,3.663442,3.924273,3.956662,4.019993,4.131618,3.929098,3.750384,4.164885,4.112759,0,0,0,0,0,0
2025/03/16 22:25:00.918,n,4.258934,54.227244,0.000191,5.333382e-06,-8.167102e-05,4.877262e-06,3.719475,3.656019,3.925736,3.953722,4.030324,4.139901,3.940127,3.74746,4.164885,4.106863,0,0,0,0,0,0
2025/03/16 22:26:00.920,n,4.27739,54.311672,0.000175,7.276474e-06,-9.250946e-05,5.087547e-06,3.719475,3.661915,3.919872,3.94927,4.025889,4.139901,3.940127,3.738625,4.159394,4.111297,0,0,0,0,0,0
2025/03/16 22:27:00.922,n,4.272312,54.602732,0.000186,8.388504e-06,-8.167102e-05,6.441114e-06,3.717949,3.661915,3.930169,3.958156,4.021488,4.142646,3.937381,3.742993,4.16214,4.106863,0,0,0,0,0,0
2025/03/16 22:28:00.924,n,4.247116,54.587796,0.000181,7.930616e-06,-8.167102e-05,5.868946e-06,3.713547,3.660437,3.924273,3.943391,4.025889,4.131618,3.931843,3.744488,4.156519,4.118655,0,0,0,0,0,0
2025/03/16 22:29:00.926,n,4.255516,54.749804,0.000186,5.792952e-06,-9.250946e-05,6.313285e-06,3.71501,3.656019,3.918377,3.94193,4.025889,4.145424,3.937381,3.735636,4.167646,4.109835,0,0,0,0,0,0
2025/03/16 22:30:00.928,n,4.228562,54.9563,0.000186,8.787888e-06,-8.716448e-05,7.127498e-06,3.716471,3.660437,3.931631,3.946396,4.033263,4.13714,3.942872,3.745966,4.170424,4.112759,0,0,0,0,0,0
2025/03/16 22:31:00.909,n,4.262253,55.089992,0.000239,2.536314e-05,-2.198541e-05,2.803459e-05,3.74746,3.675233,3.94927,3.969916,4.039192,4.106619,3.909606,3.771011,4.128872,4.142192,0,0,0,0,0,0
2025/03/16 22:32:00.911,n,4.258934,55.344092,0.000218,9.676068e-06,-4.900726e-05,8.45528e-06,3.741499,3.673739,3.931631,3.96402,4.036188,4.123269,3.920732,3.765148,4.148185,4.124552,0,0,0,0,0,0
2025/03/16 22:33:00.915,n,4.201657,55.472756,0.000218,6.873661e-06,-6.519067e-05,6.268775e-06,3.732697,3.664904,3.943391,3.962558,4.034725,4.123269,3.929098,3.754818,4.145424,4.118655,0,0,0,0,0,0
2025/03/16 22:34:00.918,n,4.253857,55.67212,0.000197,5.672158e-06,-7.068412e-05,5.802812e-06,3.737163,3.660437,3.925736,3.961095,4.027367,4.131618,3.926255,3.754818,4.153773,4.120133,0,0,0,0,0,0
2025/03/16 22:35:00.918,n,4.223534,55.705128,0.000186,9.417054e-06,-7.068412e-05,5.4009e-06,3.717949,3.659008,3.92723,3.96402,4.024428,4.134396,3.931843,3.751861,4.156519,4.118655,0,0,0,0,0,0
2025/03/16 22:36:00.920,n,4.233639,55.922412,0.00017,9.452518e-06,-8.167102e-05,2.751926e-06,3.726801,3.6708,3.930169,3.94927,4.030324,4.134396,3.920732,3.750384,4.153773,4.111297,0,0,0,0,0,0
2025/03/16 22:37:00.922,n,4.225243,55.972072,0.000181,6.856725e-06,-8.716448e-05,5.765512e-06,3.713547,3.664904,3.922796,3.94927,4.018531,4.148185,3.942872,3.735636,4.170424,4.103937,0,0,0,0,0,0
2025/03/16 22:38:00.927,n,4.223534,56.122508,0.000175,9.156216e-06,-8.716448e-05,6.24989e-06,3.723812,3.659008,3.933094,3.950733,4.024428,4.145424,3.942872,3.740087,4.164885,4.115698,0,0,0,0,0,0
2025/03/16 22:39:00.926,n,4.225243,56.229932,0.000181,7.08286e-06,-8.167102e-05,8.677228e-06,3.722399,3.669338,3.924273,3.950733,4.036188,4.139901,3.942872,3.740087,4.167646,4.115698,0,0,0,0,0,0
2025/03/16 22:40:00.913,n,4.194969,56.499072,0.000175,7.470948e-06,-0.000103,8.097182e-06,3.725339,3.651618,3.921269,3.955184,4.018531,4.148185,3.945633,3.742993,4.170424,4.115698,0,0,0,0,0,0
2025/03/16 22:41:00.913,n,4.23193,56.796144,0.000165,6.084878e-06,-8.167102e-05,6.175602e-06,3.728263,3.660437,3.934571,3.959618,4.019993,4.139901,3.942872,3.753355,4.17317,4.115698,0,0,0,0,0,0
2025/03/16 22:42:00.916,n,4.188183,56.918164,0.000165,9.05049e-06,-9.800292e-05,6.199196e-06,3.723812,3.657547,3.933094,3.952259,4.018531,4.142646,3.951252,3.742993,4.178676,4.109835,0,0,0,0,0,0
2025/03/16 22:43:00.919,n,4.196629,57.237892,0.000154,1.102049e-05,-9.800292e-05,5.82797e-06,3.720937,3.664904,3.92723,3.94927,4.0229,4.142646,3.94841,3.741499,4.17317,4.114204,0,0,0,0,0,0
2025/03/16 22:44:00.919,n,4.191551,57.481544,0.000154,6.242702e-06,-9.800292e-05,4.60568e-06,3.712102,3.659008,3.931631,3.950733,4.017069,4.150931,3.953998,3.740087,4.17593,4.103937,0,0,0,0,0,0
2025/03/16 22:45:00.921,n,4.191551,57.83198,0.000165,8.043195e-06,-0.000114,7.232755e-06,3.722399,3.672261,3.912449,3.947858,4.017069,4.156519,3.953998,3.737163,4.17317,4.112759,0,0,0,0,0,0
2025/03/16 22:46:00.923,n,4.179783,58.434816,0.000165,7.20116e-06,-0.000114,6.549513e-06,3.720937,3.672261,3.909573,3.944918,4.0229,4.156519,3.953998,3.738625,4.178676,4.103937,0,0,0,0,0,0
2025/03/16 22:47:00.926,n,4.142723,59.071776,0.000149,9.524408e-06,-0.000109,3.629171e-06,3.717949,3.6708,3.912449,3.93756,4.017069,4.153773,3.951252,3.726801,4.178676,4.111297,0,0,0,0,0,0
2025/03/16 22:48:00.927,n,4.163128,59.565264,0.000244,5.894645e-06,-2.183926e-05,3.516008e-06,3.739875,3.68238,3.943212,3.963841,4.055193,4.083407,3.889157,3.766399,4.113928,4.137611,0,0,0,0,0,0
2025/03/16 22:49:00.915,n,4.154682,60.003644,0.000228,9.398378e-06,-3.802267e-05,4.785106e-06,3.747249,3.68238,3.959374,3.968274,4.04041,4.091675,3.883537,3.769387,4.105547,4.137611,0,0,0,0,0,0
2025/03/16 22:50:00.914,n,4.113079,60.400568,0.000244,7.512336e-06,-3.252922e-05,4.785106e-06,3.742815,3.675022,3.950572,3.975665,4.03307,4.083407,3.880793,3.763459,4.11115,4.133176,0,0,0,0,0,0
2025/03/16 22:51:00.915,n,4.096283,60.75594,0.000239,6.503986e-06,-3.252922e-05,5.831557e-06,3.748743,3.680918,3.947679,3.978558,4.030145,4.077803,3.883537,3.769387,4.10834,4.136133,0,0,0,0,0,0
2025/03/16 22:52:00.918,n,4.074505,61.267952,0.000239,6.175916e-06,-3.252922e-05,5.385652e-06,3.738413,3.688341,3.934377,3.965336,4.03307,4.086152,3.883537,3.767925,4.11115,4.130237,0,0,0,0,0,0
2025/03/16 22:53:00.922,n,4.052776,61.55384,0.000228,1.064421e-05,-5.450303e-05,7.652452e-06,3.739875,3.686846,3.937316,3.968274,4.036009,4.094435,3.889157,3.757595,4.116674,4.128775,0,0,0,0,0,0
2025/03/16 22:54:00.923,n,4.092964,61.96888,0.000239,6.127193e-06,-3.252922e-05,7.546608e-06,3.742815,3.685351,3.949141,3.960901,4.044845,4.08893,3.886315,3.757595,4.113928,4.130237,0,0,0,0,0,0
2025/03/16 22:55:00.923,n,4.081246,62.171956,0.000223,6.150343e-06,-2.183926e-05,6.834202e-06,3.739875,3.689803,3.934377,3.962379,4.047834,4.08893,3.883537,3.766399,4.116674,4.130237,0,0,0,0,0,0
2025/03/16 22:56:00.927,n,4.057758,62.474688,0.000233,8.836998e-06,-4.336765e-05,6.226189e-06,3.742815,3.694204,3.937316,3.959374,4.041873,4.091675,3.889157,3.739875,4.116674,4.12728,0,0,0,0,0,0
2025/03/16 22:57:00.927,n,4.051022,62.764096,0.000244,6.887931e-06,-2.718424e-05,8.134957e-06,3.736951,3.683874,3.946201,3.977095,4.036009,4.091675,3.889157,3.763459,4.113928,4.133176,0,0,0,0,0,0
2025/03/16 22:58:00.914,n,4.051022,63.130064,0.000233,6.12002e-06,-3.802267e-05,6.992129e-06,3.747249,3.67944,3.941751,3.984486,4.036009,4.091675,3.897538,3.760534,4.113928,4.136133,0,0,0,0,0,0
2025/03/16 22:59:00.914,n,4.03598,63.3846,0.000223,1.040584e-05,-3.252922e-05,7.591322e-06,3.756133,3.689803,3.940273,3.978558,4.031574,4.08893,3.889157,3.761997,4.119419,4.134639,0,0,0,0,0,0
2025/03/16 23:00:00.918,n,4.032612,63.51346,0.000223,7.975126e-06,-4.336765e-05,7.792216e-06,3.739875,3.67944,3.940273,3.968274,4.02865,4.091675,3.889157,3.761997,4.116674,4.130237,0,0,0,0,0,0
2025/03/16 23:01:00.914,n,4.040962,63.681332,0.000286,2.897476e-05,2.166295e-05,2.473163e-05,3.761997,3.697143,3.963841,3.985931,4.049231,4.063899,3.86148,3.781161,4.091675,4.152296,0,0,0,0,0,0
2025/03/16 23:02:00.918,n,4.044331,63.769368,0.00026,1.106389e-05,-1.100082e-05,7.909979e-06,3.760534,3.694204,3.941751,3.980034,4.038949,4.075025,3.875286,3.772295,4.100056,4.136133,0,0,0,0,0,0
2025/03/16 23:03:00.920,n,4.056099,63.857256,0.00026,5.695796e-06,-5.507372e-06,6.034543e-06,3.753145,3.70749,3.953575,3.985931,4.049231,4.07228,3.878047,3.772295,4.102801,4.144938,0,0,0,0,0,0
2025/03/16 23:04:00.924,n,4.056099,64.041292,0.000254,4.541346e-06,-2.183926e-05,4.529757e-06,3.750237,3.700067,3.946201,3.975665,4.050741,4.080564,3.878047,3.767925,4.102801,4.140535,0,0,0,0,0,0
2025/03/16 23:05:00.924,n,4.052776,64.160188,0.000249,1.445443e-05,-2.183926e-05,4.769802e-06,3.744277,3.698605,3.931453,3.968274,4.03307,4.080564,3.889157,3.764937,4.10834,4.134639,0,0,0,0,0,0
2025/03/16 23:06:00.926,n,4.061127,64.204032,0.000233,7.269724e-06,-3.802267e-05,9.637154e-06,3.745772,3.697143,3.963841,3.963841,4.047834,4.080564,3.886315,3.761997,4.10834,4.136133,0,0,0,0,0,0
2025/03/16 23:07:00.913,n,4.05439,64.396028,0.000228,6.939131e-06,-3.252922e-05,4.224807e-06,3.7517,3.689803,3.963841,3.968274,4.044845,4.091675,3.889157,3.769387,4.113928,4.139105,0,0,0,0,0,0
2025/03/16 23:08:00.913,n,4.084614,64.371664,0.000218,7.720962e-06,-4.336765e-05,6.288136e-06,3.744277,3.686846,3.949141,3.969737,4.037471,4.091675,3.891918,3.767925,4.116674,4.133176,0,0,0,0,0,0
2025/03/16 23:09:00.915,n,4.057758,64.454576,0.000218,8.694332e-06,-3.802267e-05,5.827943e-06,3.748743,3.685351,3.944675,3.978558,4.02571,4.094435,3.900283,3.756133,4.122213,4.136133,0,0,0,0,0,0
2025/03/16 23:10:00.917,n,4.087933,64.474052,0.000223,1.033008e-05,-4.336765e-05,5.409519e-06,3.748743,3.686846,3.938779,3.985931,4.037471,4.08893,3.886315,3.761997,4.113928,4.134639,0,0,0,0,0,0
2025/03/16 23:11:00.921,n,4.079586,64.54232,0.000233,7.811455e-06,-3.802267e-05,6.046661e-06,3.7517,3.692742,3.937316,3.985931,4.03307,4.08893,3.891918,3.759073,4.119419,4.12728,0,0,0,0,0,0
2025/03/16 23:12:00.919,n,4.076214,64.745348,0.000223,1.054838e-05,-3.802267e-05,6.1377e-06,3.75464,3.688341,3.937316,3.969737,4.034546,4.094435,3.897538,3.775283,4.116674,4.133176,0,0,0,0,0,0
2025/03/16 23:13:00.921,n,4.069527,64.903548,0.000223,8.478882e-06,-5.984801e-05,7.43396e-06,3.739875,3.688341,3.929991,3.972694,4.04041,4.105547,3.900283,3.7517,4.130481,4.128775,0,0,0,0,0,0
2025/03/16 23:14:00.928,n,4.092964,65.113944,0.000223,8.556236e-06,-4.886111e-05,3.701448e-06,3.739875,3.691215,3.937316,3.965336,4.027173,4.102801,3.897538,3.766399,4.116674,4.136133,0,0,0,0,0,0
2025/03/16 23:15:00.928,n,4.074505,65.478792,0.000228,8.862106e-06,-4.886111e-05,5.962605e-06,3.741353,3.685351,3.935855,3.963841,4.031574,4.094435,3.900283,3.753145,4.122213,4.12728,0,0,0,0,0,0
2025/03/16 23:16:00.912,n,4.069527,65.740808,0.000218,8.737614e-06,-4.886111e-05,3.716621e-06,3.757595,3.676516,3.943212,3.969737,4.03307,4.091675,3.897538,3.767925,4.122213,4.137611,0,0,0,0,0,0
2025/03/16 23:17:00.915,n,4.059467,66.092024,0.000228,9.577026e-06,-5.984801e-05,5.984691e-06,3.747249,3.685351,3.934377,3.966797,4.030145,4.100056,3.908567,3.767925,4.124958,4.12434,0,0,0,0,0,0
2025/03/16 23:18:00.916,n,4.03598,66.46888,0.000207,5.915647e-06,-5.450303e-05,4.990088e-06,3.756133,3.68238,3.937316,3.966797,4.043367,4.100056,3.891918,3.767925,4.124958,4.137611,0,0,0,0,0,0
2025/03/16 23:19:00.917,n,4.03598,66.588952,0.000218,6.577855e-06,-7.068644e-05,6.923359e-06,3.745772,3.688341,3.934377,3.968274,4.021309,4.100056,3.908567,3.760534,4.136084,4.131715,0,0,0,0,0,0
2025/03/16 23:20:00.921,n,3.945404,66.335724,0.000207,8.00778e-06,-5.450303e-05,5.781651e-06,3.742815,3.686846,3.932915,3.968274,4.04041,4.105547,3.911312,3.763459,4.130481,4.128775,0,0,0,0,0,0
2025/03/16 23:21:00.922,n,3.930317,66.21878,0.000212,9.419524e-06,-5.984801e-05,5.226055e-06,3.744277,3.694204,3.931453,3.965336,4.024184,4.102801,3.905822,3.759073,4.130481,4.12434,0,0,0,0,0,0
2025/03/16 23:22:00.924,n,3.792816,65.337144,0.000207,8.734656e-06,-5.984801e-05,6.31799e-06,3.745772,3.689803,3.938779,3.952048,4.04041,4.10834,3.905822,3.756133,4.13329,4.134639,0,0,0,0,0,0
2025/03/16 23:23:00.927,n,3.702145,64.839972,0.000202,7.057644e-06,-6.534146e-05,4.293717e-06,3.7517,3.689803,3.932915,3.962379,4.031574,4.105547,3.905822,3.756133,4.13329,4.130237,0,0,0,0,0,0
2025/03/16 23:24:00.926,n,3.663616,64.649644,0.000197,8.248732e-06,-5.984801e-05,5.087388e-06,3.750237,3.683874,3.937316,3.957977,4.036009,4.10834,3.905822,3.756133,4.136084,4.136133,0,0,0,0,0,0
2025/03/16 23:25:00.913,n,3.504097,63.392756,0.000202,6.147822e-06,-6.534146e-05,5.802756e-06,3.753145,3.680918,3.935855,3.957977,4.031574,4.102801,3.908567,3.773789,4.136084,4.130237,0,0,0,0,0,0
2025/03/16 23:26:00.913,n,3.436909,62.824644,0.000202,6.51629e-06,-7.068644e-05,4.878619e-06,3.7517,3.686846,3.932915,3.963841,4.024184,4.105547,3.911312,3.770832,4.136084,4.125817,0,0,0,0,0,0
2025/03/16 23:27:00.916,n,3.413422,63.118588,0.000197,5.894645e-06,-6.534146e-05,4.877096e-06,3.7517,3.689803,3.937316,3.957977,4.024184,4.100056,3.905822,3.757595,4.138927,4.12728,0,0,0,0,0,0
2025/03/16 23:28:00.917,n,3.334419,63.04022,0.000191,7.932082e-06,-7.068644e-05,3.673574e-06,3.741353,3.688341,3.929991,3.963841,4.03307,4.10834,3.914057,3.766399,4.14445,4.125817,0,0,0,0,0,0
2025/03/16 23:29:00.919,n,3.233639,62.782112,0.000191,5.245209e-06,-7.068644e-05,5.8027e-06,3.744277,3.683874,3.929991,3.963841,4.027173,4.105547,3.911312,3.761997,4.136084,4.12728,0,0,0,0,0,0
2025/03/16 23:30:00.922,n,3.210102,62.966732,0.000186,4.383862e-06,-7.61799e-05,5.061133e-06,3.739875,3.688341,3.932915,3.963841,4.03307,4.116674,3.914057,3.757595,4.14445,4.130237,0,0,0,0,0,0
2025/03/16 23:31:00.923,n,3.151264,63.071224,0.000249,2.783188e-05,-2.718424e-05,3.136573e-05,3.770832,3.716292,3.949141,3.978558,4.050741,4.083407,3.894778,3.769387,4.119419,4.139105,0,0,0,0,0,0
2025/03/16 23:32:00.926,n,3.110932,63.2263,0.000233,4.711681e-06,-4.336765e-05,6.441064e-06,3.7517,3.703038,3.943212,3.971199,4.049231,4.08893,3.897538,3.769387,4.124958,4.140535,0,0,0,0,0,0
2025/03/16 23:33:00.929,n,3.084026,63.611264,0.000223,8.879874e-06,-5.984801e-05,7.228288e-06,3.744277,3.692742,3.946201,3.959374,4.046307,4.09718,3.908567,3.753145,4.127703,4.137611,0,0,0,0,0,0
2025/03/16 23:34:00.916,n,3.048725,64.16668,0.000197,8.265004e-06,-5.450303e-05,1.026294e-05,3.756133,3.691215,3.941751,3.969737,4.019847,4.10834,3.911312,3.770832,4.136084,4.12728,0,0,0,0,0,0
2025/03/16 23:35:00.916,n,2.971333,64.011992,0.000191,8.457066e-06,-8.686986e-05,7.432504e-06,3.748743,3.691215,3.937316,3.959374,4.037471,4.113928,3.916933,3.761997,4.149956,4.12728,0,0,0,0,0,0
2025/03/16 23:36:00.917,n,2.851948,63.950132,0.000191,8.432894e-06,-8.152487e-05,4.769591e-06,3.748743,3.691215,3.934377,3.971199,4.030145,4.11115,3.916933,3.766399,4.138927,4.134639,0,0,0,0,0,0
2025/03/16 23:37:00.919,n,2.661762,63.273616,0.000165,8.423698e-06,-0.000103,9.335176e-06,3.742815,3.688341,3.925556,3.957977,4.024184,4.116674,3.925216,3.757595,4.147195,4.11401,0,0,0,0,0,0
2025/03/16 23:38:00.921,n,2.580952,63.549296,0.000181,7.306594e-06,-8.686986e-05,5.827859e-06,3.739875,3.688341,3.919693,3.950572,4.016857,4.127703,3.928026,3.753145,4.152702,4.128775,0,0,0,0,0,0
2025/03/16 23:39:00.924,n,2.491696,63.898028,0.000154,8.065009e-06,-0.000114,5.920558e-06,3.741353,3.68238,3.918166,3.949141,4.02571,4.127703,3.933563,3.750237,4.15548,4.121416,0,0,0,0,0,0
2025/03/16 23:40:00.925,n,2.402386,63.834452,0.00016,6.679783e-06,-0.000109,5.924158e-06,3.738413,3.688341,3.928513,3.960901,4.027173,4.124958,3.922438,3.747249,4.152702,4.11258,0,0,0,0,0,0
2025/03/16 23:41:00.926,n,2.31313,63.9534,0.00017,5.209621e-06,-0.000109,7.528998e-06,3.736951,3.685351,3.932915,3.947679,4.027173,4.13329,3.933563,3.745772,4.161068,4.133176,0,0,0,0,0,0
2025/03/16 23:42:00.929,n,2.233929,63.640604,0.00016,5.734901e-06,-0.000125,5.412608e-06,3.734012,3.680918,3.935855,3.947679,4.030145,4.130481,3.939055,3.757595,4.161068,4.12728,0,0,0,0,0,0
2025/03/16 23:43:00.915,n,2.15971,63.69764,0.000149,9.151278e-06,-0.000114,6.588158e-06,3.745772,3.680918,3.918166,3.953575,4.015381,4.130481,3.939055,3.7517,4.15548,4.117014,0,0,0,0,0,0
2025/03/16 23:44:00.917,n,2.117573,63.83128,0.000133,1.166757e-05,-0.000136,7.297482e-06,3.738413,3.669159,3.918166,3.949141,4.012488,4.141672,3.950213,3.745772,4.174973,4.10964,0,0,0,0,0,0
2025/03/16 23:45:00.918,n,2.147892,64.2677,0.000222,7.245871e-06,-3.847968e-05,4.901998e-06,3.77132,3.724088,3.959926,3.992347,4.054153,4.123918,3.921366,3.796365,4.14882,4.154326,0,0,0,0,0,0
