"Timestamp","TZ","TA_1_2_1","RH_1_2_1","PPFD_1_2_1","PPFD_1_2_1_AV","PPFD_1_2_1_SD","PPFDr_1_2_1","PPFDr_1_2_1_AV","PPFDr_1_2_1_SD","SWin_1_2_1","SWout_1_2_1","LWin_1_2_V","LWout_1_2_V","TA_2_2_1","LWin_1_2_1","LWout_1_2_1","Rn_1_2_1","PPFD_1_1_1","PPFD_1_1_1_AV","PPFD_1_1_1_SD","PPFDd_1_1_1","PPFDd_1_1_1_AV","PPFDd_1_1_1_SD","2SERIAL (State)","2SERIAL (State)","2SERIAL (State)","2SERIAL (State)","posX","posY","P_2_1_2","1256CV"
2025/07/01 23:46:00.135,n,16.654416,73.603968,-0.41878,-0.634515,0.145683,-0.741405,-0.694234,0.061954,-5.651212,-1.883419,-0.75692,-0.203918,16.884776,335.74324,383.11064,-4.320794,1018.9352,940.86552,80.068096,1282.0896,1202.7384,63.74794,0,0,0,0,0.74,-1.37,0,0
2025/07/01 23:47:00.138,n,16.659298,73.385656,0.41878,0.53553,0.065214,0.316866,0.37583,0.048336,-5.493599,-1.854816,-0.751602,-0.202515,16.869614,336.1194,383.1514,-4.18787,923.45224,1048.4476,82.105424,1246.6048,1326.4784,62.619484,0,0,0,0,0.74,-1.37,0,0
2025/07/01 23:48:00.135,n,16.737812,72.015296,0.55888,0.628931,0.066455,0.423001,0.423001,0.0895,-5.230912,-1.711803,-0.748055,-0.201813,16.852334,336.33072,383.11816,-4.06535,869.45816,975.1904,103.48188,1177.6092,1255.974,87.54884,0,0,0,0,0.74,-1.37,0,0
2025/07/01 23:49:00.137,n,16.767254,70.1298,0.55888,0.611164,0.078763,0.387623,0.381726,0.047024,-4.994492,-1.683823,-0.745392,-0.202866,16.831758,336.44728,382.91088,-3.853196,953.86,967.63096,67.161744,1221.1786,1239.7236,58.99322,0,0,0,0,0.74,-1.36,0,0
2025/07/01 23:50:00.139,n,16.8278,69.802608,0.41878,0.588068,0.089754,0.24611,0.31097,0.075603,-5.139542,-1.726727,-0.745033,-0.206566,16.805806,336.33484,382.4388,-3.951283,940.68856,979.28296,171.6039,1188.6868,1253.4338,135.5677,0,0,0,0,0.74,-1.37,0,0
2025/07/01 23:51:00.142,n,16.816376,70.056072,0.55888,0.558627,0.079336,0.352244,0.340452,0.048336,-5.283449,-1.797611,-0.745743,-0.208496,16.791754,336.19572,382.18964,-4.023084,972.9064,935.3028,69.82908,1234.0364,1192.7418,61.702512,0,0,0,0,0.73,-1.36,0,0
2025/07/01 23:52:00.135,n,16.790204,69.518472,0.41878,0.44213,0.095707,0.281488,0.275592,0.041359,-5.322852,-1.940003,-0.742554,-0.200928,16.75491,336.268,382.6582,-3.924475,788.89856,916.46088,116.31166,1079.0902,1195.6244,94.85252,0,0,0,0,0.74,-1.36,0,0
2025/07/01 23:53:00.135,n,16.889912,67.977992,0.453805,0.448221,0.067691,0.175353,0.205604,0.026849,-4.798048,-1.869118,-0.738647,-0.198639,16.738706,336.51636,382.77196,-3.468938,889.35904,882.15544,39.785676,1149.6472,1145.3568,29.98166,0,0,0,0,0.73,-1.37,0,0
2025/07/01 23:54:00.135,n,17.059884,66.594644,0.243654,0.296699,0.082145,0.069218,0.128951,0.088075,-4.35205,-1.940003,-0.737228,-0.19812,16.728956,336.58516,382.76404,-2.951155,827.78136,893.6468,71.561856,1101.0838,1150.7296,54.551812,0,0,0,0,0.74,-1.37,0,0
2025/07/01 23:55:00.138,n,17.249386,65.59176,0.175126,0.215735,0.087245,0.035378,0.041018,0.057097,-3.958589,-1.925701,-0.741844,-0.202156,16.718164,336.12636,382.34608,-2.572576,775.86832,856.13248,83.684528,1054.7186,1117.9684,63.674956,0,0,0,0,0.74,-1.37,0,0
2025/07/01 23:56:00.136,n,17.188934,66.542984,0,0.16269,0.135877,-0.21227,-0.05922,0.101328,-4.482823,-2.054413,-0.752136,-0.210075,16.688918,335.0744,381.48116,-2.970471,928.67736,856.70304,88.070992,1177.9212,1117.4302,70.552816,0,0,0,0,0.74,-1.37,0,0
2025/07/01 23:57:00.138,n,16.965106,67.770672,0.07005,0.122334,0.100538,-0.070757,-0.094342,0.069567,-4.86372,-2.054413,-0.756386,-0.203217,16.671606,334.61124,381.99472,-3.362476,888.95376,932.1708,81.20776,1186.9636,1202.4406,74.04728,0,0,0,0,0.74,-1.36,0,0
2025/07/01 23:58:00.139,n,16.876874,68.222232,0.105076,0.064213,0.120145,-0.141513,-0.165099,0.053264,-4.719241,-2.011509,-0.752487,-0.202156,16.66075,334.88852,382.02892,-3.258063,985.87608,933.4592,79.039232,1227.3788,1188.5754,62.735956,0,0,0,0,0.73,-1.37,0,0
2025/07/01 23:59:00.142,n,16.788544,68.838248,-0.07005,-0.052538,0.057552,-0.247648,-0.21227,0.022375,-5.033896,-1.826214,-0.754257,-0.208672,16.633688,334.58616,381.30104,-3.753267,899.93176,846.01176,69.818336,1152.5798,1107.3062,60.589604,0,0,0,0,0.73,-1.37,0,0
2025/07/02 00:00:07.048,n,16.642986,68.932776,-0.105076,-0.063959,0.059946,-0.21227,-0.247391,0.038194,-5.428498,-2.02581,-0.755318,-0.210075,16.61527,334.3927,381.07464,-3.94793,1014.59,1066.0012,33.24154,1274.681,1315.0768,31.767908,0,0,0,0,0.74,-1.37,0,0
2025/07/02 00:01:00.135,n,16.636444,69.182576,-0.07005,-0.099238,0.056113,-0.247648,-0.259441,0.053264,-5.624943,-2.211105,-0.764198,-0.214661,16.59039,333.48724,380.5302,-3.963375,769.6588,885.91728,100.547,1055.9608,1154.1998,75.676288,0,0,0,0,0.73,-1.36,0,0
2025/07/02 00:02:00.135,n,16.453094,70.735264,-0.138578,-0.092893,0.068463,-0.389161,-0.270977,0.076238,-6.202856,-2.497131,-0.762421,-0.215889,16.560006,333.47338,380.25348,-4.252256,1016.797,940.41616,94.56744,1278.1716,1197.1448,80.678376,0,0,0,0,0.74,-1.37,0,0
2025/07/02 00:03:00.135,n,16.1321,71.400208,-0.138578,-0.139339,0.058614,-0.495296,-0.387879,0.081081,-7.016617,-2.868343,-0.77803,-0.225578,16.513448,331.86646,379.1364,-4.700725,1056.568,935.52776,115.73202,1323.2874,1199.5836,103.21918,0,0,0,0,0.73,-1.36,0,0
2025/07/02 00:04:00.137,n,15.612226,73.366568,-0.48883,-0.313704,0.115105,-0.599892,-0.500167,0.105185,-8.22498,-3.396248,-0.784782,-0.222931,16.461448,330.99578,379.08488,-5.390583,707.00016,773.812,80.132704,1021.5242,1065.1084,64.067932,0,0,0,0,0.73,-1.36,0,0
2025/07/02 00:05:00.136,n,15.158466,76.695032,-0.48883,-0.355074,0.106665,-0.670649,-0.57041,0.075602,-8.737792,-3.65305,-0.791794,-0.224167,16.407266,330.09076,378.67664,-5.65237,1029.4294,955.04024,101.88474,1312.495,1214.4916,98.467256,0,0,0,0,0.74,-1.37,0,0
2025/07/02 00:06:00.142,n,14.794942,79.905776,-0.315227,-0.355074,0.040341,-0.529136,-0.576307,0.069567,-9.315704,-5.024731,-0.800995,-0.217476,16.337856,328.91284,378.88888,-4.874493,774.214,809.2316,80.546256,1113.8586,1131.0272,58.589248,0,0,0,0,0.74,-1.36,0,0
2025/07/02 00:07:00.141,n,14.324338,81.741856,-0.315227,-0.407612,0.087032,-0.670649,-0.605789,0.072216,-10.328196,-6.03888,-0.80117,-0.213425,16.245664,328.39068,378.74168,-4.877061,799.46688,811.74712,93.35336,1157.5906,1150.1008,72.367816,0,0,0,0,0.74,-1.36,0,0
2025/07/02 00:08:00.143,n,14.357736,85.510048,-0.278679,-0.360658,0.08467,-0.529136,-0.623478,0.076426,-10.079212,-6.024578,-0.785965,-0.201996,16.191026,329.40564,379.45628,-4.638603,1099.465,961.69944,121.01074,1493.4764,1323.3906,131.43212,0,0,0,0,0.74,-1.35,0,0
2025/07/02 00:09:00.146,n,14.469358,86.196912,0.348729,0.371826,0.087641,0.24611,0.241239,0.041279,-9.869062,-6.024578,-0.77771,-0.189682,16.100974,329.6254,380.05552,-4.432512,883.3588,936.1036,90.509664,1392.5852,1392.363,85.574528,0,0,0,0,0.73,-1.35,0,0
2025/07/02 00:10:00.136,n,14.669404,88.87616,0.313704,0.319288,0.046136,0.035378,0.153306,0.094047,-8.75207,-4.910321,-0.750908,-0.173676,16.00973,331.4433,380.97644,-4.418981,926.18592,953.55864,47.326528,1558.5616,1492.2762,66.167968,0,0,0,0,0.74,-1.37,0,0
2025/07/02 00:11:00.135,n,14.990498,85.866592,0.278679,0.272587,0.074398,0.035378,0.06486,0.047023,-7.371816,-3.467754,-0.755699,-0.174377,15.942402,330.6598,380.54512,-4.485383,1081.1728,1053.8148,57.155924,1814.4224,1738.4068,65.473656,0,0,0,0,0.73,-1.34,0,0
2025/07/02 00:12:00.136,n,14.92497,82.791744,0.07005,0.139086,0.096118,-0.069218,0.041531,0.064384,-7.477462,-3.596466,-0.75322,-0.175781,15.871764,330.4873,380.0334,-4.458434,1076.292,1095.1694,82.199152,1828.1076,1828.832,54.691864,0,0,0,0,0.72,-1.35,0,0
2025/07/02 00:13:00.137,n,14.908566,81.424984,0.07005,0.133248,0.102136,-0.175353,-0.105109,0.058836,-7.582537,-3.63937,-0.753037,-0.174194,15.80222,330.12246,379.79372,-4.522009,1259.5892,1164.7672,84.549984,1973.0412,1883.6688,73.615216,0,0,0,0,0.73,-1.37,0,0
2025/07/02 00:14:00.138,n,14.872578,79.779192,-0.035025,0.08071,0.142344,-0.21227,-0.128951,0.048568,-7.477462,-3.482056,-0.745949,-0.170685,15.739164,330.39068,379.76048,-4.57067,1147.8602,1097.961,73.506464,1837.8258,1810.6546,46.195236,0,0,0,0,0.73,-1.37,0,0
2025/07/02 00:15:00.141,n,14.790646,79.805992,-0.071573,-0.134517,0.107014,-0.175353,-0.211244,0.063805,-7.490597,-3.453453,-0.748077,-0.172966,15.677202,329.86796,379.21928,-4.612255,1061.1088,1052.5358,75.808968,1736.6368,1722.21,49.558048,0,0,0,0,0.73,-1.33,0,0
2025/07/02 00:16:00.144,n,14.787374,78.890808,-0.071573,-0.030203,0.102795,-0.352244,-0.323275,0.056041,-7.082859,-3.153748,-0.738144,-0.16787,15.613008,330.37646,379.32112,-4.499386,1100.334,1125.0532,49.020404,1765.4854,1771.3378,38.683332,0,0,0,0,0.73,-1.34,0,0
2025/07/02 00:17:00.145,n,14.907002,77.223184,-0.176649,-0.158121,0.095701,-0.387623,-0.387879,0.038195,-6.702533,-2.82544,-0.733353,-0.164001,15.557516,330.48806,379.36176,-4.446445,1075.103,1083.2932,37.359068,1714.0806,1710.2436,32.012496,0,0,0,0,0.74,-1.35,0,0
2025/07/02 00:18:00.148,n,15.075654,75.820352,-0.280202,-0.256851,0.103111,-0.423001,-0.470172,0.076426,-6.24283,-2.36842,-0.728752,-0.164879,15.506394,330.60694,379.00476,-4.438284,1121.0224,1108.4408,62.2503,1703.793,1696.274,50.191632,0,0,0,0,0.74,-1.35,0,0
2025/07/02 00:19:00.136,n,15.170574,74.89276,-0.455328,-0.350252,0.088608,-0.493757,-0.535032,0.056679,-5.91447,-2.183125,-0.72609,-0.158203,15.454118,330.55236,379.31272,-4.299232,901.41688,1032.3734,81.293912,1524.9874,1619.7616,59.196284,0,0,0,0,0.73,-1.37,0,0
2025/07/02 00:20:00.136,n,15.263886,74.031432,-0.490353,-0.425886,0.102013,-0.704489,-0.593739,0.068161,-5.664917,-2.083016,-0.720772,-0.159081,15.41494,330.79874,379.02116,-4.143593,965.40856,1040.8842,72.728952,1533.5748,1595.1314,53.704752,0,0,0,0,0.73,-1.37,0,0
2025/07/02 00:21:00.136,n,15.408994,73.035392,-0.769032,-0.577408,0.142762,-0.810624,-0.734483,0.051942,-4.68098,-1.369816,-0.706787,-0.14608,15.415038,332.009,380.17628,-3.871872,912.75232,918.57584,77.052584,1441.8414,1453.212,60.763476,0,0,0,0,0.73,-1.33,0,0
2025/07/02 00:22:00.139,n,15.610504,71.76796,0.173603,0.337054,0.084835,0.318404,0.324301,0.064914,-3.972295,-0.970001,-0.705551,-0.149254,15.391066,331.98522,379.76368,-3.558591,929.06144,939.00152,40.168396,1431.519,1438.9382,29.277978,0,0,0,0,0.73,-1.34,0,0
2025/07/02 00:23:00.140,n,15.664654,71.453552,0.243654,0.325379,0.095707,0.318404,0.259441,0.057772,-3.946597,-0.9557,-0.70768,-0.153473,15.369296,331.68256,379.27048,-3.545104,1017.1636,1029.8402,31.257,1515.8546,1510.833,35.219316,0,0,0,0,0.73,-1.35,0,0
2025/07/02 00:24:00.145,n,15.520222,71.972104,0.383754,0.226141,0.156245,0.21227,0.224319,0.108319,-4.392024,-1.155296,-0.712105,-0.158745,15.34754,331.18128,378.68376,-3.790087,1013.708,918.35088,63.589304,1483.5728,1407.4538,47.650816,0,0,0,0,0.74,-1.38,0,0
2025/07/02 00:25:00.145,n,15.284626,73.131096,0.173603,0.191116,0.082141,-0.035378,0.170995,0.133159,-5.022475,-1.440701,-0.70945,-0.162254,15.332304,331.328,378.28912,-4.128969,976.75816,1014.6008,54.154408,1469.9762,1492.4116,37.870836,0,0,0,0,0.74,-1.36,0,0
2025/07/02 00:26:00.147,n,15.073494,74.105992,-0.036548,0.074365,0.111679,0,0.106648,0.109519,-5.284591,-1.583092,-0.715828,-0.162254,15.305024,330.62772,378.1406,-4.255073,1080.7386,985.88776,80.580392,1547.2632,1461.8282,63.871748,0,0,0,0,0.74,-1.34,0,0
2025/07/02 00:27:00.149,n,14.999814,74.433432,-0.036548,-0.029695,0.04104,0,0.030251,0.047146,-5.245188,-1.297688,-0.710693,-0.160324,15.277796,330.92374,378.16388,-4.49787,1011.9258,928.89792,81.019752,1490.6196,1413.6696,67.269608,0,0,0,0,0.76,-1.35,0,0
2025/07/02 00:28:00.137,n,15.075154,73.74628,0.033502,0.033756,0.058429,0.070757,0.018202,0.07292,-5.166382,-1.183899,-0.709984,-0.1605,15.262542,330.9021,378.06528,-4.531967,1026.7798,1001.6496,65.789816,1517.0688,1479.0402,53.312288,0,0,0,0,0.71,-1.35,0,0
2025/07/02 00:29:00.137,n,15.045662,73.768592,-0.036548,-0.070812,0.062319,-0.104597,-0.063835,0.051309,-5.350834,-1.383495,-0.714233,-0.161209,15.237496,330.39814,377.86592,-4.520363,941.17904,972.30928,79.031008,1422.4874,1439.541,55.023632,0,0,0,0,0.74,-1.35,0,0
2025/07/02 00:30:07.050,n,15.165192,73.06732,-0.210151,-0.175126,0.129167,-0.139975,-0.151768,0.076426,-5.612951,-1.583092,-0.719902,-0.159622,15.211312,329.76538,377.86444,-4.590139,905.2948,969.44928,93.468712,1401.5084,1432.1438,67.080552,0,0,0,0,0.73,-1.35,0,0
2025/07/02 00:31:00.141,n,15.035798,73.70336,-0.420302,-0.256851,0.120655,-0.281488,-0.240213,0.056679,-6.006982,-1.926323,-0.718483,-0.157158,15.186266,329.75204,377.94724,-4.641984,860.40272,978.29512,110.8968,1355.3512,1452.4854,89.441608,0,0,0,0,0.74,-1.35,0,0
2025/07/02 00:32:00.142,n,14.978524,74.239584,-0.245176,-0.286039,0.040946,-0.387623,-0.269695,0.069567,-6.111486,-2.040112,-0.722923,-0.157158,15.15687,329.20804,377.78732,-4.63714,866.1576,869.3616,27.387952,1366.7354,1352.797,19.188538,0,0,0,0,0.73,-1.35,0,0
2025/07/02 00:33:00.146,n,14.778622,75.397152,-0.350252,-0.27411,0.135095,-0.352244,-0.340195,0.052788,-6.427283,-2.24033,-0.724869,-0.157509,15.120858,328.84408,377.56048,-4.754313,962.94176,1039.8852,72.550672,1815.8858,1573.7426,134.04702,0,0,0,0,0.73,-1.35,0,0
2025/07/02 00:34:00.148,n,14.675396,76.039248,-0.385277,-0.420049,0.044067,-0.564514,-0.469916,0.072831,-6.466115,-2.339817,-0.722214,-0.15593,15.090356,328.90812,377.53508,-4.692582,1150.146,1113.4502,63.856872,1652.189,1654.0874,60.633324,0,0,0,0,0.73,-1.35,0,0
2025/07/02 00:35:00.150,n,14.608162,76.2392,-0.55888,-0.460658,0.080792,-0.493757,-0.505038,0.108219,-6.334771,-2.296913,-0.714409,-0.151711,15.055452,329.3937,377.7202,-4.600556,1041.431,1015.6476,54.376464,1548.5396,1521.047,45.06218,0,0,0,0,0.75,-1.36,0,0
2025/07/02 00:36:00.152,n,14.865314,75.219224,-0.453805,-0.518779,0.102466,-0.599892,-0.552465,0.076095,-5.508446,-1.541431,-0.709297,-0.143646,15.065898,329.89254,378.49308,-4.532666,998.08632,1019.9328,69.465096,1526.4004,1538.1296,50.253356,0,0,0,0,0.75,-1.34,0,0
2025/07/02 00:37:00.142,n,14.916096,74.891096,0.453805,0.36015,0.068617,0.316866,0.322506,0.07179,-5.363969,-1.41272,-0.717453,-0.148918,15.040854,329.05118,377.889,-4.519784,1044.6268,1006.4744,71.848448,1553.9624,1508.985,62.83152,0,0,0,0,0.73,-1.36,0,0
2025/07/02 00:38:00.136,n,14.794808,75.796616,0.453805,0.284516,0.107195,0.24611,0.269695,0.048336,-5.390237,-1.469925,-0.712494,-0.146286,15.00815,329.30262,377.94524,-4.48652,1016.1566,990.6176,80.410824,1532.7108,1499.817,67.643184,0,0,0,0,0.73,-1.35,0,0
2025/07/02 00:39:00.134,n,14.806282,75.678984,0.348729,0.336547,0.089886,0.24611,0.22278,0.069047,-5.429641,-1.469925,-0.72065,-0.150856,14.983024,328.46082,377.40312,-4.529509,1218.6216,1067.0326,93.145048,1725.3338,1566.729,102.4978,0,0,0,0,0.74,-1.36,0,0
2025/07/02 00:40:00.135,n,14.703012,76.449008,0.138578,0.115228,0.084835,0.139975,0.104853,0.070296,-5.613522,-1.65522,-0.697784,-0.140839,14.960098,330.31442,378.1684,-4.515248,896.33184,1011.4378,114.80724,1437.2378,1533.2346,95.838408,0,0,0,0,0.73,-1.35,0,0
2025/07/02 00:41:00.135,n,14.830842,75.736168,0.173603,0.220303,0.047853,0.210731,0.057938,0.103805,-5.075583,-1.298931,-0.702919,-0.143646,14.934992,329.73406,377.78284,-4.335925,1137.7274,1069.681,96.772416,1682.2952,1594.5668,100.67274,0,0,0,0,0.73,-1.37,0,0
2025/07/02 00:42:00.135,n,14.78006,75.814096,0.033502,0.010406,0.042338,-0.036916,0.02256,0.079865,-5.193221,-1.313232,-0.711784,-0.148567,14.912098,328.84304,377.22172,-4.443206,855.63944,901.67728,65.807296,1422.9238,1456.0614,54.881692,0,0,0,0,0.73,-1.34,0,0
2025/07/02 00:43:00.135,n,14.750568,76.217416,-0.105076,0.080456,0.109502,-0.036916,-0.071269,0.062947,-5.24633,-1.356136,-0.70948,-0.148216,14.895722,328.95356,377.16408,-4.451458,1128.5942,995.85944,118.37948,1673.435,1539.65,113.12914,0,0,0,0,0.74,-1.35,0,0
2025/07/02 00:44:00.136,n,14.688264,76.39828,-0.036548,-0.023604,0.078887,-0.106135,-0.077422,0.064499,-4.930534,-1.127316,-0.703095,-0.146454,14.87635,329.4009,377.21556,-4.359859,1065.7978,959.6612,83.188944,1608.4838,1515.7142,72.774992,0,0,0,0,0.73,-1.35,0,0
2025/07/02 00:45:00.139,n,14.914388,75.796616,-0.036548,-0.15203,0.116213,-0.143051,-0.148179,0.02644,-4.49767,-0.842533,-0.706459,-0.146637,14.868756,329.06866,377.15808,-4.214959,1039.745,971.09824,60.594556,1595.9966,1526.3712,47.941632,0,0,0,0,0.74,-1.34,0,0
2025/07/02 00:46:00.136,n,14.911114,75.543784,-0.175126,-0.163451,0.107765,-0.247648,-0.177404,0.070453,-4.681552,-0.970623,-0.712318,-0.153488,14.85683,328.49732,376.48512,-4.269759,934.90464,1007.9286,82.041448,1519.8314,1566.8022,61.445912,0,0,0,0,0.73,-1.36,0,0
2025/07/02 00:47:00.136,n,14.793194,76.244416,-0.175126,-0.256851,0.052732,-0.318404,-0.306612,0.048336,-4.944239,-1.184521,-0.712669,-0.154366,14.836236,328.35538,376.29564,-4.318023,880.28984,831.08152,26.021144,1449.7606,1405.5992,24.63331,0,0,0,0,0.73,-1.36,0,0
2025/07/02 00:48:00.134,n,14.535774,77.339,-0.245176,-0.227918,0.05709,-0.283026,-0.259441,0.053264,-5.836806,-1.798233,-0.733765,-0.162285,14.813458,326.40704,375.46884,-4.610053,949.46128,1031.534,81.553664,1529.347,1588.2478,67.715584,0,0,0,0,0.74,-1.36,0,0
2025/07/02 00:49:00.135,n,14.319222,79.70248,-0.315227,-0.268527,0.042418,-0.353783,-0.412234,0.04217,-6.401014,-2.169445,-0.719582,-0.155952,14.783006,327.46906,375.86632,-4.795198,1167.162,984.81864,108.99588,1750.9642,1574.5318,106.28076,0,0,0,0,0.73,-1.35,0,0
2025/07/02 00:50:00.135,n,14.327374,81.192272,-0.453805,-0.455074,0.073472,-0.495296,-0.483503,0.048335,-6.1783,-2.083637,-0.717812,-0.15419,14.761336,327.50486,375.90552,-4.658284,931.71128,996.95904,102.87566,1573.5648,1611.2732,70.138432,0,0,0,0,0.73,-1.36,0,0
2025/07/02 00:51:00.135,n,14.319222,81.067712,-0.350252,-0.38477,0.057881,-0.424539,-0.541954,0.1037,-6.217704,-2.22665,-0.719231,-0.15683,14.73424,327.23562,375.5246,-4.553454,1268.6274,1118.389,104.03414,1913.9672,1749.3914,117.3627,0,0,0,0,0.74,-1.35,0,0
2025/07/02 00:52:00.135,n,14.232208,81.630056,-0.525378,-0.554312,0.063741,-0.707565,-0.600918,0.063635,-6.190863,-2.212349,-0.721703,-0.15683,14.703806,326.85696,375.35976,-4.543387,999.88704,1065.8624,94.64724,1706.248,1746.9738,68.713896,0,0,0,0,0.74,-1.35,0,0
2025/07/02 00:53:00.136,n,14.128742,80.928936,-0.490353,-0.472333,0.037032,-0.707565,-0.653985,0.054064,-6.335913,-2.240952,-0.725075,-0.160698,14.670144,326.3832,374.83424,-4.659338,1164.5424,1056.3708,61.538604,1874.9618,1766.247,61.211108,0,0,0,0,0.73,-1.34,0,0
2025/07/02 00:54:00.138,n,14.117414,81.055416,-0.55888,-0.635022,0.089974,-0.707565,-0.69526,0.065267,-6.073225,-1.983528,-0.711082,-0.152618,14.669296,327.58902,375.54716,-4.648161,1167.0736,1104.897,66.095384,1861.2586,1807.5504,49.566116,0,0,0,0,0.74,-1.35,0,0
2025/07/02 00:55:00.135,n,14.117414,80.935544,0.245176,0.372333,0.109664,0.069218,0.158433,0.104198,-6.073225,-2.026432,-0.709663,-0.154732,14.636746,327.53588,375.1836,-4.601725,1139.4668,1201.7378,42.37688,1860.5046,1894.749,28.178006,0,0,0,0,0.73,-1.35,0,0
2025/07/02 00:56:00.135,n,13.999154,81.757864,0.245176,0.279694,0.069902,0.175353,0.128951,0.072783,-6.099494,-2.083637,-0.709663,-0.153145,14.606312,327.37142,375.16008,-4.572375,1167.004,1077.5558,97.183336,1886.9152,1792.2176,85.664456,0,0,0,0,0.74,-1.35,0,0
2025/07/02 00:57:00.136,n,13.898908,81.970216,0.245176,0.186801,0.065213,0.106135,0.052042,0.048548,-6.309644,-2.183746,-0.713211,-0.152443,14.568336,326.85922,375.01708,-4.686666,986.42776,986.28808,37.674928,1760.9978,1739.5806,29.475414,0,0,0,0,0.73,-1.34,0,0
2025/07/02 00:58:00.136,n,13.87098,83.468752,0.140101,0.226649,0.089955,0.069218,0.046658,0.057715,-6.335913,-2.255253,-0.711082,-0.154373,14.524852,326.80854,374.61084,-4.637369,1001.5288,1047.7328,46.395044,1785.7908,1802.1914,37.347024,0,0,0,0,0.74,-1.35,0,0
2025/07/02 00:59:00.135,n,13.921906,84.154736,0,0.139339,0.126499,-0.176891,-0.030251,0.087423,-6.073225,-2.198048,-0.702934,-0.149979,14.49766,327.36658,374.85428,-4.428133,1083.2476,1137.3472,78.407272,1910.7072,1920.4968,58.158404,0,0,0,0,0.74,-1.35,0,0
2025/07/02 01:00:07.045,n,13.992612,84.314648,0.278679,0.191623,0.060977,-0.247648,-0.12408,0.06203,-5.797403,-1.997829,-0.703819,-0.152267,14.461818,327.09668,374.45772,-4.351125,1147.1866,1181.6772,93.611424,2058.6164,2019.3902,92.427272,0,0,0,0,0.73,-1.35,0,0
2025/07/02 01:01:00.138,n,14.007404,83.199904,0.173603,0.080964,0.074959,-0.141513,-0.112288,0.064721,-5.941881,-2.040733,-0.705238,-0.154198,14.435768,326.83328,374.14564,-4.452189,1130.228,1092.8894,79.8774,2047.26,1995.7046,57.629852,0,0,0,0,0.73,-1.35,0,0
2025/07/02 01:02:00.138,n,13.989288,84.085744,0.035025,-0.029188,0.064266,-0.283026,-0.224062,0.061954,-6.034393,-2.155144,-0.70311,-0.151741,14.39877,326.81796,374.16436,-4.430618,1234.1152,1072.7534,89.695592,2101.1306,1986.0162,63.049188,0,0,0,0,0.74,-1.35,0,0
2025/07/02 01:03:00.140,n,14.120736,84.969136,-0.175126,-0.099238,0.08114,-0.176891,-0.235855,0.048336,-5.613522,-2.012753,-0.695313,-0.147522,14.37707,327.37546,374.42204,-4.14856,1151.776,1108.802,76.279088,2093.8646,2058.302,49.8277,0,0,0,0,0.74,-1.35,0,0
2025/07/02 01:04:00.135,n,14.174886,83.176224,-0.210151,-0.180964,0.097611,-0.353783,-0.353783,0.038755,-5.232625,-1.812534,-0.697258,-0.149979,14.349864,327.06042,374.05708,-3.96737,1271.2866,1131.1376,81.580632,2200.075,2108.7998,51.579068,0,0,0,0,0.74,-1.35,0,0
2025/07/02 01:05:00.135,n,14.115804,83.048392,-0.313704,-0.18071,0.102117,-0.353783,-0.383008,0.060551,-5.390808,-1.884041,-0.698677,-0.15332,14.324858,326.80298,373.62568,-4.052124,1181.7744,1134.4216,91.443432,2146.739,2137.176,57.726944,0,0,0,0,0.73,-1.34,0,0
2025/07/02 01:06:00.135,n,14.07962,82.933984,-0.175126,-0.180964,0.051556,-0.458379,-0.406337,0.061592,-5.574118,-1.954926,-0.702751,-0.157013,14.296576,326.29816,373.14532,-4.164931,1334.5914,1318.0298,24.08319,2323.6614,2277.4756,43.790408,0,0,0,0,0.74,-1.35,0,0
2025/07/02 01:07:00.135,n,13.949886,83.291112,-0.453805,-0.320303,0.089341,-0.458379,-0.517856,0.048492,-5.863075,-2.140843,-0.700623,-0.154732,14.268312,326.33008,373.19572,-4.268123,1144.3072,1214.3812,54.885336,2146.6272,2207.2222,41.957124,0,0,0,0,0.74,-1.34,0,0
2025/07/02 01:08:00.135,n,13.8513,84.303664,-0.523855,-0.447967,0.067977,-0.599892,-0.565027,0.050256,-5.836806,-2.11224,-0.700279,-0.151215,14.241106,326.21338,373.36164,-4.273631,1037.7008,1074.8812,44.556704,2037.198,2073.4218,38.951252,0,0,0,0,0.74,-1.35,0,0
2025/07/02 01:09:00.136,n,13.831574,85.07544,-0.523855,-0.4368,0.08508,-0.706027,-0.63604,0.077514,-5.574118,-1.926945,-0.696732,-0.147697,14.215026,326.37982,373.53356,-4.196208,1220.8106,1099.3236,88.244544,2227.2576,2108.3552,80.129896,0,0,0,0,0.74,-1.35,0,0
2025/07/02 01:10:00.136,n,13.937664,84.44308,-0.453805,-0.430962,0.084881,-0.670649,-0.700131,0.041359,-5.115557,-1.355515,-0.69445,-0.144714,14.229312,326.65402,373.87536,-4.309779,1325.4972,1169.4816,93.500264,2341.2806,2210.8232,79.548728,0,0,0,0,0.73,-1.35,0,0
2025/07/02 01:11:00.140,n,13.865398,83.782768,0.278679,0.325125,0.068462,0.143051,0.235855,0.075573,-5.286304,-1.426399,-0.69622,-0.144188,14.19885,326.33698,373.75816,-4.411937,1319.0908,1262.5294,75.742992,2334.3592,2305.0078,41.684528,0,0,0,0,0.74,-1.35,0,0
2025/07/02 01:12:00.141,n,13.796308,83.723056,0.243654,0.26675,0.097768,0.106135,0.165355,0.05765,-5.233767,-1.341213,-0.693214,-0.145241,14.181436,326.50326,373.57096,-4.440527,1293.6978,1235.899,81.483744,2328.2952,2288.7258,54.812408,0,0,0,0,0.73,-1.35,0,0
2025/07/02 01:13:00.135,n,13.751874,83.52672,0.313704,0.302283,0.064779,0.070757,0.123824,0.043329,-5.207498,-1.298309,-0.695869,-0.146828,14.157504,326.14486,373.30132,-4.45823,1347.5854,1278.6198,62.465992,2363.5286,2321.2814,33.424542,0,0,0,0,0.74,-1.35,0,0
2025/07/02 01:14:00.135,n,13.700898,83.699568,0.068528,0.168019,0.080901,0.036916,0.060246,0.042765,-5.391379,-1.512207,-0.696579,-0.148758,14.130302,325.93726,372.98364,-4.426993,1245.79,1219.197,76.45652,2306.071,2271.324,53.013208,0,0,0,0,0.73,-1.35,0,0
2025/07/02 01:15:00.135,n,13.651582,83.39468,0.033502,0.150507,0.082111,0.036916,0.018202,0.066356,-5.588395,-1.669521,-0.698525,-0.148582,14.109612,325.65772,372.88796,-4.468816,1282.3594,1222.292,80.212216,2323.9924,2268.9466,55.98214,0,0,0,0,0.74,-1.35,0,0
2025/07/02 01:16:00.137,n,13.598946,83.00304,-0.071573,-0.007107,0.064792,-0.069218,-0.034353,0.080544,-5.864217,-1.883419,-0.697281,-0.146126,14.078074,325.5957,372.93656,-4.531953,1264.5864,1196.8836,66.622816,2289.4006,2237.814,40.963396,0,0,0,0,0.74,-1.34,0,0
2025/07/02 01:17:00.135,n,13.640058,83.169784,0.068528,0.051523,0.092987,-0.24611,-0.099726,0.087444,-5.706033,-1.883419,-0.691086,-0.140846,14.048656,325.97352,373.24736,-4.372854,1202.9352,1190.038,35.099856,2261.6364,2235.9078,26.176324,0,0,0,0,0.73,-1.34,0,0
2025/07/02 01:18:00.137,n,13.735516,81.786096,0.173603,0.098223,0.056182,-0.141513,-0.117415,0.087909,-5.457051,-1.783932,-0.687721,-0.138031,14.027952,326.15342,373.3862,-4.22281,1256.3096,1249.2792,34.684292,2325.2634,2299.3732,26.600752,0,0,0,0,0.74,-1.34,0,0
2025/07/02 01:19:00.140,n,13.88342,81.02056,-0.071573,0.039848,0.074947,-0.24611,-0.216884,0.051624,-5.049886,-1.741028,-0.688431,-0.137505,14.00184,325.95172,373.29264,-3.859784,1257.276,1236.5914,23.336666,2312.5638,2293.0624,15.006666,0,0,0,0,0.74,-1.35,0,0
2025/07/02 01:20:00.142,n,13.965646,80.47916,-0.140101,-0.198476,0.065213,-0.316866,-0.24611,0.050033,-4.892273,-1.683823,-0.689316,-0.139091,13.984378,325.78144,373.058,-3.758674,1106.064,1145.4912,39.764304,2147.5354,2186.8332,34.548516,0,0,0,0,0.73,-1.34,0,0
2025/07/02 01:21:00.143,n,13.97712,80.350208,-0.210151,-0.181217,0.074398,-0.352244,-0.293281,0.048336,-4.918542,-1.683823,-0.688782,-0.139618,13.960416,325.699,372.8826,-3.783883,1115.2378,1089.3448,62.577152,2160.2092,2122.9356,49.43278,0,0,0,0,0.74,-1.34,0,0
2025/07/02 01:22:00.136,n,13.995186,80.306112,-0.140101,-0.233501,0.112226,-0.387623,-0.387623,0.050033,-4.879138,-1.512207,-0.685593,-0.136459,13.93976,325.86404,373.05228,-3.916064,1316.3408,1150.0556,118.79394,2278.886,2160.6338,85.848704,0,0,0,0,0.73,-1.35,0,0
2025/07/02 01:23:00.135,n,14.12497,79.543512,-0.210151,-0.227664,0.07263,-0.458379,-0.393519,0.052075,-4.577618,-1.469303,-0.682938,-0.135231,13.9245,326.01182,373.07948,-3.656022,1111.9644,1185.5692,94.233752,2151.3758,2206.9722,62.71842,0,0,0,0,0.74,-1.34,0,0
2025/07/02 01:24:00.135,n,14.166036,78.77276,-0.210151,-0.291877,0.110019,-0.458379,-0.44069,0.073362,-4.446275,-1.098091,-0.685944,-0.142433,13.914692,325.69918,372.38728,-3.891694,1185.438,1179.0792,58.061176,2199.6746,2189.8438,33.846716,0,0,0,0,0.73,-1.35,0,0
2025/07/02 01:25:00.140,n,14.137978,78.956712,-0.280202,-0.367765,0.07263,-0.529136,-0.558618,0.026632,-4.248688,-0.685219,-0.683144,-0.142616,13.930476,326.02606,372.45564,-4.103996,1197.982,1130.4388,65.738876,2157.5662,2133.4878,47.142336,0,0,0,0,0.74,-1.33,0,0
2025/07/02 01:26:00.136,n,14.026258,79.54104,0.348729,0.338323,0.103079,0.176891,0.206117,0.051624,-4.432569,-0.984303,-0.681015,-0.142799,13.918504,326.14588,372.37508,-3.986482,1047.5126,1097.1778,65.93406,2056.1712,2107.1962,59.652324,0,0,0,0,0.73,-1.34,0,0
2025/07/02 01:27:00.138,n,13.973622,79.958808,0.245176,0.332232,0.057372,0.141513,0.165099,0.028886,-4.406872,-0.999226,-0.679245,-0.144554,13.90759,326.2405,372.16072,-3.942337,1222.6502,1134.3824,60.372176,2189.4284,2124.4016,39.94496,0,0,0,0,0.74,-1.34,0,0
2025/07/02 01:28:00.141,n,13.85365,80.050216,0.210151,0.180964,0.111679,0.070757,0.070757,0.031643,-4.64272,-1.141617,-0.683853,-0.149651,13.893404,325.76578,371.632,-4.035305,1154.7762,1126.3254,41.886752,2133.3352,2105.9438,29.017236,0,0,0,0,0.75,-1.34,0,0
2025/07/02 01:29:00.142,n,13.661316,80.828728,0.140101,0.210151,0.049533,0.070757,0.070757,0.04475,-5.168095,-1.512829,-0.684555,-0.150711,13.87599,325.6116,371.4444,-4.18911,1144.2396,1157.9512,63.470468,2151.5716,2141.2198,45.646468,0,0,0,0,0.73,-1.34,0,0
2025/07/02 01:30:07.057,n,13.607022,81.760032,0.140101,0.145938,0.148429,0.035378,0.029482,0.064914,-5.194363,-1.484226,-0.681198,-0.145256,13.854178,325.78516,371.812,-4.246079,1151.2928,1116.2784,76.477448,2140.3322,2097.7388,56.039272,0,0,0,0,0.73,-1.35,0,0
2025/07/02 01:31:00.135,n,13.69579,81.495576,-0.068528,0.000254,0.043824,-0.035378,-0.023586,0.036539,-5.010482,-1.28463,-0.681198,-0.145607,13.83895,325.70352,371.6992,-4.261443,1155.5204,1061.722,47.794348,2108.05,2054.774,30.133038,0,0,0,0,0.73,-1.33,0,0
2025/07/02 01:32:00.135,n,13.761608,81.055928,0,0.081725,0.072348,-0.139975,-0.046915,0.082368,-4.550779,-1.055809,-0.676941,-0.142799,13.831294,326.0307,371.90748,-4.029111,1285.2088,1279.7878,47.482628,2260.7552,2235.5728,31.88103,0,0,0,0,0.73,-1.34,0,0
2025/07/02 01:33:00.140,n,13.957264,80.352464,-0.140101,-0.011675,0.075663,-0.139975,-0.064604,0.046523,-3.999705,-0.413494,-0.677292,-0.144203,13.824762,325.96534,371.7478,-4.1193,1106.0056,1104.6776,42.24926,2133.5222,2112.2956,39.859752,0,0,0,0,0.73,-1.35,0,0
2025/07/02 01:34:00.136,n,14.049256,79.965112,0.105076,0.017513,0.105658,-0.176891,-0.099982,0.090521,-3.947168,-0.399815,-0.67765,-0.147896,13.81714,325.89344,371.37896,-4.077108,1170.7898,1100.3696,47.516312,2169.9734,2110.8532,38.460368,0,0,0,0,0.74,-1.36,0,0
2025/07/02 01:35:00.138,n,14.073914,79.9446,-0.068528,-0.116243,0.076042,-0.176891,-0.199964,0.052722,-4.025974,-0.356911,-0.678711,-0.1493,13.813864,325.78422,371.2368,-4.198475,1347.6092,1227.3554,85.37212,2315.3352,2216.2458,64.012496,0,0,0,0,0.73,-1.35,0,0
2025/07/02 01:36:00.141,n,14.06239,80.026584,-0.140101,-0.058375,0.100704,-0.24611,-0.216884,0.046757,-4.275528,-0.685219,-0.676415,-0.150528,13.805152,325.93604,371.08092,-4.116195,1334.7678,1287.689,44.859784,2345.389,2281.1252,48.406612,0,0,0,0,0.74,-1.33,0,0
2025/07/02 01:37:00.141,n,14.077188,80.076928,0,-0.075634,0.074446,-0.176891,-0.252775,0.06433,-4.406872,-0.813309,-0.673752,-0.151756,13.801876,326.14892,370.95436,-4.115558,1223.2834,1265.6538,47.42784,2259.6292,2279.6998,26.65333,0,0,0,0,0.74,-1.33,0,0
2025/07/02 01:38:00.146,n,14.036122,80.024968,-0.243654,-0.145177,0.097121,-0.423001,-0.358397,0.056265,-4.721526,-1.07011,-0.677292,-0.156158,13.79318,325.79606,370.51676,-4.172549,1206.6898,1202.5454,38.32232,2214.3406,2215.7558,19.036806,0,0,0,0,0.73,-1.35,0,0
2025/07/02 01:39:00.147,n,13.896374,80.133616,-0.243654,-0.226395,0.053021,-0.352244,-0.381726,0.047023,-5.220061,-1.570034,-0.676056,-0.155457,13.782232,325.8443,370.5204,-4.170626,1239.8362,1213.782,55.822932,2232.3968,2221.3396,26.600752,0,0,0,0,0.74,-1.35,0,0
2025/07/02 01:40:00.136,n,13.7912,80.830344,-0.348729,-0.285024,0.099419,-0.387623,-0.393519,0.014444,-5.496454,-1.783932,-0.68084,-0.156158,13.763698,325.33124,370.35884,-4.237204,1277.1698,1242.837,57.854992,2252.1438,2236.6638,30.86098,0,0,0,0,0.74,-1.35,0,0
2025/07/02 01:41:00.136,n,13.6662,81.714376,-0.278679,-0.343145,0.155253,-0.493757,-0.417105,0.060935,-5.81168,-2.041355,-0.680306,-0.155983,13.745194,325.27838,370.27536,-4.294647,1066.849,1091.186,53.630216,2086.9124,2116.3156,44.02272,0,0,0,0,0.73,-1.33,0,0
2025/07/02 01:42:00.136,n,13.641492,82.057296,-0.41878,-0.302537,0.123943,-0.458379,-0.476068,0.037104,-5.87678,-2.183746,-0.677292,-0.154747,13.723382,325.42224,370.26832,-4.215579,1266.6946,1216.2648,63.207596,2269.1032,2203.6458,56.773232,0,0,0,0,0.73,-1.34,0,0
2025/07/02 01:43:00.140,n,13.71336,82.292256,-0.48883,-0.395429,0.093108,-0.529136,-0.499654,0.026631,-5.102994,-1.599258,-0.66597,-0.147202,13.736886,326.47384,371.0106,-4.022504,1181.119,1228.6388,65.502672,2232.799,2244.2796,37.357732,0,0,0,0,0.74,-1.34,0,0
2025/07/02 01:44:00.141,n,13.751156,81.748272,0.523855,0.518271,0.071074,0.316866,0.316866,0,-4.85287,-1.441322,-0.669151,-0.148605,13.717242,326.09362,370.78092,-3.932093,1168.4436,1215.757,49.440872,2225.6188,2244.0778,32.710854,0,0,0,0,0.73,-1.34,0,0
2025/07/02 01:45:00.144,n,13.70511,81.877272,0.628931,0.465987,0.116,0.281488,0.234573,0.042934,-4.800903,-1.513451,-0.670929,-0.150185,13.698738,325.84064,370.54144,-3.808197,1308.2582,1233.8418,71.195504,2302.3362,2254.0124,40.98292,0,0,0,0,0.73,-1.35,0,0
2025/07/02 01:46:00.145,n,13.719906,82.213744,0.523855,0.424617,0.092447,0.210731,0.205348,0.075511,-4.420577,-1.52713,-0.664726,-0.146492,13.686736,326.31302,370.8052,-3.411681,1491.848,1354.6898,169.6573,2368.6706,2388.3312,205.6852,0,0,0,0,0.74,-1.34,0,0
2025/07/02 01:47:00.148,n,13.820198,81.33728,0.315227,0.308628,0.071574,0.175353,0.169969,0.061178,-4.22299,-1.413342,-0.66703,-0.150543,13.668166,326.01426,370.34596,-3.326136,1195.2352,1260.3278,52.807196,2266.3586,2279.6094,28.163806,0,0,0,0,0.74,-1.34,0,0
2025/07/02 01:48:00.150,n,13.780744,81.09768,0.348729,0.296953,0.085143,0.104597,0.063835,0.051309,-4.314931,-1.384739,-0.670395,-0.153175,13.658362,325.67078,370.05976,-3.447411,1178.6034,1208.8952,46.948908,2231.743,2243.1088,20.861448,0,0,0,0,0.73,-1.34,0,0
2025/07/02 01:49:00.137,n,13.662334,82.076984,0.210151,0.285532,0.14708,0,-0.012049,0.047812,-4.472543,-1.498528,-0.666496,-0.151245,13.648588,325.95574,370.17896,-3.489267,1282.4856,1192.5324,68.22756,2280.16,2219.8596,42.909208,0,0,0,0,0.73,-1.35,0,0
2025/07/02 01:50:00.138,n,13.591584,82.147728,0.175126,0.261928,0.090133,0.069218,0.022816,0.068786,-4.367469,-1.356136,-0.669327,-0.153877,13.642024,325.67578,369.91008,-3.526782,1174.9832,1186.1646,36.755952,2244.4436,2236.1694,27.003704,0,0,0,0,0.73,-1.34,0,0
2025/07/02 01:51:00.140,n,13.420442,82.744408,0.210151,0.209644,0.118577,-0.035378,-0.000256,0.049599,-4.485678,-1.384739,-0.669861,-0.156525,13.628914,325.55938,369.60476,-3.614275,1156.4618,1181.4766,45.558752,2222.16,2237.323,23.229292,0,0,0,0,0.73,-1.34,0,0
2025/07/02 01:52:00.144,n,13.315072,83.17864,0.348729,0.23274,0.102388,-0.106135,-0.06486,0.060936,-4.85287,-1.541431,-0.674995,-0.162498,13.61691,325.05108,369.01008,-3.823935,1260.7966,1147.912,74.769648,2253.8112,2194.0458,40.29392,0,0,0,0,0.73,-1.35,0,0
2025/07/02 01:53:00.144,n,13.140462,82.940408,0.175126,0.15736,0.122535,-0.070757,-0.058964,0.028886,-5.588395,-2.027054,-0.680847,-0.166893,13.595118,324.42834,368.50324,-4.075295,1262.0394,1180.415,64.564696,2270.6346,2215.8132,38.693668,0,0,0,0,0.73,-1.34,0,0
2025/07/02 01:54:00.147,n,12.867368,83.134744,0.105076,0.116751,0.065213,-0.176891,-0.117928,0.048336,-6.731658,-2.855286,-0.689171,-0.167603,13.562346,323.53308,368.265,-4.39794,1135.2098,1158.7754,60.949156,2158.908,2179.3488,34.082252,0,0,0,0,0.73,-1.34,0,0
2025/07/02 01:55:00.149,n,12.699838,85.009792,-0.035025,0.07005,0.07005,-0.035378,-0.112031,0.068662,-7.532855,-3.298004,-0.692535,-0.167953,13.525244,323.04374,368.03556,-4.759432,1147.407,1121.607,76.887584,2152.9754,2118.3604,57.459552,0,0,0,0,0.72,-1.34,0,0
2025/07/02 01:56:00.150,n,12.657064,86.255448,0.035025,0.035025,0.073469,-0.176891,-0.206373,0.041359,-7.651064,-3.398113,-0.686691,-0.165314,13.483778,323.3277,368.0484,-4.774328,1250.8206,1165.9028,68.032352,2243.9192,2161.7342,52.528088,0,0,0,0,0.73,-1.35,0,0
2025/07/02 01:57:00.154,n,12.678402,85.65364,0.07005,0.069797,0.107932,-0.283026,-0.200477,0.104151,-7.51972,-3.270023,-0.682434,-0.156868,13.441236,323.46878,368.57128,-4.775263,1277.493,1204.7442,56.547324,2281.09,2229.9654,38.574604,0,0,0,0,0.73,-1.34,0,0
2025/07/02 01:58:00.136,n,12.729378,85.858088,-0.245176,-0.064213,0.161901,-0.283026,-0.294819,0.048336,-6.79733,-2.869587,-0.681198,-0.1567,13.39972,323.35418,368.36468,-4.452241,1235.6742,1194.1808,36.477392,2284.9992,2249.1526,26.404544,0,0,0,0,0.72,-1.34,0,0
2025/07/02 01:59:00.137,n,12.795052,85.909544,0,-0.064213,0.128054,-0.424539,-0.34199,0.082718,-6.823598,-2.641388,-0.682793,-0.158806,13.363628,323.02362,367.98504,-4.706197,1184.4544,1153.0912,47.049972,2298.324,2240.2402,45.444472,0,0,0,0,0.73,-1.35,0,0
2025/07/02 02:00:07.042,n,12.836118,85.641136,-0.280202,-0.239339,0.097611,-0.424539,-0.389161,0.031644,-6.613448,-2.412567,-0.676941,-0.150543,13.317766,323.28536,368.4744,-4.727278,1063.1506,1111.5078,56.09278,2220.263,2246.3702,34.287024,0,0,0,0,0.73,-1.34,0,0
2025/07/02 02:01:00.135,n,12.886604,86.06448,-0.07005,-0.145938,0.10946,-0.389161,-0.418386,0.075003,-6.100636,-2.270176,-0.674469,-0.14843,13.29267,323.36532,368.5282,-4.356499,1252.7718,1184.2408,90.170952,2394.5734,2320.2972,65.705408,0,0,0,0,0.73,-1.34,0,0
2025/07/02 02:02:00.135,n,13.010284,85.74412,-0.140101,-0.210151,0.119292,-0.60143,-0.442228,0.088799,-5.759713,-2.141464,-0.671814,-0.148254,13.257688,323.4086,368.3574,-4.141808,1268.4496,1234.6136,98.713728,2487.2234,2406.7566,82.815464,0,0,0,0,0.72,-1.34,0,0
2025/07/02 02:03:00.135,n,13.09266,85.2678,-0.175126,-0.268273,0.084417,-0.495296,-0.489143,0.107857,-5.313144,-1.969849,-0.667389,-0.144737,13.238048,323.68668,368.56504,-3.865947,1372.47,1252.673,104.47584,2556.445,2468.4056,66.861052,0,0,0,0,0.73,-1.35,0,0
2025/07/02 02:04:00.135,n,13.257932,84.705024,-0.315227,-0.262435,0.092929,-0.564514,-0.559643,0.087444,-4.643862,-1.470547,-0.659981,-0.138069,13.235898,324.31614,369.14584,-3.695226,1135.3734,1186.6672,69.414696,2447.4222,2458.4954,41.201944,0,0,0,0,0.73,-1.34,0,0
2025/07/02 02:05:00.135,n,13.391328,84.25532,0.490353,0.501266,0.100919,0.176891,0.217397,0.060493,-4.328636,-1.356136,-0.659805,-0.137718,13.219514,324.24404,369.08976,-3.494587,1247.8182,1274.7482,89.942208,2597.6976,2570.2942,73.293928,0,0,0,0,0.73,-1.34,0,0
2025/07/02 02:06:00.137,n,13.509834,84.211376,0.280202,0.309135,0.133187,0.106135,0.164842,0.057524,-3.882067,-1.356136,-0.656792,-0.13649,13.20857,324.44638,369.14048,-3.046232,1255.0952,1105.1858,76.735264,2510.6188,2432.145,43.634848,0,0,0,0,0.73,-1.33,0,0
2025/07/02 02:07:00.136,n,13.682636,83.14604,0.490353,0.495175,0.051076,0.176891,0.100238,0.041359,-3.462338,-1.198822,-0.655556,-0.137718,13.207478,324.5476,369.02568,-2.781353,1284.7836,1350.8664,35.555592,2678.1926,2666.1582,28.747174,0,0,0,0,0.73,-1.34,0,0
2025/07/02 02:08:00.135,n,13.766476,82.24228,0.315227,0.303298,0.084291,0.070757,0.035378,0.063287,-3.13455,-1.07011,-0.658211,-0.142998,13.20857,324.32364,368.56252,-2.579652,1357.745,1207.3622,105.27868,2689.8504,2569.6066,82.675272,0,0,0,0,0.73,-1.34,0,0
2025/07/02 02:09:00.136,n,13.782928,82.127536,0.280202,0.338323,0.068824,0,-0.029482,0.034784,-3.225919,-1.185143,-0.65963,-0.143868,13.206404,324.18934,368.47372,-2.556539,1214.5112,1296.3204,61.865984,2594.826,2654.8608,40.358396,0,0,0,0,0.73,-1.34,0,0
2025/07/02 02:10:00.135,n,13.830686,83.474944,0.280202,0.291623,0.078616,-0.210731,-0.129208,0.068838,-3.225919,-1.227425,-0.657677,-0.140709,13.217314,324.41644,368.8124,-2.515462,1363.3188,1244.846,90.276248,2686.0062,2588.2502,70.801136,0,0,0,0,0.73,-1.34,0,0
2025/07/02 02:11:00.136,n,13.957246,84.212984,0.035025,0.058375,0.052732,-0.106135,-0.123824,0.053654,-3.042609,-1.256027,-0.656616,-0.140007,13.240278,324.63044,368.997,-2.303191,1379.332,1315.088,55.9875,2713.6672,2658.2884,37.714716,0,0,0,0,0.73,-1.34,0,0
2025/07/02 02:12:00.135,n,14.064084,84.085888,0.07005,0.157613,0.065526,0.070757,-0.058964,0.073077,-2.936962,-1.227425,-0.656441,-0.140709,13.25557,324.72724,369.01628,-2.22527,1431.4808,1435.5648,23.924882,2844.7282,2809.081,44.018176,0,0,0,0,0.73,-1.34,0,0
2025/07/02 02:13:00.137,n,14.090352,83.738912,-0.068528,0.052792,0.105306,-0.176891,-0.164586,0.04217,-2.9895,-1.341835,-0.657143,-0.143524,13.270896,324.74814,368.84792,-2.161284,1298.3496,1267.8054,43.238872,2743.319,2709.4822,33.775732,0,0,0,0,0.73,-1.35,0,0
2025/07/02 02:14:00.135,n,14.111692,83.735784,0.035025,-0.011421,0.061048,-0.283026,-0.264824,0.048548,-3.068306,-1.441944,-0.660515,-0.14669,13.283972,324.52606,368.63632,-2.140187,1560.2894,1475.0674,110.12266,OverRange,OverRange,OverRange,0,0,0,0,0.74,-1.34,0,0
2025/07/02 02:15:00.234,n,14.049286,83.864544,0.105076,0.122588,0.053118,-0.389161,-0.224062,0.104151,-3.10771,-1.441944,-0.660515,-0.14756,13.302572,324.6253,368.65828,-2.17872,1351.6244,1436.439,78.51752,OverRange,OverRange,OverRange,0,0,0,0,0.73,-1.34,0,0
2025/07/02 02:16:00.134,n,14.039376,83.916408,-0.173603,-0.092639,0.165986,-0.316866,-0.287897,0.078802,-3.147113,-1.41272,-0.662811,-0.149147,13.322198,324.53124,368.62196,-2.248057,1366.3392,1324.9878,30.747358,OverRange,OverRange,OverRange,0,0,0,0,0.73,-1.34,0,0
2025/07/02 02:17:00.134,n,14.024628,83.988568,-0.278679,-0.133502,0.099616,-0.283026,-0.28277,0.080542,-3.19965,-1.39904,-0.665817,-0.151955,13.337524,324.3529,368.45436,-2.314473,1612.6366,1601.598,45.135352,OverRange,OverRange,OverRange,0,0,0,0,0.74,-1.35,0,0
2025/07/02 02:18:00.134,n,13.99831,84.023136,-0.035025,-0.127664,0.092883,-0.316866,-0.317123,0.086409,-3.265322,-1.370438,-0.66848,-0.154953,13.348434,324.1807,368.24616,-2.408411,1432.0766,1444.7642,53.347916,OverRange,OverRange,OverRange,0,0,0,0,0.74,-1.34,0,0
2025/07/02 02:19:00.134,n,14.013104,84.426216,-0.105076,-0.145431,0.086653,-0.352244,-0.376599,0.072634,-3.31786,-1.341835,-0.670067,-0.157066,13.364818,324.1308,368.14588,-2.489025,1550.9564,1466.0448,54.444464,OverRange,OverRange,OverRange,0,0,0,0,0.73,-1.34,0,0
2025/07/02 02:20:00.135,n,13.983562,84.819328,-0.383754,-0.174618,0.165127,-0.316866,-0.399415,0.053264,-3.382961,-1.28463,-0.668831,-0.158112,13.37793,324.30774,368.12304,-2.60905,1496.666,1499.7392,38.863864,OverRange,OverRange,OverRange,0,0,0,0,0.73,-1.34,0,0
2025/07/02 02:21:00.134,n,14.026226,86.366784,-0.208628,-0.156598,0.105155,-0.352244,-0.411465,0.053742,-3.147684,-0.94202,-0.662285,-0.157951,13.419818,325.0976,368.36092,-2.709997,1671.3574,1533.6764,82.4706,OverRange,OverRange,OverRange,0,0,0,0,0.73,-1.34,0,0
2025/07/02 02:22:00.136,n,14.06075,86.18056,0.627408,0.49416,0.127416,0.389161,0.34199,0.069567,-3.147684,-0.970001,-0.661224,-0.158478,13.435046,325.27062,368.39544,-2.680429,1597.935,1632.2226,33.873296,OverRange,OverRange,OverRange,0,0,0,0,0.74,-1.34,0,0
2025/07/02 02:23:00.137,n,13.937508,85.444816,0.208628,0.436292,0.160887,0.318404,0.283026,0.04475,-3.397237,-1.07011,-0.664238,-0.161819,13.442734,325.05084,368.13956,-2.829545,1567.1688,1556.1256,40.59064,OverRange,OverRange,OverRange,0,0,0,0,0.74,-1.35,0,0
2025/07/02 02:24:00.139,n,13.825692,84.936608,0.278679,0.342892,0.071495,0.424539,0.318404,0.07751,-3.922041,-1.227425,-0.671494,-0.16832,13.432864,324.37058,367.50964,-3.19779,1516.123,1538.1656,39.774364,OverRange,OverRange,OverRange,0,0,0,0,0.73,-1.35,0,0
2025/07/02 02:25:00.135,n,13.555866,85.163416,0.243654,0.237816,0.060327,0.283026,0.27149,0.079133,-4.499954,-1.484226,-0.670074,-0.165512,13.42959,324.4759,367.74156,-3.52029,1341.5552,1407.7102,52.674472,OverRange,OverRange,OverRange,0,0,0,0,0.74,-1.35,0,0
2025/07/02 02:26:00.135,n,13.373104,86.282264,0.453805,0.366242,0.128691,0.318404,0.27149,0.072532,-4.617593,-1.555733,-0.671494,-0.166214,13.425242,324.32984,367.65592,-3.567139,1516.6538,1425.1028,65.32228,OverRange,OverRange,OverRange,0,0,0,0,0.72,-1.34,0,0
2025/07/02 02:27:00.136,n,13.374814,87.879192,0.41878,0.354567,0.139076,0.283026,0.288922,0.098595,-4.237267,-1.441322,-0.665123,-0.157066,13.430714,324.91024,368.49764,-3.304001,1578.98,1511.1026,46.7782,OverRange,OverRange,OverRange,0,0,0,0,0.73,-1.35,0,0
2025/07/02 02:28:00.135,n,13.550934,85.689976,0.208628,0.290354,0.090435,0.176891,0.21227,0.038755,-3.725026,-1.370438,-0.665123,-0.156189,13.440518,324.96252,368.62784,-2.863522,1524.0454,1522.2392,37.107952,OverRange,OverRange,OverRange,0,0,0,0,0.73,-1.34,0,0
2025/07/02 02:29:00.135,n,13.712216,84.535784,0.278679,0.273095,0.119717,0.283026,0.230471,0.07599,-3.423506,-1.28463,-0.665298,-0.158653,13.445974,324.97654,368.43816,-2.645521,1515.6616,1549.0756,41.41256,OverRange,OverRange,OverRange,0,0,0,0,0.73,-1.33,0,0
2025/07/02 02:30:07.066,n,13.784576,84.49032,0.068528,0.196953,0.107765,0.176891,0.147922,0.081917,-3.462338,-1.241726,-0.668663,-0.164276,13.445974,324.68548,367.9388,-2.724999,1477.2182,1509.8454,39.11266,OverRange,OverRange,OverRange,0,0,0,0,0.73,-1.35,0,0
2025/07/02 02:31:00.139,n,13.773052,83.834608,0.523855,0.407105,0.146381,0.459917,0.242264,0.136418,-3.501741,-1.141617,-0.669548,-0.166389,13.45363,324.64982,367.79204,-2.863283,1621.8696,1536.4012,63.109428,OverRange,OverRange,OverRange,0,0,0,0,0.74,-1.35,0,0
2025/07/02 02:32:00.139,n,13.750058,83.801648,0.48883,0.290354,0.118604,0.176891,0.235855,0.057772,-3.685622,-1.113014,-0.669014,-0.167274,13.448156,324.66668,367.68408,-3.074348,1491.0688,1532.84,49.509592,OverRange,OverRange,OverRange,0,0,0,0,0.74,-1.35,0,0
2025/07/02 02:33:00.142,n,13.677644,83.99164,0.138578,0.342892,0.102515,0.247648,0.18894,0.036145,-3.922041,-1.169598,-0.669014,-0.16832,13.441594,324.63166,367.5562,-3.253138,1490.438,1494.4896,52.899908,OverRange,OverRange,OverRange,0,0,0,0,0.73,-1.34,0,0
2025/07/02 02:34:00.135,n,13.620076,83.320736,0.313704,0.290354,0.075663,0.283026,0.20099,0.065322,-4.15846,-1.298309,-0.66671,-0.168854,13.431822,324.77884,367.45668,-3.358007,1671.2474,1594.1382,46.460736,OverRange,OverRange,OverRange,0,0,0,0,0.74,-1.34,0,0
2025/07/02 02:35:00.134,n,13.573982,84.410392,0.068528,0.185786,0.104994,0.21227,0.177404,0.07392,-4.381174,-1.512829,-0.668663,-0.171844,13.426366,324.58072,367.16188,-3.365163,1419.5102,1514.7516,80.961712,OverRange,OverRange,OverRange,0,0,0,0,0.73,-1.34,0,0
2025/07/02 02:36:00.136,n,13.53775,85.552576,0.208628,0.191116,0.053118,0.143051,0.165355,0.036345,-4.499954,-1.683823,-0.671669,-0.173607,13.41433,324.2565,366.9412,-3.314194,1342.9686,1368.9424,27.752478,OverRange,OverRange,OverRange,0,0,0,0,0.74,-1.34,0,0
2025/07/02 02:37:00.136,n,13.373104,86.019224,0.313704,0.296191,0.057552,0.21227,0.19458,0.058132,-4.775205,-1.755951,-0.672913,-0.175186,13.399004,324.06716,366.71916,-3.516981,1529.7094,1409.6102,68.568216,OverRange,OverRange,OverRange,0,0,0,0,0.73,-1.35,0,0
2025/07/02 02:38:00.135,n,13.175446,86.205608,0.138578,0.150507,0.092957,0.176891,0.12408,0.06238,-5.156102,-1.941246,-0.676628,-0.175186,13.379378,323.6409,366.61432,-3.716298,1452.3008,1472.4016,51.472324,OverRange,OverRange,OverRange,0,0,0,0,0.73,-1.34,0,0
2025/07/02 02:39:00.137,n,13.058454,87.162144,0.105076,0.122081,0.061326,0.176891,0.147922,0.041279,-5.405656,-1.998451,-0.675919,-0.173424,13.360812,323.60328,366.67184,-3.909699,1405.998,1428.365,29.397278,OverRange,OverRange,OverRange,0,0,0,0,0.72,-1.33,0,0
2025/07/02 02:40:00.140,n,13.0024,87.768592,0.348729,0.231978,0.112226,0.176891,0.147409,0.064914,-5.681478,-2.184368,-0.677872,-0.172546,13.331268,323.2768,366.59224,-4.002435,1525.9764,1522.8018,24.783058,OverRange,OverRange,OverRange,0,0,0,0,0.73,-1.34,0,0
2025/07/02 02:41:00.142,n,12.863094,88.440808,0.068528,0.255329,0.120655,0.106135,0.077166,0.052221,-5.891628,-2.227272,-0.679115,-0.172546,13.308354,323.04702,366.47004,-4.170925,1582.2636,1559.8448,48.733972,OverRange,OverRange,OverRange,0,0,0,0,0.73,-1.33,0,0
2025/07/02 02:42:00.146,n,12.805622,88.925776,0.173603,0.197207,0.060873,0.143051,0.136129,0.087527,-5.891628,-2.255253,-0.677696,-0.170959,13.281058,323.02432,366.46552,-4.143112,1473.2406,1562.424,67.19524,OverRange,OverRange,OverRange,0,0,0,0,0.73,-1.35,0,0
2025/07/02 02:43:00.135,n,12.797372,89.106528,0.243654,0.196953,0.134136,0.070757,0.082549,0.018269,-6.010409,-2.312458,-0.681053,-0.171143,13.254838,322.59426,366.3096,-4.207861,1702.0814,1611.6444,56.302752,OverRange,OverRange,OverRange,0,0,0,0,0.73,-1.34,0,0
2025/07/02 02:44:00.136,n,12.764558,89.62172,0.068528,0.062944,0.092584,0.036916,0.018458,0.036968,-6.088644,-2.341061,-0.678406,-0.168854,13.220916,322.64248,366.33208,-4.257135,1564.646,1575.17,47.91242,OverRange,OverRange,OverRange,0,0,0,0,0.73,-1.35,0,0
2025/07/02 02:45:00.135,n,12.777646,89.904576,0.105076,0.121573,0.118419,-0.03384,-0.011024,0.047663,-6.022972,-2.283856,-0.676987,-0.168503,13.193604,322.61976,366.21776,-4.2476,1656.039,1567.1116,63.055532,OverRange,OverRange,OverRange,0,0,0,0,0.72,-1.34,0,0
2025/07/02 02:46:00.137,n,12.725106,89.8704,-0.07005,-0.006345,0.067929,0.036916,0.036147,0.063464,-6.088644,-2.298157,-0.678757,-0.170258,13.157514,322.27448,365.86976,-4.298986,1581.266,1572.2146,40.336088,OverRange,OverRange,OverRange,0,0,0,0,0.73,-1.34,0,0
2025/07/02 02:47:00.136,n,12.68404,90.224552,-0.036548,0.022335,0.084419,-0.03384,-0.051786,0.036668,-6.141181,-2.269554,-0.68,-0.168678,13.123624,321.9866,365.82972,-4.382949,1636.2518,1577.396,44.542116,OverRange,OverRange,OverRange,0,0,0,0,0.73,-1.35,0,0
2025/07/02 02:48:00.138,n,12.677448,90.849448,0.105076,0.121319,0.065448,-0.104597,-0.069475,0.049599,-6.049241,-2.298157,-0.68,-0.167976,13.087504,321.79438,365.69984,-4.263108,1554.3944,1646.7648,69.8756,OverRange,OverRange,OverRange,0,0,0,0,0.73,-1.34,0,0
2025/07/02 02:49:00.140,n,12.679058,90.640272,0.173603,0.179441,0.084109,0,-0.081267,0.076095,-6.022972,-2.312458,-0.680527,-0.167274,13.05801,321.59208,365.60536,-4.223766,1709.5898,1649.5998,76.391096,OverRange,OverRange,OverRange,0,0,0,0,0.73,-1.34,0,0
2025/07/02 02:50:00.144,n,12.667584,91.292176,-0.07005,0.109898,0.133014,-0.104597,-0.110493,0.056679,-5.799687,-2.283856,-0.679291,-0.164627,13.026304,321.5304,365.67192,-4.030495,1660.0526,1678.2724,21.990908,OverRange,OverRange,OverRange,0,0,0,0,0.73,-1.34,0,0
2025/07/02 02:51:00.143,n,12.716854,90.933096,-0.036548,0.040101,0.133481,0.036916,-0.104597,0.08372,-5.615806,-2.198048,-0.679642,-0.163574,12.998916,321.35444,365.6198,-3.933826,1705.325,1693.5902,48.07494,OverRange,OverRange,OverRange,0,0,0,0,0.73,-1.34,0,0
2025/07/02 02:52:00.134,n,12.710938,90.976216,-0.210151,-0.023858,0.127924,-0.210731,-0.228421,0.101924,-5.20864,-1.97047,-0.678055,-0.161835,12.99144,321.45194,365.73452,-3.754389,1671.139,1727.4584,54.014812,OverRange,OverRange,OverRange,0,0,0,0,0.73,-1.34,0,0
2025/07/02 02:53:00.135,n,12.74712,91.070648,0.698981,0.664717,0.110087,0.210731,0.169457,0.034784,-5.195506,-2.013374,-0.677521,-0.161652,12.96522,321.35888,365.61152,-3.698001,1852.243,1763.5762,81.887728,OverRange,OverRange,OverRange,0,0,0,0,0.73,-1.34,0,0
2025/07/02 02:54:00.136,n,12.724122,91.230072,0.595428,0.659134,0.104135,0.104597,0.181506,0.107756,-5.129834,-1.913887,-0.676819,-0.162712,12.937862,321.27436,365.37212,-3.730054,1821.9422,1773.998,48.452036,OverRange,OverRange,OverRange,0,0,0,0,0.73,-1.34,0,0
2025/07/02 02:55:00.136,n,12.733936,91.356928,0.595428,0.525378,0.112953,0.069218,0.063322,0.072216,-5.024759,-2.041977,-0.673096,-0.159546,12.919234,321.49744,365.55428,-3.496331,1782.2538,1793.7122,37.13758,OverRange,OverRange,OverRange,0,0,0,0,0.73,-1.34,0,0
2025/07/02 02:56:00.137,n,12.812844,91.976368,0.525378,0.629692,0.122558,0.104597,0.034866,0.054013,-4.683265,-1.97047,-0.66832,-0.155678,12.90062,321.81174,365.799,-3.225436,2037.2372,1954.5278,61.828796,OverRange,OverRange,OverRange,0,0,0,0,0.73,-1.34,0,0
2025/07/02 02:57:00.142,n,12.88506,91.593456,0.804057,0.601012,0.131359,0.069218,0.051529,0.053654,-4.315502,-1.870983,-0.66655,-0.155846,12.887512,321.89536,365.7146,-2.955223,2170.8404,2054.4152,59.285748,OverRange,OverRange,OverRange,0,0,0,0,0.74,-1.34,0,0
2025/07/02 02:58:00.142,n,12.950832,91.324408,0.560403,0.717509,0.09031,0.069218,0.069218,0.04475,-4.105352,-1.785175,-0.663178,-0.154968,12.87875,322.1406,365.74604,-2.828385,2416.7686,2337.6916,54.830648,OverRange,OverRange,OverRange,0,0,0,0,0.74,-1.34,0,0
2025/07/02 02:59:00.143,n,12.991406,90.962248,0.665479,0.60685,0.081415,0.139975,0.039993,0.081805,-3.856369,-1.699368,-0.663002,-0.154266,12.872156,322.12078,365.77336,-2.665737,2598.6694,2551.8854,71.206744,OverRange,OverRange,OverRange,0,0,0,0,0.74,-1.34,0,0
2025/07/02 03:00:07.055,n,13.057324,90.202488,0.560403,0.75228,0.15737,0,-0.018458,0.02022,-3.606816,-1.570656,-0.66407,-0.158836,12.8667,321.99938,365.33852,-2.541394,2777.6138,2742.5198,29.745588,OverRange,OverRange,OverRange,0,0,0,0,0.73,-1.33,0,0
2025/07/02 03:01:00.135,n,13.035938,90.09848,0.87563,0.839843,0.110184,-0.072295,-0.04794,0.057401,-3.646219,-1.499149,-0.662651,-0.159195,12.864502,322.1105,365.29504,-2.650526,3051.191,2973.2028,71.949984,OverRange,OverRange,OverRange,0,0,0,0,0.73,-1.33,0,0
2025/07/02 03:02:00.135,n,13.035938,90.469432,0.630454,0.763702,0.1275,-0.036916,-0.077678,0.061178,-3.633085,-1.456245,-0.662125,-0.158669,12.860154,322.13288,365.31864,-2.680296,OverRange,OverRange,OverRange,OverRange,OverRange,OverRange,0,0,0,0,0.73,-1.34,0,0
2025/07/02 03:03:00.140,n,13.019436,91.047408,1.084258,0.758118,0.194841,-0.036916,-0.030507,0.027316,-3.567413,-1.27095,-0.662125,-0.157257,12.856864,322.11554,365.42664,-2.80133,OverRange,OverRange,OverRange,OverRange,OverRange,OverRange,0,0,0,0,0.73,-1.33,0,0
2025/07/02 03:04:00.137,n,13.016164,90.830616,0.595428,0.857102,0.216121,-0.106135,-0.118697,0.036845,-3.579976,-1.256649,-0.66407,-0.160774,12.848104,321.90078,365.0678,-2.826623,OverRange,OverRange,OverRange,OverRange,OverRange,OverRange,0,0,0,0,0.73,-1.34,0,0
2025/07/02 03:05:00.139,n,12.975442,90.884808,1.084258,0.944919,0.126499,0,-0.089471,0.066519,-3.73816,-1.285252,-0.665306,-0.162537,12.841524,321.75888,364.87632,-2.955678,OverRange,OverRange,OverRange,OverRange,OverRange,OverRange,0,0,0,0,0.74,-1.33,0,0
2025/07/02 03:06:00.141,n,12.839162,90.991688,0.944158,0.996949,0.137392,-0.178429,-0.124849,0.11316,-4.052814,-1.427643,-0.667252,-0.163765,12.826186,321.50916,364.6858,-3.128658,OverRange,OverRange,OverRange,OverRange,OverRange,OverRange,0,0,0,0,0.73,-1.33,0,0
2025/07/02 03:07:00.144,n,12.74712,91.028856,0.909132,1.049233,0.108521,-0.247648,-0.212526,0.073624,-4.131621,-1.61356,-0.671677,-0.166229,12.817424,321.0799,364.42048,-3.023508,OverRange,OverRange,OverRange,OverRange,OverRange,OverRange,0,0,0,0,0.73,-1.34,0,0
2025/07/02 03:08:00.145,n,12.656738,91.438864,1.154309,1.095933,0.07884,-0.318404,-0.212782,0.083071,-4.24983,-1.685066,-0.6754,-0.16658,12.798828,320.6593,364.29076,-3.073583,OverRange,OverRange,OverRange,OverRange,OverRange,OverRange,0,0,0,0,0.73,-1.34,0,0
2025/07/02 03:09:00.149,n,12.597562,91.69868,1.189334,1.142634,0.087679,-0.247648,-0.306868,0.11077,-4.262964,-1.72797,-0.67363,-0.165344,12.781306,320.71954,364.30764,-3.04328,OverRange,OverRange,OverRange,OverRange,OverRange,OverRange,0,0,0,0,0.73,-1.34,0,0
2025/07/02 03:10:00.135,n,12.594238,91.897264,1.538063,1.474612,0.094899,-0.21227,-0.229959,0.079895,-4.079654,-1.642162,-0.666016,-0.162361,12.765952,321.29678,364.4912,-2.941146,OverRange,OverRange,OverRange,OverRange,OverRange,OverRange,0,0,0,0,0.73,-1.33,0,0
2025/07/02 03:11:00.136,n,12.582764,91.298144,1.36446,1.416236,0.144731,-0.247648,-0.27149,0.088237,-3.830101,-1.627861,-0.663361,-0.160599,12.749538,321.43946,364.56068,-2.705001,OverRange,OverRange,OverRange,OverRange,OverRange,OverRange,0,0,0,0,0.74,-1.33,0,0
2025/07/02 03:12:00.139,n,12.623878,89.82968,1.748214,1.701514,0.134136,-0.178429,-0.218422,0.072042,-3.541144,-1.442566,-0.662293,-0.158669,12.737504,321.46814,364.6684,-2.602203,OverRange,OverRange,OverRange,OverRange,OverRange,OverRange,0,0,0,0,0.73,-1.34,0,0
2025/07/02 03:13:00.141,n,12.664944,88.855272,1.92334,1.714204,0.103492,-0.353783,-0.271233,0.053264,-3.147684,-1.299553,-0.661591,-0.157082,12.725438,321.46478,364.74528,-2.35264,OverRange,OverRange,OverRange,OverRange,OverRange,OverRange,0,0,0,0,0.73,-1.33,0,0
2025/07/02 03:14:00.142,n,12.765492,88.966176,2.063441,1.987553,0.12612,-0.353783,-0.34199,0.057773,-2.832459,-0.956322,-0.658768,-0.156204,12.723386,321.69816,364.81236,-2.3787,OverRange,OverRange,OverRange,OverRange,OverRange,OverRange,0,0,0,0,0.74,-1.33,0,0
2025/07/02 03:15:00.145,n,12.793424,89.151632,2.727397,2.650748,0.138501,0.21227,0.247648,0.050033,-2.609745,-0.927719,-0.659119,-0.15567,12.713584,321.61588,364.80788,-2.185475,OverRange,OverRange,OverRange,OverRange,OverRange,OverRange,0,0,0,0,0.73,-1.33,0,0
2025/07/02 03:16:00.148,n,12.82135,88.886744,2.971051,2.89567,0.131052,0.141513,0.176891,0.04475,-2.4133,-0.770405,-0.65593,-0.154266,12.701502,321.82772,364.86848,-2.144559,OverRange,OverRange,OverRange,OverRange,OverRange,OverRange,0,0,0,0,0.73,-1.32,0,0
2025/07/02 03:17:00.148,n,12.752308,88.635176,3.459881,3.23907,0.135902,0.176891,0.200477,0.061954,-2.386461,-0.713821,-0.655045,-0.146179,12.699304,321.89264,365.57512,-2.181505,OverRange,OverRange,OverRange,OverRange,OverRange,OverRange,0,0,0,0,0.73,-1.34,0,0
2025/07/02 03:18:00.153,n,12.82301,87.0404,3.181202,3.396429,0.169965,0.070757,0.235855,0.088563,-2.084941,-0.485001,-0.659996,-0.138268,12.693784,321.43508,366.24852,-2.121669,OverRange,OverRange,OverRange,OverRange,OverRange,OverRange,0,0,0,0,0.73,-1.34,0,0
2025/07/02 03:19:00.136,n,12.931408,85.744696,3.843635,3.675108,0.115198,0.176891,0.153306,0.028886,-1.533868,-0.128712,-0.664429,-0.126839,12.69489,321.05744,367.26928,-1.942746,OverRange,OverRange,OverRange,OverRange,OverRange,OverRange,0,0,0,0,0.74,-1.33,0,0
2025/07/02 03:20:00.139,n,12.937954,86.885768,4.053786,3.937289,0.12648,0.070757,0.147409,0.081958,-1.612674,-0.143013,-0.658234,-0.122444,12.687238,321.5528,367.619,-2.00545,OverRange,OverRange,OverRange,OverRange,OverRange,OverRange,0,0,0,0,0.73,-1.33,0,0
2025/07/02 03:21:00.143,n,12.914956,86.00524,4.158862,4.234242,0.119566,0.106135,0.135617,0.096022,-1.612674,-0.199596,-0.661415,-0.122978,12.685056,321.26612,367.56012,-1.951514,OverRange,OverRange,OverRange,OverRange,OverRange,OverRange,0,0,0,0,0.74,-1.33,0,0
2025/07/02 03:22:00.143,n,12.818032,86.418328,4.787793,4.671296,0.147644,0.070757,0.135617,0.041359,-1.560136,-0.285404,-0.663895,-0.119987,12.683932,321.04562,367.81972,-1.818639,OverRange,OverRange,OverRange,OverRange,OverRange,OverRange,0,0,0,0,0.74,-1.33,0,0
2025/07/02 03:23:00.144,n,12.783558,86.840448,5.206572,5.014441,0.140961,0.141513,0.147409,0.081958,-1.428793,-0.170994,-0.658943,-0.122093,12.679602,321.45098,367.60976,-1.794649,OverRange,OverRange,OverRange,OverRange,OverRange,OverRange,0,0,0,0,0.74,-1.35,0,0
2025/07/02 03:24:00.134,n,12.796742,86.357344,5.346673,5.323069,0.081434,0.21227,0.182788,0.041359,-1.311154,-0.199596,-0.668503,-0.130531,12.672958,320.5888,366.82512,-1.649529,OverRange,OverRange,OverRange,OverRange,OverRange,OverRange,0,0,0,0,0.74,-1.33,0,0
2025/07/02 03:25:00.151,n,12.701428,86.305688,5.940579,5.858599,0.140918,0.176891,0.170995,0.041359,-1.324289,-0.356289,-0.671509,-0.136688,12.668642,320.30596,366.25556,-1.50282,OverRange,OverRange,OverRange,OverRange,OverRange,OverRange,0,0,0,0,0.73,-1.34,0,0
2025/07/02 03:26:00.150,n,12.647134,86.68264,6.499459,6.347937,0.214439,0.283026,0.21227,0.086659,-1.271751,-0.414116,-0.671158,-0.143013,12.663188,320.3074,365.66492,-1.38578,2980.4768,3120.1976,91.498632,OverRange,OverRange,OverRange,0,0,0,0,0.74,-1.33,0,0
2025/07/02 03:27:00.152,n,12.569886,86.93108,6.744635,6.825092,0.105252,0.283026,0.21227,0.063287,-1.219214,-0.599411,-0.675583,-0.149696,12.642328,319.8143,364.96104,-1.145689,3014.861,2994.29,21.559222,OverRange,OverRange,OverRange,0,0,0,0,0.74,-1.33,0,0
2025/07/02 03:28:00.135,n,12.515592,87.494456,7.405545,7.284734,0.16298,0.283026,0.170995,0.064914,-1.088441,-0.69952,-0.674873,-0.15374,12.633536,319.82914,364.5554,-0.910054,OverRange,OverRange,OverRange,OverRange,OverRange,OverRange,0,0,0,0,0.74,-1.34,0,0
2025/07/02 03:29:00.134,n,12.469594,87.640936,8.000974,7.831686,0.11601,0.247648,0.188684,0.053264,-1.101004,-0.913418,-0.672752,-0.152161,12.622608,319.95478,364.6378,-0.708178,OverRange,OverRange,OverRange,OverRange,OverRange,OverRange,0,0,0,0,0.73,-1.33,0,0
2025/07/02 03:30:07.039,n,12.420278,87.569304,8.384729,8.332191,0.069219,0.247648,0.135617,0.072216,-0.917694,-0.970623,-0.676651,-0.160599,12.603918,319.51852,363.78944,-0.463123,2901.0378,2952.6298,37.437952,OverRange,OverRange,OverRange,0,0,0,0,0.72,-1.33,0,0
2025/07/02 03:31:00.135,n,12.380826,88.063008,9.292338,8.902494,0.229587,0.070757,0.117928,0.076426,-0.9965,-1.185143,-0.679665,-0.16394,12.586396,319.16514,363.39996,-0.327082,2803.5706,2817.9348,21.83575,OverRange,OverRange,OverRange,0,0,0,0,0.72,-1.33,0,0
2025/07/02 03:32:00.135,n,12.296886,88.458032,9.851218,9.600458,0.250024,0.176891,0.147409,0.064914,-0.943391,-1.356136,-0.677361,-0.161659,12.567802,319.26612,363.5042,-0.102956,2867.6082,2820.988,31.774204,OverRange,OverRange,OverRange,0,0,0,0,0.73,-1.34,0,0
2025/07/02 03:33:00.136,n,12.257386,88.479808,10.410098,10.129898,0.203665,0.247648,0.176891,0.059199,-0.563636,-1.370438,-0.675049,-0.159546,12.550232,319.3731,363.59892,0.291298,2985.1198,2953.8874,41.124204,OverRange,OverRange,OverRange,0,0,0,0,0.72,-1.34,0,0
2025/07/02 03:34:00.135,n,12.26886,88.442496,11.246136,11.048928,0.229879,0.283026,0.229959,0.066187,-0.287814,-1.356136,-0.674698,-0.161133,12.528332,319.28756,363.34212,0.554757,2749.2474,2878.3846,100.032,OverRange,OverRange,OverRange,0,0,0,0,0.73,-1.33,0,0
2025/07/02 03:35:00.136,n,12.219544,88.796696,11.91009,11.642326,0.262923,0.070757,0.21227,0.070756,-0.170176,-1.427643,-0.672218,-0.162537,12.501988,319.36282,363.0782,0.747785,2692.0906,2687.4814,22.036334,OverRange,OverRange,OverRange,0,0,0,0,0.73,-1.33,0,0
2025/07/02 03:36:00.136,n,12.198158,88.869648,12.502474,12.345622,0.188182,0.21227,0.159202,0.058132,0.262117,-1.413342,-0.665848,-0.158669,12.475676,319.77484,363.28264,1.168279,2910.611,2804.2874,77.490648,OverRange,OverRange,OverRange,0,0,0,0,0.73,-1.33,0,0
2025/07/02 03:37:00.137,n,12.188244,88.573064,13.23648,13.04435,0.139098,0.283026,0.21227,0.07421,0.825753,-1.39904,-0.66478,-0.160248,12.459262,319.78048,363.05568,1.720261,2918.1492,2896.6252,29.502542,OverRange,OverRange,OverRange,0,0,0,0,0.73,-1.34,0,0
2025/07/02 03:38:00.134,n,12.189908,88.93352,14.247642,13.968456,0.22632,0.21227,0.188684,0.053264,1.27118,-1.39904,-0.666733,-0.162186,12.430718,319.46078,362.7328,2.165673,3028.989,2996.9216,22.30695,OverRange,OverRange,OverRange,0,0,0,0,0.73,-1.33,0,0
2025/07/02 03:39:00.136,n,12.152066,89.449,15.015152,14.793578,0.169155,0.141513,0.21227,0.080675,2.070664,-1.370438,-0.663719,-0.160423,12.407648,319.59968,362.76748,2.937806,3129.5242,3093.5012,28.128276,OverRange,OverRange,OverRange,0,0,0,0,0.73,-1.32,0,0
2025/07/02 03:40:00.134,n,12.14386,89.64816,16.18469,15.739262,0.428336,0.21227,0.253544,0.041359,3.026048,-1.228046,-0.661064,-0.158836,12.392344,319.74838,362.82748,3.751867,3100.53,3121.1174,19.37008,OverRange,OverRange,OverRange,0,0,0,0,0.73,-1.34,0,0
2025/07/02 03:41:00.134,n,12.119106,89.266912,17.095342,16.862094,0.298065,0.247648,0.259184,0.079134,4.03454,-1.142239,-0.661774,-0.158669,12.375882,319.60018,362.7556,4.673674,3226.747,3137.6008,90,OverRange,OverRange,OverRange,0,0,0,0,0.73,-1.33,0,0
2025/07/02 03:42:00.135,n,12.191518,89.175016,18.319702,17.91209,0.374609,0.387623,0.223806,0.129437,4.976218,-1.027828,-0.663544,-0.158134,12.359354,319.35978,362.71568,5.498637,3313.9562,3241.112,50.063956,OverRange,OverRange,OverRange,0,0,0,0,0.73,-1.34,0,0
2025/07/02 03:43:00.135,n,12.217884,88.906952,19.440508,18.99711,0.36134,0.141513,0.28277,0.083332,6.096068,-0.856213,-0.663017,-0.155853,12.345142,319.33038,362.84336,6.445116,3116.7378,3192.7678,62.141772,OverRange,OverRange,OverRange,0,0,0,0,0.73,-1.34,0,0
2025/07/02 03:44:00.135,n,12.247476,88.750112,20.769944,20.379336,0.374935,0.353783,0.336093,0.069866,7.355826,-0.742424,-0.66053,-0.156029,12.333128,319.48208,362.76436,7.593749,OverRange,OverRange,OverRange,OverRange,OverRange,OverRange,0,0,0,0,0.74,-1.33,0,0
2025/07/02 03:45:00.136,n,12.351644,88.603344,21.994302,21.656234,0.318305,0.283026,0.324044,0.040878,8.85029,-0.357533,-0.653458,-0.15094,12.354324,320.20584,363.3282,8.705306,OverRange,OverRange,OverRange,OverRange,OverRange,OverRange,0,0,0,0,0.73,-1.34,0,0
2025/07/02 03:46:00.135,n,12.396028,88.122872,24.266372,23.695054,0.428136,0.953675,1.023919,0.089139,9.99127,-0.21452,-0.656113,-0.151642,12.349946,319.95294,363.24264,9.701318,OverRange,OverRange,OverRange,OverRange,OverRange,OverRange,0,0,0,0,0.73,-1.34,0,0
2025/07/02 03:47:00.134,n,12.465168,87.985952,25.525756,25.09378,0.366971,0.918297,0.970339,0.062468,10.895828,-0.014301,-0.659485,-0.15358,12.350986,319.66674,363.07608,10.404224,3067.5364,3172.5694,83.9476,OverRange,OverRange,OverRange,0,0,0,0,0.73,-1.33,0,0
2025/07/02 03:48:00.134,n,12.496368,87.225312,27.027272,26.38108,0.504472,1.022893,1.046991,0.079182,12.218974,0.185295,-0.656647,-0.150055,12.353186,319.92382,363.40068,11.527088,3051.5378,3033.5832,32.887688,OverRange,OverRange,OverRange,0,0,0,0,0.73,-1.33,0,0
2025/07/02 03:49:00.134,n,12.632844,86.480048,28.880562,28.094268,0.571115,1.129028,1.058784,0.080138,13.528416,0.413494,-0.655411,-0.151466,12.358672,320.05976,363.30436,12.610978,2900.7082,3006.5026,62.533192,OverRange,OverRange,OverRange,0,0,0,0,0.74,-1.33,0,0
2025/07/02 03:50:00.134,n,12.637826,87.314232,30.382076,29.76,0.47393,1.05981,1.070321,0.042763,14.562606,0.527905,-0.658066,-0.155861,12.371746,319.89904,362.983,13.532496,2656.4964,2735.8282,68.334472,OverRange,OverRange,OverRange,0,0,0,0,0.74,-1.34,0,0
2025/07/02 03:51:00.134,n,12.595002,87.534152,32.303894,31.541464,0.592433,1.129028,1.117492,0.115012,15.740132,0.784706,-0.659485,-0.158325,12.379382,319.81672,362.8046,14.454266,2539.7684,2586.7194,61.689544,OverRange,OverRange,OverRange,0,0,0,0,0.73,-1.34,0,0
2025/07/02 03:52:00.135,n,12.593392,87.890936,34.050588,33.323432,0.542167,1.129028,1.205681,0.081958,16.760044,0.94202,-0.661247,-0.161491,12.388078,319.71014,362.56932,15.318268,2471.1418,2539.6756,39.54744,OverRange,OverRange,OverRange,0,0,0,0,0.74,-1.33,0,0
2025/07/02 03:53:00.136,n,12.4931,88.505488,36.216056,35.435348,0.653641,1.412054,1.28823,0.073361,18.02837,1.169598,-0.65789,-0.160439,12.401346,320.07052,362.7328,16.36132,2505.782,2468.698,28.62167,OverRange,OverRange,OverRange,0,0,0,0,0.73,-1.33,0,0
2025/07/02 03:54:00.138,n,12.4306,88.980928,38.309956,37.414272,0.645447,1.341298,1.335401,0.034785,19.609064,1.569412,-0.656998,-0.159378,12.415578,320.22296,362.9022,17.542032,2351.8576,2415.3344,61.090096,OverRange,OverRange,OverRange,0,0,0,0,0.74,-1.33,0,0
2025/07/02 03:55:00.134,n,12.397686,88.826976,40.3338,39.548528,0.594408,1.447432,1.406158,0.064915,21.254288,2.02581,-0.658066,-0.158676,12.43751,320.24634,363.08028,18.729088,2430.4226,2384.722,41.07554,OverRange,OverRange,OverRange,0,0,0,0,0.73,-1.33,0,0
2025/07/02 03:56:00.134,n,12.453594,87.332976,42.809932,41.927196,0.762398,1.518189,1.470761,0.042771,22.885236,2.454228,-0.658951,-0.158676,12.45182,320.24542,363.15592,19.930734,2536.675,2502.5068,26.046112,OverRange,OverRange,OverRange,0,0,0,0,0.74,-1.32,0,0
2025/07/02 03:57:00.134,n,12.591732,86.677024,45.28606,44.135304,0.807315,1.553567,1.482811,0.054809,24.398546,2.839119,-0.662491,-0.162018,12.475888,320.06638,362.98636,21.058954,2237.1232,2341.3786,105.21408,OverRange,OverRange,OverRange,0,0,0,0,0.75,-1.34,0,0
2025/07/02 03:58:00.134,n,12.624642,86.307928,47.622088,46.455092,0.817055,1.693542,1.588176,0.054218,25.727974,3.123901,-0.665329,-0.161316,12.501158,319.95444,363.18224,22.10006,2203.8566,2244.0364,43.886216,OverRange,OverRange,OverRange,0,0,0,0,0.73,-1.33,0,0
2025/07/02 03:59:00.135,n,12.61966,86.622384,49.818016,48.911424,0.804771,1.765837,1.647909,0.069568,27.01343,3.23769,-0.666031,-0.161675,12.526362,320.027,363.28368,23.271384,2127.6218,2155.8032,50.434116,OverRange,OverRange,OverRange,0,0,0,0,0.73,-1.33,0,0
2025/07/02 04:00:07.043,n,12.591732,87.58244,52.466224,51.478664,0.827152,1.870433,1.770451,0.07841,28.373126,3.3521,-0.671524,-0.165718,12.549402,319.67368,363.04644,24.515218,2082.9626,2078.5788,40.099876,OverRange,OverRange,OverRange,0,0,0,0,0.73,-1.33,0,0
2025/07/02 04:01:00.136,n,12.52601,88.073064,55.181444,54.13678,0.863993,1.976568,1.882482,0.098864,29.392468,3.323498,-0.670639,-0.164482,12.570228,319.86026,363.26624,25.562812,2021.0622,2078.7352,33.00909,OverRange,OverRange,OverRange,0,0,0,0,0.74,-1.33,0,0
2025/07/02 04:02:00.138,n,12.55555,89.250456,58.140308,56.870012,0.868278,2.187299,2.047068,0.097082,30.906918,3.551697,-0.671341,-0.165367,12.597616,319.94462,363.33272,26.849246,2036.784,2039.538,27.055498,OverRange,OverRange,OverRange,0,0,0,0,0.73,-1.33,0,0
2025/07/02 04:03:00.138,n,12.572002,89.79196,61.062628,59.636748,0.90937,2.118081,2.123978,0.068663,32.473336,3.793575,-0.669403,-0.163078,12.627202,320.2687,363.69244,28.173436,1945.488,1945.33,37.475328,OverRange,OverRange,OverRange,0,0,0,0,0.73,-1.33,0,0
2025/07/02 04:04:00.134,n,12.61966,90.003344,63.706268,62.570236,0.90894,2.434947,2.282667,0.12525,34.09058,4.021774,-0.674538,-0.166771,12.662308,320.01032,363.55028,29.561038,1918.4676,1901.4366,24.859606,OverRange,OverRange,OverRange,0,0,0,0,0.74,-1.32,0,0
2025/07/02 04:05:00.135,n,12.56546,90.40388,66.662096,65.618692,0.90765,2.57646,2.394442,0.112079,35.394308,4.050999,-0.678253,-0.168182,12.687514,319.82244,363.55848,30.83324,1909.158,1903.6582,26.54807,OverRange,OverRange,OverRange,0,0,0,0,0.73,-1.33,0,0
2025/07/02 04:06:00.134,n,12.481626,90.469016,69.927048,68.583912,0.901171,2.505704,2.482118,0.057761,36.697468,4.150486,-0.681091,-0.169235,12.71487,319.72192,363.60996,32.035126,1862.6716,1881.516,26.37423,OverRange,OverRange,OverRange,0,0,0,0,0.73,-1.33,0,0
2025/07/02 04:07:00.135,n,12.470052,91.283904,72.838704,71.67044,0.883662,2.753352,2.582357,0.093383,38.143396,4.32148,-0.681091,-0.167305,12.742276,319.86718,363.9266,33.308128,1751.7458,1771.8598,35.6595,OverRange,OverRange,OverRange,0,0,0,0,0.73,-1.33,0,0
2025/07/02 04:08:00.135,n,12.539094,91.245232,76.359504,74.959248,1.02736,2.824108,2.735662,0.066193,39.848008,4.591961,-0.677727,-0.165367,12.774046,320.3266,364.26708,34.743688,1750.0954,1782.9742,29.037906,OverRange,OverRange,OverRange,0,0,0,0,0.75,-1.32,0,0
2025/07/02 04:09:00.135,n,12.601644,90.648952,79.459992,78.229032,1.002341,2.930243,2.911785,0.085497,41.59088,4.934571,-0.678787,-0.166069,12.8036,320.39148,364.36136,36.143592,1860.3454,1791.9406,48.141456,OverRange,OverRange,OverRange,0,0,0,0,0.74,-1.33,0,0
2025/07/02 04:10:00.136,n,12.629574,90.171016,83.011248,81.478768,1.184536,3.211731,3.053041,0.111222,43.30692,5.219353,-0.681625,-0.168182,12.83537,320.31448,364.3422,37.574124,1771.9012,1752.3804,40.698896,OverRange,OverRange,OverRange,0,0,0,0,0.74,-1.33,0,0
2025/07/02 04:11:00.139,n,12.622982,89.863448,86.560976,85.035848,1.106091,3.282487,3.223524,0.108851,44.800812,5.432629,-0.684639,-0.169945,12.867106,320.2222,364.35408,38.853488,1672.5726,1699.6246,67.010444,OverRange,OverRange,OverRange,0,0,0,0,0.73,-1.33,0,0
2025/07/02 04:12:00.142,n,12.631184,89.810568,90.42136,88.81604,1.195695,3.530135,3.370933,0.085946,46.527128,5.660206,-0.683571,-0.169762,12.892348,320.44854,364.50432,40.353112,1710.9328,1661.0074,37.459312,OverRange,OverRange,OverRange,0,0,0,0,0.74,-1.33,0,0
2025/07/02 04:13:00.135,n,12.672298,89.616232,93.759416,92.224392,1.131233,3.563975,3.517573,0.087956,48.318544,5.903328,-0.685349,-0.167122,12.922978,320.45742,364.9014,41.896988,1630.531,1590.2032,23.773936,OverRange,OverRange,OverRange,0,0,0,0,0.74,-1.33,0,0
2025/07/02 04:14:00.135,n,12.703548,89.484,97.409648,96.007624,1.09865,3.776245,3.723434,0.086009,50.21846,6.20179,-0.684639,-0.165718,12.95581,320.69318,365.20044,43.497748,1623.8484,1677.811,51.341992,OverRange,OverRange,OverRange,0,0,0,0,0.74,-1.32,0,0
2025/07/02 04:15:00.134,n,12.706818,89.197536,101.57614,99.845432,1.273529,4.057733,3.893916,0.087982,52.273136,6.593521,-0.684814,-0.164307,12.98976,320.85828,365.50608,45.159108,1695.032,1678.562,29.792616,OverRange,OverRange,OverRange,0,0,0,0,0.74,-1.33,0,0
2025/07/02 04:16:00.136,n,12.777474,89.15544,105.6025,103.92536,1.293312,4.163868,4.064655,0.081593,54.261568,6.936131,-0.68747,-0.16378,13.028014,320.832,365.75624,46.801748,1587.453,1563.0112,47.482628,OverRange,OverRange,OverRange,0,0,0,0,0.74,-1.32,0,0
2025/07/02 04:17:00.135,n,12.83006,88.405928,109.59232,107.99056,1.267379,4.305381,4.311789,0.093579,56.10552,7.279362,-0.692612,-0.167824,13.069654,320.60852,365.61848,48.301368,1612.762,1578.4154,31.53411,OverRange,OverRange,OverRange,0,0,0,0,0.74,-1.34,0,0
2025/07/02 04:18:00.137,n,12.718086,88.467744,113.68266,112.07684,1.279038,4.482272,4.394082,0.085751,57.402968,7.251381,-0.69828,-0.170815,13.087112,320.21112,365.4458,49.624124,1564.0516,1504.1302,41.758832,OverRange,OverRange,OverRange,0,0,0,0,0.73,-1.33,0,0
2025/07/02 04:19:00.143,n,12.637616,88.871608,116.90498,115.46742,1.280259,4.163868,4.105672,0.053073,59.024208,7.380093,-0.699341,-0.169403,13.124292,320.31714,365.76892,51.114176,1396.827,1421.3374,29.732138,OverRange,OverRange,OverRange,0,0,0,0,0.73,-1.33,0,0
2025/07/02 04:20:00.141,n,12.635906,89.279712,121.19938,119.64658,1.268611,4.340759,4.299485,0.075563,60.891004,7.637516,-0.703239,-0.171516,13.15714,320.1546,365.756,52.721764,1469.4598,1420.128,38.115612,OverRange,OverRange,OverRange,0,0,0,0,0.74,-1.33,0,0
2025/07/02 04:21:00.143,n,12.690156,89.147384,125.41306,123.9458,1.217066,4.588407,4.458686,0.119814,62.781784,7.92292,-0.70182,-0.170105,13.194272,320.4751,366.07904,54.327148,1490.908,1511.7866,32.090496,OverRange,OverRange,OverRange,0,0,0,0,0.74,-1.33,0,0
2025/07/02 04:22:00.135,n,12.760812,89.183176,130.3775,128.40492,1.420277,4.728381,4.740687,0.043146,64.89128,8.266152,-0.707489,-0.16571,13.231466,320.1829,366.66748,56.083352,1560.408,1488.1362,55.508556,OverRange,OverRange,OverRange,0,0,0,0,0.73,-1.32,0,0
2025/07/02 04:23:00.135,n,12.787128,89.05388,134.43738,132.78384,1.372156,4.940651,4.911169,0.120551,66.702112,8.551556,-0.703949,-0.168175,13.269724,320.69284,366.65236,57.61478,1482.8856,1464.935,50.277232,OverRange,OverRange,OverRange,0,0,0,0,0.73,-1.32,0,0
2025/07/02 04:24:00.135,n,12.777264,88.783128,138.98,137.1602,1.409233,5.186761,5.122926,0.087799,68.513512,8.69457,-0.713165,-0.170105,13.30578,320.08786,366.6732,59.275884,1466.4378,1436.1808,31.480152,OverRange,OverRange,OverRange,0,0,0,0,0.73,-1.32,0,0
2025/07/02 04:25:00.135,n,12.679334,89.175472,143.48606,141.63836,1.489547,5.469787,5.381598,0.088354,70.004552,8.509274,-0.714218,-0.172218,13.331724,320.1351,366.62384,60.95328,1445.6316,1431.5322,44.140688,OverRange,OverRange,OverRange,0,0,0,0,0.75,-1.31,0,0
2025/07/02 04:26:00.137,n,12.63168,89.320288,147.5033,145.7429,1.342223,5.011408,4.922962,0.076686,71.831376,8.651666,-0.713333,-0.173973,13.365584,320.39216,366.64848,62.640352,1439.5072,1423.8198,48.97142,OverRange,OverRange,OverRange,0,0,0,0,0.74,-1.33,0,0
2025/07/02 04:27:00.140,n,12.61034,89.597288,152.41902,150.39948,1.451293,5.328274,5.228548,0.112185,73.851208,8.92339,-0.717064,-0.172386,13.411448,320.31414,367.03416,64.38314,1435.0472,1425.091,36.65788,OverRange,OverRange,OverRange,0,0,0,0,0.73,-1.32,0,0
2025/07/02 04:28:00.140,n,12.623426,89.86932,157.29512,155.22586,1.549193,5.39903,5.333914,0.068242,75.895032,9.123608,-0.721314,-0.176964,13.448646,320.14514,366.8262,66.227072,1451.0486,1367.4984,50.966656,OverRange,OverRange,OverRange,0,0,0,0,0.74,-1.32,0,0
2025/07/02 04:29:00.144,n,12.615224,90.197096,161.92608,159.8814,1.497915,5.751275,5.640013,0.105266,77.847496,9.466218,-0.722206,-0.176613,13.49013,320.28956,367.07896,67.835688,1369.348,1394.0434,36.537652,OverRange,OverRange,OverRange,0,0,0,0,0.73,-1.32,0,0
2025/07/02 04:30:07.082,n,12.643154,90.273168,166.7626,164.74736,1.650757,5.892788,5.828184,0.087486,80.068344,9.72302,-0.725571,-0.177139,13.537068,320.24926,367.28304,69.796888,1422.593,1313.8716,72.396136,OverRange,OverRange,OverRange,0,0,0,0,0.73,-1.32,0,0
2025/07/02 04:31:00.135,n,12.623426,90.263848,171.31738,169.38466,1.593934,6.351167,6.063013,0.180289,81.811216,9.937538,-0.728584,-0.175728,13.57417,320.18676,367.60656,71.320824,1218.1664,1268.6918,30.548322,3160.1656,3219.4694,39.017944,0,0,0,0,0.74,-1.33,0,0
2025/07/02 04:32:00.136,n,12.598488,90.39224,176.3199,174.37626,1.406458,6.457301,6.374752,0.048318,83.667168,9.895256,-0.73407,-0.179245,13.598928,319.8447,367.42664,73.217088,1363.0228,1336.5062,44.728064,3257.3116,3256.3874,28.142494,0,0,0,0,0.74,-1.32,0,0
2025/07/02 04:33:00.142,n,12.628078,90.454256,180.5945,178.7044,1.462019,6.103519,5.93919,0.110844,85.536248,10.165738,-0.736557,-0.181709,13.643654,319.86868,367.44692,74.815664,1412.715,1351.724,62.601916,3271.7908,3235.998,35.866416,0,0,0,0,0.73,-1.32,0,0
2025/07/02 04:34:00.138,n,12.598488,90.508552,186.0569,183.82112,1.584101,6.28041,6.186068,0.057807,87.676008,10.423162,-0.740288,-0.185051,13.689456,319.79108,367.39528,76.697608,1344.4264,1370.6294,56.137332,3172.7894,3214.5716,33.81124,0,0,0,0,0.73,-1.32,0,0
2025/07/02 04:35:00.141,n,12.646192,90.755032,190.72286,188.914,1.45988,6.457301,6.409874,0.103806,89.794072,10.679962,-0.744476,-0.184174,13.73744,319.6856,367.73008,78.553808,1354.9156,1370.6738,51.115556,3125.2244,3157.445,30.91925,0,0,0,0,0.73,-1.32,0,0
2025/07/02 04:36:00.141,n,12.69053,90.651176,195.96904,193.87512,1.591972,6.774168,6.685978,0.108507,91.897856,11.064854,-0.746071,-0.182587,13.783244,319.79302,368.11636,80.269512,1370.0016,1274.0284,55.03272,3033.0796,3007.087,41.163088,0,0,0,0,0.74,-1.32,0,0
2025/07/02 04:37:00.144,n,12.688916,90.662072,201.31876,199.01774,1.667708,6.984899,6.909015,0.092867,94.14212,11.436066,-0.747307,-0.179771,13.84325,320.00782,368.68812,82.13852,1362.0948,1362.9962,41.405316,3012.2768,3023.1276,29.010344,0,0,0,0,0.73,-1.31,0,0
2025/07/02 04:38:00.146,n,12.781338,90.481568,206.6959,204.41518,1.603707,7.303303,7.232547,0.063276,96.124272,11.622604,-0.750816,-0.178528,13.88117,319.90748,369.00176,83.929384,1361.2024,1318.9928,46.279588,2942.0494,2948.0042,43.201852,0,0,0,0,0.74,-1.32,0,0
2025/07/02 04:39:00.153,n,12.858486,90.071856,210.75728,208.74132,1.554228,6.951059,6.874406,0.110596,98.248616,11.921688,-0.756126,-0.179581,13.94328,319.78132,369.24148,85.750384,1308.6292,1257.4662,48.73192,2844.375,2842.4622,19.939908,0,0,0,0,0.73,-1.31,0,0
2025/07/02 04:40:00.135,n,13.016052,89.551248,215.61056,213.73976,1.48324,7.163328,7.168968,0.075341,100.28102,12.350106,-0.758423,-0.180283,14.00974,319.93952,369.536,87.352776,1385.0066,1324.9366,50.813384,2844.6412,2824.4628,23.22068,0,0,0,0,0.73,-1.32,0,0
2025/07/02 04:41:00.136,n,13.15448,88.729224,220.59936,218.55216,1.608571,7.515573,7.380213,0.093031,102.4402,12.5211,-0.764442,-0.183632,14.083776,319.81656,369.63628,89.338296,1330.4798,1345.1432,56.37198,2716.2578,2763.7918,38.209944,0,0,0,0,0.73,-1.32,0,0
2025/07/02 04:42:00.138,n,13.27853,87.748784,225.9963,223.80748,1.67332,7.903196,7.691182,0.118276,104.31728,12.64919,-0.771523,-0.186974,14.139894,319.5058,369.64124,91.083536,1362.5242,1324.069,35.874784,2645.9024,2658.3942,32.44688,0,0,0,0,0.74,-1.31,0,0
2025/07/02 04:43:00.140,n,13.355968,86.750352,230.5983,228.4605,1.715736,7.584791,7.408156,0.133843,106.40908,12.920292,-0.775948,-0.185913,14.207336,319.48584,370.09828,92.898744,1235.7662,1281.277,42.701288,2475.9554,2537.9976,36.878176,0,0,0,0,0.74,-1.32,0,0
2025/07/02 04:44:00.143,n,13.42345,86.192048,235.80182,233.74602,1.606627,7.760144,7.648882,0.087591,108.50772,13.162792,-0.778603,-0.185562,14.278056,319.63684,370.51012,94.75188,1228.0196,1254.8862,48.01458,2390.925,2435.7084,35.34968,0,0,0,0,0.74,-1.31,0,0
2025/07/02 04:45:00.148,n,13.448208,85.830816,241.31144,239.12514,1.610512,8.04317,7.895761,0.105916,110.73258,13.561986,-0.781075,-0.182747,14.352064,319.82172,371.1588,96.572256,1248.6524,1275.0958,34.819536,2340.4568,2393.0764,33.787572,0,0,0,0,0.73,-1.31,0,0
2025/07/02 04:46:00.146,n,13.449094,85.52984,246.50736,244.37994,1.721191,8.28928,8.136999,0.090706,112.69702,13.605512,-0.786194,-0.181496,14.41415,319.71368,371.60476,98.486808,1262.8634,1281.2004,51.613952,2282.4334,2312.3964,34.33948,0,0,0,0,0.72,-1.3,0,0
2025/07/02 04:47:00.147,n,13.483662,85.823296,251.14438,249.17942,1.516575,8.186221,7.961903,0.144288,114.91902,13.904594,-0.788498,-0.180092,14.481548,319.8779,372.09296,100.40602,1289.6836,1270.8876,21.927152,2243.6092,2251.3308,20.208908,0,0,0,0,0.73,-1.3,0,0
2025/07/02 04:48:00.151,n,13.501778,85.927784,256.60678,254.41468,1.658313,8.432332,8.31466,0.168214,117.12558,14.247204,-0.791863,-0.180267,14.550006,319.9566,372.44712,102.26678,1331.8648,1267.7208,46.959556,2183.5124,2180.897,39.794472,0,0,0,0,0.73,-1.3,0,0
2025/07/02 04:49:00.136,n,13.54289,85.963624,262.20322,259.77762,1.797568,8.678442,8.561026,0.164786,119.48406,14.57489,-0.795227,-0.180794,14.619556,320.04132,372.77612,104.29474,1225.2188,1228.3196,54.598532,2077.759,2088.337,32.329552,0,0,0,0,0.73,-1.32,0,0
2025/07/02 04:50:00.138,n,13.600342,86.090368,267.28034,265.1763,1.557241,8.996846,8.855332,0.1558,121.89222,14.446178,-0.798759,-0.181145,14.671464,320.01638,373.0256,106.82842,1254.6646,1270.7482,34.945672,2088.1404,2100.475,27.914154,0,0,0,0,0.73,-1.31,0,0
2025/07/02 04:51:00.141,n,13.654592,85.966392,272.3529,270.06284,1.662077,8.783038,8.67152,0.128681,124.14392,14.760186,-0.80159,-0.17939,14.73662,320.12396,373.53392,108.76154,1251.5658,1246.4834,38.579788,2056.462,2052.5032,25.946098,0,0,0,0,0.73,-1.31,0,0
2025/07/02 04:52:00.143,n,13.697414,85.952328,277.52598,275.24198,1.612452,9.029148,8.929936,0.095715,126.50868,15.230264,-0.803192,-0.175865,14.809352,320.37906,374.2406,110.65108,1141.6698,1180.6188,40.99878,1938.6416,1978.4628,31.400636,0,0,0,0,0.73,-1.31,0,0
2025/07/02 04:53:00.146,n,13.727002,85.88212,282.79498,280.61682,1.622113,9.418308,9.259106,0.128039,128.85974,15.45784,-0.807083,-0.173584,14.874394,320.39478,374.79552,112.7684,1192.8304,1217.0316,61.091736,1964.2042,1978.8276,38.812372,0,0,0,0,0.74,-1.3,0,0
2025/07/02 04:54:00.148,n,13.742828,86.07828,288.42642,285.98226,1.762456,9.699796,9.529314,0.095683,131.18966,15.600854,-0.811684,-0.171806,14.92733,320.28384,375.2404,114.94892,1265.308,1245.7874,56.224548,2044.1788,1995.6198,40.044976,0,0,0,0,0.73,-1.32,0,0
2025/07/02 04:55:00.135,n,13.742828,86.142488,293.01928,290.91604,1.606627,9.559822,9.418566,0.124413,133.64694,15.757546,-0.813278,-0.168999,14.987896,320.4743,375.81816,117.2451,1108.6284,1146.0138,55.87128,1908.2084,1942.3418,41.109608,0,0,0,0,0.73,-1.31,0,0
2025/07/02 04:56:00.135,n,13.782284,86.07984,298.67664,296.35684,1.643168,9.84131,9.700052,0.13189,136.07622,16.128136,-0.815048,-0.165474,15.054474,320.68258,376.4926,119.29852,1191.7622,1232.6816,63.156948,1980.2656,2002.925,53.922164,0,0,0,0,0.74,-1.31,0,0
2025/07/02 04:57:00.137,n,13.77842,85.908184,304.05378,301.80454,1.774824,10.0182,9.98231,0.146117,138.47582,16.227624,-0.818054,-0.168282,15.102952,320.68572,376.5064,121.59842,1138.1866,1093.8678,26.017302,1879.983,1860.434,20.5329,0,0,0,0,0.73,-1.31,0,0
2025/07/02 04:58:00.135,n,13.821144,85.683568,309.2847,306.86666,1.802776,9.912066,9.740814,0.13491,140.96392,16.4409,-0.821953,-0.168457,15.164056,320.68066,376.82304,123.86952,1188.4148,1152.7588,43.69096,1938.8702,1908.6832,27.224988,0,0,0,0,0.73,-1.31,0,0
2025/07/02 04:59:00.135,n,13.854092,85.446224,314.82476,312.31742,1.735656,10.227394,9.99282,0.133042,143.36238,16.654798,-0.826736,-0.170746,15.220078,320.57144,376.92436,126.05158,1135.7972,1205.196,52.302964,1891.7412,1946.8022,40.179596,0,0,0,0,0.73,-1.31,0,0
2025/07/02 05:00:07.053,n,13.91171,85.225952,319.85166,317.52832,1.67332,10.192016,10.016406,0.149176,146.16458,16.982482,-0.829392,-0.171623,15.289872,320.7215,377.22616,128.52432,1187.617,1197.5194,59.899916,1939.557,1934.1808,51.450948,0,0,0,0,0.74,-1.31,0,0
2025/07/02 05:01:00.135,n,13.94587,84.96448,325.45112,322.83386,1.857418,10.54426,10.37429,0.143376,148.22724,17.210682,-0.834534,-0.169159,15.338496,320.54136,377.70968,130.35118,1217.2512,1196.7916,67.400296,1958.2328,1921.4872,53.314164,0,0,0,0,0.73,-1.3,0,0
2025/07/02 05:02:00.137,n,14.013204,84.818968,330.22672,328.00974,1.739253,10.192016,10.19817,0.056228,150.58856,17.580028,-0.835243,-0.167923,15.399524,320.81244,378.15192,132.34122,1136.5862,1122.307,74.838496,1833.3604,1825.9826,41.264996,0,0,0,0,0.73,-1.3,0,0
2025/07/02 05:03:00.139,n,14.06252,84.814288,336.19316,333.7843,1.732051,10.702692,10.540414,0.127609,153.38106,17.808228,-0.835777,-0.162117,15.464888,321.12238,379.02368,134.89918,1172.0808,1205.48,60.5475,1871.8414,1868.0116,44.040888,0,0,0,0,0.74,-1.3,0,0
2025/07/02 05:04:00.136,n,14.058808,84.663136,341.94948,339.53836,1.665833,10.879584,10.790626,0.058359,155.97766,17.922016,-0.838417,-0.160706,15.515896,321.1723,379.42732,137.37794,1172.467,1215.2538,39.212244,1802.0406,1842.5336,31.99375,0,0,0,0,0.74,-1.3,0,0
2025/07/02 05:05:00.136,n,14.081806,84.650688,346.8302,344.55332,1.802776,11.056476,10.844206,0.165986,158.64908,18.37717,-0.840012,-0.156662,15.579012,321.37878,380.13084,139.58856,1356.9762,1249.996,98.20896,1939.776,1841.921,81.124592,0,0,0,0,0.74,-1.31,0,0
2025/07/02 05:06:00.139,n,14.169044,84.592016,352.70376,350.2114,1.802776,11.304124,11.221574,0.082754,161.23886,18.604126,-0.839096,-0.156654,15.636426,321.77146,380.44496,141.95228,1319.7872,1307.8276,39.522144,1895.1974,1875.369,29.421082,0,0,0,0,0.74,-1.3,0,0
2025/07/02 05:07:00.135,n,14.239652,84.397784,357.50676,355.38548,1.662077,11.410258,11.221574,0.106491,163.80348,19.073582,-0.840874,-0.160179,15.70608,321.99836,380.51264,144.0492,1076.3436,1179.5644,92.56728,1706.8052,1788.4212,61.718716,0,0,0,0,0.73,-1.3,0,0
2025/07/02 05:08:00.135,n,14.309346,84.097976,363.16412,360.6476,1.778342,11.657906,11.43974,0.133225,166.2402,19.373288,-0.845314,-0.15876,15.772492,321.97736,381.00176,146.18034,1275.4084,1170.2256,81.454896,1828.3364,1749.4922,61.64414,0,0,0,0,0.74,-1.31,0,0
2025/07/02 05:09:00.136,n,14.430734,83.85164,368.54884,365.99,1.739253,11.554848,11.45461,0.12932,168.84764,19.92855,-0.846375,-0.157173,15.844252,322.2782,381.53528,148.2299,1296.9338,1181.3784,74.986664,1863.2804,1761.4482,60.193024,0,0,0,0,0.74,-1.3,0,0
2025/07/02 05:10:00.135,n,14.500814,83.49432,373.65492,371.36376,1.857418,11.90863,11.790704,0.099191,171.41228,20.140584,-0.851501,-0.159287,15.908402,322.18616,381.69908,150.57948,1148.2704,1142.3956,65.41636,1750.6016,1745.3322,45.215044,0,0,0,0,0.74,-1.31,0,0
2025/07/02 05:11:00.135,n,14.59427,83.245976,378.84932,376.66836,1.710263,11.944008,11.819928,0.120272,173.9512,20.553456,-0.853447,-0.160347,15.990938,322.47006,382.05708,152.70466,1355.9486,1284.0062,53.929584,1916.9662,1860.388,42.36508,0,0,0,0,0.73,-1.3,0,0
2025/07/02 05:12:00.135,n,14.652992,82.725512,384.35436,382.24828,1.565248,12.260874,12.101928,0.115667,176.42446,20.823314,-0.858406,-0.168427,16.059816,322.41886,381.71732,154.91118,1269.0824,1214.73,70.6838,1834.9656,1790.7314,49.642724,0,0,0,0,0.73,-1.3,0,0
2025/07/02 05:13:00.136,n,14.744892,82.358448,390.28884,387.879,1.631717,12.193194,12.074496,0.116036,179.0228,21.277848,-0.85984,-0.162972,16.14573,322.7663,382.67328,157.0481,1122.0748,1082.077,48.141456,1652.3064,1649.9474,47.627724,0,0,0,0,0.74,-1.3,0,0
2025/07/02 05:14:00.136,n,14.849824,82.099264,395.80912,393.1584,1.930026,12.370086,12.18653,0.103291,181.57944,21.57693,-0.864807,-0.1642,16.236862,322.83728,383.06484,159.3019,1072.0638,1139.19,70.303624,1620.614,1651.0664,46.80812,0,0,0,0,0.73,-1.3,0,0
2025/07/02 05:15:00.139,n,14.930096,81.847704,400.98064,398.95072,1.581139,12.616196,12.452122,0.108816,183.91848,22.045764,-0.865517,-0.168243,16.321524,323.24158,383.1714,161.17546,1069.5146,1014.2918,29.747268,1566.9324,1528.5708,23.30236,0,0,0,0,0.74,-1.3,0,0
2025/07/02 05:16:00.135,n,14.998058,81.302008,406.69432,404.2682,1.742843,12.936138,12.787446,0.119763,186.43174,22.201214,-0.872231,-0.164902,16.405864,323.12488,383.93224,163.5232,1297.0176,1182.9624,114.6438,1758.8804,1655.8922,98.218128,0,0,0,0,0.74,-1.3,0,0
2025/07/02 05:17:00.135,n,15.074964,81.25948,411.24456,409.09888,1.646967,12.759246,12.664906,0.159268,188.93354,22.329304,-0.87294,-0.165428,16.493658,323.54714,384.36916,165.89674,1197.835,1194.7448,33.09985,1676.5798,1661.923,29.240384,0,0,0,0,0.73,-1.29,0,0
2025/07/02 05:18:00.136,n,15.129026,80.570184,416.64304,414.48744,1.702939,13.006894,12.865382,0.13226,191.47706,22.727252,-0.878609,-0.160851,16.577872,323.52118,385.24008,168.03204,1142.166,1129.5592,39.519616,1597.7682,1579.1788,31.208972,0,0,0,0,0.73,-1.29,0,0
2025/07/02 05:19:00.135,n,15.248554,80.79748,422.50744,419.78868,1.936492,13.185324,13.020226,0.117603,194.22042,23.153804,-0.87825,-0.167007,16.668834,324.05404,385.19512,170.35536,1079.0008,1105.962,30.851256,1510.109,1528.0928,25.15154,0,0,0,0,0.73,-1.3,0,0
2025/07/02 05:20:00.135,n,15.341122,79.473672,428.26988,425.55844,1.930026,13.539106,13.338374,0.131751,196.95864,23.39444,-0.886757,-0.164368,16.754258,323.78998,385.90136,172.84182,1165.494,1124.9332,46.011956,1555.3518,1526.0124,35.561216,0,0,0,0,0.72,-1.29,0,0
2025/07/02 05:21:00.135,n,15.414314,78.676112,432.63124,430.53788,1.781853,13.574484,13.46835,0.136036,199.62036,23.494548,-0.886047,-0.166473,16.846236,324.35986,386.22288,175.40624,1159.2308,1092.5034,59.248632,1547.7408,1487.004,48.881488,0,0,0,0,0.73,-1.29,0,0
2025/07/02 05:22:00.137,n,15.519258,78.814936,438.45308,436.50132,1.581139,13.928268,13.792394,0.133042,201.96286,23.579114,-0.895264,-0.171036,16.942488,324.09528,386.35036,177.65952,1112.6924,1124.4786,60.138176,1520.5576,1513.2716,49.59032,0,0,0,0,0.74,-1.3,0,0
2025/07/02 05:23:00.140,n,15.57834,78.826008,443.2226,441.39696,1.643168,13.788292,13.605504,0.152374,204.48124,23.848972,-0.898819,-0.17086,17.035514,324.30316,386.88136,179.9043,1066.3846,1134.0746,64.359148,1454.5598,1502.5198,47.140216,0,0,0,0,0.73,-1.3,0,0
2025/07/02 05:24:00.140,n,15.621014,78.527136,448.819,446.70504,1.658313,14.106696,13.952622,0.127801,206.78432,24.133132,-0.902901,-0.16523,17.13823,324.51948,387.95084,181.91352,1211.0238,1189.0098,36.592352,1575.3998,1554.9972,25.659306,0,0,0,0,0.73,-1.29,0,0
2025/07/02 05:25:00.135,n,15.71413,78.19244,454.5814,452.24812,1.795829,14.354344,14.218728,0.103409,209.26956,24.174794,-0.908562,-0.162598,17.22363,324.50388,388.65868,184.3488,1231.6444,1179.642,42.452328,1584.0696,1527.6174,39.668628,0,0,0,0,0.73,-1.3,0,0
2025/07/02 05:26:00.135,n,15.78962,77.929496,459.15296,457.0182,1.857418,14.140536,14.070292,0.062695,211.89188,24.473256,-0.912109,-0.159431,17.324102,324.75512,389.498,186.66596,1051.4142,1131.2604,57.204896,1391.558,1465.0654,53.192104,0,0,0,0,0.73,-1.3,0,0
2025/07/02 05:27:00.135,n,15.863156,78.052776,465.3448,462.81864,1.680774,14.600454,14.423562,0.124511,214.48506,24.84198,-0.917076,-0.17437,17.4128,324.81884,388.66472,188.9004,1101.8844,1075.8818,53.458396,1435.9978,1412.2974,45.0311,0,0,0,0,0.74,-1.3,0,0
2025/07/02 05:28:00.135,n,15.931652,77.6148,470.85592,468.15648,1.843909,14.532774,14.367676,0.137198,216.97488,25.205108,-0.922401,-0.161881,17.50809,324.88854,390.30428,191.00926,1035.9198,1090.1648,42.945312,1367.5382,1410.2604,33.105892,0,0,0,0,0.73,-1.3,0,0
2025/07/02 05:29:00.137,n,15.99728,77.687744,476.15692,473.6458,1.830301,14.674288,14.549438,0.127992,219.6897,25.489892,-0.924355,-0.163994,17.60531,325.26136,390.65832,193.43946,1066.0772,1059.6574,37.208868,1383.1622,1372.688,27.784888,0,0,0,0,0.73,-1.3,0,0
2025/07/02 05:30:07.058,n,16.085804,77.098288,482.23304,479.38052,1.864135,14.920396,14.843742,0.061118,222.6518,25.860482,-0.927727,-0.168388,17.708364,325.54444,390.84288,196.03198,1152.812,1097.3242,47.773424,1445.2052,1397.9012,35.042832,0,0,0,0,0.73,-1.3,0,0
2025/07/02 05:31:00.138,n,16.126934,76.610024,487.25688,484.99216,1.788854,15.27418,15.103184,0.173993,224.89036,25.874782,-0.932144,-0.16539,17.767364,325.49164,391.43848,198.2488,1096.8008,1075.3148,35.57668,1412.3478,1385.1484,25.818598,0,0,0,0,0.74,-1.3,0,0
2025/07/02 05:32:00.141,n,16.164632,77.312808,492.23196,489.7386,1.884144,15.169582,14.992692,0.155074,227.4567,26.173866,-0.936585,-0.166267,17.855194,325.5982,391.85124,200.51252,1030.6574,1053.5824,51.39066,1351.928,1350.8864,41.3594,0,0,0,0,0.74,-1.29,0,0
2025/07/02 05:33:00.143,n,16.239308,76.45376,497.58016,495.32608,1.955761,15.523366,15.316992,0.145824,230.16752,26.287034,-0.9403,-0.167496,17.942832,325.76688,392.2322,203.10766,1143.6316,1097.5668,76.653768,1440.8962,1389.046,71.488464,0,0,0,0,0.73,-1.3,0,0
2025/07/02 05:34:00.137,n,16.347412,76.523536,504.12684,501.25048,1.949359,15.627962,15.452352,0.141145,232.94058,26.529534,-0.941895,-0.171539,18.03709,326.15638,392.40056,205.64068,1175.2422,1098.9454,78.788952,1449.4806,1386.4838,67.505552,0,0,0,0,0.73,-1.31,0,0
2025/07/02 05:35:00.135,n,16.379758,76.625136,508.91768,506.98952,1.753568,15.912526,15.775884,0.113214,235.604,26.82986,-0.947777,-0.162918,18.12245,326.1257,393.64436,207.98928,1197.5356,1113.0938,64.422044,1490.2066,1399.6404,62.457984,0,0,0,0,0.73,-1.3,0,0
2025/07/02 05:36:00.135,n,16.492756,76.491944,514.76692,512.31636,1.837117,15.912526,15.65411,0.163578,238.3097,26.915046,-0.951683,-0.166267,18.229076,326.38572,393.94484,210.60922,1189.8768,1101.1566,78.218288,1482.407,1393.7816,71.480064,0,0,0,0,0.74,-1.31,0,0
2025/07/02 05:37:00.137,n,16.595882,75.28188,520.29328,517.70976,1.830301,15.912526,15.81844,0.098821,241.03594,27.327298,-0.954346,-0.159935,18.321,326.67154,395.02336,212.91422,1144.3882,1100.014,73.117712,1423.8452,1392.2848,56.504868,0,0,0,0,0.74,-1.31,0,0
2025/07/02 05:38:00.137,n,16.710354,75.313712,525.54552,523.4016,1.565248,16.195552,16.107106,0.102102,243.63482,27.599022,-0.959137,-0.163795,18.414844,326.78436,395.20784,215.24044,1017.73,1085.1256,64.734068,1297.6352,1356.4688,55.078124,0,0,0,0,0.74,-1.31,0,0
2025/07/02 05:39:00.137,n,16.787208,74.78036,530.82368,528.7224,1.50831,16.232468,16.102748,0.119814,246.244,27.983292,-0.958427,-0.164497,18.517534,327.4233,395.72304,217.4668,1122.5678,1152.4856,63.430276,1410.9966,1413.4814,64.918412,0,0,0,0,0.73,-1.31,0,0
2025/07/02 05:40:00.139,n,16.894336,74.35836,536.16884,534.13532,1.795829,16.62009,16.42064,0.15873,249.03534,28.281754,-0.967133,-0.16291,18.607928,327.17916,396.37288,219.94938,1171.246,1041.3224,83.483528,1422.2384,1316.7812,65.690184,0,0,0,0,0.74,-1.31,0,0
2025/07/02 05:41:00.141,n,16.958106,74.158112,541.9084,539.503,1.81659,16.515494,16.392694,0.101502,251.7119,28.509952,-0.968201,-0.168182,18.700836,327.6103,396.4282,222.40194,1127.171,1034.2116,49.71016,1370.9888,1295.9214,41.294068,0,0,0,0,0.74,-1.31,0,0
2025/07/02 05:42:00.143,n,17.035584,73.509144,547.61444,545.16496,1.760682,16.975412,16.746478,0.12607,254.26568,28.694626,-0.97155,-0.162727,18.797206,327.8642,397.45628,224.76224,1035.3668,1077.7528,56.603884,1306.1358,1335.874,42.9162,0,0,0,0,0.74,-1.32,0,0
2025/07/02 05:43:00.134,n,17.10746,73.474032,552.74792,550.11084,1.890767,16.800058,16.693666,0.097076,257.11014,28.936504,-0.975639,-0.165016,18.902974,328.1077,397.85028,227.363,1210.1738,1053.376,103.74248,1434.6362,1294.598,95.675488,0,0,0,0,0.75,-1.32,0,0
2025/07/02 05:44:00.135,n,17.212002,72.884144,557.92708,555.58488,1.850676,17.223058,17.05232,0.133317,259.80268,29.348754,-0.979904,-0.162727,18.99142,328.23868,398.55348,229.63672,1077.1294,1037.0878,58.472212,1304.5726,1275.3832,44.425216,0,0,0,0,0.74,-1.31,0,0
2025/07/02 05:45:00.136,n,17.240154,71.72044,564.1128,561.26152,2.097618,17.539924,17.41123,0.087834,262.2811,29.376736,-0.982208,-0.1884,19.072658,328.49894,396.73304,232.11054,1045.2788,1067.8454,61.327808,1280.8158,1302.7226,48.948952,0,0,0,0,0.74,-1.32,0,0
2025/07/02 05:46:00.140,n,17.285858,71.17132,569.01788,566.5988,1.884144,17.39995,17.211268,0.146242,264.99304,29.590012,-0.987015,-0.167122,19.171814,328.64456,399.18416,234.58316,1194.2108,1120.9866,72.010416,1405.0716,1342.9938,58.383216,0,0,0,0,0.75,-1.32,0,0
2025/07/02 05:47:00.138,n,17.364228,71.63592,574.11632,572.08128,1.974842,17.575304,17.50506,0.14414,267.729,29.789608,-0.988441,-0.17556,19.267674,329.06448,398.97812,237.12652,997.01,1030.3076,41.317068,1215.284,1242.8424,36.796736,0,0,0,0,0.74,-1.33,0,0
2025/07/02 05:48:00.140,n,17.407714,71.132288,579.95184,577.4196,1.753568,18.141356,17.935496,0.132675,270.50662,29.80391,-0.992859,-0.176598,19.35042,329.15192,399.35552,239.88644,1073.266,1037.2224,41.103528,1286.2914,1249.5798,34.862588,0,0,0,0,0.74,-1.33,0,0
2025/07/02 05:49:00.143,n,17.469676,71.378224,583.96752,582.03656,1.658313,17.861406,17.725276,0.075745,273.13352,30.173878,-0.996422,-0.172913,19.43979,329.35108,400.1902,242.13612,985.3228,997.29072,52.7276,1206.6982,1197.9648,39.242832,0,0,0,0,0.75,-1.33,0,0
2025/07/02 05:50:00.143,n,17.601758,69.313744,589.42536,587.32208,1.823458,18.178272,18.01343,0.160337,275.80552,30.558148,-0.999794,-0.166924,19.523744,329.5365,401.1992,244.41448,1086.7926,1025.1334,62.393908,1270.5646,1211.972,55.29738,0,0,0,0,0.74,-1.33,0,0
2025/07/02 05:51:00.145,n,17.755078,68.357632,594.47356,592.18244,1.688194,18.181348,18.051374,0.125682,278.6625,30.942418,-1.000511,-0.17923,19.60976,329.96386,400.59572,246.8988,1127.079,1056.7304,72.906104,1304.5444,1247.6368,55.050884,0,0,0,0,0.75,-1.33,0,0
2025/07/02 05:52:00.135,n,17.829934,68.56584,599.85528,597.7492,1.658313,18.498214,18.462836,0.102698,281.38418,31.083564,-1.004379,-0.170433,19.679856,330.0281,401.77576,249.4667,1130.183,1054.3218,66.731552,1298.9746,1243.802,51.697196,0,0,0,0,0.75,-1.34,0,0
2025/07/02 05:53:00.135,n,17.940578,67.636056,605.35424,602.74408,1.857418,18.427458,18.38003,0.133591,283.98652,31.452912,-1.007057,-0.164284,19.770082,330.3106,402.83604,251.69082,940.6364,961.87256,38.061792,1126.3892,1145.9508,30.63658,0,0,0,0,0.75,-1.33,0,0
2025/07/02 05:54:00.136,n,18.050976,67.487416,610.31256,607.98372,1.788854,18.921216,18.656394,0.173571,286.747,31.723392,-1.010269,-0.169388,19.842234,330.44412,402.79412,254.18276,1018.1912,996.05936,44.567924,1203.5074,1174.6508,35.156792,0,0,0,0,0.75,-1.33,0,0
2025/07/02 05:55:00.138,n,18.103322,66.946356,615.01048,612.83948,1.81659,18.779704,18.645366,0.140277,289.47898,32.135644,-1.012764,-0.163063,19.92816,330.71882,403.84632,256.49362,1067.7206,983.45232,67.48852,1235.5356,1158.7744,57.815224,0,0,0,0,0.74,-1.33,0,0
2025/07/02 05:56:00.141,n,18.218818,65.988608,620.9648,618.48332,1.732051,19.133486,18.957106,0.124216,292.29144,32.178546,-1.017197,-0.16217,19.994016,330.71148,404.30172,259.25784,928.944,936.05448,27.40073,1100.1998,1108.9782,22.194594,0,0,0,0,0.75,-1.35,0,0
2025/07/02 05:57:00.142,n,18.315204,65.97576,624.46888,623.09328,1.532971,18.995048,18.84764,0.131287,294.75726,32.590176,-1.021469,-0.163925,20.064836,330.74668,404.55064,261.3095,995.26304,1000.602,52.583268,1161.2346,1159.1636,39.804524,0,0,0,0,0.75,-1.35,0,0
2025/07/02 05:58:00.143,n,18.340888,65.2098,630.54956,628.2724,1.596872,19.382672,19.141688,0.130915,297.391,32.859414,-1.023766,-0.166039,20.138236,330.96784,404.78276,263.67386,920.24592,943.39096,28.140718,1095.8664,1115.214,24.122604,0,0,0,0,0.76,-1.35,0,0
2025/07/02 05:59:00.147,n,18.42419,65.327528,634.95052,633.59924,1.48324,19.382672,19.270128,0.097828,300.22174,33.016106,-1.025726,-0.161995,20.225668,331.2987,405.6424,266.34188,1008.4878,1011.6498,80.210968,1184.5672,1171.2662,71.496856,0,0,0,0,0.76,-1.34,0,0
2025/07/02 06:00:07.098,n,18.532002,65.715956,641.02056,639.0424,1.431782,19.62878,19.517008,0.078125,303.53104,32.915996,-1.029282,-0.161293,20.337908,331.63434,406.34792,269.74708,956.53456,1033.2406,66.963424,1142.7674,1195.9458,51.815056,0,0,0,0,0.76,-1.35,0,0
2025/07/02 06:01:00.137,n,18.565712,65.610452,645.487,643.89844,1.596872,20.016404,19.875916,0.113322,305.51264,33.129894,-1.03318,-0.168839,20.389282,331.59162,405.97232,271.51844,994.44272,1019.7798,56.677156,1168.2034,1173.5104,48.288716,0,0,0,0,0.75,-1.36,0,0
2025/07/02 06:02:00.136,n,18.641242,65.08708,650.9738,648.23224,1.884144,19.877968,19.754914,0.09084,307.9916,33.328868,-1.036392,-0.162857,20.458244,331.70956,406.89932,273.78918,902.936,936.50168,53.935148,1061.8588,1092.8562,44.093084,0,0,0,0,0.75,-1.34,0,0
2025/07/02 06:03:00.139,n,18.665752,64.911156,656.791,654.21868,1.67332,19.80721,19.725174,0.150682,310.73554,33.740496,-1.038178,-0.163033,20.537952,332.01288,407.34148,276.11988,1119.3402,1060.9332,64.413504,1268.4348,1199.661,61.269892,0,0,0,0,0.76,-1.35,0,0
2025/07/02 06:04:00.140,n,18.769082,64.5642,662.1986,659.13288,1.987461,20.090236,19.972308,0.099314,313.37214,33.826304,-1.041351,-0.163727,20.622754,332.22562,407.76712,278.66822,978.904,957.7756,40.730824,1135.5956,1115.9226,35.35958,0,0,0,0,0.76,-1.35,0,0
2025/07/02 06:05:00.142,n,18.889782,64.26986,666.68944,664.32672,1.612452,20.233288,20.157148,0.110043,316.3068,34.252236,-1.042778,-0.158455,20.70674,332.58532,408.71844,281.17022,1196.1952,1107.126,85.65104,1343.6986,1249.7524,86.837776,0,0,0,0,0.74,-1.36,0,0
2025/07/02 06:06:00.144,n,18.992566,64.10972,671.2884,669.3448,1.466288,20.62091,20.486064,0.126746,318.8937,34.720448,-1.045441,-0.154068,20.78955,332.83184,409.58492,283.28186,985.7284,1088.0722,63.50748,1155.9056,1238.3354,49.420644,0,0,0,0,0.75,-1.35,0,0
2025/07/02 06:07:00.150,n,19.131092,63.330272,676.11728,673.69216,1.962142,20.551692,20.445302,0.097076,321.8461,35.20296,-1.04509,-0.152306,20.893944,333.4639,410.34312,285.75036,1049.2906,959.17776,62.6131,1177.5888,1097.7272,53.417224,0,0,0,0,0.76,-1.35,0,0
2025/07/02 06:08:00.150,n,19.253356,62.670116,680.14368,677.85912,1.643168,20.83318,20.709352,0.146742,324.67282,35.585988,-1.04776,-0.153709,20.982182,333.74182,410.72736,288.19278,1191.918,1134.1496,51.966336,1325.3402,1261.152,52.379388,0,0,0,0,0.76,-1.34,0,0
2025/07/02 06:09:00.150,n,19.363208,60.50434,685.134,683.13296,1.516575,21.186962,21.033144,0.160565,327.55442,35.947872,-1.05246,-0.150803,21.058046,333.77326,411.42348,290.7049,1183.2574,1156.558,26.243094,1313.7308,1278.697,31.22499,0,0,0,0,0.75,-1.34,0,0
2025/07/02 06:10:00.137,n,19.488552,62.205904,689.93096,688.0256,1.688194,21.099286,20.9347,0.140277,330.32404,36.287996,-1.05584,-0.152916,21.133294,333.91578,411.67068,293.13312,1160.1744,1098.1526,60.890064,1286.1208,1217.7814,60.128196,0,0,0,0,0.76,-1.36,0,0
2025/07/02 06:11:00.139,n,19.50235,61.239124,695.37656,693.7944,1.717556,21.345396,21.263872,0.119201,333.07142,36.174204,-1.061028,-0.164513,21.214612,333.93708,411.11092,296.0007,1108.4176,1053.1784,54.913568,1237.8152,1186.472,46.264456,0,0,0,0,0.75,-1.36,0,0
2025/07/02 06:12:00.140,n,19.620068,59.515956,701.09176,698.46016,1.870829,21.239262,21.104414,0.143035,336.06032,36.514328,-1.062599,-0.153969,21.282944,334.19654,412.44268,298.63736,987.95912,975.4048,58.737552,1105.7574,1094.8688,56.252108,0,0,0,0,0.76,-1.36,0,0
2025/07/02 06:13:00.144,n,19.753468,59.274992,705.8096,703.73672,1.81659,21.557664,21.25772,0.180872,338.8574,36.598892,-1.062775,-0.147644,21.38069,334.7475,413.57056,301.34338,1038.4956,1055.5132,32.758206,1161.0626,1168.9334,27.757882,0,0,0,0,0.76,-1.37,0,0
2025/07/02 06:14:00.144,n,19.813576,59.410144,711.49728,709.28512,1.802776,21.69764,21.568944,0.11289,341.90856,36.911032,-1.060997,-0.151154,21.463324,335.38038,413.73796,304.08768,881.41976,962.62352,83.503888,1014.2364,1088.7016,70.306472,0,0,0,0,0.77,-1.38,0,0
2025/07/02 06:15:00.149,n,19.936798,58.333688,717.47904,715.13616,1.658313,22.016044,21.869148,0.112239,344.68164,37.0242,-1.06797,-0.150467,21.527838,335.15146,414.17324,306.73992,999.3192,897.8244,87.398512,1105.4668,1010.1754,76.79844,0,0,0,0,0.76,-1.37,0,0
2025/07/02 06:16:00.149,n,19.98553,58.188276,722.7084,720.10232,2.061553,21.90991,21.709432,0.131844,347.42384,37.846216,-1.069756,-0.150467,21.588958,335.35186,414.52808,308.65832,1053.3638,959.41408,79.424176,1130.3862,1055.041,68.495256,0,0,0,0,0.76,-1.38,0,0
2025/07/02 06:17:00.152,n,20.05558,59.268308,727.78408,725.62264,1.532971,22.157556,21.997588,0.098821,349.90512,37.801444,-1.077889,-0.149063,21.678944,335.17114,415.1756,311.17486,882.69624,972.78344,78.5958,979.94952,1068.6792,72.561696,0,0,0,0,0.75,-1.38,0,0
2025/07/02 06:18:00.138,n,20.172574,59.245452,731.55304,730.112,1.095445,22.012968,21.977846,0.127896,352.53828,38.0284,-1.076645,-0.144844,21.773272,335.82728,416.09884,313.5781,962.51704,926.3088,72.694568,1067.5666,1028.9444,66.909636,0,0,0,0,0.76,-1.38,0,0
2025/07/02 06:19:00.139,n,20.256996,59.406684,736.35912,734.75128,1.396424,22.435968,22.30676,0.123625,355.377,38.113588,-1.078957,-0.153275,21.879328,336.2446,415.96744,316.33776,954.02488,1028.4338,52.377476,1087.0616,1135.3774,47.718968,0,0,0,0,0.76,-1.39,0,0
2025/07/02 06:20:00.135,n,20.291028,58.06094,740.59568,739.20024,1.396424,22.683616,22.606964,0.064424,357.91024,38.184472,-1.084137,-0.149414,21.940322,336.15192,416.66572,318.79104,1018.996,950.86824,83.817656,1118.1134,1049.9432,73.07804,0,0,0,0,0.76,-1.37,0,0
2025/07/02 06:21:00.136,n,20.381946,57.31494,746.42504,744.21512,1.688194,22.471348,22.377518,0.069175,360.5714,38.65206,-1.083252,-0.147659,22.018462,336.68396,417.27704,320.9837,803.18704,829.46704,46.937724,893.10608,930.70504,47.18474,0,0,0,0,0.75,-1.38,0,0
2025/07/02 06:22:00.135,n,20.439358,58.845224,751.4504,749.31328,1.732051,22.788214,22.682846,0.099805,363.33588,38.510292,-1.09166,-0.147316,22.117502,336.53456,417.8854,323.88122,896.22848,932.9812,82.352296,995.51184,1030.3898,76.926592,0,0,0,0,0.75,-1.39,0,0
2025/07/02 06:23:00.135,n,20.556546,56.752148,757.14888,754.02736,2.133073,22.929726,22.705924,0.140103,365.77776,38.862228,-1.092499,-0.148186,22.214882,337.03076,418.377,325.9712,1028.6656,935.54344,74.729512,1102.7554,1020.0936,64.038268,0,0,0,0,0.76,-1.38,0,0
2025/07/02 06:24:00.135,n,20.694256,56.30326,760.6392,758.27048,1.830301,22.89281,22.71028,0.103172,368.68216,39.090428,-1.097694,-0.147133,22.304686,337.10644,418.99564,328.64118,967.832,929.50064,60.616004,1049.4814,1015.6428,52.83654,0,0,0,0,0.75,-1.35,0,0
2025/07/02 06:25:00.135,n,20.775704,56.450528,765.22752,763.84784,1.183216,23.175836,23.0233,0.114394,371.2702,39.2465,-1.097694,-0.145378,22.413662,337.74424,419.78924,331.07142,977.79288,910.9896,54.962716,1051.1208,991.71096,48.632292,0,0,0,0,0.76,-1.38,0,0
2025/07/02 06:26:00.137,n,20.8396,56.199024,769.92856,768.22952,1.581139,23.49424,23.387594,0.111146,373.95532,39.34474,-1.102127,-0.150291,22.49988,337.86588,419.858,333.65878,865.33384,912.10088,48.820076,974.3884,1002.3996,38.680744,0,0,0,0,0.76,-1.38,0,0
2025/07/02 06:27:00.138,n,20.895802,54.8061,775.33456,773.19016,1.581139,23.492702,23.32786,0.153888,376.57704,39.698544,-1.111176,-0.15416,22.587144,337.59492,420.02624,335.92152,999.92528,916.79208,71.908272,1071.2042,994.85864,65.479768,0,0,0,0,0.79,-1.37,0,0
2025/07/02 06:28:00.136,n,20.919056,55.635272,780.36296,777.79752,1.81659,23.5973,23.480654,0.081789,379.22448,39.951616,-1.110451,-0.151527,22.660694,338.0892,420.6916,338.31392,822.20456,886.42472,70.576912,916.45216,966.5616,57.335852,0,0,0,0,0.76,-1.42,0,0
2025/07/02 06:29:00.135,n,21.018276,55.532,785.50552,782.84232,1.688194,23.632678,23.48501,0.125,381.89764,40.192248,-1.115952,-0.152931,22.772522,338.2702,421.2238,340.74236,924.466,880.54544,49.8989,998.03968,953.28616,48.217216,0,0,0,0,0.76,-1.39,0,0
2025/07/02 06:30:07.026,n,21.060558,54.620236,789.62936,787.9692,1.897367,23.98492,23.802904,0.177466,385.01676,40.291736,-1.118446,-0.156273,22.866948,338.6096,421.48216,343.76284,851.93672,852.03424,48.3477,928.69688,929.3104,36.142772,0,0,0,0,0.77,-1.4,0,0
2025/07/02 06:31:00.136,n,21.146728,53.992208,795.36744,793.23568,1.843909,24.337166,24.11413,0.181815,387.31184,40.291116,-1.12397,-0.152237,22.939066,338.55612,422.265,346.049,825.49384,892.15464,47.930156,912.09384,972.13376,44.637428,0,0,0,0,0.76,-1.39,0,0
2025/07/02 06:32:00.135,n,21.208496,55.42038,800.574,798.14104,1.949359,24.05414,23.872122,0.166096,390.07236,40.644916,-1.125572,-0.152939,23.038788,339.00496,422.79012,348.45476,1073.5882,975.05856,95.11624,1156.7524,1050.6704,103.25986,0,0,0,0,0.76,-1.38,0,0
2025/07/02 06:33:00.140,n,21.300488,53.699512,805.41208,803.36568,1.802776,24.372544,24.236928,0.130728,392.7512,41.0267,-1.129997,-0.152061,23.120806,339.10584,423.35164,350.74656,985.23848,869.95712,78.296232,1074.2984,958.2996,76.944784,0,0,0,0,0.76,-1.41,0,0
2025/07/02 06:34:00.138,n,21.360646,53.67158,810.10392,807.9324,1.884144,24.407922,24.260002,0.123031,395.59052,41.224432,-1.127869,-0.152412,23.194726,339.72604,423.7566,353.39064,930.7544,829.55144,62.802072,1021.811,907.36304,68.308128,0,0,0,0,0.77,-1.39,0,0
2025/07/02 06:35:00.140,n,21.405872,53.150348,816.212,813.23056,2.085666,24.618654,24.512778,0.069527,398.26992,41.124944,-1.136757,-0.155045,23.286452,339.49872,424.06436,356.16328,942.76072,840.1716,78.387496,1016.234,928.41232,64.320288,0,0,0,0,0.77,-1.43,0,0
2025/07/02 06:36:00.141,n,21.495228,52.490092,820.76528,818.35208,1.717556,24.618654,24.452788,0.121634,401.22344,41.06836,-1.136757,-0.155571,23.37749,340.037,424.55588,359.17392,789.61824,880.708,88.57596,898.81216,968.83664,74.238128,0,0,0,0,0.77,-1.39,0,0
2025/07/02 06:37:00.135,n,21.53714,52.982228,825.77392,823.4836,1.746425,24.96936,24.81708,0.126938,403.59048,41.266712,-1.14032,-0.153999,23.45694,340.19868,425.1654,361.33744,783.72712,808.79048,62.934888,878.72672,890.91888,59.73776,0,0,0,0,0.76,-1.4,0,0
2025/07/02 06:38:00.136,n,21.608578,53.41802,830.14592,828.35208,1.702939,25.004738,24.863992,0.104816,406.22252,41.818244,-1.142265,-0.149086,23.536126,340.49928,426.0706,363.41108,804.5864,866.74944,71.030984,903.70536,944.05752,56.835728,0,0,0,0,0.76,-1.39,0,0
2025/07/02 06:39:00.136,n,21.678436,51.97418,835.14848,833.40968,1.596872,25.35852,25.199318,0.142693,409.10808,41.789644,-1.147965,-0.148735,23.606854,340.42524,426.52072,366.3192,944.3252,834.98696,74.190632,1013.913,914.17072,66.135468,0,0,0,0,0.77,-1.39,0,0
2025/07/02 06:40:00.135,n,21.83908,53.905864,840.18144,838.26392,1.67332,25.323144,25.240082,0.114607,412.01248,42.143444,-1.151169,-0.153992,23.703128,340.719,426.62484,368.87188,856.49712,843.88008,58.4457,936.7136,924.866,50.766128,0,0,0,0,0.77,-1.4,0,0
2025/07/02 06:41:00.137,n,21.919564,51.05842,844.91288,843.07888,1.414214,25.675386,25.527976,0.160717,414.46064,42.591136,-1.155785,-0.149788,23.757754,340.64388,427.32236,370.86348,922.31504,842.81152,67.994848,976.46408,912.79216,58.467084,0,0,0,0,0.76,-1.4,0,0
2025/07/02 06:42:00.137,n,21.984406,50.957784,849.0352,847.82632,1.224745,25.532336,25.42056,0.110706,416.9236,42.818092,-1.156494,-0.145393,23.842142,341.0836,428.21376,373.09444,800.3176,850.43848,68.926048,882.8616,926.89384,63.326932,0,0,0,0,0.76,-1.39,0,0
2025/07/02 06:43:00.138,n,22.120586,50.01496,855.46456,853.07632,1.643168,25.813824,25.702306,0.139579,419.9508,42.946184,-1.157387,-0.151192,23.921208,341.47636,428.16876,375.9984,934.20376,875.28344,62.29928,998.47152,945.6364,54.45732,0,0,0,0,0.76,-1.36,0,0
2025/07/02 06:44:00.140,n,22.090282,50.8626,860.15192,858.1364,1.549193,26.061472,25.931754,0.082384,422.41664,42.84794,-1.160088,-0.153831,23.984396,341.61868,428.31028,378.56244,891.4084,780.00552,83.573024,955.6756,850.7424,76.41204,0,0,0,0,0.76,-1.4,0,0
2025/07/02 06:45:00.143,n,22.161572,49.378172,865.2504,863.08344,1.341641,25.990716,25.908422,0.110706,424.8716,43.514504,-1.162216,-0.152954,24.060196,341.88572,428.83936,380.34788,785.94968,855.95432,46.545676,880.40624,933.34744,37.782272,0,0,0,0,0.75,-1.41,0,0
2025/07/02 06:46:00.136,n,22.180274,50.335688,871.03256,868.26808,2.097618,26.378338,26.272972,0.063276,427.35404,43.5829,-1.162705,-0.148918,24.133678,342.28104,429.63536,382.7574,897.6904,865.2856,97.560752,970.20312,924.68232,90.674688,0,0,0,0,0.76,-1.39,0,0
2025/07/02 06:47:00.135,n,22.272656,49.762144,875.28432,873.01376,1.67332,26.373722,26.110178,0.206581,430.3344,44.079716,-1.17231,-0.150848,24.204254,341.87092,429.88472,385.2332,808.82712,746.19808,42.224992,875.14208,822.80184,33.238534,0,0,0,0,0.76,-1.39,0,0
2025/07/02 06:48:00.137,n,22.322902,50.892024,880.96448,878.25272,1.974842,26.338344,26.309888,0.026146,432.94812,44.12262,-1.169098,-0.146812,24.282088,342.61292,430.70732,387.80324,714.91192,755.96144,53.27288,791.60208,827.798,43.252748,0,0,0,0,0.76,-1.39,0,0
2025/07/02 06:49:00.138,n,22.397754,50.541308,885.61832,883.21504,1.516575,26.62137,26.62137,0.107347,435.45564,44.348952,-1.172295,-0.149094,24.33172,342.6328,430.80116,390.08348,890.60624,795.79608,70.506384,935.01024,860.63792,58.353232,0,0,0,0,0.75,-1.4,0,0
2025/07/02 06:50:00.137,n,22.480374,48.790528,890.48368,888.1536,1.581139,26.550614,26.574202,0.072618,438.32752,44.391236,-1.174957,-0.150322,24.39034,342.75256,431.04216,392.91164,864.3428,784.70088,77.440952,932.63376,856.76888,61.297636,0,0,0,0,0.77,-1.38,0,0
2025/07/02 06:51:00.140,n,22.453694,49.300056,895.88368,893.72968,1.341641,27.042834,27.019502,0.029646,441.03776,44.491344,-1.178375,-0.149796,24.431056,342.7002,431.3322,395.51784,702.92136,722.27152,72.689064,796.91456,797.80736,64.075736,0,0,0,0,0.76,-1.41,0,0
2025/07/02 06:52:00.143,n,22.494172,49.237116,900.71104,898.20408,1.612452,26.832102,26.767756,0.106891,443.58012,44.491344,-1.171784,-0.148392,24.49177,343.63332,431.81972,398.06536,958.91416,910.62832,42.209004,1033.0316,977.86216,43.19838,0,0,0,0,0.76,-1.39,0,0
2025/07/02 06:53:00.143,n,22.586606,48.926744,905.97248,903.54912,1.549193,27.255102,27.143838,0.129225,446.48452,44.548548,-1.172684,-0.154541,24.545558,343.87724,431.59544,400.9178,762.04592,777.74192,60.93234,836.41,852.898,48.494332,0,0,0,0,0.76,-1.4,0,0
2025/07/02 06:54:00.149,n,22.602764,47.927576,910.4496,908.45224,2,27.324322,27.149226,0.113106,449.10344,45.01676,-1.184425,-0.147522,24.587024,343.10976,432.46704,403.04976,888.7864,731.19856,99.96524,942.39336,806.3164,88.69808,0,0,0,0,0.78,-1.37,0,0
2025/07/02 06:55:00.135,n,22.631542,48.28676,916.57752,913.93416,1.760682,27.501214,27.366364,0.085009,451.75716,45.143608,-1.179459,-0.139977,24.652646,343.93232,433.53004,405.57408,918.366,764.48112,99.41504,973.61992,843.41792,84.237168,0,0,0,0,0.76,-1.41,0,0
2025/07/02 06:56:00.135,n,22.798194,48.662248,920.80336,919.02008,1.760682,27.253564,27.206138,0.126938,454.5502,45.243096,-1.177498,-0.141907,24.7282,344.55468,433.8114,408.27152,859.05944,815.22776,65.886644,942.40384,897.42656,48.611728,0,0,0,0,0.77,-1.39,0,0
2025/07/02 06:57:00.141,n,22.854736,47.83798,925.35208,923.47592,1.48324,27.747322,27.529668,0.14724,457.3524,45.853076,-1.182655,-0.137169,24.817544,344.64424,434.76788,410.45384,835.06144,789.36152,69.058672,925.31832,867.87216,60.962284,0,0,0,0,0.76,-1.4,0,0
2025/07/02 06:58:00.137,n,22.945838,48.612588,929.40584,927.71096,1.378405,27.924214,27.793982,0.103645,459.48872,46.18014,-1.190842,-0.142082,24.874898,344.28044,434.67588,412.2598,720.92472,800.7236,86.244136,789.814,861.24296,71.558368,0,0,0,0,0.75,-1.41,0,0
2025/07/02 06:59:00.139,n,23.005848,47.958828,934.49064,932.47184,1.516575,27.958054,27.85192,0.092174,462.14072,46.293308,-1.188171,-0.138924,24.957814,345.00948,435.4544,414.79816,775.57016,756.47136,53.485048,848.16344,826.14072,47.323356,0,0,0,0,0.76,-1.4,0,0
2025/07/02 07:00:07.030,n,23.121032,48.038368,938.83376,937.14696,1.414214,28.310298,28.1634,0.116927,464.51632,47.299372,-1.191902,-0.138756,25.048144,345.22972,436.01228,416.1638,737.77088,807.4272,86.699768,812.45984,862.66464,73.945248,0,0,0,0,0.78,-1.41,0,0
2025/07/02 07:01:00.143,n,23.20934,47.191948,942.91184,941.7752,1.140176,28.521028,28.438994,0.069175,467.07324,47.000912,-1.19796,-0.141907,25.133872,345.22148,436.24824,419.01628,961.38272,867.42992,98.553032,1021.2436,913.48464,94.127048,0,0,0,0,0.77,-1.41,0,0
2025/07/02 07:02:00.145,n,23.25309,47.216852,947.14232,945.34944,1.264911,28.204162,28.156992,0.123823,469.5014,47.383936,-1.199028,-0.141205,25.207118,345.57004,436.75156,421.05964,677.36136,829.86592,110.73888,775.95472,908.1496,92.789544,0,0,0,0,0.78,-1.41,0,0
2025/07/02 07:03:00.148,n,23.352668,46.7655,951.93168,950.0644,1.414214,28.521028,28.415406,0.15468,472.0152,47.271392,-1.202248,-0.143494,25.311216,345.91888,437.17564,423.68504,742.42192,715.96152,57.702688,788.30384,781.74344,45.606468,0,0,0,0,0.76,-1.4,0,0
2025/07/02 07:04:00.136,n,23.433724,45.443328,955.32608,953.98624,1.183216,28.556408,28.503852,0.065551,474.4742,47.413164,-1.200462,-0.145073,25.405156,346.64,437.60204,426.0056,960.79368,853.63768,117.53724,1011.8236,890.86056,116.33788,0,0,0,0,0.79,-1.38,0,0
2025/07/02 07:05:00.135,n,23.453498,46.154688,960.01176,958.26584,1.264911,29.014788,28.879168,0.128087,476.70216,47.15574,-1.207207,-0.148758,25.494194,346.59428,437.81252,428.48796,853.6252,737.04496,81.245,889.54032,797.59296,64.63822,0,0,0,0,0.77,-1.4,0,0
2025/07/02 07:06:00.136,n,23.494076,45.783008,965.96456,962.87648,1.949359,28.484114,28.495138,0.067748,479.5732,47.283828,-1.21344,-0.145256,25.59232,346.64808,438.71652,431.2212,859.6792,812.46944,74.193664,943.60088,886.96328,63.966396,0,0,0,0,0.77,-1.41,0,0
2025/07/02 07:07:00.139,n,23.652768,47.989112,968.97824,967.1384,1.378405,28.871736,28.688692,0.146908,481.80976,47.255228,-1.215042,-0.149811,25.690446,347.10324,438.90576,433.48932,677.38624,726.31952,41.350936,760.18632,804.31048,36.06314,0,0,0,0,0.77,-1.41,0,0
2025/07/02 07:08:00.140,n,23.732064,47.667644,973.02136,971.45136,1.140176,29.082466,28.981974,0.074608,484.4286,47.439276,-1.220398,-0.146835,25.804894,347.33304,439.86312,435.91576,877.91696,816.29864,73.101304,942.074,877.47504,66.04544,0,0,0,0,0.77,-1.41,0,0
2025/07/02 07:09:00.145,n,23.821076,44.210272,977.52584,975.53832,1.549193,29.29166,28.974792,0.177328,486.62404,47.581048,-1.223953,-0.148415,25.899696,347.60012,440.29752,437.96744,781.25064,738.97136,60.003336,834.13016,794.91208,46.054316,0,0,0,0,0.78,-1.4,0,0
2025/07/02 07:10:00.146,n,23.730518,43.727748,982.47512,980.16312,1.67332,29.71466,29.385748,0.180602,489.12132,47.212944,-1.230003,-0.161224,25.957102,347.42508,439.50816,440.83956,827.58224,756.20456,75.50596,885.32112,816.80152,63.590488,0,0,0,0,0.78,-1.41,0,0
2025/07/02 07:11:00.148,n,23.736966,43.587416,987.96344,985.38272,1.81659,29.397794,29.25064,0.108253,491.31104,47.368392,-1.231255,-0.16246,26.045466,347.85344,439.93504,442.87384,870.83456,795.97624,66.102196,946.39016,872.64528,58.238304,0,0,0,0,0.75,-1.42,0,0
2025/07/02 07:12:00.150,n,23.747586,45.107556,992.18928,990.60176,1.949359,29.925392,29.59699,0.198382,494.29312,47.538764,-1.230362,-0.15667,26.105848,348.29744,440.81612,445.68068,828.21056,744.55832,95.73348,891.59032,824.13144,82.952392,0,0,0,0,0.78,-1.42,0,0
2025/07/02 07:13:00.136,n,23.898022,44.86786,997.83744,995.18496,1.974842,29.960772,29.707994,0.150195,496.78664,48.09154,-1.233566,-0.150352,26.185652,348.50548,441.86232,447.61192,793.81576,751.55344,75.029328,859.0276,819.42184,67.853888,0,0,0,0,0.76,-1.42,0,0
2025/07/02 07:14:00.137,n,23.957936,42.673132,1002.6086,1000.7644,1.67332,30.171502,30.101516,0.217182,499.23048,48.856348,-1.232498,-0.167023,26.221776,348.81776,440.60172,449.30864,620.0248,691.61984,65.246452,710.86448,765.77928,56.356012,0,0,0,0,0.77,-1.38,0,0
2025/07/02 07:15:00.141,n,23.925564,42.252332,1007.311,1005.3222,1.378405,30.382232,30.365056,0.105974,501.30432,47.75142,-1.225723,-0.160179,26.267516,349.68224,441.48796,452.4874,877.34072,798.72168,71.872456,956.02024,884.67824,65.445396,0,0,0,0,0.79,-1.41,0,0
2025/07/02 07:16:00.143,n,23.978828,43.637052,1012.6912,1010.3582,1.702939,30.769856,30.659362,0.116508,503.95576,48.373836,-1.235001,-0.151932,26.306226,349.11536,442.456,454.49884,569.96812,673.80728,89.4402,663.2478,760.96528,83.19796,0,0,0,0,0.76,-1.41,0,0
2025/07/02 07:17:00.144,n,24.03225,42.694764,1018.0654,1015.102,1.788854,30.451452,30.251742,0.144563,506.88044,48.628772,-1.243195,-0.161415,26.348728,348.66548,441.87276,457.16988,627.06532,603.53728,35.327752,733.6052,698.4768,38.173944,0,0,0,0,0.77,-1.42,0,0
2025/07/02 07:18:00.146,n,24.147042,43.070008,1022.2302,1020.2682,1.549193,30.626804,30.504006,0.105974,509.19324,48.827124,-1.235535,-0.149658,26.409314,349.69732,443.28612,459.28024,599.6742,702.03976,80.314072,707.1232,793.87064,71.803904,0,0,0,0,0.78,-1.41,0,0
2025/07/02 07:19:00.136,n,24.193504,42.347268,1027.3928,1025.0508,1.581139,30.97905,30.814978,0.121031,511.49088,49.520428,-1.234634,-0.148071,26.442694,349.97876,443.6306,460.88388,744.31872,718.26832,66.025376,829.69304,805.43112,59.794648,0,0,0,0,0.76,-1.42,0,0
2025/07/02 07:20:00.150,n,24.264648,42.333888,1032.613,1029.7912,1.870829,30.660644,30.596556,0.083853,514.2014,49.604992,-1.240868,-0.151054,26.509654,349.84804,443.77416,463.50664,805.73288,723.11904,81.484048,898.63528,811.6076,82.906272,0,0,0,0,0.75,-1.41,0,0
2025/07/02 07:21:00.137,n,24.232666,42.59792,1036.277,1034.2884,1.612452,31.085184,30.855742,0.168866,516.35832,49.945116,-1.243027,-0.160538,26.526592,349.76464,443.03532,465.33068,704.75392,675.67648,89.457256,800.41752,766.75784,85.006176,0,0,0,0,0.76,-1.42,0,0
2025/07/02 07:22:00.135,n,24.243996,43.324872,1040.821,1038.6026,1.643168,31.048268,30.884194,0.119814,518.68596,50.553852,-1.244804,-0.147728,26.58924,349.9934,444.55548,467.03504,636.90888,688.63088,83.369656,732.21976,776.4416,76.993504,0,0,0,0,0.77,-1.43,0,0
2025/07/02 07:23:00.135,n,24.414878,43.912452,1045.2572,1043.9138,1.264911,31.260538,31.148252,0.086715,521.82536,50.638416,-1.240181,-0.139313,26.695508,351.04272,445.9522,470.08608,693.28928,752.10016,89.747976,781.38136,830.924,79.827632,0,0,0,0,0.77,-1.43,0,0
2025/07/02 07:24:00.136,n,24.6054,42.046484,1049.5272,1047.7324,1.378405,31.434352,31.147738,0.147571,524.61872,51.190572,-1.248909,-0.145447,26.773984,350.7678,445.88756,472.32468,700.9624,748.48856,78.667656,781.74056,822.9224,66.666336,0,0,0,0,0.78,-1.42,0,0
2025/07/02 07:25:00.136,n,24.634308,41.536756,1053.925,1052.4648,1.224745,31.434352,31.46409,0.135857,526.31508,50.821224,-1.251366,-0.148254,26.835128,350.9294,446.01232,474.39076,685.75248,714.33792,78.078808,766.84504,793.95224,70.935888,0,0,0,0,0.77,-1.42,0,0
2025/07/02 07:26:00.135,n,24.54232,41.692416,1059.2214,1057.2182,1.702939,31.468194,31.310526,0.115244,529.2566,50.73604,-1.25119,-0.148438,26.912532,351.41884,446.47032,477.4178,670.69952,697.5788,59.291228,766.10968,785.27864,50.837488,0,0,0,0,0.77,-1.41,0,0
2025/07/02 07:27:00.135,n,24.5354,41.755076,1063.353,1061.8896,1.264911,31.751218,31.662774,0.065551,531.0868,50.66702,-1.248184,-0.137909,26.98833,352.14356,447.87004,479.30952,815.32456,711.40912,91.368208,889.99496,800.87152,76.535616,0,0,0,0,0.78,-1.42,0,0
2025/07/02 07:28:00.135,n,24.638726,42.173048,1067.9596,1066.0834,1.549193,31.646622,31.581762,0.098821,534.2108,51.260832,-1.260307,-0.139664,27.080484,351.66004,448.2794,481.82936,595.09816,642.90948,71.685072,698.56888,737.42112,60.096172,0,0,0,0,0.78,-1.42,0,0
2025/07/02 07:29:00.137,n,24.7527,41.396436,1074.4056,1071.344,2.167948,32.13884,31.932982,0.150195,536.38856,51.515148,-1.26207,-0.148262,27.138692,351.86504,447.87328,483.7596,660.56056,739.05808,72.206648,765.9492,826.5532,63.03134,0,0,0,0,0.77,-1.42,0,0
2025/07/02 07:30:07.036,n,24.89943,42.192724,1077.3158,1075.6298,1.48324,31.96195,31.873504,0.054127,539.05884,51.783764,-1.256195,-0.141068,27.242394,353.01044,449.1494,486.15992,761.53416,718.36232,62.741932,833.08072,805.324,49.195528,0,0,0,0,0.76,-1.41,0,0
2025/07/02 07:31:00.135,n,24.896256,40.028904,1082.5194,1079.918,1.702939,32.103462,32.06783,0.043075,541.1626,52.250732,-1.261894,-0.14212,27.332392,353.07096,449.6094,487.79208,555.5796,627.643,89.90996,649.22032,714.78128,78.7188,0,0,0,0,0.77,-1.41,0,0
2025/07/02 07:32:00.135,n,24.898858,40.01846,1086.7498,1084.9474,1.341641,32.558766,32.372386,0.105048,544.01564,51.697956,-1.274376,-0.164238,27.41085,352.4742,448.12808,491.20756,879.54056,843.35912,52.088388,983.568,925.15488,62.756672,0,0,0,0,0.78,-1.46,0,0
2025/07/02 07:33:00.135,n,24.89209,41.516456,1090.9482,1089.0764,1.516575,32.417252,32.317272,0.067748,546.04028,51.400736,-1.267593,-0.150375,27.505764,353.64568,449.944,493.52232,667.5288,724.31048,66.4797,762.71464,830.43832,64.679596,0,0,0,0,0.76,-1.41,0,0
2025/07/02 07:34:00.135,n,24.981018,41.365984,1096.3938,1094.1368,1.843909,32.769496,32.516464,0.163578,548.91216,51.528204,-1.27562,-0.15564,27.5907,353.47508,450.0002,496.26396,760.00248,669.6848,75.284792,849.74608,758.66912,64.303184,0,0,0,0,0.77,-1.42,0,0
2025/07/02 07:35:00.136,n,25.124474,41.612076,1100.1674,1098.8406,1.449138,32.6972,32.586452,0.08149,550.82808,52.206584,-1.283478,-0.153008,27.676294,353.32356,450.76224,497.491,612.37856,720.7984,80.847392,713.48544,800.84896,69.085456,0,0,0,0,0.77,-1.42,0,0
2025/07/02 07:36:00.135,n,25.159974,40.604656,1104.4832,1103.2862,1,32.803338,32.76796,0.032775,553.1526,52.09404,-1.282936,-0.156868,27.784,354.03576,451.08468,499.93244,717.69352,758.68792,86.020928,811.26768,842.46064,82.92104,0,0,0,0,0.76,-1.43,0,0
2025/07/02 07:37:00.135,n,25.205338,40.24292,1109.408,1107.3858,1.264911,33.19096,33.120972,0.188539,555.25952,52.43354,-1.292938,-0.167748,27.846344,353.55604,450.504,501.70076,673.62512,665.0088,65.179368,767.20712,755.37832,56.145792,0,0,0,0,0.77,-1.42,0,0
2025/07/02 07:38:00.137,n,25.281022,41.289112,1114.7272,1112.766,1.341641,33.155582,33.02612,0.137642,557.69708,52.192904,-1.297401,-0.160904,27.924942,353.65632,451.59816,504.36768,631.64256,713.90088,81.134456,732.85024,792.91488,68.20924,0,0,0,0,0.76,-1.42,0,0
2025/07/02 07:39:00.138,n,25.496398,41.166796,1118.3274,1116.8064,1.048809,33.366314,33.207882,0.090571,559.60584,52.532404,-1.292229,-0.156166,28.03001,354.75432,452.66944,505.93736,682.48832,692.2048,65.810332,763.462,772.89408,58.009484,0,0,0,0,0.76,-1.41,0,0
2025/07/02 07:40:00.135,n,25.517616,40.181708,1123.6908,1121.1588,1.581139,33.541664,33.547302,0.105974,561.70704,52.220264,-1.290588,-0.168793,28.049832,355.01912,451.67096,508.36496,611.21288,636.75756,41.927912,699.02408,725.12344,39.116492,0,0,0,0,0.77,-1.42,0,0
2025/07/02 07:41:00.136,n,25.61293,39.075164,1125.9688,1125.3856,0.774597,33.506286,33.424252,0.100778,564.69832,51.881384,-1.289345,-0.177574,28.131546,355.6334,451.3978,511.70512,641.90596,695.86408,75.222008,744.07456,775.31448,66.46766,0,0,0,0,0.78,-1.43,0,0
2025/07/02 07:42:00.136,n,25.572784,38.561032,1132.077,1130.3112,1.303841,33.963128,33.752652,0.207995,566.77148,51.936724,-1.298615,-0.169334,28.186598,355.17284,452.47092,513.70552,608.09392,688.70672,88.787664,730.1112,790.43936,77.769208,0,0,0,0,0.76,-1.43,0,0
2025/07/02 07:43:00.135,n,25.626152,39.285108,1135.8094,1133.9962,1.870829,33.74932,33.609344,0.102221,568.72768,52.615728,-1.293259,-0.162666,28.25127,356.0378,453.46472,514.98132,768.59328,694.87816,77.9378,861.23664,790.8364,68.991304,0,0,0,0,0.8,-1.4,0,0
2025/07/02 07:44:00.135,n,25.73854,39.88838,1141.6616,1138.891,2.024846,34.067728,33.873656,0.129603,571.84624,52.5436,-1.295219,-0.163361,28.29802,356.1584,453.69328,518.17076,581.65528,632.377,85.456424,688.8592,733.32736,73.892832,0,0,0,0,0.78,-1.44,0,0
2025/07/02 07:45:00.136,n,25.658776,38.65376,1145.315,1143.301,1.303841,33.890836,33.778804,0.102221,573.16908,52.898644,-1.301132,-0.173027,28.343394,355.92888,453.11684,519.14232,781.51072,676.98856,79.153648,884.00064,782.09016,68.643648,0,0,0,0,0.76,-1.42,0,0
2025/07/02 07:46:00.135,n,25.784798,38.926024,1150.191,1148.5758,1.378405,33.889296,33.866476,0.049411,576.52092,52.700292,-1.299347,-0.164078,28.393214,356.3932,454.22144,522.68532,820.3804,654.01056,107.396,902.31672,758.04008,96.979376,0,0,0,0,0.77,-1.41,0,0
2025/07/02 07:47:00.137,n,25.880058,38.324072,1153.8824,1152.7166,1.140176,34.170784,34.136172,0.073951,578.76032,52.997508,-1.301315,-0.161789,28.450402,356.5786,454.78044,524.62328,575.10644,627.144,63.89562,677.1512,722.96224,54.654828,0,0,0,0,0.76,-1.42,0,0
2025/07/02 07:48:00.140,n,25.76126,38.204072,1160.1686,1157.6886,1.760682,34.487648,34.370488,0.104115,580.74736,52.8974,-1.300766,-0.16021,28.511054,357.0036,455.29816,526.7094,612.40528,670.03468,95.090488,741.27768,782.86288,90.805568,0,0,0,0,0.77,-1.41,0,0
2025/07/02 07:49:00.135,n,25.79818,38.190468,1163.6818,1162.0206,1.449138,34.907572,34.404076,0.303463,583.66292,53.816412,-1.309143,-0.171967,28.545764,356.4952,454.47028,528.70936,724.62472,646.32904,102.7913,819.90168,751.90336,98.092808,0,0,0,0,0.75,-1.45,0,0
2025/07/02 07:50:00.136,n,25.862786,36.924356,1168.3448,1166.7704,1.414214,34.944492,34.674024,0.157495,585.30328,54.593036,-1.31646,-0.181976,28.52885,355.75676,453.4758,529.5758,549.52576,555.657,37.434944,664.4984,668.81764,31.726172,0,0,0,0,0.77,-1.4,0,0
2025/07/02 07:51:00.135,n,25.895012,37.585096,1171.7362,1171.1816,1.048809,34.80298,34.908344,0.129225,586.32744,54.014144,-1.303078,-0.166702,28.56801,357.15844,455.07632,531.17688,543.76064,533.30024,35.085256,657.09364,654.54692,28.245354,0,0,0,0,0.76,-1.43,0,0
2025/07/02 07:52:00.135,n,25.96283,37.474256,1179.5392,1176.3898,2.44949,35.155224,35.178812,0.137287,591.1192,54.451888,-1.311462,-0.175476,28.584926,356.53844,454.40248,535.53132,715.78744,599.46356,71.375416,818.72104,712.3816,64.953056,0,0,0,0,0.78,-1.43,0,0
2025/07/02 07:53:00.135,n,25.81839,37.06952,1182.8712,1181.2526,1.702939,35.401332,35.483624,0.185931,592.55232,53.94326,-1.307205,-0.177765,28.564414,356.77896,454.07144,537.4796,597.7494,652.51032,85.354552,730.3104,766.4744,75.028328,0,0,0,0,0.76,-1.44,0,0
2025/07/02 07:54:00.136,n,25.799004,38.561168,1187.097,1185.6432,1.67332,34.976792,34.80144,0.156874,595.65804,54.25416,-1.304001,-0.151802,28.642734,357.54412,456.86516,540.25164,605.349,637.90804,86.395888,731.6248,757.66728,70.713152,0,0,0,0,0.76,-1.4,0,0
2025/07/02 07:55:00.141,n,26.037926,36.702576,1191.7416,1190.2314,1.549193,34.976792,34.977816,0.098326,597.90028,54.31074,-1.311676,-0.165482,28.687162,357.15724,455.92736,542.44336,520.41884,602.8106,67.05744,656.45588,714.08936,52.78352,0,0,0,0,0.78,-1.46,0,0
2025/07/02 07:56:00.140,n,25.935448,36.63978,1196.4806,1194.619,1.48324,35.576684,35.440812,0.182752,600.01008,54.381004,-1.311279,-0.166534,28.672736,357.10156,455.74388,544.48436,661.00916,671.7852,87.651016,784.78696,793.31584,72.195568,0,0,0,0,0.76,-1.4,0,0
2025/07/02 07:57:00.141,n,25.88218,37.406916,1200.6136,1199.1948,1.612452,35.504392,35.28776,0.184878,602.93188,54.564436,-1.315918,-0.160393,28.729892,357.05676,456.6458,547.21192,727.55448,608.02864,78.358472,846.35792,733.79184,70.774992,0,0,0,0,0.8,-1.43,0,0
2025/07/02 07:58:00.135,n,25.85469,37.361556,1205.7594,1204.4968,1.843909,35.7505,35.64488,0.095811,605.09736,54.804448,-1.303787,-0.157936,28.742618,358.18556,456.9434,549.14708,676.88168,648.17536,71.702856,809.3096,775.48216,66.935416,0,0,0,0,0.76,-1.44,0,0
2025/07/02 07:59:00.135,n,25.986084,38.19428,1210.0096,1208.7474,1,36.067368,35.908932,0.101262,607.86784,55.03078,-1.307205,-0.147774,28.792024,358.19832,458.15432,551.67768,759.27032,680.31424,78.958216,874.90824,804.24608,66.974252,0,0,0,0,0.78,-1.44,0,0
2025/07/02 08:00:07.039,n,26.13765,37.528264,1213.8334,1212.8388,0.774597,35.996608,35.785368,0.13835,610.93188,56.45718,-1.311134,-0.157593,28.858702,358.27488,457.69872,553.32116,522.52772,599.09008,83.77828,653.73976,724.5012,70.5312,0,0,0,0,0.76,-1.43,0,0
2025/07/02 08:01:00.135,n,26.237694,37.540032,1217.8218,1216.6194,1.414214,35.996608,36.008144,0.121031,612.54316,56.160584,-1.307205,-0.143906,28.909418,358.93172,459.23124,555.21928,759.89584,652.4522,100.48582,849.83056,755.35848,91.057672,0,0,0,0,0.77,-1.42,0,0
2025/07/02 08:02:00.445,n,26.316032,36.479676,1223.5292,1221.6216,1.843909,36.2781,36.12556,0.13295,615.54408,56.314788,-1.30809,-0.153915,28.972632,359.25032,458.73744,558.07508,570.30848,722.61136,86.899368,696.8452,838.24936,79.043656,0,0,0,0,0.76,-1.43,0,0
2025/07/02 08:03:00.137,n,26.219352,35.76112,1226.5338,1224.4418,1.48324,35.995072,36.141456,0.247251,615.99572,55.763876,-1.332008,-0.169701,28.976884,357.20804,457.36232,559.06952,549.41148,652.04296,102.77136,687.00304,774.65256,81.663024,0,0,0,0,0.78,-1.42,0,0
2025/07/02 08:04:00.143,n,26.14669,36.528604,1230.6104,1229.7028,0.774597,36.487288,36.182732,0.161777,617.71924,55.82046,-1.323792,-0.169525,29.00859,358.11696,457.576,560.74452,519.58776,586.82976,73.830208,653.62024,718.33456,64.097192,0,0,0,0,0.75,-1.47,0,0
2025/07/02 08:05:00.142,n,26.225746,36.289244,1236.1626,1233.486,2.097618,36.522668,36.422944,0.116089,620.7932,55.425,-1.317185,-0.157944,29.039216,358.88024,458.79628,564.209,469.05896,535.32372,68.01324,607.7472,669.33912,57.280888,0,0,0,0,0.76,-1.42,0,0
2025/07/02 08:06:00.144,n,26.30117,36.826284,1239.0698,1238.4942,1.414214,36.591888,36.615728,0.054127,622.95728,56.370752,-1.324486,-0.14357,29.065948,358.416,460.24016,565.40564,817.15128,778.13608,41.825828,947.91952,897.3724,50.524252,0,0,0,0,0.77,-1.42,0,0
2025/07/02 08:07:00.135,n,26.4768,35.433116,1247.0342,1244.26,1.897367,36.627264,36.450884,0.165064,626.46784,57.3165,-1.319847,-0.137085,29.129328,359.21416,461.213,567.96856,635.37804,723.56248,88.408992,776.09272,838.55928,76.634192,0,0,0,0,0.76,-1.42,0,0
2025/07/02 08:08:00.136,n,26.508774,35.62904,1246.7798,1247.5078,0.774597,36.837996,36.819792,0.106891,627.70392,57.923376,-1.321991,-0.153564,29.144022,359.12072,459.84148,568.61212,489.01136,553.04884,68.749,631.26312,679.20616,54.19548,0,0,0,0,0.77,-1.44,0,0
2025/07/02 08:09:00.135,n,26.505546,35.279136,1253.3098,1251.048,1.341641,36.962588,36.946692,0.209631,629.26436,57.344484,-1.319847,-0.162155,29.15351,359.36564,459.138,570.7622,677.17856,624.40912,43.819516,807.53936,747.65016,43.452848,0,0,0,0,0.79,-1.43,0,0
2025/07/02 08:10:00.137,n,26.523324,36.30062,1259.8038,1255.438,2.48998,37.031808,37.026164,0.050389,632.00172,57.161052,-1.312172,-0.144615,29.209496,360.38056,461.04672,573.67304,786.99392,676.41784,113.8802,897.178,797.31304,97.032984,0,0,0,0,0.78,-1.44,0,0
2025/07/02 08:11:00.137,n,26.71331,36.347836,1261.9984,1260.96,1.549193,37.17332,37.202544,0.08149,634.58576,57.711964,-1.311813,-0.133919,29.248536,360.65632,462.2414,575.69588,521.56136,648.16644,106.00662,659.75176,774.67008,90.969496,0,0,0,0,0.77,-1.43,0,0
2025/07/02 08:12:00.144,n,26.694526,35.39948,1265.8474,1264.3208,1.341641,37.313296,37.178704,0.125,636.38032,58.106804,-1.322014,-0.129715,29.340124,360.34856,463.18936,577.08116,650.138,651.28308,114.3427,773.80984,771.40504,103.4089,0,0,0,0,0.77,-1.42,0,0
2025/07/02 08:13:00.142,n,26.847404,36.223404,1269.7092,1266.9864,1.897367,36.962588,36.927212,0.085582,638.40728,57.937676,-1.319336,-0.133049,29.39919,360.9512,463.26428,579.28332,519.95032,619.28728,77.061664,650.2392,735.23704,62.424356,0,0,0,0,0.77,-1.45,0,0
2025/07/02 08:14:00.144,n,26.765328,34.991908,1275.3932,1273.2394,1.341641,37.210236,37.227412,0.091643,640.94964,58.162764,-1.338265,-0.153214,29.45613,359.67156,461.83124,581.6018,706.54648,699.94216,54.800092,839.30024,825.1812,47.622996,0,0,0,0,0.76,-1.43,0,0
2025/07/02 08:15:00.145,n,26.69207,36.30052,1277.7726,1276.3346,1.095445,37.491724,37.409176,0.103645,642.20172,58.190124,-1.31842,-0.13533,29.52747,361.83652,463.8678,582.82848,642.39952,650.23236,87.990056,762.77192,774.66984,77.968904,0,0,0,0,0.76,-1.43,0,0
2025/07/02 08:16:00.135,n,26.873954,34.535676,1282.4736,1280.508,1.897367,37.6317,37.537356,0.134048,644.85456,58.711812,-1.306107,-0.151466,29.548578,363.03456,462.5676,584.98816,822.79672,774.06064,34.939948,940.806,889.39872,33.438004,0,0,0,0,0.8,-1.46,0,0
2025/07/02 08:17:00.135,n,26.740364,34.0679,1286.7848,1284.4816,1.788854,37.843972,37.896272,0.236346,646.62512,57.921508,-1.312355,-0.163391,29.565396,362.59984,461.61432,587.55464,821.88408,710.4404,85.225872,947.3836,844.31704,73.286424,0,0,0,0,0.77,-1.46,0,0
2025/07/02 08:18:00.137,n,26.75856,34.306284,1291.8246,1290.0754,2.236068,38.160836,37.99574,0.131844,648.87056,57.68274,-1.331474,-0.148834,29.624992,361.321,463.28224,590.00512,613.2298,622.75232,97.417144,759.38504,761.60928,84.024992,0,0,0,0,0.77,-1.42,0,0
2025/07/02 08:19:00.139,n,26.748894,35.125472,1294.8352,1293.7124,1.549193,38.160836,38.032908,0.226212,650.83728,58.556984,-1.337898,-0.16111,29.60817,360.65944,462.08616,591.10352,740.49736,669.46888,77.774032,857.25256,798.47392,70.821608,0,0,0,0,0.74,-1.4,0,0
2025/07/02 08:20:00.139,n,26.710266,35.13558,1298.9028,1297.9704,0.447214,38.197752,38.209032,0.176223,652.97472,58.288992,-1.324692,-0.141472,29.642892,362.02028,464.04864,593.50252,496.03256,622.58136,101.7084,647.12464,762.99416,85.549688,0,0,0,0,0.78,-1.42,0,0
2025/07/02 08:21:00.141,n,26.792824,34.977652,1305.345,1302.6796,2.144761,38.374644,38.315168,0.116927,655.34808,59.286972,-1.327866,-0.136917,29.703862,362.1298,464.8372,594.87012,577.367,597.03088,75.961176,723.13192,737.99312,66.562752,0,0,0,0,0.74,-1.43,0,0
2025/07/02 08:22:00.144,n,26.90091,33.822596,1310.0736,1308.1386,1.67332,38.443864,38.437708,0.145237,658.17736,59.484704,-1.349312,-0.167961,29.773734,360.71496,462.52056,597.51136,719.1764,573.76752,89.95624,829.07616,706.53728,77.745096,0,0,0,0,0.77,-1.44,0,0
2025/07/02 08:23:00.148,n,26.725472,34.86952,1313.3218,1311.7478,1.414214,38.477704,38.361056,0.08615,659.30064,58.903944,-1.346458,-0.164978,29.827406,361.30016,463.1238,599.21528,720.85728,646.16536,92.039664,860.78696,779.9672,85.129312,0,0,0,0,0.76,-1.43,0,0
2025/07/02 08:24:00.148,n,26.84945,35.055704,1317.629,1315.9084,1.414214,38.477704,38.484372,0.059293,662.6776,59.286352,-1.332344,-0.127808,29.935804,363.20528,467.10912,602.18672,539.74892,593.54712,82.53272,680.41288,727.03544,71.857848,0,0,0,0,0.77,-1.43,0,0
2025/07/02 08:25:00.135,n,27.019402,34.541876,1321.1758,1320.0146,0.894427,38.93762,38.70202,0.178973,665.76368,60.434184,-1.348045,-0.144623,30.012682,362.33276,466.10148,604.12608,656.9706,766.80008,67.648728,799.42952,886.89816,61.57272,0,0,0,0,0.76,-1.43,0,0
2025/07/02 08:26:00.136,n,27.230004,34.261604,1326.37,1324.3414,1.341641,39.116052,38.857636,0.168866,667.80316,60.066084,-1.352333,-0.151993,30.07261,362.34056,465.82564,606.53668,796.51792,669.9388,98.68612,910.87616,792.59816,89.637048,0,0,0,0,0.78,-1.44,0,0
2025/07/02 08:27:00.137,n,27.194602,33.553158,1329.1212,1328.868,1.612452,39.363696,39.116052,0.175668,668.83452,59.471644,-1.361618,-0.165672,30.109368,361.76992,464.84336,608.16692,552.67656,595.94256,74.752592,693.5656,731.0656,64.721328,0,0,0,0,0.78,-1.46,0,0
2025/07/02 08:28:00.138,n,27.165696,33.439778,1334.713,1332.9966,2,39.151428,39.1868,0.039528,670.87324,59.528228,-1.363586,-0.163383,30.193516,362.13212,465.57904,610.14484,578.61164,683.96264,63.712244,731.7204,811.54936,53.548112,0,0,0,0,0.78,-1.43,0,0
2025/07/02 08:29:00.141,n,26.952148,33.729368,1337.5538,1337.3854,1.095445,39.363696,39.375232,0.115244,672.4248,58.414592,-1.35038,-0.165497,30.218296,363.4314,465.5482,612.82532,530.471,629.47896,97.047928,684.446,770.96048,81.236696,0,0,0,0,0.77,-1.44,0,0
2025/07/02 08:30:07.359,n,27.01001,34.587568,1341.3198,1339.1228,1.341641,39.25756,39.175016,0.048412,674.01432,58.948092,-1.361282,-0.149185,30.270798,362.82072,467.32932,613.85412,542.9782,625.31556,97.440496,685.70312,757.43808,79.116048,0,0,0,0,0.77,-1.45,0,0
2025/07/02 08:31:00.145,n,27.33628,34.173948,1346.3854,1344.7342,1.949359,39.609808,39.409588,0.118585,677.2588,59.868352,-1.366104,-0.143753,30.34533,362.87612,468.28424,616.16808,661.50212,633.35016,60.928648,790.6572,766.55936,49.015304,0,0,0,0,0.76,-1.43,0,0
2025/07/02 08:32:00.148,n,27.41021,33.180878,1348.538,1348.2378,1.183216,39.645184,39.680308,0.098821,677.2816,61.156088,-1.358421,-0.157608,30.39734,363.87052,467.38356,614.92476,720.9816,642.20124,101.17016,827.96144,764.90896,85.445896,0,0,0,0,0.78,-1.42,0,0
2025/07/02 08:33:00.151,n,27.559524,32.740058,1351.1328,1351.6596,1.949359,39.820536,39.827204,0.036976,680.6132,60.349,-1.361107,-0.145157,30.445918,363.94648,468.79764,619.04828,499.0656,521.67688,35.145768,631.49708,657.91204,35.644072,0,0,0,0,0.77,-1.46,0,0
2025/07/02 08:34:00.136,n,27.533776,32.928218,1362.4142,1357.6812,2.645751,40.103564,40.027676,0.109152,683.33768,60.081004,-1.355919,-0.133591,30.514952,364.83352,470.26308,622.03444,707.41472,727.32,95.402832,833.4072,847.27072,90.208088,0,0,0,0,0.77,-1.43,0,0
2025/07/02 08:35:00.138,n,27.563294,32.500328,1361.125,1361.6144,0.447214,39.857452,39.922312,0.129603,683.854,60.998776,-1.361443,-0.154984,30.543858,364.53924,468.54672,621.64876,521.71924,626.7282,72.729296,654.33428,746.52256,61.360004,0,0,0,0,0.77,-1.47,0,0
2025/07/02 08:36:00.142,n,27.593812,31.380112,1365.4658,1363.8512,1.183216,39.891292,39.773364,0.076547,686.63016,61.465744,-1.386643,-0.16761,30.621996,362.856,467.92204,623.94536,704.58672,656.36152,103.7591,834.42936,786.05184,94.245424,0,0,0,0,0.78,-1.44,0,0
2025/07/02 08:37:00.143,n,27.418816,32.80238,1369.378,1367.1382,1.612452,40.102024,39.961276,0.085009,688.35392,60.37636,-1.367516,-0.146744,30.669496,364.81256,470.07716,626.75684,560.66096,595.75408,78.052544,693.1256,728.49032,66.872268,0,0,0,0,0.76,-1.41,0,0
2025/07/02 08:38:00.147,n,27.601868,31.844614,1373.035,1371.2594,1.414214,40.20816,40.225848,0.091643,689.91664,61.140544,-1.37413,-0.149017,30.722264,364.57604,470.21096,627.55092,764.46272,652.98524,86.82828,886.25208,784.48832,73.371656,0,0,0,0,0.78,-1.43,0,0
2025/07/02 08:39:00.145,n,27.748878,32.146724,1375.4304,1375.6826,1.612452,40.491188,40.349672,0.149217,692.8256,61.168524,-1.375725,-0.152176,30.764722,364.70828,470.20064,630.43352,739.18392,707.342,50.7681,853.3004,835.04256,41.3092,0,0,0,0,0.79,-1.43,0,0
2025/07/02 08:40:00.150,n,27.76812,31.266062,1380.673,1379.2084,0.774597,40.772676,40.50862,0.317461,694.36264,61.253088,-1.391998,-0.171646,30.781616,363.40828,468.57916,631.88908,541.46924,613.08244,79.881168,691.88528,750.11032,67.288936,0,0,0,0,0.8,-1.47,0,0
2025/07/02 08:41:00.151,n,27.68789,30.635934,1385.9586,1383.3528,1.67332,40.984944,40.702432,0.196652,695.28408,61.36688,-1.400223,-0.182701,30.799492,362.81068,467.71124,632.69964,626.14696,639.48604,90.83804,757.4888,776.01584,76.209904,0,0,0,0,0.74,-1.42,0,0
2025/07/02 08:42:00.135,n,27.541802,31.20156,1387.971,1386.1784,2.19089,40.737296,40.773188,0.100778,696.70568,61.197128,-1.378227,-0.169365,30.836452,364.94876,469.131,634.29968,523.0254,615.74928,105.94126,678.75584,756.28296,85.673504,0,0,0,0,0.76,-1.44,0,0
2025/07/02 08:43:00.137,n,27.601066,30.70903,1394.076,1391.6138,2.645751,41.02032,40.867016,0.07526,700.38672,61.295992,-1.395035,-0.16217,30.902974,363.91884,470.19396,637.85784,547.22072,621.90388,94.795304,696.74168,765.77072,76.944784,0,0,0,0,0.77,-1.44,0,0
2025/07/02 08:44:00.139,n,27.509614,30.81777,1396.8834,1394.9426,1.48324,40.774212,40.809336,0.185405,700.67032,61.437764,-1.393608,-0.182526,30.91453,364.1158,468.45972,638.02148,714.25248,609.36052,89.18604,839.85488,740.11064,79.633848,0,0,0,0,0.77,-1.43,0,0
2025/07/02 08:45:00.143,n,27.552926,31.327096,1399.7524,1398.7286,0.774597,40.844972,40.809844,0.073951,702.96168,61.026756,-1.387352,-0.153397,30.96724,364.99328,471.38304,640.701,790.7656,756.96048,36.355196,914.08048,880.60552,36.063832,0,0,0,0,0.76,-1.43,0,0
2025/07/02 08:46:00.135,n,27.804588,31.805792,1404.196,1402.232,1.48324,41.05724,41.091848,0.097828,705.0712,61.113808,-1.371811,-0.148674,30.98076,366.42396,471.88872,642.7342,707.126,616.3852,96.48808,833.74704,744.94712,85.620384,0,0,0,0,0.75,-1.43,0,0
2025/07/02 08:47:00.135,n,27.698684,31.76175,1407.8434,1406.5524,1.414214,41.867864,41.403844,0.28367,706.72464,61.99054,-1.387543,-0.178497,30.98076,365.06304,469.24008,643.52516,758.26304,611.66292,80.994448,872.01416,744.09856,70.004648,0,0,0,0,0.77,-1.5,0,0
2025/07/02 08:48:00.135,n,27.819046,31.692266,1414.1996,1410.859,2.19089,41.232592,41.215672,0.157495,708.78192,61.071524,-1.375923,-0.158318,31.021816,366.33012,471.29416,646.4928,649.9456,752.42728,77.635688,796.15528,881.48664,69.955704,0,0,0,0,0.76,-1.44,0,0
2025/07/02 08:49:00.135,n,27.708152,31.484654,1418.3806,1415.4986,1.843909,41.586372,41.462804,0.099805,710.29352,61.705756,-1.395737,-0.158844,31.056682,364.83864,471.46992,647.35084,572.00812,653.8622,100.74896,714.40968,791.97128,88.562128,0,0,0,0,0.79,-1.44,0,0
2025/07/02 08:50:00.136,n,27.632668,31.245444,1419.9408,1418.5422,1.341641,41.44332,41.40846,0.184349,712.7328,60.77182,-1.386078,-0.185158,31.040868,365.57324,469.03208,650.76,721.82016,552.24092,87.874344,835.6836,688.44288,76.750576,0,0,0,0,0.75,-1.43,0,0
2025/07/02 08:51:00.138,n,27.602196,31.771128,1423.8978,1423.0342,1.788854,41.584836,41.496648,0.089486,713.86664,60.43232,-1.381607,-0.157265,31.07037,366.14844,471.69768,652.21004,739.58528,592.34844,108.54078,855.9912,728.46216,91.361096,0,0,0,0,0.76,-1.44,0,0
2025/07/02 08:52:00.135,n,27.882142,31.669738,1429.1706,1426.6972,1.67332,41.866324,41.766856,0.202523,716.77616,61.550932,-1.378586,-0.143242,31.053704,366.30336,472.8366,653.98992,667.054,627.02112,73.50272,786.04056,755.81448,64.018356,0,0,0,0,0.76,-1.46,0,0
2025/07/02 08:53:00.135,n,27.978722,31.39845,1431.8568,1430.8056,1.183216,41.620212,41.632008,0.113537,719.2988,62.569432,-1.381271,-0.136757,31.098984,366.36008,473.70156,655.48488,755.66808,673.63016,84.965,884.61488,802.31208,73.678696,0,0,0,0,0.78,-1.43,0,0
2025/07/02 08:54:00.135,n,27.684876,31.218616,1434.0504,1432.875,1.095445,41.830944,41.725832,0.117759,720.29368,62.73856,-1.395752,-0.156044,31.141086,365.37652,472.25776,656.31536,755.39808,631.87676,91.92796,873.236,762.7852,80.244936,0,0,0,0,0.76,-1.46,0,0
2025/07/02 08:55:00.135,n,27.691338,32.196328,1437.4038,1436.48,1,42.149348,42.019888,0.191621,720.992,62.343096,-1.379677,-0.166389,31.153658,366.8474,471.41932,657.4356,701.73648,618.15596,83.380152,829.53136,750.82416,71.877328,0,0,0,0,0.75,-1.47,0,0
2025/07/02 08:56:00.135,n,27.850082,30.853748,1442.5266,1440.3764,2.529822,42.007836,41.885548,0.09375,723.49864,62.71058,-1.383789,-0.157448,31.194716,366.75408,472.4758,659.56176,558.82704,613.35772,97.577656,708.60576,748.14192,86.196,0,0,0,0,0.74,-1.45,0,0
2025/07/02 08:57:00.135,n,27.792466,31.61737,1443.9352,1443.8522,1.341641,42.290864,42.043984,0.139054,726.1944,63.276412,-1.377892,-0.129578,31.250538,367.6214,475.30812,661.66968,718.33384,639.24736,99.786776,835.75808,771.78192,86.89448,0,0,0,0,0.75,-1.43,0,0
2025/07/02 08:58:00.136,n,28.009506,31.608826,1449.8804,1447.2734,2.48998,42.220108,42.18524,0.057622,729.26952,63.827324,-1.363945,-0.108032,31.329382,369.33224,477.726,664.18628,564.56336,622.195,97.690328,711.34408,756.43336,84.009816,0,0,0,0,0.77,-1.45,0,0
2025/07/02 08:59:00.138,n,28.220246,31.59701,1453.8048,1451.5128,1.732051,42.855376,42.561584,0.226643,730.87536,65.212068,-1.381462,-0.135361,31.349416,367.94532,475.42732,664.41724,706.53112,648.14812,82.378088,835.33528,779.0252,72.611984,0,0,0,0,0.77,-1.46,0,0
2025/07/02 09:00:07.034,n,28.45028,30.974354,1455.53,1455.509,2.366432,42.678484,42.526208,0.109152,734.32992,65.50804,-1.392731,-0.13623,31.427278,367.46924,475.8488,667.56544,743.97648,642.58156,89.565624,859.94072,768.90128,78.510824,0,0,0,0,0.81,-1.39,0,0
2025/07/02 09:01:00.138,n,28.43319,30.970426,1459.1688,1458.3012,1.183216,43.066108,42.743348,0.182752,734.64352,64.51876,-1.387512,-0.157974,31.426262,367.9142,473.91124,668.8952,525.79432,617.90924,71.267104,683.24832,756.186,58.326668,0,0,0,0,0.78,-1.43,0,0
2025/07/02 09:02:00.134,n,28.30291,31.338736,1463.78,1463.2734,3.03315,42.82,42.872044,0.246063,736.13224,63.924944,-1.386803,-0.13501,31.472466,368.27172,476.24688,670.95556,645.38148,614.1944,90.631952,780.38752,736.64792,85.02412,0,0,0,0,0.77,-1.44,0,0
2025/07/02 09:03:00.135,n,28.405892,31.96984,1467.4768,1465.9102,2.569047,42.78308,42.754884,0.039528,738.73488,64.575348,-1.378227,-0.116264,31.538738,369.43844,478.33656,672.89752,742.51672,571.37328,106.0303,849.29328,699.6872,89.959432,0,0,0,0,0.77,-1.44,0,0
2025/07/02 09:04:00.137,n,28.461524,30.305552,1470.983,1471.1084,1.264911,43.066108,43.006884,0.116089,740.65648,65.181596,-1.397499,-0.140968,31.583662,368.0596,476.43084,674.2184,647.10704,626.93036,70.469848,758.574,755.01808,64.857924,0,0,0,0,0.79,-1.42,0,0
2025/07/02 09:05:00.136,n,28.532226,30.830892,1474.3348,1473.1832,1.095445,43.172244,42.843076,0.235932,741.5676,65.520476,-1.396782,-0.138863,31.66248,368.62776,477.12396,674.78928,792.63504,678.89224,96.68816,907.8672,796.29168,89.281864,0,0,0,0,0.76,-1.44,0,0
2025/07/02 09:06:00.136,n,28.575638,29.385532,1475.8994,1475.7116,0,43.136864,43.24864,0.393055,742.1752,65.337044,-1.413414,-0.165504,31.61621,366.89192,474.4608,675.59032,840.87288,799.97896,28.656588,978.03464,925.16584,38.734996,0,0,0,0,0.75,-1.48,0,0
2025/07/02 09:07:00.135,n,28.461524,30.575962,1481.1198,1478.942,1.843909,43.278376,43.21916,0.071261,744.45632,64.91298,-1.402504,-0.140083,31.670864,368.18664,477.06944,678.28088,534.88508,671.66392,83.787232,680.8032,799.47848,70.552456,0,0,0,0,0.76,-1.44,0,0
2025/07/02 09:08:00.138,n,28.260552,29.528794,1482.5878,1482.6606,1.897367,43.455268,43.971072,0.420193,744.87144,65.337044,-1.404297,-0.165863,31.593128,367.53252,474.28096,678.296,788.00424,661.93608,100.67646,924.1108,799.63408,97.717704,0,0,0,0,0.74,-1.4,0,0
2025/07/02 09:09:00.140,n,28.096436,29.469126,1483.8684,1484.3318,0.632456,43.243,43.424512,0.100778,745.68008,63.896344,-1.400894,-0.162003,31.63933,368.12344,474.92036,680.54488,566.86748,704.49464,105.83762,723.37696,843.06832,90.241344,0,0,0,0,0.78,-1.42,0,0
2025/07/02 09:10:00.135,n,28.292678,31.04144,1488.52,1486.8142,0.894427,43.912108,43.459884,0.235103,749.04504,65.549072,-1.401787,-0.13588,31.762222,368.83584,478.02996,682.23008,750.1756,672.44888,77.79332,876.16696,798.16072,70.899576,0,0,0,0,0.77,-1.44,0,0
2025/07/02 09:11:00.135,n,28.33834,30.260788,1490.1426,1490.6158,2.236068,44.230516,43.747784,0.270994,750.23144,65.618712,-1.384613,-0.132553,31.734324,370.14204,478.14592,683.36064,784.21904,786.5464,38.69948,926.97752,916.9668,39.77562,0,0,0,0,0.78,-1.47,0,0
2025/07/02 09:12:00.135,n,28.529656,30.425828,1495.7428,1494.8282,2.04939,43.595244,43.494752,0.128847,752.82944,65.237556,-1.389435,-0.124672,31.789892,370.0822,479.20316,686.3272,850.80856,755.3472,79.543384,976.06168,886.03288,73.456112,0,0,0,0,0.75,-1.45,0,0
2025/07/02 09:13:00.136,n,28.613198,29.727828,1502.0466,1500.8112,1.48324,44.15822,43.888532,0.182752,756.61392,66.353056,-1.408394,-0.13501,31.794086,368.4692,478.31212,688.98744,757.73288,635.59856,88.660024,872.75208,768.8728,73.97736,0,0,0,0,0.76,-1.5,0,0
2025/07/02 09:14:00.137,n,28.797912,28.583444,1507.206,1505.2364,1.732051,44.687356,44.146684,0.320522,758.46472,66.45192,-1.418945,-0.152008,31.816124,367.6982,476.9442,690.74584,578.14256,594.2946,84.88168,724.65736,735.37896,71.617736,0,0,0,0,0.82,-1.41,0,0
2025/07/02 09:15:00.135,n,28.664612,28.677048,1509.6112,1508.3096,1.183216,44.089,44.52892,0.756611,758.27424,64.884376,-1.410904,-0.147972,31.768904,368.08996,476.9988,692.12688,563.20168,674.81072,87.142984,723.92392,814.48248,74.628072,0,0,0,0,0.8,-1.46,0,0
2025/07/02 09:16:00.138,n,28.550552,28.898386,1513.6712,1511.8604,1.341641,44.405868,44.399976,0.54683,761.00848,65.6753,-1.419487,-0.147804,31.811996,367.6246,477.29084,694.06152,509.0156,565.17016,83.361256,657.25452,706.11872,74.264736,0,0,0,0,0.78,-1.46,0,0
2025/07/02 09:17:00.140,n,28.44767,29.637496,1515.8252,1514.5918,1.095445,44.299732,44.528928,0.40625,762.56464,65.604416,-1.417519,-0.137459,31.813046,367.80176,478.21648,695.68008,710.88576,589.17912,79.300224,826.28232,722.87704,65.024224,0,0,0,0,0.78,-1.41,0,0
2025/07/02 09:18:00.142,n,28.565002,28.624314,1517.9154,1517.5356,1.183216,44.651976,44.6871,0.358491,762.66544,66.056456,-1.415016,-0.146225,31.8099,367.998,477.41776,695.34016,646.9624,668.22884,88.930312,799.65104,802.64064,80.523288,0,0,0,0,0.73,-1.46,0,0
2025/07/02 09:19:00.135,n,28.433854,29.30011,1522.4374,1520.7018,1.897367,44.510464,44.699148,0.342897,765.05448,66.0291,-1.415382,-0.155167,31.813602,367.99008,476.6474,697.76504,732.874,621.36092,91.549712,851.2628,759.80648,75.943728,0,0,0,0,0.76,-1.52,0,0
2025/07/02 09:20:00.135,n,28.319694,29.61559,1525.0072,1523.6516,1.414214,44.830408,44.559172,0.249218,765.99384,65.95884,-1.42469,-0.157623,31.815698,367.19844,476.44272,698.76792,848.74864,770.01288,67.100668,988.79456,908.02872,67.614352,0,0,0,0,0.77,-1.47,0,0
2025/07/02 09:21:00.135,n,28.207092,29.862708,1526.067,1525.7656,0,44.547384,44.66454,0.104583,766.90152,65.916556,-1.409126,-0.140091,31.834592,368.6664,478.12136,699.71592,689.49424,673.51248,45.753144,831.5172,809.11368,40.08678,0,0,0,0,0.77,-1.5,0,0
2025/07/02 09:22:00.136,n,28.195862,29.260804,1531.1434,1530.422,1.732051,45.00576,45.064468,0.488341,769.15552,66.043404,-1.419495,-0.164467,31.81884,367.66816,475.85524,701.85712,847.1036,793.72312,62.664184,978.19736,926.48296,59.427264,0,0,0,0,0.78,-1.42,0,0
2025/07/02 09:23:00.136,n,28.318078,28.77599,1536.7436,1534.618,2.236068,45.570276,45.217008,0.231334,771.6876,65.732504,-1.426834,-0.176567,31.804106,366.9384,474.6858,704.70488,674.004,677.84896,89.043808,809.14072,815.31648,73.447256,0,0,0,0,0.78,-1.44,0,0
2025/07/02 09:24:00.138,n,28.28756,29.82013,1541.1584,1539.6978,2.607681,44.935004,45.134456,0.396272,774.49608,65.859972,-1.402687,-0.138687,31.840848,369.2636,478.28624,707.37208,650.39368,547.01416,58.72606,784.41904,696.97872,52.412308,0,0,0,0,0.77,-1.46,0,0
2025/07/02 09:25:00.138,n,28.413978,29.719404,1543.1472,1543.4376,2.097618,44.935004,44.999864,0.088388,776.15128,66.212532,-1.396248,-0.12204,31.875232,370.042,479.98604,708.66456,723.61144,665.6534,79.268216,840.31992,795.41632,67.518144,0,0,0,0,0.79,-1.45,0,0
2025/07/02 09:26:00.141,n,28.577942,28.879658,1544.858,1545.298,2.236068,44.758112,44.823232,0.060917,779.3892,67.55312,-1.399101,-0.11924,31.967578,370.38984,480.82936,710.55624,681.45528,596.77528,91.875456,819.34728,737.42792,78.742936,0,0,0,0,0.75,-1.46,0,0
2025/07/02 09:27:00.146,n,28.444596,29.46198,1549.9504,1546.6748,2.529822,45.076516,45.02268,0.128087,779.57936,66.73484,-1.403038,-0.150612,31.991652,370.20424,478.1982,711.59208,532.05388,626.0622,80.305664,700.07968,768.816,64.87912,0,0,0,0,0.77,-1.53,0,0
2025/07/02 09:28:00.136,n,28.36422,29.419356,1550.0746,1550.1566,2.236068,45.287248,45.181364,0.13835,779.73496,66.33938,-1.425758,-0.17218,32.011592,368.36744,476.41132,712.142,599.7292,624.04968,78.263656,754.70472,760.66192,65.08072,0,0,0,0,0.78,-1.47,0,0
2025/07/02 09:29:00.135,n,28.132584,30.031172,1551.905,1551.8484,1.264911,45.182652,45.04678,0.165949,781.0624,65.139312,-1.412697,-0.151314,32.019978,369.5514,478.31856,714.66168,789.47776,715.05928,87.768728,917.16272,852.0516,75.461248,0,0,0,0,0.78,-1.44,0,0
2025/07/02 09:30:07.035,n,28.27575,30.182684,1559.3904,1556.87,1.612452,45.322624,45.463628,0.172301,782.85696,65.534776,-1.404472,-0.147629,32.034648,370.35728,478.74024,716.06528,807.65592,686.65304,99.65064,936.79696,827.0112,88.897416,0,0,0,0,0.73,-1.47,0,0
2025/07/02 09:31:00.136,n,28.388298,30.373212,1562.938,1561.1172,1.67332,45.427224,45.533616,0.186455,783.6476,65.9862,-1.394638,-0.147804,32.025218,371.1472,478.66384,716.41456,523.40448,557.31172,72.475168,670.81752,701.68952,55.552228,0,0,0,0,0.77,-1.43,0,0
2025/07/02 09:32:00.137,n,28.635758,29.322138,1564.8354,1563.6944,1.095445,45.745628,45.745372,0.344318,786.55256,67.171968,-1.414665,-0.167618,31.994792,369.21868,476.70816,718.13352,585.54756,681.61624,93.59888,740.31848,817.39968,77.134624,0,0,0,0,0.75,-1.44,0,0
2025/07/02 09:33:00.140,n,28.397964,30.024336,1569.4358,1568.156,2,45.604116,45.792284,0.215149,787.65048,66.438248,-1.403221,-0.138512,32.012672,370.32388,479.40832,719.94752,589.79756,671.77216,86.252824,747.0504,818.21,79.143536,0,0,0,0,0.77,-1.45,0,0
2025/07/02 09:34:00.142,n,28.569886,29.548994,1568.4718,1568.415,1.612452,45.49798,45.54566,0.072618,788.57696,66.946252,-1.396423,-0.117844,32.077648,371.33084,481.66276,720.35216,633.45624,571.55968,50.014748,769.22568,709.87576,41.763624,0,0,0,0,0.77,-1.49,0,0
2025/07/02 09:35:00.143,n,28.619744,30.388544,1567.4774,1569.0834,1.341641,45.674868,45.563352,0.083853,789.86072,68.272536,-1.397499,-0.105469,32.135288,371.6096,483.1336,720.29616,717.0612,698.22456,79.690648,845.54456,832.7364,68.680056,0,0,0,0,0.78,-1.44,0,0
2025/07/02 09:36:00.145,n,28.590836,29.595038,1570.7408,1571.3364,0.894427,45.604116,45.804076,0.206817,789.75992,68.258864,-1.409836,-0.137634,32.145798,370.61016,480.34472,720.22888,765.3864,714.4224,81.562248,895.03576,850.27488,69.26976,0,0,0,0,0.77,-1.46,0,0
2025/07/02 09:37:00.136,n,28.566712,30.041376,1575.3064,1573.0754,1.264911,46.485492,45.950468,0.331309,791.99024,69.401104,-1.405724,-0.144646,32.167778,371.10796,479.86412,721.32808,657.75652,616.94452,75.266528,777.61928,753.93192,61.059808,0,0,0,0,0.76,-1.46,0,0
2025/07/02 09:38:00.136,n,28.669494,29.002166,1577.5716,1576.2784,1.095445,46.168628,46.009428,0.088388,792.25776,68.046832,-1.4263,-0.162178,32.236976,369.77468,478.75372,722.9468,735.24776,627.89812,86.45432,861.73496,770.11312,74.47248,0,0,0,0,0.78,-1.46,0,0
2025/07/02 09:39:00.137,n,28.619744,29.59162,1577.3234,1577.7994,0.774597,46.343984,45.98584,0.193649,792.50304,68.385712,-1.420578,-0.150261,32.28096,370.55404,480.09648,722.84704,734.35416,660.9386,85.894704,870.8024,797.05576,74.15828,0,0,0,0,0.82,-1.46,0,0
2025/07/02 09:40:00.138,n,28.70646,29.434686,1578.3162,1579.2788,1,45.85176,46.027376,0.251558,793.50576,66.678252,-1.408051,-0.138687,32.305034,371.79312,481.27972,725.55824,777.39816,655.11152,96.625824,896.52408,791.99552,81.440464,0,0,0,0,0.78,-1.46,0,0
2025/07/02 09:41:00.144,n,28.785172,29.363056,1580.4574,1580.5298,1.264911,45.85176,46.021472,0.267366,794.83072,67.186264,-1.40107,-0.13887,32.349048,372.68172,481.5482,726.38224,679.41128,652.90704,63.63686,819.8668,790.61136,54.709692,0,0,0,0,0.76,-1.45,0,0
2025/07/02 09:42:00.143,n,28.783562,29.777362,1591.2124,1585.8934,3.193744,46.168628,46.09172,0.125779,799.07904,67.651992,-1.397141,-0.120117,32.41079,373.42096,483.61296,730.15,579.12276,645.56696,92.049712,721.3888,780.7836,77.809704,0,0,0,0,0.78,-1.47,0,0
2025/07/02 09:43:00.143,n,28.891076,29.322138,1595.2676,1593.059,2.683282,46.273224,46.438064,0.21875,802.68704,67.708576,-1.402863,-0.137466,32.439084,373.10904,482.25524,733.71304,510.18476,555.21148,54.095976,656.43272,689.93704,43.224416,0,0,0,0,0.75,-1.45,0,0
2025/07/02 09:44:00.148,n,28.915154,29.197528,1594.8962,1594.0498,1.414214,46.202468,46.16222,0.085009,802.47656,67.637688,-1.407692,-0.118187,32.477798,372.94196,484.21816,733.54928,708.56464,606.88972,85.521336,839.2804,749.70304,76.334784,0,0,0,0,0.79,-1.46,0,0
2025/07/02 09:45:00.149,n,28.995376,28.832,1595.5464,1594.1996,1.183216,46.202468,46.208876,0.139054,803.06424,67.20056,-1.396423,-0.117317,32.50813,374.113,484.49168,734.58456,705.89768,600.80828,82.237456,835.83608,738.45776,71.519224,0,0,0,0,0.79,-1.46,0,0
2025/07/02 09:46:00.136,n,29.218376,28.665252,1599.3512,1599.2378,1.732051,46.273224,46.285784,0.143206,805.8572,68.145688,-1.411629,-0.105652,32.564628,373.16384,485.89384,736.4056,750.51528,702.01016,79.690648,869.38632,819.89776,75.086952,0,0,0,0,0.76,-1.46,0,0
2025/07/02 09:47:00.137,n,29.282532,28.08586,1597.4034,1598.1554,1.48324,46.343984,46.238616,0.077812,805.21456,68.173672,-1.410729,-0.122749,32.658794,373.85204,484.98576,735.75288,599.61492,728.02536,69.6344,752.72184,863.11496,60.12986,0,0,0,0,0.78,-1.46,0,0
2025/07/02 09:48:00.137,n,29.444396,28.603926,1602.412,1599.7118,2.32379,46.168628,46.203492,0.046351,807.1976,68.879408,-1.405899,-0.104942,32.78841,375.11128,487.40864,737.0172,549.48604,665.02632,83.827496,683.8668,780.14328,68.369584,0,0,0,0,0.78,-1.46,0,0
2025/07/02 09:49:00.141,n,29.910362,27.768524,1602.6588,1601.484,1.949359,46.3086,46.261944,0.044194,809.21792,69.133104,-1.423073,-0.121696,32.922154,374.49468,486.78972,738.78344,617.80976,703.44272,84.489048,744.50552,815.54752,73.22192,0,0,0,0,0.79,-1.47,0,0
2025/07/02 09:50:00.142,n,29.827164,27.488398,1610.3688,1606.7462,4.91935,46.520876,46.467548,0.110926,812.04904,68.59712,-1.437935,-0.124847,33.0485,374.0312,487.33204,742.1388,603.18132,658.70952,83.152872,732.11096,774.94784,75.151848,0,0,0,0,0.79,-1.46,0,0
2025/07/02 09:51:00.150,n,29.73169,28.751646,1615.2968,1611.7252,2.236068,46.697764,46.650592,0.057622,812.35568,69.752408,-1.427704,-0.107933,33.179698,375.771,489.68896,741.28344,767.6716,675.6468,85.19008,878.41664,796.54664,74.65588,0,0,0,0,0.79,-1.46,0,0
2025/07/02 09:52:00.146,n,29.429008,28.98641,1614.616,1611.9482,2.44949,46.766984,46.725708,0.387046,810.04688,70.457536,-1.451157,-0.179894,33.227986,374.0572,483.61312,738.31808,606.11604,701.05344,69.172976,750.93312,821.92304,53.211372,0,0,0,0,0.8,-1.49,0,0
2025/07/02 09:53:00.150,n,29.241456,28.90985,1614.3054,1614.2024,1.341641,46.519332,46.595988,0.120221,809.91352,67.918736,-1.433075,-0.163406,33.284694,375.99132,485.44732,740.72512,595.38508,670.50628,83.0262,733.83304,798.98016,69.1596,0,0,0,0,0.81,-1.48,0,0
2025/07/02 09:54:00.137,n,29.3377,29.60311,1615.0188,1613.6342,2.280351,46.590092,46.554716,0.054127,811.13472,67.142736,-1.435577,-0.129051,33.337178,376.11744,488.84104,742.68536,690.28152,666.7008,73.08796,826.68016,800.91328,67.873048,0,0,0,0,0.78,-1.46,0,0
2025/07/02 09:55:00.136,n,29.57798,29.16981,1621.3668,1617.9452,2.408319,46.731604,46.672636,0.059293,815.79264,67.862152,-1.414284,-0.101601,33.441032,378.63788,491.95732,746.61776,787.60336,687.19208,63.182276,897.00736,808.23264,52.431384,0,0,0,0,0.79,-1.44,0,0
2025/07/02 09:56:00.138,n,30.096534,29.02811,1616.5988,1622.712,3.660601,46.83774,46.8603,0.122634,817.25424,69.414152,-1.440598,-0.111443,33.51236,376.82796,491.54964,746.51088,772.62288,643.74556,102.27098,871.25736,765.94584,88.530784,0,0,0,0,0.78,-1.47,0,0
2025/07/02 09:57:00.140,n,30.32183,27.59728,1618.922,1619.6694,1.843909,46.83774,46.960536,0.112673,815.88968,68.792984,-1.44059,-0.122925,33.5787,377.26276,490.964,745.77896,545.70344,595.02112,72.157816,665.78956,713.6332,61.799676,0,0,0,0,0.79,-1.48,0,0
2025/07/02 09:58:00.142,n,30.32183,27.619498,1618.545,1621.599,2.75681,46.660848,46.625472,0.054127,817.40696,68.441048,-1.446678,-0.120827,33.662544,377.28492,491.6992,747.64016,678.59632,690.1968,59.431052,792.32912,794.28032,49.228548,0,0,0,0,0.78,-1.48,0,0
2025/07/02 09:59:00.145,n,30.318702,26.247182,1627.1162,1623.6364,2.280351,47.505312,47.077184,0.246459,818.19272,69.38556,-1.462082,-0.170601,33.676176,376.04184,487.36816,747.51568,753.85312,668.84404,98.6542,861.81592,778.77384,87.022408,0,0,0,0,0.79,-1.46,0,0
2025/07/02 10:00:07.028,n,29.798882,27.53234,1628.5698,1626.1212,2.04939,47.013092,46.989248,0.193144,819.37632,67.650744,-1.450432,-0.142906,33.724368,377.36528,490.1434,750.418,544.01088,648.56276,97.870832,677.88816,767.76736,86.98764,0,0,0,0,0.79,-1.48,0,0
2025/07/02 10:01:00.135,n,30.010108,26.272868,1635.922,1633.1272,2.32379,47.576068,47.429428,0.351615,821.76384,69.07528,-1.490166,-0.207275,33.749468,374.09276,484.59144,751.40568,805.94448,673.0948,106.9362,916.5156,788.61224,105.06832,0,0,0,0,0.79,-1.49,0,0
2025/07/02 10:02:00.136,n,29.697106,27.400456,1633.2974,1634.358,1.183216,47.2592,47.447376,0.128847,819.32088,67.141496,-1.475136,-0.170952,33.767688,375.51244,487.93684,750.8752,682.44248,642.75636,83.020176,789.57712,768.59768,70.744616,0,0,0,0,0.78,-1.46,0,0
2025/07/02 10:03:00.139,n,29.679528,27.371402,1637.1662,1634.4542,1.843909,47.329956,47.147688,0.124216,821.65336,67.974072,-1.469574,-0.171478,33.788688,376.13124,488.02776,752.3812,677.2692,688.48496,88.397968,820.37968,815.4744,77.60252,0,0,0,0,0.77,-1.47,0,0
2025/07/02 10:04:00.135,n,29.669906,27.562808,1643.7684,1640.8076,1.48324,47.434556,47.446856,0.189572,824.0164,68.481464,-1.462952,-0.160255,33.784496,376.67652,488.99688,754.23232,576.41176,604.35444,86.872032,700.6512,736.22976,74.970328,0,0,0,0,0.77,-1.48,0,0
2025/07/02 10:05:00.137,n,29.722466,27.596812,1635.5292,1639.7682,2.529822,47.400716,47.43532,0.122634,824.40472,68.284976,-1.467072,-0.144135,33.827388,376.60152,490.70996,754.79672,735.32336,679.2356,90.245224,843.91488,805.12352,75.22932,0,0,0,0,0.76,-1.45,0,0
2025/07/02 10:06:00.135,n,29.719238,26.729918,1649.999,1645.0068,2.792848,47.505312,47.59376,0.186455,826.94112,67.890136,-1.486755,-0.180603,33.845176,375.01556,487.58796,757.7448,701.9276,751.56856,48.104572,844.87552,883.00296,37.338988,0,0,0,0,0.78,-1.46,0,0
2025/07/02 10:07:00.135,n,29.97686,27.147398,1646.8254,1647.1236,1.949359,47.6822,47.55274,0.118585,828.12632,67.60784,-1.46492,-0.124161,33.945672,377.56416,493.26036,759.17776,756.32944,788.08928,45.813208,871.38328,902.13016,40.233072,0,0,0,0,0.78,-1.47,0,0
2025/07/02 10:08:00.135,n,30.113122,25.605258,1644.9456,1646.79,1.732051,47.999068,48.040088,0.246063,827.39512,69.425352,-1.513161,-0.184982,33.910448,373.1596,487.62728,756.64152,471.54624,529.03204,60.220428,600.23192,660.52172,58.028872,0,0,0,0,0.78,-1.47,0,0
2025/07/02 10:09:00.135,n,29.82518,26.320006,1647.989,1647.254,1.264911,47.963692,47.528896,0.239221,827.09784,69.312808,-1.496193,-0.180603,33.962744,374.97096,488.35976,756.46944,459.74252,491.32364,25.683652,586.52716,623.92696,29.20017,0,0,0,0,0.76,-1.46,0,0
2025/07/02 10:10:00.135,n,29.871612,26.189828,1652.7318,1650.3452,1.897367,47.6822,47.663744,0.176223,829.06944,68.495144,-1.489052,-0.168495,33.947084,375.48588,489.33224,759.25376,572.24688,665.87444,97.671896,715.77816,790.20112,85.59936,0,0,0,0,0.79,-1.45,0,0
2025/07/02 10:11:00.136,n,29.850762,26.553012,1655.195,1652.9938,1.612452,47.576068,47.863452,0.367902,831.29168,68.368304,-1.465607,-0.137115,33.941812,377.47932,492.0844,761.59488,570.87288,692.34928,86.158576,718.36704,819.56064,76.045376,0,0,0,0,0.76,-1.46,0,0
2025/07/02 10:12:00.138,n,30.079574,26.04979,1659.9022,1656.8922,1.843909,47.857556,47.657848,0.13835,836.18088,69.70764,-1.472229,-0.134666,34.038108,377.53932,492.9348,765.1356,564.95296,631.2718,86.685352,704.98712,757.7488,78.694344,0,0,0,0,0.77,-1.48,0,0
2025/07/02 10:13:00.135,n,30.381576,25.220102,1663.2302,1659.3956,2.19089,47.926772,47.845244,0.121835,837.66928,69.805896,-1.46077,-0.138519,34.11446,379.03276,493.09476,766.54112,749.58768,649.1244,94.148552,849.49888,767.18136,81.66088,0,0,0,0,0.81,-1.47,0,0
2025/07/02 10:14:00.135,n,30.074738,25.805356,1664.3716,1664.442,2.366432,47.997532,47.909856,0.080283,839.99296,68.932264,-1.478325,-0.126259,34.1991,378.07124,494.74068,769.70864,802.6072,649.48872,110.85306,911.38992,770.6348,101.8948,0,0,0,0,0.79,-1.47,0,0
2025/07/02 10:15:00.136,n,30.031578,26.511948,1665.7612,1664.3424,3,47.997532,48.121356,0.095811,839.332,68.100304,-1.483513,-0.128532,34.226264,377.80128,494.7176,769.87672,513.93196,615.36944,99.962992,647.58968,737.66264,86.53236,0,0,0,0,0.77,-1.46,0,0
2025/07/02 10:16:00.135,n,30.362434,25.11561,1670.358,1668.0902,2.144761,49.477264,48.743804,0.946003,843.21512,71.849728,-1.518883,-0.187622,34.252384,374.91376,489.64196,770.03416,614.55256,700.5032,94.04972,759.65752,824.18464,83.337568,0,0,0,0,0.81,-1.46,0,0
2025/07/02 10:17:00.135,n,29.821952,26.206918,1668.3836,1668.368,1.612452,48.526664,49.11938,0.668341,837.17336,67.126568,-1.511559,-0.206924,34.092472,374.49456,486.87496,768.74216,553.88264,618.31012,56.52256,700.13944,747.55768,47.687,0,0,0,0,0.77,-1.43,0,0
2025/07/02 10:18:00.135,n,29.557846,26.55643,1670.2032,1668.8208,1.414214,48.562044,48.7556,0.328051,837.20616,67.140872,-1.492798,-0.199554,33.960648,375.25108,486.66312,768.77208,761.79032,655.74776,129.41774,896.02912,784.07328,119.8328,0,0,0,0,0.78,-1.4,0,0
2025/07/02 10:19:00.137,n,29.66925,27.13706,1672.5166,1670.7944,1.67332,48.6328,48.515132,0.106434,840.81896,67.719768,-1.47332,-0.146233,34.001864,377.20668,491.66932,771.77208,861.59744,765.75408,62.628664,991.90464,902.18192,59.82558,0,0,0,0,0.78,-1.44,0,0
2025/07/02 10:20:00.136,n,30.061242,26.191894,1680.4886,1677.5572,2.898276,48.27902,48.232876,0.111803,845.20448,69.18596,-1.458809,-0.114777,34.042632,378.73,494.73092,774.6744,593.02684,616.07892,74.120848,726.01768,756.90936,62.825552,0,0,0,0,0.77,-1.47,0,0
2025/07/02 10:21:00.139,n,30.158806,26.09287,1680.519,1680.1076,3.741658,49.08964,48.608444,0.425964,849.78608,71.061296,-1.483536,-0.152725,34.103316,376.98996,491.75968,777.394,700.21384,646.23804,85.937184,821.00208,775.77952,82.879128,0,0,0,0,0.79,-1.45,0,0
2025/07/02 10:22:00.138,n,29.71569,25.98003,1678.179,1679.7952,1.549193,48.703556,48.702528,0.184349,846.0936,68.410584,-1.504425,-0.180435,34.078184,375.01776,489.1336,776.35896,719.6704,667.05468,77.004216,835.94592,793.91096,62.861356,0,0,0,0,0.74,-1.53,0,0
2025/07/02 10:23:00.136,n,29.350502,27.12334,1683.6278,1680.8214,1.897367,48.526664,48.708684,0.149217,845.55536,66.421456,-1.483536,-0.167099,34.064652,376.73584,490.22904,777.81752,663.97168,608.56836,86.553448,800.42736,749.0192,73.811584,0,0,0,0,0.73,-1.51,0,0
2025/07/02 10:24:00.135,n,29.67086,26.125342,1683.6278,1683.3406,1.414214,48.66664,48.7961,0.359307,846.774,68.17056,-1.476547,-0.161316,34.028016,377.09944,490.50168,777.28816,768.168,686.40504,85.40404,885.70224,821.98976,71.334424,0,0,0,0,0.77,-1.43,0,0
2025/07/02 10:25:00.135,n,29.901382,26.464356,1680.4268,1681.3862,1.549193,48.349772,48.526408,0.193144,847.24576,69.93336,-1.463295,-0.116707,34.0636,378.47972,494.69732,775.96576,575.24756,601.70488,73.415264,709.3888,736.24224,62.967452,0,0,0,0,0.77,-1.45,0,0
2025/07/02 10:26:00.135,n,30.205192,25.590236,1680.181,1682.3912,2.529822,48.597424,48.520768,0.07526,847.31144,71.497792,-1.479233,-0.128891,34.04162,376.95656,493.4708,774.46328,622.81248,634.54656,41.873024,756.23008,766.67192,37.75712,0,0,0,0,0.79,-1.44,0,0
2025/07/02 10:27:00.140,n,30.112464,26.394092,1684.3968,1682.3252,1.67332,48.526664,48.532564,0.08268,849.1256,71.061296,-1.4701,-0.112663,34.08028,378.00084,495.16624,776.70688,730.74704,622.26176,91.2954,837.07384,749.82696,78.47484,0,0,0,0,0.76,-1.46,0,0
2025/07/02 10:28:00.137,n,30.22438,25.950978,1681.9048,1684.2636,2,48.562044,48.78508,0.265533,850.43536,71.216128,-1.458992,-0.114075,34.084512,378.98952,495.06864,777.87432,689.5444,614.5222,88.141648,813.20568,740.85424,75.560904,0,0,0,0,0.76,-1.45,0,0
2025/07/02 10:29:00.140,n,30.083656,25.556008,1681.7502,1685.6118,3.286335,48.703556,49.049136,0.430071,847.82736,69.102024,-1.491203,-0.151848,34.095976,376.27852,491.78944,777.386,534.56152,601.64812,65.824768,674.59928,732.41184,60.3407,0,0,0,0,0.76,-1.46,0,0
2025/07/02 10:30:07.025,n,29.982972,25.947608,1684.0284,1682.6124,1.414214,48.420532,48.526668,0.073951,849.32376,69.341408,-1.462578,-0.102303,34.155612,379.14712,496.58192,778.62208,580.94532,633.49684,82.667104,725.73056,764.01704,70.216808,0,0,0,0,0.77,-1.46,0,0
2025/07/02 10:31:00.135,n,30.182778,25.028664,1684.2438,1684.6534,1.67332,48.562044,48.585628,0.071261,850.8868,70.455048,-1.474396,-0.115128,34.198444,378.40688,495.72496,779.0724,576.34228,542.43212,36.433844,685.8356,662.57104,31.952308,0,0,0,0,0.76,-1.46,0,0
2025/07/02 10:32:00.136,n,30.174766,25.439602,1692.33,1688.8824,2.19089,48.737396,48.60306,0.077812,855.20664,71.047,-1.466156,-0.120583,34.296652,379.7666,495.88752,782.81408,559.70068,601.15204,61.329844,679.77304,718.66008,53.85768,0,0,0,0,0.76,-1.46,0,0
2025/07/02 10:33:00.135,n,30.182778,25.638136,1692.2076,1690.6546,2.898276,48.948128,48.860708,0.083853,856.096,70.24364,-1.476364,-0.135727,34.370848,379.3728,495.03176,784.51168,703.12304,656.99536,102.8657,814.91664,771.66048,91.986136,0,0,0,0,0.77,-1.48,0,0
2025/07/02 10:34:00.135,n,30.193962,26.091114,1693.7746,1695.4174,2.44949,48.843532,48.948644,0.0625,856.43608,70.046528,-1.483353,-0.106697,34.439732,379.22264,498.06428,785.01296,762.65968,657.43504,114.02654,871.05136,782.84872,101.94042,0,0,0,0,0.76,-1.47,0,0
2025/07/02 10:35:00.136,n,30.458024,26.257032,1697.0912,1696.9064,2,49.266532,48.990172,0.159344,860.01096,71.08928,-1.484779,-0.100716,34.52848,379.6852,499.18148,787.53752,500.02636,569.00096,78.4044,629.44788,699.29152,71.74852,0,0,0,0,0.75,-1.48,0,0
2025/07/02 10:36:00.138,n,30.46759,25.482474,1694.389,1698.5082,2.280351,49.018888,49.31268,0.338309,857.47848,71.047,-1.498711,-0.136772,34.527436,378.47324,495.97248,785.0696,553.05568,590.99732,96.692808,689.03088,714.99728,86.373312,0,0,0,0,0.8,-1.41,0,0
2025/07/02 10:37:00.139,n,30.157188,24.744092,1699.7614,1698.2472,1.264911,50.321728,49.969996,0.630755,857.58816,70.624176,-1.526054,-0.19886,34.472144,375.74272,490.09328,785.63688,564.81396,650.13348,98.601976,722.95712,778.14088,86.972416,0,0,0,0,0.74,-1.47,0,0
2025/07/02 10:38:00.141,n,29.97013,25.290724,1703.5358,1702.4112,0.894427,49.654156,49.372152,0.156874,859.4852,69.059112,-1.52301,-0.174637,34.475256,376.0266,492.26512,789.07768,771.79736,697.81584,83.216288,889.36976,827.84128,69.672088,0,0,0,0,0.75,-1.46,0,0
2025/07/02 10:39:00.145,n,29.870964,25.798878,1693.0062,1696.5834,4.242641,49.51264,49.436504,0.099805,851.89872,68.368304,-1.508003,-0.165344,34.43246,377.04228,492.80788,782.18776,559.91308,657.54584,103.83762,708.29896,792.8664,89.783904,0,0,0,0,0.81,-1.48,0,0
2025/07/02 10:40:00.135,n,29.962174,25.7459,1688.9182,1690.937,0.894427,48.948128,49.031188,0.106434,852.33872,67.98776,-1.483887,-0.136604,34.471096,379.38356,495.61532,783.00368,789.0068,673.00656,85.765384,901.48888,798.29152,72.818952,0,0,0,0,0.77,-1.46,0,0
2025/07/02 10:41:00.135,n,30.21943,25.013082,1694.1734,1692.9492,2.683282,48.985048,48.943256,0.103645,855.42128,68.622608,-1.47477,-0.149742,34.50944,380.42536,494.70172,785.4736,682.91064,608.66844,92.966928,807.484,738.88032,81.928936,0,0,0,0,0.77,-1.47,0,0
2025/07/02 10:42:00.135,n,30.01635,25.460104,1698.2082,1695.168,2.19089,49.09118,48.938128,0.167122,856.3324,68.87692,-1.500687,-0.191658,34.577248,378.6314,491.42716,786.14648,607.85692,697.31864,83.611904,745.49552,818.9384,70.735072,0,0,0,0,0.73,-1.47,0,0
2025/07/02 10:43:00.135,n,29.968406,26.238082,1700.9714,1698.7406,1.788854,48.915824,49.067592,0.154995,856.43152,70.047152,-1.49855,-0.197098,34.620016,379.099,491.22688,785.08296,803.45312,745.3076,85.913616,911.91304,859.03568,75.385008,0,0,0,0,0.76,-1.46,0,0
2025/07/02 10:44:00.137,n,30.123528,25.913328,1699.8354,1701.329,1.095445,49.09118,49.044008,0.071261,858.01104,69.652304,-1.474594,-0.154648,34.657572,381.4196,495.24508,787.0388,745.63968,623.77924,72.468616,857.20552,751.2136,64.02968,0,0,0,0,0.77,-1.43,0,0
2025/07/02 10:45:00.141,n,30.39502,25.802216,1699.4356,1701.0728,1.549193,49.372668,49.108616,0.149217,860.97,70.793304,-1.474754,-0.109505,34.73236,381.9006,499.74912,788.81144,529.51904,607.89876,73.242744,653.45256,720.7632,61.161264,0,0,0,0,0.76,-1.46,0,0
2025/07/02 10:46:00.139,n,30.661376,24.337274,1702.7896,1703.265,1.67332,49.372668,49.08426,0.14987,864.90952,72.441056,-1.512825,-0.130119,34.794896,379.02132,498.33232,791.08576,779.75312,624.38732,107.20308,878.4912,738.71208,97.859088,0,0,0,0,0.75,-1.47,0,0
2025/07/02 10:47:00.142,n,30.39663,25.133026,1706.194,1705.8154,2.44949,49.372668,49.500852,0.156874,861.68216,70.962432,-1.500145,-0.166756,34.78864,380.07684,495.03728,789.38632,594.4406,696.45256,96.774744,743.61624,818.69896,86.533808,0,0,0,0,0.76,-1.46,0,0
2025/07/02 10:48:00.144,n,30.332718,25.410468,1708.1866,1705.2634,2.529822,49.12502,49.130916,0.067024,862.06504,68.903664,-1.480484,-0.131699,34.858512,382.2406,498.61368,791.81256,767.11784,624.12604,96.913616,874.46776,740.18264,88.181632,0,0,0,0,0.75,-1.46,0,0
2025/07/02 10:49:00.135,n,30.743118,24.663396,1707.2668,1707.5368,2.828427,49.406508,49.547764,0.516524,865.13904,71.54008,-1.506218,-0.163597,34.888704,380.21452,495.98088,792.25632,717.01632,698.49528,86.634864,821.43992,818.768,77.18808,0,0,0,0,0.8,-1.36,0,0
2025/07/02 10:50:00.136,n,30.95459,23.882002,1713.333,1712.8682,1.414214,49.898728,49.594676,0.322648,866.51608,69.637384,-1.524979,-0.213959,34.856416,378.37764,491.2942,795.56776,520.716,588.12072,57.014692,649.604,709.74616,47.350292,0,0,0,0,0.73,-1.47,0,0
2025/07/02 10:51:00.136,n,30.473778,24.953144,1707.1138,1710.1978,2.280351,49.477264,49.81746,0.302012,862.13064,67.451152,-1.485321,-0.207108,34.834524,381.6632,491.75764,793.40128,567.31072,559.93596,51.90954,683.39016,681.95192,38.66588,0,0,0,0,0.77,-1.5,0,0
2025/07/02 10:52:00.137,n,30.489846,25.266668,1711.1584,1709.2994,1.414214,49.406508,49.277812,0.120221,863.73936,67.804328,-1.485855,-0.142204,34.86684,381.83116,497.73592,794.59144,667.30096,639.12,98.715752,789.30416,765.9072,86.333368,0,0,0,0,0.76,-1.47,0,0
2025/07/02 10:53:00.137,n,30.536332,25.054218,1713.2402,1711.5098,3.405877,50.357104,49.759264,0.570773,865.9916,69.22824,-1.493538,-0.182358,34.848092,381.0422,494.04552,795.45224,523.43328,581.00728,53.792656,659.6826,703.30808,40.197636,0,0,0,0,0.73,-1.47,0,0
2025/07/02 10:54:00.139,n,29.84668,25.901386,1714.9252,1711.8012,1.788854,49.406508,49.535716,0.237993,864.7564,66.801996,-1.471886,-0.169212,34.787656,382.51496,494.81268,796.65176,543.19256,602.29204,89.0862,678.9824,727.91192,74.576472,0,0,0,0,0.75,-1.48,0,0
2025/07/02 10:55:00.141,n,30.180908,25.43957,1716.7304,1714.6812,3.577709,50.146372,49.841044,0.529777,869.04792,69.792208,-1.501572,-0.158516,34.731348,379.57408,495.38976,797.91264,718.34248,692.832,74.930296,852.2788,823.58368,65.093008,0,0,0,0,0.8,-1.33,0,0
2025/07/02 10:56:00.144,n,30.369484,25.562764,1716.7608,1716.9364,1.264911,50.780104,50.15202,0.548969,868.8284,70.341872,-1.488182,-0.158516,34.657312,380.24256,494.89996,797.15688,761.21016,705.8892,77.989104,888.37208,832.03416,69.004704,0,0,0,0,0.74,-1.44,0,0
2025/07/02 10:57:00.147,n,30.3647,25.371064,1712.3836,1715.349,2.097618,49.441888,49.66518,0.120221,869.38768,70.159072,-1.462753,-0.123116,34.633288,382.2834,497.88496,797.88896,685.55976,695.97368,38.038796,816.40184,823.7412,34.388224,0,0,0,0,0.71,-1.49,0,0
2025/07/02 10:58:00.135,n,30.783158,24.666814,1717.7438,1717.3818,1.095445,51.413836,50.1051,0.685793,872.64048,72.525616,-1.464188,-0.137131,34.612444,382.02152,496.50248,798.78776,753.35664,638.36568,103.78344,850.05568,755.014,89.778896,0,0,0,0,0.78,-1.52,0,0
2025/07/02 10:59:00.135,n,30.85044,23.991962,1718.851,1718.5492,1.897367,50.357104,50.187392,0.357673,872.39944,70.7504,-1.492462,-0.157631,34.63224,379.70636,494.8126,800.31424,779.48456,695.87064,88.55648,887.16016,812.17208,80.267368,0,0,0,0,0.75,-1.46,0,0
2025/07/02 11:00:07.271,n,30.645362,25.12624,1722.8446,1719.686,2.607681,50.00486,49.946152,0.185405,874.30344,71.328664,-1.476364,-0.111961,34.66252,381.2992,499.06876,801.61032,539.82292,625.4054,81.134768,674.69288,751.66696,70.73648,0,0,0,0,0.77,-1.42,0,0
2025/07/02 11:01:00.137,n,30.747948,25.088496,1720.2642,1721.4212,1.095445,50.217132,50.204824,0.231334,874.71888,71.454896,-1.469559,-0.110909,34.617656,381.5912,498.86556,801.90536,562.98212,642.29328,88.142208,689.39696,760.79392,75.964464,0,0,0,0,0.73,-1.44,0,0
2025/07/02 11:02:00.138,n,30.847312,25.21872,1720.664,1720.899,1.095445,49.723372,49.876172,0.124216,876.53336,71.257784,-1.456841,-0.081924,34.670816,383.043,501.79128,803.90064,815.30584,721.10992,65.402216,920.49368,827.81888,60.766356,0,0,0,0,0.75,-1.47,0,0
2025/07/02 11:03:00.142,n,31.04107,24.206756,1723.8276,1722.9212,2,50.00486,49.864376,0.079057,879.37184,72.694744,-1.479416,-0.10318,34.735508,381.5182,500.33164,805.3008,573.85616,686.92096,89.90356,704.38184,809.07712,79.070856,0,0,0,0,0.77,-1.47,0,0
2025/07/02 11:04:00.143,n,30.829644,24.654754,1718.3278,1722.2554,2.828427,50.00486,50.063824,0.072618,874.4016,72.173688,-1.479416,-0.133797,34.745964,381.58748,497.68184,800.88224,483.67352,541.49408,44.153708,604.23048,659.60832,40.389356,0,0,0,0,0.77,-1.46,0,0
2025/07/02 11:05:00.145,n,30.855278,24.641036,1717.9898,1717.429,2.097618,50.956996,50.475292,0.489539,873.4828,72.934144,-1.498177,-0.153252,34.75222,380.00604,495.99552,799.20376,481.6916,532.38056,50.433124,606.37696,656.06892,43.128296,0,0,0,0,0.82,-1.29,0,0
2025/07/02 11:06:00.147,n,30.643754,24.46086,1720.2032,1718.3538,1.095445,49.935644,50.234568,0.222293,872.06032,71.145232,-1.495499,-0.173592,34.755308,380.25804,494.20952,799.59312,774.882,640.60564,75.387336,892.08248,767.69208,69.157064,0,0,0,0,0.75,-1.47,0,0
2025/07/02 11:07:00.135,n,30.533104,25.239228,1721.0942,1719.0126,4.289522,50.427864,50.046132,0.196154,875.74648,72.145704,-1.497643,-0.125214,34.869988,380.83232,499.26568,802.2284,692.15592,661.15712,81.053072,814.98336,781.134,71.982296,0,0,0,0,0.8,-1.48,0,0
2025/07/02 11:08:00.136,n,30.730278,24.065888,1723.6122,1722.998,0,50.427864,50.633208,0.37578,875.71392,72.553608,-1.508003,-0.174294,34.816824,379.58376,494.55456,801.82664,659.08564,653.7696,76.473528,789.03512,774.91504,63.951544,0,0,0,0,0.75,-1.44,0,0
2025/07/02 11:09:00.140,n,30.456154,24.532978,1724.749,1723.039,1.414214,51.061596,50.797544,0.335119,876.01968,73.55408,-1.499611,-0.173592,34.771988,380.01288,494.32008,801.1396,668.29852,627.07872,85.231744,796.21192,749.3428,72.024648,0,0,0,0,0.78,-1.47,0,0
2025/07/02 11:10:00.139,n,30.562012,24.114032,1725.7304,1724.7634,1.095445,51.44922,50.903416,0.470206,876.03056,73.82144,-1.501747,-0.177277,34.80014,380.0144,494.17912,800.88464,704.6896,653.48204,82.197024,836.22416,777.3564,70.238528,0,0,0,0,0.76,-1.45,0,0
2025/07/02 11:11:00.140,n,30.605324,24.31667,1727.8486,1725.787,1.549193,50.990836,50.703456,0.251558,878.52072,73.201512,-1.50425,-0.153252,34.797032,379.77736,496.29216,803.96816,628.42448,636.73256,99.694784,754.21336,759.71456,86.061608,0,0,0,0,0.74,-1.46,0,0
2025/07/02 11:12:00.142,n,30.485008,24.478046,1721.0942,1724.2926,2.280351,50.427864,50.756268,0.293484,874.85016,70.46872,-1.499611,-0.145538,34.774084,380.02668,496.82524,803.02736,707.97624,688.83432,74.19468,822.19528,815.62696,63.567288,0,0,0,0,0.77,-1.45,0,0
2025/07/02 11:13:00.145,n,30.558792,24.635908,1720.6022,1718.0318,1.67332,50.394024,50.305316,0.147902,873.39536,69.989944,-1.477623,-0.139412,34.834524,382.32912,497.76972,802.06728,733.23992,620.26288,99.69152,853.96776,752.7952,85.121384,0,0,0,0,0.8,-1.48,0,0
2025/07/02 11:14:00.152,n,30.715874,24.61701,1724.104,1722.317,1.264911,50.46324,50.351728,0.096825,877.49448,71.398928,-1.49514,-0.119347,34.919972,381.3802,500.11808,804.71976,572.56416,644.15864,94.432776,707.84768,766.32888,83.24392,0,0,0,0,0.76,-1.46,0,0
2025/07/02 11:15:00.149,n,30.880912,24.683954,1717.1294,1720.013,1.897367,50.638596,50.4576,0.175112,875.84496,72.300536,-1.493179,-0.113541,34.943928,381.70868,500.7926,802.1648,579.52364,644.59752,87.143272,720.6572,762.9568,75.3462,0,0,0,0,0.74,-1.44,0,0
2025/07/02 11:16:00.135,n,30.888916,23.821796,1722.5066,1719.6958,1.897367,50.88624,50.51016,0.290474,875.89952,72.666768,-1.500679,-0.142036,34.916824,380.88024,498.0822,801.87416,602.44112,672.2328,91.451352,739.39696,787.83048,76.235488,0,0,0,0,0.76,-1.52,0,0
2025/07/02 11:17:00.136,n,30.786376,24.409394,1720.5094,1721.5694,1.549193,50.217132,50.580404,0.20204,877.90968,72.061144,-1.505325,-0.124344,34.955432,380.73432,499.90948,804.46752,565.74188,636.23572,73.794648,695.23288,761.06472,61.301304,0,0,0,0,0.75,-1.44,0,0
2025/07/02 11:18:00.139,n,30.938576,24.074482,1725.2088,1723.2744,1.095445,50.394024,50.41684,0.087277,880.888,72.215976,-1.503182,-0.116882,34.943928,380.84344,500.49584,807.28568,739.79512,692.17112,84.879912,843.0332,808.29512,73.0818,0,0,0,0,0.79,-1.48,0,0
2025/07/02 11:19:00.141,n,30.606888,24.623896,1723.4896,1723.172,1.095445,51.44922,50.56322,0.435038,879.5792,71.511472,-1.476364,-0.121101,34.957496,383.25316,500.21104,806.7124,597.29412,645.4986,88.515536,728.38768,770.08224,77.723552,0,0,0,0,0.77,-1.44,0,0
2025/07/02 11:20:00.143,n,31.050224,23.85944,1726.4058,1724.9986,1.549193,50.709352,50.627828,0.134774,882.95272,72.455976,-1.495155,-0.105797,34.952612,381.59524,501.53784,809.10728,764.46744,647.3456,92.694392,865.3784,766.60936,77.681408,0,0,0,0,0.74,-1.45,0,0
2025/07/02 11:21:00.146,n,31.31112,23.203678,1723.408,1725.93,1.788854,50.535532,50.4476,0.171733,882.7788,73.159848,-1.491402,-0.11969,34.980704,382.1064,500.49044,808.24728,564.57872,619.67384,63.573184,687.82016,735.6968,52.36172,0,0,0,0,0.75,-1.48,0,0
2025/07/02 11:22:00.147,n,31.203888,23.354604,1726.4774,1725.751,1.414214,51.063132,50.629108,0.263688,882.41904,73.427848,-1.499435,-0.115463,35.01928,381.66748,501.12184,807.6072,597.97572,671.56936,74.265736,729.27472,782.67936,66.301584,0,0,0,0,0.77,-1.46,0,0
2025/07/02 11:23:00.154,n,30.963798,23.897282,1728.288,1727.3828,1.414214,50.46478,50.846508,0.287092,881.89624,72.709672,-1.49247,-0.13327,35.043208,382.42884,499.6992,807.82736,748.09728,640.46852,93.34988,845.67952,758.46896,77.40736,0,0,0,0,0.77,-1.47,0,0
2025/07/02 11:24:00.152,n,30.97181,23.795816,1732.2138,1728.38,2.19089,50.677048,50.535532,0.211948,884.99992,72.822216,-1.487473,-0.099648,35.143152,383.52496,503.34908,810.78992,606.69788,630.9482,84.88404,728.60576,749.39608,69.71944,0,0,0,0,0.75,-1.47,0,0
2025/07/02 11:25:00.138,n,30.899742,23.739028,1721.4414,1724.8506,2,52.190624,51.98476,0.666585,880.7624,74.65216,-1.509979,-0.173592,35.084868,381.19084,496.39492,804.77384,631.74232,620.34544,55.093556,754.85872,737.2896,37.575924,0,0,0,0,0.8,-1.5,0,0
2025/07/02 11:26:00.135,n,30.819572,23.735092,1726.1088,1724.252,1.095445,50.817024,51.310268,0.310619,881.28088,71.579256,-1.509934,-0.151848,35.044784,380.92848,498.05968,808.34352,608.61536,687.32256,91.416904,742.46616,809.632,83.194648,0,0,0,0,0.77,-1.41,0,0
2025/07/02 11:27:00.135,n,30.810006,23.948324,1728.2058,1725.0746,2.366432,50.707812,50.696532,0.107347,884.33096,72.185504,-1.478478,-0.110542,35.089588,383.94728,502.02572,810.77752,712.11944,578.14752,88.660592,833.33296,708.72632,81.4552,0,0,0,0,0.77,-1.53,0,0
2025/07/02 11:28:00.135,n,31.288666,23.33524,1723.0494,1726.2672,2.366432,50.603216,50.708576,0.15873,884.30896,73.11508,-1.485107,-0.087181,35.154132,383.80264,504.52928,809.79592,688.27032,676.996,79.006008,807.4096,792.84832,69.666352,0,0,0,0,0.76,-1.46,0,0
2025/07/02 11:29:00.135,n,31.544526,22.698424,1724.768,1725.0494,1.264911,51.376924,51.113636,0.319912,884.80976,74.409664,-1.521011,-0.126793,35.11768,380.4544,500.769,809.00584,764.12824,703.60128,76.07168,865.32168,814.72992,65.497328,0,0,0,0,0.76,-1.41,0,0
2025/07/02 11:30:07.033,n,30.768302,23.97064,1720.6534,1723.0536,1.788854,50.743192,51.430248,0.617929,880.39776,72.748848,-1.50547,-0.141335,34.988572,380.94152,498.62032,806.2848,679.05936,640.19184,75.913768,811.79584,770.69392,68.35496,0,0,0,0,0.74,-1.59,0,0
2025/07/02 11:31:00.135,n,30.567962,24.339976,1726.9472,1723.668,2,52.3629,51.600476,0.586302,883.2748,73.143064,-1.506355,-0.165695,34.919836,380.409,496.00084,808.79104,830.84112,747.58816,68.374704,950.52824,870.85136,67.47888,0,0,0,0,0.77,-1.42,0,0
2025/07/02 11:32:00.136,n,30.540764,24.624888,1724.3386,1725.5614,1.095445,51.061596,51.008272,0.09375,883.536,72.213488,-1.508499,-0.137306,34.912496,380.175,498.47356,809.95136,575.63752,640.41492,90.880416,723.72992,774.03976,78.127776,0,0,0,0,0.76,-1.47,0,0
2025/07/02 11:33:00.137,n,30.656212,24.08408,1724.462,1723.755,1.788854,50.849328,50.855224,0.03125,886.08864,72.804808,-1.499573,-0.105629,35.025184,381.69464,502.03428,811.88992,631.29132,633.25336,90.040264,761.538,760.37424,78.391328,0,0,0,0,0.75,-1.47,0,0
2025/07/02 11:34:00.135,n,30.837318,23.790182,1722.365,1722.7074,2.607681,50.638596,50.615008,0.041926,885.19696,73.396136,-1.499207,-0.082436,35.112628,382.3072,504.67492,810.38408,862.11136,799.24216,40.011872,965.00112,904.20536,37.285384,0,0,0,0,0.76,-1.49,0,0
2025/07/02 11:35:00.135,n,31.3255,23.11904,1723.1332,1723.7462,1.67332,51.86914,50.96674,0.449392,887.62192,75.7888,-1.497429,-0.093155,35.219752,383.17292,504.43492,810.4288,576.6826,665.59936,70.17728,700.09384,788.90488,67.08316,0,0,0,0,0.8,-1.49,0,0
2025/07/02 11:36:00.134,n,31.312706,23.016062,1723.8382,1723.127,1.264911,50.673972,50.955464,0.185931,885.9476,74.747296,-1.502602,-0.126793,35.190612,382.53172,501.2538,809.8244,578.80516,681.56488,102.9937,708.24472,794.86752,91.55736,0,0,0,0,0.74,-1.31,0,0
2025/07/02 11:37:00.135,n,31.234336,23.590574,1727.0308,1724.811,1.549193,50.990836,50.94316,0.104583,887.7196,74.029744,-1.489388,-0.078575,35.256172,384.11072,505.97192,812.27904,701.64504,606.52832,64.867944,822.98936,732.58816,59.924536,0,0,0,0,0.76,-1.48,0,0
2025/07/02 11:38:00.135,n,31.606896,23.009176,1724.637,1723.8844,1.414214,50.990836,51.084152,0.178973,887.51288,74.423336,-1.483299,-0.085777,35.327928,385.11488,505.8098,811.692,586.95556,704.73896,76.483984,710.61488,818.6192,70.06532,0,0,0,0,0.76,-1.47,0,0
2025/07/02 11:39:00.135,n,31.913536,23.239156,1722.6108,1725.5674,2.607681,50.849328,50.884704,0.052291,889.17096,75.296344,-1.471657,-0.037689,35.470324,387.07092,511.0294,812.44064,789.14016,697.16584,72.606136,896.66224,811.05008,66.45788,0,0,0,0,0.75,-1.46,0,0
2025/07/02 11:40:00.136,n,31.910416,22.065476,1724.8516,1724.0024,1.414214,52.152168,51.682508,0.453071,888.48312,76.14012,-1.507431,-0.136078,35.41214,383.58836,501.90364,810.97152,654.82228,786.8496,72.802128,780.75696,887.80208,61.723576,0,0,0,0,0.83,-1.45,0,0
2025/07/02 11:41:00.137,n,31.537284,22.806768,1723.8382,1723.7922,1.095445,51.343084,51.765056,0.518223,886.32136,74.918288,-1.513702,-0.14151,35.405516,383.00176,501.37708,810.03088,594.52248,684.59128,91.287464,738.46744,807.29664,80.62072,0,0,0,0,0.8,-1.5,0,0
2025/07/02 11:42:00.139,n,31.313408,22.853108,1724.9118,1724.4874,1.67332,51.238488,51.643544,0.658182,887.77848,74.341264,-1.516205,-0.156403,35.410664,382.81964,500.08884,812.07736,795.01248,695.15088,87.244192,906.0804,816.2136,77.637616,0,0,0,0,0.73,-1.46,0,0
2025/07/02 11:43:00.135,n,31.079766,23.136358,1725.4342,1726.314,1.414214,51.273864,51.743268,0.361475,887.98456,72.483336,-1.522995,-0.161491,35.459536,382.55784,499.96248,814.13968,701.82648,671.4476,82.433912,831.80496,799.0444,71.998952,0,0,0,0,0.75,-1.49,0,0
2025/07/02 11:44:00.135,n,31.108338,23.803654,1721.6888,1724.8814,1.897367,51.38,51.31514,0.116927,888.17984,72.931032,-1.517242,-0.11528,35.5552,383.69356,504.7046,813.84688,729.07352,664.99712,86.832024,851.18296,792.62768,76.011184,0,0,0,0,0.7,-1.48,0,0
2025/07/02 11:45:00.136,n,31.14833,23.182218,1720.201,1721.849,2.366432,51.236948,51.318984,0.327455,886.80984,72.114,-1.527077,-0.137482,35.590508,383.07852,502.96852,813.30624,817.67328,718.118,106.1532,929.50328,839.5464,91.958688,0,0,0,0,0.75,-1.47,0,0
2025/07/02 11:46:00.135,n,31.289146,23.585196,1719.1266,1717.8946,3.405877,51.447676,51.137228,0.151167,886.14688,72.141976,-1.498306,-0.085594,35.672528,386.11488,508.1242,812.59224,858.85152,804.5484,47.972908,966.59704,915.64728,46.052144,0,0,0,0,0.74,-1.45,0,0
2025/07/02 11:47:00.136,n,31.525772,22.823476,1718.6036,1718.829,2.280351,51.48306,51.541508,0.288111,887.3644,73.53604,-1.539581,-0.121086,35.662172,382.47528,504.90308,812.40992,689.81584,772.78872,42.993604,823.05456,887.54976,32.138764,0,0,0,0,0.76,-1.47,0,0
2025/07/02 11:48:00.136,n,31.652092,23.086172,1715.165,1715.7136,2.44949,51.587656,51.676356,0.355482,884.44912,74.014824,-1.538513,-0.137833,35.607124,382.2,503.04816,809.0336,738.00968,649.70988,69.144776,854.58584,774.65264,63.646684,0,0,0,0,0.79,-1.43,0,0
2025/07/02 11:49:00.137,n,31.612052,22.510732,1716.0528,1715.4924,1.095445,52.187544,51.58304,0.336573,885.74432,73.508056,-1.540299,-0.153076,35.594668,381.96248,501.61128,810.84904,730.16888,775.2916,52.355992,855.03896,895.39096,45.916228,0,0,0,0,0.75,-1.49,0,0
2025/07/02 11:50:00.139,n,31.154778,23.817422,1715.2556,1715.5788,1.095445,51.48306,51.588424,0.20492,883.66592,72.268824,-1.520996,-0.140457,35.54894,383.32712,502.42688,810.01664,681.86472,561.87996,65.283416,801.08192,695.43144,59.656936,0,0,0,0,0.75,-1.48,0,0
2025/07/02 11:51:00.141,n,31.293618,23.346374,1711.1234,1713.2358,1.67332,51.376924,51.465116,0.208229,884.76352,72.214104,-1.519257,-0.123543,35.617288,383.93364,504.38512,811.15368,662.8764,705.86264,86.401104,796.64928,832.884,79.068952,0,0,0,0,0.76,-1.47,0,0
2025/07/02 11:52:00.135,n,31.077598,23.331824,1711.897,1713.096,2,51.063132,51.085948,0.096825,886.9172,72.15752,-1.512283,-0.112823,35.641152,384.69616,505.49636,813.36024,805.44376,669.33588,103.32498,910.7384,788.66672,94.118008,0,0,0,0,0.76,-1.46,0,0
2025/07/02 11:53:00.135,n,31.28878,23.810926,1714.408,1713.724,1.095445,51.238488,51.2149,0.041926,889.96984,74.157208,-1.507103,-0.052948,35.7756,386.0428,511.71244,814.35856,808.7948,685.45552,111.53878,918.42832,802.58984,100.90466,0,0,0,0,0.76,-1.47,0,0
2025/07/02 11:54:00.135,n,31.5382,22.146472,1708.2514,1711.9324,2.366432,51.484596,51.4082,0.183286,886.95008,73.67844,-1.534088,-0.098244,35.834088,384.09956,508.0808,811.83584,830.058,753.2448,86.803224,931.59144,859.71976,75.9592,0,0,0,0,0.79,-1.46,0,0
2025/07/02 11:55:00.135,n,31.525422,22.582668,1712.9988,1711.1768,1.095445,51.484596,51.613544,0.22578,887.1448,73.338312,-1.5401,-0.118271,35.883624,383.91116,506.63388,812.38472,649.21568,588.91512,74.79188,766.49424,712.19272,64.921104,0,0,0,0,0.76,-1.47,0,0
2025/07/02 11:56:00.140,n,31.603692,21.182668,1712.2922,1711.9498,1.264911,51.44614,51.32924,0.185405,887.24272,74.336912,-1.574448,-0.173775,35.92018,381.18468,501.94936,811.50512,595.78172,691.7944,99.153168,758.10432,810.71584,80.919096,0,0,0,0,0.76,-1.47,0,0
2025/07/02 11:57:00.136,n,31.023178,22.446926,1714.1296,1713.4604,1.264911,51.658408,51.511508,0.139054,887.44944,73.506824,-1.55101,-0.157639,35.93274,383.29616,503.46636,812.54928,587.77248,638.69572,72.705576,715.41384,759.05416,66.565756,0,0,0,0,0.75,-1.45,0,0
2025/07/02 11:58:00.138,n,31.240806,22.470998,1710.2698,1711.2808,1.788854,51.270788,51.293856,0.071261,886.66624,72.18364,-1.543678,-0.123016,35.9651,384.14704,506.75784,813.06192,623.38084,691.68976,70.729768,750.85776,815.23528,62.644232,0,0,0,0,0.77,-1.46,0,0
2025/07/02 11:59:00.146,n,31.670784,22.032326,1708.524,1710.96,3.405877,51.552276,51.440504,0.087277,889.94784,72.97208,-1.532234,-0.097359,36.097556,386.02508,509.92456,815.54096,707.06008,716.45968,61.091736,814.83328,835.27152,52.05142,0,0,0,0,0.74,-1.47,0,0
2025/07/02 12:00:07.032,n,31.918342,22.532864,1711.374,1710.1886,2.44949,51.692248,51.7748,0.35383,890.26456,73.47884,-1.540993,-0.114578,36.16428,385.71496,508.84288,815.35928,685.97512,660.15436,68.63964,805.23616,775.9844,55.33444,0,0,0,0,0.77,-1.48,0,0
2025/07/02 12:01:00.136,n,32.151008,22.319568,1706.133,1708.6612,2.75681,52.292144,51.681224,0.308727,888.19128,74.379824,-1.567497,-0.120911,36.192444,383.61128,508.46956,812.36488,539.08888,626.81096,70.975352,658.617,739.04536,58.147656,0,0,0,0,0.75,-1.5,0,0
2025/07/02 12:02:00.135,n,31.73597,22.402136,1703.9776,1704.422,1.549193,51.552276,51.705068,0.3938,883.52224,71.873976,-1.574295,-0.19149,36.078768,382.26044,501.43856,810.26552,550.99156,611.43696,84.843968,679.992,730.4848,73.308936,0,0,0,0,0.79,-1.46,0,0
2025/07/02 12:03:00.135,n,31.27723,23.328552,1701.6476,1700.7826,1.788854,51.764544,51.79326,0.502921,881.24552,71.211768,-1.562843,-0.165878,36.041196,382.99916,503.46128,808.63672,815.3348,695.8104,90.273752,928.89144,818.40624,82.393568,0,0,0,0,0.94,-1.43,0,0
2025/07/02 12:04:00.137,n,31.21357,23.576498,1700.5732,1701.5344,1.095445,51.587656,52.04526,0.427109,882.62032,69.35136,-1.545143,-0.156944,35.987296,384.1692,503.89356,811.88064,668.6786,719.74512,90.95164,805.4368,843.1724,83.888616,0,0,0,0,0.73,-1.46,0,0
2025/07/02 12:05:00.138,n,31.367088,23.638364,1702.0184,1700.326,1.549193,52.536712,51.522792,0.557968,884.72152,70.971752,-1.569466,-0.16256,35.993588,382.10728,503.437,812.34288,627.4046,701.88136,97.973976,771.01016,832.28216,86.2708,0,0,0,0,0.76,-1.47,0,0
2025/07/02 12:06:00.141,n,31.611664,22.881528,1701.8654,1701.5478,1.095445,51.481516,51.892212,0.29448,883.42608,70.23928,-1.529228,-0.150284,35.947656,385.28032,504.21952,811.80784,612.98616,655.04512,85.752552,750.25384,788.90696,75.226328,0,0,0,0,0.76,-1.49,0,0
2025/07/02 12:07:00.145,n,31.458244,22.987974,1698.0606,1699.9522,2.898276,51.481516,51.599192,0.175668,882.64176,70.95808,-1.548897,-0.149063,35.89238,383.20868,503.95772,810.28384,618.0252,633.52288,92.41212,757.70696,762.20808,81.560408,0,0,0,0,0.74,-1.47,0,0
2025/07/02 12:08:00.143,n,31.292992,23.025604,1699.042,1697.0112,1.414214,51.692248,51.821972,0.236346,882.39128,71.492824,-1.53833,-0.153969,35.90146,384.1836,503.58284,809.51416,678.40216,639.59264,72.961288,808.68008,771.20904,62.573956,0,0,0,0,0.79,-1.47,0,0
2025/07/02 12:09:00.145,n,31.26262,22.929462,1692.4512,1694.7286,2.19089,51.376924,51.546376,0.151812,882.17376,71.619664,-1.56266,-0.14135,35.862844,381.82044,504.44508,809.13272,625.06416,657.756,93.60048,763.15304,785.74168,83.065032,0,0,0,0,0.76,-1.47,0,0
2025/07/02 12:10:00.137,n,31.008224,23.77243,1690.269,1690.8378,1.264911,51.306168,51.393328,0.07526,878.5972,71.07,-1.526535,-0.106842,35.877464,385.04332,507.6076,806.10752,711.98648,663.554,81.409768,851.30584,790.59736,78.019224,0,0,0,0,0.76,-1.47,0,0
2025/07/02 12:11:00.135,n,31.17624,23.700214,1692.2358,1689.5264,1.67332,52.010656,51.598936,0.263688,881.792,72.450384,-1.532967,-0.134872,35.879564,384.50092,505.13216,807.94352,676.31904,682.28928,78.246408,811.37712,808.3732,65.37316,0,0,0,0,0.78,-1.43,0,0
2025/07/02 12:12:00.136,n,31.467308,23.335418,1687.227,1689.8086,1.549193,52.115252,51.634312,0.237171,883.28448,72.985752,-1.539948,-0.119499,35.902512,384.0506,506.651,808.87832,823.21696,759.42864,71.002464,933.91128,880.42456,62.758268,0,0,0,0,0.76,-1.46,0,0
2025/07/02 12:13:00.139,n,31.42575,22.835028,1686.6734,1687.267,2.44949,51.44614,51.499208,0.64469,880.04824,72.774336,-1.536903,-0.148186,35.808548,383.68532,503.47476,805.8852,588.05976,673.90272,79.342928,732.6564,801.02904,69.404608,0,0,0,0,0.78,-1.48,0,0
2025/07/02 12:14:00.140,n,31.291474,23.918574,1689.3476,1687.6768,2.75681,51.481516,51.422808,0.057622,882.38072,71.760816,-1.504387,-0.123016,35.850284,386.77728,505.98916,809.23856,771.16328,677.33216,100.02924,886.26776,801.86616,84.076456,0,0,0,0,0.77,-1.47,0,0
2025/07/02 12:15:00.143,n,31.802796,23.04611,1684.7662,1687.7436,3.03315,51.621496,51.563812,0.097828,885.6164,72.437336,-1.493469,-0.053116,35.938608,388.31292,512.78828,811.73872,592.28828,666.46076,94.889144,724.60032,788.08568,80.391224,0,0,0,0,0.77,-1.47,0,0
2025/07/02 12:16:00.145,n,32.259094,21.70319,1685.172,1686.5866,1.264911,52.258304,51.677124,0.523473,886.3336,76.180544,-1.540657,-0.10157,35.983488,384.5316,508.78572,808.714,561.23156,614.01408,68.744456,678.57384,732.62016,64.40342,0,0,0,0,0.78,-1.42,0,0
2025/07/02 12:17:00.147,n,31.956016,21.582584,1680.034,1681.1724,2.097618,51.695328,51.68918,0.455007,880.31272,74.857976,-1.541374,-0.144501,35.929264,384.10636,504.60984,804.05784,788.00992,678.98736,99.690016,889.26576,792.8828,86.789688,0,0,0,0,0.77,-1.42,0,0
2025/07/02 12:18:00.148,n,31.384202,21.980536,1678.3414,1678.9974,0,51.624568,51.512544,0.293484,877.03312,72.818488,-1.532974,-0.144325,35.860476,384.37256,504.16496,802.826,546.47864,618.13432,83.163096,683.12608,745.83176,71.906192,0,0,0,0,0.8,-1.43,0,0
2025/07/02 12:19:00.136,n,31.355438,23.013544,1670.9564,1675.0386,2.75681,51.02622,51.05006,0.161777,876.21384,72.283128,-1.511353,-0.106659,35.888672,386.43164,507.69884,802.526,574.70624,659.58684,83.01084,711.29856,785.67672,70.63816,0,0,0,0,0.76,-1.47,0,0
2025/07/02 12:20:00.137,n,31.408172,23.471454,1670.0922,1671.7876,2.720294,51.203108,51.132096,0.164768,874.57464,72.128296,-1.511894,-0.094009,35.878184,386.31456,508.752,801.02848,791.93328,676.16376,97.815136,909.27024,796.79128,89.22612,0,0,0,0,0.77,-1.49,0,0
2025/07/02 12:21:00.139,n,31.772484,22.383076,1669.815,1672.5892,2.280351,50.99238,51.015192,0.128847,877.82992,73.437176,-1.517067,-0.090843,35.95962,386.41248,509.5786,802.96648,774.94744,657.72984,106.473,873.29512,772.78512,89.456696,0,0,0,0,0.8,-1.47,0,0
2025/07/02 12:22:00.139,n,31.649528,23.323456,1672.25,1671.6644,2.144761,51.273864,51.126708,0.095811,878.61576,73.042952,-1.494911,-0.068733,36.04936,388.93032,512.14344,804.14664,823.28,704.54632,92.2838,924.1252,815.27584,82.232904,0,0,0,0,0.76,-1.47,0,0
2025/07/02 12:23:00.142,n,31.984832,22.893378,1665.6204,1668.2522,2.48998,51.624568,51.536896,0.145908,877.38224,74.366136,-1.521538,-0.104195,36.054544,386.6618,509.02888,801.59872,545.6584,595.6768,54.452732,669.44744,711.2356,49.393824,0,0,0,0,0.77,-1.42,0,0
2025/07/02 12:24:00.145,n,31.848046,21.94227,1667.2552,1667.1164,1.341641,51.555352,51.75378,0.323555,876.36088,72.618896,-1.530808,-0.151863,35.978212,385.3484,504.28392,802.36304,580.27216,634.00592,80.151104,711.4108,755.60672,72.123856,0,0,0,0,0.76,-1.54,0,0
2025/07/02 12:25:00.146,n,31.510986,22.131626,1665.4354,1665.9136,0.632456,51.164652,51.28848,0.148561,874.23032,72.013256,-1.532059,-0.150986,35.927096,384.89772,504.01944,800.836,608.10332,678.38784,100.46542,744.5488,802.376,86.707264,0,0,0,0,0.78,-1.47,0,0
2025/07/02 12:26:00.148,n,31.348,22.673178,1662.5952,1663.522,1.264911,50.953924,51.20618,0.208698,873.53024,71.647024,-1.510796,-0.133896,35.929228,386.75136,505.55144,800.50632,651.4998,624.93268,78.280264,766.1108,751.81904,70.226416,0,0,0,0,0.78,-1.46,0,0
2025/07/02 12:27:00.150,n,31.566978,22.540802,1659.941,1661.3188,2.097618,50.953924,51.200548,0.302012,874.43392,72.646872,-1.515434,-0.128273,35.903136,386.1754,505.87612,800.39992,776.80208,663.13244,87.760184,882.3052,786.18872,78.962016,0,0,0,0,0.8,-1.41,0,0
2025/07/02 12:28:00.136,n,31.638848,22.863752,1661.725,1660.4996,1.788854,50.778568,51.125172,0.223607,874.63064,72.717136,-1.507935,-0.121414,35.890708,386.74104,506.40212,800.52688,758.56624,676.10928,103.9863,882.49152,801.60872,90.781048,0,0,0,0,0.76,-1.46,0,0
2025/07/02 12:29:00.140,n,31.635628,23.40047,1658.604,1659.7114,0.774597,51.095436,50.925464,0.154364,875.46128,72.182392,-1.499886,-0.092422,35.917824,387.61876,509.15828,801.87136,729.09504,669.34784,85.491816,854.79672,795.03208,75.579096,0,0,0,0,0.75,-1.45,0,0
2025/07/02 12:30:07.065,n,31.94857,22.417072,1653.0044,1654.3784,1.549193,51.166192,51.036728,0.125779,871.88496,71.773872,-1.505074,-0.108765,35.984572,387.6172,508.1542,798.7148,590.68488,696.01152,89.71204,731.3372,821.67232,77.114208,0,0,0,0,0.77,-1.46,0,0
2025/07/02 12:31:00.145,n,32.049102,22.875812,1646.8766,1650.9766,3.872984,50.884704,50.984432,0.182752,869.72776,72.097824,-1.483399,-0.070305,36.021096,389.7368,511.8144,796.21688,575.9544,648.29048,85.003232,709.71952,764.56584,73.492512,0,0,0,0,0.76,-1.48,0,0
2025/07/02 12:32:00.146,n,32.444512,22.363752,1645.8594,1648.2212,2.19089,51.02622,50.884704,0.077812,872.3444,74.617344,-1.527222,-0.060303,36.139952,386.743,513.4998,796.26016,641.41632,667.07288,80.682088,754.1556,779.74024,72.142216,0,0,0,0,0.78,-1.47,0,0
2025/07/02 12:33:00.147,n,32.13601,22.573832,1641.4828,1643.3628,1.897367,50.95546,51.265912,0.254261,865.68528,72.816616,-1.51725,-0.13179,36.116936,387.45124,506.99664,791.48312,735.15168,672.24848,92.008424,853.62432,791.97904,79.633848,0,0,0,0,0.77,-1.48,0,0
2025/07/02 12:34:00.149,n,31.933372,22.757572,1638.9486,1640.9638,1.732051,50.849328,51.113636,0.357946,864.38464,72.211616,-1.537079,-0.17308,36.173228,386.1136,503.70732,790.80904,607.58936,688.23456,75.648528,746.20968,807.632,64.230444,0,0,0,0,0.76,-1.49,0,0
2025/07/02 12:35:00.138,n,31.748162,23.220998,1642.0028,1641.1592,2.32379,52.575168,51.178756,0.688352,867.14408,73.450232,-1.52636,-0.156418,36.226412,387.39796,505.5442,792.32384,860.97264,822.62008,37.654352,984.21304,937.79952,41.427044,0,0,0,0,0.79,-1.48,0,0
2025/07/02 12:36:00.136,n,31.748162,23.486918,1639.4428,1640.666,1.48324,50.744728,51.219256,0.468333,864.48344,70.15472,-1.505814,-0.148712,36.109652,388.39164,505.44492,792.97168,753.48192,768.43344,32.947686,892.194,898.59304,28.668798,0,0,0,0,0.82,-1.52,0,0
2025/07/02 12:37:00.137,n,31.642746,23.56431,1638.271,1638.1724,2.44949,50.744728,50.867524,0.168866,864.49456,70.23928,-1.51207,-0.140831,36.060704,387.52216,505.81652,792.884,739.1284,770.50112,68.297872,863.62272,893.29,61.966928,0,0,0,0,0.74,-1.49,0,0
2025/07/02 12:38:00.135,n,31.404656,23.35435,1631.9734,1634.1504,1.732051,50.778568,50.961352,0.239629,860.7196,69.759872,-1.516884,-0.152565,35.986608,386.60908,504.2778,789.59536,859.0376,825.77904,37.905804,984.64224,938.63272,43.84632,0,0,0,0,0.77,-1.47,0,0
2025/07/02 12:39:00.135,n,31.243134,23.970072,1626.7828,1630.7944,2.04939,50.744728,51.008272,0.370019,860.2596,70.450688,-1.500458,-0.127914,35.946968,387.76444,506.20144,788.4364,903.60496,840.78296,40.545036,1022.0446,964.81464,41.32554,0,0,0,0,0.77,-1.47,0,0
2025/07/02 12:40:00.135,n,31.405876,23.940724,1628.5758,1631.1958,1.67332,50.849328,50.837788,0.07526,862.81248,70.57692,-1.48774,-0.099625,35.955916,388.92448,508.77376,790.84744,735.9092,741.36032,39.430952,845.83712,852.57864,33.615472,0,0,0,0,0.77,-1.47,0,0
2025/07/02 12:41:00.135,n,31.709488,23.263036,1632.2246,1630.8086,1.48324,50.813944,50.668076,0.139754,865.6984,73.111976,-1.499031,-0.112976,36.0049,388.27608,507.91636,791.20032,865.022,827.64456,44.737568,983.212,936.1972,47.387764,0,0,0,0,0.75,-1.49,0,0
2025/07/02 12:42:00.135,n,32.006362,23.169386,1630.6798,1629.8356,1,51.8353,50.995968,0.449392,865.42512,73.407336,-1.498489,-0.130379,36.022636,388.44172,506.48964,790.64968,608.0088,761.57168,111.35036,736.192,872.87088,98.829144,0,0,0,0,0.79,-1.45,0,0
2025/07/02 12:43:00.135,n,31.826042,23.140284,1629.4142,1627.8586,1.341641,50.884704,51.119532,0.360393,863.40328,70.21068,-1.486305,-0.149414,35.991328,389.28596,504.58928,791.85568,564.55616,556.94312,17.51428,680.64368,679.31272,13.595956,0,0,0,0,0.76,-1.46,0,0
2025/07/02 12:44:00.136,n,31.945762,23.049316,1623.045,1625.5034,2.144761,51.272328,50.756012,0.273504,863.8184,71.365976,-1.500824,-0.12809,35.985064,387.98808,506.44124,791.07976,769.7944,664.79376,106.34826,873.33408,785.66496,94.1204,0,0,0,0,0.78,-1.47,0,0
2025/07/02 12:45:00.138,n,31.72863,23.276856,1629.3822,1626.0704,1.949359,50.321728,50.473752,0.195156,864.25584,70.57692,-1.482903,-0.12616,35.850448,388.6368,505.71104,792.32224,871.69528,793.94144,67.832888,985.38832,909.5596,70.534384,0,0,0,0,0.77,-1.55,0,0
2025/07/02 12:46:00.136,n,31.934632,23.302686,1618.9006,1621.5966,2,50.603216,50.432736,0.114394,864.79184,71.788792,-1.467674,-0.05381,35.98612,390.86272,513.045,791.5892,783.42384,814.84056,46.420904,885.76136,923.11456,43.948832,0,0,0,0,0.75,-1.48,0,0
2025/07/02 12:47:00.135,n,32.333312,22.56333,1616.671,1617.2588,2.645751,50.603216,50.59732,0.15625,862.40768,72.323536,-1.482185,-0.093475,36.037292,389.95032,509.8652,788.69544,881.64064,827.78584,34.62008,983.71744,936.34496,27.761484,0,0,0,0,0.75,-1.47,0,0
2025/07/02 12:48:00.135,n,32.435364,21.68247,1611.808,1614.8126,3.405877,50.427864,50.626544,0.211024,861.95904,72.900568,-1.495087,-0.085228,36.126936,389.43544,511.1988,787.64864,610.97948,652.22028,94.8902,723.15784,763.21304,83.899344,0,0,0,0,0.76,-1.47,0,0
2025/07/02 12:49:00.135,n,32.545326,22.12832,1614.0398,1613.8168,1.843909,50.990836,50.603216,0.25,863.19512,74.575056,-1.511185,-0.105248,36.216544,388.64448,510.02248,787.21408,600.27,705.77664,89.698384,719.61728,813.53544,80.4534,0,0,0,0,0.78,-1.5,0,0
2025/07/02 12:50:00.135,n,32.534096,22.851904,1613.761,1612.9286,3.605551,50.321728,50.45042,0.092702,860.13056,74.139184,-1.489174,-0.068024,36.307204,391.15764,513.93744,784.57016,528.92236,575.56616,45.625924,638.83604,683.89848,38.431108,0,0,0,0,0.75,-1.48,0,0
2025/07/02 12:51:00.135,n,32.702942,21.728956,1608.8026,1609.0762,1,50.390944,50.532208,0.139754,857.92824,74.377952,-1.527626,-0.14521,36.370788,388.25872,507.50988,782.16784,804.98488,648.39696,95.461248,881.12656,750.0012,81.508288,0,0,0,0,0.76,-1.48,0,0
2025/07/02 12:52:00.135,n,32.369988,22.927442,1605.2986,1606.0262,1.843909,50.357104,50.39146,0.064043,856.162,73.421632,-1.487923,-0.091545,36.463416,392.3164,512.89904,781.344,597.1748,668.26808,78.384632,698.91224,761.79368,68.712808,0,0,0,0,0.76,-1.48,0,0
2025/07/02 12:53:00.138,n,32.256798,22.75923,1601.1124,1601.5444,1.67332,50.49862,50.93162,0.48734,854.7132,72.211,-1.523155,-0.13266,36.50608,389.55592,509.53496,781.11168,743.10544,666.4944,72.853968,827.46544,761.01304,61.297636,0,0,0,0,0.77,-1.48,0,0
2025/07/02 12:54:00.138,n,32.40889,21.961016,1603.5222,1601.292,1.48324,50.567836,50.497592,0.080283,854.97048,72.025696,-1.537575,-0.136536,36.56012,388.67264,509.5548,781.54368,644.58252,665.14276,71.27868,749.36728,766.43256,62.345808,0,0,0,0,0.77,-1.48,0,0
2025/07/02 12:55:00.137,n,32.724266,21.73543,1601.8616,1599.6108,1.897367,51.093896,50.524768,0.285728,857.89944,71.532616,-1.505241,-0.094711,36.653772,392.10092,513.90052,784.95632,821.20096,707.26104,91.33784,904.84472,799.48512,81.8462,0,0,0,0,0.77,-1.51,0,0
2025/07/02 12:56:00.135,n,32.343506,22.294854,1592.9264,1596.3074,3.34664,50.354032,50.483488,0.098821,856.67136,71.54692,-1.505241,-0.08049,36.72028,392.54948,515.61208,783.69968,554.43144,640.44152,103.9358,662.93164,739.19096,86.141168,0,0,0,0,0.74,-1.5,0,0
2025/07/02 12:57:00.135,n,32.515624,21.82327,1594.5664,1592.8074,1.183216,50.564764,51.081592,0.439949,854.8388,70.588728,-1.516663,-0.129852,36.735888,391.66692,511.33364,782.86328,576.57012,672.39976,88.520336,697.94288,780.16256,79.60056,0,0,0,0,0.76,-1.47,0,0
2025/07/02 12:58:00.135,n,32.603226,21.495928,1594.0404,1594.3182,1.183216,51.938364,51.580476,0.77245,857.06592,71.96912,-1.532036,-0.154678,36.674532,389.92304,508.7148,783.71944,853.22592,693.4912,114.75408,950.99704,805.98928,106.22712,0,0,0,0,0.74,-1.51,0,0
2025/07/02 12:59:00.137,n,32.455078,21.2304,1592.1838,1592.2452,0,50.670896,51.234128,0.744249,854.28944,69.222024,-1.521133,-0.125809,36.637144,390.614,511.0266,783.67208,746.0208,683.77584,79.221208,856.1172,797.19064,69.892416,0,0,0,0,0.77,-1.53,0,0
2025/07/02 13:00:07.023,n,32.26226,21.389092,1590.2644,1590.0582,2.280351,51.235408,51.527924,0.719158,855.0364,69.630536,-1.539002,-0.148018,36.584056,388.7104,508.69624,784.0148,726.0164,711.232,100.7936,838.34424,829.41312,90.70888,0,0,0,0,0.76,-1.47,0,0
2025/07/02 13:01:00.137,n,32.40496,21.088714,1589.181,1588.9436,0.774597,51.058516,51.480756,0.805377,856.7004,70.70128,-1.541679,-0.145737,36.466236,387.68532,508.1054,784.6032,733.598,649.32904,107.80538,853.80416,768.21432,103.17898,0,0,0,0,0.8,-1.46,0,0
2025/07/02 13:02:00.137,n,32.449584,20.999018,1587.8736,1587.7806,1.549193,50.847784,50.807024,0.371336,856.5032,71.096112,-1.540253,-0.122986,36.426756,387.54292,509.86012,783.98976,588.15324,638.22636,107.17976,725.06912,764.94656,94.127568,0,0,0,0,0.77,-1.48,0,0
2025/07/02 13:03:00.141,n,32.330056,21.450922,1577.5846,1580.9692,3.464102,50.601676,50.730632,0.345733,851.80304,69.940816,-1.536141,-0.107704,36.406956,387.7654,511.084,780.43384,710.12344,673.66072,77.883248,822.9548,796.92752,66.310632,0,0,0,0,0.75,-1.47,0,0
2025/07/02 13:04:00.135,n,32.365112,21.802434,1575.7854,1575.0768,1.897367,50.389408,50.472728,0.298433,849.83432,69.87056,-1.53846,-0.118599,36.359076,387.24272,509.79444,778.54392,766.95408,677.08,90.347104,863.78544,790.5252,77.308472,0,0,0,0,0.76,-1.49,0,0
2025/07/02 13:05:00.136,n,32.718728,20.746918,1571.8746,1570.9848,2.44949,50.10792,50.220212,0.090571,845.8292,71.50464,-1.533997,-0.101906,36.422528,388.0556,511.70372,772.89248,825.8764,690.4172,89.438808,909.27128,792.83616,78.523248,0,0,0,0,0.76,-1.47,0,0
2025/07/02 13:06:00.135,n,32.564232,21.42851,1570.0436,1566.8384,2.966479,50.214056,50.026656,0.103645,847.37904,71.68744,-1.534889,-0.127029,36.408,387.88068,509.37476,774.28368,721.0844,638.19084,82.32952,800.76048,734.29776,68.52116,0,0,0,0,0.78,-1.44,0,0
2025/07/02 13:07:00.136,n,32.122132,21.972702,1563.8296,1564.6582,1.095445,50.10792,50.090744,0.098821,844.8992,71.264,-1.541138,-0.136696,36.387408,387.2018,508.37792,772.2308,749.30264,711.31008,102.79518,853.0144,816.77688,96.774992,0,0,0,0,0.75,-1.47,0,0
2025/07/02 13:08:00.136,n,32.07589,22.206736,1561.7622,1563.1296,2.569047,50.178676,49.967176,0.197642,844.57,71.109176,-1.54525,-0.132828,36.3739,386.75508,508.63048,772.0484,805.57224,664.76532,85.347816,903.44688,780.75312,77.300064,0,0,0,0,0.77,-1.46,0,0
2025/07/02 13:09:00.136,n,31.846062,21.891794,1557.2828,1558.4752,1,49.967944,50.020756,0.151167,840.74624,69.432192,-1.552223,-0.148193,36.4041,386.35484,507.46892,769.91,688.97512,583.5478,56.708904,804.64368,706.69256,53.55838,0,0,0,0,0.77,-1.48,0,0
2025/07/02 13:10:00.138,n,31.846062,22.382126,1555.167,1557.6144,1.788854,49.897192,50.020496,0.118585,838.42424,69.743088,-1.539352,-0.144859,36.448824,387.76936,508.06608,767.28664,739.30856,611.31908,82.05852,845.10072,729.07544,70.03892,0,0,0,0,0.76,-1.46,0,0
2025/07/02 13:11:00.141,n,32.021644,21.905564,1553.9828,1554.647,0.774597,49.897192,50.079204,0.261082,840.2508,69.883616,-1.530769,-0.112091,36.432196,388.39992,510.86428,768.94848,622.76756,762.00888,85.78636,769.29312,875.44456,74.552664,0,0,0,0,0.77,-1.51,0,0
2025/07/02 13:12:00.142,n,32.158806,21.290476,1552.1456,1551.392,2.863564,49.791052,49.902828,0.139054,840.11888,71.109176,-1.522018,-0.101021,36.471716,389.42288,512.1134,767.58872,545.91504,541.03804,22.626866,664.6422,663.64876,19.532024,0,0,0,0,0.76,-1.48,0,0
2025/07/02 13:13:00.135,n,32.479164,19.235006,1549.6846,1551.3412,2.144761,49.932568,49.90898,0.103645,840.1848,72.348408,-1.546326,-0.144508,36.54146,387.78996,508.72108,766.43464,559.36132,596.10296,43.75614,674.52456,703.43656,41.063976,0,0,0,0,0.75,-1.47,0,0
2025/07/02 13:14:00.135,n,32.4505,19.99614,1546.403,1546.9352,0.894427,49.68646,49.751064,0.094786,837.48832,72.700344,-1.531487,-0.100327,36.613244,389.55736,513.1286,763.3568,860.17624,748.62568,90.756824,950.99376,851.4712,82.503336,0,0,0,0,0.76,-1.46,0,0
2025/07/02 13:15:00.135,n,32.41388,19.913376,1538.577,1542.1796,3.130495,49.827968,49.598012,0.123428,836.34248,71.602256,-1.52256,-0.107697,36.65794,390.63072,512.77528,763.32528,595.60744,633.02984,83.907384,698.8092,736.84896,72.132512,0,0,0,0,0.76,-1.47,0,0
2025/07/02 13:16:00.135,n,32.67511,20.615476,1538.1408,1539.8092,1.414214,49.7203,49.70338,0.050389,837.48832,71.940512,-1.511833,-0.066612,36.753628,392.2044,517.06972,764.10256,755.3716,655.65376,81.643432,846.60512,755.3884,74.461736,0,0,0,0,0.77,-1.48,0,0
2025/07/02 13:17:00.136,n,33.451042,20.254734,1532.6388,1512.8508,57.461292,49.791052,49.721324,0.064043,838.82056,73.179128,-1.536133,-0.088554,36.860704,390.82536,515.84404,764.19384,650.62648,680.8652,69.84912,712.51672,751.62328,64.414672,0,0,0,0,0.76,-1.48,0,0
2025/07/02 13:18:00.138,n,33.342544,20.154734,1533.1976,1533.996,1.414214,49.757212,49.750804,0.09375,834.1704,73.024304,-1.550613,-0.156776,36.87838,389.6924,509.90488,759.75232,638.46044,713.87552,87.250784,730.45864,783.00736,77.519024,0,0,0,0,0.77,-1.48,0,0
2025/07/02 13:19:00.142,n,32.975944,21.086862,1530.647,1530.6364,1.183216,49.932568,50.108428,0.415754,831.9304,72.827192,-1.54615,-0.161682,36.952132,390.57692,509.96768,757.71872,661.85644,739.72536,81.975304,765.94784,822.75656,67.734408,0,0,0,0,0.78,-1.47,0,0
2025/07/02 13:20:00.142,n,32.89347,20.698468,1525.3872,1528.7748,2.097618,50.635516,51.099536,0.558318,831.83048,69.82828,-1.547234,-0.176582,36.849452,389.78924,507.9504,760.63152,591.56348,717.3096,94.876232,724.91904,817.4024,74.176472,0,0,0,0,0.86,-1.44,0,0
2025/07/02 13:21:00.144,n,32.700942,20.986894,1525.7488,1526.8282,0.894427,50.00486,50.116124,0.48513,831.51016,67.629608,-1.535439,-0.157822,36.84526,390.78112,509.58812,762.50296,785.40264,651.73596,101.4697,889.17056,768.3984,90.852632,0,0,0,0,0.75,-1.47,0,0
2025/07/02 13:22:00.136,n,32.767738,21.169806,1523.7554,1523.6152,1.788854,49.511104,49.916412,0.293484,831.33336,68.404984,-1.532219,-0.125793,36.819288,390.88416,512.25708,761.522,752.69512,713.14064,81.96188,875.41616,832.73272,72.899592,0,0,0,0,0.8,-1.5,0,0
2025/07/02 13:23:00.136,n,32.818718,20.712334,1519.5492,1519.4454,0.894427,49.511104,49.729016,0.185931,830.2952,69.166064,-1.523644,-0.108749,36.822468,391.64764,513.7924,759.71432,662.8582,674.11992,81.608208,790.24424,794.95408,69.105352,0,0,0,0,0.77,-1.5,0,0
2025/07/02 13:24:00.136,n,33.044396,21.278496,1510.1908,1517.3602,4.024922,49.371128,49.553148,0.121835,830.85856,70.533384,-1.499863,-0.071701,36.850504,393.89404,517.27184,758.89704,831.69368,749.18344,60.414404,934.14024,858.05744,54.818796,0,0,0,0,0.76,-1.49,0,0
2025/07/02 13:25:00.135,n,33.452996,20.501494,1507.2242,1510.8828,1.897367,49.477264,49.4706,0.128087,827.39824,70.913304,-1.517929,-0.072403,36.889956,392.59792,517.47624,755.03936,758.18536,736.806,91.278144,852.32336,835.4764,83.554768,0,0,0,0,0.77,-1.48,0,0
2025/07/02 13:26:00.138,n,33.633264,20.480826,1508.224,1507.4118,0.894427,49.371128,49.400356,0.052291,826.5996,71.828592,-1.512207,-0.048019,36.95522,393.53424,520.08312,753.3068,719.67752,711.0884,81.160328,829.3732,817.24824,68.57076,0,0,0,0,0.78,-1.49,0,0
2025/07/02 13:27:00.139,n,33.799036,19.878972,1502.629,1502.394,2.529822,49.12348,49.206028,0.073951,825.2476,72.856416,-1.537224,-0.062759,36.99674,391.65092,519.0548,750.91672,722.00648,703.74808,78.281864,813.4288,801.9116,71.36,0,0,0,0,0.74,-1.51,0,0
2025/07/02 13:28:00.142,n,33.709732,20.099674,1499.0344,1498.9968,2.932576,49.017344,49.082716,0.237582,822.3132,71.194976,-1.51828,-0.087677,37.003004,393.33228,516.88448,749.6876,619.30676,635.72364,52.853572,726.75448,738.0148,47.023928,0,0,0,0,0.75,-1.49,0,0
2025/07/02 13:29:00.144,n,33.950356,19.625406,1495.1854,1494.6014,2,49.440348,49.118352,0.164174,821.30848,71.772,-1.557243,-0.092766,37.060104,390.34792,516.81872,748.072,822.37024,759.10712,65.016152,908.36832,853.38032,56.087432,0,0,0,0,0.76,-1.45,0,0
2025/07/02 13:30:07.027,n,34.03634,19.922086,1489.4124,1490.6388,3.098387,49.792592,49.106048,0.347142,820.0384,72.123944,-1.557777,-0.112267,37.092272,390.51976,515.30488,746.46888,639.62608,739.27616,80.938864,748.02848,842.03352,74.760288,0,0,0,0,0.75,-1.49,0,0
2025/07/02 13:31:00.135,n,33.971284,19.186374,1489.4428,1489.214,0.774597,49.264996,49.375996,0.284014,818.876,70.023512,-1.559898,-0.10611,37.101296,390.39728,515.91272,747.3988,640.99816,707.77776,65.359392,755.5968,806.112,55.604404,0,0,0,0,0.74,-1.48,0,0
2025/07/02 13:32:00.135,n,33.45488,19.725046,1486.4246,1487.8292,1.612452,48.946592,49.11066,0.193144,819.49504,68.684792,-1.561516,-0.124214,37.063972,390.00456,514.05208,749.37296,617.32032,660.19316,102.02868,736.27096,774.21776,87.276,0,0,0,0,0.78,-1.57,0,0
2025/07/02 13:33:00.137,n,33.050568,20.608728,1484.3978,1486.7266,2.932576,49.017344,49.063748,0.153093,817.47352,68.066104,-1.565117,-0.116302,37.03934,389.52632,514.58796,747.95864,590.49756,686.96232,96.722024,720.15816,800.79976,82.636256,0,0,0,0,0.77,-1.47,0,0
2025/07/02 13:34:00.140,n,33.283676,19.654724,1480.5488,1482.2922,2,48.981968,48.841992,0.116927,815.82456,69.518,-1.586235,-0.141785,37.0663,387.88216,512.50752,744.86208,624.8788,709.74912,86.224712,752.8504,822.77384,70.460624,0,0,0,0,0.75,-1.49,0,0
2025/07/02 13:35:00.142,n,33.130456,20.283972,1480.3302,1480.1578,2.863564,48.806612,48.871476,0.087277,814.29608,70.095024,-1.565834,-0.137573,37.168032,390.336,513.57056,742.7728,617.0868,708.7324,94.359152,750.01008,822.45088,84.098456,0,0,0,0,0.76,-1.49,0,0
2025/07/02 13:36:00.143,n,33.090508,20.387488,1478.7998,1475.109,7.98749,48.806612,48.748164,0.055902,814.50656,70.504168,-1.540627,-0.108223,37.22822,392.92448,516.58516,742.56992,638.89684,671.89664,76.501632,754.80112,779.63224,60.905256,0,0,0,0,0.77,-1.5,0,0
2025/07/02 13:37:00.144,n,33.355454,20.289198,1472.049,1473.2368,2.236068,49.018888,48.877368,0.08149,813.17712,71.025232,-1.574417,-0.126846,37.28732,390.40252,515.33228,740.70432,668.88856,700.42432,53.170952,765.40952,793.3376,43.014532,0,0,0,0,0.75,-1.51,0,0
2025/07/02 13:38:00.147,n,33.229378,20.456628,1468.0144,1468.7338,1.788854,48.70048,48.788924,0.109152,810.67072,69.264304,-1.557968,-0.118408,37.327768,392.0998,516.356,739.96688,711.6068,691.28584,85.06292,806.39048,796.97856,73.776688,0,0,0,0,0.77,-1.47,0,0
2025/07/02 13:39:00.149,n,33.391068,19.950572,1337.8744,1440.244,51.115556,49.018888,48.859684,0.104583,810.5288,70.275968,-1.58223,-0.162735,37.339472,390.08064,512.49892,738.83336,815.49064,727.08032,99.06892,903.72832,832.30248,86.594752,0,0,0,0,0.77,-1.48,0,0
2025/07/02 13:40:00.135,n,32.83789,20.633824,1458.4082,1461.3894,2.280351,48.558968,48.500004,0.052291,805.46328,68.90864,-1.589203,-0.181496,37.30316,389.23096,510.58632,735.14688,729.64832,579.55048,78.70848,817.28712,689.06064,68.410888,0,0,0,0,0.76,-1.46,0,0
2025/07/02 13:41:00.136,n,32.650146,20.848032,1454.145,1456.6374,1.843909,48.73586,48.594344,0.116927,803.45824,68.444152,-1.577217,-0.164665,37.41304,391.01388,512.82716,733.6016,823.72008,705.30928,93.459616,923.46432,813.21904,83.216288,0,0,0,0,0.75,-1.48,0,0
2025/07/02 13:42:00.136,n,32.740486,21.215962,1452.8286,1454.1714,0.632456,48.875836,48.78226,0.097828,802.65048,69.19156,-1.560967,-0.173615,37.467428,392.7892,512.40192,732.07152,746.31384,669.73308,92.57456,833.30472,776.29912,81.758792,0,0,0,0,0.76,-1.48,0,0
2025/07/02 13:43:00.139,n,33.244004,20.725728,1445.8838,1450.2048,2.569047,48.383612,48.389512,0.024206,802.52824,69.445248,-1.550064,-0.139488,37.525388,394.12632,515.82668,731.6724,625.33684,711.50048,94.215976,738.06888,811.116,81.812592,0,0,0,0,0.77,-1.49,0,0
2025/07/02 13:44:00.140,n,33.718668,20.090364,1446.6062,1448.1498,2.408319,48.7697,48.541792,0.219196,802.61136,69.515512,-1.559174,-0.151871,37.539324,393.43312,514.82184,731.68856,793.04048,776.36744,45.64592,900.7764,875.67824,38.9705,0,0,0,0,0.77,-1.55,0,0
2025/07/02 13:45:00.143,n,33.733024,20.109358,1442.6394,1443.1314,0.447214,48.418992,48.4254,0.080283,803.02136,68.796712,-1.561142,-0.121559,37.552772,393.35424,517.60516,732.78512,697.59016,725.99776,92.739152,809.38688,826.15312,80.490056,0,0,0,0,0.76,-1.44,0,0
2025/07/02 13:46:00.146,n,33.551284,19.799008,1439.749,1440.466,1,48.877372,49.09964,0.588629,800.93704,69.19156,-1.582428,-0.195,37.51036,391.22436,510.79436,730.35808,677.11408,708.56448,54.27384,805.44008,817.28104,47.688572,0,0,0,0,0.78,-1.5,0,0
2025/07/02 13:47:00.149,n,33.049904,20.52687,1434.2158,1436.8716,2.04939,49.475728,49.240644,0.281597,796.42368,65.256836,-1.592972,-0.202194,37.401796,389.57456,509.41768,729.77608,792.08576,701.2092,102.1144,897.48984,816.83136,88.08632,0,0,0,0,0.76,-1.5,0,0
2025/07/02 13:48:00.150,n,32.993996,20.599478,1433.2982,1432.604,1.183216,48.981968,48.606648,0.233017,795.37864,64.98884,-1.561127,-0.176064,37.349968,391.9774,511.38644,729.0048,592.86784,673.8212,83.621768,740.21,805.23264,73.521768,0,0,0,0,0.79,-1.49,0,0
2025/07/02 13:49:00.135,n,33.07833,20.347068,1429.0998,1430.2432,1.341641,49.017344,48.583064,0.346015,796.9864,66.469328,-1.543961,-0.146172,37.28352,393.01124,513.59004,729.11936,580.0832,645.2364,87.509432,721.5972,772.30952,74.396576,0,0,0,0,0.75,-1.45,0,0
2025/07/02 13:50:00.136,n,33.319396,19.817724,1429.2498,1427.4992,1.341641,48.417452,48.575884,0.446777,797.3088,66.24362,-1.546104,-0.113831,37.222348,392.411,516.04744,729.63288,822.6992,716.06056,77.49548,930.8756,836.33592,68.997104,0,0,0,0,0.77,-1.52,0,0
2025/07/02 13:51:00.216,n,33.119888,19.567528,1422.6948,1425.8474,2.144761,48.629724,48.640748,0.34375,795.08592,67.950456,-1.573822,-0.154869,37.10408,389.21184,511.60136,725.71648,655.65868,645.33808,65.827804,786.89272,772.22176,60.257368,0,0,0,0,0.77,-1.5,0,0
2025/07/02 13:52:00.140,n,32.885658,20.407568,1414.6892,1416.0334,3.924283,48.27748,48.335676,0.135497,790.7664,66.512236,-1.550034,-0.141075,37.059444,390.96728,512.52404,722.84512,719.79152,728.17328,93.562008,858.47568,857.97296,74.669272,0,0,0,0,0.76,-1.49,0,0
2025/07/02 13:53:00.144,n,32.774528,20.746322,1410.729,1412.767,1.264911,48.100588,48.406172,0.427566,789.3288,66.52716,-1.553818,-0.147575,36.971316,390.04356,511.35036,721.39536,568.69532,660.74556,90.853176,720.49376,792.33808,73.81904,0,0,0,0,0.77,-1.46,0,0
2025/07/02 13:54:00.146,n,32.639274,21.165708,1409.2406,1409.9526,1.897367,47.997532,47.991636,0.060917,787.46568,67.443688,-1.564186,-0.164673,36.914188,388.7602,509.44552,718.62248,550.14632,618.72912,80.245872,692.33616,751.092,71.77848,0,0,0,0,0.75,-1.48,0,0
2025/07/02 13:55:00.147,n,32.83181,20.975912,1406.7864,1406.8706,1.264911,48.102128,47.938308,0.094786,786.24912,67.895112,-1.555069,-0.139305,36.968172,389.91408,512.0636,716.93824,591.84064,645.789,91.484968,727.93672,772.69144,81.120896,0,0,0,0,0.76,-1.49,0,0
2025/07/02 13:56:00.148,n,32.589912,21.143296,1399.454,1402.3866,2.44949,47.74988,47.944212,0.142522,781.21632,68.03564,-1.558289,-0.168007,37.008676,389.90948,509.78856,711.7904,809.05304,673.13832,91.850696,920.41424,796.24896,80.242448,0,0,0,0,0.75,-1.49,0,0
2025/07/02 13:57:00.152,n,32.15017,21.737924,1396.744,1397.9678,1.095445,47.7868,47.856276,0.050389,778.67512,67.288864,-1.555969,-0.15609,37.037732,390.30676,511.04356,709.98632,730.64384,602.39168,84.886104,830.14328,726.48072,73.401632,0,0,0,0,0.76,-1.48,0,0
2025/07/02 13:58:00.139,n,32.201516,22.37754,1390.2196,1393.4088,2,47.71604,47.832692,0.122634,779.6396,67.512712,-1.539848,-0.137024,37.08076,391.9926,513.02812,710.72408,620.5584,709.264,93.742736,775.14328,835.68856,81.017592,0,0,0,0,0.76,-1.48,0,0
2025/07/02 13:59:00.139,n,32.652298,21.703126,1387.0048,1390.4692,2.932576,47.466856,47.47916,0.019764,779.43912,68.104664,-1.52787,-0.100647,37.10772,393.21148,516.4414,709.9072,635.2124,661.44356,72.421336,756.188,782.41544,61.01598,0,0,0,0,0.76,-1.49,0,0
2025/07/02 14:00:07.085,n,32.83535,21.411964,1382.019,1383.5232,1.549193,47.466856,47.3679,0.068465,776.762,68.020712,-1.541817,-0.135262,37.100472,391.95592,513.31816,707.3348,687.60984,721.52424,65.90258,810.21632,828.88776,58.486324,0,0,0,0,0.79,-1.5,0,0
2025/07/02 14:01:00.144,n,32.53286,21.04634,1379.1576,1379.7766,0.894427,47.503772,47.531972,0.128847,774.04832,67.231032,-1.559151,-0.177818,36.964468,389.53596,508.61824,705.436,686.43896,661.92744,85.510816,799.21776,776.87544,73.269024,0,0,0,0,0.78,-1.49,0,0
2025/07/02 14:02:00.135,n,32.011718,21.830568,1377.8374,1378.319,0.894427,47.608368,47.661184,0.088388,772.47192,67.709816,-1.540558,-0.190453,36.927112,390.89168,507.24356,703.412,851.40184,738.2764,91.668424,967.60104,861.43888,86.937336,0,0,0,0,0.75,-1.48,0,0
2025/07/02 14:03:00.147,n,32.125572,21.869792,1372.8942,1375.3292,2.280351,47.995992,47.725784,0.154995,771.51968,68.372024,-1.551437,-0.171684,36.940332,390.03992,508.99972,701.76792,835.09376,728.89208,89.746304,942.75296,847.42048,79.893048,0,0,0,0,0.76,-1.49,0,0
2025/07/02 14:04:00.136,n,32.437874,21.128874,1370.2902,1371.13,1.341641,47.74988,47.54402,0.205871,771.08344,68.992584,-1.547684,-0.161171,36.960072,390.49812,510.06688,700.7044,680.22816,635.80708,58.26706,808.82304,756.02336,47.91294,0,0,0,0,0.75,-1.49,0,0
2025/07/02 14:05:00.135,n,32.706962,21.339274,1365.6896,1367.7324,2.44949,47.36226,47.3679,0.07526,770.65856,67.878944,-1.511917,-0.125595,36.96732,393.64104,513.27532,701.39328,584.77356,664.81536,85.583584,724.68144,785.66424,71.352296,0,0,0,0,0.77,-1.52,0,0
2025/07/02 14:06:00.136,n,33.038544,21.101366,1365.6896,1364.4284,1.341641,47.643748,47.684248,0.115244,769.38368,67.596648,-1.508873,-0.13842,36.95928,393.85012,512.08208,700.41664,770.22816,726.67704,53.018396,877.32256,890.48752,141.37256,0,0,0,0,0.73,-1.49,0,0
2025/07/02 14:07:00.135,n,33.239616,20.770068,1356.197,1359.2212,2.19089,46.833124,46.921824,0.135497,768.66696,67.131544,-1.514076,-0.108376,36.999752,393.67376,515.02412,700.12976,811.772,695.90304,95.613024,915.22968,818.2556,82.372024,0,0,0,0,0.74,-1.51,0,0
2025/07/02 14:08:00.135,n,33.374352,20.0312,1357.0484,1355.297,1.183216,47.045396,47.0336,0.142522,768.54592,68.232128,-1.511765,-0.098709,37.068228,394.3372,516.34608,698.90072,639.3584,637.75848,57.927972,760.98504,755.61056,51.025484,0,0,0,0,0.76,-1.59,0,0
2025/07/02 14:09:00.135,n,32.937042,20.692528,1349.1448,1352.13,1.843909,47.186904,47.04616,0.292818,766.40528,67.286992,-1.533958,-0.116623,37.11392,392.72676,515.06452,697.70096,594.27784,679.8588,83.082488,730.80696,798.27936,65.00038,0,0,0,0,0.75,-1.47,0,0
2025/07/02 14:10:00.135,n,32.996124,20.438574,1343.0732,1347.6166,2.366432,46.90542,47.175884,0.356305,764.26272,66.87848,-1.538246,-0.14299,37.087944,392.18,512.547,695.98896,779.9956,690.30152,86.160896,884.78792,812.5784,76.163312,0,0,0,0,0.78,-1.5,0,0
2025/07/02 14:11:00.135,n,33.181954,19.81198,1345.8882,1346.0834,1.732051,47.222288,47.145888,0.222293,763.41696,66.101228,-1.547318,-0.16626,37.085284,391.37732,510.46248,695.93472,759.84816,669.65136,96.821232,862.92312,790.7204,86.116496,0,0,0,0,0.74,-1.45,0,0
2025/07/02 14:12:00.135,n,32.822678,20.59728,1339.3294,1341.7816,1.949359,47.502236,47.285604,0.354657,759.94976,64.280608,-1.547134,-0.152832,37.038584,391.0768,511.33864,694.27488,590.3224,674.59664,99.35064,732.92056,802.03168,85.936312,0,0,0,0,0.78,-1.49,0,0
2025/07/02 14:13:00.135,n,32.861008,19.989614,1335.2132,1336.4264,2.097618,47.010012,47.37354,0.5371,756.25272,64.690376,-1.535881,-0.168358,36.999136,391.78344,509.69296,690.1948,627.61244,692.91848,76.809832,762.18864,822.43264,64.950364,0,0,0,0,0.75,-1.47,0,0
2025/07/02 14:14:00.137,n,32.86901,20.241128,1329.383,1331.6328,1.788854,46.691612,46.833376,0.212867,755.0752,65.395492,-1.535164,-0.135071,37.02094,391.99296,512.79664,688.2796,750.00936,684.02056,88.951672,857.3908,815.63056,76.050312,0,0,0,0,0.75,-1.48,0,0
2025/07/02 14:15:00.140,n,33.129264,20.334586,1325.2798,1326.6654,3.660601,46.587012,46.622396,0.102698,753.9416,65.437776,-1.511177,-0.093796,37.013656,394.01848,516.41284,687.08648,609.0382,683.91824,104.20606,748.93088,810.39144,90.420128,0,0,0,0,0.74,-1.48,0,0
2025/07/02 14:16:00.135,n,33.25695,20.517838,1319.844,1322.4728,1.788854,46.622392,46.581116,0.121835,753.53792,67.102324,-1.541779,-0.100647,37.070724,391.75764,516.19072,684.99448,841.99328,726.29608,98.093576,948.75168,842.40448,88.369112,0,0,0,0,0.76,-1.48,0,0
2025/07/02 14:17:00.136,n,33.610956,19.658462,1315.9858,1318.3846,1.48324,46.728528,46.669308,0.065551,751.22424,67.666288,-1.524262,-0.098007,37.114344,393.56852,516.72072,682.13168,600.65344,672.53592,93.032528,726.16232,786.15864,79.05568,0,0,0,0,0.76,-1.55,0,0
2025/07/02 14:18:00.135,n,33.4739,20.241128,1314.0252,1315.1272,0.632456,47.502236,47.26202,0.298106,750.6172,66.97548,-1.51226,-0.142639,37.039604,394.10056,512.25084,682.27208,562.22864,644.84736,95.531144,697.90056,768.92392,85.025288,0,0,0,0,0.71,-1.55,0,0
2025/07/02 14:19:00.136,n,33.722832,19.79271,1309.1826,1312.3426,2.097618,46.44704,46.64572,0.271354,749.15528,66.326324,-1.530525,-0.1017,37.04744,392.57368,515.93976,681.40016,571.23256,678.95232,90.622848,702.03336,802.2236,80.848928,0,0,0,0,0.76,-1.49,0,0
2025/07/02 14:20:00.135,n,33.88524,19.489048,1306.5832,1305.9972,1.732051,46.128636,46.140684,0.125779,746.84848,68.00392,-1.525696,-0.127686,37.073412,393.16732,513.80788,677.44656,810.94416,648.3922,129.87648,916.05888,760.48856,117.61634,0,0,0,0,0.75,-1.47,0,0
2025/07/02 14:21:00.138,n,33.792952,19.542514,1303.1614,1304.207,1.414214,46.41012,46.275528,0.291815,745.72264,68.074192,-1.530525,-0.128571,37.041244,392.53156,513.51128,676.24648,699.83768,708.00584,71.036968,845.50616,836.57328,62.506,0,0,0,0,0.79,-1.57,0,0
2025/07/02 14:22:00.136,n,33.645148,19.91522,1297.9296,1298.9552,1,45.917904,46.046856,0.107347,744.9728,66.961176,-1.547508,-0.103447,37.04554,391.09156,515.7716,676.5676,832.93784,703.40624,82.42876,953.15312,831.30296,79.216792,0,0,0,0,0.66,-1.57,0,0
2025/07/02 14:23:00.136,n,33.257652,19.622008,1295.813,1297.1986,1.48324,45.671796,46.000452,0.323856,743.35016,65.24066,-1.552872,-0.135246,36.972896,390.13612,512.45604,676.69192,856.4432,791.89016,42.002976,987.41336,916.69064,48.882512,0,0,0,0,0.76,-1.58,0,0
2025/07/02 14:24:00.142,n,33.024642,19.832406,1293.719,1295.316,1.788854,46.02404,46.047108,0.194655,742.74136,64.830904,-1.560196,-0.144211,36.913732,389.10236,511.25972,676.49456,713.59992,697.06744,83.411928,846.71712,823.20336,73.446232,0,0,0,0,0.71,-1.49,0,0
2025/07/02 14:25:00.136,n,32.927178,19.761686,1289.749,1291.443,1.732051,46.059416,46.305268,0.190599,740.63904,63.377764,-1.553757,-0.155457,36.815972,388.99884,509.60048,675.86296,767.1136,618.26396,85.6014,881.7332,744.23704,76.728744,0,0,0,0,0.68,-1.42,0,0
2025/07/02 14:26:00.135,n,32.90638,19.85822,1286.0622,1287.1742,1.48324,45.742548,46.188624,0.588463,738.66032,63.913752,-1.521744,-0.159317,36.760876,391.39592,508.8854,673.38416,518.05732,625.11968,107.56928,661.21028,758.74424,92.39724,0,0,0,0,0.79,-1.39,0,0
2025/07/02 14:27:00.136,n,32.699494,20.037516,1278.6856,1282.2842,2,45.742548,45.93098,0.1875,736.82608,63.180036,-1.52121,-0.164955,36.735956,391.27404,508.2166,672.28984,877.12472,775.59944,113.07742,1013.8168,909.3152,108.30006,0,0,0,0,0.74,-1.5,0,0
2025/07/02 14:28:00.135,n,32.817626,20.579606,1278.3984,1278.8966,2.44949,45.425684,45.432096,0.125779,736.7036,63.898832,-1.507927,-0.08992,36.739792,392.4488,514.90624,671.3868,613.95868,710.0632,75.784232,755.11992,837.89288,67.173656,0,0,0,0,0.74,-1.49,0,0
2025/07/02 14:29:00.135,n,33.117774,20.090642,1272.0674,1274.2072,1.843909,45.354928,45.278532,0.144563,736.93976,66.889664,-1.519936,-0.09642,36.794848,391.78188,514.7008,668.6266,629.15148,726.68496,65.09378,760.85104,852.0156,59.591108,0,0,0,0,0.74,-1.47,0,0
2025/07/02 14:30:07.019,n,33.259864,19.513052,1269.5614,1270.8804,2.04939,45.390304,45.595652,0.231334,734.45104,66.650276,-1.52961,-0.113976,36.775144,390.81184,513.00856,666.38512,798.23936,639.94896,104.32954,910.49808,763.29296,92.447552,0,0,0,0,0.74,-1.49,0,0
2025/07/02 14:31:00.136,n,33.358742,18.95856,1265.0234,1266.896,1.183216,45.390304,45.37262,0.046351,732.80496,66.00112,-1.547127,-0.138924,36.796952,389.444,510.9404,665.39568,650.91124,764.76464,76.912616,788.1968,881.9848,72.381632,0,0,0,0,0.74,-1.47,0,0
2025/07/02 14:32:00.137,n,33.093894,19.045034,1259.8138,1262.509,1.732051,45.250332,45.308268,0.067024,729.82576,64.943452,-1.545876,-0.115204,36.812528,389.65728,513.15196,663.45168,786.74232,610.9842,92.352584,906.00536,746.49008,85.333168,0,0,0,0,0.77,-1.49,0,0
2025/07/02 14:33:00.141,n,32.80999,19.588994,1255.5872,1257.9866,1.897367,45.00268,45.167012,0.128847,727.62456,64.322272,-1.53051,-0.104141,36.822172,391.0516,514.1996,661.87592,761.48696,667.91852,92.376944,886.97312,795.5976,79.32276,0,0,0,0,0.74,-1.46,0,0
2025/07/02 14:34:00.137,n,33.081428,19.395686,1251.1998,1253.188,1.264911,45.49644,45.27904,0.4019,726.2452,65.691468,-1.54409,-0.137695,36.867852,390.18548,511.52828,659.14732,570.92608,706.93168,98.408336,713.97688,836.102,84.875208,0,0,0,0,0.74,-1.49,0,0
2025/07/02 14:35:00.135,n,32.759696,19.499158,1252.0908,1250.6008,0.894427,44.967304,44.938848,0.08268,725.64304,63.72846,-1.528709,-0.106247,36.88376,391.62356,514.42876,660.49212,618.95196,577.85408,46.21796,736.17368,708.29888,34.989996,0,0,0,0,0.75,-1.5,0,0
2025/07/02 14:36:00.135,n,33.109504,19.556044,1244.6692,1247.0308,1.612452,44.825792,44.7735,0.165359,725.824,65.929612,-1.531944,-0.08992,36.934624,391.68756,516.2226,658.4524,815.9208,693.99,90.133232,938.24344,815.0308,87.86296,0,0,0,0,0.73,-1.47,0,0
2025/07/02 14:37:00.135,n,33.377526,18.657654,1240.4952,1243.8408,1.788854,44.719656,44.731964,0.100778,722.93728,65.60504,-1.536583,-0.115906,36.952268,391.40556,514.03412,655.91164,649.63268,756.91528,60.130276,799.81136,895.25384,54.722024,0,0,0,0,0.74,-1.49,0,0
2025/07/02 14:38:00.135,n,33.19564,18.332214,1234.0216,1238.03,2.32379,45.705636,45.401076,0.328051,718.90712,65.60504,-1.546227,-0.1717,36.947116,390.53648,509.04416,651.92756,809.72304,644.23664,121.61662,926.36992,771.0356,106.04858,0,0,0,0,0.75,-1.52,0,0
2025/07/02 14:39:00.135,n,33.220574,18.66251,1231.6932,1233.3202,1.414214,44.790412,45.025496,0.316845,715.8608,63.940492,-1.534226,-0.129425,36.943344,391.54904,512.77296,650.51552,821.78848,757.58792,84.734288,959.7264,880.62056,82.457264,0,0,0,0,0.74,-1.5,0,0
2025/07/02 14:40:00.135,n,33.321006,18.714462,1225.7572,1227.7374,1.612452,44.439708,44.580708,0.179518,714.82032,64.363936,-1.524368,-0.090797,36.987984,392.70372,516.50548,649.02284,585.4312,628.00184,78.456672,724.04552,768.92648,72.99692,0,0,0,0,0.73,-1.47,0,0
2025/07/02 14:41:00.140,n,33.72438,18.615782,1224.0652,1224.0854,2.645751,44.228976,44.422276,0.22317,714.10704,65.154236,-1.517555,-0.087807,36.996248,393.34908,516.82708,647.52308,840.90872,731.90752,76.016448,970.16808,866.46928,70.63356,0,0,0,0,0.73,-1.56,0,0
2025/07/02 14:42:00.140,n,34.022088,18.409872,1217.5384,1220.5582,2.828427,44.1936,44.275376,0.09375,713.7336,66.085068,-1.529205,-0.068336,37.060592,392.77672,518.99164,646.18764,706.46048,623.32416,49.8588,835.53232,759.81936,45.836668,0,0,0,0,0.75,-1.46,0,0
2025/07/02 14:43:00.135,n,33.916236,17.967948,1212.4734,1215.0538,1.788854,44.262816,44.393052,0.165949,710.39912,65.238176,-1.566559,-0.130302,37.05154,389.48428,513.42732,643.72468,746.81792,598.2672,77.351152,865.49136,722.85688,72.446192,0,0,0,0,0.76,-1.5,0,0
2025/07/02 14:44:00.135,n,33.396804,18.212282,1207.5562,1211.0216,1.788854,44.333572,44.222564,0.136931,705.98488,64.47586,-1.583908,-0.181679,37.046356,387.94832,508.8294,640.10676,892.05544,771.2728,89.123232,1015.9714,903.99056,83.899344,0,0,0,0,0.74,-1.48,0,0
2025/07/02 14:45:00.136,n,33.014878,18.999804,1207.078,1207.6682,1.612452,44.333572,44.29896,0.096825,702.75864,62.713068,-1.557831,-0.163177,37.024744,390.05792,510.32628,638.65088,689.85768,788.2796,57.248144,833.6912,917.40952,50.988236,0,0,0,0,0.74,-1.52,0,0
2025/07/02 14:46:00.136,n,33.000518,18.458396,1200.6852,1202.0258,1.264911,43.841356,43.9239,0.115244,700.46696,62.401548,-1.559258,-0.147171,37.048588,390.09584,511.90912,636.65332,821.43704,690.23968,94.469304,935.97152,821.16232,83.777088,0,0,0,0,0.74,-1.5,0,0
2025/07/02 14:47:00.135,n,33.050118,19.215806,1195.3508,1196.724,2.408319,43.770596,43.759572,0.080283,698.41744,62.23304,-1.544434,-0.135048,37.087256,391.64,513.2476,634.77504,781.2324,655.38696,101.74724,889.39968,786.57904,89.727088,0,0,0,0,0.73,-1.47,0,0
2025/07/02 14:48:00.137,n,33.145866,19.360824,1190.1776,1192.2496,1.612452,43.736756,43.853404,0.115244,696.49952,61.837576,-1.556946,-0.163704,37.100668,390.64864,510.79368,633.26868,802.98768,717.15744,99.407744,931.12664,845.52616,90.630568,0,0,0,0,0.71,-1.49,0,0
2025/07/02 14:49:00.137,n,33.216088,19.416148,1187.5538,1188.6678,1.341641,43.770596,43.929292,0.170018,693.92008,62.162156,-1.545158,-0.153152,37.111036,391.73828,511.80076,630.36584,771.98912,655.83952,110.28214,880.60616,786.06008,99.870664,0,0,0,0,0.74,-1.5,0,0
2025/07/02 14:50:00.142,n,33.170052,19.738264,1181.3116,1183.5792,2.19089,43.595244,43.765212,0.108253,692.11984,62.076348,-1.531349,-0.12011,37.14642,393.17268,514.97508,628.6322,772.0204,603.90644,83.714688,880.18624,735.13608,72.457576,0,0,0,0,0.72,-1.5,0,0
2025/07/02 14:51:00.141,n,33.543198,19.621026,1175.968,1178.1306,2.258318,43.243,43.348112,0.091643,690.62936,63.318696,-1.540115,-0.108521,37.174396,392.604,516.19396,625.87904,816.49936,781.176,73.060248,945.9764,906.73536,63.72676,0,0,0,0,0.73,-1.49,0,0
2025/07/02 14:52:00.135,n,33.780548,19.72796,1167.9808,1172.558,2.880972,43.136864,43.266328,0.088388,687.09728,62.824368,-1.52346,-0.092545,37.218972,394.34688,517.91492,622.84204,684.20832,670.40008,79.936536,817.64776,798.94264,74.673288,0,0,0,0,0.74,-1.49,0,0
2025/07/02 14:53:00.136,n,34.07508,19.35008,1164.6108,1166.1888,1.612452,43.032268,43.07226,0.088388,685.39752,63.967848,-1.551018,-0.106232,37.271844,392.32172,517.05804,619.98488,549.54084,568.276,45.287968,670.49152,689.97208,34.567324,0,0,0,0,0.73,-1.5,0,0
2025/07/02 14:54:00.135,n,33.651236,19.995066,1158.623,1161.3854,2.258318,43.032268,43.10174,0.080283,681.21256,63.459844,-1.524704,-0.106934,37.280176,394.6544,517.0522,616.33488,767.7772,669.76556,114.10018,870.67904,786.20224,104.15398,0,0,0,0,0.73,-1.5,0,0
2025/07/02 14:55:00.135,n,33.684684,19.63989,1156.3402,1158.4684,1.378405,42.7154,42.821276,0.159956,680.258,63.78504,-1.552803,-0.110443,37.283292,392.24492,516.76164,615.03064,527.26024,565.79908,39.99406,659.3752,696.43624,38.256372,0,0,0,0,0.74,-1.47,0,0
2025/07/02 14:56:00.135,n,33.590644,20.176316,1151.7916,1153.383,1.183216,42.538508,42.773592,0.259206,677.44408,63.065004,-1.53672,-0.146637,37.217988,393.19316,513.10432,612.989,832.68112,758.8672,107.09972,942.98896,875.78448,100.37778,0,0,0,0,0.81,-1.52,0,0
2025/07/02 14:57:00.137,n,33.415352,20.015768,1146.4724,1149.4636,1.788854,42.573892,42.61516,0.091643,675.7452,61.9352,-1.534027,-0.147514,37.201388,393.3136,512.9138,612.42352,727.1304,679.40328,86.314544,844.4528,807.73784,77.038296,0,0,0,0,0.65,-1.61,0,0
2025/07/02 14:58:00.140,n,33.372962,19.42431,1144.7074,1146.1186,1.224745,42.644644,42.550812,0.236759,675.38832,61.370608,-1.546204,-0.13504,37.132352,391.7924,513.55384,612.60656,653.27928,650.38648,86.835192,797.1872,780.71976,77.421248,0,0,0,0,0.48,-1.62,0,0
2025/07/02 14:59:00.141,n,33.38253,18.875092,1139.9088,1144.0532,2.366432,42.2924,42.37444,0.143886,674.3952,60.621968,-1.533318,-0.152443,37.024512,392.1768,511.278,612.3924,581.89104,712.43232,95.415928,730.82584,837.84664,80.298824,0,0,0,0,0.79,-1.54,0,0
2025/07/02 15:00:07.030,n,33.487754,18.96147,1138.6252,1139.85,1.516575,42.081668,42.327524,0.171163,672.8996,60.678552,-1.536186,-0.149101,36.997488,391.74588,511.392,610.834,795.33296,650.55328,113.58808,920.10216,784.87368,104.4373,0,0,0,0,0.74,-1.45,0,0
2025/07/02 15:01:00.135,n,33.58216,18.925338,1131.0126,1134.086,1.949359,42.36316,42.432888,0.083853,670.64476,60.83462,-1.535133,-0.112724,37.00674,391.89952,514.6852,608.38776,805.1308,719.57792,101.39502,918.20376,846.49272,88.065312,0,0,0,0,0.72,-1.48,0,0
2025/07/02 15:02:00.137,n,33.773276,18.823338,1127.746,1129.761,2.408319,42.25856,42.252664,0.096825,668.49476,61.513,-1.522041,-0.098679,37.013988,393.08092,515.98144,605.5584,704.43992,691.77024,78.854616,845.92168,822.36184,67.37692,0,0,0,0,0.74,-1.48,0,0
2025/07/02 15:03:00.135,n,33.903892,18.806052,1125.9126,1125.5112,1.264911,42.223184,42.223188,0.085009,667.93364,63.32056,-1.527962,-0.092888,37.078336,393.00452,516.93144,603.17804,635.14064,672.32712,73.716688,770.11264,793.9116,64.95806,0,0,0,0,0.72,-1.5,0,0
2025/07/02 15:04:00.135,n,33.806724,18.14321,1122.084,1122.8888,0.707107,42.575428,42.44058,0.290137,665.6206,63.080548,-1.5616,-0.147514,37.078336,390.09468,512.08008,601.12596,676.25784,726.10544,48.862048,817.5296,852.03248,48.41384,0,0,0,0,0.73,-1.53,0,0
2025/07/02 15:05:00.137,n,33.77176,17.579732,1115.8694,1118.4194,1.870829,42.223184,42.428788,0.181681,660.78028,61.385532,-1.545693,-0.167732,37.07312,391.4354,510.2492,598.01672,653.49904,656.87916,72.768128,795.96856,785.25144,60.819816,0,0,0,0,0.71,-1.53,0,0
2025/07/02 15:06:00.137,n,33.785056,18.821402,1109.906,1113.1404,1.788854,42.046292,42.05296,0.067024,658.67052,61.709488,-1.52758,-0.130463,37.09234,393.13244,513.6894,595.56396,754.56984,689.02272,71.158624,888.04136,817.12936,64.989228,0,0,0,0,0.73,-1.52,0,0
2025/07/02 15:07:00.140,n,33.753228,18.759146,1106.4584,1108.1118,1.549193,41.694048,41.811976,0.097828,656.86224,60.862604,-1.542992,-0.144699,37.076764,391.6936,512.3194,594.60136,622.22576,654.11052,78.597712,760.3828,780.2692,72.111024,0,0,0,0,0.74,-1.51,0,0
2025/07/02 15:08:00.142,n,33.590628,19.123386,1100.7994,1102.6224,1.224745,41.90632,41.794024,0.170018,655.45228,61.636736,-1.557777,-0.135735,37.057676,390.28544,512.9864,592.39348,663.11104,679.004,75.951304,804.05416,814.762,68.343624,0,0,0,0,0.7,-1.54,0,0
2025/07/02 15:09:00.145,n,33.287796,19.045602,1097.2864,1099.2374,1.183216,41.4464,41.563044,0.203965,653.40044,60.464652,-1.538109,-0.158058,36.998544,391.5866,510.60356,591.5558,723.79,688.30728,84.733112,843.91696,820.27776,76.595368,0,0,0,0,0.73,-1.52,0,0
2025/07/02 15:10:00.136,n,33.33242,19.270162,1093.5858,1095.7734,1.643168,41.375644,41.445628,0.09375,652.24208,60.534916,-1.542946,-0.14399,36.941476,390.78212,511.46692,590.30816,585.53612,687.03776,103.59248,728.16944,819.21712,90.107992,0,0,0,0,0.73,-1.52,0,0
2025/07/02 15:11:00.137,n,33.377388,18.419706,1088.6274,1090.9028,1.897367,41.550996,41.475112,0.164768,648.81512,60.18298,-1.555832,-0.179504,36.900908,389.3932,508.03864,587.2558,820.33056,686.99064,89.490784,948.26808,821.9152,83.075864,0,0,0,0,0.73,-1.57,0,0
2025/07/02 15:12:00.137,n,33.33432,18.52874,1083.3844,1084.8716,1.702939,41.200292,41.141584,0.069877,645.12384,59.136496,-1.555832,-0.158051,36.926848,389.5686,510.11936,584.5896,823.33528,756.34072,91.068928,945.10784,883.24104,83.17752,0,0,0,0,0.72,-1.52,0,0
2025/07/02 15:13:00.137,n,33.245018,19.005938,1076.125,1079.5078,2.469818,41.060316,41.247464,0.219641,642.03752,59.405112,-1.547249,-0.153297,36.905072,390.16372,510.39412,581.23852,630.52716,695.88456,95.661904,779.7304,831.83808,87.229296,0,0,0,0,0.72,-1.53,0,0
2025/07/02 15:14:00.142,n,33.280076,18.903984,1073.897,1075.399,1.414214,40.9188,41.083388,0.132583,640.74664,59.108516,-1.536507,-0.136429,36.905072,391.093,511.89224,580.23804,756.60288,766.80008,68.531744,905.04336,902.09344,59.96332,0,0,0,0,0.74,-1.52,0,0
2025/07/02 15:15:00.142,n,33.258774,19.052846,1065.4652,1069.5204,2.167948,40.531176,40.765752,0.257694,636.68608,58.982912,-1.534546,-0.159813,36.817056,390.66784,509.22076,576.32844,606.08332,660.01624,94.205896,755.36176,798.0476,81.859632,0,0,0,0,0.72,-1.58,0,0
2025/07/02 15:16:00.145,n,33.254036,18.99928,1062.3144,1062.891,2.428992,40.497336,40.53836,0.060917,634.13208,59.689896,-1.542976,-0.150139,36.78488,389.72136,509.86272,573.04936,677.88736,748.06088,77.327552,824.71224,885.962,65.039984,0,0,0,0,0.74,-1.53,0,0
2025/07/02 15:17:00.146,n,33.094468,19.10641,1057.9148,1059.9366,1.449138,40.603472,40.550148,0.065551,631.4826,59.336092,-1.545303,-0.149261,36.776556,389.4638,509.88432,570.75048,784.54552,634.72064,83.62984,912.89144,773.36968,77.284536,0,0,0,0,0.73,-1.5,0,0
2025/07/02 15:18:00.242,n,33.104088,19.42931,1055.9078,1056.5438,1.303841,40.53272,40.56194,0.0625,630.23744,59.265208,-1.537422,-0.123604,36.808724,390.3628,512.38024,569.5584,587.02648,630.69036,96.569408,739.59848,771.7304,85.104344,0,0,0,0,0.72,-1.49,0,0
2025/07/02 15:19:00.135,n,33.33377,19.042542,1050.1606,1052.4598,1.612452,40.497336,40.479648,0.034233,628.99164,60.396256,-1.542976,-0.13028,36.837844,390.07916,511.9842,567.18272,774.75016,713.89968,79.52892,892.33576,850.3804,68.570408,0,0,0,0,0.71,-1.52,0,0
2025/07/02 15:20:00.137,n,33.596764,18.224328,1045.8342,1047.9604,1.303841,40.355828,40.403768,0.072618,626.53296,60.960844,-1.54406,-0.137665,36.8752,390.23788,511.58076,564.16576,605.94592,649.33888,82.594184,745.92608,784.18632,70.61976,0,0,0,0,0.71,-1.52,0,0
2025/07/02 15:21:00.136,n,33.528518,19.052536,1041.3434,1043.5468,1.67332,40.392744,40.350444,0.068465,624.94972,60.761872,-1.535065,-0.103241,36.939212,391.4486,515.07056,562.75612,642.2804,662.42192,67.628768,775.98272,797.1636,57.851536,0,0,0,0,0.72,-1.52,0,0
2025/07/02 15:22:00.138,n,33.61138,18.378122,1034.5668,1038.1676,1.870829,39.791312,39.908724,0.143206,621.8034,60.366408,-1.530754,-0.11834,36.974536,392.06052,513.96868,560.0246,661.37304,669.09692,91.530056,806.0796,808.73784,81.647112,0,0,0,0,0.73,-1.52,0,0
2025/07/02 15:23:00.143,n,33.780228,17.99365,1032.3998,1033.65,1.341641,40.460424,40.143812,0.331604,620.03228,59.673728,-1.559937,-0.159279,36.941316,389.31128,510.10804,558.95796,823.1904,751.8892,88.660312,954.97072,885.22544,80.41704,0,0,0,0,0.75,-1.53,0,0
2025/07/02 15:24:00.144,n,33.47271,18.554686,1028.3216,1029.1302,0.707107,39.968204,39.832588,0.142522,617.68468,58.034052,-1.542412,-0.161209,36.864476,390.3078,509.41716,558.2694,787.72704,799.87568,26.380866,916.90768,925.70072,27.064738,0,0,0,0,0.77,-1.52,0,0
2025/07/02 15:25:00.146,n,33.361184,18.796774,1024.7582,1026.7826,1.788854,39.826692,39.950256,0.089486,616.6228,57.680252,-1.52861,-0.14328,36.82296,391.22132,510.72904,557.55724,548.625,611.58644,71.512592,701.96192,755.6988,57.087652,0,0,0,0,0.74,-1.41,0,0
2025/07/02 15:26:00.150,n,33.414338,18.800016,1020.0588,1022.5008,1.414214,39.720556,39.8854,0.232177,615.00664,58.117996,-1.533592,-0.139771,36.77642,390.476,510.72636,555.49488,814.88768,653.4048,89.736,949.68752,799.79744,84.308064,0,0,0,0,0.71,-1.48,0,0
2025/07/02 15:27:00.149,n,33.361802,18.684146,1015.9898,1017.66,1.303841,39.543664,39.67928,0.20204,613.7238,58.259144,-1.547043,-0.15699,36.693324,388.75168,508.63632,554.0746,918.06856,847.88672,60.467348,1050.7772,980.358,65.800452,0,0,0,0,0.73,-1.49,0,0
2025/07/02 15:28:00.136,n,33.10653,18.704898,1012.0958,1013.1506,1.378405,39.439068,39.420612,0.072618,609.95136,58.372312,-1.53772,-0.160332,36.58114,388.80176,507.58312,550.20168,603.68524,657.4992,93.236528,760.6092,799.0264,83.225592,0,0,0,0,0.7,-1.45,0,0
2025/07/02 15:29:00.140,n,32.98841,18.953824,1005.438,1009.552,2.75681,39.543664,39.40292,0.111803,609.3372,58.782696,-1.521942,-0.165962,36.528048,389.80884,506.72532,549.19856,834.21504,746.23016,86.846416,970.69368,882.77072,78.314752,0,0,0,0,0.72,-1.56,0,0
2025/07/02 15:30:07.020,n,33.042756,19.392446,1005.9268,1006.538,1.612452,39.579044,39.514696,0.230912,607.24,58.18888,-1.516213,-0.131859,36.478208,389.96892,509.41852,547.66668,588.1154,680.3228,87.415392,744.04328,819.13248,73.459176,0,0,0,0,0.69,-1.44,0,0
2025/07/02 15:31:00.142,n,33.18631,19.21984,999.0344,1001.2454,2.12132,39.2268,39.373692,0.16298,604.86152,58.117996,-1.528214,-0.146446,36.44804,388.72752,507.91976,545.36176,749.85464,701.58176,76.360984,906.08184,841.51264,71.524128,0,0,0,0,0.72,-1.51,0,0
2025/07/02 15:32:00.142,n,33.08265,19.302702,992.85024,995.05392,1.870829,39.120664,39.338064,0.147902,600.30732,57.113796,-1.522667,-0.135551,36.44594,389.1934,508.87336,541.80644,641.37224,672.1232,79.568528,783.08088,813.40072,75.946368,0,0,0,0,0.73,-1.5,0,0
2025/07/02 15:33:00.148,n,33.049034,19.730582,984.35128,986.86032,1.732051,39.014532,39.138608,0.103645,595.60408,56.87316,-1.521767,-0.127289,36.452528,389.31568,509.6516,537.33644,785.86688,731.4732,85.427752,905.05888,870.19016,69.182368,0,0,0,0,0.72,-1.48,0,0
2025/07/02 15:34:00.148,n,33.16549,19.589126,980.00352,981.30272,1.341641,38.34696,38.311832,0.106434,594.22296,57.255564,-1.5112,-0.136765,36.39636,389.85172,508.432,535.593,682.81608,664.17036,94.614216,809.46096,803.95808,82.139216,0,0,0,0,0.68,-1.46,0,0
2025/07/02 15:35:00.149,n,33.305816,19.119694,978.24928,979.91696,2.213595,38.76996,38.493852,0.181142,594.16496,58.244844,-1.52948,-0.15065,36.33914,387.88556,506.814,534.54124,560.93428,642.39436,94.939456,711.79744,783.15232,83.915736,0,0,0,0,0.83,-1.45,0,0
2025/07/02 15:36:00.152,n,33.218124,19.482242,972.59344,975.44368,1.897367,38.523848,38.5118,0.060917,590.6678,57.52418,-1.522659,-0.151001,36.314188,388.30772,506.615,531.77196,731.35272,685.57272,62.249096,882.71392,832.55,57.394688,0,0,0,0,0.74,-1.59,0,0
2025/07/02 15:37:00.138,n,33.52906,18.93312,966.0544,969.15608,2.664583,37.890112,38.100844,0.125,587.52644,58.21686,-1.513168,-0.132904,36.33914,389.29664,508.39,527.92932,632.81316,643.07404,66.924956,778.56256,787.31672,61.482516,0,0,0,0,0.73,-1.5,0,0
2025/07/02 15:38:00.139,n,33.681992,18.94518,961.75544,964.19776,1.760682,37.994712,38.030092,0.039528,585.41804,58.640928,-1.501526,-0.091995,36.388064,390.63272,512.35212,525.36756,744.64768,623.06012,89.081704,855.27592,750.82352,73.940856,0,0,0,0,0.71,-1.53,0,0
2025/07/02 15:39:00.141,n,33.787072,18.25153,957.22648,958.74152,1.449138,37.78398,37.807568,0.055902,583.14464,59.390192,-1.523201,-0.1185,36.41928,388.96776,510.20828,522.34972,628.71892,722.52976,90.167904,769.86776,860.23944,79.341032,0,0,0,0,0.73,-1.55,0,0
2025/07/02 15:40:00.135,n,33.825304,18.917546,952.17224,954.81888,2,37.748604,37.607344,0.083853,581.40608,58.966124,-1.523918,-0.106918,36.461876,389.1924,511.52348,521.02296,588.21356,653.04284,75.035328,731.46344,793.49552,68.990216,0,0,0,0,0.73,-1.52,0,0
2025/07/02 15:41:00.136,n,33.696296,18.450602,947.7012,949.24608,1.67332,37.677844,37.677844,0.069877,577.92912,57.84938,-1.520691,-0.125526,36.47434,389.5554,509.95476,518.68464,792.69352,684.34248,71.829312,930.77688,818.58352,68.728088,0,0,0,0,0.76,-1.52,0,0
2025/07/02 15:42:00.136,n,33.522666,18.6444,943.00784,945.22072,1.732051,37.748604,37.689896,0.134774,575.80968,58.032812,-1.545067,-0.146965,36.485748,387.52364,508.12764,516.3788,707.28824,686.43392,69.028248,853.41704,822.12888,64.463164,0,0,0,0,0.75,-1.52,0,0
2025/07/02 15:43:00.135,n,33.308174,19.150384,939.26472,942.15424,2.024846,37.571712,37.6135,0.068465,572.34052,56.53366,-1.523331,-0.133255,36.504504,389.53028,509.4716,514.4168,798.75064,704.35568,88.2318,935.52936,841.35256,80.621952,0,0,0,0,0.71,-1.49,0,0
2025/07/02 15:44:00.137,n,33.505784,19.117572,932.52616,935.90848,2.302173,37.573248,37.666564,0.109152,569.1414,56.83088,-1.514732,-0.120079,36.55648,390.62408,510.9918,510.91592,608.3354,666.16988,102.02622,756.3884,805.45624,91.899128,0,0,0,0,0.73,-1.5,0,0
2025/07/02 15:45:00.141,n,33.755884,18.562688,930.76728,930.00096,1.643168,37.78398,37.537356,0.151812,568.17176,57.241264,-1.520111,-0.111305,36.585596,390.35504,511.96724,509.52164,598.26116,677.42152,48.398344,766.78488,818.312,37.724,0,0,0,0,0.74,-1.5,0,0
2025/07/02 15:46:00.135,n,33.747972,18.832464,925.51656,927.93584,1.414214,37.35944,37.554792,0.15873,566.93288,56.604544,-1.519035,-0.122894,36.533592,390.09768,510.5876,508.93216,621.72356,716.01608,101.74552,769.01872,845.3452,89.615288,0,0,0,0,0.74,-1.5,0,0
2025/07/02 15:47:00.135,n,33.690596,18.925776,922.22264,923.9188,1.224745,37.148708,37.248952,0.087277,563.65584,57.057212,-1.514381,-0.115692,36.540904,390.5494,511.27632,505.19988,599.38372,683.26032,79.121744,739.66032,820.17072,70.544312,0,0,0,0,0.69,-1.46,0,0
2025/07/02 15:48:00.135,n,33.470726,19.069184,915.82216,917.68456,1.378405,37.114868,37.125896,0.044194,560.10524,56.689108,-1.510796,-0.1315,36.463944,390.34152,509.35436,502.0368,775.64592,666.79968,100.11418,914.87424,800.56928,89.793928,0,0,0,0,0.74,-1.49,0,0
2025/07/02 15:49:00.136,n,33.245964,18.434614,911.15008,912.48464,0.894427,37.044112,37.008736,0.071261,557.19536,56.010108,-1.523697,-0.144325,36.414036,388.88948,507.87936,499.80592,607.88128,649.01568,97.547936,747.46408,784.88352,87.260528,0,0,0,0,0.71,-1.49,0,0
2025/07/02 15:50:00.136,n,32.99961,19.361424,905.91768,908.38688,1.732051,36.83338,36.961564,0.195156,554.7336,55.20426,-1.509415,-0.153648,36.319992,389.49248,506.41888,498.1736,686.75336,778.57688,46.53386,842.4992,923.49888,43.725276,0,0,0,0,0.73,-1.55,0,0
2025/07/02 15:51:00.135,n,33.036376,19.57363,902.34816,903.86992,1.048809,36.550356,36.632904,0.239832,552.55556,54.55324,-1.506012,-0.137306,36.276288,389.4932,507.5766,496.6336,772.8428,602.96404,86.006976,908.37352,746.59464,81.954256,0,0,0,0,0.75,-1.55,0,0
2025/07/02 15:52:00.135,n,33.175148,19.273386,898.32024,899.62496,1.48324,36.621112,36.720836,0.069175,550.80952,54.85046,-1.505295,-0.135193,36.28668,389.62512,507.83416,494.58892,815.33304,707.87112,95.157504,938.21144,841.32,85.764216,0,0,0,0,0.74,-1.51,0,0
2025/07/02 15:53:00.138,n,33.244286,19.523322,893.56896,894.73856,1.224745,36.97336,36.626752,0.203725,549.3076,55.344788,-1.498261,-0.12114,36.29524,390.29104,509.13968,492.58568,826.63184,677.59744,105.10328,950.46144,816.03408,95.659296,0,0,0,0,0.72,-1.52,0,0
2025/07/02 15:54:00.137,n,33.51059,19.323176,889.15736,890.54512,1.549193,36.267332,36.338088,0.181681,547.66468,55.457956,-1.495216,-0.117279,36.304616,390.61756,509.54568,490.82876,577.097,649.412,89.690024,723.68888,789.46176,80.373504,0,0,0,0,0.73,-1.51,0,0
2025/07/02 15:55:00.135,n,33.513718,18.872344,886.4132,887.1312,1.224745,36.233488,36.567792,0.328645,545.7154,55.797456,-1.505783,-0.125351,36.318156,389.79432,508.91964,488.53748,807.72248,701.44216,124.80626,928.4936,837.24856,115.64732,0,0,0,0,0.78,-1.5,0,0
2025/07/02 15:56:00.135,n,33.556784,18.946614,881.28128,883.0424,1.264911,36.162736,36.602652,0.433689,543.24672,55.20302,-1.495392,-0.12851,36.291136,390.51172,508.45768,486.67684,760.39288,696.79272,117.04016,882.22016,831.36832,107.81118,0,0,0,0,0.76,-1.47,0,0
2025/07/02 15:57:00.135,n,33.341598,19.083136,877.3904,879.40168,1.549193,36.02122,36.120948,0.123823,540.5758,54.749728,-1.502556,-0.136421,36.253628,389.63996,507.50296,484.45992,579.3636,642.95692,80.727632,730.78408,783.68408,74.302424,0,0,0,0,0.74,-1.53,0,0
2025/07/02 15:58:00.135,n,33.526512,19.000178,871.56248,874.91304,1.870829,36.091976,36.074288,0.067024,538.1374,54.976684,-1.500946,-0.125885,36.245336,389.7234,508.38292,481.78568,778.44168,722.18656,86.57684,898.0468,858.69872,75.498344,0,0,0,0,0.74,-1.48,0,0
2025/07/02 15:59:00.135,n,33.583832,18.45384,865.59904,868.51528,2.04939,35.738192,35.827408,0.101743,534.22564,54.792632,-1.51223,-0.127106,36.240156,388.71248,508.23964,478.04792,600.5882,656.09284,103.91174,750.12936,793.85744,89.078336,0,0,0,0,0.72,-1.5,0,0
2025/07/02 16:00:07.024,n,33.529632,19.039922,861.20568,863.85592,1.581139,35.56284,35.67436,0.106891,531.4386,54.665164,-1.498978,-0.118858,36.2193,389.71888,508.83212,475.39336,634.7762,708.01248,104.111,788.41696,848.42136,90.462152,0,0,0,0,0.73,-1.5,0,0
2025/07/02 16:01:00.136,n,33.659524,18.958082,856.2504,859.324,1.732051,35.59822,35.598216,0.032775,530.65968,55.427488,-1.502312,-0.099014,36.272156,389.78552,510.94952,473.82884,812.17216,717.74704,100.41688,945.06048,853.44528,91.31812,0,0,0,0,0.72,-1.5,0,0
2025/07/02 16:02:00.138,n,33.846292,18.713178,852.958,855.02152,1.341641,35.525924,35.578992,0.101743,528.82912,56.16618,-1.493408,-0.083923,36.324912,390.91032,512.64436,471.25344,590.7312,651.12596,94.691872,743.80224,792.60672,83.779472,0,0,0,0,0.73,-1.49,0,0
2025/07/02 16:03:00.139,n,33.989556,18.209614,846.74488,849.6644,1.870829,35.141376,35.246744,0.105512,527.297,56.080992,-1.516518,-0.099541,36.346748,389.05792,511.40404,469.799,819.9584,716.04808,89.831232,940.96584,848.52616,81.1024,0,0,0,0,0.71,-1.51,0,0
2025/07/02 16:04:00.135,n,33.800148,17.863178,843.65504,845.74776,1.949359,35.176756,35.176244,0.03125,523.2502,55.147056,-1.53157,-0.150475,36.318648,387.56688,506.69172,466.72204,741.37448,686.71512,96.175624,861.52976,820.61008,84.222328,0,0,0,0,0.74,-1.52,0,0
2025/07/02 16:05:00.135,n,33.425782,18.367182,838.75152,840.54,1.81659,34.789136,34.994484,0.1875,519.3618,53.688944,-1.515266,-0.155388,36.249988,388.51604,505.7942,464.313,653.164,748.28152,103.27682,808.67624,887.13632,92.252912,0,0,0,0,0.73,-1.47,0,0
2025/07/02 16:06:00.135,n,33.454444,18.265034,834.33984,835.54768,1.118034,34.895268,35.0355,0.190086,517.78764,54.057048,-1.517235,-0.150475,36.238512,388.2686,506.1534,462.36388,794.22504,709.65,84.824824,934.24808,852.62888,81.1782,0,0,0,0,0.71,-1.52,0,0
2025/07/02 16:07:00.136,n,33.390724,18.382758,831.1556,832.62136,1.360147,34.895268,34.953204,0.117759,516.1656,53.461992,-1.518486,-0.147659,36.18756,387.81824,506.06124,461.33276,837.05168,714.23472,88.830736,962.96336,851.35032,80.301936,0,0,0,0,0.75,-1.53,0,0
2025/07/02 16:08:00.136,n,33.28646,17.731214,826.92056,828.46368,1.20416,35.07062,35.006276,0.038273,513.91048,52.93844,-1.524391,-0.143616,36.161232,387.1306,506.24352,459.5912,729.23288,700.05808,97.33704,882.52736,842.00576,90.457728,0,0,0,0,0.73,-1.49,0,0
2025/07/02 16:09:00.135,n,33.090614,18.22171,822.1556,824.15464,1.48324,34.859888,34.795288,0.105974,511.25304,52.62692,-1.517403,-0.147652,36.112048,387.40532,505.55528,457.25636,641.99768,701.57536,97.37196,791.77232,841.7964,89.38792,0,0,0,0,0.73,-1.5,0,0
2025/07/02 16:10:00.136,n,33.20707,18.635284,816.86376,818.97288,1.962142,34.401512,34.536356,0.094786,508.8646,52.598936,-1.507729,-0.13166,36.147432,388.4794,507.21268,454.8896,671.41096,725.15768,69.423696,826.2992,865.97728,60.004164,0,0,0,0,0.71,-1.49,0,0
2025/07/02 16:11:00.138,n,33.336266,18.704474,811.56736,813.67264,1.884144,34.261536,34.23744,0.087834,506.09468,53.065908,-1.515617,-0.122887,36.120408,387.6156,507.81048,451.636,571.9344,632.65108,73.10712,724.01696,772.49408,68.176608,0,0,0,0,0.76,-1.49,0,0
2025/07/02 16:12:00.140,n,33.24218,17.679328,806.00296,808.22552,1.48324,34.15386,34.266156,0.175946,502.66972,52.528052,-1.510056,-0.132721,36.050604,387.62864,506.46904,448.76436,804.7752,730.61984,89.0278,925.99696,866.31712,80.144864,0,0,0,0,0.73,-1.48,0,0
2025/07/02 16:13:00.135,n,33.278846,18.481328,800.7964,802.9544,1.81659,33.978512,33.972616,0.056768,499.76188,52.712104,-1.508263,-0.117966,36.071424,387.92324,507.91896,445.65948,721.72344,728.08904,70.148416,872.59072,865.85768,59.846468,0,0,0,0,0.73,-1.48,0,0
2025/07/02 16:14:00.135,n,33.501992,18.053742,797.102,798.7952,1.161895,33.943132,33.902112,0.099314,498.70456,53.051604,-1.507546,-0.125168,36.057884,387.89472,507.1888,444.27056,623.38996,674.07296,82.426328,770.05648,811.4676,68.923152,0,0,0,0,0.71,-1.55,0,0
2025/07/02 16:15:00.135,n,33.374504,18.486556,795.48624,795.78824,1.396424,33.838536,34.067212,0.126166,497.3854,51.578572,-1.492149,-0.127983,36.008936,388.89836,506.61056,444.44264,879.86408,800.13616,87.4294,1029.0112,938.67656,84.859888,0,0,0,0,0.75,-1.47,0,0
2025/07/02 16:16:00.135,n,33.419128,18.020832,791.7888,793.28592,0.948683,34.013888,34.007476,0.273683,497.13588,52.04616,-1.50415,-0.129387,35.972472,387.61592,506.24156,443.71492,703.38016,650.88752,94.969464,853.11752,793.42056,86.225288,0,0,0,0,0.72,-1.48,0,0
2025/07/02 16:17:00.136,n,33.291588,17.824982,785.38376,788.29488,2.247221,33.7324,33.808536,0.076547,492.83324,51.663136,-1.505943,-0.123055,35.934932,387.20928,506.55244,439.78716,611.21612,699.39176,87.69692,765.954,842.11752,76.737872,0,0,0,0,0.76,-1.5,0,0
2025/07/02 16:18:00.135,n,33.273284,18.296026,782.04416,783.49872,1.20416,33.7324,33.75522,0.067748,490.6612,51.605932,-1.502884,-0.132019,35.928244,387.42928,505.7116,437.6844,650.94952,691.12352,89.837072,801.15664,830.98144,76.850504,0,0,0,0,0.73,-1.47,0,0
2025/07/02 16:19:00.138,n,33.295646,18.491536,776.78736,778.82992,1.760682,33.237106,33.325038,0.13835,487.31136,51.16632,-1.495003,-0.127975,35.884444,387.81764,505.77732,434.778,682.5208,740.96536,79.165016,831.76016,881.63184,71.150544,0,0,0,0,0.73,-1.47,0,0
2025/07/02 16:20:00.143,n,33.263718,18.593634,772.83256,773.87064,1.224745,33.09713,33.19609,0.091109,484.40948,51.648212,-1.482292,-0.119728,35.88864,388.94536,506.53796,431.39868,878.05056,788.62352,86.609176,1011.398,929.9744,75.29276,0,0,0,0,0.73,-1.49,0,0
2025/07/02 16:21:00.141,n,33.469384,18.763116,767.68536,769.40744,1.414214,32.778724,32.978436,0.101262,482.49248,52.228968,-1.489815,-0.100067,35.918868,388.49688,508.48632,428.87376,542.59796,571.72688,24.708298,692.1572,721.2456,22.126908,0,0,0,0,0.74,-1.51,0,0
2025/07/02 16:22:00.135,n,33.426316,18.481184,762.63712,764.48512,1.581139,32.849484,32.873066,0.139404,478.4756,51.43556,-1.487671,-0.134651,35.88238,388.43816,505.17076,425.68704,688.00864,724.02024,71.721688,828.768,863.57344,70.140568,0,0,0,0,0.71,-1.47,0,0
2025/07/02 16:23:00.137,n,33.346626,18.757892,756.98744,758.95344,1.565248,32.497238,32.637726,0.123823,475.90868,51.095436,-1.489098,-0.122185,35.861532,388.17524,506.1384,423.44636,726.30008,723.41072,90.76976,880.43064,866.2508,79.618464,0,0,0,0,0.71,-1.45,0,0
2025/07/02 16:24:00.135,n,33.3227,19.10003,750.50784,752.96512,1.830301,32.46186,32.438018,0.069175,472.65364,50.5352,-1.484627,-0.108841,35.862576,388.56896,507.3304,420.74268,655.21956,687.74176,102.589,808.24064,830.39096,94.112168,0,0,0,0,0.74,-1.51,0,0
2025/07/02 16:25:00.135,n,33.544236,18.57635,747.72712,748.65376,1.5,32.355724,32.373416,0.053217,470.75948,51.12404,-1.478005,-0.099541,35.913624,389.48356,508.49812,418.25696,834.70296,749.1504,96.648328,974.49944,884.702,94.350936,0,0,0,0,0.73,-1.48,0,0
2025/07/02 16:26:00.135,n,33.697168,18.711212,742.06672,743.81592,1.183216,32.21421,32.249588,0.041926,468.42208,51.619608,-1.485878,-0.101997,35.951164,389.05376,508.53128,415.4186,624.84356,633.71564,63.06108,761.37832,776.76792,61.567444,0,0,0,0,0.75,-1.54,0,0
2025/07/02 16:27:00.137,n,33.824508,18.65589,738.12256,739.40992,1.095445,32.109616,32.167556,0.054127,465.689,51.619608,-1.479431,-0.09182,35.990768,389.87672,509.7004,412.6818,683.5164,742.44504,78.914192,833.85784,877.68368,68.865816,0,0,0,0,0.73,-1.5,0,0
2025/07/02 16:28:00.140,n,33.948632,18.832258,733.18248,734.44288,1.20416,31.968102,32.044246,0.076547,463.29912,51.633912,-1.4814,-0.090942,36.028248,389.95772,510.0296,410.27472,580.7376,649.74208,88.188152,725.78848,791.8396,79.506288,0,0,0,0,0.73,-1.51,0,0
2025/07/02 16:29:00.145,n,34.069968,18.313374,728.03992,730.26304,1.5,31.968102,32.009372,0.08615,460.33048,51.451104,-1.482826,-0.084625,36.086048,390.22188,510.9782,407.48116,783.9588,655.86,86.40312,916.73968,796.20224,83.028304,0,0,0,0,0.73,-1.5,0,0
2025/07/02 16:30:07.033,n,34.025444,18.167914,723.47744,725.44704,1.140176,32.03886,31.904268,0.104115,457.68416,50.959264,-1.504669,-0.120422,36.076672,388.26932,507.73604,405.34068,886.57272,812.84664,73.601288,1009.3292,942.51656,80.461792,0,0,0,0,0.74,-1.49,0,0
2025/07/02 16:31:00.135,n,33.785156,18.232026,719.83792,721.41504,1.449138,31.757372,31.751732,0.135857,455.26228,49.84376,-1.498756,-0.131317,36.052768,388.6206,506.60824,404.05112,815.98776,689.01176,100.64368,938.24656,823.95208,91.840624,0,0,0,0,0.74,-1.46,0,0
2025/07/02 16:32:00.135,n,33.680032,18.711274,715.2024,717.33248,1.688194,31.721992,31.716094,0.056768,453.06084,49.914648,-1.496071,-0.111473,36.102768,389.18812,508.7058,401.76164,667.40716,695.18528,100.69012,808.35448,836.02784,97.408168,0,0,0,0,0.73,-1.53,0,0
2025/07/02 16:33:00.135,n,33.722688,18.735464,712.12168,713.80032,1.284523,31.440504,31.592786,0.092702,451.13696,49.589448,-1.50988,-0.125862,36.111948,388.05516,507.48952,400.16348,798.75872,688.94344,77.74992,915.6484,826.4184,70.854072,0,0,0,0,0.75,-1.5,0,0
2025/07/02 16:34:00.136,n,33.286118,18.23029,705.39376,708.42264,1.936492,31.05442,31.065958,0.093228,446.68212,48.74256,-1.519013,-0.161179,36.0089,386.57436,503.66224,396.58172,811.1496,676.84976,107.31822,934.52768,818.52536,95.653016,0,0,0,0,0.75,-1.51,0,0
2025/07/02 16:35:00.139,n,33.024444,18.92902,700.88168,702.91696,1.717556,30.983664,31.00699,0.088388,443.26376,48.191028,-1.503609,-0.133057,36.030708,388.05288,506.3058,393.70216,636.99336,719.7016,98.212016,794.04136,857.26568,89.840976,0,0,0,0,0.71,-1.5,0,0
2025/07/02 16:36:00.138,n,33.329086,19.01193,696.1,698.0652,1.303841,30.912906,31.042628,0.073288,441.42608,48.940292,-1.49913,-0.112167,36.07864,388.76176,508.48244,391.0988,564.88104,605.57384,63.519288,712.67024,747.30608,50.370128,0,0,0,0,0.71,-1.5,0,0
2025/07/02 16:37:00.142,n,33.588896,17.521352,691.54824,694.23416,1.802776,30.737554,30.842664,0.199609,439.19036,48.657376,-1.510056,-0.140434,36.048472,387.61428,505.76968,389.16336,641.55976,667.00396,78.158496,792.90512,811.99936,73.854584,0,0,0,0,0.71,-1.53,0,0
2025/07/02 16:38:00.144,n,33.612776,18.21984,687.49136,689.58072,1.341641,31.019042,30.936492,0.101743,437.27788,48.530528,-1.509689,-0.133057,36.05054,387.65988,506.4388,387.37072,702.4772,687.26584,74.066864,853.28008,831.92904,69.8144,0,0,0,0,0.82,-1.56,0,0
2025/07/02 16:39:00.144,n,33.690848,17.800602,684.598,685.75608,1.072381,31.05442,30.936492,0.193144,435.23124,48.74256,-1.526001,-0.139381,36.069264,386.37452,506.00276,385.10204,650.36248,668.59532,70.711736,780.74592,808.01728,67.616936,0,0,0,0,0.74,-1.49,0,0
2025/07/02 16:40:00.134,n,33.536308,17.616812,679.20408,680.85264,1.746425,30.806772,30.889322,0.098821,431.0996,47.725304,-1.51471,-0.141312,36.054672,387.25328,505.73332,382.00092,589.56708,656.61952,92.537296,740.012,795.12136,78.947768,0,0,0,0,0.73,-1.51,0,0
2025/07/02 16:41:00.135,n,33.433876,17.922164,674.50768,676.72312,1.596872,30.806772,30.765754,0.093228,429.37388,47.146412,-1.518128,-0.137985,36.01864,386.7162,505.78736,380.84728,874.96744,786.8056,78.971512,1005.4622,921.58768,81.926792,0,0,0,0,0.72,-1.49,0,0
2025/07/02 16:42:00.136,n,33.43705,17.754096,669.9148,671.90432,1.431782,30.594504,30.513236,0.178973,426.30612,45.887896,-1.509178,-0.142906,35.953,387.05052,504.91048,379.05196,842.05704,801.19464,37.367768,966.9364,945.28408,35.920744,0,0,0,0,0.71,-1.5,0,0
2025/07/02 16:43:00.136,n,33.315856,17.913518,666.16712,667.59528,1.161895,30.454528,30.60732,0.088939,424.60836,46.156512,-1.512398,-0.134827,35.930084,386.61852,505.47452,377.07428,599.12152,675.92224,67.769832,755.8944,815.1204,54.202856,0,0,0,0,0.73,-1.49,0,0
2025/07/02 16:44:00.138,n,33.368546,17.577142,662.14532,663.71308,1.072381,30.41915,30.407356,0.08615,422.19792,46.496012,-1.517777,-0.134117,35.908248,386.00692,505.39124,374.31824,891.29536,787.21712,99.467328,1036.1796,929.74016,94.584888,0,0,0,0,0.75,-1.49,0,0
2025/07/02 16:45:00.141,n,33.427482,17.79389,658.02148,659.97224,1.183216,30.17304,30.336854,0.085582,420.32768,46.750328,-1.511322,-0.122704,35.860284,386.24436,506.08396,372.18876,593.03168,665.72328,98.07956,736.8876,806.04272,85.814328,0,0,0,0,0.74,-1.52,0,0
2025/07/02 16:46:00.224,n,33.497596,17.818206,652.26208,654.55956,1.802776,30.065366,30.10177,0.091643,417.14004,47.117808,-1.502907,-0.105148,35.876936,387.0836,507.75432,368.62452,698.74992,676.30968,91.227736,815.74448,812.53488,79.724528,0,0,0,0,0.73,-1.5,0,0
2025/07/02 16:47:00.144,n,33.598504,17.41738,647.83216,649.64232,1.378405,29.99615,30.013582,0.03563,414.10428,47.498972,-1.500572,-0.117081,35.896348,387.41548,506.82452,365.2218,668.7138,659.1584,94.584352,804.16544,795.59128,84.321712,0,0,0,0,0.73,-1.5,0,0
2025/07/02 16:48:00.145,n,33.635176,17.59609,644.2946,645.43316,0.974679,29.643904,29.661592,0.073951,412.11584,47.3429,-1.495377,-0.124985,35.870312,387.69072,505.9484,363.4026,782.69336,749.73624,89.44188,904.76584,881.6976,77.32076,0,0,0,0,0.71,-1.45,0,0
2025/07/02 16:49:00.137,n,33.687712,17.733054,639.39264,641.38196,1.449138,29.397794,29.508544,0.077812,410.33072,47.357824,-1.503433,-0.117081,35.840052,386.7914,506.44792,361.58656,630.12352,727.00344,87.776992,776.16816,869.15136,79.598368,0,0,0,0,0.73,-1.49,0,0
2025/07/02 16:50:00.136,n,33.408906,17.691502,634.38556,636.62184,1.5,29.290122,29.338316,0.067024,406.18824,46.862872,-1.510422,-0.140434,35.797336,385.90104,504.08812,357.95536,630.65724,604.80684,43.31628,764.55192,748.07712,41.01524,0,0,0,0,0.73,-1.49,0,0
2025/07/02 16:51:00.136,n,33.26706,17.902928,630.01044,631.50256,1.161895,29.185526,29.320886,0.089486,402.83784,46.396528,-1.498604,-0.136749,35.791076,386.88148,504.37348,355.07948,597.812,669.25464,121.6195,754.7228,810.76752,109.83306,0,0,0,0,0.73,-1.49,0,0
2025/07/02 16:52:00.143,n,33.313256,18.325534,624.72924,626.74092,1.532971,28.973256,28.97915,0.079057,400.18528,45.802088,-1.489113,-0.117607,35.780616,387.63252,506.00356,353.01168,802.87992,748.9336,98.9856,924.612,884.8768,91.966304,0,0,0,0,0.76,-1.42,0,0
2025/07/02 16:53:00.139,n,33.45671,18.418992,620.68156,622.5666,1.532971,28.831744,28.908652,0.058463,398.3676,45.901576,-1.496452,-0.117958,35.759764,386.8582,505.83296,351.08748,800.53464,759.82472,87.370184,920.278,890.92792,80.668456,0,0,0,0,0.73,-1.5,0,0
2025/07/02 16:54:00.143,n,33.43444,18.368748,616.06432,617.85524,1.341641,28.691768,28.779702,0.075906,395.39408,45.193972,-1.493591,-0.116905,35.712852,386.79216,505.61296,348.82344,784.24464,681.51416,67.36356,934.88248,823.92168,69.737728,0,0,0,0,0.74,-1.49,0,0
2025/07/02 16:55:00.144,n,33.369064,18.489938,611.28412,613.39356,1.5,28.585632,28.63819,0.158422,392.87512,45.038524,-1.491257,-0.135696,35.680528,386.77808,503.72804,346.481,652.84912,721.30856,63.079316,809.77848,869.6484,56.228108,0,0,0,0,0.73,-1.49,0,0
2025/07/02 16:56:00.146,n,33.274972,18.531442,607.2456,608.65924,1.264911,28.621012,28.526926,0.103172,390.63428,44.896756,-1.494484,-0.133591,35.639808,386.22692,503.64308,344.37664,785.93752,623.98804,103.4326,907.43088,760.66976,89.390432,0,0,0,0,0.72,-1.51,0,0
2025/07/02 16:57:00.150,n,33.411064,17.978866,602.83852,604.75824,1.414214,28.41028,28.474114,0.064801,387.948,44.6841,-1.498917,-0.13446,35.618796,385.70336,503.42568,341.89944,638.54296,661.8186,82.565432,779.05784,793.58864,71.188136,0,0,0,0,0.73,-1.49,0,0
2025/07/02 16:58:00.139,n,33.296272,18.318222,597.74616,599.51776,1.378405,28.125716,28.167504,0.110043,384.69584,44.910436,-1.48513,-0.119888,35.604208,386.79848,504.62236,338.42016,662.13628,715.55496,116.9733,816.16192,865.21328,113.22058,0,0,0,0,0.73,-1.51,0,0
2025/07/02 16:59:00.136,n,33.214928,18.81461,593.73192,595.2378,1.24499,27.914984,27.991636,0.094269,382.46068,44.570936,-1.482987,-0.124451,35.584344,386.8514,504.08468,336.53124,808.70952,699.08384,84.9594,955.77616,838.5012,80.250856,0,0,0,0,0.71,-1.5,0,0
2025/07/02 17:00:07.048,n,33.33133,18.551768,589.11476,591.37944,1.532971,27.667338,27.90345,0.121031,379.74872,44.896132,-1.480843,-0.126732,35.572868,386.96028,503.80548,333.4985,804.78672,692.30152,109.55342,938.73664,831.53056,94.321256,0,0,0,0,0.72,-1.5,0,0
2025/07/02 17:01:00.139,n,33.2117,18.939072,585.16296,586.86548,1.378405,27.56274,27.703484,0.073951,376.87516,45.094488,-1.474396,-0.118309,35.588536,387.62236,504.65796,330.4246,644.01616,627.05336,138.79878,792.42024,762.44192,146.60832,0,0,0,0,0.72,-1.5,0,0
2025/07/02 17:02:00.142,n,33.33133,19.039218,581.24164,582.63304,1.072381,27.56274,27.59812,0.038273,375.09572,45.461968,-1.469566,-0.106194,35.604208,388.14484,505.8386,328.27038,632.66948,567.59368,39.352572,753.88456,705.6984,28.262166,0,0,0,0,0.72,-1.5,0,0
2025/07/02 17:03:00.144,n,33.544854,18.951132,576.48128,578.3932,1.387444,27.52736,27.533256,0.061714,373.02736,45.094488,-1.48674,-0.12603,35.613552,386.7216,504.13932,326.57214,660.22076,626.02696,85.521336,807.64728,767.44192,79.219312,0,0,0,0,0.73,-1.52,0,0
2025/07/02 17:04:00.146,n,33.466782,19.172178,572.82496,574.61456,1.25499,27.456606,27.497626,0.0953,369.96304,44.0051,-1.484238,-0.133057,35.610468,386.91748,503.49468,324.60678,803.76424,796.7924,91.048064,964.20928,938.11472,89.23956,0,0,0,0,0.73,-1.53,0,0
2025/07/02 17:05:00.149,n,33.53695,18.62618,568.09196,569.9272,1.350926,27.068984,27.262538,0.14724,367.26076,42.829908,-1.476364,-0.12796,35.592732,387.48028,503.82904,323.08248,789.54592,693.46152,78.827024,931.92264,834.1016,73.52992,0,0,0,0,0.73,-1.54,0,0
2025/07/02 17:06:00.150,n,33.56878,18.982236,562.9174,565.02888,1.581139,26.92747,27.097954,0.100293,364.38492,42.915092,-1.469917,-0.116028,35.57182,387.89824,504.74896,320.11594,723.37704,612.19856,96.106192,872.74152,757.42624,93.17296,0,0,0,0,0.74,-1.5,0,0
2025/07/02 17:07:00.137,n,33.45858,18.790374,558.0002,559.97248,1.369307,26.856712,26.8098,0.103645,361.95508,42.687516,-1.473854,-0.133057,35.473964,386.90508,502.58404,317.92676,699.82088,747.51168,39.191836,836.31672,874.06672,32.664966,0,0,0,0,0.73,-1.53,0,0
2025/07/02 17:08:00.138,n,33.364532,19.22226,553.47276,555.29912,1.5,26.713662,26.649312,0.126938,358.9142,42.871568,-1.472069,-0.119888,35.480292,387.10164,503.79564,314.69042,782.66256,754.13528,77.436104,906.79424,900.55832,64.442224,0,0,0,0,0.76,-1.51,0,0
2025/07/02 17:09:00.141,n,33.254524,19.322358,548.84484,550.6284,1.369307,26.467552,26.326808,0.129603,356.39524,42.361696,-1.47332,-0.125687,35.407124,386.50584,502.79316,312.68592,575.75432,656.79792,94.68316,724.23472,804.1208,86.970968,0,0,0,0,0.71,-1.42,0,0
2025/07/02 17:10:00.135,n,33.307114,19.106586,544.14692,546.24516,1.405347,26.255284,26.268098,0.029646,353.66556,42.262828,-1.479225,-0.124809,35.36428,385.70956,502.5856,310.04834,835.28072,774.77048,75.848864,987.12728,910.10176,77.756024,0,0,0,0,0.73,-1.5,0,0
2025/07/02 17:11:00.144,n,33.206626,19.40517,540.28656,542.08348,1.294218,26.186064,26.226828,0.060111,351.35904,41.922708,-1.470451,-0.120941,35.31832,386.16256,502.62316,308.08682,611.9926,682.10416,76.609728,769.32208,825.60984,70.453528,0,0,0,0,0.72,-1.52,0,0
2025/07/02 17:12:00.153,n,33.193878,19.29477,536.02104,537.64996,1.341641,26.009172,26.08557,0.098821,348.51288,42.13536,-1.463837,-0.110237,35.307928,386.66544,503.50444,305.02392,790.4272,693.80752,94.330008,913.49344,832.05616,81.625368,0,0,0,0,0.74,-1.54,0,0
2025/07/02 17:13:00.135,n,33.273666,19.21015,531.34752,532.93892,1.214496,25.973794,25.908936,0.040141,346.15324,41.951308,-1.465447,-0.113213,35.316224,386.58148,503.29552,302.84974,765.726,693.75008,112.51934,891.2972,830.73896,104.08554,0,0,0,0,0.73,-1.47,0,0
2025/07/02 17:14:00.151,n,33.362922,18.989106,527.04096,529.00972,1.405347,25.86766,25.862022,0.067387,343.43556,41.611188,-1.467415,-0.115326,35.2901,386.23736,502.934,300.47232,808.35928,688.63272,110.576,951.07648,833.22296,102.60094,0,0,0,0,0.74,-1.51,0,0
2025/07/02 17:15:00.137,n,33.334214,19.179096,522.83484,524.70824,1.440486,25.550794,25.732812,0.159803,340.54316,41.299668,-1.463837,-0.110405,35.277576,386.46364,503.2878,297.89008,768.51408,687.87304,105.32214,922.44416,830.88888,100.13042,0,0,0,0,0.74,-1.56,0,0
2025/07/02 17:16:00.135,n,33.439438,18.945892,517.98308,519.90392,1.549193,25.550794,25.468244,0.088388,337.79524,41.285368,-1.462586,-0.117081,35.25876,386.44652,502.56952,295.16436,630.6772,702.19264,93.57804,786.03352,839.21536,78.863176,0,0,0,0,0.68,-1.48,0,0
2025/07/02 17:17:00.135,n,33.431428,18.565618,512.4552,514.68084,1.596872,24.984742,25.215212,0.157495,334.97076,40.718912,-1.466339,-0.119011,35.224312,385.89264,502.16892,292.90454,677.91304,698.00912,74.507384,829.99056,841.50448,71.430392,0,0,0,0,0.74,-1.44,0,0
2025/07/02 17:18:00.136,n,33.407502,18.567328,509.75676,511.106,1.095445,24.984742,24.956284,0.189314,333.79038,40.491956,-1.465447,-0.119537,35.178416,385.66468,501.817,291.95252,801.95208,703.49936,94.157848,945.79232,844.1036,87.205504,0,0,0,0,0.73,-1.53,0,0
2025/07/02 17:19:00.135,n,33.378838,18.406488,505.67404,507.64232,1.449138,24.984742,24.961928,0.051822,331.2389,40.633724,-1.469917,-0.118835,35.164912,385.18828,501.78968,289.25408,613.32072,683.06712,91.344944,767.72296,824.56984,79.74804,0,0,0,0,0.73,-1.49,0,0
2025/07/02 17:20:00.137,n,33.308724,18.709126,501.1314,503.09964,1.414214,24.563278,24.76837,0.140277,328.52804,40.081568,-1.464554,-0.117256,35.119192,385.3484,501.62608,287.09916,815.434,695.72752,99.913456,955.2796,839.762,91.751296,0,0,0,0,0.7,-1.49,0,0
2025/07/02 17:21:00.136,n,33.265656,18.295698,496.99236,498.44568,1.25499,24.457144,24.580198,0.11289,325.70416,40.081568,-1.470276,-0.119186,35.074448,384.55604,501.15732,284.27148,563.4306,658.5548,86.93992,716.93584,796.57352,75.286456,0,0,0,0,0.74,-1.47,0,0
2025/07/02 17:22:00.135,n,33.16204,18.515472,493.01928,494.42764,1.083974,24.386386,24.415612,0.140277,323.46732,40.010684,-1.464378,-0.117432,35.020464,384.70796,500.95492,282.10968,560.61224,580.828,26.712356,708.45248,731.79144,25.209126,0,0,0,0,0.73,-1.49,0,0
2025/07/02 17:23:00.136,n,33.17318,18.42895,488.37004,490.14976,1.332291,24.13874,24.309222,0.145405,320.87128,39.868916,-1.462761,-0.119713,35.005876,384.75104,500.65548,279.6593,738.83688,735.28792,105.61346,897.50176,874.96416,106.76516,0,0,0,0,0.74,-1.49,0,0
2025/07/02 17:24:00.144,n,33.152428,18.671088,484.22188,485.76172,1.332291,24.067984,24.115156,0.056768,318.12506,40.038664,-1.45829,-0.106903,34.991324,385.04124,501.69656,276.73502,531.64056,565.72528,31.149236,684.64384,711.87368,24.482646,0,0,0,0,0.72,-1.48,0,0
2025/07/02 17:25:00.135,n,33.157212,18.645208,479.36248,481.34268,1.431782,23.92801,23.839308,0.091376,315.72146,39.9398,-1.453285,-0.112686,34.940424,385.13644,500.8452,274.4411,789.62152,677.76544,82.286392,936.83816,822.69656,77.761816,0,0,0,0,0.75,-1.48,0,0
2025/07/02 17:26:00.135,n,33.222588,18.81806,475.48076,477.30944,1.264911,23.644984,23.72138,0.098077,313.64794,40.138152,-1.45311,-0.101456,34.958088,385.26884,501.9598,272.15814,808.45992,682.27408,113.28858,954.9876,819.79632,108.23978,0,0,0,0,0.72,-1.47,0,0
2025/07/02 17:27:00.135,n,33.350128,18.904486,470.98692,472.98,1.50831,23.432712,23.556536,0.085582,310.97254,40.222716,-1.45311,-0.100052,34.965364,385.317,502.13264,269.39672,589.57268,650.12592,56.974996,737.26152,801.60552,54.712428,0,0,0,0,0.74,-1.49,0,0
2025/07/02 17:28:00.136,n,33.40438,18.67807,466.35444,468.15824,1.732051,23.220444,23.302994,0.123823,308.26342,39.783728,-1.451492,-0.107948,34.95704,385.40168,501.37612,267.13616,901.98824,787.21464,98.997472,1034.8392,914.56656,102.66792,0,0,0,0,0.68,-1.48,0,0
2025/07/02 17:29:00.135,n,33.375664,18.759272,461.4174,463.26036,1.5,23.009712,23.068674,0.14987,305.37842,39.31614,-1.457756,-0.10672,34.922792,384.63272,501.25808,264.71124,758.63424,706.638,55.0695,878.89048,835.55272,44.019884,0,0,0,0,0.73,-1.49,0,0
2025/07/02 17:30:07.018,n,33.208236,18.681488,456.81236,458.41488,1.360147,22.972796,22.891528,0.115667,302.1565,38.833624,-1.448814,-0.109535,34.896732,385.23344,500.83528,261.98358,893.94184,852.07232,45.15086,1025.8416,985.84552,49.689032,0,0,0,0,0.76,-1.5,0,0
2025/07/02 17:31:00.136,n,33.326256,18.558686,451.83272,453.56568,1.303841,22.551332,22.632856,0.173712,299.88312,38.578688,-1.450241,-0.113571,34.892572,385.08248,500.44936,259.96778,600.67964,642.30976,110.16988,759.61848,784.33248,95.971608,0,0,0,0,0.74,-1.49,0,0
2025/07/02 17:32:00.172,n,33.276786,18.467084,447.35404,449.14688,1.350926,22.408282,22.57953,0.121835,297.33506,38.209964,-1.452927,-0.117607,34.857204,384.61568,499.8564,257.7898,867.1196,756.00616,95.588696,999.55256,890.39936,85.15868,0,0,0,0,0.71,-1.49,0,0
2025/07/02 17:33:00.140,n,33.232162,18.790374,442.35456,444.2632,1.466288,22.268306,22.409564,0.109152,294.72244,38.082496,-1.450424,-0.114098,34.828068,384.63908,499.975,255.30364,806.10392,698.44168,104.13574,953.40216,844.00408,96.82768,0,0,0,0,0.73,-1.57,0,0
2025/07/02 17:34:00.136,n,33.061508,18.909612,436.8754,439.0906,1.710263,22.020658,22.020658,0.086996,291.45996,37.5291,-1.44899,-0.113396,34.780216,384.44624,499.72044,252.59528,841.08976,750.42928,74.21624,997.37336,903.33944,72.645712,0,0,0,0,0.73,-1.51,0,0
2025/07/02 17:35:00.135,n,33.104622,19.05478,432.03584,434.06704,1.474788,21.914524,22.008866,0.076865,288.8525,37.5577,-1.449349,-0.108475,34.78126,384.42208,500.16432,249.95394,886.56632,837.6668,53.687988,1039.5458,978.80224,53.340416,0,0,0,0,0.72,-1.49,0,0
2025/07/02 17:36:00.135,n,33.144416,18.58637,427.39728,429.40084,1.414214,21.77301,21.820694,0.048412,286.37754,37.5577,-1.454895,-0.116905,34.775036,383.90108,499.3744,247.48184,693.05656,729.58032,60.000832,847.15216,880.202,55.01,0,0,0,0,0.71,-1.5,0,0
2025/07/02 17:37:00.135,n,33.171562,19.118646,422.043,424.49376,1.643168,21.38539,21.526132,0.108703,283.55308,36.848232,-1.454002,-0.110588,34.747996,383.79924,499.75636,245.36142,813.93888,649.15972,99.793784,949.64336,791.22392,91.216776,0,0,0,0,0.73,-1.51,0,0
2025/07/02 17:38:00.136,n,33.23851,19.30683,417.49736,419.39632,1.387444,21.174658,21.326682,0.105974,281.09808,36.508112,-1.449883,-0.10585,34.7438,384.12796,500.14952,243.24592,789.84272,735.42384,85.913616,951.15312,882.2812,78.411736,0,0,0,0,0.73,-1.49,0,0
2025/07/02 17:39:00.136,n,33.08387,18.935542,412.61056,414.51664,1.516575,21.102362,21.120308,0.047905,278.46722,36.35204,-1.448456,-0.11673,34.679204,383.82384,498.75572,240.78346,578.477,632.89228,78.214448,735.78056,783.08024,72.888952,0,0,0,0,0.71,-1.43,0,0
2025/07/02 17:40:00.140,n,33.07586,18.58637,407.92328,409.76896,1.462019,20.89163,21.00879,0.061714,276.01908,36.210268,-1.449532,-0.114616,34.66364,383.62776,498.84044,238.4739,575.95012,659.29308,68.48212,733.326,808.19864,61.345332,0,0,0,0,0.71,-1.49,0,0
2025/07/02 17:41:00.141,n,33.158822,19.127288,403.50552,405.0294,1.224745,20.785496,20.867278,0.087834,273.35736,36.139384,-1.445595,-0.101288,34.671964,384.02348,500.07928,235.87368,788.23088,731.08296,93.143704,945.86944,881.43944,91.951616,0,0,0,0,0.72,-1.5,0,0
2025/07/02 17:42:00.143,n,33.088608,18.76103,398.50608,400.43904,1.537043,20.573226,20.614502,0.095811,270.55288,36.011296,-1.44738,-0.103386,34.660488,383.79316,499.81708,233.1976,802.75432,712.06424,127.55294,955.84848,851.94816,125.84792,0,0,0,0,0.71,-1.5,0,0
2025/07/02 17:43:00.135,n,33.229638,19.328168,393.03756,395.36748,1.592953,20.256362,20.402488,0.110043,268.3269,36.493808,-1.438667,-0.095505,34.69156,384.75236,500.72248,230.48994,829.45744,762.21,68.467144,951.75424,899.8016,62.290448,0,0,0,0,0.72,-1.5,0,0
2025/07/02 17:44:00.135,n,33.312546,19.247064,389.96296,391.733,1.350926,21.206958,21.272588,0.088112,265.96612,36.422924,-1.439201,-0.098312,34.703,384.78188,500.54884,228.2023,699.48672,809.73728,74.0098,855.38424,951.52056,65.871088,0,0,0,0,0.71,-1.51,0,0
2025/07/02 17:45:00.135,n,33.328514,18.927534,385.07464,387.13504,1.457738,20.923934,21.030838,0.089759,263.45346,36.139384,-1.445999,-0.106384,34.688448,384.09752,499.73568,225.97444,852.10488,753.09824,108.38728,974.436,888.76392,99.721104,0,0,0,0,0.71,-1.51,0,0
2025/07/02 17:46:00.136,n,33.310982,19.043256,379.67468,381.95616,1.767767,20.713202,20.842664,0.103409,260.6644,35.742056,-1.447601,-0.10936,34.6853,383.93816,499.45064,223.5841,625.54876,711.77512,100.24696,778.80024,848.26048,88.530784,0,0,0,0,0.73,-1.57,0,0
2025/07/02 17:47:00.136,n,33.189744,18.363764,374.03108,376.3148,1.753568,20.465554,20.536566,0.109152,257.68464,34.734128,-1.450462,-0.117088,34.629092,383.3188,498.3924,221.61712,800.43496,737.37808,71.107664,923.77288,880.64968,66.292532,0,0,0,0,0.75,-1.54,0,0
2025/07/02 17:48:00.139,n,33.111618,18.545454,369.1306,371.09376,1.569236,20.290202,20.378134,0.096065,255.01434,34.549452,-1.448326,-0.114807,34.624896,383.47596,498.5674,219.13136,635.46772,737.02776,96.81916,803.08,879.92552,84.017256,0,0,0,0,0.72,-1.51,0,0
2025/07/02 17:49:00.142,n,33.137108,18.417378,364.53468,366.45292,1.360147,20.148688,20.230466,0.0625,252.8032,34.293896,-1.445458,-0.110596,34.598912,383.5522,498.76948,217.17442,736.2968,758.77512,89.193328,876.94136,902.39504,82.20888,0,0,0,0,0.72,-1.5,0,0
2025/07/02 17:50:00.143,n,33.063714,18.464106,359.62808,361.71288,1.569236,20.11331,20.05409,0.034939,250.35906,34.05264,-1.449036,-0.111122,34.553088,382.93992,498.42,214.9685,734.99016,590.98376,71.94112,881.90472,746.0264,68.568944,0,0,0,0,0.72,-1.49,0,0
2025/07/02 17:51:00.150,n,33.009468,18.476216,354.44588,356.47508,1.545154,19.724148,19.895142,0.088388,247.6665,33.612408,-1.444206,-0.110939,34.532248,383.21996,498.29852,212.72082,854.6196,709.30272,109.9293,984.3276,854.76824,102.58412,0,0,0,0,0.76,-1.49,0,0
2025/07/02 17:52:00.135,n,32.987152,18.725286,349.46468,351.37028,1.495828,19.478038,19.60058,0.108703,245.18354,33.299644,-1.447426,-0.110939,34.4885,382.65248,498.00956,210.5474,649.0302,681.00576,62.708456,789.07808,819.62192,50.982348,0,0,0,0,0.74,-1.5,0,0
2025/07/02 17:53:00.135,n,33.063714,18.304876,344.0358,346.1924,1.654539,19.23039,19.388824,0.20776,242.59722,32.54665,-1.451363,-0.116562,34.460316,382.12592,497.32416,208.71576,779.02144,638.98116,106.94952,902.3896,781.21904,92.25264,0,0,0,0,0.74,-1.55,0,0
2025/07/02 17:54:00.136,n,33.027046,18.682074,339.2084,341.249,1.537043,19.0535,19.195014,0.097328,239.93436,32.432862,-1.44278,-0.109192,34.426984,382.64824,497.75856,206.1679,589.63908,613.63128,47.083968,737.20456,758.95584,35.960396,0,0,0,0,0.74,-1.49,0,0
2025/07/02 17:55:00.137,n,33.014306,18.43813,334.06428,336.3018,1.658313,18.735096,18.911988,0.154995,237.38056,31.964028,-1.442955,-0.117264,34.38946,382.3856,496.7942,204.09086,855.35344,679.54288,151.55,993.05752,823.2908,141.16746,0,0,0,0,0.75,-1.55,0,0
2025/07/02 17:56:00.139,n,32.95678,18.619818,329.49728,331.41782,1.491643,18.735096,18.758936,0.072618,234.94956,31.693546,-1.441345,-0.113747,34.3384,382.18808,496.7698,201.92844,892.102,832.60544,43.867412,1026.3004,966.66888,44.604932,0,0,0,0,0.69,-1.47,0,0
2025/07/02 17:57:00.144,n,32.974412,18.934418,324.5176,326.5072,1.470544,18.38285,18.611784,0.138878,232.35354,31.537476,-1.440811,-0.112343,34.32068,382.11736,496.77752,199.48758,639.61664,719.16264,95.254136,792.22112,859.7732,83.712008,0,0,0,0,0.71,-1.5,0,0
2025/07/02 17:58:00.143,n,32.912156,18.344672,319.46484,321.59884,1.620185,18.310556,18.346702,0.089759,230.02018,31.409386,-1.440453,-0.11393,34.261196,381.75636,496.24464,197.28428,619.74164,612.77576,44.412836,756.95696,756.99896,45.788096,0,0,0,0,0.71,-1.49,0,0
2025/07/02 17:59:00.147,n,32.918502,18.42436,314.44406,316.64202,1.592953,17.99369,18.123154,0.16661,227.22884,31.3242,-1.439735,-0.11129,34.243468,381.70164,496.36228,194.57618,565.52632,593.77284,21.007142,719.41448,739.57272,14.489652,0,0,0,0,0.74,-1.51,0,0
2025/07/02 18:00:07.043,n,32.870652,18.709712,309.4522,311.6466,1.612452,17.746042,17.846282,0.071943,224.35926,31.082942,-1.435806,-0.111473,34.189236,381.6844,495.98888,191.952,645.31148,627.72052,56.480524,783.82712,769.7556,53.311816,0,0,0,0,0.76,-1.52,0,0
2025/07/02 18:01:00.136,n,32.83706,18.611176,304.93702,306.8588,1.444818,17.533774,17.62222,0.115456,222.4782,30.727276,-1.435272,-0.110596,34.150636,381.47644,495.81268,190.42624,733.8432,707.8132,88.700056,864.25384,849.26384,78.894232,0,0,0,0,0.71,-1.52,0,0
2025/07/02 18:02:00.136,n,32.899314,19.006978,300.45376,302.18754,1.391941,17.498394,17.522238,0.098698,220.2562,30.556282,-1.434021,-0.112877,34.139132,381.50896,495.53436,188.37878,780.31536,655.86732,88.794992,904.42136,801.41792,80.055288,0,0,0,0,0.73,-1.52,0,0
2025/07/02 18:03:00.137,n,32.904144,18.59555,295.7604,297.6614,1.453444,17.14615,17.240234,0.13879,217.75552,30.300724,-1.433479,-0.109886,34.106792,381.343,495.58708,186.13122,820.43008,688.45608,81.93412,949.37984,831.31536,73.085904,0,0,0,0,0.72,-1.49,0,0
2025/07/02 18:04:00.139,n,32.923286,18.49184,290.8584,292.78376,1.497915,17.004636,17.051554,0.052756,215.03898,30.12973,-1.432945,-0.110245,34.089028,381.27232,495.43844,183.58656,711.14496,693.31256,87.785824,866.22552,839.97416,82.144384,0,0,0,0,0.73,-1.5,0,0
2025/07/02 18:05:00.146,n,32.902534,18.78061,285.98532,287.92666,1.493737,16.75699,16.851074,0.108703,212.4201,29.958736,-1.429909,-0.111122,34.066088,381.38432,495.2098,181.14258,636.081,681.71256,100.1701,784.98184,824.64136,94.282552,0,0,0,0,0.71,-1.48,0,0
2025/07/02 18:06:00.143,n,32.932908,18.01396,281.129,283.19802,1.559247,16.580098,16.615478,0.095043,209.89488,29.404716,-1.43277,-0.108482,34.045184,380.99932,495.30676,179.1659,711.81632,737.13992,73.264248,870.9716,885.8372,60.717376,0,0,0,0,0.73,-1.53,0,0
2025/07/02 18:07:00.145,n,32.908928,18.650922,276.61228,278.42672,1.420827,16.244774,16.327838,0.079057,207.48214,29.4613,-1.427582,-0.105858,34.021172,381.2902,495.38188,176.69912,624.2846,674.7372,102.47024,784.03264,814.74656,89.890216,0,0,0,0,0.73,-1.49,0,0
2025/07/02 18:08:00.147,n,32.886566,18.453754,272.0925,273.91382,1.394184,16.1048,16.151712,0.09388,205.29386,29.262326,-1.427048,-0.107262,33.990924,381.13764,495.05852,174.71174,841.46088,733.72312,91.584928,981.93792,876.40136,82.774992,0,0,0,0,0.73,-1.5,0,0
2025/07/02 18:09:00.150,n,32.909714,18.432626,267.36564,269.32474,1.431782,15.85869,15.934574,0.112239,203.36538,29.266678,-1.420784,-0.10112,33.991744,381.68472,495.60916,172.77902,820.75968,730.83976,127.60662,948.7016,873.11456,117.19428,0,0,0,0,0.73,-1.49,0,0
2025/07/02 18:10:00.137,n,32.852242,18.23707,263.7626,265.59634,1.382932,16.633934,16.76955,0.082087,201.23646,28.757428,-1.417206,-0.103752,33.946884,381.69952,495.08068,171.16558,576.17436,565.01032,11.19933,735.3652,718.06928,12.763228,0,0,0,0,0.74,-1.45,0,0
2025/07/02 18:11:00.141,n,32.849022,18.731894,258.8225,260.92074,1.612452,16.458582,16.558308,0.068108,198.17158,28.487568,-1.417564,-0.098137,33.935352,381.59292,495.5038,168.3646,822.90336,644.5976,125.06078,954.0224,792.32272,111.4491,0,0,0,0,0.72,-1.49,0,0
2025/07/02 18:12:00.140,n,32.802726,18.489706,254.46264,256.3281,1.320511,16.283228,16.347064,0.075098,196.13976,28.51617,-1.416313,-0.099365,33.900848,381.47456,495.16808,166.30664,679.83992,754.37472,63.152592,830.87152,902.93168,61.08846,0,0,0,0,0.71,-1.53,0,0
2025/07/02 18:13:00.221,n,32.788376,18.626378,250.06622,252.01876,1.433963,16.212472,16.106338,0.089623,193.97886,28.289216,-1.415421,-0.101646,33.868476,381.3392,494.75292,164.3759,777.05624,663.38604,115.9321,896.75968,810.90336,105.72252,0,0,0,0,0.71,-1.5,0,0
2025/07/02 18:14:00.143,n,32.858634,18.392882,245.28756,247.31624,1.526843,15.789472,15.8651,0.074772,191.1464,28.189728,-1.413994,-0.100067,33.852748,381.35944,494.79,161.64276,847.62312,713.59848,134.07816,976.80512,858.76488,123.1227,0,0,0,0,0.72,-1.5,0,0
2025/07/02 18:15:00.146,n,32.850632,18.555526,240.85154,242.69746,1.423025,15.541824,15.677184,0.126746,188.70968,27.793022,-1.413277,-0.10305,33.82876,381.26408,494.36768,159.60646,648.45708,679.36536,97.53,803.74848,823.87832,85.823656,0,0,0,0,0.73,-1.5,0,0
2025/07/02 18:16:00.149,n,32.887352,18.413634,236.4795,238.2815,1.327592,15.297252,15.442866,0.097453,186.31182,27.495182,-1.412026,-0.099541,33.811,381.2558,494.56284,157.50416,649.63676,705.12104,101.51036,811.1508,855.73728,96.879824,0,0,0,0,0.71,-1.52,0,0
2025/07/02 18:17:00.150,n,32.79477,18.498448,232.2521,234.06048,1.272301,14.978848,15.178556,0.101141,184.24,26.842918,-1.410591,-0.104103,33.766048,381.08508,493.86288,156.09058,635.50984,723.3156,108.69682,799.4672,870.23456,100.99604,0,0,0,0,0.75,-1.51,0,0
2025/07/02 18:18:00.152,n,32.726066,18.366904,228.13282,229.88916,1.332291,15.014226,14.949878,0.041634,181.96432,26.85722,-1.41024,-0.100243,33.735712,380.91652,494.0068,153.7971,622.34724,703.08032,94.805856,782.09224,850.01104,83.907688,0,0,0,0,0.74,-1.48,0,0
2025/07/02 18:19:00.137,n,32.721238,18.754354,223.94352,225.63182,1.320511,14.661982,14.714536,0.098698,179.49678,26.629642,-1.407204,-0.103752,33.716868,381.0556,493.57152,151.5637,869.80816,769.44232,86.910584,1013.124,915.62152,81.106104,0,0,0,0,0.73,-1.48,0,0
2025/07/02 18:20:00.139,n,32.714836,18.31495,219.78466,221.52016,1.373863,14.486628,14.462786,0.069527,177.4067,26.318122,-1.405235,-0.102348,33.674016,380.94512,493.41544,149.78572,853.12704,733.9548,82.733304,987.7148,876.63192,77.926888,0,0,0,0,0.73,-1.54,0,0
2025/07/02 18:21:00.142,n,32.652534,18.961826,215.62274,217.26336,1.279648,14.311276,14.327938,0.115244,174.73184,26.01966,-1.405052,-0.103928,33.654124,380.83064,493.14488,147.41106,759.9356,620.09468,80.81584,910.54584,771.73472,78.459864,0,0,0,0,0.72,-1.5,0,0
2025/07/02 18:22:00.143,n,32.643014,19.001572,211.32378,213.08416,1.33931,13.95903,14.034916,0.060111,171.9268,25.99168,-1.40345,-0.10463,33.642624,380.89384,493.00716,144.6363,609.70464,700.60104,99.820336,770.98576,843.5424,86.810136,0,0,0,0,0.73,-1.48,0,0
2025/07/02 18:23:00.136,n,32.662156,18.894394,207.29436,208.96514,1.271072,13.711384,13.805724,0.085866,169.19142,25.778404,-1.40255,-0.105858,33.630108,380.88984,492.81612,142.11634,520.024,565.644,41.623008,674.32224,710.82032,33.891004,0,0,0,0,0.71,-1.49,0,0
2025/07/02 18:24:00.135,n,32.674896,18.973936,203.09286,204.87812,1.283306,13.56987,13.617554,0.048159,167.07622,25.28159,-1.402016,-0.106033,33.59138,380.68248,492.54704,140.49864,533.7232,553.8192,16.045248,684.46576,707.43256,18.125948,0,0,0,0,0.74,-1.52,0,0
2025/07/02 18:25:00.135,n,32.615814,18.878866,199.05886,200.74262,1.257478,13.429894,13.400414,0.034939,164.79428,24.785396,-1.397736,-0.107964,33.56314,380.868,492.19084,138.7191,612.96296,694.85912,70.094936,776.39352,841.3156,69.516184,0,0,0,0,0.69,-1.49,0,0
2025/07/02 18:26:00.136,n,32.60781,18.873642,194.95484,196.48478,1.236174,13.042272,13.154304,0.09845,162.35812,24.57212,-1.399338,-0.106033,33.530738,380.51732,492.15024,136.4927,526.79744,531.4554,8.571756,674.41888,684.78104,12.26173,0,0,0,0,0.73,-1.46,0,0
2025/07/02 18:27:00.137,n,32.674592,19.3146,191.08988,192.6546,1.138804,12.725406,12.918962,0.108703,160.43022,24.587044,-1.395607,-0.105873,33.551968,380.979,492.3034,134.55344,823.84576,625.5794,116.49658,961.21872,775.58136,111.33194,0,0,0,0,0.71,-1.47,0,0
2025/07/02 18:28:00.135,n,32.66024,19.140186,188.60612,190.09624,1.161895,13.923652,13.88289,0.084143,158.23106,24.401748,-1.390434,-0.101486,33.523662,381.2412,492.50772,132.54038,586.8076,677.07248,88.901352,736.0164,817.64696,77.837656,0,0,0,0,0.75,-1.52,0,0
2025/07/02 18:29:00.135,n,32.617706,19.212744,184.84016,186.33736,1.152443,13.53603,13.600378,0.134411,156.11928,24.11821,-1.388825,-0.103592,33.482872,381.11384,492.05408,130.71584,667.0034,634.92796,98.173832,820.94024,780.90744,89.08872,0,0,0,0,0.74,-1.5,0,0
2025/07/02 18:30:07.036,n,32.598618,19.008936,181.35592,182.77952,1.050298,13.254542,13.37734,0.136841,153.81448,23.83405,-1.385796,-0.100075,33.44205,381.10888,492.09948,128.6947,671.13088,678.38112,97.806952,828.34944,823.89224,94.341136,0,0,0,0,0.73,-1.52,0,0
2025/07/02 18:31:00.135,n,32.552422,19.409522,177.7742,179.2549,1.164581,13.079188,13.207626,0.117448,151.72384,23.635696,-1.385254,-0.103241,33.424228,381.0392,491.7018,126.80612,733.41848,671.06444,100.23224,889.47736,818.56104,95.101792,0,0,0,0,0.71,-1.47,0,0
2025/07/02 18:32:00.135,n,32.539726,19.385352,174.0524,175.6491,1.141545,12.937676,12.95511,0.065737,149.51782,23.493306,-1.382576,-0.10289,33.391758,381.05872,491.5208,124.74484,611.291,707.28376,103.37238,773.7532,855.34848,92.348248,0,0,0,0,0.72,-1.49,0,0
2025/07/02 18:33:00.135,n,32.519074,19.49414,170.56968,172.05824,1.149728,12.760784,12.814622,0.072702,147.16564,23.252048,-1.380608,-0.102005,33.36031,381.02368,491.39412,122.635,727.89648,694.87552,81.893224,883.82552,842.86576,72.126968,0,0,0,0,0.73,-1.48,0,0
2025/07/02 18:34:00.136,n,32.539726,19.551026,166.8433,168.36688,1.167262,12.40854,12.526466,0.094269,144.5182,22.967888,-1.379723,-0.103592,33.338326,380.95656,491.10944,120.2742,611.87452,688.01752,84.587536,767.67512,828.4328,70.433304,0,0,0,0,0.71,-1.49,0,0
2025/07/02 18:35:00.137,n,32.531768,19.916554,163.21896,164.81868,1.167262,12.163968,12.262926,0.115983,142.18656,22.527034,-1.378647,-0.106575,33.314212,380.8922,490.68712,118.38744,830.65336,733.0084,55.103992,987.53496,888.30984,56.255664,0,0,0,0,0.73,-1.49,0,0
2025/07/02 18:36:00.139,n,32.526986,19.908008,160.07736,161.42378,1.069463,11.845564,12.021688,0.113698,139.85322,22.313758,-1.378113,-0.109207,33.286992,380.76076,490.27572,116.27056,761.01416,734.7908,97.30904,917.95248,882.07224,86.04824,0,0,0,0,0.71,-1.49,0,0
2025/07/02 18:37:00.135,n,32.484016,19.914892,156.62204,158.03242,1.02011,11.73943,11.78096,0.075422,137.70888,22.0582,-1.376328,-0.108856,33.253444,380.69636,490.08804,114.38322,607.86864,701.1552,97.437416,766.02664,852.55368,87.870928,0,0,0,0,0.71,-1.49,0,0
2025/07/02 18:38:00.135,n,32.374154,19.549366,153.51088,154.78372,1.036822,11.422564,11.393594,0.153412,136.00996,21.560764,-1.372406,-0.102188,33.184288,380.58456,490.2292,113.179,806.72168,768.07016,104.46172,942.08328,912.29472,95.5704,0,0,0,0,0.76,-1.42,0,0
2025/07/02 18:39:00.135,n,32.35662,19.961426,150.12106,151.47002,0.974679,11.176454,11.358216,0.105338,133.40196,21.22002,-1.375076,-0.107803,33.172726,380.27812,489.65508,110.91466,550.83984,575.09112,32.385182,704.49392,726.22776,28.647862,0,0,0,0,0.71,-1.49,0,0
2025/07/02 18:40:00.135,n,32.368606,20.146696,146.86828,148.1609,0.984251,10.930344,10.94188,0.106434,131.2439,21.406558,-1.36908,-0.10482,33.178818,380.83656,489.95968,108.57308,617.92724,718.95272,101.1415,781.99496,865.94088,90.088288,0,0,0,0,0.71,-1.47,0,0
2025/07/02 18:41:00.137,n,32.365478,20.003434,145.07286,146.1919,0.928709,11.919398,11.896068,0.103645,129.11214,21.122398,-1.366226,-0.099739,33.141078,380.83744,490.165,106.72326,817.0036,659.30584,93.395392,964.20168,814.43376,89.450824,0,0,0,0,0.73,-1.47,0,0
2025/07/02 18:42:00.135,n,32.303276,19.73107,141.81856,143.11018,0.998436,11.60253,11.661496,0.053102,127.34986,20.866218,-1.36319,-0.096573,33.093906,380.79272,490.13884,105.21702,572.66228,588.82832,74.006928,730.64992,739.0668,61.486992,0,0,0,0,0.73,-1.49,0,0
2025/07/02 18:43:00.135,n,32.271438,20.081022,138.97542,140.1079,0.927867,11.390262,11.443842,0.125585,125.29288,20.59636,-1.363014,-0.099739,33.047714,380.50704,489.55676,103.43326,794.60568,731.20512,94.792408,928.74368,877.89912,87.76332,0,0,0,0,0.71,-1.48,0,0
2025/07/02 18:44:00.139,n,32.238038,20.14152,135.89168,137.0876,0.855132,11.038016,11.191322,0.101743,123.11944,20.22639,-1.359268,-0.097282,33.012074,380.5992,489.54304,101.63106,633.29704,689.70776,115.46494,796.05712,841.63032,105.28628,0,0,0,0,0.74,-1.54,0,0
2025/07/02 18:45:00.144,n,32.180618,20.573552,132.87496,134.07748,0.866927,10.898042,10.950598,0.119355,120.3932,20.027416,-1.361229,-0.101486,32.98793,380.27252,489.01264,99.106032,662.6032,610.516,87.913024,823.93656,766.23568,84.406456,0,0,0,0,0.73,-1.49,0,0
2025/07/02 18:46:00.135,n,32.161476,20.227946,130.06532,131.17012,0.848712,10.685772,10.680134,0.075341,118.40762,19.828442,-1.360512,-0.099907,32.949082,380.08156,488.89992,97.318568,793.23264,668.54236,105.8421,921.28512,809.89968,93.312112,0,0,0,0,0.71,-1.47,0,0
2025/07/02 18:47:00.135,n,32.17266,20.668522,127.37448,128.51052,0.846869,10.368906,10.48632,0.136708,116.3301,19.486454,-1.359093,-0.103767,32.909214,379.94512,488.29788,95.588312,802.29704,700.47096,119.5592,932.46584,847.96288,112.84282,0,0,0,0,0.74,-1.47,0,0
2025/07/02 18:48:00.135,n,32.102494,20.666812,124.57246,125.73108,0.799414,10.08742,10.233546,0.084433,114.36736,19.202294,-1.354446,-0.104652,32.866172,380.06736,487.93956,93.915272,582.0744,644.29024,86.030224,739.81448,791.81096,77.147584,0,0,0,0,0.75,-1.5,0,0
2025/07/02 18:49:00.135,n,32.080224,20.630582,121.84048,123.0514,0.866927,9.945906,9.993334,0.072534,112.65932,18.974716,-1.355873,-0.1036,32.82624,379.68428,487.7734,92.432336,588.1286,702.05568,86.089776,752.75928,850.69088,75.338568,0,0,0,0,0.73,-1.48,0,0
2025/07/02 18:50:00.136,n,32.041946,20.777262,119.24406,120.34608,0.794512,9.62904,9.71159,0.053217,110.20434,18.647652,-1.356941,-0.109215,32.798928,379.41448,487.09732,90.308952,855.4064,796.09528,106.63396,988.66848,936.83816,97.592008,0,0,0,0,0.73,-1.47,0,0
2025/07/02 18:51:00.136,n,32.033936,21.19821,116.47402,117.58264,0.818726,9.381392,9.481888,0.095492,107.50666,18.319966,-1.354981,-0.111847,32.768494,379.38652,486.666,87.943544,831.3864,696.83016,99.913712,963.37208,843.89568,90.875192,0,0,0,0,0.72,-1.48,0,0
2025/07/02 18:52:00.139,n,31.97979,21.103384,113.94612,114.8989,0.756224,9.135282,9.153228,0.101713,105.50566,18.007202,-1.351952,-0.11097,32.729614,379.39612,486.49148,86.257472,756.58952,631.8756,79.353952,885.93704,778.9036,72.251296,0,0,0,0,0.72,-1.49,0,0
2025/07/02 18:53:00.139,n,31.978058,21.501886,111.31314,112.38724,0.751041,8.818416,8.965312,0.108027,103.4784,18.247838,-1.345528,-0.112923,32.743534,380.04216,486.40836,83.997944,716.52752,661.57636,105.32094,854.90624,811.27344,96.409544,0,0,0,0,0.72,-1.48,0,0
2025/07/02 18:54:00.142,n,31.994026,21.389876,109.9974,111.01972,0.768521,9.90899,9.979746,0.070745,101.80862,18.02026,-1.343933,-0.109596,32.702526,379.91388,486.43756,82.554008,751.5384,658.57796,70.053192,877.43144,802.75824,57.982328,0,0,0,0,0.71,-1.49,0,0
2025/07/02 18:55:00.135,n,31.958916,21.252034,107.46646,108.49462,0.815858,9.627502,9.66288,0.070831,99.443272,17.579406,-1.341606,-0.112396,32.6605,379.8426,485.91632,80.634656,604.89632,708.74568,82.13008,767.6204,852.98392,68.20924,0,0,0,0,0.71,-1.48,0,0
2025/07/02 18:56:00.135,n,31.928642,21.620734,105.00404,106.08472,0.799414,9.381392,9.457276,0.089895,97.384608,17.223118,-1.340721,-0.112747,32.621094,379.66364,485.6296,78.93352,639.304,698.92136,71.79972,804.86264,855.16384,70.046408,0,0,0,0,0.71,-1.49,0,0
2025/07/02 18:57:00.135,n,31.816978,21.706818,102.74872,103.7086,0.699888,9.133744,9.251672,0.12713,95.401888,16.838226,-1.33519,-0.108185,32.580318,379.87788,485.77056,77.336656,783.47488,690.62424,95.413048,912.82552,827.31304,85.983432,0,0,0,0,0.72,-1.47,0,0
2025/07/02 18:58:00.135,n,31.82811,21.629328,100.5269,101.42334,0.696532,8.852256,8.945828,0.096192,93.662432,16.554066,-1.336083,-0.113274,32.531254,379.48256,485.00056,75.885552,614.64632,605.41396,63.582624,766.03544,755.39896,52.075424,0,0,0,0,0.7,-1.48,0,0
2025/07/02 18:59:00.137,n,31.793,21.935724,98.408632,99.207864,0.659071,8.570768,8.693566,0.108563,91.740816,16.169174,-1.333763,-0.105377,32.48946,379.41264,485.43128,74.343256,792.6312,664.48212,93.625584,937.57552,815.84184,85.886264,0,0,0,0,0.73,-1.52,0,0
2025/07/02 19:00:07.027,n,31.773178,22.089094,96.11676,97.031984,0.680074,8.464634,8.48181,0.086079,90.154408,16.027406,-1.336449,-0.107826,32.449008,378.91836,484.9518,72.898384,773.5892,632.6458,106.82626,914.74296,781.58024,95.716504,0,0,0,0,0.73,-1.47,0,0
2025/07/02 19:01:00.139,n,31.702912,22.12176,94.692912,95.544432,0.636151,8.74766,8.85969,0.103586,88.19624,15.656816,-1.334305,-0.110641,32.411312,378.85992,484.45788,71.315768,840.18584,800.99912,80.076832,976.534,938.1704,91.00824,0,0,0,0,0.71,-1.47,0,0
2025/07/02 19:02:00.140,n,31.682212,22.408868,92.608144,93.425152,0.653118,8.536928,8.566154,0.052116,85.828056,15.31545,-1.336624,-0.118011,32.375774,378.42932,483.5734,69.293992,627.82988,625.13312,86.102552,777.67752,776.84248,78.234264,0,0,0,0,0.71,-1.49,0,0
2025/07/02 19:03:00.142,n,31.592758,22.712874,90.626944,91.473384,0.614283,8.25544,8.34286,0.096319,83.650032,14.745262,-1.328423,-0.117317,32.329792,378.84152,483.33776,67.693664,824.13552,671.58432,110.86658,959.53256,821.7612,98.358016,0,0,0,0,0.73,-1.49,0,0
2025/07/02 19:04:00.135,n,31.603936,22.280012,88.647256,89.417056,0.62936,7.972414,8.072652,0.105974,82.232096,14.702358,-1.329491,-0.113976,32.277488,378.41108,483.29652,66.314216,834.4676,733.2872,75.459592,981.44168,881.5092,70.515952,0,0,0,0,0.72,-1.49,0,0
2025/07/02 19:05:00.136,n,31.58001,21.917072,86.664528,87.53356,0.602728,7.690926,7.819621,0.093391,81.12252,14.559968,-1.325218,-0.112221,32.21156,378.3546,483.02628,65.349556,579.9754,611.85176,88.510736,737.51304,765.17264,79.380416,0,0,0,0,0.73,-1.47,0,0
2025/07/02 19:06:00.135,n,31.511314,22.271368,84.820376,85.626216,0.599479,7.480195,7.573511,0.114926,79.225464,14.260884,-1.323967,-0.116081,32.164466,378.15888,482.37944,63.756696,611.02376,649.88048,79.682496,770.08528,806.5808,68.698616,0,0,0,0,0.73,-1.49,0,0
2025/07/02 19:07:00.135,n,31.38192,22.577178,82.871144,83.666072,0.593586,7.232547,7.302791,0.106949,77.313552,13.904594,-1.325569,-0.115204,32.112164,377.68268,482.1198,62.198592,580.44804,626.6978,88.851848,739.13752,783.43624,78.71372,0,0,0,0,0.72,-1.49,0,0
2025/07/02 19:08:00.136,n,31.351548,22.693976,81.097048,81.8742,0.561109,7.091034,7.09693,0.060917,75.284008,13.519704,-1.325035,-0.12188,32.065006,377.42476,481.2228,60.561144,589.88996,679.66048,102.46464,756.7864,837.47464,88.378728,0,0,0,0,0.71,-1.49,0,0
2025/07/02 19:09:00.139,n,31.284408,22.443244,79.181312,79.970648,0.577576,6.774168,6.832875,0.057992,73.30528,13.162792,-1.324143,-0.119949,32.012642,377.16436,481.05656,58.938296,758.36064,727.31224,94.18944,924.28696,879.05728,91.393656,0,0,0,0,0.71,-1.48,0,0
2025/07/02 19:10:00.140,n,31.271614,23.33089,77.405696,78.16584,0.618718,6.420385,6.591636,0.116901,71.155808,12.764222,-1.320938,-0.124695,31.964468,377.13128,480.32484,57.195344,870.01936,770.85424,104.34702,1020.2278,917.07232,101.85972,0,0,0,0,0.71,-1.48,0,0
2025/07/02 19:11:00.143,n,31.262848,22.615308,75.785392,76.444784,0.522165,6.28041,6.35655,0.060968,70.197,13.16217,-1.312935,-0.11364,31.942266,377.6804,481.16352,55.835532,833.74784,703.1204,117.70494,967.10232,853.99064,104.56912,0,0,0,0,0.73,-1.45,0,0
2025/07/02 19:12:00.144,n,31.234138,23.124486,75.543264,76.115856,0.416458,7.091034,7.196913,0.109291,68.2988,12.762978,-1.310791,-0.121193,31.895176,377.56276,480.18956,54.34622,888.40016,805.8452,73.155312,1027.6696,959.29904,66.367912,0,0,0,0,0.71,-1.47,0,0
2025/07/02 19:13:00.136,n,31.182914,22.888258,74.257984,74.751136,0.396272,6.914142,6.973619,0.103821,66.696404,12.705772,-1.31044,-0.12014,31.84278,377.25584,479.9458,52.800332,583.04664,662.29444,73.847816,750.71784,820.15008,67.099924,0,0,0,0,0.73,-1.47,0,0
2025/07/02 19:14:00.135,n,31.144584,23.475514,73.356472,73.738712,0.322345,6.632655,6.779551,0.087869,64.821608,12.349484,-1.306511,-0.126114,31.791366,377.26496,479.08452,51.291728,553.87868,636.12988,87.599376,718.01224,793.06856,79.070224,0,0,0,0,0.72,-1.47,0,0
2025/07/02 19:15:00.135,n,31.17974,23.250074,72.34988,72.719936,0.282981,6.386545,6.438587,0.0795,63.191808,11.96397,-1.305801,-0.121544,31.734716,376.96216,479.1262,50.04358,645.47436,661.13496,83.255024,804.64752,819.46416,75.786208,0,0,0,0,0.72,-1.48,0,0
2025/07/02 19:16:00.135,n,31.11895,22.919164,71.343288,71.80624,0.329536,6.068141,6.168379,0.068688,61.67678,11.792976,-1.301346,-0.116974,31.678068,376.9836,479.16808,48.699432,799.73512,737.37848,96.74968,936.9664,886.02288,86.193392,0,0,0,0,0.71,-1.46,0,0
2025/07/02 19:17:00.139,n,31.072564,23.528834,70.5438,70.845056,0.252333,5.857409,5.94483,0.101277,60.045264,11.493272,-1.307228,-0.127167,31.62145,376.1112,477.89928,47.371932,649.76048,707.96256,84.583088,819.00544,860.17112,74.88324,0,0,0,0,0.71,-1.47,0,0
2025/07/02 19:18:00.140,n,30.950982,23.661208,69.467152,69.935936,0.323555,5.574384,5.727689,0.119814,57.906072,10.937386,-1.300453,-0.130676,31.570042,376.3672,477.25752,45.798908,694.88792,665.07936,85.418384,833.19488,820.00464,66.789224,0,0,0,0,0.71,-1.48,0,0
2025/07/02 19:19:00.143,n,30.93975,23.439428,68.669192,68.992792,0.265901,5.397492,5.527212,0.099237,56.621756,10.951066,-1.300453,-0.128746,31.505992,375.95628,477.01804,44.498984,577.87868,631.3772,79.635112,756.02792,790.24216,69.591312,0,0,0,0,0.72,-1.47,0,0
2025/07/02 19:20:00.144,n,30.88375,23.544312,67.694576,68.060056,0.321131,5.222139,5.327761,0.092042,54.947412,10.737168,-1.300278,-0.13279,31.454522,375.64156,476.32904,43.042756,753.90504,694.8824,91.6796,914.93656,852.9388,81.54508,0,0,0,0,0.72,-1.47,0,0
2025/07/02 19:21:00.147,n,30.790878,23.66985,66.791536,67.110576,0.332486,4.939113,5.039608,0.112402,53.012084,10.30875,-1.295288,-0.136307,31.391524,375.66936,475.61284,41.544352,765.4192,668.46996,95.150672,925.28816,825.5856,87.139832,0,0,0,0,0.72,-1.46,0,0
2025/07/02 19:22:00.136,n,30.752494,24.267554,65.81996,66.149408,0.268823,4.799138,4.816571,0.062059,51.335452,10.123456,-1.293335,-0.144218,31.340054,375.50876,474.58064,40.06288,791.73464,640.93968,119.6123,937.36776,794.86088,109.83944,0,0,0,0,0.72,-1.48,0,0
2025/07/02 19:23:00.135,n,30.721108,24.386734,64.740272,65.227836,0.333659,4.55149,4.598918,0.061503,48.910732,10.293828,-1.286606,-0.139671,31.326598,376.00468,474.89836,37.469972,613.8362,732.78744,73.593472,785.5196,880.02144,58.299228,0,0,0,0,0.71,-1.47,0,0
2025/07/02 19:24:00.135,n,30.674674,23.79777,65.195604,65.635704,0.342897,5.64514,5.697951,0.072807,47.860552,10.10791,-1.280548,-0.129829,31.259344,376.09828,475.34196,36.601924,618.83412,667.03808,73.272784,778.33024,824.63648,64.909936,0,0,0,0,0.73,-1.46,0,0
2025/07/02 19:25:00.142,n,30.661828,24.256362,64.047388,64.512108,0.318075,5.185222,5.36237,0.177466,47.40656,9.658974,-1.285706,-0.138084,31.189934,375.20832,474.165,36.599964,623.98156,637.0996,90.846576,787.07968,792.9004,77.176096,0,0,0,0,0.72,-1.47,0,0
2025/07/02 19:26:00.140,n,30.525596,24.13449,63.214392,63.5385,0.306823,4.939113,5.021662,0.085689,45.78418,8.933338,-1.276276,-0.137558,31.13002,375.64116,473.82888,35.712124,764.60264,693.63176,82.461808,924.49672,849.4936,72.80728,0,0,0,0,0.73,-1.46,0,0
2025/07/02 19:27:00.144,n,30.496788,24.467398,62.136228,62.553228,0.334244,4.586869,4.727869,0.115588,44.25202,8.4073,-1.276276,-0.144943,31.070042,375.25792,472.78976,34.713392,765.19008,716.47552,98.70208,927.06552,869.61184,86.152768,0,0,0,0,0.73,-1.47,0,0
2025/07/02 19:28:00.144,n,30.394204,24.410758,61.266688,61.602724,0.308727,4.55149,4.592509,0.078728,42.654768,7.994427,-1.273071,-0.146873,31.004824,375.11884,472.20204,33.534146,844.44152,754.25496,89.397152,985.00888,897.76888,80.70316,0,0,0,0,0.71,-1.47,0,0
2025/07/02 19:29:00.147,n,30.342934,24.462224,60.153496,60.593852,0.302335,4.233086,4.339221,0.094923,41.081496,7.567253,-1.267548,-0.146706,30.93951,375.18004,471.80028,32.393402,841.54016,707.82416,118.1535,985.03968,865.28568,105.28866,0,0,0,0,0.72,-1.47,0,0
2025/07/02 19:30:07.055,n,30.263176,25.254152,59.354008,59.631924,0.274574,4.163868,4.157971,0.078844,39.560764,7.397503,-1.259895,-0.14846,30.888372,375.51588,471.31836,31.051826,613.63048,652.94588,94.928928,778.7252,817.05952,81.970424,0,0,0,0,0.72,-1.47,0,0
2025/07/02 19:31:00.140,n,30.221528,24.73345,59.008324,59.443348,0.357946,4.51765,4.529443,0.091351,38.636788,7.383202,-1.258469,-0.142654,30.834682,375.2972,471.49192,30.137772,564.29884,664.45436,80.087144,737.12104,816.9736,62.261544,0,0,0,0,0.72,-1.46,0,0
2025/07/02 19:32:00.136,n,30.194236,24.86543,57.965184,58.422796,0.313748,4.130027,4.264362,0.095571,37.191436,7.041836,-1.251175,-0.141953,30.758832,375.44496,471.07104,29.040378,856.68408,708.11728,134.10202,1002.4018,864.6636,121.21098,0,0,0,0,0.73,-1.46,0,0
2025/07/02 19:33:00.139,n,30.136322,25.344826,57.059096,57.476856,0.310619,3.988514,4.106186,0.09906,35.784344,6.657566,-1.25277,-0.151169,30.6967,374.91164,469.85716,28.025178,756.33104,690.4412,112.95574,919.28608,846.5528,103.21628,0,0,0,0,0.72,-1.46,0,0
2025/07/02 19:34:00.140,n,30.086762,24.918508,55.8058,56.334484,0.37604,3.67011,3.829312,0.111311,32.276894,6.457348,-1.253479,-0.145294,30.638658,374.48128,470.00992,24.71136,572.85744,663.35176,107.84526,745.65176,817.66288,90.327736,0,0,0,0,0.72,-1.46,0,0
2025/07/02 19:35:00.145,n,30.000434,25.43379,54.79616,55.272556,0.32295,3.388622,3.58833,0.10601,25.661732,6.044476,-1.244766,-0.149765,30.563828,374.75912,469.137,18.522254,821.49264,728.21408,90.58008,960.45896,884.1876,75.940112,0,0,0,0,0.72,-1.46,0,0
2025/07/02 19:36:00.146,n,29.9477,25.141164,53.716472,54.286012,0.406971,3.353244,3.447329,0.137381,25.492126,5.859181,-1.240318,-0.145294,30.493218,374.6956,469.08576,18.537922,605.97752,679.51488,105.81092,786.34176,841.66616,81.783248,0,0,0,0,0.71,-1.46,0,0
2025/07/02 19:37:00.146,n,29.931732,25.314064,52.846936,53.165712,0.281597,3.105596,3.199938,0.057781,26.834118,5.646527,-1.238892,-0.147934,30.429878,374.41684,468.44916,20.096634,637.78224,592.66448,64.204752,799.70456,757.06112,59.063104,0,0,0,0,0.73,-1.46,0,0
2025/07/02 19:38:00.149,n,29.870994,25.40469,51.767248,52.156072,0.333073,2.894865,2.971005,0.100706,23.028002,5.33252,-1.239426,-0.148987,30.360254,373.92908,467.91408,16.605044,763.6416,671.1072,81.196368,921.956,827.4868,73.965192,0,0,0,0,0.73,-1.47,0,0
2025/07/02 19:39:00.150,n,29.872612,25.386342,50.4439,50.930708,0.361745,2.57646,2.576717,0.092025,19.66103,5.575642,-1.235703,-0.146256,30.328668,374.05092,467.9564,12.995942,787.24464,682.81464,112.59996,944.29048,835.71696,99.537936,0,0,0,0,0.72,-1.46,0,0
2025/07/02 19:40:00.136,n,29.759034,25.50099,50.235272,50.740092,0.338598,3.496295,3.536288,0.119169,19.791804,5.019757,-1.228424,-0.144852,30.2506,374.18584,467.5864,13.688476,846.86392,683.29984,116.4882,992.04784,840.99496,107.87076,0,0,0,0,0.73,-1.46,0,0
2025/07/02 19:41:00.137,n,29.707818,25.64806,49.155584,49.607864,0.36497,3.071756,3.260184,0.123406,19.765536,4.777878,-1.225922,-0.142845,30.18298,373.97412,467.3364,13.904582,851.32528,734.24832,121.67004,997.85104,890.40216,105.02714,0,0,0,0,0.73,-1.44,0,0
2025/07/02 19:42:00.140,n,29.650246,26.32926,48.004324,48.498732,0.357946,2.896403,3.05458,0.11073,14.836714,4.378685,-1.220207,-0.146782,30.115356,374.04052,466.55884,9.384604,733.35704,653.99236,101.0829,899.91256,812.78792,92.736184,0,0,0,0,0.73,-1.46,0,0
2025/07/02 19:43:00.141,n,29.55259,26.247034,46.749504,47.261172,0.400439,2.682595,2.789499,0.111783,12.048228,4.236294,-1.228066,-0.154488,30.035692,372.85708,465.37084,6.738356,849.82336,764.92776,103.88214,999.51416,919.72672,89.859336,0,0,0,0,0.73,-1.46,0,0
2025/07/02 19:44:00.146,n,29.485352,26.354944,45.634788,46.151536,0.379401,2.401107,2.536724,0.084964,13.554114,3.794819,-1.219322,-0.154144,29.965324,373.16876,464.95668,8.694118,803.2516,684.86032,108.0442,956.2036,842.58536,96.23876,0,0,0,0,0.73,-1.46,0,0
2025/07/02 19:45:00.151,n,29.42295,26.581018,44.483528,44.971848,0.353553,2.224216,2.372138,0.108045,14.627136,3.538017,-1.22432,-0.161499,29.898066,372.31176,463.8788,10.026298,664.86436,681.65064,94.855416,814.89896,840.7676,80.310032,0,0,0,0,0.72,-1.45,0,0
2025/07/02 19:46:00.149,n,29.281936,26.476526,43.29876,43.821092,0.389812,1.978106,2.107314,0.112717,13.737424,3.281216,-1.214859,-0.163605,29.8224,372.6526,463.21424,9.404954,788.22568,721.39816,119.31534,953.78568,885.33816,107.19562,0,0,0,0,0.72,-1.46,0,0
2025/07/02 19:47:00.151,n,29.3124,26.733936,42.217548,42.635312,0.331604,1.765837,1.84249,0.090657,13.186922,3.509415,-1.210075,-0.156235,29.783224,372.81952,463.62184,8.623666,777.39072,670.51588,97.492312,938.83056,836.65576,89.62868,0,0,0,0,0.72,-1.45,0,0
2025/07/02 19:48:00.140,n,29.205032,27.122168,42.007396,42.518308,0.355756,2.717973,2.660035,0.042514,12.217834,3.053639,-1.208115,-0.165703,29.705398,372.49864,462.29052,8.121783,702.64304,822.61664,65.3919,880.51808,975.0188,55.244004,0,0,0,0,0.73,-1.45,0,0
2025/07/02 19:49:00.140,n,29.2499,26.677442,40.854612,41.37872,0.438615,2.259594,2.465711,0.11908,11.6936,2.924305,-1.207581,-0.160797,29.63808,372.12084,462.3022,7.722511,741.56592,679.93968,102.3792,906.85592,847.5452,93.519512,0,0,0,0,0.73,-1.46,0,0
2025/07/02 19:50:00.140,n,29.124856,27.072656,39.669844,40.1871,0.351615,2.190376,2.230625,0.084658,10.777048,2.61092,-1.198654,-0.157639,29.555974,372.3762,462.06588,7.125112,719.25584,720.11648,106.16308,879.1636,879.83008,97.049472,0,0,0,0,0.73,-1.46,0,0
2025/07/02 19:51:00.135,n,29.055962,27.09995,38.411984,38.953352,0.37604,1.870433,1.965032,0.110773,10.21284,2.339817,-1.199196,-0.157471,29.480148,371.8524,461.60388,6.831298,767.68848,770.63968,85.456128,915.75928,922.77592,71.482864,0,0,0,0,0.72,-1.46,0,0
2025/07/02 19:52:00.135,n,29.01265,27.585108,37.330772,37.749552,0.37526,1.588945,1.759684,0.121073,9.200352,1.783932,-1.196869,-0.165703,29.405408,371.58412,460.40316,6.385253,584.56444,700.63784,86.79488,764.3252,862.15744,74.14648,0,0,0,0,0.73,-1.44,0,0
2025/07/02 19:53:00.135,n,28.917968,27.181982,36.00286,36.5625,0.364032,1.447432,1.553567,0.104948,8.756066,1.683823,-1.194733,-0.158516,29.327462,371.27952,460.55208,6.036026,696.51904,593.18652,71.714712,864.86472,761.9172,69.88168,0,0,0,0,0.72,-1.44,0,0
2025/07/02 19:54:00.135,n,28.829734,27.51001,34.921648,35.392712,0.358763,1.199784,1.329505,0.099229,8.102773,1.41272,-1.18885,-0.164474,29.253638,371.3252,459.55972,5.665677,633.75196,584.89472,35.976032,800.52928,754.08016,33.978668,0,0,0,0,0.72,-1.47,0,0
2025/07/02 19:55:00.136,n,28.81691,28.18895,33.733836,34.182308,0.365371,1.024431,1.077242,0.066106,7.227338,1.284008,-1.189201,-0.171318,29.218298,371.0732,458.73032,4.925446,784.78272,801.62016,63.9535,942.45704,955.49264,62.103948,0,0,0,0,0.73,-1.46,0,0
2025/07/02 19:56:00.136,n,28.635514,28.120834,33.487136,34.012004,0.414578,1.658164,1.834286,0.127774,6.338197,1.170219,-1.192223,-0.163773,29.143432,370.34268,458.93124,4.139527,597.44416,589.77032,65.925712,764.26088,754.23312,55.088564,0,0,0,0,0.72,-1.44,0,0
2025/07/02 19:57:00.139,n,28.553628,28.14979,32.264302,32.82394,0.390563,1.622785,1.669956,0.088561,5.501023,0.94202,-1.183846,-0.155533,29.067486,370.5916,459.18732,3.53069,619.8206,702.80576,82.304616,800.76576,866.66776,71.603072,0,0,0,0,0.73,-1.44,0,0
2025/07/02 19:58:00.135,n,28.516662,28.282652,31.28664,31.711764,0.364434,1.341298,1.42923,0.085684,4.846588,0.628014,-1.179741,-0.161842,28.989384,370.458,458.13824,3.200676,633.67072,680.59152,103.79692,806.43424,845.62912,91.137808,0,0,0,0,0.73,-1.46,0,0
2025/07/02 19:59:00.135,n,28.433166,28.311656,29.958728,30.436646,0.375,1.022893,1.193119,0.098544,4.571908,0.299084,-1.179741,-0.163773,28.907094,369.94356,457.45236,3.256856,837.98176,722.71488,99.146608,985.47328,882.60848,86.1342,0,0,0,0,0.73,-1.44,0,0
2025/07/02 20:00:07.028,n,28.41188,28.320738,28.665842,29.260256,0.445682,0.810624,0.910862,0.090659,4.545639,0.613712,-1.172287,-0.154472,28.842538,370.1848,457.8748,2.914112,493.34604,549.22084,67.352616,665.79796,720.96272,57.022804,0,0,0,0,0.73,-1.44,0,0
2025/07/02 20:01:00.135,n,28.315444,28.596616,28.263814,28.862794,0.38337,1.412054,1.559463,0.096022,3.734162,0.128712,-1.166229,-0.151321,28.766502,370.2342,457.68,2.590543,636.09356,659.22668,83.729624,811.81016,817.5432,82.676176,0,0,0,0,0.73,-1.44,0,0
2025/07/02 20:02:00.135,n,28.280044,29.182114,27.2892,27.748334,0.37837,1.272079,1.353859,0.082324,3.249904,0.057205,-1.166046,-0.158157,28.688242,369.7616,456.58448,2.18481,585.76496,679.05328,108.64346,769.52456,842.8168,99.269336,0,0,0,0,0.73,-1.45,0,0
2025/07/02 20:03:00.135,n,28.079064,29.04901,26.105958,26.54631,0.380943,1.199784,1.124413,0.060551,2.215143,-0.428417,-1.160347,-0.160255,28.609004,369.76076,455.90428,1.643468,735.22,667.28944,78.286976,879.36584,828.31528,67.18556,0,0,0,0,0.73,-1.44,0,0
2025/07/02 20:04:00.135,n,28.130532,29.333922,24.85114,25.333624,0.381327,0.84754,0.882918,0.054809,2.044396,-0.45702,-1.167473,-0.170601,28.529702,368.6502,454.49136,1.504543,523.25568,634.8714,87.537424,703.77552,799.19552,72.953064,0,0,0,0,0.73,-1.42,0,0
2025/07/02 20:05:00.137,n,28.00187,28.999496,23.806476,24.264344,0.355893,0.566052,0.641936,0.075535,1.625237,-0.556507,-1.163017,-0.152199,28.450334,368.54176,455.63176,1.170926,603.77132,695.70336,108.80464,791.672,861.6928,98.081088,0,0,0,0,0.74,-1.43,0,0
2025/07/02 20:06:00.138,n,27.990592,28.999496,22.62171,23.10927,0.344318,0.423001,0.452996,0.065309,1.376826,-0.542828,-1.153038,-0.152023,28.37627,368.94428,455.18664,0.918639,729.27816,719.88664,119.01744,896.2672,887.96728,110.65668,0,0,0,0,0.75,-1.42,0,0
2025/07/02 20:07:00.135,n,27.904716,30.10793,21.505472,21.91207,0.301526,0.106135,0.182531,0.075341,0.773216,-0.557129,-1.135078,-0.148857,28.340546,370.27576,455.24568,0.344123,532.50908,561.11664,49.978496,707.17832,733.11112,44.966656,0,0,0,0,0.74,-1.43,0,0
2025/07/02 20:08:00.135,n,27.853256,29.252508,21.575524,22.02349,0.332119,1.095188,1.118773,0.10415,0.917123,-0.228199,-1.14006,-0.132385,28.273812,369.43012,456.29388,0.137646,519.59296,567.09508,36.660608,697.2176,741.42448,33.766104,0,0,0,0,0.73,-1.44,0,0
2025/07/02 20:09:00.135,n,27.783966,29.353144,20.669436,20.983392,0.318152,0.741405,0.84754,0.120494,0.262117,-0.528526,-1.129555,-0.137817,28.196544,369.85912,455.33168,-0.201094,712.33072,569.35728,77.94212,877.94712,740.85232,72.893072,0,0,0,0,0.73,-1.44,0,0
2025/07/02 20:10:00.135,n,27.851646,29.43332,19.34457,19.91995,0.387361,0.424539,0.641423,0.124879,0.27468,-0.314007,-1.137039,-0.144653,28.128698,368.79076,454.30372,-0.403699,615.29412,772.8088,89.120144,806.76304,934.71464,77.01948,0,0,0,0,0.73,-1.44,0,0
2025/07/02 20:11:00.135,n,27.632988,29.970038,18.333408,18.786452,0.311796,0.387623,0.435306,0.057274,-0.656148,-0.799629,-1.121712,-0.146935,28.051368,369.63724,453.62164,-0.831296,866.03536,764.08032,102.5417,1031.6976,925.97488,101.10638,0,0,0,0,0.74,-1.43,0,0
2025/07/02 20:12:00.136,n,27.79847,29.738398,17.21717,17.682142,0.37808,0.21227,0.335581,0.108445,-0.734954,-0.69952,-1.124031,-0.158676,27.987712,369.0422,452.18448,-1.000789,558.35076,713.14688,98.2708,755.5716,875.57032,79.699432,0,0,0,0,0.74,-1.4,0,0
2025/07/02 20:13:00.137,n,27.747818,29.769418,16.206008,16.641792,0.343999,-0.035378,0.117928,0.088564,-0.878862,-0.442719,-1.123146,-0.149025,27.953108,368.90444,452.82732,-1.410264,533.50456,560.48188,41.296488,715.20832,737.86152,37.654352,0,0,0,0,0.74,-1.42,0,0
2025/07/02 20:14:00.137,n,27.550598,29.815366,16.209054,16.679356,0.408169,1.024431,1.106724,0.104083,-1.364263,-0.685219,-1.10659,-0.135353,27.889486,369.943,453.64784,-1.650281,682.7244,758.07552,67.337952,863.46056,923.3812,59.534024,0,0,0,0,0.74,-1.42,0,0
2025/07/02 20:15:00.140,n,27.629212,30.334554,15.404998,15.67936,0.251315,0.812162,0.853436,0.068661,-1.74516,-0.671539,-1.114243,-0.151131,27.819426,368.84764,451.81328,-2.036732,757.43784,667.49452,76.273192,904.02792,832.51904,63.809484,0,0,0,0,0.74,-1.42,0,0
2025/07/02 20:16:00.135,n,27.497674,29.9806,14.185206,14.655508,0.303704,0.493757,0.694234,0.127885,-2.04668,-0.656616,-1.109261,-0.151131,27.758914,368.90456,451.4392,-2.348194,654.02864,666.23748,98.998232,831.4772,834.46584,84.623584,0,0,0,0,0.73,-1.42,0,0
2025/07/02 20:17:00.134,n,27.467156,30.701742,13.276074,13.719218,0.320941,0.389161,0.435306,0.08599,-2.794769,-0.985546,-1.110863,-0.162178,27.688884,368.33324,450.0254,-2.757907,889.6116,797.70328,97.798008,1048.087,962.08,91.896136,0,0,0,0,0.74,-1.43,0,0
2025/07/02 20:18:00.135,n,27.34674,30.249496,12.299936,12.6776,0.310953,0.070757,0.158946,0.083037,-3.136263,-1.013527,-1.109619,-0.152359,27.621998,368.02808,450.48468,-3.079996,536.8582,688.4288,134.91794,724.28528,858.58904,116.06378,0,0,0,0,0.73,-1.43,0,0
2025/07/02 20:19:00.135,n,27.360496,30.873662,11.252226,11.728874,0.343945,-0.21227,-0.076653,0.087854,-3.570268,-1.014149,-1.094307,-0.150948,27.58226,369.10736,450.36476,-3.499479,853.20096,757.8168,113.77192,1009.3996,925.18888,106.58846,0,0,0,0,0.74,-1.41,0,0
2025/07/02 20:20:00.137,n,27.368554,30.676594,11.217202,11.72329,0.354329,0.599892,0.700131,0.081958,-3.543429,-0.828854,-1.109085,-0.159889,27.53124,367.51448,449.25612,-3.663771,566.06136,588.877,25.323408,737.08392,762.29328,26.60263,0,0,0,0,0.73,-1.42,0,0
2025/07/02 20:21:00.136,n,27.175774,30.564436,10.44817,10.821518,0.272409,0.352244,0.540928,0.121871,-3.990569,-1.02845,-1.095917,-0.149017,27.467234,368.25896,449.82704,-3.909018,714.2996,545.19368,83.897112,874.50576,721.24832,76.26828,0,0,0,0,0.73,-1.42,0,0
2025/07/02 20:22:00.139,n,27.150094,30.916096,9.437008,9.861626,0.33199,0.175353,0.287384,0.087854,-4.581616,-1.285873,-1.082573,-0.153755,27.400678,369.00332,448.99632,-4.224561,678.09848,649.15144,75.54436,851.0512,814.50368,61.342888,0,0,0,0,0.75,-1.42,0,0
2025/07/02 20:23:00.141,n,27.198234,31.242024,8.63295,8.900716,0.239476,-0.036916,0.005384,0.075511,-4.962513,-1.300175,-1.09716,-0.175674,27.331968,367.3186,446.6268,-4.583824,776.96904,709.45872,99.908208,940.15864,874.8032,85.07468,0,0,0,0,0.75,-1.41,0,0
2025/07/02 20:24:00.142,n,27.076164,30.547444,7.620265,8.079908,0.32278,-0.318404,-0.147409,0.112804,-4.909976,-1.157162,-1.092888,-0.163399,27.279152,367.36324,447.39204,-4.682303,540.70148,577.12592,36.081852,725.10736,753.23904,30.679798,0,0,0,0,0.74,-1.42,0,0
2025/07/02 20:25:00.135,n,27.017318,31.604334,6.95631,7.28245,0.244645,-0.566052,-0.442228,0.094268,-5.396519,-1.285873,-1.083496,-0.16497,27.237816,367.92164,446.9984,-5.029171,747.70344,633.58484,115.36572,920.62448,803.57976,103.91848,0,0,0,0,0.74,-1.43,0,0
2025/07/02 20:26:00.135,n,26.9096,31.553504,7.446662,7.697422,0.2114,0.459917,0.595021,0.081384,-5.672341,-1.257271,-1.069267,-0.157082,27.180714,368.80156,447.34812,-5.327256,615.05604,664.61884,81.23608,792.72544,837.19624,68.41052,0,0,0,0,0.74,-1.43,0,0
2025/07/02 20:27:00.135,n,26.914436,31.360194,6.749204,6.993111,0.218973,0.283026,0.347886,0.075603,-5.686046,-1.200066,-1.065712,-0.150589,27.117238,368.71928,447.53488,-5.401104,893.90616,792.31976,90.11188,1057.289,957.0444,85.616008,0,0,0,0,0.75,-1.43,0,0
2025/07/02 20:28:00.135,n,26.946564,31.94701,5.875097,6.189055,0.243275,0.106135,0.135617,0.075603,-6.132615,-1.428265,-1.076386,-0.178123,27.048468,367.37376,444.66732,-5.602613,722.69272,704.3432,92.461616,885.62728,873.95832,79.792856,0,0,0,0,0.74,-1.42,0,0
2025/07/02 20:29:00.136,n,26.821174,31.326308,5.036015,5.449465,0.272829,-0.283026,-0.088446,0.133784,-5.909331,-1.24297,-1.076737,-0.164444,26.992418,366.99968,445.53852,-5.578654,696.05896,618.16536,90.480656,866.78936,795.63176,75.707664,0,0,0,0,0.74,-1.42,0,0
2025/07/02 20:30:07.055,n,26.731576,32.533218,4.51216,4.814189,0.219168,-0.389161,-0.264312,0.102353,-6.699107,-1.514072,-1.062149,-0.171272,26.949254,367.99684,444.66732,-6.075911,595.39392,628.33764,98.24968,781.59408,800.12304,80.14424,0,0,0,0,0.75,-1.42,0,0
2025/07/02 20:31:00.142,n,26.686508,32.370282,4.615712,4.90099,0.237203,0.249186,0.272515,0.061899,-6.645999,-1.471169,-1.07122,-0.173378,26.89206,366.86164,444.12984,-6.072673,786.006,685.69832,99.816832,935.42952,850.71488,81.009264,0,0,0,0,0.74,-1.43,0,0
2025/07/02 20:32:00.141,n,26.509506,32.37199,4.230435,4.388303,0.120785,0.072295,0.124337,0.062643,-6.896123,-1.656464,-1.05397,-0.156364,26.827446,367.9582,445.24516,-6.137265,550.0846,595.73016,69.817976,744.346,772.10624,55.774548,0,0,0,0,0.75,-1.41,0,0
2025/07/02 20:33:00.150,n,26.551354,32.948796,3.496429,3.829168,0.192792,-0.175353,-0.03384,0.128536,-7.185079,-1.856682,-1.055397,-0.169167,26.761722,367.43248,443.70592,-6.214628,625.38636,661.97528,107.51396,834.75176,841.51872,92.725936,0,0,0,0,0.74,-1.41,0,0
2025/07/02 20:34:00.135,n,26.589974,32.32272,3.007599,3.276125,0.179505,-0.423001,-0.31097,0.115002,-6.935526,-1.542675,-1.068909,-0.172676,26.698122,365.87468,443.00524,-6.289084,603.69104,613.77368,61.517072,781.52224,787.98712,49.676956,0,0,0,0,0.74,-1.42,0,0
2025/07/02 20:35:00.136,n,26.30648,32.81823,2.588819,2.71623,0.193389,-0.493757,-0.493501,0.049599,-7.343263,-1.885284,-1.063576,-0.167412,26.634526,365.94728,443.08404,-6.354142,557.22768,666.36884,82.08928,752.51592,838.47632,69.235104,0,0,0,0,0.74,-1.42,0,0
2025/07/02 20:36:00.138,n,26.330032,33.247632,2.168517,2.307856,0.088248,-0.741405,-0.658343,0.048192,-7.146818,-1.657085,-1.045105,-0.161095,26.604346,367.36068,443.46068,-6.373743,609.67348,687.32112,91.647696,794.012,860.67208,79.91808,0,0,0,0,0.75,-1.42,0,0
2025/07/02 20:37:00.135,n,26.392876,32.932396,2.797448,3.065466,0.176291,0.106135,0.259441,0.091346,-7.415217,-1.828701,-1.04084,-0.149872,26.538594,367.3282,444.05596,-6.477484,562.97728,612.9544,102.97646,745.04104,789.66848,85.300352,0,0,0,0,0.74,-1.42,0,0
2025/07/02 20:38:00.138,n,26.365432,33.227318,2.482221,2.639834,0.120816,0.035378,0.041531,0.060551,-7.506586,-1.728592,-1.049378,-0.156189,26.485528,366.26576,443.171,-6.671183,601.48608,710.82672,104.3451,803.09816,883.30056,87.321816,0,0,0,0,0.75,-1.41,0,0
2025/07/02 20:39:00.142,n,26.286522,33.068038,2.028416,2.290851,0.149514,-0.106135,-0.07614,0.064807,-7.441485,-1.499771,-1.054535,-0.162674,26.41971,365.41816,442.1936,-6.833575,665.99096,653.57396,91.372592,827.12304,827.33048,72.680808,0,0,0,0,0.74,-1.41,0,0
2025/07/02 20:40:00.142,n,26.278466,32.929028,1.78324,1.824102,0.092447,-0.352244,-0.35327,0.111684,-7.559695,-1.48547,-1.052925,-0.161278,26.363476,365.21456,441.97476,-6.965872,815.19552,652.35396,108.83198,969.9824,827.0224,94.108448,0,0,0,0,0.74,-1.41,0,0
2025/07/02 20:41:00.145,n,26.241356,32.793332,1.29441,1.456592,0.135587,-0.564514,-0.464532,0.068796,-7.480889,-1.47179,-1.050438,-0.154785,26.307238,365.08728,442.20896,-6.904751,607.11596,648.85572,75.581744,799.42336,824.4304,63.560992,0,0,0,0,0.74,-1.42,0,0
2025/07/02 20:42:00.146,n,26.173568,33.553096,1.014208,1.130451,0.103183,-0.741405,-0.677058,0.069087,-7.742434,-1.400284,-1.03392,-0.156883,26.282488,366.3654,441.87188,-7.219187,614.7146,621.36724,105.29316,790.59032,796.30208,90.854,0,0,0,0,0.75,-1.42,0,0
2025/07/02 20:43:00.135,n,26.223518,33.266964,1.432988,1.648722,0.149015,0.070757,0.188428,0.119468,-7.362108,-1.11488,-1.04689,-0.164253,26.226188,364.90068,440.8746,-7.129866,593.4572,670.12536,81.48036,769.52128,844.06224,67.55664,0,0,0,0,0.74,-1.43,0,0
2025/07/02 20:44:00.136,n,26.060676,33.571748,1.152786,1.327912,0.093983,0.035378,0.012049,0.082412,-7.663628,-1.428886,-1.042275,-0.164948,26.16561,364.93144,440.44444,-7.112068,679.55096,687.40816,99.520096,856.7952,859.44264,85.276608,0,0,0,0,0.76,-1.42,0,0
2025/07/02 20:45:00.136,n,26.146172,33.53791,0.942635,1.076898,0.128054,-0.247648,-0.117671,0.073278,-7.492881,-1.085655,-1.046181,-0.173721,26.119906,364.31556,439.38724,-7.279684,837.38448,716.69768,98.815232,994.15024,889.60416,88.455632,0,0,0,0,0.74,-1.41,0,0
2025/07/02 20:46:00.139,n,26.08651,33.429562,0.698981,0.73959,0.040732,-0.283026,-0.283026,0.070756,-7.440914,-1.071976,-1.049385,-0.172142,26.070998,363.74108,439.2302,-7.246182,757.3996,640.36724,136.1209,914.06376,814.32744,119.10522,0,0,0,0,0.74,-1.41,0,0
2025/07/02 20:47:00.140,n,26.01229,33.12463,0.313704,0.46548,0.100704,-0.564514,-0.476581,0.091101,-7.12626,-0.714443,-1.037117,-0.151268,26.032714,364.56984,440.85152,-7.297666,765.74432,680.60312,113.33116,924.2352,853.33392,93.894088,0,0,0,0,0.75,-1.43,0,0
2025/07/02 20:48:00.144,n,25.970344,34.226092,0.173603,0.231725,0.078253,-0.670649,-0.612198,0.048193,-8.253533,-1.500393,-1.02787,-0.165833,25.96789,364.97612,439.16444,-7.615177,555.8908,650.53364,107.77988,763.71024,832.37184,88.455632,0,0,0,0,0.74,-1.42,0,0
2025/07/02 20:49:00.144,n,25.951546,34.128504,-0.106598,-0.018782,0.103363,-0.670649,-0.759863,0.079696,-7.373529,-0.78595,-1.032135,-0.161255,25.965764,364.59428,439.55808,-7.45846,548.94012,616.33076,85.568392,746.53744,796.27736,74.15356,0,0,0,0,0.74,-1.42,0,0
2025/07/02 20:50:00.146,n,25.90799,34.486512,1.119284,1.114208,0.026175,0.249186,0.318917,0.066479,-7.569974,-1.042751,-1.03801,-0.169327,25.914732,363.77644,438.5316,-7.395905,814.0448,724.56864,94.209344,982.05056,895.28464,83.212984,0,0,0,0,0.74,-1.41,0,0
2025/07/02 20:51:00.150,n,25.835334,34.341348,0.735529,0.892889,0.140919,0.106135,0.230471,0.101713,-7.478033,-1.02845,-1.048668,-0.161964,25.873216,362.60272,438.93368,-7.336287,729.82656,657.8484,92.21144,886.6556,832.49616,79.514464,0,0,0,0,0.74,-1.43,0,0
2025/07/02 20:52:00.136,n,25.819176,34.515224,0.595428,0.624616,0.08114,-0.069218,-0.016151,0.043329,-7.452336,-1.14286,-1.040497,-0.151611,25.824244,363.01264,439.5562,-7.198361,559.36656,661.01464,96.569144,764.54328,840.53976,78.891064,0,0,0,0,0.74,-1.42,0,0
2025/07/02 20:53:00.136,n,25.565658,35.170348,0.455328,0.478678,0.084835,-0.139975,-0.09306,0.103874,-8.317492,-1.714912,-1.040314,-0.160027,25.764652,362.66732,438.44772,-7.482867,762.85632,655.83968,122.89448,922.7928,833.0696,105.6894,0,0,0,0,0.76,-1.42,0,0
2025/07/02 20:54:00.139,n,25.425034,35.668984,0.141624,0.2401,0.097012,-0.352244,-0.305586,0.061548,-8.408862,-1.700611,-1.017212,-0.147224,25.71673,364.3756,439.29448,-7.578238,770.46424,646.24444,131.60396,924.72248,822.04,111.90398,0,0,0,0,0.73,-1.41,0,0
2025/07/02 20:55:00.140,n,25.48001,35.376648,0,0.076903,0.055992,-0.493757,-0.381726,0.090659,-8.330626,-1.600502,-1.034813,-0.159508,25.66031,362.51152,437.86208,-7.605429,574.74452,603.65284,79.141328,752.96464,786.09688,65.955284,0,0,0,0,0.75,-1.43,0,0
2025/07/02 20:56:00.143,n,25.483024,35.485548,-0.278679,-0.168527,0.086674,-0.670649,-0.582203,0.04333,-7.92346,-1.271572,-1.038551,-0.157394,25.645958,362.10132,437.963,-7.533045,706.4808,669.1104,107.01146,886.56232,850.82504,92.107,0,0,0,0,0.75,-1.41,0,0
2025/07/02 20:57:00.146,n,25.260902,36.214844,0.525378,0.566241,0.051555,0.21227,0.247648,0.122554,-8.814886,-1.943111,-1.026283,-0.156166,25.579898,362.763,437.67252,-7.741891,791.69144,636.50316,127.91638,952.76136,817.5596,112.12472,0,0,0,0,0.73,-1.41,0,0
2025/07/02 20:58:00.147,n,25.146598,36.32954,0.385277,0.361927,0.081892,-0.070757,0.035891,0.063635,-8.94623,-2.086746,-1.010292,-0.151955,25.521288,363.79212,437.69232,-7.71782,677.5532,623.35588,85.612208,861.962,803.85616,73.242744,0,0,0,0,0.74,-1.4,0,0
2025/07/02 20:59:00.149,n,25.23034,35.750784,0.175126,0.175634,0.073183,-0.139975,-0.093573,0.068944,-8.238115,-1.586201,-1.02504,-0.158447,25.46899,362.2004,436.79976,-7.518506,773.2388,606.64056,121.21716,931.62704,790.21392,103.37432,0,0,0,0,0.74,-1.4,0,0
2025/07/02 21:00:07.054,n,25.238784,35.759344,-0.035025,0.029441,0.051594,-0.283026,-0.187915,0.076288,-7.92346,-1.200687,-1.027535,-0.151077,25.421564,361.69824,437.16792,-7.59923,562.92724,669.91632,112.47622,775.67784,851.58712,89.563944,0,0,0,0,0.74,-1.41,0,0
2025/07/02 21:01:00.136,n,25.082534,36.360028,0.348729,0.32614,0.098674,0.139975,0.22919,0.058419,-8.382592,-1.68631,-1.013138,-0.14933,25.367206,362.6156,436.99504,-7.56009,781.74032,619.66316,115.85012,939.86488,792.84464,103.12736,0,0,0,0,0.75,-1.41,0,0
2025/07/02 21:02:00.136,n,25.146934,36.02106,0.175126,0.303044,0.107801,0.106135,0.164842,0.065487,-8.002266,-1.257893,-1.022911,-0.155113,25.315988,361.46112,436.17244,-7.612171,610.61192,605.41692,89.0014,792.09048,785.44576,75.604896,0,0,0,0,0.74,-1.39,0,0
2025/07/02 21:03:00.140,n,24.935852,36.939468,0.175126,0.15736,0.072706,-0.106135,-0.029482,0.060936,-8.775482,-1.88715,-1.018295,-0.158447,25.246632,361.44244,435.45836,-7.74818,727.17056,594.62616,94.1382,897.40976,770.62232,86.789112,0,0,0,0,0.74,-1.4,0,0
2025/07/02 21:04:00.144,n,24.976136,36.262272,-0.105076,-0.029188,0.071495,-0.247648,-0.159202,0.076698,-8.146174,-1.400906,-1.019005,-0.147568,25.197538,361.08524,436.12876,-7.616705,760.0436,601.09132,112.6226,918.92496,781.23088,96.052592,0,0,0,0,0.74,-1.41,0,0
2025/07/02 21:05:00.145,n,24.84069,36.863736,-0.210151,-0.169288,0.056113,-0.424539,-0.288922,0.093379,-8.64471,-1.943733,-1.020248,-0.161957,25.135572,360.60448,434.47768,-7.559267,541.94884,641.948,101.91616,749.49032,826.2612,89.38652,0,0,0,0,0.75,-1.43,0,0
2025/07/02 21:06:00.146,n,24.898742,36.477992,-0.245176,-0.321064,0.118086,-0.459917,-0.430435,0.093379,-8.146174,-1.615425,-1.021668,-0.153008,25.08645,360.18624,434.977,-7.399409,784.7252,617.65108,135.6831,950.49136,787.7164,126.22006,0,0,0,0,0.74,-1.41,0,0
2025/07/02 21:07:00.149,n,24.748794,36.553824,-0.490353,-0.47284,0.112409,-0.60143,-0.566052,0.09493,-8.185577,-1.701233,-1.008873,-0.143532,25.02772,360.93968,435.46516,-7.349685,580.64124,702.48648,80.294456,785.6412,885.21464,65.681044,0,0,0,0,0.74,-1.4,0,0
2025/07/02 21:08:00.150,n,24.832618,37.224728,-0.560403,-0.624616,0.060328,-0.636809,-0.68398,0.073077,-8.118762,-1.515316,-1.001251,-0.147911,24.99912,361.42712,434.90436,-7.456786,606.56456,545.11592,54.914024,784.77304,726.84448,47.468412,0,0,0,0,0.75,-1.39,0,0
2025/07/02 21:09:00.153,n,24.6874,37.19948,0.385277,0.519287,0.097704,0.176891,0.306355,0.096524,-8.053662,-1.472412,-1.007111,-0.143524,24.94497,360.59492,434.96864,-7.444836,544.1574,558.60284,69.653424,729.896,740.25488,55.681236,0,0,0,0,0.75,-1.4,0,0
2025/07/02 21:10:00.135,n,24.576072,37.2029,0.315227,0.315227,0.099066,0.106135,0.153306,0.073077,-8.093065,-1.615425,-0.999474,-0.142479,24.889768,360.92396,434.72984,-7.334634,811.17984,682.268,117.51256,974.47904,858.4716,97.6376,0,0,0,0,0.74,-1.41,0,0
2025/07/02 21:11:00.135,n,24.619628,37.65158,0.105076,0.186801,0.065213,0,0.023586,0.036539,-8.459686,-1.829323,-0.999298,-0.151772,24.832412,360.59496,433.56044,-7.477889,895.61736,840.13296,51.91628,1067.394,1006.2384,55.925844,0,0,0,0,0.74,-1.4,0,0
2025/07/02 21:12:00.136,n,24.5438,37.362616,-0.210151,-0.011675,0.134136,-0.353783,-0.200477,0.08569,-8.236401,-1.829323,-0.995216,-0.141068,24.778196,360.62268,434.18568,-7.261227,629.75996,763.81256,78.458584,822.53368,936.71976,67.740688,0,0,0,0,0.75,-1.39,0,0
2025/07/02 21:13:00.135,n,24.5438,37.377756,-0.035025,-0.128426,0.065213,-0.318404,-0.318404,0.070756,-8.145031,-1.758438,-0.991837,-0.143524,24.720812,360.57104,433.62352,-7.234905,812.89376,626.40192,125.96488,974.09616,802.98672,110.40448,0,0,0,0,0.74,-1.4,0,0
2025/07/02 21:14:00.135,n,24.519584,37.34074,-0.350252,-0.221826,0.157678,-0.60143,-0.424539,0.151756,-7.98799,-1.586823,-0.988289,-0.142998,24.671894,360.58484,433.37712,-7.246458,834.0036,825.65568,35.67422,1007.502,994.45312,35.966652,0,0,0,0,0.74,-1.39,0,0
2025/07/02 21:15:00.135,n,24.59224,37.285276,-0.420302,-0.431977,0.047853,-0.672187,-0.61912,0.066186,-7.843512,-1.372303,-1.003914,-0.162125,24.621894,358.93356,431.37884,-7.312998,749.39664,629.76496,72.90028,921.24952,815.7356,64.266632,0,0,0,0,0.74,-1.42,0,0
2025/07/02 21:16:00.135,n,24.438836,37.956208,-0.490353,-0.537053,0.084835,-0.778322,-0.766529,0.065871,-7.894907,-1.400906,-0.986343,-0.149307,24.609312,360.37824,432.44188,-7.331038,612.03972,690.94704,87.214968,802.73776,874.47576,74.950656,0,0,0,0,0.75,-1.42,0,0
2025/07/02 21:17:00.137,n,24.390404,38.205476,0.455328,0.35609,0.074848,0.318404,0.259441,0.048336,-8.118192,-1.400906,-0.98777,-0.153519,24.555068,359.9302,431.74324,-7.551538,720.71096,768.46128,62.13936,922.30784,948.7632,61.861132,0,0,0,0,0.74,-1.41,0,0
2025/07/02 21:18:00.137,n,24.277314,38.289652,0.280202,0.268527,0.098237,0.283026,0.147409,0.121357,-8.013116,-1.400906,-0.990967,-0.155624,24.50507,359.35444,431.257,-7.447553,751.22664,673.87312,113.8464,935.0744,852.7976,105.73458,0,0,0,0,0.74,-1.38,0,0
2025/07/02 21:19:00.136,n,24.156174,38.636288,0,0.093401,0.093108,-0.035378,0.023586,0.065871,-8.23583,-1.67263,-0.981194,-0.155273,24.448702,359.86284,430.95116,-7.389119,598.04548,568.44344,63.432248,776.00264,757.6072,58.26148,0,0,0,0,0.74,-1.39,0,0
2025/07/02 21:20:00.136,n,24.183616,38.790972,0.140101,0.075888,0.092447,-0.070757,-0.088446,0.058132,-8.249536,-1.67263,-0.99221,-0.167908,24.393346,358.57896,429.49824,-7.401208,777.47512,685.86424,93.677368,940.29416,863.31416,75.183112,0,0,0,0,0.74,-1.41,0,0
2025/07/02 21:21:00.135,n,24.020286,38.913632,-0.243654,-0.093147,0.089924,-0.283026,-0.19458,0.053654,-8.039385,-1.586823,-0.98439,-0.163696,24.344334,358.96272,429.57952,-7.273257,742.794,676.91376,117.18384,907.84344,853.5148,98.0974,0,0,0,0,0.75,-1.41,0,0
2025/07/02 21:22:00.136,n,24.034934,39.024516,-0.315227,-0.192385,0.081949,-0.353783,-0.270464,0.088075,-8.196427,-1.729836,-0.98262,-0.165276,24.28251,358.74672,429.07016,-7.283936,591.18416,663.43,116.55514,795.47776,846.99608,98.995456,0,0,0,0,0.74,-1.41,0,0
2025/07/02 21:23:00.136,n,23.988006,39.031256,-0.420302,-0.344414,0.089754,-0.529136,-0.429923,0.087527,-8.078788,-1.686932,-0.97747,-0.161064,24.232454,358.8936,429.14556,-7.208263,696.39168,699.07536,82.819384,882.51728,881.31424,67.366904,0,0,0,0,0.75,-1.42,0,0
2025/07/02 21:24:00.135,n,23.933026,39.257916,-0.453805,-0.431216,0.155775,-0.60143,-0.571436,0.051942,-8.14446,-1.758438,-0.980133,-0.16861,24.177036,358.33284,428.145,-7.197545,601.02448,643.3404,91.04312,791.81464,825.21024,78.084248,0,0,0,0,0.75,-1.41,0,0
2025/07/02 21:25:00.136,n,23.903042,39.493312,-0.630454,-0.612687,0.111982,-0.778322,-0.730382,0.066206,-7.828664,-1.473034,-0.968597,-0.15773,24.164752,359.2576,429.03812,-7.166497,800.0748,670.4132,108.7412,959.07536,846.75808,87.75876,0,0,0,0,0.74,-1.39,0,0
2025/07/02 21:26:00.138,n,23.841564,39.882276,0.315227,0.274364,0.084109,0.281488,0.193042,0.085933,-8.064512,-1.716156,-0.966469,-0.157379,24.11035,359.11744,428.745,-7.157445,552.71436,641.90284,100.54354,756.19056,827.29976,82.221048,0,0,0,0,0.74,-1.4,0,0
2025/07/02 21:27:00.139,n,23.801136,39.877248,0.105076,0.180964,0.097611,0.069218,0.075371,0.046523,-8.051949,-1.701855,-0.957062,-0.155098,24.058108,359.62008,428.63644,-7.152058,565.13916,657.55916,115.74498,762.89512,841.63232,94.654632,0,0,0,0,0.74,-1.38,0,0
2025/07/02 21:28:00.136,n,23.838344,40.023,0.071573,0.035279,0.070205,-0.106135,-0.059733,0.068944,-8.064512,-1.630348,-0.961853,-0.164574,24.001614,358.86932,427.45864,-7.231443,840.78712,695.27256,132.47244,1005.6354,872.21072,114.32542,0,0,0,0,0.74,-1.4,0,0
2025/07/02 21:29:00.135,n,23.72018,40.011328,-0.138578,-0.122081,0.036452,-0.106135,-0.148435,0.052567,-7.894336,-1.558842,-0.964333,-0.163521,23.949272,358.34352,427.2408,-7.136306,612.9712,611.57936,80.900248,801.63048,797.58688,66.185348,0,0,0,0,0.74,-1.4,0,0
2025/07/02 21:30:07.335,n,23.686196,40.076612,-0.243654,-0.156852,0.095422,-0.284564,-0.266619,0.048434,-7.894336,-1.64465,-0.957596,-0.15966,23.898108,358.62196,427.27932,-7.047622,573.8584,674.28872,112.84126,768.60704,855.24464,91.587664,0,0,0,0,0.74,-1.4,0,0
2025/07/02 21:31:00.135,n,23.627896,40.120116,-0.420302,-0.338069,0.072695,-0.530674,-0.425052,0.070761,-7.920605,-1.773361,-0.952095,-0.160362,23.847956,358.7998,426.919,-6.938977,684.26024,602.2602,122.88756,872.15048,783.81208,108.48918,0,0,0,0,0.74,-1.39,0,0
2025/07/02 21:32:00.135,n,23.70885,39.934232,-0.55888,-0.483754,0.051459,-0.673725,-0.537596,0.078894,-7.710455,-1.673252,-0.953514,-0.161942,23.799866,358.39136,426.49308,-6.828776,579.45068,587.63884,119.8838,773.74672,772.3848,106.75556,0,0,0,0,0.75,-1.41,0,0
2025/07/02 21:33:00.135,n,23.660266,39.843752,-0.453805,-0.52487,0.063337,-0.742943,-0.673212,0.063119,-7.605379,-1.587444,-0.951202,-0.157906,23.75184,358.30612,426.56628,-6.811232,757.25392,659.91072,152.11476,941.01528,838.90872,141.12938,0,0,0,0,0.74,-1.4,0,0
2025/07/02 21:34:00.135,n,23.697216,40.090952,-0.734006,-0.687814,0.042088,-0.8137,-0.761658,0.096215,-7.303289,-1.229912,-0.949081,-0.152634,23.744786,358.44776,426.99264,-6.869825,632.35936,699.16944,65.027304,825.66224,885.4284,57.714816,0,0,0,0,0.74,-1.4,0,0
2025/07/02 21:35:00.138,n,23.64375,39.80614,0.280202,0.350252,0.07987,0.176891,0.253544,0.060936,-6.922963,-0.98679,-0.943581,-0.13842,23.71172,358.72748,428.05884,-6.741334,690.67032,773.63752,71.671824,892.40872,952.47624,63.003172,0,0,0,0,0.75,-1.39,0,0
2025/07/02 21:36:00.139,n,23.710156,39.702188,0.07005,0.163451,0.072348,0.070757,0.12972,0.091346,-6.647712,-0.729366,-0.944115,-0.14122,23.668924,358.42724,427.55616,-6.72124,652.17028,635.40404,96.044256,840.85056,825.5744,76.810808,0,0,0,0,0.74,-1.39,0,0
2025/07/02 21:37:00.135,n,23.621094,40.14452,0.035025,0.081725,0.093108,0.070757,-0.005896,0.081958,-6.752216,-0.929585,-0.941986,-0.144905,23.629394,358.37704,426.99452,-6.619712,842.61952,627.81452,150.77002,1003.9474,806.62264,135.67922,0,0,0,0,0.76,-1.4,0,0
2025/07/02 21:38:00.135,n,23.601662,40.410684,-0.105076,0.029188,0.092447,-0.106135,-0.058964,0.076426,-6.831022,-1.058296,-0.938789,-0.145088,23.583462,358.38136,426.70604,-6.566427,559.50916,643.497,99.305336,764.93752,827.84336,78.956,0,0,0,0,0.75,-1.4,0,0
2025/07/02 21:39:00.135,n,23.569286,40.199796,-0.245176,-0.151776,0.08768,-0.176891,-0.170995,0.041359,-6.713383,-0.843777,-0.938973,-0.145958,23.552524,358.1822,426.44548,-6.662621,561.29284,634.0808,103.74344,753.93552,825.39056,86.520808,0,0,0,0,0.74,-1.41,0,0
2025/07/02 21:40:00.135,n,23.510936,40.4224,-0.350252,-0.233501,0.093108,-0.424539,-0.365575,0.057772,-6.988635,-0.929585,-0.934181,-0.144562,23.515054,358.37468,426.34752,-6.84867,678.64144,674.24088,85.76392,857.59616,853.16064,66.906656,0,0,0,0,0.74,-1.4,0,0
2025/07/02 21:41:00.135,n,23.61621,40.139536,-0.385277,-0.373602,0.084835,-0.495296,-0.424539,0.038755,-6.765921,-0.743046,-0.937546,-0.152275,23.48833,357.92556,425.5044,-6.808146,564.89052,686.2344,113.77324,778.33888,872.05056,93.445712,0,0,0,0,0.74,-1.39,0,0
2025/07/02 21:42:00.137,n,23.532032,40.402332,-0.595428,-0.467003,0.084835,-0.742943,-0.595534,0.108275,-7.001769,-0.900982,-0.935959,-0.157715,23.446616,357.81592,424.7744,-6.879031,598.7816,624.6994,104.89138,789.90384,809.69656,88.50876,0,0,0,0,0.75,-1.4,0,0
2025/07/02 21:43:00.140,n,23.590432,40.08206,-0.630454,-0.554566,0.074848,-0.778322,-0.666291,0.087854,-6.240546,0,-0.934914,-0.147354,23.4638,358.008,425.79616,-7.028106,714.65712,674.1512,79.467608,898.38328,860.74832,63.472828,0,0,0,0,0.74,-1.39,0,0
2025/07/02 21:44:00.139,n,23.592042,40.4035,0.278679,0.26142,0.090132,0.21227,0.194837,0.057854,-6.647141,-0.343231,-0.934021,-0.165085,23.427436,357.86992,424.00624,-7.072846,571.1922,653.47236,93.739536,785.28568,841.15912,77.711008,0,0,0,0,0.74,-1.4,0,0
2025/07/02 21:45:00.141,n,23.540188,40.554084,0.173603,0.168019,0.026841,0.176891,0.182788,0.041359,-6.594603,-0.429039,-0.932961,-0.162979,23.40601,357.83496,424.06652,-6.935546,562.32256,629.18712,121.77542,773.3384,818.20368,108.74352,0,0,0,0,0.74,-1.42,0,0
2025/07/02 21:46:00.136,n,23.50293,40.681132,0.210151,0.144669,0.097813,0.036916,0.106648,0.102114,-6.699678,-0.585732,-0.932251,-0.168594,23.375008,357.71296,423.38448,-6.877603,728.0472,707.40152,98.198264,903.27296,883.99912,96.23876,0,0,0,0,0.74,-1.41,0,0
2025/07/02 21:47:00.136,n,23.517528,40.748472,0.138578,0.115482,0.078796,0,0.006409,0.060702,-6.647141,-0.643559,-0.936684,-0.178253,23.346132,357.1588,422.356,-6.762013,621.27324,696.4184,97.861384,806.33592,885.58768,89.096016,0,0,0,0,0.75,-1.41,0,0
2025/07/02 21:48:00.135,n,23.355518,41.435872,-0.071573,-0.029949,0.107148,-0.141513,-0.105622,0.083594,-7.080004,-1.014771,-0.945198,-0.192657,23.303338,356.16944,420.82384,-6.817774,680.87576,710.47736,100.89846,877.10888,899.46688,84.082096,0,0,0,0,0.74,-1.39,0,0
2025/07/02 21:49:00.137,n,23.219288,41.22308,-0.210151,-0.163959,0.048008,-0.21227,-0.229702,0.073142,-6.896123,-1.100578,-0.936157,-0.182823,23.276552,356.7932,421.53896,-6.548878,495.56624,536.17316,61.878508,688.42336,726.73208,56.447764,0,0,0,0,0.74,-1.4,0,0
2025/07/02 21:50:00.136,n,23.220898,41.27342,-0.420302,-0.269542,0.09246,-0.318404,-0.300459,0.072993,-7.119407,-1.315098,-0.931717,-0.186157,23.238006,356.94964,421.0152,-6.54987,815.61992,652.94756,143.88884,983.89896,829.43376,134.10854,0,0,0,0,0.74,-1.41,0,0
2025/07/02 21:51:00.138,n,23.201466,41.60672,-0.491876,-0.34543,0.112126,-0.566052,-0.447868,0.082939,-7.382095,-1.616047,-0.932777,-0.193008,23.199496,356.63052,420.17936,-6.505818,650.68976,704.0168,108.17648,849.78464,889.05464,88.21168,0,0,0,0,0.74,-1.4,0,0
2025/07/02 21:52:00.139,n,23.058742,41.996612,-0.491876,-0.497459,0.068319,-0.530674,-0.518368,0.057463,-7.539137,-1.844246,-0.925156,-0.191605,23.157684,357.04312,420.05728,-6.428442,762.1888,623.77824,83.521848,928.26168,811.90552,67.507776,0,0,0,0,0.75,-1.4,0,0
2025/07/02 21:53:00.143,n,22.993846,42.07684,-0.45685,-0.502789,0.027854,-0.566052,-0.583741,0.043328,-7.499733,-1.844246,-0.927994,-0.201271,23.11486,356.54504,418.94624,-6.38221,547.89728,590.63292,96.340016,740.2368,776.41448,79.346712,0,0,0,0,0.75,-1.4,0,0
2025/07/02 21:54:00.144,n,23.039508,42.093752,-0.735529,-0.695682,0.100166,-0.742943,-0.730638,0.117818,-6.842443,-1.129803,-0.914673,-0.18914,23.114174,357.6932,420.01944,-6.438173,717.81232,641.6734,84.49556,879.10696,821.7156,61.647384,0,0,0,0,0.76,-1.41,0,0
2025/07/02 21:55:00.136,n,23.110942,42.015188,0.385277,0.332739,0.093328,0.389161,0.448125,0.061954,-6.855578,-1.129803,-0.919464,-0.196342,23.078736,357.06984,419.17088,-6.448897,797.35984,690.0676,113.88634,964.16848,872.262,91.901584,0,0,0,0,0.75,-1.4,0,0
2025/07/02 21:56:00.136,n,22.960018,42.446388,0.245176,0.251014,0.078057,0.247648,0.306612,0.096672,-6.908115,-1.301418,-0.911133,-0.194405,23.039146,357.55724,419.10968,-6.323425,738.0952,636.721,99.372776,912.16656,825.7324,79.783456,0,0,0,0,0.75,-1.39,0,0
2025/07/02 21:57:00.135,n,22.977886,42.295996,0.140101,0.0467,0.107765,0.176891,0.200477,0.082718,-6.776771,-1.244213,-0.911659,-0.198631,22.99835,357.27124,418.49388,-6.245586,569.18848,646.66204,132.32952,781.65536,830.574,109.7495,0,0,0,0,0.76,-1.4,0,0
2025/07/02 21:58:00.136,n,23.054108,41.84624,-0.07005,-0.035025,0.106237,0.106135,0.112031,0.056679,-6.462117,-1.115501,-0.914139,-0.195641,22.971596,356.89912,418.60188,-6.065114,691.26952,623.20244,56.190748,853.55424,804.26152,47.055288,0,0,0,0,0.74,-1.38,0,0
2025/07/02 21:59:00.139,n,23.154694,41.526468,-0.035025,-0.105076,0.099066,-0.070757,0.029482,0.096022,-6.278807,-1.100578,-0.905632,-0.195114,22.941548,357.4582,418.4718,-5.888747,715.23832,643.542,61.601544,883.25784,830.9852,48.63178,0,0,0,0,0.75,-1.4,0,0
2025/07/02 22:00:07.037,n,23.308796,41.090772,-0.315227,-0.233501,0.065213,-0.141513,-0.100238,0.041359,-6.081791,-0.958187,-0.911842,-0.201965,22.906208,356.71296,417.65532,-5.833481,799.83984,705.732,96.059096,970.8692,891.31984,80.65048,0,0,0,0,0.74,-1.41,0,0
2025/07/02 22:01:00.144,n,23.258502,41.337208,-0.280202,-0.332739,0.069169,-0.283026,-0.206373,0.072216,-6.213135,-1.029694,-0.903862,-0.193535,22.88478,357.27724,418.278,-5.893769,570.8042,665.7112,107.97524,761.63872,852.49096,96.381528,0,0,0,0,0.74,-1.4,0,0
2025/07/02 22:02:00.145,n,23.30069,41.089112,-0.490353,-0.44949,0.040946,-0.389161,-0.330197,0.042845,-6.147463,-1.043995,-0.901032,-0.191597,22.856888,357.35796,418.286,-5.812903,566.70656,605.27516,95.34936,752.35648,794.32296,84.496152,0,0,0,0,0.75,-1.39,0,0
2025/07/02 22:03:00.149,n,23.290974,41.048828,-0.665479,-0.467003,0.105464,-0.389161,-0.34199,0.069567,-5.92475,-0.958187,-0.900673,-0.189491,22.837554,357.2752,418.3592,-5.677744,624.66016,672.1152,89.95916,831.58112,856.60176,78.448704,0,0,0,0,0.74,-1.4,0,0
2025/07/02 22:04:00.135,n,23.339508,40.817288,-0.770554,-0.671316,0.084109,-0.60143,-0.495296,0.07421,-5.636364,-0.828854,-0.893227,-0.175964,22.82687,357.85652,419.49772,-5.524773,492.52052,578.32244,108.62782,685.14456,767.05328,96.305504,0,0,0,0,0.74,-1.4,0,0
2025/07/02 22:05:00.135,n,23.430328,40.818948,-0.630454,-0.729438,0.094597,-0.60143,-0.613223,0.061954,-5.636364,-0.715065,-0.898018,-0.183517,22.808612,357.33476,418.7196,-5.6358,704.1704,691.38352,95.395496,901.57528,870.61936,82.839,0,0,0,0,0.75,-1.4,0,0
2025/07/02 22:06:00.136,n,23.462188,40.81114,-0.770554,-0.700504,0.049533,-0.60143,-0.648601,0.036538,-5.124123,-0.286026,-0.895714,-0.18158,22.836082,357.69556,419.05324,-5.552232,759.86328,710.70232,140.33532,956.22616,890.45416,132.66274,0,0,0,0,0.75,-1.41,0,0
2025/07/02 22:07:00.137,n,23.361702,41.364804,0.140101,0.204314,0.067977,-0.283026,0.041275,0.165056,-5.346837,-0.457642,-0.902092,-0.178421,22.819978,357.04912,419.239,-5.612866,465.47124,527.96712,61.261936,663.50372,723.76824,55.236764,0,0,0,0,0.75,-1.4,0,0
2025/07/02 22:08:00.140,n,23.22713,41.803568,0.140101,0.198476,0.08768,0.070757,0.088446,0.043329,-5.661491,-0.643559,-0.89447,-0.173851,22.801724,357.60108,419.53752,-5.738551,827.13336,653.57752,155.85876,998.28744,830.8552,143.33824,0,0,0,0,0.75,-1.39,0,0
2025/07/02 22:09:00.142,n,23.314678,41.760068,0,0.052538,0.061668,-0.070757,-0.029482,0.075602,-5.792264,-0.600655,-0.900497,-0.180176,22.785654,356.98516,418.88128,-5.911931,593.87212,659.61616,103.7473,790.67168,848.8264,83.680936,0,0,0,0,0.75,-1.41,0,0
2025/07/02 22:10:00.143,n,23.232014,41.994292,0,0.011675,0.100704,-0.106135,-0.106135,0.04475,-5.805969,-0.528526,-0.912018,-0.181229,22.767428,355.88152,418.68068,-6.008232,621.06256,668.716,90.256576,821.1824,854.12104,73.949312,0,0,0,0,0.75,-1.39,0,0
2025/07/02 22:11:00.146,n,22.983822,42.433896,-0.140101,-0.07005,0.117217,-0.283026,-0.188684,0.076426,-5.949876,-0.715065,-0.906525,-0.163147,22.757762,356.29988,420.22972,-5.978189,699.52688,680.18832,86.473112,889.62528,864.23032,68.60904,0,0,0,0,0.75,-1.4,0,0
2025/07/02 22:12:00.150,n,22.938312,42.50904,-0.175126,-0.128426,0.105464,-0.318404,-0.27713,0.052075,-5.976145,-0.514847,-0.905815,-0.159981,22.741692,356.26692,420.41656,-6.207133,749.65144,590.05452,121.9958,913.74832,778.4736,99.03888,0,0,0,0,0.74,-1.39,0,0
2025/07/02 22:13:00.141,n,22.879768,42.7211,-0.07005,-0.169288,0.071495,-0.247648,-0.27713,0.064914,-6.238833,-0.65786,-0.90564,-0.154366,22.71909,356.14928,420.7824,-6.332247,814.08456,668.96832,126.96338,980.46664,852.77408,106.23982,0,0,0,0,0.75,-1.37,0,0
2025/07/02 22:14:00.137,n,22.769806,43.094736,-0.175126,-0.256851,0.068873,-0.389161,-0.389161,0.063287,-6.26453,-0.715065,-0.907234,-0.153664,22.696554,355.879,420.7124,-6.303036,752.40192,719.12944,80.322784,929.74984,905.074,64.780396,0,0,0,0,0.75,-1.4,0,0
2025/07/02 22:15:00.138,n,22.789242,43.036384,-0.420302,-0.280202,0.110759,-0.389161,-0.395057,0.047023,-6.277665,-0.77227,-0.916275,-0.164368,22.674018,354.96452,419.6294,-6.257302,816.59872,741.25864,115.3757,997.40072,930.21976,92.808944,0,0,0,0,0.74,-1.39,0,0
2025/07/02 22:16:00.140,n,22.697052,43.261432,-0.315227,-0.315227,0.031328,-0.424539,-0.47171,0.042845,-6.26453,-0.886681,-0.91716,-0.153313,22.648318,354.73708,420.46032,-6.141697,552.62164,566.847,31.064046,749.52376,763.60296,29.264312,0,0,0,0,0.75,-1.39,0,0
2025/07/02 22:17:00.143,n,22.789242,42.986336,-0.420302,-0.396952,0.072348,-0.636809,-0.60143,0.038756,-6.146321,-0.715065,-0.918045,-0.149101,22.625714,354.52784,420.70164,-6.2002,779.42344,663.14336,92.193552,949.97152,847.35816,81.096856,0,0,0,0,0.74,-1.4,0,0
2025/07/02 22:18:00.145,n,22.684112,43.319684,-0.490353,-0.461165,0.060327,-0.60143,-0.60143,0.04475,-6.343337,-0.929585,-0.900322,-0.143662,22.606382,355.9476,421.0714,-6.170413,739.14408,712.39624,96.843688,922.01448,895.47384,84.011304,0,0,0,0,0.74,-1.41,0,0
2025/07/02 22:19:00.146,n,22.74847,43.643672,-0.525378,-0.560403,0.054261,-0.636809,-0.68398,0.099228,-6.289657,-0.729366,-0.901573,-0.159981,22.6102,355.86176,419.64444,-6.301883,812.40144,670.48884,94.22924,992.85672,859.19608,85.783448,0,0,0,0,0.74,-1.39,0,0
2025/07/02 22:20:00.147,n,22.617412,43.944356,0.385277,0.350252,0.054261,0.353783,0.312508,0.060936,-6.434135,-0.743668,-0.897316,-0.163666,22.585478,356.085,419.17216,-6.424118,592.63056,685.93976,104.92356,800.50032,875.38944,84.924088,0,0,0,0,0.75,-1.39,0,0
2025/07/02 22:21:00.151,n,22.623908,43.845868,0.385277,0.309389,0.074848,0.389161,0.294819,0.069567,-6.44727,-0.757969,-0.900864,-0.170341,22.555434,355.60176,418.40296,-6.419823,833.19696,733.1324,86.95372,1003.2704,920.60968,71.41148,0,0,0,0,0.75,-1.39,0,0
2025/07/02 22:22:00.137,n,22.499298,44.274872,0.035025,0.274364,0.124163,0.106135,0.21227,0.070756,-6.84073,-1.144104,-0.897667,-0.176659,22.516764,355.6516,417.61524,-6.417634,557.58368,637.07036,99.420064,770.99008,831.93064,81.843136,0,0,0,0,0.74,-1.39,0,0
2025/07/02 22:23:00.138,n,22.606086,43.655344,0.210151,0.192639,0.07263,0.106135,0.135617,0.052075,-6.053809,-0.65786,-0.901573,-0.165596,22.503932,355.2386,418.5226,-6.131926,571.80684,621.50548,64.914948,776.07992,810.52712,55.077216,0,0,0,0,0.73,-1.39,0,0
2025/07/02 22:24:00.144,n,22.539776,44.109688,0.105076,0.07005,0.031328,0.035378,0.005896,0.081958,-6.722521,-1.201309,-0.890404,-0.1735,22.467614,355.99196,417.6078,-6.238115,572.11688,666.78484,111.41274,789.7088,854.5412,91.360824,0,0,0,0,0.75,-1.39,0,0
2025/07/02 22:25:00.143,n,22.643342,43.708808,-0.035025,-0.081725,0.075663,-0.106135,-0.070757,0.054808,-6.158884,-0.786572,-0.899796,-0.177368,22.445178,355.04816,417.13288,-6.09474,817.94944,691.94232,129.89516,981.81672,878.69632,105.55236,0,0,0,0,0.74,-1.39,0,0
2025/07/02 22:26:00.144,n,22.507404,44.259836,-0.035025,-0.058375,0.061336,-0.141513,-0.117928,0.048336,-6.512942,-1.1012,-0.893951,-0.178421,22.408896,355.34116,416.82684,-6.127272,551.87616,643.33244,123.38802,761.85824,834.59416,102.3179,0,0,0,0,0.74,-1.39,0,0
2025/07/02 22:27:00.147,n,22.50418,44.249824,-0.455328,-0.361927,0.244341,-0.318404,-0.271233,0.099227,-6.381598,-1.029694,-0.894302,-0.180351,22.381136,355.14824,416.49284,-6.065855,751.49384,766.45304,94.129432,940.5872,947.6188,80.906736,0,0,0,0,0.75,-1.39,0,0
2025/07/02 22:28:00.150,n,22.47015,44.383272,-0.140101,-0.215989,0.097611,-0.21227,-0.253544,0.068662,-6.526076,-1.115501,-0.886505,-0.177185,22.3555,355.67264,416.62396,-6.119895,751.71648,736.99552,104.44042,938.07016,928.24176,89.162776,0,0,0,0,0.75,-1.39,0,0
2025/07/02 22:29:00.135,n,22.51712,44.124676,-0.175126,-0.227664,0.079098,-0.247648,-0.306612,0.053264,-6.263388,-0.786572,-0.904404,-0.197395,22.333066,353.99308,414.69784,-6.183825,716.76872,644.38392,112.30584,887.9144,830.01352,92.145808,0,0,0,0,0.74,-1.39,0,0
2025/07/02 22:30:07.044,n,22.553334,44.366924,-0.385277,-0.309389,0.100093,-0.283026,-0.336093,0.037105,-5.975003,-0.585732,-0.894821,-0.183151,22.329406,354.8006,415.94144,-6.100941,698.9152,647.403,77.866872,872.68344,836.24656,62.345008,0,0,0,0,0.75,-1.4,0,0
2025/07/02 22:31:00.137,n,22.428676,44.84202,0.315227,0.367257,0.072781,0.21227,0.218935,0.047146,-6.407295,-1.043373,-0.891457,-0.182274,22.297338,354.90404,415.83172,-6.073105,578.49152,589.49036,102.69044,780.04552,769.04688,90.498896,0,0,0,0,0.75,-1.4,0,0
2025/07/02 22:32:00.135,n,22.30563,45.120004,0.280202,0.326648,0.052601,0.143051,0.131258,0.073077,-6.354758,-1.058296,-0.885078,-0.173492,22.276012,355.331,416.48684,-6.008048,768.34208,634.80744,125.20264,925.672,818.29208,106.95444,0,0,0,0,0.74,-1.38,0,0
2025/07/02 22:33:00.158,n,22.334778,45.249788,0.280202,0.262435,0.029492,0.106135,0.130746,0.058029,-6.604311,-1.244213,-0.8927,-0.181396,22.239636,354.459,415.5722,-6.071402,524.38848,645.9018,120.85446,728.64272,840.24528,103.19302,0,0,0,0,0.74,-1.39,0,0
2025/07/02 22:34:00.135,n,22.174378,45.43934,0.175126,0.233248,0.069288,0.036916,0.054349,0.06203,-6.223985,-1.172085,-0.877289,-0.153297,22.221478,355.686,417.96152,-5.775892,558.2762,671.31848,111.37258,755.1232,861.27864,95.781528,0,0,0,0,0.76,-1.41,0,0
2025/07/02 22:35:00.135,n,22.302356,45.184944,0.105076,0.151268,0.048008,-0.106135,0.006922,0.069193,-6.604311,-1.358002,-0.872154,-0.168747,22.18082,355.89264,416.35192,-5.949717,816.4964,725.16144,110.90446,983.66176,908.77048,100.60368,0,0,0,0,0.76,-1.39,0,0
2025/07/02 22:36:00.135,n,22.470764,44.790364,-0.035025,0.069797,0.070205,-0.106135,-0.028713,0.052187,-6.11891,-0.986168,-0.882065,-0.172966,22.158388,354.90432,415.84624,-5.841841,724.27176,680.4652,110.74498,888.01576,871.40872,99.663936,0,0,0,0,0.76,-1.37,0,0
2025/07/02 22:37:00.135,n,22.399524,44.868632,0,0.034518,0.062147,-0.175353,-0.093829,0.103665,-5.791121,-0.714443,-0.894295,-0.170677,22.142354,353.7528,415.95592,-5.800296,570.49104,713.62016,111.85616,782.27648,907.8484,95.87596,0,0,0,0,0.76,-1.39,0,0
2025/07/02 22:38:00.137,n,22.151672,45.610576,-0.071573,-0.052792,0.090721,-0.24611,-0.193555,0.053252,-6.289657,-1.201309,-0.880119,-0.155052,22.114532,354.81652,417.18108,-5.813415,797.25224,648.27016,93.868256,979.88192,834.67456,91.395568,0,0,0,0,0.75,-1.39,0,0
2025/07/02 22:39:00.137,n,22.184094,45.6388,-0.140101,-0.082233,0.047711,-0.318404,-0.258415,0.053337,-6.236548,-1.115501,-0.877823,-0.164528,22.089942,354.8716,416.19596,-5.834342,563.92364,736.14608,114.43536,780.48888,928.99136,95.912464,0,0,0,0,0.74,-1.39,0,0
2025/07/02 22:40:00.136,n,22.226234,45.562384,-0.140101,-0.163705,0.06939,-0.24611,-0.334812,0.062205,-6.263388,-1.086277,-0.895889,-0.176125,22.059996,353.13404,414.99132,-5.896876,635.20636,690.51304,98.470048,828.60168,879.56352,83.84092,0,0,0,0,0.75,-1.41,0,0
2025/07/02 22:41:00.135,n,22.067394,45.977568,-0.176649,-0.228679,0.048285,-0.387623,-0.399672,0.036742,-6.171448,-1.115501,-0.87941,-0.154175,22.043964,354.46612,416.8472,-5.781181,821.23856,715.33048,104.36714,987.29896,898.486,85.980232,0,0,0,0,0.76,-1.38,0,0
2025/07/02 22:42:00.136,n,22.208412,45.725228,-0.3868,-0.362435,0.042759,-0.458379,-0.458892,0.050255,-6.315355,-1.129181,-0.885078,-0.160843,22.01402,353.80096,416.08024,-5.910409,566.98028,630.5866,78.242888,774.94544,820.16144,62.766232,0,0,0,0,0.74,-1.38,0,0
2025/07/02 22:43:00.135,n,22.159778,45.660432,-0.350252,-0.368272,0.053324,-0.493757,-0.529136,0.067126,-5.909331,-0.800873,-0.881889,-0.160141,22.001186,354.00208,416.0678,-5.830207,822.16384,701.25032,90.150152,985.75552,884.264,73.01164,0,0,0,0,0.76,-1.39,0,0
2025/07/02 22:44:00.135,n,22.154946,45.909504,-0.525378,-0.438576,0.095422,-0.599892,-0.553234,0.042513,-6.42043,-1.172085,-0.877464,-0.156456,21.966902,354.18488,416.19508,-5.969353,533.57304,604.17864,117.3857,741.51672,797.28952,96.210192,0,0,0,0,0.74,-1.38,0,0
2025/07/02 22:45:00.135,n,22.172768,45.808284,-0.491876,-0.502789,0.053142,-0.564514,-0.606558,0.051978,-6.21085,-0.886681,-0.893585,-0.166466,21.948714,352.68432,415.20012,-6.051289,821.09744,699.41104,99.976496,989.4352,883.72016,80.066848,0,0,0,0,0.75,-1.4,0,0
2025/07/02 22:46:00.139,n,22.049622,46.216532,-0.560403,-0.612941,0.061668,-0.706027,-0.729613,0.036538,-6.354758,-0.986168,-0.895538,-0.146797,21.926246,352.38448,416.81596,-6.117331,633.55304,629.25592,113.57774,825.1564,817.74808,97.173304,0,0,0,0,0.75,-1.38,0,0
2025/07/02 22:47:00.136,n,22.02478,46.587176,-0.596951,-0.601774,0.060273,-0.812162,-0.800369,0.057773,-6.340482,-0.757969,-0.884186,-0.152939,21.930918,353.39372,416.29772,-6.31376,628.5916,682.08392,67.868624,825.99088,865.64584,53.232508,0,0,0,0,0.74,-1.39,0,0
2025/07/02 22:48:00.138,n,21.846364,47.187324,0.315227,0.327409,0.03628,0.353783,0.377881,0.029147,-6.839017,-1.086899,-0.886307,-0.155052,21.895588,353.00452,415.90432,-6.483372,817.216,624.47896,132.57658,984.3352,808.19696,116.19036,0,0,0,0,0.74,-1.4,0,0
2025/07/02 22:49:00.136,n,21.82854,47.079316,0.315227,0.233501,0.078839,0.353783,0.33635,0.066436,-6.589463,-1.015392,-0.877274,-0.153465,21.87309,353.65476,415.91408,-6.297879,713.70624,684.884,79.672144,898.37768,872.99448,61.390552,0,0,0,0,0.75,-1.38,0,0
2025/07/02 22:50:00.135,n,21.927468,46.770184,0.245176,0.169288,0.071495,0.247648,0.265593,0.062902,-6.471825,-0.886681,-0.886841,-0.165756,21.842068,352.6466,414.64196,-6.306229,788.7824,709.75384,91.533328,958.6672,894.05192,73.114976,0,0,0,0,0.74,-1.37,0,0
2025/07/02 22:51:00.135,n,21.779858,47.233808,0.315227,0.140101,0.093982,0.318404,0.224062,0.076426,-6.563766,-1.115501,-0.869835,-0.152939,21.81314,353.94932,415.61188,-6.16516,663.53096,639.7108,88.087456,853.22824,826.41632,71.943728,0,0,0,0,0.75,-1.39,0,0
2025/07/02 22:52:00.135,n,21.940456,46.683664,0.035025,0.110913,0.067977,0.21227,0.200477,0.028886,-6.196574,-0.886681,-0.877098,-0.161369,21.789564,353.18372,414.72588,-6.025622,598.06268,742.8444,84.637168,807.00416,924.94824,72.58512,0,0,0,0,0.75,-1.37,0,0
2025/07/02 22:53:00.135,n,21.872342,46.921456,0,0.02335,0.068873,0.141513,0.12972,0.048336,-6.117768,-0.872379,-0.868774,-0.158028,21.761714,353.74184,414.86072,-5.956136,729.67496,667.39056,84.927616,912.05008,854.91864,69.672088,0,0,0,0,0.75,-1.41,0,0
2025/07/02 22:54:00.136,n,21.895046,46.911496,-0.175126,-0.058375,0.103111,-0.070757,0.011793,0.057772,-6.157171,-0.872379,-0.87072,-0.164886,21.730664,353.39284,414.07088,-5.990625,786.76096,670.12408,82.35776,952.9368,855.46808,66.99552,0,0,0,0,0.75,-1.39,0,0
2025/07/02 22:55:00.137,n,22.034496,46.338448,-0.175126,-0.128426,0.107765,-0.070757,-0.058707,0.088155,-5.514157,-0.228821,-0.877808,-0.157333,21.728474,352.76712,414.72908,-6.005811,800.73992,660.71308,116.99274,964.08616,846.11456,98.670664,0,0,0,0,0.74,-1.4,0,0
2025/07/02 22:56:00.138,n,21.97776,46.497332,-0.175126,-0.140101,0.085794,-0.21227,-0.088446,0.066187,-5.475325,-0.357533,-0.876213,-0.155396,21.707086,352.78068,414.7768,-5.83861,632.84832,641.44648,61.023764,844.65744,833.74024,46.90096,0,0,0,0,0.73,-1.36,0,0
2025/07/02 22:57:00.140,n,22.099342,46.233904,-0.175126,-0.221826,0.120655,-0.175353,-0.164586,0.082238,-5.252041,-0.042904,-0.878693,-0.15522,21.696376,352.50392,414.73012,-5.932609,643.51872,670.28936,74.882912,846.01832,854.25584,58.360088,0,0,0,0,0.74,-1.39,0,0
2025/07/02 22:58:00.135,n,21.961548,46.533904,-0.140101,-0.251014,0.102515,-0.175353,-0.206117,0.041582,-5.291444,-0.156693,-0.874085,-0.139252,21.689946,352.86508,416.1108,-5.869584,707.6384,687.09736,64.260796,901.54032,872.72952,51.336148,0,0,0,0,0.73,-1.36,0,0
2025/07/02 22:59:00.135,n,21.83015,47.185664,-0.315227,-0.27944,0.038377,-0.247648,-0.217653,0.035515,-6.078365,-0.815174,-0.873375,-0.141357,21.662094,352.76452,415.76188,-5.995208,849.8928,717.7,117.72446,1024.6072,900.22656,101.66564,0,0,0,0,0.74,-1.41,0,0
2025/07/02 23:00:07.037,n,21.699818,47.538464,-0.278679,-0.320811,0.060537,-0.247648,-0.235086,0.10405,-5.671199,-0.529148,-0.86718,-0.120995,21.672248,353.35948,417.62936,-5.888236,761.60904,726.33328,81.612808,949.67456,913.94808,64.71862,0,0,0,0,0.75,-1.38,0,0
2025/07/02 23:01:00.135,n,21.681946,47.780652,0.385277,0.373602,0.042417,0.247648,0.19458,0.053654,-6.431851,-1.030315,-0.868248,-0.13591,21.640122,353.08032,416.11796,-6.133874,591.02868,613.38032,110.54592,791.70032,798.65752,94.289712,0,0,0,0,0.76,-1.39,0,0
2025/07/02 23:02:00.135,n,21.65924,47.787292,0.315227,0.373602,0.036174,0.176891,0.200477,0.048336,-6.221701,-0.930206,-0.864525,-0.11644,21.622948,353.3028,417.74748,-6.03958,543.83436,643.62328,101.0406,750.3004,831.50784,81.843448,0,0,0,0,0.74,-1.4,0,0
2025/07/02 23:03:00.137,n,21.646206,47.778992,0.175126,0.256851,0.072348,0.070757,0.141513,0.050032,-6.104062,-0.529148,-0.868958,-0.118889,21.60153,352.79488,417.40552,-6.324983,793.34072,686.46072,110.71112,959.85072,872.4616,89.668272,0,0,0,0,0.74,-1.38,0,0
2025/07/02 23:04:00.138,n,21.607238,47.837,0.280202,0.274364,0.056113,0,0.06486,0.075603,-6.196003,-0.600655,-0.870544,-0.120117,21.578998,352.52684,417.16568,-6.345776,843.09264,716.95968,121.24686,1013.4162,898.12744,104.827,0,0,0,0,0.74,-1.39,0,0
2025/07/02 23:05:00.143,n,21.59103,47.901648,0.140101,0.210151,0.049533,-0.070757,-0.005896,0.064914,-6.235406,-0.500546,-0.870194,-0.118889,21.55647,352.42628,417.14384,-6.486165,712.25232,687.63744,99.92372,898.09872,881.16168,87.512856,0,0,0,0,0.76,-1.39,0,0
2025/07/02 23:06:00.141,n,21.543956,48.019276,0.210151,0.210151,0.038368,0.070757,0.041275,0.123402,-6.248541,-0.629257,-0.867355,-0.130295,21.530776,352.5228,415.98192,-6.356344,560.40808,570.51192,57.351764,751.68424,770.144,53.43454,0,0,0,0,0.75,-1.38,0,0
2025/07/02 23:07:00.135,n,21.612122,47.594908,-0.035025,0.02335,0.052732,-0.106135,-0.082549,0.061954,-5.763139,-0.314629,-0.870194,-0.126266,21.51788,352.2024,416.26476,-6.192438,601.34068,726.50432,113.2016,823.60416,908.86752,113.14062,0,0,0,0,0.74,-1.39,0,0
2025/07/02 23:08:00.135,n,21.57965,47.888368,0.105076,0.075888,0.046554,-0.176891,-0.117928,0.073077,-6.327347,-0.65786,-0.861511,-0.131523,21.492088,352.80384,415.64828,-6.399475,842.2792,752.00656,90.02,1023.1022,935.64144,85.520176,0,0,0,0,0.74,-1.39,0,0
2025/07/02 23:09:00.135,n,21.582924,47.707652,-0.07005,0.005838,0.051556,-0.141513,-0.153306,0.082718,-5.697468,-0.228821,-0.865768,-0.120468,21.486732,352.40436,416.59892,-6.213947,652.265,670.24732,110.7768,858.5812,858.91824,98.195728,0,0,0,0,0.75,-1.39,0,0
2025/07/02 23:10:00.135,n,21.607238,47.58158,-0.07005,-0.052538,0.065526,-0.176891,-0.224062,0.053264,-5.881349,-0.286026,-0.870194,-0.125908,21.464238,351.89116,415.98536,-6.339608,671.58432,726.15152,101.98506,857.03232,906.98528,91.275408,0,0,0,0,0.74,-1.38,0,0
2025/07/02 23:11:00.136,n,21.568276,47.866832,-0.035025,-0.122588,0.07263,-0.318404,-0.283026,0.08372,-6.051525,-0.500546,-0.863289,-0.122574,21.441708,352.3578,416.15084,-6.291694,822.80552,713.84968,117.04678,985.28528,912.6084,87.048832,0,0,0,0,0.76,-1.4,0,0
2025/07/02 23:12:00.138,n,21.582924,47.837,-0.175126,-0.140101,0.054261,-0.247648,-0.288922,0.072216,-6.130331,-0.529148,-0.859741,-0.130997,21.421338,352.54652,415.28464,-6.329928,737.18936,630.66496,104.10596,926.83072,819.08488,93.576976,0,0,0,0,0.75,-1.39,0,0
2025/07/02 23:13:00.140,n,21.608852,47.684412,-0.210151,-0.245176,0.062655,-0.318404,-0.371472,0.037105,-5.933316,-0.400436,-0.869659,-0.130821,21.405242,351.59532,415.20696,-6.271717,626.72204,684.1668,94.158112,826.45712,877.27544,82.245968,0,0,0,0,0.75,-1.41,0,0
2025/07/02 23:14:00.142,n,21.522866,48.078896,-0.315227,-0.239339,0.067977,-0.459917,-0.412746,0.113358,-6.169734,-0.586353,-0.865768,-0.138367,21.382746,351.80156,414.40648,-6.310783,510.04772,580.80452,104.7219,705.15736,774.7012,91.581384,0,0,0,0,0.74,-1.39,0,0
2025/07/02 23:15:00.143,n,21.48058,48.280944,-0.315227,-0.309389,0.040946,-0.459917,-0.448125,0.073077,-6.33991,-0.858078,-0.865944,-0.143456,21.361232,351.66168,413.82988,-6.204321,603.54872,712.5512,83.444288,819.33656,903.12808,66.91562,0,0,0,0,0.74,-1.39,0,0
2025/07/02 23:16:00.135,n,21.427014,48.357068,-0.455328,-0.420302,0.049533,-0.459917,-0.571949,0.098594,-6.274238,-0.700764,-0.868248,-0.136787,21.34517,351.3694,414.32908,-6.304935,516.04432,598.27508,104.9557,722.4264,792.12616,87.611072,0,0,0,0,0.74,-1.35,0,0
2025/07/02 23:17:00.135,n,21.389454,48.712292,-0.420302,-0.408627,0.078839,-0.636809,-0.566052,0.054807,-5.998416,-0.486244,-0.862236,-0.129059,21.34974,351.91584,415.04184,-6.245349,889.01064,766.83488,102.42584,1065.5134,945.92496,92.911792,0,0,0,0,0.74,-1.39,0,0
2025/07/02 23:18:00.135,n,21.394336,48.593252,0.280202,0.37411,0.093531,0.283026,0.289435,0.082579,-5.683191,-0.200218,-0.860283,-0.132217,21.330382,351.97268,414.64924,-6.211038,575.90904,775.58976,126.30796,793.97416,972.10616,109.11784,0,0,0,0,0.75,-1.38,0,0
2025/07/02 23:19:00.136,n,21.404102,48.586608,0.280202,0.37411,0.052872,0.176891,0.253801,0.052461,-5.696896,-0.257423,-0.856743,-0.124153,21.31432,352.18596,415.27248,-6.172063,848.5868,703.95224,110.95158,1021.3882,889.22432,97.13496,0,0,0,0,0.75,-1.39,0,0
2025/07/02 23:20:00.138,n,21.373242,48.498964,0.280202,0.239339,0.040946,0.176891,0.165099,0.082718,-5.564982,-0.099487,-0.863472,-0.125198,21.299266,351.51656,415.09236,-6.203768,632.4198,578.25584,63.577904,815.75832,774.15032,57.763744,0,0,0,0,0.76,-1.39,0,0
2025/07/02 23:21:00.139,n,21.35049,48.747008,0.210151,0.233501,0.047854,0.070757,0.135617,0.041359,-5.8014,-0.429039,-0.859573,-0.130989,21.278862,351.7358,414.46004,-6.100946,817.25136,717.74272,108.39764,989.18944,904.25944,84.61028,0,0,0,0,0.74,-1.38,0,0
2025/07/02 23:22:00.141,n,21.316406,48.755312,0.140101,0.192639,0.053118,0.070757,0.123824,0.037105,-5.8014,-0.414738,-0.859573,-0.142044,21.256304,351.60524,413.34772,-6.104192,573.15368,579.3144,53.78894,758.77048,766.2656,38.962164,0,0,0,0,0.77,-1.4,0,0
2025/07/02 23:23:00.143,n,21.296826,48.889148,0.210151,0.175126,0.044304,0.070757,0.076653,0.034784,-5.604385,-0.300327,-0.861,-0.126961,21.24341,351.40712,414.61252,-6.038097,562.30408,617.9012,88.11044,778.77584,812.94632,72.08328,0,0,0,0,0.74,-1.4,0,0
2025/07/02 23:24:00.145,n,21.246486,49.141932,0,0.081979,0.061107,-0.03384,0.035635,0.058834,-5.880207,-0.529148,-0.859047,-0.128357,21.218762,351.4334,414.34588,-6.081749,621.68396,623.15772,113.56276,818.24072,804.00728,102.37138,0,0,0,0,0.76,-1.39,0,0
2025/07/02 23:25:00.136,n,21.200928,49.137,0.140101,0.024112,0.068568,-0.03384,-0.058195,0.061784,-5.91961,-0.457642,-0.854439,-0.131348,21.205866,351.75756,414.0058,-6.185059,768.83096,716.28728,85.911872,935.84176,899.94712,68.75464,0,0,0,0,0.74,-1.37,0,0
2025/07/02 23:26:00.135,n,21.189552,49.070936,0.036548,0.047208,0.100636,-0.106135,-0.029482,0.093379,-5.683191,-0.271725,-0.845238,-0.114853,21.197312,352.50388,415.42108,-6.141851,795.1556,706.38776,102.21278,972.04152,889.11496,91.652064,0,0,0,0,0.74,-1.38,0,0
2025/07/02 23:27:00.135,n,21.324512,48.836268,0,-0.011421,0.084628,-0.106135,-0.111775,0.069007,-5.840804,-0.271725,-0.847183,-0.133972,21.175798,352.21132,413.59884,-6.28229,838.02088,708.2392,125.45758,1011.797,894.64376,104.24108,0,0,0,0,0.75,-1.39,0,0
2025/07/02 23:28:00.138,n,21.301708,49.008144,-0.105076,-0.09873,0.081362,-0.283026,-0.188171,0.076382,-5.91961,-0.414738,-0.846825,-0.137131,21.15967,352.149,413.22496,-6.214566,682.76744,634.24072,75.668024,865.0864,830.39408,65.96476,0,0,0,0,0.76,-1.4,0,0
2025/07/02 23:29:00.139,n,21.335888,48.751992,-0.105076,-0.09873,0.046254,-0.176891,-0.20022,0.028386,-5.604385,-0.200218,-0.855148,-0.136078,21.150008,351.373,413.26256,-6.123237,808.29824,655.45972,107.30704,977.16504,842.5192,89.707864,0,0,0,0,0.74,-1.38,0,0
2025/07/02 23:30:07.038,n,21.243214,49.120448,-0.105076,-0.139847,0.044067,-0.283026,-0.247135,0.031653,-5.932744,-0.471943,-0.859932,-0.135551,21.125296,350.81652,413.1666,-6.185182,729.59464,615.67188,87.220416,902.41504,804.3632,76.620488,0,0,0,0,0.75,-1.41,0,0
2025/07/02 23:31:00.144,n,21.20581,49.151844,-0.173603,-0.174365,0.038377,-0.176891,-0.259184,0.080091,-5.394806,-0.171616,-0.856041,-0.099419,21.126406,351.15944,416.38188,-5.979812,807.71472,752.21872,118.99644,985.70656,926.13064,111.91694,0,0,0,0,0.74,-1.4,0,0
2025/07/02 23:32:00.147,n,21.17168,49.247596,-0.210151,-0.169035,0.064738,-0.21227,-0.264824,0.065862,-5.867072,-0.457642,-0.851257,-0.118004,21.104892,351.44892,414.60704,-6.142684,702.4696,775.69016,91.32716,916.04056,959.74392,81.411304,0,0,0,0,0.75,-1.38,0,0
2025/07/02 23:33:00.149,n,21.17168,49.214636,-0.278679,-0.256344,0.090634,-0.389161,-0.335837,0.073735,-5.748863,-0.429039,-0.853027,-0.12011,21.091998,351.2214,414.3456,-6.052742,490.29628,558.25288,82.341208,689.3296,761.12776,73.238992,0,0,0,0,0.75,-1.38,0,0
2025/07/02 23:34:00.136,n,21.03672,49.795104,-0.140101,-0.250506,0.060037,-0.389161,-0.330197,0.028886,-5.7363,-0.514847,-0.850548,-0.103622,21.076948,351.3488,415.72276,-5.968378,816.246,685.92008,104.76904,989.69288,869.89304,95.207664,0,0,0,0,0.73,-1.36,0,0
2025/07/02 23:35:00.137,n,21.088772,49.657704,-0.385277,-0.367511,0.048832,-0.530674,-0.465814,0.068662,-6.050383,-0.629257,-0.850197,-0.112038,21.052232,351.23656,414.83276,-6.159285,852.4784,776.87736,51.45678,1037.5958,962.85664,51.852676,0,0,0,0,0.74,-1.38,0,0
2025/07/02 23:36:00.144,n,21.054638,49.601408,-0.278679,-0.367257,0.076636,-0.424539,-0.459917,0.050033,-5.8014,-0.586353,-0.862412,-0.114853,21.042572,350.12404,414.52688,-5.962606,813.50968,686.55304,99.474872,979.87744,881.87528,82.371112,0,0,0,0,0.74,-1.39,0,0
2025/07/02 23:37:00.141,n,20.978222,49.839784,-0.525378,-0.484515,0.051556,-0.60143,-0.566052,0.054808,-6.076651,-0.629257,-0.857986,-0.105202,21.023182,350.39492,415.27208,-6.200179,538.72936,626.93804,103.37722,745.06344,827.52608,84.030352,0,0,0,0,0.74,-1.38,0,0
2025/07/02 23:38:00.142,n,21.00586,49.717324,-0.420302,-0.437815,0.042897,-0.530674,-0.577845,0.088564,-5.959013,-0.429039,-0.852142,-0.097488,21.009274,350.82016,415.87676,-6.284628,852.38416,758.39432,126.06982,1023.5674,941.6928,103.10578,0,0,0,0,0.75,-1.37,0,0
2025/07/02 23:39:00.144,n,21.066018,49.36288,-0.525378,-0.525378,0.049533,-0.60143,-0.60143,0.038755,-5.761997,-0.185917,-0.857452,-0.102219,20.997424,350.29248,415.38836,-6.331314,740.40272,706.02488,87.828808,918.87504,894.89792,69.044912,0,0,0,0,0.76,-1.37,0,0
2025/07/02 23:40:00.147,n,20.99121,49.720592,-0.525378,-0.548728,0.052731,-0.60143,-0.642705,0.064914,-6.050383,-0.429039,-0.843643,-0.097839,20.98022,351.38768,415.67792,-6.367148,673.91736,680.58352,94.3724,858.46,873.94632,80.329944,0,0,0,0,0.74,-1.35,0,0
2025/07/02 23:41:00.151,n,21.092904,49.64512,-0.455328,-0.572078,0.084835,-0.60143,-0.660394,0.065871,-5.473041,0.028603,-0.835312,-0.098007,21.00957,352.27784,415.83248,-6.238948,768.60976,640.34028,78.195584,937.6504,833.79352,70.35624,0,0,0,0,0.76,-1.38,0,0
2025/07/02 23:42:00.156,n,21.140022,49.266652,0.245176,0.332739,0.075933,0.247648,0.265337,0.053654,-5.328563,0.185917,-0.843636,-0.108177,20.998796,351.4956,414.86708,-6.249938,540.10008,617.94572,104.53038,756.22592,809.07296,86.79228,0,0,0,0,0.74,-1.39,0,0
2025/07/02 23:43:00.139,n,21.079914,49.679932,0.280202,0.286039,0.078057,0.247648,0.229959,0.069866,-5.787695,-0.128712,-0.839386,-0.114494,20.983746,351.7762,414.21904,-6.383875,583.76024,679.45744,107.5881,797.79624,872.0476,86.712168,0,0,0,0,0.76,-1.36,0,0
2025/07/02 23:44:00.135,n,21.086406,49.438088,0.175126,0.221826,0.078839,0.247648,0.241751,0.101102,-5.617519,-0.115032,-0.851776,-0.111336,20.968698,350.61752,414.41268,-6.242927,536.27492,624.43816,79.023728,736.74104,815.92728,60.595792,0,0,0,0,0.77,-1.39,0,0
2025/07/02 23:45:00.147,n,21.153058,49.15928,0.175126,0.215735,0.087489,0.141513,0.147409,0.034784,-5.367966,0.085808,-0.857269,-0.098183,20.965468,350.12372,415.5622,-6.21286,523.91356,636.04228,103.57052,774.03208,831.56856,74.401272,0,0,0,0,0.75,-1.39,0,0
