"Timestamp","TZ","TA_1_2_1","RH_1_2_1","PPFD_1_2_1","PPFD_1_2_1_AV","PPFD_1_2_1_SD","PPFDr_1_2_1","PPFDr_1_2_1_AV","PPFDr_1_2_1_SD","SWin_1_2_1","SWout_1_2_1","LWin_1_2_V","LWout_1_2_V","TA_2_2_1","LWin_1_2_1","LWout_1_2_1","Rn_1_2_1","PPFD_1_1_1","PPFD_1_1_1_AV","PPFD_1_1_1_SD","PPFDd_1_1_1","PPFDd_1_1_1_AV","PPFDd_1_1_1_SD","2SERIAL (State)","2SERIAL (State)","2SERIAL (State)","2SERIAL (State)","posX","posY","P_2_1_2","1256CV"
2025/05/24 23:46:00.144,n,6.137291,75.860488,-0.490353,-0.484008,0.046484,-0.353783,-0.465557,0.06061,-5.044746,-0.414116,-0.829987,-0.180458,6.062833,272.80938,328.58088,-5.280158,1083.328,1168.8296,113.00842,1423.9374,1496.5328,75.757504,0,0,0,0,0.8,-1.18,0,0
2025/05/24 23:47:00.138,n,6.060681,76.506144,-0.173603,-0.268019,0.095524,-0.21227,-0.264824,0.07656,-5.465617,-0.686462,-0.825554,-0.178169,6.047296,273.11614,328.70746,-5.426539,992.67272,1039.8744,42.744592,1302.8774,1325.1346,28.544702,0,0,0,0,0.81,-1.18,0,0
2025/05/24 23:48:00.142,n,6.063999,76.20892,-0.173603,-0.18071,0.034494,-0.176891,-0.252775,0.040704,-5.26803,-0.614334,-0.820236,-0.175713,6.039527,273.53772,328.8872,-5.29822,1245.2816,1107.2786,91.989672,1539.0434,1401.6688,91.240344,0,0,0,0,0.81,-1.19,0,0
2025/05/24 23:49:00.143,n,6.145592,75.686952,-0.245176,-0.233248,0.060932,-0.247648,-0.206117,0.060551,-5.17609,-0.44334,-0.819695,-0.169746,6.030702,273.54102,329.37354,-5.382697,1167.2026,1023.69,77.34404,1441.9042,1314.6548,71.860976,0,0,0,0,0.81,-1.18,0,0
2025/05/24 23:50:00.144,n,6.200573,75.19696,-0.313704,-0.279694,0.073183,-0.247648,-0.247135,0.062947,-5.005343,-0.371212,-0.823784,-0.168343,6.017374,273.12152,329.43244,-5.289572,953.85536,1140.8396,136.27692,1289.995,1427.994,108.61492,0,0,0,0,0.81,-1.18,0,0
2025/05/24 23:51:00.147,n,6.152233,75.09208,-0.280202,-0.198222,0.072449,-0.318404,-0.27713,0.060936,-5.399374,-0.514225,-0.825905,-0.173782,5.998538,272.84516,328.85642,-5.537272,1392.103,1254.6542,84.388392,1686.5204,1540.5306,96.9144,0,0,0,0,0.81,-1.19,0,0
2025/05/24 23:52:00.135,n,6.11229,75.26684,-0.41878,-0.402028,0.057835,-0.389161,-0.318404,0.063286,-5.478751,-0.686462,-0.82325,-0.170975,5.980743,272.987,329.01798,-5.444564,1041.4032,1002.1154,52.896124,1321.6654,1307.6738,59.279004,0,0,0,0,0.81,-1.18,0,0
2025/05/24 23:53:00.135,n,6.06234,75.554136,-0.523855,-0.448982,0.07085,-0.529136,-0.429666,0.125287,-5.41308,-0.557129,-0.826798,-0.177116,5.957535,272.56574,328.35816,-5.505632,915.50328,976.04296,65.093008,1238.7514,1277.2536,51.652688,0,0,0,0,0.8,-1.19,0,0
2025/05/24 23:54:00.136,n,6.029087,75.65092,-0.350252,-0.401775,0.090782,-0.459917,-0.459405,0.032334,-5.426214,-0.600033,-0.823425,-0.173782,5.943053,272.78598,328.58276,-5.475824,1070.958,1047.9986,79.181432,1371.8256,1345.12,62.576356,0,0,0,0,0.81,-1.19,0,0
2025/05/24 23:55:00.140,n,6.077378,75.617616,-0.700504,-0.595175,0.113049,-0.635271,-0.559387,0.051978,-5.254896,-0.499924,-0.819344,-0.16922,5.934213,273.09542,328.94434,-5.405096,988.14,1066.2822,77.317528,1288.1294,1354.692,61.72844,0,0,0,0,0.8,-1.18,0,0
2025/05/24 23:56:00.143,n,6.127281,75.45736,-0.523855,-0.541875,0.036743,-0.459917,-0.595021,0.096101,-4.84773,-0.113789,-0.82077,-0.169395,5.92204,272.91198,328.86872,-5.385316,1191.9546,1061.9656,96.904072,1481.9594,1350.9664,92.762064,0,0,0,0,0.81,-1.18,0,0
2025/05/24 23:57:00.142,n,6.220543,74.893448,-0.490353,-0.571317,0.068878,-0.495296,-0.54785,0.065862,-4.663277,0,-0.820587,-0.172203,5.920951,272.92258,328.6141,-5.311661,965.1112,1033.0836,67.885936,1296.1382,1341.225,51.078372,0,0,0,0,0.81,-1.18,0,0
2025/05/24 23:58:00.149,n,6.270443,74.447992,-0.523855,-0.565226,0.060096,-0.635271,-0.594765,0.087796,-4.702681,-0.042904,-0.820946,-0.179047,5.904245,272.80912,327.92388,-5.301676,1173.9634,1179.7458,153.76312,1491.6688,1467.7646,144.68518,0,0,0,0,0.8,-1.17,0,0
2025/05/24 23:59:00.148,n,6.288754,74.285488,-0.490353,-0.607103,0.118604,-0.670649,-0.683467,0.058092,-4.715815,-0.071507,-0.822006,-0.178169,5.910923,272.75034,328.03476,-5.288146,1162.018,1223.6504,64.023428,1488.2534,1512.5732,46.486556,0,0,0,0,0.8,-1.18,0,0
2025/05/25 00:00:07.092,n,6.225949,74.423128,-0.595428,-0.618017,0.087562,-0.529136,-0.659882,0.080092,-4.703252,0,-0.820229,-0.174828,5.938925,273.04218,328.46964,-5.348653,1398.4974,1311.3806,82.631712,1683.1292,1590.9106,75.803696,0,0,0,0,0.81,-1.18,0,0
2025/05/25 00:01:00.136,n,6.139374,74.908432,0.281724,0.111675,0.097996,0.318404,0.307124,0.065655,-4.742084,-0.01368,-0.817749,-0.174301,5.927826,273.20194,328.46164,-5.371852,1296.514,1219.2472,103.68994,1578.9608,1522.1578,88.54152,0,0,0,0,0.8,-1.19,0,0
2025/05/25 00:02:00.138,n,6.152657,75.011752,0.07005,0.111167,0.067639,0.283026,0.318917,0.083984,-4.650714,0.071507,-0.819519,-0.174301,5.926721,273.0434,328.4562,-5.367439,1100.3378,1139.2572,135.93566,1439.9216,1436.3774,111.03242,0,0,0,0,0.8,-1.18,0,0
2025/05/25 00:03:00.141,n,6.146065,74.803448,0.245176,0.158121,0.097687,0.107673,0.289692,0.093208,-4.61074,0.157314,-0.821823,-0.182549,5.914549,272.78408,327.66376,-5.407329,1132.8002,1115.8314,117.8444,1455.1512,1413.8838,102.66256,0,0,0,0,0.81,-1.18,0,0
2025/05/25 00:04:00.142,n,6.104462,74.644416,0.175126,0.06472,0.089916,0.213808,0.20099,0.048492,-4.676412,0.028603,-0.816681,-0.179741,5.896785,273.14136,327.82554,-5.341954,874.72832,866.06488,39.527208,1185.1262,1188.5626,39.847208,0,0,0,0,0.81,-1.18,0,0
2025/05/25 00:05:00.144,n,6.136055,74.827376,0.07005,0.023858,0.076182,0.141513,0.188684,0.061954,-4.505665,0.228821,-0.81739,-0.180977,5.892364,273.05816,327.69396,-5.370899,895.75472,837.73048,41.379948,1192.9128,1141.1486,33.11797,0,0,0,0,0.81,-1.19,0,0
2025/05/25 00:06:00.147,n,6.087765,75.022936,0,0.041117,0.109737,0.176891,0.19458,0.06229,-4.623874,0.071507,-0.816505,-0.180801,5.8857,273.10196,327.67678,-5.331085,962.01352,1000.4758,55.687524,1271.37,1300.5746,49.682996,0,0,0,0,0.81,-1.19,0,0
2025/05/25 00:07:00.148,n,6.096112,75.400912,-0.07005,-0.063705,0.040341,0,0.089215,0.049106,-4.492531,0.21452,-0.8181,-0.18396,5.875691,272.91468,327.34692,-5.34119,975.2332,1001.1488,44.125956,1281.0184,1292.8466,34.356948,0,0,0,0,0.81,-1.17,0,0
2025/05/25 00:08:00.135,n,6.047821,75.554864,-0.103553,-0.080964,0.087562,0.107673,0.083062,0.048642,-4.715815,-0.028603,-0.81881,-0.187996,5.86906,272.82052,326.95572,-5.318026,1101.9468,973.73856,72.530688,1373.1316,1262.2964,63.171196,0,0,0,0,0.81,-1.18,0,0
2025/05/25 00:09:00.136,n,6.039471,75.458088,-0.035025,-0.087309,0.061585,0,0.065373,0.041976,-4.887133,-0.2425,-0.81704,-0.189575,5.854629,272.90252,326.74436,-5.272097,1152.9302,1022.651,94.141912,1421.1136,1307.761,76.347888,0,0,0,0,0.81,-1.18,0,0
2025/05/25 00:10:00.135,n,6.014473,75.426352,-0.208628,-0.127664,0.061167,0.035378,0.047427,0.043271,-4.900267,-0.342609,-0.81704,-0.177986,5.851329,272.8863,327.75736,-5.196711,957.60968,1031.9362,76.748936,1253.2728,1314.5954,63.90618,0,0,0,0,0.81,-1.18,0,0
2025/05/25 00:11:00.134,n,6.051144,75.708768,-0.245176,-0.15736,0.072852,0,-0.029226,0.052044,-4.715815,-0.128712,-0.821999,-0.170792,5.840212,272.40262,328.34162,-5.238311,1070.4082,1074.0738,112.51712,1382.597,1370.3428,112.21764,0,0,0,0,0.81,-1.18,0,0
2025/05/25 00:12:00.136,n,6.061154,75.40252,-0.245176,-0.198476,0.093108,0.035378,-0.005384,0.074932,-4.808327,-0.185917,-0.815971,-0.179039,5.826903,272.85846,327.5436,-5.259342,990.47688,977.8876,89.38792,1307.7762,1278.6172,77.009088,0,0,0,0,0.81,-1.17,0,0
2025/05/25 00:13:00.135,n,6.05949,75.218344,-0.348729,-0.221319,0.087643,-0.176891,-0.082293,0.062191,-4.887133,-0.2425,-0.815079,-0.176758,5.816876,272.88624,327.69678,-5.282954,1277.6986,1178.5132,127.37152,1580.5212,1480.1596,129.6264,0,0,0,0,0.81,-1.18,0,0
2025/05/25 00:14:00.135,n,5.977852,75.78304,-0.140101,-0.226902,0.093388,-0.070757,-0.075884,0.056203,-4.913402,-0.271103,-0.81633,-0.173424,5.806946,272.72918,327.94404,-5.285205,1292.6582,1137.255,96.967,1594.0858,1438.1704,94.452104,0,0,0,0,0.8,-1.18,0,0
2025/05/25 00:15:00.136,n,5.942841,75.886608,-0.313704,-0.313958,0.058975,-0.106135,-0.117671,0.036345,-5.044746,-0.428417,-0.812424,-0.176758,5.78915,272.9795,327.56036,-5.251994,984.46904,1104.0726,109.73104,1282.2288,1399.608,103.88552,0,0,0,0,0.8,-1.18,0,0
2025/05/25 00:16:00.135,n,5.996163,76.19524,-0.385277,-0.372587,0.090044,-0.176891,-0.152793,0.048492,-4.75579,-0.199596,-0.814728,-0.174477,5.780293,272.73664,327.7194,-5.196444,1310.329,1033.7346,188.52824,1565.079,1309.3072,163.59952,0,0,0,0,0.8,-1.18,0,0
2025/05/25 00:17:00.137,n,5.95456,76.266832,-0.385277,-0.32614,0.07609,-0.03384,-0.140744,0.077514,-4.952805,-0.371212,-0.812248,-0.167809,5.771389,272.90728,328.26774,-5.226033,1195.8828,1085.1366,131.98258,1457.5012,1385.4626,106.31934,0,0,0,0,0.79,-1.17,0,0
2025/05/25 00:18:00.137,n,5.949532,76.040944,-0.245176,-0.296953,0.090251,-0.139975,-0.182531,0.093517,-5.137257,-0.45702,-0.812424,-0.169739,5.760289,272.8374,328.04162,-5.322922,1222.9222,1231.7438,73.20792,1557.5418,1539.1952,50.13382,0,0,0,0,0.8,-1.18,0,0
2025/05/25 00:19:00.135,n,5.892891,76.128448,-0.420302,-0.344161,0.067953,-0.24611,-0.187402,0.085777,-5.05788,-0.486244,-0.814552,-0.174828,5.741437,272.56048,327.49688,-5.211361,1005.036,990.30208,91.752384,1309.617,1330.5796,81.865744,0,0,0,0,0.8,-1.18,0,0
2025/05/25 00:20:00.135,n,5.862911,76.28592,-0.420302,-0.489845,0.069749,-0.281488,-0.305586,0.037333,-5.137257,-0.585732,-0.81704,-0.178345,5.725901,272.2689,327.1081,-5.190221,1391.806,1256.6014,111.06034,1674.7992,1524.3484,116.16282,0,0,0,0,0.8,-1.17,0,0
2025/05/25 00:21:00.135,n,5.77961,76.242952,-0.55888,-0.430708,0.090398,-0.318404,-0.264824,0.048772,-5.189795,-0.714443,-0.814903,-0.179741,5.707034,272.36096,326.89136,-5.110514,907.99496,958.43584,110.45,1198.0828,1273.8986,108.86506,0,0,0,0,0.81,-1.18,0,0
2025/05/25 00:22:00.136,n,5.784638,76.270008,-0.593906,-0.501013,0.103562,-0.21227,-0.259441,0.073077,-5.254896,-0.671539,-0.809761,-0.169388,5.698178,272.76226,327.7673,-5.22373,1024.0028,942.51328,47.253572,1291.2308,1226.2532,36.98378,0,0,0,0,0.8,-1.19,0,0
2025/05/25 00:23:00.136,n,5.8862,75.562832,-0.593906,-0.547205,0.061336,-0.423001,-0.335324,0.076347,-5.123552,-0.486244,-0.80426,-0.173424,5.677051,273.13424,327.30502,-5.268144,1347.642,1211.2726,105.62766,1619.93,1473.6164,105.94622,0,0,0,0,0.82,-1.17,0,0
2025/05/25 00:24:00.135,n,5.89626,75.370736,-0.453805,-0.436546,0.095755,-0.281488,-0.323532,0.075102,-4.887133,-0.143013,-0.809944,-0.167107,5.675946,272.63706,327.86054,-5.386958,1428.6342,1374.5818,37.632432,1737.7068,1668.7916,51.9288,0,0,0,0,0.8,-1.18,0,0
2025/05/25 00:25:00.135,n,5.939522,75.315216,-0.593906,-0.46548,0.078839,-0.459917,-0.371215,0.048658,-4.768353,-0.042904,-0.813133,-0.174477,5.667057,272.3175,327.16232,-5.364105,1435.639,1410.1324,23.676992,1751.6872,1713.4156,31.196154,0,0,0,0,0.81,-1.25,0,0
2025/05/25 00:26:00.137,n,6.00285,75.115072,-0.55888,-0.466241,0.090674,-0.387623,-0.364806,0.069572,-4.650714,0.100109,-0.810654,-0.168335,5.661499,272.5047,327.68046,-5.393142,1099.2998,1228.4604,109.94,1451.7362,1550.3226,82.012192,0,0,0,0,0.82,-1.27,0,0
2025/05/25 00:27:00.141,n,5.959542,75.238944,-0.630454,-0.594921,0.058249,-0.459917,-0.429923,0.068242,-4.61074,0.157314,-0.813843,-0.165176,5.663726,272.23978,327.97192,-5.416721,1033.4056,934.04808,72.714512,1328.8972,1263.9336,59.68752,0,0,0,0,0.81,-1.24,0,0
2025/05/25 00:28:00.135,n,5.939522,75.435872,-0.453805,-0.500759,0.065814,-0.493757,-0.488117,0.013812,-4.584471,0.014301,-0.814194,-0.160255,5.660394,272.19306,328.39258,-5.252711,1155.912,982.52272,118.3161,1455.2078,1286.7668,109.5354,0,0,0,0,0.81,-1.24,0,0
2025/05/25 00:29:00.135,n,5.911202,75.270736,-0.698981,-0.634768,0.118086,-0.635271,-0.476068,0.088798,-4.742084,0.08643,-0.815262,-0.173599,5.649328,272.0462,327.15308,-5.470176,1103.7792,1107.0674,86.574824,1395.4466,1403.9596,75.667696,0,0,0,0,0.8,-1.26,0,0
2025/05/25 00:30:07.028,n,5.854962,75.74444,-0.593906,-0.629185,0.0825,-0.529136,-0.465045,0.081895,-4.87457,0.01368,-0.805702,-0.173256,5.662897,272.93992,327.2503,-5.520695,1195.7792,1109.467,68.84112,1488.0848,1403.8432,60.526028,0,0,0,0,0.81,-1.25,0,0
2025/05/25 00:31:00.136,n,5.806576,76.157768,0.140101,0.215481,0.08653,0.21227,0.264312,0.072621,-4.769495,0.028603,-0.808006,-0.169212,5.660702,272.7298,327.59864,-5.436891,1048.5254,1067.5836,105.18176,1354.412,1380.5134,89.661584,0,0,0,0,0.81,-1.26,0,0
2025/05/25 00:32:00.135,n,5.696564,76.378808,0.245176,0.232994,0.117915,0.353783,0.282513,0.054415,-5.229769,-0.400436,-0.807297,-0.173256,5.642909,272.7037,327.15204,-5.463374,970.61184,1121.3258,150.75874,1292.2186,1421.754,123.80792,0,0,0,0,0.8,-1.24,0,0
2025/05/25 00:33:00.135,n,5.689877,76.736232,0.208628,0.162943,0.161908,0.353783,0.294306,0.057715,-5.361113,-0.572052,-0.804459,-0.167809,5.626284,272.8675,327.5541,-5.425711,967.63424,986.8928,38.023676,1287,1284.2158,28.896366,0,0,0,0,0.8,-1.25,0,0
2025/05/25 00:34:00.136,n,5.699932,76.92832,0.068528,0.115989,0.053542,0.316866,0.229446,0.048548,-5.097854,-0.471943,-0.808006,-0.164124,5.616257,272.5113,327.83206,-5.269794,968.53952,918.8384,49.630636,1252.4364,1224.1072,29.976658,0,0,0,0,0.81,-1.23,0,0
2025/05/25 00:35:00.137,n,5.589825,76.893408,0.105076,0.128172,0.087884,0.247648,0.188428,0.042934,-5.453054,-0.77227,-0.801445,-0.173424,5.582961,272.91534,326.84256,-5.308805,1070.5688,1148.7456,136.927,1423.4648,1436.0516,124.75176,0,0,0,0,0.82,-1.25,0,0
2025/05/25 00:36:00.139,n,5.759896,76.760064,0.245176,0.18071,0.086877,0.21227,0.176122,0.070299,-4.835167,-0.271725,-0.806946,-0.176231,5.579597,272.42298,326.5767,-5.194156,1254.7652,1058.8096,154.77792,1563.0508,1366.4068,143.69204,0,0,0,0,0.79,-1.25,0,0
2025/05/25 00:37:00.135,n,5.711605,76.888624,0.140101,0.151776,0.065213,0.247648,0.199964,0.04319,-4.506236,0,-0.805878,-0.162895,5.576298,272.4992,327.7449,-5.149218,1299.172,1161.496,116.21016,1585.1186,1459.2438,102.11856,0,0,0,0,0.79,-1.24,0,0
2025/05/25 00:38:00.135,n,5.766583,76.5854,0.068528,0.057868,0.061745,0.03384,0.176379,0.097646,-4.75636,-0.100109,-0.807472,-0.166756,5.558504,272.2739,327.3147,-5.296968,1064.0146,1088.7888,61.442656,1378.0962,1391.1708,55.70458,0,0,0,0,0.8,-1.24,0,0
2025/05/25 00:39:00.135,n,5.736603,76.470944,0.068528,0.068781,0.096781,0.070757,0.123311,0.066356,-4.87457,-0.300327,-0.805168,-0.163071,5.545179,272.40772,327.57648,-5.21634,1170.3712,1144.8672,68.817144,1481.7328,1454.1664,57.13318,0,0,0,0,0.81,-1.25,0,0
2025/05/25 00:40:00.135,n,5.593197,76.888624,0.105076,0.116497,0.0567,0.141513,0.112031,0.026632,-5.071585,-0.529148,-0.805344,-0.156754,5.527385,272.3052,328.05018,-5.191027,1031.8536,1108.3024,84.039872,1348.9238,1411.5918,66.093872,0,0,0,0,0.81,-1.25,0,0
2025/05/25 00:41:00.135,n,5.566536,77.210648,0.068528,0.156852,0.057466,0.03384,0.111518,0.068719,-5.203501,-0.614956,-0.804817,-0.164474,5.508519,272.25818,327.27192,-5.228887,1205.7104,1153.0316,119.5617,1531.165,1460.0498,120.48154,0,0,0,0,0.82,-1.25,0,0
2025/05/25 00:42:00.136,n,5.528107,77.404008,-0.07005,-0.035025,0.038368,0.03384,0.087677,0.086001,-5.097854,-0.586353,-0.806053,-0.169037,5.496299,272.09136,326.80682,-5.148517,1233.127,1110.2672,96.981448,1511.3266,1408.0136,76.872616,0,0,0,0,0.81,-1.25,0,0
2025/05/25 00:43:00.136,n,5.533139,77.796688,0,-0.093654,0.057633,-0.035378,-0.012049,0.028386,-4.966511,-0.457642,-0.798431,-0.165176,5.481837,272.67972,327.0787,-5.142124,1111.1128,1249.9462,85.360416,1436.5038,1541.8676,68.36812,0,0,0,0,0.81,-1.25,0,0
2025/05/25 00:44:00.137,n,5.564877,77.178912,-0.036548,-0.081979,0.05695,0,0.035122,0.06329,-4.927108,-0.371834,-0.798248,-0.172195,5.466285,272.6192,326.379,-5.181327,1084.1022,1009.0138,62.31934,1404.5688,1335.9608,49.158924,0,0,0,0,0.8,-1.24,0,0
2025/05/25 00:45:00.141,n,5.606526,77.495904,-0.210151,-0.140355,0.049752,-0.141513,-0.059733,0.065545,-4.703823,-0.100109,-0.800736,-0.170792,5.451855,272.33326,326.43286,-5.233658,1081.7228,1064.6866,72.940384,1379.9598,1376.1124,61.434516,0,0,0,0,0.81,-1.25,0,0
2025/05/25 00:46:00.135,n,5.578156,78.078224,-0.105076,-0.17538,0.058612,-0.035378,-0.083062,0.053133,-4.676983,-0.100109,-0.800201,-0.159737,5.444023,272.34112,327.37634,-5.217339,1207.6476,957.87864,125.50658,1445.5546,1246.4432,98.911072,0,0,0,0,0.81,-1.24,0,0
2025/05/25 00:47:00.135,n,5.584847,78.14312,-0.140101,-0.169542,0.100432,-0.072295,-0.083062,0.085609,-4.690688,-0.186539,-0.792755,-0.15728,5.43853,272.95834,327.56756,-5.139625,1276.5312,1051.528,140.14494,1541.6654,1352.4674,111.2295,0,0,0,0,0.81,-1.25,0,0
2025/05/25 00:48:00.135,n,5.673176,77.947024,-0.245176,-0.216496,0.0517,-0.035378,-0.135873,0.106469,-4.532505,-0.014301,-0.79364,-0.163773,5.428505,272.83252,326.94172,-5.148071,915.59816,1025.8038,111.22366,1257.5536,1349.8678,86.894184,0,0,0,0,0.81,-1.25,0,0
2025/05/25 00:49:00.135,n,5.686554,77.59248,-0.245176,-0.204314,0.051556,-0.213808,-0.171508,0.14035,-4.361758,0.271103,-0.79985,-0.170265,5.424035,272.27346,326.3433,-5.262446,1193.3232,1018.5146,123.9266,1483.748,1330.12,110.43822,0,0,0,0,0.81,-1.24,0,0
2025/05/25 00:50:00.137,n,5.768246,76.960064,-0.210151,-0.22208,0.107635,-0.141513,-0.135873,0.098836,-4.42743,0.243122,-0.799667,-0.172897,5.417373,272.25654,326.07676,-5.297322,1256.8784,1178.8466,94.571664,1577.206,1482.8048,95.279584,0,0,0,0,0.81,-1.25,0,0
2025/05/25 00:51:00.139,n,5.676544,77.274024,-0.176649,-0.245938,0.065978,-0.106135,-0.12408,0.062728,-4.663849,0.100109,-0.793465,-0.169212,5.415147,272.78234,326.39324,-5.38821,1180.3604,1057.1514,72.471376,1502.874,1390.424,68.668768,0,0,0,0,0.81,-1.25,0,0
2025/05/25 00:52:00.137,n,5.613217,77.833104,-0.210151,-0.204821,0.060037,-0.176891,-0.165099,0.048336,-4.900839,-0.200218,-0.799667,-0.173424,5.409606,272.21854,325.992,-5.326864,1087.006,1196.2968,89.466192,1416.5224,1518.8258,79.436768,0,0,0,0,0.81,-1.25,0,0
2025/05/25 00:53:00.139,n,5.521466,78.4812,-0.210151,-0.181471,0.0811,-0.213808,-0.189453,0.029642,-5.216635,-0.572052,-0.797722,-0.175003,5.394023,272.3104,325.7753,-5.267302,1179.9444,1245.7346,64.282188,1520.1318,1562.552,60.144824,0,0,0,0,0.81,-1.25,0,0
2025/05/25 00:54:00.143,n,5.479767,78.96948,-0.315227,-0.222334,0.07529,-0.283026,-0.253801,0.046757,-5.045317,-0.457642,-0.801086,-0.173775,5.386256,271.98136,325.8464,-5.214987,1316.9214,1177.67,136.25748,1643.476,1500.7212,134.04626,0,0,0,0,0.8,-1.25,0,0
2025/05/25 00:55:00.135,n,5.524788,79.026512,-0.315227,-0.257105,0.036375,-0.141513,-0.18894,0.072582,-4.953376,-0.400436,-0.800026,-0.177292,5.379626,272.04062,325.50156,-5.175674,1311.1548,1283.6408,57.506524,1624.7264,1609.8808,46.940388,0,0,0,0,0.81,-1.25,0,0
2025/05/25 00:56:00.136,n,5.466389,78.906152,-0.245176,-0.362181,0.120804,-0.283026,-0.289692,0.051978,-5.019048,-0.500546,-0.797363,-0.173424,5.368496,272.21636,325.79052,-5.142442,1261.0278,1172.1046,77.153088,1582.1102,1483.0396,73.095824,0,0,0,0,0.81,-1.24,0,0
2025/05/25 00:57:00.135,n,5.438069,78.95996,-0.210151,-0.239846,0.074328,-0.247648,-0.253801,0.026159,-5.045317,-0.471943,-0.802856,-0.179222,5.352912,271.6648,325.19916,-5.197008,1322.6466,1327.8366,39.122884,1647.6254,1634.7892,35.974992,0,0,0,0,0.8,-1.24,0,0
2025/05/25 00:58:00.135,n,5.438069,79.333448,-0.245176,-0.286039,0.064266,-0.319943,-0.283795,0.054814,-5.137829,-0.629257,-0.799492,-0.171844,5.341813,271.90158,325.8001,-5.136219,1275.6714,1233.1676,61.642516,1581.8208,1546.7974,54.803284,0,0,0,0,0.81,-1.25,0,0
2025/05/25 00:59:00.136,n,5.399838,79.142048,-0.315227,-0.356343,0.041425,-0.247648,-0.283282,0.044997,-5.190366,-0.672161,-0.803391,-0.173775,5.319553,271.4552,325.51956,-5.147821,1024.6978,1156.797,111.33644,1347.1064,1472.2888,101.85972,0,0,0,0,0.81,-1.23,0,0
2025/05/25 01:00:07.289,n,5.388459,79.116904,-0.281724,-0.304313,0.069187,-0.424539,-0.354552,0.044023,-5.045888,-0.65786,-0.800949,-0.173073,5.317212,271.65488,325.57038,-5.015904,1171.5874,1155.305,76.988312,1514.0874,1475.1056,72.20388,0,0,0,0,0.81,-1.25,0,0
2025/05/25 01:01:00.143,n,5.233822,79.536144,0.350252,0.420049,0.090986,0.247648,0.288666,0.034841,-5.387953,-0.972488,-0.797936,-0.165176,5.292725,271.79572,326.15182,-5.048224,1128.776,1076.3646,84.06248,1475.2806,1417.6184,61.757592,0,0,0,0,0.81,-1.25,0,0
2025/05/25 01:02:00.141,n,5.24886,79.719488,0.315227,0.38477,0.077156,0.247648,0.224062,0.028886,-5.401088,-0.972488,-0.806801,-0.163422,5.271601,270.92542,326.20422,-5.071978,1056.2336,1228.0166,125.19666,1434.9462,1552.8644,86.95976,0,0,0,0,0.81,-1.25,0,0
2025/05/25 01:03:00.144,n,5.147396,80.155184,0.315227,0.367257,0.079371,0.21227,0.247135,0.054415,-5.137829,-0.729366,-0.805916,-0.146927,5.254947,270.92048,327.58762,-5.067451,1041.907,1058.1584,97.764512,1372.6118,1395.3136,74.84116,0,0,0,0,0.8,-1.24,0,0
2025/05/25 01:04:00.135,n,5.082501,80.38072,0.383754,0.43147,0.047562,0.281488,0.258415,0.04217,-5.019619,-0.629257,-0.799355,-0.119995,5.232686,271.37918,329.87058,-5.069721,1278.8004,1286.1238,84.557672,1600.5004,1582.4234,89.434888,0,0,0,0,0.82,-1.25,0,0
2025/05/25 01:05:00.136,n,5.114094,80.680184,0.278679,0.325887,0.061745,0.106135,0.164842,0.069674,-4.861436,-0.486244,-0.793503,-0.120522,5.217103,271.80908,329.74752,-5.048173,1308.7438,1088.5558,150.58454,1598.9424,1402.285,125.78316,0,0,0,0,0.8,-1.25,0,0
2025/05/25 01:06:00.135,n,5.193928,79.507672,0.350252,0.367257,0.036451,0.106135,0.13536,0.052044,-5.019619,-0.400436,-0.791374,-0.131668,5.198158,271.90052,328.66488,-5.278889,1390.963,1266.2914,85.260776,1712.5716,1587.9352,86.1754,0,0,0,0,0.8,-1.25,0,0
2025/05/25 01:07:00.137,n,5.067562,79.6942,0.245176,0.285785,0.034493,0,0.099469,0.068588,-5.387953,-0.757969,-0.787834,-0.134125,5.168131,272.05988,328.29984,-5.283694,1141.7112,1216.195,82.462112,1469.8052,1538.0284,72.465168,0,0,0,0,0.8,-1.25,0,0
2025/05/25 01:08:00.136,n,5.032601,79.664168,0.278679,0.320557,0.051424,0.070757,0.099982,0.04745,-5.703749,-1.029694,-0.78286,-0.135529,5.146991,272.38694,328.07192,-5.321387,1115.1598,1189.3346,80.24712,1479.975,1514.8938,60.469824,0,0,0,0,0.8,-1.23,0,0
2025/05/25 01:09:00.140,n,5.032601,79.96744,0.175126,0.233248,0.05695,0.070757,0.099982,0.144137,-5.506734,-0.90036,-0.788185,-0.144119,5.128062,271.83364,327.21636,-5.250439,1124.177,1142.948,84.521,1467.3236,1461.2086,70.86184,0,0,0,0,0.81,-1.24,0,0
2025/05/25 01:10:00.140,n,5.099152,80.342928,0.210151,0.192639,0.07263,0.03384,0.058707,0.036742,-5.401088,-0.786572,-0.791374,-0.150085,5.099124,271.41638,326.5451,-5.255805,1216.3332,1083.5746,73.571056,1531.8862,1402.3868,68.2554,0,0,0,0,0.82,-1.25,0,0
2025/05/25 01:11:00.143,n,5.139046,80.385504,0.278679,0.27411,0.095047,0.03384,0.076397,0.027112,-4.953947,-0.371834,-0.791374,-0.153069,5.087994,271.36196,326.22576,-5.220419,1278.422,1167.5328,78.511776,1615.497,1502.2242,68.888312,0,0,0,0,0.81,-1.26,0,0
2025/05/25 01:12:00.145,n,5.237141,80.423304,0.07005,0.186801,0.110019,-0.035378,0.034866,0.050039,-4.361758,0.085808,-0.790665,-0.149033,5.086905,271.41812,326.57898,-5.089198,1166.7864,1068.4102,90.332168,1490.6782,1403.743,73.135488,0,0,0,0,0.81,-1.25,0,0
2025/05/25 01:13:00.136,n,5.257111,80.252984,0.140101,0.215989,0.089754,0.03384,0.041018,0.034841,-4.138473,0.185917,-0.786758,-0.134468,5.083541,271.7395,327.85592,-4.976681,1120.4118,1263.486,93.31988,1506.3232,1593.4084,61.201304,0,0,0,0,0.8,-1.22,0,0
2025/05/25 01:14:00.136,n,5.285382,79.526616,-0.105076,0.058375,0.107765,-0.070757,-0.100238,0.026632,-4.572479,-0.057205,-0.784454,-0.141663,5.064646,271.84656,327.12472,-5.158066,1146.0012,1144.1134,85.848704,1487.3724,1482.8062,71.68124,0,0,0,0,0.81,-1.24,0,0
2025/05/25 01:15:00.136,n,5.22889,79.927944,0.210151,0.075888,0.13183,-0.035378,-0.058964,0.065871,-4.45427,0.100109,-0.7873,-0.144119,5.061315,271.5841,326.89028,-5.19756,1299.7794,1182.0804,94.623992,1637.2734,1510.9762,92.324424,0,0,0,0,0.81,-1.24,0,0
2025/05/25 01:16:00.137,n,5.163998,80.161584,0.105076,0.064213,0.118086,-0.141513,-0.088702,0.065612,-4.743226,-0.243122,-0.788185,-0.144119,5.0457,271.43124,326.81396,-5.14417,1279.6306,1224.631,62.821972,1629.5956,1558.0132,57.120924,0,0,0,0,0.8,-1.24,0,0
2025/05/25 01:17:00.330,n,5.047589,80.691216,-0.035025,0.005838,0.060327,-0.070757,-0.147409,0.093379,-5.019619,-0.543449,-0.790314,-0.142891,5.02232,271.133,326.80892,-5.123593,1207.4924,1202.5204,61.408472,2604.84,1714.5704,439.38776,0,0,0,0,0.8,-1.23,0,0
2025/05/25 01:18:00.141,n,5.050911,81.050104,0.210151,0.02335,0.122672,-0.141513,-0.19458,0.043329,-4.90141,-0.371834,-0.789955,-0.146751,5.01119,271.1098,326.41186,-5.17278,1357.6916,1584.2414,335.26944,1653.749,1663.2608,93.538232,0,0,0,0,0.82,-1.25,0,0
2025/05/25 01:19:00.142,n,5.00594,80.955672,0.105076,0.058375,0.052732,-0.21227,-0.188684,0.028886,-5.072157,-0.557751,-0.787834,-0.146927,5.001165,271.24426,326.34726,-5.155313,1335.3474,1236.0424,61.94998,1678.2454,1566.244,65.94088,0,0,0,0,0.81,-1.24,0,0
2025/05/25 01:20:00.144,n,4.969368,81.22784,-0.140101,-0.07005,0.07005,-0.283026,-0.21227,0.059199,-5.177803,-0.629257,-0.782333,-0.131142,4.990069,271.66602,327.69506,-5.199737,1013.5084,1096.8646,100.23522,1337.1312,1432.8926,102.80662,0,0,0,0,0.8,-1.23,0,0
2025/05/25 01:21:00.146,n,4.932747,80.848688,0.140101,-0.029188,0.092447,-0.21227,-0.19458,0.037105,-5.269744,-0.77227,-0.778786,-0.136398,4.972228,271.88578,327.14112,-5.139861,1178.3014,1255.5188,65.027688,1525.6826,1567.3354,46.006524,0,0,0,0,0.81,-1.26,0,0
2025/05/25 01:22:00.135,n,4.967709,81.117784,0.035025,-0.064213,0.084109,-0.21227,-0.218166,0.041359,-5.164668,-0.65786,-0.780205,-0.141663,4.954405,271.67608,326.58664,-5.145351,1244.9044,1153.0888,71.268512,1566.2002,1473.3414,70.58328,0,0,0,0,0.8,-1.23,0,0
2025/05/25 01:23:00.136,n,4.98597,81.710168,-0.07005,-0.005838,0.067977,-0.247648,-0.200477,0.082718,-4.690688,-0.11441,-0.784813,-0.134468,4.951074,271.26124,327.20938,-5.226623,1064.2722,1162.713,86.660256,1426.828,1503.6982,62.915816,0,0,0,0,0.81,-1.27,0,0
2025/05/25 01:24:00.136,n,5.00594,81.40884,-0.210151,-0.099238,0.092447,-0.318404,-0.265337,0.048766,-4.875141,-0.243122,-0.777725,-0.134644,4.939912,271.81988,327.13928,-5.2751,1171.5338,1140.139,37.20618,1500.9618,1466.9828,36.641508,0,0,0,0,0.8,-1.27,0,0
2025/05/25 01:25:00.138,n,5.02425,81.350392,-0.07005,-0.110913,0.084109,-0.318404,-0.288922,0.052075,-4.598748,0.01368,-0.778961,-0.133598,4.933219,271.68038,327.19956,-5.25779,1161.2428,1117.5356,57.475212,1512.4828,1463.9028,45.243784,0,0,0,0,0.82,-1.24,0,0
2025/05/25 01:26:00.140,n,5.049252,81.122464,-0.140101,-0.064213,0.064266,-0.318404,-0.283026,0.063287,-4.822603,-0.21452,-0.779846,-0.147278,4.919895,271.53876,325.91962,-5.240652,1305.2946,1257.3088,77.842144,1636.7548,1586.527,66.210272,0,0,0,0,0.8,-1.25,0,0
2025/05/25 01:27:00.142,n,5.007649,80.773104,-0.175126,-0.227664,0.079098,-0.424539,-0.365575,0.042845,-4.888275,-0.314629,-0.774536,-0.130257,4.914306,271.97088,327.40406,-5.217926,1291.5456,1162.5876,88.4302,1627.9912,1506.6562,74.94264,0,0,0,0,0.81,-1.26,0,0
2025/05/25 01:28:00.144,n,5.057553,80.817192,-0.105076,-0.180964,0.107195,-0.353783,-0.353783,0.063287,-4.54621,-0.071507,-0.783043,-0.141136,4.905386,271.19158,326.3944,-5.11661,1324.049,1172.7554,103.0068,1655.7964,1524.0504,87.874912,0,0,0,0,0.81,-1.24,0,0
2025/05/25 01:29:00.145,n,4.999298,81.002888,-0.315227,-0.198476,0.075663,-0.389161,-0.40685,0.037105,-4.730663,-0.085808,-0.774536,-0.130615,4.905386,271.92746,327.32876,-5.288776,1194.7784,1233.9504,80.713072,1562.4486,1578.589,59.79632,0,0,0,0,0.81,-1.22,0,0
2025/05/25 01:30:07.047,n,5.047589,80.899032,-0.385277,-0.245176,0.096558,-0.495296,-0.430435,0.047024,-4.611882,-0.085808,-0.77932,-0.114357,4.91208,271.5462,328.80524,-5.191037,1232.399,1283.277,73.848496,1610.2822,1624.317,54.85982,0,0,0,0,0.8,-1.22,0,0
2025/05/25 01:31:00.136,n,4.957745,80.533656,-0.175126,-0.210151,0.062655,-0.459917,-0.477606,0.019378,-5.045888,-0.572052,-0.778252,-0.115593,4.883096,271.49726,328.5541,-5.136494,1225.53,1186.9684,50.929364,1606.2006,1575.0594,31.802516,0,0,0,0,0.81,-1.21,0,0
2025/05/25 01:32:00.137,n,4.862824,81.72588,-0.350252,-0.303552,0.103111,-0.530674,-0.489399,0.047023,-5.006485,-0.586353,-0.783394,-0.113129,4.873072,271.00366,328.72418,-5.090397,970.68464,1017.2882,77.444176,1329.3706,1388.4562,77.102528,0,0,0,0,0.8,-1.24,0,0
2025/05/25 01:33:00.138,n,4.67474,81.771592,-0.245176,-0.344414,0.067977,-0.459917,-0.495296,0.0592,-5.401088,-1.000469,-0.783752,-0.103104,4.838546,270.80432,329.44616,-5.081267,1098.5744,1073.2862,31.45473,1460.1494,1403.0542,39.527208,0,0,0,0,0.8,-1.25,0,0
2025/05/25 01:34:00.141,n,4.76297,82.28516,-0.385277,-0.338577,0.052732,-0.530674,-0.495296,0.031644,-4.953947,-0.371834,-0.772583,-0.100464,4.84966,271.82476,329.73486,-5.254233,1052.3894,1186.0584,118.2396,1421.8124,1532.3286,98.595128,0,0,0,0,0.8,-1.22,0,0
2025/05/25 01:35:00.144,n,4.889485,81.326664,-0.210151,-0.309389,0.08114,-0.636809,-0.524778,0.081957,-4.651285,0.113789,-0.770279,-0.088501,4.85749,272.0622,330.83538,-5.446852,1158.2506,1140.6716,88.97752,1507.77,1485.1162,75.167808,0,0,0,0,0.78,-1.24,0,0
2025/05/25 01:36:00.144,n,5.125714,79.924768,-0.315227,-0.344414,0.100093,-0.530674,-0.530674,0.038755,-4.414866,0.414116,-0.786057,-0.094131,4.855265,270.68646,330.32446,-5.520907,1186.9812,1224.3574,72.012496,1533.871,1558.2556,56.462376,0,0,0,0,0.8,-1.24,0,0
2025/05/25 01:37:00.148,n,5.012631,80.355576,-0.350252,-0.309389,0.084109,-0.530674,-0.512985,0.073362,-5.045888,0.01368,-0.785522,-0.107147,4.844136,270.67852,329.11442,-5.737942,1200.7732,1210.4056,54.845236,1554.7596,1555.6348,43.046484,0,0,0,0,0.81,-1.24,0,0
2025/05/25 01:38:00.149,n,4.954376,80.894296,-0.245176,-0.309389,0.08114,-0.495296,-0.512985,0.048766,-5.23034,0,-0.7873,-0.116478,4.834079,270.4757,328.23666,-5.901162,1225.5598,1147.9364,66.4906,1572.3998,1494.4336,59.317788,0,0,0,0,0.8,-1.25,0,0
2025/05/25 01:39:00.152,n,4.894467,81.416712,-0.385277,-0.420302,0.07987,-0.530674,-0.512985,0.048765,-5.664346,-0.457642,-0.785522,-0.11718,4.82295,270.57516,328.12006,-5.875047,1144.7746,1132.329,71.517128,1525.5014,1483.4268,64.832092,0,0,0,0,0.81,-1.25,0,0
2025/05/25 01:40:00.135,n,4.906086,81.643856,-0.350252,-0.420302,0.07347,-0.60143,-0.560156,0.041359,-5.374819,-0.200218,-0.77932,-0.107147,4.815134,271.07374,328.97302,-5.846773,1234.9156,1175.484,78.949984,1561.6006,1513.6642,59.936636,0,0,0,0,0.8,-1.24,0,0
2025/05/25 01:41:00.138,n,4.967709,81.393032,-0.315227,-0.37944,0.092447,-0.60143,-0.630912,0.052075,-5.190366,-0.028603,-0.783569,-0.121574,4.806199,270.66268,327.64832,-5.823758,1322.2976,1302.8628,45.779908,1663.8076,1633.0498,40.132284,0,0,0,0,0.81,-1.25,0,0
2025/05/25 01:42:00.140,n,4.969368,81.303032,-0.420302,-0.40279,0.09066,-0.672187,-0.595534,0.047024,-4.822603,0.243122,-0.777367,-0.116997,4.802869,271.1829,328.03852,-5.726095,1395.1028,1290.5154,88.16008,1716.5912,1635.3332,71.233424,0,0,0,0,0.79,-1.25,0,0
2025/05/25 01:43:00.142,n,4.941098,81.527208,-0.385277,-0.484515,0.067976,-0.636809,-0.595534,0.034783,-4.54621,0.586353,-0.777191,-0.117706,4.807336,271.21994,327.99738,-5.792048,1244.7726,1160.9386,58.72904,1582.3984,1504.548,56.046408,0,0,0,0,0.8,-1.25,0,0
2025/05/25 01:44:00.145,n,4.946026,81.629696,-0.420302,-0.443653,0.047853,-0.707565,-0.672187,0.063286,-4.401732,0.657238,-0.777725,-0.117355,4.810667,271.18994,328.0447,-5.71934,1359.761,1228.7068,89.010112,1695.4632,1570.33,80.067472,0,0,0,0,0.81,-1.25,0,0
2025/05/25 01:45:00.146,n,4.977719,81.798448,-0.455328,-0.461165,0.086977,-0.530674,-0.636809,0.092255,-4.493673,0.557129,-0.778961,-0.120873,4.812893,271.09388,327.74322,-5.70889,1188.6696,1284.7522,75.463896,1603.3656,1643.7134,58.156684,0,0,0,0,0.8,-1.24,0,0
2025/05/25 01:46:00.136,n,4.976055,81.462456,-0.560403,-0.484515,0.067977,-0.672187,-0.636809,0.054808,-4.861436,0.156693,-0.774353,-0.127983,4.809562,271.47628,327.09552,-5.664498,1304.2214,1355.611,55.839056,1689.727,1705.754,49.221948,0,0,0,0,0.8,-1.24,0,0
2025/05/25 01:47:00.138,n,5.041455,82.046536,-0.455328,-0.443653,0.036174,-0.707565,-0.719358,0.048335,-4.33606,0.643559,-0.770454,-0.12674,4.850911,272.01498,327.4074,-5.623334,1319.0798,1235.4126,71.109768,1714.5824,1609.5898,76.615928,0,0,0,0,0.81,-1.25,0,0
2025/05/25 01:48:00.137,n,5.093018,82.233896,0.173603,0.302537,0.092729,0.318404,0.312508,0.041359,-4.244691,0.629257,-0.774178,-0.131477,4.856483,271.72004,327.01374,-5.516648,1067.2496,1120.209,74.856528,1460.2344,1517.5996,62.209324,0,0,0,0,0.81,-1.25,0,0
2025/05/25 01:49:00.135,n,5.10796,82.215048,0.313704,0.267511,0.081722,0.21227,0.235855,0.048336,-3.981432,0.814552,-0.773827,-0.129547,4.85871,271.76124,327.19604,-5.440264,1488.3022,1332.9376,141.71662,1833.1924,1667.5404,140.87086,0,0,0,0,0.81,-1.25,0,0
2025/05/25 01:50:00.137,n,5.126271,81.981944,0.278679,0.377917,0.08114,0.176891,0.265337,0.053654,-4.230985,0.586353,-0.771339,-0.131126,4.863176,271.99822,327.0776,-5.457551,1468.6358,1383.6322,57.37944,1842.143,1755.1136,57.685352,0,0,0,0,0.8,-1.25,0,0
2025/05/25 01:51:00.135,n,5.154541,82.205576,0.348729,0.389592,0.060328,0.353783,0.306612,0.057772,-4.086506,0.686462,-0.769218,-0.127266,4.876564,272.24688,327.48562,-5.414922,1031.1954,1119.7762,87.31724,1442.7442,1529.7046,78.278992,0,0,0,0,0.8,-1.22,0,0
2025/05/25 01:52:00.135,n,5.156201,82.13316,0.278679,0.272841,0.10946,0.247648,0.283026,0.063287,-3.981432,0.729366,-0.767441,-0.12674,4.876564,272.40064,327.53238,-5.351499,1167.688,1223.8448,115.65898,1587.9302,1589.0152,101.75264,0,0,0,0,0.8,-1.26,0,0
2025/05/25 01:53:00.135,n,5.179493,81.944096,0.278679,0.191116,0.07263,0.247648,0.218422,0.064552,-3.823819,0.871758,-0.768684,-0.138321,4.883258,272.3258,326.53656,-5.32594,1475.4796,1271.342,147.451,1812.8422,1627.9482,124.80946,0,0,0,0,0.81,-1.24,0,0
2025/05/25 01:54:00.136,n,5.209423,81.773888,0.173603,0.243654,0.110759,0.247648,0.224062,0.042845,-3.849517,0.829475,-0.769394,-0.145683,4.88771,272.28594,325.90424,-5.302703,1119.2046,1221.946,126.533,1513.941,1619.945,103.4466,0,0,0,0,0.81,-1.25,0,0
2025/05/25 01:55:00.135,n,5.182862,81.92364,0.313704,0.243654,0.108522,0.247648,0.183557,0.046214,-4.047104,0.614334,-0.76815,-0.142883,4.894371,272.42612,326.18552,-5.286705,1263.6554,1353.0552,97.6166,1699.9648,1721.8638,90.52956,0,0,0,0,0.8,-1.25,0,0
2025/05/25 01:56:00.136,n,5.219433,82.049664,0.068528,0.203045,0.092584,0.106135,0.076653,0.014443,-4.099641,0.600655,-0.766029,-0.138664,4.901066,272.64222,326.5928,-5.327661,1330.3814,1249.7812,104.36954,1732.3632,1649.041,92.094512,0,0,0,0,0.8,-1.24,0,0
2025/05/25 01:57:00.138,n,5.317482,81.756552,0.173603,0.156091,0.07263,0.143051,0.159715,0.07656,-3.968297,0.572052,-0.766029,-0.136742,4.910001,272.6858,326.80712,-5.169637,1295.9248,1402.2368,87.173392,1722.1832,1789.962,64.513564,0,0,0,0,0.8,-1.25,0,0
2025/05/25 01:58:00.135,n,5.392285,81.15792,0.245176,0.28477,0.025897,0.143051,0.159715,0.066027,-3.758147,0.672161,-0.764435,-0.136742,4.925582,272.8996,326.88302,-5.058002,1267.4156,1288.9044,63.796552,1713.3042,1698.2728,60.279352,0,0,0,0,0.8,-1.24,0,0
2025/05/25 01:59:00.135,n,5.487011,80.2648,0.208628,0.092132,0.097949,0.106135,0.071013,0.092493,-3.46862,0.928963,-0.767441,-0.13797,4.943405,272.7265,326.86088,-5.027053,1351.7174,1194.5598,129.86918,1725.2416,1589.573,99.685512,0,0,0,0,0.8,-1.24,0,0
2025/05/25 02:00:07.025,n,5.572071,79.620616,0.103553,0.156598,0.110013,0.106135,0.088446,0.053654,-3.363545,1.029072,-0.770813,-0.14534,4.954552,272.48928,326.2608,-5.01809,1137.7104,1210.912,109.04954,1539.625,1615.8024,92.72864,0,0,0,0,0.8,-1.25,0,0
2025/05/25 02:01:00.136,n,5.557034,79.617488,0.068528,0.203045,0.084259,0.143051,0.177148,0.049818,-3.666206,0.914661,-0.771164,-0.146736,4.961213,272.4914,326.16928,-5.205296,1181.8902,1154.097,81.67068,1604.1246,1564.2582,69.804008,0,0,0,0,0.81,-1.25,0,0
2025/05/25 02:02:00.135,n,5.535305,79.694928,0.313704,0.161928,0.132295,0.035378,0.123824,0.099437,-3.508023,0.971867,-0.774002,-0.138496,4.976842,272.32212,326.9773,-5.115395,1271.7262,1224.3458,57.85672,1653.2324,1616.272,48.191284,0,0,0,0,0.81,-1.25,0,0
2025/05/25 02:03:00.135,n,5.435547,79.946056,0.068528,0.156091,0.100907,0.143051,0.148435,0.034584,-3.666206,0.871758,-0.770103,-0.136917,4.983536,272.6921,327.1503,-5.17115,1361.7272,1264.7858,73.4316,1747.0048,1653.9316,62.863344,0,0,0,0,0.81,-1.25,0,0
2025/05/25 02:04:00.137,n,5.390625,79.942928,0.173603,0.127157,0.093491,0.106135,0.082549,0.042845,-4.020835,0.45702,-0.771523,-0.148842,4.983536,272.56934,326.09124,-5.100535,1295.5894,1225.4662,66.460516,1677.5806,1628.5606,48.660044,0,0,0,0,0.8,-1.25,0,0
2025/05/25 02:05:00.136,n,5.264309,80.422512,0.173603,0.144669,0.078446,0.143051,0.130233,0.048492,-4.467975,0.11441,-0.772232,-0.156387,4.979069,272.48606,325.39924,-5.19823,1177.1222,1246.1486,65.52404,1591.335,1640.4944,49.034684,0,0,0,0,0.8,-1.25,0,0
2025/05/25 02:06:00.139,n,5.14624,80.943952,0.068528,0.197207,0.100847,0.035378,0.118953,0.043525,-4.717528,-0.199596,-0.771164,-0.157448,4.97348,272.55124,325.27784,-5.131648,1253.9366,1259.6096,74.408336,1663.4702,1654.5814,74.24284,0,0,0,0,0.81,-1.24,0,0
2025/05/25 02:07:00.135,n,5.1479,81.071344,0.033502,0.144416,0.102515,0.070757,0.088446,0.06229,-4.717528,-0.271725,-0.768333,-0.152184,4.971238,272.78518,325.73446,-5.061953,1298.9194,1249.4872,128.04686,1693.2632,1638.1726,108.95046,0,0,0,0,0.81,-1.25,0,0
2025/05/25 02:08:00.135,n,5.084667,81.176808,0.173603,0.150253,0.042418,0.070757,0.129977,0.076476,-4.822603,-0.399815,-0.766029,-0.152359,4.965681,272.95728,325.69166,-5.036459,1259.8174,1210.2432,39.214796,1674.3272,1610.1824,45.097672,0,0,0,0,0.8,-1.25,0,0
2025/05/25 02:09:00.136,n,5.004833,81.279016,0.278679,0.255582,0.042338,0.070757,0.1128,0.035567,-4.941384,-0.514225,-0.769928,-0.159904,4.948995,272.53876,324.94028,-5.037183,1532.963,1394.4782,125.77122,1923.4126,1783.5758,119.34488,0,0,0,0,0.79,-1.24,0,0
2025/05/25 02:10:00.135,n,5.044777,81.797512,0.138578,0.285024,0.097359,0.035378,0.130233,0.065986,-4.546781,-0.099487,-0.767975,-0.156746,4.946769,272.69684,325.2099,-5.058523,1528.292,1475.8408,27.87472,1931.4058,1876.4808,31.1705,0,0,0,0,0.79,-1.23,0,0
2025/05/25 02:11:00.136,n,5.06802,81.286872,0.208628,0.13274,0.071495,0.143051,0.076909,0.082203,-4.586184,-0.11441,-0.771339,-0.163765,4.937833,272.36218,324.5429,-5.079348,1507.3066,1433.0118,71.1154,1883.5834,1817.6214,56.124864,0,0,0,0,0.8,-1.25,0,0
2025/05/25 02:12:00.135,n,5.084667,81.403184,0.068528,0.13274,0.089754,0.070757,0.088702,0.030153,-4.586184,-0.185917,-0.765671,-0.150597,4.931139,272.81994,325.6798,-5.015342,1357.2872,1445.1818,54.587544,1756.7998,1835.0054,48.694968,0,0,0,0,0.8,-1.26,0,0
2025/05/25 02:13:00.135,n,5.086331,81.63824,0.208628,0.168273,0.092949,0.143051,0.077166,0.052842,-4.310363,0.085808,-0.764786,-0.140594,4.926687,272.87476,326.54636,-5.020362,1395.2296,1254.6218,97.690328,1784.8574,1648.8428,88.530224,0,0,0,0,0.8,-1.25,0,0
2025/05/25 02:14:00.137,n,5.11958,81.256992,0.103553,0.168019,0.052006,0.106135,0.082549,0.069567,-4.297228,0,-0.760887,-0.150429,4.921115,273.18482,325.64576,-4.907686,1213.631,1377.0508,93.302736,1631.5572,1775.9278,82.126728,0,0,0,0,0.8,-1.25,0,0
2025/05/25 02:15:00.140,n,5.028126,81.195664,0.068528,0.103553,0.049533,0,0.05922,0.058214,-4.651856,-0.371834,-0.760002,-0.152,4.912227,273.21804,325.4629,-4.888024,1294.7168,1158.5398,87.595096,1682.583,1551.9386,83.638512,0,0,0,0,0.8,-1.24,0,0
2025/05/25 02:16:00.135,n,5.006497,81.542,0.033502,0.10939,0.056113,0.106135,0.053067,0.06229,-4.599319,-0.32893,-0.763191,-0.148499,4.903307,272.89874,325.73044,-4.885082,1200.2794,1365.2574,94.740696,1653.9562,1760.828,60.448328,0,0,0,0,0.8,-1.24,0,0
2025/05/25 02:17:00.135,n,4.830029,81.925152,0.245176,0.174365,0.089331,0.070757,0.053067,0.085933,-4.901981,-0.729366,-0.761421,-0.134811,4.886622,272.97046,326.8646,-4.799224,1245.356,1393.8428,105.16654,1697.373,1787.5212,79.364984,0,0,0,0,0.81,-1.26,0,0
2025/05/25 02:18:00.134,n,4.821778,82.307872,0,-0.012436,0.036477,0.143051,0.053324,0.066599,-4.730663,-0.600033,-0.753273,-0.114365,4.883258,273.65894,328.66412,-4.769538,1423.1382,1243.9274,117.86772,1769.4346,1624.2228,90.163184,0,0,0,0,0.8,-1.23,0,0
2025/05/25 02:19:00.135,n,4.891602,82.197712,0.103553,0.150253,0.047854,0.035378,0.047171,0.036539,-4.599319,-0.342609,-0.757347,-0.131126,4.868766,273.23584,327.10482,-4.88293,1200.961,1313.9728,114.12186,1637.9468,1722.9434,74.0054,0,0,0,0,0.79,-1.23,0,0
2025/05/25 02:20:00.135,n,4.84507,82.211872,0.068528,0.097969,0.071074,0.070757,0.058964,0.028886,-4.744368,-0.429039,-0.751678,-0.131653,4.855379,273.66094,326.9928,-4.935355,1164.1832,1159.4996,36.047192,1575.3092,1573.224,24.669818,0,0,0,0,0.8,-1.24,0,0
2025/05/25 02:21:00.135,n,4.866699,82.189848,0,0.011167,0.017301,0.106135,0.035378,0.067126,-4.954518,-0.600033,-0.746902,-0.130775,4.83533,273.97638,326.97302,-4.970612,1094.3062,1123.48,25.84763,1518.714,1537.73,19.292486,0,0,0,0,0.8,-1.24,0,0
2025/05/25 02:22:00.135,n,4.795117,82.400744,0.138578,0.103553,0.062655,0,0.017689,0.048766,-4.875141,-0.471943,-0.74176,-0.133583,4.823112,274.36176,326.66418,-5.011375,1393.3086,1205.256,108.62412,1774.504,1600.7848,97.90812,0,0,0,0,0.8,-1.25,0,0
2025/05/25 02:23:00.138,n,4.680176,82.46212,0.103553,0.02868,0.045791,0,0.05922,0.058214,-5.178374,-0.814552,-0.731499,-0.140778,4.799701,275.1354,325.91122,-4.954543,1323.9746,1395.8818,69.017384,1731.4468,1782.665,54.243892,0,0,0,0,0.81,-1.24,0,0
2025/05/25 02:24:00.141,n,4.605225,83.21324,0.103553,0.074365,0.104881,0,0.035378,0.04475,-5.033896,-0.928963,-0.713966,-0.134987,4.784072,276.5758,326.34928,-4.683913,1347.6372,1347.6814,57.541292,1724.1348,1736.2984,49.392308,0,0,0,0,0.8,-1.25,0,0
2025/05/25 02:25:00.135,n,4.675148,82.79864,0.068528,-0.001269,0.073472,0.143051,0.024098,0.085652,-4.954518,-0.886681,-0.700523,-0.136742,4.772861,277.68418,326.13894,-4.631619,1436.437,1308.9002,87.987496,1783.9898,1690.6608,70.114192,0,0,0,0,0.81,-1.24,0,0
2025/05/25 02:26:00.135,n,4.695168,82.880376,0.208628,0.028172,0.099918,0,0.035378,0.08372,-4.559916,-0.586353,-0.684792,-0.126038,4.762902,278.99662,327.0411,-4.532316,1190.65,1253.7378,83.833168,1588.7886,1636.3728,66.352088,0,0,0,0,0.81,-1.24,0,0
2025/05/25 02:27:00.135,n,4.655178,82.646152,0.033502,0.074619,0.119955,-0.104597,0.029738,0.081449,-4.612453,-0.671539,-0.668358,-0.129379,4.742918,280.32092,326.64704,-4.479893,1293.2174,1325.7482,68.799704,1675.9342,1699.1396,56.188968,0,0,0,0,0.8,-1.25,0,0
2025/05/25 02:28:00.134,n,4.686867,82.644584,0,0.098223,0.096993,0.106135,0.035378,0.089501,-4.520512,-0.786572,-0.646805,-0.141655,4.729646,282.12076,325.49222,-4.239091,1463.584,1294.2072,110.57216,1839.767,1670.3282,108.94036,0,0,0,0,0.8,-1.22,0,0
2025/05/25 02:29:00.136,n,4.633545,83.14576,0.068528,-0.019035,0.07263,-0.070757,-0.011793,0.053264,-4.428001,-0.800251,-0.623238,-0.144638,4.720758,284.11618,325.18406,-4.106349,1228.0978,1253.8386,102.71806,1604.978,1649.9652,95.646224,0,0,0,0,0.79,-1.24,0,0
2025/05/25 02:30:07.044,n,4.536915,83.293264,-0.071573,0.021827,0.065213,0.035378,0.017689,0.048766,-4.717528,-1.214989,-0.587997,-0.136742,4.701929,287.07306,325.79376,-3.953795,1356.482,1392.0344,75.602912,1763.4458,1765.2126,74.576136,0,0,0,0,0.81,-1.25,0,0
2025/05/25 02:31:00.139,n,4.638577,83.899912,-0.071573,0.051269,0.075724,-0.070757,-0.011793,0.036539,-3.876356,-0.657238,-0.56517,-0.116829,4.709663,289.0853,327.59976,-3.66746,1135.7388,1226.7478,99.70256,1534.277,1631.1456,79.23004,0,0,0,0,0.8,-1.23,0,0
2025/05/25 02:32:00.141,n,4.615235,83.020176,-0.071573,0.004822,0.078016,0,-0.047171,0.028886,-3.928894,-0.800251,-0.533356,-0.122185,4.701929,291.79984,327.08654,-3.539814,1411.6724,1381.7354,156.47174,1812.8422,1745.4176,147.80664,0,0,0,0,0.79,-1.23,0,0
2025/05/25 02:33:00.142,n,4.706837,82.853672,-0.036548,0.004569,0.111664,-0.104597,-0.011536,0.047736,-3.758147,-0.757347,-0.511978,-0.130425,4.699735,293.6384,326.34406,-3.382354,1202.5606,1300.7812,114.28912,1608.8976,1703.3774,94.254976,0,0,0,0,0.8,-1.24,0,0
2025/05/25 02:34:00.135,n,4.703469,82.891368,-0.106598,-0.041878,0.115839,-0.104597,-0.058707,0.076238,-3.376679,-0.600033,-0.5028,-0.135162,4.701929,294.44306,325.93402,-3.144284,1210.9156,1213.6562,55.729704,1609.2544,1613.9136,35.785472,0,0,0,0,0.81,-1.24,0,0
2025/05/25 02:35:00.135,n,4.653515,83.254016,0.033502,-0.065228,0.128028,-0.104597,-0.069987,0.054215,-3.389813,-0.700142,-0.495911,-0.132179,4.707485,295.06604,326.22596,-3.053403,1434.6196,1329.321,81.72392,1794.501,1688.8234,72.030552,0,0,0,0,0.81,-1.26,0,0
2025/05/25 02:36:00.135,n,4.685158,82.902304,-0.071573,0.03934,0.092447,0.035378,-0.005896,0.041359,-3.310436,-0.743046,-0.502441,-0.128319,4.711889,294.52246,326.59014,-2.941513,1433.3702,1307.9894,69.49388,1795.1924,1697.6518,53.847936,0,0,0,0,0.81,-1.24,0,0
2025/05/25 02:37:00.136,n,4.703469,82.50772,-0.036548,0.086294,0.140918,-0.070757,-0.017433,0.08356,-3.376679,-0.786572,-0.519928,-0.137795,4.716324,293.03132,325.77018,-2.972241,1204.0118,1321.9044,112.42242,1605.7076,1713.2452,89.668272,0,0,0,0,0.8,-1.25,0,0
2025/05/25 02:38:00.135,n,4.773487,83.006008,0.208628,0.08071,0.109568,0.035378,-0.023586,0.065871,-3.008345,-0.557129,-0.546608,-0.122185,4.728556,290.7829,327.216,-2.875639,1462.3556,1336.3868,103.55,1855.188,1716.4122,106.14142,0,0,0,0,0.8,-1.24,0,0
2025/05/25 02:39:00.139,n,4.748486,82.065392,0.173603,0.086294,0.087611,0,-0.011793,0.048336,-3.494888,-0.800251,-0.565353,-0.128494,4.722985,289.13434,326.62866,-3.131497,1382.797,1371.0074,45.310044,1801.2338,1770.8112,34.773552,0,0,0,0,0.81,-1.24,0,0
2025/05/25 02:40:00.142,n,4.791748,82.30636,0.068528,0.10939,0.051556,-0.104597,-0.076397,0.068532,-3.481754,-0.686462,-0.597031,-0.133232,4.726315,286.41028,326.22406,-3.25909,1392.2324,1324.8422,60.021664,1794.0888,1736.8448,46.899896,0,0,0,0,0.81,-1.25,0,0
2025/05/25 02:41:00.142,n,4.746826,82.317344,-0.036548,-0.03604,0.038928,-0.070757,-0.111775,0.056714,-3.796979,-0.800251,-0.614021,-0.134811,4.72521,284.93516,326.07846,-3.475938,1418.232,1413.5752,61.086824,1808.8574,1795.8032,49.424692,0,0,0,0,0.81,-1.24,0,0
2025/05/25 02:42:00.169,n,4.763428,82.683848,-0.140101,0.016497,0.081493,-0.035378,-0.082293,0.053131,-3.705038,-0.629257,-0.62944,-0.123413,4.728556,283.6175,327.1069,-3.581808,1405.9258,1363.4984,59.407072,1824.1802,1773.5992,44.649748,0,0,0,0,0.79,-1.26,0,0
2025/05/25 02:43:00.134,n,4.653515,82.906992,-0.106598,-0.070812,0.073183,0,-0.12972,0.1198,-3.796979,-0.557129,-0.645035,-0.118416,4.727419,282.263,327.54522,-3.766469,1431.3092,1407.8906,48.342528,1808.7242,1805.4232,34.733268,0,0,0,0,0.8,-1.22,0,0
2025/05/25 02:44:00.135,n,4.636868,83.126864,0.033502,-0.054061,0.053118,-0.035378,-0.099982,0.068638,-3.91576,-0.642937,-0.652657,-0.127968,4.719687,281.5661,326.65934,-3.797512,1512.8204,1427.3116,80.09744,1873.3262,1804.7142,61.72844,0,0,0,0,0.81,-1.23,0,0
2025/05/25 02:45:00.136,n,4.618508,83.376424,-0.140101,0.039594,0.123719,-0.070757,-0.058964,0.042845,-3.928894,-0.642937,-0.660454,-0.120956,4.720758,280.89678,327.28724,-3.825455,1212.3624,1319.0696,87.021832,1626.457,1721.8258,70.512416,0,0,0,0,0.8,-1.25,0,0
2025/05/25 02:46:00.137,n,4.718506,82.8442,-0.211674,-0.083248,0.078839,-0.176891,-0.112031,0.047023,-3.91576,-0.386135,-0.668709,-0.12429,4.709663,280.1287,326.9371,-4.074043,1146.504,1197.4998,60.40364,1576.7344,1590.3906,45.219464,0,0,0,0,0.81,-1.25,0,0
2025/05/25 02:47:00.138,n,4.710156,82.925888,-0.071573,-0.030203,0.027043,-0.035378,-0.105366,0.073626,-3.718744,-0.271725,-0.673126,-0.101524,4.724121,279.81692,329.02932,-4.018621,1453.3828,1271.5624,169.75216,1825.8056,1647.5202,150.9384,0,0,0,0,0.8,-1.23,0,0
2025/05/25 02:48:00.140,n,4.831692,82.20084,-0.140101,-0.123603,0.036452,-0.035378,-0.105878,0.044755,-3.705038,-0.11441,-0.68055,-0.107857,4.716324,279.13674,328.42892,-4.163321,1221.7632,1321.409,102.59532,1637.1948,1720.3394,78.74008,0,0,0,0,0.81,-1.25,0,0
2025/05/25 02:49:00.142,n,4.818409,82.087512,-0.245176,-0.158629,0.078832,-0.21227,-0.141513,0.07421,-3.902625,0.057827,-0.67984,-0.112778,4.71746,279.20374,327.99752,-4.527515,1356.0654,1289.2074,65.661256,1728.6704,1664.931,53.188344,0,0,0,0,0.8,-1.23,0,0
2025/05/25 02:50:00.144,n,4.850003,81.762848,0.033502,-0.00736,0.128054,-0.141513,-0.123311,0.058325,-4.047104,-0.11441,-0.678246,-0.112076,4.71746,279.34168,328.05984,-4.498863,1430.897,1351.8798,53.615296,1828.9078,1744.7328,47.18898,0,0,0,0,0.81,-1.25,0,0
2025/05/25 02:51:00.145,n,4.868313,81.992976,-0.106598,-0.077157,0.075159,-0.070757,-0.117415,0.029147,-4.178447,-0.128712,-0.681786,-0.121834,4.715218,279.02448,327.18228,-4.609688,1224.7784,1278.1582,74.211864,1647.3258,1693.9176,60.113228,0,0,0,0,0.8,-1.24,0,0
2025/05/25 02:52:00.135,n,4.825051,82.276424,0,-0.117766,0.121245,-0.104597,-0.152793,0.048041,-3.823819,0.042904,-0.680023,-0.113312,4.721879,279.20944,327.97162,-4.433435,1365.3722,1307.1948,41.720496,1746.0938,1689.0418,33.781652,0,0,0,0,0.8,-1.26,0,0
2025/05/25 02:53:00.135,n,4.780079,82.17564,-0.071573,-0.065736,0.092447,-0.21227,-0.158433,0.058232,-4.310363,-0.371834,-0.676125,-0.12043,4.71413,279.50898,327.30176,-4.494223,1215.8286,1268.2126,77.048032,1612.1388,1665.8032,65.362068,0,0,0,0,0.81,-1.24,0,0
2025/05/25 02:54:00.136,n,4.660206,82.66812,-0.071573,-0.006853,0.107231,-0.104597,-0.146897,0.035515,-4.678125,-0.686462,-0.675247,-0.130608,4.70859,279.55786,326.37084,-4.536302,1463.838,1373.5538,73.688528,1840.876,1748.39,67.657968,0,0,0,0,0.8,-1.23,0,0
2025/05/25 02:55:00.137,n,4.645214,83.345024,-0.176649,-0.135025,0.107645,-0.176891,-0.170226,0.056972,-4.21785,-0.45702,-0.674713,-0.125694,4.70859,279.60406,326.80722,-4.30985,1289.3414,1331.0996,77.47516,1697.2642,1720.0102,58.910104,0,0,0,0,0.8,-1.24,0,0
2025/05/25 02:56:00.139,n,4.670216,83.340336,-0.140101,-0.094416,0.061572,-0.21227,-0.176891,0.031643,-4.15275,-0.386135,-0.669769,-0.126923,4.709663,280.03696,326.70334,-4.309461,1334.3794,1369.2592,64.15606,1742.9692,1748.7396,50.919544,0,0,0,0,0.8,-1.24,0,0
2025/05/25 02:57:00.140,n,4.761769,83.010704,-0.071573,-0.088324,0.053024,-0.176891,-0.194068,0.062469,-4.073372,-0.32893,-0.666061,-0.133934,4.706364,280.34164,326.0646,-4.27657,1221.0132,1261.7074,53.938856,1612.4126,1655.0182,46.26878,0,0,0,0,0.79,-1.24,0,0
2025/05/25 02:58:00.143,n,4.690186,83.071984,0.033502,-0.105837,0.08825,-0.176891,-0.187915,0.053065,-4.073372,-0.399815,-0.659393,-0.129196,4.706364,280.91846,326.48538,-4.203755,1273.565,1245.4284,26.970354,1656.249,1629.9594,20.292856,0,0,0,0,0.82,-1.24,0,0
2025/05/25 02:59:00.146,n,4.708496,82.839464,-0.211674,-0.030711,0.102515,-0.24611,-0.164586,0.065765,-4.099641,-0.486244,-0.657089,-0.137093,4.698631,281.08024,325.74652,-4.133393,1257.793,1274.3858,65.960596,1661.9186,1664.8314,49.833724,0,0,0,0,0.79,-1.24,0,0
2025/05/25 03:00:07.061,n,4.730129,83.026376,0,-0.053807,0.037173,-0.141513,-0.135617,0.034784,-3.955163,-0.21452,-0.664467,-0.138496,4.704138,280.46876,325.6486,-4.266614,1320.8458,1406.6498,85.368616,1722.6944,1783.4592,66.956704,0,0,0,0,0.81,-1.23,0,0
2025/05/25 03:01:00.135,n,4.683499,83.8608,0.033502,0.097969,0.080769,-0.104597,-0.140744,0.06312,-3.88892,-0.257423,-0.662056,-0.134285,4.706364,280.68814,326.03344,-4.159268,1452.7872,1363.3724,55.508556,1851.8116,1768.5494,44.913248,0,0,0,0,0.81,-1.24,0,0
2025/05/25 03:02:00.136,n,4.738476,83.420376,-0.106598,-0.012944,0.075713,-0.141513,-0.158946,0.057666,-3.91576,-0.21452,-0.653542,-0.132881,4.707485,281.43018,326.1636,-4.221901,1172.5694,1236.0556,71.0338,1578.1592,1649.166,69.483808,0,0,0,0,0.81,-1.25,0,0
2025/05/25 03:03:00.139,n,4.688526,83.14732,0.245176,0.097969,0.100538,0,-0.094086,0.061899,-3.849517,-0.356911,-0.655312,-0.131126,4.70526,281.26624,326.30862,-4.016791,1496.8854,1471.9672,54.24574,1896.4052,1843.6358,58.117124,0,0,0,0,0.8,-1.24,0,0
2025/05/25 03:04:00.139,n,4.77676,83.233648,0.173603,0.168019,0.047052,-0.035378,-0.099469,0.046915,-4.020835,-0.442719,-0.658859,-0.127625,4.706364,280.96466,326.62496,-4.109351,1410.1768,1329.832,64.103044,1804.8388,1737.9224,48.369412,0,0,0,0,0.79,-1.24,0,0
2025/05/25 03:05:00.141,n,4.675148,83.67276,0.068528,0.039594,0.071323,-0.24611,-0.182019,0.056396,-3.863222,-0.386135,-0.657974,-0.12587,4.70526,281.03588,326.77546,-4.009192,1161.6104,1285.9454,104.5256,1580.9922,1686.8306,93.83816,0,0,0,0,0.8,-1.22,0,0
2025/05/25 03:06:00.144,n,4.721829,83.925008,0.278679,0.126903,0.107765,0,-0.12972,0.082718,-3.442351,0.11441,-0.655663,-0.11718,4.720758,281.31128,327.62262,-4.095244,1418.4028,1261.4042,98.048968,1784.5766,1642.497,85.802104,0,0,0,0,0.8,-1.24,0,0
2025/05/25 03:07:00.145,n,4.746826,83.38892,0.033502,0.080456,0.093643,-0.104597,-0.105622,0.054814,-3.599963,-0.042282,-0.646805,-0.118057,4.726315,282.10456,327.57174,-4.086429,1275.4316,1332.3542,50.675436,1653.1914,1705.9456,39.466444,0,0,0,0,0.81,-1.25,0,0
2025/05/25 03:08:00.148,n,4.731789,83.024864,0.208628,0.121065,0.085076,-0.21227,-0.153049,0.058027,-3.955163,-0.45702,-0.646454,-0.126923,4.711889,282.06466,326.71414,-4.017675,1349.3824,1312.2994,29.092954,1718.8046,1681.9518,26.540534,0,0,0,0,0.8,-1.24,0,0
2025/05/25 03:09:00.150,n,4.81509,83.8608,0.068528,0.068528,0.054261,-0.176891,-0.206373,0.041359,-3.744442,-0.286026,-0.650703,-0.127449,4.715218,281.71326,326.6836,-3.98167,1432.7022,1313.4832,63.903052,1786.418,1676.8584,58.443136,0,0,0,0,0.8,-1.24,0,0
2025/05/25 03:10:00.138,n,4.715138,83.890536,0.033502,0.045431,0.061107,-0.283026,-0.241495,0.034737,-3.836382,-0.471943,-0.646629,-0.123413,4.713025,282.055,327.03134,-3.887655,1281.812,1259.0612,39.666108,1644.0254,1629.6722,40.489504,0,0,0,0,0.8,-1.24,0,0
2025/05/25 03:11:00.137,n,4.656838,83.995472,0.41878,0.226141,0.137894,-0.070757,-0.158689,0.088187,-4.21785,-0.757347,-0.638474,-0.117355,4.70859,282.73898,327.5478,-3.981621,1361.5694,1352.6832,67.274064,1738.7002,1719.6666,60.774992,0,0,0,0,0.8,-1.24,0,0
2025/05/25 03:12:00.139,n,4.616894,84.110456,0.41878,0.319541,0.067977,-0.070757,-0.141,0.059571,-4.244691,-0.886681,-0.635277,-0.124809,4.698631,282.9671,326.8374,-3.868477,1476.2052,1442.9952,52.907468,1823.8238,1798.7636,43.616512,0,0,0,0,0.8,-1.23,0,0
2025/05/25 03:13:00.141,n,4.600197,84.928376,0.383754,0.378424,0.110947,-0.141513,-0.099726,0.060881,-3.981432,-0.714443,-0.631386,-0.12587,4.696405,283.29284,326.7324,-3.772504,1533.313,1379.6968,110.06272,1881.6894,1742.7192,95.154608,0,0,0,0,0.79,-1.24,0,0
2025/05/25 03:14:00.145,n,4.570217,84.727648,0.55888,0.424617,0.149286,-0.24611,-0.158946,0.057666,-4.020835,-0.857456,-0.623238,-0.130249,4.686399,283.949,326.29476,-3.656367,1437.9264,1356.318,54.022216,1791.2812,1708.4504,53.840504,0,0,0,0,0.8,-1.25,0,0
2025/05/25 03:15:00.148,n,4.550244,84.840536,0.593906,0.447967,0.102515,-0.070757,-0.147409,0.047023,-3.993995,-0.943886,-0.614555,-0.130775,4.676439,284.6517,326.19964,-3.533889,1549.0674,1410.0666,90.355968,1892.8238,1760.5332,81.72392,0,0,0,0,0.8,-1.23,0,0
2025/05/25 03:16:00.149,n,4.550244,84.929936,0.628931,0.564718,0.086977,-0.035378,-0.123311,0.082579,-3.91576,-0.886681,-0.611015,-0.136742,4.676439,284.95794,325.6698,-3.503353,1492.5338,1416.2358,80.148616,1853.5986,1781.0436,67.073096,0,0,0,0,0.79,-1.24,0,0
2025/05/25 03:17:00.151,n,4.531887,85.034968,0.769032,0.658118,0.092447,-0.104597,-0.099982,0.087836,-3.863222,-0.971867,-0.599854,-0.134811,4.664286,285.86426,325.78198,-3.356398,1329.8462,1339.2336,34.845372,1713.8842,1704.6686,27.589854,0,0,0,0,0.8,-1.23,0,0
2025/05/25 03:18:00.154,n,4.528565,85.044344,0.909132,0.804057,0.093982,0.035378,-0.0705,0.059018,-3.691904,-0.971867,-0.592781,-0.136917,4.662046,286.4652,325.58414,-3.175902,1679.5532,1592.9804,91.205264,2019.894,1926.2138,89.661584,0,0,0,0,0.8,-1.24,0,0
2025/05/25 03:19:00.137,n,4.565235,84.90172,0.804057,0.745681,0.061336,-0.070757,-0.116902,0.065433,-3.416082,-0.90036,-0.587296,-0.142708,4.654262,286.90192,325.03202,-2.96031,1413.0254,1510.2604,59.906592,1754.3838,1844.5766,56.699208,0,0,0,0,0.81,-1.24,0,0
2025/05/25 03:20:00.139,n,4.551907,84.820176,0.979183,0.91497,0.157289,-0.176891,-0.152793,0.037333,-3.232201,-0.857456,-0.578445,-0.138321,4.646529,287.6298,325.38394,-2.814869,1357.5898,1384.2618,53.875784,1698.8384,1718.525,35.281724,0,0,0,0,0.81,-1.25,0,0
2025/05/25 03:21:00.142,n,4.570217,84.771536,1.189334,1.048979,0.139721,-0.104597,-0.146897,0.035515,-2.877001,-0.771648,-0.568886,-0.132179,4.652054,288.48362,325.95624,-2.542059,1540.9918,1390.4444,95.5458,1850.1674,1706.0152,85.320568,0,0,0,0,0.8,-1.24,0,0
2025/05/25 03:22:00.135,n,4.656838,84.331992,1.189334,1.171314,0.078697,-0.141513,-0.135617,0.056679,-2.496104,-0.442719,-0.559868,-0.137619,4.64986,289.25318,325.46258,-2.475634,1361.1822,1439.0616,97.630936,1720.2046,1770.2774,73.604344,0,0,0,0,0.8,-1.23,0,0
2025/05/25 03:23:00.135,n,4.715138,84.029888,1.644662,1.480449,0.130184,-0.141513,-0.176891,0.059199,-1.996426,-0.171616,-0.553329,-0.13604,4.656489,289.85098,325.63504,-2.242101,1550.1798,1586.0564,56.810212,1918.8726,1916.7672,61.514224,0,0,0,0,0.8,-1.25,0,0
2025/05/25 03:24:00.136,n,4.761769,83.536384,1.539586,1.54517,0.060712,-0.176891,-0.141257,0.044997,-1.523589,-0.099487,-0.552269,-0.139893,4.660923,289.96426,325.31442,-1.836478,1375.354,1311.4512,42.696604,1697.835,1675.0172,41.641328,0,0,0,0,0.8,-1.24,0,0
2025/05/25 03:25:00.135,n,4.703469,83.464264,1.958366,1.691108,0.140687,-0.035378,-0.13536,0.056842,-1.300875,-0.2425,-0.547318,-0.135162,4.664286,290.40888,325.75082,-1.47053,1420.4346,1388.6264,26.46507,1727.5772,1701.9758,20.268202,0,0,0,0,0.81,-1.25,0,0
2025/05/25 03:26:00.136,n,4.655178,83.799664,2.17004,2.098974,0.106541,-0.21227,-0.0705,0.080542,-1.024482,-0.542828,-0.534416,-0.138321,4.658715,291.4979,325.4433,-0.87775,1661.3882,1626.4102,64.205916,2000.0624,1940.4366,79.362456,0,0,0,0,0.81,-1.25,0,0
2025/05/25 03:27:00.138,n,4.765137,83.547368,2.623845,2.332221,0.156003,-0.104597,-0.0705,0.044511,0,-0.142391,-0.528938,-0.131126,4.672004,292.03632,326.14678,-0.255421,1392.1612,1493.6968,63.05236,1745.732,1832.6202,55.378696,0,0,0,0,0.8,-1.24,0,0
2025/05/25 03:28:00.135,n,4.725197,83.219536,2.974096,2.688057,0.155727,-0.070757,-0.123568,0.091636,0.983937,0.21452,-0.517281,-0.12394,4.681946,293.09318,326.83344,0.376076,1310.567,1304.8236,11.593102,1651.21,1642.412,12.561848,0,0,0,0,0.81,-1.23,0,0
2025/05/25 03:29:00.135,n,4.705128,82.652448,3.289323,3.184248,0.145255,-0.035378,-0.13536,0.096119,1.259188,-0.014301,-0.504211,-0.124466,4.685308,294.24002,326.803,0.893744,1571.501,1431.4428,117.66054,1899.2514,1762.6054,113.31196,0,0,0,0,0.81,-1.25,0,0
2025/05/25 03:30:07.027,n,4.665188,82.900784,3.743128,3.504551,0.138576,-0.141513,-0.08178,0.061607,1.967873,0.057827,-0.492203,-0.121483,4.693043,295.31656,327.10568,1.539326,1382.9684,1477.1576,67.288936,1724.7964,1804.5206,57.69922,0,0,0,0,0.8,-1.24,0,0
2025/05/25 03:31:00.136,n,4.685158,82.848888,4.128405,3.947949,0.111715,0,-0.052555,0.057573,2.505812,0.143013,-0.488503,-0.126564,4.699735,295.66916,326.68692,2.000861,1434.7906,1429.9474,36.918832,1766.2016,1761.6856,31.654382,0,0,0,0,0.81,-1.22,0,0
2025/05/25 03:32:00.136,n,4.638577,83.196008,4.723834,4.467236,0.170753,0.035378,-0.035378,0.067126,3.043751,0.157314,-0.478973,-0.119293,4.707485,296.53118,327.37036,2.526756,1644.2998,1575.6652,78.139616,1978.8458,1898.3038,76.86612,0,0,0,0,0.81,-1.23,0,0
2025/05/25 03:33:00.135,n,4.603565,83.377984,5.03906,4.892869,0.128123,0.106135,-0.06486,0.090659,3.607387,0.271725,-0.471733,-0.120354,4.716324,297.2004,327.3191,2.984283,1267.9712,1359.5868,77.631176,1626.6494,1730.6226,83.642096,0,0,0,0,0.8,-1.23,0,0
2025/05/25 03:34:00.135,n,4.618508,83.33096,5.352764,5.247943,0.096351,-0.070757,0.005896,0.087854,4.236696,0.32893,-0.457809,-0.114716,4.724121,298.4429,327.85782,3.564672,1299.5444,1301.9508,10.917876,1606.395,1623.4254,8.763562,0,0,0,0,0.8,-1.24,0,0
2025/05/25 03:35:00.137,n,4.663525,83.017,6.088294,5.732204,0.214104,0,0,0.04475,5.03618,0.529148,-0.450043,-0.100822,4.736274,299.17388,329.15078,4.157811,1296.2008,1326.0388,27.600726,1627.1704,1630.6328,20.668818,0,0,0,0,0.8,-1.24,0,0
2025/05/25 03:36:00.140,n,4.620167,83.451768,6.472048,6.472555,0.166765,0.176891,0.041275,0.084957,5.664917,0.857456,-0.434006,-0.09343,4.756241,300.65842,329.9046,4.466885,1369.7066,1332.528,47.686476,1709.0356,1662.192,44.757124,0,0,0,0,0.8,-1.25,0,0
2025/05/25 03:37:00.135,n,4.590187,82.872464,7.137527,6.944889,0.228854,0.070757,0.106648,0.095162,5.848227,0.771648,-0.434708,-0.101875,4.772861,300.67858,329.23542,4.743747,1418.8716,1409.462,45.33652,1743.7344,1729.8486,39.32938,0,0,0,0,0.81,-1.24,0,0
2025/05/25 03:38:00.135,n,4.705128,82.73888,7.836508,7.48118,0.247584,0.283026,0.142026,0.086662,6.293654,0.886681,-0.450401,-0.103455,4.784072,299.37548,329.14966,5.060027,1598.8066,1504.5694,97.731264,1908.7984,1801.8226,94.737536,0,0,0,0,0.79,-1.24,0,0
2025/05/25 03:39:00.135,n,4.593556,83.040584,8.291835,8.023055,0.252973,0.176891,0.129977,0.062016,6.58204,0.757347,-0.460808,-0.094658,4.800789,298.5567,330.01232,5.458543,1665.4972,1597.5288,60.671244,1976.6718,1903.164,59.272256,0,0,0,0,0.8,-1.24,0,0
2025/05/25 03:40:00.135,n,4.661865,82.499912,8.885742,8.705286,0.219363,0.176891,0.154331,0.017475,6.686544,0.672161,-0.464859,-0.09906,4.808587,298.24432,329.65942,5.648584,1412.9688,1578.9366,107.78312,1785.3642,1910.2026,78.232984,0,0,0,0,0.81,-1.24,0,0
2025/05/25 03:41:00.135,n,4.746826,82.47472,9.619748,9.305282,0.317211,0.106135,0.135873,0.052114,7.171374,0.743668,-0.480911,-0.102051,4.824201,296.93168,329.46976,6.048846,1467.776,1497.2702,99.970992,1837.0048,1822.252,81.912144,0,0,0,0,0.79,-1.25,0,0
2025/05/25 03:42:00.136,n,4.688526,82.655528,10.283704,9.998426,0.266359,0.283026,0.212526,0.073919,7.197071,0.629257,-0.472969,-0.094315,4.838628,297.68906,330.22718,6.18916,1418.104,1480.0566,84.278112,1792.4394,1823.984,59.1236,0,0,0,0,0.83,-1.25,0,0
2025/05/25 03:43:00.136,n,4.828369,82.29532,10.984208,10.756036,0.188604,0.283026,0.288922,0.026632,7.668767,0.857456,-0.487259,-0.104683,4.849789,296.50736,329.36078,6.428735,1320.3536,1345.8048,19.859506,1681.4008,1694.8408,11.081516,0,0,0,0,0.8,-1.23,0,0
2025/05/25 03:44:00.138,n,4.783398,82.043368,11.367962,11.251466,0.109598,0.247648,0.265337,0.048766,7.904044,0.971867,-0.50103,-0.090439,4.86654,295.3977,330.70742,6.521586,1290.8574,1330.4216,58.484184,1644.0796,1677.4522,41.89988,0,0,0,0,0.79,-1.24,0,0
2025/05/25 03:45:00.140,n,4.743458,82.383456,12.066942,11.67659,0.23265,0.353783,0.312508,0.052075,8.270664,0.98679,-0.50721,-0.086746,4.883258,294.94464,331.11692,6.863411,1269.0674,1255.1294,39.428416,1589.8682,1573.251,24.466302,0,0,0,0,0.8,-1.26,0,0
2025/05/25 03:46:00.135,n,4.755127,82.115832,13.046126,12.579378,0.38243,0.424539,0.324301,0.068662,8.388874,0.814552,-0.499802,-0.083939,4.885484,295.59632,331.37708,7.158459,1634.2682,1557.8764,118.0932,1930.1622,1832.9698,116.60532,0,0,0,0,0.79,-1.24,0,0
2025/05/25 03:47:00.135,n,4.611916,83.023304,13.603484,13.318968,0.194968,0.389161,0.359679,0.064914,9.421922,1.100578,-0.498383,-0.078659,4.905533,295.81684,331.9437,7.90162,1506.7314,1391.1316,83.729328,1778.7514,1707.3808,68.899928,0,0,0,0,0.8,-1.23,0,0
2025/05/25 03:48:00.135,n,4.668556,82.751472,14.82632,14.343834,0.343857,0.530674,0.436332,0.082718,9.879912,1.014771,-0.49556,-0.097298,4.911122,296.08828,330.31568,8.46688,1491.0298,1574.7608,59.81806,1851.7456,1881.7562,40.841156,0,0,0,0,0.8,-1.23,0,0
2025/05/25 03:49:00.135,n,4.700196,82.993464,15.875552,15.258296,0.375715,0.459917,0.442228,0.043329,10.54691,1.029072,-0.48497,-0.098,4.928913,297.0911,330.34008,9.130868,1453.4248,1399.1602,113.0982,1785.9376,1723.7448,82.367472,0,0,0,0,0.81,-1.24,0,0
2025/05/25 03:50:00.135,n,4.741799,82.853672,16.43291,16.084688,0.223934,0.424539,0.483503,0.065871,11.783256,1.486092,-0.475624,-0.09185,4.946769,297.98664,330.97326,9.91339,1526.773,1360.9808,88.666792,1813.519,1694.8282,62.341,0,0,0,0,0.81,-1.24,0,0
2025/05/25 03:51:00.135,n,4.861721,82.155184,17.830872,17.24306,0.413517,0.530674,0.595534,0.068662,12.465672,1.486092,-0.46698,-0.101173,4.962318,298.81018,330.2211,10.613774,1599.9928,1613.1152,26.79179,1949.3134,1934.0734,25.953806,0,0,0,0,0.8,-1.23,0,0
2025/05/25 03:52:00.137,n,4.948242,82.076472,18.808532,18.296606,0.327976,0.60143,0.607327,0.014444,13.750558,1.857925,-0.451988,-0.098885,4.99023,300.24328,330.56058,11.53953,1302.4346,1350.9878,79.523584,1652.8906,1717.0518,75.844584,0,0,0,0,0.8,-1.24,0,0
2025/05/25 03:53:00.138,n,4.958203,81.534088,19.961318,19.448884,0.382478,0.742943,0.666291,0.060935,14.72079,1.757816,-0.425552,-0.097298,5.013578,302.64408,330.8155,12.634718,1283.6196,1262.8578,28.583212,1597.9648,1592.1792,21.743966,0,0,0,0,0.81,-1.24,0,0
2025/05/25 03:54:00.140,n,4.981545,81.81168,21.496336,20.886186,0.5376,0.778322,0.725254,0.066187,16.030802,1.929432,-0.409699,-0.098885,5.036959,304.1296,330.78864,13.790556,1525.3916,1376.532,83.658832,1841.523,1686.7884,86.97356,0,0,0,0,0.8,-1.24,0,0
2025/05/25 03:55:00.135,n,4.914944,81.985072,22.577548,22.2174,0.326334,0.742943,0.772425,0.093379,16.580732,1.857925,-0.397202,-0.102051,5.059203,305.31934,330.61612,14.427656,1384.0138,1464.8076,44.024992,1753.8066,1805.6318,25.690466,0,0,0,0,0.81,-1.24,0,0
2025/05/25 03:56:00.136,n,4.921631,82.16148,23.485158,23.113586,0.272879,0.849078,0.8137,0.070757,16.882252,1.886528,-0.394379,-0.096954,5.088188,305.7051,331.21032,14.6983,1292.5914,1302.823,15.159156,1635.9366,1644.7866,13,0,0,0,0,0.81,-1.24,0,0
2025/05/25 03:57:00.135,n,4.996487,82.100104,24.846572,24.24759,0.505198,0.884456,0.87856,0.060935,17.903306,2.14333,-0.393677,-0.086395,5.118232,305.9126,332.29484,15.452696,1395.4156,1360.687,46.972332,1729.628,1676.9716,52.774992,0,0,0,0,0.82,-1.25,0,0
2025/05/25 03:58:00.135,n,4.943264,81.994536,26.380066,25.695298,0.40601,1.130566,1.01392,0.069046,18.819288,2.072445,-0.393677,-0.090973,5.141645,306.02698,332.00266,16.44414,1520.085,1508.0782,48.077024,1809.708,1805.4788,44.658708,0,0,0,0,0.8,-1.24,0,0
2025/05/25 03:59:00.136,n,4.938233,82.350392,28.507468,27.607726,0.713774,1.308996,1.136975,0.101175,21.500416,2.557446,-0.383171,-0.083061,5.172761,307.08792,332.85746,18.64286,1381.436,1415.1412,45.749316,1680.3276,1713.9356,33.226494,0,0,0,0,0.81,-1.23,0,0
2025/05/25 04:00:07.024,n,4.948242,82.418072,30.756692,29.809998,0.751171,1.273617,1.16133,0.068797,24.674938,3.114575,-0.373993,-0.078659,5.209499,308.06158,333.42814,21.26503,1553.8458,1510.796,127.33186,1866.645,1788.2182,116.43712,0,0,0,0,0.82,-1.24,0,0
2025/05/25 04:01:00.139,n,5.08799,81.797512,32.541454,31.789176,0.510438,1.41513,1.28541,0.069567,26.71134,3.671082,-0.370277,-0.07972,5.243995,308.55172,333.50268,22.7497,1565.271,1546.9066,68.312512,1879.2836,1843.627,53.1225,0,0,0,0,0.81,-1.25,0,0
2025/05/25 04:02:00.140,n,5.169533,81.406304,34.256168,33.620128,0.484022,1.378214,1.378727,0.022389,28.432514,4.085819,-0.365692,-0.075325,5.288501,309.16632,334.1109,24.056328,1345.5156,1451.832,97.786496,1698.147,1782.2754,67.533696,0,0,0,0,0.8,-1.24,0,0
2025/05/25 04:03:00.143,n,5.192776,81.120168,36.10946,35.333828,0.571286,1.519727,1.484861,0.054019,29.683708,4.213909,-0.357216,-0.07708,5.327418,310.09008,334.1456,25.189662,1464.6152,1450.3544,81.760624,1822.9244,1776.483,72.321504,0,0,0,0,0.8,-1.24,0,0
2025/05/25 04:04:00.135,n,5.212746,81.010016,37.927724,37.117068,0.589955,1.625862,1.585613,0.034051,30.921194,4.242512,-0.348564,-0.077431,5.366334,311.02914,334.30506,26.407548,1602.5006,1504.1866,88.542648,1893.3208,1820.8356,67.678648,0,0,0,0,0.8,-1.23,0,0
2025/05/25 04:05:00.135,n,5.206105,81.208256,39.56934,39.016292,0.417161,1.592022,1.650729,0.036743,31.9314,4.285416,-0.337097,-0.07251,5.410808,312.23902,334.96,27.381398,1278.1432,1347.227,74.593568,1615.608,1698.6136,65.026144,0,0,0,0,0.81,-1.27,0,0
2025/05/25 04:06:00.135,n,5.266018,80.975392,40.862224,40.297764,0.425735,1.767375,1.756351,0.036251,32.33628,4.342621,-0.322632,-0.069176,5.456405,313.7139,335.47968,27.740204,1621.4854,1450.587,118.6634,1907.2378,1746.0528,107.31076,0,0,0,0,0.81,-1.21,0,0
2025/05/25 04:07:00.136,n,5.405617,80.182824,41.491156,41.240652,0.224479,1.908888,1.874279,0.083591,31.663572,4.399826,-0.316292,-0.074089,5.508616,314.51852,335.2995,27.021544,1532.3618,1595.7846,46.389652,1871.9882,1905.876,36.802172,0,0,0,0,0.8,-1.26,0,0
2025/05/25 04:08:00.136,n,5.423928,79.852888,43.481504,42.58024,0.645144,1.979644,1.938883,0.084485,32.846238,4.656628,-0.303597,-0.070053,5.564159,315.8894,335.9306,27.956066,1395.1866,1423.4062,43.865704,1757.0816,1767.9698,31.375148,0,0,0,0,0.81,-1.25,0,0
2025/05/25 04:09:00.139,n,5.540333,79.353328,45.333268,44.594188,0.628117,2.087317,2.075525,0.079629,34.935748,5.070122,-0.293205,-0.063202,5.611968,317.02316,336.77392,29.635624,1483.4586,1525.7198,65.23036,1835.0874,1853.5834,60.375492,0,0,0,0,0.8,-1.24,0,0
2025/05/25 04:10:00.139,n,5.463612,79.566544,47.533764,46.52666,0.661881,2.193452,2.139103,0.030157,36.371964,4.984314,-0.280167,-0.056,5.655258,318.3637,337.6262,31.163482,1555.6636,1512.5606,53.175184,1864.6464,1833.5256,40.80686,0,0,0,0,0.8,-1.25,0,0
2025/05/25 04:11:00.141,n,5.548573,79.31508,49.557612,48.557108,0.860142,2.156536,2.091419,0.041132,39.475104,5.711815,-0.281044,-0.058632,5.714103,318.57728,337.68188,33.540878,1383.9926,1433.6056,62.774196,1737.3074,1761.483,45.334312,0,0,0,0,0.81,-1.23,0,0
2025/05/25 04:12:00.144,n,5.605263,79.109312,52.27892,51.186032,0.859233,2.26267,2.221396,0.052065,41.79418,5.912033,-0.275055,-0.062149,5.766285,319.35208,337.62624,35.669244,1403.5488,1491.3406,56.725656,1750.143,1810.316,43.749288,0,0,0,0,0.8,-1.25,0,0
2025/05/25 04:13:00.135,n,5.690369,78.922448,54.649972,53.633732,0.727259,2.333427,2.333171,0.091668,43.6033,6.311226,-0.27858,-0.059868,5.828398,319.35288,338.13456,37.07336,1536.1844,1502.8802,63.37034,1842.056,1818.9416,51.185936,0,0,0,0,0.82,-1.25,0,0
2025/05/25 04:14:00.135,n,5.637001,79.09828,56.463668,55.813416,0.55516,2.614915,2.49186,0.072702,44.748276,6.339207,-0.284561,-0.054237,5.887261,319.12546,338.9246,38.178744,1313.6576,1332.0816,49.313284,1661.952,1689.2298,35.535896,0,0,0,0,0.81,-1.26,0,0
2025/05/25 04:15:00.136,n,5.74701,78.670496,57.893608,57.346912,0.449392,2.68721,2.609788,0.081892,45.840712,6.72472,-0.286507,-0.056519,5.952708,319.27966,339.04452,38.886004,1479.729,1392.0294,70.055696,1804.6718,1713.195,62.302488,0,0,0,0,0.81,-1.23,0,0
2025/05/25 04:16:00.137,n,5.868,77.6996,57.161124,57.683964,0.35078,2.614915,2.685928,0.059196,44.123536,6.36781,-0.299713,-0.055817,6.005869,318.39944,339.36908,37.511828,1306.5336,1364.1544,54.007408,1666.7396,1721.9538,42.89522,0,0,0,0,0.8,-1.24,0,0
2025/05/25 04:17:00.139,n,5.932991,77.368544,54.546416,55.50504,0.751821,2.121158,2.180121,0.069568,38.979996,5.312622,-0.302887,-0.05423,6.061305,318.3986,339.78368,33.418716,1273.395,1270.9122,43.762996,1636.9174,1623.7262,35.986108,0,0,0,0,0.79,-1.24,0,0
2025/05/25 04:18:00.140,n,5.864681,77.881584,53.500232,53.732716,0.369226,2.227292,2.216012,0.052586,34.622808,4.341999,-0.322624,-0.056519,6.110064,316.932,339.8212,30.014702,1302.9468,1283.6854,66.568764,1663.7788,1640.3046,55.279288,0,0,0,0,0.81,-1.25,0,0
2025/05/25 04:19:00.144,n,5.854672,78.18212,54.9652,54.27358,0.494896,2.404184,2.351116,0.058143,33.918116,4.085198,-0.335495,-0.061089,6.162154,316.07586,339.6726,29.558514,1365.8618,1369.8486,82.367472,1759.9984,1730.4872,71.00704,0,0,0,0,0.81,-1.27,0,0
2025/05/25 04:20:00.145,n,5.946388,77.43664,56.777372,55.952504,0.57656,2.581075,2.486733,0.076422,35.053388,4.413506,-0.3489,-0.047035,6.214165,315.1735,341.17788,30.338016,1341.1128,1386.1476,105.37646,1738.9892,1755.169,87.063192,0,0,0,0,0.81,-1.23,0,0
2025/05/25 04:21:00.147,n,6.084667,76.756216,58.27432,57.485488,0.612053,2.298049,2.239085,0.048329,35.653572,4.284794,-0.372025,-0.065651,6.260731,313.40344,339.75496,31.062404,1432.8602,1487.4336,59.159108,1811.4682,1837.7946,57.365492,0,0,0,0,0.8,-1.25,0,0
2025/05/25 04:22:00.135,n,6.08794,76.783224,60.226592,59.4601,0.569745,2.47494,2.374702,0.068666,36.632368,4.398583,-0.37114,-0.054054,6.302778,313.68792,340.9928,31.916698,1484.699,1380.2694,72.858768,1825.1104,1750.5254,56.117732,0,0,0,0,0.8,-1.22,0,0
2025/05/25 04:23:00.135,n,6.136231,76.675216,61.968716,61.242832,0.505439,2.47494,2.574666,0.071565,37.153748,4.384903,-0.392334,-0.069695,6.342681,312.05212,339.8014,32.446206,1368.4294,1331.4496,78.085856,1723.7924,1700.7226,54.63698,0,0,0,0,0.8,-1.24,0,0
2025/05/25 04:24:00.138,n,6.107926,76.851464,63.360584,62.758052,0.441057,2.757966,2.698746,0.058038,37.466688,4.198986,-0.396225,-0.061256,6.37475,311.87438,340.70964,32.932732,1202.1838,1235.496,31.371962,1602.167,1609.632,18.005554,0,0,0,0,0.81,-1.25,0,0
2025/05/25 04:25:00.140,n,6.109585,76.884768,69.486952,65.57708,2.40231,2.581075,2.47494,0.089503,42.352676,5.026596,-0.417625,-0.059151,6.407924,310.18746,341.06096,36.967604,1397.0796,1310.763,81.062936,1752.2292,1666.3604,60.913052,0,0,0,0,0.81,-1.24,0,0
2025/05/25 04:26:00.141,n,6.20612,76.37012,84.66352,78.478272,4.851949,3.253262,2.975619,0.188363,57.165976,7.636894,-0.435425,-0.061607,6.46106,308.9111,341.10616,49.155264,1329.4302,1346.4668,68.486496,1716.7502,1710.3594,58.525208,0,0,0,0,0.79,-1.26,0,0
2025/05/25 04:27:00.143,n,6.236099,76.357424,94.242152,90.991664,2.855094,3.676263,3.499371,0.124578,66.67356,9.246724,-0.447754,-0.059677,6.507531,308.07508,341.50808,57.03876,1420.462,1323.9986,77.417056,1791.3668,1700.5766,62.836296,0,0,0,0,0.81,-1.23,0,0
2025/05/25 04:28:00.145,n,6.294354,76.023392,95.981232,95.69164,0.701004,3.676263,3.699848,0.082726,67.864216,9.54643,-0.467331,-0.059853,6.560684,306.64536,341.75628,57.910312,1418.6158,1322.0834,72.503792,1782.9416,1694.201,57.155924,0,0,0,0,0.79,-1.22,0,0
2025/05/25 04:29:00.148,n,6.346085,75.55984,88.044216,92.402312,2.930977,3.605506,3.693952,0.07335,59.401108,8.135575,-0.481613,-0.062492,6.597989,305.59498,341.70696,50.846412,1268.3408,1357.9828,103.39632,1674.0646,1733.858,86.95516,0,0,0,0,0.83,-1.23,0,0
2025/05/25 04:30:07.041,n,6.42255,75.216816,80.544248,82.149576,2.18982,3.074832,3.134052,0.069626,49.81472,6.224797,-0.504555,-0.068466,6.654378,303.89054,341.45656,43.153836,1240.4758,1351.4326,80.069968,1645.0508,1727.2336,62.60032,0,0,0,0,0.8,-1.24,0,0
2025/05/25 04:31:00.136,n,6.402581,75.70896,92.329472,86.579248,4.042064,3.605506,3.393493,0.156138,58.154484,7.480202,-0.521683,-0.066177,6.709663,302.68354,341.93452,50.218776,1320.2708,1375.9214,81.41376,1728.936,1756.2436,74.56004,0,0,0,0,0.81,-1.25,0,0
2025/05/25 04:32:00.137,n,6.457512,75.192992,102.1746,98.853296,2.983025,3.959289,3.829312,0.146101,69.106848,9.531506,-0.544296,-0.06337,6.751635,300.93618,342.39268,59.094416,1381.41,1229.1162,83.743656,1730.432,1605.722,68.196776,0,0,0,0,0.81,-1.24,0,0
2025/05/25 04:33:00.139,n,6.524014,75.250224,103.45988,102.64388,0.682367,4.13618,4.088497,0.048159,69.93488,9.56073,-0.563919,-0.065475,6.802499,299.49164,342.4586,59.875708,1293.7034,1299.065,45.712144,1657.6366,1652.5722,34.420924,0,0,0,0,0.8,-1.24,0,0
2025/05/25 04:34:00.141,n,6.526043,75.147944,103.11266,103.5647,0.242061,4.242315,4.188991,0.048632,69.117696,9.274704,-0.586723,-0.074791,6.841141,297.71124,341.82356,59.331064,1129.4388,1262.847,102.71806,1522.1512,1632.4618,82.979512,0,0,0,0,0.8,-1.24,0,0
2025/05/25 04:35:00.145,n,6.526043,74.968344,90.448768,96.352544,4.26816,3.427077,3.574999,0.117785,57.283048,7.379471,-0.592918,-0.068993,6.890901,297.42318,342.58636,49.379652,1214.7094,1112.8522,53.731744,1575.1658,1488.9956,46.42844,0,0,0,0,0.81,-1.25,0,0
2025/05/25 04:36:00.145,n,6.574288,74.742512,77.414824,82.059984,4.015984,2.967159,3.233265,0.145216,41.845004,4.654763,-0.602654,-0.071976,6.928453,296.76822,342.5086,36.659564,1291.2484,1262.893,51.388712,1645.032,1620.603,51.955748,0,0,0,0,0.81,-1.25,0,0
2025/05/25 04:37:00.146,n,6.604168,74.885632,78.21432,77.583096,0.653715,3.180967,3.092522,0.058123,40.790256,4.25557,-0.609016,-0.075844,6.961569,296.38282,342.33008,36.001516,1358.3584,1259.34,90.30836,1703.1658,1612.6508,73.532304,0,0,0,0,0.8,-1.25,0,0
2025/05/25 04:38:00.150,n,6.627236,74.490776,76.964064,77.883856,0.541987,3.180967,3.163278,0.019355,39.565336,4.041672,-0.619827,-0.073196,6.975484,295.51696,342.63456,34.977032,1211.139,1185.7308,73.135488,1573.8646,1546.9354,60.284324,0,0,0,0,0.8,-1.24,0,0
2025/05/25 04:39:00.152,n,6.655506,74.465336,75.154936,75.206968,0.488141,2.828723,2.868972,0.060528,36.592964,3.485165,-0.637367,-0.07988,7.001999,294.13178,342.17308,32.550312,1369.192,1275.911,73.494216,1714.1732,1627.3824,63.057116,0,0,0,0,0.79,-1.23,0,0
2025/05/25 04:40:00.137,n,6.617275,74.573536,75.920928,75.47372,0.367636,3.039454,2.951265,0.103983,36.892772,3.470863,-0.650482,-0.07988,7.020743,293.09088,342.26672,32.851306,1228.237,1227.1424,68.927496,1603.9726,1592.6552,54.25864,0,0,0,0,0.81,-1.25,0,0
2025/05/25 04:41:00.135,n,6.595642,74.866264,78.074216,77.188176,0.639824,3.180967,3.116363,0.081396,37.792764,3.584652,-0.660584,-0.07917,7.038415,292.3052,342.41788,33.626696,1227.0866,1210.6442,47.31596,1585.7314,1576.8624,47.1487,0,0,0,0,0.8,-1.25,0,0
2025/05/25 04:42:00.135,n,6.577332,75.068168,80.367608,79.492736,0.669655,3.217883,3.223011,0.02645,38.926888,3.67046,-0.673348,-0.084976,7.048332,291.25052,341.95172,34.668056,1199.716,1299.9776,86.453456,1585.3988,1652.8848,77.172528,0,0,0,0,0.79,-1.24,0,0
2025/05/25 04:43:00.135,n,6.530064,75.10192,82.677744,81.750848,0.796967,3.463993,3.364011,0.098139,39.798896,3.613255,-0.685654,-0.082512,7.043958,290.16404,342.14864,35.5825,1348.7224,1264.493,80.805936,1742.745,1642.1686,87.24448,0,0,0,0,0.81,-1.24,0,0
2025/05/25 04:44:00.136,n,6.516781,75.32272,85.150824,83.871896,0.92997,3.182505,3.157638,0.053389,41.127184,3.67046,-0.696266,-0.079697,7.049486,289.27374,342.4264,36.840152,1265.6942,1309.195,71.98472,1624.9774,1668.2178,65.156732,0,0,0,0,0.8,-1.25,0,0
2025/05/25 04:45:00.135,n,6.498982,75.537776,88.703608,87.17112,1.186184,3.393237,3.340938,0.066257,42.950004,3.713364,-0.703171,-0.083908,7.056134,288.70948,342.0854,38.61738,1134.199,1205.9298,81.171424,1498.2704,1566.4406,74.114776,0,0,0,0,0.8,-1.25,0,0
2025/05/25 04:46:00.135,n,6.48077,75.695976,88.878728,88.490664,0.232177,3.147127,3.217883,0.059209,42.598804,3.599575,-0.712364,-0.084267,7.050591,287.88666,342.02596,38.371132,1261.345,1266.6448,63.501184,1631.7242,1625.6654,50.04198,0,0,0,0,0.81,-1.19,0,0
2025/05/25 04:47:00.135,n,6.514019,75.493384,89.123904,88.9838,0.134048,3.251724,3.270438,0.053231,42.390936,3.585274,-0.723686,-0.087776,7.056134,286.93478,341.74184,38.169756,1359.681,1212.9024,88.411536,1701.0776,1573.2488,76.97532,0,0,0,0,0.8,-1.25,0,0
2025/05/25 04:48:00.137,n,6.540631,75.27112,88.391416,88.815528,0.270994,3.393237,3.37606,0.072755,41.661692,3.613876,-0.723152,-0.074944,7.052819,286.96456,342.86512,37.399608,1309.1732,1215.6556,64.981536,1667.8814,1574.7626,59.757844,0,0,0,0,0.8,-1.25,0,0
2025/05/25 04:49:00.135,n,6.538971,75.367944,87.033048,87.52136,0.398238,3.393237,3.423231,0.04145,40.346544,3.385677,-0.736961,-0.08567,7.05503,285.78094,341.9234,36.309576,1338.2874,1251.4438,63.740096,1689.0512,1607.3822,53.605968,0,0,0,0,0.8,-1.25,0,0
2025/05/25 04:50:00.135,n,6.537262,75.345728,86.475696,86.580264,0.136931,3.393237,3.399646,0.060704,39.603592,3.371376,-0.740143,-0.0811,7.05503,285.50574,342.32924,35.573172,1264.4046,1265.8224,85.805592,1649.9702,1635.123,77.739312,0,0,0,0,0.8,-1.17,0,0
2025/05/25 04:51:00.135,n,6.5107,75.55208,86.650816,86.557424,0.160565,3.640885,3.481939,0.085733,39.369456,3.242664,-0.737312,-0.079872,7.047291,285.71206,342.3998,35.469352,1180.118,1238.828,60.932752,1576.4512,1615.3198,35.963872,0,0,0,0,0.81,-1.25,0,0
2025/05/25 04:52:00.135,n,6.497418,75.775608,87.451832,87.085848,0.265165,3.536288,3.500653,0.086168,39.52536,3.171158,-0.745102,-0.087433,7.046218,285.03274,341.72288,35.696532,1210.7884,1250.006,68.18504,1612.937,1627.4678,53.732668,0,0,0,0,0.79,-1.25,0,0
2025/05/25 04:53:00.135,n,6.45245,76.100272,88.461472,88.014528,0.298433,3.640885,3.541415,0.08491,39.812032,3.242664,-0.742798,-0.083565,7.038447,285.19336,342.02772,35.910132,1386.9382,1309.411,89.162776,1750.3248,1678.525,72.409944,0,0,0,0,0.81,-1.25,0,0
2025/05/25 04:54:00.135,n,6.498146,75.740848,88.8102,88.63,0.221853,3.677801,3.594995,0.053001,39.929096,3.156235,-0.751106,-0.08831,7.016094,284.3631,341.49468,36.110064,1157.556,1218.9266,74.248232,1547.978,1588.6802,47.897808,0,0,0,0,0.8,-1.25,0,0
2025/05/25 04:55:00.136,n,6.408352,76.348608,88.913752,88.687104,0.15052,3.145589,3.092522,0.088797,39.889696,3.08535,-0.743675,-0.084091,7.006161,284.95646,341.81996,36.14476,1251.7922,1241.719,64.7611,1621.7354,1605.3278,49.201624,0,0,0,0,0.79,-1.24,0,0
2025/05/25 04:56:00.136,n,6.429981,76.46936,89.958416,89.430512,0.356853,3.110211,3.175071,0.060936,39.994196,3.042446,-0.743492,-0.09095,7.00286,284.95582,341.19432,36.299208,1302.8724,1203.0894,61.888612,1643.918,1557.3232,50.281208,0,0,0,0,0.79,-1.25,0,0
2025/05/25 04:57:00.140,n,6.38506,76.578976,91.525416,90.782264,0.577576,3.357858,3.310175,0.069296,40.515576,3.070427,-0.744377,-0.091118,7.001755,284.87366,341.17384,36.791888,1207.6946,1186.859,61.806148,1570.0802,1544.8068,51.221088,0,0,0,0,0.8,-1.25,0,0
2025/05/25 04:58:00.136,n,6.380078,76.497928,93.683272,92.830232,0.677196,3.463993,3.42195,0.035545,41.492088,3.141934,-0.727036,-0.081802,6.998454,286.35734,341.98468,37.70492,1175.1488,1209.511,43.995452,1562.1954,1571.8588,38.296216,0,0,0,0,0.8,-1.26,0,0
2025/05/25 04:59:00.136,n,6.553078,75.547488,96.50204,95.388088,0.825852,3.674724,3.586279,0.07335,43.365736,3.541748,-0.730042,-0.086548,6.995154,286.08088,341.5468,39.180496,1292.4514,1241.5596,60.163112,1672.7052,1613.0786,52.46904,0,0,0,0,0.8,-1.25,0,0
2025/05/25 05:00:07.035,n,6.509766,76.173704,99.352784,98.188072,0.93039,3.711641,3.657548,0.091942,44.744852,3.641857,-0.728622,-0.091652,6.992944,286.19268,341.08256,40.466024,1294.344,1223.3762,63.058704,1672.065,1595.437,57.168176,0,0,0,0,0.8,-1.24,0,0
2025/05/25 05:01:00.135,n,6.444973,76.420096,102.37866,101.06826,1.000391,3.817776,3.793677,0.053188,45.82358,3.556049,-0.718361,-0.088127,6.997349,287.10226,341.41752,41.6373,1464.9988,1295.8478,109.04036,1833.5898,1671.2596,102.82412,0,0,0,0,0.8,-1.24,0,0
2025/05/25 05:02:00.135,n,6.474903,75.979616,105.47002,104.0576,1.081088,4.099264,3.922629,0.107006,47.980476,4.04105,-0.713593,-0.084618,6.995154,287.50382,341.71824,43.310452,1431.388,1418.8678,28.01785,1805.3066,1776.628,28.227646,0,0,0,0,0.8,-1.24,0,0
2025/05/25 05:03:00.135,n,6.528076,76.07668,108.31924,107.05704,0.909155,4.17002,4.081575,0.062268,49.433824,4.069653,-0.708283,-0.088127,7.00286,288.00164,341.44504,44.744016,1364.9426,1230.8042,82.36504,1734.522,1616.6846,69.715136,0,0,0,0,0.79,-1.25,0,0
2025/05/25 05:04:00.136,n,6.450863,76.221744,112.96998,110.91136,1.526331,4.205398,4.228984,0.131745,52.078976,4.354435,-0.697479,-0.082504,6.996456,288.9042,341.91244,47.109564,1312.3334,1334.188,27.903404,1706.3936,1712.039,16.358484,0,0,0,0,0.8,-1.24,0,0
2025/05/25 05:05:00.139,n,6.509064,76.08976,119.90496,116.57022,2.431885,4.205398,4.086445,0.096643,56.64346,4.868038,-0.682869,-0.08725,7.005332,290.2124,341.53532,51.1798,1133.7986,1120.5234,25.772078,1501.7504,1494.895,32.468444,0,0,0,0,0.79,-1.25,0,0
2025/05/25 05:06:00.140,n,6.470833,76.310856,127.84046,124.57778,2.457451,4.451508,4.339477,0.068688,61.355848,5.296456,-0.658928,-0.083389,7.006372,292.28858,341.88332,55.483852,1215.0256,1164.4796,44.46122,1561.8256,1511.3232,38.015784,0,0,0,0,0.81,-1.25,0,0
2025/05/25 05:07:00.135,n,6.545685,75.929072,136.20538,132.56886,2.597174,4.876047,4.627887,0.151611,66.577048,5.938149,-0.64724,-0.081635,7.019638,293.36572,342.10524,60.073296,1271.173,1265.1042,119.596,1638.248,1637.1986,79.235096,0,0,0,0,0.81,-1.18,0,0
2025/05/25 05:08:00.135,n,6.510723,76.261536,147.27336,142.6079,3.517812,5.157535,4.992949,0.134887,73.058016,6.536938,-0.641388,-0.084793,7.031814,293.93268,341.88544,65.964476,1419.2946,1452.0166,51.361464,1802.6742,1800.7978,58.678788,0,0,0,0,0.81,-1.17,0,0
2025/05/25 05:09:00.135,n,6.477474,76.415736,154.44438,151.8411,2.096873,5.440561,5.287768,0.093408,77.461456,6.778816,-0.637489,-0.079872,7.048364,294.3526,342.40516,70.125024,1096.3942,1086.2668,48.920344,1457.7426,1479.0028,54.99818,0,0,0,0,0.81,-1.25,0,0
2025/05/25 05:10:00.135,n,6.464192,76.761976,160.46872,158.1667,1.805374,5.511318,5.470043,0.093391,80.733064,7.049919,-0.638374,-0.076004,7.061565,294.34182,342.81448,73.120776,1166.7194,1266.2648,110.26696,1546.286,1625.1152,81.435864,0,0,0,0,0.81,-1.24,0,0
2025/05/25 05:11:00.135,n,6.40765,77.065,165.03266,163.3791,1.395305,5.617452,5.688209,0.077497,83.367936,7.220913,-0.639969,-0.072495,7.077041,294.28106,343.20332,75.579544,1132.2746,1264.834,126.1293,1531.3052,1632.2164,96.881368,0,0,0,0,0.81,-1.24,0,0
2025/05/25 05:12:00.139,n,6.475811,76.55392,169.8037,167.87478,1.419727,5.935857,5.893813,0.090115,86.026216,7.847683,-0.650078,-0.066521,7.099087,293.51672,343.844,77.594976,1074.6832,1093.6086,44.28092,1466.2602,1481.6318,31.093408,0,0,0,0,0.79,-1.17,0,0
2025/05/25 05:13:00.135,n,6.495785,76.5714,175.15798,172.82068,1.736556,6.11121,6.017124,0.076646,89.028856,8.247498,-0.649719,-0.063881,7.122269,293.66358,344.19424,80.19552,1034.6296,1040.699,25.015996,1419.4194,1427.6638,24.306378,0,0,0,0,0.79,-1.25,0,0
2025/05/25 05:14:00.138,n,6.545685,76.336296,180.23054,178.27574,1.517605,6.252723,6.206064,0.088077,92.017208,8.603166,-0.646179,-0.063011,7.145453,294.08544,344.38716,82.83088,1070.4386,1071.1134,31.120734,1444.2118,1444.0156,19.042058,0,0,0,0,0.82,-1.25,0,0
2025/05/25 05:15:00.143,n,6.562336,76.234488,183.19854,182.28968,0.829156,6.429614,6.400132,0.075644,93.553936,8.91655,-0.642273,-0.057388,7.167514,294.5336,344.99676,84.052496,1173.9264,1147.7146,28.854808,1542.4716,1502.5702,31.467444,0,0,0,0,0.8,-1.19,0,0
2025/05/25 05:16:00.135,n,6.605274,75.861952,182.30158,182.6465,0.237171,6.429614,6.38834,0.04134,92.702488,8.789082,-0.644592,-0.058075,7.183625,294.41346,345.01628,83.326888,1049.9104,1049.1924,42.177008,1440.0638,1420.7988,33.796448,0,0,0,0,0.8,-1.21,0,0
2025/05/25 05:17:00.135,n,6.68179,75.6454,181.0955,181.4851,0.279509,6.078908,6.131206,0.036435,91.733392,8.731876,-0.647957,-0.055618,7.211182,294.26014,345.3722,82.409176,1272.0428,1169.6916,129.34682,1618.7222,1512.1472,110.06816,0,0,0,0,0.79,-1.16,0,0
2025/05/25 05:18:00.135,n,6.703369,75.601456,179.47216,180.16228,0.524404,6.114286,6.148896,0.049841,90.355992,8.603786,-0.656105,-0.056671,7.237602,293.68738,345.41076,81.152768,1360.8066,1133.2448,130.05614,1689.0142,1503.098,102.99904,0,0,0,0,0.8,-1.25,0,0
2025/05/25 05:19:00.135,n,6.714993,75.850872,178.43816,178.8747,0.357946,6.008151,6.060962,0.029852,89.402896,8.489998,-0.659653,-0.054741,7.265191,293.5184,345.72012,80.307984,1730.8958,1387.8772,198.21554,1789.3564,1792.107,162.45,0,0,0,0,0.8,-1.25,0,0
2025/05/25 05:20:00.135,n,6.794777,74.863032,180.36912,179.45516,0.642262,6.183505,6.154792,0.081227,90.562152,8.802762,-0.667458,-0.051758,7.293872,292.98676,346.12856,81.143696,1137.0786,1355.3692,176.25492,1522.4546,1665.157,102.97572,0,0,0,0,0.8,-1.19,0,0
2025/05/25 05:21:00.137,n,6.842922,74.907552,184.43966,182.66378,1.482186,6.431153,6.307329,0.091576,92.572856,8.945774,-0.678452,-0.055969,7.331346,292.22324,345.94204,83.004592,1363.0306,1260.2462,96.02812,1718.9234,1608.5544,84.743144,0,0,0,0,0.8,-1.18,0,0
2025/05/25 05:22:00.139,n,6.856251,75.048968,185.47366,184.63534,0.612372,6.572665,6.43705,0.081882,92.896072,9.017282,-0.681107,-0.055443,7.365814,292.16598,346.16124,83.253128,1335.6758,1315.1232,32.35738,1721.2242,1685.9942,24.503062,0,0,0,0,0.79,-1.17,0,0
2025/05/25 05:23:00.141,n,6.867871,74.972648,186.88686,186.31832,0.484123,6.537287,6.531391,0.056607,93.502544,9.002358,-0.68689,-0.056496,7.386885,291.77118,346.17316,83.869792,1192.5766,1199.682,82.222872,1585.6938,1583.142,69.519784,0,0,0,0,0.81,-1.17,0,0
2025/05/25 05:24:00.142,n,6.897705,74.67216,188.57566,187.80664,0.553399,6.643422,6.572665,0.063325,94.070736,9.102468,-0.699081,-0.054916,7.422362,290.89428,346.4912,84.324112,1136.5566,1164.3872,48.58086,1501.5186,1514.2234,34.287024,0,0,0,0,0.8,-1.18,0,0
2025/05/25 05:25:00.135,n,6.927117,74.892504,190.84622,190.08024,0.639824,6.6788,6.702386,0.069571,94.767432,8.959454,-0.703323,-0.058258,7.437678,290.60406,346.27116,85.16292,1164.5468,1137.521,19.511536,1508.4028,1485.5886,16.321764,0,0,0,0,0.79,-1.18,0,0
2025/05/25 05:26:00.135,n,6.895573,75.006904,193.57666,192.5462,1.024695,6.537287,6.536774,0.05888,95.786776,9.045262,-0.709518,-0.054741,7.466489,290.21252,346.72788,86.086736,1075.7102,1108.9908,39.809548,1426.824,1457.0558,31.041906,0,0,0,0,0.81,-1.19,0,0
2025/05/25 05:27:00.135,n,7.018475,74.103,196.34366,195.49644,0.883884,6.6788,6.677519,0.059241,97.230984,9.429532,-0.71872,-0.048775,7.497544,289.57214,347.41328,87.131504,1143.578,1105.07,22.625208,1503.192,1462.4376,28.255972,0,0,0,0,0.81,-1.18,0,0
2025/05/25 05:28:00.135,n,7.054997,73.8926,199.38324,197.6789,1.094018,6.784935,6.743148,0.060717,98.145832,9.586224,-0.723846,-0.051231,7.524144,289.26208,347.32856,87.886984,1231.1506,1180.712,107.91756,1620.4802,1542.7626,99.25724,0,0,0,0,0.79,-1.19,0,0
2025/05/25 05:29:00.136,n,7.061638,74.493184,199.901,201.06368,0.788591,6.92491,6.889788,0.062695,98.416512,9.586224,-0.727562,-0.050346,7.552956,289.08514,347.55164,88.153072,1262.8822,1265.6692,72.174792,1661.6628,1632.7204,61.569472,0,0,0,0,0.79,-1.18,0,0
2025/05/25 05:30:07.036,n,7.142937,73.64216,195.5137,196.88984,1.303841,6.748019,6.783654,0.05919,95.321936,9.372948,-0.739594,-0.048416,7.586174,288.2111,347.8898,85.257816,1442.6912,1268.4316,122.01968,1771.2248,1624.1504,96.680912,0,0,0,0,0.81,-1.17,0,0
2025/05/25 05:31:00.139,n,7.152897,73.745816,194.54518,194.63224,0.25,6.854153,6.789806,0.04134,94.109576,9.14475,-0.74437,-0.053162,7.616092,287.94806,347.61848,84.273624,1100.8328,1268.379,121.9131,1508.234,1634.8478,91.315936,0,0,0,0,0.82,-1.21,0,0
2025/05/25 05:32:00.143,n,7.17614,73.876632,195.44518,194.74188,0.447214,6.854153,6.85441,0.05888,94.018776,9.088166,-0.74791,-0.05246,7.642661,287.77526,347.81424,84.23516,1078.0188,1069.2886,38.20602,1439.8868,1443.0172,24.903814,0,0,0,0,0.81,-1.16,0,0
2025/05/25 05:33:00.435,n,7.255017,73.321496,202.97408,199.54414,2.680369,7.031045,6.983874,0.111119,97.73124,9.755974,-0.755859,-0.049477,7.665879,287.2042,348.1958,87.26888,1203.7126,1269.5626,42.990696,1615.0314,1630.65,41.665332,0,0,0,0,0.8,-1.17,0,0
2025/05/25 05:34:00.135,n,7.245056,73.533896,208.80198,206.74308,2.333185,7.064885,7.058988,0.060968,100.98972,10.168846,-0.763115,-0.051056,7.694693,286.72126,348.20024,90.1088,1051.6792,1077.2422,27.763284,1425.745,1441.7462,20.199008,0,0,0,0,0.79,-1.16,0,0
2025/05/25 05:35:00.135,n,7.25829,73.478032,204.04006,208.78344,3.696282,7.135641,7.22383,0.142672,98.144112,9.798878,-0.766838,-0.050888,7.730108,286.57708,348.39304,87.629288,1044.6152,1069.9398,30.098174,1421.7992,1434.855,20.9571,0,0,0,0,0.8,-1.19,0,0
2025/05/25 05:36:00.136,n,7.283192,73.414112,208.31922,203.3091,2.634507,7.241776,7.047196,0.10672,98.581544,9.742294,-0.771439,-0.054047,7.758871,286.3238,348.2572,88.121856,1365.8878,1218.1018,134.4061,1718.8748,1572.1368,122.45162,0,0,0,0,0.8,-1.19,0,0
2025/05/25 05:37:00.136,n,7.34623,73.283168,245.2373,220.77854,13.506944,8.264669,7.594277,0.37146,116.16734,11.83215,-0.778709,-0.053864,7.791018,285.85638,348.435,103.61036,1118.0216,1143.3824,56.586216,1502.6454,1520.8646,41.133928,0,0,0,0,0.8,-1.17,0,0
2025/05/25 05:38:00.138,n,7.36615,73.519536,272.05292,272.15442,5.497727,9.147588,9.224498,0.208698,133.51502,14.430634,-0.781364,-0.051758,7.834174,285.84378,348.83908,118.35478,1081.4502,1103.4106,55.477024,1445.0132,1465.567,39.344632,0,0,0,0,0.8,-1.16,0,0
2025/05/25 05:39:00.141,n,7.345738,73.597024,252.33068,272.51458,11.502718,8.936856,9.48932,0.304688,126.24484,13.689454,-0.790215,-0.052452,7.872713,285.27216,348.9714,111.81764,1109.9396,1166.0564,91.632968,1480.0658,1522.9488,68.425144,0,0,0,0,0.78,-1.18,0,0
2025/05/25 05:40:00.144,n,7.397106,73.62412,206.31822,216.26234,11.816566,6.994128,7.300997,0.392915,97.98936,9.386006,-0.794647,-0.053337,7.901462,285.03344,349.03752,87.86204,1461.0186,1337.058,121.99508,1798.4472,1660.747,118.97984,0,0,0,0,0.82,-1.17,0,0
2025/05/25 05:41:00.146,n,7.46014,72.802592,208.04206,206.03016,1.032291,7.066423,6.983361,0.057569,97.84716,9.485494,-0.80262,-0.054039,7.934684,284.51114,349.14256,87.613088,1255.7104,1205.9972,106.60582,1604.8066,1551.9702,89.906616,0,0,0,0,0.73,-1.18,0,0
2025/05/25 05:42:00.147,n,7.476696,72.8812,212.69738,218.2669,4.580529,7.277154,7.424307,0.164694,101.0154,10.055058,-0.808121,-0.054039,7.96454,284.1856,349.29292,90.206264,1239.1168,1236.7914,46.311984,1597.9482,1587.4062,45.024436,0,0,0,0,0.73,-1.19,0,0
2025/05/25 05:43:00.135,n,7.498226,73.185016,209.00756,208.47356,0.691466,7.135641,7.194861,0.072996,97.73124,9.414608,-0.810608,-0.055267,7.996574,284.13192,349.34528,87.561296,1118.2662,1093.674,26.134268,1455.29,1440.3502,20.909328,0,0,0,0,0.8,-1.2,0,0
2025/05/25 05:44:00.136,n,7.504917,73.068312,213.66286,211.24382,1.510381,7.418667,7.324325,0.076427,99.972648,9.713692,-0.820175,-0.058075,8.020918,283.42694,349.21856,89.496856,1142.0802,1135.4238,68.71608,1488.9922,1477.978,59.150652,0,0,0,0,0.81,-1.18,0,0
2025/05/25 05:45:00.137,n,7.513169,73.037896,326.51252,278.1455,41.875784,11.054936,9.377802,1.310667,161.41302,18.395824,-0.82,-0.054039,8.068451,283.68186,349.81676,142.25122,1360.123,1186.0808,116.52726,1667.185,1503.5442,102.07742,0,0,0,0,0.82,-1.19,0,0
2025/05/25 05:46:00.139,n,7.535549,72.794328,252.98396,291.64188,25.79244,9.042992,10.172276,0.773887,126.18318,13.661472,-0.825699,-0.049644,8.100455,283.35034,350.36848,111.74564,1171.6012,1261.0046,96.790496,1510.5058,1592.3702,75.171808,0,0,0,0,0.82,-1.19,0,0
2025/05/25 05:47:00.142,n,7.590283,72.901792,221.45214,229.70086,7.683587,7.666315,7.854743,0.273237,103.68054,10.069982,-0.830673,-0.052628,8.136947,283.1041,350.28764,92.83252,1320.2054,1180.5172,76.52908,1642.3232,1505.489,72.209416,0,0,0,0,0.74,-1.19,0,0
2025/05/25 05:48:00.144,n,7.646584,72.424552,285.76754,244.39596,26.268564,9.607506,8.307739,0.797748,133.88962,14.08989,-0.831558,-0.052803,8.16674,283.17804,350.42256,119.02098,1382.8818,1270.6848,71.1154,1704.3002,1591.708,73.420704,0,0,0,0,0.72,-1.17,0,0
2025/05/25 05:49:00.145,n,7.711231,72.272944,247.20632,265.63694,14.621262,8.61999,9.184506,0.398093,119.77702,12.562138,-0.835457,-0.050522,8.208712,283.0528,350.83712,106.42996,1085.9736,1164.423,73.251616,1466.8038,1524.1142,48.099896,0,0,0,0,0.73,-1.16,0,0
2025/05/25 05:50:00.149,n,7.681397,72.64452,321.3897,277.30338,30.961266,10.842668,9.41959,0.946951,155.14964,17.056476,-0.835808,-0.054031,8.252914,283.24566,350.74868,137.31138,1146.125,1155.2494,68.27664,1516.8916,1502.4864,62.332976,0,0,0,0,0.81,-1.2,0,0
2025/05/25 05:51:00.150,n,7.717709,72.359672,345.45964,343.015,6.986594,11.83172,11.7725,0.250731,175.64668,20.148044,-0.838799,-0.049995,8.300189,283.22608,351.34624,154.70984,1251.4066,1295.5044,62.41314,1594.1284,1621.1416,61.562976,0,0,0,0,0.74,-1.19,0,0
2025/05/25 05:52:00.136,n,7.785626,71.970176,412.52984,385.68684,22.569062,13.594482,12.747454,0.738602,209.06798,24.629948,-0.840393,-0.046486,8.364249,283.41218,351.98192,183.64414,1284.4106,1166.505,61.314764,1617.917,1512.8358,51.9288,0,0,0,0,0.74,-1.17,0,0
2025/05/25 05:53:00.140,n,7.838604,71.760896,425.2044,423.31936,2.655184,14.088238,14.010816,0.110043,217.97024,25.810116,-0.842697,-0.043327,8.452544,283.65976,352.7094,191.36074,1270.9502,1216.905,72.882096,1595.8636,1540.2588,63.929648,0,0,0,0,0.74,-1.18,0,0
2025/05/25 05:54:00.139,n,7.959503,70.996,422.8958,422.42528,1.541104,14.157456,14.06337,0.076227,214.24064,25.227494,-0.845894,-0.042625,8.529764,283.77448,353.16296,188.20986,1187.5244,1204.3422,77.453208,1446.0034,1512.7184,63.80752,0,0,0,0,0.74,-1.19,0,0
2025/05/25 05:55:00.140,n,8.023037,70.767736,426.96936,427.0148,1.414214,14.228212,14.275128,0.088112,215.42674,25.213192,-0.850334,-0.042801,8.609458,283.79456,353.55156,189.40602,1218.9732,1215.2948,79.576376,1521.685,1481.7572,75.013328,0,0,0,0,0.75,-1.2,0,0
2025/05/25 05:56:00.145,n,8.119374,70.819008,447.40732,438.22616,7.829432,14.932702,14.575074,0.255458,225.9411,26.39336,-0.853355,-0.042801,8.707582,284.03118,354.04956,198.73718,1181.6564,1164.222,49.878852,1478.9452,1463.1722,39.433488,0,0,0,0,0.73,-1.16,0,0
2025/05/25 05:57:00.145,n,8.205044,70.121664,451.33012,451.80932,1.99374,15.286484,15.210344,0.128657,228.62394,26.634616,-0.855644,-0.047356,8.778646,284.19428,354.00612,201.18104,1144.7234,1149.464,62.679344,1455.4536,1453.8344,45.250416,0,0,0,0,0.71,-1.17,0,0
2025/05/25 05:58:00.148,n,8.26984,69.993536,435.24444,437.29796,6.440109,14.26513,14.393826,0.227932,218.03306,24.985614,-0.861862,-0.044899,8.872334,284.13278,354.70068,192.23046,1128.5272,1185.2706,66.299324,1445.1238,1477.3028,49.128404,0,0,0,0,0.74,-1.18,0,0
2025/05/25 05:59:00.151,n,8.366131,69.907112,455.2484,449.86524,5.380521,15.004996,14.822466,0.248088,229.06252,26.520828,-0.862396,-0.045074,8.972548,284.59656,355.19508,201.72436,1220.12,1146.7188,73.839688,1504.74,1432.8892,56.947344,0,0,0,0,0.74,-1.19,0,0
2025/05/25 06:00:07.057,n,8.47731,69.649344,481.82492,473.2808,8.20975,16.132486,15.710254,0.285001,243.52346,28.367562,-0.866829,-0.048584,9.087014,284.7965,355.46676,214.33768,1134.4614,1126.5224,71.802504,1448.5314,1422.2236,66.846092,0,0,0,0,0.73,-1.18,0,0
2025/05/25 06:01:00.138,n,8.532746,68.91668,450.58244,463.33292,12.755392,15.111132,15.469016,0.321776,226.19922,25.810116,-0.871254,-0.046303,9.165044,284.81174,356.0674,199.56414,1224.0014,1220.3058,78.34412,1525.0744,1506.8934,66.379212,0,0,0,0,0.76,-1.19,0,0
2025/05/25 06:02:00.135,n,8.64388,68.751304,455.44332,451.19516,2.66927,14.969618,14.763246,0.112782,227.6046,26.008468,-0.876053,-0.049286,9.266242,284.9133,356.3192,200.76936,959.64872,1042.3828,53.823788,1272.4128,1336.127,42.475876,0,0,0,0,0.75,-1.2,0,0
2025/05/25 06:03:00.265,n,8.682618,68.408104,453.04332,461.39048,4.639505,15.109594,15.29238,0.145824,228.22134,26.108578,-0.881043,-0.053505,9.361994,284.9712,356.434,201.28522,1253.375,1153.6062,141.67004,1541.7908,1425.9974,132.36088,0,0,0,0,0.74,-1.19,0,0
2025/05/25 06:04:00.135,n,8.75723,67.833552,421.90748,432.24196,9.055386,14.085162,14.303072,0.230224,209.76982,23.293088,-0.884773,-0.055084,9.454316,285.12078,356.76604,185.64704,1077.9122,1236.925,115.48248,1389.5942,1528.4918,95.15776,0,0,0,0,0.73,-1.18,0,0
2025/05/25 06:05:00.135,n,8.772446,67.918672,412.22072,423.37596,6.389445,13.874432,14.156176,0.154443,205.02886,22.58113,-0.887405,-0.057716,9.519842,285.22858,356.8678,181.61804,1005.505,976.98672,31.595886,1232.6138,1241.5354,24.132966,0,0,0,0,0.75,-1.19,0,0
2025/05/25 06:06:00.135,n,8.810532,68.028096,389.6538,396.11064,5.156307,12.886916,13.062782,0.178426,191.31372,20.474488,-0.889542,-0.058594,9.587928,285.39266,357.13876,170.00828,1257.3426,1266.5644,56.057112,1499.122,1484.437,54.983636,0,0,0,0,0.73,-1.19,0,0
2025/05/25 06:07:00.135,n,8.898374,68.044256,391.18272,388.9962,1.161895,13.097648,13.009716,0.072786,190.21558,20.175404,-0.888832,-0.059647,9.659268,285.81994,357.41116,169.211,1248.6498,1291.6616,51.139028,1484.4354,1500.4734,43.549972,0,0,0,0,0.73,-1.2,0,0
2025/05/25 06:08:00.137,n,8.897202,68.120528,410.98568,401.8918,6.73888,13.943648,13.52116,0.308173,200.55348,21.315156,-0.887947,-0.062973,9.720848,286.21256,357.4318,178.41334,1053.304,1190.8586,85.803264,1267.0464,1397.5574,80.631256,0,0,0,0,0.73,-1.19,0,0
2025/05/25 06:09:00.139,n,8.983384,67.580976,431.13128,416.94228,8.117111,14.297432,13.756248,0.282073,209.70356,22.311272,-0.888657,-0.064201,9.794354,286.52856,357.70008,186.56784,882.5944,900.77376,20.122128,1082.5306,1113.1498,21.720956,0,0,0,0,0.75,-1.18,0,0
2025/05/25 06:10:00.135,n,9.033044,66.615648,446.98552,444.44596,4.32724,14.932702,14.756066,0.186717,221.2864,23.904312,-0.884216,-0.059814,9.85138,287.20578,358.3828,196.55768,1054.8114,1155.205,89.415888,1276.8608,1367.022,90.724864,0,0,0,0,0.75,-1.2,0,0
2025/05/25 06:11:00.135,n,9.094388,66.926224,461.3702,453.71768,5.059644,15.495678,15.184964,0.243068,226.82282,24.27428,-0.882957,-0.059814,9.92149,287.67518,358.74324,201.72538,1156.1346,1123.2652,80.246496,1399.6494,1366.256,86.536696,0,0,0,0,0.73,-1.18,0,0
2025/05/25 06:12:00.134,n,9.18213,67.297216,493.4944,484.68252,9.949874,16.166328,15.889966,0.332926,244.6793,26.47668,-0.8787,-0.056999,10.007934,288.4884,359.43828,217.38092,1236.9434,1102.4038,94.775528,1447.8394,1315.4896,90.270704,0,0,0,0,0.74,-1.18,0,0
2025/05/25 06:13:00.136,n,9.26683,66.786064,520.7212,506.23368,11.490214,17.189218,16.683158,0.380333,257.68118,28.05231,-0.877266,-0.05455,10.089404,289.03222,360.07552,228.80616,1203.2398,1084.5146,81.6566,1399.3644,1286.2446,77.353728,0,0,0,0,0.74,-1.19,0,0
2025/05/25 06:14:00.135,n,9.389244,66.914728,558.157,539.57868,13.106298,18.279792,17.53403,0.480427,277.4296,30.578666,-0.874245,-0.055779,10.192988,289.82766,360.50052,246.03248,1160.031,1093.6992,84.505624,1365.876,1302.4092,71.484264,0,0,0,0,0.74,-1.19,0,0
2025/05/25 06:15:00.136,n,9.458776,66.093484,585.72644,578.76912,8.495588,19.23039,18.955058,0.318075,293.75848,32.662304,-0.873535,-0.052437,10.297666,290.42936,361.3376,260.27508,1174.0462,1129.7912,76.149192,1381.02,1338.3408,65.58506,0,0,0,0,0.75,-1.19,0,0
2025/05/25 06:16:00.136,n,9.510732,65.093172,589.64924,590.48152,2.783882,19.513416,19.413434,0.112457,296.15924,32.534836,-0.876923,-0.055603,10.374472,290.53324,361.45332,262.8031,1182.806,1134.6654,63.964056,1389.0258,1334.8522,59.020336,0,0,0,0,0.73,-1.21,0,0
2025/05/25 06:17:00.140,n,9.56371,64.515244,588.15228,575.32164,9.463086,19.125794,18.719968,0.315068,290.07,31.239636,-0.880653,-0.056305,10.470252,290.70574,361.88624,258.00604,1021.5548,1071.5356,62.67376,1237.1322,1265.5962,47.212288,0,0,0,0,0.74,-1.19,0,0
2025/05/25 06:18:00.141,n,9.669522,65.240288,605.66792,598.48908,4.544227,19.724148,19.530336,0.192765,301.74592,32.534836,-0.879402,-0.054016,10.582504,291.39508,362.6706,268.38568,978.87992,952.61328,55.305516,1170.5366,1141.8424,43.205324,0,0,0,0,0.73,-1.19,0,0
2025/05/25 06:19:00.135,n,9.768346,64.54206,610.3156,616.74452,5.417564,20.14715,20.223032,0.171733,306.48002,33.00367,-0.881683,-0.056999,10.666624,291.63386,362.84176,272.65168,1200.5894,996.17096,141.51396,1396.556,1189.6146,140.04356,0,0,0,0,0.74,-1.21,0,0
2025/05/25 06:20:00.135,n,9.826256,63.42756,652.12352,621.29756,19.159852,21.202344,20.163044,0.648917,324.30564,35.222236,-0.880264,-0.057182,10.772144,292.30408,363.373,288.26032,1066.0716,1148.0382,111.04774,1294.1288,1355.4288,82.896328,0,0,0,0,0.76,-1.2,0,0
2025/05/25 06:21:00.136,n,9.88073,63.569988,700.5832,688.29416,12.461942,22.878966,22.41392,0.449718,354.30456,39.015812,-0.875298,-0.055771,10.883318,293.31118,364.0758,314.46924,934.20432,985.02768,74.558704,1156.522,1201.4642,65.132172,0,0,0,0,0.71,-1.2,0,0
2025/05/25 06:22:00.135,n,9.948452,63.37248,730.37288,720.62008,9.654016,23.692668,23.310942,0.373434,371.8738,41.215724,-0.868019,-0.052086,11.006326,294.58036,365.0426,329.84216,1004.4728,977.83736,72.877984,1197.9382,1177.2876,63.857656,0,0,0,0,0.76,-1.21,0,0
2025/05/25 06:23:00.135,n,10.090446,63.278652,682.40968,708.83208,16.330952,22.314454,23.01612,0.436997,351.05524,38.249136,-0.853806,-0.045769,11.135734,296.48388,366.2776,311.99804,1092.1024,1015.0648,79.541184,1272.8014,1213.311,65.728224,0,0,0,0,0.75,-1.18,0,0
2025/05/25 06:24:00.137,n,10.210904,62.349452,656.15752,647.76464,13.805796,21.183886,20.855226,0.473466,329.33612,35.208556,-0.831986,-0.052963,11.24324,298.93182,366.19904,293.34858,1089.2378,977.91648,72.480336,1283.07,1184.2058,61.66036,0,0,0,0,0.76,-1.22,0,0
2025/05/25 06:25:00.138,n,10.23547,61.835568,718.64248,693.76688,16.635806,23.305044,22.4634,0.555073,366.49728,39.782484,-0.809471,-0.049629,11.363412,301.50672,367.12248,325.95496,1066.3144,988.82376,91.662424,1275.089,1197.6496,84.934088,0,0,0,0,0.74,-1.2,0,0
2025/05/25 06:26:00.141,n,10.413136,62.178048,721.1232,720.38816,2.617251,23.340422,23.211214,0.104816,370.70888,39.852748,-0.792618,-0.050858,11.508332,303.72226,367.771,330.11438,1143.3294,1057.5464,67.934528,1355.3552,1272.4758,64.724028,0,0,0,0,0.77,-1.22,0,0
2025/05/25 06:27:00.142,n,10.49722,62.70886,742.20984,739.7348,7.723342,23.941852,23.73625,0.329091,384.78832,41.76788,-0.789963,-0.047874,11.657274,304.73176,368.81572,342.27836,1161.6214,1105.48,74.21388,1374.4186,1317.9098,61.626292,0,0,0,0,0.76,-1.2,0,0
2025/05/25 06:28:00.136,n,10.601026,60.776092,749.3032,754.89032,7.886698,24.260256,24.443044,0.311953,390.84788,42.222412,-0.780396,-0.052429,11.789686,306.2535,369.10536,347.89748,1048.43,1073.4362,41.8569,1272.9878,1292.4452,36.513012,0,0,0,0,0.76,-1.24,0,0
2025/05/25 06:29:00.135,n,10.734914,60.595496,773.74016,754.81392,11.34901,25.320066,24.63711,0.425677,401.90132,43.015824,-0.768364,-0.047699,11.929642,308.02918,370.26036,358.16484,1045.1258,1104.9266,99.03484,1283.4614,1311.905,86.491616,0,0,0,0,0.75,-1.22,0,0
2025/05/25 06:30:07.030,n,10.837452,59.585976,824.27696,810.42496,11.33799,26.770574,26.199136,0.482911,433.39128,46.96858,-0.753143,-0.060852,12.061902,310.0413,369.78768,385.7304,1029.5068,1093.7488,56.4234,1252.5748,1302.7714,46.462888,0,0,0,0,0.74,-1.19,0,0
2025/05/25 06:31:00.135,n,10.875488,59.088224,860.56912,845.76216,11.26499,27.93652,27.547358,0.362284,451.45448,49.161652,-0.728554,-0.058754,12.17878,312.78384,370.58944,401.623,929.1332,997.63424,55.432844,1139.544,1207.524,53.85536,0,0,0,0,0.76,-1.21,0,0
2025/05/25 06:32:00.137,n,10.968572,59.168576,875.56144,868.46808,4.701064,28.642546,28.395154,0.236552,460.829,49.882312,-0.711243,-0.047516,12.315672,315.00312,372.30928,410.28296,1077.1522,987.38568,85.24728,1268.0504,1188.988,73.04656,0,0,0,0,0.74,-1.21,0,0
2025/05/25 06:33:00.138,n,11.125604,59.6091,878.132,875.45608,1.67332,28.396436,28.219546,0.106891,464.95888,50.70184,-0.704155,-0.042252,12.46628,316.41144,373.57204,413.59516,1016.8758,971.56592,66.264616,1226.9122,1179.713,56.770592,0,0,0,0,0.74,-1.22,0,0
2025/05/25 06:34:00.140,n,11.291524,57.72054,870.46304,877.01704,4.32435,28.502572,28.514104,0.092174,462.4,50.163988,-0.691895,-0.049614,12.622692,318.29916,373.74528,411.59376,951.24872,917.41304,66.135468,1161.2316,1117.8968,63.591668,0,0,0,0,0.76,-1.22,0,0
2025/05/25 06:35:00.143,n,11.35843,57.976288,874.80312,866.11256,5.167205,28.290302,28.066238,0.149544,464.79444,49.882312,-0.685181,-0.050667,12.773916,319.68112,374.45296,414.2776,1078.478,948.8684,66.423636,1262.3998,1150.1198,58.000864,0,0,0,0,0.73,-1.21,0,0
2025/05/25 06:36:00.144,n,11.476174,58.338564,897.47504,883.23752,19.333908,29.104002,28.521286,0.683868,481.56532,52.06668,-0.678055,-0.043823,12.942372,321.19144,375.95464,428.8644,1018.6418,1087.3926,66.21254,1238.8832,1297.2694,58.872744,0,0,0,0,0.75,-1.22,0,0
2025/05/25 06:37:00.135,n,11.662598,57.898232,660.94072,775.1224,82.32436,21.543822,24.994996,2.49338,356.1828,35.5493,-0.691536,-0.04908,13.105516,320.89242,376.35496,319.99102,1231.979,1094.5944,97.962744,1420.2192,1293.925,85.607248,0,0,0,0,0.73,-1.22,0,0
2025/05/25 06:38:00.135,n,11.715332,57.472044,553.70728,611.15248,37.236408,18.538208,20.123564,1.051668,289.07352,27.097232,-0.70713,-0.066986,13.20598,320.07816,375.29944,261.33616,1029.8724,1021.2056,73.872184,1238.5908,1224.1788,63.099924,0,0,0,0,0.76,-1.22,0,0
2025/05/25 06:39:00.137,n,11.78296,57.34616,488.88936,509.45396,15.975764,16.229392,16.7634,0.411297,248.80178,22.066906,-0.724159,-0.082962,13.283632,319.0187,374.29424,226.09366,1090.6008,1029.967,94.380616,1294.4648,1230.8052,82.606296,0,0,0,0,0.73,-1.21,0,0
2025/05/25 06:40:00.136,n,11.730038,56.010896,455.1616,467.17904,9.414086,15.558744,15.770758,0.179313,230.84478,20.158616,-0.738945,-0.105446,13.310472,317.88266,372.44044,210.05268,1016.4094,1054.4352,84.901712,1268.8224,1276.209,82.190024,0,0,0,0,0.76,-1.19,0,0
2025/05/25 06:41:00.137,n,11.675594,57.385016,432.35716,442.44164,8.351647,14.534312,14.840154,0.19918,220.32472,18.564332,-0.744957,-0.099472,13.361854,317.63662,373.24504,201.11492,999.60408,1026.8072,95.07944,1220.526,1244.1814,76.267952,0,0,0,0,0.76,-1.22,0,0
2025/05/25 06:42:00.140,n,11.664014,57.763852,418.8892,423.79348,3.761649,14.428178,14.487142,0.073121,212.82212,17.38292,-0.745308,-0.104202,13.399102,317.80508,373.02376,194.7981,1042.9714,1065.61,89.541056,1257.2682,1271.693,76.211544,0,0,0,0,0.73,-1.22,0,0
2025/05/25 06:43:00.141,n,11.716748,57.772004,413.55624,415.02852,1.23996,13.86674,13.812904,0.043917,210.22382,17.070156,-0.747078,-0.100861,13.43078,317.82108,373.48964,192.50744,917.76248,927.49104,58.864252,1136.9204,1135.5314,46.98936,0,0,0,0,0.74,-1.25,0,0
2025/05/25 06:44:00.147,n,11.665414,57.316072,412.673,412.8202,0.316228,14.042092,13.9598,0.069351,209.3044,16.813354,-0.750084,-0.102791,13.423124,317.52012,373.27728,191.84376,1073.7738,1012.2124,73.139592,1290.9268,1228.9988,65.380424,0,0,0,0,0.75,-1.2,0,0
2025/05/25 06:45:00.148,n,11.673714,57.652596,412.87856,412.56692,0.193649,13.829824,13.694974,0.093359,209.38036,16.727548,-0.752739,-0.101395,13.44938,317.43054,373.5414,192.00148,929.54744,970.99856,83.521256,1169.9554,1186.283,71.337224,0,0,0,0,0.75,-1.22,0,0
2025/05/25 06:46:00.135,n,11.634724,57.710396,414.47452,413.76744,0.460977,14.040554,13.953136,0.075745,209.40776,16.485668,-0.769562,-0.100166,13.442668,315.93946,373.61464,192.25268,970.05376,1068.8136,65.44616,1212.9554,1287.9122,62.090256,0,0,0,0,0.73,-1.21,0,0
2025/05/25 06:47:00.135,n,11.600156,57.571576,417.5034,415.78844,1.20416,14.075934,13.964158,0.103172,210.36544,17.01295,-0.781769,-0.101929,13.426252,314.79584,373.37048,192.67264,1090.6278,1053.575,66.360384,1326.863,1271.2372,66.94774,0,0,0,0,0.71,-1.17,0,0
2025/05/25 06:48:00.136,n,11.586362,56.80736,423.17296,420.712,1.795829,14.428178,14.328452,0.089759,212.7736,17.084458,-0.801247,-0.102798,13.425014,313.1044,373.28672,194.9907,870.5224,1023.7424,106.24454,1105.8694,1247.8316,95.614856,0,0,0,0,0.75,-1.2,0,0
2025/05/25 06:49:00.138,n,11.62425,58.039344,431.614,427.68588,2.810694,14.392798,14.17489,0.136663,216.86696,17.540234,-0.813828,-0.100685,13.441414,312.10358,373.56188,198.61358,773.40512,863.03544,71.52552,996.89632,1071.5212,54.533476,0,0,0,0,0.73,-1.19,0,0
2025/05/25 06:50:00.139,n,11.66341,56.803548,446.7114,439.88124,4.878525,15.097288,14.744532,0.207642,223.85274,18.26649,-0.828346,-0.096291,13.420144,310.73406,373.8386,204.85418,1091.1444,884.26248,157.00668,1294.9486,1086.9484,155.22114,0,0,0,0,0.75,-1.21,0,0
2025/05/25 06:51:00.141,n,11.702912,58.071368,466.9666,458.01692,6.542171,15.466452,15.1642,0.235051,233.62014,19.434224,-0.829056,-0.094002,13.438744,310.7721,374.14128,213.45086,838.26792,948.7136,101.32176,1044.139,1151.5272,96.739344,0,0,0,0,0.86,-1.13,0,0
2025/05/25 06:52:00.143,n,11.754944,56.580068,497.6974,482.64748,9.90202,16.5278,16.050194,0.330867,247.87322,20.827668,-0.825317,-0.093651,13.438744,311.09548,374.17244,226.3139,1197.997,1089.9104,144.56176,1419.1508,1293.0808,151.52558,0,0,0,0,0.72,-1.23,0,0
2025/05/25 06:53:00.145,n,11.766518,56.784756,541.28096,528.18512,12.26173,17.661442,17.177428,0.418738,272.15186,23.799228,-0.824432,-0.088913,13.451856,311.24194,374.66308,247.61712,763.36904,858.04,116.73304,976.048,1087.7688,113.44734,0,0,0,0,0.74,-1.22,0,0
2025/05/25 06:54:00.150,n,11.816842,57.163576,561.9352,546.45656,11.52389,18.473604,17.92037,0.357502,280.4345,24.52362,-0.826378,-0.08873,13.461724,311.12644,374.73216,255.17324,970.306,1048.792,80.67776,1216.195,1265.6418,86.610624,0,0,0,0,0.74,-1.19,0,0
2025/05/25 06:55:00.135,n,11.8811,56.34502,621.5024,593.47508,19.801516,19.817978,18.998894,0.599601,305.99288,27.32108,-0.831337,-0.080826,13.485714,310.82554,375.5622,277.92132,1008.5064,904.03048,64.779624,1209.2388,1120.7484,54.375544,0,0,0,0,0.75,-1.18,0,0
2025/05/25 06:56:00.136,n,11.957192,57.008532,609.26336,617.87468,16.440804,19.817978,19.953594,0.483719,307.09332,27.689804,-0.846939,-0.078369,13.525814,309.69012,375.99464,278.63494,866.20016,862.3376,89.599104,1062.2438,1083.9332,80.75828,0,0,0,0,0.73,-1.21,0,0
2025/05/25 06:57:00.138,n,11.965394,56.410928,671.098,636.383,24.92589,21.44384,20.395566,0.749316,330.48166,30.58675,-0.871773,-0.072754,13.577134,307.81622,376.76768,299.09588,839.69472,927.85288,135.35362,1057.5524,1147.2972,106.00566,0,0,0,0,0.75,-1.22,0,0
2025/05/25 06:58:00.135,n,12.041634,56.422708,661.92908,684.50736,46.904156,21.337706,22.009378,1.184536,329.80896,30.62841,-0.893753,-0.073463,13.62028,306.14544,376.93524,298.36026,1148.078,1062.7164,105.00286,1349.532,1254.5956,101.9902,0,0,0,0,0.73,-1.21,0,0
2025/05/25 06:59:00.141,n,12.107502,57.27368,608.98468,652.49892,26.443336,19.74722,20.978028,0.733144,307.13386,28.478862,-0.920754,-0.068016,13.697794,304.22452,377.8338,277.80228,906.84232,1014.6304,112.05,1106.14,1214.4908,99.286456,0,0,0,0,0.75,-1.22,0,0
2025/05/25 07:00:07.038,n,12.247396,56.319484,573.5498,602.7824,21.680638,18.862764,19.699538,0.605113,278.16742,25.403462,-0.943855,-0.070824,13.740324,302.45386,377.8122,251.89094,884.1924,865.8384,33.99706,1100.2288,1068.6582,25.764316,0,0,0,0,0.74,-1.22,0,0
2025/05/25 07:01:00.147,n,12.316342,56.502736,503.04716,523.93916,19.549936,16.707768,17.319452,0.611714,243.89124,21.424592,-0.956123,-0.076439,13.77777,301.5932,377.51408,221.58698,785.4004,855.29712,87.11372,1016.9046,1091.5466,76.095992,0,0,0,0,0.74,-1.22,0,0
2025/05/25 07:02:00.148,n,12.426544,55.427884,493.9284,496.84032,3.424179,16.389362,16.418846,0.116927,238.7734,20.926532,-0.970352,-0.08416,13.824648,300.61352,377.0796,216.96066,916.29496,957.08352,143.56566,1155.3608,1161.5258,136.76402,0,0,0,0,0.73,-1.22,0,0
2025/05/25 07:03:00.151,n,12.377422,56.521044,478.54168,481.30312,4.626014,15.929446,16.04763,0.108366,229.96764,19.631954,-0.980148,-0.087502,13.851508,299.91006,376.9268,209.44302,1034.855,1001.2606,65.509544,1232.516,1201.3302,54.027772,0,0,0,0,0.74,-1.23,0,0
2025/05/25 07:04:00.137,n,12.339582,57.09556,471.95392,471.446,1.739253,15.61258,15.55336,0.042791,226.93874,19.57537,-0.989403,-0.094337,13.852584,299.11526,376.32544,206.4683,1086.6534,961.25736,100.69658,1282.3564,1172.048,90.344336,0,0,0,0,0.73,-1.22,0,0
2025/05/25 07:05:00.139,n,12.367062,57.147304,490.12284,478.33228,7.317787,16.284768,15.859972,0.246954,234.02446,20.414794,-1.000618,-0.092407,13.871006,298.2439,376.59568,212.70144,855.00736,901.63944,76.948688,1072.1098,1117.7628,64.332724,0,0,0,0,0.75,-1.21,0,0
2025/05/25 07:06:00.141,n,12.413156,56.220644,528.68408,514.76668,8.353143,17.45225,16.939264,0.320255,250.81534,22.3349,-1.00489,-0.09346,13.868774,297.86236,376.4902,227.56902,890.84264,905.06128,91.902664,1118.3778,1112.858,82.740552,0,0,0,0,0.71,-1.21,0,0
2025/05/25 07:07:00.142,n,12.383514,56.713808,612.68212,564.20796,38.38522,19.996406,18.494626,1.13756,288.53672,26.269622,-1.003464,-0.087494,13.89609,298.1323,377.1666,261.35114,1063.6986,966.238,56.006248,1266.8176,1167.1008,54.965444,0,0,0,0,0.76,-1.21,0,0
2025/05/25 07:08:00.144,n,12.387044,56.378272,886.97208,746.92096,93.466568,28.474884,24.042348,2.738274,435.34428,43.577928,-0.99189,-0.082054,13.94007,299.36942,377.88564,390.85652,1092.626,893.07576,135.6761,1282.5632,1099.0112,116.76814,0,0,0,0,0.74,-1.23,0,0
2025/05/25 07:09:00.147,n,12.495586,56.3062,772.0452,820.4036,65.433176,24.838614,26.197854,1.868348,378.45984,36.330276,-0.995102,-0.069763,14.030526,299.5772,379.46284,341.20424,1091.336,969.44672,109.09492,1285.5004,1166.2212,104.27128,0,0,0,0,0.75,-1.21,0,0
2025/05/25 07:10:00.149,n,12.62338,56.230264,846.03064,710.11864,75.809304,26.992074,22.918702,2.233665,404.62812,39.381428,-0.999176,-0.072395,14.089902,299.54392,379.5482,364.31988,836.59424,907.9228,60.19136,1054.0058,1114.4408,49.784536,0,0,0,0,0.75,-1.22,0,0
2025/05/25 07:11:00.135,n,12.68588,54.749112,985.42184,908.54984,78.71976,31.051344,28.751244,2.391207,498.33052,51.230988,-0.991524,-0.067657,14.175962,300.66864,380.43172,446.17564,1036.1382,980.79648,101.72512,1241.957,1170.2554,93.043,0,0,0,0,0.75,-1.2,0,0
2025/05/25 07:12:00.136,n,12.825528,56.17294,1049.4174,1042.7606,8.689074,33.415534,33.056884,0.346297,536.4102,55.4393,-0.992592,-0.059937,14.32186,301.36176,381.90296,480.03824,969.26352,908.99464,55.326304,1186.7134,1123.376,52.41374,0,0,0,0,0.76,-1.23,0,0
2025/05/25 07:13:00.138,n,12.943448,53.933044,1051.947,1050.8712,1.378405,33.484752,33.43835,0.056768,537.12976,56.005756,-0.999535,-0.063972,14.424088,301.31232,382.09564,480.18844,999.47984,925.42312,119.92832,1198.4154,1122.0092,100.59374,0,0,0,0,0.77,-1.24,0,0
2025/05/25 07:14:00.136,n,13.0173,53.927736,1053.954,1054.8568,1.224745,33.484752,33.520642,0.080283,537.09552,55.267064,-1.003586,-0.059235,14.538178,301.57754,383.13212,480.88408,1125.4868,945.55552,180.46026,1311.9794,1131.5308,162.56846,0,0,0,0,0.75,-1.22,0,0
2025/05/25 07:15:00.135,n,13.108022,54.115088,1049.4068,1049.423,1.516575,33.09713,33.01971,0.071943,535.69152,54.658324,-0.99717,-0.042755,14.685966,302.93134,385.39436,480.07876,749.67576,904.00336,132.9688,986.53432,1131.889,115.95948,0,0,0,0,0.77,-1.21,0,0
2025/05/25 07:16:00.137,n,13.285634,54.323364,1061.358,1056.4634,4.722288,33.52013,33.272994,0.235103,540.79228,55.098556,-0.99987,-0.041878,14.83762,303.5185,386.29308,484.73572,833.22264,884.1804,128.54806,1049.8982,1081.2182,113.45924,0,0,0,0,0.76,-1.24,0,0
2025/05/25 07:17:00.135,n,13.488172,52.895048,1071.1284,1067.2128,2.932576,33.661644,33.53218,0.096319,545.14604,55.495264,-1.011986,-0.056961,14.980874,303.24708,385.73016,488.6958,1130.18,983.03448,112.53044,1305.12,1175.1154,90.420688,0,0,0,0,0.79,-1.24,0,0
2025/05/25 07:18:00.136,n,13.568836,51.578928,1073.5848,1073.337,1.095445,34.013888,33.914416,0.108253,547.20216,55.382096,-1.014114,-0.067307,15.116784,303.80084,385.54932,490.87328,736.65744,864.74824,131.4131,957.07312,1080.6168,112.4202,0,0,0,0,0.77,-1.24,0,0
2025/05/25 07:19:00.137,n,13.5308,52.502328,1080.9448,1074.5476,4.312772,34.366136,34.096952,0.184083,549.70996,54.943728,-1.011429,-0.05748,15.23406,304.67066,387.05952,493.81232,1112.1296,933.37696,185.86124,1298.353,1116.397,172.55636,0,0,0,0,0.76,-1.21,0,0
2025/05/25 07:20:00.136,n,13.66571,51.694028,1084.5798,1083.155,1.702939,34.333832,34.180784,0.105974,552.57068,55.213588,-1.010193,-0.074669,15.351826,305.41858,386.174,496.42156,1016.3694,1128.1076,62.178776,1242.3734,1328.7058,52.907468,0,0,0,0,0.77,-1.25,0,0
2025/05/25 07:21:00.137,n,13.772122,51.749664,1090.735,1088.082,2.828427,34.510724,34.374848,0.108703,556.17976,55.254628,-1.020149,-0.061859,15.493798,305.33106,388.08536,499.96684,770.64536,794.79392,57.379,965.6268,999.24024,61.966928,0,0,0,0,0.79,-1.25,0,0
2025/05/25 07:22:00.136,n,13.943116,50.8108,1084.4458,1088.1632,2.097618,34.08618,34.251028,0.190343,552.86132,55.184364,-1.017838,-0.065369,15.578702,305.9943,388.23692,496.72452,720.92776,694.07912,27.013886,920.88576,891.50344,24.267262,0,0,0,0,0.8,-1.24,0,0
2025/05/25 07:23:00.135,n,14.017708,50.793332,1095.1406,1089.4782,4.393177,34.932188,34.356904,0.311248,557.31904,55.353492,-1.017998,-0.068871,15.665614,306.4551,388.4006,501.0164,870.35408,944.79488,81.17696,1084.3014,1141.0864,83.016872,0,0,0,0,0.78,-1.25,0,0
2025/05/25 07:24:00.135,n,14.02596,49.978292,1082.23,1088.593,6.519202,34.121564,34.13438,0.183019,549.5312,54.149696,-1.018349,-0.073257,15.764638,306.96612,388.5524,494.4364,941.59488,863.85,83.364864,1138.2738,1069.3788,71.260784,0,0,0,0,0.8,-1.21,0,0
2025/05/25 07:25:00.135,n,14.109506,50.915268,1110.113,1106.303,7.803846,34.898344,34.821948,0.151167,564.8282,55.876424,-1.010674,-0.054665,15.877828,308.24954,390.82308,507.99572,794.0812,838.21968,63.918696,1014.9398,1038.7982,54.356232,0,0,0,0,0.78,-1.24,0,0
2025/05/25 07:26:00.135,n,14.301694,49.981336,1116.483,1119.1664,2.569047,34.896808,34.973712,0.049411,570.52196,56.287428,-1.006043,-0.060806,16.000652,309.323,390.95052,513.28932,996.77376,878.55144,87.164216,1184.0034,1070.684,77.633112,0,0,0,0,0.73,-1.22,0,0
2025/05/25 07:27:00.135,n,14.467134,49.411408,1114.6466,1112.1268,2.366432,35.03986,34.968336,0.074608,568.89588,56.371996,-1.008339,-0.053612,16.131536,309.84252,392.3076,511.56912,749.34848,812.72616,84.503544,950.77032,1007.672,74.519128,0,0,0,0,0.77,-1.24,0,0
2025/05/25 07:28:00.136,n,14.542398,48.673436,1096.9924,1099.436,4.037326,34.61532,34.339724,0.236759,562.31952,55.877044,-1.023308,-0.071678,16.249934,309.19818,391.35368,505.49084,1070.8426,919.0612,100.019,1283.0996,1126.7754,108.21922,0,0,0,0,0.74,-1.21,0,0
2025/05/25 07:29:00.138,n,14.596596,48.734664,1080.4056,1080.382,6.107373,34.192316,34.033884,0.1765,550.33124,53.88046,-1.024735,-0.075714,16.350832,309.62964,391.55012,495.50176,865.124,834.78176,81.635464,1077.8772,1043.1068,73.396864,0,0,0,0,0.74,-1.21,0,0
2025/05/25 07:30:07.254,n,14.762174,49.143456,1086.9508,1085.5002,2.626785,34.263072,34.28666,0.129979,555.40772,54.673872,-1.015648,-0.061676,16.485314,311.15628,393.53744,499.77992,786.32616,782.00152,59.381392,1004.6578,987.71392,55.715348,0,0,0,0,0.76,-1.25,0,0
2025/05/25 07:31:00.135,n,14.944466,47.507796,1064.8408,1069.1216,13.700366,33.804696,33.916468,0.354794,541.88184,53.01492,-1.015785,-0.058342,16.599782,311.77558,394.46468,487.90944,706.39504,778.26072,42.881812,939.28672,987.71024,35.786868,0,0,0,0,0.75,-1.24,0,0
2025/05/25 07:32:00.135,n,15.177032,48.473568,1085.792,1073.806,7.314369,33.981588,33.569864,0.276169,552.35564,54.24732,-1.014717,-0.047478,16.753638,312.71738,396.279,497.14112,769.21664,895.86416,127.53432,1000.9954,1093.7638,115.06564,0,0,0,0,0.76,-1.25,0,0
2025/05/25 07:33:00.135,n,15.396076,47.927748,1099.1274,1102.605,6.300794,34.510724,34.563276,0.222512,565.01064,55.564904,-1.014183,-0.041161,16.931696,313.74848,397.82492,508.47272,852.892,921.79376,122.21948,1069.1224,1110.046,109.59198,0,0,0,0,0.77,-1.24,0,0
2025/05/25 07:34:00.135,n,15.601174,44.269956,1099.4548,1096.3934,3.72827,34.5461,34.446116,0.116927,565.0746,55.097936,-1.024513,-0.075348,17.081002,313.68204,395.61592,509.02748,937.96592,819.11016,70.210392,1138.1532,1020.1332,69.252432,0,0,0,0,0.78,-1.3,0,0
2025/05/25 07:35:00.135,n,15.389992,43.670344,1124.9912,1116.0782,6.123725,35.322884,34.887316,0.304587,579.18408,56.089076,-1.026474,-0.070267,17.229108,314.33422,396.88896,522.1388,697.54728,792.12192,109.54018,898.70504,992.16488,99.157952,0,0,0,0,0.82,-1.33,0,0
2025/05/25 07:36:00.135,n,15.447182,44.272268,1134.9566,1133.7298,2.04939,36.450376,35.797928,0.368034,583.85992,56.695948,-1.035881,-0.088326,17.346634,314.17368,395.9384,526.21644,879.19376,903.0312,84.458272,1075.0396,1086.4928,86.69948,0,0,0,0,0.75,-1.26,0,0
2025/05/25 07:37:00.136,n,15.423928,42.829252,1144.2306,1142.1296,2.144761,36.027376,35.880224,0.264797,587.08296,56.22898,-1.031609,-0.092888,17.421018,314.95688,395.9468,529.91524,922.30616,751.39136,96.656864,1115.9816,951.222,93.446776,0,0,0,0,0.79,-1.26,0,0
2025/05/25 07:38:00.138,n,15.65176,41.789796,1131.7998,1137.8712,7.293833,35.956616,35.762292,0.190086,580.20368,55.521376,-1.039085,-0.085693,17.509526,314.80276,397.07844,523.72896,884.80616,795.33352,66.771248,1076.6266,986.5156,61.674144,0,0,0,0,0.76,-1.23,0,0
2025/05/25 07:39:00.140,n,15.568634,41.279676,1178.627,1162.6528,17.784824,37.15486,36.855688,0.451668,603.88524,57.80026,-1.042481,-0.084824,17.551792,314.7445,397.39112,545.1274,866.5308,797.36184,70.509216,1064.2838,1004.3494,61.444284,0,0,0,0,0.8,-1.2,0,0
2025/05/25 07:40:00.135,n,15.696712,41.20438,1181.6558,1186.9554,4.024922,37.15486,37.137684,0.209631,606.99468,58.196344,-1.036415,-0.079552,17.65204,315.82806,398.4182,547.84144,698.70096,798.06008,89.187168,917.97928,1004.709,75.404904,0,0,0,0,0.84,-1.26,0,0
2025/05/25 07:41:00.135,n,15.784828,41.361168,1175.3132,1179.3066,2.213595,36.837996,37.0436,0.115244,603.08776,57.417856,-1.042809,-0.067101,17.74499,315.79368,400.04264,544.6942,895.68192,807.0792,88.352696,1085.9394,1009.7228,78.061512,0,0,0,0,0.76,-1.19,0,0
2025/05/25 07:42:00.135,n,15.782666,40.552508,1185.3214,1176.8204,8.916278,37.013352,36.685204,0.305388,607.58632,57.588228,-1.041374,-0.064636,17.860314,316.56202,400.90572,549.02132,664.4818,719.60208,75.49172,869.06168,921.45464,63.40978,0,0,0,0,0.78,-1.27,0,0
2025/05/25 07:43:00.135,n,15.91636,39.976176,1202.9222,1196.1076,5.848077,37.61478,37.227156,0.276699,616.77356,58.351792,-1.045128,-0.086914,17.932424,316.6405,399.33044,557.46356,800.90744,827.95712,55.198732,1004.9918,1018.2112,46.70118,0,0,0,0,0.83,-1.15,0,0
2025/05/25 07:44:00.136,n,15.949124,38.566996,1204.9568,1198.4244,3.405877,37.333292,37.1159,0.178973,615.7876,57.757976,-1.049759,-0.071129,18.03106,316.7919,401.28432,557.05096,824.38424,719.26144,84.581912,1020.1988,916.04208,76.417928,0,0,0,0,0.63,-1.24,0,0
2025/05/25 07:45:00.136,n,16.067414,39.672904,1228.3292,1221.9086,5.865152,38.46078,38.090852,0.22964,629.16552,59.62274,-1.054359,-0.072182,18.128746,316.9412,401.73808,568.5606,723.22704,708.732,69.129952,919.82032,904.21592,57.181288,0,0,0,0,0.8,-1.31,0,0
2025/05/25 07:46:00.138,n,16.113038,38.06356,1223.1576,1226.4358,2.44949,38.142376,38.247228,0.164174,627.3844,59.763888,-1.077942,-0.083572,18.176464,315.16858,400.99388,566.62608,1010.7168,942.0104,80.203488,1204.917,1123.9386,87.442552,0,0,0,0,0.82,-1.3,0,0
2025/05/25 07:47:00.140,n,16.211708,38.250296,1229.3114,1226.4532,4.427189,38.283888,38.160836,0.171163,631.57628,59.722228,-1.081146,-0.081993,18.273116,315.43366,401.67644,570.85484,721.79672,713.27488,108.48686,919.41992,926.9912,97.115912,0,0,0,0,0.75,-1.25,0,0
2025/05/25 07:48:00.141,n,16.24115,37.8418,1200.4796,1211.1386,11.045362,37.862428,37.873452,0.209165,616.50456,58.50724,-1.08506,-0.094627,18.356488,315.5633,401.02256,557.00684,759.21584,765.49064,98.80764,984.6908,967.50272,103.14602,0,0,0,0,0.75,-1.32,0,0
2025/05/25 07:49:00.135,n,16.249226,37.791236,1202.9756,1200.1404,1.414214,37.720916,37.579916,0.073951,616.87572,57.912804,-1.092705,-0.088669,18.413896,315.22476,401.87452,557.95892,660.96632,846.68872,109.14074,912.32168,1059.0624,85.920888,0,0,0,0,0.75,-1.27,0,0
2025/05/25 07:50:00.136,n,16.10333,37.449584,1172.7472,1179.878,11.462984,36.76878,36.962848,0.548969,601.13848,55.437436,-1.102127,-0.09761,18.452816,314.62844,401.29916,544.69652,772.39968,671.06512,55.125768,946.13776,867.91336,40.740644,0,0,0,0,0.82,-1.16,0,0
2025/05/25 07:51:00.135,n,16.084778,38.197608,1116.6034,1152.6712,20.134548,35.676668,36.345776,0.33903,576.5432,52.94528,-1.110107,-0.106384,18.47516,314.06376,400.6456,522.59424,1003.845,924.14568,92.58456,1198.5298,1115.6978,77.292944,0,0,0,0,0.67,-1.3,0,0
2025/05/25 07:52:00.135,n,16.260072,38.525148,1047.1864,1066.0366,24.807256,32.751038,33.180702,0.753572,534.5854,48.082836,-1.110474,-0.094269,18.519492,314.28156,401.97108,485.48636,967.7012,899.17912,64.547652,1174.1012,1098.1144,60.38212,0,0,0,0,0.69,-1.19,0,0
2025/05/25 07:53:00.135,n,16.37048,38.763576,1031.1922,1023.2068,9.165152,32.294198,32.264206,0.428136,524.5616,47.103508,-1.111862,-0.093918,18.520472,314.16694,402.00772,476.44012,830.3052,711.13128,91.705232,1017.358,922.17848,80.843056,0,0,0,0,0.71,-1.22,0,0
2025/05/25 07:54:00.138,n,16.357392,36.846828,964.62296,994.14792,22.277792,30.177654,31.07647,0.65222,492.14192,43.131476,-1.11969,-0.111649,18.509642,313.4288,400.37208,448.00244,671.5132,656.26368,40.894376,856.69256,846.67488,31.791508,0,0,0,0,0.91,-1.19,0,0
2025/05/25 07:55:00.140,n,16.27712,38.089404,1029.9374,1001.517,28.33196,32.151146,31.269766,0.870693,524.23096,46.385956,-1.111687,-0.102348,18.545328,314.3219,401.39876,476.83568,862.21824,801.40504,90.047208,1049.7088,989.85744,77.876824,0,0,0,0,0.71,-1.24,0,0
2025/05/25 07:56:00.141,n,16.334698,37.221272,1005.9482,1031.1496,16.682326,31.940414,32.42802,0.429162,514.22944,44.957692,-1.126984,-0.110405,18.51362,312.8202,400.50484,468.25512,660.188,730.72312,79.148912,877.13688,928.4372,64.590248,0,0,0,0,0.77,-1.24,0,0
2025/05/25 07:57:00.144,n,16.28724,37.403156,1025.3156,1033.5648,11.661904,31.765062,32.100644,0.401292,522.65196,45.76416,-1.109734,-0.096718,18.497374,314.22106,401.62904,475.8748,801.31376,698.53904,96.215384,992.70392,894.40232,89.563944,0,0,0,0,0.68,-1.4,0,0
2025/05/25 07:58:00.135,n,16.390362,37.852476,1119.6598,1063.0636,38.769832,34.796824,33.058678,1.210428,566.71272,50.920088,-1.106178,-0.100403,18.528722,314.70498,401.47816,514.7868,916.81136,749.68624,119.72678,1101.5892,945.92608,107.4337,0,0,0,0,0.71,-1.15,0,0
2025/05/25 07:59:00.135,n,16.460664,37.72684,1174.5382,1142.777,22.102036,36.628804,35.542844,0.738519,599.6606,54.741644,-1.09903,-0.087593,18.560692,315.50342,402.79584,543.90748,711.68,733.75144,67.286696,919.50864,931.67384,52.341188,0,0,0,0,0.84,-1.3,0,0
2025/05/25 08:00:07.041,n,16.486886,37.006136,1142.3668,1151.0166,12.214746,35.325964,35.60104,0.259206,583.76512,53.269856,-1.102943,-0.080223,18.599576,315.38376,403.66928,529.47252,809.1644,783.02448,85.55992,1026.8108,980.05632,83.882056,0,0,0,0,0.78,-1.19,0,0
2025/05/25 08:01:00.135,n,16.501584,36.5807,1168.4438,1151.0258,13.00769,36.205804,35.894576,0.492225,596.93176,54.487952,-1.098328,-0.083908,18.597426,315.77088,403.32984,541.4294,673.5892,722.06696,134.96408,890.3908,920.61304,119.49604,0,0,0,0,0.76,-1.18,0,0
2025/05/25 08:02:00.136,n,16.60954,37.187828,1192.8442,1198.6196,12.465954,37.017964,37.269712,0.444146,614.71004,56.709628,-1.091751,-0.070938,18.663288,316.71096,404.85288,556.97956,568.23808,610.61292,51.813124,775.548,821.4128,45.756964,0,0,0,0,0.77,-1.25,0,0
2025/05/25 08:03:00.139,n,16.78373,36.791116,1158.151,1161.6676,8.944272,36.171964,36.194524,0.121434,590.94048,54.65708,-1.091217,-0.061287,18.75946,317.29938,406.2522,535.2534,764.42512,821.84888,92.61128,989.10272,1020.856,92.354752,0,0,0,0,0.75,-1.23,0,0
2025/05/25 08:04:00.140,n,16.973378,36.374172,1169.3666,1152.6172,10.972694,36.276556,35.83638,0.255028,595.70088,54.643404,-1.093697,-0.08268,18.79727,317.29822,404.56568,540.04644,719.31832,797.34768,71.509792,944.5648,1006.3532,62.89674,0,0,0,0,0.74,-1.19,0,0
2025/05/25 08:05:00.143,n,17.017518,35.206644,1212.5664,1198.7422,19.508972,37.545564,37.16922,0.599642,622.17204,57.995504,-1.097076,-0.075317,18.868556,317.40836,405.622,563.1548,861.37304,793.06368,77.920152,1046.5228,991.46456,64.845972,0,0,0,0,0.75,-1.28,0,0
2025/05/25 08:06:00.144,n,16.98413,33.945704,1222.5044,1224.7282,3.435113,38.002404,38.272356,0.346861,628.69868,58.011048,-1.101898,-0.093025,18.898114,317.15808,404.2162,569.67876,777.5044,715.16816,104.23004,957.78016,913.65792,83.318064,0,0,0,0,0.71,-1.35,0,0
2025/05/25 08:07:00.135,n,16.80923,34.874516,1171.188,1202.7296,21.442948,36.313476,37.18768,0.592927,602.72576,54.786416,-1.100472,-0.070053,18.994164,317.82452,406.7994,546.90892,720.2764,711.81376,103.24414,909.41016,902.06592,86.622744,0,0,0,0,0.79,-1.28,0,0
2025/05/25 08:08:00.134,n,16.998878,34.894828,1117.744,1154.2524,25.67489,34.761448,35.984304,0.833971,575.0168,52.138188,-1.107582,-0.070229,19.067504,317.62426,407.19864,521.84124,868.32712,758.2668,116.83344,1036.067,950.6204,92.504592,0,0,0,0,0.76,-1.3,0,0
2025/05/25 08:09:00.136,n,17.087646,33.697708,1079.5422,1089.957,14.690134,33.670872,34.087464,0.575713,553.24052,49.460112,-1.125694,-0.096352,19.065808,316.04782,404.869,502.75108,835.85448,758.05368,107.04134,1353.5094,1008.8644,190.2141,0,0,0,0,0.67,-1.28,0,0
2025/05/25 08:10:00.139,n,17.03535,34.40728,1138.9708,1120.5852,12.533954,35.25674,34.640956,0.430411,580.64172,52.110208,-1.115563,-0.07811,19.141274,317.3515,406.91632,527.49408,569.07912,592.4646,104.2382,833.7964,863.76912,80.787376,0,0,0,0,0.74,-1.25,0,0
2025/05/25 08:11:00.138,n,16.986378,33.885796,1176.6854,1155.1722,13.68576,36.490368,35.732556,0.451884,600.15112,53.95072,-1.114853,-0.076187,19.222124,317.87112,407.54528,545.16168,621.2334,546.85832,71.12612,816.55568,747.95648,63.369944,0,0,0,0,0.75,-1.33,0,0
2025/05/25 08:12:00.141,n,16.948212,34.418804,1166.8782,1175.3042,17.521416,35.856636,36.46114,0.658627,594.00508,52.732624,-1.124458,-0.088463,19.245486,317.17252,406.5874,540.23644,684.74904,556.63728,75.901584,856.39456,744.06608,66.112784,0,0,0,0,0.82,-1.23,0,0
2025/05/25 08:13:00.143,n,17.015254,33.465096,1137.9398,1178.2214,23.632604,35.150608,36.518312,0.72376,587.59636,51.72718,-1.137795,-0.098106,19.255274,316.07446,405.78652,534.82948,626.31744,623.09844,76.720272,834.32392,815.53104,64.917252,0,0,0,0,0.8,-1.23,0,0
2025/05/25 08:14:00.143,n,16.76843,33.785604,1044.4514,1093.7998,35.63706,32.824872,33.945948,0.898838,537.40364,46.33932,-1.147759,-0.100044,19.289664,315.40756,405.80948,490.01656,652.61092,708.37944,96.56448,860.01968,902.9736,81.980488,0,0,0,0,0.79,-1.2,0,0
2025/05/25 08:15:00.148,n,16.740644,34.07862,1032.4988,1038.1904,10.459446,32.118844,32.460316,0.379787,529.22772,44.88494,-1.142601,-0.107414,19.236904,315.5545,404.85576,483.3076,562.05476,555.3476,33.555548,752.20864,746.46744,27.325812,0,0,0,0,0.73,-1.3,0,0
2025/05/25 08:16:00.136,n,16.85633,34.492956,998.74656,980.6824,16.183326,31.237464,30.691666,0.595146,505.2492,42.86162,-1.152382,-0.10231,19.226496,314.64942,405.25004,461.33752,797.83696,726.17448,98.719296,1000.3636,921.06608,84.881096,0,0,0,0,0.67,-1.32,0,0
2025/05/25 08:17:00.135,n,16.861214,34.193492,1004.4572,1006.8928,9.077446,30.782162,31.357956,0.431884,510.1346,43.299984,-1.161987,-0.103188,19.182352,313.56826,404.92188,465.7758,841.08192,643.94652,133.6329,1010.0678,839.51488,108.5698,0,0,0,0,0.71,-1.22,0,0
2025/05/25 08:18:00.136,n,16.727944,32.803036,988.39288,1004.1528,9.949874,30.394538,30.904958,0.34446,502.8636,41.968096,-1.160561,-0.115303,19.138112,313.44116,403.5954,459.8502,583.04528,679.384,115.26362,839.99984,886.3516,100.18534,0,0,0,0,0.71,-1.29,0,0
2025/05/25 08:19:00.139,n,16.775402,34.181208,905.01608,931.40968,22.949946,28.134944,28.822516,0.701073,458.38484,37.845592,-1.164475,-0.102844,19.132692,313.07184,404.67108,419.47768,818.51472,756.66616,102.29908,1026.8948,944.86936,96.498184,0,0,0,0,0.77,-1.22,0,0
2025/05/25 08:20:00.141,n,16.925792,34.07794,920.04192,908.91848,8.197561,28.382594,28.070344,0.270994,464.38844,39.092916,-1.16626,-0.105476,19.109004,312.7833,404.30324,424.23472,517.15436,482.59428,28.505262,698.70768,691.23976,29.364094,0,0,0,0,0.65,-1.25,0,0
2025/05/25 08:21:00.144,n,16.907826,34.281108,882.21624,902.25656,10.784248,27.464296,28.034964,0.294978,446.55992,37.122444,-1.175339,-0.101265,19.076674,311.81478,404.49412,408.3634,644.69928,651.63928,99.947736,842.82528,839.26224,90.545016,0,0,0,0,0.75,-1.3,0,0
2025/05/25 08:22:00.146,n,16.90231,34.250228,925.1312,905.19184,26.254524,28.84097,28.152888,0.846062,465.9828,39.149496,-1.175148,-0.093002,19.04571,311.65618,405.05284,425.75116,795.31552,643.58916,87.881456,976.82528,837.21976,77.362784,0,0,0,0,0.73,-1.24,0,0
2025/05/25 08:23:00.259,n,16.900696,34.667952,962.13008,927.76568,25.300198,29.654672,28.760218,0.656622,482.62236,40.849488,-1.177101,-0.103188,19.0123,311.29818,403.95924,440.69896,636.85576,701.72088,82.027744,1404.0646,989.4712,213.11828,0,0,0,0,0.76,-1.28,0,0
2025/05/25 08:24:00.148,n,16.987316,34.021664,964.83152,987.33672,15.375306,30.006916,30.517336,0.438169,491.142,42.265936,-1.181198,-0.102661,19.02633,311.0232,404.0854,447.79756,772.2352,861.12304,196.45736,962.60856,963.62768,98.566224,0,0,0,0,0.73,-1.4,0,0
2025/05/25 08:25:00.135,n,16.864758,33.380944,996.15168,971.04296,19.413912,31.02827,30.088186,0.627184,499.61968,43.171896,-1.184403,-0.093712,19.00584,310.63,404.7642,455.35712,679.69712,682.67264,83.868344,900.4796,888.03104,76.384552,0,0,0,0,0.79,-1.24,0,0
2025/05/25 08:26:00.137,n,16.87373,33.467976,1109.9684,1059.5714,38.956388,34.375364,32.854866,1.070695,560.71972,49.53162,-1.183167,-0.077408,19.014158,310.78402,406.25924,510.08232,730.5408,707.9216,68.377264,929.06896,904.33056,57.710484,0,0,0,0,0.75,-1.31,0,0
2025/05/25 08:27:00.138,n,16.97998,33.579936,1149.518,1130.824,17.86057,35.2229,34.7999,0.524125,581.9386,52.138188,-1.184059,-0.087753,19.040002,310.85306,405.48672,528.70412,831.01176,712.04776,92.14092,1017.5342,914.3884,77.12976,0,0,0,0,0.71,-1.18,0,0
2025/05/25 08:28:00.140,n,17.117238,33.8545,1269.4092,1213.163,41.298912,39.554432,37.312528,1.435529,641.38164,59.126548,-1.191711,-0.075996,19.087504,310.45984,406.7996,581.1394,825.504,742.44712,107.34524,1034.4282,941.41888,101.46034,0,0,0,0,0.72,-1.25,0,0
2025/05/25 08:29:00.145,n,17.246144,31.320466,1348.5,1319.1842,23.2723,41.24336,40.35762,0.695128,687.2524,63.41756,-1.193497,-0.074074,19.167244,310.75692,407.42188,622.71544,685.6944,697.67976,85.756632,894.52976,903.27512,69.542792,0,0,0,0,0.57,-1.47,0,0
2025/05/25 08:30:07.109,n,17.172706,32.723492,1325.3154,1326.3268,10.990906,40.540408,40.475292,0.344885,681.03664,62.204436,-1.198486,-0.075127,19.240492,310.74038,407.74344,617.7088,628.65484,708.372,106.38538,851.91696,911.67232,88.352136,0,0,0,0,0.83,-1.16,0,0
2025/05/25 08:31:00.149,n,17.20049,32.511822,1353.9272,1345.4398,4.795832,41.491004,41.379232,0.151167,691.66696,63.220452,-1.20063,-0.057945,19.30405,310.91544,409.62984,627.30376,715.98784,648.17052,76.653112,916.53568,848.46168,78.412368,0,0,0,0,0.76,-1.31,0,0
2025/05/25 08:32:00.136,n,17.25428,33.338092,1365.7644,1366.5542,3.224903,41.983228,41.977328,0.07526,700.13064,64.035628,-1.20398,-0.045334,19.410128,311.22782,411.35196,634.93636,822.22512,725.04184,79.47044,1021.4438,932.3964,75.959856,0,0,0,0,0.8,-1.29,0,0
2025/05/25 08:33:00.138,n,17.301644,32.68702,1369.145,1368.5592,2.898276,41.69866,42.03322,0.251169,701.45008,63.612804,-1.215035,-0.066711,19.449906,310.49756,409.67944,636.68896,600.8692,718.66432,103.3852,834.72736,922.2664,82.460296,0,0,0,0,1,-1.47,0,0
2025/05/25 08:34:00.135,n,17.445248,33.09034,1366.3628,1367.0684,1.897367,41.946308,41.922212,0.065551,699.22064,63.499636,-1.214142,-0.058304,19.496238,310.83804,410.6894,634.56512,554.25884,687.468,147.51152,776.4808,879.32904,132.77612,0,0,0,0,0.75,-1.27,0,0
2025/05/25 08:35:00.135,n,17.554524,32.517636,1310.0232,1338.35,20.307634,40.608088,41.423328,0.518411,672.87368,60.804776,-1.219315,-0.070915,19.558628,310.74526,409.92412,610.92052,761.18512,725.70392,93.911656,961.49008,916.09104,81.192368,0,0,0,0,0.77,-1.19,0,0
2025/05/25 08:36:00.135,n,17.751842,32.624276,1333.5152,1311.8932,15,40.82036,40.291476,0.361475,680.70968,61.21516,-1.217529,-0.046555,19.630514,311.3088,412.49664,618.3236,746.87504,593.93932,140.9633,928.08328,779.2432,121.95266,0,0,0,0,0.78,-1.26,0,0
2025/05/25 08:37:00.135,n,17.833046,32.87989,1341.3236,1341.0274,3.435113,41.138764,41.027244,0.176223,687.21072,62.598032,-1.227867,-0.050583,19.716534,310.90424,412.6286,623.43544,792.1724,643.922,128.2211,953.59264,824.05632,112.03996,0,0,0,0,0.79,-1.33,0,0
2025/05/25 08:38:00.136,n,17.609952,30.834722,1308.0206,1314.606,12.672806,40.540408,40.440684,0.432336,668.43108,59.492788,-1.239281,-0.084229,19.73161,310.0028,409.72644,607.78328,893.774,884.19168,34.710228,1104.7274,1066.636,50.63102,0,0,0,0,0.67,-1.33,0,0
2025/05/25 08:39:00.135,n,17.543152,32.60733,1291.2984,1301.2958,8.876936,39.448296,39.924108,0.300065,659.23272,57.882336,-1.235893,-0.064949,19.788554,310.6204,411.7632,600.17944,899.17976,717.30224,127.8288,1076.3734,914.99312,108.88618,0,0,0,0,0.78,-1.29,0,0
2025/05/25 08:40:00.136,n,17.660488,30.92486,1283.8404,1299.9752,9.75705,39.625188,40.18842,0.437053,659.42828,58.037784,-1.244095,-0.096336,19.779938,309.86188,408.92668,600.24272,768.96488,751.47488,74.741552,971.84464,956.92256,60.619304,0,0,0,0,0.89,-1.27,0,0
2025/05/25 08:41:00.136,n,17.53827,31.260016,1178.2994,1202.2778,43.395852,36.385768,37.254332,1.294821,590.41912,50.225544,-1.23732,-0.098259,19.788554,310.49698,408.80496,539.05456,647.17292,758.10128,63.483464,889.1532,970.08664,54.38198,0,0,0,0,0.73,-1.27,0,0
2025/05/25 08:42:00.138,n,17.567516,32.42596,1295.4526,1273.4998,19.193748,40.048188,39.279352,0.642566,660.2038,58.051464,-1.238197,-0.068985,19.8315,310.66614,411.64984,600.98308,855.30184,616.07672,181.64842,1029.3524,802.42624,159.4561,0,0,0,0,0.81,-1.1,0,0
2025/05/25 08:43:00.136,n,17.399548,31.480894,1369.86,1332.9184,30.076568,41.701736,40.926236,0.869065,697.33584,61.525436,-1.252297,-0.081955,19.827222,309.42194,410.4734,634.64008,524.01404,530.98632,41.167948,731.40712,737.5264,37.153736,0,0,0,0,0.79,-1.46,0,0
2025/05/25 08:44:00.135,n,17.376648,31.691538,1386.1102,1384.2348,3.03315,42.6508,42.434172,0.262946,708.9004,62.33004,-1.240692,-0.080902,19.798214,310.26044,410.4016,645.41052,458.60776,515.023,31.514282,671.4828,721.2652,25.953806,0,0,0,0,0.99,-1.41,0,0
2025/05/25 08:45:00.135,n,17.33915,32.525914,1387.6238,1386.8828,1.183216,42.58004,42.462888,0.235932,709.27416,62.145988,-1.240517,-0.076172,19.845466,310.54504,411.09108,645.9638,885.24304,708.2788,189.61712,1069.3852,894.02032,183.75446,0,0,0,0,0.98,-1.33,0,0
2025/05/25 08:46:00.135,n,17.306484,32.993392,1391.1196,1389.466,1.341641,42.861532,42.75668,0.311248,710.85944,62.188272,-1.239624,-0.095284,19.832576,310.5488,409.32036,647.5268,873.98672,784.71928,127.28786,1048.4082,984.2684,104.89328,0,0,0,0,0.66,-1.28,0,0
2025/05/25 08:47:00.135,n,17.324128,33.122344,1392.5676,1394.6294,1.788854,43.249152,42.955872,0.232597,711.46536,62.619176,-1.24202,-0.078354,19.839036,310.37848,410.86076,647.68248,796.38168,662.58032,145.42146,994.99552,862.35264,123.78004,0,0,0,0,0.76,-1.11,0,0
2025/05/25 08:48:00.135,n,17.410552,32.37669,1388.3662,1387.6924,3.633181,42.177036,42.1896,0.274218,708.79304,62.252316,-1.237732,-0.065384,19.884106,311.00634,412.26964,645.36836,686.64776,654.43744,141.70428,902.6016,850.96512,124.4729,0,0,0,0,0.73,-1.24,0,0
2025/05/25 08:49:00.136,n,17.477448,32.651058,1405.4486,1401.817,4.123106,42.810768,42.694124,0.182752,717.80184,63.352892,-1.251656,-0.088524,19.910964,309.9552,410.36784,653.28576,817.70344,670.57704,188.7134,1013.2536,855.20376,168.0848,0,0,0,0,0.79,-1.26,0,0
2025/05/25 08:50:00.137,n,17.444832,32.921906,1406.7986,1405.4684,2.645751,43.02304,42.73514,0.196154,719.26376,63.352892,-1.245224,-0.070816,19.99369,310.98404,412.41296,654.7364,467.15264,525.40904,68.756824,668.40192,733.41384,70.54644,0,0,0,0,0.71,-1.24,0,0
2025/05/25 08:51:00.138,n,17.57203,32.669708,1416.7092,1412.3942,3.34664,44.253584,43.163012,0.552162,724.00552,64.269424,-1.253082,-0.091499,20.034452,310.53726,410.80908,658.57452,739.77816,554.50408,95.168144,903.65584,736.88448,86.998272,0,0,0,0,0.66,-1.31,0,0
2025/05/25 08:52:00.136,n,17.585114,33.286994,1417.4958,1417.2494,0.774597,43.901344,43.3799,0.284358,724.45776,64.015732,-1.237915,-0.05732,20.085982,312.14376,414.13908,659.2614,569.63312,724.56024,101.02526,775.20856,912.60448,85.078792,0,0,0,0,0.79,-1.32,0,0
2025/05/25 08:53:00.136,n,17.783944,30.067218,1405.8872,1410.3434,5.585696,44.359724,44.201032,0.79917,719.00328,65.41104,-1.26236,-0.086418,20.057004,309.86362,411.38924,652.4164,819.33768,637.33752,147.28256,983.2784,818.314,128.49182,0,0,0,0,1.13,-1.44,0,0
2025/05/25 08:54:00.135,n,17.77718,31.127146,1399.0976,1405.4722,5.385165,42.95228,43.104304,0.115244,715.47984,63.07122,-1.259514,-0.068367,20.103184,310.37384,413.25636,651.21748,645.47248,617.60072,106.2603,823.02688,814.91216,88.017048,0,0,0,0,0.86,-1.18,0,0
2025/05/25 08:55:00.136,n,17.709014,29.92778,1417.3458,1405.5388,7.071068,44.604292,43.748552,0.671839,723.11576,63.592908,-1.258446,-0.099045,20.078444,310.3247,410.3904,658.36352,555.667,565.3106,83.367408,734.20736,749.29752,74.286272,0,0,0,0,0.39,-1.41,0,0
2025/05/25 08:56:00.135,n,17.545978,30.359274,1428.1382,1426.6754,2.863564,44.182832,43.9016,0.568544,729.20384,63.352892,-1.257019,-0.082207,20.061312,310.35018,411.78784,664.67616,542.45264,633.78304,102.01936,756.68784,837.26608,90.455512,0,0,0,0,0.85,-1.28,0,0
2025/05/25 08:57:00.135,n,17.514972,30.168308,1422.8226,1426.0466,3.03315,44.358184,43.912624,0.301688,726.12216,63.45176,-1.262016,-0.082565,20.062388,309.92404,411.76216,661.49092,615.90576,590.94328,155.5991,837.28304,778.46456,142.13092,0,0,0,0,0.82,-1.22,0,0
2025/05/25 08:58:00.135,n,17.638896,30.798728,1433.8572,1431.5682,4.024922,43.619852,43.78982,0.268459,731.988,63.945464,-1.253449,-0.056099,20.093456,310.84284,414.29024,666.84528,881.88528,666.9034,189.26582,1060.5286,847.76872,172.81118,0,0,0,0,0.82,-1.28,0,0
2025/05/25 08:59:00.137,n,17.790314,30.197312,1441.9564,1436.6564,4.049691,44.041316,44.264616,0.508137,736.51376,64.143196,-1.251129,-0.066963,20.102106,311.09304,413.37496,671.18632,639.7124,651.8382,133.03966,822.76008,856.38152,118.1626,0,0,0,0,0.74,-1.24,0,0
2025/05/25 09:00:07.305,n,17.896664,30.156346,1453.4264,1448.403,4.626014,44.921156,45.003708,0.816457,742.09696,66.045892,-1.26059,-0.063805,20.11826,310.367,413.7478,674.85432,506.33688,633.4834,113.99584,731.33968,832.04752,90.710808,0,0,0,0,0.87,-1.24,0,0
2025/05/25 09:01:00.135,n,17.880306,30.900876,1447.6624,1448.7378,3.577709,44.358184,44.599168,0.44874,739.31272,64.960236,-1.255409,-0.052422,20.14316,310.95758,414.9012,673.14944,506.74948,589.216,101.07782,701.17216,784.87784,86.872608,0,0,0,0,0.81,-1.19,0,0
2025/05/25 09:02:00.135,n,17.77314,30.144038,1417.6298,1434.6358,13.594116,43.550636,44.20026,0.757128,723.91928,63.464196,-1.246834,-0.068558,20.104488,311.47824,413.24696,659.2768,775.89112,546.16164,148.4888,952.04864,731.02856,140.26422,0,0,0,0,0.81,-1.33,0,0
2025/05/25 09:03:00.135,n,17.782094,30.979132,1419.812,1420.6188,4,43.299912,43.188648,0.128847,724.38928,63.097956,-1.25309,-0.054535,20.125832,311.05908,414.61436,660.09276,504.36324,576.98528,67.969472,701.4184,764.88504,59.709712,0,0,0,0,0.74,-1.35,0,0
2025/05/25 09:04:00.136,n,17.673012,31.297102,1422.6262,1426.7096,2.144761,43.898264,43.663692,0.338886,727.52896,62.956808,-1.242386,-0.084328,20.116138,311.92966,411.91312,663.41412,844.3968,694.97872,120.10454,1021.7926,886.02128,102.94028,0,0,0,0,0.84,-1.07,0,0
2025/05/25 09:05:00.135,n,17.857338,31.47386,1435.482,1419.2306,10.779612,43.510644,43.17148,0.272073,731.634,63.252784,-1.25737,-0.076439,20.144208,310.79392,412.77416,667.20024,660.35772,654.0688,96.020312,854.24864,842.35312,81.343104,0,0,0,0,0.81,-1.24,0,0
2025/05/25 09:06:00.136,n,17.862316,31.594466,1456.2968,1447.9518,8.14862,44.319728,43.997736,0.451127,744.01864,65.53726,-1.250244,-0.068375,20.18523,311.64526,413.72528,677.29944,575.40996,655.9588,104.5849,782.22768,846.31904,87.866376,0,0,0,0,0.78,-1.31,0,0
2025/05/25 09:07:00.137,n,17.836148,31.8763,1459.832,1459.0292,2.607681,44.285888,44.332032,0.209165,746.4484,65.677788,-1.247917,-0.046303,20.246752,312.19888,416.0378,679.56904,597.33476,673.40856,103.5623,793.77552,868.36472,82.624448,0,0,0,0,0.79,-1.21,0,0
2025/05/25 09:08:00.141,n,17.980092,31.708234,1463.4916,1462.6888,1.414214,44.285888,44.42638,0.148561,747.52744,65.874892,-1.248985,-0.042801,20.319044,312.52056,416.76288,680.4464,540.61456,623.08392,115.4736,754.89176,827.23488,99.302568,0,0,0,0,0.88,-1.41,0,0
2025/05/25 09:09:00.140,n,17.834438,31.196808,1473.4768,1470.3458,2.792848,44.671976,44.742472,0.387298,753.44248,66.16652,-1.240067,-0.065048,20.357884,313.51484,415.00984,686.10104,503.32892,569.02452,118.58362,703.33408,763.2964,102.74752,0,0,0,0,0.74,-1.27,0,0
2025/05/25 09:10:00.136,n,18.056946,31.638654,1468.2076,1470.5238,1.414214,44.811948,44.85348,0.109152,752.81496,66.647788,-1.246307,-0.04718,20.43553,313.42034,417.04212,684.968,733.20344,771.37704,107.75738,953.24816,954.95696,112.51934,0,0,0,0,0.84,-1.24,0,0
2025/05/25 09:11:00.135,n,18.232422,30.794806,1467.2978,1466.5762,1.549193,45.128816,44.94218,0.356853,751.40008,67.552504,-1.281464,-0.058037,20.474762,310.60446,416.30324,682.62424,722.54232,492.56264,135.25754,873.38928,680.71792,111.53902,0,0,0,0,0.84,-1.28,0,0
2025/05/25 09:12:00.135,n,18.132718,31.058478,1462.0592,1463.4546,2.19089,44.461244,44.842456,0.587799,747.3356,64.77494,-1.262711,-0.058212,20.453158,312.10264,416.16356,681.35616,848.43296,719.63864,118.16154,1030.4692,905.02984,100.18134,0,0,0,0,0.78,-1.31,0,0
2025/05/25 09:13:00.137,n,17.95288,31.015996,1444.6206,1453.479,6.618157,44.108996,44.742472,0.362284,736.90408,64.267556,-1.265038,-0.078712,20.451034,311.88906,414.33068,671.45016,513.89776,594.95856,81.313592,734.7192,806.5168,73.978032,0,0,0,0,0.69,-1.28,0,0
2025/05/25 09:14:00.136,n,18.03955,31.688948,1452.3282,1447.6542,3.924283,45.339548,44.636596,0.381199,740.34528,65.324608,-1.260216,-0.067848,20.487686,312.51678,415.50612,673.8284,796.92904,676.0904,85.663,984.52976,872.28272,81.3222,0,0,0,0,0.76,-1.3,0,0
2025/05/25 09:15:00.137,n,18.40884,31.75179,1457.0248,1452.677,3.974922,44.53046,44.250256,0.199609,744.28784,65.381196,-1.27253,-0.047531,20.571736,311.93438,417.79332,677.68168,514.22784,661.21404,120.0958,720.43456,861.64048,105.40352,0,0,0,0,0.7,-1.34,0,0
2025/05/25 09:16:00.138,n,18.469338,31.214972,1459.9654,1462.5488,3.794733,44.56738,44.5843,0.107347,747.47032,66.279684,-1.267357,-0.042274,20.667602,312.93298,418.81132,679.9656,852.2132,705.27864,125.21922,1019.4708,885.53592,108.89582,0,0,0,0,0.77,-1.29,0,0
2025/05/25 09:17:00.141,n,18.676612,30.864582,1485.8528,1477.4194,9.348798,45.621032,45.52182,0.690618,760.2316,68.089736,-1.264671,-0.068199,20.702072,313.36358,416.7072,690.94536,630.96468,637.87752,107.0173,809.67728,829.33672,95.543968,0,0,0,0,0.82,-1.34,0,0
2025/05/25 09:18:00.141,n,18.482372,31.356038,1494.6686,1493.0746,2.408319,45.974816,46.24938,0.734209,765.1204,68.23088,-1.273422,-0.07206,20.706414,312.63172,416.38948,695.68816,493.56136,571.64448,120.03562,688.9736,768.03176,105.4047,0,0,0,0,0.83,-1.37,0,0
2025/05/25 09:19:00.134,n,18.250438,31.271076,1496.7296,1496.251,0.447214,45.833304,46.0266,0.165359,765.27744,66.534624,-1.273064,-0.073631,20.698872,312.61932,416.20652,697.54336,785.62968,650.71588,127.45902,947.626,843.64072,102.74874,0,0,0,0,1.12,-1.11,0,0
2025/05/25 09:20:00.135,n,18.207668,31.55127,1494.2938,1497.219,1.612452,45.516436,46.237592,0.574184,763.12632,65.506792,-1.276642,-0.072067,20.719534,312.42872,416.46428,696.41488,806.61848,612.69208,154.25466,984.45312,794.64304,139.48154,0,0,0,0,0.8,-1.14,0,0
2025/05/25 09:21:00.135,n,18.1063,31.452734,1507.806,1500.4724,7.81025,46.88542,46.17042,0.990186,769.71944,67.706712,-1.284317,-0.083984,20.697958,311.64062,415.2818,700.8124,546.7666,649.85304,81.742584,752.01272,851.77744,72.205264,0,0,0,0,0.86,-1.33,0,0
2025/05/25 09:22:00.135,n,18.10957,32.289306,1508.1486,1506.902,1.414214,46.427044,46.33398,0.762013,770.20024,66.8163,-1.264862,-0.059097,20.74751,313.60864,417.77708,702.17824,777.80712,649.27904,139.4448,974.5044,838.6232,128.72334,0,0,0,0,0.83,-1.38,0,0
2025/05/25 09:23:00.137,n,18.132472,31.556396,1510.2684,1510.04,0.894427,46.322444,46.762364,0.8456,771.07168,67.212376,-1.262894,-0.073639,20.743232,313.7543,416.46104,702.67008,575.65672,676.96392,95.06156,790.57032,865.65384,77.129112,0,0,0,0,0.84,-1.33,0,0
2025/05/25 09:24:00.138,n,18.295848,31.924758,1511.3892,1509.915,0.632456,46.95618,46.258608,0.349944,773.21576,68.837752,-1.270386,-0.054024,20.772284,313.2735,418.37036,703.1616,542.47168,600.20972,74.03884,740.5068,790.42776,60.63786,0,0,0,0,0.98,-1.34,0,0
2025/05/25 09:25:00.139,n,18.209278,31.327002,1520.1448,1516.472,2.966479,47.41302,46.885936,0.4375,777.29256,68.032528,-1.273605,-0.07785,20.77013,312.98272,416.24208,708.06424,588.26416,674.5684,103.47464,810.9336,864.75832,94.45952,0,0,0,0,1.07,-1.57,0,0
2025/05/25 09:26:00.141,n,18.120942,31.207972,1525.3924,1524.2318,1.67332,46.674692,46.545488,0.241658,779.43888,67.141496,-1.272171,-0.086617,20.780378,313.16564,415.52236,711.11184,811.72072,696.89824,104.9731,991.91992,893.59664,87.01092,0,0,0,0,0.84,-1.32,0,0
2025/05/25 09:27:00.143,n,18.289302,31.578382,1524.516,1524.3854,2.097618,46.251688,46.158116,0.153093,780.73544,66.830596,-1.26503,-0.03756,20.855752,314.21772,420.31344,712.67744,767.11928,670.71588,97.062864,940.75432,861.61648,78.631416,0,0,0,0,0.77,-1.23,0,0
2025/05/25 09:28:00.135,n,18.24189,30.88307,1530.3834,1528.8178,1.612452,46.357828,46.638544,0.541266,782.36584,67.5096,-1.276993,-0.07399,20.876218,313.3009,417.19612,713.65328,533.35512,622.01604,81.285,735.55808,816.83984,74.591552,0,0,0,0,0.77,-1.3,0,0
2025/05/25 09:29:00.137,n,18.186322,30.040638,1531.6932,1530.3414,1.732051,46.393204,46.504208,0.466243,782.33272,67.028328,-1.277702,-0.084335,20.838516,313.02222,416.06004,714.11104,799.76184,703.17624,103.8511,975.5468,892.3256,91.826472,0,0,0,0,0.75,-0.97,0,0
2025/05/25 09:30:07.042,n,18.107856,30.794544,1533.5952,1532.961,1.095445,46.147096,46.509844,0.423665,783.01344,66.335648,-1.271813,-0.069435,20.85141,313.60602,417.4576,715.47544,647.0724,636.66972,80.599008,844.47064,835.01168,64.123712,0,0,0,0,0.84,-1.21,0,0
2025/05/25 09:31:00.135,n,18.17817,31.33883,1532.1918,1532.4308,1.183216,46.674692,46.36936,0.170018,783.87288,67.410112,-1.259323,-0.043861,20.913856,315.04632,420.08876,715.24728,758.79648,713.07512,114.83314,970.08096,903.70376,100.23522,0,0,0,0,0.85,-1.26,0,0
2025/05/25 09:32:00.139,n,18.459176,29.688782,1540.419,1535.501,3.521363,46.990016,46.850048,0.690335,787.59648,69.360688,-1.278061,-0.078552,20.92675,313.49988,417.08232,717.03632,669.3048,683.02032,94.792672,854.18208,880.3964,84.117776,0,0,0,0,0.85,-1.26,0,0
2025/05/25 09:33:00.140,n,18.222362,30.71971,1540.7624,1540.1188,1,46.674692,47.084364,0.560239,787.2176,67.495304,-1.268776,-0.063141,20.905598,314.18112,418.32904,718.51664,624.76232,646.1408,96.543,802.0844,835.67384,85.11668,0,0,0,0,0.81,-1.21,0,0
2025/05/25 09:34:00.141,n,18.367726,31.032794,1544.281,1542.4072,1.788854,46.706992,46.871064,0.461612,790.40152,68.00392,-1.264313,-0.05088,20.944312,314.7904,419.64112,721.18424,631.68732,615.78676,100.63822,820.00736,799.61544,83.610704,0,0,0,0,0.84,-1.25,0,0
2025/05/25 09:35:00.143,n,18.514698,30.673712,1545.5244,1545.9862,1.843909,48.465136,47.187424,0.690052,791.74696,68.385088,-1.278595,-0.068047,20.958316,313.63574,418.1974,722.15136,723.77176,745.04728,112.41064,945.53952,941.9988,104.47154,0,0,0,0,0.88,-1.09,0,0
2025/05/25 09:36:00.146,n,18.116116,30.86092,1538.644,1542.3182,3.687818,46.250152,47.123324,0.961465,784.68696,65.741212,-1.27092,-0.062965,20.932462,314.15054,418.49952,717.73776,792.21072,747.69944,58.535032,995.58104,948.4536,59.564252,0,0,0,0,0.78,-1.25,0,0
2025/05/25 09:37:00.136,n,18.26968,30.723078,1519.1694,1529.538,5.458938,45.687176,46.185548,0.382478,780.37768,65.953864,-1.267174,-0.045097,20.9906,314.81006,420.4218,713.20176,884.54816,803.66288,84.118968,1065.2032,988.47832,77.850496,0,0,0,0,0.74,-1.22,0,0
2025/05/25 09:38:00.135,n,18.428174,30.603888,1498.975,1506.1742,12.353138,45.336472,46.343724,1.246636,764.6036,65.713228,-1.272347,-0.067696,21.002418,314.43078,418.48308,697.68576,516.64532,621.31916,105.60304,723.30912,823.28328,94.091176,0,0,0,0,0.73,-1.25,0,0
2025/05/25 09:39:00.136,n,18.35957,30.077228,1523.1416,1523.331,15.42725,46.567016,46.502156,0.515578,782.54432,67.24036,-1.273239,-0.065598,21.021778,314.46542,418.78124,714.09632,550.97492,623.98132,88.040616,760.36816,814.32856,71.994448,0,0,0,0,0.73,-1.32,0,0
2025/05/25 09:40:00.138,n,18.403664,30.080646,1538.0526,1524.5886,18.237324,46.602396,46.765956,0.939789,782.83472,67.056932,-1.277351,-0.071022,21.006692,314.02246,418.21228,714.57144,639.76204,687.09696,127.3183,850.88136,873.5792,114.34596,0,0,0,0,0.81,-1.35,0,0
2025/05/25 09:41:00.140,n,18.281154,30.549346,1551.7154,1537.6056,8.774964,46.953104,47.568376,0.75532,790.1568,67.268968,-1.262352,-0.069092,20.9734,315.1278,418.19152,721.69456,671.02864,617.2572,83.80692,855.73392,811.41984,66.856184,0,0,0,0,0.8,-1.14,0,0
2025/05/25 09:42:00.141,n,18.594726,30.695832,1568.3554,1564.1158,2.720294,48.569736,47.679896,0.792543,802.06168,69.402344,-1.267174,-0.039848,21.048646,315.14518,421.22308,731.43208,755.44608,668.94732,107.25414,938.85448,862.87424,84.654592,0,0,0,0,0.75,-1.25,0,0
2025/05/25 09:43:00.143,n,18.588134,30.714532,1572.6948,1570.6076,1.843909,48.254404,47.639132,0.311561,805.21656,69.501832,-1.268425,-0.040894,21.088404,315.26664,421.36,734.4872,525.30304,570.70076,85.727032,738.31152,769.64176,73.455088,0,0,0,0,0.74,-1.2,0,0
2025/05/25 09:44:00.146,n,18.708934,30.252814,1563.2068,1567.2738,4.427189,47.199212,47.662976,0.745953,801.27224,69.233216,-1.271095,-0.029167,21.129276,315.27178,422.63756,730.79704,801.23176,686.81472,100.98936,978.44528,878.55424,83.588872,0,0,0,0,0.74,-1.27,0,0
2025/05/25 09:45:00.148,n,18.5751,30.01009,1566.4328,1564.98,1.48324,47.656052,48.376952,1.038046,802.63992,70.67392,-1.2836,-0.069801,21.085174,313.93522,418.77396,730.75216,555.53888,680.88512,104.67736,770.48928,880.22928,87.275432,0,0,0,0,0.73,-1.31,0,0
2025/05/25 09:46:00.135,n,18.403664,30.67713,1568.4476,1567.6056,1,47.51608,47.826536,0.445244,802.09512,69.120048,-1.277702,-0.061386,21.108842,314.58222,419.65816,731.7588,706.14968,832.50472,83.147152,930.55616,1025.259,80.78304,0,0,0,0,0.82,-1.36,0,0
2025/05/25 09:47:00.136,n,18.33506,30.476104,1571.7026,1571.4962,1.183216,49.449576,48.365416,0.586802,804.07296,70.67392,-1.268601,-0.079437,21.06154,315.09632,417.78176,732.21,642.3836,725.26216,92.744544,837.87448,913.48712,78.232344,0,0,0,0,0.77,-0.98,0,0
2025/05/25 09:48:00.179,n,18.27139,30.268194,1573.6548,1571.8578,1.341641,49.906416,49.26756,1.18082,805.31648,70.588728,-1.268951,-0.083298,20.980908,314.60028,416.97324,733.54208,546.6834,678.63496,116.9968,768.08496,883.12216,98.15956,0,0,0,0,0.73,-1.25,0,0
2025/05/25 09:49:00.139,n,18.239552,29.911102,1574.4878,1573.5824,1.183216,49.624932,48.652544,0.520291,806.64792,70.023512,-1.271263,-0.080658,20.955606,314.2543,417.06168,735.43384,678.09064,670.89836,109.79936,889.0972,863.5892,92.931696,0,0,0,0,0.79,-1.49,0,0
2025/05/25 09:50:00.143,n,18.31631,30.298554,1586.928,1582.0404,3.405877,48.815844,48.153916,0.535096,811.52416,69.627432,-1.264839,-0.070671,20.984664,314.97766,418.11628,740.70256,645.1408,474.12328,86.806968,800.84232,669.79564,68.407232,0,0,0,0,0.74,-1.27,0,0
2025/05/25 09:51:00.144,n,18.422512,30.322382,1586.213,1585.3124,2.898276,50.152528,48.253636,0.937083,814.3892,71.63272,-1.25663,-0.052979,21.05566,316.0978,420.09756,741.55288,465.95476,535.07072,96.619096,662.5708,738.43904,86.475144,0,0,0,0,1.08,-1.42,0,0
2025/05/25 09:52:00.148,n,18.491066,29.514862,1592.7618,1590.3208,1.732051,49.131172,48.522824,0.473105,815.6992,71.364728,-1.259125,-0.083115,21.052432,315.86332,417.40248,743.15848,558.69648,589.07216,59.32116,758.26272,774.72656,43.73214,0,0,0,0,0.54,-1.43,0,0
2025/05/25 09:53:00.148,n,18.597218,29.673066,1593.4442,1592.5652,1.414214,48.077516,48.499492,0.570944,816.70912,70.644688,-1.269127,-0.053505,21.087884,315.20292,420.23696,744.8488,839.54072,736.9968,121.20706,1028.7462,915.39448,117.84312,0,0,0,0,0.85,-1.23,0,0
2025/05/25 09:54:00.136,n,18.595508,29.378728,1597.4438,1597.7584,2.408319,53.61652,49.809252,2.023591,819.28152,72.973936,-1.26091,-0.061737,21.105088,316.013,419.60512,745.1084,787.68528,777.80768,81.61924,980.53128,959.18864,77.017536,0,0,0,0,0.95,-1.54,0,0
2025/05/25 09:55:00.137,n,18.546582,29.559052,1596.0482,1595.3814,2.863564,48.428224,48.610752,0.440614,818.27296,69.95264,-1.270012,-0.05368,21.104012,315.21948,420.31448,747.104,892.91232,889.28584,30.352924,1107.7046,1084.4052,38.41484,0,0,0,0,0.71,-1.29,0,0
2025/05/25 09:56:00.137,n,18.500832,29.553974,1594.0022,1590.0508,4.753946,47.831404,48.001636,0.184878,816.15432,68.738264,-1.243958,-0.019714,21.173872,317.87708,423.7348,746.19184,894.3732,742.23592,148.26666,1087.5688,939.57104,132.75278,0,0,0,0,0.85,-1.22,0,0
2025/05/25 09:57:00.140,n,18.903908,29.81252,1589.5046,1588.2778,1.897367,48.323624,48.048544,0.324158,818.01768,70.955592,-1.257698,-0.009659,21.28562,317.33508,425.27444,745.81408,747.3864,645.43672,118.65434,920.37504,838.10824,98.4378,0,0,0,0,1.07,-1.21,0,0
2025/05/25 09:58:00.144,n,18.88921,28.964766,1584.1022,1572.7136,8.087027,47.866784,48.21826,0.535279,810.23984,70.122384,-1.264122,-0.050003,21.280268,316.74842,421.66052,738.90336,778.84248,725.9324,108.43984,958.1924,916.56624,86.188744,0,0,0,0,0.84,-1.23,0,0
2025/05/25 09:59:00.145,n,18.770168,29.25954,1592.854,1588.3442,4.09878,48.323624,48.528716,0.530882,817.68504,70.828744,-1.268227,-0.052101,21.333938,316.7042,421.78504,745.64016,849.69792,700.18992,120.1782,1042.3316,894.3688,109.84626,0,0,0,0,0.98,-1.31,0,0
2025/05/25 10:00:07.282,n,18.907176,29.399092,1612.4886,1601.091,7.113368,48.782004,48.534872,0.391561,828.84672,71.773872,-1.259842,-0.035469,21.4231,317.94604,423.77868,755.84848,536.88252,591.70464,97.74892,741.86232,795.23488,81.760624,0,0,0,0,0.82,-1.25,0,0
2025/05/25 10:01:00.149,n,18.947902,28.615204,1615.7026,1613.652,2.04939,48.8866,50.116892,1.030113,830.95304,71.802472,-1.2668,-0.071373,21.387644,317.13858,420.38448,757.95512,818.99136,635.11568,148.17204,997.11328,816.74176,134.5892,0,0,0,0,0.7,-1.66,0,0
2025/05/25 10:02:00.151,n,18.905518,28.4821,1626.6334,1620.1184,5.495453,49.554172,49.08528,0.499609,834.90168,71.068128,-1.263413,-0.078033,21.435962,317.71186,420.0732,762.64816,512.35516,574.72252,115.94698,731.13576,767.0264,97.510768,0,0,0,0,0.8,-1.42,0,0
2025/05/25 10:03:00.154,n,18.758694,29.661152,1619.9354,1622.2042,2.366432,48.95736,49.261152,0.210097,831.25112,69.924024,-1.259842,-0.040543,21.48105,318.2821,423.66416,760.10784,676.79608,677.0736,126.25014,897.46336,865.56304,123.88826,0,0,0,0,0.71,-1.28,0,0
2025/05/25 10:04:00.138,n,19.0229,28.555486,1633.4848,1627.274,6.557439,49.201928,49.296008,0.293484,839.14264,71.025848,-1.260735,-0.020592,21.527154,318.47248,425.70356,766.87664,541.82392,619.21136,116.83322,729.98728,811.87448,104.77834,0,0,0,0,0.79,-1.3,0,0
2025/05/25 10:05:00.135,n,19.15166,28.939228,1532.109,1571.4576,51.934576,46.811588,47.520952,1.497459,781.31656,66.476172,-1.270195,-0.03949,21.636594,318.28952,424.66064,713.6096,690.95576,736.55904,65.958704,899.40384,931.27736,48.26282,0,0,0,0,0.75,-1.3,0,0
2025/05/25 10:06:00.135,n,19.156544,28.884688,1499.1404,1524.0548,16.480292,45.510284,46.249632,0.537645,773.77536,64.376992,-1.270905,-0.03949,21.662356,318.3778,424.81032,708.16696,703.70816,778.97928,92.133056,913.85208,966.50024,86.755984,0,0,0,0,0.78,-1.27,0,0
2025/05/25 10:07:00.135,n,19.192382,28.615204,1501.0438,1500.4232,10.34408,46.004044,45.693072,0.538915,767.02256,64.250764,-1.275726,-0.062263,21.712768,318.25378,423.08084,701.55832,768.54904,604.93836,92.388312,943.70656,798.1984,82.420568,0,0,0,0,0.92,-1.3,0,0
2025/05/25 10:08:00.135,n,19.13213,29.22209,1588.4492,1564.0192,30.265492,48.9912,48.0365,1.254523,815.1664,69.68464,-1.269302,-0.055603,21.724524,318.8778,423.74068,744.26808,463.61688,590.72856,122.57886,668.03956,788.01032,106.7675,0,0,0,0,0.62,-1.53,0,0
2025/05/25 10:09:00.136,n,19.024514,28.562322,1629.6144,1606.549,16.852298,49.83412,49.237048,0.553575,835.01216,70.828744,-1.258774,-0.072075,21.740622,319.88226,422.37152,762.99672,786.72136,602.9482,167.24518,949.70312,776.18096,149.88214,0,0,0,0,0.74,-1.23,0,0
2025/05/25 10:10:00.135,n,19.22002,29.097676,1652.859,1638.7856,8.14862,50.081772,49.77696,0.232597,846.52248,72.014512,-1.269653,-0.01709,21.814576,319.37136,427.68496,773.25536,654.35664,617.394,118.82846,822.83744,813.40384,106.59432,0,0,0,0,0.72,-1.46,0,0
2025/05/25 10:11:00.135,n,19.114162,28.009002,1642.3614,1647.8272,4.64758,50.607832,50.297884,0.271713,846.62152,72.66304,-1.27359,-0.068039,21.82633,319.09918,423.22856,772.75296,843.238,701.60376,138.32336,1017.2462,886.73128,118.913,0,0,0,0,0.51,-1.66,0,0
2025/05/25 10:12:00.137,n,18.926708,28.45993,1648.7238,1643.312,4.753946,49.94026,50.110228,0.464354,847.89672,71.647024,-1.272514,-0.043167,21.856338,319.3671,425.61228,775.02032,518.92548,634.23576,91.780992,725.4712,843.78,80.8344,0,0,0,0,0.62,-1.43,0,0
2025/05/25 10:13:00.135,n,18.932598,28.975454,1647.4886,1648.8008,1.48324,50.115612,50.29814,0.415989,847.78224,71.987152,-1.272362,-0.03582,21.877238,319.50186,426.38632,774.55856,781.55,695.92672,112.65944,970.65184,886.37456,93.664288,0,0,0,0,0.82,-1.15,0,0
2025/05/25 10:14:00.136,n,19.330208,28.470622,1655.5468,1652.8364,3.49285,51.100048,50.19252,0.563887,853.40232,73.962592,-1.283257,-0.033897,21.957596,319.02778,427.02544,778.19032,827.82432,685.28472,168.65882,1024.365,868.20248,156.72716,0,0,0,0,1.1,-1.14,0,0
2025/05/25 10:15:00.135,n,19.05975,28.631022,1655.639,1656.5846,2.236068,49.975636,50.561688,0.627339,850.93472,71.436856,-1.272186,-0.058243,21.942608,319.89786,424.7758,778.28392,780.72472,815.03512,47.347648,978.64824,1002.34,49.026524,0,0,0,0,0.73,-1.25,0,0
2025/05/25 10:16:00.135,n,19.139584,28.827116,1657.6438,1658.3628,1,49.90488,50.004864,0.096825,852.7664,72.60832,-1.270935,-0.012115,22.050724,320.6366,429.50284,778.89928,867.026,818.66768,71.720288,1066.0228,1000.8294,73.237968,0,0,0,0,0.76,-1.28,0,0
2025/05/25 10:17:00.135,n,19.447444,27.92399,1664.1448,1659.7338,2.898276,52.489028,50.977508,1.337412,857.0588,74.907104,-1.292008,-0.078918,22.095722,319.07642,423.83276,780.93864,743.35072,639.96428,112.13586,937.08088,835.0784,95.9664,0,0,0,0,0.78,-1.41,0,0
2025/05/25 10:18:00.136,n,19.147736,28.712906,1649.4372,1653.0058,4.516636,50.011012,50.215848,0.393055,850.11128,70.970512,-1.280396,-0.043701,22.148134,320.38688,427.2664,777.90408,618.13344,655.86076,147.26982,828.89384,844.0596,130.6304,0,0,0,0,0.62,-1.3,0,0
2025/05/25 10:19:00.136,n,19.196662,28.885172,1639.7976,1641.6066,2.144761,51.450756,49.969224,0.759574,844.81296,72.396288,-1.293793,-0.041077,22.19842,319.52172,427.79324,771.16392,545.57092,631.68864,132.28586,770.23856,821.70016,116.27748,0,0,0,0,0.8,-1.3,0,0
2025/05/25 10:20:00.139,n,19.362824,28.538884,1646.1334,1647.2554,1,49.80028,50.145352,0.400927,847.27688,71.238512,-1.279503,-0.023392,22.217688,320.87036,429.47636,774.78224,831.78672,629.18092,155.05338,1004.5136,807.26224,140.36256,0,0,0,0,0.81,-1.3,0,0
2025/05/25 10:21:00.139,n,19.764728,28.392106,1651.043,1652.143,2.097618,50.467852,50.127916,0.209631,850.83536,72.96088,-1.305222,-0.036346,22.321408,319.25214,428.93236,776.6056,759.06992,654.88084,115.0063,919.26104,840.28936,98.055592,0,0,0,0,0.79,-1.26,0,0
2025/05/25 10:22:00.134,n,19.554866,27.284,1656.8732,1654.1638,2.569047,50.150988,50.203548,0.151167,852.26192,71.987152,-1.309692,-0.047554,22.38342,319.22828,428.29996,779.01264,729.23496,598.66972,88.89488,881.6824,782.95208,72.17652,0,0,0,0,0.68,-1.39,0,0
2025/05/25 10:23:00.135,n,19.054866,28.52526,1647.6158,1653.6904,3.130495,49.975636,50.43812,0.382478,849.1448,70.010456,-1.292008,-0.085045,22.39518,320.8269,425.0392,777.92736,844.31752,826.74456,69.641576,1038.8338,999.7376,83.64568,0,0,0,0,0.75,-1.26,0,0
2025/05/25 10:24:00.135,n,19.222686,28.961832,1643.3224,1639.6006,5.329165,49.87104,49.729528,0.194655,846.49624,70.236176,-1.294327,-0.030571,22.49351,321.20228,430.453,774.99624,504.40984,580.3916,83.963384,699.15464,775.08736,78.242248,0,0,0,0,0.71,-1.34,0,0
2025/05/25 10:25:00.135,n,19.36761,28.204264,1644.1262,1644.3004,2.097618,50.713968,50.227644,0.51368,846.61728,70.519088,-1.302551,-0.072777,22.47963,320.40964,426.62352,774.86832,828.35904,702.81376,100.6258,1009.3178,889.46192,99.89144,0,0,0,0,0.64,-1.18,0,0
2025/05/25 10:26:00.135,n,19.27179,28.632028,1653.048,1648.963,3.949684,52.876652,51.217724,1.241219,849.99224,71.491576,-1.299484,-0.104156,22.428914,320.3778,423.53952,777.30528,458.32828,527.03328,61.917688,661.35528,727.41416,54.005556,0,0,0,0,0.88,-1.2,0,0
2025/05/25 10:27:00.135,n,19.009488,28.937254,1658.2202,1655.156,5.196152,50.572452,50.76524,0.361205,852.12088,69.825168,-1.304665,-0.08242,22.360528,319.52924,425.06948,781.07336,569.06684,478.6042,49.28818,739.09144,664.56248,39.995624,0,0,0,0,0.84,-1.13,0,0
2025/05/25 10:28:00.137,n,19.175698,29.506102,1650.4178,1652.212,2.645751,49.9741,50.23764,0.43906,851.43016,70.46064,-1.289482,-0.046333,22.421468,321.1994,428.6312,779.7264,486.0278,503.71644,41.953544,669.27648,691.0108,38.792396,0,0,0,0,0.77,-1.34,0,0
2025/05/25 10:29:00.139,n,19.28003,28.384634,1643.9634,1644.5294,1.549193,50.044852,50.126376,0.215149,846.86168,70.348096,-1.291435,-0.067528,22.385218,320.81814,426.53664,775.28968,467.62888,479.70188,32.850418,675.44056,672.8364,21.648324,0,0,0,0,0.75,-1.29,0,0
2025/05/25 10:30:07.049,n,19.229542,28.688344,1645.3546,1644.7826,2.569047,50.114076,50.184064,0.193649,849.08112,70.997256,-1.295189,-0.059998,22.433322,320.77508,427.48704,776.84872,528.86876,514.77376,68.523536,708.104,687.38504,63.986716,0,0,0,0,0.73,-1.25,0,0
2025/05/25 10:31:00.135,n,19.315868,29.182632,1647.5778,1651.1938,4.195236,50.289424,50.470672,0.688919,849.87168,71.731592,-1.290718,-0.068581,22.469638,321.3746,426.93752,776.918,728.1808,637.08012,121.2782,907.1152,814.85648,102.08454,0,0,0,0,0.78,-1.24,0,0
2025/05/25 10:32:00.135,n,19.730862,28.618376,1652.7936,1649.3266,3.435113,50.114076,50.166372,0.170592,851.95696,71.265872,-1.307518,-0.048615,22.529502,320.27224,429.06164,779.43224,720.09776,642.55756,83.611008,906.88328,819.86456,74.490936,0,0,0,0,0.74,-1.22,0,0
2025/05/25 10:33:00.136,n,19.64624,28.218962,1657.8822,1655.8932,3.577709,50.606292,50.658588,0.385276,854.46736,71.816152,-1.310906,-0.059998,22.568984,320.21078,428.28228,781.40024,557.49672,616.96868,131.17222,746.52248,802.5012,118.2992,0,0,0,0,0.77,-1.28,0,0
2025/05/25 10:34:00.135,n,19.476482,29.012018,1653.4118,1657.24,2.236068,50.92162,50.658328,0.267731,854.87024,71.308152,-1.300018,-0.054741,22.655206,321.65844,429.25496,782.3168,859.81896,758.97168,95.726696,1028.6808,941.31808,80.290104,0,0,0,0,0.8,-1.32,0,0
2025/05/25 10:35:00.135,n,19.525264,28.679596,1648.748,1655.8788,4.289522,50.8524,51.174652,0.822653,852.942,72.056168,-1.301445,-0.076462,22.595376,321.18384,426.97476,779.66088,796.71152,677.21408,99.262272,977.78976,867.39824,85.562256,0,0,0,0,0.76,-1.36,0,0
2025/05/25 10:36:00.136,n,19.461788,27.962508,1670.9662,1656.2202,7.758866,51.169268,50.896496,0.692877,858.37792,71.20928,-1.301804,-0.074005,22.582638,321.07812,427.11824,785.9408,780.58944,587.13044,149.17816,945.3288,770.41008,125.63082,0,0,0,0,0.97,-1.1,0,0
2025/05/25 10:37:00.137,n,19.406464,28.35025,1657.0156,1662.4628,5.674505,50.39556,50.635516,0.257694,855.18944,70.8418,-1.297333,-0.035126,22.679736,322.03482,431.14108,783.08544,850.02888,675.48552,143.3759,1023.8762,858.28616,126.9882,0,0,0,0,0.75,-1.22,0,0
2025/05/25 10:38:00.138,n,19.41457,28.19483,1660.5906,1658.9258,3.224903,50.184828,50.489644,0.264797,856.97144,70.46064,-1.304123,-0.053864,22.691494,321.51642,429.54592,785.26048,791.65192,727.72112,48.383364,984.6032,922.99496,44.35764,0,0,0,0,0.72,-1.18,0,0
2025/05/25 10:39:00.139,n,19.579022,28.2461,1672.7806,1668.4166,3.49285,50.606292,50.653208,0.216957,863.4924,72.056168,-1.301804,-0.031448,22.835364,322.56246,432.38204,790.16584,433.20512,463.16516,39.089964,624.79268,661.38024,47.097772,0,0,0,0,0.73,-1.3,0,0
2025/05/25 10:40:00.136,n,19.743282,27.42364,1680.8632,1677.3034,2.828427,52.982788,52.14294,1.273835,866.87728,74.28468,-1.312706,-0.069801,22.80855,321.4618,428.81836,791.34976,711.7564,708.78,61.854668,912.31904,892.19256,49.662864,0,0,0,0,0.43,-1.47,0,0
2025/05/25 10:41:00.135,n,19.38205,27.95909,1672.7806,1675.6548,1.67332,51.413836,51.772752,0.911193,861.83664,71.84476,-1.316277,-0.095566,22.752698,320.8245,426.2018,788.77112,821.96248,787.14664,78.518792,1028.3518,972.30744,82.213136,0,0,0,0,0.72,-1.25,0,0
2025/05/25 10:42:00.135,n,19.274532,28.918318,1663.2098,1668.2832,3,50.535532,50.957768,0.296134,857.31208,69.69832,-1.30555,-0.055267,22.7688,321.8471,429.8754,786.36352,613.07868,708.86032,74.084408,832.93864,912.9808,64.073396,0,0,0,0,0.82,-1.07,0,0
2025/05/25 10:43:00.135,n,19.40158,27.75562,1679.1736,1669.707,6.387488,51.624568,51.605344,0.688352,864.02944,71.533856,-1.314667,-0.085052,22.719286,320.7676,426.93936,791.266,459.89216,475.32344,60.444808,648.2326,665.28084,43.887356,0,0,0,0,0.81,-1.31,0,0
2025/05/25 10:44:00.135,n,19.22409,28.771734,1680.4938,1682.8384,1.549193,51.132352,51.525616,0.474753,864.91688,71.223584,-1.29966,-0.045105,22.746264,322.22428,430.64556,792.43872,621.32524,522.8456,69.64732,787.29464,704.73136,56.152468,0,0,0,0,0.74,-1.23,0,0
2025/05/25 10:45:00.136,n,19.47536,28.551944,1684.5652,1682.6274,2.75681,51.519972,51.602528,0.657291,869.6412,72.620136,-1.304848,-0.054749,22.77801,321.962,429.97564,795.77096,514.25884,482.85372,32.637402,684.3156,666.71588,32.329552,0,0,0,0,0.68,-1.18,0,0
2025/05/25 10:46:00.138,n,19.319012,28.550186,1688.526,1687.3344,1.788854,51.235408,51.644564,0.51425,871.02944,71.928696,-1.302704,-0.053871,22.807012,322.3179,430.224,797.852,636.26844,644.62348,120.33558,815.05632,827.76344,104.38104,0,0,0,0,0.77,-1.28,0,0
2025/05/25 10:47:00.140,n,19.322284,28.184854,1698.5616,1694.1654,3.464102,51.641492,51.94682,0.521978,874.83872,72.860152,-1.308968,-0.09137,22.795222,321.70678,426.82448,800.76096,730.51064,637.82512,97.781384,895.96792,821.43184,82.912304,0,0,0,0,0.74,-1.28,0,0
2025/05/25 10:48:00.142,n,19.29787,28.790714,1701.6978,1700.9492,1.788854,52.3106,52.434172,0.535096,877.15384,72.94472,-1.290024,-0.093651,22.775854,323.23162,426.508,803.01272,582.19716,667.06988,114.82138,793.14032,857.76536,102.05342,0,0,0,0,0.76,-1.3,0,0
2025/05/25 10:49:00.136,n,19.74709,28.85209,1715.9766,1707.0474,5.656854,52.135248,51.852992,0.176777,884.78008,73.297272,-1.276634,-0.019913,22.874656,324.97094,433.63772,810.22608,784.17272,648.39644,118.82066,944.5812,834.46616,100.07224,0,0,0,0,0.78,-1.28,0,0
2025/05/25 10:50:00.135,n,20.184246,28.645694,1725.6298,1718.7914,3.687818,52.34752,52.252668,0.265533,891.00976,75.539464,-1.268601,0.017899,22.986264,326.32288,437.65276,814.18376,522.39148,596.60944,102.5322,729.64864,780.01336,84.646328,0,0,0,0,0.77,-1.28,0,0
2025/05/25 10:51:00.135,n,20.003876,27.321182,1718.95,1718.189,2.097618,54.11028,53.263508,0.832448,889.07296,76.046856,-1.306999,-0.081902,22.902582,322.50854,428.29684,811.80104,748.67272,744.3872,124.13178,918.466,916.03472,109.3037,0,0,0,0,0.99,-1.14,0,0
2025/05/25 10:52:00.135,n,19.52087,28.90839,1699.3914,1706.09,5.656854,51.675332,52.598756,0.794758,880.50056,72.182392,-1.284668,-0.060349,22.851042,324.13706,429.90768,807.09384,786.32216,736.68328,92.065464,949.80632,921.23368,78.732464,0,0,0,0,0.78,-1.37,0,0
2025/05/25 10:53:00.135,n,19.699872,28.261758,1731.8438,1714.2714,13.520356,55.273148,53.533712,1.51606,895.38808,74.975496,-1.28788,-0.077522,22.849996,323.85308,428.37636,819.20216,653.90224,740.946,80.61916,860.61688,927.16072,61.772972,0,0,0,0,0.75,-1.09,0,0
2025/05/25 10:54:00.138,n,19.685222,28.983292,1735.1468,1744.6114,7.797436,53.22736,53.551408,0.343466,912.3132,76.807928,-1.28717,-0.022362,22.921886,324.33734,433.69804,834.2404,772.08384,617.33496,94.084272,939.14712,803.86984,80.222192,0,0,0,0,0.74,-1.27,0,0
2025/05/25 10:55:00.139,n,19.982784,28.24462,1787.3428,1738.707,44.8687,53.581144,52.749496,0.882335,913.8596,76.455368,-1.273773,-0.024109,22.995934,325.9324,433.97904,836.15456,893.18784,831.17704,64.540688,1082.9676,1011.7228,72.728264,0,0,0,0,0.78,-1.28,0,0
2025/05/25 10:56:00.141,n,20.453976,28.307804,1673.0412,1736.8018,54.80146,51.130812,52.969972,1.542877,877.38344,73.706416,-1.280922,0.002106,23.102088,325.93958,436.93272,802.39392,867.80264,757.2912,77.092472,1040.3412,941.43296,66.010604,0,0,0,0,0.77,-1.3,0,0
2025/05/25 10:57:00.145,n,20.314128,25.686466,1763.6072,1751.4674,42.137872,53.68728,53.090716,1.172771,917.5732,78.103136,-1.299141,-0.013168,23.213606,325.02152,436.2342,838.18408,711.18736,670.01512,121.64086,884.46992,838.8208,103.45434,0,0,0,0,0.78,-1.35,0,0
2025/05/25 10:58:00.136,n,19.753582,26.629484,1761.7424,1762.7042,3.633181,53.299656,53.551664,0.340037,914.77896,76.427392,-1.275391,-0.015625,23.314348,327.6712,436.6112,837.09184,723.61512,610.91876,84.811264,880.8332,790.78232,71.016896,0,0,0,0,0.76,-1.29,0,0
2025/05/25 10:59:00.135,n,19.955146,26.446524,1758.5612,1756.975,2.097618,55.343904,54.103612,0.774345,913.87072,78.24428,-1.307175,-0.079102,23.375432,325.28268,431.3348,834.3984,639.45888,647.23436,107.4081,826.23208,831.67752,89.8866,0,0,0,0,0.76,-1.25,0,0
2025/05/25 11:00:07.045,n,19.734004,27.29545,1787.1608,1774.8094,9.67471,54.602496,54.426892,0.191621,929.85784,77.343296,-1.291992,-0.060532,23.432176,326.93182,433.3198,851.28312,659.41832,651.3122,151.20946,1122.5516,873.72824,177.6612,0,0,0,0,0.79,-1.3,0,0
2025/05/25 11:01:00.136,n,20.020138,26.798574,1375.522,1672.7114,190.7176,44.873476,51.935284,5.103404,723.09152,59.041984,-1.316284,-0.067184,23.44289,324.8938,432.79232,662.8004,567.7274,725.04448,95.363776,773.194,938.77544,107.22546,0,0,0,0,0.79,-1.23,0,0
2025/05/25 11:02:00.135,n,20.171368,26.033446,1890.0648,1767.1592,166.21672,58.303372,54.81374,5.219218,981.73128,83.939304,-1.295525,-0.071045,23.380104,326.31812,432.07796,896.56752,575.25232,677.23736,138.84956,789.33808,860.38704,126.97952,0,0,0,0,0.13,-1.3,0,0
2025/05/25 11:03:00.138,n,19.807308,26.421774,1418.6432,1674.6128,164.79808,43.290684,52.650284,6.039809,745.51592,57.712584,-1.31089,-0.103645,23.293276,324.4757,428.66952,686.59608,533.48,694.23712,127.6129,738.23032,877.61888,108.2802,0,0,0,0,0.81,-1.39,0,0
2025/05/25 11:04:00.140,n,19.685334,27.036814,1835.5862,1717.1632,212.71482,57.70348,52.523388,6.468313,926.45144,76.424904,-1.29303,-0.067719,23.268648,325.87524,431.71472,848.80128,579.09328,604.42144,75.239616,773.55696,787.94088,62.676552,0,0,0,0,0.55,-1.27,0,0
2025/05/25 11:05:00.142,n,19.600766,26.291844,1888.194,1871.9206,50.135816,57.951128,58.103148,1.231742,981.81688,81.45088,-1.280167,-0.058601,23.19688,326.56412,432.10056,899.14448,458.78804,460.87256,55.150248,643.14824,648.94428,48.114448,0,0,0,0,0.83,-1.22,0,0
2025/05/25 11:06:00.145,n,19.700032,26.975388,1899.1798,1848.9662,48.73192,58.761748,56.587528,1.597728,986.31656,83.46176,-1.268028,-0.02079,23.283706,328.12702,435.97144,901.6076,514.2334,535.62768,117.71332,719.34456,713.7048,108.67498,0,0,0,0,0.78,-1.25,0,0
2025/05/25 11:07:00.135,n,20.099884,26.153268,1882.8132,1894.5582,7.293833,57.421988,58.314908,0.867152,986.12496,83.86904,-1.272667,-0.024467,23.284752,327.7319,435.651,901.00784,585.07324,662.6568,99.244648,760.57208,833.31224,82.86012,0,0,0,0,0.73,-1.24,0,0
2025/05/25 11:08:00.135,n,20.540462,26.192576,1846.8088,1856.753,9.033272,56.188364,56.50574,0.285728,967.17864,82.53404,-1.260178,0.015099,23.375794,329.35038,439.70296,883.36936,748.22464,622.70808,80.352976,892.85432,793.76352,62.981744,0,0,0,0,0.79,-1.21,0,0
2025/05/25 11:09:00.135,n,20.273616,25.320554,1828.3306,1835.2964,5.403703,57.317396,56.670332,0.50156,957.02376,82.336936,-1.300163,-0.042496,23.3951,326.00568,434.70224,873.42912,745.27784,667.84448,96.824064,902.60136,832.98336,76.514704,0,0,0,0,0.69,-1.28,0,0
2025/05/25 11:10:00.135,n,20.115608,26.119496,1821.6134,1823.1432,2,57.386612,56.881572,1.002925,953.1888,81.677832,-1.300552,-0.047577,23.328198,325.5763,433.85524,870.25792,813.95168,682.91288,129.82392,986.65216,854.51216,115.31088,0,0,0,0,0.71,-1.21,0,0
2025/05/25 11:11:00.138,n,20.071758,25.955188,1787.2948,1806.6486,14.127986,54.710172,56.130936,1.17027,935.66328,77.666624,-1.309128,-0.057381,23.285342,324.58126,432.7314,856.74488,594.97716,664.6892,113.2175,780.79816,848.58304,94.106856,0,0,0,0,0.72,-1.43,0,0
2025/05/25 11:12:00.141,n,19.87513,26.63766,1764.7812,1769.0868,5.761945,53.722656,54.20436,0.372387,922.35208,76.28624,-1.308235,-0.030067,23.296088,324.72198,435.2206,844.78768,481.71984,568.12592,124.07368,674.48856,753.12368,104.75926,0,0,0,0,0.83,-1.32,0,0
2025/05/25 11:13:00.143,n,19.912484,26.393224,1757.4122,1764.8056,4.335897,54.745548,54.4979,0.541987,922.4932,78.455688,-1.32164,-0.036018,23.313238,323.66376,434.79344,842.75184,763.53528,662.2094,130.626,940.37824,826.56568,127.95606,0,0,0,0,0.75,-1.32,0,0
2025/05/25 11:14:00.438,n,19.940166,25.895228,1779.4028,1772.456,5.25357,54.920904,54.879884,0.40745,928.8668,77.69524,-1.30323,-0.034096,23.295008,325.1486,434.85648,849.9024,582.87952,616.22844,76.893104,790.35968,803.96144,72.47448,0,0,0,0,0.62,-1.13,0,0
2025/05/25 11:15:00.149,n,19.969368,25.595376,1785.437,1790.629,4.690416,55.343904,55.93738,1.151765,933.70504,78.174008,-1.302345,-0.051598,23.227458,324.82604,432.90308,854.28024,771.55624,695.94256,140.81654,949.83136,878.09512,131.27414,0,0,0,0,0.32,-1.83,0,0
2025/05/25 11:16:00.135,n,19.712482,26.01681,1630.8776,1705.4056,93.64828,50.935464,53.584732,3.777607,824.42472,66.829352,-1.292694,-0.056328,23.1814,325.38912,432.21116,756.35904,429.51868,472.39836,44.210856,614.34796,669.32488,58.369516,0,0,0,0,1.29,-1.27,0,0
2025/05/25 11:17:00.135,n,19.819854,26.360754,1664.2232,1711.8678,94.889408,51.078516,53.393232,2.085759,829.02944,67.324304,-1.293053,-0.055984,23.164282,325.25708,432.1406,760.46816,691.02896,600.0186,92.704632,848.8592,779.74216,71.454176,0,0,0,0,0.81,-1.32,0,0
2025/05/25 11:18:00.136,n,19.891632,26.29696,1753.0646,1462.3262,294.59634,54.710172,45.98276,8.697264,866.48416,72.462824,-1.291596,-0.057205,23.09314,324.96356,431.61264,792.78688,892.37368,817.52432,54.860732,1070.8934,993.35152,61.80534,0,0,0,0,0.68,-1.27,0,0
2025/05/25 11:19:00.140,n,19.992412,26.279822,1332.897,1273.425,276.04312,42.232412,39.343956,8.339161,703.68976,56.96332,-1.297836,-0.080856,23.036272,324.08854,429.177,645.50948,480.20204,579.32256,115.75016,680.6116,780.69832,102.57388,0,0,0,0,0.7,-1.27,0,0
2025/05/25 11:20:00.141,n,20.084992,26.295252,1806.4148,1524.0094,299.95066,56.117612,47.30432,9.162168,949.50912,81.99868,-1.260002,-0.05616,23.0138,327.22886,431.23776,866.30664,413.7704,432.61556,15.86742,611.60384,625.06392,14.887916,0,0,0,0,0.87,-1.28,0,0
2025/05/25 11:21:00.143,n,20.313946,26.16864,1791.9776,1796.0854,2.75681,55.41312,55.272372,0.120221,939.06048,80.507616,-1.256966,-0.007195,23.140338,328.2376,436.33248,857.30312,578.53552,453.22372,64.52906,733.32552,629.30816,53.782896,0,0,0,0,0.81,-1.27,0,0
2025/05/25 11:22:00.146,n,20.568,25.99574,1787.3444,1783.9072,2.607681,58.05572,55.683072,1.433146,937.4852,82.786496,-1.269455,-0.004738,23.259274,327.85926,437.25264,853.434,772.11072,602.2032,113.03784,916.99984,767.25336,98.071656,0,0,0,0,0.65,-1.32,0,0
2025/05/25 11:23:00.146,n,20.156476,26.040272,1784.2994,1787.6278,1.549193,56.611368,56.371156,0.899218,935.74856,79.550672,-1.261063,-0.044075,23.214292,328.31962,433.49352,854.98096,764.43736,793.84176,20.99881,970.45144,972.5272,25.643712,0,0,0,0,0.8,-1.26,0,0
2025/05/25 11:24:00.149,n,20.292854,25.88617,1777.1054,1781.7896,2.280351,55.342364,55.871248,0.777365,933.64024,78.903384,-1.27195,-0.019836,23.233594,327.49164,435.76,853.48472,551.44372,700.45896,99.311128,766.33672,891.37112,84.557672,0,0,0,0,0.93,-1.31,0,0
2025/05/25 11:25:00.136,n,20.40506,25.690906,1784.2066,1780.4532,3.224903,56.32988,55.924304,0.492125,934.996,79.424448,-1.258034,-0.0439,23.197144,328.48038,433.40788,854.35736,702.82016,478.14672,115.18388,855.44416,658.5628,100.2861,0,0,0,0,0.92,-1.19,0,0
2025/05/25 11:26:00.136,n,20.339924,25.618886,1776.373,1778.2578,4,56.963612,56.558812,1.04974,931.89592,80.12832,-1.263565,-0.072624,23.130702,327.60986,430.4648,850.57672,549.24256,727.85568,129.32382,755.66488,907.45176,110.57622,0,0,0,0,0.9,-1.32,0,0
2025/05/25 11:27:00.138,n,19.891632,26.307214,1783.659,1778.6188,3.03315,55.694608,55.707168,0.565962,933.14512,78.593728,-1.241982,-0.063332,23.12316,329.4325,431.2456,853.37272,787.78504,593.01628,131.69188,952.96464,771.01832,119.76414,0,0,0,0,0.83,-1.24,0,0
2025/05/25 11:28:00.140,n,19.989144,26.628602,1786.5836,1787.2324,0.632456,55.306988,55.683584,0.286411,935.8888,78.4246,-1.234139,-0.008949,23.141416,330.2186,436.18296,856.23904,460.91148,601.32208,116.45364,655.62236,786.35424,102.87006,0,0,0,0,0.85,-1.33,0,0
2025/05/25 11:29:00.141,n,20.312336,26.42694,1779.728,1780.0522,2.097618,55.554636,55.671788,0.331309,936.54552,80.001472,-1.224327,0.000526,23.20998,331.47202,437.42916,855.3192,629.63512,653.82636,106.83,818.28744,825.11496,91.750744,0,0,0,0,0.75,-1.3,0,0
2025/05/25 11:30:07.072,n,20.74876,26.221668,1778.5386,1774.4254,2.75681,56.294504,55.648208,0.466871,939.36256,83.123504,-1.242699,0.01387,23.322514,330.5474,439.27884,854.98248,539.17908,650.89776,94.796888,728.35184,831.39968,83.083392,0,0,0,0,0.68,-1.33,0,0
2025/05/25 11:31:00.146,n,20.641338,25.505798,1644.6022,1743.924,56.557932,52.698224,55.360052,1.78262,881.20376,76.80544,-1.258392,-0.014915,23.351424,329.36066,436.8932,803.15488,748.23816,686.8228,106.18146,899.03152,857.80696,85.278952,0,0,0,0,0.51,-1.69,0,0
2025/05/25 11:32:00.150,n,20.305828,25.654822,1727.7452,1727.6982,5.09902,56.048388,55.40774,1.498697,909.95528,78.04468,-1.277847,-0.088051,23.34486,327.63892,430.35928,830.7208,608.15564,611.2238,110.37572,783.54912,797.59552,98.239248,0,0,0,0,0.82,-1.3,0,0
2025/05/25 11:33:00.151,n,19.686688,26.474744,1706.7422,1728.5338,11.331372,53.756496,54.1795,0.413162,890.46872,73.12628,-1.269463,-0.070877,23.384514,328.59878,432.11904,816.14376,587.74696,658.50728,119.76498,795.49728,831.25736,107.82694,0,0,0,0,0.75,-1.35,0,0
2025/05/25 11:34:00.138,n,19.613544,27.173182,1751.3414,1747.6282,2.966479,55.096256,54.784516,0.343466,920.1224,75.367848,-1.26268,-0.045837,23.441258,329.52112,434.67844,843.53768,772.91976,638.7354,160.0567,952.01096,813.01296,151.42408,0,0,0,0,0.73,-1.25,0,0
2025/05/25 11:35:00.140,n,19.850948,26.876256,1759.727,1756.835,2.683282,55.942256,55.460036,0.56458,925.7796,77.692752,-1.255722,-0.056335,23.435902,330.09144,433.71452,846.88744,419.56628,446.35768,30.82207,599.79364,636.95476,33.786832,0,0,0,0,0.58,-1.44,0,0
2025/05/25 11:36:00.135,n,19.987468,26.355016,1765.8716,1764.6282,1.549193,56.152988,56.493952,1.109441,929.67568,78.002392,-1.242699,-0.073158,23.38239,330.90136,431.9038,850.50376,518.09948,695.18816,109.56208,725.81464,876.27896,89.3812,0,0,0,0,0.67,-1.38,0,0
2025/05/25 11:37:00.135,n,20.112568,26.471278,1777.0424,1770.924,3.741658,56.436012,56.499848,0.743986,936.80504,78.678288,-1.228073,-0.030602,23.365242,332.06512,435.58188,856.92928,689.56728,662.24092,109.64102,851.93184,840.65984,97.300048,0,0,0,0,1.05,-1.26,0,0
2025/05/25 11:38:00.135,n,20.218136,26.408044,1789.777,1787.0536,3.286335,56.294504,56.564192,0.533268,945.40464,79.67752,-1.200638,-0.02343,23.294552,334.02066,435.80104,864.54992,636.16932,679.81168,93.49572,825.51728,851.76816,80.54936,0,0,0,0,0.86,-1.29,0,0
2025/05/25 11:39:00.135,n,20.706418,25.894666,1802.144,1793.4234,5.25357,57.069748,56.817232,0.351892,952.61976,82.828152,-1.207405,-0.006142,23.415548,334.15066,438.0518,868.5904,546.62244,512.62696,60.901764,716.01336,686.24264,48.238988,0,0,0,0,0.7,-1.32,0,0
2025/05/25 11:40:00.135,n,20.877362,25.613758,1805.8346,1800.3032,3.464102,56.928236,56.769796,0.181142,959.26744,84.34596,-1.215958,0.029121,23.55687,334.24728,442.01996,873.67648,496.89196,556.42536,44.904344,674.2316,724.5848,36.392308,0,0,0,0,0.79,-1.41,0,0
2025/05/25 11:41:00.136,n,20.710048,25.257266,1823.038,1813.0528,7.615773,57.70348,57.527616,0.40745,969.77096,83.629656,-1.226326,-0.034462,23.650922,333.90778,436.93056,884.94944,650.02772,496.7836,76.705608,809.77656,678.23312,68.611224,0,0,0,0,0.74,-1.3,0,0
2025/05/25 11:42:00.137,n,20.385876,26.688516,1829.2404,1807.7668,31.349642,57.315856,56.786976,0.868053,970.26264,82.547104,-1.215637,-0.008606,23.77386,335.562,439.9564,886.50848,559.49988,674.54296,74.756608,753.14144,833.1228,66.576644,0,0,0,0,0.75,-1.31,0,0
2025/05/25 11:43:00.135,n,20.653016,25.994132,1829.6662,1829.3532,7.071068,57.984968,57.827044,0.372911,972.4512,83.545088,-1.220093,-0.00843,23.90964,335.9832,440.77864,887.69448,681.25672,601.82844,87.954816,834.84264,791.9036,157.54588,0,0,0,0,0.79,-1.27,0,0
2025/05/25 11:44:00.135,n,20.876064,26.444082,1619.3284,1753.7666,123.60584,52.133708,55.523868,3.295238,861.99704,74.325104,-1.222939,0.029816,24.079408,336.74724,445.18548,786.4192,828.9208,797.37472,62.279208,1008.89,954.96288,75.3472,0,0,0,0,0.8,-1.3,0,0
2025/05/25 11:45:00.135,n,21.11628,25.48332,1616.1786,1748.7548,156.1115,51.252332,54.858348,4.812784,878.8588,72.970824,-1.238434,-0.016678,24.180828,336.01108,441.6606,804.66616,619.79188,739.70576,75.239952,806.34464,906.03952,65.061508,0,0,0,0,0.73,-1.23,0,0
2025/05/25 11:46:00.135,n,21.423408,25.02868,1271.0288,1441.1578,198.6142,41.104924,45.807408,5.927442,731.37648,59.533824,-1.262688,-0.065277,24.23742,334.25062,437.68212,670.64528,611.3576,698.37264,99.641864,806.66816,860.92696,90.055544,0,0,0,0,0.65,-1.15,0,0
2025/05/25 11:47:00.135,n,21.156856,24.748748,978.09696,1265.1122,170.41244,32.338806,40.827792,5.327021,538.97888,39.602164,-1.298035,-0.101379,24.14456,330.63922,433.9222,498.18004,784.5256,575.85076,134.93832,938.88544,743.7192,118.88146,0,0,0,0,0.84,-1.47,0,0
2025/05/25 11:48:00.135,n,20.535176,25.395818,883.01424,1181.1892,363.60956,30.331474,39.008116,11.37815,460.19228,29.785256,-1.303757,-0.124535,23.99508,329.25412,430.97568,429.2278,609.12908,535.67876,65.018652,773.66232,716.36712,53.867892,0,0,0,0,0.94,-1.22,0,0
2025/05/25 11:49:00.135,n,19.873878,25.925556,1454.206,1356.1742,329.24216,47.013092,44.675564,10.05518,761.77432,58.376664,-1.271637,-0.11805,23.82705,331.03364,430.5526,702.24408,584.87224,669.81164,105.67758,792.54608,846.54608,96.85556,0,0,0,0,0.9,-1.53,0,0
2025/05/25 11:50:00.136,n,19.885254,26.823262,1573.5566,1774.2806,176.48002,50.549376,56.611112,5.091008,852.28104,69.711384,-1.250221,-0.067207,23.87942,333.19738,435.37908,781.38656,812.56704,625.66912,115.8717,981.86472,807.42,107.28724,0,0,0,0,0.68,-1.28,0,0
2025/05/25 11:51:00.139,n,19.850796,26.496726,1653.896,1441.751,155.1741,52.841276,46.465756,4.914961,830.66328,66.67266,-1.26786,-0.099983,23.758996,330.95618,431.75292,762.82272,509.008,685.62984,101.61176,710.41752,868.0784,89.220512,0,0,0,0,1.41,-1.04,0,0
2025/05/25 11:52:00.135,n,19.92389,26.476218,858.35952,1160.525,219.1755,28.708688,37.640676,6.714636,472.9306,30.9505,-1.282669,-0.083687,23.553636,328.45742,431.98248,440.78112,458.76756,565.39484,73.638816,654.28284,744.07368,58.006896,0,0,0,0,0.93,-1.22,0,0
2025/05/25 11:53:00.135,n,20.110706,26.577048,1880.8394,1480.1714,310.4368,58.407968,47.106412,9.531066,966.4268,80.704104,-1.254128,-0.055824,23.496924,330.59046,434.12096,884.5244,802.44288,638.77464,132.032,975.6544,821.28864,127.04704,0,0,0,0,0.92,-1.06,0,0
2025/05/25 11:54:00.135,n,20.43932,26.171824,1850.4856,1561.2148,276.1181,58.726372,49.602888,8.514178,979.04808,84.752608,-1.233971,-0.030273,23.545108,332.61948,436.67552,893.09176,532.24316,540.05232,57.51152,707.29752,726.12696,50.246392,0,0,0,0,0.63,-1.33,0,0
2025/05/25 11:55:00.135,n,20.633168,26.373678,1848.9354,1806.1242,59.63556,58.303372,56.834656,1.914276,979.10184,84.949096,-1.233261,0.022812,23.676666,333.46064,442.1698,892.89664,523.49852,472.8922,49.678216,684.68424,643.25592,39.375756,0,0,0,0,0.75,-1.29,0,0
2025/05/25 11:56:00.135,n,20.975472,25.299432,633.49316,1466.3492,572.269,21.163888,46.628292,17.426076,383.24132,25.461288,-1.278015,-0.028618,23.723092,329.86456,437.87768,356.53064,752.86672,779.63576,76.676592,920.99328,930.9908,77.024024,0,0,0,0,0.79,-1.24,0,0
2025/05/25 11:57:00.136,n,20.55716,25.659442,476.95032,475.43712,17.724278,16.363214,16.07506,0.71165,235.7896,10.351032,-1.294083,-0.138924,23.376414,326.42102,426.02784,224.28342,834.50896,689.75984,122.76808,1005.8162,861.9628,112.20784,0,0,0,0,0.91,-1.15,0,0
2025/05/25 11:58:00.137,n,20.1535,26.150848,1616.3004,1254.302,451.80548,51.252332,40.601936,13.73947,760.36376,60.843948,-1.260346,-0.101387,23.347506,329.1686,429.1906,698.3608,893.58024,824.58576,56.72698,1080.8818,1006.6398,59.619628,0,0,0,0,0.8,-1.44,0,0
2025/05/25 11:59:00.139,n,20.059308,26.13542,1725.1684,1709.7856,70.008568,55.234692,54.71222,2.65305,916.4208,77.985608,-1.249817,-0.065117,23.365698,330.18688,432.51928,837.25048,856.27456,804.80472,36.764116,1039.1088,991.15536,32.773464,0,0,0,0,0.8,-1.21,0,0
2025/05/25 12:00:07.051,n,20.211944,26.650116,1703.3912,1717.9852,8.485282,54.213336,54.824508,0.415519,907.81376,76.94348,-1.247864,-0.015099,23.436358,330.7739,437.37944,829.63752,795.30832,690.1528,122.17898,956.38944,875.00536,108.46844,0,0,0,0,0.83,-1.34,0,0
2025/05/25 12:01:00.135,n,20.506672,26.250066,1705.1738,1714.6146,6.572671,54.284092,54.706576,0.346297,906.88152,77.253136,-1.251785,-0.002281,23.506984,330.85266,438.93572,828.37888,753.98208,676.47824,92.331744,920.07888,852.34768,80.095568,0,0,0,0,0.72,-1.27,0,0
2025/05/25 12:02:00.136,n,20.584796,25.938592,1701.0256,1707.7424,4,54.390228,55.177004,0.994713,906.24192,77.929032,-1.265701,-0.00843,23.556218,329.94036,438.68116,827.05568,675.8908,626.25044,115.3161,834.32016,801.15496,102.30322,0,0,0,0,0.73,-1.28,0,0
2025/05/25 12:03:00.135,n,20.622608,26.101334,1709.4414,1709.349,2.898276,56.29296,55.44722,0.658775,909.60776,78.155368,-1.278915,-0.037285,23.568238,328.86854,436.1898,830.21072,522.23604,612.3092,101.65456,710.89536,790.44928,86.7286,0,0,0,0,0.78,-1.37,0,0
2025/05/25 12:04:00.136,n,20.577004,26.014028,1712.1848,1711.5752,3.577709,56.434476,54.948332,0.760602,914.152,77.33832,-1.268387,-0.030373,23.591756,329.91876,436.94316,835.57568,508.61832,610.42932,122.14336,691.72704,790.71336,101.64694,0,0,0,0,1.04,-1.23,0,0
2025/05/25 12:05:00.135,n,20.521634,26.067106,1735.529,1725.943,8.342662,55.659228,55.62334,0.611734,927.15048,78.549576,-1.263214,-0.018608,23.600318,330.41688,438.0386,847.35624,628.00648,669.2356,94.631128,804.84664,844.91096,85.318816,0,0,0,0,0.86,-1.53,0,0
2025/05/25 12:06:00.136,n,20.46133,26.2382,1765.3294,1755.168,7.771744,56.294504,56.140932,0.344601,941.8844,80.28004,-1.235573,0.005615,23.692314,333.35352,440.73544,860.36312,635.23644,733.51792,81.385808,823.79832,898.9192,71.39188,0,0,0,0,0.81,-1.27,0,0
2025/05/25 12:07:00.137,n,20.503712,25.776042,1763.1594,1760.258,10.583006,56.505232,56.6693,0.725646,943.66128,81.377504,-1.2509,-0.004036,23.786374,332.58588,440.43656,861.03688,489.42644,472.87808,26.612498,663.1538,655.49776,35.631448,0,0,0,0,0.85,-1.36,0,0
2025/05/25 12:08:00.139,n,20.363574,26.53395,1762.3348,1751.9462,5.440588,56.680584,56.574708,0.32536,944.08072,80.758192,-1.235748,0.016144,23.846226,334.25204,442.58416,862.07064,808.55136,745.35248,50.233952,988.92336,917.62368,64.748748,0,0,0,0,0.74,-1.32,0,0
2025/05/25 12:09:00.140,n,20.828564,25.410712,1777.05,1749.4418,38.126108,59.110916,57.074108,1.681935,956.08752,85.886768,-1.253738,-0.014915,23.896638,332.99542,440.12544,868.96192,709.5568,720.5828,92.838568,892.60448,895.52264,84.514496,0,0,0,0,1.02,-0.99,0,0
2025/05/25 12:10:00.135,n,20.976612,25.544404,1715.784,1762.939,34.041152,56.257584,58.341828,1.509216,947.76832,83.962312,-1.26712,-0.037811,23.916928,331.9585,438.21272,862.5768,564.70232,639.81776,116.3976,740.72704,815.75736,102.76528,0,0,0,0,0.87,-1.34,0,0
2025/05/25 12:11:00.135,n,21.0937,25.674676,1794.504,1648.9268,135.42896,57.595808,53.5896,4.232593,966.16928,83.864064,-1.244644,-0.001404,23.978906,334.27142,441.81468,881.06192,726.20968,667.76348,118.81646,899.05176,838.75272,111.8499,0,0,0,0,0.84,-1.34,0,0
2025/05/25 12:12:00.136,n,21.119728,25.357538,1754.9438,1684.8202,69.38876,59.427784,55.880992,2.384848,944.3068,83.751528,-1.264809,-0.080009,23.937184,332.27894,434.58556,859.37048,463.56756,497.99832,74.098408,650.3794,681.03048,66.032568,0,0,0,0,0.89,-1.4,0,0
2025/05/25 12:13:00.135,n,20.641358,26.070184,1776.6022,1761.6098,9.899496,58.6187,57.749116,0.449392,953.14336,81.193448,-1.251778,-0.067749,23.940418,333.42542,435.69368,870.76584,760.86392,566.68324,121.69358,930.63768,745.12056,114.72206,0,0,0,0,0.75,-1.36,0,0
2025/05/25 12:14:00.136,n,20.493068,26.731786,1792.8242,1785.4672,5.329165,58.758676,58.277728,0.464775,962.52704,82.402848,-1.228439,-0.022644,23.980542,335.68288,439.938,878.9184,736.02608,743.04056,60.734256,907.13864,909.34136,55.310036,0,0,0,0,0.87,-1.09,0,0
2025/05/25 12:15:00.136,n,20.504544,25.881836,1813.7928,1799.4584,7.745967,58.441808,58.500516,0.30039,974.84968,83.484768,-1.209732,-0.029495,24.011512,337.4854,439.5138,890.18464,582.76904,524.94868,43.965896,742.0664,699.64336,35.234924,0,0,0,0,0.81,-1.27,0,0
2025/05/25 12:16:00.137,n,20.831788,26.16421,1219.92,1600.645,239.40592,41.415636,52.535176,7.389657,699.56672,56.310436,-1.232903,-0.025627,24.026476,335.57024,439.94652,642.049,533.82372,633.48876,102.08772,737.01072,803.8808,84.800056,0,0,0,0,0.92,-1.25,0,0
2025/05/25 12:17:00.140,n,20.638122,25.816818,1673.4806,1105.4594,352.86768,56.715964,37.16486,11.651046,853.01568,72.602104,-1.236458,-0.081238,23.860372,334.27478,434.01984,779.2584,682.59568,604.97236,111.39412,872.53664,779.95,106.82954,0,0,0,0,1.02,-1.14,0,0
2025/05/25 12:18:00.141,n,20.656044,26.003438,1662.7696,1789.2662,102.3328,53.65036,58.10674,3.342728,910.8604,75.900728,-1.233246,-0.037117,23.981064,335.27014,438.65572,833.76352,574.22192,554.5774,101.0495,738.4584,733.56712,86.557496,0,0,0,0,0.77,-1.2,0,0
2025/05/25 12:19:00.134,n,20.603942,26.058226,1753.3044,1748.1474,65.36972,57.491208,57.7727,1.636975,952.4324,81.79784,-1.241814,-0.042717,23.987432,334.56692,438.19632,869.43552,577.99732,661.33968,129.33716,773.01112,831.4656,114.49586,0,0,0,0,0.85,-1.31,0,0
2025/05/25 12:20:00.135,n,20.820446,26.24294,1751.8348,1751.8852,1.67332,57.315856,57.262532,0.048412,948.3016,81.65732,-1.222916,0.031921,24.150766,337.17432,445.79756,865.38944,543.24632,634.4842,90.357344,733.43056,811.86776,75.119568,0,0,0,0,0.75,-1.32,0,0
2025/05/25 12:21:00.137,n,21.004284,25.597532,1748.9246,1751.7728,1.788854,57.386612,57.685272,0.275993,949.79416,82.992936,-1.23111,-0.016502,24.212654,336.83448,441.86604,865.58656,715.72288,582.8654,122.43714,882.10048,745.13016,115.31088,0,0,0,0,0.79,-1.38,0,0
2025/05/25 12:22:00.135,n,21.358264,25.305944,1768.9874,1758.9842,9.230386,59.640052,58.319012,0.777868,963.40192,86.503584,-1.237885,-0.020546,24.28153,336.65932,441.9178,875.68104,796.79568,600.66912,171.75316,957.20984,765.27368,155.18924,0,0,0,0,0.94,-1.37,0,0
2025/05/25 12:23:00.137,n,21.080288,25.275038,1707.601,1776.054,38.899872,56.151452,59.027604,1.618859,957.26504,83.328704,-1.221664,-0.038353,24.237812,337.80168,440.07564,872.75296,489.31728,629.84892,105.56396,684.38688,802.802,86.998272,0,0,0,0,0.77,-1.32,0,0
2025/05/25 12:24:00.138,n,21.025012,25.60077,1245.765,1435.0362,149.87996,41.660204,47.703736,4.75146,675.66384,54.612936,-1.236816,-0.034943,24.2549,336.59288,440.48044,619.849,446.05748,501.424,85.223384,630.86244,678.3212,75.594312,0,0,0,0,0.79,-1.3,0,0
2025/05/25 12:25:00.141,n,21.046174,25.823338,1444.5246,1492.1118,122.09014,47.689892,49.489568,4.008682,796.32344,65.200248,-1.206169,-0.033012,24.233434,339.11588,440.52372,729.95,712.6244,617.66652,103.0398,880.44152,785.61232,94.763656,0,0,0,0,0.79,-1.25,0,0
2025/05/25 12:26:00.142,n,21.07713,25.621236,849.84232,976.7676,95.738184,29.4101,33.125328,3.113777,456.09776,32.183522,-1.230759,-0.061638,24.141716,336.442,437.43472,422.74512,580.31488,697.04544,77.630208,791.46464,872.17376,65.108368,0,0,0,0,0.73,-1.31,0,0
2025/05/25 12:27:00.143,n,20.689922,26.540134,639.14288,692.65968,64.780784,22.57133,24.557642,2.077526,340.8978,21.188308,-1.205284,-0.119118,23.956984,337.54572,431.22996,318.62332,684.73968,556.60016,103.934,843.57112,733.15912,88.713584,0,0,0,0,0.94,-1.21,0,0
2025/05/25 12:28:00.136,n,20.462646,27.088088,651.75804,640.4538,7.70714,23.275818,22.888452,0.332926,345.657,21.287796,-1.188698,-0.151222,23.732926,337.64944,427.04768,323.33176,782.6044,703.1832,88.682296,975.37728,886.07792,75.897304,0,0,0,0,0.97,-1.31,0,0
2025/05/25 12:29:00.135,n,20.107766,27.661376,664.093,665.6544,13.067134,23.24044,23.316324,0.439338,352.60568,20.760514,-1.154182,-0.141403,23.550106,339.55116,426.83568,330.8324,435.58644,591.6606,137.61288,631.71388,783.75528,121.15692,0,0,0,0,0.76,-1.32,0,0
2025/05/25 12:30:07.041,n,19.883594,27.844386,688.88168,663.7514,14.773288,23.874172,23.363494,0.440946,367.45268,23.196708,-1.113281,-0.147011,23.34035,341.84816,425.09648,343.28968,713.6504,599.24628,124.17206,883.01856,785.13664,106.63044,0,0,0,0,0.84,-1.37,0,0
2025/05/25 12:31:00.135,n,19.813626,28.489796,829.18808,760.16704,50.930836,28.562562,26.51293,1.533035,434.42488,30.152114,-1.078888,-0.132973,23.200018,343.99432,425.51424,403.32688,476.56348,649.30708,139.79344,675.67776,836.49024,121.9996,0,0,0,0,0.78,-1.24,0,0
2025/05/25 12:32:00.137,n,19.868896,28.066504,995.20304,921.92576,65.70388,33.950824,31.562532,2.217936,533.15804,40.970116,-1.048256,-0.104385,23.094968,346.0244,427.43328,491.244,429.26952,499.16496,58.098408,618.11864,687.0312,53.697764,0,0,0,0,0.77,-1.39,0,0
2025/05/25 12:33:00.140,n,19.890088,28.244092,1287.3878,1149.7354,105.9953,43.346056,38.843272,3.586351,704.86328,58.370444,-0.996857,-0.077049,23.08213,350.39492,429.78528,645.57304,722.21872,606.6946,127.5649,906.3916,791.218,119.93728,0,0,0,0,0.72,-1.2,0,0
2025/05/25 12:34:00.142,n,20.136962,28.21167,929.93272,1010.8852,63,32.015786,34.632492,2.014013,510.86616,40.885552,-1.001473,-0.070045,22.988846,349.44604,429.85768,469.04916,462.17968,520.02532,82.473936,654.21876,706.70416,72.644,0,0,0,0,0.75,-1.22,0,0
2025/05/25 12:35:00.144,n,20.146678,27.782812,942.21136,927.53704,8.105554,32.049626,31.691742,0.239221,507.23592,40.03618,-0.968246,-0.054634,22.94919,352.08668,430.99276,466.28608,547.80516,627.41388,121.56008,746.00536,795.8288,114.10916,0,0,0,0,0.79,-1.35,0,0
2025/05/25 12:36:00.148,n,20.260646,27.586182,1118.3744,1036.8048,59.205576,37.857816,35.095488,1.993446,594.88048,49.956308,-0.951736,-0.064613,22.969508,353.63456,430.2262,544.03712,567.68116,693.61328,92.998112,783.416,877.83816,79.523584,0,0,0,0,0.77,-1.33,0,0
2025/05/25 12:37:00.136,n,20.236184,27.539992,1282.5338,1231.3252,60.575572,42.993812,41.16594,1.872551,693.76528,59.655076,-0.909164,-0.058311,22.958826,357.25432,430.72296,633.25932,648.12304,662.20708,86.804952,840.99072,841.18072,71.231312,0,0,0,0,0.78,-1.24,0,0
2025/05/25 12:38:00.135,n,20.154786,27.03667,1550.0266,1374.3048,91.192112,50.792412,45.917132,2.554905,794.82816,68.336584,-0.889305,-0.046761,23.013506,359.29436,432.07092,725.64896,687.3652,662.24416,77.40284,857.09568,838.4724,63.937468,0,0,0,0,0.79,-1.29,0,0
2025/05/25 12:39:00.135,n,20.390968,26.712306,1177.2792,1251.9862,91.563096,39.477524,41.827612,2.72836,634.65004,53.862428,-0.895508,-0.027382,23.043556,358.93472,433.96884,579.91948,482.79396,553.86616,76.475976,676.0308,743.4288,68.581336,0,0,0,0,0.6,-1.51,0,0
2025/05/25 12:40:00.137,n,20.43174,26.230322,1472.1738,1539.2692,179.85604,48.569736,51.002376,5.597781,810.00456,71.1042,-0.916252,-0.036514,23.153992,357.79152,433.80908,738.02064,615.00292,601.85304,56.440236,791.7368,776.8024,57.134052,0,0,0,0,0.77,-1.3,0,0
2025/05/25 12:41:00.140,n,20.21333,26.869434,1207.6842,1191.5908,41.864068,40.744988,40.069728,1.180158,627.70732,52.532404,-0.939842,-0.057083,23.138934,355.66208,431.8936,574.29216,659.7588,560.45088,57.85888,833.30808,740.82232,52.874852,0,0,0,0,0.82,-1.27,0,0
2025/05/25 12:42:00.141,n,20.511524,26.831884,1059.392,1130.004,57.111292,35.922776,38.216208,1.775539,579.38024,48.794792,-0.963097,-0.035118,23.189272,353.94744,434.14128,529.65748,786.30808,668.64868,82.433608,961.28464,844.46904,75.850512,0,0,0,0,0.74,-1.28,0,0
2025/05/25 12:43:00.146,n,20.601074,26.560302,1049.757,1053.2848,17.481418,36.3104,36.098896,0.725579,573.0846,49.26176,-0.975533,-0.061638,23.167842,352.74524,431.6596,522.90892,654.07372,647.1128,110.94166,834.98728,826.55688,94.78792,0,0,0,0,0.81,-1.66,0,0
2025/05/25 12:44:00.145,n,20.723194,26.766942,1044.156,1079.603,26.080644,35.501312,36.79134,0.866082,570.91968,48.965164,-0.994545,-0.055161,23.148572,350.98676,432.12108,521.01512,765.41112,682.48664,95.3664,927.31592,860.01056,80.925896,0,0,0,0,0.67,-1.38,0,0
2025/05/25 12:45:00.147,n,20.495216,27.043506,1889.7084,1381.7256,342.44388,62.842556,47.050776,11.022262,968.39952,88.45976,-0.957237,-0.062164,23.16033,354.28356,431.56856,879.04464,549.44776,633.67912,106.38234,743.6792,818.07792,90.223064,0,0,0,0,0.77,-1.3,0,0
2025/05/25 12:46:00.135,n,20.54414,27.374024,1839.535,1762.3404,105.34516,59.918464,59.091692,2.289838,984.04856,88.178088,-0.960434,-0.022118,23.271752,354.66484,435.78288,894.93216,768.418,804.3884,44.675496,962.20944,978.85672,39.672408,0,0,0,0,0.73,-1.27,0,0
2025/05/25 12:47:00.137,n,20.81919,27.01621,2026.1088,1749.2924,140.8233,68.718424,58.497436,5.161494,1012.3484,93.3278,-0.965759,0.000175,23.368148,354.77376,438.33232,918.05456,616.12352,666.05256,83.985712,804.44192,844.67992,70.892872,0,0,0,0,0.82,-1.26,0,0
2025/05/25 12:48:00.138,n,20.504982,26.741358,2102.4042,2008.2448,137.84484,70.687304,67.567608,4.648084,1163.6142,107.64278,-0.968605,-0.027206,23.480524,355.19252,436.56548,1055.03,856.61136,660.61028,137.31442,1019.8478,830.8652,129.70062,0,0,0,0,0.79,-1.33,0,0
2025/05/25 12:49:00.142,n,20.76553,27.779394,2053.873,2033.81,29.19589,68.190824,67.785776,0.932277,1134.282,104.57858,-0.958656,0.06031,23.7127,357.42912,445.71388,1028.6844,479.54784,627.4624,127.73822,655.1206,803.45256,116.98184,0,0,0,0,0.79,-1.28,0,0
2025/05/25 12:50:00.142,n,21.479152,26.257764,1829.22,1961.047,99.188704,60.8706,65.6923,3.102293,1029.014,95.730416,-0.990631,0.014381,23.942378,356.02752,442.99928,932.27848,692.07472,577.8426,102.22696,846.48288,733.93752,95.774216,0,0,0,0,0.78,-1.31,0,0
2025/05/25 12:51:00.145,n,21.453224,25.821386,1107.5942,1251.6784,203.01478,40.00512,43.058672,6.263392,608.4112,52.631892,-1.017479,-0.045883,23.946592,353.73012,437.6722,554.80772,465.74952,504.59828,38.387496,637.67872,672.15096,32.304798,0,0,0,0,0.73,-1.27,0,0
2025/05/25 12:52:00.148,n,21.380126,26.60127,827.27848,968.30352,99.42736,29.05478,33.610372,3.345371,473.64044,38.77642,-1.019432,-0.035645,23.974366,353.72632,438.74672,433.8802,692.26712,601.04792,65.396104,875.11912,772.44272,70.217872,0,0,0,0,0.78,-1.31,0,0
2025/05/25 12:53:00.149,n,21.27129,26.968408,935.97688,877.16232,35.71834,32.684898,30.758834,1.199854,495.02864,41.097584,-0.975357,-0.042381,23.962636,357.46928,438.07868,452.99808,785.42336,760.924,79.994064,978.99512,934.25928,84.04344,0,0,0,0,0.7,-1.06,0,0
2025/05/25 12:54:00.151,n,21.050198,26.678174,1222.0886,1067.1232,98.117784,42.184728,37.506076,2.80506,639.18108,55.77134,-0.968071,-0.086861,23.860076,357.48976,433.51868,582.52852,888.61032,830.93952,51.502428,1067.8462,1005.3742,57.891276,0,0,0,0,0.93,-1.43,0,0
2025/05/25 12:55:00.138,n,20.994884,26.92838,1314.1234,1327.9668,68.027936,45.104204,45.598988,2.182897,721.27352,61.952612,-0.936607,-0.084579,23.82352,359.99436,433.50404,658.46892,593.89208,694.5964,77.164112,783.57424,876.28176,70.050696,0,0,0,0,1.01,-1.1,0,0
2025/05/25 12:56:00.138,n,20.864758,27.107824,1029.1912,1185.2252,205.14142,35.147528,40.782412,6.585392,551.23692,44.369472,-0.947258,-0.071617,23.786142,358.85096,434.4332,505.99184,633.36684,708.72976,96.352736,823.59976,887.43496,90.864728,0,0,0,0,0.72,-1.21,0,0
2025/05/25 12:57:00.142,n,20.876186,27.03927,1517.9222,1340.9142,176.63238,50.509388,45.281352,5.185617,842.11104,71.411984,-0.912666,-0.064789,23.790424,361.86888,435.06516,769.8512,577.92004,542.3112,46.520696,755.40048,727.95328,44.01534,0,0,0,0,0.82,-1.3,0,0
2025/05/25 12:58:00.144,n,20.786682,27.16432,1853.5778,1817.47,137.7897,61.255148,61.512792,4.032921,1100.7256,98.703216,-0.89193,-0.026855,23.90363,364.3352,439.10652,1001.1572,752.8268,625.39824,131.60452,913.05776,798.25872,113.06968,0,0,0,0,0.75,-1.3,0,0
2025/05/25 12:59:00.144,n,20.942836,27.580188,2056.9302,1832.3832,360.53904,70.016648,62.219592,11.558158,1150.4552,107.75222,-0.884491,0.026657,24.07771,366.01448,444.8948,1041.792,523.37756,598.04792,103.05364,711.30088,768.82592,83.13784,0,0,0,0,0.99,-1.33,0,0
2025/05/25 13:00:07.049,n,21.258216,26.89591,2096.4258,2069.098,18.220868,71.211824,70.321216,0.609495,1171.6074,109.82964,-0.87191,0.023857,24.281436,368.31736,445.86068,1060.882,709.94352,642.82668,107.95926,848.17936,804.28024,90.721552,0,0,0,0,0.78,-1.32,0,0
2025/05/25 13:01:00.151,n,21.538684,26.098288,2119.1556,2097.0816,23.289482,74.411248,71.844784,1.299489,1183.6194,114.41662,-0.880623,0.005966,24.450366,368.57272,445.28084,1068.316,700.41128,722.79368,60.022496,884.00744,876.77464,62.57076,0,0,0,0,0.98,-1.27,0,0
2025/05/25 13:02:00.135,n,21.592296,26.188962,1348.8668,1535.9336,214.97534,46.667,53.31606,7.786858,756.51056,66.726136,-0.88913,-0.025803,24.456774,367.8752,442.4978,688.92112,643.80372,640.8482,130.16874,827.76968,803.51272,117.95912,0,0,0,0,1.05,-1.06,0,0
2025/05/25 13:03:00.137,n,21.332486,26.693162,936.94544,969.57344,63.525584,33.141738,34.689408,2.653289,516.33032,41.133648,-0.885056,-0.069176,24.344888,367.55892,437.97716,474.3808,499.52828,590.3784,117.5636,699.7828,768.15664,105.82226,0,0,0,0,0.74,-1.37,0,0
2025/05/25 13:04:00.136,n,21.115722,27.029326,1018.8678,1028.6626,73.228408,35.956616,36.602144,2.511381,577.17248,47.617732,-0.873894,-0.081093,24.257514,368.003,436.39732,528.76196,800.0464,679.57568,106.45188,969.3688,849.44784,94.925232,0,0,0,0,0.78,-1.16,0,0
2025/05/25 13:05:00.135,n,21.073436,27.036112,1111.2704,1014.3196,51.14196,38.982228,35.850484,1.768126,580.07776,48.198492,-0.856949,-0.087746,24.13061,368.71228,435.04992,531.11012,520.21516,506.6982,66.543028,686.40432,691.136,62.76066,0,0,0,0,0.8,-1.55,0,0
2025/05/25 13:06:00.136,n,20.78555,27.099492,995.17856,1112.6366,166.50016,34.653776,38.913008,4.946491,551.7912,44.398696,-0.837227,-0.099487,23.958746,369.395,432.98384,506.6548,606.73272,670.953,98.926488,788.80272,849.24624,89.825944,0,0,0,0,0.8,-1.39,0,0
2025/05/25 13:07:00.135,n,20.7042,27.27591,1005.406,988.36824,8.573216,35.252128,34.618136,0.367902,552.40364,45.534096,-0.82444,-0.079163,23.87073,369.97792,434.26564,506.12424,496.82692,621.98524,123.21628,696.21824,806.9188,106.6553,0,0,0,0,0.84,-1.39,0,0
2025/05/25 13:08:00.135,n,20.855518,27.559942,1101.3842,1069.8188,23.164628,38.348496,37.18178,0.747522,599.13488,50.918224,-0.801193,-0.073906,23.816234,371.665,434.40864,547.48936,759.46952,614.6226,166.83106,929.1504,784.35928,156.92848,0,0,0,0,0.63,-1.39,0,0
2025/05/25 13:09:00.135,n,21.184032,27.40257,1343.5522,1232.196,81.79976,45.979432,42.640028,2.752272,727.73056,64.689132,-0.797104,-0.018074,23.911308,372.58388,439.93216,662.26232,875.98856,803.03032,82.463024,1047.9938,973.60056,82.31828,0,0,0,0,0.9,-1.24,0,0
2025/05/25 13:10:00.135,n,20.990528,27.351202,1331.2622,1550.0336,179.5706,46.1917,53.420148,5.698239,814.08768,72.006424,-0.787888,-0.046242,23.980704,373.79384,437.84336,741.3396,547.1048,733.80904,117.775,748.65088,915.03288,102.84406,0,0,0,0,0.71,-1.32,0,0
2025/05/25 13:11:00.136,n,21.094582,27.445344,1058.917,1126.2,65.040756,36.659568,39.057856,2.310134,595.51952,50.974808,-0.780083,-0.050613,23.998868,374.57704,437.56312,543.81524,669.117,648.52332,98.13792,846.76368,825.89168,85.410184,0,0,0,0,0.79,-1.17,0,0
2025/05/25 13:12:00.138,n,21.081726,26.423054,1043.6474,1018.6516,17.137678,36.590348,35.8392,0.420077,571.02788,48.765568,-0.81752,-0.100716,23.948846,371.04096,432.81596,521.54552,472.00764,546.53136,57.900132,660.42528,732.06792,51.575188,0,0,0,0,0.77,-1.27,0,0
2025/05/25 13:13:00.135,n,20.631092,27.442048,1116.8744,1121.9486,45.707768,38.946848,38.776112,1.348683,605.35576,50.564424,-0.787895,-0.095108,23.93496,373.52112,433.23144,554.09852,762.59336,643.66516,110.11948,933.04824,806.74048,107.34408,0,0,0,0,0.81,-1.31,0,0
2025/05/25 13:14:00.135,n,20.631092,27.695174,939.38952,981.96096,37.343008,32.575688,34.124636,1.251132,520.51048,41.971828,-0.779022,-0.089325,23.852696,373.7996,433.25596,477.84892,420.12408,466.99684,44.322964,601.34168,653.14308,42.557608,0,0,0,0,0.69,-1.35,0,0
2025/05/25 13:15:00.135,n,20.774304,27.903766,927.49928,927.73856,2.701851,32.152684,32.135766,0.30185,511.39124,41.517296,-0.774773,-0.069183,23.83456,374.05948,434.937,469.16832,691.72568,513.87804,92.245056,851.33384,691.30176,81.934424,0,0,0,0,0.77,-1.25,0,0
2025/05/25 13:16:00.137,n,20.975964,27.66446,989.00808,954.9744,25.639812,34.406124,33.144558,0.931334,541.84844,45.660944,-0.764664,-0.042313,23.865504,375.1178,437.50728,495.46516,713.4556,763.44976,43.605044,892.52872,925.92888,44.6139,0,0,0,0,0.77,-1.28,0,0
2025/05/25 13:17:00.135,n,21.021522,27.224664,1057.0804,1033.4288,18.179658,37.22254,35.943544,0.786855,579.14868,49.841896,-0.771759,-0.08477,23.78647,374.03452,433.26708,528.6198,684.33016,691.90464,104.85324,850.31088,871.60856,91.069208,0,0,0,0,0.58,-1.75,0,0
2025/05/25 13:18:00.136,n,20.665272,28.01988,1060.9894,1072.3022,8.378544,36.484216,37.1987,0.557618,585.42772,49.204556,-0.759178,-0.074081,23.723416,374.74856,433.84212,535.53816,525.23052,641.23736,138.1387,707.44176,826.19184,125.06098,0,0,0,0,0.77,-1.32,0,0
2025/05/25 13:19:00.136,n,20.800332,27.840484,1123.1106,1056.0914,36.492464,39.403692,36.635724,1.475913,607.30108,52.432296,-0.757042,-0.064804,23.762982,375.16808,434.90076,554.17656,567.89948,664.62908,104.41384,759.724,844.80296,91.103792,0,0,0,0,0.86,-1.23,0,0
2025/05/25 13:20:00.137,n,20.844276,27.317144,1279.7812,1215.78,43.760712,43.8352,42.217028,1.296178,692.30648,60.288684,-0.768036,-0.079163,23.751186,374.14712,433.55564,631.32892,505.32428,515.86292,68.235984,680.57944,698.0996,61.931816,0,0,0,0,0.57,-1.29,0,0
2025/05/25 13:21:00.142,n,20.919078,27.507086,1335.7256,1355.1518,55.774548,46.313216,46.514464,1.858574,756.90056,67.064392,-0.753677,-0.033707,23.842012,375.92852,438.13188,689.11624,847.7808,737.17552,109.37254,1017.5272,902.09128,109.51164,0,0,0,0,0.84,-1.41,0,0
2025/05/25 13:22:00.135,n,21.00204,27.406158,1488.8588,1409.939,58.837064,51.144656,48.735348,1.774109,827.52816,74.16344,-0.755981,-0.03318,23.878342,375.94504,438.39448,752.64192,489.54744,545.79108,66.595232,673.25376,730.33768,56.636564,0,0,0,0,0.74,-1.34,0,0
2025/05/25 13:23:00.135,n,21.291348,27.330866,1254.2988,1417.9506,139.4525,43.02458,48.598192,4.520051,758.56264,67.064392,-0.778671,-0.0186,23.995766,374.68064,440.38768,690.73816,798.19192,657.11884,105.24686,956.12784,818.72296,96.4028,0,0,0,0,0.82,-1.29,0,0
2025/05/25 13:24:00.135,n,21.476502,26.94908,1273.1106,1119.734,82.45908,45.556432,39.021708,3.386756,648.51532,57.973116,-0.799599,-0.040207,24.028926,373.06772,438.66624,589.78276,846.46736,795.358,47.25886,1008.1166,955.18576,47.814224,0,0,0,0,0.76,-1.32,0,0
2025/05/25 13:25:00.135,n,21.317372,26.66397,1668.9782,1600.468,135.9419,57.698864,55.214436,4.872876,998.05752,92.525056,-0.783989,0.001404,24.19001,375.37756,443.3212,904.74712,463.41264,566.4994,90.94092,640.98572,743.68264,87.565408,0,0,0,0,0.73,-1.32,0,0
2025/05/25 13:26:00.135,n,21.36444,26.46402,1202.0328,1362.8068,166.43498,42.181652,47.337904,5.201131,767.85032,68.110256,-0.820541,-0.018951,24.297704,372.85808,442.15592,698.93848,742.9976,677.15152,107.02266,925.2308,849.51848,102.72342,0,0,0,0,0.92,-1.26,0,0
2025/05/25 13:27:00.136,n,21.577186,26.205916,1013.8426,1423.9026,308.20676,36.307324,48.671768,9.438866,568.77968,48.6238,-0.858902,-0.053421,24.369132,369.96628,439.52128,519.3504,513.46928,533.40804,58.362444,694.66344,715.63552,53.765692,0,0,0,0,0.65,-1.3,0,0
2025/05/25 13:28:00.136,n,21.565808,26.291364,837.59568,946.84664,74.619704,29.476242,33.00407,2.46037,471.8656,38.278364,-0.865044,-0.081261,24.31375,369.10424,436.71808,432.80348,510.83404,607.62824,68.777176,709.56632,789.85424,54.517888,0,0,0,0,0.77,-1.27,0,0
2025/05/25 13:29:00.139,n,20.962978,27.169928,750.12704,775.47568,22.746428,26.65675,27.508904,0.895736,412.39052,30.250358,-0.873367,-0.105095,24.18893,367.63956,433.85672,381.37188,455.01424,504.59596,78.783408,640.30652,682.5808,64.546104,0,0,0,0,0.81,-1.37,0,0
2025/05/25 13:30:07.040,n,21.054042,26.706598,733.28912,736.81904,4.466542,26.693664,26.43448,0.163279,401.51184,30.619706,-0.867699,-0.11422,24.069442,367.4178,432.33424,370.13864,546.94148,580.56328,76.709848,736.10776,746.73496,72.124544,0,0,0,0,0.88,-1.39,0,0
2025/05/25 13:31:00.135,n,20.979286,27.394196,736.56776,735.70584,0.83666,26.446018,26.369878,0.0953,403.19248,30.918168,-0.852325,-0.111237,23.944536,368.00456,431.85604,371.53324,611.10992,625.87604,96.17484,776.81872,803.1916,81.637,0,0,0,0,0.79,-1.24,0,0
2025/05/25 13:32:00.135,n,20.764382,27.161246,750.32504,742.06376,5.366564,26.939776,26.563688,0.255983,409.46156,31.101596,-0.832428,-0.124046,23.778398,368.73848,429.73116,377.6516,703.74808,741.306,59.382656,901.28064,915.61112,63.512204,0,0,0,0,0.72,-1.25,0,0
2025/05/25 13:33:00.135,n,20.652076,28.069254,742.918,750.07128,4.092676,26.127614,26.315016,0.129603,409.47412,31.683598,-0.820358,-0.083031,23.76344,369.69364,433.28476,377.0532,463.6276,527.7982,67.930296,661.0222,715.9068,63.001192,0,0,0,0,0.77,-1.32,0,0
2025/05/25 13:34:00.135,n,20.739968,27.606168,742.85248,742.22224,4.460942,26.515236,26.274256,0.212867,409.14692,32.791016,-0.810242,-0.100906,23.676896,370.05536,431.18384,375.64656,480.714,592.998,98.404776,673.1072,771.97384,88.50536,0,0,0,0,0.77,-1.32,0,0
2025/05/25 13:35:00.136,n,20.821316,27.992446,769.97112,752.0872,10.90642,27.288942,26.63214,0.381071,421.5606,34.252236,-0.80545,-0.087235,23.620214,370.1336,432.06184,386.59016,738.7296,595.46528,123.74914,916.53688,771.55496,112.0549,0,0,0,0,0.72,-1.27,0,0
2025/05/25 13:36:00.135,n,20.790454,27.795914,1117.2582,954.67048,152.39226,38.76688,33.739064,5.292877,593.659,51.058752,-0.79409,-0.079353,23.548572,370.69188,432.33732,541.88548,595.00208,572.54224,80.042488,763.52616,755.00992,74.81444,0,0,0,0,0.65,-1.38,0,0
2025/05/25 13:37:00.137,n,20.806714,27.624918,1283.9036,1448.8228,188.07764,44.676588,50.350952,6.609992,723.04696,64.321028,-0.777252,-0.055183,23.660854,372.81392,435.14928,658.00392,697.7892,706.53176,89.9636,889.47976,877.29216,86.162632,0,0,0,0,0.77,-1.29,0,0
2025/05/25 13:38:00.142,n,21.013306,27.39064,1305.087,1251.8784,37.722672,45.238024,43.796492,1.259495,712.126,63.81178,-0.786469,-0.031425,23.719628,372.36536,437.60792,647.55928,711.28968,628.98308,119.19816,886.5852,803.19504,112.1635,0,0,0,0,0.85,-1.18,0,0
2025/05/25 13:39:00.142,n,21.125466,27.027652,1089.9674,1228.8244,79.063264,38.31004,43.366312,3.027672,645.09328,56.573456,-0.80864,-0.033882,23.744228,370.59344,437.53572,587.74504,820.83512,685.96168,157.29336,984.80544,849.77848,147.62284,0,0,0,0,0.75,-1.4,0,0
2025/05/25 13:40:00.135,n,21.325318,26.40236,874.59144,895.77536,34.723192,30.91906,31.687384,0.966681,490.46472,41.332,-0.832779,-0.071815,23.708944,368.29588,433.95748,448.37176,405.94692,453.32096,50.4418,583.25268,641.1574,59.417592,0,0,0,0,0.6,-1.42,0,0
2025/05/25 13:41:00.135,n,21.146556,26.345914,791.20408,827.4348,30.656158,28.276458,29.485982,1.043301,445.66564,37.257372,-0.846108,-0.079529,23.664056,366.8766,433.00616,407.64168,439.0856,440.06908,20.767162,617.0686,623.19072,19.836834,0,0,0,0,0.71,-1.29,0,0
2025/05/25 13:42:00.135,n,20.876686,27.332388,764.6108,769.15768,6.924594,27.288942,27.513002,0.298597,428.01988,34.94678,-0.833313,-0.082855,23.61809,367.71088,432.43828,392.32264,774.28184,614.43684,127.03326,932.29464,783.46176,109.13708,0,0,0,0,0.76,-1.34,0,0
2025/05/25 13:43:00.135,n,20.86687,27.385514,907.39784,809.83256,52.024512,32.151146,28.886862,1.755572,484.54112,40.373192,-0.791969,-0.074097,23.57634,371.03972,432.96848,443.45008,480.44888,645.62096,140.5733,681.364,833.798,123.26414,0,0,0,0,0.75,-1.38,0,0
2025/05/25 13:44:00.135,n,21.013306,27.383756,799.50656,850.6948,52.62794,28.064188,29.92616,1.880383,446.17104,36.634336,-0.767143,-0.065338,23.610578,373.39024,433.94928,408.83488,621.9972,543.70436,91.037904,793.15456,717.80464,76.976296,0,0,0,0,0.72,-1.3,0,0
2025/05/25 13:45:00.138,n,21.092946,27.207438,788.46592,783.934,4.335897,27.53659,27.407384,0.152133,435.47508,36.322192,-0.746948,-0.045654,23.650202,375.37224,435.9324,398.45156,674.74816,631.52788,122.5557,863.14576,805.96416,112.45622,0,0,0,0,0.77,-1.46,0,0
2025/05/25 13:46:00.139,n,21.00027,26.520232,740.53624,769.614,21.884926,26.021478,26.86107,0.666366,413.54976,34.30882,-0.735611,-0.083908,23.61809,376.1626,432.34476,378.58924,472.43912,497.42904,52.678504,648.69068,678.86936,46.3751,0,0,0,0,0.71,-1.22,0,0
2025/05/25 13:47:00.142,n,20.98074,27.161246,716.14048,723.59424,6.407027,24.963208,25.292634,0.241759,396.52304,32.209014,-0.732773,-0.093193,23.60522,376.3318,431.4438,363.67448,502.87904,522.8564,61.83466,699.87232,707.35128,52.715276,0,0,0,0,0.74,-1.33,0,0
2025/05/25 13:48:00.146,n,20.953102,27.614714,713.55008,713.12344,0.83666,24.857072,24.858098,0.030459,393.45476,31.86827,-0.703033,-0.075676,23.588132,378.80312,432.89824,360.95912,708.25552,534.32056,96.940184,861.95872,705.59152,86.604272,0,0,0,0,0.73,-1.18,0,0
2025/05/25 13:49:00.135,n,21.063648,27.787368,744.9692,727.98312,11.182576,26.302968,25.468758,0.514298,409.5952,34.138448,-0.692955,-0.057465,23.586008,379.66228,434.50292,374.82124,528.44056,584.09272,90.524856,734.24392,769.53704,77.682368,0,0,0,0,0.73,-1.3,0,0
2025/05/25 13:50:00.135,n,21.118924,27.209196,831.148,797.39136,26.376126,29.157838,27.971384,0.907273,454.10476,37.838132,-0.686234,-0.086708,23.564612,380.11696,431.77904,415.66708,683.67344,547.70928,102.01532,838.18576,719.06736,85.797728,0,0,0,0,0.78,-1.25,0,0
2025/05/25 13:51:00.135,n,20.98074,27.493276,863.75192,848.70224,8.820432,29.862328,29.538794,0.339606,474.62268,39.396352,-0.687653,-0.076546,23.54109,379.85484,432.5422,434.6152,766.83456,651.80464,117.28918,942.41088,828.11152,108.65336,0,0,0,0,0.8,-1.33,0,0
2025/05/25 13:52:00.137,n,21.00188,27.443668,903.08664,880.23408,13.798552,32.186524,30.759858,0.792174,493.71236,41.218212,-0.691536,-0.084251,23.510088,379.33544,431.6744,451.88688,859.09872,756.87912,83.579296,1027.2312,927.92512,74.917288,0,0,0,0,0.79,-1.44,0,0
2025/05/25 13:53:00.138,n,20.806714,27.63693,829.86424,861.05976,30.553232,28.768676,30.002302,1.089097,460.20884,36.988136,-0.690475,-0.089516,23.427636,378.93912,430.7188,422.61976,872.09728,802.04568,67.40252,1046.2328,977.26632,65.274804,0,0,0,0,0.9,-1.5,0,0
2025/05/25 13:54:00.140,n,20.774148,28.250308,797.59688,809.41232,9.497368,27.642724,28.124178,0.477931,439.69292,35.273224,-0.689598,-0.07637,23.382684,378.74912,431.62036,403.80644,759.84976,721.72592,102.97112,935.98656,903.4012,88.543216,0,0,0,0,0.75,-1.25,0,0
2025/05/25 13:55:00.143,n,20.83274,28.129068,771.02952,782.88064,8.491172,26.62137,27.078466,0.292818,425.0024,34.790712,-0.664307,-0.054482,23.359196,380.79804,433.4254,389.60184,729.60904,658.2514,58.473928,913.60816,846.06704,54.394852,0,0,0,0,0.73,-1.47,0,0
2025/05/25 13:56:00.145,n,20.777416,27.67282,749.19968,758.73536,6.737952,26.127614,26.438326,0.514345,412.69204,33.30151,-0.650528,-0.077599,23.242416,381.29984,430.68224,378.8176,829.9,738.85696,111.13618,1007.5662,915.90072,106.95,0,0,0,0,0.79,-1.32,0,0
2025/05/25 13:57:00.148,n,20.923854,28.100016,726.99064,735.93832,6.689544,25.210856,25.592326,0.288872,400.07104,32.521156,-0.637283,-0.059563,23.187866,382.1236,431.96204,366.9722,398.74576,460.65748,51.820604,588.489,658.74236,59.946224,0,0,0,0,0.87,-1.41,0,0
2025/05/25 13:58:00.135,n,21.01648,27.611296,716.17392,718.85128,3.057777,24.929368,24.969874,0.152934,393.20004,32.308502,-0.626862,-0.066742,23.144978,382.77212,431.07144,360.33144,441.673,497.2328,52.422324,634.94556,686.09328,45.56808,0,0,0,0,0.77,-1.43,0,0
2025/05/25 13:59:00.136,n,20.946606,27.777114,726.0952,720.54928,3.714835,26.021478,25.133948,0.466453,398.41328,33.174042,-0.633751,-0.067268,23.08713,381.83488,430.68344,364.67272,459.84584,582.72408,105.04916,662.39428,759.6536,89.55864,0,0,0,0,0.92,-1.22,0,0
2025/05/25 14:00:07.052,n,20.81321,28.065886,743.21496,736.01096,5.258327,25.563098,25.586686,0.172159,408.50504,33.614272,-0.631813,-0.057983,23.033528,381.68664,431.19212,374.31696,559.98256,635.05132,128.84486,759.45288,818.064,115.75772,0,0,0,0,0.75,-1.31,0,0
2025/05/25 14:01:00.141,n,20.909156,28.071012,765.90208,756.25568,7.304109,26.302968,26.009684,0.24417,420.78968,35.684232,-0.643112,-0.036514,23.074258,380.9492,433.3388,384.49884,545.3844,650.31932,122.49204,739.82296,836.23584,106.76142,0,0,0,0,0.71,-1.29,0,0
2025/05/25 14:02:00.142,n,21.042552,27.664322,779.78736,776.44952,4.347413,26.69059,26.655722,0.215602,429.81644,36.931552,-0.667496,-0.054657,23.08713,378.91584,431.80344,392.27204,583.79164,605.47064,124.00706,777.40304,781.584,115.42054,0,0,0,0,0.78,-1.23,0,0
2025/05/25 14:03:00.142,n,21.00027,27.595914,741.1652,759.1412,13.382826,25.563098,26.056344,0.343821,410.63564,34.748428,-0.690475,-0.052559,23.092486,376.95964,432.02144,375.24932,513.87952,566.9868,86.44276,703.81032,745.96384,70.999648,0,0,0,0,0.79,-1.25,0,0
2025/05/25 14:04:00.146,n,20.925464,27.561686,716.30648,724.58328,7.207635,24.681718,25.063446,0.372714,396.34148,33.287208,-0.700737,-0.063942,23.095688,376.09068,431.02924,362.41744,782.23056,650.64696,139.85154,942.98168,830.55224,120.86584,0,0,0,0,0.7,-1.29,0,0
2025/05/25 14:05:00.147,n,20.985622,27.888198,708.46536,711.04664,2.04939,24.929368,24.634806,0.173571,391.56108,32.677228,-0.703392,-0.070938,23.094608,375.85472,430.4016,358.2514,786.8136,626.37872,124.45844,948.20632,805.15552,107.60622,0,0,0,0,0.79,-1.44,0,0
2025/05/25 14:06:00.149,n,21.023022,27.80275,698.48472,703.18216,3.354102,24.118744,24.22975,0.129225,385.48276,31.910552,-0.677925,-0.071815,23.071026,377.91864,430.18464,352.96608,781.67688,617.94776,129.14642,954.00608,801.16744,116.11266,0,0,0,0,0.76,-1.25,0,0
2025/05/25 14:07:00.137,n,21.021412,27.582194,690.32688,692.20808,2.50998,24.01261,24.076956,0.11482,379.61684,31.1445,-0.673508,-0.07515,23.037808,378.10504,429.69276,347.87396,780.01624,709.45344,94.679192,945.11008,885.8384,79.55312,0,0,0,0,0.76,-1.35,0,0
2025/05/25 14:08:00.138,n,21.044166,27.595914,705.074,697.1756,5.229723,24.40023,24.229746,0.223716,387.05204,32.038642,-0.65583,-0.072701,23.014226,379.49524,429.77132,354.43028,803.35464,699.20096,100.6417,967.80736,878.70832,87.284592,0,0,0,0,0.73,-1.32,0,0
2025/05/25 14:09:00.142,n,20.953102,27.62155,810.38568,752.65424,39.718384,28.69946,26.17991,1.595495,438.79236,37.441424,-0.654419,-0.067444,23.023892,379.67436,430.29516,400.76396,781.20272,651.18428,121.29386,944.262,835.41968,100.63674,0,0,0,0,0.71,-1.49,0,0
2025/05/25 14:10:00.143,n,20.894558,28.620474,1049.4128,921.11344,83.821232,36.304244,31.898116,2.846547,567.19464,50.351148,-0.646469,-0.022644,23.084974,380.72196,434.63376,516.21968,628.81068,616.39452,88.733304,796.76784,799.54416,69.481648,0,0,0,0,0.73,-1.29,0,0
2025/05/25 14:11:00.144,n,21.107544,28.475504,1272.854,1355.928,194.82454,44.324344,47.313292,7.029,746.9636,68.603336,-0.648232,0.008942,23.244606,381.51148,438.38084,677.70304,601.3888,608.96208,90.209752,779.38256,789.68376,76.156744,0,0,0,0,0.75,-1.29,0,0
2025/05/25 14:12:00.146,n,21.3302,27.693326,1442.8022,1248.6078,162.12402,50.369412,43.285296,5.430239,768.71976,72.498264,-0.680923,-0.003868,23.381642,379.49336,438.05312,695.54448,738.07776,570.24628,116.48606,883.5632,742.7568,97.5446,0,0,0,0,0.86,-1.22,0,0
2025/05/25 14:13:00.147,n,21.615994,27.402604,1127.9242,1296.3764,86.027904,38.76688,44.893216,3.075832,672.53528,62.007948,-0.724098,0.011223,23.550726,376.7592,440.39404,609.792,696.28184,708.45904,100.66454,877.58912,878.1592,95.562016,0,0,0,0,0.66,-1.29,0,0
2025/05/25 14:14:00.150,n,21.609498,27.482976,992.16184,1028.8126,48.281468,34.509184,35.536436,1.658842,555.0702,50.22368,-0.764488,-0.029137,23.623416,373.69608,437.24052,504.11116,564.08996,653.88252,120.16364,764.68192,828.88936,103.0597,0,0,0,0,0.76,-1.35,0,0
2025/05/25 14:15:00.152,n,21.679226,27.689956,1020.6724,1031.3336,7.197222,35.635136,35.770496,0.428022,573.47176,51.370268,-0.757401,-0.041435,23.68013,374.6456,436.48464,521.38556,575.21104,672.02392,111.5789,771.88696,850.7308,91.9266,0,0,0,0,0.74,-1.32,0,0
2025/05/25 14:16:00.138,n,21.628932,26.77648,837.16616,890.42856,56.84804,28.381054,30.671412,1.924325,470.55044,39.57978,-0.774948,-0.080933,23.659776,373.00688,432.85616,430.27668,661.11928,689.53488,78.00256,847.79416,860.91488,72.355368,0,0,0,0,0.77,-1.47,0,0
2025/05/25 14:17:00.135,n,21.276588,27.650602,802.272,810.54904,7.341662,27.219724,27.577866,0.313592,444.1786,35.925488,-0.754387,-0.076019,23.659776,374.78556,433.29252,407.57472,544.02504,545.3654,64.650016,723.25904,730.50752,55.720732,0,0,0,0,0.67,-1.28,0,0
2025/05/25 14:18:00.135,n,21.190456,27.980484,800.7248,800.5984,0.223607,27.3597,27.28971,0.308094,441.58884,35.967768,-0.731354,-0.077599,23.654454,376.7464,433.1206,404.96732,402.09684,458.92952,50.117612,585.12916,648.07788,49.490908,0,0,0,0,0.68,-1.3,0,0
2025/05/25 14:19:00.145,n,21.19695,28.043668,789.39032,795.75608,4.012481,26.867482,27.043602,0.165654,435.58356,35.372712,-0.709236,-0.075493,23.643736,378.59612,433.24408,399.57712,739.38144,693.12816,131.40738,922.30832,1090.7022,392.63164,0,0,0,0,0.88,-1.35,0,0
2025/05/25 14:20:00.136,n,21.331814,28.294646,761.30008,773.23392,9.170606,25.915344,26.326554,0.296793,420.36824,34.464888,-0.713303,-0.054482,23.637332,378.20636,435.07212,385.24452,731.56944,697.28952,115.61942,891.4392,883.0264,107.22174,0,0,0,0,0.92,-1.24,0,0
2025/05/25 14:21:00.135,n,21.283082,28.10861,746.12504,751.22312,4.201191,25.598478,25.598478,0.155624,411.01084,34.180728,-0.722328,-0.05291,23.656576,377.53984,435.32588,376.16072,532.32288,696.8508,107.0257,738.07736,879.38056,92.735648,0,0,0,0,0.81,-1.35,0,0
2025/05/25 14:22:00.135,n,21.335034,28.35436,739.67584,742.44384,1.746425,25.456964,25.504138,0.12323,405.70684,32.805316,-0.700386,-0.087059,23.598848,379.0956,431.95076,372.2882,802.4708,659.25312,117.417,958.82888,836.0056,102.58242,0,0,0,0,0.72,-1.35,0,0
2025/05/25 14:23:00.135,n,21.18235,28.72614,741.36312,737.52976,2.133073,25.246232,25.2106,0.159038,404.4088,31.925476,-0.684998,-0.059563,23.602018,380.4456,434.41156,371.85792,487.8278,591.44768,116.08856,686.43576,776.514,102.20104,0,0,0,0,0.72,-1.3,0,0
2025/05/25 14:24:00.136,n,21.318824,28.51984,736.96216,748.03728,6.892025,25.140098,25.52772,0.242364,405.31852,32.947086,-0.678635,-0.071991,23.617012,381.08484,433.3966,371.7648,813.24768,676.59272,126.3224,984.69848,843.04672,122.6711,0,0,0,0,0.74,-1.34,0,0
2025/05/25 14:25:00.136,n,21.219704,28.76027,711.78976,720.19904,6.862944,24.22334,24.58225,0.203845,388.88856,30.476692,-0.662903,-0.076897,23.57745,382.21132,432.72652,357.82588,728.90832,630.5052,76.363272,913.85672,815.262,72.31044,0,0,0,0,0.8,-1.33,0,0
2025/05/25 14:26:00.135,n,21.260326,28.985172,685.0792,696.29736,8.479386,23.271204,23.659598,0.263873,374.20316,28.999306,-0.648407,-0.057816,23.578496,383.47144,434.42728,344.61328,838.81312,756.75536,102.81368,1005.7826,931.01152,81.968896,0,0,0,0,0.74,-1.29,0,0
2025/05/25 14:27:00.135,n,21.135232,28.407242,665.81384,672.89432,5.748913,22.67285,22.966132,0.239323,363.136,28.459588,-0.641342,-0.064995,23.568892,384.02556,433.73268,334.1001,572.69592,737.17624,104.62744,779.0344,917.9816,89.691696,0,0,0,0,0.76,-1.33,0,0
2025/05/25 14:28:00.136,n,21.06858,28.453336,671.9752,666.0742,3.339162,22.989716,22.813338,0.294812,364.79496,29.397254,-0.632164,-0.078125,23.55285,384.72468,432.47172,334.84366,690.72864,616.18304,142.59996,886.6008,794.85328,133.9681,0,0,0,0,0.82,-1.22,0,0
2025/05/25 14:29:00.135,n,20.884792,28.838638,678.23256,679.47288,2.828427,23.13123,23.301198,0.168866,368.38692,29.113094,-0.617508,-0.091263,23.504732,385.70744,431.01992,338.74756,763.03576,651.83344,126.47886,944.7244,829.21672,114.15626,0,0,0,0,0.79,-1.39,0,0
2025/05/25 14:30:07.028,n,20.910816,28.937468,679.396,679.36728,1.962142,23.306582,23.306838,0.15734,368.76496,29.269166,-0.612572,-0.081802,23.455502,385.84304,431.56868,338.96504,595.60412,607.19948,126.12138,789.29128,788.12032,114.57814,0,0,0,0,0.7,-1.31,0,0
2025/05/25 14:31:00.135,n,20.873364,28.151236,668.97828,676.25112,4.189272,22.954338,23.224542,0.202884,363.6574,28.288594,-0.615395,-0.078644,23.406238,385.30744,431.5578,334.83206,636.61436,626.85864,137.95906,832.77416,807.54056,128.03008,0,0,0,0,0.77,-1.31,0,0
2025/05/25 14:32:00.136,n,20.827808,28.584634,655.60932,659.03368,3.456877,22.63747,22.619782,0.157959,355.10636,28.331498,-0.608688,-0.082329,23.352762,385.57124,430.9142,326.24854,581.17884,523.63824,52.317304,752.91232,709.08112,44.680536,0,0,0,0,0.75,-1.33,0,0
2025/05/25 14:33:00.136,n,20.922242,28.315104,657.81136,655.74256,1.118034,22.602092,22.513648,0.07362,355.99836,28.700844,-0.597748,-0.077072,23.3378,386.42924,431.2926,326.77686,912.22912,906.7228,102.61336,1089.4758,1106.0366,139.74156,0,0,0,0,0.79,-1.31,0,0
2025/05/25 14:34:00.136,n,21.031178,28.806264,667.34576,665.30824,2.397916,23.025094,22.848714,0.132029,362.50272,29.737998,-0.600922,-0.065514,23.34097,386.17344,432.33788,332.2293,671.9816,757.27688,62.62268,869.7756,948.50144,56.154252,0,0,0,0,0.77,-1.28,0,0
2025/05/25 14:35:00.136,n,21.242408,28.928922,677.43304,673.38408,3.209361,23.201984,23.077904,0.08615,368.16704,30.619084,-0.594223,-0.047836,23.36668,386.9048,434.05972,337.0016,625.46252,548.15552,102.83482,807.21704,730.01832,92.015488,0,0,0,0,0.76,-1.27,0,0
2025/05/25 14:36:00.135,n,21.351296,27.67282,684.1168,681.47336,2.037155,23.695742,23.324526,0.193397,372.217,31.1445,-0.597389,-0.076202,23.346326,386.5106,431.4202,340.55132,564.7926,569.99828,106.47736,736.51928,750.48688,98.060688,0,0,0,0,0.73,-1.21,0,0
2025/05/25 14:37:00.135,n,21.24895,27.959928,682.3884,685.50024,1.802776,23.16507,23.418356,0.23144,371.43696,30.505294,-0.591744,-0.058861,23.322808,386.86004,432.8214,340.39876,513.8302,650.91676,127.64072,708.89376,835.28512,112.58708,0,0,0,0,0.83,-1.31,0,0
2025/05/25 14:38:00.135,n,21.32859,27.85402,676.10208,678.04296,1.658313,22.954338,23.077906,0.101502,367.93464,30.604782,-0.596687,-0.057632,23.3003,386.29932,432.7974,336.79076,513.0558,614.69312,101.02698,717.6804,794.96488,90.07552,0,0,0,0,0.67,-1.31,0,0
2025/05/25 14:39:00.136,n,21.481228,28.163248,675.40464,675.28712,0.316228,22.885118,22.989716,0.096825,367.26308,30.831738,-0.58316,-0.032654,23.335614,387.67812,435.22444,335.88084,501.1276,620.37996,117.0594,709.54856,803.21712,99.911464,0,0,0,0,0.77,-1.32,0,0
2025/05/25 14:40:00.135,n,21.525074,26.943716,675.07112,675.45896,0.223607,22.848202,22.978178,0.09401,366.8108,30.902622,-0.597572,-0.064995,23.347374,386.50108,432.42188,335.37562,513.76428,658.10036,136.8048,710.762,838.69792,122.85886,0,0,0,0,0.46,-1.44,0,0
2025/05/25 14:41:00.138,n,21.367504,26.972818,679.02896,677.31096,1.322876,22.954338,22.995356,0.182485,367.6908,30.349224,-0.613098,-0.074799,23.324962,385.0254,431.41856,336.80328,830.10464,657.6678,132.11852,998.30152,832.78264,120.6012,0,0,0,0,0.8,-1.41,0,0
2025/05/25 14:42:00.141,n,21.2636,27.75319,678.63152,679.48456,0.447214,22.708228,22.86051,0.103172,367.07976,29.823806,-0.615395,-0.060966,23.305658,384.7128,432.53308,336.70152,759.29504,645.08476,101.13976,919.46264,828.37408,91.216776,0,0,0,0,0.77,-1.21,0,0
2025/05/25 14:43:00.136,n,21.299294,27.364958,668.54576,673.29496,3.398529,22.425202,22.672338,0.204443,361.39372,29.581928,-0.607277,-0.071297,23.308858,385.43392,431.6346,331.27578,740.00112,613.77148,100.6104,905.41184,799.02912,87.227576,0,0,0,0,0.76,-1.33,0,0
2025/05/25 14:44:00.135,n,21.167702,27.595914,649.9002,658.69836,6.168468,21.96836,22.090902,0.202764,351.7422,28.444664,-0.613625,-0.078125,23.307814,384.87852,431.02184,322.76206,499.37516,565.1226,129.569,684.6028,746.77688,114.8364,0,0,0,0,0.77,-1.29,0,0
2025/05/25 14:45:00.137,n,21.154712,27.99069,633.81452,639.32764,4.669047,21.402308,21.496908,0.162079,342.17012,27.606484,-0.604454,-0.076897,23.286386,385.54524,431.00432,314.03608,786.49768,637.39864,142.8529,948.42208,813.64512,123.197,0,0,0,0,0.73,-1.33,0,0
2025/05/25 14:46:00.135,n,21.092946,27.643814,628.24396,630.25184,1.466288,20.979308,21.05596,0.068821,339.35364,27.080444,-0.602509,-0.057289,23.270314,385.61868,432.6508,311.72796,816.9884,668.96168,159.81474,988.73264,843.24928,147.40422,0,0,0,0,0.71,-1.38,0,0
2025/05/25 14:47:00.135,n,21.03767,27.536002,624.3714,625.28404,1.466288,20.87471,20.955978,0.108478,336.91464,26.75338,-0.609917,-0.064285,23.245716,384.8326,431.88424,309.6156,680.4816,776.72536,62.071732,876.82736,951.582,54.899,0,0,0,0,0.73,-1.32,0,0
2025/05/25 14:48:00.136,n,21.021412,27.643814,611.26892,624.58332,9.643652,20.591684,21.03263,0.372649,331.74598,26.809964,-0.618393,-0.081627,23.238168,384.05464,430.29944,304.39924,646.93128,529.583,69.60532,816.3596,719.1892,62.870504,0,0,0,0,0.75,-1.27,0,0
2025/05/25 14:49:00.137,n,21.109158,27.462468,595.15428,599.45092,4.171331,19.956416,20.050756,0.122035,321.89862,26.056346,-0.602509,-0.064995,23.252118,385.51112,431.85892,295.30478,773.39416,769.71512,30.03165,949.20728,938.83224,35.70994,0,0,0,0,0.75,-1.35,0,0
2025/05/25 14:50:00.138,n,21.071754,27.529166,589.04772,591.3188,1.843909,19.639548,19.838998,0.131101,317.38494,25.586892,-0.593514,-0.070068,23.23177,386.16916,431.28828,291.27462,437.06364,546.4754,85.465496,631.81616,739.31856,76.583616,0,0,0,0,0.75,-1.36,0,0
2025/05/25 14:51:00.140,n,21.188842,27.467594,583.97972,586.31596,1.702939,19.674926,19.739274,0.078437,314.07168,25.41652,-0.599335,-0.075325,23.199592,385.47552,430.63136,288.13116,611.80772,758.27688,99.200304,822.84256,929.36736,93.387368,0,0,0,0,0.8,-1.35,0,0
2025/05/25 14:52:00.136,n,21.203442,27.472768,578.2234,580.42644,1.717556,19.216548,19.415998,0.207289,310.07424,24.51989,-0.588829,-0.063591,23.162158,386.16356,431.45268,285.02912,758.93032,689.24608,46.435976,923.22096,859.83008,43.05578,0,0,0,0,0.77,-1.29,0,0
2025/05/25 14:53:00.135,n,21.058766,27.010514,569.44276,573.62084,2.832843,18.828924,19.08093,0.203725,305.15516,23.850838,-0.589531,-0.078125,23.105354,385.7676,429.82668,280.7929,539.28676,684.82736,126.92124,726.48312,876.80368,115.59586,0,0,0,0,0.72,-1.18,0,0
2025/05/25 14:54:00.135,n,21.062038,27.435124,554.57072,561.33772,4.914265,18.475142,18.6164,0.148067,296.79824,22.967888,-0.591744,-0.077072,23.074258,385.39288,429.73684,273.31568,532.4054,692.3392,137.58598,736.72584,877.40896,122.96302,0,0,0,0,0.8,-1.31,0,0
2025/05/25 14:55:00.135,n,21.04739,27.642058,535.18504,543.351,6.214902,17.593762,17.958056,0.294439,286.29358,22.127842,-0.58564,-0.067787,23.069946,385.89544,430.53608,263.64788,616.3712,616.68968,87.376488,809.92704,800.41552,80.735064,0,0,0,0,0.75,-1.22,0,0
2025/05/25 14:56:00.135,n,20.9677,27.696744,517.4684,524.77216,5.452064,16.923112,17.25818,0.264843,276.39654,21.443866,-0.580154,-0.064812,23.039962,386.19316,430.62352,254.43734,582.84484,503.65064,71.042072,743.9368,685.89424,58.825164,0,0,0,0,0.78,-1.32,0,0
2025/05/25 14:57:00.135,n,20.957984,27.624918,500.72024,507.77884,5.293865,16.533954,16.740326,0.218862,267.5925,21.00177,-0.580864,-0.066917,23.02069,386.01832,430.32304,246.07678,560.7848,698.86272,105.23688,760.59448,884.11032,91.8428,0,0,0,0,0.78,-1.24,0,0
2025/05/25 14:58:00.136,n,21.125466,27.275992,485.79192,491.84036,4.60706,16.004816,16.240416,0.157262,258.9461,19.791134,-0.577675,-0.067444,22.988518,386.10472,430.0868,238.64474,709.99624,653.9256,110.96058,868.7312,834.52704,92.626128,0,0,0,0,0.75,-1.29,0,0
2025/05/25 14:59:00.140,n,21.157936,27.510416,473.75084,478.41324,3.626293,15.652574,15.80511,0.138526,252.47598,19.691024,-0.581032,-0.076729,22.992766,385.83932,429.28716,232.28068,595.83168,644.8686,105.0388,803.38552,829.81232,92.600752,0,0,0,0,0.76,-1.3,0,0
2025/05/25 15:00:07.083,n,21.103424,27.635584,466.22348,468.94176,2.19089,15.263412,15.434406,0.158884,247.30674,19.378262,-0.575386,-0.06707,23.007462,386.41432,430.23164,227.42016,518.28528,591.25776,121.6345,721.48608,777.16672,109.87538,0,0,0,0,0.74,-1.29,0,0
2025/05/25 15:01:00.135,n,21.10992,27.837294,464.70976,465.45364,0.758288,16.218624,16.360396,0.104349,246.36848,19.919846,-0.569016,-0.055687,23.035324,387.12944,431.40656,225.9353,621.82704,565.14288,111.33756,772.08504,745.3188,90.598288,0,0,0,0,0.74,-1.28,0,0
2025/05/25 15:02:00.135,n,21.07735,27.637292,465.85952,465.1334,0.447214,16.395516,16.377828,0.029232,246.85618,19.948448,-0.572556,-0.063049,23.03111,386.79832,430.72788,226.39822,478.7318,568.9384,99.378064,662.70808,747.4648,86.03924,0,0,0,0,0.73,-1.31,0,0
2025/05/25 15:03:00.135,n,21.17979,27.8766,470.58792,468.36992,1.549193,16.53703,16.43679,0.103762,249.1821,20.418526,-0.572205,-0.060417,23.027844,386.80948,430.9424,228.2518,389.03016,430.52588,31.469828,575.0694,620.10724,34.577448,0,0,0,0,0.75,-1.3,0,0
2025/05/25 15:04:00.136,n,21.2253,27.401208,476.0884,473.73128,1.802776,16.749298,16.595736,0.200463,252.11792,20.276134,-0.564774,-0.088097,22.98071,387.17472,428.2066,231.36512,508.57996,587.91308,97.090032,715.15976,769.16,81.840392,0,0,0,0,0.6,-1.32,0,0
2025/05/25 15:05:00.136,n,21.093658,27.503846,481.36504,479.28836,1.557241,16.855432,16.666492,0.145991,254.55178,19.663044,-0.56424,-0.082138,22.94524,387.01208,428.52696,234.40664,732.07168,529.51556,121.40666,886.68808,712.27976,105.04142,0,0,0,0,0.78,-1.29,0,0
2025/05/25 15:06:00.135,n,21.018856,27.662928,481.80512,481.98024,0.158114,17.030786,16.74289,0.155152,255.05032,20.076538,-0.56424,-0.080208,22.908788,386.79744,428.48372,234.48974,527.06336,619.83692,118.81626,734.23688,802.16624,99.382592,0,0,0,0,0.84,-1.32,0,0
2025/05/25 15:07:00.139,n,21.00909,28.006484,475.37876,478.51832,2.150581,16.53703,16.578302,0.065364,251.95574,19.791756,-0.560349,-0.066727,22.875572,386.93864,429.4856,231.67036,697.63656,788.97824,57.062684,897.50592,963.62112,52.10662,0,0,0,0,0.74,-1.19,0,0
2025/05/25 15:08:00.140,n,20.948932,28.033826,465.657,469.94528,3.070017,16.11249,16.260158,0.129036,247.1063,19.335358,-0.553978,-0.065147,22.82942,387.21812,429.35424,227.28214,488.4618,534.43864,105.90574,692.40632,726.68584,90.378648,0,0,0,0,0.72,-1.35,0,0
2025/05/25 15:09:00.143,n,21.061138,28.175574,454.15956,458.96336,3.598611,15.760246,15.87202,0.13138,241.55846,19.434844,-0.559288,-0.059547,22.809104,386.63948,429.73224,221.62388,561.87096,464.9384,49.869832,737.59384,652.4362,44.09762,0,0,0,0,0.74,-1.29,0,0
2025/05/25 15:10:00.134,n,21.09034,27.849256,442.47636,447.18496,3.629738,15.47722,15.595404,0.09414,235.34418,18.992748,-0.555389,-0.065849,22.780036,386.80572,429.0016,215.86188,554.95836,656.2978,148.49966,765.38824,829.56416,142.10102,0,0,0,0,0.74,-1.27,0,0
2025/05/25 15:11:00.136,n,21.061138,28.170398,432.80792,436.71016,2.974895,15.054218,15.118824,0.180467,230.0436,18.686824,-0.552208,-0.058311,22.76612,386.99916,429.58928,210.86288,561.93688,725.43832,122.02746,771.022,916.41616,103.42486,0,0,0,0,0.77,-1.34,0,0
2025/05/25 15:12:00.135,n,21.116414,28.095252,425.77852,428.21176,2.061553,14.948084,14.895272,0.079672,226.25232,18.545056,-0.555923,-0.05394,22.753286,386.6024,429.90216,207.20528,814.2308,592.05964,135.03704,977.13336,771.44632,120.75244,0,0,0,0,0.69,-1.38,0,0
2025/05/25 15:13:00.136,n,21.134334,28.103796,425.20288,424.83028,0.273861,14.701974,14.725048,0.053217,225.46026,18.34608,-0.551506,-0.053062,22.74143,386.9148,429.91036,206.61572,845.50624,741.66648,87.623344,1023.8018,925.1352,80.295704,0,0,0,0,0.78,-1.3,0,0
2025/05/25 15:14:00.136,n,21.194394,27.524402,432.6724,428.9932,2.519921,14.84195,14.81298,0.060917,229.21498,18.921864,-0.559464,-0.063744,22.726374,386.13808,428.8734,209.7974,504.66884,606.85912,88.604176,712.83648,805.30472,76.905136,0,0,0,0,0.68,-1.47,0,0
2025/05/25 15:15:00.138,n,21.098542,27.929578,444.27336,439.53124,3.615937,15.23111,15.054218,0.14149,234.63036,18.90694,-0.551147,-0.069351,22.70067,386.70648,428.2244,215.24162,484.9076,573.27636,135.31326,697.6368,764.99408,120.54026,0,0,0,0,0.71,-1.4,0,0
2025/05/25 15:16:00.140,n,21.067634,27.888564,452.53624,449.48344,2.494995,15.44338,15.342886,0.05612,239.3713,19.164364,-0.549027,-0.057793,22.70276,386.90216,429.26312,219.7157,637.6898,636.67016,121.56398,836.20416,822.598,111.65908,0,0,0,0,0.73,-1.26,0,0
2025/05/25 15:17:00.142,n,21.12452,28.069666,456.90068,455.48596,1.264911,15.408002,15.443124,0.080131,242.13522,19.776832,-0.552918,-0.051491,22.712428,386.62244,429.87964,221.85696,418.0692,489.5642,79.578576,606.05572,678.96136,72.869064,0,0,0,0,0.75,-1.25,0,0
2025/05/25 15:18:00.146,n,21.1587,28.015028,456.29152,456.94588,0.41833,15.301868,15.337246,0.102579,241.45736,19.378262,-0.552918,-0.05587,22.701714,386.55944,429.42776,221.58206,529.5658,614.4384,106.85646,716.56792,803.2164,92.452424,0,0,0,0,0.74,-1.26,0,0
2025/05/25 15:19:00.135,n,21.101764,27.698816,448.77788,452.4568,2.469818,14.912706,15.136768,0.135497,237.15844,18.587338,-0.559639,-0.062523,22.681304,385.85816,428.71708,218.07398,539.474,573.6972,113.41792,728.59768,762.32128,99.427112,0,0,0,0,0.68,-1.28,0,0
2025/05/25 15:20:00.136,n,21.074128,28.153356,434.50584,441.00612,4.695743,14.418948,14.59507,0.200646,229.35318,17.749156,-0.553627,-0.055344,22.677022,386.35312,429.32956,211.10574,544.5404,576.4212,97.883224,726.30032,759.54216,89.13332,0,0,0,0,0.71,-1.25,0,0
2025/05/25 15:21:00.137,n,21.061138,27.738122,416.15876,423.94832,5.839521,13.677544,13.977746,0.220584,219.72282,17.12363,-0.560349,-0.05867,22.680192,385.79028,429.05276,202.09752,799.19472,668.54412,123.61978,962.83304,849.87456,103.4698,0,0,0,0,0.68,-1.24,0,0
2025/05/25 15:22:00.137,n,21.039998,28.433288,398.47712,405.5964,5.477226,13.217626,13.406568,0.183884,209.95656,16.185342,-0.555046,-0.056396,22.670558,386.1924,429.19804,193.27258,516.24012,551.03248,106.86394,722.24472,742.07224,90.726232,0,0,0,0,0.71,-1.27,0,0
2025/05/25 15:23:00.139,n,21.000984,27.972304,384.18988,389.78808,4.318565,12.830004,12.947674,0.176639,201.89604,15.34654,-0.555923,-0.0746,22.641588,385.94648,427.41136,186.06818,748.18104,575.01612,123.7251,905.732,754.90752,110.06316,0,0,0,0,0.76,-1.36,0,0
2025/05/25 15:24:00.142,n,20.96519,28.107214,373.35188,377.64168,3.276813,12.300868,12.47058,0.118842,195.80738,14.691788,-0.563362,-0.068649,22.616864,385.15776,427.79464,180.62088,463.20348,559.26484,110.25324,669.23688,749.53392,96.340808,0,0,0,0,0.74,-1.34,0,0
2025/05/25 15:25:00.144,n,20.94405,28.499792,364.99456,368.27628,2.47992,11.947084,12.117824,0.114607,190.69356,13.738576,-0.555046,-0.071976,22.577118,385.644,427.26612,176.47192,542.65564,625.19304,65.665444,753.79496,807.97112,52.443304,0,0,0,0,0.66,-1.24,0,0
2025/05/25 15:26:00.145,n,20.828522,28.134558,359.0738,361.42836,1.809696,11.84095,11.864792,0.096319,187.35398,13.2971,-0.560699,-0.079857,22.539396,384.93376,426.34496,173.57604,702.04184,573.58684,111.44046,858.13776,754.25688,93.205952,0,0,0,0,0.71,-1.23,0,0
2025/05/25 15:27:00.148,n,20.90332,28.705174,354.37428,356.20828,1.431782,11.488706,11.623554,0.081415,184.85046,13.284042,-0.549217,-0.067764,22.568562,386.09812,427.59,171.08496,533.21716,654.74676,123.8164,754.0176,844.33048,106.49414,0,0,0,0,0.73,-1.28,0,0
2025/05/25 15:28:00.136,n,20.812206,28.764842,352.71288,353.40016,0.707107,12.26549,12.271386,0.084865,183.6598,13.596806,-0.548508,-0.06636,22.548314,386.0406,427.59584,169.58086,465.09224,568.85236,94.856336,667.063,757.57368,80.091816,0,0,0,0,0.73,-1.32,0,0
2025/05/25 15:29:00.136,n,20.851268,28.875632,356.39204,354.09288,1.42741,12.40854,12.330862,0.090504,185.72476,13.953094,-0.547623,-0.060234,22.521598,385.96064,427.98332,171.28428,578.89552,654.01448,73.765848,779.63376,839.38504,59.20304,0,0,0,0,0.75,-1.26,0,0
2025/05/25 15:30:07.030,n,20.831738,28.875632,369.8326,363.59104,4.479119,12.973054,12.660802,0.212379,194.70124,15.034398,-0.550095,-0.065308,22.505564,385.65268,427.43864,179.18206,635.29248,668.98796,127.54548,843.05808,854.66336,109.19478,0,0,0,0,0.74,-1.27,0,0
2025/05/25 15:31:00.139,n,20.888672,28.913132,388.69136,380.61964,5.95609,13.572946,13.231214,0.22086,204.55146,15.873822,-0.552048,-0.066536,22.486356,385.37124,427.21708,188.19214,678.1484,473.81252,106.28994,829.80472,656.2534,88.463552,0,0,0,0,0.7,-1.28,0,0
2025/05/25 15:32:00.142,n,20.90171,28.746092,404.53192,398.54616,4.738143,14.066704,13.837514,0.18215,213.63532,16.229488,-0.553284,-0.060761,22.460722,385.11412,427.57976,196.9133,761.43312,688.88504,94.428016,925.188,868.71648,73.940512,0,0,0,0,0.75,-1.28,0,0
2025/05/25 15:33:00.143,n,20.818702,28.614792,413.7618,410.41464,2.781636,14.278974,14.166942,0.147489,219.40132,16.457066,-0.556641,-0.077568,22.392306,384.42304,425.6864,202.46518,556.79296,675.25536,79.911824,776.52928,861.43832,64.30008,0,0,0,0,0.73,-1.21,0,0
2025/05/25 15:34:00.148,n,20.77969,28.413522,421.01508,417.95372,2.216416,14.385108,14.273076,0.093489,223.07552,16.712624,-0.556999,-0.069687,22.347466,384.12956,426.12392,205.8756,665.17724,696.19856,102.63188,863.8652,881.106,90.914792,0,0,0,0,0.83,-1.28,0,0
2025/05/25 15:35:00.148,n,20.805714,28.740964,432.88252,427.3176,3.882654,14.703512,14.473042,0.162455,229.40744,17.665214,-0.563721,-0.052353,22.34531,383.53548,427.65068,211.23086,884.562,756.85752,118.1827,1067.9566,941.76288,110.19664,0,0,0,0,0.77,-1.22,0,0
2025/05/25 15:36:00.148,n,20.735694,28.270162,449.9048,442.70252,5.43829,15.089598,15.03166,0.232125,238.12638,17.977978,-0.562836,-0.068283,22.295116,383.31836,425.94228,219.65384,818.27688,612.44872,141.87724,987.4116,804.47784,120.23478,0,0,0,0,0.66,-1.47,0,0
2025/05/25 15:37:00.137,n,20.703174,28.278708,461.4768,457.55856,3.368976,15.338782,15.373136,0.123823,244.88316,18.5606,-0.566551,-0.059883,22.255572,382.7658,426.45712,225.81588,548.1924,620.36036,121.27964,775.16648,813.58328,104.2346,0,0,0,0,0.82,-1.26,0,0
2025/05/25 15:38:00.138,n,20.690186,28.43398,461.5438,462.2986,0.447214,15.408002,15.35519,0.063276,245.63468,18.787556,-0.575577,-0.054634,22.236304,381.87232,426.81056,226.32618,782.29152,639.8282,140.37184,959.54152,823.66472,128.6913,0,0,0,0,0.75,-1.25,0,0
2025/05/25 15:39:00.139,n,20.662502,28.393064,454.20372,457.85728,2.474874,15.020378,15.167788,0.14574,241.9011,18.71667,-0.58786,-0.054108,22.216024,380.69132,426.73888,222.65066,646.26172,546.58636,78.975632,822.02832,740.55072,73.908728,0,0,0,0,0.8,-1.28,0,0
2025/05/25 15:40:00.142,n,20.67876,28.271824,442.04392,447.25048,3.917908,14.737352,14.826054,0.091643,234.83536,18.29074,-0.598267,-0.058655,22.197802,379.68464,426.22856,216.005,815.6216,706.43464,97.772184,988.09864,890.4504,80.643664,0,0,0,0,0.83,-1.3,0,0
2025/05/25 15:41:00.144,n,20.621776,28.630172,429.45464,434.58556,3.87621,13.960568,14.184376,0.227235,227.44984,17.352452,-0.600212,-0.050957,22.173212,379.3726,426.76848,209.54816,762.62208,613.313,103.17316,932.05368,799.52264,89.669112,0,0,0,0,0.75,-1.4,0,0
2025/05/25 15:42:00.146,n,20.675488,28.8603,418.06688,422.58864,3.478505,13.608324,13.743684,0.081789,220.78158,16.911598,-0.594917,-0.051483,22.164658,379.78056,426.67168,203.32654,734.91016,659.75928,94.558976,927.54984,850.17016,81.629032,0,0,0,0,0.79,-1.3,0,0
2025/05/25 15:43:00.150,n,20.732422,28.965964,408.13036,412.17272,3.03521,13.183786,13.384262,0.127992,215.24456,16.087098,-0.583458,-0.053925,22.126156,380.54712,426.23012,198.62792,879.3652,787.07536,66.163436,1060.9824,962.63696,68.11828,0,0,0,0,0.75,-1.35,0,0
2025/05/25 15:44:00.150,n,20.620166,29.045994,399.50504,403.09364,2.711089,12.831542,12.978696,0.132813,209.7087,15.33286,-0.565491,-0.057785,22.111168,382.01388,425.79976,193.86814,611.0498,715.19888,97.7842,820.6636,915.9716,84.979992,0,0,0,0,0.66,-1.36,0,0
2025/05/25 15:45:00.152,n,20.681984,29.415426,390.4944,394.3264,2.790609,12.513136,12.748222,0.164731,204.55146,15.034398,-0.553818,-0.054634,22.098336,382.94868,426.0046,189.01788,669.86668,539.42156,89.294592,836.3052,726.27568,74.769312,0,0,0,0,0.77,-1.28,0,0
2025/05/25 15:46:00.136,n,20.644532,31.101706,380.72088,384.92796,3.108456,12.26549,12.3424,0.112944,199.15152,14.849102,-0.556465,-0.059883,22.070546,382.55756,425.37636,183.80584,648.63524,712.5676,95.574576,839.03272,896.76608,82.388712,0,0,0,0,0.81,-1.55,0,0
2025/05/25 15:47:00.135,n,20.305714,32.655712,369.01788,374.03184,3.736643,11.80711,11.942214,0.139754,191.70832,13.354928,-0.547798,-0.072319,22.025582,383.04484,424.00948,177.87792,526.71436,612.83748,113.99276,740.64992,805.96896,95.809704,0,0,0,0,0.67,-1.46,0,0
2025/05/25 15:48:00.136,n,20.1105,33.67358,355.23472,361.11892,4.318565,11.134922,11.471016,0.216675,183.49476,11.931016,-0.540901,-0.078796,21.950642,383.20468,422.99744,171.10164,855.01416,766.23272,133.41064,1033.2574,945.49856,130.8717,0,0,0,0,0.65,-1.34,0,0
2025/05/25 15:49:00.135,n,20.029296,34.120456,339.61348,346.17688,4.83089,10.676544,10.905988,0.145866,174.80152,10.97718,-0.529236,-0.082298,21.891766,383.87056,422.34324,163.37742,589.81544,666.26164,54.420584,783.03464,850.38936,46.190908,0,0,0,0,0.76,-1.28,0,0
2025/05/25 15:50:00.135,n,20.014698,34.360592,324.77954,330.92926,4.669047,10.287382,10.417104,0.185405,166.19736,10.065006,-0.526764,-0.078621,21.810364,383.61048,422.19588,155.6842,715.3696,658.6812,144.59876,899.2368,844.8072,128.1062,0,0,0,0,0.78,-1.09,0,0
2025/05/25 15:51:00.135,n,19.980954,34.567108,310.96134,316.5372,4.269075,9.5106,9.73415,0.227181,158.9626,10.094232,-0.514923,-0.073532,21.773894,384.42256,422.43556,148.42696,489.02096,522.64796,77.302488,675.77096,717.96152,74.893592,0,0,0,0,0.79,-1.21,0,0
2025/05/25 15:52:00.135,n,19.928952,34.688692,300.61216,305.17636,3.551408,10.216626,10.458378,0.163615,152.593,9.566326,-0.514565,-0.075806,21.704216,384.0484,421.82848,142.58792,460.88152,489.9508,35.619868,654.47652,684.0512,31.101446,0,0,0,0,0.65,-1.32,0,0
2025/05/25 15:53:00.136,n,19.875336,34.915008,292.08884,295.5297,2.582392,9.9336,10.069474,0.138614,147.84006,9.295846,-0.509262,-0.074059,21.64959,384.18956,421.66612,138.10902,531.21208,646.61364,136.8859,751.9272,834.69424,121.44052,0,0,0,0,0.78,-1.25,0,0
2025/05/25 15:54:00.137,n,19.868794,34.940256,286.5046,288.7432,1.669581,9.721332,9.81593,0.098945,144.48394,8.981838,-0.503616,-0.074409,21.568094,384.20448,421.16152,135.07288,491.78388,632.51764,140.9005,706.80072,820.85104,128.99226,0,0,0,0,0.73,-1.2,0,0
2025/05/25 15:55:00.136,n,19.836322,35.23718,283.28228,284.40158,0.938749,9.5106,9.569564,0.057622,142.3636,8.896652,-0.503258,-0.073532,21.510206,383.89952,420.9034,133.0372,775.7092,653.15076,131.16516,939.82512,840.76864,111.36652,0,0,0,0,0.85,-1.25,0,0
2025/05/25 15:56:00.135,n,19.82983,35.18156,282.18432,282.40134,0.33541,9.369086,9.433948,0.060817,141.92844,9.139154,-0.499725,-0.071083,21.460842,383.91884,420.83464,132.36064,717.99824,642.71748,125.17028,913.7856,830.09256,113.26672,0,0,0,0,0.75,-1.25,0,0
2025/05/25 15:57:00.135,n,19.821724,35.151192,283.3158,282.70414,0.425735,9.5106,9.416256,0.082827,142.68282,9.280922,-0.496376,-0.073708,21.398612,383.8478,420.24084,132.97922,481.76336,574.51176,135.7645,687.05856,762.28976,117.73636,0,0,0,0,0.83,-1.28,0,0
2025/05/25 15:58:00.135,n,19.782662,35.286104,286.2305,284.95032,0.935414,9.369086,9.351398,0.073371,144.11332,9.438236,-0.493904,-0.065125,21.344942,383.7506,420.69208,134.24632,718.94208,628.35688,115.02978,884.25432,816.9404,98.376064,0,0,0,0,0.71,-1.17,0,0
2025/05/25 15:59:00.134,n,19.86562,35.650704,289.86246,288.33782,1.120826,9.439842,9.451636,0.065922,146.47522,10.165116,-0.488075,-0.056374,21.326726,384.14932,421.36372,135.87842,631.22528,665.94256,124.05524,839.20944,861.39072,106.13012,0,0,0,0,0.76,-1.28,0,0
2025/05/25 16:00:07.033,n,19.779438,35.537324,292.29444,291.48962,0.684653,9.404464,9.504704,0.098636,148.18498,10.364712,-0.490547,-0.061272,21.275176,383.63704,420.63028,137.391,810.76528,685.41992,176.85546,989.23384,868.26264,160.15556,0,0,0,0,0.81,-1.21,0,0
2025/05/25 16:01:00.137,n,19.741986,35.65744,291.13098,291.96958,0.5,9.333708,9.42805,0.061911,147.49628,10.236,-0.488075,-0.056892,21.247262,383.68924,420.85756,136.8291,642.74284,713.41816,100.1741,856.8652,904.38456,82.494848,0,0,0,0,0.76,-1.31,0,0
2025/05/25 16:02:00.137,n,19.769672,35.393524,285.47516,288.17746,1.872498,9.156816,9.192196,0.10011,144.64954,10.037026,-0.487541,-0.063553,21.21393,383.54264,420.07324,134.18852,792.98648,742.7224,156.80354,983.80952,924.4868,148.6812,0,0,0,0,0.88,-1.14,0,0
2025/05/25 16:03:00.141,n,19.755074,35.554268,277.20922,280.82318,2.618444,8.661522,8.856102,0.141037,140.02852,9.423936,-0.484894,-0.056541,21.168876,383.51112,420.43544,130.17624,549.27948,624.46032,80.740328,779.17768,821.64288,62.375076,0,0,0,0,0.73,-1.25,0,0
2025/05/25 16:04:00.135,n,19.794036,35.608416,268.27932,272.05216,2.78276,8.273898,8.461814,0.143652,135.52686,9.33875,-0.485954,-0.058121,21.124806,383.16464,420.0404,125.76028,474.71748,478.25096,64.348276,675.01848,673.04424,57.103852,0,0,0,0,0.75,-1.3,0,0
2025/05/25 16:05:00.135,n,19.804592,35.628292,259.59916,263.2207,2.768122,7.884737,8.06163,0.176154,130.9201,9.025986,-0.476784,-0.054604,21.121278,383.93748,420.33232,121.47196,694.96456,588.36652,61.733092,883.89592,781.91888,61.666036,0,0,0,0,0.7,-1.31,0,0
2025/05/25 16:06:00.135,n,19.851712,35.761932,252.13424,255.58828,2.592055,8.592302,8.840976,0.130961,126.64516,8.868672,-0.476433,-0.05127,21.089058,383.78164,420.4422,117.35132,572.86052,722.17624,108.71478,796.26416,916.92456,95.854056,0,0,0,0,0.64,-1.32,0,0
2025/05/25 16:07:00.135,n,19.840382,35.760224,244.616,247.75228,2.306242,8.41695,8.640244,0.15898,122.5301,8.412896,-0.473076,-0.053024,21.051388,383.85448,420.0688,113.69716,773.34344,620.68928,114.39362,935.54832,806.12672,98.559624,0,0,0,0,0.95,-1.33,0,0
2025/05/25 16:08:00.135,n,19.832226,35.565744,237.46628,240.19902,2.178015,8.273898,8.280307,0.109012,118.67944,8.156094,-0.475021,-0.051445,21.031016,383.56844,420.09132,110.09978,553.2414,611.05848,91.098848,752.68752,805.98752,74.500336,0,0,0,0,0.74,-1.31,0,0
2025/05/25 16:09:00.135,n,19.843606,35.792356,231.51504,233.84294,1.802776,7.921654,8.01574,0.082532,115.47808,8.055985,-0.473251,-0.051971,20.997622,383.52884,419.85188,107.00082,709.54608,616.70032,55.117148,883.71048,800.86648,47.139156,0,0,0,0,0.7,-1.11,0,0
2025/05/25 16:10:00.139,n,19.794826,35.376924,227.82978,229.1615,1.024695,7.674006,7.756556,0.065783,113.56788,7.913594,-0.474136,-0.051445,20.960016,383.23528,419.6816,105.2316,545.17156,542.16612,13.151996,720.85648,726.05736,9.625488,0,0,0,0,0.67,-1.23,0,0
2025/05/25 16:11:00.139,n,19.762356,35.567452,226.5902,227.0841,0.410792,7.567871,7.674006,0.05919,112.52856,7.913594,-0.473961,-0.049873,20.94712,383.17596,419.74672,104.19086,494.56464,578.8554,81.620304,688.25928,771.87472,75.186432,0,0,0,0,0.76,-1.32,0,0
2025/05/25 16:12:00.140,n,19.783448,35.856564,226.5902,226.38942,0.193649,7.461736,7.497115,0.044675,111.91296,7.770581,-0.469368,-0.047768,20.923484,383.437,419.79744,103.72078,741.17696,637.29456,84.229744,925.62936,822.15744,74.027696,0,0,0,0,0.75,-1.25,0,0
2025/05/25 16:13:00.136,n,19.794826,35.8549,227.24502,226.8374,0.362284,7.284845,7.332016,0.036477,112.0026,7.956497,-0.47007,-0.046196,20.918068,383.345,419.90572,103.62224,667.81756,615.97652,91.99212,840.91848,801.5588,78.660344,0,0,0,0,0.76,-1.28,0,0
2025/05/25 16:14:00.136,n,19.773682,35.346552,229.20644,228.47292,0.56458,7.320224,7.355602,0.050024,112.67018,8.027382,-0.468842,-0.052498,20.903018,383.36452,419.25932,104.22646,605.13544,607.04256,74.040872,789.92576,799.13608,62.285232,0,0,0,0,0.84,-1.1,0,0
2025/05/25 16:15:00.136,n,19.757472,35.540352,230.30896,229.93638,0.262202,7.284845,7.314327,0.04707,112.93914,7.813484,-0.464249,-0.048477,20.893356,383.70604,419.56056,104.70988,499.54756,574.42272,64.022264,711.1748,770.05544,53.339948,0,0,0,0,0.75,-1.32,0,0
2025/05/25 16:16:00.136,n,19.760692,36.000212,229.44856,229.88488,0.295804,7.17871,7.214345,0.049657,112.86206,7.984478,-0.464249,-0.043922,20.899818,383.74332,420.0024,104.45724,610.24724,542.0614,62.88422,787.28904,724.36328,51.802508,0,0,0,0,0.75,-1.28,0,0
2025/05/25 16:17:00.136,n,19.78672,35.875164,227.82978,228.64502,0.559017,7.038736,7.138718,0.056228,112.0797,7.984478,-0.466011,-0.049698,20.90625,383.628,419.5266,103.67892,490.69744,543.28676,45.308664,697.10792,737.41584,40.69152,0,0,0,0,0.75,-1.3,0,0
2025/05/25 16:18:00.139,n,19.739552,35.775408,225.24706,226.35518,0.847791,6.897223,6.967211,0.04978,110.92444,8.055985,-0.47007,-0.047424,20.919146,383.35132,419.80296,102.44582,632.80584,702.28952,75.04832,856.02096,886.47736,73.46564,0,0,0,0,0.74,-1.29,0,0
2025/05/25 16:19:00.140,n,19.806202,36.317744,223.21408,224.02956,0.627495,6.826466,6.82621,0.089725,110.077,8.055985,-0.468132,-0.046021,20.932072,383.59344,420.00212,101.5989,449.44452,502.3148,39.025312,654.42188,700.12472,35.816196,0,0,0,0,0.73,-1.27,0,0
2025/05/25 16:20:00.140,n,19.824184,36.295736,222.59428,222.68562,0.273861,6.614197,6.731612,0.079825,110.05016,8.286049,-0.465836,-0.049149,20.96093,383.9586,419.8908,101.34742,752.0036,584.899,126.64764,922.77048,761.00592,120.04062,0,0,0,0,0.74,-1.32,0,0
2025/05/25 16:21:00.146,n,19.864808,36.000128,224.24502,223.95188,0.262202,7.604788,7.682209,0.05725,110.55096,8.029248,-0.465485,-0.051247,20.956652,383.96432,419.67988,102.10748,652.08576,581.61384,88.683992,831.41024,768.87552,77.601224,0,0,0,0,0.78,-1.33,0,0
2025/05/25 16:22:00.135,n,19.83556,36.06434,225.00188,224.86432,0.209165,7.56941,7.640678,0.063853,110.93644,8.014324,-0.468124,-0.049324,20.942646,383.6552,419.7698,102.5033,500.2254,570.00328,71.10204,701.3712,764.78056,65.182824,0,0,0,0,0.68,-1.26,0,0
2025/05/25 16:23:00.135,n,19.778626,35.861552,224.34858,224.86458,0.273861,7.604788,7.622989,0.037549,110.84678,7.786125,-0.468124,-0.050896,20.93295,383.5992,419.5742,102.64342,522.89484,618.4782,91.150152,729.1276,813.11304,73.840704,0,0,0,0,0.79,-1.28,0,0
2025/05/25 16:24:00.135,n,19.76891,36.071076,222.07348,223.18792,0.770552,7.498653,7.498909,0.044332,109.9862,7.543625,-0.467598,-0.049324,20.92107,383.57624,419.64532,102.0243,747.65848,665.34528,66.288764,923.62072,855.56304,52.499524,0,0,0,0,0.72,-1.26,0,0
2025/05/25 16:25:00.137,n,19.80299,36.126888,217.97094,219.8496,1.322876,7.217165,7.35227,0.090402,108.29014,7.629433,-0.464249,-0.047218,20.93083,383.92216,419.88852,100.24368,608.30988,593.0832,81.763072,791.55136,783.82256,68.922416,0,0,0,0,0.76,-1.28,0,0
2025/05/25 16:26:00.135,n,19.790004,36.145444,212.80094,215.08492,1.663956,7.040274,7.140512,0.081975,105.83458,7.515644,-0.465309,-0.048447,20.924368,383.79324,419.74224,97.902072,607.51204,637.86188,60.818172,882.1036,880.68008,113.71192,0,0,0,0,0.74,-1.26,0,0
2025/05/25 16:27:00.139,n,19.804654,36.300764,208.29486,210.09538,1.462019,6.969517,6.993103,0.088595,103.23454,7.329727,-0.464951,-0.047218,20.925412,383.83024,419.85732,95.48708,770.24008,675.85672,78.313472,948.43664,876.56416,61.911228,0,0,0,0,0.73,-1.22,0,0
2025/05/25 16:28:00.140,n,19.790004,36.084604,205.13042,206.30018,0.90312,6.757248,6.816211,0.091376,101.52136,7.044323,-0.46566,-0.050201,20.910364,383.68208,419.50564,94.061584,522.10284,580.4906,117.81416,738.2052,776.48024,96.988912,0,0,0,0,0.82,-1.2,0,0
2025/05/25 16:29:00.142,n,19.790004,35.449544,204.95832,204.84894,0.136931,6.651113,6.721869,0.050085,101.14732,6.873329,-0.46283,-0.054573,20.899558,383.86468,419.05516,93.865728,788.67952,706.86336,100.82114,965.83704,900.3064,82.10664,0,0,0,0,0.71,-1.23,0,0
2025/05/25 16:30:07.057,n,19.777016,35.442756,207.22888,206.06518,0.831039,6.580356,6.609838,0.064895,102.33284,6.958515,-0.463539,-0.0523,20.892082,383.7602,419.21392,94.96308,587.44512,639.60924,111.25804,804.49032,833.77,89.408336,0,0,0,0,0.74,-1.28,0,0
2025/05/25 16:31:00.135,n,19.742836,35.626544,210.39332,209.0413,1.024695,6.828004,6.698284,0.069615,103.87814,7.058625,-0.464249,-0.048622,20.886666,383.66748,419.50916,96.40388,685.78592,634.07892,110.1651,873.66568,817.9924,100.6715,0,0,0,0,0.75,-1.3,0,0
2025/05/25 16:32:00.135,n,19.762368,35.523324,212.4918,211.78138,0.622495,6.651113,6.76904,0.104173,105.06252,7.201016,-0.46389,-0.054924,20.870538,383.6056,418.8566,97.45252,790.3372,665.23712,118.20238,973.50504,852.90872,104.72392,0,0,0,0,0.75,-1.24,0,0
2025/05/25 16:33:00.135,n,19.744446,35.790556,212.83442,212.84712,0,6.615735,6.698284,0.076427,105.17786,6.972817,-0.462486,-0.053703,20.8598,383.66512,418.90312,97.796264,498.09064,511.44868,53.233212,701.8204,713.05192,45.91514,0,0,0,0,0.75,-1.27,0,0
2025/05/25 16:34:00.138,n,19.752652,36.1201,211.46084,212.18798,0.506211,6.651113,6.615734,0.044743,104.47032,7.087227,-0.462662,-0.048798,20.865218,383.68108,419.36992,96.969232,761.86408,599.56164,140.11174,931.31016,787.0284,125.39916,0,0,0,0,0.72,-1.26,0,0
2025/05/25 16:35:00.138,n,19.72174,36.099836,207.50452,209.28192,1.274755,6.29733,6.491911,0.126082,102.60352,6.758919,-0.466011,-0.05545,20.838254,383.23604,418.62376,95.43404,778.8592,633.4002,151.30252,948.94544,823.65616,132.35522,0,0,0,0,0.8,-1.38,0,0
2025/05/25 16:36:00.140,n,19.67941,36.349688,201.1025,203.98828,2.104311,6.191196,6.31502,0.106691,99.345624,6.173809,-0.461601,-0.054756,20.815696,383.48756,418.55548,92.764976,708.012,648.48528,99.4618,880.4,840.20968,82.654096,0,0,0,0,0.82,-1.24,0,0
2025/05/25 16:37:00.143,n,19.658264,36.21126,193.0391,196.5543,2.516198,5.909708,6.00969,0.087608,95.385896,5.931309,-0.463188,-0.052826,20.822128,383.3872,418.76384,89.044216,527.79132,594.54628,98.574592,753.4664,793.73704,86.50896,0,0,0,0,0.75,-1.3,0,0
2025/05/25 16:38:00.145,n,19.63229,36.445932,184.27672,187.9107,2.766428,5.519008,5.6959,0.145037,90.892216,5.731091,-0.461777,-0.052994,20.824282,383.5218,418.7614,84.752352,542.41876,566.50716,67.55812,751.33512,765.60792,53.001888,0,0,0,0,0.74,-1.28,0,0
2025/05/25 16:39:00.147,n,19.617592,36.506672,175.67422,179.13512,2.59988,5.379034,5.425179,0.085742,86.597272,5.61668,-0.463722,-0.057381,20.809234,383.2668,418.28512,80.574256,612.9124,595.17152,104.57988,807.36096,782.52912,100.76186,0,0,0,0,0.81,-1.27,0,0
2025/05/25 16:40:00.136,n,19.609486,36.633136,168.44684,171.26534,2.198011,5.06063,5.165482,0.118147,82.527328,5.045872,-0.461952,-0.055977,20.800582,383.36996,418.35984,77.07548,773.7552,694.78976,111.75152,970.32632,891.48184,89.004496,0,0,0,0,0.77,-1.29,0,0
2025/05/25 16:41:00.136,n,19.646882,36.934236,163.1154,165.10066,1.56325,4.917578,4.959109,0.065387,80.08776,5.288994,-0.456474,-0.052979,20.827582,383.99944,418.78172,74.395272,749.34696,614.914,117.18234,928.7648,806.48904,102.34916,0,0,0,0,0.74,-1.28,0,0
2025/05/25 16:42:00.137,n,19.641998,37.271052,160.93928,162.09384,0.93039,5.874329,5.897402,0.062402,77.959416,5.060795,-0.455071,-0.053337,20.826502,384.11476,418.74376,72.496896,625.5982,577.89252,83.247376,829.19832,768.60152,71.701464,0,0,0,0,0.73,-1.26,0,0
2025/05/25 16:43:00.139,n,19.633846,37.331644,159.22,159.76364,0.429389,5.874329,5.856384,0.073579,76.978344,4.689583,-0.457893,-0.058586,20.80496,383.7464,418.15344,71.889448,665.81792,568.5052,101.53004,836.01616,756.99224,87.503712,0,0,0,0,0.69,-1.28,0,0
2025/05/25 16:44:00.142,n,19.612652,37.54366,158.66872,158.80096,0.147902,5.66206,5.749993,0.066222,76.268512,4.574551,-0.45401,-0.05999,20.789878,383.99548,417.94192,71.299936,546.2354,617.102,88.34336,764.05472,814.51904,68.745912,0,0,0,0,0.75,-1.26,0,0
2025/05/25 16:45:00.144,n,19.60616,37.994244,159.66922,159.1913,0.30104,5.732816,5.7382,0.034543,76.4364,4.503666,-0.45295,-0.062271,20.771598,383.98192,417.63404,71.542056,831.6036,704.49288,108.22754,1010.524,890.32672,92.639624,0,0,0,0,0.76,-1.24,0,0
2025/05/25 16:46:00.145,n,19.563922,38.202448,161.31998,160.53142,0.56458,5.6959,5.720768,0.036602,77.042872,4.417858,-0.452599,-0.058945,20.757596,383.93168,417.8488,72.231352,529.5826,548.49884,113.64198,721.24032,746.5276,96.871048,0,0,0,0,0.86,-1.26,0,0
2025/05/25 16:47:00.148,n,19.557332,38.563288,163.19002,162.3479,0.599479,5.802035,5.75025,0.131763,77.727568,4.246865,-0.451538,-0.057892,20.726358,383.84348,417.7624,73.087056,702.20608,683.45512,111.7524,873.95224,874.34464,93.367552,0,0,0,0,0.74,-1.37,0,0
2025/05/25 16:48:00.148,n,19.475982,39.370564,164.05652,163.67024,0.285044,5.626682,5.650267,0.042826,78.011392,4.303448,-0.450661,-0.056839,20.70266,383.78308,417.7196,73.31412,880.8604,798.40352,111.99286,1083.0688,988.09208,112.36726,0,0,0,0,0.73,-1.31,0,0
2025/05/25 16:49:00.135,n,19.164948,42.730672,163.36362,163.69866,0.262202,5.626682,5.644371,0.124093,77.121104,3.546723,-0.460007,-0.078568,20.628368,382.54712,415.36244,73.192936,804.82528,806.68232,55.576524,1008.36,1004.2538,50.102892,0,0,0,0,0.57,-0.91,0,0
2025/05/25 16:50:00.137,n,18.944928,44.021444,160.34994,161.71844,0.974679,5.343655,5.432101,0.066199,75.09384,2.474125,-0.454361,-0.084167,20.54546,382.55904,414.38864,72.249528,774.17048,590.08076,111.41444,936.3736,781.69016,90.991208,0,0,0,0,0.67,-1.38,0,0
2025/05/25 16:51:00.139,n,18.778572,45.125448,155.9063,157.83398,1.415318,5.131386,5.284692,0.09136,72.508648,1.988503,-0.452065,-0.082596,20.474336,382.3492,414.11968,70.15068,621.80768,604.3258,85.484208,806.76568,804.93624,80.074656,0,0,0,0,0.71,-1.27,0,0
2025/05/25 16:52:00.141,n,18.654644,46.122904,151.17486,153.2185,1.518634,5.096008,5.090112,0.052028,70.491096,1.831188,-0.447304,-0.089256,20.402042,382.34608,413.11324,68.301856,512.0274,655.65832,107.91478,727.58256,851.57072,91.213488,0,0,0,0,0.68,-1.22,0,0
2025/05/25 16:53:00.143,n,18.574616,46.680232,146.85304,148.65634,1.322876,4.84836,4.883738,0.089486,68.044104,1.330643,-0.446777,-0.086975,20.314736,381.89088,412.81512,66.35366,582.34968,711.72168,122.30026,818.7276,903.97232,101.11478,0,0,0,0,0.68,-1.27,0,0
2025/05/25 16:54:00.146,n,18.470124,47.40328,143.28962,144.67438,1.101136,4.777603,4.754018,0.061936,65.944884,0.586975,-0.444305,-0.089256,20.203636,381.46836,411.97612,65.00286,624.627,682.40536,101.18844,842.9444,878.632,86.302376,0,0,0,0,0.82,-1.27,0,0
2025/05/25 16:55:00.148,n,18.342782,48.22418,140.21196,141.3135,0.835726,4.529956,4.565334,0.063264,64.622316,0.672783,-0.440949,-0.092064,20.11617,381.25816,411.2262,63.600648,468.63288,530.17036,46.32278,675.80184,720.86136,39.807664,0,0,0,0,0.78,-1.2,0,0
2025/05/25 16:56:00.149,n,18.249714,48.717436,138.44548,139.02238,0.480885,4.459199,4.500474,0.075584,63.714324,0.64418,-0.440781,-0.090126,20.014674,380.6924,410.81804,62.719492,515.73444,644.97148,117.86604,741.46784,833.86272,96.553096,0,0,0,0,0.65,-1.23,0,0
2025/05/25 16:57:00.151,n,18.197368,48.806744,137.78762,137.85716,0.118585,4.388443,4.388443,0.094931,63.753728,0.930206,-0.431252,-0.084343,19.931946,381.04412,410.85904,62.476612,786.99368,629.89252,127.71942,948.26032,813.30448,108.4304,0,0,0,0,0.77,-1.33,0,0
2025/05/25 16:58:00.139,n,18.164704,49.513876,138.96478,138.38812,0.364434,4.246929,4.329479,0.057768,64.31108,0.930206,-0.432663,-0.081718,19.829934,380.3398,410.50992,63.029932,575.99224,675.7428,103.08346,770.48784,866.20872,89.917736,0,0,0,0,0.66,-1.32,0,0
2025/05/25 16:59:00.138,n,17.989804,50.113096,142.11398,140.65536,1.003899,4.459199,4.37665,0.061985,66.061952,1.116123,-0.423317,-0.082771,19.735398,380.60932,409.8774,64.60528,822.38584,690.2588,129.15126,986.5792,877.806,109.91816,0,0,0,0,0.73,-1.27,0,0
2025/05/25 17:00:07.368,n,18.047482,50.43098,146.33376,144.40306,1.356696,4.529956,4.435613,0.076437,69.352976,2.216702,-0.418556,-0.069618,19.71676,380.91508,410.93948,66.787332,858.20072,734.44368,111.71304,1035.2862,918.5936,95.899432,0,0,0,0,0.73,-1.28,0,0
2025/05/25 17:01:00.145,n,18.039326,50.280592,151.55708,149.67332,1.413108,5.412874,5.34263,0.127106,71.501304,2.517029,-0.413795,-0.068573,19.651204,380.9536,410.659,68.639056,633.34496,627.06392,69.461864,844.65936,828.83712,60.883084,0,0,0,0,0.74,-1.25,0,0
2025/05/25 17:02:00.136,n,18.063838,50.411156,155.63372,153.92382,1.30024,5.44979,5.419283,0.060742,73.570248,2.931767,-0.412567,-0.067162,19.585614,380.6864,410.41088,70.29308,574.54808,594.79028,134.6176,781.466,781.21208,124.26304,0,0,0,0,0.74,-1.27,0,0
2025/05/25 17:03:00.137,n,18.045868,50.629172,159.05096,157.66468,1.05771,5.343655,5.442868,0.068264,75.366232,3.274998,-0.414154,-0.068916,19.509258,380.11488,409.82084,71.745992,772.92408,641.63372,82.267544,959.77216,831.68064,83.055704,0,0,0,0,0.81,-1.21,0,0
2025/05/25 17:04:00.135,n,17.973896,51.21658,161.25146,160.48674,0.639824,5.48363,5.477991,0.057063,76.34732,3.217793,-0.408508,-0.064186,19.437148,380.19344,409.83108,72.785208,700.93192,793.55488,82.595104,908.6652,980.67648,75.147856,0,0,0,0,0.73,-1.29,0,0
2025/05/25 17:05:00.136,n,17.8987,51.407692,164.19508,162.90804,0.918559,5.48363,5.537211,0.037427,77.922304,3.3036,-0.405167,-0.064713,19.360762,380.04872,409.35056,74.278248,706.75904,670.83204,81.689968,887.25992,865.22904,63.627036,0,0,0,0,0.74,-1.25,0,0
2025/05/25 17:06:00.138,n,17.884002,51.519704,167.86512,166.15752,1.234909,5.519008,5.543107,0.029075,80.179128,3.488896,-0.402878,-0.062958,19.292958,379.86216,409.12184,76.350312,696.28152,685.9492,88.512712,895.17792,876.6608,70.12132,0,0,0,0,0.65,-1.22,0,0
2025/05/25 17:07:00.136,n,17.754708,51.913064,172.91636,170.73694,1.570231,5.66206,5.649242,0.082772,83.1772,3.889332,-0.399696,-0.054375,19.259516,379.94768,409.6944,78.942544,578.48024,682.44632,108.68878,797.9948,869.9876,93.389504,0,0,0,0,0.75,-1.31,0,0
2025/05/25 17:08:00.136,n,17.798896,51.970632,178.89654,176.37342,1.932453,5.766657,5.672571,0.061887,86.393984,4.603153,-0.395645,-0.051926,19.224016,380.09692,409.71068,81.447112,565.81032,659.10864,132.86874,763.79312,842.88752,120.6611,0,0,0,0,0.68,-1.24,0,0
2025/05/25 17:09:00.136,n,17.779266,52.059448,185.42492,182.78306,2.001562,5.766657,5.731278,0.044777,89.69756,5.088776,-0.394592,-0.053848,19.180946,379.94376,409.29572,84.26804,537.2688,666.12964,113.26032,748.03384,855.53344,92.90372,0,0,0,0,0.78,-1.29,0,0
2025/05/25 17:10:00.135,n,17.785808,52.193876,191.15232,188.94496,1.752677,5.90817,5.884584,0.061961,92.661936,5.060795,-0.396004,-0.055428,19.144308,379.6142,408.948,87.260568,607.48364,695.4888,113.13466,810.902,887.16496,80.502176,0,0,0,0,0.77,-1.24,0,0
2025/05/25 17:11:00.137,n,17.797284,52.320924,195.60204,193.91778,1.302642,6.014304,5.931755,0.069637,94.863944,5.24609,-0.39283,-0.054901,19.11739,379.73632,408.84232,89.27992,797.30248,714.71192,93.48556,979.13592,904.0452,76.718968,0,0,0,0,0.76,-1.25,0,0
2025/05/25 17:12:00.136,n,17.769406,52.497436,197.15228,196.64162,0.49371,5.943548,5.961237,0.053702,95.558352,5.146603,-0.388252,-0.051224,19.07641,379.90032,408.93688,90.07472,659.50512,673.49664,102.17682,854.15984,859.82248,86.735232,0,0,0,0,0.74,-1.26,0,0
2025/05/25 17:13:00.136,n,17.812924,52.53268,196.60102,196.917,0.209165,5.731278,5.796139,0.064919,95.369904,5.646527,-0.381386,-0.048584,19.093736,380.5924,409.26944,89.390576,557.40944,552.76464,52.87438,735.82976,741.3196,50.4693,0,0,0,0,0.76,-1.3,0,0
2025/05/25 17:14:00.137,n,17.73631,52.916664,195.36904,196.33986,0.728869,6.580356,6.698284,0.069615,92.80756,5.518437,-0.378212,-0.043503,19.056016,380.65352,409.50724,86.954408,542.72668,554.31684,43.903588,737.80552,741.5792,32.496154,0,0,0,0,0.81,-1.32,0,0
2025/05/25 17:15:00.139,n,17.708576,53.122524,192.40408,193.67362,0.940412,6.440382,6.53985,0.081677,91.29996,5.446308,-0.376274,-0.053841,18.99886,380.49776,408.26576,85.531208,885.89808,741.488,174.36126,1064.4678,906.2092,172.20656,0,0,0,0,0.75,-1.27,0,0
2025/05/25 17:16:00.135,n,17.702084,53.574816,188.74624,190.26452,1.138804,6.440382,6.457558,0.0731,89.662728,5.318218,-0.379623,-0.047707,18.967636,380.03136,408.63384,84.0126,783.48008,855.68168,37.314876,1002.0052,1051.9682,29.034462,0,0,0,0,0.76,-1.27,0,0
2025/05/25 17:17:00.136,n,17.618928,53.469592,184.5691,186.34144,1.319328,6.121977,6.227599,0.09985,87.843328,5.475533,-0.374344,-0.050858,18.941732,380.34172,408.20772,82.044312,778.38192,630.75856,91.252392,934.10088,823.04776,74.818776,0,0,0,0,0.73,-1.43,0,0
2025/05/25 17:18:00.136,n,17.62381,53.576476,180.66608,182.39324,1.24499,5.909708,6.027123,0.103364,86.074192,5.018513,-0.375397,-0.043503,18.912598,380.086,408.6962,80.723784,543.2184,685.68256,131.43174,752.77912,876.40616,108.95046,0,0,0,0,0.73,-1.24,0,0
2025/05/25 17:19:00.136,n,17.571662,53.7359,176.86508,178.47242,1.116636,5.520547,5.779731,0.144542,84.355864,4.789692,-0.376099,-0.049286,18.879128,379.83612,407.99348,79.239368,798.85024,746.94784,114.96826,984.49392,921.37424,102.98786,0,0,0,0,0.72,-1.25,0,0
2025/05/25 17:20:00.136,n,17.56839,53.900112,173.82092,175.00924,0.968246,5.520547,5.561821,0.056742,82.649536,4.603775,-0.370468,-0.04718,18.85867,380.20772,408.065,77.722472,812.34144,623.804,113.26098,960.90752,801.34912,93.130288,0,0,0,0,0.76,-1.26,0,0
2025/05/25 17:21:00.136,n,17.618928,53.660316,170.5712,171.96002,1.068,5.343655,5.384674,0.084955,81.265288,4.575173,-0.369583,-0.043854,18.843564,380.19896,408.27512,76.364384,811.06504,697.35104,104.0793,976.63608,880.2884,85.912752,0,0,0,0,0.77,-1.31,0,0
2025/05/25 17:22:00.136,n,17.602668,53.58136,166.4169,168.28618,1.352082,5.059091,5.20727,0.078902,79.21632,4.361275,-0.37011,-0.051208,18.812276,379.97688,407.4454,74.536152,789.1232,676.87128,100.34118,960.98416,858.19232,87.934064,0,0,0,0,0.82,-1.32,0,0
2025/05/25 17:23:00.139,n,17.553692,53.923108,159.5078,162.56668,2.17011,4.777603,4.91886,0.097766,75.912168,3.96146,-0.36747,-0.048058,18.772348,379.97976,407.49972,71.631296,724.81264,679.2888,98.255792,918.06088,866.71152,87.595664,0,0,0,0,0.73,-1.3,0,0
2025/05/25 17:24:00.140,n,17.576546,53.964172,151.9104,155.08856,2.390737,4.423821,4.611992,0.147546,72.163736,3.774922,-0.369408,-0.045784,18.761548,379.75124,407.64076,68.065192,634.9464,661.26152,68.655296,823.51592,847.88968,58.101636,0,0,0,0,0.78,-1.25,0,0
2025/05/25 17:25:00.135,n,17.563508,54.1152,145.23732,147.93478,2.066851,4.353064,4.364601,0.088853,69.032032,3.63253,-0.370636,-0.043159,18.755088,379.60864,407.83748,65.072028,582.83852,632.72688,54.979996,771.36456,814.62968,46.426824,0,0,0,0,0.69,-1.34,0,0
2025/05/25 17:26:00.134,n,17.514584,54.156168,139.83888,141.85814,1.628842,4.03466,4.104391,0.058789,66.038544,3.103382,-0.36747,-0.047882,18.709712,379.6266,407.16212,62.615572,671.26968,694.54928,80.281696,861.8768,883.59384,68.962312,0,0,0,0,0.77,-1.22,0,0
2025/05/25 17:27:00.135,n,17.62394,54.256408,135.99524,137.42138,1.138118,3.928525,3.910067,0.043726,64.482972,3.361427,-0.364639,-0.040329,18.729088,379.98072,407.94224,60.797232,670.5934,677.42832,87.549696,848.90608,858.43496,70.420872,0,0,0,0,0.74,-1.27,0,0
2025/05/25 17:28:00.135,n,17.519542,54.826772,134.68256,135.47366,0.683511,4.671469,4.719409,0.04304,63.01706,3.003895,-0.369041,-0.051888,18.679406,379.3198,406.6356,59.696012,659.34388,703.1636,44.539872,852.54752,883.6492,32.160534,0,0,0,0,0.85,-1.28,0,0
2025/05/25 17:29:00.136,n,17.348304,55.64674,133.3653,133.87952,0.423896,4.60225,4.643269,0.06851,61.744168,2.403862,-0.369209,-0.056618,18.617846,378.9584,405.86864,59.027712,701.89368,767.96624,111.7354,898.24864,951.1684,95.162488,0,0,0,0,0.77,-1.25,0,0
2025/05/25 17:30:07.032,n,17.266662,56.064708,133.746,133.46352,0.176777,4.565334,4.560463,0.096311,61.36784,2.303753,-0.365166,-0.05645,18.557364,378.96756,405.54292,58.755372,656.57384,682.41096,105.7438,846.07584,860.3132,89.491344,0,0,0,0,0.69,-1.32,0,0
2025/05/25 17:31:00.141,n,17.248744,56.280872,135.479,134.71098,0.51387,4.565334,4.54867,0.03681,62.289532,2.360958,-0.35672,-0.055046,18.519558,379.48536,405.45476,59.6269,532.49232,617.2022,108.86804,728.91568,805.35392,94.927608,0,0,0,0,0.72,-1.24,0,0
2025/05/25 17:32:00.141,n,17.209584,56.130236,136.65614,136.15412,0.436606,4.353064,4.436383,0.058149,63.198656,2.474747,-0.354256,-0.055397,18.458002,379.35224,405.07732,60.425052,803.65296,645.5764,79.7634,969.86392,819.17624,75.120568,0,0,0,0,0.69,-1.27,0,0
2025/05/25 17:33:00.141,n,17.16383,56.123696,136.86478,136.99752,0.189572,4.353064,4.42459,0.074802,63.536156,2.560555,-0.351967,-0.048561,18.418008,379.32524,405.45944,60.672196,781.23304,880.68696,65.634596,980.63736,1064.277,64.915328,0,0,0,0,0.75,-1.31,0,0
2025/05/25 17:34:00.135,n,17.189952,56.172816,134.99474,136.045,0.686932,4.177711,4.30051,0.085813,62.939396,2.618382,-0.348625,-0.045586,18.389858,379.4562,405.56556,60.017976,777.28824,869.18656,69.7646,995.5348,1059.9,61.294372,0,0,0,0,0.76,-1.28,0,0
2025/05/25 17:35:00.135,n,17.253628,55.917248,130.48866,132.5511,1.492691,3.999282,4.105929,0.089878,61.021204,2.703568,-0.349495,-0.047867,18.365002,379.2412,405.2232,58.016012,780.99576,594.53704,104.76236,921.32872,771.70272,82.926776,0,0,0,0,0.67,-1.27,0,0
2025/05/25 17:36:00.135,n,17.206264,56.06144,123.75926,126.67982,2.109502,3.751634,3.870587,0.094366,57.550872,2.232247,-0.347038,-0.051537,18.32713,379.24096,404.68452,55.023124,860.46888,805.05096,71.851584,1037.7878,968.15336,66.32496,0,0,0,0,0.73,-1.34,0,0
2025/05/25 17:37:00.137,n,17.116516,56.43478,116.01718,119.31638,2.469502,3.433229,3.55731,0.099934,53.297616,1.774605,-0.3451,-0.052063,18.294706,379.2266,404.4558,51.229972,829.44688,706.5192,81.943888,981.64808,885.96128,68.861456,0,0,0,0,0.73,-1.29,0,0
2025/05/25 17:38:00.137,n,17.09689,56.82892,108.21264,111.52506,2.482124,3.151742,3.27454,0.129656,48.608072,1.487957,-0.342285,-0.046288,18.2601,379.27584,404.7744,46.824116,795.95424,814.93064,134.41764,953.40928,989.36152,117.62016,0,0,0,0,0.71,-1.28,0,0
2025/05/25 17:39:00.137,n,17.059338,57.072376,100.067,103.48222,2.55196,2.796421,2.938446,0.113805,44.144092,1.044617,-0.34053,-0.049789,18.223338,379.22128,404.25704,42.808736,893.29208,835.2812,108.7757,1051.236,1010.5574,91.592032,0,0,0,0,0.76,-1.24,0,0
2025/05/25 17:40:00.140,n,17.049526,57.258512,92.468048,95.556616,2.359323,2.479555,2.5962,0.088159,40.359108,0.97311,-0.33754,-0.047684,18.197374,379.33452,404.2986,39.09614,770.11632,783.84536,84.73164,973.76672,968.65928,70.173352,0,0,0,0,0.74,-1.25,0,0
2025/05/25 17:41:00.142,n,17.057728,57.16056,85.449304,88.206144,2.136732,2.267285,2.366498,0.068237,36.57526,0.930206,-0.332253,-0.049614,18.145444,379.5006,403.83592,35.362416,896.49376,714.24432,127.09956,1048.5494,890.12632,108.44354,0,0,0,0,0.74,-1.26,0,0
2025/05/25 17:42:00.144,n,17.037686,57.101408,78.9468,81.508976,1.987461,1.911964,2.065526,0.1068,33.091224,1.03529,-0.331306,-0.047791,18.139674,379.55016,403.96556,31.772418,812.02648,749.49272,129.66516,960.32528,928.40496,109.2392,0,0,0,0,0.76,-1.37,0,0
2025/05/25 17:43:00.135,n,17.013172,57.504528,74.08896,76.379552,1.736331,2.668751,2.755915,0.073001,30.28846,0.649155,-0.328842,-0.047089,18.107186,379.58112,403.84568,29.357552,901.09024,781.48568,127.83878,1066.1054,947.2488,113.82224,0,0,0,0,0.72,-1.24,0,0
2025/05/25 17:44:00.135,n,16.983776,57.491544,69.246344,71.203696,1.507663,2.384187,2.549542,0.104502,28.61868,0.419712,-0.327263,-0.046211,18.082236,379.57804,403.78388,27.917918,814.95448,681.1096,129.26678,984.39248,868.36968,104.70578,0,0,0,0,0.75,-1.25,0,0
2025/05/25 17:45:00.135,n,16.988658,57.626844,65.413368,67.005484,1.181895,2.136539,2.301638,0.117691,27.01286,0.348827,-0.327789,-0.049713,18.060608,379.41132,403.35172,26.385956,827.016,664.57232,116.55086,967.79088,835.21728,93.225264,0,0,0,0,0.75,-1.25,0,0
2025/05/25 17:46:00.137,n,16.995204,57.825772,62.625056,63.763628,0.879231,2.171918,2.124746,0.085695,25.771374,0.12809,-0.327087,-0.049713,18.027046,379.28404,403.16372,25.36591,867.51792,705.71712,150.9924,1044.371,878.17192,141.43374,0,0,0,0,0.74,-1.25,0,0
2025/05/25 17:47:00.138,n,16.998424,57.744276,60.39258,61.252728,0.689202,1.92427,1.971441,0.069571,25.131216,0.028603,-0.32357,-0.049011,18.009728,379.49144,403.1292,24.828054,699.05408,769.8984,89.212672,899.81824,954.81664,71.05984,0,0,0,0,0.75,-1.24,0,0
2025/05/25 17:48:00.140,n,16.923328,57.8516,59.031168,59.53726,0.406971,1.747378,1.847617,0.078847,24.634394,-0.228199,-0.322342,-0.051811,17.976134,379.4096,402.69244,24.592062,845.2172,698.50168,99.478888,1001.765,882.0364,84.257344,0,0,0,0,0.73,-1.28,0,0
2025/05/25 17:49:00.143,n,16.893836,57.781776,58.333708,58.5601,0.233017,1.782757,1.782757,0.063288,24.464788,-0.299084,-0.323921,-0.05024,17.957704,379.16988,402.72892,24.49019,715.53064,705.31592,91.302792,876.79184,875.36088,70.366896,0,0,0,0,0.75,-1.24,0,0
2025/05/25 17:50:00.146,n,16.854626,57.866344,58.160108,58.182188,0.104583,1.747378,1.700207,0.057771,24.477352,-0.527283,-0.323044,-0.05024,17.919836,379.03388,402.51704,24.73183,734.98864,725.40928,65.685996,917.8768,899.86896,56.451748,0,0,0,0,0.7,-1.32,0,0
2025/05/25 17:51:00.146,n,16.8432,57.974304,58.088532,58.071528,0.059293,1.570487,1.594073,0.076424,24.62126,-0.499302,-0.325325,-0.047958,17.888396,378.66076,402.54384,24.843194,691.15416,631.97044,74.32496,841.94376,791.88824,57.179544,0,0,0,0,0.82,-1.27,0,0
2025/05/25 17:52:00.135,n,16.846474,58.018444,58.507312,58.345136,0.092702,1.535109,1.588176,0.048762,24.726334,-0.413494,-0.321632,-0.049011,17.861294,378.82872,402.29884,24.867206,806.9984,704.1348,167.54478,850.19032,903.11176,187.8683,0,0,0,0,0.71,-1.22,0,0
2025/05/25 17:53:00.135,n,16.815418,58.029872,58.542336,58.525584,0.08615,1.499731,1.511523,0.053265,24.922208,-0.384892,-0.320404,-0.04744,17.835298,378.78972,402.29316,25.034136,702.93296,779.32504,119.6497,905.61608,922.03008,123.17346,0,0,0,0,0.74,-1.24,0,0
2025/05/25 17:54:00.136,n,16.8121,58.057752,58.717464,58.682436,0.039528,1.499731,1.464096,0.039316,25.000442,-0.341988,-0.319,-0.04866,17.808196,378.75972,402.03328,25.07209,901.26064,758.28872,143.12914,1041.0082,909.58328,126.0369,0,0,0,0,0.74,-1.32,0,0
2025/05/25 17:55:00.139,n,16.849728,58.235908,58.43726,58.583204,0.106434,1.285923,1.352065,0.047449,25.301392,-0.042282,-0.311447,-0.045158,17.814068,379.4458,402.377,25.077384,914.71376,924.13872,47.062724,1113.7362,1100.1908,40.527768,0,0,0,0,0.75,-1.22,0,0
2025/05/25 17:56:00.141,n,16.828438,58.128,58.961116,59.164164,0.13835,2.239598,2.25139,0.053263,25.170048,0.071507,-0.311798,-0.043762,17.791304,379.28824,402.3738,24.830506,881.1408,717.72872,115.6873,1019.138,882.83344,90.627808,0,0,0,0,0.71,-1.27,0,0
2025/05/25 17:57:00.143,n,16.820282,58.2571,58.367212,58.692592,0.234687,2.204219,2.227805,0.028884,25.039846,0.213898,-0.309685,-0.04464,17.781584,379.41688,402.24168,24.560904,542.93524,674.42096,134.13334,732.1408,853.99272,116.38728,0,0,0,0,0.74,-1.27,0,0
2025/05/25 17:58:00.144,n,16.831756,58.24406,57.843356,58.123052,0.180061,2.133463,2.12167,0.057774,24.947906,0.171616,-0.310745,-0.044289,17.758752,379.19768,402.1454,24.509834,521.02608,546.61944,34.168696,688.78096,716.71464,30.172836,0,0,0,0,0.76,-1.24,0,0
2025/05/25 17:59:00.146,n,16.817058,58.248944,57.948432,57.878384,0.065551,2.098085,2.092188,0.041377,25.039846,0.213898,-0.311623,-0.042183,17.74574,379.049,402.25964,24.55651,817.6984,692.38568,90.077744,977.5568,859.20192,86.417016,0,0,0,0,0.73,-1.27,0,0
2025/05/25 18:00:07.037,n,16.821942,58.181952,58.891068,58.471784,0.30039,1.956572,2.021432,0.060939,25.562366,0.470699,-0.311798,-0.042183,17.732762,378.96144,402.18724,24.822052,812.11248,706.85984,126.34636,977.7404,885.38704,100.34242,0,0,0,0,0.75,-1.25,0,0
2025/05/25 18:01:00.137,n,16.803974,58.1051,60.66974,59.879136,0.56734,2.027328,1.986054,0.047021,26.385836,0.613091,-0.310745,-0.042183,17.724052,379.00396,402.13872,25.504182,747.84688,694.89608,91.961952,906.01384,875.64816,76.218768,0,0,0,0,0.72,-1.25,0,0
2025/05/25 18:02:00.139,n,16.828438,58.054364,62.728612,61.885208,0.616821,1.99195,2.015535,0.061957,27.338934,0.627392,-0.31057,-0.042885,17.70781,378.92836,401.98564,26.443858,869.11784,799.82632,137.50636,1060.4816,966.06672,126.32974,0,0,0,0,0.74,-1.25,0,0
2025/05/25 18:03:00.139,n,16.83503,58.145916,64.158556,63.535716,0.478033,1.99195,1.980157,0.018249,28.16126,0.598789,-0.309685,-0.042183,17.703442,378.9806,402.0236,27.29497,676.24336,670.64604,93.623184,854.7756,853.33152,74.29132,0,0,0,0,0.75,-1.21,0,0
2025/05/25 18:04:00.141,n,16.828438,58.042888,64.854484,64.605508,0.206345,1.833517,1.927346,0.074383,28.55358,0.641693,-0.308105,-0.038506,17.703442,379.1172,402.3502,27.642286,741.86688,742.25088,100.26042,922.904,907.58136,99.231544,0,0,0,0,0.74,-1.25,0,0
2025/05/25 18:05:00.144,n,16.85461,57.98078,64.749412,64.825812,0.079057,1.885815,1.859666,0.046544,28.605546,0.74802,-0.308983,-0.042542,17.70455,379.0476,401.99808,27.591084,881.7004,761.58552,69.9532,1039.4606,934.82712,58.794556,0,0,0,0,0.74,-1.26,0,0
2025/05/25 18:06:00.145,n,16.839912,57.604124,64.263628,64.477332,0.15052,1.885815,1.818904,0.065676,28.435942,0.733719,-0.308815,-0.040779,17.693722,379.00168,402.09416,27.434186,793.88152,839.74288,102.58266,986.37808,1010.735,92.43268,0,0,0,0,0.76,-1.22,0,0
2025/05/25 18:07:00.149,n,16.833416,57.873116,63.634696,63.84434,0.143886,1.658164,1.73738,0.060421,28.16126,0.698898,-0.307228,-0.042885,17.6796,379.06012,401.82828,27.19802,862.99576,714.64776,107.3103,1023.3724,890.5528,94.251792,0,0,0,0,0.75,-1.22,0,0
2025/05/25 18:08:00.150,n,16.81379,57.959492,63.320992,63.472004,0.128087,1.587407,1.722255,0.087176,28.018496,0.712578,-0.307053,-0.042885,17.682862,379.09348,401.84648,27.04175,983.97624,898.55096,61.26826,1134.3742,1058.2228,51.504368,0,0,0,0,0.75,-1.25,0,0
2025/05/25 18:09:00.152,n,16.844844,57.684052,63.66972,63.524288,0.108253,1.516651,1.622785,0.080678,28.148696,0.712578,-0.304764,-0.043938,17.685014,379.30356,401.76504,27.175292,795.69504,761.52536,113.7449,948.2648,937.20456,97.354504,0,0,0,0,0.7,-1.25,0,0
2025/05/25 18:10:00.137,n,16.851338,57.780192,63.913376,63.913372,0.15052,1.587407,1.640475,0.037104,28.344,0.74802,-0.303886,-0.042015,17.674152,379.31888,401.8752,27.334108,615.2336,734.00824,144.43356,799.31808,917.82008,126.8168,0,0,0,0,0.73,-1.27,0,0
2025/05/25 18:11:00.141,n,16.839912,57.907148,64.22708,64.163376,0.147902,1.622785,1.563822,0.06587,28.501042,0.74802,-0.30143,-0.041138,17.677478,379.54992,401.97168,27.49273,611.81904,789.87136,115.22002,831.21456,965.29608,93.937208,0,0,0,0,0.73,-1.25,0,0
2025/05/25 18:12:00.135,n,16.893116,58.01424,65.029608,64.646112,0.276699,1.481272,1.504858,0.02889,29.218294,1.111771,-0.297218,-0.037819,17.71593,380.1288,402.481,27.847124,735.5192,758.9668,114.63464,942.38544,927.97976,106.32028,0,0,0,0,0.77,-1.27,0,0
2025/05/25 18:13:00.144,n,16.850636,57.927864,66.56006,66.461584,0.174553,2.64414,2.662342,0.037396,29.54494,1.08379,-0.297401,-0.038162,17.702886,380.04008,402.3776,28.20191,620.3094,691.66,98.983328,806.354,880.3848,84.4784,0,0,0,0,0.76,-1.29,0,0
2025/05/25 18:14:00.146,n,16.878418,57.821908,66.316408,66.51996,0.17343,2.608762,2.574153,0.049603,29.466134,1.111771,-0.29863,-0.03746,17.706178,379.9522,402.45836,28.093194,705.49344,609.91564,76.380624,872.40624,786.77984,65.203148,0,0,0,0,0.74,-1.27,0,0
2025/05/25 18:15:00.146,n,16.878418,57.880596,64.43418,65.276056,0.590617,2.362652,2.445202,0.06587,28.631242,0.969379,-0.300209,-0.037987,17.709408,379.83368,402.42964,27.399642,576.96368,710.358,123.69822,765.6704,891.094,105.5751,0,0,0,0,0.74,-1.25,0,0
2025/05/25 18:16:00.149,n,16.876808,57.755064,62.27176,62.887492,0.634306,2.291896,2.303689,0.048337,27.63874,0.969379,-0.299858,-0.036064,17.702886,379.82756,402.56392,26.405568,769.05936,675.31584,77.287128,951.74464,850.00704,75.02,0,0,0,0,0.73,-1.24,0,0
2025/05/25 18:17:00.136,n,16.891506,57.911556,60.388012,61.061864,0.543067,2.291896,2.262414,0.041354,26.658802,1.068867,-0.299683,-0.03746,17.703994,379.84908,402.44624,25.327714,627.50616,793.39624,120.63664,841.19632,979.54744,97.785984,0,0,0,0,0.74,-1.22,0,0
2025/05/25 18:18:00.136,n,16.850636,57.851204,59.30528,59.694616,0.297778,2.115005,2.162689,0.053131,26.136282,1.08379,-0.301262,-0.039566,17.71593,379.77904,402.32584,24.790796,762.83232,656.19148,110.58324,943.10936,834.44624,104.55382,0,0,0,0,0.73,-1.25,0,0
2025/05/25 18:19:00.135,n,16.86206,57.903352,58.782944,58.904772,0.151812,2.115005,2.162689,0.098605,25.88787,0.926476,-0.302139,-0.039917,17.72353,379.74552,402.33708,24.699172,547.28936,609.11268,58.700936,732.93312,790.30392,57.770232,0,0,0,0,0.74,-1.27,0,0
2025/05/25 18:20:00.135,n,16.868652,57.932748,58.956548,58.822788,0.153093,2.151921,2.068859,0.085735,26.058046,0.969379,-0.303902,-0.041145,17.725684,379.605,402.23988,24.82591,826.7708,641.01036,128.60074,979.01168,806.01896,116.95298,0,0,0,0,0.74,-1.26,0,0
2025/05/25 18:21:00.135,n,16.84248,58.13206,60.142836,59.61974,0.367104,2.045786,2.080652,0.030943,26.698206,0.926476,-0.304253,-0.042198,17.735434,379.62916,402.20088,25.509676,661.1424,687.8648,82.151992,844.86232,863.32816,71.371568,0,0,0,0,0.75,-1.24,0,0
2025/05/25 18:22:00.134,n,16.868652,57.900176,62.096632,61.224304,0.614919,2.151921,2.092445,0.085651,27.795212,1.054565,-0.303375,-0.04377,17.730052,379.67488,402.03116,26.48104,937.09016,793.36064,109.38282,1103.792,965.13624,96.745544,0,0,0,0,0.73,-1.23,0,0
2025/05/25 18:23:00.135,n,16.858792,57.909944,64.99154,63.631396,0.958514,2.151921,2.151152,0.049596,29.309664,1.111771,-0.305305,-0.043068,17.72891,379.5016,402.0872,27.935656,767.25424,714.46272,101.94558,931.43216,892.24288,88.416064,0,0,0,0,0.74,-1.25,0,0
2025/05/25 18:24:00.135,n,16.81958,57.975032,68.72096,67.152704,1.130887,2.22114,2.173968,0.048337,31.201586,1.168976,-0.306183,-0.042725,17.73977,379.48636,402.17836,29.769152,677.42752,826.2104,94.71668,863.41408,993.77392,84.394312,0,0,0,0,0.75,-1.24,0,0
2025/05/25 18:25:00.136,n,16.86045,58.061704,70.915368,70.103448,0.676907,2.327274,2.227292,0.068318,32.465912,1.389713,-0.305656,-0.044823,17.735434,379.50772,401.9678,30.815364,723.75424,609.5262,59.85858,860.16112,777.85544,46.083076,0,0,0,0,0.76,-1.23,0,0
2025/05/25 18:26:00.138,n,16.853908,58.112384,70.986944,71.10268,0.096825,2.151921,2.180378,0.046638,32.74002,1.318829,-0.307243,-0.044121,17.74088,379.40076,402.06048,31.15807,738.06184,863.35208,89.804232,955.43848,1035.3966,68.60904,0,0,0,0,0.75,-1.27,0,0
2025/05/25 18:27:00.139,n,16.837552,58.305356,71.299128,71.050392,0.154364,2.256518,2.221396,0.044272,33.10493,1.318829,-0.307068,-0.041672,17.74737,379.45224,402.31428,31.520706,573.6678,670.46808,124.49378,772.5088,855.83648,105.48318,0,0,0,0,0.74,-1.24,0,0
2025/05/25 18:28:00.135,n,16.83916,58.23338,73.425,72.356728,0.729672,2.22114,2.198067,0.042162,34.172812,1.432617,-0.307068,-0.042542,17.749556,379.46436,402.24916,32.47567,726.32696,769.74984,109.2758,925.8252,937.06352,91.12848,0,0,0,0,0.74,-1.25,0,0
2025/05/25 18:29:00.135,n,16.845752,57.983184,76.071688,74.98032,0.878119,2.256518,2.227036,0.060936,35.618736,1.489822,-0.309349,-0.044647,17.741954,379.22456,402.01968,33.864212,619.74104,717.94528,135.60144,819.4092,889.46456,117.07862,0,0,0,0,0.74,-1.25,0,0
2025/05/25 18:30:07.070,n,16.873536,58.164732,78.19452,77.399344,0.607248,2.398031,2.321378,0.047021,36.776848,1.733566,-0.310059,-0.042542,17.752816,379.22384,402.26736,34.775764,700.8636,764.64432,99.032824,884.37648,939.53496,78.567168,0,0,0,0,0.75,-1.25,0,0
2025/05/25 18:31:00.135,n,16.855518,58.300424,79.446288,78.936392,0.390312,2.291896,2.309585,0.053652,37.337056,1.77647,-0.312164,-0.043243,17.761492,379.09024,402.25356,35.291664,853.0716,797.86984,93.414664,1015.1836,958.62744,73.29052,0,0,0,0,0.75,-1.26,0,0
2025/05/25 18:32:00.135,n,16.852294,58.489972,79.029032,79.2902,0.16298,2.327274,2.315482,0.048326,37.310788,1.690662,-0.311638,-0.044472,17.767984,379.17192,402.18064,35.35296,879.95736,760.2784,125.16788,1037.8066,931.58248,107.05886,0,0,0,0,0.74,-1.25,0,0
2025/05/25 18:33:00.135,n,16.871926,58.166388,78.403144,78.4902,0.207289,2.22114,2.215243,0.041363,37.14118,1.819374,-0.312874,-0.044121,17.772352,379.0894,402.23616,35.053056,645.49544,694.54616,77.431256,834.6216,869.742,67.466288,0,0,0,0,0.75,-1.25,0,0
2025/05/25 18:34:00.136,n,16.870216,58.284064,79.342736,78.75112,0.385276,2.256518,2.221652,0.054014,37.583756,1.919483,-0.31234,-0.044296,17.777768,379.16588,402.25088,35.396228,624.78548,714.66008,92.656888,816.86184,891.00192,76.987016,0,0,0,0,0.73,-1.25,0,0
2025/05/25 18:35:00.138,n,16.871926,58.300424,81.986384,80.687904,0.878564,2.362652,2.268567,0.075946,38.897764,2.076176,-0.313576,-0.045349,17.784256,379.09528,402.19368,36.55336,1025.9008,940.44328,84.050584,1194.2554,1100.2624,91.08128,0,0,0,0,0.74,-1.25,0,0
2025/05/25 18:36:00.138,n,16.875148,58.35926,85.185856,83.783576,1.022787,2.431871,2.409311,0.079456,40.62636,2.119702,-0.314278,-0.044472,17.79401,379.08896,402.326,38.236856,830.04672,726.6092,113.60392,998.04344,921.94912,101.2803,0,0,0,0,0.74,-1.24,0,0
2025/05/25 18:37:00.134,n,16.88335,58.176156,87.654368,86.727208,0.8038,2.362652,2.415464,0.0622,42.128824,2.148304,-0.317963,-0.045174,17.798348,378.79436,402.28788,39.707728,830.04672,672.90568,99.550992,965.92528,841.2432,78.550624,0,0,0,0,0.74,-1.25,0,0
2025/05/25 18:38:00.135,n,16.866944,58.414824,88.383808,88.291416,0.167705,2.398031,2.397775,0.049818,42.480596,2.119702,-0.317261,-0.047272,17.799458,378.8614,402.10784,40.090904,953.6844,813.15456,88.472592,1095.8102,962.54304,80.788616,0,0,0,0,0.76,-1.28,0,0
2025/05/25 18:39:00.135,n,16.868652,58.290608,87.30716,87.880008,0.38931,2.398031,2.373933,0.057137,42.102556,2.119702,-0.320778,-0.045525,17.807022,378.59944,402.30532,39.7076,847.72592,908.90304,49.475248,1052.5582,1088.125,31.38471,0,0,0,0,0.74,-1.28,0,0
2025/05/25 18:40:00.135,n,16.88496,58.243244,85.080784,85.944744,0.662618,2.256518,2.274207,0.037109,41.042664,1.962387,-0.316208,-0.046394,17.81462,379.03704,402.27036,38.810464,616.11992,607.13728,50.243904,774.32128,795.89232,54.674036,0,0,0,0,0.75,-1.26,0,0
2025/05/25 18:41:00.135,n,16.899708,58.398468,82.57724,83.673168,0.790075,2.185761,2.203451,0.058123,39.833732,1.90456,-0.313744,-0.045174,17.81573,379.25652,402.38504,37.660604,629.56184,764.9476,97.48872,828.36328,930.48656,83.208768,0,0,0,0,0.75,-1.25,0,0
2025/05/25 18:42:00.135,n,16.876808,58.29554,79.621416,80.913784,0.912586,1.97503,2.068603,0.075999,38.44206,1.733566,-0.312515,-0.044823,17.820006,379.38664,402.44008,36.4408,815.44608,774.4804,141.49224,1010.187,944.93424,130.51054,0,0,0,0,0.75,-1.27,0,0
2025/05/25 18:43:00.136,n,16.95586,58.392548,75.863056,77.492752,1.211275,1.97503,1.963237,0.01827,36.867644,1.903938,-0.308479,-0.040443,17.861586,379.96808,403.06132,34.695672,689.91144,734.188,109.8681,865.88376,912.93192,91.672792,0,0,0,0,0.75,-1.23,0,0
2025/05/25 18:44:00.139,n,16.944436,58.381072,72.829576,74.565344,1.273529,2.716435,2.745404,0.041284,34.75872,1.746624,-0.306191,-0.040787,17.867,380.19644,403.06116,32.746692,926.80832,795.34984,119.0943,1074.3374,961.45784,100.34342,0,0,0,0,0.74,-1.25,0,0
2025/05/25 18:45:00.143,n,16.931346,58.45954,68.9966,70.56512,1.181399,2.398031,2.574922,0.100068,32.752014,1.496662,-0.305138,-0.042015,17.875678,380.33592,403.00052,30.99223,970.97672,838.57304,137.07772,1136.4502,1010.5002,118.5192,0,0,0,0,0.73,-1.23,0,0
2025/05/25 18:46:00.135,n,16.921536,58.568964,65.894584,67.079856,0.949506,2.398031,2.498526,0.092929,31.109074,1.383495,-0.30584,-0.044296,17.876752,380.2812,402.80388,29.464036,662.03584,756.31424,97.095056,851.79984,935.46928,78.004488,0,0,0,0,0.73,-1.26,0,0
2025/05/25 18:47:00.135,n,16.91177,58.601632,63.628604,64.465148,0.684368,2.470326,2.410849,0.069042,29.804772,1.183277,-0.303024,-0.045692,17.883274,380.56124,402.7164,28.364162,876.40352,806.8312,72.770528,1049.6178,979.95,65.34294,0,0,0,0,0.74,-1.26,0,0
2025/05/25 18:48:00.136,n,16.903614,58.627756,62.407292,62.814136,0.356305,2.364191,2.340093,0.065323,29.15205,0.998604,-0.302673,-0.046043,17.886506,380.60968,402.70332,27.896816,618.36836,696.32576,77.555784,806.64552,871.99064,63.992188,0,0,0,0,0.78,-1.27,0,0
2025/05/25 18:49:00.136,n,16.916652,58.629364,62.058564,62.174548,0.098821,2.222678,2.263952,0.041363,28.943614,0.927097,-0.301445,-0.046921,17.882198,380.69188,402.60136,27.761992,830.98208,816.9888,88.60164,1030.0216,992.56912,93.425368,0,0,0,0,0.75,-1.26,0,0
2025/05/25 18:50:00.137,n,16.901906,58.62448,61.708308,61.8078,0.083853,2.151921,2.23447,0.079634,28.773438,0.898495,-0.301796,-0.046402,17.884384,380.67364,402.65956,27.619548,966.79464,736.35448,143.10276,1117.3478,915.31672,119.70882,0,0,0,0,0.75,-1.25,0,0
2025/05/25 18:51:00.138,n,16.939552,58.709392,60.837248,61.261868,0.324158,2.045786,2.16961,0.096892,28.394824,0.755482,-0.301094,-0.045876,17.883274,380.7282,402.70012,27.384124,606.36688,742.562,148.10722,805.01952,939.01248,133.98396,0,0,0,0,0.76,-1.25,0,0
2025/05/25 18:52:00.138,n,16.916652,58.715888,59.302232,59.988268,0.500781,2.187299,2.116543,0.050036,27.61133,0.826988,-0.300919,-0.048149,17.896288,380.81628,402.57112,26.531572,852.72184,821.5012,61.87366,1056.4796,1005.1152,74.849184,0,0,0,0,0.74,-1.25,0,0
2025/05/25 18:53:00.141,n,16.888866,58.81872,56.986,57.92508,0.720785,2.045786,2.087317,0.060556,26.344148,0.684597,-0.301445,-0.049377,17.890872,380.74036,402.43164,25.407484,763.1584,728.66824,119.40876,955.50928,907.20664,102.01766,0,0,0,0,0.76,-1.23,0,0
2025/05/25 18:54:00.144,n,16.905178,58.74528,54.550988,55.52484,0.738188,1.905811,1.981695,0.064332,25.180898,0.485001,-0.29969,-0.050781,17.884384,380.8558,402.27064,24.44699,613.63936,676.64192,92.24912,787.49072,855.80032,82.703688,0,0,0,0,0.74,-1.24,0,0
2025/05/25 18:55:00.135,n,16.903614,58.769796,52.915464,53.588048,0.565962,1.905811,1.905555,0.022861,24.370564,0.385513,-0.301796,-0.049728,17.886506,380.68556,402.37608,23.732982,879.50016,729.14648,96.313816,1012.1178,894.82736,72.61336,0,0,0,0,0.75,-1.25,0,0
2025/05/25 18:56:00.135,n,16.903614,58.76164,52.045924,52.371048,0.337731,1.693542,1.81711,0.091397,23.768668,0.37059,-0.300743,-0.052353,17.889766,380.79492,402.16124,23.149686,881.39816,775.80248,124.59616,1057.0704,951.12208,103.83352,0,0,0,0,0.74,-1.23,0,0
2025/05/25 18:57:00.135,n,16.89375,58.959104,51.383492,51.662928,0.176223,1.764299,1.764299,0.031644,23.258708,0.157314,-0.302849,-0.052177,17.876752,380.53992,402.10396,22.850724,894.56904,665.03804,127.34384,1025.9566,837.892,104.1523,0,0,0,0,0.74,-1.25,0,0
2025/05/25 18:58:00.135,n,16.879006,59.094452,50.515476,50.995924,0.315919,1.764299,1.781731,0.057665,22.722484,0,-0.303207,-0.052528,17.876752,380.50892,402.0728,22.471806,630.96112,833.23512,130.14934,835.8384,1008.681,105.87162,0,0,0,0,0.74,-1.24,0,0
2025/05/25 18:59:00.136,n,16.856152,58.946064,48.704824,49.516752,0.560587,1.552029,1.652267,0.060936,21.845336,-0.142391,-0.304779,-0.05323,17.869152,380.33048,401.968,21.736178,589.86784,597.67128,20.531682,764.42672,773.14112,14.887916,0,0,0,0,0.73,-1.23,0,0
2025/05/25 19:00:07.023,n,16.833252,59.0716,46.68402,47.531736,0.706554,1.516651,1.546389,0.046604,20.67809,-0.2425,-0.303551,-0.053581,17.845312,380.30348,401.8036,20.67062,789.75112,641.99108,88.092848,946.11232,810.9616,79.978432,0,0,0,0,0.65,-1.55,0,0
2025/05/25 19:01:00.139,n,16.864308,59.012908,44.316012,45.256368,0.77283,1.516651,1.463839,0.0298,19.530258,-0.427795,-0.301094,-0.052002,17.82685,380.41284,401.84068,19.708962,728.18624,733.4128,120.45186,903.0156,919.47944,99.996496,0,0,0,0,0.83,-1.33,0,0
2025/05/25 19:02:00.143,n,16.857814,59.083028,41.80638,42.805868,0.728467,1.445894,1.45256,0.067948,18.21168,-0.527283,-0.299164,-0.0513,17.793228,380.39208,401.71532,18.491098,707.78928,760.8228,105.91624,904.42624,934.1948,90.02944,0,0,0,0,0.7,-1.25,0,0
2025/05/25 19:03:00.144,n,16.833252,59.138496,39.436852,40.435832,0.713021,1.235163,1.376419,0.073917,16.89253,-0.669674,-0.299507,-0.051125,17.786768,380.32628,401.6948,17.313822,639.41572,737.39032,100.3758,820.81592,908.96528,85.380328,0,0,0,0,0.74,-1.26,0,0
2025/05/25 19:04:00.135,n,16.82837,59.215108,37.0658,38.117568,0.731677,1.305919,1.241059,0.052076,15.703584,-0.741802,-0.298981,-0.050598,17.767232,380.26276,401.63244,16.197002,781.63688,887.274,61.93868,995.36912,1065.65,64.599532,0,0,0,0,0.72,-1.25,0,0
2025/05/25 19:05:00.135,n,16.810352,59.283564,34.659716,35.600576,0.742475,1.164406,1.229266,0.084958,14.305058,-0.855591,-0.2967,-0.049904,17.756402,380.3996,401.6336,14.913854,619.66716,709.69608,81.919776,808.94824,895.19816,72.052064,0,0,0,0,0.74,-1.24,0,0
2025/05/25 19:06:00.136,n,16.812012,59.330828,32.250596,33.152366,0.72065,1.09365,1.040839,0.057668,13.166934,-0.941399,-0.297577,-0.049904,17.736838,380.21448,401.5244,13.86066,808.61736,778.9916,71.424088,970.7612,948.31928,61.08928,0,0,0,0,0.75,-1.25,0,0
2025/05/25 19:07:00.137,n,16.802196,59.45788,30.331824,31.064558,0.587799,0.987515,0.981875,0.093283,12.212122,-0.983681,-0.294762,-0.05043,17.716226,380.34288,401.36248,12.951472,707.74136,712.60616,32.191612,877.91312,884.89792,25.479402,0,0,0,0,0.7,-1.23,0,0
2025/05/25 19:08:00.138,n,16.777688,59.54416,29.005434,29.511268,0.389436,0.84754,0.923167,0.084405,11.478882,-1.197578,-0.295288,-0.049904,17.698908,380.20076,401.31268,12.431076,978.31608,797.27656,152.32844,1139.9938,958.79984,146.66084,0,0,0,0,0.78,-1.26,0,0
2025/05/25 19:09:00.141,n,16.79243,59.659788,27.887672,28.306198,0.306823,0.810624,0.805753,0.068296,10.955218,-1.154675,-0.294762,-0.050781,17.682662,380.15552,401.144,11.865912,813.25112,761.97208,68.911904,964.47904,929.37064,62.149012,0,0,0,0,0.76,-1.25,0,0
2025/05/25 19:10:00.142,n,16.756398,59.713496,27.258742,27.503158,0.192384,0.776784,0.782424,0.013816,10.549194,-1.212502,-0.293182,-0.050957,17.657684,380.15288,400.9892,11.51947,1029.9304,899.77656,121.691,1203.5366,1057.1764,121.47716,0,0,0,0,0.76,-1.26,0,0
2025/05/25 19:11:00.144,n,16.744972,59.707,26.45621,26.810522,0.208931,0.670649,0.764478,0.075762,10.208842,-1.169598,-0.295647,-0.048149,17.637074,379.8248,401.1236,11.130942,1014.2356,957.10568,82.9542,1200.0508,1124.9238,80.593424,0,0,0,0,0.72,-1.18,0,0
2025/05/25 19:12:00.146,n,16.764554,59.82902,25.617126,25.925756,0.221081,0.810624,0.740893,0.058464,9.77655,-1.212502,-0.293533,-0.048492,17.624028,379.9348,401.02028,10.744012,825.68232,908.27616,100.62008,1029.124,1079.6676,87.376768,0,0,0,0,0.74,-1.28,0,0
2025/05/25 19:13:00.135,n,16.725342,59.895772,24.32424,24.802154,0.404081,0.564514,0.617581,0.073362,9.252316,-1.255405,-0.292656,-0.049904,17.613166,379.95016,400.8344,10.26497,704.45968,707.37088,86.139128,867.4224,888.85264,81.956088,0,0,0,0,0.74,-1.23,0,0
2025/05/25 19:14:00.136,n,16.728616,59.884348,23.451654,23.742262,0.255983,0.599892,0.576307,0.042845,8.80689,-1.240482,-0.292305,-0.049545,17.600124,379.90784,400.79356,9.804612,912.53776,700.26384,134.85844,1075.7076,870.36896,125.64992,0,0,0,0,0.72,-1.25,0,0
2025/05/25 19:15:00.136,n,16.723682,59.981952,22.367398,22.763842,0.340826,0.599892,0.546825,0.066186,8.348329,-1.240482,-0.290718,-0.05043,17.587142,379.97264,400.64248,9.348524,726.95672,890.55264,107.01822,931.33352,1072.2022,94.137128,0,0,0,0,0.75,-1.25,0,0
2025/05/25 19:16:00.139,n,16.684426,60.064912,21.423238,21.837448,0.327827,0.493757,0.435306,0.085227,8.033674,-1.298309,-0.29213,-0.049545,17.563238,379.7174,400.58796,9.0894,647.31268,783.03216,123.05466,840.81248,967.06912,107.82022,0,0,0,0,0.77,-1.26,0,0
2025/05/25 19:17:00.141,n,16.707326,60.128292,20.620704,21.016644,0.312187,0.389161,0.382752,0.046721,7.667054,-1.369194,-0.290192,-0.051125,17.544812,379.78232,400.34496,8.79718,680.48944,724.48608,115.8117,863.04736,900.35848,103.52054,0,0,0,0,0.74,-1.26,0,0
2025/05/25 19:18:00.144,n,16.638622,60.331416,20.025276,20.287966,0.229321,0.283026,0.365063,0.048493,7.365534,-1.354893,-0.291252,-0.047623,17.536106,379.64216,400.60756,8.476798,848.31368,766.44488,109.94976,1010.0298,942.33232,91.84444,0,0,0,0,0.75,-1.25,0,0
2025/05/25 19:19:00.145,n,16.641896,60.391476,19.36132,19.594822,0.209748,0.318404,0.300459,0.036668,6.958939,-1.369194,-0.29055,-0.050598,17.525276,379.64252,400.28292,8.088181,870.80928,734.112,72.94724,1023.2276,904.66528,63.730684,0,0,0,0,0.75,-1.26,0,0
2025/05/25 19:20:00.148,n,16.648438,60.389864,18.907516,19.058784,0.109598,0.318404,0.288922,0.034783,6.801327,-1.311989,-0.289848,-0.049019,17.516538,379.65464,400.3746,7.872486,835.02168,763.99152,37.839796,1025.6514,946.23248,39.60682,0,0,0,0,0.78,-1.22,0,0
2025/05/25 19:21:00.148,n,16.648438,60.38498,18.31361,18.499144,0.135497,0.21227,0.235855,0.061954,6.604882,-1.369194,-0.291252,-0.048325,17.499222,379.4368,400.33984,7.731148,558.55684,601.27576,39.066608,734.77296,785.04232,40.956072,0,0,0,0,0.73,-1.25,0,0
2025/05/25 19:22:00.136,n,16.630422,60.487324,17.85676,18.119956,0.171235,0.21227,0.247648,0.022375,6.394732,-1.298309,-0.290375,-0.050255,17.48862,379.4536,400.10932,7.452922,616.61396,606.85536,22.872472,782.53952,780.08008,17.633774,0,0,0,0,0.73,-1.24,0,0
2025/05/25 19:23:00.137,n,16.620656,60.51496,17.578082,17.711836,0.121534,0.283026,0.165099,0.061954,6.185153,-1.383495,-0.290375,-0.050781,17.477796,379.39324,400.00224,7.329055,978.34688,935.5328,107.23246,1162.021,1087.4478,120.53548,0,0,0,0,0.76,-1.27,0,0
2025/05/25 19:24:00.138,n,16.640286,60.576628,17.229352,17.30448,0.099437,0.141513,0.182788,0.052075,5.988137,-1.383495,-0.292831,-0.051476,17.465958,379.11496,399.8748,7.130276,913.75168,826.26632,156.45622,1100.565,994.68784,140.6581,0,0,0,0,0.75,-1.22,0,0
2025/05/25 19:25:00.141,n,16.614114,60.617208,16.947628,17.076052,0.128847,0.035378,0.100495,0.041144,5.883633,-1.369194,-0.293709,-0.051826,17.462728,379.02108,399.82564,7.010945,863.93864,832.36128,150.1611,1052.2032,1007.6426,135.75198,0,0,0,0,0.74,-1.28,0,0
2025/05/25 19:26:00.145,n,16.599366,60.709736,16.703974,16.803212,0.08149,0.072295,0.024355,0.043107,5.778558,-1.426399,-0.29512,-0.052177,17.457316,378.86872,399.76424,6.962014,660.92548,740.0092,126.37524,857.3032,913.54328,102.28148,0,0,0,0,0.73,-1.25,0,0
2025/05/25 19:27:00.145,n,16.582958,60.836588,16.703974,16.727324,0.090436,0,0.000513,0.050256,5.739155,-1.497284,-0.296516,-0.054283,17.448676,378.69988,399.52916,6.994206,926.57688,844.384,105.38692,1106.8838,1015.4078,88.143632,0,0,0,0,0.74,-1.26,0,0
2025/05/25 19:28:00.149,n,16.625408,60.885488,16.66895,16.785446,0.115983,-0.139975,-0.028969,0.078387,6.092641,-1.055187,-0.294601,-0.049034,17.484056,379.06264,400.1924,6.902261,620.39764,717.39256,125.98472,835.33592,901.26072,103.71596,0,0,0,0,0.73,-1.25,0,0
2025/05/25 19:29:00.136,n,16.586202,61.040224,17.436458,17.588488,0.102817,0.918297,0.877022,0.034781,5.922465,-1.183899,-0.297058,-0.050957,17.480828,378.83208,400.0036,6.860263,1009.456,872.9832,123.97138,1176.5134,1034.858,124.50382,0,0,0,0,0.75,-1.24,0,0
2025/05/25 19:30:07.031,n,16.57795,61.18988,17.156256,17.29128,0.089895,0.953675,0.882918,0.070757,5.699181,-1.1982,-0.298821,-0.048676,17.47111,378.62544,400.15204,6.647236,978.12096,797.85912,138.93812,1121.2374,972.44296,112.99204,0,0,0,0,0.74,-1.24,0,0
2025/05/25 19:31:00.138,n,16.561642,61.29408,16.597376,16.894834,0.191239,0.776784,0.888815,0.064913,5.436493,-1.241104,-0.300934,-0.051483,17.468958,378.43072,399.8908,6.428147,601.59264,710.1216,123.63374,792.80784,901.5948,112.8849,0,0,0,0,0.74,-1.24,0,0
2025/05/25 19:32:00.141,n,16.55676,61.184996,16.108546,16.306006,0.142522,0.882918,0.877022,0.034783,5.082436,-1.311989,-0.303215,-0.050781,17.460284,378.18516,399.90488,6.141991,893.3392,692.5524,133.8643,1055.031,860.07888,129.41638,0,0,0,0,0.74,-1.25,0,0
2025/05/25 19:33:00.135,n,16.551778,61.31034,15.443068,15.64129,0.188344,0.635271,0.770887,0.090658,4.806614,-1.369194,-0.303215,-0.053413,17.441988,378.08324,399.5692,5.926006,861.18296,780.15064,112.9522,1026.0222,949.70536,94.972096,0,0,0,0,0.75,-1.24,0,0
2025/05/25 19:34:00.135,n,16.538738,61.453456,14.84764,15.122258,0.248825,0.776784,0.765247,0.052719,4.557631,-1.383495,-0.305847,-0.050606,17.423594,377.75316,399.71616,5.685885,835.89736,657.16864,100.10446,964.20672,822.01016,79.008544,0,0,0,0,0.74,-1.24,0,0
2025/05/25 19:35:00.136,n,16.520722,61.53964,14.323784,14.6149,0.189829,0.776784,0.770887,0.056678,4.28181,-1.482983,-0.308662,-0.051308,17.41388,377.45564,399.59984,5.507437,676.57064,841.7772,155.16218,859.02264,1012.5898,130.49522,0,0,0,0,0.74,-1.25,0,0
2025/05/25 19:36:00.135,n,16.517452,61.659852,13.763382,14.055258,0.220085,0.60143,0.729869,0.072531,3.954021,-1.426399,-0.310074,-0.052361,17.40204,377.26764,399.44044,5.122707,841.85928,828.14496,113.36998,1024.1168,994.10568,94.413976,0,0,0,0,0.74,-1.25,0,0
2025/05/25 19:37:00.136,n,16.478146,61.677724,13.41313,13.52988,0.14295,0.635271,0.671418,0.049603,3.494317,-1.354893,-0.308846,-0.052887,17.392258,377.31944,399.3392,4.593251,640.89148,712.59904,100.34516,828.07832,883.71952,78.809264,0,0,0,0,0.75,-1.25,0,0
2025/05/25 19:38:00.136,n,16.473214,61.836952,13.027852,13.23851,0.141921,0.672187,0.653985,0.053253,2.508667,-1.241104,-0.307083,-0.053932,17.369626,377.34608,399.1206,3.496621,760.73864,802.39016,132.65068,936.87176,952.50416,117.29024,0,0,0,0,0.74,-1.25,0,0
2025/05/25 19:39:00.137,n,16.447042,62.086952,13.062878,13.034196,0.051822,0.635271,0.629887,0.081606,1.557852,-1.269085,-0.312714,-0.056038,17.348036,376.73888,398.81344,2.570262,750.97744,878.2432,102.0157,957.92648,1048.2008,83.68572,0,0,0,0,0.75,-1.24,0,0
2025/05/25 19:40:00.135,n,16.41921,62.218396,12.852726,12.835976,0.065083,0.60143,0.560156,0.034783,0.798913,-1.254784,-0.316582,-0.056213,17.307012,376.17628,398.56984,1.793329,974.4828,836.8276,183.40612,1156.5324,996.5948,171.58934,0,0,0,0,0.75,-1.24,0,0
2025/05/25 19:41:00.135,n,16.389768,62.469664,12.539022,12.678868,0.13249,0.529136,0.606301,0.101284,0.379755,-1.1982,-0.322037,-0.057091,17.282134,375.5662,398.35376,1.313009,912.18296,770.61448,124.45884,1058.4866,935.35616,100.82312,0,0,0,0,0.74,-1.24,0,0
2025/05/25 19:42:00.134,n,16.348798,62.915172,12.292322,12.457044,0.105974,0.60143,0.53657,0.072215,0.262117,-1.168976,-0.324852,-0.058144,17.255132,375.17256,398.11016,1.164384,752.744,862.6948,96.40384,918.88448,1022.46,82.755056,0,0,0,0,0.74,-1.24,0,0
2025/05/25 19:43:00.135,n,16.314374,62.657704,12.11872,12.276078,0.098015,0.495296,0.495296,0.038755,0.104504,-1.055187,-0.323441,-0.056389,17.219492,375.09676,398.06804,0.89264,588.6278,625.77296,40.756596,750.882,797.93296,39.614392,0,0,0,0,0.76,-1.27,0,0
2025/05/25 19:44:00.135,n,16.332394,62.911952,12.04867,12.153746,0.073371,0.424539,0.442228,0.094268,-0.248982,-0.940777,-0.334351,-0.057442,17.166532,373.85904,397.68064,0.414886,712.40072,791.8564,130.72662,905.49576,951.32224,122.32906,0,0,0,0,0.75,-1.25,0,0
2025/05/25 19:45:00.136,n,16.30129,62.971812,11.943594,11.990294,0.075422,0.318404,0.430436,0.084957,0.051966,-0.940777,-0.338577,-0.055336,17.127602,373.27736,397.6516,0.709502,762.56432,842.80288,108.67474,981.52408,1023.8628,87.6242,0,0,0,0,0.71,-1.26,0,0
2025/05/25 19:46:00.136,n,16.27839,63.303404,11.663392,11.750954,0.065644,0.247648,0.371472,0.073362,0.575629,-1.168976,-0.332062,-0.053932,17.086546,373.61336,397.54864,1.466475,1004.373,889.40896,161.00372,1173.279,1047.3774,151.48102,0,0,0,0,0.75,-1.25,0,0
2025/05/25 19:47:00.137,n,16.23415,63.619128,11.593342,11.599178,0.095172,0.389161,0.324301,0.060936,0.955955,-1.183899,-0.343681,-0.055511,17.051948,372.41632,397.21652,1.851684,1051.4818,949.77584,101.40366,1211.8972,1105.833,96.11972,0,0,0,0,0.74,-1.23,0,0
2025/05/25 19:48:00.140,n,16.193184,63.868784,11.208064,11.278114,0.069964,0.353783,0.283282,0.089015,1.178097,-1.126694,-0.357414,-0.056038,17.030364,371.10876,397.05016,2.003415,765.25968,933.8768,102.0348,949.64568,1106.666,93.080616,0,0,0,0,0.74,-1.24,0,0
2025/05/25 19:49:00.134,n,16.153828,64.153892,10.787762,10.939538,0.116561,0.143051,0.212782,0.066479,0.733241,-1.112392,-0.367805,-0.059547,17.0033,370.05992,396.58852,1.537376,744.04088,870.32808,126.28224,933.61832,1036.2584,109.28998,0,0,0,0,0.74,-1.25,0,0
2025/05/25 19:50:00.135,n,16.132538,64.132896,10.262384,10.571774,0.20593,0.106135,0.241751,0.075602,0.196445,-1.155296,-0.369568,-0.056038,16.9838,369.79944,396.79216,1.038211,750.32456,873.1304,80.961712,932.92496,1041.5244,74.254296,0,0,0,0,0.73,-1.24,0,0
2025/05/25 19:51:00.136,n,16.132538,64.173376,9.773554,10.070506,0.205989,0.070757,0.12408,0.048881,-0.118209,-1.226181,-0.374321,-0.055862,16.955728,369.23276,396.65224,0.789513,705.95496,817.27712,94.525656,903.77512,1003.2308,85.374464,0,0,0,0,0.74,-1.24,0,0
2025/05/25 19:52:00.137,n,16.08664,64.665224,9.458326,9.597668,0.156133,0.143051,0.106391,0.059386,-0.550502,-1.311989,-0.377319,-0.058311,16.939456,368.88332,396.34468,0.442479,949.4144,783.91184,122.53552,1086.1832,936.78976,104.31874,0,0,0,0,0.74,-1.24,0,0
2025/05/25 19:53:00.136,n,16.093182,64.563368,8.82635,8.990564,0.207495,0,0.065629,0.075679,-0.799484,-1.440079,-0.369919,-0.059547,16.913502,369.37988,396.09132,0.330223,789.08144,810.18208,96.243176,950.97088,967.78872,79.335368,0,0,0,0,0.74,-1.25,0,0
2025/05/25 19:54:00.135,n,16.050556,64.82528,8.337521,8.470514,0.167614,0.036916,-0.069475,0.059386,-1.415087,-1.482983,-0.365341,-0.056915,16.879952,369.59008,396.13928,-0.24053,742.49984,767.04,38.6303,922.23016,942.7432,31.266596,0,0,0,0,0.74,-1.25,0,0
2025/05/25 19:55:00.137,n,16.019452,64.843008,7.705544,7.933716,0.178495,-0.106135,-0.052298,0.079695,-2.437856,-1.226181,-0.372559,-0.05043,16.816142,368.61284,396.36228,-1.533803,879.25088,797.03584,50.344316,1054.4698,968.98128,52.251316,0,0,0,0,0.74,-1.27,0,0
2025/05/25 19:56:00.139,n,16.030976,64.95614,7.111639,7.379658,0.186128,-0.03384,-0.092804,0.053264,-3.827816,-1.012905,-0.344917,-0.054985,16.743596,370.60296,395.55684,-3.104843,920.1708,873.20248,36.02638,1096.1316,1044.3012,38.513632,0,0,0,0,0.75,-1.24,0,0
2025/05/25 19:57:00.140,n,15.9883,65.611368,6.656311,6.813671,0.151268,-0.106135,-0.104853,0.074213,-4.181874,-0.970001,-0.347374,-0.055336,16.671052,369.98976,395.12496,-3.503911,780.6796,784.39168,32.390586,954.26584,961.66104,29.298464,0,0,0,0,0.73,-1.23,0,0
2025/05/25 19:58:00.135,n,15.930878,66.06884,5.98931,6.305298,0.206086,-0.316866,-0.228677,0.069322,-4.457696,-1.040886,-0.350899,-0.059723,16.616898,369.38604,394.43656,-3.707986,841.62488,802.08032,35.720444,1014.3626,971.91312,37.952604,0,0,0,0,0.73,-1.25,0,0
2025/05/25 19:59:00.135,n,15.95881,65.682268,5.569007,5.756315,0.156835,-0.387623,-0.322763,0.052075,-4.864291,-0.927097,-0.371857,-0.050957,16.550778,367.20828,394.85028,-4.258094,873.9564,792.122,68.607944,1036.8376,957.458,61.207028,0,0,0,0,0.76,-1.24,0,0
2025/05/25 20:00:07.028,n,15.98164,65.80632,5.288805,5.370785,0.160347,-0.316866,-0.369934,0.053654,-4.77235,-0.555885,-0.388069,-0.048332,16.52675,365.6734,394.95092,-4.556202,754.51064,781.38272,32.441486,935.42304,959.12304,24.762874,0,0,0,0,0.74,-1.24,0,0
2025/05/25 20:01:00.135,n,15.919338,66.561104,5.482205,5.702509,0.180425,0.564514,0.605789,0.064914,-4.877425,-0.698898,-0.399529,-0.049561,16.487758,364.46712,394.62688,-4.528495,849.24968,803.02048,66.393524,999.9224,965.87448,57.093784,0,0,0,0,0.73,-1.24,0,0
2025/05/25 20:02:00.137,n,15.82256,66.809592,5.30708,5.3718,0.12743,0.495296,0.476837,0.076632,-4.44399,-0.726879,-0.399704,-0.04763,16.446518,364.22468,394.571,-4.069185,913.7648,922.53632,40.847276,1096.462,1086.0454,34.017644,0,0,0,0,0.74,-1.24,0,0
2025/05/25 20:03:00.136,n,15.835694,66.628876,4.95835,5.010888,0.069197,0.458379,0.453252,0.026439,-3.683338,-0.756104,-0.402168,-0.046928,16.410786,363.8148,394.43668,-3.282475,794.4328,816.1064,73.963168,981.4004,980.33048,65.480528,0,0,0,0,0.74,-1.27,0,0
2025/05/25 20:04:00.138,n,15.870118,66.168624,4.330942,4.580687,0.180099,0.389161,0.388904,0.022865,-2.817611,-0.7132,-0.402878,-0.039566,16.381476,363.59196,394.92908,-2.467723,750.75312,811.53056,80.910752,945.85008,978.87848,68.947808,0,0,0,0,0.74,-1.25,0,0
2025/05/25 20:05:00.140,n,15.8439,66.430292,3.877138,4.039573,0.1141,0.247648,0.288922,0.064914,-2.870149,-0.812687,-0.40358,-0.046227,16.356538,363.39404,394.20032,-2.414815,831.7468,803.04656,68.44596,982.15136,953.73776,58.61058,0,0,0,0,0.75,-1.24,0,0
2025/05/25 20:06:00.141,n,15.784818,66.74504,3.807087,3.917492,0.161395,0.141513,0.21227,0.067126,-2.922686,-0.855591,-0.39547,-0.044647,16.338148,363.99432,394.23932,-2.417918,819.64864,843.33352,67.879304,1000.336,1019.3312,48.20166,0,0,0,0,0.74,-1.25,0,0
2025/05/25 20:07:00.135,n,15.760204,66.866036,3.213181,3.294907,0.052742,0,0.100238,0.072216,-3.145399,-0.997982,-0.394943,-0.047104,16.317514,363.92636,393.90764,-2.495257,991.1008,836.31648,121.38164,1131.6388,982.41416,110.06316,0,0,0,0,0.74,-1.25,0,0
2025/05/25 20:08:00.135,n,15.758596,66.798264,3.178156,3.091101,0.092645,0.070757,0.094342,0.042845,-3.289878,-1.140995,-0.393532,-0.051132,16.310964,364.01252,393.51396,-2.491282,862.12032,951.35816,48.930564,1051.541,1108.196,35.516192,0,0,0,0,0.75,-1.24,0,0
2025/05/25 20:09:00.136,n,15.743802,66.980536,2.689326,2.770798,0.155732,0.035378,0.070757,0.08372,-3.158534,-1.126694,-0.389298,-0.048508,16.293652,364.28352,393.65172,-2.37263,881.07048,755.96296,100.55968,1039.7964,923.65664,85.966848,0,0,0,0,0.74,-1.24,0,0
2025/05/25 20:10:00.135,n,15.691312,67.24968,2.270547,2.451256,0.135122,-0.070757,-0.028713,0.051978,-3.276743,-1.326912,-0.387009,-0.047104,16.285012,364.434,393.72888,-2.289736,960.90696,810.482,103.6067,1098.2042,969.50728,84.457096,0,0,0,0,0.74,-1.23,0,0
2025/05/25 20:11:00.137,n,15.681446,67.235176,2.130446,2.217755,0.193711,-0.176891,-0.087164,0.083299,-3.381818,-1.412098,-0.38913,-0.052185,16.280644,364.22652,393.25364,-2.306665,1012.2298,948.72584,62.37708,1178.0558,1114.9364,51.516988,0,0,0,0,0.73,-1.25,0,0
2025/05/25 20:12:00.137,n,15.674854,67.29636,1.676641,1.862681,0.143959,-0.139975,-0.146384,0.095305,-3.578263,-1.497906,-0.387894,-0.052361,16.274122,364.29752,393.20212,-2.415891,808.32688,767.56104,67.8056,953.63424,938.92312,55.371472,0,0,0,0,0.74,-1.24,0,0
2025/05/25 20:13:00.139,n,15.656788,67.351144,1.503038,1.729433,0.16498,-0.281488,-0.182275,0.071513,-3.500028,-1.497906,-0.384369,-0.053589,16.264344,364.54876,393.03936,-2.332902,684.86056,785.67496,104.49546,866.63816,953.96216,82.29156,0,0,0,0,0.74,-1.25,0,0
2025/05/25 20:14:00.141,n,15.645364,67.497624,1.222836,1.374105,0.128008,-0.106135,-0.170226,0.06811,-3.565129,-1.483604,-0.381546,-0.054466,16.256748,364.75116,392.91964,-2.408604,775.44552,830.17648,90.2696,946.0972,979.79568,83.433208,0,0,0,0,0.74,-1.24,0,0
2025/05/25 20:15:00.145,n,15.622364,67.370432,1.187811,1.158623,0.074848,-0.281488,-0.228677,0.057854,-3.74901,-1.654598,-0.37661,-0.054993,16.251304,365.14832,392.843,-2.416029,949.02752,834.96872,62.818788,1084.9156,978.09232,57.902504,0,0,0,0,0.75,-1.23,0,0
2025/05/25 20:16:00.135,n,15.686378,66.977364,0.90761,0.983751,0.163399,-0.316866,-0.346348,0.052075,-3.630801,-1.640297,-0.375206,-0.051491,16.250228,365.26372,393.148,-2.314219,743.23112,899.22168,100.32896,925.41752,1067.673,90.7458,0,0,0,0,0.75,-1.25,0,0
2025/05/25 20:17:00.135,n,15.697904,66.912864,0.874107,0.86827,0.064265,-0.423001,-0.387623,0.086659,-3.630801,-1.56879,-0.369743,-0.047981,16.247,365.71864,393.44208,-2.383772,895.93528,815.33592,83.084592,1071.0308,977.06256,84.269208,0,0,0,0,0.74,-1.25,0,0
2025/05/25 20:18:00.135,n,15.622364,67.326976,0.804057,0.722078,0.147809,-0.387623,-0.393519,0.041359,-3.814111,-1.640297,-0.372208,-0.053413,16.236114,365.44556,392.89972,-2.492608,898.76288,905.32512,41.321908,1074.603,1072.0606,36.903932,0,0,0,0,0.75,-1.25,0,0
2025/05/25 20:19:00.137,n,15.602688,67.370432,0.453805,0.55888,0.121331,-0.458379,-0.393519,0.056679,-3.919757,-1.6689,-0.369385,-0.049561,16.229624,365.65404,393.2062,-2.570682,779.48992,816.63816,52.455696,960.3848,994.6552,47.041468,0,0,0,0,0.75,-1.23,0,0
2025/05/25 20:20:00.138,n,15.624024,67.235176,0.175126,0.314719,0.134192,-0.529136,-0.476068,0.058133,-4.089933,-1.711803,-0.374321,-0.054642,16.22203,365.18524,392.71316,-2.697809,955.41912,896.90152,69.926392,1113.6084,1049.695,64.478676,0,0,0,0,0.74,-1.24,0,0
2025/05/25 20:21:00.140,n,15.599366,67.293184,0.210151,0.256344,0.140711,-0.635271,-0.511447,0.082969,-4.273244,-1.740406,-0.376434,-0.057098,16.214418,364.96068,392.45324,-2.852173,1003.2102,895.7456,78.961384,1171.4962,1059.4988,81.14432,0,0,0,0,0.74,-1.23,0,0
2025/05/25 20:22:00.141,n,15.628956,67.172336,0.278679,0.215735,0.067691,-0.529136,-0.528879,0.049599,-4.404588,-1.726105,-0.375908,-0.053238,16.213342,365.00032,392.7902,-3.001153,785.9816,851.36504,86.708128,969.04,1030.6448,72.463784,0,0,0,0,0.74,-1.24,0,0
2025/05/25 20:23:00.145,n,15.648232,67.351112,-0.175126,-0.028934,0.106981,-0.529136,-0.587843,0.069204,-4.182445,-1.355515,-0.372581,-0.05114,16.244752,365.46068,393.14912,-3.148372,1013.5246,925.40768,95.16092,1161.9576,1077.0886,87.873208,0,0,0,0,0.75,-1.24,0,0
2025/05/25 20:24:00.145,n,15.630166,67.422016,0.734006,0.849488,0.087275,0.387623,0.317892,0.066479,-4.286949,-1.398418,-0.372398,-0.052017,16.234938,365.42256,393.0172,-3.208912,1008.3192,967.52344,104.62026,1161.3578,1114.587,97.218824,0,0,0,0,0.73,-1.23,0,0
2025/05/25 20:25:00.135,n,15.600624,67.774408,0.734006,0.768524,0.135929,0.210731,0.258415,0.062368,-4.392595,-1.484226,-0.371696,-0.055351,16.22731,365.44148,392.67932,-3.224714,1014.7676,847.15696,117.66308,1151.889,1004.2276,100.2846,0,0,0,0,0.75,-1.23,0,0
2025/05/25 20:26:00.135,n,15.543152,68.057368,0.523855,0.588068,0.133678,0.247648,0.187915,0.048568,-4.431998,-1.526508,-0.36676,-0.056404,16.220824,365.83276,392.55012,-3.215846,723.62192,818.98136,97.455888,885.35048,982.31656,86.960336,0,0,0,0,0.74,-1.24,0,0
2025/05/25 20:27:00.137,n,15.539884,67.813024,0.41878,0.459642,0.040946,0.104597,0.211757,0.084113,-4.444562,-1.455002,-0.366058,-0.058327,16.21326,365.85188,392.33776,-3.297291,711.01112,783.25104,59.104992,885.44568,932.95384,42.639184,0,0,0,0,0.74,-1.24,0,0
2025/05/25 20:28:00.138,n,15.566102,67.875728,0.313704,0.46548,0.093108,0.141513,0.194068,0.053457,-4.667846,-1.569412,-0.356201,-0.057106,16.200186,366.63284,392.37444,-3.397529,671.78696,698.26824,33.495522,845.60776,850.41488,25.246782,0,0,0,0,0.74,-1.25,0,0
2025/05/25 20:29:00.139,n,15.531678,67.997888,0.41878,0.38477,0.057881,0.141513,0.07614,0.051732,-5.101281,-1.669521,-0.349854,-0.056053,16.181734,367.08052,392.36648,-3.72556,1015.3002,803.62352,178.18348,1158.0464,950.00888,166.35324,0,0,0,0,0.74,-1.24,0,0
2025/05/25 20:30:07.287,n,15.492226,68.24696,0.350252,0.221319,0.098962,0.070757,0.029482,0.041359,-5.691757,-1.65522,-0.343521,-0.054474,16.154596,367.47932,392.35776,-4.325584,725.44472,802.52776,90.17844,892.28504,966.2368,80.171064,0,0,0,0,0.73,-1.23,0,0
2025/05/25 20:31:00.143,n,15.469228,68.819816,0.41878,0.372333,0.078344,0.070757,0.088189,0.088371,-6.190293,-1.712425,-0.3414,-0.055702,16.13178,367.5374,392.12328,-4.763565,907.93448,835.58392,78.782928,1074.8246,994.66496,72.114496,0,0,0,0,0.73,-1.24,0,0
2025/05/25 20:32:00.146,n,15.418346,69.111464,0.175126,0.157106,0.149192,-0.035378,0.023329,0.047812,-6.335342,-1.54081,-0.332253,-0.056053,16.0938,368.12032,391.88372,-5.070731,923.36512,865.42768,51.674944,1063.4892,1016.3384,46.776064,0,0,0,0,0.74,-1.25,0,0
2025/05/25 20:33:00.148,n,15.42323,68.816592,0.07005,0.087055,0.126688,-0.176891,-0.047171,0.069567,-7.070296,-1.484226,-0.327148,-0.059738,16.05685,368.35908,391.35368,-5.85348,1038.1366,947.86208,102.35526,1194.8398,1093.6626,103.86626,0,0,0,0,0.73,-1.24,0,0
2025/05/25 20:34:00.135,n,15.385536,68.887144,-0.035025,0.028934,0.101978,-0.070757,-0.076653,0.060936,-7.517436,-1.512207,-0.319054,-0.056053,16.011262,368.80924,391.43088,-6.26823,768.09848,824.46048,40.984144,940.29824,988.37504,38.114304,0,0,0,0,0.73,-1.23,0,0
2025/05/25 20:35:00.135,n,15.449552,68.973672,-0.140101,-0.029188,0.097611,-0.176891,-0.094342,0.065871,-7.359823,-1.298309,-0.311134,-0.054298,15.96993,369.26776,391.3602,-6.31835,792.6532,815.60752,43.762428,961.65176,979.31256,44.304628,0,0,0,0,0.73,-1.24,0,0
2025/05/25 20:36:00.138,n,15.356336,70.008928,-0.105076,-0.075888,0.092447,-0.035378,-0.100238,0.060936,-7.241043,-1.326912,-0.30217,-0.05658,15.920024,369.76964,390.884,-6.159722,877.55992,866.29984,57.53086,1044.7782,1017.2914,51.918204,0,0,0,0,0.74,-1.25,0,0
2025/05/25 20:37:00.140,n,15.307262,69.98168,-0.035025,-0.040863,0.056113,-0.176891,-0.141513,0.031643,-7.149102,-1.312611,-0.297417,-0.053772,15.871112,369.91304,390.8656,-6.080137,944.83824,885.59976,53.603172,1105.3104,1045.8328,52.90652,0,0,0,0,0.72,-1.24,0,0
2025/05/25 20:38:00.143,n,15.30238,70.089104,-0.210151,-0.198476,0.095707,-0.176891,-0.182788,0.052075,-7.005195,-1.170219,-0.289856,-0.054649,15.827614,370.32884,390.54944,-6.070183,871.71616,869.05536,34.412208,1040.6556,1033.1782,33.306156,0,0,0,0,0.73,-1.24,0,0
2025/05/25 20:39:00.144,n,15.241834,70.536272,-0.245176,-0.215735,0.13144,-0.141513,-0.182788,0.034784,-7.20164,-1.326912,-0.293373,-0.054825,15.77973,369.7626,390.27184,-6.113276,840.76552,869.07992,34.58468,1006.625,1026.2604,29.75063,0,0,0,0,0.73,-1.24,0,0
2025/05/25 20:40:00.145,n,15.189442,71.229,-0.245176,-0.233248,0.035784,-0.247648,-0.259441,0.048336,-7.22848,-1.326912,-0.297249,-0.058853,15.74389,369.2314,389.71812,-6.139963,908.2904,869.60648,35.105556,1057.4038,1023.7154,29.597298,0,0,0,0,0.73,-1.24,0,0
2025/05/25 20:41:00.148,n,15.120694,71.225768,-0.453805,-0.320557,0.111043,-0.353783,-0.346861,0.068242,-7.478033,-1.427021,-0.292503,-0.058159,15.711232,369.46336,389.60124,-6.285357,859.11904,854.4668,38.569416,1024.993,1008.8542,37.439284,0,0,0,0,0.73,-1.23,0,0
2025/05/25 20:42:00.149,n,15.112538,71.680904,-0.278679,-0.361166,0.107273,-0.318404,-0.382752,0.074835,-7.582537,-1.355515,-0.293549,-0.060959,15.677512,369.1886,389.16828,-6.459612,888.8124,909.82616,31.657544,1064.4564,1069.6024,32.451504,0,0,0,0,0.74,-1.24,0,0
2025/05/25 20:43:00.136,n,15.04208,72.064592,-0.41878,-0.395683,0.081721,-0.353783,-0.440946,0.061855,-7.661915,-1.484226,-0.290039,-0.060783,15.63615,369.26612,388.9578,-6.406944,878.71232,862.68328,29.948288,1034.2026,1014.0612,28.342548,0,0,0,0,0.74,-1.24,0,0
2025/05/25 20:44:00.136,n,15.007656,72.2246,-0.523855,-0.454312,0.105534,-0.493757,-0.470172,0.069567,-7.727587,-1.455002,-0.290916,-0.061134,15.592652,368.95268,388.68908,-6.502367,872.83872,865.16256,24.349538,1023.2832,1016.923,20.236106,0,0,0,0,0.73,-1.23,0,0
2025/05/25 20:45:00.140,n,14.999906,72.562568,-0.732484,-0.546952,0.109502,-0.564514,-0.517343,0.036538,-7.46547,-1.126694,-0.277733,-0.05587,15.575426,369.99924,389.06268,-6.560639,826.27968,867.04048,31.115912,980.94864,1009.837,23.300214,0,0,0,0,0.74,-1.24,0,0
2025/05/25 20:46:00.142,n,14.97041,73.18376,0.278679,0.354567,0.092447,0.21227,0.288922,0.098595,-7.688754,-0.941399,-0.269661,-0.056229,15.525364,370.4242,388.75756,-6.960788,814.08904,839.13328,42.486468,976.00048,989.26296,26.93325,0,0,0,0,0.74,-1.23,0,0
2025/05/25 20:47:00.147,n,14.886868,73.746408,0.313704,0.220557,0.072301,0.106135,0.147409,0.098595,-7.754426,-0.941399,-0.262108,-0.057106,15.46326,370.73884,388.34088,-7.018029,862.83512,867.76904,27.28003,1018.0484,1001.4244,29.566874,0,0,0,0,0.73,-1.24,0,0
2025/05/25 20:48:00.145,n,14.880322,73.891328,0.210151,0.267511,0.078391,0.318404,0.247648,0.09493,-8.043383,-0.756104,-0.245239,-0.060959,15.404428,371.87736,387.678,-7.47156,808.66672,809.97144,9.354144,956.15672,953.08456,7.071068,0,0,0,0,0.74,-1.23,0,0
2025/05/25 20:49:00.149,n,14.81802,73.862664,0.138578,0.191623,0.053325,0.176891,0.123824,0.076698,-8.161592,-0.598789,-0.183395,-0.057976,15.340174,376.8772,387.593,-7.688222,820.60272,817.48248,5.536245,1036.3984,1008.3292,27.131162,0,0,0,0,0.74,-1.23,0,0
2025/05/25 20:50:00.149,n,14.839306,74.293768,0,0.121827,0.068943,0.072295,0.041787,0.046721,-8.792614,-0.442097,-0.203629,-0.060959,15.262804,374.7058,386.90696,-8.493186,904.47136,855.9852,38.362744,1115.8634,1052.6054,48.38388,0,0,0,0,0.74,-1.23,0,0
2025/05/25 20:51:00.151,n,14.727882,75.679024,0.105076,0.122081,0.052923,0.106135,0.024355,0.057401,-9.699458,-0.241879,-0.192719,-0.064995,15.183266,375.21688,386.1158,-9.585302,867.33664,844.16752,20.208908,1083.228,1046.9652,27.759684,0,0,0,0,0.73,-1.23,0,0
2025/05/25 20:52:00.137,n,14.732766,76.352408,-0.035025,-0.000254,0.11286,-0.106135,0.012049,0.088279,-10.488662,-0.12809,-0.188667,-0.06675,15.106942,375.1526,385.5452,-10.48249,873.5324,862.06344,12.810152,1089.4258,1063.6072,17.0147,0,0,0,0,0.74,-1.24,0,0
2025/05/25 20:53:00.140,n,14.62627,76.39836,-0.140101,-0.000254,0.079738,-0.139975,-0.023073,0.068838,-10.357318,-0.284782,-0.193069,-0.073059,15.030556,374.357,384.57008,-10.192546,905.572,861.79488,34.291396,1127.5098,1067.9276,44.518536,0,0,0,0,0.73,-1.23,0,0
2025/05/25 20:54:00.141,n,14.526222,77.6278,-0.035025,-0.006091,0.080592,0,0.006153,0.087587,-10.357318,-0.413494,-0.181282,-0.065521,14.96401,375.01564,384.87852,-10.059586,890.8288,857.47152,33.063576,1123.9366,1073.3968,44.5926,0,0,0,0,0.72,-1.23,0,0
2025/05/25 20:55:00.143,n,14.511426,78.295136,0.07005,-0.040863,0.095064,-0.106135,-0.063835,0.060642,-10.410428,-0.241879,-0.129417,-0.056923,14.882116,379.05812,385.19804,-10.241044,888.27408,881.75912,15.385058,1138.5738,1107.7148,23.015214,0,0,0,0,0.73,-1.23,0,0
2025/05/25 20:56:00.135,n,14.432668,79.193328,-0.245176,-0.145938,0.067977,-0.139975,-0.134078,0.034784,-10.265378,0.029224,-0.107636,-0.058151,14.800896,380.5024,384.649,-10.344088,918.58616,881.31864,36.899864,1161.8428,1112.0278,45.693548,0,0,0,0,0.73,-1.23,0,0
2025/05/25 20:57:00.135,n,14.41626,78.999048,-0.175126,-0.163451,0.065213,-0.210731,-0.157664,0.053654,-10.015824,0.171616,-0.115891,-0.058151,14.727072,379.38872,384.24944,-10.24518,857.8532,873.03936,18.670834,1112.7412,1110.588,16.220358,0,0,0,0,0.73,-1.22,0,0
2025/05/25 20:58:00.135,n,14.307962,80.345672,-0.315227,-0.256851,0.061336,-0.24611,-0.193042,0.079895,-9.699458,-0.170994,-0.143829,-0.059204,14.652158,376.56668,383.75072,-9.61309,930.62368,895.02688,24.919872,1188.6456,1140.002,33.114952,0,0,0,0,0.73,-1.22,0,0
2025/05/25 20:59:00.135,n,14.350636,80.142504,-0.280202,-0.338323,0.098203,-0.281488,-0.305073,0.048336,-9.305426,-0.12809,-0.179169,-0.060608,14.582654,373.13388,383.25028,-9.295898,936.97968,899.72528,25.96151,1219.38,1160.7546,36.774992,0,0,0,0,0.73,-1.22,0,0
2025/05/25 21:00:07.040,n,14.220948,81.725312,-0.315227,-0.315227,0.062655,-0.492219,-0.334299,0.101444,-8.792614,-0.384892,-0.182159,-0.055527,14.516428,372.51752,383.34388,-8.534354,954.58808,908.616,32.408332,1241.7422,1181.039,39.337004,0,0,0,0,0.73,-1.21,0,0
2025/05/25 21:01:00.135,n,14.176614,82.333568,-0.490353,-0.413957,0.084197,-0.387623,-0.369934,0.058133,-8.582464,-0.570808,-0.201164,-0.058502,14.469654,370.6212,382.82732,-8.154317,945.64768,925.63944,24.20124,1245.8922,1214.0522,25.40866,0,0,0,0,0.73,-1.22,0,0
2025/05/25 21:02:00.135,n,14.048534,83.199192,-0.525378,-0.472333,0.065204,-0.529136,-0.446074,0.076049,-8.109626,-0.756104,-0.202576,-0.056396,14.420746,370.23516,382.7504,-7.499702,919.48552,925.4368,14.0748,1252.541,1228.7286,26.412118,0,0,0,0,0.73,-1.21,0,0
2025/05/25 21:03:00.135,n,14.051808,82.410512,-0.490353,-0.49619,0.040946,-0.598354,-0.522727,0.081784,-7.898905,-0.413494,-0.208908,-0.05658,14.367492,369.40024,382.447,-7.637739,955.43424,932.82208,20.03497,1286.92,1255.093,15.918544,0,0,0,0,0.74,-1.24,0,0
2025/05/25 21:04:00.135,n,14.038624,82.710272,-0.593906,-0.605581,0.036174,-0.670649,-0.640911,0.027111,-7.67562,-0.399193,-0.20504,-0.048866,14.31857,369.4712,382.86836,-7.432601,948.25552,960.5452,21.351814,1293.1012,1288.1828,11.233878,0,0,0,0,0.71,-1.22,0,0
2025/05/25 21:05:00.135,n,14.003224,83.608944,-0.769032,-0.594159,0.088368,-0.635271,-0.629118,0.075148,-7.215916,-0.241879,-0.195541,-0.047112,14.311092,370.25256,382.98392,-7.122468,964.72968,978.07232,17.82975,1315.1274,1309.2644,24.6536,0,0,0,0,0.73,-1.22,0,0
2025/05/25 21:06:00.135,n,14.055814,83.365384,0.315227,0.303552,0.036174,0.318404,0.329941,0.082236,-7.005767,-0.228199,-0.193962,-0.045189,14.267578,370.1548,382.92024,-6.926341,1005.6388,972.88472,29.235252,1370.5942,1311.5546,47.222876,0,0,0,0,0.73,-1.23,0,0
2025/05/25 21:07:00.136,n,13.95889,84.978968,0.141624,0.227918,0.124607,0.21227,0.27713,0.075603,-6.782482,-0.485001,-0.188507,-0.046585,14.230598,370.4276,382.59716,-6.439403,990.15488,987.69512,12.759312,1354.3252,1331.744,21.349474,0,0,0,0,0.72,-1.22,0,0
2025/05/25 21:08:00.138,n,13.952344,84.199032,0.280202,0.198476,0.057196,0.106135,0.21227,0.063287,-6.532929,-0.241879,-0.188675,-0.044662,14.197922,370.23712,382.59196,-6.435063,988.01376,993.29176,15.530616,1372.5742,1337.5176,20.03497,0,0,0,0,0.72,-1.22,0,0
2025/05/25 21:09:00.137,n,13.889844,85.31192,0.175126,0.163705,0.035982,-0.03384,0.094598,0.072532,-6.29651,-0.314007,-0.191139,-0.043961,14.156592,369.80168,382.432,-6.129681,1024.9532,996.93552,21.449942,1412.3478,1364.7774,32.034356,0,0,0,0,0.74,-1.22,0,0
2025/05/25 21:10:00.135,n,13.838918,85.407232,0.036548,0.117512,0.047637,0.036916,-0.0282,0.103146,-6.099494,-0.37059,-0.18129,-0.042206,14.12613,370.48988,382.42408,-5.867987,1051.506,1025.8174,23.084628,1442.4048,1403.9288,33.145134,0,0,0,0,0.74,-1.22,0,0
2025/05/25 21:11:00.134,n,13.819192,85.372856,0.141624,0.093908,0.093188,0.036916,0.001025,0.062774,-6.006982,-0.356911,-0.185684,-0.045013,14.095604,369.94564,382.01064,-5.790742,1035.623,1006.638,18.644034,1456.9762,1404.8424,34.287024,0,0,0,0,0.72,-1.23,0,0
2025/05/25 21:12:00.135,n,13.810986,85.691416,-0.173603,-0.109644,0.067953,0,-0.028456,0.08174,-5.915042,-0.314007,-0.183578,-0.044487,14.061866,369.9464,381.87596,-5.740126,1023.5202,1000.6398,15.559564,1414.9596,1387.9464,17.406894,0,0,0,0,0.73,-1.22,0,0
2025/05/25 21:13:00.135,n,13.829006,84.978968,-0.068528,-0.121827,0.095422,-0.03384,-0.075371,0.056842,-5.744866,-0.142391,-0.185158,-0.036423,14.030282,369.64012,382.42248,-5.75121,1024.6022,1048.24,23.33238,1438.0454,1436.3896,17.088006,0,0,0,0,0.74,-1.23,0,0
2025/05/25 21:14:00.135,n,13.855324,86.134384,-0.138578,-0.138832,0.044067,-0.139975,-0.146384,0.087568,-5.63979,-0.241879,-0.189034,-0.043434,14.000896,369.147,381.64196,-5.543511,1090.1338,1043.2456,36.148304,1519.707,1453.5552,48.101976,0,0,0,0,0.73,-1.22,0,0
2025/05/25 21:15:00.135,n,13.764942,85.438488,-0.278679,-0.261166,0.036735,-0.175353,-0.187146,0.048336,-5.403372,0.128712,-0.187798,-0.035728,13.973676,369.10776,382.18016,-5.684152,1043.4844,1067.2726,15.874508,1466.4312,1473.9076,7.523298,0,0,0,0,0.75,-1.22,0,0
2025/05/25 21:16:00.136,n,13.773144,86.759816,-0.348729,-0.319541,0.040946,-0.387623,-0.322763,0.081958,-5.429641,-0.199596,-0.193604,-0.04203,13.946442,368.4594,381.47436,-5.381617,1067.4116,1027.915,26.10364,1513.4512,1456.2774,35.774292,0,0,0,0,0.74,-1.23,0,0
2025/05/25 21:17:00.136,n,13.72715,86.781704,-0.41878,-0.41878,0.031327,-0.24611,-0.299177,0.058132,-5.429641,-0.228199,-0.190086,-0.040283,13.923554,368.64084,381.50672,-5.351245,1090.1944,1048.3066,27.597102,1523.1128,1479.0026,29.168476,0,0,0,0,0.74,-1.22,0,0
2025/05/25 21:18:00.140,n,13.72051,87.112704,-0.41878,-0.389592,0.060327,-0.458379,-0.393519,0.060936,-5.350834,-0.271103,-0.182518,-0.033974,13.893062,369.13196,381.90348,-5.228276,1110.6842,1094.4016,19.67994,1624.083,1567.8882,47.343424,0,0,0,0,0.73,-1.23,0,0
2025/05/25 21:19:00.135,n,13.674466,87.54928,-0.383754,-0.401267,0.029304,-0.458379,-0.399415,0.06587,-5.363969,-0.442097,-0.157013,-0.035202,13.87125,371.22128,381.6774,-5.043683,1090.1338,1096.2568,20.191582,1674.6182,1651.3282,34.176012,0,0,0,0,0.74,-1.23,0,0
2025/05/25 21:20:00.135,n,13.60376,88.394192,-0.487307,-0.511672,0.095524,-0.458379,-0.505294,0.057271,-5.3377,-0.442097,-0.151917,-0.0345,13.845106,371.52188,381.59944,-5.013019,1116.4336,1092.5392,29.544882,1719.6802,1689.7442,36.08878,0,0,0,0,0.74,-1.22,0,0
2025/05/25 21:21:00.135,n,13.559326,88.86124,-0.487307,-0.557358,0.054262,-0.493757,-0.534519,0.081205,-5.350834,-0.470699,-0.149277,-0.033974,13.823296,371.63344,381.5294,-4.995438,1127.0332,1091.7068,39.437292,1735.3624,1695.1698,34.158456,0,0,0,0,0.73,-1.22,0,0
2025/05/25 21:22:00.135,n,13.5396,89.024864,-0.663956,-0.586799,0.068318,-0.493757,-0.517343,0.028885,-5.324565,-0.314007,-0.153496,-0.033798,13.80041,371.1458,381.42232,-5.130256,1125.1348,1074.2062,30.079894,1723.916,1685.7128,21.00476,0,0,0,0,0.73,-1.23,0,0
2025/05/25 21:23:00.136,n,13.589588,88.600528,-0.627408,-0.656849,0.051594,-0.564514,-0.628605,0.056203,-4.997348,0.21452,-0.14859,-0.029068,13.812968,371.6374,381.90964,-5.331389,1112.186,1080.8408,20.364184,1734.4628,1701.112,19.089264,0,0,0,0,0.73,-1.23,0,0
2025/05/25 21:24:00.136,n,13.609314,88.88104,0.140101,0.197969,0.047711,0.21227,0.201759,0.042765,-4.970508,0.157314,-0.148941,-0.02977,13.786776,371.46672,381.707,-5.246993,1096.2274,1082.7264,13.37535,1746.492,1736.1818,12.409674,0,0,0,0,0.74,-1.22,0,0
2025/05/25 21:25:00.137,n,13.594522,88.750136,-0.07005,0.040863,0.08114,0.036916,0.124849,0.086064,-4.94481,0.014923,-0.13681,-0.029243,13.768258,372.41684,381.65452,-5.0673,1109.6616,1092.5232,18.42824,1761.245,1743.6568,13.190906,0,0,0,0,0.74,-1.22,0,0
2025/05/25 21:26:00.138,n,13.583046,89.331192,0.103553,0.057614,0.051923,0.143051,0.089727,0.048658,-4.787198,0.128712,-0.140327,-0.026794,13.747522,372.0016,381.76104,-5.029443,1150.9042,1107.7838,29.312112,1838.3622,1789.2264,32.619014,0,0,0,0,0.73,-1.22,0,0
2025/05/25 21:27:00.141,n,13.555066,89.755696,0.035025,-0.064213,0.084109,0.072295,0.018715,0.053862,-4.73466,-0.01368,-0.14402,-0.031693,13.731186,371.59456,381.23844,-4.833308,1157.3916,1137.915,18.138358,1863.7094,1846.7806,14.615062,0,0,0,0,0.74,-1.22,0,0
2025/05/25 21:28:00.135,n,13.49252,89.808536,-0.035025,-0.052538,0.048279,-0.03384,-0.057682,0.052926,-4.563913,0,-0.144722,-0.027138,13.711558,371.4288,381.53788,-4.681497,1135.896,1106.0146,19.411336,1857.6512,1826.0322,19.909796,0,0,0,0,0.73,-1.22,0,0
2025/05/25 21:29:00.135,n,13.513906,89.772792,-0.105076,-0.087563,0.036735,-0.03384,-0.034096,0.049818,-4.419435,0.085808,-0.151405,-0.030296,13.696296,370.76896,381.17564,-4.626352,1128.8568,1111.3326,10.009996,1867.933,1852.6258,8.124039,0,0,0,0,0.73,-1.22,0,0
2025/05/25 21:30:07.031,n,13.505704,89.275136,-0.175126,-0.145685,0.097193,-0.139975,-0.09306,0.065432,-4.3412,0.143013,-0.15773,-0.029594,13.67776,370.12272,381.13888,-4.612348,1180.5424,1168.0398,42.910368,1938.2576,1929.191,44.036352,0,0,0,0,0.74,-1.22,0,0
2025/05/25 21:31:00.135,n,13.517178,89.780552,-0.245176,-0.169288,0.064266,-0.210731,-0.16356,0.042845,-4.301797,0.128712,-0.159843,-0.02504,13.666848,369.8814,381.48488,-4.565312,1201.7178,1165.9868,29.740546,1976.3876,1940.7442,24.551984,0,0,0,0,0.73,-1.22,0,0
2025/05/25 21:32:00.136,n,13.513906,89.44008,-0.210151,-0.209897,0.058247,-0.175353,-0.222524,0.088564,-4.131049,0.300327,-0.165123,-0.027313,13.653768,369.3548,381.21308,-4.569186,1207.3144,1151.5188,39.198216,2004.767,1949.6452,34.2228,0,0,0,0,0.73,-1.22,0,0
2025/05/25 21:33:00.136,n,13.527088,89.564536,-0.140101,-0.255836,0.078073,-0.281488,-0.287384,0.034784,-4.064807,0.343231,-0.17057,-0.026794,13.63955,368.80748,381.18308,-4.551814,1186.9072,1151.239,22.126908,1992.9052,1968.9476,23.22068,0,0,0,0,0.73,-1.22,0,0
2025/05/25 21:34:00.139,n,13.50404,89.866048,-0.278679,-0.337308,0.100316,-0.281488,-0.31661,0.0496,-4.235554,-0.156071,-0.174095,-0.02977,13.625394,368.42684,380.84308,-4.223808,1200.4316,1163.7338,22.203604,2017.7812,1975.2706,21.716352,0,0,0,0,0.74,-1.22,0,0
2025/05/25 21:35:00.142,n,13.515514,89.999648,-0.383754,-0.337816,0.064891,-0.281488,-0.31097,0.026632,-4.131049,-0.198975,-0.178841,-0.029068,13.62212,367.99888,380.88792,-4.081847,1188.2812,1174.4526,13.802174,2033.5048,2022.9102,13.160548,0,0,0,0,0.74,-1.22,0,0
2025/05/25 21:36:00.144,n,13.448086,90.534952,-0.383754,-0.348729,0.054261,-0.386084,-0.346092,0.026158,-4.078512,-0.25618,-0.182541,-0.029068,13.615524,367.64336,380.85252,-3.975805,1213.7978,1171.2526,27.263528,2069.2596,2030.6032,23.748684,0,0,0,0,0.74,-1.23,0,0
2025/05/25 21:37:00.135,n,13.449696,90.823136,-0.383754,-0.465734,0.068824,-0.352244,-0.404286,0.07277,-4.144184,-0.427174,-0.187813,-0.033966,13.612316,367.17016,380.40036,-3.870857,1205.4252,1170.5438,21.064188,2045.3442,2025.2794,16.260382,0,0,0,0,0.73,-1.23,0,0
2025/05/25 21:38:00.136,n,13.403604,90.674456,-0.48883,-0.465987,0.0607,-0.564514,-0.481196,0.09218,-3.986,-0.341988,-0.189224,-0.030823,13.601372,366.98964,380.62112,-3.802414,1238.9062,1213.1404,22.675978,2116.181,2086.68,26.63081,0,0,0,0,0.73,-1.23,0,0
2025/05/25 21:39:00.135,n,13.39706,90.858776,-0.663956,-0.599997,0.074685,-0.564514,-0.575025,0.057714,-4.039109,-0.484379,-0.19046,-0.02977,13.599204,366.87112,380.70304,-3.71542,1259.3276,1220.7822,25.814724,2159.757,2118.5046,24.746718,0,0,0,0,0.73,-1.24,0,0
2025/05/25 21:40:00.136,n,13.380604,90.296136,-0.593906,-0.605581,0.047854,-0.670649,-0.616812,0.058419,-3.907765,-0.299084,-0.192223,-0.028542,13.591566,366.67772,380.77116,-3.772362,1257.6298,1245.3218,12.336936,2170.7244,2165.4568,18.708286,0,0,0,0,0.74,-1.22,0,0
2025/05/25 21:41:00.136,n,13.392128,90.413952,-0.593906,-0.606088,0.041749,-0.527598,-0.59861,0.044511,-3.881496,-0.284782,-0.193977,-0.028191,13.590492,366.5202,380.7966,-3.7625,1220.0472,1220.0592,11.89958,2118.9514,2132.9914,19.839356,0,0,0,0,0.73,-1.22,0,0
2025/05/25 21:42:00.140,n,13.4264,91.132152,-0.698981,-0.698981,0.07005,-0.598354,-0.658087,0.065545,-3.618808,-0.042904,-0.191345,-0.024345,13.621648,366.9146,381.30476,-3.742904,1257.3368,1246.243,20.615528,2169.7858,2159.0744,15.697134,0,0,0,0,0.74,-1.22,0,0
2025/05/25 21:43:00.141,n,13.370442,90.8736,0,0.058883,0.068359,0.106135,0.246622,0.076809,-3.631943,-0.057205,-0.194344,-0.025223,13.61844,366.63804,381.20968,-3.743858,1251.0974,1240.7866,20.40098,2191.24,2178.413,20.376458,0,0,0,0,0.73,-1.23,0,0
2025/05/25 21:44:00.143,n,13.360532,91.605824,-0.033502,0.036294,0.065975,0.352244,0.246879,0.086285,-3.513733,-0.042904,-0.195396,-0.022774,13.60971,366.50028,381.38052,-3.643452,1255.3346,1239.8504,33.594644,2208.842,2191.652,30.718072,0,0,0,0,0.75,-1.24,0,0
2025/05/25 21:45:00.145,n,13.373714,91.133712,-0.033502,-0.027665,0.113854,0.106135,0.134848,0.034003,-3.395524,0.170994,-0.201561,-0.0233,13.606404,365.94936,381.31612,-3.744779,1325.282,1286.6298,30.43682,2300.6564,2261.4284,27.777688,0,0,0,0,0.74,-1.23,0,0
2025/05/25 21:46:00.135,n,13.39349,91.118232,-0.243654,-0.103553,0.123336,0.106135,0.0705,0.022865,-3.461767,0.042904,-0.206841,-0.026627,13.59984,365.4576,380.9856,-3.684885,1318.198,1260.9742,31.183328,2298.7404,2253.4974,22.882308,0,0,0,0,0.74,-1.23,0,0
2025/05/25 21:47:00.135,n,13.418148,90.388496,-0.173603,-0.121319,0.084638,0.03384,0.040506,0.071843,-3.29102,0.185295,-0.21283,-0.021896,13.598764,364.93364,381.39984,-3.667248,1299.4152,1301.9874,18.883856,2267.2248,2285.2806,26.20687,0,0,0,0,0.75,-1.24,0,0
2025/05/25 21:48:00.135,n,13.378694,90.870528,-0.068528,-0.092132,0.068462,0,0.028969,0.041279,-3.434927,0.085808,-0.218819,-0.025398,13.600946,364.42728,381.10056,-3.714155,1345.0016,1302.6056,32.02499,2346.1306,2309.3216,29.779188,0,0,0,0,0.76,-1.22,0,0
2025/05/25 21:49:00.137,n,13.419808,89.846648,-0.243654,-0.161928,0.130427,-0.035378,-0.06486,0.026632,-3.316718,0.156693,-0.223297,-0.020493,13.604222,364.05736,381.55372,-3.676215,1348.9768,1326.7482,22.943408,2359.0158,2336.372,20.464604,0,0,0,0,0.74,-1.23,0,0
2025/05/25 21:50:00.138,n,13.490608,89.261832,-0.243654,-0.208628,0.022152,-0.247648,-0.112031,0.075602,-3.316718,0.341988,-0.228561,-0.018562,13.602038,363.59036,381.71352,-3.868704,1497.4034,1350.6556,90.297288,2518.5822,2366.574,92.986024,0,0,0,0,0.74,-1.24,0,0
2025/05/25 21:51:00.141,n,13.544904,88.607592,-0.243654,-0.278679,0.054261,-0.21227,-0.19458,0.058132,-3.133407,0.84129,-0.241028,-0.022774,13.605328,362.5294,381.357,-4.192951,1345.7082,1333.8656,54.31022,2367.2918,2349.6976,60.686076,0,0,0,0,0.75,-1.22,0,0
2025/05/25 21:52:00.142,n,13.513654,88.906704,-0.313704,-0.313704,0.07347,-0.21227,-0.200477,0.042845,-3.29102,0.698898,-0.246292,-0.02137,13.610752,362.10304,381.51072,-4.21484,1381.3512,1367.3122,33.961744,2386.2156,2375.7266,32.33574,0,0,0,0,0.74,-1.24,0,0
2025/05/25 21:53:00.144,n,13.53011,88.835032,-0.41878,-0.337054,0.084835,-0.176891,-0.200477,0.079634,-3.409229,0.399193,-0.253677,-0.023117,13.61292,361.4758,381.36712,-4.038983,1378.8048,1370.3568,28.135388,2387.2562,2386.8174,27.626074,0,0,0,0,0.75,-1.24,0,0
2025/05/25 21:54:00.146,n,13.4889,89.291424,-0.348729,-0.383754,0.088607,-0.247648,-0.265337,0.048766,-3.50117,0.213898,-0.255608,-0.023468,13.61621,361.32648,381.3536,-3.947207,1398.8874,1365.6792,40.531468,2392.3694,2377.0274,29.380266,0,0,0,0,0.74,-1.23,0,0
2025/05/25 21:55:00.136,n,13.523518,88.53152,-0.348729,-0.383754,0.031327,-0.141513,-0.247648,0.070757,-3.671346,0.028603,-0.261047,-0.028023,13.623832,360.89672,380.98992,-3.932973,1443.3434,1425.7646,48.889672,2444.4006,2426.0606,48.249352,0,0,0,0,0.75,-1.23,0,0
2025/05/25 21:56:00.136,n,13.553158,88.0884,-0.487307,-0.400759,0.068398,-0.283026,-0.247648,0.022375,-3.566271,0.170994,-0.265442,-0.026276,13.62497,360.52264,381.15116,-3.976431,1373.1614,1398.314,39.739152,2334.0682,2386.3008,53.088604,0,0,0,0,0.74,-1.23,0,0
2025/05/25 21:57:00.135,n,13.53011,88.125752,-0.383754,-0.412688,0.11762,-0.21227,-0.318404,0.070757,-3.579976,0.199596,-0.267906,-0.025749,13.62932,360.3328,381.22124,-4.02173,1486.4664,1461.5028,48.783196,2449.1238,2427.0622,45.650848,0,0,0,0,0.74,-1.23,0,0
2025/05/25 21:58:00.139,n,13.567902,88.074432,-0.523855,-0.505327,0.030033,-0.458379,-0.417874,0.081496,-3.645077,0.142391,-0.276344,-0.029251,13.632594,359.62032,380.92768,-4.034561,1496.5592,1471.0576,47.577304,2437.8426,2425.4206,46.034772,0,0,0,0,0.74,-1.22,0,0
2025/05/25 21:59:00.142,n,13.56136,87.577704,-0.55888,-0.505581,0.05728,-0.458379,-0.383008,0.046523,-3.776421,0.01368,-0.279152,-0.029427,13.636944,359.4006,380.93528,-4.039826,1517.0358,1517.6144,30.308414,2439.2234,2453.6688,31.407006,0,0,0,0,0.74,-1.22,0,0
2025/05/25 22:00:07.048,n,13.615032,87.425104,-0.487307,-0.523094,0.06249,-0.389161,-0.383264,0.084957,-3.593111,0.256802,-0.279869,-0.028198,13.662222,359.47392,381.17976,-4.101583,1604.4822,1555.2272,30.136356,2442.0412,2452.0422,20.01999,0,0,0,0,0.75,-1.22,0,0
2025/05/25 22:01:00.144,n,13.623238,87.816168,0.245176,0.215735,0.063797,0.353783,0.400185,0.05286,-3.567413,0.271103,-0.281448,-0.024521,13.661082,359.33112,381.50008,-4.095443,1820.21,1734.1786,58.940648,2558.35,2506.469,32.984844,0,0,0,0,0.74,-1.22,0,0
2025/05/25 22:02:00.147,n,13.577146,88.044976,0.208628,0.191877,0.047954,0.387623,0.376343,0.065821,-3.475472,0.256802,-0.276352,-0.024521,13.664372,359.7896,381.51772,-3.984105,2052.9698,1943.8888,101.6622,2649.5654,2593.4422,59.356548,0,0,0,0,0.76,-1.24,0,0
2025/05/25 22:03:00.149,n,13.603512,87.856648,0.07005,0.104568,0.093302,0.318404,0.300459,0.061855,-3.541144,0.271103,-0.276176,-0.028557,13.665496,359.81084,381.16536,-4.059867,2260.5688,2165.7482,84.66404,2652.1578,2656.653,23.306652,0,0,0,0,0.75,-1.21,0,0
2025/05/25 22:04:00.135,n,13.54594,87.72584,0.105076,0.093401,0.052732,0.353783,0.35891,0.081762,-3.52801,0.199596,-0.270378,-0.027328,13.675302,360.36484,381.32688,-3.970656,2658.2504,2593.8698,81.141856,2908.747,2853.0638,61.696028,0,0,0,0,0.74,-1.22,0,0
2025/05/25 22:05:00.138,n,13.60185,87.873832,0.175126,0.145938,0.040946,0.424539,0.406337,0.048548,-3.593111,0.071507,-0.268974,-0.029602,13.67965,360.50964,381.14828,-3.903989,OverRange,OverRange,OverRange,OverRange,OverRange,OverRange,0,0,0,0,0.74,-1.22,0,0
2025/05/25 22:06:00.139,n,13.587056,87.817776,0.140101,0.087309,0.084638,0.247648,0.241751,0.060936,-3.514304,0.128712,-0.268265,-0.02803,13.69167,360.63536,381.35224,-3.88325,OverRange,OverRange,OverRange,OverRange,OverRange,OverRange,0,0,0,0,0.74,-1.23,0,0
2025/05/25 22:07:00.139,n,13.542622,87.856648,0.035025,0.02335,0.065213,0.318404,0.247648,0.04475,-3.357263,0.285404,-0.270729,-0.02803,13.698218,360.4572,381.3872,-3.885366,OverRange,OverRange,OverRange,OverRange,OverRange,OverRange,0,0,0,0,0.75,-1.23,0,0
2025/05/25 22:08:00.142,n,13.522846,88.058992,0.035025,0.029188,0.071495,0.247648,0.247648,0.054808,-3.4098,0.143013,-0.27758,-0.031883,13.70361,359.8934,381.07396,-3.79851,OverRange,OverRange,OverRange,OverRange,OverRange,OverRange,0,0,0,0,0.75,-1.23,0,0
2025/05/25 22:09:00.147,n,13.54594,88.007624,0.035025,-0.011675,0.068873,0.21227,0.217653,0.07834,-3.370397,0.113789,-0.281799,-0.030304,13.714556,359.58708,381.27284,-3.735681,OverRange,OverRange,OverRange,OverRange,OverRange,OverRange,0,0,0,0,0.74,-1.22,0,0
2025/05/25 22:10:00.147,n,13.517964,88.037216,-0.07005,-0.035025,0.058608,0.247648,0.21227,0.04475,-3.357263,0.042904,-0.288658,-0.032059,13.720012,359.02284,381.14608,-3.656766,OverRange,OverRange,OverRange,3312.1882,3293.2226,15.362292,0,0,0,0,0.73,-1.23,0,0
2025/05/25 22:11:00.148,n,13.516304,88.44776,-0.035025,-0.011675,0.028598,0.176891,0.182788,0.068662,-3.52801,-0.11441,-0.294815,-0.033638,13.723286,358.50788,381.02348,-3.674776,OverRange,OverRange,OverRange,OverRange,OverRange,OverRange,0,0,0,0,0.74,-1.21,0,0
2025/05/25 22:12:00.151,n,13.496578,88.343616,-0.035025,-0.040863,0.089754,0.176891,0.182531,0.060431,-3.553707,-0.157314,-0.299744,-0.033638,13.728742,358.11064,381.0526,-3.662499,OverRange,OverRange,OverRange,OverRange,OverRange,OverRange,0,0,0,0,0.75,-1.24,0,0
2025/05/25 22:13:00.137,n,13.516304,88.292344,0.07005,0.02335,0.036174,0.247648,0.165099,0.082718,-3.541144,-0.2425,-0.312584,-0.036964,13.732016,357.01752,380.7748,-3.574263,OverRange,OverRange,OverRange,OverRange,OverRange,OverRange,0,0,0,0,0.74,-1.23,0,0
2025/05/25 22:14:00.139,n,13.43232,88.44312,0,-0.116751,0.084835,0.21227,0.088446,0.122042,-3.50117,-0.37059,-0.31311,-0.034508,13.728742,356.95436,380.97536,-3.409182,OverRange,OverRange,OverRange,OverRange,OverRange,OverRange,0,0,0,0,0.74,-1.22,0,0
2025/05/25 22:15:00.140,n,13.458688,88.600056,-0.105076,-0.064213,0.111679,0.141513,0.106135,0.054808,-3.52801,-0.442719,-0.318916,-0.039589,13.727634,356.4462,380.51816,-3.364619,OverRange,OverRange,OverRange,OverRange,OverRange,OverRange,0,0,0,0,0.74,-1.22,0,0
2025/05/25 22:16:00.143,n,13.410932,88.836632,-0.105076,-0.163197,0.102975,0.106135,0.058964,0.057772,-3.475472,-0.485622,-0.322792,-0.040115,13.732016,356.13448,380.49492,-3.272527,OverRange,OverRange,OverRange,OverRange,OverRange,OverRange,0,0,0,0,0.74,-1.22,0,0
2025/05/25 22:17:00.147,n,13.438912,88.55968,-0.455328,-0.22741,0.118823,-0.139975,-0.011536,0.088114,-3.541144,-0.570808,-0.327545,-0.037666,13.727634,355.69976,380.68892,-3.260215,OverRange,OverRange,OverRange,OverRange,OverRange,OverRange,0,0,0,0,0.75,-1.24,0,0
2025/05/25 22:18:00.148,n,13.422456,88.84752,-0.245176,-0.192385,0.048172,-0.035378,0.017689,0.037105,-3.488607,-0.570808,-0.334061,-0.041,13.72656,355.13044,380.38712,-3.210859,OverRange,OverRange,OverRange,OverRange,OverRange,OverRange,0,0,0,0,0.73,-1.22,0,0
2025/05/25 22:19:00.149,n,13.376362,88.637312,-0.245176,-0.303298,0.057137,-0.070757,-0.058964,0.069567,-3.343557,-0.427795,-0.333351,-0.03714,13.725468,355.18596,380.72408,-3.211973,OverRange,OverRange,OverRange,OverRange,OverRange,OverRange,0,0,0,0,0.74,-1.22,0,0
2025/05/25 22:20:00.136,n,13.419186,88.503768,-0.280202,-0.250506,0.063659,0,-0.041018,0.056136,-3.357263,-0.442719,-0.341629,-0.042923,13.725468,354.46988,380.21052,-3.213251,OverRange,OverRange,OverRange,OverRange,OverRange,OverRange,0,0,0,0,0.74,-1.22,0,0
2025/05/25 22:21:00.136,n,13.414204,88.513048,-0.313704,-0.268019,0.052196,-0.070757,-0.082037,0.052584,-3.52801,-0.628014,-0.340218,-0.040642,13.718938,354.557,380.37812,-3.199572,OverRange,OverRange,OverRange,OverRange,OverRange,OverRange,0,0,0,0,0.73,-1.22,0,0
2025/05/25 22:22:00.136,n,13.40102,88.617152,-0.41878,-0.337816,0.072647,-0.070757,-0.13536,0.075148,-3.541144,-0.556507,-0.342155,-0.043098,13.715662,354.37188,380.14244,-3.283694,OverRange,OverRange,OverRange,OverRange,OverRange,OverRange,0,0,0,0,0.74,-1.23,0,0
2025/05/25 22:23:00.136,n,13.34018,88.827256,-0.313704,-0.308628,0.059711,-0.070757,-0.082037,0.047586,-3.488607,-0.58511,-0.332474,-0.039063,13.71234,355.1916,380.48308,-3.196908,OverRange,OverRange,OverRange,3281.264,3240.013,44.515168,0,0,0,0,0.75,-1.22,0,0
2025/05/25 22:24:00.135,n,13.359906,88.508352,-0.350252,-0.372841,0.087196,-0.139975,-0.152793,0.065986,-3.52801,-0.670918,-0.327896,-0.042046,13.704748,355.54688,380.17744,-3.142943,OverRange,OverRange,OverRange,3180.6848,3245.2236,43.414284,0,0,0,0,0.74,-1.22,0,0
2025/05/25 22:25:00.135,n,13.34018,88.758696,-0.350252,-0.378932,0.0517,-0.139975,-0.193811,0.057857,-3.330994,-0.499302,-0.315926,-0.041,13.7004,356.55916,380.24708,-3.106617,3194.1424,3236.9688,42.885896,3174.7146,3176.449,22.538854,0,0,0,0,0.73,-1.23,0,0
2025/05/25 22:26:00.135,n,13.358246,88.289272,-0.350252,-0.344161,0.06811,-0.176891,-0.153049,0.042934,-3.382961,-0.528526,-0.309593,-0.040474,13.704748,357.13016,380.31704,-3.123554,3123.4448,3171.9104,28.270126,3161.7908,3182.9102,23.065124,0,0,0,0,0.74,-1.22,0,0
2025/05/25 22:27:00.135,n,13.377834,88.873944,-0.41878,-0.407612,0.065163,-0.318404,-0.235599,0.057713,-3.173381,-0.414116,-0.300613,-0.036789,13.716884,357.972,380.70936,-3.02309,2971.8072,3008.3916,56.787324,3088.3518,3089.2608,34.525352,0,0,0,0,0.74,-1.22,0,0
2025/05/25 22:28:00.136,n,13.36963,88.404264,-0.140101,0.174872,0.190279,0.176891,0.276361,0.068588,-3.147113,-0.499302,-0.297623,-0.036438,13.715776,358.22484,380.7346,-2.908996,2954.7092,2992.2158,32.385182,3118.4904,3127.207,21.927152,0,0,0,0,0.75,-1.24,0,0
2025/05/25 22:29:00.136,n,13.374562,88.514616,0.105076,0.098984,0.198857,0.283026,0.241751,0.108275,-3.186516,-0.58511,-0.297447,-0.036789,13.711428,358.2166,380.68008,-2.862064,2815.973,2837.0052,41.424628,3048.4698,3034.2918,23.323806,0,0,0,0,0.74,-1.23,0,0
2025/05/25 22:30:07.045,n,13.39756,88.231656,0.210151,0.163451,0.068873,0.316866,0.252775,0.041499,-3.147113,-0.527905,-0.300613,-0.036964,13.712536,357.9486,380.67036,-2.882857,2647.0256,2717.615,59.038972,2957.475,2987.0682,32.16209,0,0,0,0,0.75,-1.22,0,0
2025/05/25 22:31:00.135,n,13.372902,88.370088,0.035025,0.105076,0.12531,0.176891,0.241495,0.081672,-3.160247,-0.514225,-0.298683,-0.038193,13.705972,358.08048,380.52616,-2.906513,2477.2718,2536.0828,66.501128,2866.7378,2901.8972,48.158072,0,0,0,0,0.74,-1.22,0,0
2025/05/25 22:32:00.136,n,13.339994,88.43376,0.175126,0.163451,0.028598,0.247648,0.265337,0.043329,-3.133978,-0.542206,-0.302376,-0.040817,13.705972,357.76104,380.29308,-2.853331,2323.0916,2375.6936,66.211784,2777.504,2803.306,43.30358,0,0,0,0,0.74,-1.24,0,0
2025/05/25 22:33:00.135,n,13.364652,88.424432,0.035025,0.192385,0.126392,0.176891,0.259441,0.069567,-3.252188,-0.613712,-0.307304,-0.039421,13.703804,357.32308,380.40548,-2.906359,2242.2474,2302.655,55.19058,2775.6928,2807.4548,25.187298,0,0,0,0,0.74,-1.23,0,0
2025/05/25 22:34:00.135,n,13.320168,88.483512,0.175126,0.151776,0.052732,0.210731,0.212013,0.06329,-3.449204,-0.670918,-0.317154,-0.043976,13.703804,356.47108,380.00096,-3.051464,2166.3244,2200.762,29.318936,2763.6484,2765.6846,6.69328,0,0,0,0,0.75,-1.22,0,0
2025/05/25 22:35:00.134,n,13.303712,88.649728,0.140101,0.134009,0.080725,0.176891,0.170739,0.034422,-3.370397,-0.628014,-0.331596,-0.043274,13.700482,355.20392,380.04552,-3.030706,2110.8162,2112.6414,20.05991,2764.5894,2743.7352,23.5457,0,0,0,0,0.74,-1.22,0,0
2025/05/25 22:36:00.136,n,13.29878,88.401096,0.105076,0.116497,0.090003,0.141513,0.129464,0.057335,-3.645648,-0.756104,-0.34005,-0.042747,13.699424,354.46712,380.08672,-3.186847,1917.1946,1991.1668,58.227144,2608.248,2664.1416,47.074408,0,0,0,0,0.74,-1.22,0,0
2025/05/25 22:37:00.135,n,13.308694,88.525504,0.035025,0.081472,0.087112,0.176891,0.170995,0.068662,-3.830101,-0.856213,-0.349556,-0.043976,13.698316,353.63872,379.97156,-3.279468,1828.6438,1870.5492,39.298856,2542.107,2579.2676,31.774204,0,0,0,0,0.74,-1.23,0,0
2025/05/25 22:38:00.138,n,13.303712,88.366912,0.07005,0.093401,0.052732,0.210731,0.182019,0.075246,-3.895202,-0.94202,-0.368057,-0.047127,13.69286,352.00916,379.66264,-3.274112,1839.7654,1857.9442,26.735744,2593.3428,2588.8648,18.910314,0,0,0,0,0.74,-1.22,0,0
2025/05/25 22:39:00.141,n,13.310304,88.539424,0.07005,0.064213,0.034436,0.070757,0.058964,0.057772,-4.131621,-1.070732,-0.388161,-0.050987,13.68413,350.2234,379.27312,-3.398062,1829.5306,1833.6464,10.373042,2590.793,2585.6774,8.197561,0,0,0,0,0.74,-1.22,0,0
2025/05/25 22:40:00.135,n,13.269142,88.477264,0.07005,0.081725,0.084835,0.176891,0.106135,0.063287,-4.118486,-1.041508,-0.408272,-0.046082,13.680856,348.46608,379.69112,-3.439169,1822.323,1840.9036,25.083858,2571.9184,2602.5696,29.12044,0,0,0,0,0.74,-1.23,0,0
2025/05/25 22:41:00.134,n,13.29878,87.845728,0.035025,0.02335,0.065213,0.070757,0.070757,0.031643,-4.118486,-0.82761,-0.442871,-0.048882,13.671082,345.42084,379.39024,-3.684866,1809.7674,1814.9074,35.894292,2571.2876,2573.7744,35.519008,0,0,0,0,0.73,-1.23,0,0
2025/05/25 22:42:00.135,n,13.335012,87.841088,-0.035025,0.058375,0.061336,0.035378,0.076653,0.060936,-4.341771,-0.799007,-0.466721,-0.045555,13.659062,343.29336,379.62128,-3.963929,1856.6564,1841.1772,14.737708,2612.1666,2599.9842,14.113824,0,0,0,0,0.74,-1.23,0,0
2025/05/25 22:43:00.135,n,13.307034,88.058952,-0.035025,-0.029188,0.064266,0.210731,0.111775,0.06444,-4.315502,-0.727501,-0.491547,-0.0438,13.644842,341.06968,379.701,-4.035747,1866.223,1833.2172,30.338094,2620.0064,2589.405,28.955138,0,0,0,0,0.74,-1.23,0,0
2025/05/25 22:44:00.135,n,13.308694,87.813056,-0.105076,-0.134009,0.051317,-0.070757,-0.005896,0.068662,-4.394308,-0.628014,-0.520454,-0.050987,13.628522,338.48168,378.97544,-4.235762,1847.8196,1843.4538,23.125744,2589.189,2590.5986,25.171412,0,0,0,0,0.74,-1.22,0,0
2025/05/25 22:45:00.136,n,13.315236,87.839472,-0.140101,-0.058375,0.065213,-0.070757,-0.005896,0.052075,-4.420006,-0.514225,-0.535446,-0.042923,13.614304,337.1088,379.61556,-4.398304,1797.0832,1812.3444,19.677398,2561.3404,2560.2686,18.78297,0,0,0,0,0.74,-1.24,0,0
2025/05/25 22:46:00.137,n,13.323486,87.702416,0,-0.069797,0.0825,0,-0.035378,0.031643,-4.57819,-0.499302,-0.5485,-0.046082,13.595768,335.88044,379.23592,-4.581306,1869.5916,1822.328,36.861904,2626.8164,2574.122,34.962836,0,0,0,0,0.73,-1.23,0,0
2025/05/25 22:47:00.140,n,13.310304,87.713352,-0.07005,-0.099238,0.026366,-0.070757,-0.041275,0.081958,-4.630156,-0.456398,-0.56086,-0.049065,13.577234,334.71228,378.872,-4.685553,1815.993,1809.7152,17.606818,2570.5298,2562.908,20.9571,0,0,0,0,0.74,-1.22,0,0
2025/05/25 22:48:00.143,n,13.257568,87.911152,-0.07005,-0.029188,0.067977,-0.070757,-0.029482,0.047023,-4.64329,-0.342609,-0.569336,-0.04731,13.566288,333.92044,378.96924,-4.822707,1797.0568,1824.2194,42.656768,2548.185,2574.5778,37.266604,0,0,0,0,0.74,-1.22,0,0
2025/05/25 22:49:00.135,n,13.270752,87.64792,-0.245176,-0.0467,0.116517,-0.141513,-0.106135,0.059199,-4.722097,-0.414116,-0.573921,-0.050293,13.549902,333.43618,378.61672,-4.831609,1811.3318,1864.798,35.34968,2562.4086,2608.7536,33.286632,0,0,0,0,0.74,-1.23,0,0
2025/05/25 22:50:00.135,n,13.288868,87.50764,0,-0.174872,0.122905,-0.176891,-0.141513,0.063287,-4.708962,-0.314007,-0.573753,-0.049759,13.530294,333.346,378.55944,-4.91895,1794.1658,1806.06,25.24282,2534.4252,2540.2902,25.424398,0,0,0,0,0.74,-1.22,0,0
2025/05/25 22:51:00.135,n,13.226368,87.694648,-0.07005,-0.162943,0.097623,-0.070757,-0.099982,0.060371,-4.617593,-0.199596,-0.573219,-0.049408,13.518256,333.32776,378.5262,-4.941808,1903.8674,1857.4876,48.56748,2638.7286,2595.3626,44.944408,0,0,0,0,0.74,-1.23,0,0
2025/05/25 22:52:00.135,n,13.211476,87.817696,-0.173603,-0.174618,0.031337,-0.141513,-0.117928,0.028886,-4.827743,-0.414116,-0.57975,-0.05397,13.497506,332.652,378.0102,-4.939407,1849.7244,1845.7314,14.028544,2559.2592,2561.5594,18.439088,0,0,0,0,0.74,-1.23,0,0
2025/05/25 22:53:00.135,n,13.221386,87.8862,-0.278679,-0.221319,0.093073,-0.106135,-0.188428,0.05765,-5.076725,-0.599411,-0.58329,-0.057472,13.484428,332.276,377.62944,-5.003132,1820.699,1853.4882,19.214578,2533.1216,2566.1318,20.396078,0,0,0,0,0.74,-1.22,0,0
2025/05/25 22:54:00.136,n,13.244386,87.4656,-0.315227,-0.215227,0.086674,-0.106135,-0.170739,0.090159,-4.867146,-0.399193,-0.586823,-0.050117,13.46806,331.8829,378.19508,-5.004658,1859.84,1871.3966,47.64032,2555.5698,2570.0166,50.911688,0,0,0,0,0.74,-1.22,0,0
2025/05/25 22:55:00.139,n,13.23457,87.6152,-0.315227,-0.226902,0.093274,-0.210731,-0.188171,0.082546,-4.800903,-0.328308,-0.597069,-0.051689,13.451644,330.90888,377.9678,-5.017975,1899.327,1869.8734,34.974276,2593.9288,2565.9188,30.763614,0,0,0,0,0.74,-1.21,0,0
2025/05/25 22:56:00.140,n,13.219728,87.808376,-0.278679,-0.262181,0.072192,-0.283026,-0.20586,0.081517,-5.037322,-0.456398,-0.605202,-0.060806,13.431968,330.10044,377.0532,-5.125319,1859.0642,1883.623,27.89982,2539.6328,2561.6428,28.747174,0,0,0,0,0.75,-1.23,0,0
2025/05/25 22:57:00.143,n,13.147218,88.113392,-0.245176,-0.268019,0.0607,-0.247648,-0.317635,0.073478,-5.037322,-0.371212,-0.604317,-0.057831,13.419998,330.1131,377.25356,-5.212596,1929.555,1911.0296,24.281682,2599.7792,2586.4638,22.163032,0,0,0,0,0.75,-1.22,0,0
2025/05/25 22:58:00.135,n,13.115918,88.02316,-0.245176,-0.22741,0.048613,-0.247648,-0.276617,0.092759,-5.076725,-0.356289,-0.599724,-0.058357,13.400324,330.40536,377.10176,-5.261803,1922.3508,1923.0596,20.179198,2595.0444,2595.9548,16.709278,0,0,0,0,0.74,-1.24,0,0
2025/05/25 22:59:00.136,n,13.139016,88.133656,-0.315227,-0.366749,0.075514,-0.316866,-0.317635,0.038764,-5.260607,-0.542206,-0.595131,-0.060455,13.386106,330.7268,376.83956,-5.253076,1900.0042,1911.7788,19.989998,2540.9102,2562.1726,23.681216,0,0,0,0,0.73,-1.21,0,0
2025/05/25 23:00:07.041,n,13.15804,88.205376,-0.48883,-0.425379,0.091697,-0.387623,-0.35891,0.082293,-4.945381,-0.328308,-0.583649,-0.056953,13.393222,331.758,377.18848,-5.143769,1991.1414,1960.3944,27.342276,2580.2128,2576.6448,17.708756,0,0,0,0,0.74,-1.22,0,0
2025/05/25 23:01:00.135,n,13.143196,88.17276,0.350252,0.315227,0.073469,0.247648,0.229959,0.058132,-4.997919,-0.427795,-0.583122,-0.058533,13.381204,331.73938,376.98408,-5.094713,2205.6338,2111.4654,53.799628,2699.676,2651.4598,27.011108,0,0,0,0,0.74,-1.23,0,0
2025/05/25 23:02:00.136,n,13.111898,88.255136,0.280202,0.286039,0.111679,0.247648,0.224062,0.042845,-5.024759,-0.414116,-0.586655,-0.058533,13.365894,331.35224,376.90248,-5.138765,2450.1836,2327.4012,88.285896,2788.4328,2730.4126,43.753856,0,0,0,0,0.73,-1.23,0,0
2025/05/25 23:03:00.139,n,13.11688,88.171192,0.350252,0.251014,0.086977,0.141513,0.19458,0.058132,-4.774634,-0.228199,-0.59655,-0.058884,13.346188,330.39112,376.7662,-5.084101,3193.0672,2872.5566,235.87116,3106.9896,2966.8088,92.407792,0,0,0,0,0.74,-1.22,0,0
2025/05/25 23:04:00.139,n,13.139874,87.881696,0.105076,0.221826,0.100704,0.070757,0.153306,0.094047,-4.88028,-0.299084,-0.601677,-0.061867,13.327652,329.84882,376.40248,-5.121007,OverRange,OverRange,OverRange,3212.6456,3166.7012,38.178528,0,0,0,0,0.74,-1.22,0,0
2025/05/25 23:05:00.143,n,13.169564,87.655872,0.245176,0.233501,0.047853,0.283026,0.170995,0.064914,-4.774634,-0.199596,-0.604149,-0.061516,13.312344,329.55328,376.35196,-5.117671,OverRange,OverRange,OverRange,3250.7684,3234.1854,15.336232,0,0,0,0,0.74,-1.22,0,0
2025/05/25 23:06:00.148,n,13.130014,87.722808,0.245176,0.215989,0.051556,0.283026,0.182788,0.052075,-4.840877,-0.285404,-0.597611,-0.062569,13.300324,330.0548,376.19436,-5.090515,OverRange,OverRange,OverRange,3215.0274,3193.9228,18.825514,0,0,0,0,0.74,-1.22,0,0
2025/05/25 23:07:00.135,n,13.139874,87.74932,0.071573,0.093908,0.084292,-0.035378,0.029482,0.047023,-4.932818,-0.371212,-0.581886,-0.06572,13.281758,331.31614,375.81564,-5.077773,OverRange,OverRange,OverRange,3118.2906,3156.429,44.036352,0,0,0,0,0.74,-1.22,0,0
2025/05/25 23:08:00.135,n,13.120148,87.679208,0.035025,0.059137,0.036477,-0.035378,0.053067,0.088799,-4.748936,-0.384892,-0.551331,-0.063438,13.272998,333.91266,375.97152,-4.851937,3135.3746,3190.4686,41.990476,3066.5468,3094.0716,24.738634,0,0,0,0,0.74,-1.22,0,0
2025/05/25 23:09:00.137,n,13.080548,87.833456,0.140101,0.017766,0.078627,-0.035378,-0.058451,0.075906,-4.591324,-0.427795,-0.511642,-0.063438,13.257688,337.26424,375.88988,-4.611733,3123.217,3110.1478,30.541774,3103.0576,3072.957,21.203774,0,0,0,0,0.74,-1.22,0,0
2025/05/25 23:10:00.137,n,13.070638,87.746144,0,-0.005584,0.094635,0.106135,-0.00564,0.078593,-4.407443,-0.414116,-0.470093,-0.066429,13.251158,340.82372,375.58952,-4.396991,3079.3304,3101.9124,27.451776,3084.0258,3085.6652,24.931908,0,0,0,0,0.73,-1.22,0,0
2025/05/25 23:11:00.141,n,13.037728,87.845856,-0.103553,0.017766,0.06863,-0.106135,-0.046658,0.079455,-3.960873,-0.328308,-0.422401,-0.06221,13.24461,344.91428,375.92924,-3.992757,3011.9736,3023.5292,27.025914,3092.534,3068.1396,14.615062,0,0,0,0,0.73,-1.22,0,0
2025/05/25 23:12:00.144,n,13.039338,87.78048,0.035025,-0.063959,0.074684,0.070757,-0.053067,0.091574,-3.737589,-0.341988,-0.379524,-0.064491,13.24132,348.60596,375.70924,-3.710634,2863.9078,2923.3752,76.80104,3018.1662,3022.709,47.014892,0,0,0,0,0.74,-1.22,0,0
2025/05/25 23:13:00.146,n,13.008038,87.889512,-0.033502,-0.08071,0.061745,-0.106135,-0.117671,0.029391,-3.580547,-0.513603,-0.340759,-0.065193,13.24132,351.95932,375.64692,-3.34251,2789.5332,2818.6672,44.090816,2959.8522,2965.4524,34.02352,0,0,0,0,0.73,-1.22,0,0
2025/05/25 23:14:00.147,n,13.006378,87.903528,-0.07005,-0.069289,0.049108,-0.141513,-0.099982,0.084424,-3.304725,-0.542206,-0.307655,-0.06572,13.245702,354.84624,375.6234,-3.004455,2713.668,2756.9424,58.685604,2936.1868,2943.6926,36.562276,0,0,0,0,0.74,-1.21,0,0
2025/05/25 23:15:00.148,n,12.996468,87.83184,-0.103553,-0.162182,0.057261,-0.175353,-0.175609,0.044266,-3.422935,-0.884815,-0.278816,-0.069939,13.24461,357.33512,375.24284,-2.746997,2596.3228,2652.0174,62.5076,2874.5686,2894.1086,38.64712,0,0,0,0,0.75,-1.22,0,0
2025/05/25 23:16:00.136,n,12.958528,87.959528,-0.07005,-0.045685,0.035985,-0.175353,-0.187659,0.036348,-3.108281,-0.841911,-0.240677,-0.059586,13.252264,360.67516,376.20312,-2.447461,2517.6856,2598.5044,57.075388,2837.5296,2895.128,42.820556,0,0,0,0,0.74,-1.22,0,0
2025/05/25 23:17:00.135,n,12.956966,88.115144,0,-0.092893,0.06105,-0.141513,-0.181762,0.051592,-3.265322,-1.227425,-0.209167,-0.062393,13.258794,363.43568,375.9886,-2.184672,2512.275,2523.1956,15.073156,2881.0026,2859.835,16.54086,0,0,0,0,0.74,-1.22,0,0
2025/05/25 23:18:00.137,n,12.93221,88.306504,-0.175126,-0.110406,0.060568,-0.141513,-0.175609,0.066966,-2.858727,-1.141617,-0.18206,-0.055725,13.269692,365.83864,376.63884,-1.843446,2376.9292,2401.8828,30.776616,2746.1354,2772.9084,34.790804,0,0,0,0,0.74,-1.22,0,0
2025/05/25 23:19:00.139,n,12.894268,88.424616,-0.103553,-0.144669,0.041167,-0.21227,-0.188428,0.069152,-2.661712,-1.127316,-0.164635,-0.056778,13.278454,367.39272,376.592,-1.642253,2381.023,2368.3884,24.592682,2784.1688,2743.7234,34.710228,0,0,0,0,0.74,-1.23,0,0
2025/05/25 23:20:00.144,n,12.860238,88.556696,-0.07005,-0.16269,0.087073,-0.281488,-0.275848,0.061147,-2.727384,-1.313232,-0.151619,-0.059059,13.286108,368.55952,376.43024,-1.506711,2303.0792,2338.1228,36.616936,2758.1766,2757.2822,17.320508,0,0,0,0,0.75,-1.22,0,0
2025/05/25 23:21:00.144,n,12.871662,88.575344,-0.138578,-0.156344,0.029492,-0.281488,-0.299433,0.066272,-2.635443,-1.356136,-0.138954,-0.053101,13.292704,369.6902,376.99456,-1.36516,2271.3496,2284.1302,11.02724,2771.1404,2757.931,12.649112,0,0,0,0,0.74,-1.23,0,0
2025/05/25 23:22:00.145,n,12.861798,88.6422,-0.103553,-0.23807,0.089538,-0.318404,-0.317379,0.083333,-2.674846,-1.441322,-0.131752,-0.050987,13.29925,370.34816,377.21724,-1.314288,2163.6284,2174.7664,14.380544,2700.9544,2691.3658,10.03992,0,0,0,0,0.74,-1.24,0,0
2025/05/25 23:23:00.147,n,12.885968,88.50704,-0.138578,-0.162436,0.072007,-0.21227,-0.258415,0.035744,-2.635443,-1.427643,-0.123665,-0.048882,13.313418,371.12328,377.47972,-1.282583,2108.8398,2113.6736,17.843768,2661.388,2656.9416,10.733128,0,0,0,0,0.74,-1.24,0,0
2025/05/25 23:24:00.151,n,12.928842,88.306504,-0.138578,-0.173603,0.093982,-0.281488,-0.258159,0.057144,-2.47783,-1.141617,-0.124016,-0.051689,13.319998,371.12804,377.26552,-1.40854,2053.476,2056.7092,23.349518,2617.1614,2612.8044,20.861448,0,0,0,0,0.73,-1.22,0,0
2025/05/25 23:25:00.137,n,12.965168,88.22564,-0.208628,-0.202791,0.084109,-0.318404,-0.305586,0.140589,-2.281386,-0.856213,-0.124542,-0.045204,13.342978,371.20504,377.964,-1.504511,2047.3516,2039.4926,22.208106,2634.9704,2616.3538,16.828546,0,0,0,0,0.74,-1.22,0,0
2025/05/25 23:26:00.138,n,12.966828,88.264512,-0.313704,-0.220303,0.08768,-0.21227,-0.270721,0.062368,-2.333923,-0.927719,-0.121559,-0.046082,13.358238,371.54448,377.96744,-1.481681,1996.9038,2002.943,14.95326,2607.2258,2604.113,12.649112,0,0,0,0,0.74,-1.24,0,0
2025/05/25 23:27:00.139,n,13.011312,88.046688,-0.103553,-0.150253,0.061336,-0.24611,-0.2115,0.049603,-2.241982,-0.899117,-0.118042,-0.042572,13.37573,371.94204,378.37244,-1.418336,2023.9454,2000.087,27.121946,2653.9974,2615.1658,29.879758,0,0,0,0,0.75,-1.21,0,0
2025/05/25 23:28:00.142,n,13.128354,87.337752,-0.175126,-0.168273,0.04104,-0.281488,-0.258671,0.042599,-2.058101,-0.627392,-0.126129,-0.043449,13.40192,371.38216,378.4342,-1.513389,1955.503,1974.9852,26.35147,2589.8366,2607.8792,19.899748,0,0,0,0,0.73,-1.23,0,0
2025/05/25 23:29:00.145,n,13.12669,87.467192,-0.175126,-0.197461,0.042088,-0.423001,-0.328659,0.069567,-2.241982,-0.927719,-0.125771,-0.048187,13.413956,371.47732,378.0776,-1.391846,1992.981,1965.1666,18.633302,2631.7072,2602.8772,17.933208,0,0,0,0,0.75,-1.23,0,0
2025/05/25 23:30:07.048,n,13.148174,87.364312,-0.313704,-0.214466,0.071495,-0.352244,-0.30533,0.057839,-2.333923,-1.027206,-0.12912,-0.050636,13.435812,371.3044,377.97688,-1.3852,1951.2496,1967.1396,24.939928,2590.785,2609.8986,27.597102,0,0,0,0,0.73,-1.22,0,0
2025/05/25 23:31:00.149,n,13.12669,87.609096,-0.175126,-0.244161,0.057881,-0.24611,-0.282001,0.049821,-2.17631,-0.913418,-0.12841,-0.040642,13.45876,371.48832,378.98704,-1.350661,1943.0966,1927.8414,31.578474,2592.1506,2560.7224,31.899844,0,0,0,0,0.74,-1.24,0,0
2025/05/25 23:32:00.149,n,13.148174,87.384576,-0.208628,-0.278933,0.076321,-0.281488,-0.334555,0.06229,-2.136907,-0.856213,-0.136498,-0.045029,13.481676,370.91112,378.71984,-1.372163,1862.4902,1910.5234,29.30529,2515.2562,2548.2912,26.8775,0,0,0,0,0.75,-1.23,0,0
2025/05/25 23:33:00.152,n,13.182748,87.49376,-0.138578,-0.214466,0.107195,-0.281488,-0.311483,0.061,-2.136907,-0.956322,-0.141769,-0.047485,13.505684,370.5832,378.6298,-1.27487,1985.5674,1941.4262,46.514516,2626.5832,2582.8416,36.867328,0,0,0,0,0.74,-1.23,0,0
2025/05/25 23:34:00.139,n,13.151448,87.637168,-0.138578,-0.168273,0.04104,-0.352244,-0.323788,0.068083,-2.29452,-1.041508,-0.150215,-0.048187,13.523174,369.94604,378.66088,-1.35504,1977.8134,1964.4354,21.241468,2631.3254,2619.8752,15.440208,0,0,0,0,0.74,-1.22,0,0
2025/05/25 23:35:00.141,n,13.16629,87.52804,-0.348729,-0.26142,0.109672,-0.318404,-0.270464,0.043107,-2.609174,-1.313232,-0.163055,-0.047134,13.54065,368.92872,378.8478,-1.411863,1851.7944,1873.2302,29.993332,2488.0062,2525.6208,41.549968,0,0,0,0,0.73,-1.22,0,0
2025/05/25 23:36:00.142,n,13.210774,87.381504,-0.383754,-0.348729,0.022152,-0.352244,-0.305843,0.075715,-2.674846,-1.170219,-0.179413,-0.048355,13.557006,367.60116,378.82688,-1.635684,1868.186,1922.6588,36.06106,2502.8908,2546.7238,29.919894,0,0,0,0,0.74,-1.23,0,0
2025/05/25 23:37:00.143,n,13.186016,87.713432,-0.313704,-0.273095,0.067533,-0.21227,-0.282513,0.070453,-2.727384,-1.213123,-0.184868,-0.048714,13.572298,367.211,378.87672,-1.650414,1916.0992,1869.5546,24.04163,2544.0554,2504.0682,21.241468,0,0,0,0,0.74,-1.23,0,0
2025/05/25 23:38:00.146,n,13.210774,87.509328,-0.383754,-0.272841,0.092447,-0.423001,-0.293537,0.079317,-2.68798,-1.056431,-0.187691,-0.046432,13.584302,367.03096,379.14348,-1.772808,1892.6094,1959.9966,50.954884,2553.8278,2604.1182,40.546268,0,0,0,0,0.74,-1.22,0,0
2025/05/25 23:39:00.148,n,13.214046,87.529552,-0.243654,-0.214974,0.040341,-0.318404,-0.323275,0.056621,-2.714249,-0.998604,-0.179237,-0.0466,13.602902,367.86172,379.22804,-1.848282,1914.2906,1872.7832,29.77247,2569.242,2526.904,31.761612,0,0,0,0,0.74,-1.22,0,0
2025/05/25 23:40:00.135,n,13.18934,87.763336,-0.208628,-0.139593,0.085299,-0.318404,-0.264312,0.066191,-2.884996,-1.227425,-0.168854,-0.053268,13.615932,368.82964,378.70556,-1.773157,1976.9146,1934.5508,27.356902,2643.5944,2593.7788,32.31099,0,0,0,0,0.74,-1.22,0,0
2025/05/25 23:41:00.136,n,13.167904,88.042,-0.348729,-0.273095,0.074446,-0.21227,-0.282001,0.0626,-2.871291,-1.313232,-0.160065,-0.050636,13.629044,369.65996,379.00932,-1.667486,1862.1358,1904.8314,28.028556,2507.0236,2552.4358,37.051316,0,0,0,0,0.74,-1.21,0,0
2025/05/25 23:42:00.137,n,13.240414,87.637168,-0.138578,-0.232232,0.100529,-0.281488,-0.369934,0.048766,-2.530368,-1.099335,-0.157944,-0.048187,13.649812,369.95464,379.33804,-1.540789,1870.9766,1864.6576,11.74734,2529.219,2511.2304,14.142136,0,0,0,0,0.74,-1.24,0,0
2025/05/25 23:43:00.138,n,13.220638,87.663624,-0.278679,-0.173603,0.07987,-0.423001,-0.317123,0.06329,-2.635443,-1.256027,-0.150032,-0.050819,13.66289,370.70908,379.17432,-1.478628,1940.4292,1893.4336,35.977772,2599.7028,2554.8138,35.597752,0,0,0,0,0.74,-1.23,0,0
2025/05/25 23:44:00.135,n,13.2305,87.738392,-0.138578,-0.232486,0.128008,-0.318404,-0.311483,0.082006,-2.740518,-1.441322,-0.138077,-0.052742,13.685806,371.86588,379.1262,-1.38453,1945.5284,1943.4926,32.753624,2598.2918,2591.1102,32.323364,0,0,0,0,0.74,-1.22,0,0
2025/05/25 23:45:00.135,n,13.212434,87.77428,-0.383754,-0.290608,0.105128,-0.318404,-0.311483,0.041454,-2.465267,-1.256027,-0.128059,-0.048538,13.704326,372.83144,379.59856,-1.288761,1937.461,1919.4302,15.962456,2584.4314,2568.6748,14.532722,0,0,0,0,0.76,-1.22,0,0
