"Timestamp","TZ","TA_1_2_1","RH_1_2_1","PPFD_1_2_1","PPFD_1_2_1_AV","PPFD_1_2_1_SD","PPFDr_1_2_1","PPFDr_1_2_1_AV","PPFDr_1_2_1_SD","SWin_1_2_1","SWout_1_2_1","LWin_1_2_V","LWout_1_2_V","TA_2_2_1","LWin_1_2_1","LWout_1_2_1","Rn_1_2_1","PPFD_1_1_1","PPFD_1_1_1_AV","PPFD_1_1_1_SD","PPFDd_1_1_1","PPFDd_1_1_1_AV","PPFDd_1_1_1_SD","2SERIAL (State)","2SERIAL (State)","2SERIAL (State)","2SERIAL (State)","posX","posY","P_2_1_2","1256CV"
2025/07/28 23:46:00.174,n,16.598572,76.795376,0.383754,0.255582,0.137411,0.176891,0.058707,0.094126,-5.28402,0.12809,-0.746864,-0.039398,16.69407,335.55888,396.66744,-6.119576,1328.4786,1346.3274,69.95284,1919.5756,1765.167,107.40206,0,0,0,0,0.73,-1.32,0,0
2025/07/28 23:47:00.135,n,16.555996,77.167392,0.523855,0.389592,0.086977,0.352244,0.240213,0.072216,-5.743152,0.028603,-0.741722,-0.032738,16.691886,335.9918,397.247,-6.480739,1388.901,1305.9244,78.374744,1792.1318,1730.44,47.812132,0,0,0,0,0.66,-1.3,0,0
2025/07/28 23:48:00.136,n,16.65585,76.700344,0.523855,0.535276,0.035685,0.316866,0.340452,0.048336,-5.16581,0.270481,-0.743141,-0.029938,16.687582,335.84528,397.47192,-6.149495,1181.0742,1223.405,52.318256,1610.9506,1640.2182,35.386436,0,0,0,0,0.68,-1.34,0,0
2025/07/28 23:49:00.137,n,16.65907,76.706696,0.313704,0.395429,0.081892,0.281488,0.31097,0.034783,-5.205214,0.313385,-0.747574,-0.037476,16.674606,335.39002,396.73068,-6.228697,1076.5166,1107.0206,59.24694,1475.4974,1524.9382,44.877612,0,0,0,0,0.74,-1.33,0,0
2025/07/28 23:50:00.141,n,16.567472,77.186336,0.313704,0.529185,0.135136,0.281488,0.364037,0.076426,-5.454767,0.142391,-0.743492,-0.033791,16.66916,335.71312,397.028,-6.30686,1261.437,1213.477,70.380392,1676.6308,1610.5556,69.413256,0,0,0,0,0.72,-1.35,0,0
2025/07/28 23:51:00.143,n,16.56913,77.211632,0.592383,0.348983,0.164676,0.352244,0.31097,0.047023,-5.401658,0.085186,-0.742432,-0.031693,16.651848,335.70936,397.11876,-6.197583,1260.9692,1211.7108,60.322468,1647.8036,1610.5714,47.396204,0,0,0,0,0.71,-1.33,0,0
2025/07/28 23:52:00.135,n,16.554382,77.404936,0.663956,0.500251,0.154283,0.387623,0.328659,0.048336,-5.401658,0.085186,-0.742966,-0.035187,16.6421,335.60924,396.75456,-6.194623,1248.4024,1169.955,77.829944,1655.245,1574.688,66.950728,0,0,0,0,0.74,-1.35,0,0
2025/07/28 23:53:00.135,n,16.518398,77.65416,0.140101,0.325887,0.158512,0.139975,0.257902,0.073077,-5.415364,-0.071507,-0.738358,-0.029243,16.63343,335.96004,397.23452,-6.052972,1132.0846,1214.8584,74.194336,1545.953,1614.3906,57.617708,0,0,0,0,0.75,-1.41,0,0
2025/07/28 23:54:00.135,n,16.554382,77.530384,0.140101,0.273095,0.092006,0.316866,0.258415,0.072383,-5.192079,0.113789,-0.743851,-0.032043,16.624786,335.4372,396.93824,-6.017675,1185.587,1207.3606,52.837488,1602.1278,1606.0558,48.006248,0,0,0,0,0.76,-1.33,0,0
2025/07/28 23:55:00.138,n,16.551114,77.465336,0.313704,0.337054,0.090435,0.070757,0.210988,0.073624,-5.270886,0.071507,-0.742607,-0.037476,16.61393,335.4848,396.3958,-6.047524,1276.8106,1283.1062,78.29176,1698.4832,1683.0136,72.762624,0,0,0,0,0.71,-1.35,0,0
2025/07/28 23:56:00.136,n,16.54784,77.444688,0.383754,0.19137,0.169509,0.139975,0.182275,0.034583,-5.060735,0.227577,-0.740128,-0.033791,16.61067,335.68128,396.70508,-5.99465,1210.8756,1176.7522,37.862912,1603.3432,1582.39,31.896708,0,0,0,0,0.73,-1.36,0,0
2025/07/28 23:57:00.139,n,16.552724,77.584336,0.210151,0.191877,0.109576,0.176891,0.15228,0.019064,-5.152676,0.185295,-0.740662,-0.032387,16.599846,335.57552,396.77016,-6.046246,1197.6948,1265.3102,66.577776,1627.2256,1661.3962,46.720444,0,0,0,0,0.74,-1.34,0,0
2025/07/28 23:58:00.140,n,16.513466,77.866664,0.348729,0.197461,0.109698,0.03384,0.117415,0.058091,-5.16581,0.099487,-0.742073,-0.034492,16.585794,335.37576,396.50548,-5.972878,1306.4596,1283.142,47.62982,1701.5536,1675.9584,37.314876,0,0,0,0,0.73,-1.35,0,0
2025/07/28 23:59:00.143,n,16.447988,78.16456,0.278679,0.174365,0.090753,0.070757,0.105366,0.067615,-5.375961,0.01368,-0.739067,-0.031334,16.57386,335.57004,396.72024,-6.097373,1307.9258,1237.077,65.94088,1697.915,1638.3194,50.213544,0,0,0,0,0.71,-1.37,0,0
2025/07/29 00:00:07.039,n,16.533142,77.841272,0.313704,0.20939,0.175098,0.210731,0.129208,0.04217,-4.86372,0.299706,-0.739243,-0.03064,16.57386,335.55484,396.78192,-5.872028,1326.8976,1284.0694,66.29178,1730.4954,1692.2198,48.719604,0,0,0,0,0.74,-1.36,0,0
2025/07/29 00:01:00.135,n,16.61659,77.623984,0.383754,0.209136,0.130402,0.106135,0.041018,0.052114,-4.824888,0.356289,-0.737465,-0.022408,16.57386,335.7086,397.513,-5.896234,1301.3858,1232.7054,59.751152,1695.6264,1652.3696,29.624316,0,0,0,0,0.75,-1.36,0,0
2025/07/29 00:02:00.135,n,16.626404,77.352352,0.313704,0.192131,0.072192,0,0.069987,0.066643,-4.811182,0.527283,-0.741364,-0.023628,16.569526,335.34744,397.38068,-6.0562,1262.4014,1250.0578,79.036696,1688.0296,1654.306,66.288764,0,0,0,0,0.71,-1.33,0,0
2025/07/29 00:03:00.135,n,16.63617,77.385896,0.105076,0.180202,0.074781,-0.072295,0.034866,0.063805,-4.312647,0.712578,-0.739243,-0.019608,16.5782,335.57872,397.78556,-5.744859,1147.4502,1207.5048,71.220784,1581.6098,1622.2202,50.366656,0,0,0,0,0.7,-1.39,0,0
2025/07/29 00:04:00.136,n,16.585438,77.76988,0.105076,0.15736,0.05709,0,0.023329,0.042765,-4.759216,0.513603,-0.742073,-0.026085,16.57386,335.31,397.18644,-5.988807,1222.479,1297.6534,55.007272,1673.2216,1712.1822,36.403296,0,0,0,0,0.68,-1.33,0,0
2025/07/29 00:05:00.138,n,16.539684,78.021936,0.105076,0.156852,0.114527,0.03384,0.023329,0.057713,-5.139542,0.427795,-0.746155,-0.031517,16.56845,334.9271,396.67416,-6.281975,1261.5684,1305.7484,59.1033,1711.8476,1719.7226,53.396628,0,0,0,0,0.75,-1.35,0,0
2025/07/29 00:06:00.138,n,16.472546,78.397272,-0.210151,-0.058883,0.11153,-0.21227,-0.11844,0.085355,-5.625514,0.199596,-0.748108,-0.037292,16.564112,334.73426,396.13736,-6.535926,1201.2428,1129.4844,41.16066,1604.3094,1561.5494,27.103506,0,0,0,0,0.76,-1.35,0,0
2025/07/29 00:07:00.143,n,16.554382,78.181936,-0.105076,0.028934,0.071323,-0.072295,-0.076909,0.084938,-5.362255,0.241879,-0.744385,-0.032387,16.563036,335.05042,396.56712,-6.316132,1141.8398,1198.4886,57.372468,1583.2148,1621.959,35.26188,0,0,0,0,0.76,-1.36,0,0
2025/07/29 00:08:00.143,n,16.56088,78.012416,0.140101,0.057614,0.150905,-0.106135,-0.076653,0.084957,-5.428498,0.270481,-0.749176,-0.030991,16.55329,334.5821,396.63728,-6.417165,1381.9698,1243.2366,78.36964,1786.2064,1663.17,69.479496,0,0,0,0,0.73,-1.31,0,0
2025/07/29 00:09:00.145,n,16.544568,78.204152,-0.313704,-0.116751,0.113647,-0.21227,-0.165355,0.057271,-4.838022,0.470699,-0.749352,-0.028885,16.556484,334.58454,396.84192,-6.029188,1325.7866,1270.0442,83.99048,1730.7504,1676.8858,70.32496,0,0,0,0,0.71,-1.31,0,0
2025/07/29 00:10:00.135,n,16.585438,78.071056,0.105076,0.034518,0.098854,-0.176891,-0.170995,0.026632,-4.575334,0.584488,-0.75219,-0.02346,16.558668,334.35102,397.33564,-5.888551,1331.0846,1255.0334,58.470504,1741.7348,1674.7906,48.352872,0,0,0,0,0.71,-1.34,0,0
2025/07/29 00:11:00.135,n,16.562588,78.117048,0.035025,0.045939,0.090556,-0.21227,-0.188684,0.036539,-4.746081,0.470699,-0.755386,-0.029587,16.560854,334.08658,396.80368,-5.94258,1184.7734,1252.4358,55.396752,1623.912,1670.0746,41.446352,0,0,0,0,0.76,-1.33,0,0
2025/07/29 00:12:00.135,n,16.472546,78.406744,-0.140101,-0.139847,0.105735,-0.176891,-0.11844,0.065433,-4.654141,0.412872,-0.756622,-0.029587,16.559776,333.97376,396.7978,-5.794049,1109.3428,1164.8446,35.449968,1548.2108,1584.1022,28.010712,0,0,0,0,0.73,-1.45,0,0
2025/07/29 00:13:00.137,n,16.534706,78.371976,-0.175126,-0.099238,0.115989,-0.141513,-0.136129,0.064301,-4.719813,0.37059,-0.755386,-0.030289,16.556484,334.0625,396.71724,-5.815501,1118.3014,1120.3032,19.641792,1541.897,1541.676,17.320508,0,0,0,0,0.68,-1.36,0,0
2025/07/29 00:14:00.140,n,16.541298,78.419392,-0.036548,-0.018274,0.090841,-0.247648,-0.182788,0.034784,-4.785485,0.37059,-0.761414,-0.028717,16.554334,333.52914,396.84488,-5.888771,1297.084,1195.0932,60.264416,1702.8774,1608.0288,53.540636,0,0,0,0,0.73,-1.35,0,0
2025/07/29 00:15:00.142,n,16.534706,78.58868,-0.175126,-0.081725,0.126609,-0.106135,-0.153562,0.069204,-4.86372,0.37059,-0.762474,-0.03064,16.558668,333.46134,396.69804,-5.966144,1316.7114,1220.8662,59.135436,1723.685,1641.2192,47.562592,0,0,0,0,0.73,-1.44,0,0
2025/07/29 00:16:00.143,n,16.50526,78.645664,0,0.00533,0.094992,-0.21227,-0.206373,0.041359,-4.86372,0.284782,-0.768692,-0.032043,16.555408,332.9056,396.55556,-5.885151,1347.9814,1315.3198,42.857908,1791.853,1739.7592,45.882456,0,0,0,0,0.76,-1.3,0,0
2025/07/29 00:17:00.145,n,16.42997,78.933312,0.035025,-0.012183,0.068619,-0.106135,-0.176891,0.059199,-5.349692,0.028603,-0.772415,-0.039047,16.55329,332.57178,395.9218,-6.111663,1453.9664,1359.3042,78.764208,1862.2616,1771.1796,72.03888,0,0,0,0,0.74,-1.33,0,0
2025/07/29 00:18:00.147,n,16.42831,79.05968,-0.07005,-0.12868,0.090122,-0.176891,-0.19458,0.037105,-5.375961,0.01368,-0.775253,-0.035019,16.539172,332.2485,396.2018,-6.129874,1084.54,1135.8324,49.646752,1533.2368,1585.056,51.152712,0,0,0,0,0.73,-1.35,0,0
2025/07/29 00:19:00.135,n,16.33661,79.353328,-0.140101,0.022335,0.092844,-0.247648,-0.224062,0.061954,-5.67748,-0.085808,-0.776146,-0.036949,16.53376,332.14136,396.0004,-6.330869,1361.439,1284.1246,58.84386,1780.1204,1699.2388,63.946852,0,0,0,0,0.73,-1.31,0,0
2025/07/29 00:20:00.135,n,16.38905,79.394344,0,0.005584,0.099899,-0.247648,-0.229959,0.037105,-5.467901,0.042904,-0.778626,-0.037643,16.519674,331.8493,395.86116,-6.251787,1407.0592,1392.7364,18.29754,1841.8636,1810.3212,27.018512,0,0,0,0,0.75,-1.35,0,0
2025/07/29 00:21:00.138,n,16.371034,79.54888,-0.210151,-0.192385,0.081688,-0.352244,-0.276617,0.067976,-5.454767,-0.071507,-0.775436,-0.025909,16.515306,332.1011,396.8792,-6.132787,1125.1704,1120.5624,35.198008,1575.3334,1569.6006,36.491096,0,0,0,0,0.75,-1.4,0,0
2025/07/29 00:22:00.138,n,16.425038,79.220712,-0.350252,-0.233755,0.14764,-0.283026,-0.318404,0.059199,-5.16581,0.170994,-0.781822,-0.026962,16.507742,331.50696,396.74396,-6.091664,1291.524,1214.9988,56.274328,1701.1614,1638.735,47.740968,0,0,0,0,0.74,-1.35,0,0
2025/07/29 00:23:00.140,n,16.490566,79.02808,-0.385277,-0.280202,0.121331,-0.247648,-0.317892,0.086032,-5.244617,0.156693,-0.782707,-0.03186,16.503408,331.40656,396.28508,-6.152156,1291.1466,1259.8246,74.337064,1729.7426,1682.9438,65.638404,0,0,0,0,0.78,-1.38,0,0
2025/07/29 00:24:00.144,n,16.47416,79.035992,-0.07005,-0.251014,0.10946,-0.458379,-0.359166,0.05617,-5.428498,0.099487,-0.779518,-0.026787,16.49907,331.65838,396.71168,-6.280717,1305.835,1228.9816,43.646304,1730.536,1668.5974,32.61288,0,0,0,0,0.66,-1.29,0,0
2025/07/29 00:25:00.146,n,16.482312,79.137072,-0.280202,-0.19873,0.187265,-0.352244,-0.358397,0.056265,-4.850585,0.37059,-0.782707,-0.027664,16.495844,331.3648,396.61604,-5.976218,1236.3302,1298.4978,55.443664,1692.6448,1729.6578,45.0422,0,0,0,0,0.71,-1.35,0,0
2025/07/29 00:26:00.149,n,16.479092,79.08492,-0.41878,-0.279694,0.126835,-0.318404,-0.318148,0.059018,-5.16581,0.199596,-0.787331,-0.034317,16.488214,330.92282,395.98316,-6.11842,1304.3814,1193.6106,67.032828,1713.5594,1624.0996,52.68586,0,0,0,0,0.72,-1.34,0,0
2025/07/29 00:27:00.150,n,16.43329,79.296536,-0.385277,-0.215989,0.14256,-0.424539,-0.383264,0.084957,-5.519868,0.028603,-0.784843,-0.030289,16.4785,331.08436,396.28728,-6.303025,1227,1270.6914,72.762624,1703.972,1708.2598,63.636468,0,0,0,0,0.76,-1.35,0,0
2025/07/29 00:28:00.136,n,16.407022,79.465336,-0.07005,-0.140101,0.058608,-0.283026,-0.35327,0.074214,-5.743152,-0.11441,-0.785912,-0.031166,16.470872,330.9499,396.16732,-6.383487,1335.813,1249.0632,43.824648,1772.8852,1696.244,39.354796,0,0,0,0,0.75,-1.35,0,0
2025/07/29 00:29:00.139,n,16.3661,79.585168,-0.280202,-0.286039,0.092447,-0.424539,-0.406594,0.073142,-5.651212,-0.071507,-0.790703,-0.03817,16.460048,330.47592,395.4858,-6.332238,1271.1382,1310.5188,35.29306,1722.8226,1745.7602,21.36352,0,0,0,0,0.73,-1.34,0,0
2025/07/29 00:30:07.033,n,16.434266,79.720744,-0.105076,-0.233501,0.163784,-0.389161,-0.388904,0.058834,-5.389095,0.256802,-0.786293,-0.032387,16.48075,330.9714,396.1134,-6.399803,1323.044,1311.2914,36.403296,1761.6132,1748.1446,26.495284,0,0,0,0,0.74,-1.35,0,0
2025/07/29 00:31:00.135,n,16.385144,79.821568,0.348729,0.575378,0.140806,0.21227,0.265081,0.048658,-5.31086,0.271103,-0.787117,-0.03186,16.469894,330.84028,396.10028,-6.337219,1286.5018,1287.9044,22.405358,1741.059,1739.47,16.911536,0,0,0,0,0.69,-1.32,0,0
2025/07/29 00:32:00.144,n,16.429288,79.556728,0.592383,0.423856,0.094787,0.281488,0.287641,0.056265,-4.904265,0.427795,-0.787117,-0.022758,16.461252,330.79266,396.86104,-6.096419,1233.0804,1221.0176,31.144824,1682.018,1666.2336,22.324874,0,0,0,0,0.74,-1.37,0,0
2025/07/29 00:33:00.146,n,16.381874,79.709712,0.208628,0.44746,0.167261,0.281488,0.276361,0.082293,-4.877425,0.555885,-0.784523,-0.025558,16.461252,331.01708,396.6124,-6.192275,1199.5508,1277.0674,61.39218,1657.4804,1713.3516,51.174212,0,0,0,0,0.72,-1.38,0,0
2025/07/29 00:34:00.148,n,16.324502,80.130208,0.523855,0.563703,0.113638,0.458379,0.353014,0.104224,-5.008769,0.384892,-0.788178,-0.033791,16.441724,330.59332,395.77368,-6.148047,1251.4916,1302.5956,55.152516,1713.4286,1738.4256,46.690472,0,0,0,0,0.74,-1.37,0,0
2025/07/29 00:35:00.151,n,16.383484,80.02948,0.627408,0.511419,0.11986,0.21227,0.28277,0.080677,-5.126979,0.2425,-0.787819,-0.033096,16.442834,330.63058,395.8416,-6.124202,1399.0052,1289.1552,84.464192,1816.6956,1717.0468,71.50944,0,0,0,0,0.71,-1.42,0,0
2025/07/29 00:36:00.136,n,16.427724,79.7412,0.277156,0.318272,0.100715,0.175353,0.217653,0.075511,-4.995635,0.328308,-0.789238,-0.028008,16.433116,330.45422,396.23992,-6.085173,1255.5068,1229.8246,55.098096,1694.2078,1668.6324,42.6427,0,0,0,0,0.73,-1.35,0,0
2025/07/29 00:37:00.139,n,16.331044,80.010584,0.453805,0.348475,0.079739,0.035378,0.253031,0.13113,-5.284591,0.213898,-0.789597,-0.032043,16.423304,330.36924,395.82752,-6.256042,1327.8076,1287.9972,70.866072,1751.9858,1725.2518,51.423728,0,0,0,0,0.72,-1.37,0,0
2025/07/29 00:38:00.135,n,16.308194,80.232464,0.382232,0.458881,0.097231,0.247648,0.247135,0.074361,-5.691757,0.057205,-0.788353,-0.028709,16.413558,330.42304,396.06984,-6.508606,1322.6932,1303.149,38.034196,1746.162,1731.6098,24.339268,0,0,0,0,0.78,-1.35,0,0
2025/07/29 00:39:00.136,n,16.32777,80.202432,0.313704,0.342638,0.025897,0.247648,0.265081,0.082906,-5.481607,0.2425,-0.791542,-0.03257,16.407068,330.11152,395.69136,-6.483079,1410.6548,1369.9968,34.47608,1829.0478,1786.464,35.008572,0,0,0,0,0.72,-1.33,0,0
2025/07/29 00:40:00.135,n,16.267224,80.521568,0.592383,0.57487,0.07263,0.175353,0.21791,0.093517,-5.271456,0.185295,-0.786827,-0.030289,16.39292,330.44144,395.81596,-6.21329,1409.5044,1374.9314,37.480664,1855.1572,1813.6036,24.584548,0,0,0,0,0.75,-1.37,0,0
2025/07/29 00:41:00.136,n,16.265564,80.515272,0.313704,0.3368,0.061628,0.070757,0.21791,0.100906,-5.271456,0.156693,-0.790298,-0.027664,16.383174,330.08756,395.99548,-6.190783,1156.0912,1250.2628,85.344008,1619.871,1700.8444,73.061616,0,0,0,0,0.69,-1.31,0,0
2025/07/29 00:42:00.136,n,16.222988,80.840368,0.382232,0.353805,0.051666,0.141513,0.170482,0.060881,-5.166382,0.213898,-0.792244,-0.031685,16.373458,329.8657,395.5848,-6.140838,1138.9326,1123.9218,17.172654,1593.3788,1580.2138,16.804762,0,0,0,0,0.71,-1.37,0,0
2025/07/29 00:43:00.135,n,16.25082,80.649456,0.453805,0.412181,0.092046,0.318404,0.188171,0.09378,-5.363397,0.171616,-0.797379,-0.035187,16.361494,329.35568,395.20796,-6.297205,1436.7568,1275.7952,111.76046,1861.2582,1712.2226,100.9812,0,0,0,0,0.74,-1.36,0,0
2025/07/29 00:44:00.136,n,16.290128,80.684168,0.348729,0.441622,0.071661,0.141513,0.2115,0.101901,-5.468472,0.057205,-0.794365,-0.026962,16.349562,329.55072,395.87272,-6.29308,1493.5156,1471.0952,37.886672,1937.18,1900.2982,44.483704,0,0,0,0,0.73,-1.37,0,0
2025/07/29 00:45:00.138,n,16.255704,80.554768,0.208628,0.2901,0.097949,0.106135,0.111775,0.075341,-5.494741,0.113789,-0.795074,-0.03537,16.339782,329.43558,395.07228,-6.368234,1169.0322,1261.7124,88.25984,1666.517,1727.3402,69.845544,0,0,0,0,0.73,-1.34,0,0
2025/07/29 00:46:00.135,n,16.219716,80.864008,0.453805,0.383247,0.123166,0.141513,0.152793,0.061725,-5.4028,0.199596,-0.797379,-0.031517,16.317058,329.11118,395.28936,-6.368258,1359.7798,1316.9106,92.929008,1815.6776,1751.1342,83.287456,0,0,0,0,0.74,-1.3,0,0
2025/07/29 00:47:00.135,n,16.265564,80.677872,0.523855,0.453043,0.054267,0.141513,0.129464,0.072881,-5.166382,0.314007,-0.795609,-0.025208,16.314874,329.25238,395.8378,-6.250789,1262.4692,1247.902,20.59126,1739.1302,1713.3028,23.924882,0,0,0,0,0.76,-1.29,0,0
2025/07/29 00:48:00.135,n,16.286854,80.523136,0.068528,0.225887,0.095755,0.106135,0.099982,0.056265,-5.074441,0.413494,-0.794724,-0.030289,16.306202,329.28128,395.33888,-6.25237,1093.9126,1112.9132,25.524498,1560.4784,1586.2114,27.788486,0,0,0,0,0.73,-1.34,0,0
2025/07/29 00:49:00.135,n,16.25409,80.627336,0.382232,0.307105,0.094336,0.070757,0.046915,0.088114,-5.205785,0.314007,-0.798622,-0.028885,16.288794,328.84818,395.36772,-6.289529,1273.4282,1191.9668,48.168452,1724.6738,1647.5656,46.735424,0,0,0,0,0.75,-1.34,0,0
2025/07/29 00:50:00.135,n,16.222988,80.894032,0.138578,0.255329,0.162279,0.141513,0.076653,0.068662,-4.786055,0.512981,-0.800034,-0.025032,16.2975,328.77392,395.75776,-6.074038,1320.9164,1330.2968,67.88372,1779.1668,1771.808,64.544556,0,0,0,0,0.72,-1.38,0,0
2025/07/29 00:51:00.139,n,16.188516,81.121088,0.103553,0.138578,0.054261,0,0.035122,0.076949,-5.232054,0.384892,-0.798264,-0.02626,16.288794,328.87922,395.6008,-6.388948,1152.0302,1178.5724,41.50542,1626.9966,1639.4214,38.377076,0,0,0,0,0.76,-1.27,0,0
2025/07/29 00:52:00.135,n,16.193494,81.102136,0.173603,0.179441,0.046554,-0.035378,0.011793,0.096672,-5.599245,0.228199,-0.801621,-0.032211,16.279046,328.53528,395.01876,-6.596854,1496.4692,1408.1088,89.244608,1927.8276,1824.9028,93.60128,0,0,0,0,0.76,-1.35,0,0
2025/07/29 00:53:00.138,n,16.191784,81.182512,0.138578,0.10939,0.060327,-0.035378,0.011793,0.061954,-5.730589,0.185295,-0.803749,-0.033966,16.268224,328.29156,394.80336,-6.685667,1273.765,1364.725,54.25864,1756.352,1815.2764,35.071356,0,0,0,0,0.72,-1.33,0,0
2025/07/29 00:54:00.140,n,16.183632,81.281728,0.313704,0.24873,0.119659,0.035378,-0.035378,0.07751,-5.823101,0.113789,-0.801621,-0.02906,16.249804,328.37458,395.13792,-6.70945,1277.9584,1308.2308,65.45838,1763.1014,1761.8838,57.382924,0,0,0,0,0.75,-1.33,0,0
2025/07/29 00:55:00.135,n,16.173818,81.21088,0.173603,0.144669,0.080592,-0.035378,-0.041018,0.040878,-5.559842,0.171616,-0.802155,-0.029411,16.248696,328.32214,395.10048,-6.504201,1403.1274,1237.9276,101.00694,1838.2104,1695.5656,86.11156,0,0,0,0,0.72,-1.33,0,0
2025/07/29 00:56:00.135,n,16.193494,81.116296,0.138578,0.10939,0.034436,-0.283026,-0.053067,0.128048,-5.31086,0.228199,-0.806221,-0.031334,16.233506,327.88682,394.8462,-6.313946,1184.767,1251.198,89.654888,1657.1268,1717.2958,71.590496,0,0,0,0,0.73,-1.3,0,0
2025/07/29 00:57:00.135,n,16.214734,80.939736,0.277156,0.266496,0.02836,-0.070757,-0.023329,0.065487,-5.074441,0.341988,-0.806404,-0.025383,16.2248,327.82318,395.32692,-6.197449,1432.1108,1372.953,86.351608,1894.6644,1822.5236,86.507808,0,0,0,0,0.75,-1.37,0,0
2025/07/29 00:58:00.135,n,16.208192,81.028016,0.313704,0.348222,0.030649,-0.141513,-0.041018,0.081716,-4.838022,0.427795,-0.803398,-0.024338,16.230276,328.1134,395.44992,-6.044878,1335.751,1296.1102,30.656158,1802.182,1764.319,25.510782,0,0,0,0,0.74,-1.32,0,0
2025/07/29 00:59:00.135,n,16.22953,80.894032,0.348729,0.249237,0.094972,0.070757,-0.017689,0.076698,-5.074441,0.442097,-0.807823,-0.03064,16.221604,327.6828,394.84244,-6.293721,1337.0946,1357.9646,38.925572,1815.2674,1811.4254,36.337308,0,0,0,0,0.71,-1.32,0,0
2025/07/29 01:00:07.036,n,16.114784,81.384168,0.208628,0.185024,0.097949,-0.104597,-0.046915,0.042424,-5.455338,0.171616,-0.809586,-0.025558,16.210702,327.47048,395.23384,-6.410981,1252.6356,1200.8512,50,1699.8002,1675.6932,37.571268,0,0,0,0,0.7,-1.36,0,0
2025/07/29 01:01:00.138,n,16.10165,81.54784,0.348729,0.126903,0.161755,-0.104597,-0.088189,0.096833,-5.350263,0.228199,-0.81366,-0.030289,16.20092,327.06442,394.76012,-6.361833,1417.4306,1307.0302,109.82806,1859.8002,1756.741,90.950536,0,0,0,0,0.75,-1.34,0,0
2025/07/29 01:02:00.138,n,16.173818,81.469128,0,0.126649,0.136792,-0.070757,-0.105622,0.031653,-5.428498,0.256802,-0.81189,-0.03064,16.202028,327.22358,394.735,-6.46655,1148.3358,1220.5992,82.634136,1630.267,1700.839,69.308008,0,0,0,0,0.65,-1.34,0,0
2025/07/29 01:03:00.139,n,16.255704,81.017032,0,0.115989,0.127702,-0.104597,-0.017433,0.076345,-5.035038,0.442097,-0.81543,-0.026779,16.193358,326.86976,395.0302,-6.265785,1303.373,1309.2124,58.403768,1769.0248,1768.3568,35.383612,0,0,0,0,0.64,-1.36,0,0
2025/07/29 01:04:00.135,n,16.095154,81.538416,0,-0.035279,0.085297,-0.176891,-0.070757,0.059199,-5.494741,0.384892,-0.813843,-0.035187,16.182502,326.94732,394.22384,-6.658289,1394.3636,1386.3314,32.028114,1837.0238,1835.9076,17.2974,0,0,0,0,0.74,-1.34,0,0
2025/07/29 01:05:00.136,n,16.037732,81.898624,0.103553,0.074365,0.166385,-0.283026,-0.123568,0.083037,-5.652354,0.199596,-0.811188,-0.034492,16.166218,327.08764,394.19616,-6.628646,1462.3916,1436.48,45.115408,1921.5058,1878.9984,48.336324,0,0,0,0,0.67,-1.31,0,0
2025/07/29 01:06:00.135,n,16.170544,81.21088,-0.105076,0.092639,0.147256,-0.104597,-0.116902,0.019063,-5.547279,0.356911,-0.808708,-0.030991,16.166218,327.30212,394.50716,-6.681907,1194.4154,1220.684,36.1054,1678.6834,1706.4076,31.2474,0,0,0,0,0.71,-1.36,0,0
2025/07/29 01:07:00.135,n,16.1246,81.384168,-0.036548,0.068781,0.091103,-0.070757,-0.13536,0.087587,-5.507876,0.314007,-0.809586,-0.032387,16.158608,327.18432,394.34124,-6.599081,1243.3286,1319.7372,52.761732,1742.6406,1787.223,40.104864,0,0,0,0,0.73,-1.3,0,0
2025/07/29 01:08:00.136,n,16.208192,81.297504,0.033502,0.028172,0.136705,-0.176891,-0.141,0.083984,-5.140113,0.527905,-0.806221,-0.023979,16.158608,327.47538,395.08796,-6.450259,1234.2256,1275.3354,34.394768,1735.4964,1752.1094,23.63895,0,0,0,0,0.74,-1.29,0,0
2025/07/29 01:09:00.137,n,16.190174,81.237632,-0.036548,-0.030203,0.127611,-0.070757,-0.117928,0.088564,-5.323994,0.485001,-0.811714,-0.029411,16.151012,326.95844,394.56376,-6.591298,1202.167,1232.3358,62.361848,1695.373,1709.1988,45.31666,0,0,0,0,0.7,-1.37,0,0
2025/07/29 01:10:00.137,n,16.15741,81.607656,0.103553,0.045177,0.130427,-0.070757,-0.182275,0.071968,-5.652354,0.285404,-0.809769,-0.024681,16.133652,327.03138,394.88848,-6.722846,1444.9188,1346.748,109.11738,1902.7342,1796.173,99.049488,0,0,0,0,0.71,-1.38,0,0
2025/07/29 01:11:00.139,n,16.191784,81.3684,0.243654,0.028172,0.164409,-0.176891,-0.123824,0.043329,-5.507876,0.37059,-0.808876,-0.023109,16.129302,327.08478,395.00428,-6.664233,1381.411,1322.841,75.36976,1845.9354,1789.7042,56.402128,0,0,0,0,0.76,-1.35,0,0
2025/07/29 01:12:00.141,n,16.17875,81.273864,-0.105076,-0.117512,0.052941,-0.316866,-0.241239,0.102989,-5.258322,0.58511,-0.811363,-0.028191,16.130408,326.87568,394.55904,-6.626605,1385.1576,1277.6002,91.517208,1825.2494,1737.0566,69.81404,0,0,0,0,0.74,-1.36,0,0
2025/07/29 01:13:00.135,n,16.08368,81.791688,0.033502,-0.088324,0.0927,-0.283026,-0.264568,0.06578,-5.415935,0.427795,-0.81189,-0.029938,16.11305,326.73484,394.30856,-6.625682,1377.4496,1313.1136,78.84288,1841.4902,1773.3764,65.234964,0,0,0,0,0.74,-1.35,0,0
2025/07/29 01:14:00.135,n,16.095154,81.73036,-0.105076,-0.03604,0.072891,-0.247648,-0.229446,0.07292,-5.599245,0.356911,-0.813309,-0.026962,16.106514,326.57624,394.537,-6.742502,1173.2822,1207.814,47.853944,1666.8716,1695.0328,32.471528,0,0,0,0,0.71,-1.38,0,0
2025/07/29 01:15:00.135,n,16.116444,81.75712,-0.105076,-0.152791,0.092729,-0.176891,-0.21791,0.052114,-5.4028,0.384892,-0.812775,-0.031517,16.098886,326.58056,394.09056,-6.568949,1432.2246,1326.9692,77.303296,1879.164,1786.883,65.525568,0,0,0,0,0.75,-1.35,0,0
2025/07/29 01:16:00.135,n,16.114784,81.51796,-0.141624,0.005076,0.168901,-0.210731,-0.228933,0.096666,-4.983071,0.470699,-0.81366,-0.022408,16.099996,326.51022,394.90584,-6.245023,1253.3828,1369.7696,94.537824,1750.5112,1847.6508,70.330648,0,0,0,0,0.71,-1.37,0,0
2025/07/29 01:17:00.135,n,16.150868,81.499064,0.138578,-0.082487,0.178974,-0.352244,-0.241239,0.068296,-4.916828,0.555885,-0.816673,-0.028358,16.106514,326.28522,394.413,-6.261029,1359.2182,1292.8732,81.359696,1831.123,1758.8268,66.573264,0,0,0,0,0.74,-1.34,0,0
2025/07/29 01:18:00.137,n,16.06239,81.898624,-0.105076,-0.041624,0.086674,-0.316866,-0.22919,0.069167,-5.166382,0.37059,-0.813484,-0.029938,16.101086,326.53122,394.24288,-6.320518,1180.9336,1260.9358,77.256712,1672.4238,1739.951,59.322844,0,0,0,0,0.72,-1.33,0,0
2025/07/29 01:19:00.139,n,16.070546,81.826312,0,-0.082233,0.084881,-0.387623,-0.334555,0.066187,-4.851727,0.570808,-0.812065,-0.02906,16.105424,326.67794,394.3448,-6.20554,1475.3978,1352.2912,115.97328,1925.4456,1802.733,105.19316,0,0,0,0,0.74,-1.36,0,0
2025/07/29 01:20:00.140,n,16.137734,81.2912,0.068528,-0.018782,0.048393,-0.316866,-0.264055,0.06238,-4.719813,0.698898,-0.809769,-0.016273,16.11194,326.91226,395.51604,-6.212206,1340.472,1334.061,72.899936,1828.0688,1822.4784,52.998112,0,0,0,0,0.78,-1.4,0,0
2025/07/29 01:21:00.142,n,16.283536,80.96972,-0.141624,-0.228171,0.060978,-0.210731,-0.316866,0.059199,-4.562771,0.855591,-0.815605,-0.015923,16.11517,326.42514,395.56496,-6.218045,1168.7944,1184.6212,16.093478,1656.079,1671.875,12.992306,0,0,0,0,0.74,-1.37,0,0
2025/07/29 01:22:00.135,n,16.191784,81.228168,-0.245176,-0.193146,0.061326,-0.283026,-0.270977,0.028386,-5.061878,0.769783,-0.821098,-0.027481,16.11305,325.93824,394.52676,-6.625278,1232.7274,1244.281,29.329166,1705.7586,1716.5386,20.581544,0,0,0,0,0.74,-1.33,0,0
2025/07/29 01:23:00.135,n,16.142666,81.563616,0,-0.24543,0.156502,-0.352244,-0.323275,0.040748,-5.389095,0.58511,-0.817909,-0.02906,16.109774,326.1962,394.3686,-6.763054,1432.6782,1346.8324,54.60586,1870.5278,1799.5004,40.506792,0,0,0,0,0.71,-1.35,0,0
2025/07/29 01:24:00.137,n,16.045986,81.864048,-0.385277,-0.12335,0.190825,-0.423001,-0.323532,0.06795,-5.915042,0.427795,-0.821808,-0.033966,16.101086,325.81118,393.88512,-7.130679,1222.7378,1282.7158,53.818216,1714.1722,1770.1778,41.095012,0,0,0,0,0.75,-1.34,0,0
2025/07/29 01:25:00.135,n,16.10336,81.826312,-0.315227,-0.280455,0.107932,-0.316866,-0.352244,0.038755,-5.796261,0.399815,-0.818977,-0.031517,16.095692,326.02658,394.0732,-6.983536,1375.0874,1279.5972,76.91424,1828.7166,1746.1874,61.302528,0,0,0,0,0.76,-1.37,0,0
2025/07/29 01:26:00.136,n,16.141004,81.418784,-0.036548,-0.163959,0.157183,-0.316866,-0.323275,0.056041,-5.297725,0.499302,-0.819153,-0.027481,16.093492,325.99914,394.41936,-6.588699,1461.9398,1369.9818,72.92736,1918.0404,1835.0194,59.4239,0,0,0,0,0.74,-1.32,0,0
2025/07/29 01:27:00.140,n,16.106628,81.687928,-0.105076,-0.059391,0.129801,-0.352244,-0.37019,0.072843,-5.573548,0.314007,-0.818794,-0.033791,16.08368,325.9764,393.80528,-6.672558,1300.6234,1367.2224,60.945876,1811.972,1854.0076,37.126808,0,0,0,0,0.75,-1.33,0,0
2025/07/29 01:28:00.139,n,16.137734,81.538416,-0.350252,-0.29213,0.137178,-0.247648,-0.37019,0.09116,-5.783698,0.341988,-0.815605,-0.029236,16.077208,326.21676,394.17424,-6.912055,1266.0458,1293.3808,33.867388,1751.0072,1779.0414,27.604348,0,0,0,0,0.74,-1.37,0,0
2025/07/29 01:29:00.142,n,16.116444,81.456536,-0.105076,-0.070812,0.155957,-0.283026,-0.317635,0.080002,-4.838022,0.727501,-0.81189,-0.026611,16.080452,326.55594,394.42512,-6.350801,1487.6776,1397.3862,75.2994,1964.5306,1870.2064,76.53496,0,0,0,0,0.73,-1.38,0,0
2025/07/29 01:30:07.048,n,16.180244,81.462864,0.033502,0.045431,0.064998,-0.141513,-0.264312,0.127283,-4.221277,0.984303,-0.80835,-0.012245,16.120384,327.08146,395.92024,-6.001684,1412.5106,1366.7534,24.823376,1904.2934,1861.2548,23.125744,0,0,0,0,0.72,-1.27,0,0
2025/07/29 01:31:00.136,n,16.253976,81.048512,0.593906,0.652281,0.100704,0.143051,0.1833,0.060523,-4.326352,1.084412,-0.816322,-0.020302,16.11062,326.33814,395.15108,-6.206784,1317.3876,1316.1734,54.834296,1799.7604,1815.2632,42.440548,0,0,0,0,0.71,-1.39,0,0
2025/07/29 01:32:00.135,n,16.271942,80.949152,0.41878,0.482992,0.071494,0.106135,0.112031,0.034784,-4.58904,1.041508,-0.817375,-0.02153,16.120384,326.30068,395.09564,-6.426392,1409.5334,1308.9078,96.86588,1861.7564,1783.7662,70.857608,0,0,0,0,0.69,-1.31,0,0
2025/07/29 01:33:00.136,n,16.216228,81.01536,0.698981,0.617256,0.151326,0.106135,0.135617,0.064914,-5.048172,0.770405,-0.821098,-0.026436,16.1182,325.96652,394.64784,-6.61324,1242.5096,1263.9892,62.982536,1740.9166,1755.7504,50.734604,0,0,0,0,0.73,-1.36,0,0
2025/07/29 01:34:00.137,n,16.160564,81.23132,0.41878,0.489338,0.125142,0.21227,0.171251,0.06079,-5.008769,0.784706,-0.82074,-0.02433,16.120384,326.00964,394.84696,-6.589885,1162.348,1184.0724,22.013632,1651.9528,1673.2368,17.308958,0,0,0,0,0.64,-1.31,0,0
2025/07/29 01:35:00.139,n,16.150704,81.325856,0.804057,0.611672,0.147863,0.21227,0.159715,0.101284,-5.087575,0.756104,-0.821098,-0.025032,16.119276,325.97242,394.77844,-6.639745,1354.9662,1270.7894,82.299456,1836.3112,1742.0482,72.96848,0,0,0,0,0.72,-1.33,0,0
2025/07/29 01:36:00.141,n,16.142498,81.48328,0.523855,0.471825,0.185697,0.176891,0.141513,0.054808,-4.864862,0.813309,-0.822861,-0.023109,16.116032,325.80218,394.9314,-6.477922,1280.5266,1296.1454,34.974276,1775.669,1779.3858,24.987998,0,0,0,0,0.7,-1.33,0,0
2025/07/29 01:37:00.141,n,16.211346,81.261208,0.455328,0.471825,0.075796,0.176891,0.129977,0.069152,-4.444562,0.998604,-0.817375,-0.012604,16.122554,326.3126,395.90028,-6.247937,1370.1424,1350.124,77.273536,1854.524,1818.2972,67.216072,0,0,0,0,0.81,-1.38,0,0
2025/07/29 01:38:00.144,n,16.253976,80.931816,0.663956,0.611418,0.114571,0.106135,0.094598,0.072831,-4.326352,1.112392,-0.821983,-0.01873,16.12795,325.9436,395.38584,-6.241997,1493.4158,1393.4476,66.612312,1957.4748,1868.647,57.047348,0,0,0,0,0.71,-1.32,0,0
2025/07/29 01:39:00.146,n,16.199872,81.119408,0.48883,0.442637,0.122035,0.036916,0.11844,0.057463,-4.786055,0.984303,-0.823578,-0.025558,16.130132,325.81756,394.79132,-6.568377,1418.5842,1278.5246,80.935776,1870.4874,1761.9738,61.24704,0,0,0,0,0.7,-1.38,0,0
2025/07/29 01:40:00.135,n,16.242452,80.96492,0.455328,0.419287,0.062999,0,0.065629,0.064499,-4.798619,0.82761,-0.816322,-0.019783,16.135592,326.47518,395.33424,-6.422768,1291.7528,1208.4272,58.055144,1746.7116,1706.1546,47.002128,0,0,0,0,0.71,-1.33,0,0
2025/07/29 01:41:00.136,n,16.242452,80.84348,0.48883,0.500505,0.072347,-0.03384,0.029995,0.051732,-4.864862,0.870514,-0.822861,-0.021004,16.136668,325.91546,395.23168,-6.537233,1412.282,1285.361,82.354112,1870.5006,1768.5962,62.73436,0,0,0,0,0.68,-1.34,0,0
2025/07/29 01:42:00.138,n,16.247384,81.001152,0.350252,0.442384,0.128312,0.036916,0.065629,0.052187,-4.641006,0.756104,-0.823578,-0.01873,16.139944,325.87152,395.45168,-6.201957,1341.6404,1410.2248,52.797724,1836.7062,1882.5074,36.005556,0,0,0,0,0.77,-1.39,0,0
2025/07/29 01:43:00.139,n,16.247384,80.8656,0.523855,0.425125,0.086571,0,0.030764,0.096119,-4.615309,0.82761,-0.824997,-0.020302,16.145338,325.77822,395.3416,-6.247614,1371.261,1282.8444,51.549976,1835.5718,1762.416,43.034872,0,0,0,0,0.74,-1.32,0,0
2025/07/29 01:44:00.142,n,16.176922,81.2282,0.383754,0.355074,0.117515,-0.069218,-0.011024,0.047663,-5.048172,0.670296,-0.828003,-0.028885,16.13776,325.47668,394.5378,-6.517586,1290.9822,1291.0758,23.400854,1782.4714,1774.2964,20.327322,0,0,0,0,0.73,-1.34,0,0
2025/07/29 01:45:00.143,n,16.109738,81.615552,0.383754,0.459896,0.100077,0.106135,0.053324,0.082906,-5.389666,0.499924,-0.824463,-0.028183,16.130132,325.741,394.55824,-6.68587,1398.592,1317.6796,59.147276,1858.8658,1799.8588,41.631716,0,0,0,0,0.73,-1.34,0,0
2025/07/29 01:46:00.147,n,16.078584,81.673704,0.245176,0.413703,0.141775,0.036916,0.030251,0.060493,-5.441633,0.414116,-0.824814,-0.02906,16.124738,325.68096,394.45064,-6.651502,1427.515,1412.4156,63.60346,1917.9748,1881.2762,60.981964,0,0,0,0,0.66,-1.28,0,0
2025/07/29 01:47:00.149,n,16.162178,81.488056,0.280202,0.4368,0.138898,0,0.018971,0.073439,-5.166382,0.527905,-0.821274,-0.022057,16.124738,325.98722,395.07268,-6.493503,1339.2748,1361.8064,29.478806,1837.9592,1851.4328,26.76565,0,0,0,0,0.76,-1.37,0,0
2025/07/29 01:48:00.150,n,16.0737,81.714672,0.48883,0.55888,0.049533,-0.03384,0.006922,0.078062,-5.284591,0.499924,-0.819855,-0.032387,16.121446,326.09188,394.13716,-6.571983,1313.1004,1347.7792,20.144478,1829.2184,1844.6846,11.26055,0,0,0,0,0.74,-1.36,0,0
2025/07/29 01:49:00.136,n,16.150704,81.50696,0.383754,0.4368,0.069328,0.106135,-0.017176,0.09134,-5.599245,0.45702,-0.816841,-0.028358,16.114956,326.31708,394.4594,-6.844748,1205.1638,1215.446,30.367746,1711.5694,1728.139,31.183328,0,0,0,0,0.68,-1.35,0,0
2025/07/29 01:50:00.136,n,16.072042,81.720968,0.350252,0.454312,0.088249,0.036916,0.030251,0.026849,-5.362826,0.399193,-0.814186,-0.028183,16.102994,326.48108,394.40932,-6.548022,1452.3114,1313.2168,90.116592,2190.346,1838.3012,180.47936,0,0,0,0,0.72,-1.29,0,0
2025/07/29 01:51:00.139,n,16.076974,81.656424,0.55888,0.332232,0.164625,-0.069218,-0.028713,0.052187,-5.113844,0.485001,-0.809769,-0.019257,16.095416,326.82166,395.16052,-6.389357,1373.6986,1332.8086,49.7996,1870.2652,1897.2412,87.6242,0,0,0,0,0.73,-1.32,0,0
2025/07/29 01:52:00.142,n,16.098264,81.70364,0.383754,0.395937,0.132162,0.070757,-0.01692,0.052946,-5.021903,0.499924,-0.812241,-0.028358,16.089968,326.57786,394.3222,-6.305709,1419.8094,1362.7944,69.50252,1901.2388,1851.4948,53.807064,0,0,0,0,0.74,-1.33,0,0
2025/07/29 01:53:00.144,n,16.070432,81.706768,0.07005,0.227156,0.100698,-0.069218,-0.069475,0.058834,-5.323423,0.356911,-0.810822,-0.031342,16.083466,326.66492,394.02156,-6.459814,1257.454,1287.7984,38.034196,1749.4636,1779.288,27.13669,0,0,0,0,0.7,-1.33,0,0
2025/07/29 01:54:00.146,n,16.029416,81.928488,0.350252,0.338323,0.072154,-0.069218,-0.064091,0.057353,-5.415935,0.371212,-0.814011,-0.034142,16.075856,326.34736,393.73124,-6.567016,1306.3376,1292.2168,28.316072,1790.399,1776.529,17.9555,0,0,0,0,0.74,-1.35,0,0
2025/07/29 01:55:00.148,n,15.996602,82.096704,0.523855,0.389846,0.138834,-0.03384,-0.027944,0.034784,-5.455338,0.371212,-0.80941,-0.02713,16.068228,326.7035,394.31208,-6.60883,1376.1902,1335.5216,38.997436,1844.502,1815.2568,23.874672,0,0,0,0,0.71,-1.33,0,0
2025/07/29 01:56:00.150,n,15.96877,82.380984,0.175126,0.314719,0.168009,-0.069218,-0.034609,0.062947,-5.664917,0.228199,-0.810822,-0.035713,16.05633,326.51608,393.48448,-6.668225,1288.0008,1357.8918,59.370024,1791.939,1839.975,40.40792,0,0,0,0,0.73,-1.35,0,0
2025/07/29 01:57:00.151,n,15.97038,82.365312,0.313704,0.279186,0.09645,-0.069218,-0.081267,0.053403,-5.783127,0.185917,-0.809235,-0.03624,16.046516,326.59946,393.38384,-6.742038,1334.3484,1349.2986,39.77688,1832.734,1836.002,31.99375,0,0,0,0,0.76,-1.35,0,0
2025/07/29 01:58:00.137,n,15.960518,82.37624,0.48883,0.337816,0.135169,-0.069218,-0.063578,0.046601,-5.70432,0.128712,-0.80587,-0.031158,16.035694,326.8312,393.7758,-6.607744,1348.8274,1326.6228,53.579844,1845.6462,1816.741,38.672988,0,0,0,0,0.75,-1.34,0,0
2025/07/29 01:59:00.139,n,15.981904,82.187768,0.55888,0.407358,0.126469,0,-0.052042,0.037114,-5.559842,0.328308,-0.812424,-0.030106,16.023714,326.19852,393.80356,-6.670468,1396.264,1406.3252,31.35921,1887.5754,1886.1226,25.0998,0,0,0,0,0.69,-1.37,0,0
2025/07/29 02:00:07.057,n,16.101532,81.576192,0.313704,0.407612,0.065164,0.106135,-0.023329,0.088155,-4.601603,0.727501,-0.81012,-0.019783,16.030236,326.43366,394.75612,-6.119441,1411.097,1349.027,50.894008,1888.2814,1844.8538,31.304952,0,0,0,0,0.72,-1.35,0,0
2025/07/29 02:01:00.134,n,16.081856,81.654864,0.383754,0.332232,0.056999,-0.069218,-0.104853,0.044755,-4.654711,0.870514,-0.814545,-0.028183,16.026992,326.03296,393.9922,-6.311587,1418.1288,1374.7364,84.035704,1905.4484,1854.7358,64.686936,0,0,0,0,0.74,-1.35,0,0
2025/07/29 02:02:00.134,n,16.02121,81.854616,0.280202,0.314212,0.139645,0,-0.052811,0.07329,-5.232054,0.655994,-0.814369,-0.025032,16.02153,326.01818,394.24212,-6.677385,1271.8044,1300.308,52.754148,1780.1124,1791.8224,37.884032,0,0,0,0,0.74,-1.3,0,0
2025/07/29 02:03:00.136,n,16.060566,81.849928,0.208628,0.331978,0.110931,0,-0.02256,0.017475,-5.49417,0.499924,-0.81012,-0.029579,16.016136,326.35632,393.8088,-6.774634,1357.1,1330.3234,57.962056,1834.5294,1810.07,42.114132,0,0,0,0,0.78,-1.35,0,0
2025/07/29 02:04:00.221,n,16.02121,81.977224,0.105076,0.314719,0.179371,-0.106135,-0.046915,0.073129,-5.153247,0.655994,-0.813309,-0.028358,16.010676,326.05054,393.88728,-6.594192,1273.6912,1300.5146,68.349104,1766.7296,1796.0372,54.040724,0,0,0,0,0.75,-1.34,0,0
2025/07/29 02:05:00.137,n,15.950704,82.277368,0.350252,0.273856,0.084197,-0.139975,-0.098957,0.06444,-5.664917,0.385513,-0.810822,-0.032211,16.002006,326.21814,393.49756,-6.829041,1525.7668,1390.7776,117.68092,1984.2458,1852.1738,104.4203,0,0,0,0,0.76,-1.33,0,0
2025/07/29 02:06:00.138,n,16.017942,81.909648,0.383754,0.425378,0.074353,-0.069218,-0.122286,0.043329,-5.533573,0.428417,-0.811714,-0.029236,15.992226,326.08722,393.70812,-6.744469,1498.3666,1428.2888,52.201536,1978.3272,1925.1154,35.490844,0,0,0,0,0.73,-1.34,0,0
2025/07/29 02:07:00.135,n,15.953976,82.153248,0.280202,0.425125,0.104238,-0.106135,-0.052555,0.079626,-5.586682,0.385513,-0.814896,-0.028709,15.980294,325.74656,393.68944,-6.758382,1310.577,1346.7652,35.958308,1819.8,1851.5682,27.39343,0,0,0,0,0.77,-1.36,0,0
2025/07/29 02:08:00.135,n,15.988446,81.958376,0.280202,0.331724,0.098014,-0.139975,-0.0987,0.060936,-5.126979,0.570808,-0.813309,-0.020302,15.981372,325.8899,394.44212,-6.490794,1533.6702,1470.094,84.008328,2017.7062,1941.1304,80.662264,0,0,0,0,0.7,-1.35,0,0
2025/07/29 02:09:00.135,n,15.975312,81.985128,0.523855,0.360912,0.102526,-0.069218,-0.099982,0.015071,-5.350263,0.485001,-0.817909,-0.030464,15.974834,325.45596,393.50368,-6.622709,1401.6454,1458.332,43.997728,1918.7794,1944.8388,32.02499,0,0,0,0,0.71,-1.35,0,0
2025/07/29 02:10:00.135,n,15.986786,81.901832,0.455328,0.419541,0.088611,-0.069218,-0.09306,0.082368,-5.192651,0.556507,-0.817024,-0.028183,15.962872,325.46692,393.64068,-6.537999,1417.9862,1335.9054,66.676836,1907.654,1832.1132,54.91448,0,0,0,0,0.74,-1.34,0,0
2025/07/29 02:11:00.135,n,15.89167,82.509696,0.208628,0.366749,0.11448,-0.106135,-0.152537,0.05702,-5.63922,0.328308,-0.820206,-0.036064,15.957446,325.1621,392.91112,-6.751669,1244.4006,1297.8888,38.853572,1746.7652,1799.6208,32.502308,0,0,0,0,0.73,-1.34,0,0
2025/07/29 02:12:00.135,n,15.791574,82.890744,0.140101,0.127918,0.081286,-0.069218,-0.134078,0.056679,-6.045814,0.171616,-0.820923,-0.035889,15.946606,325.04052,392.86716,-7.002464,1321.2634,1315.883,51.232804,1809.5206,1791.3422,42.44526,0,0,0,0,0.73,-1.33,0,0
2025/07/29 02:13:00.135,n,15.806366,82.991872,0.175126,0.320557,0.10224,-0.281488,-0.145871,0.087854,-5.626085,0.271103,-0.817024,-0.034317,15.929182,325.28228,392.91128,-6.679895,1484.1532,1371.0948,82.877016,1948.2374,1848.6964,70.319272,0,0,0,0,0.72,-1.36,0,0
2025/07/29 02:14:00.136,n,15.824432,82.735576,0.105076,0.110913,0.051556,-0.175353,-0.134078,0.034784,-5.468472,0.271103,-0.816666,-0.03186,15.916178,325.2421,393.05824,-6.52438,1287.4768,1369.0778,49.0999,1796.6856,1862.6352,38.719504,0,0,0,0,0.7,-1.29,0,0
2025/07/29 02:15:00.138,n,15.86379,82.701008,0.140101,0.064213,0.051556,-0.175353,-0.187146,0.036538,-5.31086,0.328308,-0.816666,-0.034317,15.916178,325.2421,392.84004,-6.421517,1256.4876,1283.8332,24.074882,1756.4844,1774.2104,16.577094,0,0,0,0,0.74,-1.31,0,0
2025/07/29 02:16:00.135,n,15.78996,82.964432,0.313704,0.273856,0.051077,-0.210731,-0.187146,0.018269,-5.507876,0.200218,-0.817375,-0.033791,15.903122,325.10916,392.81524,-6.491678,1465.5188,1330.4494,86.265872,1930.8922,1815.1016,72.396136,0,0,0,0,0.73,-1.33,0,0
2025/07/29 02:17:00.135,n,15.748944,83.190064,0.105076,0.221826,0.112227,-0.175353,-0.204835,0.052075,-5.481036,0.171616,-0.812775,-0.032562,15.8901,325.43598,392.85316,-6.432864,1414.722,1451.4908,39.9875,1919.0392,1930.981,40.174616,0,0,0,0,0.74,-1.34,0,0
2025/07/29 02:18:00.136,n,15.811298,82.922144,0.140101,0.238831,0.111362,-0.281488,-0.216628,0.041359,-5.586682,0.171616,-0.814186,-0.036064,15.88464,325.28394,392.51224,-6.53642,1412.6248,1363.4858,61.789968,1902.6168,1854.2782,44.783924,0,0,0,0,0.72,-1.37,0,0
2025/07/29 02:19:00.136,n,15.8195,82.917408,0.350252,0.221572,0.109761,-0.139975,-0.152024,0.028386,-5.848799,0.028603,-0.814896,-0.035889,15.869432,325.13934,392.4446,-6.656408,1563.2952,1478.8812,67.244328,2036.8218,1953.7176,60.916336,0,0,0,0,0.74,-1.35,0,0
2025/07/29 02:20:00.135,n,15.762082,83.028056,0.245176,0.157106,0.075514,-0.210731,-0.205091,0.07179,-5.678622,-0.027981,-0.811714,-0.030289,15.849874,325.30744,392.83484,-6.432067,1546.6634,1461.962,80.69944,2009.9802,1942.6802,61.478452,0,0,0,0,0.68,-1.3,0,0
2025/07/29 02:21:00.136,n,15.783418,82.884496,0.523855,0.372587,0.114363,-0.106135,-0.181506,0.051624,-5.520439,0.042904,-0.81012,-0.035538,15.845524,325.42148,392.3448,-6.337925,1529.4144,1525.587,33.06055,2030.669,2007.267,31.849648,0,0,0,0,0.72,-1.37,0,0
2025/07/29 02:22:00.136,n,15.844112,82.611648,0.208628,0.238324,0.09191,-0.281488,-0.234317,0.069567,-4.890559,0.45702,-0.812958,-0.030106,15.845524,325.17596,392.8272,-6.130431,1221.322,1263.2064,63.686732,1740.55,1795.0184,60.995084,0,0,0,0,0.73,-1.37,0,0
2025/07/29 02:23:00.138,n,15.722676,83.273416,0.280202,0.285278,0.060068,-0.24611,-0.204835,0.052075,-5.572976,0.11441,-0.811714,-0.039749,15.832486,325.21222,391.8994,-6.459352,1397.9066,1279.181,68.745912,1865.2868,1777.504,50.011996,0,0,0,0,0.72,-1.36,0,0
2025/07/29 02:24:00.141,n,15.665254,83.711792,0.383754,0.238831,0.121619,-0.210731,-0.199195,0.076048,-5.664917,0.014923,-0.809944,-0.033791,15.820506,325.29972,392.36296,-6.455994,1410.3436,1350.6036,58.615696,1888.7648,1846.086,39.562608,0,0,0,0,0.73,-1.32,0,0
2025/07/29 02:25:00.135,n,15.57497,83.95032,0.07005,0.27944,0.119115,-0.210731,-0.199195,0.069152,-6.006411,-0.241879,-0.811356,-0.042198,15.802074,325.07672,391.5154,-6.53369,1298.3572,1348.3236,30.01333,1825.8966,1860.8548,18.4716,0,0,0,0,0.74,-1.33,0,0
2025/07/29 02:26:00.135,n,15.573312,84.110328,0.035025,0.081472,0.075147,-0.281488,-0.240213,0.052075,-6.164024,-0.356289,-0.81012,-0.037468,15.784666,325.08848,391.84036,-6.580386,1463.97,1401.6,72.681496,1958.4518,1888.1596,63.532668,0,0,0,0,0.74,-1.33,0,0
2025/07/29 02:27:00.135,n,15.558514,84.168336,0.140101,0.040863,0.078057,-0.281488,-0.316866,0.080675,-5.861933,-0.185295,-0.80835,-0.037117,15.768322,325.15214,391.78204,-6.447871,1512.5926,1434.1264,53.628348,1982.9532,1927.0868,37.603192,0,0,0,0,0.71,-1.35,0,0
2025/07/29 02:28:00.135,n,15.561788,84.10252,0.245176,0.169288,0.111679,-0.210731,-0.275592,0.047023,-5.91447,-0.185295,-0.806046,-0.039566,15.745472,325.22656,391.43968,-6.495655,1540.787,1511.8854,20.904544,2035.9474,2003.8666,25.502942,0,0,0,0,0.75,-1.34,0,0
2025/07/29 02:29:00.135,n,15.51257,84.220096,-0.105076,-0.035025,0.096558,-0.387623,-0.334555,0.085934,-5.730589,-0.113789,-0.80587,-0.041145,15.73791,325.20038,391.25804,-6.381525,1399.534,1394.974,41.9738,1903.5392,1909.3204,30.179462,0,0,0,0,0.75,-1.33,0,0
2025/07/29 02:30:07.048,n,15.538838,84.135432,0.07005,-0.02335,0.103111,-0.423001,-0.346348,0.047023,-5.91447,-0.185295,-0.80304,-0.040443,15.720488,325.34998,391.22512,-6.491771,1297.6034,1298.7732,34.591908,1805.342,1812.8204,34.011764,0,0,0,0,0.71,-1.33,0,0
2025/07/29 02:31:00.137,n,15.51257,84.199728,0.105076,0.098984,0.074398,-0.281488,-0.352244,0.059199,-6.177158,-0.356289,-0.799683,-0.037994,15.703082,325.54526,391.34752,-6.582557,1557.2156,1523.5954,49.436828,2062.738,2008.3544,54.284436,0,0,0,0,0.76,-1.37,0,0
2025/07/29 02:32:00.139,n,15.51584,84.12756,0.07005,-0.075634,0.111314,-0.387623,-0.399159,0.072532,-5.757429,-0.271103,-0.800911,-0.03817,15.683492,325.3319,391.22484,-6.249067,1293.3796,1338.1548,36.29876,1813.3614,1857.6212,30.783112,0,0,0,0,0.75,-1.31,0,0
2025/07/29 02:33:00.142,n,15.479706,84.215408,0.140101,-0.023096,0.129991,-0.352244,-0.37583,0.053264,-5.953873,-0.299084,-0.80304,-0.042549,15.672606,325.08826,390.7764,-6.41528,1399.933,1289.6896,57.57604,1869.9772,1798.817,39.486704,0,0,0,0,0.75,-1.4,0,0
2025/07/29 02:34:00.135,n,15.578244,83.93308,-0.208628,-0.133502,0.088982,-0.458379,-0.45197,0.078248,-5.49417,-0.099487,-0.80304,-0.037468,15.6552,324.99322,391.13264,-6.160254,1239.8436,1247.3342,15.388308,1741.5894,1755.961,18.952572,0,0,0,0,0.73,-1.32,0,0
2025/07/29 02:35:00.134,n,15.506024,84.035088,0.07005,-0.017513,0.100907,-0.527598,-0.44633,0.065487,-5.901336,-0.313385,-0.804283,-0.043602,15.63892,324.79664,390.49884,-6.348632,1364.3114,1324.3278,48.573656,1869.6632,1820.714,42.576988,0,0,0,0,0.72,-1.34,0,0
2025/07/29 02:36:00.139,n,15.446846,84.26556,-0.208628,-0.040609,0.099578,-0.458379,-0.458123,0.049599,-5.757429,-0.213276,-0.805695,-0.039749,15.623682,324.5913,390.7578,-6.310098,1306.9916,1334.25,46.270944,1829.483,1845.4062,36.210496,0,0,0,0,0.74,-1.36,0,0
2025/07/29 02:37:00.135,n,15.402558,84.592896,-0.208628,-0.162943,0.100424,-0.352244,-0.499398,0.084595,-6.150889,-0.598789,-0.806046,-0.042892,15.602952,324.44782,390.36552,-6.315253,1296.225,1265.0302,25.744902,1791.793,1781.2836,17.41264,0,0,0,0,0.74,-1.34,0,0
2025/07/29 02:38:00.135,n,15.40744,84.4802,0.105076,-0.005838,0.149286,-0.493757,-0.487605,0.034421,-6.03268,-0.327686,-0.809235,-0.042549,15.588856,324.09498,390.31904,-6.471679,1439.6526,1443.6772,22.649504,1965.174,1938.025,30.305114,0,0,0,0,0.73,-1.33,0,0
2025/07/29 02:39:00.137,n,15.371308,84.544368,-0.105076,-0.017513,0.079098,-0.527598,-0.44633,0.065487,-6.597459,-0.527283,-0.80658,-0.042366,15.56705,324.20554,390.2162,-6.834389,1265.7546,1331.6578,61.851436,1784.6686,1849.7662,49.955984,0,0,0,0,0.74,-1.34,0,0
2025/07/29 02:40:00.140,n,15.450214,84.188696,-0.245176,-0.116497,0.147713,-0.670649,-0.557849,0.075535,-6.111486,-0.284782,-0.805512,-0.034668,15.547496,324.19116,390.79308,-6.597547,1547.1356,1487.6098,88.1442,2051.0974,1971.4238,83.510472,0,0,0,0,0.71,-1.37,0,0
2025/07/29 02:41:00.142,n,15.46753,84.059952,-0.175126,-0.134263,0.100093,-0.564514,-0.575794,0.017475,-5.21949,0.37059,-0.806595,-0.0289,15.559212,324.1614,391.36928,-6.367775,1432.7214,1410.6642,22.812276,1949.4118,1931.7822,15.722596,0,0,0,0,0.73,-1.34,0,0
2025/07/29 02:42:00.149,n,15.419872,84.467568,0.662433,0.49416,0.106532,0.352244,0.37583,0.028886,-5.692328,0.156693,-0.808716,-0.038177,15.54073,323.87714,390.4446,-6.619559,1394.474,1271.0524,62.459588,1864.1796,1790.5552,42.72704,0,0,0,0,0.74,-1.34,0,0
2025/07/29 02:43:00.135,n,15.533254,84.16664,0.383754,0.389846,0.067481,0.352244,0.369934,0.058133,-5.704891,0.284782,-0.803055,-0.020836,15.53092,324.31324,391.93108,-6.771893,1408.976,1371.5826,28.028556,1896.0024,1876.142,18.825514,0,0,0,0,0.71,-1.34,0,0
2025/07/29 02:44:00.136,n,15.557862,83.623616,0.313704,0.377917,0.074848,0.352244,0.369934,0.058133,-5.311431,0.570187,-0.809952,-0.027847,15.51896,323.65134,391.24312,-6.663722,1469.5106,1365.7404,60.2279,1946.3106,1876.3994,42.298936,0,0,0,0,0.74,-1.33,0,0
2025/07/29 02:45:00.137,n,15.483936,84.174456,0.383754,0.383754,0.095675,0.352244,0.316866,0.031643,-5.796832,0.356289,-0.809776,-0.029419,15.503722,323.5835,391.02048,-6.933478,1359.3998,1430.8402,75.852488,1879.9512,1935.2238,54.394852,0,0,0,0,0.72,-1.33,0,0
2025/07/29 02:46:00.136,n,15.426464,84.315568,0.383754,0.459642,0.092447,0.24611,0.234317,0.028886,-5.612951,0.341988,-0.816856,-0.035202,15.48956,322.89376,390.42964,-6.736593,1339.3558,1347.7792,34.20234,1864.1538,1865.9838,22.351734,0,0,0,0,0.74,-1.35,0,0
2025/07/29 02:47:00.136,n,15.369484,84.724304,0.280202,0.395683,0.097876,0.139975,0.246622,0.070453,-5.494741,0.228199,-0.809425,-0.023994,15.477566,323.47116,391.35956,-6.508371,1342.472,1345.4048,47.012764,1858.3212,1858.8612,33.262592,0,0,0,0,0.64,-1.34,0,0
2025/07/29 02:48:00.139,n,15.395658,84.50204,0.523855,0.418272,0.157658,0.316866,0.275592,0.060936,-4.930534,0.655373,-0.81527,-0.025917,15.476476,322.95966,391.18284,-6.375259,1390.5542,1372.9746,32.912002,1917.5942,1889.695,30.899838,0,0,0,0,0.74,-1.36,0,0
2025/07/29 02:49:00.141,n,15.400146,84.426792,0.280202,0.366496,0.116465,0.24611,0.252775,0.051346,-5.323994,0.570187,-0.817925,-0.027847,15.46562,322.67074,390.95216,-6.684258,1528.1982,1445.6416,98.064264,2034.2988,1951.7484,81.459192,0,0,0,0,0.74,-1.33,0,0
2025/07/29 02:50:00.143,n,15.40342,84.440856,0.280202,0.453297,0.135382,0.21227,0.240726,0.107808,-5.534144,0.427174,-0.816856,-0.031517,15.454736,322.70386,390.567,-6.746657,1462.0238,1445.714,37.496664,1987.9278,1972.2702,23.63049,0,0,0,0,0.72,-1.33,0,0
2025/07/29 02:51:00.146,n,15.374462,84.592808,0.313704,0.453551,0.088248,0.352244,0.24611,0.067126,-5.586682,0.384892,-0.81916,-0.031174,15.442758,322.43918,390.53212,-6.75956,1432.9452,1443.7468,33.814196,1967.8124,1970.039,24.996,0,0,0,0,0.72,-1.34,0,0
2025/07/29 02:52:00.135,n,15.33677,84.570888,0.280202,0.465226,0.117555,0.24611,0.252262,0.051835,-5.704891,0.25618,-0.824478,-0.036598,15.430764,321.91382,389.985,-6.748951,1426.4042,1448.2634,40.082416,1973.7426,1974.894,32.784142,0,0,0,0,0.72,-1.34,0,0
2025/07/29 02:53:00.135,n,15.33677,84.730552,0.138578,0.232486,0.07562,0.106135,0.22278,0.08228,-5.63979,0.313385,-0.819511,-0.025215,15.422062,322.29602,390.94852,-6.747472,1338.2734,1341.1346,15.588458,1870.9024,1876.7286,15.78607,0,0,0,0,0.71,-1.3,0,0
2025/07/29 02:54:00.136,n,15.38096,84.536464,0.348729,0.366496,0.090368,0.21227,0.228933,0.079353,-5.272028,0.512981,-0.82235,-0.026619,15.413326,322.00292,390.77624,-6.58074,1534.3808,1455.7828,75.797096,2046.3666,1969.9154,65.228828,0,0,0,0,0.71,-1.34,0,0
2025/07/29 02:55:00.138,n,15.343312,84.503552,0.48883,0.430708,0.084291,0.139975,0.169713,0.072394,-5.350834,0.384892,-0.829262,-0.032745,15.403516,321.35148,390.17864,-6.532242,1519.3926,1454.8326,48.126916,2030.4908,1983.8388,35.247696,0,0,0,0,0.74,-1.34,0,0
2025/07/29 02:56:00.139,n,15.286038,84.83544,0.208628,0.220557,0.048228,0.175353,0.164073,0.06582,-5.928176,0.156693,-0.827843,-0.03643,15.387204,321.38544,389.7626,-6.876281,1407.1972,1418.7784,51.565492,1944.9024,1946.7412,34.041152,0,0,0,0,0.72,-1.34,0,0
2025/07/29 02:57:00.141,n,15.218946,85.187248,0.523855,0.360658,0.107536,0.069218,0.093317,0.048492,-5.718597,0.170994,-0.830498,-0.034851,15.37412,321.08444,389.83152,-6.685237,1414.8602,1381.4586,37.151044,1945.523,1919.8848,24.79516,0,0,0,0,0.74,-1.34,0,0
2025/07/29 02:58:00.144,n,15.17637,85.388808,0.453805,0.319795,0.147333,0.069218,0.116902,0.048192,-5.796832,0.156693,-0.828903,-0.028717,15.36105,321.15124,390.30516,-6.753711,1395.7744,1383.3982,19.849434,1936.436,1927.2754,19.204166,0,0,0,0,0.71,-1.33,0,0
2025/07/29 02:59:00.145,n,15.16333,85.240416,0.280202,0.278933,0.141843,0.069218,0.099469,0.047147,-5.600387,0.185295,-0.833336,-0.0345,15.345814,320.68488,389.7086,-6.584518,1470.2456,1382.2842,67.720008,1984.9096,1914.3292,49.034684,0,0,0,0,0.73,-1.34,0,0
2025/07/29 03:00:07.053,n,15.192776,85.25912,0.243654,0.249999,0.097139,0,-0.000513,0.086032,-5.757429,0.085808,-0.834923,-0.036072,15.329486,320.45868,389.48012,-6.642088,1491.5346,1417.9404,47.993748,2003.8838,1957.3182,30.09319,0,0,0,0,0.74,-1.33,0,0
2025/07/29 03:01:00.135,n,15.246778,84.99652,0.138578,0.261166,0.163909,0.03384,0.0282,0.095589,-5.875638,0.027981,-0.837227,-0.033798,15.319642,320.20568,389.6284,-6.707048,1464.7572,1401.7184,44.463468,1996.084,1951.2044,27.12932,0,0,0,0,0.71,-1.33,0,0
2025/07/29 03:02:00.137,n,15.166604,85.2998,0.313704,0.150761,0.164782,-0.070757,-0.012562,0.057211,-5.744294,0.156693,-0.838646,-0.03257,15.301164,319.98246,389.637,-6.707063,1415.7162,1476.044,35.874784,1985.7544,2015.2276,18.994736,0,0,0,0,0.75,-1.33,0,0
2025/07/29 03:03:00.137,n,15.146924,85.22792,0.313704,0.267511,0.075337,0.069218,-0.042044,0.081496,-5.915042,0.070885,-0.840591,-0.036957,15.27716,319.68342,389.11664,-6.789561,1498.3788,1366.3092,78.818776,2008.1958,1913.4876,53.035836,0,0,0,0,0.73,-1.36,0,0
2025/07/29 03:04:00.139,n,15.212452,85.051304,0.103553,0.116243,0.090162,-0.036916,-0.030507,0.04672,-5.665488,0.198975,-0.84095,-0.030823,15.2717,319.62268,389.63168,-6.67459,1351.9716,1467.4762,85.991856,1922.4488,2012.684,62.96348,0,0,0,0,0.72,-1.32,0,0
2025/07/29 03:05:00.141,n,15.168214,85.25136,0.07005,0.121827,0.122711,-0.070757,-0.065373,0.071968,-5.889344,0.142391,-0.839172,-0.0345,15.256466,319.6936,389.22224,-6.836407,1507.932,1373.0918,98.887816,2024.6534,1911.2306,76.464368,0,0,0,0,0.73,-1.33,0,0
2025/07/29 03:06:00.143,n,15.135498,85.396568,0.103553,0.063451,0.094899,-0.036916,-0.047684,0.028645,-5.889344,0.142391,-0.837227,-0.032043,15.240104,319.77286,389.35136,-6.836919,1335.514,1392.6036,37.552632,1916.1254,1952.6312,26.16104,0,0,0,0,0.73,-1.33,0,0
2025/07/29 03:07:00.146,n,15.11255,85.321616,0.103553,0.115989,0.084461,-0.143051,-0.089471,0.048772,-5.311431,0.327686,-0.835808,-0.028374,15.23357,319.86014,389.6418,-6.446551,1284.66,1279.6278,28.649606,1851.1304,1861.2868,28.975852,0,0,0,0,0.73,-1.34,0,0
2025/07/29 03:08:00.148,n,15.04541,85.5996,0.103553,0.168019,0.051594,-0.143051,-0.083318,0.058154,-5.612951,0.241879,-0.84166,-0.038879,15.22161,319.28882,388.64372,-6.657609,1570.1776,1463.2126,93.120352,2101.9736,2000.402,83.414624,0,0,0,0,0.74,-1.35,0,0
2025/07/29 03:09:00.152,n,15.038868,85.616784,-0.175126,-0.017766,0.191271,-0.176891,-0.171251,0.046834,-5.560984,0.198975,-0.835991,-0.035553,15.204142,319.68412,388.84404,-6.560397,1660.0532,1517.63,144.60152,OverRange,OverRange,OverRange,0,0,0,0,0.73,-1.33,0,0
2025/07/29 03:10:00.136,n,15.038868,85.554336,0,-0.000508,0.125142,-0.21227,-0.194837,0.101444,-5.862504,0.12809,-0.839356,-0.039581,15.191056,319.32202,388.41524,-6.790368,1568.4482,1613.8182,37.419248,OverRange,OverRange,OverRange,0,0,0,0,0.71,-1.35,0,0
2025/07/29 03:11:00.143,n,15.056836,85.562152,-0.105076,0.063705,0.131643,-0.143051,-0.160228,0.028866,-5.901907,0.070885,-0.835457,-0.037308,15.175788,319.57618,388.53408,-6.770941,1597.2792,1539.7438,48.474736,OverRange,OverRange,OverRange,0,0,0,0,0.72,-1.38,0,0
2025/07/29 03:12:00.143,n,14.988088,85.909416,-0.071573,-0.012944,0.093377,-0.21227,-0.200733,0.065598,-6.217132,-0.200218,-0.834747,-0.039055,15.157244,319.53686,388.2782,-6.812607,1677.453,1599.3124,71.254472,OverRange,OverRange,OverRange,0,0,0,0,0.74,-1.37,0,0
2025/07/29 03:13:00.143,n,14.865234,86.444576,-0.175126,-0.145938,0.08114,-0.21227,-0.259441,0.061954,-6.243401,-0.32893,-0.832092,-0.034676,15.133242,319.63602,388.53664,-6.711888,1597.2514,1635.3414,33.418556,OverRange,OverRange,OverRange,0,0,0,0,0.74,-1.3,0,0
2025/07/29 03:14:00.146,n,14.888184,86.407024,-0.245176,-0.087817,0.12435,-0.21227,-0.259441,0.065871,-6.060091,-0.21452,-0.834038,-0.039055,15.123466,319.41468,388.09464,-6.640554,1592.9536,1548.4924,43.002328,OverRange,OverRange,OverRange,0,0,0,0,0.74,-1.3,0,0
2025/07/29 03:15:00.135,n,14.968456,86.0472,-0.140101,-0.19873,0.078344,-0.247648,-0.294819,0.042845,-6.006982,-0.071507,-0.830849,-0.036072,15.10603,319.5957,388.26472,-6.730253,1576.1654,1510.1154,44.991112,OverRange,OverRange,OverRange,0,0,0,0,0.7,-1.32,0,0
2025/07/29 03:16:00.135,n,14.955372,86.07064,-0.035025,-0.046954,0.109502,-0.283026,-0.224062,0.042845,-5.915042,-0.085808,-0.832268,-0.039581,15.088548,319.37792,387.85804,-6.62192,1699.2762,1680.1668,31.298564,OverRange,OverRange,OverRange,0,0,0,0,0.73,-1.36,0,0
2025/07/29 03:17:00.139,n,14.904542,86.217768,-0.210151,-0.169288,0.084109,-0.247648,-0.288922,0.052075,-6.374745,-0.171616,-0.830673,-0.037125,15.072186,319.42706,387.98744,-6.996678,1576.0824,1635.8466,33.814196,OverRange,OverRange,OverRange,0,0,0,0,0.75,-1.33,0,0
2025/07/29 03:18:00.138,n,14.956066,86.240792,-0.315227,-0.291877,0.042418,-0.353783,-0.377368,0.048336,-5.94131,0.128712,-0.824127,-0.030815,15.079208,320.03144,388.58588,-6.863334,1564.182,1551.4924,33.523124,OverRange,OverRange,OverRange,0,0,0,0,0.74,-1.34,0,0
2025/07/29 03:19:00.136,n,14.998696,85.720968,0.55888,0.547459,0.090003,0.318404,0.318148,0.021892,-5.928747,0.185295,-0.825722,-0.028191,15.06394,319.81066,388.73612,-6.911573,1749.4256,1719.9018,22.333832,OverRange,OverRange,OverRange,0,0,0,0,0.73,-1.39,0,0
2025/07/29 03:20:00.135,n,15.029798,85.468088,0.663956,0.541875,0.118058,0.283026,0.259441,0.053264,-5.613522,0.314007,-0.831032,-0.033623,15.048674,319.26844,388.1708,-6.724938,1649.075,1657.223,17.572706,OverRange,OverRange,OverRange,0,0,0,0,0.73,-1.31,0,0
2025/07/29 03:21:00.136,n,15.015004,85.66164,0.315227,0.4835,0.121502,0.106135,0.170739,0.078962,-5.718597,0.185295,-0.828201,-0.02626,15.033374,319.4303,388.74168,-6.705833,1412.2962,1443.2976,31.55313,OverRange,OverRange,OverRange,0,0,0,0,0.74,-1.33,0,0
2025/07/29 03:22:00.134,n,14.969154,85.885424,0.385277,0.442637,0.12633,0.106135,0.20586,0.098229,-5.626656,0.342609,-0.831741,-0.028893,15.020288,319.05298,388.43684,-6.772115,1516.8744,1553.333,68.75464,OverRange,OverRange,OverRange,0,0,0,0,0.74,-1.29,0,0
2025/07/29 03:23:00.136,n,14.942932,86.121848,0.523855,0.384262,0.106039,0.070757,0.105622,0.030958,-5.587253,0.413494,-0.830856,-0.024513,15.008312,319.06448,388.76068,-6.80709,1634.49,1582.9782,77.54224,OverRange,OverRange,OverRange,0,0,0,0,0.73,-1.32,0,0
2025/07/29 03:24:00.134,n,14.972424,85.869744,0.315227,0.30279,0.126105,0.070757,0.116902,0.035744,-5.666059,0.342609,-0.827843,-0.024162,14.99412,319.24816,388.71488,-6.812349,1652.157,1540.984,72.939704,OverRange,OverRange,OverRange,0,0,0,0,0.72,-1.31,0,0
2025/07/29 03:25:00.136,n,14.977306,85.703784,0.175126,0.285278,0.067588,0.070757,0.06486,0.041359,-5.705462,0.356911,-0.831917,-0.024338,14.983204,318.8366,388.64012,-6.869952,1698.3518,1691.2392,28.142494,OverRange,OverRange,OverRange,0,0,0,0,0.74,-1.3,0,0
2025/07/29 03:26:00.136,n,14.982288,85.60544,0.55888,0.314719,0.151516,-0.035378,0.082037,0.065322,-5.324565,0.570808,-0.828911,-0.024513,14.97333,319.04302,388.57092,-6.699771,1658.8416,1603.5332,52.132524,OverRange,OverRange,OverRange,0,0,0,0,0.78,-1.37,0,0
2025/07/29 03:27:00.140,n,15.001966,85.218136,0.348729,0.366242,0.079098,0.106135,0.035378,0.054808,-5.180087,0.684597,-0.836876,-0.027664,14.972254,318.3482,388.28532,-6.673896,1661.5638,1642.3402,39.053812,OverRange,OverRange,OverRange,0,0,0,0,0.74,-1.34,0,0
2025/07/29 03:28:00.136,n,14.952748,85.616376,0.55888,0.425378,0.101735,0.106135,0.105878,0.066966,-5.836806,0.413494,-0.835281,-0.024338,14.95482,318.39164,388.4862,-7.061244,1731.242,1712.938,22.671568,OverRange,OverRange,OverRange,0,0,0,0,0.69,-1.32,0,0
2025/07/29 03:29:00.135,n,14.944592,85.677272,0.453805,0.407612,0.087643,0.106135,0.070757,0.031643,-5.797403,0.385513,-0.835815,-0.031868,14.94066,318.26862,387.74064,-6.986864,1477.8118,1519.084,43.806392,3141.6106,3201.1904,48.777044,0,0,0,0,0.71,-1.32,0,0
2025/07/29 03:30:07.123,n,14.979016,85.266568,0.523855,0.297207,0.160358,0.070757,-0.023586,0.061954,-5.166953,0.7132,-0.8367,-0.022934,14.943904,318.2096,388.5516,-6.693919,1589.1262,1497.3888,81.796088,3200.9716,3134.5644,51.3965,0,0,0,0,0.71,-1.36,0,0
2025/07/29 03:31:00.135,n,14.921642,85.48684,-0.035025,0.209897,0.168452,-0.141513,-0.06486,0.064914,-5.245759,0.670296,-0.837585,-0.026443,14.926436,318.03824,388.14512,-6.727196,1448.3508,1456.753,66.510148,OverRange,OverRange,OverRange,0,0,0,0,0.76,-1.3,0,0
2025/07/29 03:32:00.135,n,14.872476,85.756856,0.035025,0.250506,0.161529,-0.035378,-0.017689,0.037105,-5.114415,0.784084,-0.843437,-0.028366,14.933002,317.56774,388.01012,-6.71357,1532.1424,1608.5878,68.296408,3132.592,3208.3212,56.44112,0,0,0,0,0.7,-1.36,0,0
2025/07/29 03:33:00.135,n,14.888882,85.68972,0.105076,0.27411,0.148774,0,-0.005896,0.060936,-5.061878,0.7132,-0.840599,-0.027489,14.926436,317.77752,388.05228,-6.588187,1534.3602,1574.1136,68.777904,3108.8614,3160.837,57.24334,0,0,0,0,0.71,-1.34,0,0
2025/07/29 03:34:00.135,n,14.933118,85.3884,0.280202,0.332486,0.072117,0.035378,-0.06486,0.056679,-4.904265,0.698898,-0.843788,-0.023987,14.923162,317.48398,388.3456,-6.422965,1506.7064,1599.772,65.13678,3088.3698,3170.8038,51.807336,0,0,0,0,0.69,-1.33,0,0
2025/07/29 03:35:00.137,n,14.898694,85.450896,0.523855,0.27944,0.151305,-0.035378,-0.070757,0.063287,-5.377103,0.512981,-0.846802,-0.023117,14.923162,317.22326,388.42284,-6.713769,1649.2528,1563.3086,88.136264,3181.0656,3109.6448,60.445016,0,0,0,0,0.73,-1.34,0,0
2025/07/29 03:36:00.138,n,14.933118,85.25876,0.105076,0.192639,0.118776,-0.176891,-0.147409,0.026632,-5.206356,0.512981,-0.851059,-0.029594,14.914426,316.80768,387.80028,-6.540802,1503.9164,1453.5416,48.975504,3028.4528,3016.2234,46.234188,0,0,0,0,0.74,-1.35,0,0
2025/07/29 03:37:00.136,n,14.877408,85.454072,0.315227,0.355328,0.171408,-0.141513,-0.094342,0.061954,-5.587253,0.327686,-0.85318,-0.033096,14.90897,316.59458,387.45964,-6.735023,1465.2424,1533.6618,75.85908,2989.569,3069.2522,67.13568,0,0,0,0,0.73,-1.36,0,0
2025/07/29 03:38:00.135,n,14.895424,85.293136,0.348729,0.361166,0.064891,-0.141513,-0.141513,0.050032,-5.587253,0.385513,-0.855843,-0.029068,14.89481,316.28748,387.7406,-6.799541,1500.014,1564.3164,60.40364,3023.674,3076.0958,45.175212,0,0,0,0,0.74,-1.32,0,0
2025/07/29 03:39:00.136,n,14.852796,85.499288,0.243654,0.226902,0.061414,-0.141513,-0.176635,0.049599,-5.993848,0.199596,-0.856018,-0.033798,14.883046,316.20864,387.25688,-7.015664,1537.7044,1458.838,45.323284,3003.6662,2961.737,31.874754,0,0,0,0,0.75,-1.34,0,0
2025/07/29 03:40:00.135,n,14.784046,85.783368,0.348729,0.390607,0.07125,-0.176891,-0.217653,0.071968,-6.098923,0.085808,-0.855484,-0.034851,14.865662,316.16058,387.06908,-7.005364,1564.5086,1653.4396,49.689032,3064.2598,3123.373,34.351128,0,0,0,0,0.71,-1.33,0,0
2025/07/29 03:41:00.135,n,14.779064,85.897976,0.55888,0.343653,0.1175,-0.352244,-0.28277,0.044266,-6.322207,0.071507,-0.853004,-0.033974,14.849382,316.28692,387.05888,-7.212744,1613.2464,1494.8922,87.625336,3053.8306,2969.9998,56.928024,0,0,0,0,0.74,-1.34,0,0
2025/07/29 03:42:00.135,n,14.762662,86.004416,0.55888,0.48883,0.129167,-0.318404,-0.223806,0.108386,-6.256535,0.056583,-0.85141,-0.032921,14.822224,316.27774,387.00524,-7.131608,1609.1444,1552.4478,57.266044,3064.916,3023.4532,36.452708,0,0,0,0,0.73,-1.32,0,0
2025/07/29 03:43:00.136,n,14.792202,85.628928,0.698981,0.442891,0.184144,-0.106135,-0.21227,0.09493,-5.96815,0.142391,-0.851059,-0.033447,14.81683,316.27884,386.92924,-6.928153,1637.2048,1542.5416,87.203208,3072.7906,3000.9534,57.05436,0,0,0,0,0.73,-1.33,0,0
2025/07/29 03:44:00.139,n,14.84137,85.475896,0.523855,0.570555,0.052731,-0.318404,-0.28277,0.044997,-5.758,0.299706,-0.850174,-0.032394,14.79731,316.24964,386.917,-6.875485,1443.8992,1512.8062,75.965784,2910.3786,2982.4532,65.421708,0,0,0,0,0.71,-1.32,0,0
2025/07/29 03:45:00.140,n,14.73644,85.902656,0.55888,0.617256,0.110019,-0.283026,-0.276873,0.056265,-5.836806,0.271103,-0.850349,-0.034668,14.776682,316.12278,386.6034,-6.92359,1630.907,1552.354,68.18064,3047.1054,2985.1926,47.19322,0,0,0,0,0.73,-1.33,0,0
2025/07/29 03:46:00.135,n,14.73483,86.020088,0.769032,0.669794,0.051555,-0.283026,-0.294306,0.036448,-5.63922,0.271103,-0.852295,-0.031342,14.76259,315.8783,386.82264,-6.731276,1730.8386,1702.1202,16.407316,3136.9772,3109.4324,20.707488,0,0,0,0,0.73,-1.33,0,0
2025/07/29 03:47:00.135,n,14.790588,85.591424,0.593906,0.739844,0.107195,-0.283026,-0.335837,0.057854,-5.481607,0.385513,-0.849464,-0.031166,14.753888,316.07592,386.791,-6.685418,1494.8832,1512.7428,55.645304,2904.7884,2954.4104,58.151528,0,0,0,0,0.74,-1.33,0,0
2025/07/29 03:48:00.136,n,14.74469,85.666328,0.874107,0.792382,0.068873,-0.424539,-0.35891,0.103394,-5.061878,0.442097,-0.848221,-0.026443,14.737614,316.09548,387.12236,-6.325752,1440.8334,1479.2052,34.845372,2857.2082,2897.2088,32.33574,0,0,0,0,0.73,-1.33,0,0
2025/07/29 03:49:00.135,n,14.759388,85.7506,1.012685,0.891112,0.120207,-0.283026,-0.370959,0.085302,-5.153818,0.385513,-0.852829,-0.037659,14.734354,315.6792,386.10868,-6.354502,1585.6722,1548.3126,77.95512,2981.7966,2935.3292,59.953316,0,0,0,0,0.74,-1.34,0,0
2025/07/29 03:50:00.135,n,14.697704,86.048624,1.292887,1.036543,0.209339,-0.387623,-0.394032,0.027316,-5.390808,0.413494,-0.845245,-0.0289,14.740546,316.36872,386.92004,-6.620648,1514.8494,1480.05,36.769556,2905.1048,2881.8978,23.44355,0,0,0,0,0.73,-1.34,0,0
2025/07/29 03:51:00.136,n,14.687894,86.145688,2.095421,1.938315,0.112124,0.24611,0.275592,0.060936,-5.128121,0.413494,-0.847374,-0.035553,14.735122,316.15518,386.2998,-6.353436,1668.8866,1557.0782,69.892776,3011.9668,2941.1224,42.65208,0,0,0,0,0.73,-1.32,0,0
2025/07/29 03:52:00.137,n,14.650146,86.385096,1.95532,2.083746,0.128531,0.210731,0.22278,0.079179,-5.154389,0.327686,-0.847733,-0.034157,14.718826,316.03616,386.3358,-6.295651,1499.7392,1547.193,72.576856,2858.2208,2922.3632,67.367648,0,0,0,0,0.73,-1.31,0,0
2025/07/29 03:53:00.141,n,14.592824,86.569616,2.549225,2.333998,0.220172,0.24611,0.204835,0.041359,-5.03618,0.25618,-0.851097,-0.037834,14.700368,315.64524,385.90932,-6.105623,1710.5258,1636.064,79.112576,3047.7104,2971.3908,69.374344,0,0,0,0,0.74,-1.33,0,0
2025/07/29 03:54:00.141,n,14.571484,86.71332,2.724352,2.509124,0.221523,0.175353,0.193042,0.048766,-5.443346,-0.057205,-0.847374,-0.039589,14.669934,315.80256,385.58876,-6.193926,1714.5804,1630.7314,82.29824,3051.3394,2973.907,64.7333,0,0,0,0,0.72,-1.33,0,0
2025/07/29 03:55:00.135,n,14.584572,86.538272,2.759377,2.578413,0.097609,0.139975,0.15792,0.073142,-4.970508,0.113789,-0.845779,-0.037483,14.660222,315.88804,385.72328,-5.892593,1666.9794,1574.4208,57.544764,2970.2022,2915.4284,35.451376,0,0,0,0,0.74,-1.34,0,0
2025/07/29 03:56:00.135,n,14.514066,87.025672,2.864452,2.864452,0.031348,0.175353,0.157664,0.058132,-5.206927,0.01368,-0.838333,-0.035385,14.642806,316.43792,385.8154,-6.023555,1634.2284,1649.1994,26.48018,2955.9092,2971.8894,20.07984,0,0,0,0,0.74,-1.32,0,0
2025/07/29 03:57:00.137,n,14.60098,86.53988,3.526885,3.242115,0.243732,0.24611,0.15228,0.069153,-4.839735,0.313385,-0.844887,-0.035553,14.622212,315.75982,385.68932,-5.962454,1676.3788,1677.7568,34.455768,2990.9218,2989.2644,23.289482,0,0,0,0,0.73,-1.32,0,0
2025/07/29 03:58:00.135,n,14.522218,86.932024,3.702011,3.690336,0.105462,0.281488,0.193299,0.076345,-4.550779,0.271103,-0.840103,-0.035728,14.59828,316.04418,385.54428,-5.626256,1710.7416,1618.0806,56.739756,3005.0834,2939.987,37.704112,0,0,0,0,0.74,-1.32,0,0
2025/07/29 03:59:00.135,n,14.568214,86.605504,3.842112,3.818762,0.072355,0,0.140488,0.076809,-4.144184,0.327686,-0.840813,-0.035202,14.583046,315.90052,385.50872,-5.277481,1474.9554,1535.1076,72.784616,2793.9678,2872.139,68.748816,0,0,0,0,0.72,-1.32,0,0
2025/07/29 04:00:07.040,n,14.512402,86.825824,4.155816,4.185003,0.11601,0.139975,0.116902,0.072982,-4.144184,0.384892,-0.842758,-0.032402,14.565712,315.63858,385.66376,-5.339432,1611.662,1604.4318,48.176756,2928.2896,2913.4432,38.584972,0,0,0,0,0.73,-1.35,0,0
2025/07/29 04:01:00.137,n,14.454984,87.128704,4.576119,4.400992,0.123347,0.03384,0.064347,0.060702,-4.077941,0.341988,-0.837265,-0.03083,14.550478,316.03152,385.72108,-5.226363,1619.7026,1547.5132,55.530172,2907.7642,2858.4138,41.952356,0,0,0,0,0.73,-1.32,0,0
2025/07/29 04:02:00.141,n,14.42212,87.265904,5.203527,5.05835,0.204077,0.106135,0.164073,0.047586,-3.750152,0.427174,-0.83709,-0.033806,14.533094,315.95276,385.36292,-4.98061,1704.9272,1658.4468,33.1391,2993.6856,2962.7382,20.746084,0,0,0,0,0.72,-1.34,0,0
2025/07/29 04:03:00.142,n,14.486184,87.131776,5.413678,5.430937,0.126408,0.139975,0.134591,0.051732,-3.448061,0.470078,-0.839218,-0.026093,14.520044,315.69828,385.97752,-4.731264,1614.6752,1586.4968,41.02682,2919.8686,2901.3144,25.659306,0,0,0,0,0.74,-1.35,0,0
2025/07/29 04:04:00.135,n,14.456594,86.935096,5.972558,5.633981,0.213847,0.139975,0.122542,0.076203,-3.146542,0.442097,-0.838509,-0.028374,14.509194,315.70102,385.71632,-4.398773,1503.7684,1575.5504,53.933292,2818.854,2884.616,47.657108,0,0,0,0,0.72,-1.33,0,0
2025/07/29 04:05:00.135,n,14.463234,86.882016,6.041086,6.064944,0.102861,0.106135,0.08178,0.06231,-2.805619,0.570187,-0.838158,-0.028725,14.496128,315.66086,385.61464,-4.185238,1638.479,1593.9116,55.358828,2931.8882,2895.0762,39.729084,0,0,0,0,0.72,-1.32,0,0
2025/07/29 04:06:00.135,n,14.42212,87.045936,6.599966,6.541845,0.081415,0.069218,0.075371,0.06832,-2.713678,0.442097,-0.8339,-0.024872,14.483112,315.95896,385.88664,-3.964803,1633.7348,1626.8522,41.347308,2932.4224,2926.3558,27.451776,0,0,0,0,0.77,-1.38,0,0
2025/07/29 04:07:00.135,n,14.417236,87.049112,7.228897,7.059608,0.107205,0.03384,0.040506,0.041236,-1.808548,0.74118,-0.83532,-0.025566,14.47658,315.80096,385.78972,-3.359481,1606.7988,1611.5888,27.448134,2906.69,2918.1804,18.04439,0,0,0,0,0.78,-1.33,0,0
2025/07/29 04:08:00.136,n,14.468118,86.73832,7.647676,7.449454,0.191031,0.03384,-0.030764,0.064384,-1.795984,0.613091,-0.836556,-0.029251,14.47006,315.65882,385.42724,-3.216379,1521.958,1550.4956,31.884164,2836.8794,2863.2756,26.336286,0,0,0,0,0.74,-1.35,0,0
2025/07/29 04:09:00.139,n,14.491066,86.544568,8.448688,8.292597,0.177569,-0.072295,-0.019227,0.058132,-1.310583,0.756104,-0.838684,-0.026978,14.46353,315.43942,385.59392,-2.878393,1674.5312,1604.8956,39.63584,2955.754,2915.8464,23.562684,0,0,0,0,0.73,-1.33,0,0
2025/07/29 04:10:00.140,n,14.409036,86.911704,9.129396,8.861884,0.240975,0.03384,0.02256,0.085397,-1.559565,0.613091,-0.836556,-0.026794,14.456996,315.58832,385.57492,-2.982417,1725.4604,1699.371,42.72704,3009.2202,2984.659,33.334668,0,0,0,0,0.73,-1.34,0,0
2025/07/29 04:11:00.142,n,14.409036,87.069328,9.656296,9.427616,0.226724,-0.036916,-0.018971,0.048881,-1.363692,0.655373,-0.840637,-0.030998,14.447222,315.18252,385.14888,-2.828704,1754.205,1701.4288,68.170376,3024.8628,2970.4268,52.474756,0,0,0,0,0.74,-1.35,0,0
2025/07/29 04:12:00.143,n,14.40088,87.128704,10.495378,10.181166,0.211198,-0.036916,-0.024867,0.036742,-0.78635,0.641693,-0.841698,-0.030121,14.437414,315.03776,385.1738,-2.23962,1576.084,1603.2528,49.670916,2866.6084,2899.3646,45.598244,0,0,0,0,0.71,-1.34,0,0
2025/07/29 04:13:00.137,n,14.318752,87.412488,11.057304,10.8403,0.235285,0,0.01692,0.058419,-0.170747,0.684597,-0.842232,-0.029953,14.429854,314.95074,385.14784,-1.667623,1549.186,1552.6488,24.03331,2821.8482,2835.6438,21.241468,0,0,0,0,0.76,-1.34,0,0
2025/07/29 04:14:00.135,n,14.389356,87.216056,12.211612,11.728112,0.322156,0.069218,-0.012305,0.078997,0.655006,0.941399,-0.842049,-0.025742,14.425472,314.94306,385.4984,-1.1027,1722.6572,1664.297,42.801868,2974.1436,2930.7178,29.664794,0,0,0,0,0.72,-1.3,0,0
2025/07/29 04:15:00.135,n,14.42051,87.080264,13.297394,12.80704,0.323309,0.03384,0.02256,0.042513,1.388247,1.098091,-0.842049,-0.022942,14.42329,314.93122,385.73516,-0.528951,1631.3036,1650.6368,23.06079,2923.6446,2936.4158,16.7332,0,0,0,0,0.76,-1.31,0,0
2025/07/29 04:16:00.137,n,14.435304,87.0288,13.997898,13.63597,0.22003,0,0.028456,0.047338,2.121489,1.325668,-0.841171,-0.020844,14.425472,315.01898,385.9334,-0.024508,1460.7098,1493.0012,39.140768,2747.4824,2796.8626,45.448872,0,0,0,0,0.75,-1.29,0,0
2025/07/29 04:17:00.137,n,14.466504,86.727432,15.082156,14.708806,0.349071,0.069218,0.040506,0.069062,2.658285,1.440079,-0.843826,-0.022591,14.428746,314.80688,385.79576,0.396971,1699.5468,1615.3678,55.2431,2953.7852,2887.747,41.7708,0,0,0,0,0.72,-1.37,0,0
2025/07/29 04:18:00.140,n,14.522218,86.453896,15.99281,15.54916,0.349979,0,-0.035891,0.054814,3.011772,1.468681,-0.844711,-0.027496,14.415698,314.66004,385.28984,0.725875,1559.7596,1579.2804,34.237408,2832.6582,2858.418,24.77095,0,0,0,0,0.77,-1.35,0,0
2025/07/29 04:19:00.142,n,14.5355,86.523304,17.252196,16.745092,0.369656,0.03384,0.034096,0.059569,4.119057,1.925701,-0.843452,-0.022057,14.44486,314.92614,385.93016,1.37196,1586.2914,1609.4984,47.027652,2863.5118,2877.7332,33.799408,0,0,0,0,0.71,-1.31,0,0
2025/07/29 04:20:00.143,n,14.45342,86.851488,19.21056,18.678834,0.379273,0.742943,0.724742,0.082711,4.90712,1.954304,-0.843269,-0.022057,14.442692,314.9303,385.91848,2.131604,1591.0116,1645.8614,60.420196,2854.6596,2906.293,44.578024,0,0,0,0,0.73,-1.35,0,0
2025/07/29 04:21:00.147,n,14.446878,86.951384,20.678574,19.997104,0.467394,0.812162,0.783193,0.060342,5.589537,1.854195,-0.848236,-0.029068,14.44486,314.51232,385.30748,2.916175,1654.6604,1655.7182,34.638132,2905.7344,2912.0578,25.581244,0,0,0,0,0.7,-1.37,0,0
2025/07/29 04:22:00.135,n,14.45342,86.957688,22.076536,21.331108,0.513062,0.776784,0.741918,0.044513,6.232551,1.897099,-0.846283,-0.026085,14.441586,314.66366,385.55476,3.515254,1580.7118,1597.5488,41.364236,2850.895,2861.3616,29.959972,0,0,0,0,0.74,-1.34,0,0
2025/07/29 04:23:00.135,n,14.382912,87.263448,23.47602,22.718664,0.484325,0.812162,0.753711,0.061311,6.836161,1.869118,-0.845749,-0.029068,14.438342,314.69242,385.27236,4.150363,1652.2898,1548.9526,67.801176,2873.459,2802.7878,47.547872,0,0,0,0,0.71,-1.32,0,0
2025/07/29 04:24:00.135,n,14.397656,87.35236,24.873984,24.204444,0.498582,0.707565,0.783449,0.067949,7.912039,2.03949,-0.843979,-0.021004,14.435052,314.82776,385.97084,5.049574,1706.5944,1670.5602,30.867458,2959.6666,2924.371,23.047778,0,0,0,0,0.73,-1.32,0,0
2025/07/29 04:25:00.138,n,14.392774,87.371064,25.81814,25.305198,0.381519,0.812162,0.818315,0.040791,7.964576,1.897099,-0.846817,-0.03257,14.42746,314.54126,384.90264,5.253231,1519.1018,1610.186,68.651288,2785.5668,2881.5812,65.769296,0,0,0,0,0.71,-1.33,0,0
2025/07/29 04:26:00.145,n,14.366456,87.492696,27.181078,26.603926,0.479257,0.882918,0.841644,0.068661,8.501944,1.897099,-0.844513,-0.028015,14.417686,314.6879,385.25444,5.788347,1639.4324,1540.4102,55.196016,2846.5352,2787.1652,34.7678,0,0,0,0,0.71,-1.34,0,0
2025/07/29 04:27:00.141,n,14.327054,87.676536,28.822692,28.222696,0.588961,0.882918,0.882918,0.059199,10.232256,2.082394,-0.846458,-0.029243,14.406834,314.461,385.0868,7.332648,1661.7224,1662.2388,39.012816,2905.0704,2898.7894,23.44355,0,0,0,0,0.71,-1.3,0,0
2025/07/29 04:28:00.144,n,14.336964,87.550312,30.988164,30.09172,0.674088,0.882918,0.953419,0.099521,11.868916,2.267689,-0.848763,-0.029243,14.402484,314.23834,385.0634,8.781708,1651.7582,1655.6156,45.48846,2887.0458,2891.3156,29.556724,0,0,0,0,0.76,-1.3,0,0
2025/07/29 04:29:00.145,n,14.27295,87.899192,32.733334,31.779276,0.61293,1.024431,0.924193,0.052076,12.811736,2.210484,-0.849297,-0.032043,14.399194,314.17438,384.797,9.783998,1645.3836,1622.1572,23.987498,2862.0952,2858.8908,20.454828,0,0,0,0,0.73,-1.31,0,0
2025/07/29 04:30:07.068,n,14.29429,88.023704,33.816072,33.251606,0.449718,1.024431,0.953675,0.07421,13.92416,2.410702,-0.847168,-0.028015,14.391602,314.3175,385.11372,10.694306,1555.2416,1576.9386,26.14957,2791.475,2813.3838,19.224984,0,0,0,0,0.79,-1.32,0,0
2025/07/29 04:31:00.136,n,14.317238,87.729464,34.618604,34.380276,0.312344,0.989053,0.971364,0.053655,13.95043,2.382099,-0.843269,-0.02784,14.38942,314.64306,385.11764,10.7529,1646.2308,1588.0118,39.94246,2880.7412,2830.7722,33.11797,0,0,0,0,0.73,-1.31,0,0
2025/07/29 04:32:00.137,n,14.353372,87.570576,35.839916,35.374692,0.355069,1.05981,1.000846,0.057772,14.447252,2.495888,-0.843628,-0.024857,14.381794,314.57096,385.34148,11.132592,1571.3704,1591.2126,26.855168,2817.4174,2837.2928,21.577766,0,0,0,0,0.7,-1.31,0,0
2025/07/29 04:33:00.139,n,14.358304,87.399136,36.921128,36.456408,0.382605,1.024431,1.024431,0.07421,15.088552,2.566773,-0.842384,-0.022057,14.390496,314.72538,385.637,11.701452,1697.9826,1617.198,51.784168,2914.6416,2853.254,36.077692,0,0,0,0,0.75,-1.33,0,0
2025/07/29 04:34:00.140,n,14.351758,87.611104,38.736348,37.922388,0.609335,1.129028,1.100571,0.051734,15.794382,2.681183,-0.843452,-0.022232,14.392678,314.64468,385.63312,12.29198,1691.2996,1647.1464,28.60769,2909.3458,2882.7512,25.123694,0,0,0,0,0.73,-1.3,0,0
2025/07/29 04:35:00.142,n,14.264698,87.928736,40.793696,39.6833,0.698212,0.989053,1.106981,0.082718,16.722926,2.666882,-0.847527,-0.031876,14.387252,314.26296,384.74736,13.240394,1611.9198,1645.6052,48.37148,2840.0014,2879.0632,42.426408,0,0,0,0,0.73,-1.32,0,0
2025/07/29 04:36:00.144,n,14.254884,88.169888,42.607396,42.049528,0.604023,1.201323,1.165944,0.089501,18.042646,2.794972,-0.844864,-0.028885,14.386146,314.48736,385.00704,14.431696,1636.6922,1663.1056,27.752478,2874.566,2889.424,20.995238,0,0,0,0,0.71,-1.3,0,0
2025/07/29 04:37:00.146,n,14.228566,88.098312,43.026172,43.002316,0.073951,1.095188,1.183634,0.088798,17.702866,2.766991,-0.847527,-0.029068,14.38507,314.25132,384.98504,14.117416,1674.9602,1619.397,39.051248,2880.2006,2848.425,28.94132,0,0,0,0,0.73,-1.33,0,0
2025/07/29 04:38:00.147,n,14.304104,87.930288,42.640896,42.728712,0.072618,1.201323,1.224395,0.048193,16.814294,2.566773,-0.845398,-0.025909,14.381794,314.41784,385.24796,13.428034,1532.8464,1568.7174,32.881608,2737.3292,2783.5546,40.308808,0,0,0,0,0.76,-1.4,0,0
2025/07/29 04:39:00.150,n,14.231838,88.10456,43.65358,43.321856,0.237993,1.272079,1.229779,0.034587,16.748624,2.467285,-0.848763,-0.029243,14.377478,314.1034,384.92848,13.46182,1708.888,1650.1198,31.562636,2896.2266,2855.7938,20.51341,0,0,0,0,0.75,-1.34,0,0
2025/07/29 04:40:00.136,n,14.24009,88.221216,44.386068,43.978456,0.418563,1.307458,1.206963,0.056521,16.696658,2.310593,-0.843803,-0.025383,14.376338,314.5263,385.26524,13.567644,1686.884,1620.7364,38.262252,2869.3144,2831.1174,27.842412,0,0,0,0,0.73,-1.35,0,0
2025/07/29 04:41:00.137,n,14.29429,87.955192,45.499256,44.965504,0.398728,1.376676,1.253365,0.069561,17.179774,2.438683,-0.848763,-0.026962,14.376338,314.09736,385.125,13.919292,1786.7746,1735.8042,35.69314,2964.251,2927.0878,26.487734,0,0,0,0,0.74,-1.33,0,0
2025/07/29 04:42:00.139,n,14.220364,88.261592,46.545444,45.993412,0.398973,1.272079,1.295408,0.028388,17.363084,2.367798,-0.846817,-0.029068,14.371986,314.2421,384.91444,14.177538,1649.3304,1673.1056,28.927496,2848.3208,2875.3436,30.724582,0,0,0,0,0.75,-1.32,0,0
2025/07/29 04:43:00.142,n,14.15801,88.5196,47.833764,47.294176,0.425735,1.272079,1.324377,0.093518,17.402486,2.267689,-0.845039,-0.02784,14.368778,314.3786,385.00628,14.317598,1669.9426,1668.8424,25.87663,2868.9438,2870.1826,23.426482,0,0,0,0,0.75,-1.34,0,0
2025/07/29 04:44:00.145,n,14.2105,88.247624,49.227156,48.577668,0.458854,1.272079,1.300792,0.041236,18.172848,2.467285,-0.848587,-0.030113,14.362212,314.03632,384.769,14.88709,1636.5686,1581.3634,27.411676,2818.2842,2788.3476,18.654758,0,0,0,0,0.73,-1.31,0,0
2025/07/29 04:45:00.145,n,14.197414,88.326928,50.620552,50.02944,0.365772,1.341298,1.388468,0.02889,18.538896,2.339195,-0.845215,-0.030464,14.354606,314.28704,384.69684,15.384952,1610.323,1673.4718,47.19322,2811.2212,2869.3894,38.6885,0,0,0,0,0.74,-1.36,0,0
2025/07/29 04:46:00.148,n,14.169434,88.494744,52.326128,51.572828,0.499022,1.482811,1.435639,0.042849,19.348662,2.453606,-0.846993,-0.029411,14.351364,314.11572,384.77276,16.077476,1738.6096,1692.4362,40.561064,2916.3306,2881.8406,32.39753,0,0,0,0,0.74,-1.32,0,0
2025/07/29 04:47:00.149,n,14.108692,88.862176,53.824596,53.110384,0.510055,1.447432,1.488707,0.056678,19.440032,2.296291,-0.843452,-0.034325,14.344832,314.38674,384.30124,16.334612,1567.551,1625.6022,60.761828,2762.733,2824.741,59.045744,0,0,0,0,0.73,-1.32,0,0
2025/07/29 04:48:00.152,n,14.167824,88.620528,55.7723,55.018752,0.522165,1.482811,1.524085,0.056679,20.562164,2.538792,-0.845039,-0.027138,14.341558,314.23184,384.92188,17.205472,1683.615,1719.5244,30.298516,2878.7802,2904.4192,24,0,0,0,0,0.77,-1.39,0,0
2025/07/29 04:49:00.139,n,14.149758,88.698456,58.521016,57.286504,0.77384,1.659702,1.594842,0.10355,21.8539,2.724087,-0.848053,-0.030823,14.338314,313.95376,384.5772,18.312584,1723.2288,1697.069,44.298984,2897.6562,2891.5694,34.30452,0,0,0,0,0.75,-1.33,0,0
2025/07/29 04:50:00.140,n,14.190774,88.583272,61.546892,60.1266,1.026028,1.693542,1.671238,0.076337,23.718984,2.99519,-0.850716,-0.031166,14.330674,313.68212,384.50544,19.904246,1705.1906,1694.8412,28.523674,2902.0136,2899.1358,18.39565,0,0,0,0,0.71,-1.32,0,0
2025/07/29 04:51:00.136,n,14.161282,88.74216,66.301176,64.226572,1.5778,1.871971,1.806855,0.052112,26.405822,3.450966,-0.848946,-0.03064,14.332856,313.84708,384.56404,22.13655,1588.6512,1609.2754,32.304798,2795.3716,2825.0498,32.273826,0,0,0,0,0.74,-1.34,0,0
2025/07/29 04:52:00.135,n,14.141552,88.868376,71.043288,69.206752,1.391941,1.976568,1.889148,0.061766,29.423304,3.827774,-0.848412,-0.028191,14.326388,313.85842,384.74668,24.775308,1754.6652,1636.2228,70.462752,2927.1552,2837.264,51.551916,0,0,0,0,0.77,-1.31,0,0
2025/07/29 04:53:00.135,n,14.116944,88.9946,73.481344,72.837696,0.67806,2.082703,2.029635,0.076698,30.651082,3.956486,-0.848236,-0.025909,14.324206,313.86194,384.93756,25.87227,1670.6638,1754.3488,54.541728,2895.5952,2962.9798,39.899876,0,0,0,0,0.69,-1.33,0,0
2025/07/29 04:54:00.135,n,14.169434,88.643864,75.049864,74.365096,0.565271,2.153459,2.047581,0.077088,31.081664,3.942185,-0.85125,-0.032219,14.335024,313.65942,384.43544,26.320448,1712.0148,1762.1004,49.525748,2942.3404,2968.2112,38.49156,0,0,0,0,0.74,-1.34,0,0
2025/07/29 04:55:00.135,n,14.161282,88.678192,77.349344,76.298336,0.742673,2.224216,2.106288,0.076429,32.073024,3.956486,-0.850365,-0.028191,14.336132,313.74194,384.79912,27.294364,1723.0666,1636.365,62.365056,2912.2896,2846.7512,44.69452,0,0,0,0,0.75,-1.28,0,0
2025/07/29 04:56:00.308,n,14.169434,88.662568,81.2478,79.489944,1.270458,2.294972,2.182685,0.0904,33.885568,4.242512,-0.852135,-0.026085,14.337206,313.59472,384.99208,28.817006,1804.6276,1770.9306,37.411228,OverRange,OverRange,OverRange,0,0,0,0,0.72,-1.27,0,0
2025/07/29 04:57:00.137,n,14.159618,88.843472,85.840672,83.817328,1.538821,2.258056,2.276514,0.057863,36.191508,4.557141,-0.853546,-0.031349,14.345906,313.5195,384.5714,30.812172,1860.5676,2058.5546,300.42968,2989.8476,3037.345,110.82238,0,0,0,0,0.73,-1.3,0,0
2025/07/29 04:58:00.135,n,14.161282,88.871504,91.890896,89.08076,2.056241,2.57646,2.488271,0.061856,39.341476,5.057686,-0.855324,-0.028717,14.350256,313.3891,384.82852,33.457184,1769.346,1728.1928,50.57272,2963.0356,2916.4758,44.090816,0,0,0,0,0.74,-1.32,0,0
2025/07/29 04:59:00.136,n,14.10542,89.133224,97.587824,95.61372,1.693969,2.647217,2.647217,0.050017,42.292144,5.42952,-0.853722,-0.028358,14.355712,313.5571,384.88976,36.03726,1826.3762,1788.2768,41.622108,3031.3194,2990.0812,38.533104,0,0,0,0,0.72,-1.34,0,0
2025/07/29 05:00:07.046,n,14.13501,89.042936,99.497448,98.374608,0.774597,2.682595,2.664906,0.037099,42.980844,5.329411,-0.856384,-0.032921,14.36332,313.36776,384.52556,36.827968,1761.9158,1701.6342,47.720016,2949.521,2906.4786,38.168048,0,0,0,0,0.73,-1.3,0,0
2025/07/29 05:01:00.135,n,14.12515,88.988392,106.7492,103.08932,2.531983,2.82257,2.764888,0.069296,46.111396,5.787052,-0.855499,-0.033623,14.370946,313.48542,384.50436,39.502468,1734.4372,1705.4672,42.449972,2922.79,2899.1292,36.997296,0,0,0,0,0.74,-1.32,0,0
2025/07/29 05:02:00.135,n,14.153028,89.058464,118.82984,114.18038,3.814242,3.211731,3.117389,0.125909,52.875604,6.872708,-0.856209,-0.033272,14.382902,313.48856,384.60004,45.17996,1782.8606,1704.9696,50.067956,2965.6314,2902.3532,40.179596,0,0,0,0,0.75,-1.35,0,0
2025/07/29 05:03:00.136,n,14.138284,88.9822,123.34506,122.37856,1.267996,3.388622,3.341451,0.079634,55.49848,7.23024,-0.85408,-0.029594,14.390496,313.71362,384.96756,47.443756,1712.8772,1701.1448,32.155868,2911.6382,2902.5732,22.126908,0,0,0,0,0.76,-1.37,0,0
2025/07/29 05:04:00.138,n,14.143216,89.075656,119.31564,120.87934,1.248124,3.317865,3.329658,0.061973,52.004736,6.472271,-0.858162,-0.036598,14.407878,313.4542,384.4392,44.710904,1679.4676,1704.1374,30.495902,2877.6562,2906.9122,28.142494,0,0,0,0,0.76,-1.34,0,0
2025/07/29 05:05:00.137,n,14.108692,89.212616,120.35876,119.6636,0.395285,3.424,3.341451,0.079643,51.003668,6.101059,-0.857094,-0.030296,14.410046,313.55828,385.0106,44.075812,1698.5516,1712.7578,28.007142,2895.4268,2913.8614,25.768198,0,0,0,0,0.77,-1.34,0,0
2025/07/29 05:06:00.137,n,14.131692,89.263984,122.82424,121.63796,0.785613,3.388622,3.35914,0.06093,52.147504,6.244072,-0.860291,-0.03257,14.4307,313.39318,384.92012,45.075712,1801.677,1743.6,45.197344,2976.9838,2928.9678,37.116036,0,0,0,0,0.77,-1.35,0,0
2025/07/29 05:07:00.135,n,14.12676,89.332488,133.54956,128.46584,3.53686,3.847001,3.611146,0.115542,56.5361,6.858406,-0.859406,-0.028885,14.445934,313.55192,385.32948,48.847172,1874.6702,1829.3378,22.423202,3037.077,3006.5908,17.798876,0,0,0,0,0.75,-1.36,0,0
2025/07/29 05:08:00.135,n,14.120216,89.472528,152.4586,144.04646,6.180994,4.305381,4.005434,0.207807,66.444564,8.458286,-0.860825,-0.03344,14.46006,313.50538,385.00124,57.158892,1666.51,1731.4914,45.387224,2855.8848,2919.992,40.919432,0,0,0,0,0.73,-1.33,0,0
2025/07/29 05:09:00.135,n,14.148098,89.11144,164.17224,160.50018,3.100907,4.586869,4.440228,0.145242,74.009968,9.557622,-0.860291,-0.026794,14.483974,313.68066,385.72048,63.618856,1736.2356,1646.2848,48.754488,2873.7758,2818.236,35.17954,0,0,0,0,0.77,-1.3,0,0
2025/07/29 05:10:00.135,n,14.222024,88.863696,174.34782,168.8773,3.431472,4.869894,4.716589,0.115548,79.334536,10.385232,-0.862061,-0.031166,14.506832,313.65098,385.45564,68.118408,1755.0402,1729.046,48.674428,2904.5328,2897.5818,35.788264,0,0,0,0,0.75,-1.32,0,0
2025/07/29 05:11:00.135,n,14.1875,89.019504,191.35636,185.66732,5.215662,5.328274,5.21009,0.161881,88.935192,11.840234,-0.864014,-0.031517,14.53505,313.6344,385.57684,76.262464,1818.3406,1764.0186,49.189432,2977.0972,2930.5704,36.232584,0,0,0,0,0.73,-1.32,0,0
2025/07/29 05:12:00.135,n,14.167824,89.10676,192.21982,192.24824,0.079057,5.362114,5.362883,0.054211,89.025432,11.626336,-0.865608,-0.034149,14.564424,313.65502,385.50168,76.567632,1659.5726,1688.2208,35.116948,2845.0268,2883.4476,28.719332,0,0,0,0,0.79,-1.32,0,0
2025/07/29 05:13:00.136,n,14.223634,88.91672,205.36036,199.11926,4.415527,5.786653,5.598738,0.132893,94.958168,12.525452,-0.868263,-0.035545,14.601342,313.62488,385.5772,81.6,1726.8538,1734.6458,58.940648,2491.8286,2711.616,212.26586,0,0,0,0,0.71,-1.29,0,0
2025/07/29 05:14:00.136,n,14.199024,89.094304,221.43236,214.15068,5.018715,6.209654,6.050965,0.13131,103.75478,13.83682,-0.870575,-0.035545,14.631776,313.58932,385.74164,89.082936,1817.9046,1727.6416,67.311216,2455.0498,2409.6972,52.345008,0,0,0,0,0.76,-1.33,0,0
2025/07/29 05:15:00.139,n,14.179348,89.197088,236.54194,231.80566,4.529763,6.808008,6.527033,0.192598,113.1156,15.20477,-0.87217,-0.036598,14.676304,313.69214,385.88888,97.075264,1737.805,1777.018,22.917242,2456.9312,2481.6944,27.698376,0,0,0,0,0.73,-1.29,0,0
2025/07/29 05:16:00.135,n,14.24009,88.910512,242.4962,239.73736,2.318405,6.914142,6.697259,0.145237,115.9138,15.561058,-0.873413,-0.035545,14.72189,313.83118,386.229,99.514872,1672.3782,1683.4308,32.72919,2357.8168,2382.6336,19.162464,0,0,0,0,0.73,-1.29,0,0
2025/07/29 05:17:00.135,n,14.331982,88.572384,249.0642,245.76422,2.494995,7.091034,6.921065,0.143333,119.45208,16.1157,-0.87394,-0.033966,14.770736,314.0499,386.63348,102.49642,1702.8128,1719.8586,29.264312,2363.9838,2383.9836,22.324874,0,0,0,0,0.67,-1.27,0,0
2025/07/29 05:18:00.136,n,14.34512,88.4466,254.52812,252.26062,1.973259,7.266387,7.155894,0.141555,122.21774,16.47199,-0.876251,-0.037827,14.81745,314.1029,386.54364,104.90732,1695.6936,1716.4456,42.416976,2341.9688,2362.4854,34.333656,0,0,0,0,0.74,-1.31,0,0
2025/07/29 05:19:00.135,n,14.39932,88.26008,262.42402,258.79664,2.840555,7.443278,7.361242,0.072702,126.1118,17.027252,-0.881569,-0.038704,14.87384,313.94842,386.77128,108.24168,1669.2206,1695.1578,37.368436,2294.997,2321.3308,26.936964,0,0,0,0,0.74,-1.31,0,0
2025/07/29 05:20:00.137,n,14.432178,88.406176,262.83518,264.68188,1.620185,7.549413,7.543516,0.052116,126.3682,16.771072,-0.885475,-0.039047,14.92484,313.88694,387.0172,108.7507,1747.4626,1717.0112,38.802064,2350.2496,2329.9882,26.03075,0,0,0,0,0.75,-1.3,0,0
2025/07/29 05:21:00.135,n,14.42886,88.21652,266.95142,263.92734,1.867485,7.689388,7.561206,0.093129,127.2659,16.88486,-0.887245,-0.039406,14.978054,314.02246,387.274,109.5332,1635.6234,1669.9144,31.221786,2256.1612,2294.84,28.934408,0,0,0,0,0.73,-1.3,0,0
2025/07/29 05:22:00.137,n,14.479736,87.978584,275.17472,272.58792,2.198011,7.866279,7.819621,0.07948,131.81384,17.52531,-0.891869,-0.040459,15.032608,313.9186,387.47656,113.43712,1762.4362,1751.7504,40.570928,2364.4468,2345.424,37.873476,0,0,0,0,0.73,-1.3,0,0
2025/07/29 05:23:00.140,n,14.487892,88.009688,280.3767,278.42624,1.771299,8.360037,8.090085,0.158692,134.37218,17.696304,-0.892754,-0.043434,15.09042,314.15588,387.52616,115.82656,1694.013,1679.543,36.094324,2288.7798,2274.7058,27.806474,0,0,0,0,0.74,-1.3,0,0
2025/07/29 05:24:00.143,n,14.515774,87.702992,285.18582,283.30334,1.371587,8.324659,8.266207,0.096256,136.81346,18.094876,-0.89843,-0.041153,15.139564,313.93176,387.99568,117.86128,1759.951,1685.3056,47.606724,2312.5004,2261.9766,33.947016,0,0,0,0,0.74,-1.34,0,0
2025/07/29 05:25:00.135,n,14.5238,87.74936,285.63202,286.89648,0.83666,8.290818,8.354396,0.060666,137.08186,17.90958,-0.904823,-0.044838,15.184928,313.6254,387.91508,118.3123,1595.9334,1630.9316,66.012124,2162.8384,2211.0936,59.258756,0,0,0,0,0.75,-1.31,0,0
2025/07/29 05:26:00.135,n,14.543476,87.755608,273.90618,277.3204,3.083221,7.830901,7.966261,0.095556,129.77798,16.542874,-0.904999,-0.047462,15.235102,313.88302,387.9548,112.37758,1667.7026,1629.0072,34.962836,2223.1218,2191.9744,27.166154,0,0,0,0,0.74,-1.3,0,0
2025/07/29 05:27:00.135,n,14.584492,87.621624,273.393,271.80546,0.99373,8.007792,7.925242,0.079672,128.31722,16.144302,-0.907837,-0.049919,15.281968,313.89236,387.99148,111.315,1622.8744,1646.8588,34.170164,2180.9134,2209.0266,27.298352,0,0,0,0,0.74,-1.29,0,0
2025/07/29 05:28:00.135,n,14.589424,87.736904,297.05328,285.6155,8.605958,8.641524,8.377469,0.217631,139.91602,17.923882,-0.909615,-0.048866,15.326666,313.982,388.3284,121.1314,1714.8626,1637.053,44.47696,2244.9056,2187.1004,34.005884,0,0,0,0,0.75,-1.32,0,0
2025/07/29 05:29:00.138,n,14.582882,87.820992,309.48266,306.97836,2.941088,9.116824,8.987872,0.121081,147.7801,19.005806,-0.910324,-0.050797,15.371332,314.16394,388.40028,127.91476,1587.6908,1618.0378,29.417682,2132.6916,2163.3182,27.011108,0,0,0,0,0.72,-1.33,0,0
2025/07/29 05:30:07.356,n,14.6091,87.433096,313.14202,311.73926,1.188487,9.398312,9.292946,0.066567,149.06898,19.176178,-0.912636,-0.049393,15.427978,314.27258,388.83356,129.02956,1778.6658,1724.6874,50,2309.9236,2250.6146,47.112632,0,0,0,0,0.71,-1.33,0,0
2025/07/29 05:31:00.140,n,14.669538,87.215968,142.38658,200.17332,72.028664,4.799138,6.340912,1.814965,54.784656,4.014935,-0.920258,-0.055176,15.423218,313.58734,388.29408,49.90464,1651.1782,1627.7226,32.591412,2178.4152,2162.3948,27.011108,0,0,0,0,0.74,-1.39,0,0
2025/07/29 05:32:00.142,n,14.646588,87.042768,180.99348,157.0139,14.83819,5.714358,4.868356,0.479833,70.36032,6.53072,-0.917946,-0.058334,15.428612,313.81672,388.04296,62.969988,1683.9784,1686.4244,31.234596,2198.2862,2205.6678,19.626512,0,0,0,0,0.71,-1.27,0,0
2025/07/29 05:33:00.144,n,14.671246,87.350088,246.83172,211.59206,27.91449,7.4079,6.373214,0.817071,108.17992,12.525452,-0.915642,-0.058159,15.440606,314.08146,388.12392,94.796992,1598.3554,1676.9786,48.838508,2116.0214,2191.7276,46.925472,0,0,0,0,0.74,-1.31,0,0
2025/07/29 05:34:00.135,n,14.63023,87.594776,259.1286,247.0061,6.8634,7.760144,7.372265,0.216408,113.5656,12.781632,-0.91404,-0.056053,15.460226,314.327,388.41792,99.925968,1549.311,1568.0742,31.00645,2058.0434,2069.9646,24.730548,0,0,0,0,0.77,-1.34,0,0
2025/07/29 05:35:00.135,n,14.628522,87.560496,324.14148,298.76116,19.610902,9.61212,8.811494,0.580921,147.486,18.123478,-0.915642,-0.052895,15.487442,314.33686,388.84688,128.49976,1774.6658,1653.2188,87.68808,2252.6088,2137.246,79.737072,0,0,0,0,0.72,-1.33,0,0
2025/07/29 05:36:00.135,n,14.632234,87.480616,356.07836,344.68272,9.300538,10.60425,10.10844,0.379369,166.22706,20.910988,-0.915978,-0.053596,15.503692,314.39636,388.87308,144.45368,1701.5536,1649.8556,37.097168,2197.107,2153.6282,31.06123,0,0,0,0,0.73,-1.33,0,0
2025/07/29 05:37:00.136,n,14.709332,87.307608,369.426,365.92932,3.940178,10.393518,10.369164,0.111256,174.15736,21.76347,-0.916512,-0.052895,15.5429,314.56412,389.1494,151.53028,1680.4306,1656.3896,30.20927,2181.4052,2165.9578,23.460606,0,0,0,0,0.71,-1.34,0,0
2025/07/29 05:38:00.138,n,14.742096,86.99252,354.22812,362.3862,5.552027,10.110492,10.274564,0.144013,166.29102,20.597602,-0.918991,-0.050613,15.579908,314.55148,389.55384,144.82504,1628.0884,1630.7168,19.884668,2131.0372,2138.6312,15.962456,0,0,0,0,0.75,-1.31,0,0
2025/07/29 05:39:00.141,n,14.77818,87.184416,352.65808,353.88064,1.933262,10.252006,10.22765,0.082161,164.13298,20.029282,-0.918282,-0.05307,15.626714,314.8685,389.59128,143.23848,1645.0034,1615.2042,25.15154,2134.9644,2114.738,23.073796,0,0,0,0,0.67,-1.3,0,0
2025/07/29 05:40:00.141,n,14.843758,86.611416,336.5678,343.1924,6.025985,9.861306,10.021276,0.130588,156.92848,19.104672,-0.920586,-0.052895,15.65934,314.84738,389.78508,136.95612,1566.2276,1629.9536,58.187624,2063.0958,2123.4992,47.883192,0,0,0,0,0.78,-1.33,0,0
2025/07/29 05:41:00.145,n,14.817188,86.739048,281.40464,299.986,17.701342,8.51847,8.948136,0.473485,126.60918,14.3355,-0.931763,-0.053947,15.666788,313.9212,389.73228,111.39588,1553.4678,1580.962,30.45981,2038.0044,2062.6238,25.667098,0,0,0,0,0.76,-1.35,0,0
2025/07/29 05:42:00.147,n,14.863038,86.632808,334.37796,306.22912,18.034342,9.509062,8.77791,0.50314,150.2014,17.611118,-0.928917,-0.057625,15.702658,314.3635,389.6018,131.71896,1845.7958,1764.4794,55.143448,2309.6324,2228.1428,61.760828,0,0,0,0,0.66,-1.33,0,0
2025/07/29 05:43:00.135,n,14.851562,86.779624,376.50108,365.89332,11.070796,10.888814,10.464274,0.368333,175.64042,21.550194,-0.931938,-0.054298,15.74839,314.35208,390.14716,153.21256,1625.848,1597.0014,32.829864,2091.7504,2086.778,31.749016,0,0,0,0,0.7,-1.37,0,0
2025/07/29 05:44:00.135,n,14.917092,86.574992,384.85992,380.76048,3.199609,11.17184,10.89471,0.169551,180.28998,22.275208,-0.439056,-0.051842,15.795116,357.2444,390.62092,157.62756,1703.641,1645.9176,40.73328,2163.7876,2112.111,32.698624,0,0,0,0,0.73,-1.3,0,0
2025/07/29 05:45:00.135,n,14.924806,86.891368,384.38484,384.37312,0.67082,11.313352,11.17184,0.10252,179.88396,21.990426,-0.934952,-0.055351,15.834476,314.5624,390.52464,157.01396,1652.2002,1679.7098,26.517918,2128.1182,2149.6032,21.890636,0,0,0,0,0.76,-1.31,0,0
2025/07/29 05:46:00.137,n,14.952638,86.408552,354.42912,370.79832,11.569356,10.11203,10.524776,0.305707,164.05418,19.403134,-0.939041,-0.056572,15.870346,314.405,390.61256,143.76856,1631.8032,1661.6324,27.996428,2097.9028,2125.2088,20.12958,0,0,0,0,0.73,-1.34,0,0
2025/07/29 05:47:00.139,n,14.967434,86.289704,343.84696,342.7812,3.528456,9.9336,9.83413,0.090369,155.60362,17.79517,-0.939217,-0.060783,15.894288,314.52094,390.36972,136.93002,1626.1206,1672.1902,48.854888,2082.123,2123.6866,38.776284,0,0,0,0,0.73,-1.3,0,0
2025/07/29 05:48:00.142,n,14.98872,86.4586,351.9058,349.53856,3.295831,10.218164,10.158176,0.119661,160.05504,18.55003,-0.938866,-0.058853,15.94209,314.81312,390.80296,140.625,1668.2462,1681.4892,39.033316,2126.145,2121.871,35.400568,0,0,0,0,0.74,-1.28,0,0
2025/07/29 05:49:00.144,n,14.975278,86.415992,363.90572,358.45828,4.344537,10.641166,10.453506,0.149258,165.03012,19.161254,-0.940453,-0.060257,15.96864,314.82142,390.82384,144.98866,1590.124,1634.6398,27.45906,2035.669,2078.941,25.612498,0,0,0,0,0.74,-1.33,0,0
2025/07/29 05:50:00.146,n,15.016244,86.3222,395.9066,380.70128,11.122612,11.138,10.725254,0.292296,180.98324,21.349976,-0.938324,-0.06411,16.008834,315.2259,390.702,158.75906,1802.6774,1697.3022,79.834832,2222.8352,2123.1778,71.1646,0,0,0,0,0.73,-1.34,0,0
2025/07/29 05:51:00.148,n,15.01463,86.306568,415.79024,410.10144,5.592406,11.704052,11.562538,0.158152,193.0606,23.055562,-0.939209,-0.062012,16.063142,315.44726,391.18628,169.12784,1785.5662,1721.44,69.58448,2204.6072,2146.5086,51.454832,0,0,0,0,0.64,-1.32,0,0
2025/07/29 05:52:00.136,n,15.044064,86.136032,430.94548,422.39808,6.206851,12.34086,12.034248,0.258687,200.68882,23.765652,-0.940819,-0.062706,16.091064,315.46118,391.2778,176.04504,1702.6316,1634.516,45.753688,2095.6662,2063.1666,35.69874,0,0,0,0,0.78,-1.33,0,0
2025/07/29 05:53:00.136,n,15.076824,85.846424,439.71548,436.61372,2.54951,12.342398,12.25985,0.096762,205.87632,24.532948,-0.941887,-0.060951,16.134484,315.60718,391.67204,180.46246,1830.7182,1783.4592,37.709416,2210.716,2179.283,28.376048,0,0,0,0,0.74,-1.35,0,0
2025/07/29 05:54:00.137,n,15.132488,85.96548,450.36468,445.36728,3.622844,12.766938,12.55441,0.13635,211.0861,25.193916,-0.938866,-0.063408,16.180074,316.11896,391.70424,185.01676,1828.7078,1790.3992,26.44239,2211.158,2178.8444,22.099774,0,0,0,0,0.78,-1.31,0,0
2025/07/29 05:55:00.140,n,15.168476,85.758736,445.14136,449.03648,3.424179,12.766938,12.695924,0.111967,209.5471,24.830788,-0.9394,-0.062355,16.236502,316.38282,392.1078,183.83926,1635.2134,1718.3182,60.202992,2024.9504,2108.1404,57.591668,0,0,0,0,0.78,-1.37,0,0
2025/07/29 05:56:00.142,n,15.19331,85.812368,417.86584,429.89672,7.985925,12.130128,12.28933,0.162417,194.0628,22.203702,-0.942238,-0.066032,16.28436,316.4004,392.04432,170.98292,1614.041,1612.1602,15.21841,1988.047,1990.9924,14.93988,0,0,0,0,0.74,-1.4,0,0
2025/07/29 05:57:00.144,n,15.211282,85.493328,403.94256,412.09508,5.346728,11.424102,11.571256,0.138173,185.91036,20.967572,-0.944016,-0.066208,16.315786,316.4195,392.20164,164.06498,1874.8688,1782.3198,64.62198,2215.169,2134.1062,58.709452,0,0,0,0,0.75,-1.29,0,0
2025/07/29 05:58:00.147,n,15.195606,85.523064,386.52288,392.47412,7.020506,10.893428,11.117746,0.238377,174.3932,18.862792,-0.944344,-0.067261,16.341836,316.53434,392.25136,154.65332,1768.2092,1794.3638,26,2128.107,2154.917,22.86482,0,0,0,0,0.63,-1.39,0,0
2025/07/29 05:59:00.150,n,15.251222,85.573024,384.81424,384.8932,0.53619,10.893428,10.79319,0.075664,173.20084,18.663196,-0.942207,-0.06884,16.363546,316.83868,392.23064,153.66428,1688.9392,1684.7794,25.737134,2033.1836,2035.5192,26.42726,0,0,0,0,0.79,-1.44,0,0
2025/07/29 06:00:07.059,n,15.29707,85.288784,363.25092,374.54124,8.64364,10.362754,10.586816,0.213097,161.7408,16.827656,-0.943108,-0.067261,16.378706,316.84412,392.45424,144.03732,1728.3572,1675.0454,39.334464,2058.876,2026.2358,27.79928,0,0,0,0,0.69,-1.38,0,0
2025/07/29 06:01:00.136,n,15.309376,85.257864,407.22732,383.113,20.43924,11.600992,10.863946,0.578927,185.71334,20.398006,-0.942368,-0.067612,16.38966,316.96844,392.48332,164.44058,1674.2542,1694.5244,38.745324,2032.79,2040.8486,30.567956,0,0,0,0,0.73,-1.33,0,0
2025/07/29 06:02:00.139,n,15.304494,85.195368,444.82156,423.90748,16.234994,12.51929,11.842232,0.396718,204.7736,22.870266,-0.939529,-0.065514,16.418936,317.37528,392.831,181.02932,1744.5464,1745.0634,40.89988,2095.6578,2081.7138,28.135388,0,0,0,0,0.77,-1.38,0,0
2025/07/29 06:03:00.140,n,15.340088,85.398488,460.54484,455.6908,4.494441,13.12072,12.908708,0.174448,214.75518,24.666634,-0.933487,-0.063408,16.45144,318.07696,393.197,189.21848,1715.5498,1691.9572,41.626916,2044.309,2030.1518,30.1264,0,0,0,0,0.74,-1.4,0,0
2025/07/29 06:04:00.143,n,15.36203,85.279048,465.58696,463.90016,3.758324,13.368368,13.162508,0.200037,218.06732,25.038468,-0.935814,-0.063232,16.472694,317.9927,393.32964,192.15626,1696.7676,1714.0234,26.540534,2027.1342,2040.6368,18.994736,0,0,0,0,0.71,-1.28,0,0
2025/07/29 06:05:00.145,n,15.399872,85.124352,473.80872,469.90568,2.252776,13.334528,13.06919,0.168576,222.00992,25.551448,-0.938477,-0.060951,16.507386,317.95358,393.7234,195.58094,1593.2596,1602.4292,22.21711,1914.1618,1931.966,28.23473,0,0,0,0,0.75,-1.36,0,0
2025/07/29 06:06:00.147,n,15.455636,84.797544,472.39096,474.74376,1.24499,13.47604,13.428868,0.104232,222.54958,25.650936,-0.937943,-0.060074,16.553942,318.25654,394.05812,196.02076,1862.8304,1825.612,72.622304,2161.7254,2116.2762,69.50396,0,0,0,0,0.72,-1.38,0,0
2025/07/29 06:07:00.138,n,15.472168,84.572968,481.8112,477.95056,4.803645,13.72215,13.605248,0.136574,226.42306,25.977378,-0.938438,-0.063576,16.58749,318.39862,393.93208,199.5708,1791.978,1739.1298,48.020828,2106.7282,2047.2076,49.83172,0,0,0,0,0.77,-1.28,0,0
2025/07/29 06:08:00.151,n,15.496778,84.601096,483.81828,483.68912,1.596872,13.546798,13.428868,0.113429,227.55492,25.920796,-0.940033,-0.064102,16.625406,318.46978,394.09444,200.7582,1790.282,1702.9122,78.41428,2105.542,2027.9974,58.930464,0,0,0,0,0.74,-1.46,0,0
2025/07/29 06:09:00.137,n,15.50005,84.541616,480.68128,483.31752,1.884144,13.47604,13.517316,0.034233,225.08736,25.450718,-0.941277,-0.064804,16.665476,318.58344,394.25328,198.76018,1772.8016,1718.9916,57.5465,2099.1446,2047.4224,45.87374,0,0,0,0,0.76,-1.32,0,0
2025/07/29 06:10:00.135,n,15.537014,84.769728,499.69084,490.99208,5.572253,14.042092,13.823926,0.187825,233.42256,26.433776,-0.941658,-0.064102,16.704438,318.7656,394.53084,206.11122,1590.347,1643.5712,53.21842,1934.125,1982.2852,39.744184,0,0,0,0,0.74,-1.39,0,0
2025/07/29 06:11:00.135,n,15.596142,84.813528,509.42324,507.022,3.236511,14.183606,14.101056,0.135497,239.69794,27.160034,-0.941834,-0.064102,16.770496,319.11548,394.89588,211.66018,1655.255,1711.5142,49.103968,2002.815,2039.0328,42.142616,0,0,0,0,0.81,-1.33,0,0
2025/07/29 06:12:00.135,n,15.645364,84.445704,503.34868,510.11488,3.581201,14.042092,14.277948,0.121735,237.6958,26.73286,-0.946808,-0.065506,16.81487,318.93042,395.01644,210.08164,1690.7686,1737.4498,54.863468,2025.522,2063.674,45.93474,0,0,0,0,0.79,-1.33,0,0
2025/07/29 06:13:00.135,n,15.67378,84.288336,511.51564,508.15828,3.082207,14.431254,14.307174,0.185273,240.65162,27.018886,-0.949654,-0.067078,16.84027,318.82468,395.01732,212.75016,1753.9976,1747.7784,38.099868,2072.1392,2069.8596,30.384206,0,0,0,0,0.72,-1.38,0,0
2025/07/29 06:14:00.135,n,15.65083,84.300832,523.013,517.7862,3.286335,14.46817,14.326658,0.114073,245.27378,27.288746,-0.95285,-0.069183,16.891166,318.82978,395.11192,217.10136,1717.0458,1744.4692,23.452078,2051.8648,2065.8264,16.673332,0,0,0,0,0.73,-1.31,0,0
2025/07/29 06:15:00.135,n,15.74115,84.18176,527.49016,527.40572,0.353553,14.821952,14.704024,0.076706,247.42552,27.687938,-0.954803,-0.066727,16.937762,318.91876,395.58804,218.8495,1716.1948,1655.3012,43.266616,2027.08,1979.314,30.133038,0,0,0,0,0.73,-1.34,0,0
2025/07/29 06:16:00.135,n,15.76083,84.155152,540.53172,538.20152,4.491659,14.928088,14.863228,0.154047,254.37818,28.47078,-0.959785,-0.067253,17.001602,318.84136,395.89488,225.01486,1583.4504,1659.4492,53.905472,1922.7874,1990.9042,43.464928,0,0,0,0,0.71,-1.44,0,0
2025/07/29 06:17:00.137,n,15.723084,83.742608,566.81584,551.0484,10.175952,15.600274,15.15779,0.358218,266.79474,29.751056,-0.959969,-0.078651,17.017746,318.9148,394.97184,236.16238,1712.0334,1660.0332,71.912448,2034.0272,1967.2016,63.667888,0,0,0,0,0.83,-1.32,0,0
2025/07/29 06:18:00.138,n,15.7329,83.935568,568.22752,568.37752,1.767767,15.91714,15.841,0.092702,270.47238,30.262794,-0.966362,-0.071815,17.066428,318.63166,395.84888,239.31504,1678.1618,1615.6474,38.374468,1996.1214,1943.1856,31.80566,0,0,0,0,0.76,-1.31,0,0
2025/07/29 06:19:00.135,n,15.73927,84.172792,497.27408,546.21748,40.25854,14.645062,15.587712,0.741027,250.09638,27.573528,-0.961342,-0.073036,17.095056,319.22468,395.8992,221.63456,1757.1062,1665.078,71.365256,2068.071,1979.962,63.137944,0,0,0,0,0.77,-1.33,0,0
2025/07/29 06:20:00.135,n,15.786878,84.059952,590.50048,588.73128,2.97069,16.094032,16.159148,0.136484,279.888,30.830494,-0.95974,-0.072861,17.164284,319.74722,396.29872,248.17062,1541.4848,1602.4148,57.252076,1870.5054,1934.2586,54.022216,0,0,0,0,0.68,-1.31,0,0
2025/07/29 06:21:00.135,n,15.826234,84.041096,592.27308,593.63884,2.519921,16.447816,16.341682,0.132214,280.70748,31.015168,-0.966316,-0.074265,17.190176,319.32214,396.31792,248.80028,1708.2322,1607.9014,77.1842,2006.0226,1915.3498,64.930732,0,0,0,0,0.77,-1.32,0,0
2025/07/29 06:22:00.135,n,15.846894,83.866176,589.19392,593.96168,2.607681,16.658546,16.571384,0.091243,278.54944,30.731628,-0.966133,-0.071808,17.25373,319.6908,396.88888,246.9235,1773.1336,1741.4608,39.924932,2078.436,2042.9414,43.160168,0,0,0,0,0.76,-1.32,0,0
2025/07/29 06:23:00.135,n,15.912472,83.7814,609.7674,596.35884,8.458724,17.084624,16.612914,0.295639,288.11526,32.166732,-0.938423,-0.072693,17.316342,322.43576,397.1582,255.0828,1625.6012,1704.2164,48.270072,1952.5584,2010.545,37.469988,0,0,0,0,0.76,-1.31,0,0
2025/07/29 06:24:00.135,n,15.921944,83.649104,648.81896,634.60576,12.085114,18.178272,17.666056,0.377175,310.01144,34.269644,-0.901665,-0.074081,17.366984,325.89704,397.31636,274.91418,1703.999,1660.8188,30.541774,2010.5866,1972.712,23.958298,0,0,0,0,0.75,-1.34,0,0
2025/07/29 06:25:00.136,n,15.951436,83.360128,635.14088,602.44588,60.3523,17.650674,16.620348,1.634759,302.6619,33.659044,-0.951561,-0.076538,17.425258,321.90502,397.42248,268.1278,1544.6356,1564.202,48.12068,1859.5256,1885.3222,45.117624,0,0,0,0,0.77,-1.4,0,0
2025/07/29 06:26:00.137,n,15.94001,83.474832,634.4754,636.94416,1.702939,17.616834,17.65734,0.05612,302.06912,33.07642,-0.956184,-0.081619,17.471436,321.76206,397.22816,268.11816,1595.676,1665.5626,48.559244,1926.384,1966.2832,36.2381,0,0,0,0,0.75,-1.39,0,0
2025/07/29 06:27:00.141,n,15.971768,82.9136,636.57692,635.30864,2.889637,17.72297,17.721944,0.131936,302.00232,32.49442,-0.960426,-0.086006,17.50232,321.56708,397.01052,268.63348,1626.551,1586.9444,50.83306,1926.6818,1897.5434,38.827824,0,0,0,0,0.62,-1.35,0,0
2025/07/29 06:28:00.135,n,15.963512,83.298848,636.36676,638.76292,2.012461,17.686052,17.698358,0.088526,295.00284,31.883194,-0.961853,-0.079514,17.539206,321.64916,397.79268,262.2373,1637.5292,1581.3242,50.4361,1943.971,1892.3448,38.084116,0,0,0,0,0.74,-1.34,0,0
2025/07/29 06:29:00.136,n,16.036408,83.222936,621.9684,633.07616,11.504348,17.439944,17.44507,0.72912,296.6395,31.939778,-0.94799,-0.078636,17.59109,323.1374,398.15964,263.83036,1573.9852,1537.2396,37.218276,1876.0844,1848.9512,27.408028,0,0,0,0,0.75,-1.32,0,0
2025/07/29 06:30:07.087,n,15.998666,82.78036,649.8728,647.34612,5.674505,17.687592,17.604788,0.155702,307.48678,32.508098,-0.967896,-0.092491,17.617116,321.56066,397.07436,274.1033,1585.0326,1594.1742,26.634564,1902.1468,1899.2252,23.263706,0,0,0,0,0.82,-1.36,0,0
2025/07/29 06:31:00.135,n,15.945038,83.254112,649.77228,622.1292,60.590016,17.898324,17.315862,1.110486,306.57592,32.66417,-0.966454,-0.085823,17.628232,321.74734,397.72844,273.03112,1580.7172,1493.0018,60.005,1873.301,1807.5366,49.339636,0,0,0,0,0.71,-1.33,0,0
2025/07/29 06:32:00.136,n,16.056516,82.967976,657.49456,638.37132,42.41226,18.287484,17.728864,1.134627,310.4483,33.459446,-0.953835,-0.079163,17.675948,323.10498,398.586,276.1142,1712.0054,1649.9526,37.161808,2009.1458,1954.5644,30.528676,0,0,0,0,0.75,-1.34,0,0
2025/07/29 06:33:00.137,n,16.13384,83.081104,609.00904,628.5904,34.306704,17.264592,17.552488,0.826694,283.58792,29.993556,-0.908592,-0.082146,17.722682,327.27954,398.58196,252.76792,1489.295,1542.9966,76.046032,1815.26,1867.0898,62.06126,0,0,0,0,0.76,-1.32,0,0
2025/07/29 06:34:00.138,n,16.08794,82.626216,628.87896,593.73528,34.174552,16.981564,16.334502,0.941956,262.9869,25.824418,-0.896889,-0.082497,17.762764,328.51568,398.77452,236.34812,1628.7938,1518.2706,79.658024,1916.1172,1822.613,64.243288,0,0,0,0,0.81,-1.41,0,0
2025/07/29 06:35:00.141,n,16.145264,82.358,751.87528,694.50936,42.608096,20.796262,19.207062,1.1022,360.46572,39.278208,-0.857353,-0.08355,17.79528,332.11738,398.86268,320.41372,1640.1074,1611.2846,27.971414,1945.3814,1917.9372,21.633308,0,0,0,0,0.78,-1.53,0,0
2025/07/29 06:36:00.144,n,16.124024,82.474064,772.82344,771.19368,4.821826,21.431534,21.431534,0.118173,380.50652,41.799592,-0.868866,-0.082848,17.843028,331.38812,399.19168,337.92092,1532.6122,1527.958,42.51588,1849.8106,1853.7044,32.03748,0,0,0,0,0.84,-1.35,0,0
2025/07/29 06:37:00.135,n,16.079262,82.745368,410.41768,549.43804,230.34924,12.140896,15.661288,5.846058,245.86138,24.542274,-0.913528,-0.090912,17.824894,327.42328,398.37416,220.4965,1583.036,1555.443,70.655504,1901.978,1860.022,62.99206,0,0,0,0,0.76,-1.35,0,0
2025/07/29 06:38:00.135,n,16.154652,82.49288,752.31088,586.1538,158.9452,20.619372,16.409872,4.007101,357.65556,39.092292,-0.907143,-0.087753,17.851966,328.12696,398.80596,317.7439,1594.6524,1566.5634,64.479456,1918.7218,1880.7758,56.727416,0,0,0,0,0.82,-1.34,0,0
2025/07/29 06:39:00.135,n,16.22345,82.641896,784.23552,767.92208,13.009612,21.71456,21.190038,0.387361,383.04432,41.443924,-0.80426,-0.077408,17.91051,337.3542,400.05216,340.87352,1579.8512,1538.572,58.71116,1901.673,1855.4238,53.092372,0,0,0,0,0.76,-1.31,0,0
2025/07/29 06:40:00.136,n,16.306466,82.241032,790.21264,798.83112,13.787676,21.889914,22.01912,0.40625,390.56288,42.448744,-0.832504,-0.070572,17.97437,335.2681,401.0164,347.35224,1354.4302,1419.8934,67.193752,1692.6178,1748.758,58.706048,0,0,0,0,0.78,-1.33,0,0
2025/07/29 06:41:00.137,n,16.394894,82.104416,511.6542,515.3174,208.20388,14.157456,14.655316,5.339305,183.99958,16.543496,-0.957191,-0.079338,18.004674,324.65164,400.40748,166.57826,1423.9348,1488.5152,71.96388,1753.7658,1801.1786,54.254956,0,0,0,0,0.71,-1.34,0,0
2025/07/29 06:42:00.136,n,16.358906,81.231616,753.61592,651.87708,131.80136,21.042374,18.282354,3.302694,361.20128,39.375208,-0.928246,-0.088982,18.031774,327.30734,399.70276,320.98678,1523.6174,1550.1134,62.345808,1851.3392,1853.5502,55.974996,0,0,0,0,0.78,-1.4,0,0
2025/07/29 06:43:00.140,n,16.372738,81.794528,731.8668,757.77632,13.852798,20.371726,21.025196,0.343679,360.60336,38.922544,-0.920815,-0.084076,18.084484,328.24536,400.43364,320.84408,1518.199,1489.8932,40.721,1855.263,1812.3178,37.62446,0,0,0,0,0.78,-1.37,0,0
2025/07/29 06:44:00.140,n,16.492218,81.695456,771.84728,758.75776,25.990384,21.397694,20.76114,0.850953,375.26308,40.906072,-0.923653,-0.07531,18.17327,328.49758,401.70988,333.50866,1502.3676,1423.548,47.097772,1798.265,1740.748,36.829336,0,0,0,0,0.73,-1.37,0,0
2025/07/29 06:45:00.143,n,16.493936,81.685312,729.27184,693.10784,73.984792,19.98564,19.325758,1.958829,350.38652,36.52552,-0.951851,-0.080727,18.226402,326.35632,401.52684,312.9899,1478.3574,1475.276,51.50534,1797.2538,1776.6846,44.93996,0,0,0,0,0.78,-1.38,0,0
2025/07/29 06:46:00.135,n,16.577382,81.496544,794.28016,783.09136,12.551892,21.822234,21.609704,0.37617,387.02576,41.811404,-0.901077,-0.081436,18.297774,331.14892,401.86428,344.39472,1581.1294,1553.8236,42.130748,1859.786,1841.522,33.952908,0,0,0,0,0.77,-1.36,0,0
2025/07/29 06:47:00.136,n,16.57925,80.579776,787.48376,830.10544,24.110164,21.92683,22.603118,0.424701,390.03752,41.4147,-0.920776,-0.090027,18.363174,329.81234,401.4688,347.79208,1564.46,1552.1426,34.707348,1851.5776,1835.2738,25.992306,0,0,0,0,0.73,-1.35,0,0
2025/07/29 06:48:00.136,n,16.562844,80.951992,793.81872,604.09716,203.34022,21.751476,16.670594,5.737216,382.31564,40.366972,-0.942963,-0.098099,18.371918,327.9422,400.80104,341.10384,1541.7548,1573.4564,35.869204,1852.8106,1869.6384,27.327642,0,0,0,0,0.78,-1.43,0,0
2025/07/29 06:49:00.135,n,16.533092,80.532008,838.62056,721.198,140.44128,23.268128,20.544002,2.965467,401.80364,42.901412,-0.903381,-0.0895,18.432296,331.70544,401.90392,358.08836,1313.9136,1359.7736,37,1635.5244,1679.7548,34.82528,0,0,0,0,0.77,-1.33,0,0
2025/07/29 06:50:00.137,n,16.547792,81.005048,732.88712,785.1696,87.266256,21.222342,21.957594,1.921469,373.63724,39.602164,-0.887947,-0.088615,18.490654,333.36892,402.31084,333.23574,1399.672,1403.767,54.275224,1703.537,1698.2032,42.38868,0,0,0,0,0.76,-1.4,0,0
2025/07/29 06:51:00.139,n,16.616494,80.453048,824.09576,842.15528,12.336936,22.634396,23.363494,0.449229,401.87672,42.505328,-0.945091,-0.091606,18.557624,328.8025,402.42208,358.51792,1379.6228,1386.8052,27.846004,1686.4858,1688.1098,20.774984,0,0,0,0,0.68,-1.41,0,0
2025/07/29 06:52:00.141,n,16.597168,80.661808,807.19376,811.83128,6.107373,21.963746,22.364188,0.218191,390.26196,40.311012,-0.990784,-0.089493,18.600524,325.09146,402.85136,349.04968,1467.6116,1398.9878,50.2832,1751.2362,1691.7814,39.400508,0,0,0,0,0.78,-1.45,0,0
2025/07/29 06:53:00.142,n,16.616798,80.751744,685.58784,729.91192,107.53186,18.928908,19.540336,2.956686,356.14568,34.313172,-1.011589,-0.095634,18.60917,323.34034,402.35456,320.91654,1458.5624,1495.1664,34.193564,1766.707,1791.8228,41.289224,0,0,0,0,0.75,-1.3,0,0
2025/07/29 06:54:00.145,n,16.561184,80.560872,660.60268,610.7686,213.11686,15.2911,16.57292,5.406372,197.07458,11.545502,-1.009453,-0.105629,18.589692,323.41546,401.35728,184.62524,1486.6274,1490.6076,56.797884,1786.9584,1787.763,35.75472,0,0,0,0,0.8,-1.32,0,0
2025/07/29 06:55:00.135,n,16.586282,80.90316,827.66976,824.03768,3.464102,22.352908,22.735146,0.206226,396.44824,40.394956,-1.003914,-0.09388,18.644108,324.20114,402.70724,355.14324,1460.4516,1448.876,70.936592,1793.9932,1763.3758,63.649036,0,0,0,0,0.63,-1.19,0,0
2025/07/29 06:56:00.135,n,16.604298,79.919568,796.48368,811.22344,14.877836,21.85915,22.105516,0.477318,381.0616,38.63838,-1.020813,-0.101593,18.641954,322.72726,402.01024,341.504,1284.9398,1306.8814,22.108822,1604.6758,1629.184,18.027756,0,0,0,0,0.65,-1.21,0,0
2025/07/29 06:57:00.135,n,16.623878,80.671328,651.63928,775.6556,62.4884,20.057934,21.587916,0.969506,363.76988,37.68828,-1.016007,-0.096504,18.666776,323.2829,402.602,325.1621,1504.14,1445.312,63.54054,1801.6606,1740.248,59.602012,0,0,0,0,0.9,-1.35,0,0
2025/07/29 06:58:00.136,n,16.58955,80.117224,832.06776,762.35768,101.85922,22.74053,21.305402,2.190288,370.00072,36.298564,-0.996086,-0.103355,18.641954,324.86628,401.85368,332.80944,1558.7114,1500.484,60.855568,1858.0254,1794.4688,53.295404,0,0,0,0,0.76,-1.39,0,0
2025/07/29 06:59:00.141,n,16.593288,80.249152,855.66416,842.14696,12.15319,23.58807,23.19378,0.279945,414.84436,41.64974,-0.943398,-0.103775,18.644108,329.4361,401.82848,372.355,1340.9502,1349.8956,42.885896,1656.1206,1660.127,32.92112,0,0,0,0,0.75,-1.41,0,0
2025/07/29 07:00:07.210,n,16.607984,79.974208,569.08488,743.0012,121.49774,16.8662,20.261232,2.758713,353.91456,32.787284,-0.868179,-0.104126,18.614974,335.77868,401.63312,320.36322,1443.1484,1417.6586,73.394824,1756.4222,1719.2622,63.400316,0,0,0,0,0.84,-1.3,0,0
2025/07/29 07:01:00.143,n,16.648904,80.430696,934.2728,843.84824,131.6913,25.407744,23.096108,3.187033,393.8054,38.85912,-0.894241,-0.089394,18.674346,333.8588,403.27608,354.1414,1241.1284,1299.8754,65.755608,1563.6062,1621.624,59.099916,0,0,0,0,0.71,-1.29,0,0
2025/07/29 07:02:00.146,n,16.72773,79.909048,934.50128,946.0688,7.34847,25.72461,25.918932,0.203125,458.48764,47.82106,-0.946205,-0.092209,18.710622,329.56826,403.23068,409.81264,1305.563,1353.3242,65.831604,1611.7396,1644.4988,44.17692,0,0,0,0,0.67,-1.34,0,0
2025/07/29 07:03:00.148,n,16.714642,79.813248,933.41544,922.38104,7.563069,25.583096,24.988588,0.321663,454.33032,46.828676,-0.963966,-0.093262,18.745172,328.22662,403.33196,406.63096,1365.8292,1363.0348,21.831172,1668.9092,1655.6422,14.805406,0,0,0,0,0.63,-1.32,0,0
2025/07/29 07:04:00.135,n,16.884614,80.010216,938.5444,913.322,52.513808,25.829204,25.258796,1.094732,462.14812,48.572812,-0.957924,-0.079231,18.820696,329.1755,405.0042,412.69664,1448.8234,1446.5088,47.648716,1724.3348,1722.2184,33.081718,0,0,0,0,0.76,-1.34,0,0
2025/07/29 07:05:00.136,n,16.954876,79.986488,305.1106,562.0088,217.91712,9.16297,16.40372,5.982515,141.65662,8.158581,-0.963615,-0.086594,18.844412,328.81708,404.48424,132.621,1497.3572,1463.3258,54.415068,1777.5946,1736.9756,41.985712,0,0,0,0,0.74,-1.35,0,0
2025/07/29 07:06:00.138,n,16.992652,79.698544,953.7468,730.93072,325.22122,25.793828,20.444274,8.551584,445.34928,45.608712,-0.902206,-0.090637,18.880918,334.33538,404.33124,398.929,1389.8488,1415.2662,52.176624,1697.556,1710.6,36.381312,0,0,0,0,0.73,-1.36,0,0
2025/07/29 07:07:00.140,n,16.959988,78.6714,1021.1338,867.96128,220.69844,27.344318,23.085594,6.198834,502.23172,52.057976,-0.871353,-0.100983,18.948844,337.3882,403.79632,449.40336,1415.6438,1419.927,45.917316,1707.2868,1709.259,32.61288,0,0,0,0,0.79,-1.36,0,0
2025/07/29 07:08:00.142,n,16.883228,79.986928,922.54088,998.47776,46.265536,25.33391,27.061548,0.970412,456.24168,47.49524,-0.939644,-0.088531,19.015726,331.85876,405.28016,407.89532,1438.24,1380.9512,37.464648,1706.6804,1658.7898,28.76456,0,0,0,0,0.74,-1.32,0,0
2025/07/29 07:09:00.144,n,17.012268,79.115128,306.20856,721.94856,318.27756,8.98454,20.024864,8.228583,144.36172,8.059094,-1.019112,-0.096947,19.027472,325.05084,404.59928,135.38046,1366.5676,1384.917,50.01,1650.8226,1662.9618,36.9107,0,0,0,0,0.72,-1.4,0,0
2025/07/29 07:10:00.151,n,16.896252,79.441688,867.89856,859.60592,193.37012,23.57115,23.263258,5.045293,429.18828,43.882608,-1.009499,-0.103783,19.042544,325.96778,404.07748,384.39996,1351.7158,1395.6212,43.710412,1671.6622,1672.415,31.931176,0,0,0,0,0.74,-1.32,0,0
2025/07/29 07:11:00.148,n,16.858654,79.424312,919.11752,827.84136,214.21986,24.629422,22.457502,4.945203,446.74036,43.345376,-0.964348,-0.109055,19.01778,329.73348,403.46924,402.53968,1369.896,1392.3258,53.233448,1651.6262,1665.183,39.153544,0,0,0,0,0.8,-1.27,0,0
2025/07/29 07:12:00.150,n,16.839076,79.200336,1007.3568,1013.6336,15.67801,27.767318,27.644006,0.311561,503.46492,51.222904,-0.871902,-0.101334,19.07054,338.02884,404.45332,451.47144,1281.272,1315.9702,21.766946,1563.6456,1589.7278,17.158088,0,0,0,0,0.78,-1.41,0,0
2025/07/29 07:13:00.140,n,16.873352,79.348056,1022.981,837.2664,301.2922,28.261076,23.360932,7.853561,509.65464,52.750036,-0.871887,-0.097298,19.076116,338.06176,404.8434,456.13,1442.8236,1427.5016,51.840136,1710.1012,1694.6602,46.587552,0,0,0,0,0.73,-1.33,0,0
2025/07/29 07:14:00.139,n,16.860318,79.026232,384.17464,432.8932,157.75924,11.034942,12.705668,4.929661,172.36422,10.369064,-0.850624,-0.113083,18.980134,339.35816,402.89852,161.25764,1287.3952,1355.1234,60.156464,1589.9156,1640.381,44.515168,0,0,0,0,0.81,-1.55,0,0
2025/07/29 07:15:00.141,n,16.7672,79.417392,378.29196,710.8308,332.47848,10.998024,19.923856,8.804078,190.52908,12.54908,-0.94017,-0.106422,18.949954,331.44134,403.3194,177.14624,1377.7618,1347.3616,49.016324,1675.1062,1630.5118,48.156,0,0,0,0,0.81,-1.35,0,0
2025/07/29 07:16:00.142,n,16.765492,79.032528,984.67864,776.02592,337.0658,27.272022,21.342062,8.74205,481.4146,47.819816,-0.97303,-0.114494,18.897134,328.30032,402.30404,432.73624,1301.6666,1348.5614,98.771456,1595.4674,1622.6276,79.142904,0,0,0,0,0.84,-1.66,0,0
2025/07/29 07:17:00.144,n,16.706708,79.213904,316.96436,520.17444,252.07544,9.584432,15.229572,7.029897,137.02418,6.159508,-1.007515,-0.113266,18.795934,324.74578,401.84172,129.97042,1498.6858,1485.319,36.502056,1784.3322,1748.0494,44.510672,0,0,0,0,0.74,-1.52,0,0
2025/07/29 07:18:00.135,n,16.716474,79.61112,403.5284,426.4044,144.4988,11.847102,12.746428,4.211791,191.86538,13.530896,-1.00769,-0.108353,18.751698,324.48114,402.0286,177.43514,1385.8798,1390.8076,45.071056,1658.6366,1665.644,36.271204,0,0,0,0,0.87,-1.39,0,0
2025/07/29 07:19:00.148,n,16.73283,79.308488,987.75632,969.12592,60.492148,26.459862,26.436274,1.223907,483.73908,48.897388,-0.983688,-0.093094,18.771142,326.66708,403.49336,433.95104,1437.3056,1373.7534,47.012764,1682.113,1634.591,35.165324,0,0,0,0,0.83,-1.4,0,0
2025/07/29 07:20:00.150,n,16.811298,78.509512,1003.6198,990.7568,7.266361,27.37662,27.065394,0.180332,491.82128,50.696864,-0.941231,-0.090645,18.787322,330.43112,403.80212,440.27384,1381.1346,1330.6592,56.808448,1630.8972,1590.6694,44.676616,0,0,0,0,0.78,-1.42,0,0
2025/07/29 07:21:00.137,n,16.81784,78.443104,1073.9944,870.34112,247.3538,29.80849,24.5179,6.326277,530.74248,55.339192,-0.831856,-0.092049,18.79812,339.9536,403.73844,474.66348,1416.1738,1358.1342,66.44998,1669.0066,1619.8448,51.316664,0,0,0,0,0.76,-1.22,0,0
2025/07/29 07:22:00.138,n,16.973064,78.451008,1178.4168,1061.6586,150.12262,32.029628,29.162196,3.782412,482.16836,46.203148,-0.704788,-0.072937,18.879028,351.40232,405.89248,435.33336,1365.8402,1414.6006,57.349804,1651.9886,1669.2906,44.265112,0,0,0,0,0.73,-1.29,0,0
2025/07/29 07:23:00.135,n,17.03674,77.624504,418.08668,599.92836,205.58818,12.694642,17.407896,5.315996,214.20866,16.491264,-0.77124,-0.093094,18.87583,345.6358,404.08424,197.03926,1444.1586,1366.1568,62.907868,1697.9632,1625.7192,55.2431,0,0,0,0,0.67,-1.3,0,0
2025/07/29 07:24:00.135,n,16.920772,78.852432,1089.0476,784.60528,327.96432,29.985382,21.87607,8.60916,538.7016,56.17364,-0.832748,-0.089066,18.854202,340.19304,404.32,481.78424,1367.4336,1335.277,47.292704,1644.0388,1610.077,37.802116,0,0,0,0,0.72,-1.31,0,0
2025/07/29 07:25:00.135,n,17.017158,77.694232,904.38568,1021.9866,60.960644,26.178374,28.422584,1.192465,487.29248,51.490276,-0.882164,-0.081177,18.949104,336.4544,405.55668,435.00124,1324.1616,1342.428,29.35643,1604.3968,1613.753,23.08246,0,0,0,0,0.64,-1.5,0,0
2025/07/29 07:26:00.135,n,17.10368,77.906536,718.56936,999.14256,137.66808,22.120642,27.893194,2.855795,470.54816,47.692348,-0.894043,-0.073296,19.013802,335.7926,406.6224,422.03508,1366.7734,1382.1832,36.755952,1642.058,1645.3574,24.811286,0,0,0,0,0.78,-1.47,0,0
2025/07/29 07:27:00.135,n,17.205352,77.190512,1049.4692,1051.2358,6.678324,29.13938,28.98069,0.292818,520.26552,54.194464,-0.882172,-0.07312,19.064698,337.10752,406.92596,465.26196,1352.5726,1351.788,34.105716,1619.9304,1613.591,23.224988,0,0,0,0,0.75,-1.43,0,0
2025/07/29 07:28:00.135,n,17.283672,76.651648,1125.8348,1095.8726,23.233596,30.65603,29.804132,0.688139,557.831,57.715072,-0.820229,-0.070488,19.158402,342.99652,407.69032,499.36616,1291.518,1342.6224,53.903616,1558.264,1590.5392,39.24538,0,0,0,0,0.74,-1.36,0,0
2025/07/29 07:29:00.136,n,17.340802,76.711752,1171.9706,1149.4548,15.440208,31.958874,31.296172,0.526449,588.13576,61.611864,-0.762558,-0.062775,19.28441,348.69952,409.0896,525.82408,1309.6776,1343.1272,41.578844,1577.5888,1585.671,29.175332,0,0,0,0,0.67,-1.38,0,0
2025/07/29 07:30:07.060,n,17.556088,75.927184,1226.4652,1003.347,230.95714,33.052524,27.846024,5.684821,585.09944,60.737,-0.709755,-0.069786,19.39313,353.8842,409.08384,523.7224,1465.7152,1391.9006,54.949068,1701.9516,1633.627,42.149736,0,0,0,0,0.73,-1.42,0,0
2025/07/29 07:31:00.135,n,17.525082,75.57308,474.2412,814.21232,357.82908,13.932882,23.287354,9.485354,237.67696,19.137004,-0.75174,-0.081184,19.435124,350.49084,408.31004,217.86938,1437.6024,1418.2448,61.271528,1679.8118,1670.4042,46.645468,0,0,0,0,0.72,-1.43,0,0
2025/07/29 07:32:00.135,n,17.43711,75.714576,760.95296,586.93524,97.147824,19.368828,16.68649,2.008533,300.79224,23.682332,-0.727119,-0.112747,19.37293,352.26732,405.15372,276.49554,1396.4736,1350.2954,52.57756,1653.3094,1605.0026,44.088548,0,0,0,0,0.88,-1.32,0,0
2025/07/29 07:33:00.135,n,17.259228,77.244608,613.95976,825.56248,234.51386,18.944288,22.67208,5.21244,293.85444,26.21677,-0.780655,-0.091354,19.428892,347.95412,407.37144,266.94836,1334.391,1295.0278,67.988232,1600.0386,1557.436,53.045264,0,0,0,0,0.76,-1.34,0,0
2025/07/29 07:34:00.135,n,17.270702,77.285824,364.21488,455.14664,183.56974,10.927268,13.222754,4.525768,171.2992,11.151906,-0.790062,-0.104156,19.384808,346.88992,405.98408,159.46142,1197.1042,1246.1412,65.673432,1492.9376,1516.4884,52.396564,0,0,0,0,0.74,-1.33,0,0
2025/07/29 07:35:00.136,n,17.24131,77.322384,349.46164,357.91392,5.783598,10.608864,10.838822,0.139317,163.46942,10.482232,-0.835434,-0.110115,19.323434,342.61668,405.10656,152.26184,1311.3602,1344.8158,69.333976,1594.7788,1624.1222,51.1957,0,0,0,0,0.78,-1.37,0,0
2025/07/29 07:36:00.135,n,17.081722,77.901024,351.84944,353.08496,7.490828,10.89189,10.898042,0.212523,163.2621,10.083038,-0.836655,-0.120117,19.22069,341.92852,403.63576,152.46252,1238.1208,1349.6826,82.537264,1565.0146,1642.1158,53.01698,0,0,0,0,0.75,-1.39,0,0
2025/07/29 07:37:00.136,n,17.032746,77.764744,380.28532,364.20676,9.604036,11.49332,10.969054,0.295948,171.99362,10.752712,-0.846565,-0.118713,19.169038,340.7784,403.4676,160.51306,1404.8692,1266.4082,94.523008,1682.3386,1551.1416,86.477744,0,0,0,0,0.71,-1.4,0,0
2025/07/29 07:38:00.137,n,17.026772,78.086448,1197.478,1161.553,44.247032,32.803338,31.798898,1.286916,599.09948,61.496212,-0.81044,-0.093277,19.234522,344.27456,406.09776,536.88612,1269.1188,1246.322,52.34692,1554.1522,1529.744,42.447616,0,0,0,0,0.81,-1.43,0,0
2025/07/29 07:39:00.142,n,17.229214,78.173456,1207.0614,1073.8244,251.41282,32.872554,29.299608,6.573622,606.24688,62.596168,-0.799782,-0.074875,19.32066,345.685,408.22048,542.9258,1223.1536,1231.447,46.889232,1512.7278,1507.6208,38.940984,0,0,0,0,0.77,-1.38,0,0
2025/07/29 07:40:00.135,n,17.245572,76.612232,1189.6478,758.3968,368.47204,32.134228,20.439662,9.670144,412.92388,36.188508,-0.897224,-0.098015,19.27113,336.9748,405.88448,375.9362,1299.7684,1283.3354,52.850736,1571.819,1545.2754,44.197284,0,0,0,0,0.73,-1.38,0,0
2025/07/29 07:41:00.135,n,17.37936,76.681904,1188.8802,875.18784,332.35492,31.534334,23.951082,8.505714,493.53816,47.988944,-0.842484,-0.090645,19.30451,341.89952,406.72836,444.79736,1275.9208,1280.316,52.28384,1549.8962,1553.2896,41.291644,0,0,0,0,0.72,-1.36,0,0
2025/07/29 07:42:00.135,n,17.45924,76.712032,1238.75,1218.5594,17.303178,33.858532,33.248126,0.435374,620.05232,64.020708,-0.776367,-0.068398,19.436852,348.37028,409.45552,555.32368,1268.554,1309.005,50.576676,1544.6438,1565.1356,37.841772,0,0,0,0,0.78,-1.33,0,0
2025/07/29 07:43:00.135,n,17.542396,75.38908,1182.329,1093.5066,229.96934,32.624908,29.14733,5.12741,602.74544,62.159048,-0.786118,-0.078033,19.49601,347.86284,408.93584,539.87828,1313.6418,1348.1274,41.554784,1590.6282,1602.382,39.043564,0,0,0,0,0.76,-1.33,0,0
2025/07/29 07:44:00.136,n,17.581554,75.641768,1241.9646,1242.1484,5.118594,33.895448,33.92416,0.173149,622.2146,63.865876,-0.799782,-0.059288,19.634728,347.47,411.38972,557.6082,1427.7748,1338.945,56.178288,1671.7042,1593.36,45.694636,0,0,0,0,0.8,-1.36,0,0
2025/07/29 07:45:00.135,n,17.687642,74.577752,1069.5234,1043.818,276.51004,27.445838,28.101104,7.265938,392.54792,35.478416,-0.88607,-0.08506,19.652672,340.1078,409.20308,356.26848,1245.2694,1354.2382,66.697824,1509.094,1598.5774,51.540276,0,0,0,0,0.9,-1.47,0,0
2025/07/29 07:46:00.138,n,17.712154,74.944112,1215.6014,1166.061,147.5056,32.729504,31.401024,4.076982,607.39588,61.777264,-0.804581,-0.071739,19.762286,347.78148,411.0106,544.88576,1217.766,1268.65,55.3805,1486.506,1517.8862,38.277932,0,0,0,0,0.75,-1.32,0,0
2025/07/29 07:47:00.139,n,17.721966,74.730736,1200.7294,977.67448,357.9138,32.304966,26.739298,8.674152,462.89452,42.801924,-0.877914,-0.093124,19.783786,341.56024,409.23384,419.3078,1330.7626,1319.3984,35.236344,1579.4072,1556.9468,25.083858,0,0,0,0,0.71,-1.39,0,0
2025/07/29 07:48:00.142,n,17.88554,75.53088,305.23242,509.10448,332.91138,9.193734,14.294868,8.76468,138.64084,6.972195,-0.948685,-0.092941,19.81169,335.59728,409.40916,130.8129,1212.717,1270.6124,58.208248,1491.749,1528.0332,41.019508,0,0,0,0,0.76,-1.37,0,0
2025/07/29 07:49:00.135,n,17.774312,75.092112,1012.2024,433.52872,283.69486,25.821514,12.23011,6.667315,242.54296,19.347172,-0.9636,-0.116791,19.756898,333.99472,406.97876,222.34896,1317.2366,1286.5176,60.234544,1583.5006,1548.4712,49.95798,0,0,0,0,0.76,-1.33,0,0
2025/07/29 07:50:00.135,n,17.65976,75.457784,1193.0072,531.02288,329.74212,33.046372,15.507214,8.736532,517.36364,50.949936,-0.91124,-0.116089,19.756898,338.52416,407.04112,465.61852,1305.3118,1272.8098,52,1571.4336,1539.301,39.663584,0,0,0,0,0.81,-1.4,0,0
2025/07/29 07:51:00.136,n,17.643768,75.038352,1199.5126,1192.1416,8.318654,32.975612,32.746682,0.331898,595.5384,60.1836,-0.876869,-0.093117,19.872028,342.154,409.73784,534.57104,1397.327,1363.6598,35.462656,1650.7906,1618.362,30.252274,0,0,0,0,0.78,-1.37,0,0
2025/07/29 07:52:00.135,n,17.745236,74.812336,1189.1544,1193.1862,4.97996,32.658748,32.68259,0.226643,590.79628,59.590408,-0.910019,-0.083305,19.96644,339.82524,411.14812,530.37916,1383.72,1300.4712,80.888808,1609.256,1545.1486,65.133704,0,0,0,0,0.76,-1.32,0,0
2025/07/29 07:53:00.139,n,17.864666,73.739824,1200.3898,1193.777,4.123106,32.800262,32.62978,0.220307,595.21228,59.646992,-0.914101,-0.088737,20.053804,339.97144,411.16496,534.73992,1243.9602,1334.4848,62.257532,1504.0412,1566.436,44.754888,0,0,0,0,0.79,-1.39,0,0
2025/07/29 07:54:00.138,n,17.697772,72.870096,1225.384,1211.5454,9.643652,33.083286,33.064826,0.230065,604.56372,59.392676,-0.897957,-0.10154,20.104554,341.65816,410.3182,544.37464,1264.0574,1348.155,58,1511.777,1565.3918,48.922388,0,0,0,0,0.78,-1.24,0,0
2025/07/29 07:55:00.141,n,17.71745,73.638016,1209.8618,1223.2104,8.124039,33.257102,33.439892,0.240036,601.43172,59.011516,-0.932198,-0.101189,20.176876,339.11004,410.7632,541.58916,1220.3518,1232.3768,62.130508,1484.8712,1472.041,56.488936,0,0,0,0,0.75,-1.38,0,0
2025/07/29 07:56:00.140,n,17.736752,73.341944,1207.6552,1201.0886,3.660601,33.117126,32.935364,0.112239,598.23748,58.2921,-0.955833,-0.105568,20.237808,337.41436,410.72324,539.09516,1333.8616,1295.0476,35.479572,1559.65,1521.9848,29.488982,0,0,0,0,0.82,-1.38,0,0
2025/07/29 07:57:00.144,n,17.66473,73.335552,1243.6306,1221.1752,13.416408,33.927748,33.088414,0.632996,615.99976,60.015096,-0.885925,-0.116623,20.266922,343.62856,409.90824,555.2154,1298.5156,1249.3164,62.879248,1524.8128,1478.3852,51.847856,0,0,0,0,0.72,-1.36,0,0
2025/07/29 07:58:00.136,n,17.705646,74.034032,1276.2208,1276.0166,11.063454,34.63224,34.479448,0.405046,637.87764,61.821412,-0.826454,-0.096451,20.345676,349.22436,412.15096,575.32616,1316.0294,1240.6482,65.878676,1533.8254,1468.2114,53.648856,0,0,0,0,0.76,-1.38,0,0
2025/07/29 07:59:00.135,n,17.89217,74.227536,518.69276,1115.7838,296.51578,15.30648,30.689356,7.610758,323.69574,26.899502,-0.828766,-0.080673,20.428676,349.50056,414.02836,296.04816,1162.3486,1187.0734,36.897156,1400.0882,1412.243,27.560842,0,0,0,0,0.77,-1.39,0,0
2025/07/29 08:00:07.046,n,17.972298,72.633936,1327.9752,620.12536,353.3144,35.97046,17.779626,9.196848,646.45068,63.90878,-0.85775,-0.12101,20.392022,346.783,410.23576,581.80524,1135.4668,1216.179,59.04236,1399.033,1446.7284,34.707348,0,0,0,0,0.77,-1.36,0,0
2025/07/29 08:01:00.137,n,17.885956,73.025936,447.58552,975.58304,417.72392,13.894426,27.162042,10.51652,232.18908,16.829522,-0.946899,-0.1082,20.439512,339.34356,411.64584,214.52086,1226.2832,1122.3374,65.136008,1439.1438,1356.652,54.358072,0,0,0,0,0.76,-1.38,0,0
2025/07/29 08:02:00.138,n,17.89743,73.333456,1226.648,690.40936,372.741,33.572428,19.030172,9.52802,579.96156,55.957256,-0.896164,-0.129784,20.353282,343.23768,409.23424,523.23784,1113.457,1151.4634,52.899908,1378.1864,1389.708,41.496988,0,0,0,0,0.75,-1.37,0,0
2025/07/29 08:03:00.139,n,18.02824,71.920808,1313.4504,1289.2848,16.649324,35.721276,35.05806,0.435599,652.29408,63.848464,-0.840538,-0.086639,20.496664,348.87248,413.8888,587.69176,1113.4116,1184.5084,44.763824,1358.576,1418.8092,35.885928,0,0,0,0,0.77,-1.35,0,0
2025/07/29 08:04:00.143,n,17.93996,72.027936,1287.8332,1319.8432,17.093858,34.73376,35.738452,0.548524,649.12324,63.270816,-0.85524,-0.094002,20.589294,348.13288,413.76708,585.0912,1271.9546,1237.0736,58.748616,1478.5632,1449.7994,42.818224,0,0,0,0,0.76,-1.37,0,0
2025/07/29 08:05:00.149,n,18.095284,71.575056,884.05128,1133.7276,177.28312,28.357982,31.446404,4.077485,586.33344,57.836944,-0.876137,-0.106445,20.635614,346.59156,412.92836,527.7268,1077.3048,1131.0194,64.747972,1300.2108,1350.1958,52.078784,0,0,0,0,0.78,-1.4,0,0
2025/07/29 08:06:00.147,n,17.900704,72.990872,416.26992,391.05688,44.293764,12.410078,11.86197,1.419934,179.37114,8.897896,-0.915314,-0.129257,20.478354,342.29888,409.99876,169.68718,1280.7544,1193.6152,75.532776,1501.0008,1413.876,65.443108,0,0,0,0,0.73,-1.46,0,0
2025/07/29 08:07:00.135,n,17.749122,73.34844,429.85208,429.33052,38.514932,12.83308,13.045606,1.605977,191.02762,9.882198,-0.880943,-0.139442,20.371592,344.6594,408.48152,180.4039,1149.5362,1187.785,60.855568,1415.1692,1435.7496,45.624552,0,0,0,0,0.76,-1.39,0,0
2025/07/29 08:08:00.137,n,17.798194,73.045704,1334.796,1268.8802,116.39416,35.825872,34.740164,2.258188,618.74596,59.687408,-0.838684,-0.109436,20.445944,348.74168,411.57304,558.32928,1201.4356,1149.7886,79.835456,1440.4614,1386.8832,66.480072,0,0,0,0,0.72,-1.36,0,0
2025/07/29 08:09:00.136,n,17.904542,74.334528,920.8856,939.96064,387.78536,21.130048,25.708716,10.319854,279.884,19.275044,-0.853844,-0.10154,20.491212,347.69012,412.53416,259.85662,1209.5718,1068.7268,85.168064,1416.378,1297.0316,68.375432,0,0,0,0,0.77,-1.39,0,0
2025/07/29 08:10:00.136,n,17.937206,72.214016,465.64024,660.7948,359.44048,13.46835,18.689462,9.077698,225.9548,14.55375,-0.851715,-0.118729,20.434096,347.54632,410.67964,210.66808,1162.5688,1199.0992,59.030504,1409.478,1423.641,41.876008,0,0,0,0,0.7,-1.4,0,0
2025/07/29 08:11:00.138,n,17.808056,71.971,1061.3854,521.54704,265.94788,27.653494,14.738892,6.36455,370.57124,29.571358,-0.936096,-0.138031,20.35651,339.80192,408.52036,340.2018,1331.3374,1203.2672,77.379584,1549.6046,1434.4178,70.819488,0,0,0,0,0.79,-1.34,0,0
2025/07/29 08:12:00.141,n,17.682034,72.763432,522.84704,522.778,297.97998,15.51875,15.214446,7.23742,261.78482,17.21379,-0.913216,-0.138916,20.272404,341.29912,407.95968,243.79674,1147.73,1169.0792,65.353652,1411.9604,1408.4564,59.324532,0,0,0,0,0.69,-1.48,0,0
2025/07/29 08:13:00.144,n,17.726222,73.510792,737.59112,1130.7526,338.76084,19.18886,31.054932,9.332854,307.00824,22.257176,-0.762726,-0.101021,20.340292,354.70636,411.71432,284.08936,1073.315,1156.0966,83.250232,1335.6128,1398.3028,69.075328,0,0,0,0,0.75,-1.31,0,0
2025/07/29 08:14:00.144,n,17.93335,72.564784,1459.2344,1385.4856,143.27178,40.15586,37.139736,4.035802,732.90464,72.967104,-0.689392,-0.091034,20.431452,361.573,413.12416,659.33912,1228.7018,1152.1606,63.974212,1441.9224,1381.7574,53.797768,0,0,0,0,0.75,-1.34,0,0
2025/07/29 08:15:00.146,n,18.06416,71.232464,568.28844,1145.6572,305.76428,16.292458,32.18063,8.332489,372.50652,32.70956,-0.696465,-0.080872,20.529564,361.52456,414.59004,339.18136,1268.9712,1201.0552,50.602372,1478.998,1420.5212,41.121768,0,0,0,0,0.75,-1.39,0,0
2025/07/29 08:16:00.135,n,18.10337,70.927384,523.042,539.84184,17.284386,15.020378,15.39185,0.453852,250.21058,17.127362,-0.807419,-0.111198,20.456254,351.50552,411.47576,232.387,1186.123,1114.5616,53.32354,1404.402,1340.7844,44.696756,0,0,0,0,0.72,-1.35,0,0
2025/07/29 08:17:00.137,n,18.070706,68.761512,547.28552,1118.1682,451.38784,15.940214,30.36275,11.609554,394.21768,36.114512,-0.910187,-0.105232,20.539192,343.09172,412.4818,357.2982,1256.061,1168.5938,83.56016,1458.3512,1386.4236,66.823648,0,0,0,0,0.72,-1.45,0,0
2025/07/29 08:18:00.136,n,17.990974,69.656616,428.39928,622.42896,142.12424,12.690028,17.656314,3.513239,226.04274,15.265084,-0.96505,-0.123466,20.459976,337.89104,410.4076,209.9361,1132.1928,1147.4534,33.870344,1358.8634,1366.4012,30.456526,0,0,0,0,0.78,-1.36,0,0
2025/07/29 08:19:00.139,n,17.925544,71.030008,1353.9814,1172.5968,248.32962,36.284248,30.509902,7.740708,674.30752,65.736864,-0.919067,-0.105225,20.5419,342.33912,412.498,607.75684,1148.99,1069.011,49.550984,1364.978,1294.2844,44.070396,0,0,0,0,0.75,-1.32,0,0
2025/07/29 08:20:00.140,n,17.97784,69.597344,1347.7744,1240.5648,179.60122,36.705712,34.345884,3.814523,669.78736,65.001892,-0.893005,-0.108559,20.586032,344.8472,412.45552,604.00104,1146.6078,1082.3844,54.780472,1340.063,1293.0146,44.463468,0,0,0,0,0.77,-1.32,0,0
2025/07/29 08:21:00.143,n,18.123298,70.464088,1363.7556,1351.172,7.071068,37.270224,36.782364,0.306983,678.05912,65.412276,-0.885384,-0.094704,20.68082,346.05164,414.23112,611.8562,1170.9172,1099.0354,54.316664,1354.5796,1298.644,42.930176,0,0,0,0,0.75,-1.35,0,0
2025/07/29 08:22:00.146,n,18.170712,69.3196,1264.849,1096.558,384.94272,33.924676,30.249694,9.600268,497.77972,43.22226,-0.93309,-0.111717,20.701288,342.0426,412.83796,453.73608,1013.7152,1043.5576,60.92372,1213.6704,1241.1168,53.370404,0,0,0,0,0.65,-1.28,0,0
2025/07/29 08:23:00.146,n,18.348786,69.403096,1340.4486,1340.0898,2.645751,36.59958,36.623676,0.180872,670.15284,65.05786,-0.901161,-0.101898,20.783088,345.27544,414.1808,604.29564,1195.8602,1088.3408,68.067608,1370.4712,1272.7676,58.694124,0,0,0,0,0.77,-1.42,0,0
2025/07/29 08:24:00.149,n,18.345516,69.118824,1357.8744,1348.6572,5.176872,36.951824,36.916704,0.086715,677.24768,65.723176,-0.898499,-0.0905,20.887448,346.10728,415.7946,610.71648,1122.2796,1098.4012,92.920936,1303.1528,1274.879,80.291968,0,0,0,0,0.71,-1.39,0,0
2025/07/29 08:25:00.135,n,18.378182,68.418632,1381.9702,1369.9672,6.648309,37.90242,37.421992,0.240442,689.83408,66.854224,-0.897079,-0.099792,20.974538,346.73244,415.47172,622.18256,1164.9896,1120.5046,45.431268,1330.5934,1289.6752,41.496988,0,0,0,0,0.71,-1.61,0,0
2025/07/29 08:26:00.137,n,18.322612,67.310376,1376.514,1377.4332,4.857983,38.183912,37.925496,0.288111,692.1432,66.627892,-0.847832,-0.115402,21.00784,351.1848,414.2776,624.78288,1165.1976,1103.4484,52.078784,1326.354,1265.4702,47.14446,0,0,0,0,0.75,-1.43,0,0
2025/07/29 08:27:00.140,n,18.3357,68.62844,1446.709,1415.0082,26.903532,39.7667,38.846868,0.76355,730.56584,70.66832,-0.766975,-0.099792,21.101398,358.71964,416.20424,659.23036,1174.5374,1121.5118,64.605728,1329.1182,1290.9784,51.180072,0,0,0,0,0.77,-1.4,0,0
2025/07/29 08:28:00.142,n,18.495708,67.376344,1150.526,1419.206,145.00482,31.634316,38.928648,3.800982,601.95508,55.831032,-0.693649,-0.095062,21.18843,365.56584,417.12752,545.5254,1041.616,1098.6748,57.278268,1229.503,1261.049,46.848692,0,0,0,0,1.06,-1.37,0,0
2025/07/29 08:29:00.144,n,18.484768,68.332248,821.82064,1190.639,257.93176,20.67167,32.119358,7.494087,347.89728,25.602436,-0.790375,-0.104538,21.215822,357.35692,416.44428,321.609,1033.7458,1090.5776,60.890064,1232.3956,1256.088,42.976736,0,0,0,0,0.75,-1.42,0,0
2025/07/29 08:30:07.041,n,18.509228,68.594944,530.93024,482.50816,46.323052,15.834078,14.338706,1.622835,579.99212,53.877348,-0.821434,-0.125053,21.150334,354.29144,414.2436,525.4184,1115.389,1100.0014,41.082844,1295.3462,1266.5786,30.63005,0,0,0,0,0.77,-1.33,0,0
2025/07/29 08:31:00.146,n,18.486378,69.204216,565.29152,599.5096,201.79098,16.43397,17.226136,5.317119,269.38736,19.47153,-0.802612,-0.13102,21.124544,355.77056,413.56468,249.24424,1212.6146,1139.6636,73.926312,1398.6138,1317.5488,71.706344,0,0,0,0,0.75,-1.38,0,0
2025/07/29 08:32:00.154,n,18.51411,69.567064,595.76036,948.6596,463.36844,17.350728,26.74904,12.16545,292.52044,22.157066,-0.755089,-0.11068,21.17286,360.16088,415.65036,269.71896,1124.3796,1067.7578,62.228612,1305.4952,1265.8198,48.36114,0,0,0,0,0.76,-1.4,0,0
2025/07/29 08:33:00.152,n,18.660988,69.379264,1214.1898,730.63424,241.49462,32.089618,20.901886,5.658848,397.93244,32.850708,-0.707794,-0.116982,21.166398,364.2148,415.0534,364.49092,1067.5774,1040.5222,49.662864,1253.2916,1238.8016,38.670404,0,0,0,0,0.72,-1.43,0,0
2025/07/29 08:34:00.135,n,18.419484,66.829268,746.20432,1288.727,338.62044,21.620732,35.894572,8.029183,471.21004,40.561596,-0.651024,-0.113129,21.21047,369.3806,415.65044,430.11052,1047.4808,1109.6828,59.605368,1248.398,1292.6784,46.409048,0,0,0,0,0.66,-1.56,0,0
2025/07/29 08:35:00.140,n,18.344918,67.11016,936.522,956.67456,356.14296,27.12128,27.38098,8.93009,412.60468,34.681276,-0.684456,-0.130852,21.12301,365.98284,413.57076,377.3698,1220.5808,1093.8512,81.056768,1402.8306,1277.7074,80.670936,0,0,0,0,0.82,-1.22,0,0
2025/07/29 08:36:00.141,n,18.335052,67.354744,665.09656,907.43448,343.85812,19.539566,25.847664,8.941358,349.53336,27.551144,-0.694893,-0.116989,21.121966,365.074,414.79588,321.4043,1077.2246,1063.8232,67.953656,1254.9278,1249.2704,59.8214,0,0,0,0,0.72,-1.23,0,0
2025/07/29 08:37:00.144,n,18.423206,68.036024,1413.8372,1189.0064,439.62076,39.129896,32.516208,11.235338,712.36584,69.66412,-0.654755,-0.106644,21.176386,368.86072,416.02924,642.15356,1031.2446,1025.8556,55.742264,1205.2672,1208.1154,45.38502,0,0,0,0,0.76,-1.44,0,0
2025/07/29 08:38:00.136,n,18.475452,67.386856,603.98216,715.32392,144.24476,17.316888,20.49119,3.998053,287.9491,21.059598,-0.747475,-0.124359,21.111942,360.4674,414.08336,266.26638,944.22744,1020.4934,75.786544,1135.8512,1196.3262,57.414284,0,0,0,0,0.67,-1.19,0,0
2025/07/29 08:39:00.135,n,18.379116,67.575032,1458.3648,841.44288,497.86536,40.222004,23.386824,12.832236,718.43424,69.480688,-0.800674,-0.134186,21.071102,355.62944,412.97472,648.28712,995.7904,1087.0106,88.509888,1205.7234,1266.3132,81.24408,0,0,0,0,0.86,-1.57,0,0
2025/07/29 08:40:00.137,n,18.217446,67.950968,1492.5442,937.772,441.1136,40.503492,26.368082,11.507662,676.302,63.605964,-0.818954,-0.134712,21.014106,353.71888,412.59872,612.01176,998.60536,1037.3596,77.247648,1200.487,1227.7906,62.923764,0,0,0,0,0.75,-1.39,0,0
2025/07/29 08:41:00.136,n,18.375844,68.257464,1490.1998,1471.3844,30.039974,40.432736,40.121508,0.727259,736.98056,71.597904,-0.823227,-0.088409,21.16248,354.20656,417.56816,664.64784,1038.893,1053.2936,51.547064,1217.6876,1227.869,42,0,0,0,0,0.74,-1.37,0,0
2025/07/29 08:42:00.137,n,18.615834,67.621624,468.16356,939.0312,502.79988,13.71446,26.235032,13.298138,226.22834,14.181916,-0.881134,-0.096123,21.190358,349.3586,417.04448,211.26142,928.65512,947.33792,22.463302,1083.0934,1107.9576,28.204608,0,0,0,0,0.7,-1.34,0,0
2025/07/29 08:43:00.135,n,18.622326,66.294516,1461.492,1091.235,474.88072,40.045112,29.420608,12.550962,735.95352,71.541944,-0.849083,-0.118568,21.176386,352.05036,414.9702,663.68108,1017.6142,920.0544,51.969224,1165.1848,1076.3116,45.948884,0,0,0,0,0.77,-1.35,0,0
2025/07/29 08:44:00.135,n,18.671302,65.54354,1463.6764,1447.2394,50.287176,39.938976,39.106564,2.776858,738.18808,71.06192,-0.860413,-0.110672,21.276284,351.64816,416.2494,666.3764,1082.8534,1008.535,76.673336,1206.8434,1150.4438,65.422472,0,0,0,0,0.61,-1.56,0,0
2025/07/29 08:45:00.135,n,18.634816,66.051904,1466.595,1423.0548,71.517832,39.938976,39.200904,1.64987,709.36096,67.249688,-0.88221,-0.104195,21.32101,350.02164,417.08364,641.33324,1192.1792,1092.7706,103.37166,1328.4396,1229.1204,99.171568,0,0,0,0,0.78,-1.46,0,0
2025/07/29 08:46:00.135,n,18.760402,64.746392,1443.6032,1332.8428,298.267,39.799004,37.003864,7.072325,728.92976,70.032224,-0.877602,-0.094376,21.416538,350.97368,418.50912,658.11424,990.87696,1083.9288,81.378128,1146.437,1229.2312,68.4456,0,0,0,0,0.71,-1.41,0,0
2025/07/29 08:47:00.135,n,18.996776,65.6397,1469.215,1435.1162,39.9875,40.185088,39.488036,0.880341,736.46976,71.006576,-0.853516,-0.077026,21.532442,353.7296,420.72224,664.68664,1182.1558,1087.5032,67.43812,1279.1812,1203.9642,55.51396,0,0,0,0,0.72,-1.33,0,0
2025/07/29 08:48:00.136,n,18.898976,63.844144,1498.7726,1482.4862,10.74244,40.783444,40.560404,0.20204,757.3152,72.558576,-0.842941,-0.098061,21.609626,355.0924,419.30228,684.01168,1206.88,1164.0882,49.476256,1312.5044,1262.0306,53.143204,0,0,0,0,0.81,-1.39,0,0
2025/07/29 08:49:00.136,n,18.892482,64.42974,1346.2864,1354.9986,323.76162,36.807232,37.231772,8.23883,558.6176,47.265176,-0.831932,-0.103668,21.66647,356.37508,419.13456,510.6242,1166.857,1162.8082,20.71473,1281.149,1266.269,24.04163,0,0,0,0,0.71,-1.44,0,0
2025/07/29 08:50:00.136,n,18.709816,62.949072,1268.6028,1413.3092,213.7447,35.25828,39.1522,4.977665,712.8624,66.769044,-0.712776,-0.124542,21.714694,366.963,417.56108,645.50512,1014.8478,943.21112,66.838608,1128.0742,1059.177,66.342292,0,0,0,0,0.83,-1.47,0,0
2025/07/29 08:51:00.138,n,18.822364,63.38882,1544.3586,1572.1958,18.547238,42.472372,43.052004,0.611415,794.04632,76.49144,-0.614487,-0.104721,21.843276,376.21372,420.0696,717.04512,1054.6216,1031.0126,58.653216,1150.3228,1138.666,49.698088,0,0,0,0,0.75,-1.37,0,0
2025/07/29 08:52:00.135,n,18.988674,64.517044,463.97884,1000.8458,538.60248,14.032864,28.260818,14.219458,243.96832,15.718372,-0.627724,-0.101395,21.889318,375.33668,420.63304,227.72364,1069.7168,1020.4396,60.99836,1171.3716,1119.6992,51.647848,0,0,0,0,0.74,-1.36,0,0
2025/07/29 08:53:00.137,n,18.840282,64.625244,471.54576,474.41708,7.115125,14.31589,14.30948,0.190022,233.11988,14.167614,-0.643456,-0.148415,21.735102,373.07824,415.55968,218.45724,982.5444,945.84672,50.020996,1122.0928,1069.8928,48.439652,0,0,0,0,0.65,-1.25,0,0
2025/07/29 08:54:00.135,n,18.782482,65.54522,440.416,453.29436,11.208256,13.50219,13.809314,0.227503,215.43702,12.657894,-0.710976,-0.144539,21.65661,366.78112,415.44756,202.21268,960.25832,982.43456,54.494036,1134.377,1137.0514,47.874836,0,0,0,0,0.78,-1.37,0,0
2025/07/29 08:55:00.136,n,18.694446,66.197752,502.20196,468.45312,22.841848,14.949622,14.167198,0.549969,241.25408,15.333482,-0.707787,-0.143486,21.53329,366.3408,414.82488,225.3563,892.05128,952.9932,77.388624,1079.5544,1116.603,60.34484,0,0,0,0,0.75,-1.36,0,0
2025/07/29 08:56:00.135,n,18.712318,66.64302,572.45796,543.75732,20.42731,16.89235,16.150176,0.612632,269.28342,18.68869,-0.695053,-0.138046,21.469006,367.06928,414.93496,250.03774,933.44384,982.59784,48.214108,1126.9454,1158.2958,38.36144,0,0,0,0,0.66,-1.21,0,0
2025/07/29 08:57:00.135,n,18.606312,65.868308,520.05872,509.87476,7.607562,16.007894,15.54977,0.243068,253.81054,17.19638,-0.693108,-0.143311,21.358456,366.5968,413.82668,236.06436,904.1216,982.32008,54.430692,1114.8034,1172.5238,41.944012,0,0,0,0,0.5,-1.53,0,0
2025/07/29 08:58:00.136,n,18.374572,65.17134,613.67192,578.51556,29.035754,18.19673,17.385594,0.725192,300.50384,21.23059,-0.667809,-0.145592,21.199532,367.86528,412.70408,278.75104,915.45752,992.83784,54.340592,1130.6794,1182.2744,43.452276,0,0,0,0,0.86,-1.49,0,0
2025/07/29 08:59:00.137,n,18.28146,66.24302,715.76888,662.959,28.807986,20.877786,19.596736,0.718886,344.99632,26.484142,-0.620995,-0.143143,21.11253,371.41188,412.41852,318.0343,895.77928,948.31696,70.760152,1089.7986,1132.6328,53.794984,0,0,0,0,0.66,-1.5,0,0
2025/07/29 09:00:07.035,n,18.289662,65.908692,880.1284,1011.0004,200.94526,25.569252,28.540258,4.767853,417.9658,35.091036,-0.520905,-0.12822,21.05452,379.7352,413.40888,382.48204,905.71584,996.79056,82.503336,1108.2638,1178.7024,77.005192,0,0,0,0,0.71,-1.52,0,0
2025/07/29 09:01:00.136,n,18.310902,66.610796,651.32708,901.00056,317.74204,19.079648,25.24854,7.608518,330.16928,25.601814,-0.450989,-0.113312,21.030852,385.64652,414.59608,304.2298,843.42384,924.10984,102.40752,1033.3312,1111.7502,85.716392,0,0,0,0,0.75,-1.37,0,0
2025/07/29 09:02:00.136,n,18.402356,66.680076,663.90724,601.4748,42.80946,19.891812,17.856534,1.24999,306.9197,24.989968,-0.426125,-0.113663,20.99217,387.574,414.34152,281.6173,1026.9322,961.70632,65.887788,1202.7322,1135.5944,62.99206,0,0,0,0,0.71,-1.36,0,0
2025/07/29 09:03:00.137,n,18.39468,66.484236,399.35276,454.99184,52.255144,12.619272,14.06696,1.452117,205.00546,14.764538,-0.48365,-0.119102,20.907262,382.10792,413.3686,189.87638,826.52344,899.63176,70.976048,1031.5236,1083.4604,54.60586,0,0,0,0,0.74,-1.34,0,0
2025/07/29 09:04:00.135,n,18.322854,66.606796,367.93056,373.13564,8.356883,11.525622,11.724816,0.198136,183.72262,11.96024,-0.603012,-0.12735,20.814752,371.24932,412.10296,171.28672,949.1104,954.79704,76.879128,1152.2212,1138.0648,63.017456,0,0,0,0,0.65,-1.75,0,0
2025/07/29 09:05:00.136,n,18.221584,66.77764,434.91856,400.49232,23.461138,12.86692,12.226008,0.533348,208.85154,13.185178,-0.709587,-0.127876,20.714638,361.45348,411.4796,195.08466,800.05672,902.75664,103.09754,1015.314,1099.7966,86.020344,0,0,0,0,0.74,-1.44,0,0
2025/07/29 09:06:00.135,n,18.172608,67.948592,1619.4952,772.68184,477.72848,43.807516,21.470502,12.380756,642.58428,57.524804,-0.739685,-0.126648,20.67054,358.59612,411.33496,584.44648,1110.106,992.55768,122.1798,1302.1998,1183.408,115.48248,0,0,0,0,0.75,-1.38,0,0
2025/07/29 09:07:00.136,n,18.27549,66.692192,702.19736,1287.7864,414.91756,19.856432,35.432352,11.055772,370.24004,29.300254,-0.778328,-0.092628,20.75665,355.749,414.85188,340.25404,885.73544,935.07088,94.547872,1080.1822,1130.635,84.459456,0,0,0,0,0.82,-1.39,0,0
2025/07/29 09:08:00.139,n,18.322854,66.577744,694.56952,703.40064,27.01481,19.433432,19.72774,0.518034,338.4588,25.574456,-0.762901,-0.101212,20.677002,356.62504,413.63124,312.22266,1109.836,936.34696,129.98422,1277.7906,1114.3988,117.15802,0,0,0,0,0.79,-1.38,0,0
2025/07/29 09:09:00.142,n,18.422412,65.851372,1532.3336,1312.4404,377.54708,39.409844,35.270076,9.726876,665.52156,62.070128,-0.693306,-0.078957,20.758802,363.11612,416.0784,602.83708,829.27496,854.71952,58.27006,1002.4078,1047.2826,60.756068,0,0,0,0,0.78,-1.34,0,0
2025/07/29 09:10:00.135,n,18.600342,65.251128,692.8776,911.69168,300.98554,19.398054,24.268716,6.191488,343.60232,27.196098,-0.701439,-0.088943,20.794318,362.61716,415.39604,315.7937,1002.4386,848.1512,93.373976,1147.773,1014.1566,78.386864,0,0,0,0,0.63,-1.38,0,0
2025/07/29 09:11:00.135,n,18.628078,65.769828,620.28412,664.15448,103.68148,17.704512,19.044782,3.043115,304.65604,23.368324,-0.699677,-0.094559,20.79644,362.78188,414.90964,280.68262,795.918,893.88232,93.360592,977.96192,1063.5222,75.0966,0,0,0,0,0.73,-1.38,0,0
2025/07/29 09:12:00.135,n,18.65747,65.12696,1677.9416,1115.025,433.09524,43.350672,29.833872,10.287764,740.07768,69.368768,-0.646454,-0.085266,20.876088,367.84496,416.19392,670.14776,958.274,885.19328,73.631512,1123.1792,1059.372,63.281908,0,0,0,0,0.76,-1.35,0,0
2025/07/29 09:13:00.137,n,18.830272,65.257576,890.29032,1340.0962,390.21556,24.724788,37.26408,10.363614,451.93644,38.905132,-0.637093,-0.048668,21.058862,369.7094,420.49888,412.44292,1042.1788,964.97,72.172704,1172.1534,1107.4302,60.669596,0,0,0,0,0.77,-1.38,0,0
2025/07/29 09:14:00.137,n,18.947704,65.302744,595.7406,759.524,134.37392,17.138458,21.319758,3.502713,302.7624,23.922966,-0.648041,-0.077209,21.065294,368.79948,418.00132,278.26858,1015.923,923.2648,47.013828,1155.3858,1067.5196,44.265112,0,0,0,0,0.76,-1.35,0,0
2025/07/29 09:15:00.136,n,19.037304,64.607232,637.37488,602.65936,19.830532,17.91678,17.168966,0.460765,312.66346,24.948308,-0.639206,-0.099113,21.086772,369.68772,416.17992,287.17504,1081.8574,971.11504,67.492968,1220.1964,1116.9126,60.145656,0,0,0,0,0.75,-1.43,0,0
2025/07/29 09:16:00.137,n,18.99004,63.895708,656.8626,658.692,13.802174,18.127512,18.36875,0.449881,327.21634,26.086814,-0.598602,-0.10437,21.128724,373.44264,415.9556,300.63528,944.33304,994.2972,84.909952,1093.3408,1147.9734,70.523048,0,0,0,0,0.76,-1.36,0,0
2025/07/29 09:17:00.140,n,18.928128,64.872032,937.81648,689.83912,122.36584,24.124898,18.79175,2.654144,402.0572,32.197822,-0.615021,-0.1063,21.155556,372.1774,415.93924,369.35064,1031.7744,958.64736,69.588072,1186.2378,1113.7256,60.193856,0,0,0,0,0.74,-1.38,0,0
2025/07/29 09:18:00.141,n,18.902004,64.626616,399.33448,591.4992,269.18756,11.700974,16.900808,7.320342,198.66098,13.199478,-0.758118,-0.118225,21.155556,359.7988,414.8802,184.8216,869.17584,942.98152,82.185768,1052.2228,1106.6482,65.617072,0,0,0,0,0.73,-1.33,0,0
2025/07/29 09:19:00.134,n,18.836818,65.75216,347.66776,357.17992,13.174788,10.428896,10.665264,0.239272,156.24092,7.884369,-0.914825,-0.130508,21.091052,345.87012,413.41664,147.57224,1011.1758,948.0292,80.202864,1174.2886,1118.3074,65.884752,0,0,0,0,0.68,-1.53,0,0
2025/07/29 09:20:00.135,n,18.608498,65.953132,1523.7874,567.5744,469.27144,41.663284,16.377314,12.413102,578.25524,51.458564,-0.950493,-0.138405,21.0255,342.40608,412.33672,525.9846,828.01616,897.01456,74.903272,1019.4132,1085.4044,59.637236,0,0,0,0,0.72,-1.33,0,0
2025/07/29 09:21:00.136,n,18.681884,64.7106,1537.1334,1518.3188,12.992306,41.73404,41.24618,0.267366,766.10464,72.713408,-0.923523,-0.104553,21.19852,345.73888,416.34288,692.57224,833.67392,944.48384,91.9538,1005.8262,1101.9704,78.389408,0,0,0,0,0.76,-1.44,0,0
2025/07/29 09:22:00.135,n,18.709622,65.634576,1576.7446,1557.2774,15.6205,42.75232,42.28958,0.409363,786.21336,74.250488,-0.915535,-0.081238,21.334886,347.21924,419.20288,711.12864,912.34384,956.02344,43.95452,1060.5488,1091.7972,37.043216,0,0,0,0,0.74,-1.39,0,0
2025/07/29 09:23:00.140,n,18.9542,63.63814,1599.3024,1593.9384,7.429671,43.315296,43.145584,0.284358,801.2268,75.407032,-0.934517,-0.092278,21.436878,346.16828,418.81352,724.97752,907.68656,951.52008,55.42382,1038.4518,1076.071,48.93976,0,0,0,0,0.79,-1.41,0,0
2025/07/29 09:24:00.137,n,18.93301,63.075448,1592.113,1584.9536,30.922484,43.279916,42.776156,1.149303,798.30104,75.08244,-0.936646,-0.105248,21.550594,346.6438,418.32128,722.38712,1082.8824,974.75688,67.597336,1199.3814,1091.7314,64.564696,0,0,0,0,0.75,-1.4,0,0
2025/07/29 09:25:00.140,n,18.867774,64.463432,817.6648,1399.256,353.99348,23.666518,38.127252,9.043634,477.80948,39.075504,-0.90313,-0.088776,21.6428,350.07852,420.3196,437.9196,904.07768,968.8304,64.494188,1041.2998,1082.5918,50.101896,0,0,0,0,0.76,-1.35,0,0
2025/07/29 09:26:00.142,n,18.818898,63.681892,1709.915,1537.8994,366.77568,46.51472,42.114232,9.3725,861.408,81.544144,-0.832283,-0.102791,21.732816,356.7304,419.5982,779.1344,917.75344,985.09016,55.208696,1049.2656,1097.4856,41.619704,0,0,0,0,0.76,-1.37,0,0
2025/07/29 09:27:00.145,n,18.919972,63.485896,765.92344,1519.3124,395.29684,21.762244,41.991168,10.512502,460.0204,37.375516,-0.791451,-0.100868,21.818526,360.76124,420.26756,421.95428,944.0552,895.8384,60.092432,1047.6568,1004.0498,49.55502,0,0,0,0,0.73,-1.41,0,0
2025/07/29 09:28:00.135,n,19.149708,61.897856,832.75304,881.52224,118.33808,23.735734,24.805288,3.197785,401.3314,31.17559,-0.749611,-0.121384,21.791754,364.22476,418.28976,369.5276,878.8736,935.80008,65.931024,1007.8086,1050.4726,55.60396,0,0,0,0,0.97,-1.42,0,0
2025/07/29 09:29:00.135,n,18.887356,63.047908,782.12336,1026.3068,198.31516,21.939134,28.658186,5.654619,399.74612,31.317982,-0.651047,-0.125069,21.804586,372.82588,418.03728,367.90216,867.95904,922.82376,72.244032,1019.1388,1049.512,60.574748,0,0,0,0,0.74,-1.46,0,0
2025/07/29 09:30:07.028,n,18.711232,62.853424,1103.4508,1195.7822,501.52008,30.749858,32.995358,13.269874,511.85524,43.54808,-0.53595,-0.128227,21.829238,382.9258,417.90028,467.8994,934.86432,950.60016,72.277248,1082.8526,1152.694,130.75168,0,0,0,0,0.74,-1.35,0,0
2025/07/29 09:31:00.135,n,18.752052,64.154596,561.64276,634.86908,67.142384,16.04481,18.021122,1.786212,286.37582,20.546616,-0.486649,-0.135773,21.7607,386.79176,416.83128,265.4783,1039.9224,914.85592,109.97682,1167.4166,1042.5474,102.04314,0,0,0,0,0.83,-1.42,0,0
2025/07/29 09:32:00.138,n,18.910156,64.222564,451.63168,495.26444,33.92602,13.185324,14.321018,0.870636,230.86306,15.618264,-0.456116,-0.126297,21.748912,389.36432,417.6042,214.915,789.17,936.31088,110.53914,956.46096,1085.8308,93.896752,0,0,0,0,0.74,-1.34,0,0
2025/07/29 09:33:00.138,n,18.981934,63.858456,390.4594,411.27452,17.637318,11.771732,12.21396,0.364786,199.16466,13.270364,-0.470589,-0.137001,21.68998,387.76964,416.31088,185.5607,931.2432,891.25848,77.333696,1091.5382,1041.6146,69.733776,0,0,0,0,0.77,-1.47,0,0
2025/07/29 09:34:00.142,n,18.937892,63.874664,376.97164,379.9988,3.267262,11.525622,11.57792,0.073037,190.55822,12.401714,-0.517029,-0.145424,21.59562,383.20408,415.01456,177.78488,984.7584,899.54592,77.546112,1128.8038,1054.8086,67.317904,0,0,0,0,0.75,-1.38,0,0
2025/07/29 09:35:00.142,n,18.82539,64.776816,373.81176,374.97444,1.078193,11.454866,11.460762,0.034939,186.54766,11.105892,-0.604782,-0.145775,21.523756,375.19576,414.5662,174.98276,1000.7432,948.90872,67.435896,1159.0538,1105.9106,59.205576,0,0,0,0,0.76,-1.33,0,0
2025/07/29 09:36:00.145,n,18.623146,65.365532,405.55068,387.1102,11.729238,12.19627,11.84864,0.265694,194.82746,11.020706,-0.726578,-0.152969,21.386436,363.86364,413.13104,183.23314,812.95272,887.70832,73.525504,1011.4796,1062.3764,61.410912,0,0,0,0,0.79,-1.39,0,0
2025/07/29 09:37:00.137,n,18.543212,66.177596,477.85336,446.46924,23.010324,13.822132,13.161996,0.510079,222.87336,12.772306,-0.827843,-0.146133,21.258686,354.36388,412.99828,209.41936,867.086,825.18656,67.455544,1042.9962,1009.4876,50.34382,0,0,0,0,0.76,-1.39,0,0
2025/07/29 09:38:00.135,n,18.4959,66.398736,1603.328,708.15768,438.92888,40.537332,19.39754,10.369024,437.32816,33.17715,-0.899048,-0.137527,21.20926,347.9182,413.47652,403.38948,1007.7632,909.41232,83.049984,1175.4302,1083.0844,69.846976,0,0,0,0,0.74,-1.36,0,0
2025/07/29 09:39:00.136,n,18.55791,66.232476,1303.756,1354.557,359.0702,33.532436,37.189212,9.225972,551.82116,44.96764,-0.915001,-0.095779,21.328454,347.22816,417.87416,506.03432,892.628,993.93944,81.65292,1088.4092,1171.855,70.38608,0,0,0,0,0.73,-1.37,0,0
2025/07/29 09:40:00.137,n,18.6917,66.439072,1624.851,1187.8514,497.30976,43.842892,32.68951,12.86076,808.40824,75.927464,-0.902237,-0.08754,21.382126,348.64312,418.91676,731.666,1115.3092,1019.449,95.581904,1270.5186,1178.6172,90.249656,0,0,0,0,0.82,-1.35,0,0
2025/07/29 09:41:00.140,n,18.814014,65.814172,1621.1932,1620.8004,4.837355,43.807516,43.883912,0.215149,812.18344,75.970368,-0.907562,-0.075279,21.510892,348.92928,420.7524,735.3808,972.90192,1049.8442,49.586288,1135.4346,1195.0234,41.274688,0,0,0,0,0.76,-1.33,0,0
2025/07/29 09:42:00.140,n,18.82378,65.286584,1610.0406,1624.3108,7.46994,43.596784,43.994916,0.225347,809.73736,75.519568,-0.933807,-0.078789,21.591342,347.12584,420.90764,733.3628,991.0264,916.5872,72.353304,1118.3936,1056.2904,60.528508,0,0,0,0,0.76,-1.41,0,0
2025/07/29 09:43:00.143,n,19.165966,66.379404,1628.0102,1629.6402,2.280351,44.195136,44.188212,0.125,814.17904,76.44916,-0.932213,-0.05304,21.743526,348.14824,424.07888,736.85072,885.57968,940.77784,72.14984,1026.2086,1068.362,59.45166,0,0,0,0,0.78,-1.41,0,0
2025/07/29 09:44:00.146,n,19.423194,63.35616,1645.8518,1629.8364,19.26136,45.601036,44.451756,0.833737,825.0004,76.94224,-0.949249,-0.094032,21.85709,347.3354,421.0992,747.20296,986.5928,932.95216,65.946944,1112.7158,1054.249,55.12622,0,0,0,0,0.73,-1.41,0,0
2025/07/29 09:45:00.147,n,19.203418,63.643076,1649.834,1640.8604,6,44.967304,44.63352,0.257694,826.37032,77.43532,-0.957413,-0.099113,21.92135,347.00356,421.02228,748.07672,901.42832,941.99048,70.799008,1032.8218,1075.4702,53.32354,0,0,0,0,0.8,-1.5,0,0
2025/07/29 09:46:00.135,n,19.193654,63.612212,1716.5728,1700.1244,20.726796,46.585476,46.157348,0.696952,868.034,81.656696,-0.938957,-0.083687,22.066924,349.44888,423.24116,785.522,827.4976,877.79488,63.539752,946.32128,983.65408,51.24744,0,0,0,0,0.75,-1.34,0,0
2025/07/29 09:47:00.135,n,19.642872,64.131944,1564.4516,1611.5582,156.67482,41.521772,43.724704,3.890092,698.4528,62.746644,-0.950493,-0.048668,22.23699,349.44432,427.34448,634.80432,908.30768,915.57672,59.371712,1009.3326,1008.5602,47.236636,0,0,0,0,0.78,-1.38,0,0
2025/07/29 09:48:00.136,n,19.646144,62.450448,1635.7462,1649.0254,17.475696,44.405868,44.903212,0.481493,826.41432,76.53372,-0.937714,-0.070198,22.365296,351.3002,426.18284,749.01304,960.16168,1039.1672,68.97536,1091.8984,1147.01,62.152232,0,0,0,0,0.66,-1.3,0,0
2025/07/29 09:49:00.137,n,19.548534,61.089068,1646.6542,1636.3164,6.403125,45.038064,44.66864,0.337731,831.92816,76.49144,-0.919083,-0.094376,22.448638,353.39988,424.52364,754.612,938.85312,960.35432,48.141456,1053.6782,1068.5178,36.169048,0,0,0,0,0.7,-1.44,0,0
2025/07/29 09:50:00.141,n,19.753468,62.523296,1725.671,1687.1402,29.482198,46.936184,45.91688,0.790693,875.82064,80.8266,-0.846672,-0.070374,22.600276,360.55276,427.54424,794.21776,996.32424,938.20632,53.834936,1086.0312,1044.5272,45.594956,0,0,0,0,0.77,-1.39,0,0
2025/07/29 09:51:00.142,n,19.800538,60.67584,1816.5958,1760.9184,53.587312,49.841816,47.397124,2.784549,923.7432,85.955784,-0.83992,-0.099289,22.732448,361.9128,425.75224,837.0468,884.06744,924.42728,48.552032,974.45072,1007.9084,37.97236,0,0,0,0,0.78,-1.35,0,0
2025/07/29 09:52:00.145,n,19.896484,61.547272,681.04984,1074.6534,596.46684,19.608784,30.086388,15.64975,328.23852,21.900886,-0.867149,-0.103149,22.73996,359.60148,425.45352,305.57364,957.10696,969.96264,84.789744,1070.5854,1060.066,76.024336,0,0,0,0,0.79,-1.35,0,0
2025/07/29 09:53:00.146,n,19.785938,60.198688,662.4666,681.41048,23.527644,19.785676,19.82131,0.439838,331.65806,23.296818,-0.793762,-0.13279,22.661544,365.4892,422.36052,307.70026,877.69248,911.05416,68.94636,1018.1616,1027.7068,58.987284,0,0,0,0,0.68,-1.63,0,0
2025/07/29 09:54:00.149,n,19.271828,61.3898,1050.223,1008.1748,302.78244,29.551612,28.549998,7.852162,609.47884,52.237052,-0.665718,-0.15947,22.610954,376.26884,419.69432,556.73552,1020.695,973.66184,65.700836,1135.6886,1102.3744,59.077916,0,0,0,0,0.81,-1.38,0,0
2025/07/29 09:55:00.142,n,19.170898,62.749908,660.16564,707.76176,70.46488,19.25654,20.667568,2.057558,325.62708,22.68435,-0.588196,-0.152802,22.53084,382.50508,419.8166,302.50732,856.81888,876.27192,63.7299,987.09664,1004.2152,51.667204,0,0,0,0,0.76,-1.22,0,0
2025/07/29 09:56:00.138,n,19.203418,63.736968,533.72924,716.24024,197.1516,16.04481,20.86625,5.457614,272.35572,18.646408,-0.531349,-0.147713,22.439006,386.88432,419.73028,253.32568,915.25888,867.4284,68.729904,1056.0406,1004.1236,61.035236,0,0,0,0,0.73,-1.36,0,0
2025/07/29 09:57:00.141,n,19.121974,64.40528,451.49616,478.62416,24.804234,14.138998,14.83913,0.620236,227.34876,14.821744,-0.51368,-0.1614,22.28617,387.51828,417.6202,212.17474,761.35896,818.82112,62.251108,912.73144,961.926,51.938428,0,0,0,0,0.78,-1.4,0,0
2025/07/29 09:58:00.143,n,19.13667,65.302744,463.60572,469.36356,41.646428,14.632756,14.744274,1.156493,250.36134,17.509766,-0.500954,-0.151047,22.185688,388.03188,417.95244,232.50166,824.96392,880.30712,65.6064,993.62992,1023.8228,54.062,0,0,0,0,0.75,-1.38,0,0
2025/07/29 09:59:00.144,n,19.161724,64.780428,477.65236,459.67148,10.829358,15.126514,14.609426,0.345592,240.0971,16.656662,-0.535233,-0.142967,22.111068,384.63064,418.234,223.04818,1050.4492,924.0744,132.88304,1192.9058,1067.85,123.76308,0,0,0,0,0.71,-1.39,0,0
2025/07/29 10:00:07.049,n,18.91573,64.804696,562.53972,525.3288,27.61793,16.821592,16.056602,0.635728,282.21738,19.677346,-0.584129,-0.155251,21.9719,379.589,416.33128,262.11114,813.22176,889.06392,71.48776,981.66608,1040.62,58.37808,0,0,0,0,0.7,-1.39,0,0
2025/07/29 10:01:00.148,n,18.83746,66.006944,994.35016,709.22832,170.21708,30.608346,21.206704,5.50946,718.90304,66.669556,-0.615189,-0.139458,21.943032,376.73396,417.5656,651.7578,763.65872,814.71696,63.08526,931.24128,974.89584,51.940348,0,0,0,0,0.75,-1.39,0,0
2025/07/29 10:02:00.150,n,18.909138,65.382088,586.66908,611.81764,21.042814,17.386106,17.862432,0.46488,288.91476,19.904922,-0.736847,-0.134193,21.863782,365.74816,417.5714,268.4072,706.34088,733.99152,39.39416,865.96248,893.95048,31.488092,0,0,0,0,0.61,-1.41,0,0
2025/07/29 10:03:00.136,n,18.93687,65.488432,1835.855,1264.4394,559.74584,50.157144,35.188036,14.604564,907.96168,86.755416,-0.705505,-0.111214,21.901268,368.67784,419.83068,820.61192,1034.7018,942.90144,118.1863,1172.77,1078.2462,114.26154,0,0,0,0,0.75,-1.39,0,0
2025/07/29 10:04:00.138,n,19.174714,64.48326,1337.2256,1707.8592,258.39118,35.502852,46.576764,7.216206,609.93224,51.330476,-0.674545,-0.065819,22.076782,372.37936,424.88552,557.99304,1034.9448,976.73264,59.372552,1145.4282,1105.1614,49.65078,0,0,0,0,0.87,-1.43,0,0
2025/07/29 10:05:00.140,n,19.230134,61.927548,1190.671,1160.3946,218.23038,33.4263,32.080646,5.216579,556.21428,47.916196,-0.615723,-0.104546,22.039358,377.24948,421.22788,507.78692,817.65432,896.30136,53.908256,961.35552,1022.7578,43.780132,0,0,0,0,0.72,-1.36,0,0
2025/07/29 10:06:00.135,n,19.23824,62.863584,553.60376,1103.6684,595.53052,16.327836,30.96213,15.665558,290.92374,20.318416,-0.55928,-0.092628,22.09288,382.4442,422.5984,270.13864,813.4732,780.39632,69.158152,921.85312,909.96552,55.455388,0,0,0,0,0.79,-1.38,0,0
2025/07/29 10:07:00.135,n,19.32618,61.974568,465.72704,498.11416,25.591014,14.032864,14.820928,0.582647,236.54568,15.760034,-0.538414,-0.121384,21.981564,383.59996,419.3954,220.3686,770.92096,850.39504,87.660712,920.46048,980.99064,80.332432,0,0,0,0,0.85,-1.5,0,0
2025/07/29 10:08:00.137,n,19.344052,63.489604,414.56892,432.35408,15.186342,12.619272,13.073036,0.366205,207.15894,12.999882,-0.558754,-0.116646,21.954788,381.68448,419.6602,193.71694,825.2012,858.28704,75.208376,966.17,998.3328,67.57292,0,0,0,0,0.75,-1.41,0,0
2025/07/29 10:09:00.136,n,19.397808,63.12144,422.80288,413.68544,4.994998,12.796164,12.601838,0.131751,204.08034,12.529804,-0.640968,-0.126823,21.87985,374.1358,418.3196,191.03638,886.66952,947.45728,78.7458,1055.3106,1086.272,81.524232,0,0,0,0,0.75,-1.27,0,0
2025/07/29 10:10:00.135,n,19.19102,62.96866,1506.9746,798.58424,516.088,39.655952,22.098338,12.717838,691.22808,59.867728,-0.690643,-0.133667,21.818822,369.48332,417.35644,630.8034,1003.1842,890.84864,84.308952,1143.0884,1040.4202,75.961832,0,0,0,0,0.75,-1.32,0,0
2025/07/29 10:11:00.136,n,19.20567,63.5836,1587.834,1365.6184,236.99156,42.22472,37.783724,5.938536,809.26816,74.391008,-0.765907,-0.098419,21.944076,363.70208,421.21628,734.20968,1044.0972,1013.7036,46.069512,1183.5606,1148.5204,43.56604,0,0,0,0,0.76,-1.39,0,0
2025/07/29 10:12:00.137,n,19.376618,62.963824,467.98996,711.59784,476.45772,14.562,19.971538,11.822614,240.19704,15.020718,-0.936096,-0.103676,21.914166,348.8056,420.57512,224.3439,920.84768,910.15008,15.97498,1069.1948,1049.0306,19.806564,0,0,0,0,0.8,-1.29,0,0
2025/07/29 10:13:00.135,n,19.303424,62.912116,1126.5292,1384.103,373.68864,35.467472,39.622884,8.002331,779.37008,72.6848,-0.968407,-0.102097,21.998706,346.50348,421.20832,705.81896,859.30672,878.59664,63.879572,1000.9084,1015.762,58.436292,0,0,0,0,0.73,-1.36,0,0
2025/07/29 10:14:00.135,n,19.444976,62.677548,1667.581,1519.0444,428.69664,44.930388,41.84274,10.118806,833.51512,75.8,-1.004837,-0.084221,22.113192,344.02,423.46376,756.79456,795.80912,831.20016,52.455696,944.11528,964.6592,45.178536,0,0,0,0,0.74,-1.34,0,0
2025/07/29 10:15:00.135,n,19.391316,63.020856,1662.5936,1660.4936,4.774935,45.14266,45.101384,0.08268,828.83792,75.208672,-1.019592,-0.078964,22.228694,343.41832,424.60532,752.68856,992.40288,951.41512,90.179264,1114.6304,1065.1454,86.202088,0,0,0,0,0.76,-1.38,0,0
2025/07/29 10:16:00.135,n,19.758942,63.058164,1668.1962,1669.1494,5.744563,45.388768,45.283144,0.258073,848.71048,77.617504,-1.014793,-0.051636,22.402886,344.85252,428.05144,770.12992,986.98688,864.44432,85.91856,1062.6914,964.73496,67.253248,0,0,0,0,0.8,-1.39,0,0
2025/07/29 10:17:00.134,n,19.913338,60.65196,1664.3192,1481.5724,329.2121,45.388768,39.61724,8.448374,833.73616,76.631344,-1.032761,-0.089127,22.499032,343.8614,425.285,756.16112,1053.2954,998.79104,75.806992,1153.003,1103.8812,60.118216,0,0,0,0,0.79,-1.38,0,0
2025/07/29 10:18:00.135,n,19.872662,62.272764,1673.7614,1669.7588,3.633181,46.196316,45.804076,0.215602,842.38712,77.800312,-1.031342,-0.084389,22.689792,345.10332,426.82496,763.63992,888.5064,932.3228,89.434888,996.15384,1049.0306,79.487728,0,0,0,0,0.76,-1.4,0,0
2025/07/29 10:19:00.136,n,20.118022,60.972564,1673.884,1671.8864,1.67332,46.091716,46.13838,0.222732,846.45816,77.406096,-1.011414,-0.088951,22.80793,347.52136,427.11392,768.1296,1011.1276,985.48192,79.115104,1105.3702,1089.8718,65.106836,0,0,0,0,0.71,-1.27,0,0
2025/07/29 10:20:00.135,n,20.022126,60.640584,1734.026,1703.9102,22.289012,48.111356,47.219208,0.80792,879.55656,80.755088,-0.956512,-0.084389,22.944194,353.07224,428.32076,797.92944,824.14656,916.63744,105.468,939.79352,1027.5256,93.760328,0,0,0,0,0.78,-1.37,0,0
2025/07/29 10:21:00.139,n,19.988044,60.536336,1861.1204,1802.1752,41.352148,51.533816,49.96384,1.081449,943.45624,86.769712,-0.854569,-0.079491,23.077166,362.67448,429.53932,855.91144,816.97904,938.6924,94.518248,937.86288,1044.8678,80.264568,0,0,0,0,0.67,-1.46,0,0
2025/07/29 10:22:00.135,n,20.23814,60.621004,828.52416,1728.0162,441.53144,24.406384,47.664508,11.447016,545.89324,45.647884,-0.804749,-0.044289,23.256136,368.04012,433.7216,499.48488,1051.7646,955.48384,76.884328,1125.2056,1046.3146,61.20376,0,0,0,0,0.77,-1.4,0,0
2025/07/29 10:23:00.135,n,20.461384,59.542632,564.92296,626.2574,63.28112,16.963106,18.650238,1.793298,283.47598,18.049484,-0.854034,-0.094734,23.211154,363.51104,428.97596,264.66718,892.14608,956.16504,34.90272,1002.6036,1047.3346,28.293108,0,0,0,0,0.84,-1.41,0,0
2025/07/29 10:24:00.135,n,20.355476,60.015632,551.98952,550.09412,3.581201,16.610862,16.53344,0.075098,268.1807,17.29649,-0.914986,-0.125069,23.132926,357.77684,425.82036,250.0943,760.59968,823.31608,51.247928,891.78816,939.9656,38.860004,0,0,0,0,0.73,-1.3,0,0
2025/07/29 10:25:00.135,n,20.160214,58.89288,576.28944,744.16384,410.645,17.526082,21.766088,10.60942,279.18104,18.504016,-0.950295,-0.151222,23.087882,354.4568,423.232,259.87792,957.36576,895.38528,55.974104,1088.2398,1019.1624,60.49876,0,0,0,0,0.71,-1.4,0,0
2025/07/29 10:26:00.135,n,19.830426,58.84556,1833.519,997.82096,497.62476,49.2773,28.3244,12.501,738.8468,61.250604,-0.898857,-0.151222,23.021376,358.51428,422.83988,676.84856,882.15,839.86032,79.23888,991.88192,967.58456,69.668504,0,0,0,0,0.69,-1.52,0,0
2025/07/29 10:27:00.136,n,19.809284,59.285456,1850.8868,1836.103,9.208692,51.215412,50.863172,0.251558,943.57416,88.12212,-0.826233,-0.125069,23.191852,365.80212,426.16804,854.75088,929.37552,789.81648,73.938824,1022.231,901.17328,63.98984,0,0,0,0,0.76,-1.44,0,0
2025/07/29 10:28:00.135,n,19.904816,59.06532,576.993,958.75656,599.66808,17.632218,27.340216,15.58143,284.41824,17.366752,-0.807259,-0.144379,23.121068,367.02576,424.0354,266.38862,1071.4102,991.83888,70.146984,1170.173,1081.8906,73.082832,0,0,0,0,0.79,-1.54,0,0
2025/07/29 10:29:00.139,n,19.755306,59.278696,529.36932,840.55616,375.90068,15.515674,24.023118,10.795558,271.26502,16.158604,-0.728546,-0.149643,23.032058,373.31016,423.04324,254.52752,743.52576,846.47544,57.057864,868.86648,951.47096,46.07494,0,0,0,0,0.75,-1.31,0,0
2025/07/29 10:30:07.035,n,19.703254,59.24452,406.30452,448.79692,34.874056,12.23011,13.413744,0.957597,195.34768,9.794526,-0.68129,-0.169312,22.903366,376.64,420.53844,185.04118,711.0868,721.25056,31.89279,827.42264,833.37208,28.322252,0,0,0,0,0.79,-1.37,0,0
2025/07/29 10:31:00.136,n,19.395832,60.353648,339.82512,364.8872,19.854472,10.853436,11.30079,0.474432,165.61546,7.141945,-0.636231,-0.178444,22.736988,379.55968,418.7492,158.01572,854.50672,805.17096,77.608312,967.29816,920.16888,68.761912,0,0,0,0,0.7,-1.61,0,0
2025/07/29 10:32:00.135,n,19.38924,61.339688,306.14916,317.66738,9.66178,9.935138,10.152792,0.222375,149.5738,5.943745,-0.603386,-0.170364,22.596126,381.57392,418.63972,143.19702,932.11072,811.934,90.536736,1039.6684,931.78704,79.775936,0,0,0,0,0.77,-1.39,0,0
2025/07/29 10:33:00.135,n,19.309552,61.8933,303.27862,301.81314,1.167262,9.935138,9.823364,0.132767,149.35736,6.328636,-0.588562,-0.167381,22.46905,382.1112,418.1596,142.60754,935.0404,810.81136,94.585936,1056.515,942.83952,81.6664,0,0,0,0,0.76,-1.31,0,0
2025/07/29 10:34:00.135,n,19.30135,63.735728,320.64352,312.90244,5.754347,10.50119,10.223548,0.211342,160.39596,7.755657,-0.560539,-0.158775,22.359028,383.89104,418.27968,152.23854,990.848,864.69632,83.77888,1118.4736,997.86296,74.08036,0,0,0,0,0.73,-1.4,0,0
2025/07/29 10:35:00.136,n,19.20042,63.350036,352.75252,336.10588,10.838012,11.59484,11.041862,0.399218,177.79216,10.10791,-0.588036,-0.157364,22.259588,380.93068,417.8232,167.2536,901.88168,857.66264,69.915664,1039.2744,997.4636,58.972872,0,0,0,0,0.74,-1.37,0,0
2025/07/29 10:36:00.135,n,19.079914,63.695252,425.0186,392.95408,23.27982,13.608324,12.684132,0.699339,212.43154,13.09937,-0.629334,-0.160881,22.07564,376.2838,416.43648,198.8637,700.83584,756.07032,56.274772,850.24152,903.29032,53.049976,0,0,0,0,0.71,-1.36,0,0
2025/07/29 10:37:00.138,n,18.983772,64.718988,516.11608,476.0468,28.97542,15.83254,14.86733,0.690264,256.406,16.897918,-0.643997,-0.149292,21.940778,374.22868,416.679,239.01338,918.42368,765.35688,88.687936,1052.1674,911.62472,80.594664,0,0,0,0,0.65,-1.41,0,0
2025/07/29 10:38:00.138,n,19.047344,65.204628,635.48504,584.14848,37.912068,18.727404,17.52121,0.882764,315.01108,22.898246,-0.631989,-0.134201,21.870084,374.85576,417.60752,291.61506,860.64048,791.81784,60.707084,998.37872,942.36624,52.088388,0,0,0,0,0.73,-1.4,0,0
2025/07/29 10:39:00.140,n,19.099446,64.531632,741.26872,716.61432,35.30014,21.583814,20.855484,0.907408,369.5022,28.802818,-0.586098,-0.117012,21.857318,378.75124,419.0598,340.23028,832.07656,942.82224,75.71592,1001.2826,1089.4196,71.522024,0,0,0,0,0.7,-1.5,0,0
2025/07/29 10:40:00.135,n,19.151592,65.206236,2121.6334,1464.0332,719.27816,57.983428,40.536304,19.049974,1071.2092,104.3852,-0.483482,-0.07827,21.935458,388.08308,422.95556,966.4188,781.38272,801.08464,46.835352,926.20048,945.5004,37.533984,0,0,0,0,0.76,-1.38,0,0
2025/07/29 10:41:00.134,n,19.39095,63.743836,1035.6936,1680.9082,371.97096,29.620832,46.383204,9.455458,680.30712,61.730628,-0.4646,-0.05217,22.109862,390.73384,426.2908,618.16408,811.88712,871.96048,74.08576,947.32696,1002.1332,64.244844,0,0,0,0,0.69,-1.38,0,0
2025/07/29 10:42:00.137,n,19.560138,63.6369,746.39608,823.93576,126.28282,21.725326,24.022864,3.454235,380.81432,31.643802,-0.454193,-0.081421,22.071362,391.4092,423.4682,348.79776,985.2064,923.98064,58.482476,1111.2514,1044.7886,54.1267,0,0,0,0,0.72,-1.35,0,0
2025/07/29 10:43:00.135,n,19.604034,62.300136,1771.5282,1154.3312,493.99284,47.216132,32.193958,12.521856,681.14056,60.40496,-0.439377,-0.078796,22.10666,392.897,423.9074,620.375,734.07456,795.3624,100.89722,862.24936,926.18064,88.630688,0,0,0,0,0.75,-1.39,0,0
2025/07/29 10:44:00.136,n,19.522686,62.08788,617.05268,995.32096,329.28134,18.409,28.120074,8.114187,330.16358,26.68436,-0.451012,-0.091759,22.174058,392.28416,423.14988,303.11996,754.29968,802.79136,42.658528,876.88656,919.01264,34.436896,0,0,0,0,0.73,-1.23,0,0
2025/07/29 10:45:00.137,n,19.664242,61.393348,585.7188,590.21852,6.848358,17.455326,17.497626,0.153968,299.56962,23.653106,-0.454895,-0.10701,22.16015,391.867,421.71416,275.5686,831.85632,768.76936,45.572472,950.20632,891.20216,38.689792,0,0,0,0,0.73,-1.41,0,0
2025/07/29 10:46:00.139,n,19.659358,62.32118,607.85016,597.09132,7.252586,17.98446,17.685542,0.254836,309.32272,24.72073,-0.459839,-0.108589,22.132392,391.27712,421.41168,284.25074,887.79528,888.06472,87.482568,1026.3964,1013.9106,73.722448,0,0,0,0,0.74,-1.34,0,0
2025/07/29 10:47:00.142,n,19.662578,61.251992,620.9298,618.07112,2.144761,18.302866,18.167506,0.190151,317.09314,25.446366,-0.456131,-0.103859,22.151562,391.7098,421.94368,291.29452,789.47304,815.8344,109.33276,946.51008,947.07976,95.376096,0,0,0,0,0.74,-1.38,0,0
2025/07/29 10:48:00.143,n,19.643096,62.198084,647.52156,663.95924,40.124804,18.939674,19.50342,1.014037,331.9093,26.55627,-0.452957,-0.111221,22.130238,391.86,421.16548,305.0113,974.37928,877.26792,100.06698,1107.4384,1002.1688,89.954984,0,0,0,0,0.71,-1.41,0,0
2025/07/29 10:49:00.136,n,19.621906,60.975576,632.94952,634.4992,4.387482,18.585892,18.703562,0.125585,321.92774,25.24739,-0.462303,-0.118935,22.083148,390.77656,420.20552,296.33694,887.01648,858.49408,71.011968,1011.3622,994.64328,58.1111,0,0,0,0,0.7,-1.51,0,0
2025/07/29 10:50:00.135,n,19.631672,62.675768,641.41804,634.9942,3.24037,18.83354,18.626912,0.124805,323.19378,25.332576,-0.458954,-0.108589,22.064928,390.96,421.018,297.51084,724.0292,826.40336,69.952128,880.99984,967.7984,55.766476,0,0,0,0,0.73,-1.37,0,0
2025/07/29 10:51:00.135,n,19.799152,60.973964,605.84156,634.00636,21.089096,17.98446,18.55,0.515246,310.89144,24.692128,-0.472015,-0.102097,22.083148,389.9364,421.70088,285.8294,889.74008,733.73128,77.926248,992.1644,863.14136,64.07184,0,0,0,0,0.73,-1.35,0,0
2025/07/29 10:52:00.136,n,19.563362,61.144664,572.62396,586.55156,9.794132,16.996946,17.403284,0.286624,292.84136,22.784458,-0.477486,-0.115074,22.032864,389.16976,420.25496,269.69452,919.7396,981.37088,44.23008,1052.2734,1102.7922,43.410828,0,0,0,0,0.79,-1.43,0,0
2025/07/29 10:53:00.136,n,19.408822,62.134804,552.74944,559.1712,5.359571,16.50319,16.632652,0.135046,282.72274,21.5732,-0.473953,-0.118935,21.95789,389.03816,419.47488,260.7945,695.22496,755.68584,57.066628,843.7864,898.52096,48.759612,0,0,0,0,0.71,-1.27,0,0
2025/07/29 10:54:00.138,n,19.429962,63.14076,551.40324,550.39992,0.821584,16.538568,16.514982,0.048159,281.96726,21.502316,-0.482956,-0.110695,21.915082,388.00984,419.95712,260.09268,825.50376,852.07504,63.711068,960.53256,980.48832,53.339476,0,0,0,0,0.76,-1.35,0,0
2025/07/29 10:55:00.140,n,19.480404,63.679044,567.25744,559.50676,5.380521,16.856972,16.714946,0.139492,290.33898,22.55626,-0.484367,-0.106834,21.89477,387.76952,420.18172,267.40518,939.2904,873.16352,70.347712,1065.1308,1004.6692,57.053484,0,0,0,0,0.76,-1.35,0,0
2025/07/29 10:56:00.141,n,19.483624,62.750132,588.36244,579.7082,6.553625,17.455326,17.3033,0.285172,301.96464,24.06598,-0.500084,-0.112617,21.879782,386.32268,419.58088,277.51116,805.63272,759.43168,49.384208,928.17656,894.9416,39.92618,0,0,0,0,0.74,-1.46,0,0
2025/07/29 10:57:00.144,n,19.407208,62.95878,614.20952,602.47536,8.300602,18.090596,17.856024,0.221137,315.31888,25.005512,-0.510506,-0.108589,21.840144,385.19028,419.70776,289.91144,784.4828,799.26336,55.566628,929.67312,935.63504,55.262104,0,0,0,0,0.72,-1.51,0,0
2025/07/29 10:58:00.135,n,19.368144,62.798716,651.46564,635.39088,11.981236,19.150406,18.76227,0.270001,334.0839,26.399578,-0.520752,-0.105606,21.811212,384.13556,419.80432,307.26916,651.54628,692.69528,34.727512,800.26544,834.98648,29.233542,0,0,0,0,0.74,-1.38,0,0
2025/07/29 10:59:00.138,n,19.293244,63.163464,684.3848,672.55112,10.59717,20.031786,19.767988,0.250098,350.2032,27.424298,-0.537544,-0.105606,21.763022,382.40252,419.52392,322.34698,870.536,831.58808,90.34656,1024.2046,972.35488,89.715104,0,0,0,0,0.76,-1.44,0,0
2025/07/29 11:00:07.049,n,19.364876,62.931336,729.47896,700.14128,15.441826,21.196192,20.326604,0.435543,398.3236,31.701008,-0.588562,-0.104553,21.736214,377.83324,419.4614,366.1386,768.39344,840.12984,44.433096,920.92952,979.85936,36.189776,0,0,0,0,0.57,-1.48,0,0
2025/07/29 11:01:00.137,n,19.21346,63.290028,697.102,705.82296,9.869144,20.102542,20.408384,0.423204,351.15916,26.783848,-0.646294,-0.111397,21.668724,372.44688,418.46132,323.84042,667.66736,720.77104,60.586304,831.87088,863.71768,49.108044,0,0,0,0,0.73,-1.46,0,0
2025/07/29 11:02:00.137,n,19.293244,63.448964,681.05888,685.64016,5.630275,19.538028,19.68518,0.175112,336.91864,25.574456,-0.747322,-0.099121,21.677278,363.75704,419.6012,310.69598,700.75576,730.37472,28.406866,846.33528,865.81784,21.276748,0,0,0,0,0.7,-1.36,0,0
2025/07/29 11:03:00.141,n,19.254132,61.8641,815.33792,722.17464,46.955828,23.312734,20.802674,1.251074,370.24628,29.058998,-0.849709,-0.118233,21.608646,354.50132,417.50508,340.4558,996.05456,863.2424,121.54506,1129.3944,991.88688,122.33928,0,0,0,0,0.72,-1.4,0,0
2025/07/29 11:04:00.142,n,19.172738,61.570352,1897.5822,1507.2574,418.78444,52.169088,42.490824,11.160906,963.32224,91.698696,-0.893044,-0.093338,21.675154,351.139,420.1024,870.82384,765.244,845.77288,64.463944,918.03544,986.99272,55.074492,0,0,0,0,0.78,-1.32,0,0
2025/07/29 11:05:00.144,n,19.348568,61.784608,1813.8576,1837.8372,22.662744,49.947948,50.447088,0.531801,917.25224,85.73132,-0.928154,-0.039223,21.850852,349.12404,425.9306,830.632,792.13952,862.19072,80.904888,927.7132,982.23336,71.925656,0,0,0,0,0.73,-1.37,0,0
2025/07/29 11:06:00.148,n,19.724396,60.724988,1786.8912,1793.9936,7.099296,49.2773,49.576996,0.16238,907.2676,85.16984,-0.944305,-0.035294,22.033908,348.7936,427.34632,821.18864,996.11608,924.13304,48.426232,1104.1776,1030.1374,46.431672,0,0,0,0,0.76,-1.36,0,0
2025/07/29 11:07:00.135,n,19.942218,58.533824,1777.3544,1783.8044,4.64758,49.664924,49.506748,0.151167,906.2048,85.240096,-0.932411,-0.051476,22.183662,350.69668,426.7834,820.08376,790.38856,856.34384,57.10254,889.07016,948.40944,41.516264,0,0,0,0,0.78,-1.38,0,0
2025/07/29 11:08:00.135,n,20.067268,58.406484,1807.2172,1779.4082,16.613248,50.335572,49.49444,0.455436,921.152,86.517888,-0.899246,-0.037819,22.380384,354.71608,429.14664,833.7728,996.69712,968.83392,71.619824,1071.7196,1041.4642,67.950712,0,0,0,0,0.78,-1.38,0,0
2025/07/29 11:09:00.136,n,20.26712,57.021328,1892.3604,1816.6222,107.67172,52.873576,50.733196,2.866938,972.68736,92.359664,-0.855309,-0.04657,22.572644,359.64348,429.49608,879.51896,1046.995,1016.118,32.36356,1137.1586,1101.3692,29.329166,0,0,0,0,0.71,-1.39,0,0
2025/07/29 11:10:00.138,n,20.19881,56.831876,1941.2946,1908.6022,23.83275,54.354852,53.273508,0.733677,1005.9402,95.451848,-0.791115,-0.036949,22.794962,366.502,431.65596,909.73416,866.87192,839.89496,63.3293,953.80648,930.58568,54.358992,0,0,0,0,0.82,-1.32,0,0
2025/07/29 11:11:00.139,n,20.52298,57.407996,1973.1636,1960.0728,15.086418,54.988584,54.824512,0.492125,1024.8126,97.782344,-0.724823,-0.03318,23.023498,373.58172,433.3358,926.33864,749.92808,760.70992,36.952672,824.44808,841.07232,31.859064,0,0,0,0,0.76,-1.37,0,0
2025/07/29 11:12:00.141,n,20.348664,56.792712,2037.5262,1703.0004,361.18084,57.103588,48.003172,9.93867,998.28144,94.876072,-0.707657,-0.057953,23.199298,376.10352,432.17256,902.75576,861.15664,878.32976,49.855792,936.47736,945.91448,55.100816,0,0,0,0,0.77,-1.35,0,0
2025/07/29 11:13:00.146,n,20.45457,55.3995,1947.8176,1672.9532,456.65916,54.707092,47.295348,12.283834,741.82512,64.563528,-0.743248,-0.088951,23.342832,373.87248,430.2674,676.60728,968.36024,917.68136,78.363888,1047.8442,987.29544,74.796384,0,0,0,0,0.56,-1.46,0,0
2025/07/29 11:14:00.147,n,20.46761,55.858532,1399.298,1572.6992,361.71452,39.795924,45.312376,9.677536,837.89712,73.968808,-0.732086,-0.098946,23.477714,375.636,430.17772,763.2952,645.5912,727.62696,78.800384,731.366,814.7708,78.537256,0,0,0,0,0.73,-1.16,0,0
2025/07/29 11:15:00.148,n,20.244366,56.795936,824.37136,966.48848,201.90988,24.264872,28.140584,5.450309,422.7136,31.60152,-0.809036,-0.136658,23.420972,368.64348,426.4926,390.43968,848.96232,884.69504,51.609108,943.99736,957.46664,58.674528,0,0,0,0,0.72,-1.28,0,0
2025/07/29 11:16:00.141,n,20.210186,56.465808,820.41656,1007.3228,180.1985,24.617116,29.350622,4.864803,444.9438,34.000408,-0.856552,-0.139992,23.357828,364.15968,425.82304,410.22688,902.87296,912.4356,62.560372,1000.7322,1002.568,59.193748,0,0,0,0,0.7,-1.42,0,0
2025/07/29 11:17:00.136,n,20.075374,57.50902,1964.712,1383.3312,485.97756,54.425604,39.216032,13.104426,998.9096,92.036328,-0.860626,-0.119644,23.38886,363.9908,427.81364,906.13224,720.97744,856.94072,91.754024,842.29912,965.77024,80.310032,0,0,0,0,0.67,-1.39,0,0
2025/07/29 11:18:00.136,n,20.232892,57.071912,1899.249,1690.5504,305.4256,53.050468,47.939848,7.858515,970.17872,89.546032,-0.91095,-0.103149,23.47556,360.15056,429.79152,879.82488,942.45544,792.65864,105.88036,1031.3388,880.70896,102.01862,0,0,0,0,0.74,-1.35,0,0
2025/07/29 11:19:00.140,n,20.395252,57.020484,1824.0164,1838.0688,20.248456,51.393844,51.652008,0.633381,938.6516,86.23808,-0.927994,-0.078621,23.590812,359.35884,432.6526,851.56416,689.76504,813.57952,107.38576,785.22392,903.49416,97.052048,0,0,0,0,0.75,-1.35,0,0
2025/07/29 11:20:00.141,n,20.701404,56.060816,1824.4024,1816.5454,8.944272,51.606112,51.188496,0.351059,943.43536,87.745312,-0.919296,-0.076698,23.712732,360.83416,433.54628,854.84744,805.88064,725.82792,114.69984,882.88464,798.09592,105.78588,0,0,0,0,0.71,-1.38,0,0
2025/07/29 11:21:00.144,n,20.852772,55.369116,1822.5172,1824.7706,3.898718,51.712244,51.640976,0.20492,952.61776,89.02684,-0.842072,-0.06321,23.876286,368.48564,435.71544,862.812,941.4968,823.8792,91.670608,1002.1366,890.00904,84.988824,0,0,0,0,0.83,-1.46,0,0
2025/07/29 11:22:00.149,n,20.896668,54.23894,534.37944,937.95072,550.62104,16.50319,26.642904,14.426688,276.42566,18.234158,-0.791306,-0.098251,23.857042,372.76292,432.48912,257.49842,976.8928,939.7136,57.91114,1042.5912,1001.333,55.782616,0,0,0,0,0.74,-1.38,0,0
2025/07/29 11:23:00.147,n,20.864148,54.561796,533.60744,534.70384,0.774597,16.257078,16.39731,0.133956,273.41962,18.589202,-0.684845,-0.121574,23.799312,381.62932,430.0748,254.26716,709.24344,781.074,78.978168,797.32168,867.74264,70.338472,0,0,0,0,0.74,-1.38,0,0
2025/07/29 11:24:00.150,n,20.595592,52.676096,518.00744,526.583,5.718392,16.114028,16.297586,0.172088,265.21406,18.277062,-0.628822,-0.16967,23.69029,385.82836,425.15624,246.47784,929.48608,957.84472,48.685728,1011.9248,1027.379,50.291152,0,0,0,0,0.76,-1.32,0,0
2025/07/29 11:25:00.139,n,20.225674,55.490504,487.88124,501.8806,9.724968,15.195732,15.614632,0.288407,247.09202,15.390686,-0.576302,-0.162117,23.613254,389.91488,425.37024,231.28714,706.81472,728.934,59.85608,801.88808,823.59256,58.493588,0,0,0,0,0.76,-1.35,0,0
2025/07/29 11:26:00.137,n,19.986904,55.4741,441.17284,462.00344,15.13192,14.102082,14.64942,0.345097,222.59068,13.354928,-0.541977,-0.175819,23.460304,391.9782,423.2474,208.8696,790.57296,664.33028,80.25896,883.47744,759.80288,76.394696,0,0,0,0,0.7,-1.43,0,0
2025/07/29 11:27:00.140,n,19.848816,57.387572,387.78072,409.32048,16.585762,12.760784,13.343244,0.362453,194.78176,10.748982,-0.522354,-0.173882,23.313594,392.80812,422.55196,183.68432,862.65256,835.14304,27.199264,973.87096,935.28584,32.222664,0,0,0,0,0.71,-1.31,0,0
2025/07/29 11:28:00.142,n,19.797768,58.016308,356.46972,367.06284,9.109062,12.090136,12.231136,0.218023,177.97546,9.308904,-0.505714,-0.175636,23.146904,393.26332,421.41188,168.33648,971.2932,872.88064,74.95132,1075.2054,975.3696,71.794848,0,0,0,0,0.76,-1.41,0,0
2025/07/29 11:29:00.146,n,19.760364,57.4229,355.22708,352.79104,1.470544,11.62868,11.634576,0.096065,179.18954,10.092988,-0.492294,-0.160881,23.011806,393.62776,421.9258,168.76514,907.12648,829.7092,56.013836,1003.2292,934.74288,54.336912,0,0,0,0,0.71,-1.46,0,0
2025/07/29 11:30:07.050,n,19.719692,57.5584,386.47108,371.3174,10.570596,12.65465,12.200116,0.388054,197.95058,11.973298,-0.485413,-0.157906,22.827298,393.13696,421.104,185.64978,733.80224,758.40968,100.49552,839.33512,868.34392,92.366664,0,0,0,0,0.67,-1.32,0,0
2025/07/29 11:31:00.148,n,19.651428,58.223828,433.01044,413.29708,14.799916,13.677544,13.271462,0.353588,218.79428,14.279538,-0.471107,-0.152458,22.699526,393.62352,420.83684,204.1961,542.40136,606.05568,55.294212,659.40636,719.42408,47.495264,0,0,0,0,0.58,-1.44,0,0
2025/07/29 11:32:00.149,n,19.666028,58.9938,482.34572,461.33672,15.590862,14.949622,14.484064,0.352343,242.23516,16.384316,-0.477463,-0.142982,22.58894,392.42464,421.02928,225.51636,639.98096,622.07904,24.901808,743.49184,728.12504,20.501218,0,0,0,0,0.82,-1.44,0,0
2025/07/29 11:33:00.152,n,19.630238,59.01338,526.79576,509.65804,13.492592,16.007894,15.677954,0.316112,263.44318,18.74403,-0.47023,-0.140167,22.45086,392.24092,420.46996,244.3691,627.22704,631.43536,29.653836,737.06408,745.6704,24.170228,0,0,0,0,0.74,-1.42,0,0
2025/07/29 11:34:00.140,n,19.612366,59.835156,553.67072,543.67204,8.18077,16.572408,16.490112,0.123625,276.20182,20.019332,-0.468994,-0.122627,22.372906,391.89128,421.57108,255.83612,694.77536,746.246,57.997412,811.36344,852.76584,44.530888,0,0,0,0,0.74,-1.41,0,0
2025/07/29 11:35:00.134,n,19.609142,59.592924,569.65288,571.75768,10.87888,16.995408,17.095648,0.358729,285.35248,21.34438,-0.460167,-0.122627,22.280978,392.11708,421.03328,263.67054,734.4868,668.81696,76.474504,847.17544,781.72464,68.953968,0,0,0,0,0.68,-1.33,0,0
2025/07/29 11:36:00.136,n,19.675792,58.276072,719.43584,613.99096,59.473104,20.911626,18.012918,1.604338,349.07596,28.20465,-0.457352,-0.115082,22.22115,392.01088,421.35368,320.52902,941.58496,833.73464,120.31854,1039.1442,935.66312,113.24664,0,0,0,0,0.74,-1.42,0,0
2025/07/29 11:37:00.135,n,19.63517,58.191212,512.79784,591.3008,104.77906,14.843488,17.271512,3.204805,255.17538,18.715428,-0.45224,-0.108246,22.14738,392.02196,421.52968,236.11596,704.91648,748.46576,89.54356,829.74672,860.65152,77.594456,0,0,0,0,0.81,-1.38,0,0
2025/07/29 11:38:00.135,n,19.682338,58.36758,423.20644,482.45436,59.103088,12.44238,14.048246,1.671086,209.41462,14.748994,-0.441834,-0.10614,22.078838,392.52204,421.31652,194.32992,610.00148,695.1312,84.887272,740.17936,808.68392,72.61164,0,0,0,0,0.66,-1.35,0,0
2025/07/29 11:39:00.136,n,19.753872,57.738432,343.9094,375.66684,24.43921,10.35814,11.1521,0.650336,170.51286,11.37513,-0.435837,-0.109825,22.015718,392.67256,420.62108,158.81174,671.32328,765.07712,100.43132,788.53824,876.374,90.238024,0,0,0,0,0.79,-1.37,0,0
2025/07/29 11:40:00.136,n,19.654702,58.297312,287.48684,308.6926,16.85749,9.08606,9.544952,0.372567,141.93644,9.109306,-0.433716,-0.109825,21.91296,392.25708,420.02208,132.50324,673.07616,778.83584,96.883688,794.70424,891.33248,85.079376,0,0,0,0,0.74,-1.4,0,0
2025/07/29 11:41:00.135,n,19.586392,59.055764,257.66668,268.58566,8.734272,8.23852,8.538466,0.260005,126.2637,7.669228,-0.420853,-0.120346,21.793028,392.67148,418.3894,118.29396,876.64896,737.52888,90.9728,969.87368,841.63968,80.717408,0,0,0,0,0.77,-1.41,0,0
2025/07/29 11:42:00.137,n,19.56847,59.640088,241.87946,247.56774,4.63681,7.743224,7.972927,0.147943,118.5658,7.326618,-0.422615,-0.118065,21.72766,392.13872,418.21172,110.93462,793.0972,858.67896,38.704008,914.82384,964.7172,28.647862,0,0,0,0,0.74,-1.4,0,0
2025/07/29 11:43:00.135,n,19.539222,59.562012,235.313,237.34802,1.847295,7.778603,7.772707,0.04694,116.08226,7.483933,-0.422615,-0.113678,21.666602,391.78376,418.24632,108.28938,997.04104,934.14176,53.985184,1118.1032,1046.0654,61.683872,0,0,0,0,0.76,-1.34,0,0
2025/07/29 11:44:00.135,n,19.50343,60.254444,239.13074,236.50538,1.635543,7.813981,7.784499,0.064848,119.00096,7.868824,-0.415215,-0.115082,21.59477,392.0066,417.70428,110.832,723.6128,688.53496,48.798052,840.3844,816.8032,49.228548,0,0,0,0,0.71,-1.4,0,0
2025/07/29 11:45:00.136,n,19.441616,60.622656,254.5464,247.0523,5.155095,8.45079,8.173404,0.165193,127.69762,8.76732,-0.416275,-0.114204,21.548668,391.64732,417.51468,118.62824,740.68552,761.45072,82.608112,860.91664,882.74496,66.372436,0,0,0,0,0.73,-1.4,0,0
2025/07/29 11:46:00.135,n,19.413928,60.616116,280.97214,269.24938,8.488228,9.155278,8.873534,0.261818,141.96214,10.534462,-0.424377,-0.108948,21.488592,390.59772,417.6328,131.11224,835.16504,835.31,66.498496,956.35072,959.90008,56.341812,0,0,0,0,0.71,-1.34,0,0
2025/07/29 11:47:00.134,n,19.404164,60.938332,315.7674,300.90502,10.93275,10.14587,9.780552,0.258262,160.59526,12.158592,-0.423851,-0.106491,21.486536,390.6314,417.83916,148.11932,887.18312,805.1824,60.630024,997.17832,935.18472,49.989996,0,0,0,0,0.74,-1.36,0,0
2025/07/29 11:48:00.136,n,19.337414,59.932668,354.2738,338.01756,11.99375,11.1703,10.72833,0.318171,181.43666,14.208032,-0.43055,-0.111053,21.428586,389.71584,417.09788,166.90912,839.11624,806.69064,85.468128,969.27456,936.12624,72.49896,0,0,0,0,0.7,-1.38,0,0
2025/07/29 11:49:00.136,n,19.282094,60.493996,395.82588,378.1006,13.16577,12.336246,11.847102,0.350867,203.70174,16.057252,-0.435661,-0.107018,21.388854,389.04332,417.226,187.31586,746.10592,750.40064,106.6492,889.34584,877.72928,95.3504,0,0,0,0,0.7,-1.38,0,0
2025/07/29 11:50:00.136,n,19.249524,60.009032,442.23884,422.36228,14.57395,13.642164,13.065602,0.47519,228.44918,18.374684,-0.447121,-0.103516,21.373834,387.96508,417.45,209.73092,864.04152,782.10184,71.206392,975.82872,904.5464,61.362856,0,0,0,0,0.73,-1.41,0,0
2025/07/29 11:51:00.139,n,19.303284,61.110696,493.19896,471.8026,16.028882,14.912706,14.307172,0.437081,255.4866,20.817096,-0.461403,-0.088791,21.398484,386.87224,418.9004,234.2969,896.69584,890.79712,32.605214,1033.5168,1022.7452,23.30236,0,0,0,0,0.75,-1.37,0,0
2025/07/29 11:52:00.135,n,19.316272,60.744728,538.45916,520.20472,13.903238,16.007894,15.6013,0.325923,277.67914,22.769536,-0.496536,-0.094574,21.394174,383.80812,418.36188,254.50766,573.38084,619.72884,40.193284,706.05184,756.54536,44.344108,0,0,0,0,0.74,-1.41,0,0
2025/07/29 11:53:00.135,n,19.420422,60.472804,579.8726,562.44452,12.835498,16.995408,16.583944,0.274529,296.45676,24.306614,-0.552559,-0.087044,21.421078,379.11792,419.18668,271.68464,779.02152,681.83856,56.69612,879.02944,799.01728,47.815792,0,0,0,0,0.72,-1.34,0,0
2025/07/29 11:54:00.135,n,19.459484,60.621,621.84352,606.06584,12.17785,18.055218,17.754504,0.302577,314.05054,25.957482,-0.635323,-0.083534,21.447848,372.1136,419.65352,287.54126,738.14504,828.8652,69.920312,866.55432,947.62432,57.922364,0,0,0,0,0.73,-1.36,0,0
2025/07/29 11:55:00.138,n,19.39767,58.847168,667.38844,647.90376,13.566504,19.394978,18.789444,0.396333,333.0897,27.451034,-0.72657,-0.092117,21.470408,364.351,419.02204,305.00422,751.15088,779.80512,68.232688,877.1764,891.72552,61.006556,0,0,0,0,0.76,-1.4,0,0
2025/07/29 11:56:00.135,n,19.409046,59.099708,1006.7856,819.83936,146.16686,29.336268,23.843408,4.520191,546.526,49.941384,-0.770157,-0.081429,21.518696,360.86084,420.2516,495.89592,885.57912,714.05912,138.30656,986.34336,825.82968,121.48046,0,0,0,0,0.74,-1.34,0,0
2025/07/29 11:57:00.135,n,19.53595,58.501416,1521.0752,1221.493,450.23992,44.013628,34.999096,12.693502,892.2076,87.2342,-0.797287,-0.065315,21.664478,359.36052,422.52916,804.24136,801.36864,717.5884,74.830808,885.0172,825.21128,66.490976,0,0,0,0,0.72,-1.41,0,0
2025/07/29 11:58:00.136,n,19.69049,57.434032,1907.0208,1901.8486,25.976914,53.894932,53.324264,1.463088,995.43896,97.93344,-0.82711,-0.025986,21.914004,358.23256,427.47392,896.70448,711.03664,807.01368,92.7758,816.30184,898.34504,77.182896,0,0,0,0,0.75,-1.36,0,0
2025/07/29 11:59:00.139,n,19.882106,57.507312,1940.6528,1714.6778,235.46804,54.317932,48.95428,5.95258,991.676,96.310544,-0.83374,-0.022995,22.14229,358.99072,429.07124,894.55472,958.0864,857.76056,106.29534,1026.7838,922.54104,104.84846,0,0,0,0,0.75,-1.38,0,0
2025/07/29 12:00:07.040,n,19.94065,56.808972,824.55416,1067.8542,472.04076,25.075494,31.606628,13.059608,467.45956,38.934356,-0.867905,-0.065659,22.230032,356.54792,425.79488,427.72296,828.61024,925.69656,73.300072,927.83176,998.88152,63.9492,0,0,0,0,0.75,-1.41,0,0
2025/07/29 12:01:00.135,n,20.124196,58.027476,1915.685,1613.899,501.73796,55.094716,46.750576,13.83104,1001.5896,98.248064,-0.763824,-0.024055,22.43303,366.739,430.67728,902.60168,1049.0878,969.58184,50.552944,1111.552,1038.3944,52.081664,0,0,0,0,0.76,-1.39,0,0
2025/07/29 12:02:00.135,n,20.540894,55.76996,1936.0416,1931.0404,15.323186,55.411584,55.541304,0.547009,1027.6536,100.85712,-0.682907,0.01474,22.742638,375.55512,435.93904,926.09888,978.43888,880.83912,86.845272,1016.5628,938.17336,76.019072,0,0,0,0,0.75,-1.38,0,0
2025/07/29 12:03:00.135,n,20.503444,55.450232,728.5668,952.51584,483.14232,21.656108,27.94575,13.345628,385.92192,32.227046,-0.646484,-0.048149,22.831706,379.22932,430.87732,353.09652,800.05112,785.24592,34.349676,849.28152,833.152,30.222508,0,0,0,0,0.78,-1.4,0,0
2025/07/29 12:04:00.135,n,20.524636,55.783092,676.18432,691.18752,12.755392,20.385568,20.784982,0.32738,352.29332,29.456948,-0.591576,-0.077042,22.858554,384.13716,428.46932,322.32184,925.65616,925.54704,40.112344,1001.4774,980.05472,45.348648,0,0,0,0,0.75,-1.46,0,0
2025/07/29 12:05:00.137,n,20.56268,55.32782,656.45448,679.02592,21.068936,19.785676,20.40864,0.580064,340.988,28.29108,-0.550987,-0.086327,22.85408,387.62204,427.61852,312.23226,945.08872,885.15288,63.909308,1015.6356,956.17704,57.306196,0,0,0,0,0.79,-1.47,0,0
2025/07/29 12:06:00.136,n,20.525128,52.466492,742.75808,754.42672,143.98212,21.831462,22.218572,3.716957,401.24056,33.85864,-0.528534,-0.098946,22.860516,389.60204,426.53552,366.95232,781.64296,834.12736,74.916288,877.56376,913.94024,64.23706,0,0,0,0,0.68,-1.4,0,0
2025/07/29 12:07:00.138,n,20.520244,52.914588,743.22104,752.23216,24.189874,22.07911,22.337524,0.862919,382.648,32.552868,-0.509804,-0.093689,22.875508,391.31064,427.09068,349.67904,793.5492,651.78076,78.18248,865.7396,738.1928,70.731176,0,0,0,0,0.78,-1.33,0,0
2025/07/29 12:08:00.140,n,20.49588,51.9766,659.07524,1011.2222,470.96604,19.71492,29.190652,12.769532,353.203,29.840596,-0.504677,-0.081596,22.971042,392.3164,428.72688,322.93934,732.32896,812.02104,81.482512,810.82304,882.06856,70.946456,0,0,0,0,0.74,-1.41,0,0
2025/07/29 12:09:00.145,n,20.407844,51.800964,597.46136,632.45868,23.336666,18.302866,19.238336,0.537191,311.01422,25.916442,-0.497787,-0.111572,22.928124,392.65976,425.81212,284.71154,846.81336,698.34592,87.702624,914.83768,774.4172,84.260304,0,0,0,0,0.76,-1.34,0,0
2025/07/29 12:10:00.135,n,20.381984,51.384928,559.97376,570.91328,9.457802,17.032324,17.450454,0.348371,284.6872,22.955452,-0.502373,-0.118584,22.88883,392.03172,424.95808,261.34796,789.44864,725.48704,86.645256,875.61944,813.45328,77.469024,0,0,0,0,0.59,-1.44,0,0
2025/07/29 12:11:00.135,n,20.308692,53.406756,552.2682,554.64404,1.81659,16.326298,16.538568,0.137908,278.42896,21.515996,-0.493362,-0.112625,22.866262,392.67852,425.3546,256.53222,647.85808,743.03736,63.634896,748.2456,834.04656,63.190588,0,0,0,0,0.75,-1.38,0,0
2025/07/29 12:12:00.135,n,20.311916,52.910032,525.1252,539.37184,9.746796,15.761784,16.056346,0.270407,264.58358,20.176648,-0.484886,-0.118233,22.843758,393.27928,424.72408,244.04028,732.32784,636.85772,72.465504,805.39992,721.732,61.183332,0,0,0,0,0.73,-1.28,0,0
2025/07/29 12:13:00.135,n,20.25166,52.196504,481.2234,500.02,13.780422,14.455864,14.973464,0.360155,241.15072,18.120368,-0.493721,-0.123672,22.770824,392.0862,423.8122,222.6603,773.65744,698.84744,55.26572,865.688,786.49288,54.670376,0,0,0,0,0.71,-1.46,0,0
2025/07/29 12:14:00.136,n,20.178418,53.96838,429.5536,451.3888,16.20108,13.148408,13.714204,0.417571,214.42738,15.503854,-0.480835,-0.123489,22.696686,392.7654,423.39292,198.56618,835.84688,819.29488,44.744832,934.918,904.54984,42.00714,0,0,0,0,0.75,-1.43,0,0
2025/07/29 12:15:00.138,n,20.220704,54.071796,378.23408,399.12688,15.859146,11.984,12.390082,0.382254,189.05346,13.525922,-0.476242,-0.120338,22.664482,392.97368,423.48372,175.17164,760.44744,841.8204,64.310188,876.67184,933.41424,58.217692,0,0,0,0,0.76,-1.35,0,0
2025/07/29 12:16:00.141,n,20.17007,54.325692,335.38,352.368,13.157698,10.853436,11.265926,0.34018,168.39364,11.817226,-0.473061,-0.121925,22.60357,392.89132,422.98528,156.22528,716.03928,845.62016,71.90688,827.89896,931.84576,61.884572,0,0,0,0,0.79,-1.41,0,0
2025/07/29 12:17:00.142,n,20.095364,54.63702,305.66034,316.63236,8.824682,10.110492,10.263542,0.211256,154.98004,10.84847,-0.47818,-0.126488,22.544558,392.10232,422.23392,143.77988,798.13432,701.17072,91.766824,891.54296,792.03808,84.484912,0,0,0,0,0.69,-1.41,0,0
2025/07/29 12:18:00.144,n,19.991456,56.32896,291.83912,296.40836,3.919503,9.721332,9.810288,0.094915,148.60072,10.007802,-0.476593,-0.131226,22.455924,391.72016,421.29372,138.24754,619.82916,625.89952,50.242412,714.62696,720.59064,40.560448,0,0,0,0,0.75,-1.37,0,0
2025/07/29 12:19:00.135,n,19.93296,55.751032,291.97616,290.6401,0.770552,9.827466,9.780808,0.088042,148.9445,10.577366,-0.476418,-0.132446,22.384334,391.31612,420.76604,138.02316,683.5992,653.15688,70.467008,781.60496,741.9084,66.870024,0,0,0,0,0.77,-1.38,0,0
2025/07/29 12:20:00.135,n,19.814308,56.397664,307.404,299.70938,5.233307,10.35814,10.116388,0.142265,157.92842,11.10465,-0.479774,-0.129814,22.314876,390.6192,420.59328,146.47382,690.524,753.97344,66.760764,807.08352,854.94192,63.198892,0,0,0,0,0.74,-1.37,0,0
2025/07/29 12:21:00.137,n,19.733058,56.719684,340.1906,325.0217,10.713894,11.41641,10.946752,0.326876,175.09046,12.742458,-0.479065,-0.127182,22.259292,390.3556,420.50204,161.99612,824.76424,764.42264,76.429704,933.00096,863.62728,70.875944,0,0,0,0,0.66,-1.36,0,0
2025/07/29 12:22:00.136,n,19.6875,56.207916,388.61676,367.52452,15.430084,12.936138,12.212166,0.469804,201.12626,15.34716,-0.49054,-0.131042,22.212268,389.08812,419.88432,185.41958,900.87312,835.87248,74.630088,1002.043,926.8068,72.788048,0,0,0,0,0.61,-1.43,0,0
2025/07/29 12:23:00.139,n,19.630616,56.626568,441.49416,419.43616,16.531788,14.242058,13.759836,0.437807,229.17902,17.763458,-0.500427,-0.127014,22.157732,387.91412,419.92348,211.04214,605.54548,743.15176,112.3223,722.35352,850.07584,100.93712,0,0,0,0,0.74,-1.39,0,0
2025/07/29 12:24:00.145,n,19.576954,56.863484,494.99284,472.30748,16.710776,15.689488,15.213164,0.381775,256.86002,20.532314,-0.523041,-0.118416,22.118122,385.72664,420.4558,235.92306,685.97272,717.06712,67.988968,820.02832,816.668,62.59952,0,0,0,0,0.73,-1.37,0,0
2025/07/29 12:25:00.141,n,19.58833,56.781796,555.422,529.85408,19.007234,17.453786,16.789804,0.544347,287.05596,23.382004,-0.546913,-0.118416,22.082824,383.45544,420.24968,263.24548,781.3204,667.68852,81.288376,859.79496,758.0112,68.80988,0,0,0,0,0.74,-1.39,0,0
2025/07/29 12:26:00.143,n,19.611034,56.505624,621.38056,593.49184,20.728,19.184246,18.466424,0.608192,319.38596,26.341752,-0.583443,-0.112633,22.079654,380.27692,420.74468,292.5734,682.79744,661.08356,75.998688,782.96536,765.17304,65.678764,0,0,0,0,0.68,-1.43,0,0
2025/07/29 12:27:00.145,n,19.640332,57.286236,714.19424,668.98992,30.236566,21.546898,20.430434,0.720379,361.80432,30.024024,-0.619621,-0.102112,22.078578,377.14104,421.67284,331.26278,879.23736,698.5864,125.0188,966.49704,793.30256,120.3096,0,0,0,0,0.73,-1.39,0,0
2025/07/29 12:28:00.136,n,19.770412,57.7796,2090.198,1099.7402,546.1466,59.56776,32.792828,15.276756,935.90736,91.52832,-0.632858,-0.080727,22.165212,376.50188,424.07792,843.82688,733.35992,816.9376,97.700824,856.30664,912.55224,85.796272,0,0,0,0,0.73,-1.41,0,0
2025/07/29 12:29:00.136,n,19.90205,57.282968,1989.767,1820.1178,234.77394,57.805,53.569092,5.892892,1053.7522,105.01258,-0.638519,-0.000351,22.456968,377.7188,432.92276,948.10144,693.60696,706.24552,62.536788,772.66992,794.17704,55.082664,0,0,0,0,0.76,-1.38,0,0
2025/07/29 12:30:07.021,n,20.210644,55.457476,1085.2376,1729.4128,382.65392,31.769676,50.716784,11.230018,585.54372,50.48048,-0.68924,-0.040459,22.70237,374.77072,430.80024,534.41448,875.0196,752.65864,84.542296,919.75248,800.4224,77.728048,0,0,0,0,0.77,-1.38,0,0
2025/07/29 12:31:00.136,n,20.42583,55.199908,1280.8534,1501.401,406.93536,37.823976,44.213852,11.726932,809.33048,76.32044,-0.654236,-0.041153,22.893468,378.92212,431.862,732.39688,681.83504,775.18608,83.90024,739.14992,819.82816,70.489368,0,0,0,0,0.78,-1.38,0,0
2025/07/29 12:32:00.139,n,20.624512,54.739948,628.05968,723.55464,119.07246,18.901218,21.682002,3.697121,330.09278,26.71172,-0.642578,-0.059532,22.950332,380.26544,430.5646,302.798,754.76272,741.42872,93.136992,807.5244,778.4944,86.22268,0,0,0,0,0.76,-1.42,0,0
2025/07/29 12:33:00.140,n,20.96304,54.991412,530.93328,584.26196,41.396556,16.043272,17.508136,1.135197,277.49526,22.740932,-0.584328,-0.06636,23.01468,385.68328,430.33708,254.23638,693.65536,711.43944,34.895556,739.77,762.38992,30.410524,0,0,0,0,0.75,-1.38,0,0
2025/07/29 12:34:00.142,n,20.611522,53.342488,443.22408,478.6394,26.942996,13.643704,14.5902,0.73799,230.53414,18.489094,-0.554695,-0.112106,23.06188,388.52484,426.5526,211.60244,619.22908,680.7144,59.744456,685.6504,736.87848,47.293236,0,0,0,0,0.74,-1.39,0,0
2025/07/29 12:35:00.146,n,20.469776,54.1191,369.9986,399.01012,22.429892,11.911706,12.589276,0.560239,193.00692,15.176168,-0.537361,-0.12175,23.08863,390.18192,425.85376,177.41514,823.26912,738.23056,49.669912,891.86912,803.13168,47.34818,0,0,0,0,0.71,-1.39,0,0
2025/07/29 12:36:00.149,n,20.40464,52.970712,321.4217,339.38656,14.424372,10.818056,11.211062,0.305228,168.16522,12.529182,-0.507317,-0.136833,23.011448,392.32604,424.05932,155.26556,767.2076,740.86648,99.815584,850.76024,815.27072,92.948912,0,0,0,0,0.75,-1.39,0,0
2025/07/29 12:37:00.135,n,20.362256,53.695708,305.4563,309.40146,4.320012,10.605786,10.62322,0.030459,161.39874,11.645612,-0.49707,-0.140518,22.987834,393.07328,423.59288,149.39658,823.77792,784.27736,58.50598,900.5776,865.6196,52.697252,0,0,0,0,0.74,-1.37,0,0
2025/07/29 12:38:00.135,n,20.27013,54.060964,324.15976,313.49154,6.885674,11.41641,10.94624,0.311404,172.71886,12.998638,-0.49353,-0.138939,22.943214,393.11672,423.4704,159.36564,594.82624,704.61816,93.60048,695.82128,794.07624,81.724224,0,0,0,0,0.72,-1.43,0,0
2025/07/29 12:39:00.137,n,20.188636,54.462576,379.68992,353.26596,18.513846,12.723868,11.977078,0.52473,201.06114,15.659302,-0.500954,-0.139114,22.886416,392.14036,423.1206,185.04,848.76248,757.85008,64.512788,930.33608,836.62064,62.16028,0,0,0,0,0.75,-1.39,0,0
2025/07/29 12:40:00.138,n,20.19513,54.781908,464.77832,427.39144,27.064738,15.372622,14.166172,0.807663,245.09046,19.534332,-0.512787,-0.135254,22.854208,390.92732,423.274,225.17858,790.40944,693.01016,76.095336,875.81552,787.85784,67.020516,0,0,0,0,0.77,-1.4,0,0
2025/07/29 12:41:00.141,n,20.096058,53.673612,574.04168,526.03076,34.806968,18.301326,17.178452,0.912653,300.15036,24.691506,-0.546906,-0.134903,22.755474,387.39528,422.72456,275.04688,790.72536,720.78464,76.007896,872.17296,812.75752,63.631752,0,0,0,0,0.8,-1.33,0,0
2025/07/29 12:42:00.144,n,20.11393,53.322,791.0152,914.26688,524.01356,25.778446,28.271586,15.007774,756.09624,73.233232,-0.540535,-0.124725,22.78768,388.13576,423.81788,682.44728,610.38648,701.73688,88.157528,707.45128,788.53696,76.055248,0,0,0,0,0.7,-1.39,0,0
2025/07/29 12:43:00.144,n,20.157776,53.489624,1576.402,1091.3072,458.8694,48.217492,33.33427,13.389872,941.59168,93.902952,-0.57061,-0.084755,22.84673,385.88128,427.7148,847.20288,805.7644,687.5608,87.397648,877.19936,767.17544,82.13952,0,0,0,0,0.72,-1.36,0,0
2025/07/29 12:44:00.146,n,20.330384,51.911744,1494.3678,1922.2914,221.86752,42.993812,57.361232,7.360659,945.57312,89.542304,-0.592613,-0.054985,23.075142,385.32284,431.70364,855.4932,770.9304,748.544,93.113376,837.21056,823.51904,80.477952,0,0,0,0,0.66,-1.33,0,0
2025/07/29 12:45:00.152,n,20.529164,50.042452,1204.4404,1497.6388,491.36992,35.85202,44.70966,13.962276,625.22264,58.538952,-0.638329,-0.044128,23.189892,382.04512,433.34468,566.08952,812.85128,641.13044,110.03454,859.25112,704.72456,98.387248,0,0,0,0,0.68,-1.29,0,0
2025/07/29 12:46:00.135,n,20.753822,50.704856,964.44784,994.4592,196.17314,29.442402,30.099464,5.378578,493.14556,43.646324,-0.658295,-0.077568,23.21877,380.48852,430.54548,448.91852,619.39868,630.58504,37.365088,694.01328,706.29344,33.049206,0,0,0,0,0.66,-1.32,0,0
2025/07/29 12:47:00.137,n,21.056458,49.800948,1134.0674,1247.7086,372.05132,33.035602,37.544788,11.019542,594.66552,53.84688,-0.657761,-0.028435,23.405158,381.63604,436.01036,540.18932,806.2688,669.445,103.45822,846.43272,719.4184,89.997496,0,0,0,0,0.77,-1.37,0,0
2025/07/29 12:48:00.138,n,21.14259,49.362228,806.26488,849.41488,42.508824,24.227954,25.70179,1.476525,429.79644,36.848856,-0.709579,-0.072144,23.459714,377.47632,432.4514,392.31016,535.3562,583.88812,44.044012,595.9552,641.53032,38.16674,0,0,0,0,0.74,-1.39,0,0
2025/07/29 12:49:00.140,n,21.066174,49.471552,758.32456,786.66064,16.521198,22.78206,23.686514,0.503891,401.49128,33.487426,-0.745705,-0.099655,23.510024,374.64908,430.30588,367.3578,700.3484,663.50948,84.306288,757.68808,713.23368,82.516968,0,0,0,0,0.71,-1.32,0,0
2025/07/29 12:50:00.143,n,20.927944,47.674092,697.804,719.81504,17.75669,21.230032,21.711996,0.48508,362.43304,29.085736,-0.794312,-0.112289,23.527632,370.5486,429.28808,332.66528,822.59056,752.6172,70.968656,890.068,814.33384,67.011568,0,0,0,0,0.72,-1.38,0,0
2025/07/29 12:51:00.147,n,20.740834,47.182832,612.6638,642.25508,22.803508,18.547438,19.429842,0.684903,314.67584,23.652484,-0.841179,-0.131233,23.473076,366.17144,427.2828,290.31338,692.2028,739.00544,55.746748,772.75888,803.8364,53.714056,0,0,0,0,0.74,-1.4,0,0
2025/07/29 12:52:00.147,n,20.44772,47.40866,562.85652,581.41424,14.811314,17.453786,17.941904,0.397502,284.59012,19.962128,-0.880653,-0.152466,23.398104,362.31304,424.95348,263.89982,690.62912,686.52896,22.781572,790.47672,776.04592,31.339272,0,0,0,0,0.73,-1.43,0,0
2025/07/29 12:53:00.148,n,20.43996,47.94652,1806.1398,777.57248,504.4196,54.036444,23.880838,14.796268,697.078,66.1603,-0.910408,-0.142982,23.388566,359.6828,425.73936,630.15032,744.55784,613.12508,88.040904,824.8536,704.48064,77.983968,0,0,0,0,0.73,-1.42,0,0
2025/07/29 12:54:00.156,n,20.514862,48.580504,1764.6936,1706.6994,173.18892,53.436552,51.837352,4.82808,953.15624,92.906216,-0.893395,-0.093521,23.595028,362.3768,431.35428,859.45016,666.56824,776.2276,61.50366,743.98264,835.88328,53.383988,0,0,0,0,0.74,-1.39,0,0
2025/07/29 12:55:00.137,n,20.6842,48.514392,1734.712,1746.2584,9.29516,53.331956,53.230944,0.302335,942.83632,92.174984,-0.91803,-0.068298,23.747954,361.15276,434.50132,849.8116,816.48672,645.59544,97.631192,866.5192,713.06912,88.202888,0,0,0,0,0.71,-1.41,0,0
2025/07/29 12:56:00.139,n,20.92995,48.816932,1718.2938,1714.4378,11.34901,52.34444,52.414428,0.494896,938.19216,90.768488,-0.906326,-0.044487,23.919964,363.18688,437.63776,846.56192,952.45688,895.84616,40.013748,994.35856,944.4592,36.24362,0,0,0,0,0.76,-1.41,0,0
2025/07/29 12:57:00.146,n,21.038888,47.50712,601.76796,1521.3846,450.5512,19.501112,46.793896,13.374314,479.6006,40.574032,-0.938965,-0.067421,24.083328,361.3358,436.57332,438.155,849.12392,812.33456,58.355376,888.75064,855.99344,48.526284,0,0,0,0,0.79,-1.39,0,0
2025/07/29 12:58:00.143,n,20.918576,48.365468,444.64488,479.22012,38.354596,14.489704,15.571562,1.092444,227.20714,13.966152,-0.935059,-0.138245,23.926368,360.73952,429.34928,212.44416,654.63756,742.83712,72.07704,738.61784,798.81888,59.173472,0,0,0,0,0.71,-1.42,0,0
2025/07/29 12:59:00.145,n,20.787518,48.51366,415.07448,425.92848,8.638578,13.783678,14.054142,0.200402,209.26156,12.371246,-0.886993,-0.149658,23.843154,364.40296,427.8412,196.15298,774.1224,710.6076,75.093608,852.02264,785.05096,69.80544,0,0,0,0,0.74,-1.38,0,0
2025/07/29 13:00:07.051,n,20.771308,49.797252,403.97456,406.36312,3.016621,13.322222,13.293766,0.046875,205.6182,12.855004,-0.821075,-0.155632,23.800454,369.8514,427.05684,192.09778,579.85924,640.1472,58.4012,680.95184,726.91352,50.799116,0,0,0,0,0.75,-1.39,0,0
2025/07/29 13:01:00.136,n,20.80383,49.500916,409.47352,407.05908,1.920286,13.465274,13.3999,0.061317,210.02964,14.206788,-0.766258,-0.1558,23.745896,374.26936,426.71796,195.2124,729.05648,774.574,43.30358,819.19208,847.13088,39.685008,0,0,0,0,0.75,-1.39,0,0
2025/07/29 13:02:00.136,n,20.748554,49.858436,416.18768,412.62804,2.469818,13.817518,13.57628,0.12932,215.5518,15.16,-0.708694,-0.149307,23.686042,378.89384,426.93948,199.83242,710.9276,728.17976,79.21332,814.00704,817.666,72.06316,0,0,0,0,0.74,-1.38,0,0
2025/07/29 13:03:00.137,n,20.680146,50.080068,414.15472,416.01844,1.274755,13.817518,13.746762,0.063083,216.17996,15.3882,-0.676331,-0.145973,23.611198,381.24976,426.79188,200.26142,724.46128,658.9192,59.704268,794.37368,737.19504,48.872796,0,0,0,0,0.75,-1.4,0,0
2025/07/29 13:04:00.136,n,20.709454,51.635244,401.5304,407.50472,4.51802,13.39298,13.55859,0.094269,210.38198,15.117718,-0.639931,-0.149658,23.564414,384.12132,426.18736,194.774,630.96032,660.18072,69.058312,716.9328,746.91552,62.224996,0,0,0,0,0.73,-1.39,0,0
2025/07/29 13:05:00.135,n,20.714242,51.6994,397.79336,397.87232,0.948683,13.288382,13.270694,0.057834,208.61912,15.061134,-0.629868,-0.143158,23.490618,384.5548,426.32764,193.07128,682.66832,773.78592,64.408464,777.09064,849.68656,59.285748,0,0,0,0,0.71,-1.4,0,0
2025/07/29 13:06:00.135,n,20.605206,51.088564,418.2542,407.63268,7.114247,14.135922,13.800598,0.245118,218.96732,16.326488,-0.636749,-0.146317,23.378274,383.2946,425.38224,202.1504,813.94424,700.10792,102.7716,907.4368,792.2068,101.19512,0,0,0,0,0.76,-1.33,0,0
2025/07/29 13:07:00.135,n,20.577522,51.97572,461.157,442.0482,13.866326,15.371084,14.794266,0.443293,240.78068,18.302556,-0.631279,-0.135612,23.32258,383.43856,426.00364,221.98246,878.21864,751.85128,85.122272,966.04424,845.61736,82.408136,0,0,0,0,0.76,-1.4,0,0
2025/07/29 13:08:00.135,n,20.546662,50.6746,515.45216,492.59924,17.128192,17.064626,16.31835,0.580359,269.64832,21.814456,-0.638695,-0.14035,23.242286,382.32276,425.10852,247.33552,769.03408,762.81256,47.032436,861.85384,843.80696,42.101072,0,0,0,0,0.66,-1.34,0,0
2025/07/29 13:09:00.135,n,20.544952,51.060484,580.60356,551.09132,20.917098,18.72279,17.89422,0.552538,302.68072,24.662282,-0.647522,-0.13018,23.213344,381.38832,425.84092,277.5011,496.84704,535.53084,38.618,591.3924,635.47424,36.910028,0,0,0,0,0.71,-1.37,0,0
2025/07/29 13:10:00.135,n,20.580792,51.839148,745.40176,795.53176,254.0675,23.414256,24.72197,6.961084,401.85164,34.820556,-0.651588,-0.11071,23.224028,381.0996,427.63312,366.4902,485.03748,529.27388,35.068504,572.846,616.0216,32.723842,0,0,0,0,0.77,-1.43,0,0
2025/07/29 13:11:00.135,n,20.787532,52.046668,1847.35,1734.9976,234.01282,56.606756,53.381436,6.720509,987.24136,99.152776,-0.63163,-0.0578,23.414634,383.95264,433.45856,887.5148,881.22984,791.0456,106.96472,944.69808,848.22136,104.04566,0,0,0,0,0.74,-1.38,0,0
2025/07/29 13:12:00.139,n,20.982696,49.833584,768.35392,1487.2666,555.48736,23.872632,45.061644,16.470316,426.27184,36.734444,-0.678276,-0.046944,23.58908,380.95036,435.45556,388.90608,549.42516,625.38288,72.448944,631.36552,698.70144,62.565964,0,0,0,0,0.74,-1.41,0,0
2025/07/29 13:13:00.135,n,21.08514,48.915372,1676.5116,1573.9352,391.63936,52.342904,48.895568,11.411318,865.21096,86.938224,-0.664314,-0.056923,23.731258,383.00132,435.41248,777.66544,693.51064,569.8772,66.61006,749.67264,633.95404,61.085188,0,0,0,0,0.75,-1.39,0,0
2025/07/29 13:14:00.135,n,21.376008,48.338316,619.23028,776.71856,224.32142,19.711844,23.900064,6.062448,334.8303,27.820382,-0.682175,-0.071983,23.752624,381.58308,434.20176,306.39974,739.33872,701.13064,56.395924,788.80696,749.70112,50.689744,0,0,0,0,0.76,-1.4,0,0
2025/07/29 13:15:00.135,n,21.311,47.041544,616.45568,623.9742,12.085114,19.922574,20.21688,0.467342,328.89352,27.706592,-0.672981,-0.104927,23.710968,382.13112,431.0288,300.61886,708.9628,667.9812,51.314228,768.97,729.5668,40.985972,0,0,0,0,0.74,-1.36,0,0
2025/07/29 13:16:00.135,n,21.263882,47.255848,692.18784,1241.1916,490.2028,22.18063,38.836868,14.82757,458.9302,40.189764,-0.6493,-0.075134,23.863704,385.08672,434.58168,418.16628,629.59656,709.68216,63.822412,712.2184,782.30056,57.896892,0,0,0,0,0.76,-1.48,0,0
2025/07/29 13:17:00.137,n,21.206996,46.53944,601.39032,610.03548,16.512118,19.359598,19.676208,0.408766,321.00204,26.640214,-0.662025,-0.107201,23.823192,383.74504,431.49308,293.80704,754.95056,716.356,48.311488,852.24576,802.21408,56.354236,0,0,0,0,0.74,-1.4,0,0
2025/07/29 13:18:00.135,n,21.400306,48.359708,795.78472,673.92192,75.23032,26.446018,21.751474,2.628773,402.5272,37.3009,-0.661667,-0.10247,23.83809,383.86472,432.0018,364.66712,775.15808,666.72896,109.44406,839.16176,740.96368,94.222344,0,0,0,0,0.77,-1.41,0,0
2025/07/29 13:19:00.135,n,21.35973,46.109412,1404.9552,966.7068,321.67188,43.622932,30.350958,9.883832,557.09972,52.531164,-0.711006,-0.112816,23.87978,379.84432,431.33076,503.9704,650.00136,647.26872,76.594064,720.05088,716.73248,65.024612,0,0,0,0,0.61,-1.27,0,0
2025/07/29 13:20:00.136,n,20.994106,47.594372,690.29496,998.71136,359.87304,21.75609,31.873248,11.625302,369.85112,30.349846,-0.754211,-0.110886,23.944894,376.49388,431.88924,338.85792,764.92472,721.1988,77.408336,822.64272,792.6932,60.177656,0,0,0,0,0.74,-1.35,0,0
2025/07/29 13:21:00.139,n,21.049378,48.61278,968.40104,890.92304,166.06444,31.166708,28.335678,5.304295,492.17876,45.859296,-0.794991,-0.114746,23.938522,372.92836,431.5084,445.63924,660.92908,675.34672,75.38932,737.90688,751.73024,61.2601,0,0,0,0,0.74,-1.41,0,0
2025/07/29 13:22:00.136,n,20.971028,47.90748,701.5136,802.0496,126.06586,22.145252,25.52285,4.305469,364.23304,28.004432,-0.862747,-0.125793,23.91098,366.9034,430.3636,335.49166,695.01896,653.04656,61.682656,765.90536,731.47,51.036264,0,0,0,0,0.71,-1.36,0,0
2025/07/29 13:23:00.135,n,20.829524,48.387652,1565.9234,1013.0528,411.99428,50.334032,32.075264,12.91696,793.13264,77.261216,-0.879746,-0.138779,23.884286,365.2742,429.05168,715.1304,727.80912,617.27868,76.641048,785.7708,696.43576,61.188644,0,0,0,0,0.74,-1.33,0,0
2025/07/29 13:24:00.136,n,20.85389,48.862212,1312.3578,1534.1998,137.89128,42.320088,48.5905,4.371092,726.93272,69.704536,-0.918205,-0.096512,23.997464,362.62036,433.47848,656.40648,724.9688,634.87044,74.999336,790.52176,704.2004,66.312516,0,0,0,0,0.79,-1.4,0,0
2025/07/29 13:25:00.135,n,20.967754,47.10284,1694.0136,1621.4208,74.112072,53.682664,50.679872,2.630092,916.41056,89.583968,-0.954575,-0.097221,24.136196,360.3004,434.24168,825.9692,782.81648,688.56544,81.128904,841.83576,751.07904,76.986688,0,0,0,0,0.76,-1.35,0,0
2025/07/29 13:26:00.135,n,21.049054,47.10284,1655.8926,1641.5482,76.82968,49.486492,50.844452,3.181827,933.82184,88.176224,-0.955284,-0.095642,24.248204,360.9068,435.04964,844.786,637.10112,695.81248,98.425608,704.242,758.86752,88.493784,0,0,0,0,0.75,-1.41,0,0
2025/07/29 13:27:00.135,n,21.266568,45.881476,1531.8568,1198.9054,350.29788,47.406868,37.593752,10.68444,695.87592,62.515336,-0.986534,-0.0867,24.31313,358.59108,436.23132,632.4608,521.669,587.70276,83.274096,595.78304,656.61024,70.706088,0,0,0,0,0.72,-1.37,0,0
2025/07/29 13:28:00.136,n,21.169056,46.067364,468.51384,598.0954,171.39166,15.054218,18.73407,4.796432,244.74782,15.273788,-0.994171,-0.131233,24.257678,357.59952,431.94548,228.61108,655.26448,765.67328,72.608888,744.95328,836.15544,66.772004,0,0,0,0,0.76,-1.38,0,0
2025/07/29 13:29:00.138,n,21.367248,46.01756,433.27236,446.19644,10.07472,14.065166,14.358958,0.239119,222.28632,13.950608,-0.962914,-0.130348,24.252384,360.2718,431.99236,207.50314,724.50176,674.61992,72.33464,808.4264,760.7648,67.330528,0,0,0,0,0.75,-1.4,0,0
2025/07/29 13:30:07.040,n,21.316956,46.480792,407.76948,417.31892,7.909646,13.465274,13.683438,0.176846,208.30048,13.139164,-0.923698,-0.146324,24.199058,363.34608,430.25556,194.38394,793.16728,696.26272,78.06472,862.92296,775.27536,71.948592,0,0,0,0,0.74,-1.39,0,0
2025/07/29 13:31:00.135,n,21.245422,47.288556,394.89696,399.2408,3.816085,13.11303,13.23557,0.079519,202.56074,12.911588,-0.901894,-0.148247,24.179848,365.11764,429.97016,188.8955,594.10528,679.77064,83.72544,684.79112,761.5136,74.516776,0,0,0,0,0.76,-1.38,0,0
2025/07/29 13:32:00.135,n,21.235656,47.328368,402.27052,398.00096,2.75681,13.53603,13.335554,0.125876,206.26008,13.409646,-0.885422,-0.152115,24.113552,366.14752,429.23164,192.11714,571.43732,685.8472,98.3814,670.52992,772.82488,89.086472,0,0,0,0,0.73,-1.38,0,0
2025/07/29 13:33:00.135,n,20.97721,45.609132,415.43696,409.8408,4.095729,13.746762,13.587814,0.18789,212.97232,13.893402,-0.893395,-0.171249,24.01968,364.89888,426.97332,198.35676,718.09424,701.88944,82.534232,805.41664,784.11176,78.960744,0,0,0,0,0.76,-1.41,0,0
2025/07/29 13:34:00.135,n,20.864956,47.127492,446.22868,431.62244,10.31625,14.769654,14.252568,0.332743,228.13168,14.51955,-0.895172,-0.163002,23.921434,364.16072,427.12136,212.87998,808.04928,708.1648,103.23276,895.61344,800.15,99.859904,0,0,0,0,0.74,-1.36,0,0
2025/07/29 13:35:00.135,n,20.882874,46.874952,941.08144,689.7612,234.5113,29.931546,22.616706,7.467158,452.26936,38.857876,-0.894463,-0.138252,23.864816,363.8854,428.98272,412.65528,791.81152,660.50832,82.57512,880.08264,757.21584,77.114528,0,0,0,0,0.7,-1.42,0,0
2025/07/29 13:36:00.136,n,20.947914,47.273632,1399.8826,845.95632,334.74468,44.781184,26.949516,10.089024,591.36308,55.471632,-0.907936,-0.132637,23.832766,362.52948,429.291,535.11616,745.94192,644.3282,90.517128,822.50256,739.0156,79.606848,0,0,0,0,0.73,-1.41,0,0
2025/07/29 13:37:00.138,n,21.055236,45.250048,1064.1462,1338.188,214.7161,31.83428,42.631824,7.262664,646.87068,57.844408,-0.914139,-0.087059,23.950252,362.69132,434.03716,588.19916,578.20216,582.92308,35.938488,651.36436,664.07928,34.041884,0,0,0,0,0.74,-1.47,0,0
2025/07/29 13:38:00.140,n,21.261634,46.746976,1438.6282,1320.9142,279.04586,45.75024,42.436476,8.622884,794.58968,76.866376,-0.935768,-0.066742,24.016448,361.21412,436.2354,716.85424,847.4624,729.56448,83.949688,909.83512,801.70072,80.566432,0,0,0,0,0.74,-1.42,0,0
2025/07/29 13:39:00.141,n,21.46466,46.072316,1596.6466,1469.9708,197.00608,50.933924,47.329448,5.598567,892.444,89.668536,-0.970558,-0.054665,24.15302,359.01792,438.12128,801.85952,501.3076,570.43556,72.28728,578.69252,653.28484,68.80952,0,0,0,0,0.72,-1.45,0,0
2025/07/29 13:40:00.135,n,21.404602,45.343168,1610.4786,1444.7054,255.52652,51.110816,46.444988,7.720888,906.08376,88.711584,-1.006271,-0.060616,24.251174,356.51396,438.17824,816.42648,703.15088,588.85132,61.848404,739.70816,647.94676,49.633156,0,0,0,0,0.74,-1.41,0,0
2025/07/29 13:41:00.136,n,21.586438,43.252492,1431.6612,1221.7802,334.27502,49.488032,40.678332,10.500876,644.67756,64.16558,-1.058388,-0.096519,24.278884,352.17096,435.15492,579.55004,839.76512,715.1016,95.603088,882.88976,757.91976,86.031096,0,0,0,0,0.72,-1.41,0,0
2025/07/29 13:42:00.137,n,21.603528,41.750536,777.57008,1405.7024,340.64848,26.375262,45.676412,10.71403,501.61612,43.858356,-1.060143,-0.077248,24.374428,352.58948,437.43676,456.77484,875.1904,804.59416,44.921596,925.40976,846.9344,46.794232,0,0,0,0,0.79,-1.42,0,0
2025/07/29 13:43:00.137,n,21.579212,42.267384,610.5182,755.84888,225.15262,20.414794,25.318274,7.129142,321.62052,25.074532,-1.073135,-0.114754,24.296594,351.00088,433.64116,295.58758,573.1582,710.54232,110.60584,667.12364,788.21112,95.68072,0,0,0,0,0.77,-1.38,0,0
2025/07/29 13:44:00.139,n,21.488292,42.723292,583.46352,733.78728,191.94478,19.602632,24.390234,6.788386,308.75738,23.12458,-1.051956,-0.125977,24.223044,352.39416,432.20564,284.70684,790.39792,692.25888,89.632024,878.83896,778.53288,86.11736,0,0,0,0,0.54,-1.28,0,0
2025/07/29 13:45:00.140,n,21.52539,42.946752,1100.4584,888.13656,294.50366,35.422868,29.144506,9.595324,637.1264,60.636892,-0.99736,-0.106171,24.21043,357.04164,433.88928,575.59828,597.3008,683.55704,82.228648,696.1412,769.51336,74.061128,0,0,0,0,0.7,-1.46,0,0
2025/07/29 13:46:00.142,n,21.499366,42.781568,1471.2046,1020.5244,399.48992,48.4636,33.388614,12.661538,618.258,58.97172,-0.982437,-0.106865,24.200792,358.27524,433.77028,558.41072,681.44552,627.83552,93.29416,770.47416,714.17352,89.691416,0,0,0,0,0.78,-1.37,0,0
2025/07/29 13:47:00.143,n,21.627636,43.101828,529.62824,875.24344,479.97908,17.06155,27.850382,14.9694,278.30048,19.847096,-0.999672,-0.108971,24.204028,356.80364,433.6026,257.56268,477.5388,532.3604,53.057044,580.10448,627.20148,44.292776,0,0,0,0,0.68,-1.47,0,0
2025/07/29 13:48:00.144,n,21.51719,43.461692,1069.158,622.63536,219.0638,35.808952,20.456838,7.541445,418.63396,37.907152,-1.006958,-0.121597,24.152826,355.86808,432.17592,379.84144,617.85036,678.35808,62.517596,702.80224,755.04904,57.275212,0,0,0,0,0.73,-1.41,0,0
2025/07/29 13:49:00.135,n,21.523682,44.074632,1445.5244,1320.8816,233.04764,47.12384,42.95254,7.713561,800.78456,79.946136,-0.994873,-0.092148,24.261632,357.56224,435.44008,719.93568,677.46456,601.86384,103.98342,755.59616,682.79704,97.209824,0,0,0,0,0.78,-1.41,0,0
2025/07/29 13:50:00.135,n,21.857826,42.24206,1516.215,1489.121,30.903074,52.339828,49.132204,1.910344,855.46016,87.893304,-1.031136,-0.104584,24.3691,355.067,434.97728,766.64024,719.24928,675.72176,64.36692,767.98096,741.00088,56.511944,0,0,0,0,0.71,-1.49,0,0
2025/07/29 13:51:00.137,n,21.716762,43.276632,1431.6216,1442.7188,36.964848,47.159216,47.888576,1.451293,797.24088,79.172624,-1.055328,-0.084785,24.435174,353.369,437.13036,717.09768,711.87864,669.65912,72.170288,783.9352,735.08528,62.875672,0,0,0,0,0.74,-1.41,0,0
2025/07/29 13:52:00.136,n,21.784878,43.52492,1402.4182,1423.4934,20.581544,45.81946,47.118456,0.982165,790.73728,78.131728,-1.069214,-0.070244,24.524642,352.70268,438.95668,711.60664,673.3176,749.71648,41.395048,749.11096,807.63912,33.57082,0,0,0,0,0.81,-1.44,0,0
2025/07/29 13:53:00.140,n,21.906506,42.247088,1259.9928,1307.6312,38.065732,44.179756,43.550632,0.939893,708.15888,70.577536,-1.105202,-0.113174,24.57366,349.883,435.43744,636.58928,757.84976,785.0828,48.210476,836.78672,850.32128,41.602888,0,0,0,0,0.82,-1.37,0,0
2025/07/29 13:54:00.140,n,21.830288,42.759784,1226.9358,1237.428,14.106736,41.051088,41.490492,0.665412,687.9556,66.425812,-1.117149,-0.10424,24.574708,348.85568,436.23708,620.51696,730.45328,637.17036,89.687232,789.02016,715.12984,74.642144,0,0,0,0,0.61,-1.43,0,0
2025/07/29 13:55:00.143,n,21.766274,42.606776,1187.0664,1205.5018,13.160548,39.363696,40.547072,0.930075,676.38168,64.617004,-1.117516,-0.118973,24.590098,348.91608,435.0208,610.76612,653.67352,728.37128,81.902992,745.33848,802.45752,77.536768,0,0,0,0,0.86,-1.51,0,0
2025/07/29 13:56:00.145,n,21.928432,43.595792,1232.7226,1218.764,13.030734,40.661928,40.275328,0.367104,692.58064,66.016664,-1.122871,-0.086548,24.640194,348.7528,438.20048,625.52764,542.65956,667.33088,90.30864,627.34828,737.40912,78.80736,0,0,0,0,0.75,-1.53,0,0
2025/07/29 13:57:00.149,n,21.693226,42.778696,1151.8204,1210.903,37.960508,38.200828,40.504,1.387655,659.84544,62.665188,-1.130714,-0.110031,24.632742,348.02976,436.07036,596.1596,591.0414,718.2808,87.603368,678.9332,785.05536,78.510192,0,0,0,0,0.76,-1.52,0,0
2025/07/29 13:58:00.135,n,21.688392,42.963904,1034.5622,1026.1636,50.510396,34.962948,34.364596,1.733009,584.88152,53.646664,-1.13179,-0.106522,24.628432,347.91076,436.35608,530.2096,681.45352,638.6028,70.372936,761.7916,716.9104,65.938988,0,0,0,0,0.74,-1.39,0,0
2025/07/29 13:59:00.136,n,21.64923,42.975964,1184.0772,1005.0352,232.9515,39.256024,33.282226,7.336852,647.92796,59.845344,-1.131584,-0.111076,24.57915,347.63364,435.65664,587.06212,662.06676,634.35136,56.861232,736.76576,719.01656,44.953308,0,0,0,0,0.71,-1.44,0,0
2025/07/29 14:00:07.028,n,21.623302,43.881924,1401.3126,1325.5364,64.685396,46.276304,43.514492,2.249349,793.50552,78.552064,-1.115891,-0.083572,24.693004,349.67296,438.781,713.92112,584.48816,573.63704,61.85002,670.50744,665.0324,51.2806,0,0,0,0,0.77,-1.47,0,0
2025/07/29 14:01:00.139,n,21.714172,43.290956,1343.1266,1353.4546,28.757608,44.865784,45.169064,1.148624,762.1912,75.356032,-1.124451,-0.109154,24.691892,348.92592,436.50256,685.81984,663.72596,744.06712,66.61194,753.2648,817.46024,60.024164,0,0,0,0,0.75,-1.36,0,0
2025/07/29 14:02:00.141,n,21.884438,42.497008,1364.773,1363.8516,20.630076,45.748704,45.618724,1.04199,782.49376,76.848968,-1.109657,-0.092155,24.765324,350.64576,438.45232,704.62728,654.79088,626.5398,79.760896,731.26968,706.17856,72.712448,0,0,0,0,0.73,-1.46,0,0
2025/07/29 14:03:00.143,n,21.873364,41.692948,1293.3026,1318.4356,25.834086,43.369128,44.002608,0.648466,730.60096,70.77464,-1.112679,-0.098816,24.818166,350.70144,438.17784,658.81244,724.57408,700.29496,60.76512,799.5836,771.54936,59.62508,0,0,0,0,0.74,-1.4,0,0
2025/07/29 14:04:00.146,n,21.899292,41.054568,1415.8328,1367.1736,31.71435,46.630084,45.395436,0.896717,799.69408,78.129864,-1.084351,-0.069038,24.887318,353.567,441.23748,720.54888,593.32208,588.98932,74.556192,669.77028,666.48296,66.586412,0,0,0,0,0.77,-1.41,0,0
2025/07/29 14:05:00.147,n,22.192654,41.461896,1421.9652,1437.6538,18.482424,47.1946,47.635288,0.698352,815.7132,80.732088,-1.068855,-0.053543,25.050922,355.89052,443.59672,733.96576,695.77816,658.85436,63.964832,748.62624,721.89448,55.697844,0,0,0,0,0.77,-1.5,0,0
2025/07/29 14:06:00.151,n,22.553752,40.917092,1413.755,1419.8682,9.879272,46.983868,47.406612,0.313124,815.33744,80.394448,-1.063706,-0.067299,25.168974,357.0464,443.0854,733.94656,675.14288,716.53464,91.431672,729.13792,770.15128,85.753136,0,0,0,0,0.75,-1.41,0,0
2025/07/29 14:07:00.137,n,22.471188,40.189892,1376.291,1388.7618,18.40652,47.757572,46.670076,0.734342,784.43312,77.94644,-1.043953,-0.089714,25.294546,359.51172,441.85136,705.53248,802.52488,742.58232,72.610944,849.39448,779.47776,67.890728,0,0,0,0,0.76,-1.45,0,0
2025/07/29 14:08:00.138,n,22.308448,41.632128,1368.3714,1373.6234,16.546904,46.557788,46.276048,0.549147,786.32384,76.904928,-1.014931,-0.103729,25.327624,362.22176,440.80616,708.50768,751.33152,690.46536,76.936992,818.49896,743.63008,71.271312,0,0,0,0,0.78,-1.54,0,0
2025/07/29 14:09:00.142,n,21.942334,42.190824,1349.8834,1360.2938,20.717142,44.902704,45.848684,0.989002,770.75816,74.172136,-0.965378,-0.108101,25.3575,366.68852,440.59808,695.72872,560.87256,711.64128,96.747872,654.9126,771.31416,76.203344,0,0,0,0,0.76,-1.46,0,0
2025/07/29 14:10:00.142,n,21.840188,42.561716,1259.5816,1308.0056,95.95624,42.558508,44.607112,3.221449,711.50928,68.1202,-0.910919,-0.12529,25.34472,371.32232,438.9944,642.60352,468.09912,484.69204,26.634564,549.5288,569.73924,23.177036,0,0,0,0,0.74,-1.39,0,0
2025/07/29 14:11:00.145,n,22.135158,42.391428,1411.9388,1350.3568,42.306028,46.70084,45.560536,1.592831,806.1956,77.284224,-0.850151,-0.110046,25.398552,376.90392,440.673,728.17128,681.00976,581.87176,86.925112,759.35352,666.02612,78.232024,0,0,0,0,0.75,-1.39,0,0
2025/07/29 14:12:00.147,n,22.460598,41.64226,1366.7184,1378.4542,161.85796,45.78408,46.13094,5.379359,799.0776,80.941624,-0.806313,-0.09462,25.50207,381.3212,442.66808,717.42424,715.71408,660.2486,66.480072,786.75976,733.23904,61.914056,0,0,0,0,0.7,-1.39,0,0
2025/07/29 14:13:00.148,n,22.187012,41.112864,1194.3594,1327.7516,135.71368,39.602116,43.810336,4.865596,787.7672,78.410296,-0.783073,-0.097778,25.526586,383.4796,442.53568,708.6716,751.49584,674.57352,83.255024,826.04296,748.98272,74.85052,0,0,0,0,0.68,-1.38,0,0
2025/07/29 14:14:00.155,n,22.10085,42.028504,1392.873,1254.8156,180.191,46.70084,42.710276,5.905291,806.12136,80.899344,-0.740723,-0.120384,25.51387,387.06644,440.45132,724.60168,716.03392,604.73652,88.533328,787.23336,680.51248,78.922432,0,0,0,0,0.76,-1.33,0,0
2025/07/29 14:15:00.136,n,22.120282,42.352724,1130.0348,1321.5622,96.65816,36.930288,44.020552,3.555833,725.63816,69.771688,-0.721077,-0.097954,25.600294,389.28808,442.96556,655.2434,569.20496,615.09784,97.271008,649.91424,690.98008,83.326168,0,0,0,0,0.76,-1.43,0,0
2025/07/29 14:16:00.136,n,22.27409,41.990076,657.20824,786.9588,227.66544,21.574584,25.812798,7.079201,377.79572,30.232326,-0.751877,-0.141083,25.537338,386.24312,438.75468,346.95256,709.68544,639.88484,47.3656,804.16568,728.04368,53.105084,0,0,0,0,0.77,-1.41,0,0
2025/07/29 14:17:00.134,n,22.297412,42.550832,533.4734,586.18,45.510712,18.18904,19.782342,1.436922,289.43728,21.941304,-0.729042,-0.149155,25.450882,387.69636,437.51572,266.91608,568.68248,609.79036,54.482104,666.74676,710.53176,48.37406,0,0,0,0,0.71,-1.42,0,0
2025/07/29 14:18:00.135,n,21.975098,43.06294,563.76408,587.30312,83.475888,19.210394,19.745168,2.648242,302.46258,23.479004,-0.714882,-0.164078,25.30141,388.0194,435.28852,278.4328,561.7622,665.70064,87.687512,670.87452,756.00752,71.865152,0,0,0,0,0.77,-1.35,0,0
2025/07/29 14:19:00.135,n,21.894042,43.486524,529.96632,607.4626,150.6247,18.012148,20.942134,5.672039,285.75336,21.086956,-0.707451,-0.151611,25.249116,388.34696,436.0804,264.11056,704.41848,702.27704,68.300072,795.69144,796.74856,61.124464,0,0,0,0,0.78,-1.36,0,0
2025/07/29 14:20:00.135,n,21.834064,43.21452,1388.3448,1137.5614,394.5562,47.017708,38.77098,13.101036,803.8508,81.83888,-0.66803,-0.132317,25.292816,392.02048,438.05736,721.47624,708.8608,668.42168,97.093512,803.30272,762.38656,83.715592,0,0,0,0,0.7,-1.44,0,0
2025/07/29 14:21:00.135,n,21.859992,43.697088,670.66408,1009.0638,375.39512,22.735914,33.666,12.631942,356.04744,28.526742,-0.705864,-0.123375,25.29069,388.73476,438.83856,326.93824,603.01576,592.68816,81.52116,693.4456,685.92904,70.54644,0,0,0,0,0.76,-1.41,0,0
2025/07/29 14:22:00.136,n,21.829182,43.302848,625.52724,660.38496,101.72292,20.091774,21.489984,3.258605,336.42468,25.726796,-0.712761,-0.143372,25.164596,387.3784,436.30296,310.12848,710.19008,673.36408,79.096456,792.91048,765.77096,63.231716,0,0,0,0,0.82,-1.5,0,0
2025/07/29 14:23:00.135,n,21.649288,43.807432,621.62116,627.11548,6.685806,20.022556,20.221494,0.261176,330.27494,24.84571,-0.700027,-0.157578,25.06161,387.86028,434.42168,304.88678,668.23548,656.13252,73.744824,767.79136,756.47256,65.553796,0,0,0,0,0.75,-1.43,0,0
2025/07/29 14:24:00.139,n,21.662228,43.79742,1155.2346,781.634,209.56228,36.082748,25.224442,6.599427,651.38692,59.094836,-0.662903,-0.150566,25.013794,390.78416,434.7568,591.77972,669.5406,553.05792,82.585104,747.55344,651.31236,68.442312,0,0,0,0,0.73,-1.39,0,0
2025/07/29 14:25:00.135,n,21.75793,44.438092,706.92728,920.97264,192.38764,22.77283,29.674922,6.22295,395.51628,32.332752,-0.664139,-0.123901,25.037162,390.8178,437.26544,362.64324,546.92488,635.67812,92.982792,663.112,735.74736,79.611248,0,0,0,0,0.74,-1.42,0,0
2025/07/29 14:26:00.135,n,21.732002,43.096344,813.96736,675.86448,93.991224,28.973256,22.50083,3.850693,412.8114,38.625324,-0.670502,-0.1353,24.95961,389.80128,435.78704,373.65088,526.4156,615.9024,89.763584,641.39568,716.3736,78.512104,0,0,0,0,0.7,-1.41,0,0
2025/07/29 14:27:00.135,n,21.811444,44.00606,1503.022,1385.1018,142.99652,50.580144,47.23946,3.974528,817.43576,84.904952,-0.626884,-0.104095,25.039286,394.05316,439.03708,732.00808,676.43856,679.49216,73.27312,770.76096,772.59424,59.681656,0,0,0,0,0.73,-1.41,0,0
2025/07/29 14:28:00.136,n,21.949238,42.535896,571.07824,775.57272,337.9604,18.893528,26.071982,11.715584,312.73138,24.631814,-0.688705,-0.131088,25.008502,388.5204,436.45488,287.54194,531.08844,602.13316,96.3792,640.76532,691.99592,79.963432,0,0,0,0,0.73,-1.43,0,0
2025/07/29 14:29:00.137,n,21.77414,42.964608,528.89424,551.91468,13.94274,17.270742,18.052912,0.508161,283.49482,21.443866,-0.693131,-0.156525,24.902252,387.49916,433.55748,261.51434,695.25984,699.15616,61.256836,807.90592,788.42288,61.963296,0,0,0,0,0.7,-1.42,0,0
2025/07/29 14:30:07.037,n,21.61037,44.031108,468.00976,492.0754,18.324164,15.18958,15.989434,0.569874,242.88332,16.789726,-0.704445,-0.160561,24.80761,385.9524,432.631,225.54968,800.90632,669.49768,80.354832,900.08712,773.88456,79.313304,0,0,0,0,0.69,-1.37,0,0
2025/07/29 14:31:00.136,n,21.626584,44.212992,435.59316,445.97132,8.951258,14.377418,14.565846,0.252285,227.001,15.32602,-0.711517,-0.160393,24.731074,384.88152,432.18684,211.12384,548.99516,623.16444,69.370024,672.0988,728.65672,57.873568,0,0,0,0,0.64,-1.48,0,0
2025/07/29 14:32:00.138,n,21.457832,45.454988,427.07444,428.3932,2.697221,13.848282,13.989538,0.131936,221.77294,14.55748,-0.695251,-0.155121,24.600194,385.50452,431.87096,206.67532,654.61772,672.29984,66.347572,766.72872,776.53232,53.801952,0,0,0,0,0.74,-1.41,0,0
2025/07/29 14:33:00.138,n,21.436688,45.856844,453.0388,445.79288,11.668334,14.51893,14.389722,0.311796,236.73698,15.837136,-0.684822,-0.15477,24.524642,385.95448,431.44992,220.3698,627.13384,645.5102,85.749344,738.42304,751.13776,71.824784,0,0,0,0,0.72,-1.36,0,0
2025/07/29 14:34:00.135,n,21.397674,45.556356,466.55852,460.80372,4.524931,15.012688,14.74812,0.163354,243.43438,17.096272,-0.688705,-0.148804,24.431972,385.06456,431.42576,225.79822,760.13192,656.34248,84.974112,851.62664,758.59808,74.558704,0,0,0,0,0.65,-1.42,0,0
2025/07/29 14:35:00.136,n,21.193084,45.60616,467.03056,468.52196,0.908295,14.625066,14.75453,0.111036,241.30434,16.348874,-0.682167,-0.156181,24.278556,384.71396,429.85436,224.42948,645.66168,594.7826,58.64512,758.95864,704.92728,59.12064,0,0,0,0,0.79,-1.38,0,0
2025/07/29 14:36:00.138,n,21.074482,46.805816,458.28188,461.28316,2.428992,14.131308,14.413052,0.182686,234.73484,15.510694,-0.661316,-0.157928,24.131456,385.64056,428.82204,218.72076,635.73296,648.90092,71.30708,759.00656,762.21072,69.682496,0,0,0,0,0.77,-1.41,0,0
2025/07/29 14:37:00.135,n,21.061444,46.827448,450.46824,453.95808,2.54951,13.812902,13.965954,0.148479,230.40108,15.21161,-0.640297,-0.147224,24.04716,386.95656,429.27044,214.69638,507.3194,546.8756,49.963236,629.76728,664.14464,45.451624,0,0,0,0,0.73,-1.38,0,0
2025/07/29 14:38:00.135,n,21.080974,47.72696,435.86576,442.717,4.764452,13.283768,13.501164,0.156718,223.6717,14.998334,-0.615059,-0.136002,23.955382,388.59372,429.72108,208.1943,743.876,571.52104,108.62378,831.29312,675.51128,95.038416,0,0,0,0,0.74,-1.37,0,0
2025/07/29 14:39:00.137,n,21.09074,47.224372,416.15116,424.55188,6.288879,12.719254,12.9487,0.213983,214.40398,14.457994,-0.601524,-0.143898,23.864686,389.22532,428.4806,199.48838,782.95464,687.08152,85.8222,874.09248,790.50504,75.18344,0,0,0,0,0.7,-1.4,0,0
2025/07/29 14:40:00.136,n,21.085858,47.564512,398.57764,405.69536,5.437141,12.223958,12.44238,0.155349,205.55482,14.216114,-0.589317,-0.136353,23.806988,389.9384,428.80784,190.88576,761.20952,748.22464,48.255568,875.30584,857.22128,39.272128,0,0,0,0,0.76,-1.41,0,0
2025/07/29 14:41:00.139,n,21.045234,48.069784,388.34724,392.05308,2.945336,11.94247,12.019124,0.075341,200.75848,14.202436,-0.581345,-0.138283,23.746122,390.2668,428.27512,186.11298,842.21832,779.1072,51.108708,945.98944,885.69608,51.760024,0,0,0,0,0.74,-1.36,0,0
2025/07/29 14:42:00.139,n,20.913544,46.742684,384.70464,386.03836,0.974679,11.871714,11.830952,0.105454,199.0139,13.917652,-0.578873,-0.144592,23.627532,389.77716,427.01128,184.66198,862.02936,819.28152,40.480244,962.62664,918.47872,40.767636,0,0,0,0,0.81,-1.46,0,0
2025/07/29 14:43:00.135,n,20.859882,47.634136,380.82444,382.18104,1.172604,11.554848,11.625092,0.104641,197.0997,13.589966,-0.569321,-0.138634,23.520606,389.9698,426.90684,183.07904,697.4556,625.45064,66.28122,800.85808,735.99888,54.006944,0,0,0,0,0.74,-1.45,0,0
2025/07/29 14:44:00.135,n,20.817646,47.973784,379.42796,379.8706,0.33541,11.413334,11.46589,0.048033,196.86042,13.832466,-0.565605,-0.137054,23.46396,389.95592,426.7118,182.59942,710.64896,582.25104,73.673944,814.96944,697.36576,67.190024,0,0,0,0,0.71,-1.39,0,0
2025/07/29 14:45:00.135,n,20.835236,48.681316,377.31584,378.33788,0.689202,11.271822,11.35437,0.091376,196.47382,14.587948,-0.553238,-0.125114,23.407284,390.69044,427.43684,181.45774,605.60552,734.72704,90.396344,739.14032,845.41136,79.359304,0,0,0,0,0.74,-1.38,0,0
2025/07/29 14:46:00.136,n,20.778302,48.244692,375.27672,376.53208,0.955249,12.190118,12.308044,0.082827,195.78054,14.530744,-0.556068,-0.129677,23.331298,389.99628,426.58236,180.82342,753.24624,609.39788,89.551656,841.94024,714.83248,75.361464,0,0,0,0,0.74,-1.43,0,0
2025/07/29 14:47:00.135,n,20.727864,48.256268,373.67472,374.22624,0.524404,12.260874,12.225752,0.086574,195.51558,14.73034,-0.554123,-0.125298,23.255286,389.7154,426.52212,180.35642,783.61976,766.43008,37.52266,882.93632,864.33176,36.753232,0,0,0,0,0.73,-1.37,0,0
2025/07/29 14:48:00.136,n,20.698566,49.03644,375.34528,374.31636,0.67082,12.227034,12.19704,0.051704,196.92782,15.000198,-0.538208,-0.128448,23.16745,390.57368,425.72384,181.51786,468.31752,525.11964,77.250408,587.86116,645.28096,72.1138,0,0,0,0,0.73,-1.39,0,0
2025/07/29 14:49:00.138,n,20.72137,49.160808,382.0564,378.83208,2.227667,12.473144,12.355474,0.065829,201.31756,15.909886,-0.543335,-0.119682,23.120316,389.85216,426.22432,184.984,825.59048,777.07712,67.800808,932.8572,879.55256,72.997944,0,0,0,0,0.71,-1.48,0,0
2025/07/29 14:50:00.139,n,20.692074,48.778776,395.93704,389.65128,4.449719,12.826926,12.602864,0.159344,209.30098,16.947662,-0.545631,-0.11425,23.051756,389.2492,426.30248,191.92194,702.43568,582.97468,77.97772,800.16584,695.706,70.453176,0,0,0,0,0.72,-1.36,0,0
2025/07/29 14:51:00.141,n,20.706672,49.880924,420.22624,408.28624,7.963197,13.426818,13.097392,0.23244,223.03498,18.522048,-0.539627,-0.105484,23.019614,389.57924,426.89164,204.07878,734.03672,684.33672,42.517056,844.83384,796.95624,36.941168,0,0,0,0,0.73,-1.44,0,0
2025/07/29 14:52:00.134,n,20.75877,49.26686,498.60656,504.46792,88.283352,16.284768,16.53139,3.161,309.50492,27.50513,-0.541039,-0.098129,23.00779,389.3874,427.47504,281.55688,589.2296,664.3836,109.47352,715.23616,770.0488,98.871384,0,0,0,0,0.71,-1.44,0,0
2025/07/29 14:53:00.135,n,20.747344,49.291712,523.46228,510.91664,9.929754,16.743146,16.47294,0.260052,282.89066,25.386672,-0.554832,-0.100578,22.976758,388.01128,427.07472,257.04974,608.95372,679.15816,78.60852,728.97248,781.436,66.713196,0,0,0,0,0.72,-1.4,0,0
2025/07/29 14:54:00.136,n,20.792298,49.186856,689.79392,665.59528,96.272272,22.632856,21.616118,3.018999,407.88884,39.816684,-0.559067,-0.092682,23.025428,387.9318,428.06276,367.60576,701.44352,604.1548,87.910752,805.34064,707.68448,79.933408,0,0,0,0,0.82,-1.34,0,0
2025/07/29 14:55:00.135,n,20.881752,49.115612,1217.5262,1171.7334,246.39684,41.25874,39.959232,8.661642,724.50808,76.917984,-0.561897,-0.050385,23.174378,388.56524,432.69756,647.0786,720.9872,713.75936,33.87772,831.39808,818.88352,32.697094,0,0,0,0,0.71,-1.44,0,0
2025/07/29 14:56:00.136,n,21.07687,48.325476,1453.1446,1427.8024,42.261092,49.449576,48.568452,1.418282,848.21192,91.422,-0.601807,-0.032471,23.372462,386.28308,435.4586,756.22056,662.32948,666.23576,82.099328,751.49184,768.57248,74.383136,0,0,0,0,0.79,-1.4,0,0
2025/07/29 14:57:00.138,n,21.388782,47.608244,1449.2004,1454.2892,5.709641,49.520332,49.521104,0.303302,849.59504,90.999792,-0.653526,-0.027374,23.582122,383.05012,437.15228,757.96912,736.19472,708.44672,79.940296,821.61488,793.56152,65.364364,0,0,0,0,0.78,-1.42,0,0
2025/07/29 14:58:00.137,n,21.578724,47.880064,1408.6274,1435.775,21.255586,47.476084,48.645368,0.919727,829.68392,87.538256,-0.693291,-0.001404,23.805484,380.93532,440.78376,741.45376,744.25184,823.65096,49.250888,815.1388,890.52656,47.410968,0,0,0,0,0.74,-1.4,0,0
2025/07/29 14:59:00.142,n,21.614418,46.317372,1365.8496,1365.1508,20.856654,46.488572,46.270404,0.856501,808.90128,85.327152,-0.768883,-0.035103,24.039318,375.78656,439.18128,722.8404,901.07752,805.83328,107.96436,959.60656,862.25008,97.363752,0,0,0,0,0.77,-1.42,0,0
2025/07/29 15:00:07.209,n,21.967984,47.490468,1360.4458,1361.4088,5.458938,46.559328,46.541124,0.277756,801.06952,84.29808,-0.818008,-0.019653,24.304894,373.1202,442.1366,715.97312,791.60048,668.52856,72.443088,846.35856,744.97872,60.41068,0,0,0,0,0.76,-1.42,0,0
2025/07/29 15:01:00.135,n,22.121936,46.443884,1322.1054,1338.8076,13.645512,45.605652,46.264768,0.494304,781.59576,82.121792,-0.876892,-0.047218,24.48494,369.10216,440.76428,698.64432,777.23816,782.74896,43.480452,844.26376,838.18512,41.712108,0,0,0,0,0.74,-1.43,0,0
2025/07/29 15:02:00.135,n,22.570424,45.488952,1274.4316,1292.9178,14.491378,44.653516,44.971664,0.336573,757.25008,79.310656,-0.921722,-0.023689,24.735094,366.72192,444.35164,677.04136,799.4476,754.9908,56.162708,831.25648,801.91976,49.846764,0,0,0,0,0.74,-1.4,0,0
2025/07/29 15:03:00.135,n,22.042492,46.01698,1234.8334,1251.6794,12.24745,43.666,44.230512,0.477215,732.77048,76.087264,-0.977615,-0.093559,24.888234,362.80568,439.06528,655.79912,642.1488,677.3728,60.217936,699.0348,726.38656,50.475244,0,0,0,0,0.73,-1.41,0,0
2025/07/29 15:04:00.136,n,22.222656,46.367488,1191.973,1210.3262,15,42.735396,43.045336,0.338309,709.81064,73.467024,-1.028099,-0.092514,25.033276,359.30992,440.02948,635.40808,707.61072,756.61016,65.362448,763.64416,804.41472,61.17802,0,0,0,0,0.76,-1.41,0,0
2025/07/29 15:05:00.137,n,22.208058,45.829596,1172.3026,1180.1412,7.321203,42.27702,42.24164,0.237171,697.19448,72.085392,-1.058876,-0.101448,25.182014,357.5426,440.13108,624.15168,665.20416,724.25216,78.289208,711.228,766.48568,68.215832,0,0,0,0,0.71,-1.46,0,0
2025/07/29 15:06:00.205,n,22.177608,43.408872,1132.5216,1150.9756,13.37535,41.503312,41.784544,0.430978,676.08472,69.617488,-1.122124,-0.129326,25.29847,352.77312,438.35696,605.47444,674.15336,601.78032,45.740572,727.2632,661.148,40.722228,0,0,0,0,0.72,-1.44,0,0
2025/07/29 15:07:00.141,n,21.587422,44.21722,1126.7408,1134.049,7.169379,41.29258,41.30412,0.361745,669.23884,67.965992,-1.144775,-0.164597,25.381784,351.31616,435.72712,600.29268,814.50176,686.89776,76.261064,888.33952,761.11224,76.151824,0,0,0,0,0.7,-1.44,0,0
2025/07/29 15:08:00.143,n,21.420764,45.782084,1111.3786,1116.9844,4.460942,40.658848,40.747548,0.142522,657.78136,65.845672,-1.154015,-0.155296,25.479776,351.10848,437.14464,590.937,559.00908,680.47008,84.43192,647.16132,753.52904,73.551,0,0,0,0,0.73,-1.42,0,0
2025/07/29 15:09:00.147,n,21.638244,46.464752,1100.0944,1104.277,3.987481,40.094332,40.076644,0.226212,652.41768,65.026144,-1.145508,-0.146523,25.54914,352.26348,438.34296,586.39256,617.50252,736.94704,99.949992,702.08944,808.02072,86.68016,0,0,0,0,0.68,-1.43,0,0
2025/07/29 15:10:00.135,n,21.83598,44.093036,1097.2894,1102.5914,2.792848,40.234312,40.270204,0.182752,651.25988,65.30658,-1.162521,-0.156181,25.611212,351.16704,437.86048,584.94696,724.16264,714.69192,74.81344,796.36536,780.1328,64.968072,0,0,0,0,0.73,-1.41,0,0
2025/07/29 15:11:00.135,n,21.599212,45.411984,1106.408,1097.9908,6.426508,40.338904,39.898212,0.29745,656.15584,65.928992,-1.13726,-0.156181,25.71356,353.97156,438.47984,589.24572,618.50652,734.9632,93.678704,708.44864,809.78464,83.303664,0,0,0,0,0.76,-1.43,0,0
2025/07/29 15:12:00.136,n,21.474788,44.590272,1122.8394,1107.9042,9.751924,41.146452,40.490416,0.425046,667.912,67.45612,-1.132645,-0.180931,25.713822,354.37256,436.28352,599.50416,598.42644,707.50248,106.41594,694.74848,785.7212,96.50596,0,0,0,0,0.73,-1.44,0,0
2025/07/29 15:13:00.137,n,21.292092,46.308512,1011.1274,673.46576,274.12634,36.468832,24.081828,9.68174,473.05284,42.77892,-1.106766,-0.205696,25.651158,356.2318,433.70468,429.3728,759.6976,668.82708,88.937624,830.346,750.6176,81.83704,0,0,0,0,0.74,-1.42,0,0
2025/07/29 15:14:00.140,n,21.38633,45.98288,352.36264,427.21456,121.57066,12.083982,15.005766,4.852135,178.8749,7.651818,-1.067413,-0.210968,25.608532,359.37812,432.97864,170.36664,670.61784,719.18824,68.637448,765.37256,800.72688,56.972364,0,0,0,0,0.74,-1.41,0,0
2025/07/29 15:15:00.141,n,21.444122,47.30008,352.97636,349.4954,1.843909,12.190118,11.977848,0.137952,173.70108,7.266926,-1.007278,-0.218529,25.505142,363.95528,431.68236,165.64542,487.09784,587.75764,92.532424,598.58496,687.1168,77.93812,0,0,0,0,0.73,-1.42,0,0
2025/07/29 15:16:00.144,n,21.530468,47.358444,363.52044,367.71232,7.184184,12.119362,12.20114,0.250146,182.29726,8.249985,-0.92955,-0.20887,25.404632,370.07212,431.93312,173.3266,596.222,656.5418,80.768808,700.26688,749.68112,72.649848,0,0,0,0,0.74,-1.4,0,0
2025/07/29 15:17:00.145,n,21.570392,46.141508,358.17988,358.356,0.547723,11.870176,11.793522,0.087904,178.04342,8.150498,-0.879265,-0.204117,25.318146,373.90028,431.83348,169.21778,485.5576,563.93116,74.676464,598.95508,669.56496,64.867552,0,0,0,0,0.73,-1.41,0,0
2025/07/29 15:18:00.148,n,21.42928,48.672756,356.2748,357.60276,0.724569,11.588688,11.553822,0.066475,176.39878,8.577672,-0.814987,-0.200424,25.22846,378.92004,431.6208,167.20654,511.26664,609.06292,100.49478,627.24248,712.65128,84.182544,0,0,0,0,0.74,-1.39,0,0
2025/07/29 15:19:00.135,n,21.39671,48.05246,346.15712,350.81392,3.335416,11.271822,11.359754,0.096192,171.0662,8.235684,-0.759491,-0.203941,25.11789,383.05492,430.64268,162.27496,676.21928,654.50372,58.285504,779.14776,757.57096,49.505556,0,0,0,0,0.74,-1.39,0,0
2025/07/29 15:20:00.136,n,21.25711,46.7154,332.71198,338.39572,4.169832,10.67039,10.852922,0.114979,164.3871,7.764984,-0.723022,-0.203072,24.994806,385.46944,429.97972,156.10218,459.48992,539.95368,70.663112,576.24788,649.59924,64.94536,0,0,0,0,0.73,-1.38,0,0
2025/07/29 15:21:00.141,n,21.174252,48.196408,315.47348,323.12778,5.524944,10.245852,10.458378,0.175946,155.4306,6.809906,-0.686058,-0.19709,24.856698,387.8374,429.68128,148.13172,538.61784,592.61684,57.63636,648.15168,690.82672,49.8006,0,0,0,0,0.72,-1.41,0,0
2025/07/29 15:22:00.138,n,21.068634,48.429708,294.02894,303.04742,6.705408,9.752094,9.952314,0.181007,144.32574,5.954315,-0.659729,-0.196915,24.68444,389.082,428.66388,137.90862,542.46992,546.18376,35.911352,656.03108,656.1134,32.299382,0,0,0,0,0.73,-1.42,0,0
2025/07/29 15:23:00.141,n,21.024788,49.01994,276.83004,283.14346,5.121646,9.22296,9.463686,0.153809,135.3247,5.255417,-0.629181,-0.18515,24.537552,390.84516,428.82924,129.62524,698.50264,538.60676,104.16826,790.6448,639.13592,93.84668,0,0,0,0,0.75,-1.43,0,0
2025/07/29 15:24:00.143,n,21.006916,49.387716,270.48136,272.28412,1.713914,9.152202,9.152202,0.063228,132.9765,5.611706,-0.610367,-0.179527,24.430076,391.82992,428.68588,126.93396,724.79856,600.53624,103.97476,829.53744,706.0784,95.458104,0,0,0,0,0.74,-1.4,0,0
2025/07/29 15:25:00.145,n,20.97601,50.247576,270.51636,270.09274,0.223607,9.01069,9.134514,0.069877,133.75544,6.039501,-0.585938,-0.179703,24.293684,393.1284,427.85552,127.3097,703.83224,625.5252,74.16704,792.64584,730.77512,60.984012,0,0,0,0,0.71,-1.4,0,0
2025/07/29 15:26:00.150,n,21.01009,49.041524,273.81176,272.21002,1.137431,9.18758,9.181684,0.087904,136.74092,6.724098,-0.57692,-0.17128,24.191382,393.29832,427.99336,129.6112,827.60568,755.67288,38.26552,941.35088,859.40496,48.453072,0,0,0,0,0.76,-1.38,0,0
2025/07/29 15:27:00.150,n,20.972786,49.4258,277.58536,275.99604,1.206752,9.258336,9.269874,0.035971,139.57396,7.493881,-0.576035,-0.168991,24.088002,392.75896,427.58072,131.67304,746.28632,768.9636,31.091798,872.32016,876.31792,34.519556,0,0,0,0,0.74,-1.39,0,0
2025/07/29 15:28:00.136,n,20.951596,50.237712,281.25388,279.74552,1.126388,9.327556,9.304994,0.061813,142.7936,8.164177,-0.571617,-0.158813,24.019714,392.73444,428.07796,134.21662,861.5788,774.60184,60.079948,966.05792,881.90624,61.81424,0,0,0,0,0.74,-1.39,0,0
2025/07/29 15:29:00.139,n,20.979278,50.277312,283.72238,282.71682,0.728869,9.293716,9.264234,0.026608,145.95898,8.848152,-0.572319,-0.15461,23.94287,392.21652,427.99408,136.69312,862.20376,833.70896,27.742568,968.30112,935.90776,27.70018,0,0,0,0,0.74,-1.39,0,0
2025/07/29 15:30:07.257,n,20.924008,49.092892,287.21728,285.715,1.11243,9.152202,9.25808,0.062986,148.0879,9.204442,-0.5709,-0.155479,23.83724,391.71144,427.28904,138.46806,775.8068,684.43752,103.86314,871.7288,793.09744,90.931288,0,0,0,0,0.74,-1.39,0,0
2025/07/29 15:31:00.141,n,20.924008,49.256856,292.86548,290.33248,1.85405,9.293716,9.25244,0.056661,151.53938,9.645916,-0.567368,-0.151093,23.785948,391.71232,427.37392,141.4772,644.60224,656.399,80.262072,755.6468,759.83832,71.792064,0,0,0,0,0.74,-1.37,0,0
2025/07/29 15:32:00.144,n,20.912578,49.437376,301.4162,297.75684,2.720294,9.539824,9.469582,0.135677,156.73946,10.714162,-0.568253,-0.154953,23.71012,391.18564,426.58092,145.612,782.1208,662.6032,105.45214,874.35872,768.83872,93.696056,0,0,0,0,0.72,-1.37,0,0
2025/07/29 15:33:00.145,n,20.904476,49.728632,313.48774,308.12478,3.882654,9.787472,9.704924,0.065829,163.75208,11.269424,-0.567543,-0.149689,23.635342,390.80356,426.605,152.0648,483.46992,599.2882,119.23674,608.6546,713.41144,104.75328,0,0,0,0,0.74,-1.42,0,0
2025/07/29 15:34:00.147,n,20.931056,49.970408,330.66226,323.2359,5.444034,10.282768,10.123054,0.101803,174.67874,13.078228,-0.563835,-0.134949,23.641808,391.16264,427.95244,161.17162,545.61932,518.01964,37.718364,651.68292,631.77556,34.254196,0,0,0,0,0.74,-1.39,0,0
2025/07/29 15:35:00.149,n,20.942432,49.39966,351.50984,342.97996,6.211884,12.013228,11.70636,0.236113,185.87038,14.68557,-0.573212,-0.131966,23.571244,389.93336,427.79912,170.74356,780.48392,778.21808,55.990624,900.9028,880.58528,63.64354,0,0,0,0,0.73,-1.38,0,0
2025/07/29 15:36:00.153,n,20.940822,49.495704,378.53868,366.56432,8.626992,12.576202,12.324196,0.20486,200.89554,16.135598,-0.570732,-0.130211,23.532824,389.92024,427.7274,184.31942,741.1304,622.59504,84.442584,831.10008,732.19528,72.013192,0,0,0,0,0.74,-1.39,0,0
2025/07/29 15:37:00.139,n,20.992824,50.522072,424.59224,402.78016,15.079788,14.165148,13.447842,0.497454,226.17066,19.077934,-0.574448,-0.121094,23.51355,389.48456,428.42284,206.63938,807.9492,716.16976,78.54712,900.7012,812.7292,72.328768,0,0,0,0,0.73,-1.39,0,0
2025/07/29 15:38:00.140,n,20.984718,48.440136,515.20696,470.80672,30.04039,17.235364,15.77691,1.072665,272.89822,24.404236,-0.590904,-0.121971,23.492156,387.93436,428.21828,248.02506,804.87648,749.63768,65.433176,900.438,847.29808,57.205768,0,0,0,0,0.72,-1.38,0,0
2025/07/29 15:39:00.142,n,21.05132,49.263868,1165.7422,919.55472,309.1679,41.690972,32.564148,11.713474,699.22664,78.872288,-0.580109,-0.084473,23.56167,389.27992,431.9602,619.85864,810.5464,749.9236,99.538688,918.37744,854.4512,92.847728,0,0,0,0,0.74,-1.39,0,0
2025/07/29 15:40:00.135,n,21.295022,47.78462,1170.0976,1170.1344,2.626785,41.832484,41.697124,0.114394,706.06968,79.167024,-0.612587,-0.063026,23.743314,387.54752,434.94196,626.35308,781.9224,681.85008,93.883168,870.3052,781.5564,80.165136,0,0,0,0,0.74,-1.41,0,0
2025/07/29 15:41:00.136,n,21.660206,47.009864,1168.6888,1166.9004,2.024846,41.53254,41.263612,0.203965,706.364,78.815704,-0.645065,-0.034218,23.896082,385.64544,438.40792,626.93744,794.26512,680.732,99.44848,869.44824,769.55416,83.6412,0,0,0,0,0.74,-1.42,0,0
2025/07/29 15:42:00.135,n,21.577492,47.627148,505.16844,687.64112,201.29606,15.61258,22.609014,7.79338,273.29568,22.226086,-0.725319,-0.079224,23.941954,378.9758,434.68364,250.4235,477.97852,534.427,49.475248,578.78612,638.29204,45.265328,0,0,0,0,0.73,-1.41,0,0
2025/07/29 15:43:00.135,n,21.749416,46.659228,784.45024,924.44192,221.53646,25.3093,32.282662,8.9108,573.7256,57.809584,-0.762329,-0.071693,24.097736,376.70148,436.27968,515.2254,623.91016,656.65216,82.462712,725.874,745.70168,74.48724,0,0,0,0,0.72,-1.4,0,0
2025/07/29 15:44:00.136,n,21.8208,46.611036,360.26008,419.58236,59.552708,10.847282,12.930242,2.16583,192.30508,13.37669,-0.841072,-0.109871,24.082806,369.8008,432.80008,178.1972,717.66456,638.16864,104.35804,822.13672,733.47336,98.24968,0,0,0,0,0.73,-1.4,0,0
2025/07/29 15:45:00.137,n,21.817532,46.981596,306.78422,327.18054,15.944828,9.329094,9.941292,0.456119,157.9855,10.273308,-0.879089,-0.12075,24.08493,366.5248,431.8466,146.95386,694.75832,655.498,90.054152,802.41552,754.03832,81.430648,0,0,0,0,0.73,-1.4,0,0
2025/07/29 15:46:00.135,n,21.772122,47.414896,270.92904,284.61912,10.713602,8.304662,8.704846,0.268561,137.29028,7.851414,-0.904373,-0.130913,24.047616,364.1154,430.7218,128.66542,523.1338,575.53168,85.053072,634.28612,682.43888,74.1168,0,0,0,0,0.75,-1.39,0,0
2025/07/29 15:47:00.135,n,21.517434,46.601024,247.89312,256.71618,6.883404,7.846283,8.015996,0.152093,124.03656,6.425015,-0.914116,-0.154778,23.995338,362.96144,428.29124,116.8522,690.48928,726.32976,69.549624,806.9248,824.60232,65.894232,0,0,0,0,0.72,-1.39,0,0
2025/07/29 15:48:00.135,n,21.397366,48.037992,232.50338,238.44854,4.585303,7.244852,7.421744,0.118354,115.81158,5.440712,-0.88105,-0.15741,23.944076,365.5168,427.75252,109.64722,445.71092,472.3668,29.266876,555.50392,589.92608,34.984284,0,0,0,0,0.73,-1.4,0,0
2025/07/29 15:49:00.136,n,21.212158,47.835988,222.00646,225.99958,3.192765,6.961826,7.127182,0.11543,110.08156,4.970013,-0.846939,-0.159515,23.850146,367.90936,427.00728,104.42412,812.85888,674.5528,129.93904,908.76904,777.34624,123.99578,0,0,0,0,0.75,-1.41,0,0
2025/07/29 15:50:00.135,n,21.11636,47.131052,219.55926,220.00774,0.56458,6.998743,7.00387,0.056283,108.45118,5.198212,-0.78643,-0.162148,23.730506,372.43312,426.06296,102.62868,710.92432,611.30932,68.662952,817.85496,721.7612,62.982536,0,0,0,0,0.72,-1.38,0,0
2025/07/29 15:51:00.135,n,21.031838,48.150584,220.14556,219.82984,0.176777,7.032583,7.009253,0.052756,109.2341,5.826226,-0.713638,-0.16478,23.646088,378.22928,425.32848,102.85902,635.64796,643.34472,74.945984,746.84912,751.77024,63.65964,0,0,0,0,0.73,-1.38,0,0
2025/07/29 15:52:00.135,n,20.97334,49.530424,219.66436,220.00776,0.237171,7.067961,7.015663,0.058307,110.41506,6.068726,-0.657951,-0.157578,23.587318,382.69804,425.61968,103.84596,520.0498,656.3658,92.789544,641.667,762.49168,80.678064,0,0,0,0,0.74,-1.39,0,0
2025/07/29 15:53:00.136,n,20.952148,49.012012,221.07602,220.07628,0.596867,7.174096,7.074114,0.103054,112.87746,6.639534,-0.616821,-0.153725,23.48895,385.67344,425.37928,105.77484,645.44728,537.27776,58.247964,755.686,650.63484,56.003572,0,0,0,0,0.73,-1.39,0,0
2025/07/29 15:54:00.137,n,20.914746,48.494728,237.38404,227.111,5.698136,7.810905,7.398159,0.219974,121.31832,7.851414,-0.583824,-0.150215,23.43332,388.1986,425.36168,113.0333,788.44528,727.35752,38.769188,903.78224,839.21904,42.831064,0,0,0,0,0.73,-1.4,0,0
2025/07/29 15:55:00.136,n,20.921242,48.900928,235.11654,233.57494,1.042833,7.598635,7.634013,0.059241,123.28048,8.249985,-0.567017,-0.146004,23.3852,389.36784,425.45104,114.60948,621.563,538.7752,55.583272,710.042,653.18388,46.677084,0,0,0,0,0.73,-1.38,0,0
2025/07/29 15:56:00.136,n,20.86924,49.518848,252.42052,244.69316,5.61972,8.092392,7.922167,0.13256,132.05824,9.461864,-0.559418,-0.143021,23.344562,389.78504,425.4758,122.17996,771.62936,673.14896,87.187728,862.55472,779.43096,72.584088,0,0,0,0,0.73,-1.38,0,0
2025/07/29 15:57:00.136,n,20.87251,49.848096,271.7179,263.90878,5.938224,8.623066,8.42259,0.162342,142.06608,10.672502,-0.556053,-0.141609,23.305982,389.84792,425.373,130.97914,673.46144,761.3484,63.497244,803.56688,869.81216,53.03678,0,0,0,0,0.74,-1.38,0,0
2025/07/29 15:58:00.135,n,20.894252,50.471524,290.84774,282.78486,6.052376,8.97531,8.781756,0.131403,151.86148,11.868836,-0.553055,-0.133011,23.310624,390.13484,426.1642,139.5726,796.60544,676.36104,80.537568,901.646,787.54296,78.955048,0,0,0,0,0.74,-1.4,0,0
2025/07/29 15:59:00.135,n,20.910512,49.372008,313.03848,304.11212,6.520161,10.530416,10.353524,0.153412,162.59796,12.907856,-0.556938,-0.127579,23.281682,389.6278,426.47548,149.26074,546.08876,694.53888,96.21772,672.47128,801.59816,83.64508,0,0,0,0,0.74,-1.4,0,0
2025/07/29 16:00:07.034,n,20.933216,50.469816,335.281,326.11404,6.810837,11.130308,10.871636,0.172052,176.93556,14.444314,-0.554466,-0.126694,23.243168,389.61416,426.3266,162.0635,534.47644,634.41328,81.908792,657.04408,750.7148,72.585808,0,0,0,0,0.73,-1.39,0,0
2025/07/29 16:01:00.137,n,20.933216,50.248572,450.50628,373.20952,40.783884,16.106338,12.689514,1.789236,226.56356,21.699424,-0.558891,-0.116348,23.233562,389.17464,427.18864,204.42158,653.06776,599.144,89.244608,760.84824,706.85272,80.191024,0,0,0,0,0.73,-1.39,0,0
2025/07/29 16:02:00.136,n,21.032436,48.947744,936.0408,817.99912,126.74344,35.627444,30.773958,5.253626,577.9146,68.980768,-0.544388,-0.08902,23.329896,390.9984,430.1848,508.47848,530.31824,604.93584,82.712456,648.11732,710.97264,72.556528,0,0,0,0,0.71,-1.38,0,0
2025/07/29 16:03:00.138,n,21.11691,49.007456,366.28896,410.99788,112.835,12.047068,13.765476,4.119984,199.24404,16.748066,-0.572327,-0.097778,23.321338,388.53104,429.35648,182.02142,773.8568,677.40912,92.777696,865.06016,777.43392,80.831928,0,0,0,0,0.74,-1.39,0,0
2025/07/29 16:04:00.135,n,21.147816,48.487,386.95536,377.05592,7.042727,12.57774,12.301636,0.262574,208.55632,17.865432,-0.573395,-0.105316,23.306344,388.34996,428.59832,190.2228,511.9696,578.1082,66.99254,625.53528,683.99264,57.473908,0,0,0,0,0.75,-1.39,0,0
2025/07/29 16:05:00.135,n,21.167298,49.708044,405.17,398.09436,5.35257,12.825388,12.74284,0.096762,217.15762,18.592934,-0.576401,-0.107765,23.325616,388.20388,428.4948,198.09604,771.22448,664.27824,79.167232,860.1412,762.9664,69.896712,0,0,0,0,0.74,-1.39,0,0
2025/07/29 16:06:00.136,n,21.224182,50.331144,413.24252,410.88036,2.345208,12.79001,12.836668,0.061714,219.89928,18.564332,-0.585777,-0.098129,23.35557,387.56972,429.52752,200.8473,741.87048,644.5464,83.768728,831.7516,745.428,77.335952,0,0,0,0,0.74,-1.38,0,0
2025/07/29 16:07:00.136,n,21.324868,48.682068,412.2268,413.13596,0.5,12.613118,12.713358,0.112782,218.82682,18.393338,-0.602768,-0.099709,23.38128,386.25208,429.5394,199.93042,576.40612,561.5578,66.2097,682.87368,667.77728,56.709348,0,0,0,0,0.74,-1.4,0,0
2025/07/29 16:08:00.137,n,21.194934,48.253796,383.27924,397.47916,9.919048,11.624066,12.1068,0.328645,202.6287,16.463906,-0.62545,-0.115303,23.37269,384.23908,428.10356,185.65466,633.92076,677.78856,62.901112,738.75992,773.6696,51.347832,0,0,0,0,0.74,-1.4,0,0
2025/07/29 16:09:00.135,n,21.21603,49.385244,341.8018,359.43852,12.987976,10.24739,10.865742,0.419481,179.77774,13.974858,-0.636398,-0.110741,23.37269,383.292,428.50876,165.27722,818.68056,752.78096,72.790104,914.76328,853.26928,73.066408,0,0,0,0,0.74,-1.38,0,0
2025/07/29 16:10:00.136,n,21.29723,49.573964,304.09182,318.75292,11.461894,9.224498,9.688772,0.335083,159.6433,11.983246,-0.643814,-0.112495,23.370566,382.63804,428.34044,147.12872,617.80992,712.32904,49.041308,724.52504,806.67144,42.222032,0,0,0,0,0.73,-1.38,0,0
2025/07/29 16:11:00.140,n,21.300548,48.937784,288.42338,292.94166,4.200447,8.94147,9.023764,0.140386,151.36578,11.598354,-0.644699,-0.119164,23.367362,382.54252,427.72928,139.24188,733.80112,568.08308,85.986912,821.40392,674.03816,76.039464,0,0,0,0,0.74,-1.39,0,0
2025/07/29 16:12:00.140,n,21.229016,49.264344,286.40258,286.63656,0.622495,9.012228,8.940958,0.050146,151.42918,11.456586,-0.642044,-0.118454,23.36413,382.75312,427.77324,139.449,656.05848,728.75576,56.144456,776.78672,836.37864,49.411536,0,0,0,0,0.74,-1.4,0,0
2025/07/29 16:13:00.135,n,21.186828,48.893544,296.05582,290.8594,3.407712,9.505984,9.21732,0.184712,157.69714,12.737484,-0.635521,-0.119858,23.360898,383.29824,427.62944,144.44398,465.3998,539.69024,75.859248,576.47032,650.93676,70.525168,0,0,0,0,0.73,-1.39,0,0
2025/07/29 16:14:00.135,n,21.194934,49.320644,329.20032,312.05978,11.04423,10.671928,10.071268,0.393241,177.08748,15.340322,-0.620689,-0.119164,23.358774,384.5686,427.6784,161.24564,445.4828,484.91624,30.920058,551.24476,596.80744,32.231198,0,0,0,0,0.74,-1.4,0,0
2025/07/29 16:15:00.136,n,21.220912,49.618692,557.4976,596.618,199.30906,21.89145,22.233698,8.167201,386.87444,43.246508,-0.597641,-0.09182,23.429432,386.9804,430.52484,343.12212,793.79872,689.32488,73.426488,877.13344,777.7568,68.082304,0,0,0,0,0.73,-1.39,0,0
2025/07/29 16:16:00.135,n,21.269642,48.521768,374.3524,446.18648,125.17328,12.225496,14.988332,4.859433,208.60714,18.478524,-0.596573,-0.099525,23.429432,387.0728,429.84048,189.63156,661.64636,782.022,66.048088,770.66808,869.7116,58.192784,0,0,0,0,0.74,-1.37,0,0
2025/07/29 16:17:00.135,n,21.300548,47.282652,741.022,525.2602,138.59222,27.388926,18.633318,5.863282,402.20052,44.182932,-0.586128,-0.107063,23.449752,388.09644,429.29116,357.53856,833.99648,760.51464,99.41956,923.82872,850.15672,91.919536,0,0,0,0,0.71,-1.38,0,0
2025/07/29 16:18:00.136,n,21.357338,47.493396,931.9916,858.3852,124.8483,35.416712,32.118332,5.282415,579.96728,69.432192,-0.578171,-0.075706,23.583428,389.57652,432.86772,510.03264,721.61952,667.69,61.188644,796.35904,754.98168,48.07494,0,0,0,0,0.74,-1.39,0,0
2025/07/29 16:19:00.137,n,21.504426,47.377948,904.01256,918.19704,11.66619,34.220004,34.66582,0.377724,556.43932,66.990404,-0.597832,-0.065704,23.761314,388.9308,434.811,488.91676,787.31776,685.12624,84.740488,865.2628,771.97536,73.728552,0,0,0,0,0.75,-1.43,0,0
2025/07/29 16:20:00.139,n,21.69749,46.507292,763.1504,771.71952,184.4275,25.947646,28.891988,7.814843,466.3894,51.791848,-0.654236,-0.075867,23.854228,384.60328,434.4602,414.0192,772.34536,681.96552,69.410008,843.25224,767.35544,57.630288,0,0,0,0,0.77,-1.44,0,0
2025/07/29 16:21:00.141,n,21.600178,46.05212,831.63224,661.4682,192.31952,32.006558,24.88066,8.33864,518.08636,60.09966,-0.681809,-0.084618,23.937542,382.71336,434.17832,457.38948,576.15204,643.68568,97.875936,689.73416,735.7024,88.270888,0,0,0,0,0.73,-1.41,0,0
2025/07/29 16:22:00.136,n,21.759162,46.1947,883.76496,821.13744,46.469884,34.71684,31.835818,2.248937,542.86548,64.050552,-0.716301,-0.07341,24.06134,380.46632,435.91044,478.17204,604.60664,665.39808,67.641336,701.58528,760.5632,58.218124,0,0,0,0,0.74,-1.41,0,0
2025/07/29 16:23:00.135,n,21.942364,46.801632,837.9444,854.35928,14.662878,33.449376,34.006968,0.577576,532.6164,63.753332,-0.751358,-0.064476,24.209582,378.31716,437.58728,468.1762,630.1994,657.89516,86.988504,720.7664,745.19096,75.286784,0,0,0,0,0.74,-1.42,0,0
2025/07/29 16:24:00.135,n,21.993458,46.629364,325.30188,579.90788,267.12812,11.627142,22.55082,11.443268,183.39426,14.701736,-0.81749,-0.096725,24.268006,372.94488,435.07164,167.97176,521.08516,571.95208,89.302288,611.86064,654.70788,73.891816,0,0,0,0,0.74,-1.41,0,0
2025/07/29 16:25:00.135,n,22.05664,45.519696,305.9101,312.23392,5.132008,10.778064,10.983154,0.128942,164.11412,12.595716,-0.832047,-0.130379,24.269084,371.692,432.08928,150.81674,607.6584,569.77008,37.779292,694.83304,663.1194,32.0523,0,0,0,0,0.73,-1.4,0,0
2025/07/29 16:26:00.135,n,21.808644,45.870136,304.37204,303.50632,0.680074,11.059552,10.88907,0.100536,160.78028,11.89806,-0.830277,-0.144241,24.27872,371.90264,430.91564,148.19618,695.4748,751.90448,53.566316,809.6172,849.19168,44.715772,0,0,0,0,0.71,-1.41,0,0
2025/07/29 16:27:00.144,n,21.675274,47.7266,313.90042,309.5413,3.180016,11.519468,11.295406,0.18815,166.09856,12.25435,-0.826729,-0.144585,24.247646,372.02416,430.69976,153.16206,800.14128,661.30524,99.842632,886.29296,757.91672,89.428744,0,0,0,0,0.74,-1.41,0,0
2025/07/29 16:28:00.140,n,21.584408,46.888516,318.22526,315.01716,1.771299,11.48563,11.314378,0.098574,168.38508,12.723804,-0.820335,-0.1502,24.216736,372.39288,430.01672,154.99116,618.19764,668.05736,80.545952,730.76056,773.07744,71.219376,0,0,0,0,0.64,-1.4,0,0
2025/07/29 16:29:00.142,n,21.396076,47.71996,339.83124,333.53332,7.746774,12.437766,12.332656,0.514143,180.06098,13.790806,-0.79213,-0.157394,24.127176,374.29888,428.84384,165.63546,452.68492,521.5486,47.459456,568.55988,632.57552,43.783556,0,0,0,0,0.73,-1.42,0,0
2025/07/29 16:30:07.055,n,21.37202,48.450604,680.97056,464.47372,159.6147,28.307222,18.258002,7.003583,415.81972,44.594564,-0.738594,-0.143181,24.104434,378.79448,429.97072,370.62976,703.46376,588.56952,93.364472,796.32992,692.56784,78.966768,0,0,0,0,0.73,-1.41,0,0
2025/07/29 16:31:00.135,n,21.449856,48.255336,341.76524,392.97132,106.6847,12.013228,14.165662,4.286397,184.33994,13.947498,-0.7239,-0.136864,24.062776,379.81756,430.28364,169.80538,519.52648,546.92132,82.304312,629.03808,647.5628,77.42448,0,0,0,0,0.72,-1.38,0,0
2025/07/29 16:32:00.135,n,21.435254,47.557976,355.26212,348.24792,4.897704,12.471606,12.266514,0.183386,188.9718,14.487218,-0.716118,-0.142479,23.996616,380.09688,429.39112,173.91094,785.95912,631.90504,121.39894,882.48392,736.6292,111.33194,0,0,0,0,0.73,-1.38,0,0
2025/07/29 16:33:00.225,n,21.34977,47.170116,449.85912,384.36656,35.029272,17.236902,13.860844,1.822045,233.97306,22.084316,-0.707451,-0.140381,23.928298,380.44036,429.17116,211.32166,731.55528,657.80208,89.093208,1095.7774,804.42112,160.06436,0,0,0,0,0.71,-1.41,0,0
2025/07/29 16:34:00.136,n,21.33683,47.631396,361.66108,469.5978,119.83876,12.119362,16.588046,5.223127,193.97372,14.41571,-0.70816,-0.131264,23.90376,380.23292,429.83476,178.9811,802.79344,796.86776,48.812908,909.80968,853.11016,48.922388,0,0,0,0,0.73,-1.4,0,0
2025/07/29 16:35:00.137,n,21.333508,47.772268,353.354,354.8418,2.100595,11.907092,11.913502,0.051468,187.7326,13.903974,-0.701439,-0.129852,23.838614,380.42732,429.57312,173.25704,670.78808,706.09904,74.714792,786.6608,817.1092,63.68438,0,0,0,0,0.75,-1.4,0,0
2025/07/29 16:36:00.138,n,21.346546,48.010792,759.07224,450.14036,164.77114,31.017504,16.939006,7.818328,409.05156,50.149064,-0.695068,-0.124596,23.82156,380.87704,429.9386,358.332,490.72508,602.21772,110.75446,607.41856,715.26808,100.7497,0,0,0,0,0.74,-1.38,0,0
2025/07/29 16:37:00.140,n,21.421254,47.528564,776.23912,777.59808,1.843909,31.82659,31.749422,0.118996,493.5416,60.040588,-0.697372,-0.100754,23.881316,381.0328,432.41108,432.9044,644.70116,713.24776,112.94158,755.50992,809.35128,100.39424,0,0,0,0,0.71,-1.33,0,0
2025/07/29 16:38:00.143,n,21.5527,48.543652,779.47512,777.72488,1.516575,31.578942,31.503316,0.09375,496.90228,59.88576,-0.690475,-0.07991,23.94006,381.97868,434.61144,436.40596,710.47216,665.8278,72.380248,813.76968,769.22224,65.287444,0,0,0,0,0.74,-1.42,0,0
2025/07/29 16:39:00.146,n,21.812268,47.258108,743.53016,766.95368,15.03496,29.573148,30.822924,0.748566,475.907,56.653044,-0.686935,-0.061096,24.04461,382.90704,436.9044,418.62808,840.42968,733.95192,100.53506,911.77944,810.54544,89.900224,0,0,0,0,0.73,-1.41,0,0
2025/07/29 16:40:00.135,n,22.128334,47.914796,766.5524,749.66232,19.052558,30.62988,30.01922,0.767059,487.80588,58.813164,-0.686409,-0.057228,24.145998,383.55644,437.8518,428.36352,628.5576,562.27984,45.215868,703.90048,647.90632,39.818336,0,0,0,0,0.75,-1.41,0,0
2025/07/29 16:41:00.135,n,22.358264,45.039796,687.45792,729.91776,27.555398,27.635034,29.273202,1.08582,441.5974,52.681636,-0.704979,-0.060562,24.277154,382.73228,438.33796,388.27136,587.3174,588.10596,71.372784,657.16272,659.29704,59.104144,0,0,0,0,0.76,-1.42,0,0
2025/07/29 16:42:00.137,n,22.30968,46.103128,588.81468,632.82036,29.39898,24.147968,25.515924,1.095958,360.17508,42.438176,-0.699669,-0.082191,24.363448,383.70668,436.93208,317.11942,787.65528,800.06648,36.592352,868.9972,863.12616,38.957668,0,0,0,0,0.73,-1.41,0,0
2025/07/29 16:43:00.138,n,22.293518,46.1542,383.92492,582.12968,97.301976,14.378956,23.470912,4.477445,275.3361,27.746388,-0.697723,-0.085693,24.458244,384.44152,437.18768,246.97768,733.13864,627.82392,82.68404,797.36192,714.31616,68.6644,0,0,0,0,0.75,-1.43,0,0
2025/07/29 16:44:00.139,n,22.20422,45.656432,527.99116,509.68264,68.82968,21.503828,20.76832,3.537784,359.55604,41.557712,-0.689064,-0.113907,24.485628,385.35424,434.84568,317.42316,666.58592,634.47624,92.47108,741.73352,722.01632,76.833256,0,0,0,0,0.71,-1.46,0,0
2025/07/29 16:45:00.145,n,21.98713,47.098572,423.27496,477.62796,45.761064,16.88312,19.052218,2.103522,270.65338,27.305534,-0.685349,-0.129334,24.481378,385.65028,433.45024,242.7918,502.62048,599.76728,89.430976,606.97772,691.28536,74.168728,0,0,0,0,0.71,-1.43,0,0
2025/07/29 16:46:00.145,n,21.91969,44.77762,327.90134,318.74808,7.753226,13.000742,12.307276,0.423752,178.20904,14.642666,-0.690117,-0.145294,24.445042,385.02052,431.81552,163.02156,514.39148,590.78444,88.347184,635.02508,695.25456,78.898984,0,0,0,0,0.76,-1.48,0,0
2025/07/29 16:47:00.146,n,21.835366,44.361064,651.99408,528.1488,93.669632,28.69023,22.293686,4.631758,391.81408,47.62768,-0.665024,-0.145996,24.401322,386.93004,431.492,343.66736,485.37676,508.96632,60.136304,593.83556,618.81684,54.715172,0,0,0,0,0.74,-1.4,0,0
2025/07/29 16:48:00.148,n,21.84576,45.38246,642.6728,657.52196,22.376328,27.598118,28.29107,1.182803,401.17036,48.108328,-0.669075,-0.111801,24.389068,386.50628,434.45556,352.50476,445.39436,492.49736,31.134386,552.69984,597.96332,29.581244,0,0,0,0,0.71,-1.38,0,0
2025/07/29 16:49:00.135,n,21.9754,44.703656,334.34598,448.5154,139.0678,12.223958,17.925752,6.809767,186.52482,13.859826,-0.698242,-0.117584,24.337928,383.67772,433.63648,172.08432,729.48136,588.79268,76.15724,819.50496,690.32744,70.660456,0,0,0,0,0.75,-1.42,0,0
2025/07/29 16:50:00.138,n,21.928424,44.330364,362.97376,343.77232,12.820882,13.70523,12.81821,0.624277,202.59672,16.547226,-0.716995,-0.131615,24.258036,381.5786,431.91356,185.46412,546.35388,656.28852,83.1658,674.12504,762.17944,68.1124,0,0,0,0,0.71,-1.38,0,0
2025/07/29 16:51:00.138,n,21.855476,45.804388,722.314,506.92452,151.34292,31.331294,21.02853,7.66662,439.8922,54.235504,-0.728493,-0.128281,24.216476,380.33608,431.96172,385.05652,632.46132,506.86036,96.08564,730.5484,619.01264,86.733216,0,0,0,0,0.73,-1.43,0,0
2025/07/29 16:52:00.139,n,21.737252,46.972736,388.131,552.435,137.06706,14.517392,22.585428,6.581639,225.27524,18.949222,-0.7416,-0.113388,24.18086,378.98988,433.07196,205.6978,440.46816,470.39592,32.76698,550.59184,580.4928,27.335874,0,0,0,0,0.77,-1.43,0,0
2025/07/29 16:53:00.140,n,21.724212,47.94466,369.63616,395.29416,23.664054,12.894608,14.522778,1.522183,202.13018,15.835892,-0.764977,-0.121101,24.139266,376.71976,432.13904,185.65042,445.42168,473.4666,30.98185,559.13228,580.20952,28.337696,0,0,0,0,0.73,-1.38,0,0
2025/07/29 16:54:00.145,n,21.71933,47.759112,360.35448,361.573,2.371708,12.682338,12.623372,0.099314,193.26046,15.02507,-0.787483,-0.126007,24.090256,374.48084,431.41136,177.57392,423.61308,462.08092,27.121026,535.29976,572.45208,26.192556,0,0,0,0,0.75,-1.39,0,0
2025/07/29 16:55:00.147,n,21.586372,47.853496,376.52244,368.13488,6.089951,13.494498,13.205832,0.297614,201.78924,16.361932,-0.792275,-0.133553,24.022982,373.66588,430.3408,184.76858,537.28692,504.81004,38.425904,636.35152,608.41192,36.725332,0,0,0,0,0.73,-1.42,0,0
2025/07/29 16:56:00.147,n,21.584758,48.622984,677.4696,564.23952,142.65404,28.47796,23.148918,6.814149,428.02044,52.353328,-0.780037,-0.112343,24.044382,374.85188,432.35176,374.99944,756.07256,728.61376,69.0898,857.33928,825.378,61.394628,0,0,0,0,0.74,-1.4,0,0
2025/07/29 16:57:00.152,n,21.755074,46.775032,671.14832,666.50292,13.47405,28.5118,28.05419,0.620846,429.79304,53.428412,-0.781632,-0.085533,24.116916,375.14592,435.16476,375.66856,778.36848,714.902,54.621424,871.11808,808.7444,51.017156,0,0,0,0,0.73,-1.4,0,0
2025/07/29 16:58:00.137,n,21.82153,46.966044,664.38844,667.4912,2.085666,28.194934,28.335678,0.091643,427.5984,53.399812,-0.766396,-0.086929,24.159524,376.71776,435.2946,373.51916,646.21416,518.52068,67.25344,738.08928,625.73468,60.749896,0,0,0,0,0.74,-1.41,0,0
2025/07/29 16:59:00.137,n,22.14645,46.01086,654.68648,659.60448,3.714835,27.984204,28.077776,0.060111,423.46684,53.259284,-0.74073,-0.078705,24.226868,379.33952,436.4266,369.54552,586.48372,700.79056,85.63352,699.57168,798.42696,77.17124,0,0,0,0,0.74,-1.42,0,0
2025/07/29 17:00:07.063,n,22.416858,45.16706,644.84892,649.74664,3.514257,27.455066,27.719378,0.184613,416.9864,52.368872,-0.730812,-0.074509,24.29937,380.63012,437.23192,363.96124,591.65544,679.91488,89.78892,707.75352,776.34296,80.665976,0,0,0,0,0.74,-1.45,0,0
2025/07/29 17:01:00.141,n,22.400646,43.877316,627.39424,635.78864,5.594641,26.679822,27.05642,0.239017,408.76944,51.350372,-0.738602,-0.079407,24.371782,380.38872,437.22932,356.75984,521.8322,572.66536,86.088472,631.38536,667.30128,71.001408,0,0,0,0,0.71,-1.44,0,0
2025/07/29 17:02:00.145,n,22.512318,43.835612,618.679,622.70392,2.313007,27.35047,26.768264,0.301202,403.14732,51.618988,-0.760735,-0.086235,24.466544,379.04036,437.18916,350.85384,596.17744,665.01844,96.503104,694.78968,757.4904,81.16988,0,0,0,0,0.72,-1.41,0,0
2025/07/29 17:03:00.146,n,22.578578,44.201044,588.40816,604.21364,9.82853,25.553872,26.222468,0.41833,384.89856,48.731992,-0.774559,-0.080109,24.529416,378.22044,438.10924,335.4721,516.43672,618.3858,91.345768,625.54308,722.81176,80.473904,0,0,0,0,0.76,-1.42,0,0
2025/07/29 17:04:00.148,n,22.462352,43.108348,542.32564,564.07244,17.801686,23.720354,25.048066,0.945693,353.30008,43.827268,-0.822601,-0.109367,24.537422,374.1124,435.5586,308.75958,509.93672,588.21504,67.09378,622.56556,684.12552,54.81058,0,0,0,0,0.76,-1.42,0,0
2025/07/29 17:05:00.151,n,22.196826,43.85796,494.903,513.25116,17.831854,21.463836,22.568766,0.929786,311.85938,36.909168,-0.841415,-0.117599,24.531048,372.44672,434.78932,274.22638,559.70068,638.59832,85.879568,679.54784,734.65912,81.057072,0,0,0,0,0.7,-1.48,0,0
2025/07/29 17:06:00.152,n,22.049466,44.011524,503.26948,506.30068,6.037384,22.23908,22.591836,0.3905,322.41028,38.716108,-0.860588,-0.128113,24.500298,370.60436,433.67184,282.9617,626.66652,663.028,68.944544,736.73288,760.85832,58.22328,0,0,0,0,0.82,-1.51,0,0
2025/07/29 17:07:00.139,n,21.947414,44.043212,517.84912,508.79028,8.516162,23.474244,23.21557,0.519023,336.0832,41.571392,-0.866455,-0.133728,24.444912,369.76564,432.84196,293.77908,707.49856,589.74956,94.639576,800.63136,688.23456,85.190664,0,0,0,0,0.82,-1.47,0,0
2025/07/29 17:08:00.136,n,21.937648,44.69004,517.68156,523.98052,4.96991,22.980486,23.473218,0.283153,340.24964,41.315836,-0.859161,-0.115845,24.427886,370.29484,434.3284,298.1905,549.02832,553.10956,33.766848,659.96336,658.28636,27.52726,0,0,0,0,0.73,-1.43,0,0
2025/07/29 17:09:00.136,n,22.09805,43.811228,529.21092,523.51484,4.180311,24.072598,23.69677,0.246657,346.58952,43.387656,-0.864845,-0.119003,24.438538,369.8668,434.11156,302.45606,565.62012,614.153,54.306536,685.68552,714.55296,44.574656,0,0,0,0,0.76,-1.43,0,0
2025/07/29 17:10:00.143,n,22.044544,44.293428,530.9622,526.47392,4.860556,24.28333,23.984408,0.394976,349.43572,43.99764,-0.864502,-0.117439,24.414554,369.75312,434.10708,304.691,657.25048,505.66416,77.581248,745.36816,610.95796,68.374704,0,0,0,0,0.73,-1.41,0,0
2025/07/29 17:11:00.135,n,22.083462,43.660908,515.33032,520.8996,7.637081,23.260438,23.554742,0.491679,341.63448,43.316772,-0.852249,-0.103065,24.43478,370.93396,435.50452,297.56852,486.80196,517.96916,38.607644,601.35412,623.4886,37.2599,0,0,0,0,0.73,-1.42,0,0
2025/07/29 17:12:00.135,n,22.191906,44.756612,523.90692,518.87196,6.154267,23.789572,23.625242,0.42355,343.0838,43.855868,-0.841591,-0.104294,24.463506,372.0276,435.56712,298.49066,466.8488,487.8778,23.644238,569.58604,594.91188,23.920702,0,0,0,0,0.71,-1.46,0,0
2025/07/29 17:13:00.136,n,22.169612,43.89152,400.77508,475.18484,69.464016,17.761426,21.21029,3.58597,237.68038,26.209308,-0.844612,-0.126022,24.404002,371.4106,433.28172,210.7525,413.0036,447.08768,27.258026,522.00108,552.46436,23.219604,0,0,0,0,0.71,-1.43,0,0
2025/07/29 17:14:00.136,n,22.05135,43.786344,511.08772,524.8582,15.000834,22.168326,23.502444,0.853045,344.15172,41.38734,-0.835732,-0.111649,24.39227,372.1088,434.48824,302.04028,415.41716,442.48844,15.110428,523.66876,544.14912,12.437846,0,0,0,0,0.73,-1.39,0,0
2025/07/29 17:15:00.138,n,22.027198,44.12084,534.26984,429.67976,58.208676,24.28333,18.678182,3.288051,324.65058,40.776116,-0.85437,-0.117424,24.354854,370.27296,433.75184,283.13752,621.50108,466.1814,78.092736,712.22688,565.6256,73.92276,0,0,0,0,0.71,-1.38,0,0
2025/07/29 17:16:00.136,n,22.033692,44.704188,542.84644,545.85048,2.133073,24.424842,24.495086,0.135497,357.51048,44.990024,-0.871597,-0.102356,24.38361,368.95448,435.26176,311.75126,559.72304,645.50488,77.400584,682.42288,768.80608,82.619,0,0,0,0,0.74,-1.42,0,0
2025/07/29 17:17:00.135,n,22.168118,44.6392,441.77892,517.14864,39.51582,19.207318,23.349396,2.169626,301.49978,35.817916,-0.915352,-0.102531,24.419816,365.38592,435.4626,264.86908,568.25428,599.79536,62.419148,674.54152,698.47776,52.849316,0,0,0,0,0.71,-1.43,0,0
2025/07/29 17:18:00.135,n,22.06123,44.677528,424.95312,420.32704,29.58885,18.996588,18.761502,1.656471,271.86918,31.946618,-0.958977,-0.119881,24.36871,361.30676,433.61644,239.08344,616.91736,630.11476,86.904832,722.0776,728.55088,74.198376,0,0,0,0,0.73,-1.4,0,0
2025/07/29 17:19:00.135,n,22.057582,43.721744,440.15256,443.51748,3.339162,20.265588,20.59476,0.459439,281.5795,33.378612,-0.990219,-0.123741,24.311298,358.26136,432.9308,247.33442,733.74496,625.73712,88.247664,822.49856,730.57544,75.150848,0,0,0,0,0.73,-1.47,0,0
2025/07/29 17:20:00.136,n,22.083508,44.88698,398.9294,415.4788,12.152162,17.938316,18.654854,0.461507,252.00886,28.738152,-0.995537,-0.12059,24.293194,357.69312,433.1024,222.39574,720.73256,576.52876,91.611136,807.59584,681.99072,81.199752,0,0,0,0,0.75,-1.4,0,0
2025/07/29 17:21:00.135,n,22.048694,44.355144,397.16444,403.7578,15.86348,18.04445,18.455146,0.807073,245.45994,28.084022,-1.005646,-0.121117,24.223826,356.4048,432.6418,216.4914,714.3688,592.73236,108.99404,804.72816,694.562,98.53096,0,0,0,0,0.74,-1.44,0,0
2025/07/29 17:22:00.137,n,21.86398,44.8049,382.53764,410.50016,20.712618,17.407642,18.900962,1.232316,244.32066,28.098946,-1.013641,-0.122688,24.174814,355.42088,432.21004,215.33074,424.61152,467.59476,41.847044,539.81896,585.98736,51.052668,0,0,0,0,0.73,-1.42,0,0
2025/07/29 17:23:00.137,n,21.94337,44.80324,390.09088,396.14976,5.593523,18.255182,18.37798,0.205337,253.2035,30.172012,-1.009552,-0.119011,24.1375,355.5524,432.31432,222.14096,820.7204,714.6616,96.073152,918.87904,814.04728,94.297136,0,0,0,0,0.69,-1.49,0,0
2025/07/29 17:24:00.139,n,21.85265,44.99294,381.1762,358.1182,16.67858,17.9014,16.609068,0.971066,236.90774,27.174958,-1.013992,-0.133026,24.018048,354.45676,430.35808,208.8518,548.12276,662.5396,68.047776,671.39368,767.34416,58.951252,0,0,0,0,0.76,-1.42,0,0
2025/07/29 17:25:00.135,n,21.668408,44.75202,390.43048,407.71644,16.112884,18.359778,19.424204,0.942539,256.30892,30.313782,-1.020233,-0.121826,23.947966,353.5,430.93592,225.09674,737.33952,654.96132,52.464748,829.73208,753.76248,48.359072,0,0,0,0,0.74,-1.43,0,0
2025/07/29 17:26:00.135,n,21.65215,44.901824,423.72572,399.89156,17.33205,20.404026,19.099902,1.074655,273.04614,34.441884,-1.025566,-0.1213,23.885008,352.66436,430.60832,237.69998,635.95672,643.28352,85.5608,737.8892,757.43776,75.866336,0,0,0,0,0.73,-1.49,0,0
2025/07/29 17:27:00.136,n,21.65215,45.516964,412.66536,418.176,4.480514,20.193294,20.569636,0.501901,273.75424,34.668216,-1.026634,-0.117088,23.808164,352.1154,430.52576,238.17648,780.57,740.8044,40.943864,879.64256,836.65912,41.90704,0,0,0,0,0.73,-1.42,0,0
2025/07/29 17:28:00.134,n,21.69595,45.63322,274.86408,365.0966,60.479748,12.220882,17.24767,3.543466,170.24618,16.767964,-1.033211,-0.105522,23.784676,351.40696,431.41344,152.55052,538.77412,585.91716,47.655272,645.38136,692.85208,44.372852,0,0,0,0,0.74,-1.43,0,0
2025/07/29 17:29:00.135,n,21.764064,45.302608,391.31676,308.66568,52.22906,19.311914,14.408692,3.229975,241.35514,31.250206,-1.028587,-0.114288,23.732366,351.4964,430.3244,209.19064,613.71504,560.1158,43.162192,705.32032,663.16692,34.521008,0,0,0,0,0.73,-1.44,0,0
2025/07/29 17:30:07.043,n,21.74302,45.790888,394.91828,395.41652,4.092676,19.558026,19.528544,0.25741,264.2598,35.00834,-1.027519,-0.104469,23.725934,351.55052,431.15816,228.3284,626.00068,640.02752,69.478056,764.0664,772.00856,112.32854,0,0,0,0,0.73,-1.41,0,0
2025/07/29 17:31:00.136,n,21.772168,45.609932,217.82628,326.14884,74.915448,8.973772,15.372366,4.533144,124.82462,10.129052,-1.046722,-0.107979,23.679998,349.61692,430.57404,113.75682,695.25264,570.47564,108.43454,791.72752,675.73968,99.53944,0,0,0,0,0.71,-1.4,0,0
2025/07/29 17:32:00.138,n,21.736476,45.676388,379.51024,300.2911,77.391864,19.274998,14.289996,4.893288,250.80964,33.987972,-1.046371,-0.112709,23.635144,349.38124,429.88788,215.888,714.83024,566.12032,103.34494,807.01024,674.87664,92.280552,0,0,0,0,0.75,-1.41,0,0
2025/07/29 17:33:00.139,n,21.757568,46.106364,400.18424,395.16268,9.845684,20.474782,20.245336,0.647109,277.47698,38.417644,-1.047432,-0.098511,23.638314,349.30832,431.16768,238.11042,670.77364,622.995,92.553768,778.0708,731.6904,79.614064,0,0,0,0,0.71,-1.44,0,0
2025/07/29 17:34:00.134,n,21.817532,45.17624,208.8979,310.42048,87.9826,8.83226,14.866048,5.417495,117.39856,9.800744,-1.075012,-0.106926,23.621258,346.82132,430.31916,106.62972,516.8908,631.97612,105.70786,638.82032,743.53256,91.940744,0,0,0,0,0.7,-1.47,0,0
2025/07/29 17:35:00.136,n,21.778664,44.93176,202.16698,204.41698,1.609542,8.443098,8.48463,0.052057,106.45418,8.177235,-1.075729,-0.1213,23.566766,346.43648,428.7198,97.32252,638.90156,600.14052,75.30472,756.74216,713.04984,71.684376,0,0,0,0,0.71,-1.42,0,0
2025/07/29 17:36:00.134,n,21.618114,46.073116,202.40758,201.77154,0.454148,8.443098,8.39721,0.117552,105.15616,8.177235,-1.075546,-0.126381,23.499406,346.0534,427.86964,96.02976,706.35952,605.77776,91.291016,813.82224,718.51528,81.928936,0,0,0,0,0.77,-1.44,0,0
2025/07/29 17:37:00.135,n,21.483448,45.204508,257.8616,221.72222,23.520868,12.150126,9.738506,1.626667,149.31738,16.59697,-1.07608,-0.131638,23.41176,345.48852,426.88412,131.77598,620.83272,523.28484,54.0206,732.19336,636.5638,51.080328,0,0,0,0,0.73,-1.42,0,0
2025/07/29 17:38:00.135,n,21.434764,45.9154,355.33672,345.03428,24.425652,18.395156,17.889604,1.427102,240.11424,33.05217,-1.063271,-0.115692,23.386082,346.44464,428.14824,206.11448,689.09,618.83892,94.19872,786.57328,724.78848,85.157504,0,0,0,0,0.71,-1.4,0,0
2025/07/29 17:39:00.135,n,21.42178,45.6299,281.99548,328.19296,28.656588,13.737532,16.513446,1.888357,187.93648,22.652638,-1.056328,-0.112534,23.352924,346.84928,428.2328,164.34006,540.95528,608.32696,73.8908,670.67676,726.32696,65.443108,0,0,0,0,0.75,-1.4,0,0
2025/07/29 17:40:00.137,n,21.465626,45.280976,333.75512,335.45944,12.234174,16.913884,17.143074,0.881865,226.31058,30.030242,-1.050995,-0.107452,23.307944,347.04468,428.41816,195.3368,611.06804,612.7486,66.660332,728.59424,721.96168,63.07892,0,0,0,0,0.75,-1.42,0,0
2025/07/29 17:41:00.141,n,21.509472,45.196208,364.48744,356.52052,5.547522,18.888914,18.38926,0.346826,254.35248,35.419344,-1.043701,-0.101669,23.30582,347.663,428.91912,217.9911,501.56268,571.64876,73.487584,621.04344,683.35696,66.611556,0,0,0,0,0.71,-1.44,0,0
2025/07/29 17:42:00.140,n,21.55972,46.22292,320.18668,349.70376,22.496666,16.17248,17.877558,1.50074,219.69828,29.106876,-1.038727,-0.090462,23.313302,348.13752,429.95864,189.64312,566.89276,665.03668,76.422512,696.166,777.01872,64.341668,0,0,0,0,0.73,-1.44,0,0
2025/07/29 17:43:00.135,n,21.678128,45.940256,297.57104,318.64456,20.781302,14.62045,15.984566,1.455341,197.9934,25.525956,-1.039253,-0.096245,23.316536,348.11104,429.46416,171.52444,586.20036,610.04412,73.829872,693.4404,718.29912,63.741664,0,0,0,0,0.73,-1.41,0,0
2025/07/29 17:44:00.136,n,21.736476,45.325848,304.61112,302.9139,2.542145,15.326478,15.097032,0.214751,208.13944,27.700996,-1.041214,-0.096245,23.312258,347.9162,429.43892,179.49346,572.10272,583.1982,77.661128,678.35648,690.17928,68.334104,0,0,0,0,0.68,-1.4,0,0
2025/07/29 17:45:00.135,n,21.739696,45.372384,275.37878,278.66404,17.208282,13.420666,13.615502,1.179744,178.3341,22.424438,-1.052414,-0.103249,23.300464,346.87776,428.74736,154.96048,597.5744,597.08312,98.504568,709.43264,702.82096,87.474,0,0,0,0,0.72,-1.42,0,0
2025/07/29 17:46:00.134,n,21.644042,44.951728,238.1607,253.0167,11.366344,11.021098,11.915552,0.680513,151.2647,16.996162,-1.05793,-0.110428,23.27482,346.24896,427.95808,133.32104,763.76144,604.76912,129.09126,860.49656,713.5652,118.78152,0,0,0,0,0.71,-1.41,0,0
2025/07/29 17:47:00.135,n,21.522412,46.091376,271.77576,261.77706,12.605804,13.809828,12.94511,1.001403,185.0389,23.876332,-1.056686,-0.10833,23.256594,346.24892,428.0368,160.21424,495.54512,513.59124,48.22966,607.11816,629.945,43.457452,0,0,0,0,0.73,-1.43,0,0
2025/07/29 17:48:00.136,n,21.467236,44.851876,275.31024,273.67422,0.91515,14.268206,14.097212,0.10102,189.33898,24.78664,-1.053482,-0.111832,23.214848,346.27956,427.47928,163.6107,578.66084,587.01256,30.084466,696.88672,700.84768,27.765986,0,0,0,0,0.74,-1.4,0,0
2025/07/29 17:49:00.138,n,21.415284,45.561788,193.15026,247.44896,36.75034,7.737072,11.862484,2.904387,118.77252,9.772762,-1.057571,-0.113762,23.183816,345.7426,427.12468,108.05596,535.42744,602.37072,88.822296,664.78416,714.85128,77.349208,0,0,0,0,0.74,-1.43,0,0
2025/07/29 17:50:00.141,n,21.347118,45.455488,160.0073,164.65778,6.755091,5.548234,5.813059,0.358559,73.15452,2.642632,-1.065407,-0.127258,23.096046,344.54712,425.40828,69.573736,750.34296,615.78376,72.796976,855.69728,731.40944,67.020516,0,0,0,0,0.73,-1.41,0,0
2025/07/29 17:51:00.141,n,21.259472,45.394012,152.94438,157.14436,4.166834,5.335964,5.518752,0.183727,68.333632,1.899586,-1.067185,-0.131287,23.006058,343.86304,424.52028,65.498152,679.89616,592.88056,51.30546,795.03368,715.96432,45.9331,0,0,0,0,0.72,-1.42,0,0
2025/07/29 17:52:00.134,n,21.131154,46.342692,147.2368,149.38198,1.734755,5.01756,5.159586,0.128265,64.657144,1.385983,-1.080002,-0.13269,22.92352,342.2682,423.90948,62.323848,781.8508,678.756,97.283856,885.4536,789.29312,92.171032,0,0,0,0,0.73,-1.4,0,0
2025/07/29 17:53:00.135,n,21.023976,47.429072,155.99158,148.66064,4.036939,6.289639,5.389288,0.504654,71.901608,3.812851,-1.08873,-0.136024,22.839872,341.02096,423.1212,67.136056,749.48456,646.935,81.419288,858.1216,763.03568,73.035952,0,0,0,0,0.74,-1.4,0,0
2025/07/29 17:54:00.135,n,20.994678,46.246212,248.28756,232.74652,26.909454,14.020558,12.762578,2.044993,178.70186,25.255474,-1.090683,-0.113235,22.776638,340.48024,424.77332,152.46894,792.88296,683.50392,77.260928,896.98096,794.4896,72.004856,0,0,0,0,0.71,-1.41,0,0
2025/07/29 17:55:00.136,n,21.080822,46.212384,251.37432,250.89336,0.928709,14.126694,14.191552,0.097703,187.09358,26.962924,-1.080208,-0.103592,22.749856,341.22896,425.47228,159.15404,677.13688,555.21184,71.807904,772.16256,675.25344,59.300508,0,0,0,0,0.74,-1.42,0,0
2025/07/29 17:56:00.135,n,21.145812,46.528596,251.2784,251.12486,0.37081,15.221882,15.228032,0.179313,188.66172,27.616432,-1.078423,-0.098328,22.713408,341.16932,425.72576,160.0652,556.9334,654.03096,73.344392,692.28824,776.05512,63.892096,0,0,0,0,0.73,-1.41,0,0
2025/07/29 17:57:00.139,n,21.202648,46.332256,248.15812,248.6784,1.242477,15.01115,15.01038,0.111803,187.334,27.659336,-1.075928,-0.094299,22.67908,341.18352,425.88188,158.69304,666.25276,541.3476,81.754816,758.6984,650.81396,68.828048,0,0,0,0,0.73,-1.41,0,0
2025/07/29 17:58:00.140,n,21.214076,45.627912,244.79568,246.4373,1.371587,14.657368,14.98705,0.196652,185.38554,27.360874,-1.066673,-0.09185,22.621076,341.64348,425.75884,157.04988,702.57456,597.60976,107.63318,799.526,712.34136,92.5824,0,0,0,0,0.76,-1.4,0,0
2025/07/29 17:59:00.142,n,21.303334,46.070932,239.0607,242.38604,2.288559,14.128232,14.568922,0.387141,181.35672,26.494092,-1.062409,-0.084671,22.601776,341.89928,426.28328,153.8849,821.01736,757.49024,55.230428,927.77944,865.26168,60.061636,0,0,0,0,0.74,-1.42,0,0
2025/07/29 18:00:07.057,n,21.326138,45.642852,221.75976,212.56056,13.908182,12.82385,11.79301,1.14017,163.03712,23.84835,-1.057777,-0.083969,22.570652,342.11732,426.16304,138.21496,738.32352,727.0464,73.757032,857.80088,840.19064,62.275996,0,0,0,0,0.68,-1.46,0,0
2025/07/29 18:01:00.135,n,21.296886,45.19588,227.30136,228.23742,0.866025,13.280692,13.434254,0.187174,170.23818,25.072044,-1.056351,-0.086075,22.550238,342.12096,425.85628,144.19586,691.50176,617.13984,115.42098,792.23888,727.16256,103.27634,0,0,0,0,0.74,-1.45,0,0
2025/07/29 18:02:00.135,n,21.316372,45.838752,227.23436,228.08232,0.612372,13.528338,13.510906,0.149544,171.97534,25.726174,-1.051903,-0.084839,22.540604,342.44936,425.90968,145.2821,590.97344,602.96576,84.657248,705.4044,724.75296,72.838184,0,0,0,0,0.75,-1.41,0,0
2025/07/29 18:03:00.135,n,21.358558,45.993048,224.10036,224.22118,0.945384,13.211474,13.192758,0.171662,168.8425,24.971936,-1.045326,-0.083267,22.531984,342.96764,425.99864,142.90852,525.93928,620.804,89.773608,649.38488,735.64072,77.761168,0,0,0,0,0.71,-1.42,0,0
2025/07/29 18:04:00.140,n,21.368274,45.370392,226.7166,226.40162,0.778621,13.211474,13.322478,0.092702,173.81244,25.981732,-1.039101,-0.083618,22.51696,343.41816,425.87944,146.87524,722.50568,678.1612,91.287736,835.25448,784.598,78.459544,0,0,0,0,0.73,-1.38,0,0
2025/07/29 18:05:00.137,n,21.342346,45.586408,222.55164,224.84706,1.389694,13.1038,13.157636,0.094269,170.6442,25.185832,-1.033058,-0.083618,22.509482,343.897,425.83556,144.50894,601.42024,644.39788,76.708864,723.33608,755.31528,67.569224,0,0,0,0,0.73,-1.41,0,0
2025/07/29 18:06:00.141,n,21.339076,44.659992,215.97146,219.07244,2.044811,12.893068,13.034068,0.137509,166.51944,24.929654,-1.03714,-0.081863,22.485834,343.40532,425.8528,140.63452,541.49492,598.4052,76.151824,673.60608,715.78256,65.68904,0,0,0,0,0.7,-1.66,0,0
2025/07/29 18:07:00.145,n,21.305042,44.53504,206.79792,210.6956,2.976995,12.574664,12.681568,0.126746,159.6513,23.805446,-1.037323,-0.086769,22.448214,343.169,425.19664,134.8953,649.23956,699.53392,66.49286,774.73448,810.97928,60.385428,0,0,0,0,0.79,-1.4,0,0
2025/07/29 18:08:00.144,n,21.228676,44.786556,198.11624,201.53576,2.727178,11.940932,12.116542,0.194749,152.9739,22.42506,-1.042297,-0.082573,22.419248,342.56908,425.39968,129.58912,603.60284,524.97176,50.350024,718.22376,645.79548,47.555756,0,0,0,0,0.72,-1.4,0,0
2025/07/29 18:09:00.146,n,21.225402,45.269024,188.43862,192.52032,3.141457,11.445636,11.681234,0.157495,145.08926,21.343136,-1.047104,-0.083443,22.388122,341.97104,425.1402,122.78246,446.0174,533.26496,80.691696,570.33704,648.5,71.938168,0,0,0,0,0.74,-1.27,0,0
2025/07/29 18:10:00.135,n,21.21896,45.277324,182.9549,185.8343,2.090903,11.517932,11.463838,0.101803,143.53198,21.51413,-1.059914,-0.083794,22.35798,340.6864,424.93252,121.04174,605.23076,688.43064,69.315224,742.2936,804.06864,63.069404,0,0,0,0,0.67,-1.46,0,0
2025/07/29 18:11:00.135,n,21.256314,45.67938,174.87778,178.38792,2.444381,10.845744,11.03981,0.154047,137.2309,20.417282,-1.070587,-0.083969,22.322288,339.55436,424.7082,115.827,575.55352,674.33352,83.417328,710.0436,788.26752,72.636768,0,0,0,0,0.72,-1.42,0,0
2025/07/29 18:12:00.137,n,21.25138,45.949888,165.30524,170.576,3.175099,10.06896,10.486836,0.251849,128.51424,19.13514,-1.070587,-0.084671,22.296716,339.40476,424.49628,108.39318,770.93048,673.7056,81.299448,873.77064,781.83792,71.462928,0,0,0,0,0.73,-1.42,0,0
2025/07/29 18:13:00.138,n,21.17506,46.250712,146.48148,155.76442,5.533421,7.73861,8.898146,0.728949,104.31042,13.801376,-1.073082,-0.088173,22.259292,338.97016,423.96648,89.524136,699.9656,619.44964,84.820992,795.27552,738.88584,73.178208,0,0,0,0,0.74,-1.4,0,0
2025/07/29 18:14:00.140,n,21.210804,46.134212,154.02104,152.2157,3.044975,9.150664,8.85687,0.440046,115.79444,16.953258,-1.072731,-0.086769,22.222948,338.78804,423.87868,97.855216,564.32844,620.2492,82.433912,695.03088,739.30032,72.603376,0,0,0,0,0.71,-1.41,0,0
2025/07/29 18:15:00.141,n,21.14093,46.538556,145.75662,150.55226,2.943744,8.338502,8.798162,0.267297,107.84472,15.337212,-1.076111,-0.086243,22.197344,338.34604,423.7758,91.517632,566.99152,656.27376,89.510056,700.54208,766.85984,81.516872,0,0,0,0,0.74,-1.42,0,0
2025/07/29 18:16:00.146,n,21.15163,47.002952,132.40898,136.50336,3.131493,6.749557,7.149997,0.366305,87.781656,11.45472,-1.07061,-0.085007,22.19865,338.82936,423.89304,75.341328,702.1424,554.317,84.62136,795.98696,670.89936,71.954848,0,0,0,0,0.73,-1.41,0,0
2025/07/29 18:17:00.146,n,21.096406,46.97634,130.09578,129.37344,0.735272,7.775526,7.569409,0.157049,84.427248,11.17056,-1.07061,-0.086227,22.149506,338.54236,423.4976,72.272312,571.97828,560.28224,58.427948,689.7448,681.17664,46.660476,0,0,0,0,0.68,-1.41,0,0
2025/07/29 18:18:00.148,n,21.075314,47.509104,124.9684,129.54628,2.564176,7.386366,7.857818,0.268777,82.644968,10.842874,-1.067406,-0.089035,22.112114,338.60124,423.03,70.82372,639.0266,652.80836,58.079684,762.25944,769.31832,48.376648,0,0,0,0,0.74,-1.4,0,0
2025/07/29 18:19:00.136,n,20.976094,47.378048,119.87146,122.18922,1.498437,6.715717,7.010023,0.201662,74.65812,9.147858,-1.066872,-0.086403,22.05438,338.31044,422.92676,64.529792,543.5696,632.96696,71.716808,674.98264,743.73384,61.1171,0,0,0,0,0.73,-1.45,0,0
2025/07/29 18:20:00.137,n,20.966378,47.054416,120.56588,120.0509,1.577181,7.034121,6.880303,0.350084,79.245448,10.372796,-1.062248,-0.085526,22.010496,338.45444,422.74868,67.895928,453.79512,476.07984,26.254048,581.8044,599.27972,21.055878,0,0,0,0,0.74,-1.38,0,0
2025/07/29 18:21:00.140,n,20.914376,47.578732,126.14554,121.78364,4.131435,7.881661,7.263054,0.707417,91.389048,13.319486,-1.060997,-0.088676,21.96135,338.276,422.1822,77.09724,772.67064,658.0774,128.95776,886.79752,766.27248,127.4029,0,0,0,0,0.75,-1.42,0,0
2025/07/29 18:22:00.142,n,20.922482,47.671556,121.70954,123.65646,1.482186,7.527879,7.657599,0.119763,87.291112,12.651054,-1.059753,-0.083954,21.927098,338.18404,422.40204,73.664264,708.93136,631.77532,104.8909,824.49192,750.7048,92.360976,0,0,0,0,0.73,-1.41,0,0
2025/07/29 18:23:00.145,n,20.889962,47.663252,116.57606,118.76182,1.774824,6.892608,7.151536,0.186308,81.262432,11.68292,-1.057617,-0.088676,21.885398,338.12596,421.73976,68.610576,697.92648,579.53216,94.284808,793.49968,695.13256,78.822584,0,0,0,0,0.74,-1.38,0,0
2025/07/29 18:24:00.150,n,20.847676,48.578588,111.89028,113.97328,1.767767,6.326556,6.538826,0.227074,75.29028,10.359116,-1.056732,-0.087105,21.837204,337.92176,421.59856,63.96154,732.75216,634.6722,88.915416,848.54264,754.15128,80.564264,0,0,0,0,0.73,-1.41,0,0
2025/07/29 18:25:00.147,n,20.862324,48.18664,112.44612,111.80374,0.37081,6.574204,6.420898,0.091326,79.19348,11.668618,-1.055664,-0.083778,21.795476,337.77132,421.6512,66.55298,742.7356,645.75652,91.704416,854.05784,760.10912,82.718496,0,0,0,0,0.7,-1.41,0,0
2025/07/29 18:26:00.149,n,20.784248,48.512524,113.97352,113.23318,0.685793,7.067961,6.809802,0.199334,86.02736,13.091908,-1.056015,-0.089386,21.761222,337.54172,420.95396,71.968824,720.07296,626.5406,106.08558,836.63104,741.09256,98.311496,0,0,0,0,0.71,-1.41,0,0
2025/07/29 18:27:00.156,n,20.79079,48.519116,96.701528,103.37664,6.320169,3.642423,4.831696,1.226161,47.14844,3.899902,-1.056732,-0.091133,21.721616,337.24932,420.5684,42.28294,528.927,622.23168,84.475736,684.3112,747.63936,69.522304,0,0,0,0,0.69,-1.46,0,0
2025/07/29 18:28:00.137,n,20.818898,48.825312,102.09238,102.15024,2.288559,4.629937,4.725305,0.407285,62.898848,7.908619,-1.053528,-0.087967,21.719138,337.51216,420.8352,54.024668,747.56032,640.7146,102.9495,869.86152,840.53936,151.5886,0,0,0,0,0.72,-1.39,0,0
2025/07/29 18:29:00.139,n,20.76841,49.186004,111.50806,106.23322,4.29571,7.952418,6.762888,1.011916,86.350008,14.501518,-1.053177,-0.081665,21.67731,337.29924,421.15164,70.876976,490.60028,539.4162,43.48678,621.1582,669.872,35.434448,0,0,0,0,0.72,-1.38,0,0
2025/07/29 18:30:07.048,n,20.695262,49.045136,108.24462,110.03268,1.332878,7.103339,7.516598,0.298116,79.115816,11.968324,-1.052994,-0.083588,21.64309,337.11628,420.78208,66.178084,429.16084,463.97536,22.883946,545.34328,583.01292,22.99402,0,0,0,0,0.74,-1.41,0,0
2025/07/29 18:31:00.143,n,20.705028,48.61218,93.00256,98.218288,5.02315,3.642423,4.654805,1.110519,37.540924,2.186234,-1.050858,-0.082535,21.602378,337.0646,420.63908,34.386368,627.55144,575.48176,93.638536,745.33688,680.03904,99.868656,0,0,0,0,0.76,-1.42,0,0
2025/07/29 18:32:00.149,n,20.6562,49.132976,91.478208,92.038616,0.414578,3.393237,3.417591,0.09913,34.928324,1.543297,-1.054947,-0.091995,21.543412,336.36852,419.4566,32.422078,466.75896,542.25396,81.633016,592.79492,661.4616,70.859368,0,0,0,0,0.73,-1.38,0,0
2025/07/29 18:33:00.135,n,20.56665,49.422872,89.7772,90.540904,0.568028,3.07637,3.15892,0.094043,33.198014,1.143482,-1.052277,-0.095505,21.489804,336.28836,418.83376,31.09776,588.92012,627.25188,95.414104,716.1284,741.84904,84.029752,0,0,0,0,0.74,-1.4,0,0
2025/07/29 18:34:00.135,n,20.486916,49.462616,87.625432,88.591424,0.682367,2.722588,2.905376,0.108271,31.81833,0.957565,-1.046768,-0.091827,21.433058,336.43568,418.83116,29.905824,581.98848,686.83416,67.167328,705.58248,796.9124,58.226284,0,0,0,0,0.73,-1.34,0,0
2025/07/29 18:35:00.138,n,20.433156,49.210856,85.230016,86.161984,0.685793,2.545697,2.628246,0.061961,30.346138,0.629257,-1.045342,-0.092873,21.359044,336.1302,418.30944,28.764412,844.54464,744.2116,99.3924,956.3496,852.44424,96.802896,0,0,0,0,0.74,-1.37,0,0
2025/07/29 18:36:00.136,n,20.345264,49.287028,82.973176,83.852864,0.727796,2.298049,2.380598,0.099226,28.808272,0.300327,-1.038048,-0.088669,21.301096,336.42548,418.34712,27.558566,659.99432,590.94976,57.566264,779.91456,716.67752,54.100832,0,0,0,0,0.71,-1.33,0,0
2025/07/29 18:37:00.136,n,20.392086,49.432156,80.229024,81.409984,0.870973,1.981183,2.122183,0.111494,27.792356,0.57143,-1.024544,-0.082703,21.27302,337.43108,418.71444,26.279086,748.20232,648.31988,79.766848,850.1792,760.95872,66.036736,0,0,0,0,0.77,-1.35,0,0
2025/07/29 18:38:00.136,n,20.344868,49.784696,78.320912,79.618624,0.959736,2.970236,2.958699,0.115102,26.31845,0.442719,-1.025436,-0.081299,21.20544,336.96288,418.44812,24.931594,767.91584,676.19656,77.487096,871.72744,797.42648,65.883988,0,0,0,0,0.73,-1.38,0,0
2025/07/29 18:39:00.136,n,20.201458,49.47024,75.85392,76.838432,0.743198,2.581075,2.681569,0.098616,24.32088,0.200218,-1.026863,-0.081474,21.144232,336.48552,418.0786,23.175274,591.70196,601.9626,76.706264,718.7192,722.01808,67.269984,0,0,0,0,0.71,-1.35,0,0
2025/07/29 18:40:00.135,n,20.248676,49.629132,74.740728,74.971944,0.317461,2.368805,2.404184,0.063282,23.432882,-0.128712,-1.029701,-0.085327,21.077632,335.85516,417.35156,22.61722,660.07208,600.12236,95.789608,782.52488,715.55704,86.410352,0,0,0,0,0.73,-1.38,0,0
2025/07/29 18:41:00.135,n,20.10854,50.148368,74.009768,74.23032,0.142522,2.050401,2.168585,0.108919,22.714488,-0.157314,-1.03006,-0.090408,21.016392,335.47042,416.54656,21.932152,598.27276,576.3228,85.748032,707.93208,694.6968,75.759816,0,0,0,0,0.75,-1.38,0,0
2025/07/29 18:42:00.135,n,20.05473,50.617312,73.731096,73.946064,0.131101,1.944266,1.979901,0.044752,22.361574,-0.157314,-1.028282,-0.089882,20.954106,335.26478,416.23388,21.580488,694.58136,668.35412,95.886648,798.56536,786.11648,81.419592,0,0,0,0,0.73,-1.37,0,0
2025/07/29 18:43:00.138,n,19.960396,50.863064,73.105208,73.615864,0.297778,1.662778,1.785577,0.085811,22.100028,-0.21452,-1.024544,-0.090233,20.888524,335.2099,415.82448,21.380238,529.66584,644.5648,116.47102,671.88472,770.444,101.07078,0,0,0,0,0.74,-1.39,0,0
2025/07/29 18:44:00.136,n,19.921174,51.12466,72.200648,72.705712,0.362823,1.450509,1.526905,0.08498,22.034928,0.21452,-1.016922,-0.08654,20.86744,335.7476,416.03084,20.890026,763.59944,652.5304,101.46922,865.69624,765.56024,90.005552,0,0,0,0,0.7,-1.36,0,0
2025/07/29 18:45:00.137,n,19.919564,50.90054,72.063584,72.626776,0.559017,2.545697,2.546209,0.070767,21.407334,0.014301,-1.015327,-0.080933,20.801826,335.50744,416.15072,20.458638,778.38096,691.47928,90.671112,895.8572,808.8952,84.023208,0,0,0,0,0.74,-1.39,0,0
2025/07/29 18:46:00.135,n,19.843148,51.804108,70.184408,70.886696,0.523659,2.158074,2.31138,0.091343,20.622696,-0.185295,-1.019951,-0.089165,20.729784,334.69274,415.00488,19.877204,464.23296,520.44096,42.262572,589.28792,646.32484,39.671148,0,0,0,0,0.74,-1.37,0,0
2025/07/29 18:47:00.135,n,19.838314,51.643268,69.314872,69.692024,0.261456,2.122696,2.134232,0.05272,20.45252,-0.042904,-1.014259,-0.088463,20.669494,334.8381,414.7202,19.569628,692.2364,581.45332,105.6602,799.21224,700.2432,97.134448,0,0,0,0,0.73,-1.36,0,0
2025/07/29 18:48:00.134,n,19.76844,52.073152,68.862584,68.961064,0.110043,1.83967,1.880944,0.09066,20.269782,-0.142391,-1.015862,-0.093193,20.60493,334.32812,413.92876,19.489504,479.69096,472.90896,27.62698,593.70052,598.2904,24.461194,0,0,0,0,0.74,-1.38,0,0
2025/07/29 18:49:00.135,n,19.65467,52.67808,68.618936,68.746336,0.134048,1.592022,1.698157,0.074206,20.269782,-0.042904,-1.010345,-0.091797,20.541444,334.44046,413.68792,19.394136,500.40384,557.21284,46.601236,629.4798,676.99888,43.832636,0,0,0,0,0.73,-1.37,0,0
2025/07/29 18:50:00.136,n,19.66338,52.602528,67.817928,68.148888,0.217407,1.308996,1.444612,0.112805,20.584434,0.371834,-1.002914,-0.088631,20.520232,334.96146,413.84728,19.298316,465.44728,516.63116,37.002024,590.0208,637.12628,33.31216,0,0,0,0,0.74,-1.38,0,0
2025/07/29 18:51:00.135,n,19.56094,52.655212,68.4834,68.66944,0.135497,2.334965,2.434691,0.092756,20.074478,0.228821,-0.997398,-0.089684,20.462066,335.10462,413.41976,18.937942,779.28016,644.90352,128.78392,889.27048,749.78848,124.8299,0,0,0,0,0.72,-1.38,0,0
2025/07/29 18:52:00.136,n,19.598388,52.658536,67.543816,67.897872,0.263688,2.156536,2.227549,0.059199,20.100746,0.257423,-0.992065,-0.09021,20.394174,335.17626,412.98332,18.941468,633.42812,671.78072,56.693472,757.55664,792.02048,48.421584,0,0,0,0,0.74,-1.37,0,0
2025/07/29 18:53:00.141,n,19.469876,53.530312,66.847876,67.1202,0.213783,1.944266,1.99195,0.06931,19.878032,0.143013,-0.988342,-0.093719,20.33386,335.1525,412.3258,18.840396,644.53112,569.53956,71.723072,761.52152,685.41888,62.597524,0,0,0,0,0.74,-1.37,0,0
2025/07/29 18:54:00.139,n,19.390136,53.633776,66.325548,66.528596,0.1875,1.66124,1.803266,0.084114,19.734128,0.128712,-0.983368,-0.098976,20.273448,335.23652,411.51268,18.721024,557.71132,634.59932,106.82978,684.86576,758.60176,93.202736,0,0,0,0,0.75,-1.38,0,0
2025/07/29 18:55:00.135,n,19.333202,53.834116,65.454484,65.709556,0.237993,1.44897,1.508447,0.079453,19.550816,0.085808,-0.980698,-0.099319,20.20987,335.1034,411.11808,18.58363,732.0072,626.50764,135.92958,848.56736,734.69216,129.33406,0,0,0,0,0.73,-1.37,0,0
2025/07/29 18:56:00.135,n,19.274562,54.249012,64.201188,64.658804,0.340611,1.307458,1.366421,0.085693,18.935784,-0.185917,-0.981415,-0.10318,20.148416,334.68954,410.4234,18.243466,661.64296,619.81012,77.875224,782.87008,734.72144,70.961608,0,0,0,0,0.74,-1.37,0,0
2025/07/29 18:57:00.135,n,19.221324,54.429744,62.946372,63.416424,0.359035,1.061348,1.108262,0.103769,19.067128,0.257423,-0.964333,-0.094391,20.128312,336.05232,411.08908,17.939762,752.88856,566.86016,118.62936,845.64552,678.73128,103.42944,0,0,0,0,0.74,-1.37,0,0
2025/07/29 18:58:00.135,n,19.232704,55.1482,63.156524,63.574544,0.304908,2.158074,2.293691,0.081961,19.171632,0.429039,-0.961319,-0.095093,20.065716,335.95484,410.66856,17.876368,820.8648,720.90256,75.10992,929.36512,832.61896,67.516296,0,0,0,0,0.74,-1.37,0,0
2025/07/29 18:59:00.135,n,19.227822,54.160944,62.041812,62.534956,0.357946,2.016561,2.087317,0.111877,19.368076,0.615578,-0.953682,-0.091759,20.004166,336.26384,410.61304,17.890576,562.59428,581.743,51.914832,680.52528,706.55008,47.96874,0,0,0,0,0.73,-1.37,0,0
2025/07/29 19:00:07.333,n,19.167568,54.649228,61.309328,61.617448,0.278809,1.910426,1.934012,0.076422,19.40748,0.715065,-0.943741,-0.097198,19.943758,336.77864,409.78476,17.845872,510.41216,554.45008,50.839456,633.39832,673.23272,41.149728,0,0,0,0,0.74,-1.36,0,0
2025/07/29 19:01:00.136,n,19.113858,55.599372,60.646892,60.949172,0.221853,1.698157,1.792499,0.073079,19.537682,0.715065,-0.939835,-0.102631,19.88864,336.80196,408.98772,17.985412,715.85064,574.34724,73.305016,809.00968,686.46904,62.831916,0,0,0,0,0.74,-1.37,0,0
2025/07/29 19:02:00.139,n,19.024208,55.243416,60.368216,60.548168,0.15052,1.628938,1.663291,0.077234,19.694724,0.700764,-0.923523,-0.104736,19.840016,337.9356,408.52332,18.175172,586.93316,626.63664,83.334872,709.22592,746.13712,68.777904,0,0,0,0,0.73,-1.37,0,0
2025/07/29 19:03:00.141,n,19.070584,55.808256,59.914408,60.042836,0.116927,1.379752,1.433589,0.042962,20.440526,1.086277,-0.904366,-0.099648,19.822656,339.49376,408.87624,18.549532,742.01864,660.94548,105.06308,847.43392,761.2728,101.25092,0,0,0,0,0.73,-1.37,0,0
2025/07/29 19:04:00.135,n,19.039624,55.629588,60.436744,60.524052,0.115244,1.979644,2.032968,0.048664,20.75461,1.158405,-0.890717,-0.101051,19.772172,340.38668,408.46376,18.80654,776.06248,723.8704,75.9898,890.54616,840.30648,64.916872,0,0,0,0,0.73,-1.37,0,0
2025/07/29 19:05:00.135,n,18.982544,55.757424,60.12304,60.205016,0.08149,1.731997,1.879406,0.093377,21.317104,1.214989,-0.871941,-0.099998,19.719568,341.71104,408.2574,19.330174,744.88088,617.36348,101.75854,856.88352,730.47952,93.408512,0,0,0,0,0.73,-1.38,0,0
2025/07/29 19:06:00.135,n,18.967896,55.994972,59.775832,59.897156,0.076547,1.625862,1.70918,0.09218,21.618054,1.172085,-0.852814,-0.102104,19.670164,343.0842,407.78896,19.69526,561.45556,561.893,68.726264,685.56864,678.01248,62.717224,0,0,0,0,0.74,-1.36,0,0
2025/07/29 19:07:00.135,n,18.927174,55.736132,59.357052,59.629132,0.197642,1.450509,1.579973,0.106393,21.997238,1.172085,-0.833168,-0.10508,19.628232,344.54492,407.286,20.097064,546.31984,621.74092,93.096992,670.4392,736.64456,79.774056,0,0,0,0,0.74,-1.35,0,0
2025/07/29 19:08:00.135,n,18.93694,55.741016,58.589548,58.961368,0.276699,1.238239,1.402569,0.121784,22.141146,1.244213,-0.817543,-0.104736,19.583104,345.63972,407.05964,20.184126,544.51856,635.11664,59.037276,677.27416,751.78232,52.335456,0,0,0,0,0.74,-1.38,0,0
2025/07/29 19:09:00.136,n,18.948314,55.585304,56.74082,57.659596,0.625625,1.095188,1.201835,0.08068,21.487282,1.172085,-0.799263,-0.103683,19.544404,347.00092,406.93304,19.619618,561.0796,559.55292,52.155776,674.3328,675.47512,47.007448,0,0,0,0,0.75,-1.37,0,0
2025/07/29 19:10:00.141,n,18.951516,55.893188,54.15962,55.148188,0.775353,0.8137,0.94342,0.079633,20.519906,1.301418,-0.776215,-0.103485,19.537418,348.955,406.91092,18.545758,613.66064,637.9446,75.446336,731.76536,757.36224,63.979292,0,0,0,0,0.73,-1.36,0,0
2025/07/29 19:11:00.139,n,18.922168,55.934204,53.498708,54.062668,0.543067,1.945804,1.957597,0.036529,19.891738,1.172707,-0.753693,-0.102783,19.505146,350.71984,406.78984,18.068122,539.94212,614.78792,99.108024,673.33688,730.452,90.826488,0,0,0,0,0.74,-1.37,0,0
2025/07/29 19:12:00.141,n,18.912404,55.827708,51.544912,52.306076,0.545579,1.698157,1.780706,0.079634,19.826638,1.473034,-0.730309,-0.097,19.470724,352.54704,407.1078,17.720294,588.71704,699.50192,64.673408,725.14992,805.43696,54.9163,0,0,0,0,0.73,-1.37,0,0
2025/07/29 19:13:00.135,n,18.891262,56.941676,49.866748,50.636288,0.559366,1.592022,1.592022,0.07076,19.001456,1.330021,-0.723228,-0.104889,19.438484,352.97624,406.22392,17.053094,779.8992,691.88376,99.575344,896.64408,807.38352,91.03928,0,0,0,0,0.74,-1.38,0,0
2025/07/29 19:14:00.136,n,18.733058,57.204516,47.446964,48.49112,0.795986,1.344374,1.356167,0.03654,17.309404,0.600655,-0.718269,-0.104889,19.409378,353.24004,406.05872,16.09537,690.89232,725.45696,29.659736,810.91456,834.9396,21.333072,0,0,0,0,0.74,-1.37,0,0
2025/07/29 19:15:00.136,n,18.742824,56.441628,44.628196,45.747228,0.816935,1.061348,1.09083,0.09066,16.0565,0.529148,-0.723228,-0.10244,19.37822,352.63396,406.09912,14.906564,817.26976,691.9772,87.656432,923.3008,804.676,80.63312,0,0,0,0,0.74,-1.36,0,0
2025/07/29 19:16:00.135,n,18.693946,57.408424,42.190136,43.078456,0.722409,0.884456,0.984695,0.108275,14.711082,0.185917,-0.733322,-0.113136,19.340564,351.5472,404.93556,13.904978,569.989,667.80932,97.695952,694.31248,787.64552,84.531656,0,0,0,0,0.74,-1.36,0,0
2025/07/29 19:17:00.135,n,18.627002,57.302416,40.274412,41.134052,0.629049,0.672187,0.760633,0.053654,13.535268,-0.171616,-0.731903,-0.10331,19.307216,351.48068,405.619,13.07829,644.22044,692.2092,86.119392,769.40136,803.20848,78.3106,0,0,0,0,0.73,-1.37,0,0
2025/07/29 19:18:00.137,n,18.57368,59.172108,38.672388,39.340152,0.535644,0.459917,0.501192,0.087854,12.752346,-0.171616,-0.70623,-0.106285,19.308816,353.71052,405.36376,12.324016,716.59696,679.95768,72.165776,827.59912,787.39864,66.10106,0,0,0,0,0.74,-1.37,0,0
2025/07/29 19:19:00.140,n,18.6063,58.487244,38.1196,38.740156,0.500195,1.308996,1.427692,0.073377,12.85685,0.400436,-0.68782,-0.098389,19.276516,355.11992,405.88192,11.866982,533.22888,617.69136,62.42916,659.20848,736.05736,52.854992,0,0,0,0,0.75,-1.37,0,0
2025/07/29 19:20:00.143,n,18.490428,58.101744,36.794736,37.34042,0.433914,1.273617,1.262081,0.065763,12.151018,0.157314,-0.65139,-0.099091,19.244212,358.088,405.63628,11.441404,564.2904,592.06544,36.307712,683.43112,704.59448,28.239156,0,0,0,0,0.76,-1.37,0,0
2025/07/29 19:21:00.143,n,18.524708,58.60316,36.062248,36.376204,0.235725,1.308996,1.368472,0.079866,15.940574,2.2024,-0.63443,-0.098915,19.20979,359.36004,405.45676,13.20266,903.63168,840.29904,83.725144,1018.8814,940.89768,99.20232,0,0,0,0,0.74,-1.37,0,0
2025/07/29 19:22:00.135,n,18.482228,58.408876,35.051088,35.504896,0.304106,1.202861,1.315661,0.093674,17.415622,2.774452,-0.618889,-0.091026,19.181796,360.54584,405.99876,14.113308,608.81972,574.3852,42.134904,719.65824,700.28656,41.874812,0,0,0,0,0.74,-1.38,0,0
2025/07/29 19:23:00.135,n,18.385936,58.555796,34.56378,34.77292,0.15625,1.096726,1.221319,0.097061,16.893672,2.559933,-0.611649,-0.093483,19.15266,361.00704,405.61548,13.815576,705.7284,703.50416,81.314512,830.5464,818.98248,70.27268,0,0,0,0,0.73,-1.38,0,0
2025/07/29 19:24:00.135,n,18.399024,59.865324,34.074952,34.215304,0.151167,1.096726,1.062117,0.077091,16.110178,2.33049,-0.610413,-0.093658,19.126822,360.96776,405.45372,13.262934,521.99548,532.07668,42.534984,647.68312,650.58936,37.260572,0,0,0,0,0.73,-1.38,0,0
2025/07/29 19:25:00.142,n,18.340188,59.1037,33.8313,33.825716,0.083268,0.849078,0.914195,0.108895,14.69966,1.587444,-0.619247,-0.098389,19.100978,360.05712,404.88724,12.591356,760.058,647.45988,84.071696,867.28904,749.6448,80.819248,0,0,0,0,0.73,-1.37,0,0
2025/07/29 19:26:00.138,n,18.332032,59.595396,33.55262,33.622408,0.078437,0.636809,0.7432,0.059569,13.10526,0.629879,-0.637787,-0.101898,19.075106,358.30688,404.42904,11.939492,816.06728,655.19964,100.46692,914.34424,768.97552,87.24448,0,0,0,0,0.74,-1.37,0,0
2025/07/29 19:27:00.139,n,18.26836,59.805164,33.34399,33.395768,0.102698,0.60143,0.560412,0.034841,12.307488,0.171616,-0.649811,-0.100319,19.046068,357.10256,404.40512,11.586382,658.29188,786.4856,81.064792,799.32664,909.11392,67.19524,0,0,0,0,0.74,-1.37,0,0
2025/07/29 19:28:00.141,n,18.32388,59.217712,33.238914,33.152114,0.066291,0.461456,0.442997,0.02022,13.170932,0.800873,-0.662003,-0.103821,19.023394,355.9196,403.9658,11.811878,742.81632,658.64068,93.611696,855.12648,779.9856,84.679984,0,0,0,0,0.72,-1.37,0,0
2025/07/29 19:29:00.144,n,18.317952,59.801064,33.308964,33.15744,0.102221,0.389161,0.348143,0.034841,14.309054,1.75906,-0.659889,-0.100662,19.03129,356.147,404.29088,11.990768,630.5526,603.77852,87.166792,743.61328,725.4996,75.890384,0,0,0,0,0.73,-1.38,0,0
2025/07/29 19:30:07.103,n,18.250912,59.218396,34.044496,34.137896,0.080889,1.487425,1.5569,0.058829,14.5055,1.887772,-0.644867,-0.092949,19.006494,357.30632,404.83576,12.06581,780.10928,597.64228,113.85122,889.89384,710.81888,111.059,0,0,0,0,0.73,-1.38,0,0
2025/07/29 19:31:00.135,n,18.293438,60.317716,32.998306,33.405158,0.291481,1.344374,1.444869,0.061147,14.100046,1.716156,-0.642036,-0.102234,18.978498,357.39272,403.85272,11.844088,540.7572,536.5086,18.779644,652.50176,654.13496,19.709136,0,0,0,0,0.73,-1.37,0,0
2025/07/29 19:32:00.135,n,18.195442,59.870984,31.987144,32.44019,0.342754,1.38129,1.404363,0.03574,13.394218,1.515938,-0.626137,-0.095398,18.953704,358.62804,404.31972,11.34754,599.01844,601.90204,56.66348,722.56328,724.70656,49.977492,0,0,0,0,0.73,-1.38,0,0
2025/07/29 19:33:00.136,n,18.174202,61.027476,30.974458,31.41126,0.294978,1.096726,1.221063,0.066681,12.478806,1.158405,-0.635857,-0.103813,18.926724,357.63476,403.41988,10.788358,572.04188,652.36572,77.259952,699.71856,766.60544,61.554044,0,0,0,0,0.74,-1.37,0,0
2025/07/29 19:34:00.138,n,18.175812,60.796324,30.592228,30.830042,0.170018,1.132104,1.061348,0.059199,12.139026,0.915905,-0.644333,-0.097153,18.896548,356.731,403.84084,10.675942,784.17616,774.57424,90.20532,908.32552,882.14456,89.311816,0,0,0,0,0.72,-1.39,0,0
2025/07/29 19:35:00.142,n,18.388164,58.72284,29.75467,30.202128,0.274751,0.778322,0.94342,0.099227,12.806026,1.487957,-0.675453,-0.082077,18.861998,353.8438,404.98464,10.724692,753.5604,715.61336,73.895872,868.53888,838.23928,59.374236,0,0,0,0,0.71,-1.37,0,0
2025/07/29 19:36:00.142,n,18.348958,59.52128,28.98716,29.4001,0.277052,0.742943,0.849335,0.066966,12.596446,1.54454,-0.716507,-0.085052,18.836128,350.14632,404.57424,10.42045,708.63416,704.0388,96.18004,841.37384,828.50536,87.484856,0,0,0,0,0.73,-1.37,0,0
2025/07/29 19:37:00.152,n,18.18885,60.693788,27.590722,28.236658,0.459811,0.709103,0.814213,0.062774,11.550264,1.144104,-0.747871,-0.085052,18.804874,347.25676,404.39784,9.74334,623.01988,728.72128,79.689712,757.11944,847.3356,67.729608,0,0,0,0,0.75,-1.39,0,0
2025/07/29 19:38:00.149,n,18.172542,60.126112,25.950626,26.67169,0.527931,0.636809,0.6727,0.063119,10.71309,1.216232,-0.779434,-0.085579,18.773586,344.34984,404.17452,8.803002,684.67808,785.95168,105.5699,831.92904,907.958,94.303768,0,0,0,0,0.72,-1.36,0,0
2025/07/29 19:39:00.150,n,18.154572,60.573232,24.589212,25.211546,0.491977,0.459917,0.542979,0.094089,9.718302,1.029694,-0.803917,-0.087158,18.740116,342.04308,403.84544,7.97185,929.58584,799.27056,122.57916,1054.494,919.82024,121.54506,0,0,0,0,0.74,-1.38,0,0
2025/07/29 19:40:00.136,n,18.154572,60.010732,23.017646,23.674752,0.484022,0.318404,0.412746,0.053264,9.155236,1.058296,-0.811028,-0.080673,18.705568,341.2332,404.22656,7.366586,848.556,803.17208,77.753776,968.93096,934.59664,67.161744,0,0,0,0,0.73,-1.36,0,0
2025/07/29 19:41:00.138,n,18.203594,60.111512,21.30598,22.109278,0.553443,0.247648,0.294819,0.079634,8.186148,0.687084,-0.812088,-0.075943,18.674314,340.96532,404.47044,6.762919,610.51844,739.80608,95.640472,755.18096,871.30032,81.900552,0,0,0,0,0.68,-1.38,0,0
2025/07/29 19:42:00.139,n,18.247738,59.50824,19.69939,20.426544,0.542662,0.106135,0.218166,0.068662,7.49231,0.800873,-0.820259,-0.071907,18.646196,340.10008,404.67052,5.943085,558.69616,573.5822,24.857594,684.806,702.58616,19.938656,0,0,0,0,0.74,-1.35,0,0
2025/07/29 19:43:00.141,n,18.268322,59.3987,17.987724,18.73823,0.546964,-0.070757,0.023586,0.057772,6.351903,0.815174,-0.809639,-0.063492,18.653306,341.05864,405.45776,4.790581,780.58432,700.27976,71.035904,888.78888,813.03864,65.451128,0,0,0,0,0.74,-1.39,0,0
2025/07/29 19:44:00.145,n,18.379406,59.328632,17.358794,18.13341,0.534823,0.741405,0.872407,0.073625,5.434209,0.872379,-0.808395,-0.059288,18.619836,340.9778,405.64264,3.812722,585.49284,661.12292,58.706476,716.5328,783.5816,49.237688,0,0,0,0,0.7,-1.4,0,0
2025/07/29 19:45:00.145,n,18.328774,59.198408,16.064384,16.606768,0.471166,0.741405,0.783705,0.041975,4.569052,0.786572,-0.797386,-0.05439,18.594978,341.79004,405.93756,3.039485,881.0832,724.38016,109.49498,993.36144,842.3808,107.1751,0,0,0,0,0.74,-1.38,0,0
2025/07/29 19:46:00.148,n,18.371254,58.826628,14.737996,15.121496,0.363898,0.672187,0.677314,0.041498,4.030543,0.800873,-0.788513,-0.052986,18.573384,342.43612,405.94076,2.494143,853.81856,721.91648,106.50986,975.41024,847.74496,97.020104,0,0,0,0,0.74,-1.36,0,0
2025/07/29 19:47:00.149,n,18.30426,59.265156,13.442062,13.932416,0.4456,0.353783,0.48863,0.06811,3.466335,0.800873,-0.770416,-0.047386,18.555016,343.89812,406.33464,1.942432,584.21892,727.7004,102.14892,724.62608,858.8828,93.452128,0,0,0,0,0.74,-1.36,0,0
2025/07/29 19:48:00.153,n,18.245422,59.701436,12.289276,12.75501,0.327138,0.281488,0.394288,0.093208,2.574339,0.514847,-0.755699,-0.050354,18.528006,345.01924,405.919,1.354147,658.8654,735.98336,87.986648,809.66712,866.2908,81.402704,0,0,0,0,0.73,-1.35,0,0
2025/07/29 19:49:00.140,n,18.268322,59.699824,11.308572,11.723036,0.308925,0.247648,0.276873,0.064889,2.298517,0.629257,-0.742584,-0.050186,18.514012,346.07492,405.85512,0.976862,770.37568,682.28496,82.163864,894.21152,807.05936,72.205264,0,0,0,0,0.74,-1.41,0,0
2025/07/29 19:50:00.140,n,18.265004,59.69006,10.259338,10.743092,0.341255,0.035378,0.153049,0.076333,1.457917,0.471943,-0.737442,-0.054207,18.494504,346.41,405.38832,0.302739,799.09296,690.53912,98.314808,913.86192,814.54616,85.774992,0,0,0,0,0.73,-1.34,0,0
2025/07/29 19:51:00.135,n,18.305874,59.431272,9.10503,9.559342,0.359681,-0.106135,-0.0423,0.075511,1.260901,0.643559,-0.738503,-0.049133,18.488078,346.282,405.80264,-0.072027,691.03536,735.872,69.81332,826.05872,863.02424,57.099912,0,0,0,0,0.76,-1.37,0,0
2025/07/29 19:52:00.136,n,18.30426,59.449188,7.984223,8.48016,0.340171,-0.143051,-0.130489,0.065545,0.131344,0.299706,-0.743118,-0.056839,18.471832,345.79144,405.027,-0.854641,572.42792,634.01624,37.554628,716.27648,769.5124,31.390286,0,0,0,0,0.74,-1.34,0,0
2025/07/29 19:53:00.135,n,18.201332,59.851044,7.108593,7.564429,0.313641,-0.284564,-0.224575,0.083159,-0.722962,-0.014923,-0.734253,-0.048256,18.45996,346.49156,405.72248,-1.394036,592.22772,606.44008,70.73436,718.40592,739.20048,62.02862,0,0,0,0,0.74,-1.37,0,0
2025/07/29 19:54:00.137,n,18.183316,59.851044,6.444637,6.782706,0.301324,-0.318404,-0.325326,0.041454,-1.279746,-0.100731,-0.725395,-0.051582,18.444854,347.17284,405.34212,-1.852828,862.7092,730.87384,73.303136,982.0768,854.88064,72.232264,0,0,0,0,0.73,-1.34,0,0
2025/07/29 19:55:00.136,n,18.316018,59.64488,5.533982,5.901747,0.239355,-0.496834,-0.455046,0.027316,-1.042756,0.471321,-0.711029,-0.04351,18.469876,348.55632,406.19972,-2.181596,560.88448,702.674,119.16648,703.50016,838.1668,108.94128,0,0,0,0,0.75,-1.36,0,0
2025/07/29 19:56:00.136,n,18.333934,59.509772,5.954284,6.193369,0.216083,0.387623,0.459148,0.077514,-1.487612,0.357533,-0.700584,-0.048767,18.456892,349.38668,405.65976,-2.496962,557.6436,626.44036,59.027536,694.50488,751.53392,49.571668,0,0,0,0,0.73,-1.34,0,0
2025/07/29 19:57:00.138,n,18.379738,59.420268,5.393881,5.697432,0.202621,0.21227,0.335837,0.073142,-1.592687,0.271725,-0.68943,-0.042984,18.448248,350.30304,406.1248,-2.510858,836.87896,687.33592,99.512808,965.01416,814.83408,99.287712,0,0,0,0,0.76,-1.37,0,0
2025/07/29 19:58:00.135,n,18.34209,59.610652,4.973579,5.172055,0.149707,0.24611,0.252775,0.076109,-1.435645,0.428417,-0.678993,-0.04229,18.441788,351.16972,406.15028,-2.500766,865.73544,749.886,96.2946,1036.17,928.49784,120.52676,0,0,0,0,0.76,-1.36,0,0
2025/07/29 19:59:00.135,n,18.273536,59.9295,4.413175,4.605814,0.183673,0.106135,0.15792,0.073142,-1.736594,0.299706,-0.662544,-0.044739,18.435264,352.55588,405.89604,-2.654105,597.94488,682.09584,94.782648,734.77,825.65872,92.788464,0,0,0,0,0.75,-1.36,0,0
2025/07/29 20:00:07.063,n,18.258838,59.970072,3.957848,4.132974,0.212469,-0.072295,0.005127,0.072145,-1.998711,0.128712,-0.627548,-0.047714,18.427762,355.541,405.58956,-2.707256,680.86136,784.04616,85.593808,835.99952,918.66928,79.025944,0,0,0,0,0.73,-1.37,0,0
2025/07/29 20:01:00.135,n,18.296386,60.054596,3.50252,3.630946,0.122665,-0.072295,-0.065629,0.041236,-2.260827,0.042904,-0.598228,-0.047363,18.423424,358.05296,405.59636,-2.854597,644.25056,606.8302,56.413652,779.30368,742.35824,49.460592,0,0,0,0,0.75,-1.37,0,0
2025/07/29 20:02:00.138,n,18.183644,60.436236,2.977142,3.12308,0.164907,-0.178429,-0.160484,0.037548,-2.719389,-0.143013,-0.576881,-0.055603,18.418008,359.869,404.83404,-3.097654,690.11872,726.3752,65.674956,837.89792,856.01016,55.051792,0,0,0,0,0.74,-1.37,0,0
2025/07/29 20:03:00.139,n,18.289894,60.017192,2.661915,2.802016,0.099068,-0.353783,-0.266362,0.065862,-2.41844,-0.014923,-0.57,-0.048416,18.420162,360.47652,405.48452,-2.9251,698.82232,787.89144,87.00316,860.75,919.59368,76.155104,0,0,0,0,0.74,-1.35,0,0
2025/07/29 20:04:00.141,n,18.232716,60.408648,2.311663,2.416739,0.1401,-0.496834,-0.378394,0.06978,-2.758792,-0.286648,-0.576698,-0.055946,18.410442,359.84236,404.761,-2.992896,851.85896,805.12528,64.72982,980.98288,940.95536,54.547224,0,0,0,0,0.74,-1.36,0,0
2025/07/29 20:05:00.143,n,18.108448,60.940924,1.996436,2.031462,0.108521,-0.426077,-0.443254,0.036819,-3.244193,-0.544071,-0.582703,-0.063301,18.406134,359.29872,404.08364,-3.219523,890.22616,760.99288,96.838016,1016.5254,890.30232,86.918928,0,0,0,0,0.74,-1.35,0,0
2025/07/29 20:06:00.146,n,18.128864,60.961392,1.576134,1.77994,0.115776,-0.56759,-0.478888,0.066272,-3.320715,-0.46386,-0.582512,-0.06031,18.433732,359.47052,404.50456,-3.379057,819.12168,767.39312,81.584312,940.7632,907.87808,69.938544,0,0,0,0,0.74,-1.37,0,0
2025/07/29 20:07:00.135,n,18.114166,60.961392,2.278161,2.370546,0.114267,0.318404,0.188684,0.073077,-3.595966,-0.46386,-0.586571,-0.061714,18.423978,359.06448,404.32496,-3.656963,660.1178,760.08816,71.598888,816.65,910.38496,67.655744,0,0,0,0,0.74,-1.36,0,0
2025/07/29 20:08:00.135,n,18.024228,61.486584,1.891361,2.043644,0.11073,0.176891,0.147409,0.034784,-4.094502,-0.692059,-0.593628,-0.071526,18.41106,358.38144,403.38104,-3.924545,826.16464,694.76864,106.09642,950.4468,832.11776,91.508192,0,0,0,0,0.74,-1.35,0,0
2025/07/29 20:09:00.136,n,18.056892,61.603576,1.75126,1.850752,0.105208,0.106135,0.106135,0.067126,-4.435425,-0.933937,-0.588867,-0.069778,18.400198,358.73216,403.47508,-4.020576,863.70224,709.01816,97.404056,988.90536,847.47896,87.04252,0,0,0,0,0.74,-1.35,0,0
2025/07/29 20:10:00.136,n,17.962066,61.874768,1.541109,1.605322,0.081136,0.070757,0.047171,0.048336,-4.396022,-0.976841,-0.587448,-0.066795,18.381864,358.75188,403.63696,-3.939833,733.66712,754.69888,75.91212,890.7208,902.73808,61.96854,0,0,0,0,0.75,-1.37,0,0
2025/07/29 20:11:00.139,n,17.98824,62.069448,1.260907,1.348978,0.058112,0,-0.053324,0.048881,-4.579903,-1.119854,-0.596451,-0.072929,18.36559,357.88172,403.00084,-3.98357,758.75304,803.68216,52.651684,918.52008,948.30088,43.52126,0,0,0,0,0.74,-1.36,0,0
2025/07/29 20:12:00.140,n,17.904792,62.379116,1.190857,1.179182,0.07884,-0.072295,-0.106391,0.021892,-5.104707,-1.433239,-0.605461,-0.073105,18.348334,357.0052,402.8882,-4.203824,967.47472,803.47544,142.975,1110.899,943.79272,139.1201,0,0,0,0,0.73,-1.36,0,0
2025/07/29 20:13:00.142,n,17.823006,62.88756,0.87563,0.992381,0.132294,-0.178429,-0.129977,0.062191,-5.209211,-1.547649,-0.613403,-0.072929,18.326674,356.19648,402.78208,-4.202036,738.31504,877.50656,86.748488,911.7432,1031.5686,76.45652,0,0,0,0,0.73,-1.35,0,0
2025/07/29 20:14:00.146,n,17.730182,63.374816,0.735529,0.788067,0.057553,-0.247648,-0.224319,0.028386,-5.458764,-1.847355,-0.624176,-0.077835,18.30185,355.12524,402.20708,-4.15775,981.90152,881.24528,108.33974,1126.4854,1024.5948,101.74674,0,0,0,0,0.74,-1.37,0,0
2025/07/29 20:15:00.146,n,17.653572,63.775356,0.385277,0.601266,0.12217,-0.426077,-0.337375,0.069947,-5.760284,-1.989746,-0.641495,-0.08239,18.270504,353.45116,401.6266,-4.329643,735.6412,819.45376,87.79664,903.31448,972.08064,72.441704,0,0,0,0,0.74,-1.34,0,0
2025/07/29 20:16:00.135,n,17.638874,64.026384,0.315227,0.455328,0.140101,-0.459917,-0.425308,0.073626,-6.022401,-2.175041,-0.658646,-0.084328,18.242354,351.8094,401.2964,-4.421677,626.81996,711.83472,84.010416,798.79984,877.20768,75.1026,0,0,0,0,0.74,-1.37,0,0
2025/07/29 20:17:00.136,n,17.589996,64.086244,0.280202,0.332739,0.036735,-0.459917,-0.472736,0.057715,-6.206282,-2.132137,-0.673325,-0.077484,18.207714,350.34528,401.70984,-4.669986,783.87464,674.36848,94.908376,935.00448,825.21064,85.334056,0,0,0,0,0.74,-1.35,0,0
2025/07/29 20:18:00.138,n,17.526374,64.485856,0.07005,0.140101,0.066456,-0.60143,-0.587074,0.047076,-6.442701,-2.217945,-0.683945,-0.078362,18.181752,349.28108,401.48644,-4.830339,579.81848,603.2622,31.980464,748.99032,766.38888,28.77325,0,0,0,0,0.73,-1.35,0,0
2025/07/29 20:19:00.140,n,17.435016,64.8963,-0.035025,0.05203,0.065204,-0.689107,-0.671418,0.048842,-6.692254,-2.346035,-0.691551,-0.081169,18.142772,348.4044,401.01844,-4.956601,659.31312,600.02656,29.656364,803.60312,751.50752,26.455624,0,0,0,0,0.74,-1.35,0,0
2025/07/29 20:20:00.142,n,17.45948,64.986688,-0.035025,-0.076649,0.121955,-0.795242,-0.741918,0.04888,-6.534642,-2.346035,-0.702889,-0.081512,18.101674,347.19344,400.75768,-4.809983,902.69592,841.15504,76.128184,1049.7398,985.01928,62.854596,0,0,0,0,0.74,-1.35,0,0
2025/07/29 20:21:00.145,n,17.395688,65.344688,-0.280202,-0.181725,0.068217,-0.935217,-0.800369,0.084254,-6.580898,-2.110996,-0.698547,-0.074951,18.099422,347.55636,401.3278,-5.093498,719.16856,752.48904,70.636392,892.68024,922.98728,60.035824,0,0,0,0,0.74,-1.35,0,0
2025/07/29 20:22:00.148,n,17.368,65.563928,0.749235,0.840097,0.091079,0.387623,0.352244,0.022375,-6.462688,-1.925701,-0.697311,-0.07074,18.057248,347.427,401.46552,-5.163559,783.60208,803.89792,86.36608,976.31816,965.55832,87.96192,0,0,0,0,0.74,-1.36,0,0
2025/07/29 20:23:00.148,n,17.34515,65.750784,0.48883,0.631469,0.093847,0.210731,0.269952,0.057839,-6.724805,-2.068092,-0.693237,-0.0774,18.015012,347.54292,400.63748,-5.272549,796.10752,794.43328,77.729984,969.63752,963.3388,64.08822,0,0,0,0,0.74,-1.38,0,0
2025/07/29 20:24:00.152,n,17.400666,65.610648,0.48883,0.578931,0.094893,0.106135,0.170482,0.07527,-6.843014,-2.124676,-0.680847,-0.075645,17.976034,348.3966,400.5752,-5.32354,782.24128,838.40104,55.51396,974.79816,1011.3116,42.629804,0,0,0,0,0.74,-1.36,0,0
2025/07/29 20:25:00.137,n,17.351642,65.876372,0.278679,0.471317,0.137894,0,0.088189,0.073142,-6.541495,-1.982285,-0.671288,-0.074951,17.939178,349.01732,400.43064,-5.155546,710.0684,774.66256,58.965668,894.52664,945.63584,44.210856,0,0,0,0,0.74,-1.36,0,0
2025/07/29 20:26:00.139,n,17.301106,66.123496,0.278679,0.407866,0.130102,0.03384,0.034609,0.038764,-6.370747,-1.82497,-0.664215,-0.08371,17.89691,349.39272,399.4164,-5.126282,732.11824,801.30416,62.882036,921.48856,975.71928,52.772152,0,0,0,0,0.73,-1.36,0,0
2025/07/29 20:27:00.140,n,17.284748,66.267196,0.278679,0.296699,0.098014,0,-0.029482,0.068662,-6.488957,-1.882797,-0.65007,-0.077927,17.865502,350.44076,399.75444,-5.178303,687.83112,784.58352,85.18568,881.63312,963.07224,71.363856,0,0,0,0,0.74,-1.37,0,0
2025/07/29 20:28:00.135,n,17.214534,66.565828,0.173603,0.261928,0.100539,-0.176891,-0.117928,0.08569,-6.305075,-1.925701,-0.648834,-0.080559,17.818894,350.28708,399.26008,-4.94765,898.17776,857.19048,54.451812,1081.2724,1032.1942,45.9565,0,0,0,0,0.73,-1.37,0,0
2025/07/29 20:29:00.135,n,17.22596,66.5336,0.105076,0.098984,0.059946,-0.316866,-0.253031,0.0901,-6.265672,-1.839893,-0.652893,-0.074593,17.787454,349.76036,399.61432,-5.00408,708.91704,718.95896,60.361412,889.22248,909.6536,54.045352,0,0,0,0,0.73,-1.36,0,0
2025/07/29 20:30:07.046,n,17.15638,66.969728,-0.173603,-0.051776,0.228151,-0.352244,-0.311483,0.102954,-6.200001,-1.654598,-0.658402,-0.071449,17.779236,349.238,399.84764,-5.132355,635.78816,709.0628,75.32696,829.3924,895.94064,64.376236,0,0,0,0,0.73,-1.36,0,0
2025/07/29 20:31:00.136,n,17.205304,66.906936,0.385277,0.448475,0.086776,0.27995,0.280462,0.022389,-6.1349,-1.626617,-0.661057,-0.065491,17.74887,348.8388,400.20728,-5.103848,707.68016,787.62912,104.86658,909.77176,964.26984,88.694984,0,0,0,0,0.71,-1.34,0,0
2025/07/29 20:32:00.136,n,17.293488,66.397116,0.313704,0.29746,0.105609,0.069218,0.169457,0.060936,-5.819674,-1.412098,-0.675034,-0.066544,17.71417,347.43604,399.92008,-5.016066,829.21824,796.87744,86.683616,996.30888,979.27368,70.531552,0,0,0,0,0.74,-1.36,0,0
2025/07/29 20:33:00.138,n,17.259212,66.59082,0.280202,0.279694,0.030649,0.104597,0.139719,0.089015,-5.308005,-0.856213,-0.679985,-0.056725,17.691404,346.8806,400.665,-5.075053,997.73288,1016.9268,37.909104,1178.2054,1187.2374,40.129792,0,0,0,0,0.74,-1.35,0,0
2025/07/29 20:34:00.135,n,17.355548,66.251852,0.105076,0.221572,0.075289,0.104597,0.104597,0.059199,-5.097854,-0.58511,-0.694504,-0.056557,17.674024,345.52764,400.58292,-5.150692,710.06248,866.28384,140.86198,912.50176,1059.1788,122.36626,0,0,0,0,0.75,-1.37,0,0
2025/07/29 20:35:00.136,n,17.29837,66.57788,0.036548,0.081979,0.064998,-0.106135,0.016664,0.069245,-5.531289,-0.898495,-0.705658,-0.064964,17.64803,344.41792,399.69136,-5.273488,639.1338,690.02688,35.039264,836.27424,876.46536,27.497272,0,0,0,0,0.73,-1.34,0,0
2025/07/29 20:36:00.135,n,17.293488,66.505272,-0.068528,-0.051776,0.06545,-0.036916,-0.106904,0.049603,-5.465046,-0.784706,-0.714516,-0.06163,17.632834,343.56692,399.90272,-5.333226,797.3032,686.7612,55.970972,953.29568,864.44968,44.817404,0,0,0,0,0.73,-1.36,0,0
2025/07/29 20:37:00.135,n,17.251056,66.7231,0.07005,0.081979,0.072154,-0.176891,-0.124593,0.048212,-5.636364,-0.813309,-0.721069,-0.062683,17.605732,342.84888,399.65808,-5.481442,986.2344,981.65168,22.746428,1184.1406,1158.4156,32.697094,0,0,0,0,0.76,-1.37,0,0
2025/07/29 20:38:00.135,n,17.33265,66.410056,-0.383754,-0.26142,0.120251,-0.249186,-0.230728,0.11292,-5.951018,-0.970001,-0.733826,-0.06514,17.582936,341.61836,399.31288,-5.649703,716.76856,817.41824,68.35532,909.10672,1004.2034,64.974608,0,0,0,0,0.73,-1.34,0,0
2025/07/29 20:39:00.135,n,17.303254,66.3939,-0.138578,-0.157106,0.082145,-0.283026,-0.347886,0.068662,-5.807111,-0.826988,-0.746231,-0.061989,17.563368,340.43604,399.48352,-5.664365,1013.943,854.32032,105.12992,1195.956,1038.4856,104.03462,0,0,0,0,0.74,-1.37,0,0
2025/07/29 20:40:00.136,n,17.27552,66.53438,-0.278679,-0.313958,0.069595,-0.424539,-0.430435,0.060936,-6.003556,-0.856213,-0.760246,-0.056381,17.541682,339.10292,399.8608,-5.851208,804.89208,790.86136,70.367608,989.3216,984.17776,66.461264,0,0,0,0,0.76,-1.37,0,0
2025/07/29 20:41:00.138,n,17.17591,66.853712,-0.383754,-0.377917,0.060328,-0.529136,-0.465557,0.093167,-6.213706,-0.9557,-0.774262,-0.059708,17.514582,337.7396,399.41444,-5.97256,917.94584,816.624,75.274496,1093.5586,997.7544,66.003784,0,0,0,0,0.73,-1.34,0,0
2025/07/29 20:42:00.139,n,17.171028,67.130912,-0.55888,-0.511926,0.120273,-0.60143,-0.566052,0.038755,-6.239403,-0.884815,-0.790947,-0.064613,17.495014,336.18724,398.8698,-6.080922,837.05912,934.72368,91.1422,1031.4188,1122.0866,75.978944,0,0,0,0,0.76,-1.37,0,0
2025/07/29 20:43:00.135,n,17.140022,67.36436,-0.592383,-0.464972,0.133554,-0.566052,-0.636296,0.066478,-6.488957,-0.970001,-0.801239,-0.064789,17.466838,335.13992,398.6972,-6.255406,913.9912,915.39992,93.815784,1109.9432,1102.9358,91.133416,0,0,0,0,0.72,-1.35,0,0
2025/07/29 20:44:00.135,n,17.15472,67.22588,-0.734006,-0.575885,0.093216,-0.741405,-0.671674,0.106904,-6.751645,-1.098713,-0.810295,-0.065842,17.438596,334.19944,398.4466,-6.397385,982.79152,878.09664,104.5519,1173.7866,1069.766,97.090168,0,0,0,0,0.73,-1.34,0,0
2025/07/29 20:45:00.135,n,17.200832,67.321296,-0.837559,-0.645936,0.133813,-0.84754,-0.683211,0.110344,-6.713383,-0.855591,-0.812363,-0.060051,17.45226,334.09662,399.03692,-6.610104,900.6792,879.22136,82.800968,1098.8002,1069.5424,74.963992,0,0,0,0,0.72,-1.37,0,0
2025/07/29 20:46:00.135,n,17.122414,67.543416,0.348729,0.401267,0.082141,0.176891,0.20022,0.036145,-6.437562,-0.613091,-0.816444,-0.059708,17.425388,333.59396,398.91784,-6.581208,1003.1662,963.2944,68.867264,1191.1626,1145.0162,65.483588,0,0,0,0,0.74,-1.34,0,0
2025/07/29 20:47:00.135,n,17.179592,67.461384,0.313704,0.436038,0.072559,0.035378,0.152793,0.082017,-6.555771,-0.684597,-0.823525,-0.062332,17.390854,332.78928,398.49256,-6.632366,793.50984,978.7244,127.0382,1009.377,1172.905,110.77184,0,0,0,0,0.71,-1.34,0,0
2025/07/29 20:48:00.135,n,17.0979,67.662464,0.523855,0.383501,0.126835,0.141513,0.082549,0.057772,-6.333058,-0.470699,-0.825821,-0.053925,17.36708,332.45862,399.1072,-6.634255,947.35504,818.48104,68.451808,1127.2472,1011.7846,60.677012,0,0,0,0,0.74,-1.35,0,0
2025/07/29 20:49:00.136,n,17.110988,67.652792,0.383754,0.284516,0.074848,0.035378,0.05922,0.061487,-6.608309,-0.62677,-0.82618,-0.053925,17.337992,332.26572,398.94536,-6.753793,954.22512,844.2448,75.046656,1133.798,1033.5832,66.501876,0,0,0,0,0.75,-1.38,0,0
2025/07/29 20:50:00.137,n,17.091358,67.6544,0.208628,0.196953,0.047854,-0.070757,-0.040762,0.041454,-6.254251,-0.442097,-0.839279,-0.059525,17.310992,330.98254,398.298,-6.591909,809.81792,913.68992,103.45822,1017.6602,1108.3266,86.389816,0,0,0,0,0.73,-1.32,0,0
2025/07/29 20:51:00.143,n,17.045654,67.959872,-0.035025,0.150761,0.10263,-0.139975,-0.117158,0.028135,-6.621443,-0.684597,-0.843704,-0.054977,17.281806,330.4375,398.5396,-6.725573,896.5704,853.52984,85.44472,1105.86,1050.1732,84.287608,0,0,0,0,0.74,-1.37,0,0
2025/07/29 20:52:00.135,n,17.047268,67.966272,0.243654,0.127157,0.081677,-0.210731,-0.164586,0.090672,-6.266814,-0.270481,-0.851677,-0.059525,17.25373,329.59182,397.97976,-6.788486,932.51472,763.11904,109.56824,1114.691,961.14816,95.917152,0,0,0,0,0.74,-1.33,0,0
2025/07/29 20:53:00.135,n,16.99009,68.281056,-0.035025,0.05203,0.090899,-0.210731,-0.228677,0.048434,-6.739652,-0.555885,-0.853981,-0.062683,17.226762,329.24286,397.5496,-6.975065,971.50736,929.39016,64.352936,1159.1108,1124.504,45.335416,0,0,0,0,0.76,-1.37,0,0
2025/07/29 20:54:00.135,n,16.893604,68.651616,0,-0.04137,0.089599,-0.387623,-0.328915,0.113231,-6.910399,-0.669674,-0.860184,-0.067589,17.195458,328.53248,396.94008,-7.03332,833.35752,834.53512,52.355516,1032.8224,1039.0596,45.013332,0,0,0,0,0.74,-1.35,0,0
2025/07/29 20:55:00.135,n,16.836476,68.874424,0.103553,-0.082233,0.149079,-0.387623,-0.37019,0.072993,-7.159952,-0.784084,-0.860359,-0.068466,17.170546,328.37884,396.72376,-7.167761,902.01816,899.19608,72.616112,1099.5864,1096.9568,58.188488,0,0,0,0,0.74,-1.35,0,0
2025/07/29 20:56:00.135,n,16.80371,69.063528,-0.071573,-0.15203,0.100458,-0.529136,-0.458379,0.070756,-7.238188,-0.912796,-0.866737,-0.07618,17.13057,327.60546,395.81708,-7.11595,1006.6172,930.76824,82.896328,1193.8442,1126.4548,66.534952,0,0,0,0,0.75,-1.35,0,0
2025/07/29 20:57:00.135,n,16.771046,69.225936,-0.315227,-0.291877,0.112226,-0.669111,-0.546568,0.103987,-7.291296,-1.040886,-0.864075,-0.06987,17.094992,327.63842,396.18004,-7.044615,971.52256,864.17696,76.602216,1166.0064,1068.7264,68.79172,0,0,0,0,0.76,-1.35,0,0
2025/07/29 20:58:00.136,n,16.715432,69.545664,-0.245176,-0.343907,0.164171,-0.564514,-0.611172,0.069049,-7.291296,-1.183277,-0.863724,-0.074951,17.054918,327.44662,395.50664,-6.896792,1016.8102,932.87472,86.304696,1212.9888,1142.8266,69.804728,0,0,0,0,0.74,-1.35,0,0
2025/07/29 20:59:00.138,n,16.717092,69.539216,-0.315227,-0.454566,0.157455,-0.775245,-0.67552,0.068296,-7.356397,-1.297688,-0.865143,-0.070923,17.018234,327.12042,395.66096,-6.85293,1004.2964,895.59872,87.373336,1190.3174,1098.7528,70.344864,0,0,0,0,0.73,-1.37,0,0
2025/07/29 21:00:07.043,n,16.739358,69.56116,-0.628931,-0.594667,0.18983,-0.846002,-0.764222,0.061959,-6.779055,-0.74118,-0.862137,-0.068649,17.014516,327.35998,395.84236,-6.831362,868.68464,860.34744,25.15949,1070.3116,1058.9958,18.684218,0,0,0,0,0.73,-1.37,0,0
2025/07/29 21:01:00.135,n,16.708302,69.837232,0.523855,0.348729,0.12531,0.283026,0.235599,0.072731,-6.831593,-0.755482,-0.864792,-0.070404,16.984258,326.96262,395.51884,-6.870499,835.01976,826.21848,78.176408,1041.1266,1032.1422,61.438588,0,0,0,0,0.73,-1.34,0,0
2025/07/29 21:02:00.135,n,16.623196,70.23968,0.278679,0.302283,0.075147,0.141513,0.188428,0.068994,-6.924105,-0.826988,-0.862671,-0.059357,16.945356,326.93058,396.28444,-6.900431,818.1892,852.76368,81.284072,1047.4106,1059.8378,68.232688,0,0,0,0,0.74,-1.34,0,0
2025/07/29 21:03:00.135,n,16.510304,70.475176,0.278679,0.290354,0.093108,0.106135,0.123824,0.043329,-7.173658,-1.012283,-0.861427,-0.056374,16.911772,326.85232,396.36356,-6.966429,901.30392,935.85616,101.08116,1115.7124,1143.6404,88.063616,0,0,0,0,0.73,-1.35,0,0
2025/07/29 21:04:00.135,n,16.52173,70.686456,0.07005,0.10406,0.069443,0.070757,0.053836,0.018535,-7.120549,-0.970001,-0.864265,-0.064964,16.873918,326.3974,395.3912,-6.949849,1021.3104,882.98368,91.408424,1208.0152,1085.2178,77.941,0,0,0,0,0.75,-1.34,0,0
2025/07/29 21:05:00.136,n,16.38755,71.257256,0.138578,0.13274,0.08114,-0.069218,0.000513,0.073625,-7.265599,-0.983681,-0.867104,-0.071098,16.83065,325.91254,394.60708,-7.077923,874.81032,967.93848,73.700744,1113.898,1180.2002,53.834936,0,0,0,0,0.73,-1.33,0,0
2025/07/29 21:06:00.141,n,16.341702,71.50628,0.103553,0.05736,0.107139,0,-0.063835,0.046409,-7.816672,-1.254784,-0.86232,-0.068123,16.797132,326.14086,394.68588,-7.356085,947.52368,918.01056,51.553856,1148.9424,1125.9976,42.967432,0,0,0,0,0.73,-1.35,0,0
2025/07/29 21:07:00.139,n,16.351468,71.301936,-0.280202,-0.000254,0.178237,-0.139975,-0.181762,0.084404,-7.86921,-1.254784,-0.86657,-0.07338,16.75491,325.54,393.98576,-7.407616,872.0676,894.89664,76.628328,1114.5576,1110.0172,70.29936,0,0,0,0,0.74,-1.35,0,0
2025/07/29 21:08:00.140,n,16.25,71.740848,0.07005,-0.017766,0.105508,-0.316866,-0.240213,0.052075,-7.606522,-1.21188,-0.865509,-0.070404,16.710536,325.3866,394.00484,-7.189747,1007.8534,920.99432,81.383656,1222.6406,1141.9224,73.69668,0,0,0,0,0.73,-1.35,0,0
2025/07/29 21:09:00.142,n,16.17622,72.194072,-0.420302,-0.239085,0.14059,-0.352244,-0.334555,0.0296,-7.685899,-1.240482,-0.869225,-0.074959,16.667204,324.82586,393.36104,-7.239682,850.09256,915.95768,71.929824,1095.129,1139.0758,56.355124,0,0,0,0,0.73,-1.34,0,0
2025/07/29 21:10:00.135,n,16.148388,72.414776,-0.245176,-0.22741,0.072117,-0.352244,-0.369934,0.058133,-7.567118,-1.21188,-0.868691,-0.078117,16.625014,324.63912,392.8476,-7.145811,893.30392,900.1916,67.598816,1134.1138,1128.4254,53.698232,0,0,0,0,0.74,-1.35,0,0
2025/07/29 21:11:00.135,n,16.136964,72.473856,-0.453805,-0.250506,0.145256,-0.492219,-0.458123,0.063117,-7.448909,-1.21188,-0.860718,-0.073029,16.58273,325.09556,393.06628,-7.024719,985.39872,1018.3124,82.652888,1233.1128,1245.4662,84.128472,0,0,0,0,0.75,-1.37,0,0
2025/07/29 21:12:00.135,n,16.112354,72.590504,-0.453805,-0.46015,0.083816,-0.598354,-0.569385,0.069088,-7.409506,-1.269085,-0.85434,-0.074608,16.5394,325.40832,392.68708,-6.920153,901.22584,933.14352,64.099924,1140.4244,1169.2416,48.002084,0,0,0,0,0.74,-1.36,0,0
2025/07/29 21:13:00.136,n,16.055032,72.853984,-0.48883,-0.390353,0.11567,-0.492219,-0.622196,0.073278,-7.462044,-1.283386,-0.844421,-0.077591,16.497182,326.03366,392.18948,-6.945488,905.92312,962.42904,94.098352,1158.1788,1185.9822,84.23776,0,0,0,0,0.73,-1.34,0,0
2025/07/29 21:14:00.137,n,16.095998,72.596904,-0.55888,-0.477916,0.102908,-0.704489,-0.710385,0.081957,-7.3307,-1.226181,-0.835564,-0.08004,16.457016,326.57844,391.75052,-6.860043,936.10672,888.012,60.351472,1169.4438,1121.3872,50.707,0,0,0,0,0.74,-1.35,0,0
2025/07/29 21:15:00.143,n,16.118298,72.785312,-0.48883,-0.512942,0.052333,-0.633732,-0.681416,0.053133,-6.819601,-0.727501,-0.824966,-0.068665,16.45271,327.47144,392.73708,-6.848402,962.10768,1004.8486,74.73152,1216.1798,1240.6472,66.861052,0,0,0,0,0.74,-1.35,0,0
2025/07/29 21:16:00.141,n,16.011806,73.032768,0.278679,0.342892,0.104881,0.210731,0.299177,0.073362,-7.278733,-0.970001,-0.827095,-0.080238,16.420174,327.1081,391.52996,-7.055588,746.25592,835.10776,101.90412,1000.5922,1088.9912,95.73244,0,0,0,0,0.74,-1.34,0,0
2025/07/29 21:17:00.143,n,15.980602,73.287952,0.138578,0.214974,0.074519,0.141513,0.169969,0.046643,-7.541992,-1.126694,-0.826035,-0.075676,16.376814,326.9611,391.6964,-7.165657,796.28568,797.0976,42.8993,1032.2876,1034.8448,31.295366,0,0,0,0,0.74,-1.34,0,0
2025/07/29 21:18:00.151,n,15.928162,73.514216,0.138578,0.208882,0.096449,0.141513,0.170226,0.034003,-7.515723,-1.140995,-0.834175,-0.08181,16.336652,326.03588,390.93068,-7.127093,795.84432,837.33864,71.127352,1041.6704,1080.7988,54.774992,0,0,0,0,0.74,-1.34,0,0
2025/07/29 21:19:00.135,n,15.878944,73.778616,0.103553,0.174111,0.090987,0.069218,0.063835,0.025954,-7.384379,-1.140995,-0.833649,-0.079712,16.298738,325.87292,390.90848,-6.99732,943.6744,874.21848,59.374236,1182.1728,1123.9658,43.161324,0,0,0,0,0.74,-1.35,0,0
2025/07/29 21:20:00.135,n,15.833046,73.901128,-0.140101,-0.011675,0.078839,-0.106135,0,0.116265,-7.397514,-1.169598,-0.839668,-0.085495,16.258574,325.13138,390.17408,-6.982089,818.93216,895.14912,83.417024,1077.3636,1138.728,65.871088,0,0,0,0,0.74,-1.35,0,0
2025/07/29 21:21:00.136,n,15.836316,73.885216,-0.07005,-0.105076,0.099066,-0.247648,-0.112031,0.112804,-7.278733,-1.155918,-0.843926,-0.08725,16.214138,324.51886,389.774,-6.87949,957.49368,888.08968,58.574736,1197.8022,1123.5896,53.191164,0,0,0,0,0.73,-1.36,0,0
2025/07/29 21:22:00.136,n,15.84784,73.823208,0,-0.0467,0.075663,-0.247648,-0.176891,0.04475,-7.161095,-1.084412,-0.846222,-0.088127,16.175054,324.1054,389.48128,-6.834778,973.55912,1017.976,46.20606,1239.1044,1262.0748,36.63878,0,0,0,0,0.73,-1.35,0,0
2025/07/29 21:23:00.140,n,15.81825,74.009328,-0.210151,-0.174872,0.0825,-0.316866,-0.28841,0.060642,-7.331842,-1.169598,-0.84729,-0.091988,16.133834,323.7866,388.912,-6.917547,931.52008,1013.3272,69.289248,1202.8866,1254.324,52.845056,0,0,0,0,0.74,-1.35,0,0
2025/07/29 21:24:00.140,n,15.757656,74.201712,-0.420302,-0.256851,0.098237,-0.389161,-0.383008,0.068161,-7.226767,-1.183899,-0.848,-0.08918,16.09147,323.49274,388.92888,-6.801687,984.61432,982.4852,69.92496,1252.4252,1230.964,63.849824,0,0,0,0,0.74,-1.34,0,0
2025/07/29 21:25:00.143,n,15.693592,74.4608,-0.245176,-0.355582,0.060037,-0.529136,-0.429666,0.060493,-7.488883,-1.412098,-0.84729,-0.090759,16.050232,323.32788,388.56236,-6.833316,1077.3126,983.28104,70.709264,1312.73,1231.5126,57.737336,0,0,0,0,0.74,-1.34,0,0
2025/07/29 21:26:00.145,n,15.6329,74.926808,-0.48883,-0.360912,0.173301,-0.566052,-0.436076,0.088974,-7.620227,-1.526508,-0.849411,-0.092514,16.00789,322.91224,388.17436,-6.850616,1100.3248,1013.897,80.863464,1344.0238,1262.0276,68.201168,0,0,0,0,0.73,-1.34,0,0
2025/07/29 21:27:00.148,n,15.570496,75.168856,-0.525378,-0.396445,0.090163,-0.529136,-0.506319,0.042599,-7.647067,-1.54081,-0.846222,-0.091988,15.96662,322.96176,387.99476,-6.860491,947.56256,1019.0756,65.78602,1228.225,1270.4016,51.166396,0,0,0,0,0.73,-1.35,0,0
2025/07/29 21:28:00.135,n,15.623914,75.090552,-0.55888,-0.495429,0.074352,-0.670649,-0.588612,0.048042,-7.095994,-1.126694,-0.841095,-0.090065,15.96411,323.39154,388.1518,-6.72033,1005.834,919.19072,63.231324,1237.9462,1160.8458,53.318852,0,0,0,0,0.74,-1.35,0,0
2025/07/29 21:29:00.136,n,15.52538,75.57424,0.560403,0.529946,0.081252,0.106135,0.241495,0.081672,-7.292439,-1.383495,-0.837555,-0.089882,15.91515,323.42956,387.89984,-6.656616,1009.073,989.61784,69.63548,1265.5952,1243.0262,67.929376,0,0,0,0,0.74,-1.35,0,0
2025/07/29 21:30:07.053,n,15.53529,75.582208,0.313704,0.343399,0.106732,-0.035378,0.076397,0.09044,-7.134826,-1.312611,-0.840744,-0.094444,15.868456,322.89794,387.23892,-6.568515,891.16336,935.93144,77.56932,1157.001,1191.4998,60.560716,0,0,0,0,0.74,-1.34,0,0
2025/07/29 21:31:00.139,n,15.510682,75.738016,0.280202,0.303298,0.118576,0,0.00564,0.068054,-7.017187,-1.354893,-0.836311,-0.091988,15.829274,323.0669,387.2426,-6.406618,893.06176,966.26608,115.5993,1179.5736,1222.7692,96.219544,0,0,0,0,0.74,-1.34,0,0
2025/07/29 21:32:00.145,n,15.3891,76.02864,0.313704,0.250506,0.100025,-0.070757,-0.05922,0.113103,-7.134826,-1.440701,-0.840385,-0.086548,15.785824,322.47668,387.48792,-6.447963,1177.5442,1051.2224,85.049984,1412.4404,1292.4806,76.648552,0,0,0,0,0.74,-1.35,0,0
2025/07/29 21:33:00.144,n,15.287782,76.51092,0.175126,0.116497,0.081546,-0.106135,-0.117928,0.042845,-7.529429,-1.811913,-0.833481,-0.085503,15.735856,322.80076,387.30752,-6.465494,1107.9706,927.77832,105.86596,1336.4462,1185.476,88.342512,0,0,0,0,0.74,-1.35,0,0
2025/07/29 21:34:00.145,n,15.330018,76.315896,0.07005,0.157613,0.057552,-0.176891,-0.147153,0.068214,-7.148531,-1.483604,-0.846588,-0.089012,15.694526,321.44082,386.76976,-6.422503,1188.4154,1132.3336,35.72674,1448.8296,1381.3868,41.605288,0,0,0,0,0.75,-1.33,0,0
2025/07/29 21:35:00.151,n,15.25834,76.823072,0,-0.080964,0.104859,-0.318404,-0.235855,0.08569,-7.148531,-1.397797,-0.835075,-0.077255,15.654272,322.21676,387.59392,-6.508555,931.10568,1015.6468,63.688304,1201.4896,1275.782,56.63038,0,0,0,0,0.75,-1.33,0,0
2025/07/29 21:36:00.149,n,15.330018,76.422096,0,-0.139593,0.088249,-0.283026,-0.317635,0.074508,-6.990348,-1.226803,-0.844284,-0.092163,15.611816,321.18832,386.03812,-6.515666,1072.3836,923.21,81.183128,1307.517,1175.647,70.430104,0,0,0,0,0.74,-1.35,0,0
2025/07/29 21:37:00.136,n,15.158486,77.19656,-0.105076,-0.180202,0.16154,-0.529136,-0.429666,0.051978,-7.253035,-1.469303,-0.834015,-0.087601,15.572672,321.86286,386.22948,-6.530146,1026.2634,1013.3798,56.010712,1299.0678,1266.7198,53.723364,0,0,0,0,0.75,-1.34,0,0
2025/07/29 21:38:00.136,n,15.137196,77.163352,-0.173603,-0.156598,0.147611,-0.493757,-0.476325,0.048434,-7.003482,-1.269707,-0.833305,-0.09024,15.52807,321.68094,385.75176,-6.47684,1175.6908,1044.8298,91.23924,1435.327,1298.6726,85.936016,0,0,0,0,0.74,-1.34,0,0
2025/07/29 21:39:00.140,n,15.037342,77.81184,-0.105076,-0.244161,0.098313,-0.599892,-0.523496,0.060431,-7.437488,-1.754707,-0.826752,-0.087784,15.48671,322.02212,385.7442,-6.421748,1095.3304,1011.3034,79.394584,1344.4374,1268.6418,65.618592,0,0,0,0,0.73,-1.34,0,0
2025/07/29 21:40:00.140,n,15.106046,77.330984,-0.698981,-0.395429,0.168218,-0.635271,-0.599892,0.04475,-7.108557,-1.455002,-0.835609,-0.09182,15.450726,321.0597,385.18956,-6.397345,933.15792,979.82784,63.52244,1216.331,1239.1014,48.352872,0,0,0,0,0.73,-1.35,0,0
2025/07/29 21:41:00.142,n,15.03262,78.014928,-0.48883,-0.418526,0.085422,-0.704489,-0.658087,0.068944,-6.938952,-1.055809,-0.829948,-0.076736,15.440264,321.49252,386.47224,-6.636355,1177.1288,1047.5832,76.44344,1453.202,1313.9406,77.543536,0,0,0,0,0.74,-1.34,0,0
2025/07/29 21:42:00.145,n,14.983498,78.236712,0.628931,0.436292,0.100906,0.316866,0.346348,0.041359,-7.175371,-1.270329,-0.832603,-0.074455,15.398922,321.03748,386.44948,-6.663191,1044.4668,971.33832,49.03978,1297.422,1246.155,39.023072,0,0,0,0,0.73,-1.37,0,0
2025/07/29 21:43:00.146,n,14.901612,78.502624,0.348729,0.383754,0.058609,0.24611,0.228421,0.029599,-7.267312,-1.483604,-0.830833,-0.084282,15.352072,320.9354,385.32156,-6.530258,1047.9188,1027.1632,30.01333,1296.8272,1280.1034,23.807562,0,0,0,0,0.74,-1.33,0,0
2025/07/29 21:44:00.149,n,14.886818,78.875872,0.208628,0.272841,0.051556,0.03384,0.116389,0.069567,-6.833877,-1.084412,-0.826225,-0.079369,15.315014,321.13212,385.556,-6.496322,963.39832,969.082,69.78252,1231.9566,1220.9276,57.327132,0,0,0,0,0.74,-1.34,0,0
2025/07/29 21:45:00.150,n,14.85083,78.694032,0,0.168527,0.113153,0.069218,0.110749,0.05665,-7.030893,-1.141617,-0.816307,-0.090599,15.27038,321.74726,384.3158,-6.614984,972.65712,937.8704,71.621224,1219.0874,1183.0018,55.831892,0,0,0,0,0.74,-1.33,0,0
2025/07/29 21:46:00.138,n,14.81968,79.15228,0.175126,0.232232,0.035684,0.03384,0.063578,0.047297,-6.912112,-1.098713,-0.832603,-0.089195,15.23111,320.12388,384.2268,-6.556808,1180.7792,1088.8944,81.963408,1415.9116,1321.5566,77.208808,0,0,0,0,0.73,-1.35,0,0
2025/07/29 21:47:00.139,n,14.72627,79.411128,0,0.098477,0.106449,0,0.005384,0.068402,-7.070296,-1.255405,-0.827118,-0.089722,15.195196,320.40304,383.98472,-6.552287,909.00232,962.7556,66.407828,1630.2568,1460.4408,157.6401,0,0,0,0,0.74,-1.35,0,0
2025/07/29 21:48:00.142,n,14.622952,79.904576,-0.035025,0.011675,0.042418,-0.070757,-0.123824,0.0296,-7.569403,-1.754707,-0.826759,-0.094635,15.147222,320.17328,383.28752,-6.54682,998.25672,954.97296,68.215104,1807.457,1727.1764,79.807264,0,0,0,0,0.74,-1.35,0,0
2025/07/29 21:49:00.143,n,14.608254,80.132952,-0.140101,-0.087563,0.100907,-0.141513,-0.265081,0.072993,-7.398656,-1.65522,-0.822151,-0.093758,15.104646,320.34064,383.1342,-6.471829,1028.536,1053.592,56.9728,1882.5952,1888.1774,45.426864,0,0,0,0,0.74,-1.33,0,0
2025/07/29 21:50:00.144,n,14.57378,80.091976,-0.315227,-0.274364,0.177791,-0.389161,-0.329684,0.048041,-7.543134,-1.76963,-0.82251,-0.096565,15.059982,320.06692,382.6422,-6.499448,1051.5864,1077.212,53.96388,1878.1768,1900.9288,39.739152,0,0,0,0,0.74,-1.34,0,0
2025/07/29 21:51:00.149,n,14.491798,80.833536,-0.525378,-0.338323,0.139415,-0.424539,-0.383008,0.103322,-7.543134,-1.797611,-0.817375,-0.093758,15.01633,320.27424,382.65468,-6.46914,1135.9042,1034.0164,88.001704,1946.3824,1854.0196,71.158976,0,0,0,0,0.74,-1.34,0,0
2025/07/29 21:52:00.149,n,14.518066,80.388368,-0.315227,-0.256851,0.084835,-0.495296,-0.447612,0.062368,-7.241043,-1.512829,-0.818611,-0.094978,14.974862,319.94226,382.3212,-6.451847,1123.5712,1132.1982,66.345308,1954.8022,1956.831,45.834484,0,0,0,0,0.74,-1.34,0,0
2025/07/29 21:53:00.151,n,14.547558,80.828848,-0.55888,-0.430962,0.116,-0.564514,-0.482734,0.091231,-6.715668,-1.241726,-0.821442,-0.093933,14.934502,319.47864,382.19524,-6.201451,1139.703,1100.2784,59.524784,1945.142,1919.9936,36.7913,0,0,0,0,0.74,-1.34,0,0
2025/07/29 21:54:00.137,n,14.452394,81.021176,-0.663956,-0.570809,0.112101,-0.706027,-0.618094,0.085556,-7.043456,-1.469925,-0.8172,-0.088844,14.891958,319.61492,382.41652,-6.301887,1204.3598,1140.7124,52.63554,2002.65,1952.1774,34.560092,0,0,0,0,0.73,-1.34,0,0
2025/07/29 21:55:00.135,n,14.560872,80.833768,-0.525378,-0.554058,0.094354,-0.706027,-0.682698,0.061546,-6.453551,-0.856213,-0.816299,-0.09288,14.892236,319.69428,382.05956,-6.320758,1221.4482,1138.6688,53.52756,2005.4458,1950.9964,34.33948,0,0,0,0,0.74,-1.35,0,0
2025/07/29 21:56:00.135,n,14.396908,81.273712,0.173603,0.21472,0.170367,0.210731,0.116902,0.088115,-6.716239,-1.127316,-0.816116,-0.089897,14.859714,319.53382,382.1482,-6.315142,1101.9764,1138.901,62.602716,1921.7644,1945.2456,37.099864,0,0,0,0,0.72,-1.34,0,0
2025/07/29 21:57:00.135,n,14.388654,81.832448,0.138578,0.209136,0.091338,0.210731,0.08742,0.080035,-6.57119,-1.084412,-0.81665,-0.084282,14.823884,319.29354,382.4528,-6.219147,1101.7212,1146.0146,50.242412,1926.054,1941.199,32.716968,0,0,0,0,0.74,-1.33,0,0
2025/07/29 21:58:00.135,n,14.360776,81.313016,0.033502,0.185532,0.100458,0.069218,-0.012818,0.079181,-6.768777,-1.256027,-0.815414,-0.091125,14.784814,319.18894,381.63348,-6.237038,1111.4794,1146.7994,63.073764,1925.886,1948.3386,40.059956,0,0,0,0,0.74,-1.34,0,0
2025/07/29 21:59:00.137,n,14.372296,81.673616,0.033502,-0.006599,0.127263,-0.247648,-0.182788,0.068662,-6.545492,-1.084412,-0.813644,-0.088142,14.745758,319.13062,381.687,-6.186582,1008.8362,1105.4492,74.660568,1841.529,1913.4168,52.8053,0,0,0,0,0.74,-1.34,0,0
2025/07/29 22:00:07.040,n,14.324642,81.632656,0.105076,0.040355,0.077559,-0.247648,-0.218166,0.041359,-6.939523,-1.413342,-0.818069,-0.088676,14.705614,318.5307,381.42244,-6.255575,1190.0698,1174.0078,115.99872,1989.4616,1941.7564,94.481744,0,0,0,0,0.73,-1.35,0,0
2025/07/29 22:01:00.135,n,14.236066,82.137432,-0.035025,-0.040863,0.026366,-0.283026,-0.229959,0.073362,-7.070867,-1.641541,-0.806206,-0.081833,14.668646,319.35688,381.83012,-6.1537,1267.4174,1197.1174,82.375968,2039.9378,1967.238,64.07496,0,0,0,0,0.73,-1.35,0,0
2025/07/29 22:02:00.137,n,14.316486,82.002224,-0.105076,-0.105076,0.073469,-0.389161,-0.34199,0.076426,-6.716239,-1.370438,-0.811165,-0.085861,14.632852,318.73438,381.27884,-6.071105,1226.3886,1154.0492,48.06766,2003.7058,1942.5162,37.507332,0,0,0,0,0.75,-1.34,0,0
2025/07/29 22:03:00.139,n,14.16053,82.322784,-0.105076,-0.117004,0.104925,-0.424539,-0.388904,0.049599,-7.057733,-1.726727,-0.809219,-0.087975,14.591568,318.67954,380.86804,-6.052251,1155.0648,1070.3298,63.621536,1918.6232,1863.333,41.665332,0,0,0,0,0.75,-1.33,0,0
2025/07/29 22:04:00.136,n,14.239338,82.192416,-0.348729,-0.273856,0.089241,-0.564514,-0.506319,0.069729,-6.57119,-1.227425,-0.818779,-0.089729,14.558998,317.67664,380.53624,-6.072815,1239.286,1146.5382,59.653164,1997.7366,1917.1522,47.467884,0,0,0,0,0.74,-1.34,0,0
2025/07/29 22:05:00.135,n,14.196664,82.553496,-0.453805,-0.361673,0.122441,-0.564514,-0.606301,0.068614,-6.427283,-1.113014,-0.816116,-0.083054,14.523108,317.71316,380.93532,-6.047331,1032.7094,1052.5024,59.029656,1823.0862,1833.0728,35.860844,0,0,0,0,0.74,-1.34,0,0
2025/07/29 22:06:00.135,n,14.170346,82.566048,-0.385277,-0.420302,0.108522,-0.636809,-0.61271,0.082414,-6.532357,-1.056431,-0.817535,-0.077271,14.49274,317.42652,381.285,-6.216192,1160.7548,1165.3904,60.481404,1942.0344,1925.836,40.16964,0,0,0,0,0.73,-1.33,0,0
2025/07/29 22:07:00.135,n,14.106332,82.482944,-0.453805,-0.577154,0.120518,-0.84754,-0.7714,0.064302,-6.978926,-1.484226,-0.81311,-0.08271,14.45359,317.59796,380.59056,-6.2251,1224.0028,1123.7622,89.240128,1948.5466,1882.264,60.853924,0,0,0,0,0.73,-1.33,0,0
2025/07/29 22:08:00.135,n,14.124794,82.758992,-0.734006,-0.646697,0.100432,-0.918297,-0.871382,0.103663,-6.282804,-0.728123,-0.813149,-0.069031,14.45584,317.60688,381.81764,-6.298799,1031.7206,1053.2108,74.424464,1796.3566,1819.936,52.003844,0,0,0,0,0.74,-1.34,0,0
2025/07/29 22:09:00.135,n,14.13461,82.920464,0.350252,0.396952,0.078839,0.24611,0.31097,0.052075,-6.256535,-0.670918,-0.813499,-0.071495,14.426516,317.41828,381.44056,-6.327622,1210.9736,1159.428,88.704,1932.0126,1905.7028,61.497968,0,0,0,0,0.74,-1.33,0,0
2025/07/29 22:10:00.135,n,14.068936,82.679008,0.420302,0.461165,0.034437,0.210731,0.240213,0.034784,-6.663701,-0.899117,-0.807304,-0.076927,14.386308,317.73742,380.7414,-6.494962,1327.291,1317.631,20.96664,2070.5982,2041.5602,27.856778,0,0,0,0,0.74,-1.34,0,0
2025/07/29 22:11:00.137,n,14.141202,82.911096,0.350252,0.309389,0.067977,0.141513,0.128951,0.053474,-5.967579,-0.314007,-0.81385,-0.071671,14.36236,317.04206,381.07912,-6.395752,1144.7682,1114.5536,64.276748,1897.5624,1880.5724,42.114132,0,0,0,0,0.74,-1.33,0,0
2025/07/29 22:12:00.138,n,14.080456,82.366664,0.141624,0.26878,0.090003,0.035378,0.117158,0.078952,-6.506089,-0.756104,-0.809959,-0.078331,14.333036,317.22058,380.32952,-6.481614,1221.6598,1233.0964,58.11368,1978.3118,1968.5372,54.266012,0,0,0,0,0.73,-1.33,0,0
2025/07/29 22:13:00.135,n,14.09193,83.147224,0.071573,0.094416,0.072254,-0.070757,0.011024,0.079364,-6.295939,-0.670918,-0.813683,-0.071312,14.303614,316.74,380.79436,-6.367392,1275.9722,1169.0946,80.128648,1998.3992,1908.2646,60.49132,0,0,0,0,0.73,-1.33,0,0
2025/07/29 22:14:00.135,n,14.011414,82.958112,-0.033502,-0.057106,0.068617,-0.106135,-0.082549,0.079634,-7.005195,-1.213123,-0.81279,-0.079384,14.268834,316.62982,379.89012,-6.525478,1044.0264,1116.6018,79.022152,1790.6928,1858.8434,67.802656,0,0,0,0,0.74,-1.34,0,0
2025/07/29 22:15:00.242,n,14.013074,83.2794,-0.033502,0.053553,0.114293,-0.283026,-0.159202,0.113542,-6.492955,-0.856213,-0.814735,-0.07605,14.240554,316.30926,380.03392,-6.375427,1213.0646,1166.744,68.656384,1928.534,1893.6596,51.679784,0,0,0,0,0.75,-1.34,0,0
2025/07/29 22:16:00.135,n,13.980214,83.296688,-0.138578,-0.091878,0.100704,-0.247648,-0.218166,0.026632,-6.571761,-0.913418,-0.814919,-0.080788,14.205772,316.10626,379.42604,-6.392474,1273.192,1168.1646,67.874888,1965.9804,1894.3532,44.249296,0,0,0,0,0.73,-1.35,0,0
2025/07/29 22:17:00.135,n,13.875038,83.93912,-0.278679,-0.185532,0.133713,-0.389161,-0.330197,0.036538,-6.926389,-1.227425,-0.807655,-0.077454,14.174204,316.56464,379.5522,-6.429166,1017.529,1052.1714,49.84476,1761.2846,1801.153,43.55686,0,0,0,0,0.74,-1.34,0,0
2025/07/29 22:18:00.135,n,13.94569,83.673832,-0.243654,-0.255329,0.057196,-0.529136,-0.42377,0.088772,-6.506089,-0.913418,-0.810135,-0.075005,14.148072,316.20962,379.6292,-6.327801,1111.5796,1056.4486,39.995,1844.3354,1800.0406,28.29841,0,0,0,0,0.74,-1.34,0,0
2025/07/29 22:19:00.138,n,13.827332,83.877936,-0.382232,-0.278425,0.090986,-0.495296,-0.47735,0.06203,-6.729373,-1.155918,-0.808365,-0.076752,14.113262,316.17548,379.28676,-6.305068,988.41024,1083.2852,83.745448,1769.4086,1828.9836,53.193984,0,0,0,0,0.73,-1.34,0,0
2025/07/29 22:20:00.138,n,13.753358,84.509816,-0.382232,-0.330455,0.111698,-0.529136,-0.535545,0.081917,-6.729373,-1.184521,-0.806061,-0.072014,14.086024,316.22852,379.56124,-6.278899,1158.7642,1101.4552,52.073024,1884.6366,1826.7284,40.943864,0,0,0,0,0.74,-1.33,0,0
2025/07/29 22:21:00.140,n,13.847726,84.087672,-0.453805,-0.59289,0.079203,-0.529136,-0.552978,0.029392,-6.270812,-0.613712,-0.799355,-0.073257,14.093126,316.84686,379.48904,-6.383197,1019.4908,1060.8202,62.792516,1753.3094,1792.7862,53.911036,0,0,0,0,0.74,-1.32,0,0
2025/07/29 22:22:00.135,n,13.824678,83.981032,0.383754,0.360404,0.052732,0.175353,0.204835,0.047023,-6.060662,-0.442719,-0.802895,-0.082199,14.06374,316.3827,378.53696,-6.338639,921.7424,945.89144,16.260382,1662.4534,1687.7872,16.492422,0,0,0,0,0.74,-1.33,0,0
2025/07/29 22:23:00.135,n,13.793428,84.308816,0.41878,0.459135,0.05968,0.175353,0.187402,0.047812,-6.231409,-0.656616,-0.79528,-0.063957,14.034322,316.88324,379.99892,-6.306116,1291.949,1143.2832,125.34394,1987.7126,1853.6226,108.30144,0,0,0,0,0.73,-1.35,0,0
2025/07/29 22:24:00.135,n,13.781952,84.2116,0.173603,0.273095,0.083879,0.069218,0.175353,0.08372,-5.850512,-0.371212,-0.803246,-0.074478,14.011466,316.07148,378.9418,-6.208067,1051.2908,1095.3624,46.179,1790.4124,1827.9828,30.5745,0,0,0,0,0.73,-1.32,0,0
2025/07/29 22:25:00.135,n,13.73591,84.351096,0.313704,0.343145,0.126985,0.139975,0.104597,0.038755,-6.047528,-0.557129,-0.804665,-0.073257,13.984246,315.80256,378.90408,-6.221806,1301.3254,1195.6024,79.163128,2005.098,1907.2812,71.39748,0,0,0,0,0.74,-1.34,0,0
2025/07/29 22:26:00.135,n,13.790158,84.169264,0.138578,0.144416,0.086977,-0.072295,-0.018715,0.076418,-6.047528,-0.542206,-0.804314,-0.073784,13.95263,315.6632,378.68764,-6.235852,1062.842,1094.2574,62.364252,1805.6584,1834.4302,47.59832,0,0,0,0,0.74,-1.33,0,0
2025/07/29 22:27:00.137,n,13.765546,84.274288,0.068528,0.161928,0.105464,-0.143051,-0.059733,0.058154,-6.060662,-0.542206,-0.796875,-0.06308,13.93305,316.20148,379.53304,-6.252251,1166.9758,1234.309,62.42916,1916.59,1939.964,56.419852,0,0,0,0,0.73,-1.32,0,0
2025/07/29 22:28:00.137,n,13.786884,83.943384,-0.07005,0.069035,0.103596,-0.21227,-0.153819,0.057273,-5.811108,-0.32893,-0.797936,-0.06115,13.90795,315.97516,379.56988,-6.218964,1077.6472,1180.2374,80.402112,1818.1634,1898.9798,59.194596,0,0,0,0,0.72,-1.33,0,0
2025/07/29 22:29:00.139,n,13.811592,83.9386,0.033502,0.045431,0.048228,-0.21227,-0.229959,0.037105,-5.325136,0.185295,-0.808563,-0.074478,13.897052,314.99738,378.32772,-6.244517,1213.2878,1076.2192,73.337576,1908.0222,1806.6502,53.250352,0,0,0,0,0.75,-1.34,0,0
2025/07/29 22:30:07.049,n,13.655294,84.597096,-0.175126,-0.035533,0.082501,-0.176891,-0.18894,0.028386,-5.837377,-0.414116,-0.795815,-0.068169,13.868774,315.94848,378.73636,-6.150907,1180.8894,1257.399,52.780676,1915.0818,1956.2032,43.94542,0,0,0,0,0.73,-1.34,0,0
2025/07/29 22:31:00.136,n,13.68327,84.608032,-0.036548,-0.12868,0.052193,-0.283026,-0.324301,0.041359,-5.614093,-0.21452,-0.80484,-0.067993,13.854586,315.09164,378.67584,-6.13642,1118.2722,1139.7574,65.488168,1852.1756,1862.7964,39.984996,0,0,0,0,0.75,-1.32,0,0
2025/07/29 22:32:00.135,n,13.719452,84.526592,-0.315227,-0.25076,0.11573,-0.424539,-0.400697,0.052926,-5.312573,0.284782,-0.807678,-0.062904,13.850204,314.82258,379.1042,-6.342129,1051.5482,1095.9668,71.415688,1794.1164,1813.7106,45.72964,0,0,0,0,0.74,-1.31,0,0
2025/07/29 22:33:00.137,n,13.737568,84.51092,-0.453805,-0.256598,0.140836,-0.458379,-0.412234,0.069153,-5.614093,0.01368,-0.79599,-0.054314,13.830592,315.72858,379.76208,-6.369448,1061.4808,1140.8696,59.705108,1807.0788,1857.4008,37.555296,0,0,0,0,0.73,-1.35,0,0
2025/07/29 22:34:00.135,n,13.77541,83.860184,-0.105076,-0.233501,0.107765,-0.424539,-0.483246,0.036742,-5.561555,0.042904,-0.78997,-0.060623,13.81968,316.19076,379.1432,-6.333806,1307.0842,1206.5642,93.203,1997.9274,1911.701,67.843944,0,0,0,0,0.73,-1.34,0,0
2025/07/29 22:35:00.137,n,13.82966,83.73928,-0.140101,-0.25076,0.097303,-0.353783,-0.470941,0.069259,-5.181229,0.484379,-0.803955,-0.066238,13.814256,314.95206,378.61556,-6.403325,1280.9832,1184.818,89.912176,1982.5564,1902.6258,65.54998,0,0,0,0,0.73,-1.35,0,0
2025/07/29 22:36:00.142,n,13.83786,83.715696,-0.280202,-0.367511,0.169446,-0.636809,-0.595278,0.068797,-5.587824,0.056583,-0.801483,-0.07431,13.801176,315.09574,377.82856,-6.37158,1314.0212,1152.7654,101.27932,2004.1276,1869.376,79.468232,0,0,0,0,0.72,-1.33,0,0
2025/07/29 22:37:00.140,n,13.878204,83.495576,-0.315227,-0.38477,0.10813,-0.60143,-0.61271,0.065322,-5.312573,0.371212,-0.796173,-0.059395,13.824518,315.6802,379.27832,-6.420563,1350.953,1288.1866,71.739808,2032.9568,1972.8198,53.6097,0,0,0,0,0.74,-1.34,0,0
2025/07/29 22:38:00.143,n,13.756528,84.10012,0.48883,0.460911,0.086877,0.283026,0.241751,0.068662,-5.548421,0.170994,-0.796524,-0.067116,13.808196,315.56234,378.50512,-6.448823,1200.4442,1147.1584,87.407096,1893.1908,1870.4692,63.014284,0,0,0,0,0.74,-1.33,0,0
2025/07/29 22:39:00.143,n,13.74339,84.330632,0.350252,0.361673,0.107701,0.141513,0.247135,0.063119,-5.837377,-0.100109,-0.797768,-0.058342,13.795102,315.38462,379.21416,-6.476694,1161.1786,1241.1826,65.452272,1884.5252,1939.412,45.223888,0,0,0,0,0.73,-1.33,0,0
2025/07/29 22:40:00.135,n,13.799298,84.499872,0.48883,0.361166,0.105265,0.141513,0.194324,0.076203,-5.587824,0.12809,-0.793518,-0.051506,13.784204,315.69384,379.76288,-6.457926,1218.745,1088.0698,100.26864,1911.7192,1795.9526,81.020992,0,0,0,0,0.73,-1.34,0,0
2025/07/29 22:41:00.136,n,13.71048,84.117352,0.245176,0.262689,0.191521,0.070757,0.123568,0.053148,-5.837377,-0.042904,-0.790863,-0.059219,13.7679,315.83622,378.99052,-6.526117,1061.0598,1160.6112,84.539936,1787.268,1869.3696,67.787904,0,0,0,0,0.73,-1.33,0,0
2025/07/29 22:42:00.135,n,13.684162,84.612664,0.035025,0.151522,0.173546,0,0.035378,0.04475,-5.614093,0.057205,-0.795288,-0.067291,13.752572,315.37118,378.19144,-6.399295,1250.8406,1172.6074,63.4287,1924.8026,1860.7208,48.4768,0,0,0,0,0.74,-1.32,0,0
2025/07/29 22:43:00.136,n,13.598614,85.049336,0.315227,0.169288,0.107195,0.035378,-0.017689,0.066187,-5.706033,0,-0.796883,-0.072197,13.737326,315.1517,377.67424,-6.430719,1128.4534,1128.2564,46.255808,1845.7498,1840.3964,27.633314,0,0,0,0,0.73,-1.32,0,0
2025/07/29 22:44:00.137,n,13.55418,85.150944,0,0.081725,0.120655,0.106135,-0.041275,0.081958,-6.126905,-0.414116,-0.795464,-0.066063,13.71664,315.16366,378.1082,-6.442189,1259.6898,1218.226,70.605952,1959.7864,1904.9898,56.646272,0,0,0,0,0.74,-1.34,0,0
2025/07/29 22:45:00.140,n,13.518002,85.288496,0.210151,0.087817,0.130135,-0.106135,-0.105878,0.07709,-5.995561,-0.342609,-0.793694,-0.068344,13.694798,315.19982,377.78864,-6.378301,1198.9798,1121.0346,59.693384,1879.6112,1833.3906,42.75044,0,0,0,0,0.74,-1.34,0,0
2025/07/29 22:46:00.141,n,13.57723,85.42912,-0.175126,-0.069797,0.069748,-0.387623,-0.228421,0.079895,-5.811108,-0.12809,-0.792633,-0.062729,13.68061,315.2156,378.21136,-6.412923,1341.761,1224.0478,97.73536,2015.7084,1913.2974,74.851856,0,0,0,0,0.74,-1.32,0,0
2025/07/29 22:47:00.147,n,13.600278,84.827168,-0.243654,-0.092893,0.113865,-0.247648,-0.22355,0.076809,-5.968721,-0.271103,-0.791573,-0.067818,13.657694,315.1847,377.63676,-6.421373,1164.5242,1195.7864,46.64118,1898.1576,1908.0168,28.523674,0,0,0,0,0.74,-1.34,0,0
2025/07/29 22:48:00.146,n,13.529522,85.100944,-0.175126,-0.215227,0.094674,-0.281488,-0.281744,0.021892,-5.929318,-0.228199,-0.788918,-0.065887,13.642432,315.33274,377.72656,-6.424149,1098.1654,1222.4662,86.048824,1827.5824,1918.5646,58.477344,0,0,0,0,0.73,-1.33,0,0
2025/07/29 22:49:00.135,n,13.55589,85.0634,-0.313704,-0.144923,0.133254,-0.316866,-0.334812,0.048881,-5.903049,-0.2425,-0.792984,-0.066238,13.622788,314.87582,377.59028,-6.387295,1222.655,1257.104,52.801512,1928.9852,1948.4682,46.578964,0,0,0,0,0.73,-1.33,0,0
2025/07/29 22:50:00.135,n,13.471906,85.419744,-0.280202,-0.279186,0.119026,-0.493757,-0.446586,0.053264,-5.87678,-0.256802,-0.786789,-0.065887,13.602072,315.30102,377.51076,-6.34088,1096.6332,1155.4966,59.314416,1830.163,1868.3948,35.535896,0,0,0,0,0.75,-1.34,0,0
2025/07/29 22:51:00.136,n,13.458772,85.579024,-0.348729,-0.325887,0.116,-0.670649,-0.523752,0.07834,-6.231409,-0.485001,-0.790512,-0.06852,13.582412,314.87374,377.17176,-6.468401,1273.9622,1191.3146,91.394744,1962.369,1891.0136,72.3298,0,0,0,0,0.75,-1.33,0,0
2025/07/29 22:52:00.137,n,13.406036,85.889616,-0.41878,-0.372587,0.092844,-0.459917,-0.541185,0.065488,-6.165737,-0.485001,-0.787499,-0.070099,13.562802,315.0297,376.92676,-6.398136,1222.596,1170.7348,61.899916,1915.5198,1882.4204,43.20648,0,0,0,0,0.74,-1.33,0,0
2025/07/29 22:53:00.139,n,13.34847,85.935272,-0.385277,-0.448475,0.092026,-0.670649,-0.547081,0.076345,-6.218274,-0.556507,-0.789444,-0.07711,13.539886,314.7389,376.18156,-6.374101,1254.0086,1223.7086,66.750284,1956.1204,1922.5722,46.895628,0,0,0,0,0.73,-1.33,0,0
2025/07/29 22:54:00.146,n,13.34515,86.118432,-0.41878,-0.564972,0.14389,-0.635271,-0.65296,0.058133,-6.165737,-0.442097,-0.789619,-0.080269,13.52021,314.61854,375.79588,-6.432991,1245.7146,1147.0592,57.995688,1932.4246,1854.3676,44.93996,0,0,0,0,0.74,-1.33,0,0
2025/07/29 22:55:00.143,n,13.343488,86.07624,-0.734006,-0.582484,0.126132,-0.670649,-0.658856,0.01827,-6.100065,-0.371212,-0.790154,-0.080452,13.499494,314.4616,375.66892,-6.438555,1154.2078,1194.0084,58.105076,1882.3774,1893.689,35.111252,0,0,0,0,0.74,-1.35,0,0
2025/07/29 22:56:00.146,n,13.302998,86.562416,-0.802534,-0.576139,0.120251,-0.775245,-0.758325,0.048437,-5.877923,-0.070885,-0.77726,-0.070099,13.515456,315.6623,376.67364,-6.514199,1157.1678,1143.8244,45.591668,1874.2822,1857.8736,26.936964,0,0,0,0,0.74,-1.32,0,0
2025/07/29 22:57:00.147,n,13.405048,86.16032,0.593906,0.593906,0.110759,0.389161,0.330197,0.065871,-5.444488,0.385513,-0.77903,-0.076065,13.499104,315.4219,376.05656,-6.532966,1192.4636,1229.1954,48.647712,1922.132,1937.6448,24.543838,0,0,0,0,0.73,-1.33,0,0
2025/07/29 22:58:00.136,n,13.349092,85.969256,0.628931,0.553043,0.104881,0.283026,0.312508,0.052075,-5.799116,-0.014301,-0.781151,-0.079926,13.479462,315.13348,375.60876,-6.48604,1151.5294,1129.7422,64.052324,1869.7282,1844.1594,43.03022,0,0,0,0,0.75,-1.33,0,0
2025/07/29 22:59:00.135,n,13.301338,86.648304,0.55888,0.529693,0.109459,0.318404,0.230215,0.065777,-5.825385,-0.014301,-0.77655,-0.075539,13.458694,315.42048,375.88736,-6.512095,1321.5046,1250.4952,84.256752,2010.0862,1939.147,67.87636,0,0,0,0,0.74,-1.33,0,0
2025/07/29 23:00:07.192,n,13.294698,86.545184,0.453805,0.436292,0.136103,0.106135,0.159715,0.066027,-5.72031,0.085808,-0.78186,-0.082382,13.433564,314.82706,375.14552,-6.505596,1229.4616,1207.5026,54.724764,1924.8294,1917.8128,37.576588,0,0,0,0,0.74,-1.33,0,0
2025/07/29 23:01:00.140,n,13.293088,86.715536,0.41878,0.366496,0.10075,0.106135,0.101007,0.041499,-5.694041,-0.042282,-0.779739,-0.076767,13.416104,314.91732,375.551,-6.354731,1151.9172,1157.3766,59.937464,1876.3738,1876.9914,38.512336,0,0,0,0,0.74,-1.33,0,0
2025/07/29 23:02:00.144,n,13.261788,86.745232,0.41878,0.337308,0.0953,0,0.065373,0.047338,-5.470757,-0.014301,-0.777435,-0.073082,13.39539,315.00608,375.76772,-6.160809,1271.3454,1160.1816,89.2306,1955.2336,1863.1258,65.711488,0,0,0,0,0.75,-1.33,0,0
2025/07/29 23:03:00.143,n,13.212372,86.977992,0.210151,0.25609,0.1027,0,0.018458,0.070105,-5.799116,-0.384892,-0.768059,-0.069222,13.37459,315.7063,375.99968,-6.113062,1242.5416,1195.9264,49.660852,1928.4172,1908.395,28.80972,0,0,0,0,0.74,-1.32,0,0
2025/07/29 23:04:00.145,n,13.301338,86.39196,0.210151,0.278933,0.130891,-0.069218,-0.064347,0.07498,-5.575832,-0.199596,-0.765053,-0.058693,13.35933,315.88488,376.85328,-6.082595,1265.2326,1225.5006,81.136928,1947.263,1934.3102,53.224056,0,0,0,0,0.73,-1.34,0,0
2025/07/29 23:05:00.148,n,13.314522,85.56628,0.315227,0.261928,0.100645,0.070757,-0.034609,0.091786,-5.497025,-0.12809,-0.768242,-0.072556,13.341838,315.51562,375.52872,-6.064622,1274.4328,1262.311,58.08098,1989.9636,1969.4074,33.304654,0,0,0,0,0.74,-1.35,0,0
2025/07/29 23:06:00.150,n,13.27663,85.834736,0.07005,0.180202,0.117409,-0.069218,-0.046402,0.028135,-5.470757,-0.199596,-0.771599,-0.076767,13.328728,315.1554,375.08488,-5.965992,1052.9738,1131.3154,85.488592,1790.989,1865.0274,65.427824,0,0,0,0,0.75,-1.33,0,0
2025/07/29 23:07:00.136,n,13.271698,86.298008,0.033502,0.144923,0.074947,-0.141513,-0.158177,0.066027,-5.142397,0.100109,-0.773895,-0.067116,13.315618,314.88682,375.87208,-5.949286,1381.5866,1240.019,125.45996,2054.9764,1928.5874,110.00364,0,0,0,0,0.74,-1.34,0,0
2025/07/29 23:08:00.137,n,13.115204,86.74996,0.278679,0.150253,0.103111,-0.104597,-0.193042,0.053654,-5.72031,-0.470699,-0.773018,-0.074486,13.293744,314.84606,375.10088,-5.948143,1410.1086,1388.061,21.071308,2114.3576,2077.4314,28.60769,0,0,0,0,0.74,-1.33,0,0
2025/07/29 23:09:00.140,n,13.105294,86.62492,-0.140101,-0.023858,0.160008,-0.281488,-0.222781,0.057335,-5.904191,-0.698898,-0.778854,-0.078697,13.268616,314.20728,374.59296,-5.90545,1160.1564,1233.2914,62.621084,1884.2234,1949.4852,55.87486,0,0,0,0,0.74,-1.33,0,0
2025/07/29 23:10:00.142,n,13.077268,86.923304,0,0.011167,0.089926,-0.423001,-0.322763,0.078844,-5.694041,-0.584488,-0.782211,-0.077644,13.25334,313.83542,374.605,-5.81412,1288.8054,1237.4482,58.099916,1976.1438,1927.7262,39.50696,0,0,0,0,0.75,-1.32,0,0
2025/07/29 23:11:00.145,n,13.128388,86.787416,-0.035025,-0.116751,0.134136,-0.493757,-0.369934,0.106723,-5.523294,-0.470699,-0.780449,-0.067818,13.23036,313.86548,375.35532,-5.765226,1203.5792,1193.4896,35.763112,1903.2204,1887.8878,21.881498,0,0,0,0,0.73,-1.33,0,0
2025/07/29 23:12:00.146,n,13.031124,87.085712,-0.140101,-0.023604,0.107304,-0.352244,-0.334555,0.037105,-6.337626,-1.027206,-0.768768,-0.068344,13.210688,314.77118,375.20384,-6.010844,1308.7526,1253.791,58.402052,1991.177,1942.9722,39.613128,0,0,0,0,0.74,-1.33,0,0
2025/07/29 23:13:00.153,n,13.067352,87.035704,-0.105076,-0.157867,0.15269,-0.387623,-0.446586,0.048336,-5.733444,-0.513603,-0.779205,-0.069046,13.194272,313.78092,375.05408,-5.930001,1315.5992,1279.8958,56.720368,1975.3088,1959.582,35.569648,0,0,0,0,0.74,-1.33,0,0
2025/07/29 23:14:00.151,n,12.994892,87.1902,-0.140101,-0.134263,0.10946,-0.423001,-0.423001,0.07751,-5.943595,-0.698898,-0.776199,-0.073959,13.1724,313.92446,374.50124,-5.946936,1222.2444,1133.4176,76.495752,1864.6414,1814.3486,56.245888,0,0,0,0,0.76,-1.34,0,0
2025/07/29 23:15:00.153,n,12.994892,87.620624,-0.315227,-0.163451,0.093108,-0.493757,-0.452483,0.041359,-5.956729,-0.684597,-0.770187,-0.06501,13.150578,314.3284,375.17992,-5.977309,1288.3976,1231.8928,88.85156,1976.8498,1899.962,83.9476,0,0,0,0,0.74,-1.35,0,0
2025/07/29 23:16:00.138,n,12.950314,87.358704,-0.350252,-0.239339,0.102515,-0.599892,-0.511447,0.048766,-5.694041,-0.541584,-0.778496,-0.076591,13.131994,313.51074,374.05244,-5.854361,1119.1466,1148.061,37.439284,1813.6062,1838.9386,29.536418,0,0,0,0,0.75,-1.32,0,0
2025/07/29 23:17:00.142,n,12.900898,87.776384,-0.525378,-0.385277,0.117217,-0.529136,-0.564258,0.062772,-5.982998,-0.7132,-0.776909,-0.076241,13.105742,313.50836,373.94392,-5.970466,1181.6394,1270.8572,55.394948,1877.1706,1934.4996,34.808044,0,0,0,0,0.74,-1.32,0,0
2025/07/29 23:18:00.135,n,12.888936,88.142984,-0.140101,-0.233501,0.072348,-0.599892,-0.617069,0.093576,-5.734015,-0.427795,-0.767365,-0.067474,13.116884,314.39332,374.78176,-6.00611,1259.9714,1313.678,49.010204,1969.9846,1989.2772,28.23473,0,0,0,0,0.73,-1.34,0,0
2025/07/29 23:19:00.145,n,12.926876,87.970272,0.48883,0.564464,0.129477,0.176891,0.200477,0.073077,-5.615806,-0.442097,-0.773209,-0.062386,13.101574,313.80624,375.1522,-5.884532,1150.9656,1063.155,49.574188,1812.967,1771.8644,34.041152,0,0,0,0,0.74,-1.33,0,0
2025/07/29 23:20:00.135,n,12.78259,88.466472,0.55888,0.64619,0.075442,-0.175353,0.106391,0.149517,-6.114913,-0.784706,-0.770203,-0.07502,13.073108,313.91498,373.87884,-6.025389,1312.4314,1244.5054,70.142712,1987.4626,1913.613,65.638404,0,0,0,0,0.74,-1.33,0,0
2025/07/29 23:21:00.135,n,12.795774,88.841128,0.593906,0.55888,0.044304,0.106135,0.071269,0.050039,-5.904763,-0.513603,-0.769844,-0.067123,13.049056,313.81794,374.45204,-6.09388,1269.4856,1222.8386,27.313,1952.2594,1905.2828,28.572714,0,0,0,0,0.74,-1.34,0,0
2025/07/29 23:22:00.135,n,12.789182,88.455528,0.55888,0.582231,0.047854,0.035378,0.035891,0.049821,-5.944165,-0.613091,-0.770203,-0.070984,13.024986,313.65908,373.9814,-6.030294,1292.7394,1187.625,59.262132,1959.7526,1880.9974,43.30358,0,0,0,0,0.73,-1.31,0,0
2025/07/29 23:23:00.136,n,12.702118,89.183952,0.313704,0.308628,0.056781,0.035378,0.047427,0.076523,-6.128047,-0.7132,-0.764,-0.068352,12.998734,314.05618,374.07568,-6.110495,1040.7976,1115.8004,58.97542,1745.9058,1810.1378,49.903908,0,0,0,0,0.73,-1.33,0,0
2025/07/29 23:24:00.138,n,12.72839,88.674672,0.313704,0.261674,0.076217,-0.03384,-0.040762,0.075077,-5.944165,-0.442097,-0.767723,-0.074844,12.97465,313.60602,373.37096,-6.194947,1243.426,1159.7154,79.41096,1910.9498,1832.0014,64.696212,0,0,0,0,0.74,-1.33,0,0
2025/07/29 23:25:00.135,n,12.641328,88.845816,0.350252,0.401775,0.084703,-0.03384,-0.093317,0.069048,-6.16745,-0.58511,-0.765602,-0.077652,12.952778,313.6734,373.00556,-6.270291,1394.2434,1340.165,34.666988,2065.074,2016.5498,27.4372,0,0,0,0,0.74,-1.33,0,0
2025/07/29 23:26:00.137,n,12.603536,89.599424,0.453805,0.238324,0.131211,-0.21227,-0.134848,0.087672,-5.9573,-0.384892,-0.765602,-0.075371,12.927636,313.53986,373.0746,-6.26264,1308.4684,1227.0306,60.131524,1973.5762,1919.6542,40.728368,0,0,0,0,0.74,-1.32,0,0
2025/07/29 23:27:00.135,n,12.628144,89.482784,0.035025,0.145177,0.151733,-0.175353,-0.205348,0.041454,-6.062375,-0.427795,-0.766129,-0.077469,12.903486,313.366,372.75996,-6.323239,1226.4332,1236.0376,57.461292,1929.506,1924.8598,41.650928,0,0,0,0,0.75,-1.31,0,0
2025/07/29 23:28:00.135,n,12.572286,89.518568,0.035025,0.133756,0.157132,-0.21227,-0.2115,0.038764,-6.075509,-0.356911,-0.765602,-0.078529,12.881648,313.29572,372.54996,-6.405671,1224.444,1241.0648,49.666888,1931.8594,1934.8084,28.502632,0,0,0,0,0.75,-1.32,0,0
2025/07/29 23:29:00.135,n,12.555828,89.422136,-0.105076,0.063198,0.142063,-0.352244,-0.258159,0.082939,-6.233122,-0.499302,-0.763298,-0.081512,12.857516,313.36694,372.15692,-6.415606,1207.1852,1251.2882,46.810256,1915.585,1942.1124,34.43254,0,0,0,0,0.74,-1.32,0,0
2025/07/29 23:30:07.045,n,12.575558,89.554312,-0.175126,-0.011675,0.152939,-0.387623,-0.369934,0.058133,-5.970434,-0.299084,-0.763832,-0.083092,12.829052,313.16968,371.8656,-6.352091,1220.964,1271.1632,76.098616,1935.2834,1957.8388,56.966656,0,0,0,0,0.74,-1.32,0,0
2025/07/29 23:31:00.140,n,12.61335,89.36608,-0.175126,-0.140355,0.103595,-0.423001,-0.417105,0.068662,-5.917326,-0.285404,-0.762947,-0.083618,12.81153,313.15332,371.72596,-6.31125,1261.4244,1180.6914,89.391272,1956.4596,1883.7652,65.86046,0,0,0,0,0.74,-1.33,0,0
2025/07/29 23:32:00.137,n,12.601826,89.333368,-0.175126,0.034518,0.154445,-0.387623,-0.393519,0.026632,-5.760284,-0.228199,-0.761177,-0.082916,12.787494,313.17908,371.66088,-6.210346,1151.323,1259.0792,81.789976,1890.5656,1974.6304,55.432844,0,0,0,0,0.73,-1.33,0,0
2025/07/29 23:33:00.138,n,12.619892,89.260216,-0.280202,-0.180964,0.060327,-0.352244,-0.423001,0.07421,-5.589537,-0.085808,-0.759758,-0.084496,12.767694,313.19684,371.41564,-6.178992,1284.0924,1255.1108,84.73488,1987.6418,1945.5602,68.940552,0,0,0,0,0.75,-1.32,0,0
2025/07/29 23:34:00.135,n,12.64626,89.11696,-0.245176,-0.081725,0.105464,-0.529136,-0.499654,0.034783,-5.510731,-0.01368,-0.759583,-0.086426,12.75128,313.125,371.1572,-6.170208,1213.17,1325.733,83.329464,1955.1588,2032.5502,51.12338,0,0,0,0,0.74,-1.33,0,0
2025/07/29 23:35:00.135,n,12.66921,88.964272,-0.350252,-0.291877,0.052732,-0.529136,-0.546825,0.037106,-5.536999,-0.113789,-0.760468,-0.086601,12.732686,312.94996,371.04312,-6.097077,1098.6926,1140.7584,38.663936,1822.487,1866.2622,37.304152,0,0,0,0,0.74,-1.33,0,0
2025/07/29 23:36:00.135,n,12.657684,88.900304,-0.350252,-0.303552,0.098237,-0.529136,-0.582203,0.066187,-5.484462,-0.056583,-0.762947,-0.088707,12.71627,312.64844,370.76912,-6.102119,1101.0948,1117.5916,22.856072,1817.9562,1837.8464,19.61632,0,0,0,0,0.74,-1.33,0,0
2025/07/29 23:37:00.137,n,12.590352,89.285072,-0.175126,-0.192639,0.029304,-0.564514,-0.611685,0.076426,-5.602671,-0.213898,-0.757637,-0.088181,12.703098,313.03794,370.74604,-6.05823,1367.55,1259.5244,89.71176,2055.5892,1954.6992,78.432136,0,0,0,0,0.74,-1.32,0,0
2025/07/29 23:38:00.135,n,12.626534,89.106016,-0.385277,-0.274364,0.149286,-0.599892,-0.623221,0.085268,-5.471328,-0.085808,-0.762413,-0.094856,12.687758,312.54348,370.07184,-6.053077,1334.1588,1306.6536,55.121684,2052.1448,2012.8002,47.891544,0,0,0,0,0.73,-1.32,0,0
2025/07/29 23:39:00.135,n,12.630128,89.313552,-0.245176,-0.344161,0.129697,-0.812162,-0.711667,0.056521,-5.248614,0.171616,-0.756409,-0.088715,12.705588,313.15744,370.71184,-6.087924,1294.0612,1271.952,44.846404,2016.5684,1993.583,34.449964,0,0,0,0,0.74,-1.33,0,0
2025/07/29 23:40:00.138,n,12.643262,89.5968,0.55888,0.552535,0.07085,0.21227,0.276873,0.068161,-5.169237,0.21452,-0.751984,-0.079063,12.689192,313.45328,371.482,-6.056677,1226.719,1222.3546,52.992452,1990.0552,1960.8044,39.713976,0,0,0,0,0.73,-1.33,0,0
2025/07/29 23:41:00.339,n,12.623586,88.888256,0.383754,0.506343,0.122838,0.035378,0.118184,0.085523,-5.379958,-0.042904,-0.752159,-0.089767,12.672712,313.35084,370.44408,-5.999446,1236.8938,1252.485,52.899908,1998.7076,2000.9224,32.28622,0,0,0,0,0.74,-1.33,0,0
2025/07/29 23:42:00.141,n,12.644924,89.056568,0.383754,0.44213,0.075663,0.247648,0.106391,0.092139,-4.959087,0.356911,-0.755516,-0.090294,12.662846,313.00818,370.34508,-5.98122,1320.825,1249.1442,59.425584,2082.5386,2013.4278,52.432816,0,0,0,0,0.74,-1.32,0,0
2025/07/29 23:43:00.136,n,12.552884,89.542256,0.315227,0.419033,0.116125,0.072295,0.071269,0.050039,-5.037893,0.328308,-0.755516,-0.086433,12.651886,312.95026,370.63,-6.035284,1263.9744,1266.2086,46.902028,2034.8784,2032.7578,35.911,0,0,0,0,0.74,-1.33,0,0
2025/07/29 23:44:00.135,n,12.467384,89.556272,0.48883,0.389846,0.135332,0.141513,0.088958,0.053456,-5.274883,0.071507,-0.747795,-0.083626,12.63764,313.54266,370.80388,-6.010559,1232.9866,1266.9948,51.377036,1999.4502,2024.2724,34.750536,0,0,0,0,0.74,-1.33,0,0
2025/07/29 23:45:00.135,n,12.45425,88.779176,0.348729,0.48883,0.07987,0,0.000513,0.074361,-5.550705,-0.213898,-0.74939,-0.093979,12.620118,313.31198,369.79168,-5.992218,1442.1278,1358.584,90.235248,2175.56,2097.322,78.271328,0,0,0,0,0.75,-1.32,0,0
