"Timestamp","TZ","TA_1_2_1","RH_1_2_1","PPFD_1_2_1","PPFD_1_2_1_AV","PPFD_1_2_1_SD","PPFDr_1_2_1","PPFDr_1_2_1_AV","PPFDr_1_2_1_SD","SWin_1_2_1","SWout_1_2_1","LWin_1_2_V","LWout_1_2_V","TA_2_2_1","LWin_1_2_1","LWout_1_2_1","Rn_1_2_1","PPFD_1_1_1","PPFD_1_1_1_AV","PPFD_1_1_1_SD","PPFDd_1_1_1","PPFDd_1_1_1_AV","PPFDd_1_1_1_SD","2SERIAL (State)","2SERIAL (State)","2SERIAL (State)","2SERIAL (State)","posX","posY","P_2_1_2","1256CV"
2025/03/30 23:46:00.341,n,5.552246,98.305472,0.210151,0.210151,0.038368,0.353783,0.354039,0.021891,-2.337349,-1.415207,-0.09272,-0.032104,6.217561,337.35108,342.52064,-0.982758,OverRange,OverRange,OverRange,OverRange,OverRange,OverRange,0,0,0,0,0.79,-1.16,0,0
2025/03/30 23:47:00.144,n,5.550587,98.297808,0.420302,0.350506,0.049321,0.459917,0.448381,0.079134,-2.206005,-1.372303,-0.085861,-0.031227,6.224225,337.97732,342.63148,-0.888336,2834.4746,2943.2264,82.75264,OverRange,OverRange,OverRange,0,0,0,0,0.79,-1.14,0,0
2025/03/30 23:48:00.146,n,5.567189,98.291648,0.630454,0.502028,0.072348,0.566052,0.53657,0.087854,-2.179737,-1.286495,-0.090782,-0.031227,6.235326,337.60652,342.68636,-0.952796,2808.8208,2839.4318,24.24871,OverRange,OverRange,OverRange,0,0,0,0,0.8,-1.16,0,0
2025/03/30 23:49:00.146,n,5.560597,98.267048,0.455328,0.525378,0.054261,0.707565,0.648601,0.065871,-2.206005,-1.200687,-0.094124,-0.030701,6.238625,337.3338,342.74944,-1.068741,2785.7124,2827.2754,22.467754,OverRange,OverRange,OverRange,0,0,0,0,0.79,-1.16,0,0
2025/03/30 23:50:00.147,n,5.573879,98.273248,0.490353,0.414719,0.097303,0.530674,0.595534,0.081958,-2.166602,-1.315098,-0.099396,-0.030876,6.248589,336.92708,342.7832,-0.920024,2793.0366,2799.737,8.579044,OverRange,OverRange,OverRange,0,0,0,0,0.79,-1.16,0,0
2025/03/30 23:51:00.151,n,5.582226,98.182616,0.560403,0.467256,0.092613,0.636809,0.583741,0.048766,-2.166602,-1.300797,-0.099754,-0.029823,6.247467,336.89052,342.87112,-0.935737,2780.2626,2759.3996,31.597468,OverRange,OverRange,OverRange,0,0,0,0,0.8,-1.15,0,0
2025/03/30 23:52:00.135,n,5.580567,98.22564,0.560403,0.443653,0.114392,0.636809,0.589638,0.079634,-2.192871,-1.329399,-0.093071,-0.032631,6.254098,337.50136,342.65456,-0.923912,2784.4462,2794.7312,14.642406,OverRange,OverRange,OverRange,0,0,0,0,0.79,-1.14,0,0
2025/03/30 23:53:00.139,n,5.578907,98.135008,0.490353,0.525378,0.076736,0.636809,0.660394,0.079634,-2.166602,-1.272194,-0.087975,-0.032104,6.2619,337.98096,342.74,-0.950279,2807.6358,2848.843,32.790242,OverRange,OverRange,OverRange,0,0,0,0,0.79,-1.16,0,0
2025/03/30 23:54:00.141,n,5.590576,98.165728,0.490353,0.502028,0.047853,0.636809,0.625016,0.065871,-2.192871,-1.315098,-0.078835,-0.032982,6.258568,338.75508,342.64556,-0.923626,2837.8794,2843.7122,7.536578,OverRange,OverRange,OverRange,0,0,0,0,0.8,-1.16,0,0
2025/03/30 23:55:00.142,n,5.573879,98.127296,0.420302,0.42614,0.067977,0.60143,0.542467,0.073077,-2.179737,-1.3437,-0.078835,-0.032982,6.266304,338.79332,342.68376,-0.881889,2880.3008,2817.3724,65.164404,OverRange,OverRange,OverRange,0,0,0,0,0.79,-1.14,0,0
2025/03/30 23:56:00.144,n,5.573879,98.224072,0.490353,0.502028,0.057196,0.495296,0.61912,0.073362,-2.153468,-1.3437,-0.081993,-0.031929,6.268499,338.53096,342.78816,-0.859832,2912.8124,2931.659,84.857528,OverRange,OverRange,OverRange,0,0,0,0,0.8,-1.15,0,0
2025/03/30 23:57:00.147,n,5.562256,98.259424,0.560403,0.51954,0.056113,0.60143,0.672187,0.04475,-2.271677,-1.358002,-0.079178,-0.032631,6.275163,338.80756,342.75888,-0.960223,2895.7334,2912.4362,13.084342,OverRange,OverRange,OverRange,0,0,0,0,0.79,-1.16,0,0
2025/03/30 23:58:00.134,n,5.592236,98.290096,0.490353,0.525378,0.031327,0.672187,0.625016,0.042845,-2.206005,-1.386604,-0.074966,-0.033333,6.276301,339.17744,342.70212,-0.861035,2826.227,2866.826,38.49156,OverRange,OverRange,OverRange,0,0,0,0,0.79,-1.15,0,0
2025/03/30 23:59:00.150,n,5.557228,98.32544,0.455328,0.583753,0.081893,0.636809,0.630912,0.052076,-2.114065,-1.458111,-0.0718,-0.033333,6.280705,339.47308,342.72388,-0.694421,2816.393,2838.8802,13.885244,OverRange,OverRange,OverRange,0,0,0,0,0.79,-1.16,0,0
2025/03/31 00:00:07.325,n,5.55988,98.325504,0.700504,0.612941,0.053118,0.707565,0.660394,0.042845,-2.337349,-1.686932,-0.075836,-0.034737,6.269475,339.0684,342.54364,-0.691517,2800.4332,2810.4316,10.65833,OverRange,OverRange,OverRange,0,0,0,0,0.79,-1.15,0,0
2025/03/31 00:01:00.138,n,5.533219,98.300984,0.035025,-0.005838,0.034436,0.106135,0.12972,0.018269,-2.245409,-1.686932,-0.075485,-0.034035,6.267247,339.08772,342.59496,-0.599927,2840.2986,2842.8118,10.990906,OverRange,OverRange,OverRange,0,0,0,0,0.79,-1.15,0,0
2025/03/31 00:02:00.135,n,5.556511,98.323992,0.071573,-0.017005,0.084828,0.106135,0.047684,0.088731,-2.271677,-1.586823,-0.077415,-0.034912,6.267247,338.92076,342.51704,-0.727358,2947.888,2914.4034,26.54807,OverRange,OverRange,OverRange,0,0,0,0,0.79,-1.15,0,0
2025/03/31 00:03:00.135,n,5.53825,98.333216,-0.035025,-0.011675,0.061336,0.141513,0.05358,0.058325,-2.311081,-1.615425,-0.080582,-0.034386,6.271684,338.66892,342.5858,-0.741851,2960.1102,2972.6652,15.178934,OverRange,OverRange,OverRange,0,0,0,0,0.78,-1.14,0,0
2025/03/31 00:04:00.134,n,5.564862,98.350112,-0.035025,-0.011675,0.036174,0.072295,0.071526,0.038764,-2.337349,-1.601124,-0.080582,-0.034386,6.267247,338.64688,342.5638,-0.782421,2904.4274,2978.6838,43.570632,OverRange,OverRange,OverRange,0,0,0,0,0.8,-1.16,0,0
2025/03/31 00:05:00.136,n,5.541569,98.300984,0.035025,-0.005838,0.064266,0.141513,0.077166,0.05662,-2.271677,-1.615425,-0.07795,-0.035439,6.278348,338.92952,342.52524,-0.698763,2908.8024,2921.635,9.919678,OverRange,OverRange,OverRange,0,0,0,0,0.79,-1.16,0,0
2025/03/31 00:06:00.135,n,5.573208,98.32096,-0.035025,-0.035025,0.031327,0,0.041531,0.082071,-2.258543,-1.529617,-0.081459,-0.034561,6.279471,338.63156,342.6088,-0.775824,2863.9324,2914.6608,44.757124,OverRange,OverRange,OverRange,0,0,0,0,0.79,-1.16,0,0
2025/03/31 00:07:00.135,n,5.543179,98.293272,-0.035025,-0.040863,0.014299,0.035378,0.077166,0.060881,-2.297946,-1.529617,-0.101334,-0.034561,6.276139,336.8958,342.59228,-0.835101,2865.6014,2874.6162,6.9857,OverRange,OverRange,OverRange,0,0,0,0,0.78,-1.15,0,0
2025/03/31 00:08:00.136,n,5.566571,98.313248,-0.105076,-0.005838,0.10946,0.072295,0.077678,0.034584,-2.324215,-1.644028,-0.125786,-0.036148,6.279471,334.79706,342.46788,-0.769825,2888.7942,2889.626,12.132602,OverRange,OverRange,OverRange,0,0,0,0,0.79,-1.15,0,0
2025/03/31 00:09:00.138,n,5.53825,98.297912,-0.07005,-0.023096,0.061801,0.106135,0.094855,0.042513,-2.481828,-1.686932,-0.120148,-0.037018,6.288312,335.3284,342.4342,-0.878026,2949.8366,2954.4328,10.545142,OverRange,OverRange,OverRange,0,0,0,0,0.79,-1.16,0,0
2025/03/31 00:10:00.134,n,5.566571,98.356216,-0.035025,-0.029188,0.071495,0.106135,0.088702,0.048658,-2.534365,-1.67263,-0.108719,-0.036667,6.292717,336.339,342.48732,-0.933787,2937.177,2966.5212,18.110772,OverRange,OverRange,OverRange,0,0,0,0,0.79,-1.16,0,0
2025/03/31 00:11:00.134,n,5.566571,98.3424,-0.105076,-0.0467,0.068873,0.141513,0.106904,0.037912,-2.494962,-1.758438,-0.103264,-0.037193,6.289417,336.79456,342.42424,-0.802594,2869.9436,2920.7864,34.490576,OverRange,OverRange,OverRange,0,0,0,0,0.78,-1.15,0,0
2025/03/31 00:12:00.134,n,5.583267,98.323992,0.105076,0.035279,0.049752,0.141513,0.129977,0.036044,-2.494962,-1.686932,-0.109596,-0.036667,6.296048,336.27952,342.50376,-0.88096,2894.6268,2902.4952,5.865152,OverRange,OverRange,OverRange,0,0,0,0,0.79,-1.16,0,0
2025/03/31 00:13:00.134,n,5.566571,98.385368,0.071573,0.023604,0.06157,0.035378,0.05358,0.037406,-2.494962,-1.700611,-0.120857,-0.03685,6.300503,335.32746,342.50956,-0.878358,2879.7844,2896.3836,13.682106,OverRange,OverRange,OverRange,0,0,0,0,0.78,-1.16,0,0
2025/03/31 00:14:00.136,n,5.574917,98.39616,0.071573,-0.00533,0.064986,0.21227,0.106391,0.070605,-2.586903,-1.729836,-0.149216,-0.03878,6.303786,332.89044,342.35428,-0.967503,2852.7956,2887.291,24.149534,OverRange,OverRange,OverRange,0,0,0,0,0.8,-1.16,0,0
2025/03/31 00:15:00.135,n,5.573208,98.386928,0.105076,-0.02335,0.081892,0.072295,0.035891,0.059571,-2.797053,-1.772739,-0.186249,-0.038078,6.29717,329.6543,342.384,-1.172484,2860.4832,2872.43,12.899612,OverRange,OverRange,OverRange,0,0,0,0,0.79,-1.16,0,0
2025/03/31 00:16:00.135,n,5.556511,98.402256,-0.035025,-0.02335,0.047854,0.072295,0.05358,0.080035,-2.955237,-1.601124,-0.211899,-0.039307,6.299349,327.44616,342.28564,-1.526705,2835.0452,2866.285,24.673872,OverRange,OverRange,OverRange,0,0,0,0,0.79,-1.16,0,0
2025/03/31 00:17:00.138,n,5.571549,98.38844,0.035025,0.006091,0.051937,0.141513,0.094598,0.053131,-3.139118,-1.615425,-0.232819,-0.039124,6.29717,325.62576,342.2912,-1.717388,2800.9886,2844.0774,33.358658,OverRange,OverRange,OverRange,0,0,0,0,0.79,-1.15,0,0
2025/03/31 00:18:00.137,n,5.556511,98.402256,-0.105076,-0.00533,0.072143,0.072295,0.12408,0.036668,-3.178521,-1.586823,-0.230354,-0.039482,6.292717,325.81692,342.23732,-1.782571,2868.4686,2884.4622,35.360996,OverRange,OverRange,OverRange,0,0,0,0,0.79,-1.14,0,0
2025/03/31 00:19:00.134,n,5.55822,98.39772,-0.173603,-0.069543,0.10634,-0.070757,0.041275,0.075602,-3.217353,-1.615425,-0.202934,-0.038422,6.286084,328.15592,342.29852,-1.766441,2830.6814,2864.572,30.14631,OverRange,OverRange,OverRange,0,0,0,0,0.78,-1.14,0,0
2025/03/31 00:20:00.135,n,5.553189,98.394592,-0.035025,-0.186293,0.21,0.035378,0.071269,0.070761,-3.08658,-1.486713,-0.170799,-0.037544,6.28168,330.914,342.35468,-1.733122,2838.866,2841.163,8.099383,OverRange,OverRange,OverRange,0,0,0,0,0.79,-1.15,0,0
2025/03/31 00:21:00.134,n,5.571549,98.39616,0.035025,-0.017259,0.065935,0.106135,0.135617,0.041359,-2.9678,-1.486713,-0.168869,-0.037544,6.280575,331.07556,342.34924,-1.612411,2788.2464,2819.1448,27.712812,OverRange,OverRange,OverRange,0,0,0,0,0.8,-1.16,0,0
2025/03/31 00:22:00.135,n,5.56823,98.39152,0,0.046954,0.084921,0.141513,0.129977,0.036044,-2.9678,-1.55822,-0.179924,-0.039307,6.280575,330.11924,342.19276,-1.550197,2803.5066,2807.716,8.099383,OverRange,OverRange,OverRange,0,0,0,0,0.79,-1.15,0,0
2025/03/31 00:23:00.134,n,5.536541,98.43756,-0.07005,0.023604,0.105601,0.072295,0.100751,0.075366,-2.99464,-1.586823,-0.174835,-0.039124,6.275049,330.5321,342.18168,-1.543529,2803.9168,2797.8542,5.656854,OverRange,OverRange,OverRange,0,0,0,0,0.79,-1.15,0,0
2025/03/31 00:24:00.135,n,5.541569,98.455968,-0.07005,0.058375,0.075663,0.141513,0.165099,0.028886,-2.955237,-1.501015,-0.188713,-0.03878,6.269475,329.30398,342.18452,-1.604155,2774.7488,2815.9886,45.650848,OverRange,OverRange,OverRange,0,0,0,0,0.79,-1.16,0,0
2025/03/31 00:25:00.135,n,5.541569,98.455968,0,0.0467,0.065213,0.141513,0.100751,0.064639,-2.99464,-1.572521,-0.222626,-0.039124,6.269475,326.37036,342.15404,-1.605621,2796.3372,2803.1696,13.053736,OverRange,OverRange,OverRange,0,0,0,0,0.79,-1.16,0,0
2025/03/31 00:26:00.135,n,5.533219,98.459048,-0.173603,-0.022843,0.095524,0.176891,0.100238,0.101102,-3.139118,-1.543919,-0.245659,-0.038597,6.265038,324.35598,342.17892,-1.802261,2807.1648,2822.6906,12.992306,OverRange,OverRange,OverRange,0,0,0,0,0.78,-1.16,0,0
2025/03/31 00:27:00.138,n,5.561539,98.432976,-0.105076,-0.005584,0.060713,0.106135,0.100495,0.013815,-3.139118,-1.458111,-0.25164,-0.038422,6.258374,323.80548,342.1614,-1.894226,2804.5432,2827.9804,12.992306,OverRange,OverRange,OverRange,0,0,0,0,0.79,-1.16,0,0
2025/03/31 00:28:00.136,n,5.548161,98.434488,0,0.02335,0.078839,0.072295,0.112544,0.095761,-3.178521,-1.429508,-0.252876,-0.038948,6.245111,323.63308,342.04916,-1.962941,2793.4388,2812.1726,15.798734,OverRange,OverRange,OverRange,0,0,0,0,0.8,-1.17,0,0
2025/03/31 00:29:00.135,n,5.551529,98.429896,0.035025,0.035279,0.070205,0.21227,0.21227,0.038755,-3.309294,-1.44381,-0.257622,-0.039825,6.238479,323.18964,341.93832,-2.083281,2803.2688,2808.0544,9.077446,OverRange,OverRange,OverRange,0,0,0,0,0.78,-1.15,0,0
2025/03/31 00:30:07.048,n,5.5299,98.380824,-0.035025,0.006345,0.09974,0.247648,0.218166,0.041359,-3.309294,-1.386604,-0.251816,-0.037895,6.236237,323.68088,342.09872,-2.13661,2780.0062,2795.4578,12.132602,OverRange,OverRange,OverRange,0,0,0,0,0.79,-1.14,0,0
2025/03/31 00:31:00.134,n,5.551529,98.43756,0,0.011929,0.065488,0.176891,0.153306,0.042845,-3.29673,-1.358002,-0.256561,-0.039124,6.229637,323.23774,341.95704,-2.156166,2779.5612,2808.84,19.697716,OverRange,OverRange,OverRange,0,0,0,0,0.79,-1.17,0,0
2025/03/31 00:32:00.135,n,5.524868,98.39616,0,-0.011675,0.215531,0.141513,0.147666,0.060551,-3.322999,-1.386604,-0.256042,-0.039124,6.2252,323.26058,341.935,-2.153314,2771.887,2797.1162,21.071308,OverRange,OverRange,OverRange,0,0,0,0,0.79,-1.15,0,0
2025/03/31 00:33:00.135,n,5.534878,98.376184,0.071573,0.099492,0.060183,0.21227,0.224062,0.053264,-3.349268,-1.372303,-0.253403,-0.038078,6.217415,323.45046,341.98932,-2.192289,2781.492,2794.6376,9.54987,OverRange,OverRange,OverRange,0,0,0,0,0.79,-1.16,0,0
2025/03/31 00:34:00.135,n,5.5299,98.399184,0.071573,0.094162,0.027854,0.176891,0.141769,0.062945,-3.375537,-1.44381,-0.252518,-0.041054,6.212978,323.50512,341.7032,-2.143191,2759.9578,2788.9318,21.203774,OverRange,OverRange,OverRange,0,0,0,0,0.79,-1.14,0,0
2025/03/31 00:35:00.137,n,5.50148,98.345472,0,0.035279,0.049752,0.106135,0.159202,0.043329,-3.349268,-1.458111,-0.251289,-0.040352,6.204137,323.56766,341.7218,-2.102095,2755.1546,2773.0732,15.388308,OverRange,OverRange,OverRange,0,0,0,0,0.79,-1.16,0,0
2025/03/31 00:36:00.138,n,5.498162,98.400696,0.035025,0.041117,0.078174,0.21227,0.165355,0.065432,-3.388671,-1.386604,-0.249176,-0.040352,6.204137,323.75048,341.7218,-2.210891,2764.7512,2781.3972,11.454258,OverRange,OverRange,OverRange,0,0,0,0,0.78,-1.14,0,0
2025/03/31 00:37:00.134,n,5.496502,98.409976,0.035025,0.070304,0.058612,0.176891,0.182788,0.047023,-3.41494,-1.372303,-0.249878,-0.041054,6.197439,323.6567,341.6264,-2.251461,2784.0056,2794.9168,15.09967,OverRange,OverRange,OverRange,0,0,0,0,0.79,-1.15,0,0
2025/03/31 00:38:00.134,n,5.496502,98.400696,0.105076,0.094162,0.027854,0.176891,0.159202,0.037105,-3.401806,-1.300797,-0.256218,-0.040878,6.201909,323.13032,341.66404,-2.316349,2763.285,2780.4344,14.505172,OverRange,OverRange,OverRange,0,0,0,0,0.79,-1.15,0,0
2025/03/31 00:39:00.134,n,5.50148,98.405336,0.035025,0.105837,0.069597,0.141513,0.153306,0.065871,-3.401806,-1.386604,-0.246536,-0.041054,6.198578,323.95136,341.632,-2.220684,2770.7868,2786.2392,8.625544,OverRange,OverRange,OverRange,0,0,0,0,0.78,-1.15,0,0
2025/03/31 00:40:00.134,n,5.498162,98.376184,0.035025,0.122588,0.069169,0.176891,0.200477,0.076426,-3.41494,-1.415207,-0.264664,-0.042114,6.197439,322.37766,341.53224,-2.222283,2784.6014,2788.7956,3.34664,OverRange,OverRange,OverRange,0,0,0,0,0.79,-1.15,0,0
2025/03/31 00:41:00.134,n,5.479851,98.383904,0.035025,0.058375,0.052732,0.106135,0.170995,0.052075,-3.428074,-1.372303,-0.275925,-0.042809,6.203014,321.43104,341.49808,-2.288887,OverRange,OverRange,OverRange,OverRange,OverRange,OverRange,0,0,0,0,0.78,-1.15,0,0
2025/03/31 00:42:00.135,n,5.439762,98.399184,-0.07005,0.093654,0.090358,0.21227,0.136129,0.055976,-3.572553,-1.415207,-0.271355,-0.044914,6.197439,321.79886,341.28356,-2.383786,3090.0744,3146.4638,54.545396,OverRange,OverRange,OverRange,0,0,0,0,0.79,-1.15,0,0
2025/03/31 00:43:00.138,n,5.451481,98.377744,0,0.006091,0.035005,0.176891,0.123824,0.053654,-3.572553,-1.472412,-0.27417,-0.045273,6.193035,321.53344,341.22984,-2.329038,3093.9324,3153.5998,46.034772,OverRange,OverRange,OverRange,0,0,0,0,0.78,-1.16,0,0
2025/03/31 00:44:00.139,n,5.471501,98.46056,-0.105076,-0.046446,0.0953,0.072295,0.100495,0.056522,-3.598821,-1.400906,-0.291428,-0.044395,6.196399,320.05732,341.32448,-2.444948,3117.1098,3158.8166,43.972716,OverRange,OverRange,OverRange,0,0,0,0,0.79,-1.16,0,0
2025/03/31 00:45:00.140,n,5.423062,98.48356,-0.07005,-0.05203,0.08508,0.035378,0.029738,0.072394,-3.520015,-1.529617,-0.232819,-0.045975,6.204137,325.16546,341.22244,-2.177241,2829.2316,3023.7864,203.02906,OverRange,OverRange,OverRange,0,0,0,0,0.79,-1.15,0,0
2025/03/31 00:46:00.135,n,5.441422,98.449864,0,0.000254,0.049966,0.035378,0.083062,0.048192,-3.309294,-1.572521,-0.129128,-0.045975,6.20524,334.14072,341.22788,-1.819925,2883.3064,2906.9358,14.505172,OverRange,OverRange,OverRange,0,0,0,0,0.78,-1.15,0,0
2025/03/31 00:47:00.135,n,5.424725,98.480528,-0.035025,-0.07005,0.038368,0.072295,0.05922,0.057839,-2.915262,-1.601124,-0.077591,-0.044212,6.218537,338.66464,341.45016,-1.347517,2890.7718,2903.409,10.19804,OverRange,OverRange,OverRange,0,0,0,0,0.79,-1.15,0,0
2025/03/31 00:48:00.134,n,5.429753,98.452944,-0.140101,-0.07005,0.044304,0.035378,0.017689,0.106723,-2.613171,-1.700611,-0.070389,-0.044395,6.2252,339.32056,341.4668,-0.938554,2919.93,2938.346,12,OverRange,OverRange,OverRange,0,0,0,0,0.79,-1.16,0,0
2025/03/31 00:49:00.134,n,5.478192,98.549576,-0.07005,-0.092893,0.116459,0.035378,0.036404,0.071374,-2.508096,-1.815643,-0.070389,-0.045624,6.237373,339.38076,341.41792,-0.717218,2883.2634,2924.1268,27.217642,OverRange,OverRange,OverRange,0,0,0,0,0.78,-1.15,0,0
2025/03/31 00:50:00.135,n,5.44479,98.520424,-0.105076,-0.0467,0.098237,0.072295,0.012049,0.043271,-2.324215,-1.88715,-0.072678,-0.045799,6.249515,339.24284,341.4624,-0.463943,2873.843,2906.7068,26.061466,OverRange,OverRange,OverRange,0,0,0,0,0.79,-1.15,0,0
2025/03/31 00:51:00.136,n,5.46481,98.55568,-0.07005,-0.011421,0.08513,0,0.017689,0.053654,-2.284812,-1.801342,-0.081818,-0.045097,6.277243,338.58948,341.662,-0.52019,2928.2458,2906.8206,12.033288,OverRange,OverRange,OverRange,0,0,0,0,0.78,-1.15,0,0
2025/03/31 00:52:00.137,n,5.4548,98.546504,-0.07005,-0.017513,0.036735,-0.035378,0.035635,0.063461,-2.311081,-1.88715,-0.079529,-0.048431,6.294944,338.87508,341.45356,-0.455028,2910.4958,2922.6318,17.366634,OverRange,OverRange,OverRange,0,0,0,0,0.79,-1.15,0,0
2025/03/31 00:53:00.139,n,5.448113,98.548056,-0.035025,-0.011675,0.052732,-0.035378,0.05922,0.076476,-2.376753,-2.00156,-0.083748,-0.046852,6.317081,338.6196,341.70324,-0.412088,OverRange,OverRange,OverRange,OverRange,OverRange,OverRange,0,0,0,0,0.78,-1.14,0,0
2025/03/31 00:54:00.142,n,5.456463,98.58024,-0.035025,-0.035025,0.044304,0.035378,0.05358,0.058325,-2.389887,-2.030163,-0.082344,-0.047729,6.334782,338.82868,341.713,-0.394339,OverRange,OverRange,OverRange,OverRange,OverRange,OverRange,0,0,0,0,0.79,-1.15,0,0
2025/03/31 00:55:00.136,n,5.459831,98.55724,-0.035025,0.052538,0.075933,0.141513,0.106391,0.044511,-2.389887,-2.030163,-0.1008,-0.049309,6.352515,337.31996,341.66052,-0.411215,3131.707,3198.1116,54.626,OverRange,OverRange,OverRange,0,0,0,0,0.79,-1.16,0,0
2025/03/31 00:56:00.135,n,5.443131,98.541864,0,-0.029188,0.104881,0.106135,0.077166,0.060881,-2.560634,-2.173176,-0.09816,-0.051239,6.369126,337.6306,341.57136,-0.434379,3156.8542,3211.514,39.979996,OverRange,OverRange,OverRange,0,0,0,0,0.79,-1.15,0,0
2025/03/31 00:57:00.134,n,5.443131,98.583312,0,-0.040863,0.13183,0.106135,0.112031,0.060936,-2.586903,-2.144573,-0.09623,-0.050896,6.384649,337.87448,341.67876,-0.487663,3156.0354,3222.8006,52.945256,OverRange,OverRange,OverRange,0,0,0,0,0.78,-1.14,0,0
2025/03/31 00:58:00.135,n,5.491471,98.563392,0,-0.145938,0.133678,0.106135,0.041787,0.052429,-2.573768,-2.173176,-0.100273,-0.049835,6.396823,337.58504,341.83328,-0.45103,3147.3646,3220.164,51.162488,OverRange,OverRange,OverRange,0,0,0,0,0.78,-1.15,0,0
2025/03/31 00:59:00.136,n,5.46315,98.607824,0.071573,0.035533,0.038928,0.176891,0.147922,0.060162,-2.744515,-2.187477,-0.121033,-0.050194,6.406755,335.83852,341.85072,-0.627877,3184.1892,3231.9748,31.660702,OverRange,OverRange,OverRange,0,0,0,0,0.79,-1.16,0,0
2025/03/31 01:00:07.052,n,5.468182,98.603232,0.140101,0.082233,0.047711,0.106135,0.141769,0.058834,-2.928397,-2.130272,-0.13089,-0.049133,6.406755,334.9858,341.94492,-0.879881,OverRange,OverRange,OverRange,OverRange,OverRange,OverRange,0,0,0,0,0.79,-1.16,0,0
2025/03/31 01:01:00.140,n,5.478192,98.635456,0.035025,0.058629,0.098275,0.106135,0.129977,0.036044,-2.850161,-2.087368,-0.139923,-0.047554,6.403455,334.1879,342.06868,-0.855162,OverRange,OverRange,OverRange,OverRange,OverRange,OverRange,0,0,0,0,0.79,-1.15,0,0
2025/03/31 01:02:00.144,n,5.474819,98.571064,0.140101,0.011675,0.100704,0.072295,0.1128,0.051346,-2.888994,-2.173176,-0.128952,-0.049309,6.395718,335.0987,341.87456,-0.795461,OverRange,OverRange,OverRange,OverRange,OverRange,OverRange,0,0,0,0,0.79,-1.14,0,0
2025/03/31 01:03:00.144,n,5.471501,98.603232,0,0.029441,0.087122,0.21227,0.159715,0.082315,-2.758221,-2.244682,-0.113289,-0.048607,6.406755,336.5084,341.99168,-0.57822,3188.1312,3238.1836,56.085648,OverRange,OverRange,OverRange,0,0,0,0,0.79,-1.15,0,0
2025/03/31 01:04:00.135,n,5.5299,98.635456,0.105076,0.07005,0.085794,0.072295,0.129977,0.036044,-2.678843,-2.030163,-0.106781,-0.04615,6.399,337.03276,342.17128,-0.709311,OverRange,OverRange,OverRange,OverRange,OverRange,OverRange,0,0,0,0,0.79,-1.16,0,0
2025/03/31 01:05:00.135,n,5.506512,98.630824,0.140101,0.081979,0.057137,0.247648,0.159459,0.065777,-2.731381,-1.901451,-0.104843,-0.045448,6.396823,337.18968,342.22292,-0.889324,3240.85,3141.295,110.6996,OverRange,OverRange,OverRange,0,0,0,0,0.8,-1.16,0,0
2025/03/31 01:06:00.135,n,5.531559,98.575648,-0.035025,0.111167,0.104764,0.176891,0.176891,0.050032,-2.613171,-1.758438,-0.108185,-0.042114,6.397895,336.90592,342.52428,-0.920804,OverRange,OverRange,OverRange,OverRange,OverRange,OverRange,0,0,0,0,0.79,-1.15,0,0
2025/03/31 01:07:00.136,n,5.528191,98.589416,0.035025,0.087563,0.079098,0.072295,0.18894,0.08228,-2.626306,-1.801342,-0.110474,-0.043869,6.389086,336.66436,342.32488,-0.891568,OverRange,OverRange,OverRange,OverRange,OverRange,OverRange,0,0,0,0,0.8,-1.15,0,0
2025/03/31 01:08:00.137,n,5.528191,98.606312,0.175126,0.081979,0.098203,0.21227,0.241751,0.052075,-2.626306,-1.858547,-0.111351,-0.043167,6.394595,336.61568,342.41444,-0.835943,OverRange,OverRange,OverRange,OverRange,OverRange,OverRange,0,0,0,0,0.79,-1.15,0,0
2025/03/31 01:09:00.139,n,5.526531,98.587952,-0.245176,0.005838,0.1373,0,0.135873,0.100906,-2.652575,-1.930054,-0.120506,-0.044044,6.392418,335.81296,342.32576,-0.798983,3297.3774,3299.1154,15.874508,OverRange,OverRange,OverRange,0,0,0,0,0.79,-1.14,0,0
2025/03/31 01:10:00.142,n,5.573208,98.584832,-0.173603,-0.16269,0.275725,0.106135,0.100238,0.112804,-2.705683,-1.915752,-0.126488,-0.043694,6.387981,335.27346,342.33488,-0.872725,OverRange,OverRange,OverRange,OverRange,OverRange,OverRange,0,0,0,0,0.79,-1.16,0,0
2025/03/31 01:11:00.144,n,5.55988,98.592488,0.071573,-0.098477,0.281194,0.247648,0.112031,0.152442,-2.586903,-1.744137,-0.122612,-0.043167,6.384649,335.59228,342.36516,-0.922211,OverRange,OverRange,OverRange,OverRange,OverRange,OverRange,0,0,0,0,0.79,-1.16,0,0
2025/03/31 01:12:00.145,n,5.55988,98.597128,0.105076,0.040863,0.122171,0.176891,0.182788,0.090659,-2.665709,-1.787041,-0.124908,-0.04351,6.389086,335.41568,342.35672,-0.960066,OverRange,OverRange,OverRange,OverRange,OverRange,OverRange,0,0,0,0,0.79,-1.16,0,0
2025/03/31 01:13:00.135,n,5.569889,98.586384,0.175126,0.111167,0.080988,0.318404,0.247648,0.067125,-2.600037,-1.644028,-0.128067,-0.041939,6.376879,335.08198,342.43584,-1.042137,OverRange,OverRange,OverRange,OverRange,OverRange,OverRange,0,0,0,0,0.78,-1.15,0,0
2025/03/31 01:14:00.137,n,5.554852,98.594056,0.210151,0.099746,0.07125,0.21227,0.188684,0.042845,-2.665709,-1.67263,-0.131767,-0.041237,6.37579,334.75644,342.49272,-1.083609,OverRange,OverRange,OverRange,OverRange,OverRange,OverRange,0,0,0,0,0.79,-1.16,0,0
2025/03/31 01:15:00.135,n,5.544842,98.600216,0.245176,0.011675,0.148048,0.21227,0.159202,0.079895,-2.665709,-1.700611,-0.125786,-0.042114,6.37579,335.27386,342.4148,-1.048769,OverRange,OverRange,OverRange,OverRange,OverRange,OverRange,0,0,0,0,0.79,-1.15,0,0
2025/03/31 01:16:00.139,n,5.553189,98.62628,0.105076,0.093908,0.047562,0.21227,0.200477,0.057772,-2.678843,-1.829945,-0.116806,-0.043343,6.37579,336.05064,342.30572,-0.922362,OverRange,OverRange,OverRange,OverRange,OverRange,OverRange,0,0,0,0,0.79,-1.16,0,0
2025/03/31 01:17:00.140,n,5.551529,98.630824,0,0.081725,0.095707,0.141513,0.19458,0.043329,-2.652575,-1.729836,-0.108887,-0.041237,6.374686,336.73028,342.48728,-0.990389,OverRange,OverRange,OverRange,OverRange,OverRange,OverRange,0,0,0,0,0.79,-1.16,0,0
2025/03/31 01:18:00.141,n,5.563198,98.64156,-0.140101,-0.063959,0.145731,0.106135,0.229959,0.106723,-2.600037,-1.829945,-0.097107,-0.04158,6.37579,337.75472,342.4622,-0.825619,OverRange,OverRange,OverRange,OverRange,OverRange,OverRange,0,0,0,0,0.79,-1.15,0,0
2025/03/31 01:19:00.145,n,5.518181,98.629312,0.105076,-0.011675,0.201408,0.247648,0.159202,0.048766,-2.573768,-1.787041,-0.090599,-0.041237,6.380227,338.3396,342.5146,-0.83609,OverRange,OverRange,OverRange,OverRange,OverRange,OverRange,0,0,0,0,0.78,-1.15,0,0
2025/03/31 01:20:00.149,n,5.531559,98.656896,0.140101,0.041117,0.190582,0.21227,0.235855,0.048336,-2.534365,-1.729836,-0.089722,-0.041054,6.384649,338.43744,342.55284,-0.853197,3242.519,3237.5876,10.733128,OverRange,OverRange,OverRange,0,0,0,0,0.79,-1.15,0,0
2025/03/31 01:21:00.148,n,5.57824,98.686048,0.035025,0.175126,0.085794,0.318404,0.288922,0.087854,-2.363618,-1.601124,-0.095169,-0.038948,6.386859,337.97728,342.75088,-0.818715,3134.0328,3192.8496,70.682392,OverRange,OverRange,OverRange,0,0,0,0,0.79,-1.16,0,0
2025/03/31 01:22:00.136,n,5.546501,98.707536,0.175126,0.093401,0.141263,0.318404,0.27713,0.052075,-2.508096,-1.772739,-0.105377,-0.041054,6.387981,337.09964,342.56932,-0.79968,3132.7054,3165.695,20.41568,OverRange,OverRange,OverRange,0,0,0,0,0.79,-1.16,0,0
2025/03/31 01:23:00.135,n,5.55988,98.684536,0.315227,0.128933,0.102769,0.318404,0.224062,0.057772,-2.534365,-1.772739,-0.111008,-0.041939,6.393491,336.63996,342.51808,-0.830694,3185.9744,3172.4334,12.52198,OverRange,OverRange,OverRange,0,0,0,0,0.79,-1.16,0,0
2025/03/31 01:24:00.138,n,5.60656,98.715152,0.245176,0.175126,0.062655,0.21227,0.229959,0.06229,-2.521231,-1.772739,-0.114693,-0.040352,6.401228,336.35944,342.69728,-0.822832,3232.1758,3263.3738,17.708756,OverRange,OverRange,OverRange,0,0,0,0,0.79,-1.15,0,0
2025/03/31 01:25:00.141,n,5.579899,98.678384,0.175126,0.163705,0.075289,0.353783,0.265337,0.082969,-2.573768,-1.729836,-0.120682,-0.041939,6.406755,335.86888,342.58388,-0.922676,3180.8466,3220.6036,35.788264,OverRange,OverRange,OverRange,0,0,0,0,0.79,-1.15,0,0
2025/03/31 01:26:00.142,n,5.581558,98.710608,0.210151,0.157867,0.065121,0.353783,0.271233,0.057772,-2.665709,-1.67263,-0.127548,-0.041939,6.413419,335.3078,342.6168,-1.078688,3157.367,3193.8586,32.273826,OverRange,OverRange,OverRange,0,0,0,0,0.79,-1.15,0,0
2025/03/31 01:27:00.145,n,5.566571,98.684536,0.280202,0.268527,0.068873,0.353783,0.324301,0.060935,-2.758221,-1.744137,-0.132118,-0.043343,6.418929,334.93972,342.51936,-1.10286,3167.2618,3179.3898,14.751272,OverRange,OverRange,OverRange,0,0,0,0,0.8,-1.15,0,0
2025/03/31 01:28:00.147,n,5.571549,98.73512,0.105076,0.198476,0.075663,0.21227,0.312508,0.068662,-2.731381,-1.872849,-0.136765,-0.044212,6.42673,334.57654,342.48088,-0.951084,3167.3902,3185.4834,21.335416,OverRange,OverRange,OverRange,0,0,0,0,0.79,-1.16,0,0
2025/03/31 01:29:00.148,n,5.58659,98.745864,0.210151,0.251014,0.040946,0.318404,0.324301,0.052075,-2.797053,-1.944355,-0.144302,-0.043869,6.43003,333.94082,342.52772,-0.953131,3179.2566,3200.711,14.113824,OverRange,OverRange,OverRange,0,0,0,0,0.8,-1.16,0,0
2025/03/31 01:30:07.076,n,5.588249,98.768856,0.315227,0.215989,0.071495,0.424539,0.27713,0.084957,-2.744515,-1.815643,-0.154831,-0.04351,6.434467,333.05212,342.5816,-1.040192,3174.0362,3195.414,19.61632,OverRange,OverRange,OverRange,0,0,0,0,0.79,-1.16,0,0
2025/03/31 01:31:00.137,n,5.601578,98.741224,0.175126,0.221826,0.047854,0.353783,0.353783,0.063287,-2.797053,-1.815643,-0.15921,-0.041756,6.432225,332.66208,342.72624,-1.098864,3169.2758,3207.4024,27.173518,OverRange,OverRange,OverRange,0,0,0,0,0.79,-1.15,0,0
2025/03/31 01:32:00.140,n,5.589909,98.767296,0.140101,0.262689,0.079098,0.424539,0.34199,0.096672,-2.810187,-1.700611,-0.153603,-0.042641,6.434467,333.15838,342.65884,-1.220538,3212.4974,3223.6982,25.361388,OverRange,OverRange,OverRange,0,0,0,0,0.79,-1.16,0,0
2025/03/31 01:33:00.135,n,5.593277,98.747328,0.245176,0.262689,0.057552,0.247648,0.294819,0.053264,-2.797053,-1.715534,-0.140266,-0.044395,6.436662,334.32288,342.51388,-1.177389,3216.3242,3244.8342,20.571826,OverRange,OverRange,OverRange,0,0,0,0,0.79,-1.15,0,0
2025/03/31 01:34:00.145,n,5.591618,98.771888,0.245176,0.22208,0.078253,0.353783,0.306612,0.048336,-2.758221,-1.758438,-0.133957,-0.043167,6.444367,334.90682,342.66112,-1.090572,3214.144,3261.7812,26.996296,OverRange,OverRange,OverRange,0,0,0,0,0.79,-1.16,0,0
2025/03/31 01:35:00.134,n,5.584927,98.751968,0.210151,0.204314,0.040946,0.318404,0.306612,0.061954,-2.810187,-1.858547,-0.13781,-0.043694,6.446594,334.58456,342.62536,-1.045756,3238.7264,3266.1572,14.805406,OverRange,OverRange,OverRange,0,0,0,0,0.78,-1.14,0,0
2025/03/31 01:36:00.135,n,5.60656,98.793328,0.315227,0.274364,0.056113,0.318404,0.318404,0.050032,-2.731381,-1.815643,-0.13974,-0.042984,6.443294,334.40128,342.67204,-1.012493,3263.281,3288.7972,17.527122,OverRange,OverRange,OverRange,0,0,0,0,0.8,-1.16,0,0
2025/03/31 01:37:00.135,n,5.59655,98.747328,0.210151,0.303552,0.065213,0.283026,0.371472,0.06229,-2.744515,-1.787041,-0.159042,-0.04351,6.443294,332.7315,342.62532,-1.073006,OverRange,OverRange,OverRange,OverRange,OverRange,OverRange,0,0,0,0,0.79,-1.16,0,0
2025/03/31 01:38:00.137,n,5.61657,98.79948,0.350252,0.291877,0.057196,0.389161,0.359679,0.047023,-2.875859,-1.844246,-0.180809,-0.04351,6.449926,330.88144,342.65816,-1.168912,OverRange,OverRange,OverRange,OverRange,OverRange,OverRange,0,0,0,0,0.78,-1.15,0,0
2025/03/31 01:39:00.136,n,5.604901,98.744304,0.210151,0.256851,0.068873,0.283026,0.330197,0.036538,-2.902699,-1.858547,-0.180985,-0.044571,6.454363,330.8883,342.58604,-1.180565,OverRange,OverRange,OverRange,OverRange,OverRange,OverRange,0,0,0,0,0.78,-1.16,0,0
2025/03/31 01:40:00.136,n,5.638298,98.751968,0.350252,0.145938,0.152537,0.424539,0.383264,0.041359,-2.928397,-1.787041,-0.180626,-0.044571,6.449926,330.89728,342.56396,-1.277411,OverRange,OverRange,OverRange,OverRange,OverRange,OverRange,0,0,0,0,0.79,-1.15,0,0
2025/03/31 01:41:00.134,n,5.611588,98.742792,-0.140101,0.151776,0.186216,0.318404,0.318404,0.031643,-2.9678,-1.658329,-0.198723,-0.043694,6.449926,329.33178,342.64188,-1.4645,OverRange,OverRange,OverRange,OverRange,OverRange,OverRange,0,0,0,0,0.79,-1.16,0,0
2025/03/31 01:42:00.135,n,5.60656,98.728968,0.350252,0.198476,0.186216,0.389161,0.353783,0.059199,-3.139118,-1.758438,-0.209618,-0.045624,6.452168,328.40054,342.48164,-1.544674,OverRange,OverRange,OverRange,OverRange,OverRange,OverRange,0,0,0,0,0.78,-1.15,0,0
2025/03/31 01:43:00.136,n,5.609928,98.704464,0.035025,0.070304,0.13834,0.318404,0.330197,0.042845,-3.204219,-1.801342,-0.223854,-0.045448,6.451063,327.16336,342.4916,-1.581282,OverRange,OverRange,OverRange,OverRange,OverRange,OverRange,0,0,0,0,0.78,-1.15,0,0
2025/03/31 01:44:00.134,n,5.62492,98.739704,0.245176,0.134517,0.080901,0.389161,0.300715,0.058132,-3.204219,-1.758438,-0.233879,-0.044571,6.451063,326.29614,342.56952,-1.635089,OverRange,OverRange,OverRange,OverRange,OverRange,OverRange,0,0,0,0,0.79,-1.16,0,0
2025/03/31 01:45:00.134,n,5.599869,98.716712,0.315227,0.280202,0.038368,0.424539,0.389161,0.089501,-3.244193,-1.801342,-0.227371,-0.046326,6.449926,326.85358,342.40812,-1.623896,OverRange,OverRange,OverRange,OverRange,OverRange,OverRange,0,0,0,0,0.8,-1.16,0,0
2025/03/31 01:46:00.136,n,5.623257,98.707536,0.315227,0.338577,0.028597,0.424539,0.389161,0.050033,-3.256756,-1.715534,-0.237923,-0.047203,6.444367,325.91326,342.30268,-1.731942,OverRange,OverRange,OverRange,OverRange,OverRange,OverRange,0,0,0,0,0.79,-1.16,0,0
2025/03/31 01:47:00.136,n,5.664959,98.692152,0.280202,0.297714,0.048279,0.389161,0.412746,0.069567,-3.231058,-1.615425,-0.267479,-0.044044,6.441067,323.34014,342.56684,-1.839068,OverRange,OverRange,OverRange,OverRange,OverRange,OverRange,0,0,0,0,0.79,-1.14,0,0
2025/03/31 01:48:00.137,n,5.641567,98.69372,0.350252,0.309389,0.051556,0.424539,0.383264,0.112804,-3.375537,-1.501015,-0.29213,-0.04615,6.431135,321.15848,342.33052,-2.120501,OverRange,OverRange,OverRange,OverRange,OverRange,OverRange,0,0,0,0,0.79,-1.15,0,0
2025/03/31 01:49:00.135,n,5.62492,98.64772,0.350252,0.391115,0.084109,0.389161,0.412746,0.088563,-3.585687,-1.55822,-0.294952,-0.047905,6.42673,320.89248,342.15288,-2.274514,OverRange,OverRange,OverRange,OverRange,OverRange,OverRange,0,0,0,0,0.8,-1.15,0,0
2025/03/31 01:50:00.134,n,5.59655,98.620136,0.280202,0.344414,0.046554,0.530674,0.418643,0.060935,-3.677628,-1.601124,-0.288254,-0.047203,6.416734,321.42248,342.16576,-2.317555,OverRange,OverRange,OverRange,OverRange,OverRange,OverRange,0,0,0,0,0.79,-1.16,0,0
2025/03/31 01:51:00.136,n,5.613247,98.656896,0.420302,0.361927,0.072348,0.459917,0.424539,0.044751,-3.757005,-1.572521,-0.295479,-0.047379,6.413419,320.78098,342.13368,-2.432584,OverRange,OverRange,OverRange,OverRange,OverRange,OverRange,0,0,0,0,0.79,-1.16,0,0
2025/03/31 01:52:00.134,n,5.61657,98.623208,0.315227,0.367765,0.057552,0.530674,0.448125,0.048337,-3.757005,-1.615425,-0.307632,-0.047729,6.396823,319.6474,342.02028,-2.401483,OverRange,OverRange,OverRange,OverRange,OverRange,OverRange,0,0,0,0,0.79,-1.14,0,0
2025/03/31 01:53:00.134,n,5.564862,98.627744,0.280202,0.361927,0.081892,0.353783,0.424539,0.104949,-3.822106,-1.601124,-0.316628,-0.04966,6.386859,318.82,341.7996,-2.487949,OverRange,OverRange,OverRange,OverRange,OverRange,OverRange,0,0,0,0,0.79,-1.15,0,0
2025/03/31 01:54:00.135,n,5.564862,98.632384,0.315227,0.361927,0.057196,0.530674,0.454021,0.060936,-3.874643,-1.572521,-0.321381,-0.049133,6.377984,318.36484,341.80232,-2.57437,OverRange,OverRange,OverRange,OverRange,OverRange,OverRange,0,0,0,0,0.79,-1.15,0,0
2025/03/31 01:55:00.135,n,5.561539,98.62472,0.175126,0.332739,0.082141,0.389161,0.383264,0.047024,-3.901483,-1.586823,-0.326668,-0.048431,6.369126,317.8635,341.82072,-2.592897,OverRange,OverRange,OverRange,OverRange,OverRange,OverRange,0,0,0,0,0.8,-1.16,0,0
2025/03/31 01:56:00.138,n,5.526531,98.653824,0.315227,0.286039,0.064266,0.353783,0.324301,0.060936,-3.940886,-1.486713,-0.328079,-0.049835,6.358057,317.68668,341.64128,-2.732417,OverRange,OverRange,OverRange,OverRange,OverRange,OverRange,0,0,0,0,0.79,-1.15,0,0
2025/03/31 01:57:00.140,n,5.48312,98.675352,0.210151,0.303552,0.052732,0.459917,0.418643,0.075603,-3.993424,-1.601124,-0.326668,-0.051941,6.352515,317.78124,341.42676,-2.667027,OverRange,OverRange,OverRange,OverRange,OverRange,OverRange,0,0,0,0,0.79,-1.15,0,0
2025/03/31 01:58:00.134,n,5.53825,98.702896,0.140101,0.280202,0.085794,0.318404,0.353783,0.063287,-4.071659,-1.572521,-0.324379,-0.051422,6.338178,317.90824,341.40184,-2.772095,OverRange,OverRange,OverRange,OverRange,OverRange,OverRange,0,0,0,0,0.79,-1.15,0,0
2025/03/31 01:59:00.134,n,5.528191,98.739704,0.210151,0.251014,0.056113,0.247648,0.330197,0.053264,-4.059096,-1.529617,-0.323677,-0.052467,6.335952,317.95788,341.29796,-2.800688,OverRange,OverRange,OverRange,OverRange,OverRange,OverRange,0,0,0,0,0.78,-1.15,0,0
2025/03/31 02:00:07.051,n,5.498162,98.69836,0.280202,0.280202,0.044304,0.318404,0.336093,0.06229,-4.098499,-1.586823,-0.325256,-0.053696,6.328182,317.78292,341.15052,-2.783237,OverRange,OverRange,OverRange,OverRange,OverRange,OverRange,0,0,0,0,0.79,-1.16,0,0
2025/03/31 02:01:00.135,n,5.51149,98.75504,0.315227,0.321064,0.026366,0.353783,0.430436,0.081957,-4.164171,-1.572521,-0.327202,-0.054398,6.318218,317.56522,341.03876,-2.864454,OverRange,OverRange,OverRange,OverRange,OverRange,OverRange,0,0,0,0,0.79,-1.16,0,0
2025/03/31 02:02:00.135,n,5.496502,98.741224,0.315227,0.303552,0.057196,0.283026,0.377368,0.065871,-4.124197,-1.586823,-0.332665,-0.054581,6.309345,317.04886,340.97868,-2.815458,OverRange,OverRange,OverRange,OverRange,OverRange,OverRange,0,0,0,0,0.79,-1.16,0,0
2025/03/31 02:03:00.136,n,5.48151,98.732048,0.350252,0.361927,0.047853,0.353783,0.395057,0.052075,-4.085364,-1.44381,-0.335136,-0.05423,6.309345,316.83502,341.00984,-2.922462,OverRange,OverRange,OverRange,OverRange,OverRange,OverRange,0,0,0,0,0.78,-1.15,0,0
2025/03/31 02:04:00.136,n,5.458123,98.742792,0.350252,0.326902,0.068873,0.389161,0.365575,0.061954,-4.071659,-1.44381,-0.337257,-0.055458,6.302713,316.61862,340.86784,-2.909649,OverRange,OverRange,OverRange,OverRange,OverRange,OverRange,0,0,0,0,0.79,-1.16,0,0
2025/03/31 02:05:00.139,n,5.4548,98.788784,0.280202,0.280202,0.062655,0.459917,0.377368,0.048336,-4.111633,-1.472412,-0.340424,-0.056862,6.293871,316.30108,340.69952,-2.922783,OverRange,OverRange,OverRange,OverRange,OverRange,OverRange,0,0,0,0,0.79,-1.15,0,0
2025/03/31 02:06:00.141,n,5.4548,98.78112,0.350252,0.332739,0.061668,0.424539,0.383264,0.052076,-4.071659,-1.429508,-0.344658,-0.057564,6.290474,315.91784,340.62024,-2.929245,OverRange,OverRange,OverRange,OverRange,OverRange,OverRange,0,0,0,0,0.78,-1.15,0,0
2025/03/31 02:07:00.134,n,5.448113,98.802552,0.350252,0.303552,0.061336,0.389161,0.383264,0.081958,-4.098499,-1.415207,-0.350128,-0.058449,6.286084,315.42292,340.51992,-2.974971,OverRange,OverRange,OverRange,OverRange,OverRange,OverRange,0,0,0,0,0.79,-1.15,0,0
2025/03/31 02:08:00.134,n,5.46315,98.824032,0.350252,0.326902,0.018087,0.424539,0.371472,0.048766,-4.098499,-1.415207,-0.352417,-0.057739,6.28277,315.20862,340.5666,-2.97797,OverRange,OverRange,OverRange,OverRange,OverRange,OverRange,0,0,0,0,0.78,-1.15,0,0
2025/03/31 02:09:00.134,n,5.449772,98.83776,0.315227,0.268527,0.042418,0.318404,0.330197,0.036538,-4.19044,-1.429508,-0.355423,-0.059151,6.275049,314.91036,340.40304,-3.057204,OverRange,OverRange,OverRange,OverRange,OverRange,OverRange,0,0,0,0,0.78,-1.14,0,0
2025/03/31 02:10:00.134,n,5.451481,98.814856,0.315227,0.297714,0.085076,0.353783,0.377368,0.042845,-4.28238,-1.429508,-0.361069,-0.059677,6.273912,314.41638,340.35072,-3.154264,OverRange,OverRange,OverRange,OverRange,OverRange,OverRange,0,0,0,0,0.79,-1.15,0,0
2025/03/31 02:11:00.135,n,5.451481,98.877648,0.175126,0.286039,0.064266,0.283026,0.353783,0.063287,-4.361187,-1.486713,-0.370422,-0.060555,6.267247,313.57418,340.23976,-3.184341,OverRange,OverRange,OverRange,OverRange,OverRange,OverRange,0,0,0,0,0.78,-1.14,0,0
2025/03/31 02:12:00.136,n,5.438103,98.840832,0.245176,0.251014,0.040946,0.318404,0.359679,0.034783,-4.413724,-1.458111,-0.384552,-0.059853,6.261738,312.32476,340.27492,-3.280313,OverRange,OverRange,OverRange,OverRange,OverRange,OverRange,0,0,0,0,0.78,-1.15,0,0
2025/03/31 02:13:00.139,n,5.446453,98.871496,0.280202,0.262689,0.048279,0.247648,0.318404,0.059199,-4.492531,-1.472412,-0.40416,-0.061424,6.251742,310.57908,340.0858,-3.362854,OverRange,OverRange,OverRange,OverRange,OverRange,OverRange,0,0,0,0,0.79,-1.15,0,0
2025/03/31 02:14:00.140,n,5.414715,98.892936,0.210151,0.256851,0.068873,0.318404,0.353783,0.080675,-4.624446,-1.429508,-0.416756,-0.063187,6.240641,309.43448,339.87432,-3.548506,OverRange,OverRange,OverRange,OverRange,OverRange,OverRange,0,0,0,0,0.78,-1.15,0,0
2025/03/31 02:15:00.143,n,5.43478,98.914368,0.071573,0.088324,0.047954,0.247648,0.265337,0.037105,-4.663849,-1.486713,-0.417633,-0.064415,6.232937,309.32052,339.72716,-3.530353,OverRange,OverRange,OverRange,OverRange,OverRange,OverRange,0,0,0,0,0.78,-1.15,0,0
2025/03/31 02:16:00.135,n,5.404751,98.874576,0.175126,0.175126,0.091335,0.318404,0.288922,0.068662,-4.703252,-1.415207,-0.417458,-0.06459,6.224078,309.29194,339.66784,-3.640912,OverRange,OverRange,OverRange,OverRange,OverRange,OverRange,0,0,0,0,0.78,-1.16,0,0
2025/03/31 02:17:00.134,n,5.416374,98.926672,0.071573,0.146446,0.074232,0.141513,0.229959,0.06229,-4.782058,-1.44381,-0.428909,-0.065643,6.207436,308.21894,339.49196,-3.701514,OverRange,OverRange,OverRange,OverRange,OverRange,OverRange,0,0,0,0,0.79,-1.15,0,0
2025/03/31 02:18:00.134,n,5.426434,98.925112,0.175126,0.157613,0.065526,0.318404,0.241751,0.060935,-4.795192,-1.501015,-0.445465,-0.066521,6.195278,306.72674,339.35396,-3.673122,OverRange,OverRange,OverRange,OverRange,OverRange,OverRange,0,0,0,0,0.78,-1.16,0,0
2025/03/31 02:19:00.135,n,5.438103,98.929752,0.105076,0.192639,0.085076,0.247648,0.253544,0.014443,-4.795192,-1.372303,-0.463272,-0.067406,6.194173,305.1809,339.26996,-3.818756,OverRange,OverRange,OverRange,OverRange,OverRange,OverRange,0,0,0,0,0.79,-1.15,0,0
2025/03/31 02:20:00.135,n,5.421402,98.942008,0.105076,0.105076,0.062655,0.21227,0.206373,0.041359,-4.860864,-1.300797,-0.486557,-0.068634,6.177578,303.0846,339.0788,-3.977991,OverRange,OverRange,OverRange,OverRange,OverRange,OverRange,0,0,0,0,0.78,-1.14,0,0
2025/03/31 02:21:00.137,n,5.416374,98.96344,0.175126,0.169288,0.034437,0.141513,0.135617,0.112804,-4.887133,-1.143482,-0.518326,-0.068283,6.16204,300.25964,339.0332,-4.193694,OverRange,OverRange,OverRange,OverRange,OverRange,OverRange,0,0,0,0,0.79,-1.15,0,0
2025/03/31 02:22:00.140,n,5.404751,98.966472,0.035025,0.145938,0.08114,0.176891,0.229959,0.058132,-4.953376,-1.157784,-0.555603,-0.070213,6.13875,296.91992,338.74672,-4.280982,OverRange,OverRange,OverRange,OverRange,OverRange,OverRange,0,0,0,0,0.79,-1.15,0,0
2025/03/31 02:23:00.144,n,5.384732,98.998648,0.035025,0.134517,0.119984,0.21227,0.165355,0.065432,-5.071585,-1.11488,-0.591339,-0.070564,6.115476,293.71356,338.60052,-4.477481,OverRange,OverRange,OverRange,OverRange,OverRange,OverRange,0,0,0,0,0.79,-1.15,0,0
2025/03/31 02:24:00.144,n,5.383072,98.980288,0.035025,0.105076,0.044304,0.21227,0.206373,0.041359,-5.189795,-1.11488,-0.62001,-0.070564,6.09108,291.11288,338.48008,-4.624362,OverRange,OverRange,OverRange,OverRange,OverRange,OverRange,0,0,0,0,0.79,-1.16,0,0
2025/03/31 02:25:00.134,n,5.414715,98.987904,-0.035025,0.076142,0.067953,0.106135,0.171251,0.075196,-5.281736,-1.086277,-0.626389,-0.071793,6.065613,290.43534,338.24516,-4.750055,OverRange,OverRange,OverRange,OverRange,OverRange,OverRange,0,0,0,0,0.79,-1.14,0,0
2025/03/31 02:26:00.135,n,5.399773,99.000208,0.140101,0.052792,0.072706,0.21227,0.165099,0.042845,-5.255467,-1.057674,-0.59346,-0.073204,6.04125,293.16358,337.99956,-4.718049,OverRange,OverRange,OverRange,OverRange,OverRange,OverRange,0,0,0,0,0.78,-1.15,0,0
2025/03/31 02:27:00.135,n,5.381413,99.000208,0.071573,0.088324,0.047954,0.176891,0.12972,0.053264,-5.163526,-1.029072,-0.547302,-0.074783,6.017944,297.04138,337.74428,-4.606973,OverRange,OverRange,OverRange,OverRange,OverRange,OverRange,0,0,0,0,0.78,-1.15,0,0
2025/03/31 02:28:00.136,n,5.346501,98.989464,0.105076,0.059137,0.036477,0.176891,0.147666,0.075293,-5.019048,-1.043373,-0.49485,-0.074432,5.999058,301.48556,337.68224,-4.396093,OverRange,OverRange,OverRange,OverRange,OverRange,OverRange,0,0,0,0,0.79,-1.15,0,0
2025/03/31 02:29:00.138,n,5.326626,99.010904,0.105076,0.052792,0.048393,0.176891,0.118184,0.065653,-4.75579,-1.057674,-0.438766,-0.073906,5.979151,306.2389,337.6308,-4.062976,OverRange,OverRange,OverRange,OverRange,OverRange,OverRange,0,0,0,0,0.79,-1.16,0,0
2025/03/31 02:30:07.034,n,5.343182,98.980288,-0.035025,0.052538,0.075933,0.035378,0.118184,0.072881,-4.439993,-1.11488,-0.378189,-0.071793,5.963629,311.40258,337.74192,-3.63151,OverRange,OverRange,OverRange,OverRange,OverRange,OverRange,0,0,0,0,0.78,-1.16,0,0
2025/03/31 02:31:00.144,n,5.314907,98.989464,0.035025,0.011675,0.08768,0,0.05358,0.037406,-4.256112,-1.157784,-0.339371,-0.071976,5.952528,314.70574,337.67088,-3.365723,OverRange,OverRange,OverRange,OverRange,OverRange,OverRange,0,0,0,0,0.78,-1.14,0,0
2025/03/31 02:32:00.144,n,5.271744,98.97872,0,0.035279,0.062828,0.106135,0.070757,0.07751,-4.019122,-1.315098,-0.312042,-0.074257,5.948092,317.04798,337.44644,-2.941809,OverRange,OverRange,OverRange,OverRange,OverRange,OverRange,0,0,0,0,0.78,-1.15,0,0
2025/03/31 02:33:00.149,n,5.245083,98.958856,-0.035025,0.011929,0.036667,0.141513,0.100751,0.025954,-3.887778,-1.486713,-0.298302,-0.07338,5.942534,318.20922,337.49696,-2.625986,OverRange,OverRange,OverRange,OverRange,OverRange,OverRange,0,0,0,0,0.79,-1.14,0,0
2025/03/31 02:34:00.134,n,5.243424,98.987904,-0.105076,-0.081725,0.047854,0,-0.011536,0.048863,-3.7433,-1.543919,-0.295654,-0.074608,5.935888,318.40546,337.35512,-2.420427,OverRange,OverRange,OverRange,OverRange,OverRange,OverRange,0,0,0,0,0.79,-1.15,0,0
2025/03/31 02:35:00.135,n,5.208561,98.969544,-0.173603,-0.110406,0.063659,-0.141513,0.006409,0.079353,-3.730165,-1.686932,-0.298645,-0.076546,5.934798,318.14132,337.1776,-2.265333,OverRange,OverRange,OverRange,OverRange,OverRange,OverRange,0,0,0,0,0.79,-1.16,0,0
2025/03/31 02:36:00.137,n,5.14201,98.908264,-0.07005,-0.081725,0.028598,-0.035378,0,0.031643,-3.940886,-1.844246,-0.302353,-0.075661,5.929224,317.79322,337.22884,-2.323333,OverRange,OverRange,OverRange,OverRange,OverRange,OverRange,0,0,0,0,0.79,-1.15,0,0
2025/03/31 02:37:00.141,n,5.193619,98.951184,0,-0.058375,0.036174,0.035378,-0.005384,0.085514,-3.86208,-1.815643,-0.315743,-0.075661,5.925893,316.61854,337.2124,-2.286518,OverRange,OverRange,OverRange,OverRange,OverRange,OverRange,0,0,0,0,0.79,-1.14,0,0
2025/03/31 02:38:00.142,n,5.127068,98.974184,-0.07005,-0.005838,0.074848,0,0.024098,0.053812,-3.901483,-1.844246,-0.334251,-0.075485,5.920366,314.9902,337.20076,-2.316003,OverRange,OverRange,OverRange,OverRange,OverRange,OverRange,0,0,0,0,0.78,-1.14,0,0
2025/03/31 02:39:00.144,n,5.075505,98.932824,-0.140101,-0.134009,0.055894,-0.035378,-0.029482,0.060936,-4.111633,-2.00156,-0.358421,-0.076363,5.910371,312.85004,337.07352,-2.392132,OverRange,OverRange,OverRange,OverRange,OverRange,OverRange,0,0,0,0,0.78,-1.15,0,0
2025/03/31 02:40:00.145,n,5.052262,98.972616,-0.140101,-0.145685,0.046367,-0.035378,-0.06486,0.034784,-4.203574,-2.00156,-0.376076,-0.075485,5.903708,311.29004,337.11864,-2.502604,OverRange,OverRange,OverRange,OverRange,OverRange,OverRange,0,0,0,0,0.79,-1.15,0,0
2025/03/31 02:41:00.146,n,5.048893,98.925112,-0.315227,-0.27411,0.064737,-0.175353,-0.111775,0.040878,-4.269246,-2.030163,-0.377312,-0.077591,5.891504,311.12298,336.87148,-2.538804,OverRange,OverRange,OverRange,OverRange,OverRange,OverRange,0,0,0,0,0.78,-1.15,0,0
2025/03/31 02:42:00.148,n,4.960709,98.928184,-0.173603,-0.169035,0.051525,0,-0.076397,0.068214,-4.374892,-2.115971,-0.343956,-0.076546,5.879298,313.94828,336.90416,-2.526332,OverRange,OverRange,OverRange,OverRange,OverRange,OverRange,0,0,0,0,0.79,-1.15,0,0
2025/03/31 02:43:00.135,n,4.934048,98.889904,-0.245176,-0.20406,0.041167,-0.106135,-0.06486,0.041359,-4.19044,-2.101669,-0.283676,-0.072678,5.868214,319.10818,337.19308,-2.299769,OverRange,OverRange,OverRange,OverRange,OverRange,OverRange,0,0,0,0,0.79,-1.14,0,0
2025/03/31 02:44:00.137,n,4.800946,98.848552,-0.173603,-0.25609,0.07294,-0.175353,-0.152537,0.028135,-4.229843,-2.416298,-0.223854,-0.074783,5.85271,324.2067,336.92968,-1.962616,OverRange,OverRange,OverRange,OverRange,OverRange,OverRange,0,0,0,0,0.78,-1.14,0,0
2025/03/31 02:45:00.137,n,4.849236,98.873008,-0.385277,-0.273856,0.092758,-0.175353,-0.164586,0.061312,-3.83524,-2.33049,-0.17273,-0.068985,5.844909,328.59078,337.4062,-1.608495,OverRange,OverRange,OverRange,OverRange,OverRange,OverRange,0,0,0,0,0.8,-1.16,0,0
2025/03/31 02:46:00.140,n,4.759293,98.84704,-0.210151,-0.321064,0.097611,-0.141513,-0.20586,0.060702,-3.757005,-2.516407,-0.15834,-0.069862,5.830511,329.76456,337.25732,-1.329076,OverRange,OverRange,OverRange,OverRange,OverRange,OverRange,0,0,0,0,0.79,-1.16,0,0
2025/03/31 02:47:00.143,n,4.852555,98.897576,-0.315227,-0.344161,0.064573,-0.21227,-0.235342,0.036646,-3.467477,-2.344792,-0.148689,-0.066345,5.830511,330.59942,337.56968,-1.20503,OverRange,OverRange,OverRange,OverRange,OverRange,OverRange,0,0,0,0,0.79,-1.15,0,0
2025/03/31 02:48:00.145,n,4.877507,98.974184,-0.350252,-0.27411,0.08447,-0.175353,-0.211244,0.058836,-3.467477,-2.444901,-0.128067,-0.063187,5.823848,332.35062,337.81744,-1.087457,OverRange,OverRange,OverRange,OverRange,OverRange,OverRange,0,0,0,0,0.78,-1.15,0,0
2025/03/31 02:49:00.146,n,4.845867,98.958856,-0.315227,-0.320557,0.041557,-0.247648,-0.170739,0.052044,-3.164816,-2.301888,-0.110474,-0.063362,5.826074,333.88352,337.81284,-0.910039,OverRange,OverRange,OverRange,OverRange,OverRange,OverRange,0,0,0,0,0.78,-1.15,0,0
2025/03/31 02:50:00.149,n,4.897476,99.010904,-0.210151,-0.303552,0.065213,-0.21227,-0.265081,0.062728,-3.047177,-2.387695,-0.109772,-0.06002,5.820516,333.9169,338.08228,-0.709233,OverRange,OverRange,OverRange,OverRange,OverRange,OverRange,0,0,0,0,0.78,-1.15,0,0
2025/03/31 02:51:00.151,n,4.945767,98.995568,-0.350252,-0.361927,0.028598,-0.247648,-0.288666,0.068691,-2.928397,-2.373394,-0.119804,-0.058266,5.820516,333.04902,338.23812,-0.616541,OverRange,OverRange,OverRange,OverRange,OverRange,OverRange,0,0,0,0,0.79,-1.14,0,0
2025/03/31 02:52:00.137,n,4.885807,98.961928,-0.315227,-0.343653,0.092508,-0.318404,-0.264824,0.066519,-2.928397,-2.201779,-0.121033,-0.060722,5.819412,332.93716,338.01436,-0.786928,OverRange,OverRange,OverRange,OverRange,OverRange,OverRange,0,0,0,0,0.79,-1.15,0,0
2025/03/31 02:53:00.141,n,4.924088,98.991024,-0.41878,-0.419541,0.058614,-0.389161,-0.324044,0.052322,-2.942102,-2.359093,-0.087616,-0.059853,5.822726,335.84424,338.10796,-0.610773,OverRange,OverRange,OverRange,OverRange,OverRange,OverRange,0,0,0,0,0.78,-1.14,0,0
2025/03/31 02:54:00.141,n,4.840885,98.9818,-0.245176,-0.332232,0.100804,-0.353783,-0.311995,0.027316,-2.850161,-2.416298,-0.085503,-0.059151,5.824952,336.03804,338.18128,-0.460215,OverRange,OverRange,OverRange,OverRange,OverRange,OverRange,0,0,0,0,0.79,-1.14,0,0
2025/03/31 02:55:00.144,n,4.917446,99.030824,-0.385277,-0.390861,0.040733,-0.353783,-0.353783,0.022375,-2.770784,-2.359093,-0.096931,-0.055283,5.828284,335.06574,338.54116,-0.45334,OverRange,OverRange,OverRange,OverRange,OverRange,OverRange,0,0,0,0,0.78,-1.15,0,0
2025/03/31 02:56:00.135,n,4.887516,98.987904,-0.41878,-0.4835,0.060568,-0.175353,-0.265081,0.062728,-2.783919,-2.430599,-0.11628,-0.05809,5.834914,333.42468,338.32448,-0.411509,OverRange,OverRange,OverRange,OverRange,OverRange,OverRange,0,0,0,0,0.78,-1.14,0,0
2025/03/31 02:57:00.134,n,4.932438,99.029312,-0.523855,-0.413703,0.086551,-0.353783,-0.335581,0.044084,-2.810187,-2.287586,-0.094124,-0.056686,5.833843,335.336,338.44384,-0.560038,OverRange,OverRange,OverRange,OverRange,OverRange,OverRange,0,0,0,0,0.79,-1.16,0,0
2025/03/31 02:58:00.134,n,4.900799,99.027752,-0.523855,-0.542129,0.057279,-0.423001,-0.340964,0.079455,-2.691978,-2.33049,-0.079002,-0.058617,5.840505,336.67696,338.30532,-0.381873,OverRange,OverRange,OverRange,OverRange,OverRange,OverRange,0,0,0,0,0.78,-1.15,0,0
2025/03/31 02:59:00.135,n,4.975701,99.058368,-0.41878,-0.442891,0.029346,-0.247648,-0.330197,0.101719,-2.508096,-2.187477,-0.070915,-0.054581,5.842683,337.38724,338.67444,-0.336954,OverRange,OverRange,OverRange,OverRange,OverRange,OverRange,0,0,0,0,0.79,-1.16,0,0
2025/03/31 03:00:07.095,n,4.964077,99.055288,-0.41878,-0.454312,0.06975,-0.21227,-0.330197,0.065871,-2.521231,-2.316189,-0.06424,-0.054932,5.85271,338.01416,338.69272,-0.21435,OverRange,OverRange,OverRange,OverRange,OverRange,OverRange,0,0,0,0,0.79,-1.15,0,0
2025/03/31 03:01:00.134,n,4.9674,99.087464,-0.41878,-0.402028,0.065937,-0.318404,-0.330197,0.028886,-2.494962,-2.344792,-0.071274,-0.056335,5.857114,337.42732,338.58972,-0.165109,OverRange,OverRange,OverRange,OverRange,OverRange,OverRange,0,0,0,0,0.8,-1.15,0,0
2025/03/31 03:02:00.134,n,4.99733,99.095128,-0.560403,-0.495937,0.040733,-0.389161,-0.365319,0.042424,-2.376753,-2.201779,-0.076012,-0.051239,5.865972,337.06108,339.08592,-0.199747,OverRange,OverRange,OverRange,OverRange,OverRange,OverRange,0,0,0,0,0.79,-1.14,0,0
2025/03/31 03:03:00.134,n,4.979019,99.08292,-0.455328,-0.443145,0.018873,-0.423001,-0.341477,0.048192,-2.442424,-2.33049,-0.074257,-0.054054,5.874877,337.25676,338.8798,-0.132137,OverRange,OverRange,OverRange,OverRange,OverRange,OverRange,0,0,0,0,0.78,-1.15,0,0
2025/03/31 03:04:00.134,n,4.982342,99.035464,-0.560403,-0.478424,0.061107,-0.353783,-0.35327,0.081217,-2.389887,-2.273285,-0.072319,-0.054054,5.888171,337.49,338.94536,-0.134867,OverRange,OverRange,OverRange,OverRange,OverRange,OverRange,0,0,0,0,0.79,-1.15,0,0
2025/03/31 03:05:00.134,n,5.025601,99.089024,-0.41878,-0.45482,0.049324,-0.459917,-0.423514,0.02239,-2.403021,-2.301888,-0.071793,-0.053696,5.89373,337.56288,339.00456,-0.119231,OverRange,OverRange,OverRange,OverRange,OverRange,OverRange,0,0,0,0,0.78,-1.14,0,0
2025/03/31 03:06:00.134,n,5.058853,99.052264,-0.490353,-0.484261,0.046977,-0.423001,-0.406081,0.062033,-2.350484,-2.201779,-0.071442,-0.051765,5.901498,337.63144,339.2142,-0.168381,OverRange,OverRange,OverRange,OverRange,OverRange,OverRange,0,0,0,0,0.78,-1.16,0,0
2025/03/31 03:07:00.135,n,5.028923,99.06144,-0.560403,-0.519287,0.03439,-0.566052,-0.406081,0.09456,-2.350484,-2.230381,-0.078819,-0.052994,5.908129,337.02604,339.13792,-0.145928,OverRange,OverRange,OverRange,OverRange,OverRange,OverRange,0,0,0,0,0.79,-1.15,0,0
2025/03/31 03:08:00.135,n,5.102165,99.058368,-0.523855,-0.50685,0.048505,-0.353783,-0.359166,0.052151,-2.297946,-2.115971,-0.073723,-0.049309,5.914792,337.49968,339.49796,-0.20639,OverRange,OverRange,OverRange,OverRange,OverRange,OverRange,0,0,0,0,0.78,-1.16,0,0
2025/03/31 03:09:00.139,n,5.077164,99.072184,-0.523855,-0.536292,0.036477,-0.281488,-0.400185,0.091231,-2.350484,-2.158875,-0.072495,-0.052467,5.922593,337.64444,339.25596,-0.211636,OverRange,OverRange,OverRange,OverRange,OverRange,OverRange,0,0,0,0,0.79,-1.15,0,0
2025/03/31 03:10:00.134,n,5.137078,99.098208,-0.455328,-0.489845,0.049754,-0.353783,-0.388392,0.063464,-2.297946,-2.030163,-0.075485,-0.049835,5.930361,337.42396,339.52792,-0.293433,OverRange,OverRange,OverRange,OverRange,OverRange,OverRange,0,0,0,0,0.78,-1.16,0,0
2025/03/31 03:11:00.134,n,5.168621,99.069104,-0.350252,-0.437561,0.072265,-0.389161,-0.382495,0.068746,-2.127199,-1.944355,-0.078651,-0.046326,5.938064,337.188,339.87752,-0.21517,OverRange,OverRange,OverRange,OverRange,OverRange,OverRange,0,0,0,0,0.79,-1.15,0,0
2025/03/31 03:12:00.134,n,5.132046,99.02472,-0.735529,-0.513449,0.118576,-0.318404,-0.406594,0.053556,-2.192871,-1.958035,-0.089371,-0.048256,5.941461,336.27752,339.72292,-0.275951,OverRange,OverRange,OverRange,OverRange,OverRange,OverRange,0,0,0,0,0.79,-1.14,0,0
2025/03/31 03:13:00.134,n,5.110417,98.997128,-0.41878,-0.477916,0.110505,-0.423001,-0.400441,0.042513,-2.376753,-2.073067,-0.115402,-0.052826,5.946987,334.05292,339.34432,-0.366262,OverRange,OverRange,OverRange,OverRange,OverRange,OverRange,0,0,0,0,0.79,-1.15,0,0
2025/03/31 03:14:00.134,n,5.150357,99.033896,-0.41878,-0.430962,0.056889,-0.353783,-0.371215,0.02905,-2.468693,-2.087368,-0.118568,-0.050194,5.953618,333.81168,339.61076,-0.4497,OverRange,OverRange,OverRange,OverRange,OverRange,OverRange,0,0,0,0,0.78,-1.14,0,0
2025/03/31 03:15:00.135,n,5.115444,99.021648,-0.41878,-0.425379,0.046676,-0.353783,-0.359423,0.040878,-2.521231,-1.972958,-0.104668,-0.049133,5.962491,335.05798,339.74872,-0.603807,OverRange,OverRange,OverRange,OverRange,OverRange,OverRange,0,0,0,0,0.78,-1.14,0,0
2025/03/31 03:16:00.135,n,5.175308,99.036928,-0.350252,-0.373348,0.035784,-0.389161,-0.324044,0.056906,-2.416156,-1.88715,-0.1045,-0.046677,5.964719,335.08346,339.97788,-0.586829,OverRange,OverRange,OverRange,OverRange,OverRange,OverRange,0,0,0,0,0.78,-1.15,0,0
2025/03/31 03:17:00.137,n,5.163689,98.991024,-0.315227,-0.425378,0.074496,-0.389161,-0.376855,0.066095,-2.521231,-2.087368,-0.146408,-0.048782,5.972487,331.49642,339.82912,-0.531488,OverRange,OverRange,OverRange,OverRange,OverRange,OverRange,0,0,0,0,0.79,-1.14,0,0
2025/03/31 03:18:00.138,n,5.18029,98.998648,-0.455328,-0.425379,0.059889,-0.423001,-0.335324,0.058232,-2.652575,-2.044464,-0.206276,-0.047905,5.972487,326.31756,339.90704,-0.766481,OverRange,OverRange,OverRange,OverRange,OverRange,OverRange,0,0,0,0,0.79,-1.14,0,0
2025/03/31 03:19:00.134,n,5.168621,98.980288,-0.41878,-0.419795,0.062147,-0.389161,-0.371215,0.036668,-2.875859,-1.987259,-0.229477,-0.048958,5.975819,324.32714,339.83012,-1.069119,OverRange,OverRange,OverRange,OverRange,OverRange,OverRange,0,0,0,0,0.79,-1.15,0,0
2025/03/31 03:20:00.134,n,5.19191,98.946552,-0.455328,-0.402536,0.053022,-0.389161,-0.347374,0.052012,-3.05974,-1.88715,-0.238091,-0.048958,5.972487,323.56546,339.81352,-1.361723,OverRange,OverRange,OverRange,OverRange,OverRange,OverRange,0,0,0,0,0.79,-1.14,0,0
2025/03/31 03:21:00.135,n,5.205242,98.986392,-0.455328,-0.471825,0.061152,-0.389161,-0.383008,0.069112,-3.152252,-1.915752,-0.243019,-0.049835,5.974714,323.15008,339.7466,-1.429684,OverRange,OverRange,OverRange,OverRange,OverRange,OverRange,0,0,0,0,0.79,-1.16,0,0
2025/03/31 03:22:00.134,n,5.15363,98.914368,-0.41878,-0.472079,0.0789,-0.281488,-0.323532,0.047834,-3.204219,-1.858547,-0.24865,-0.049309,5.97135,322.64646,339.77676,-1.545012,OverRange,OverRange,OverRange,OverRange,OverRange,OverRange,0,0,0,0,0.79,-1.15,0,0
2025/03/31 03:23:00.134,n,5.173599,98.934288,-0.385277,-0.361419,0.068981,-0.318404,-0.317892,0.070453,-3.309294,-1.858547,-0.248825,-0.051064,5.97135,322.63128,339.62096,-1.648508,OverRange,OverRange,OverRange,OverRange,OverRange,OverRange,0,0,0,0,0.79,-1.15,0,0
2025/03/31 03:24:00.136,n,5.18195,98.931264,-0.41878,-0.419795,0.049539,-0.423001,-0.341477,0.053133,-3.441209,-1.872849,-0.246712,-0.050011,5.964719,322.78144,339.6818,-1.765061,OverRange,OverRange,OverRange,OverRange,OverRange,OverRange,0,0,0,0,0.79,-1.15,0,0
2025/03/31 03:25:00.137,n,5.150357,98.935856,-0.385277,-0.437307,0.037033,-0.353783,-0.394801,0.075485,-3.454343,-1.972958,-0.246193,-0.052826,5.96805,322.84272,339.44816,-1.674753,OverRange,OverRange,OverRange,OverRange,OverRange,OverRange,0,0,0,0,0.79,-1.15,0,0
2025/03/31 03:26:00.137,n,5.19191,98.926672,-0.523855,-0.448475,0.04104,-0.281488,-0.394801,0.079282,-3.349268,-1.744137,-0.247238,-0.045975,5.961387,322.71948,340.0238,-1.806395,OverRange,OverRange,OverRange,OverRange,OverRange,OverRange,0,0,0,0,0.78,-1.16,0,0
2025/03/31 03:27:00.139,n,5.147038,98.873008,-0.41878,-0.466495,0.076042,-0.423001,-0.435819,0.029147,-3.388671,-1.815643,-0.258156,-0.052292,5.959192,321.76422,339.45192,-1.778892,OverRange,OverRange,OverRange,OverRange,OverRange,OverRange,0,0,0,0,0.78,-1.15,0,0
2025/03/31 03:28:00.134,n,5.188591,98.965,-0.385277,-0.442891,0.061688,-0.389161,-0.400954,0.048336,-3.322999,-1.744137,-0.268715,-0.046677,5.953618,320.82328,339.92308,-1.800901,OverRange,OverRange,OverRange,OverRange,OverRange,OverRange,0,0,0,0,0.79,-1.14,0,0
2025/03/31 03:29:00.134,n,5.152066,98.873008,-0.385277,-0.483754,0.05545,-0.281488,-0.371215,0.077055,-3.467477,-1.801342,-0.282799,-0.051422,5.951391,319.59396,339.49068,-1.897512,OverRange,OverRange,OverRange,OverRange,OverRange,OverRange,0,0,0,0,0.79,-1.14,0,0
2025/03/31 03:30:07.033,n,5.152066,98.871496,-0.523855,-0.466241,0.056828,-0.423001,-0.382752,0.060523,-3.611956,-1.872849,-0.287727,-0.052292,5.950287,319.16218,339.408,-1.974543,OverRange,OverRange,OverRange,OverRange,OverRange,OverRange,0,0,0,0,0.78,-1.15,0,0
2025/03/31 03:31:00.134,n,5.143719,98.81632,-0.385277,-0.460658,0.051423,-0.423001,-0.399928,0.10356,-3.677628,-1.815643,-0.28685,-0.051239,5.941461,319.19458,339.458,-2.097595,OverRange,OverRange,OverRange,OverRange,OverRange,OverRange,0,0,0,0,0.78,-1.15,0,0
2025/03/31 03:32:00.135,n,5.148697,98.851576,-0.523855,-0.489591,0.038377,-0.389161,-0.406337,0.036819,-3.7433,-1.901451,-0.282974,-0.052124,5.938064,319.51304,339.3626,-2.072699,OverRange,OverRange,OverRange,OverRange,OverRange,OverRange,0,0,0,0,0.79,-1.15,0,0
2025/03/31 03:33:00.135,n,5.102165,98.831656,-0.350252,-0.448982,0.089599,-0.247648,-0.347117,0.071843,-3.757005,-1.901451,-0.275223,-0.052994,5.939219,320.1893,339.29104,-2.077783,OverRange,OverRange,OverRange,OverRange,OverRange,OverRange,0,0,0,0,0.78,-1.15,0,0
2025/03/31 03:34:00.137,n,5.137078,98.850016,-0.455328,-0.425886,0.051594,-0.389161,-0.377112,0.073476,-3.704467,-1.801342,-0.266777,-0.049492,5.930361,320.87626,339.5584,-2.120411,OverRange,OverRange,OverRange,OverRange,OverRange,OverRange,0,0,0,0,0.78,-1.14,0,0
2025/03/31 03:35:00.140,n,5.133755,98.811728,-0.455328,-0.367257,0.065693,-0.318404,-0.35327,0.070761,-3.62509,-1.744137,-0.26519,-0.050362,5.925893,320.99154,339.4592,-2.095782,OverRange,OverRange,OverRange,OverRange,OverRange,OverRange,0,0,0,0,0.79,-1.15,0,0
2025/03/31 03:36:00.141,n,5.145378,98.810216,-0.41878,-0.425379,0.02658,-0.353783,-0.335581,0.049437,-3.559418,-1.744137,-0.264481,-0.050011,5.918156,321.0147,339.45216,-2.029751,OverRange,OverRange,OverRange,OverRange,OverRange,OverRange,0,0,0,0,0.79,-1.14,0,0
2025/03/31 03:37:00.134,n,5.102165,98.77496,-0.560403,-0.461165,0.086977,-0.423001,-0.371215,0.073142,-3.559418,-1.729836,-0.261498,-0.050362,5.912598,321.2454,339.3936,-2.040718,OverRange,OverRange,OverRange,OverRange,OverRange,OverRange,0,0,0,0,0.79,-1.15,0,0
2025/03/31 03:38:00.134,n,5.107098,98.73512,-0.455328,-0.443399,0.036375,-0.353783,-0.394032,0.084661,-3.664493,-1.844246,-0.256744,-0.050896,5.913702,321.66198,339.35164,-2.026096,OverRange,OverRange,OverRange,OverRange,OverRange,OverRange,0,0,0,0,0.79,-1.15,0,0
2025/03/31 03:39:00.134,n,5.090447,98.702896,-0.490353,-0.448982,0.104442,-0.495296,-0.376855,0.099377,-3.62509,-1.858547,-0.256218,-0.050896,5.910371,321.69116,339.33524,-1.971865,OverRange,OverRange,OverRange,OverRange,OverRange,OverRange,0,0,0,0,0.79,-1.14,0,0
2025/03/31 03:40:00.136,n,5.113785,98.75348,-0.385277,-0.414211,0.063741,-0.353783,-0.377368,0.048336,-3.611956,-1.844246,-0.255859,-0.050537,5.909267,321.71676,339.36168,-1.973032,OverRange,OverRange,OverRange,OverRange,OverRange,OverRange,0,0,0,0,0.78,-1.14,0,0
2025/03/31 03:41:00.135,n,5.053921,98.67228,-0.560403,-0.460911,0.092584,-0.459917,-0.377112,0.052994,-3.704467,-1.944355,-0.256393,-0.052467,5.902603,321.63776,339.15744,-1.964038,OverRange,OverRange,OverRange,OverRange,OverRange,OverRange,0,0,0,0,0.79,-1.14,0,0
2025/03/31 03:42:00.135,n,5.053921,98.71364,-0.41878,-0.466749,0.029097,-0.318404,-0.347117,0.061209,-3.690762,-1.958035,-0.254456,-0.053169,5.898167,321.78342,339.07316,-1.934014,OverRange,OverRange,OverRange,OverRange,OverRange,OverRange,0,0,0,0,0.79,-1.15,0,0
2025/03/31 03:43:00.140,n,5.045574,98.715152,-0.490353,-0.408627,0.065213,-0.459917,-0.412234,0.048192,-3.664493,-1.930054,-0.256744,-0.051765,5.891504,321.55264,339.16504,-1.939418,OverRange,OverRange,OverRange,OverRange,OverRange,OverRange,0,0,0,0,0.79,-1.16,0,0
2025/03/31 03:44:00.140,n,5.040543,98.738152,-0.455328,-0.466495,0.065164,-0.353783,-0.382752,0.034055,-3.62509,-2.00156,-0.255859,-0.051064,5.884872,321.59644,339.1946,-1.828326,OverRange,OverRange,OverRange,OverRange,OverRange,OverRange,0,0,0,0,0.78,-1.13,0,0
2025/03/31 03:45:00.142,n,5.037274,98.719784,-0.315227,-0.414465,0.064266,-0.318404,-0.377368,0.048336,-3.690762,-1.987259,-0.258499,-0.051064,5.878209,321.3353,339.16184,-1.910939,OverRange,OverRange,OverRange,OverRange,OverRange,OverRange,0,0,0,0,0.78,-1.14,0,0
2025/03/31 03:46:00.134,n,5.025601,98.709048,-0.560403,-0.460404,0.07813,-0.389161,-0.41249,0.042765,-3.704467,-2.058144,-0.265892,-0.051941,5.867109,320.64106,339.02916,-1.860275,OverRange,OverRange,OverRange,OverRange,OverRange,OverRange,0,0,0,0,0.78,-1.15,0,0
2025/03/31 03:47:00.134,n,5.020623,98.692152,-0.455328,-0.490353,0.054261,-0.495296,-0.436075,0.057839,-3.664493,-1.944355,-0.277336,-0.051064,5.854872,319.59078,339.0468,-1.946411,OverRange,OverRange,OverRange,OverRange,OverRange,OverRange,0,0,0,0,0.78,-1.15,0,0
2025/03/31 03:48:00.135,n,5.027264,98.709048,-0.628931,-0.548474,0.075336,-0.423001,-0.441459,0.057857,-3.677628,-1.930054,-0.285965,-0.04966,5.848242,318.8117,339.13884,-1.983879,OverRange,OverRange,OverRange,OverRange,OverRange,OverRange,0,0,0,0,0.79,-1.14,0,0
2025/03/31 03:49:00.134,n,5.005631,98.661536,-0.523855,-0.494921,0.080988,-0.423001,-0.406594,0.053556,-3.757005,-1.88715,-0.298302,-0.051941,5.841611,317.71192,338.90364,-2.116216,OverRange,OverRange,OverRange,OverRange,OverRange,OverRange,0,0,0,0,0.78,-1.15,0,0
2025/03/31 03:50:00.136,n,5.020623,98.686048,-0.455328,-0.507358,0.036452,-0.423001,-0.471454,0.062191,-3.848946,-1.915752,-0.307282,-0.049492,5.834914,316.90206,339.08808,-2.190983,OverRange,OverRange,OverRange,OverRange,OverRange,OverRange,0,0,0,0,0.79,-1.16,0,0
2025/03/31 03:51:00.137,n,4.99733,98.661536,-0.41878,-0.45482,0.062999,-0.459917,-0.465301,0.051942,-3.901483,-1.872849,-0.319267,-0.051064,5.821653,315.79998,338.88328,-2.296838,OverRange,OverRange,OverRange,OverRange,OverRange,OverRange,0,0,0,0,0.79,-1.14,0,0
2025/03/31 03:52:00.140,n,5.0173,98.681456,-0.523855,-0.524617,0.038377,-0.423001,-0.477094,0.066683,-3.887778,-1.858547,-0.328781,-0.051941,5.812748,314.93314,338.76148,-2.30607,OverRange,OverRange,OverRange,OverRange,OverRange,OverRange,0,0,0,0,0.78,-1.15,0,0
2025/03/31 03:53:00.141,n,5.022331,98.663104,-0.560403,-0.525378,0.054261,-0.529136,-0.447868,0.065487,-3.874643,-1.787041,-0.328964,-0.051064,5.806085,314.88452,338.80664,-2.365503,OverRange,OverRange,OverRange,OverRange,OverRange,OverRange,0,0,0,0,0.79,-1.14,0,0
2025/03/31 03:54:00.143,n,5.018963,98.649288,-0.560403,-0.583246,0.075714,-0.529136,-0.441459,0.057857,-3.927181,-1.88715,-0.316803,-0.051239,5.792759,315.87092,338.7254,-2.305595,OverRange,OverRange,OverRange,OverRange,OverRange,OverRange,0,0,0,0,0.78,-1.14,0,0
2025/03/31 03:55:00.134,n,5.048004,98.642992,-0.663956,-0.61218,0.095422,-0.60143,-0.536314,0.101444,-3.625661,-1.543919,-0.300064,-0.046501,5.801714,317.36306,339.19032,-2.335305,OverRange,OverRange,OverRange,OverRange,OverRange,OverRange,0,0,0,0,0.79,-1.14,0,0
2025/03/31 03:56:00.134,n,5.021393,98.61848,0.07005,-0.02335,0.081892,0.176891,0.12972,0.073077,-3.678199,-1.586823,-0.299362,-0.047386,5.796188,317.39642,339.0844,-2.343352,OverRange,OverRange,OverRange,OverRange,OverRange,OverRange,0,0,0,0,0.78,-1.14,0,0
2025/03/31 03:57:00.136,n,5.019684,98.547968,-0.105076,0.006091,0.067796,0.070757,0.118184,0.103909,-3.611956,-1.55822,-0.300064,-0.048264,5.781756,317.26484,338.93556,-2.305536,OverRange,OverRange,OverRange,OverRange,OverRange,OverRange,0,0,0,0,0.79,-1.14,0,0
2025/03/31 03:58:00.135,n,5.014706,98.581656,-0.07005,0.017766,0.08489,0.070757,0.117928,0.036539,-3.625661,-1.586823,-0.298485,-0.047386,5.778392,317.38476,338.99684,-2.289937,OverRange,OverRange,OverRange,OverRange,OverRange,OverRange,0,0,0,0,0.78,-1.16,0,0
2025/03/31 03:59:00.137,n,5.003083,98.538688,-0.033502,-0.040101,0.046676,0.106135,0.088446,0.019377,-3.651359,-1.601124,-0.295311,-0.047203,5.763994,317.5886,338.94236,-2.298343,OverRange,OverRange,OverRange,OverRange,OverRange,OverRange,0,0,0,0,0.78,-1.14,0,0
2025/03/31 04:00:07.267,n,4.968121,98.540256,-0.173603,-0.034264,0.09087,0,0.112031,0.060936,-3.546284,-1.515316,-0.290199,-0.044922,5.755121,317.98704,339.10124,-2.276245,OverRange,OverRange,OverRange,OverRange,OverRange,OverRange,0,0,0,0,0.78,-1.14,0,0
2025/03/31 04:01:00.140,n,4.998055,98.558664,0,-0.046446,0.087235,0.036916,0.071269,0.094704,-3.559418,-1.543919,-0.285973,-0.044395,5.748458,318.3198,339.11512,-2.257077,OverRange,OverRange,OverRange,OverRange,OverRange,OverRange,0,0,0,0,0.79,-1.14,0,0
2025/03/31 04:02:00.143,n,4.968121,98.532584,0.035025,0.006345,0.040341,0.141513,0.094342,0.061954,-3.467477,-1.501015,-0.278931,-0.044571,5.741762,318.89606,339.0666,-2.200822,OverRange,OverRange,OverRange,OverRange,OverRange,OverRange,0,0,0,0,0.78,-1.14,0,0
2025/03/31 04:03:00.144,n,4.969784,98.534152,-0.140101,-0.063959,0.046749,0.141513,0.094855,0.052584,-3.546284,-1.644028,-0.27224,-0.046158,5.737359,319.45328,338.90408,-2.128338,OverRange,OverRange,OverRange,OverRange,OverRange,OverRange,0,0,0,0,0.78,-1.14,0,0
2025/03/31 04:04:00.134,n,4.988095,98.561736,0,-0.069543,0.058249,0.070757,0.077166,0.040748,-3.520015,-1.644028,-0.269066,-0.048264,5.737359,319.72782,338.71708,-2.096789,OverRange,OverRange,OverRange,OverRange,OverRange,OverRange,0,0,0,0,0.79,-1.14,0,0
2025/03/31 04:05:00.135,n,4.94981,98.550952,-0.105076,-0.081218,0.04309,0.106135,0.041275,0.101102,-3.559418,-1.629726,-0.264488,-0.04879,5.732905,320.1019,338.6484,-2.14539,OverRange,OverRange,OverRange,OverRange,OverRange,OverRange,0,0,0,0,0.79,-1.14,0,0
2025/03/31 04:06:00.135,n,4.968121,98.586296,-0.140101,-0.052284,0.06561,0.070757,0.117928,0.036539,-3.586258,-1.658329,-0.262024,-0.049133,5.729541,320.29856,338.6014,-2.14082,OverRange,OverRange,OverRange,OverRange,OverRange,OverRange,0,0,0,0,0.79,-1.14,0,0
2025/03/31 04:07:00.135,n,4.964802,98.570912,0,-0.051776,0.048616,0.070757,0.053067,0.06229,-3.559418,-1.701233,-0.257973,-0.04966,5.726275,320.63296,338.5386,-2.066498,OverRange,OverRange,OverRange,OverRange,OverRange,OverRange,0,0,0,0,0.79,-1.14,0,0
2025/03/31 04:08:00.138,n,4.92984,98.596992,-0.07005,-0.105076,0.031327,-0.070757,0.023842,0.076476,-3.506881,-1.715534,-0.254456,-0.050545,5.725138,320.93148,338.45428,-1.995257,OverRange,OverRange,OverRange,OverRange,OverRange,OverRange,0,0,0,0,0.78,-1.14,0,0
2025/03/31 04:09:00.142,n,4.93985,98.575512,-0.105076,-0.151522,0.057075,0.070757,0.017945,0.048881,-3.53372,-1.772739,-0.250587,-0.049843,5.722911,321.25516,338.50568,-1.961726,OverRange,OverRange,OverRange,OverRange,OverRange,OverRange,0,0,0,0,0.79,-1.16,0,0
2025/03/31 04:10:00.141,n,4.944832,98.596992,-0.210151,-0.15736,0.06971,-0.070757,0.006409,0.081651,-3.481183,-1.758438,-0.248306,-0.050896,5.722911,321.45248,338.41216,-1.920155,OverRange,OverRange,OverRange,OverRange,OverRange,OverRange,0,0,0,0,0.79,-1.15,0,0
2025/03/31 04:11:00.144,n,4.938191,98.609296,-0.173603,-0.185786,0.05689,-0.070757,-0.046402,0.05759,-3.454343,-1.787041,-0.245834,-0.050545,5.718475,321.64456,338.42156,-1.862592,OverRange,OverRange,OverRange,OverRange,OverRange,OverRange,0,0,0,0,0.78,-1.16,0,0
2025/03/31 04:12:00.146,n,4.893269,98.607736,-0.173603,-0.168527,0.026176,0.036916,0.000513,0.055209,-3.53372,-1.844246,-0.246193,-0.0523,5.718475,321.61356,338.26576,-1.883368,OverRange,OverRange,OverRange,OverRange,OverRange,OverRange,0,0,0,0,0.78,-1.14,0,0
2025/03/31 04:13:00.134,n,4.901619,98.6154,-0.210151,-0.197715,0.029346,-0.035378,-0.035122,0.058834,-3.454343,-1.772739,-0.244255,-0.048958,5.718475,321.78118,338.56252,-1.876901,OverRange,OverRange,OverRange,OverRange,OverRange,OverRange,0,0,0,0,0.79,-1.15,0,0
2025/03/31 04:14:00.135,n,4.908211,98.638448,-0.140101,-0.145685,0.077946,-0.070757,-0.070757,0.038755,-3.506881,-1.901451,-0.243904,-0.051064,5.716248,321.80054,338.36452,-1.79827,OverRange,OverRange,OverRange,OverRange,OverRange,OverRange,0,0,0,0,0.79,-1.14,0,0
2025/03/31 04:15:00.138,n,4.883309,98.644552,-0.140101,-0.110659,0.046136,0.106135,-0.023586,0.069567,-3.506881,-1.801342,-0.243729,-0.050194,5.716248,321.81574,338.44176,-1.899073,OverRange,OverRange,OverRange,OverRange,OverRange,OverRange,0,0,0,0,0.79,-1.15,0,0
2025/03/31 04:16:00.137,n,4.866608,98.68444,-0.210151,-0.162943,0.028359,0,0.035635,0.044755,-3.53372,-1.915752,-0.245308,-0.051064,5.70848,321.64084,338.32628,-1.812212,OverRange,OverRange,OverRange,OverRange,OverRange,OverRange,0,0,0,0,0.78,-1.14,0,0
2025/03/31 04:17:00.139,n,4.841656,98.65988,-0.278679,-0.151268,0.07171,-0.104597,0.012305,0.076049,-3.53372,-1.829945,-0.24601,-0.051247,5.702907,321.5528,338.28264,-1.898539,OverRange,OverRange,OverRange,OverRange,OverRange,OverRange,0,0,0,0,0.79,-1.15,0,0
2025/03/31 04:18:00.141,n,4.835018,98.716576,-0.210151,-0.145938,0.056113,-0.104597,-0.023329,0.072731,-3.573124,-1.88715,-0.249008,-0.05265,5.705149,321.30438,338.16896,-1.882331,OverRange,OverRange,OverRange,OverRange,OverRange,OverRange,0,0,0,0,0.79,-1.14,0,0
2025/03/31 04:19:00.143,n,4.804989,98.68752,-0.140101,-0.151268,0.042088,0.036916,0.030251,0.052187,-3.559418,-1.872849,-0.248306,-0.051773,5.705149,321.36512,338.24688,-1.883103,OverRange,OverRange,OverRange,OverRange,OverRange,OverRange,0,0,0,0,0.79,-1.14,0,0
2025/03/31 04:20:00.147,n,4.839997,98.744208,-0.173603,-0.162436,0.07171,0,-0.029482,0.014443,-3.520015,-1.815643,-0.250061,-0.051773,5.701818,321.19696,338.23052,-1.902659,OverRange,OverRange,OverRange,OverRange,OverRange,OverRange,0,0,0,0,0.79,-1.14,0,0
2025/03/31 04:21:00.221,n,4.824959,98.79328,-0.105076,-0.151268,0.061109,-0.070757,-0.028969,0.069245,-3.598821,-1.958656,-0.24865,-0.051773,5.698518,321.30282,338.21428,-1.837041,OverRange,OverRange,OverRange,OverRange,OverRange,OverRange,0,0,0,0,0.79,-1.14,0,0
2025/03/31 04:22:00.135,n,4.86163,98.800896,-0.245176,-0.198476,0.061336,-0.070757,-0.075884,0.081762,-3.573124,-1.88715,-0.24707,-0.049492,5.692912,321.41186,338.38928,-1.883552,OverRange,OverRange,OverRange,OverRange,OverRange,OverRange,0,0,0,0,0.79,-1.16,0,0
2025/03/31 04:23:00.135,n,4.8233,98.781032,-0.210151,-0.175126,0.038368,-0.070757,-0.035122,0.063633,-3.625661,-1.88715,-0.248474,-0.052826,5.690751,321.2799,338.08272,-1.934159,OverRange,OverRange,OverRange,OverRange,OverRange,OverRange,0,0,0,0,0.78,-1.14,0,0
2025/03/31 04:24:00.138,n,4.854988,98.860712,-0.173603,-0.174618,0.031337,-0.070757,-0.029226,0.041843,-3.586258,-1.915752,-0.245308,-0.051422,5.690751,321.5538,338.20736,-1.864391,OverRange,OverRange,OverRange,OverRange,OverRange,OverRange,0,0,0,0,0.79,-1.14,0,0
2025/03/31 04:25:00.141,n,4.831646,98.842312,-0.140101,-0.163451,0.052732,-0.035378,-0.099982,0.096005,-3.546284,-1.844246,-0.245308,-0.051064,5.692912,321.5643,338.24972,-1.896282,OverRange,OverRange,OverRange,OverRange,OverRange,OverRange,0,0,0,0,0.78,-1.14,0,0
2025/03/31 04:26:00.143,n,4.849957,98.871456,-0.07005,-0.162943,0.052603,0.036916,-0.022816,0.072634,-3.53372,-1.858547,-0.245491,-0.051949,5.688509,321.52686,338.14952,-1.868716,OverRange,OverRange,OverRange,OverRange,OverRange,OverRange,0,0,0,0,0.79,-1.15,0,0
2025/03/31 04:27:00.144,n,4.824959,98.817744,-0.278679,-0.273603,0.026176,-0.104597,-0.123055,0.057857,-3.573124,-1.915752,-0.243904,-0.051422,5.687419,321.65872,338.19084,-1.849853,OverRange,OverRange,OverRange,OverRange,OverRange,OverRange,0,0,0,0,0.78,-1.15,0,0
2025/03/31 04:28:00.147,n,4.85162,98.900504,-0.315227,-0.215735,0.071671,-0.141513,-0.105622,0.031653,-3.53372,-1.872849,-0.242668,-0.05072,5.685177,321.7547,338.24224,-1.85282,OverRange,OverRange,OverRange,OverRange,OverRange,OverRange,0,0,0,0,0.79,-1.15,0,0
2025/03/31 04:29:00.151,n,4.8233,98.849968,-0.210151,-0.221572,0.029098,-0.070757,-0.106135,0.086659,-3.520015,-1.901451,-0.240913,-0.051773,5.684055,321.90094,338.1432,-1.807704,OverRange,OverRange,OverRange,OverRange,OverRange,OverRange,0,0,0,0,0.79,-1.14,0,0
2025/03/31 04:30:07.096,n,4.826668,98.876,-0.350252,-0.314973,0.062828,-0.247648,-0.194068,0.066027,-3.506881,-1.829945,-0.24073,-0.050362,5.680756,321.90058,338.25232,-1.867305,OverRange,OverRange,OverRange,OverRange,OverRange,OverRange,0,0,0,0,0.79,-1.14,0,0
2025/03/31 04:31:00.140,n,4.814999,98.885176,-0.315227,-0.314973,0.074051,-0.104597,-0.140744,0.055407,-3.467477,-1.858547,-0.242851,-0.050362,5.684055,321.7333,338.26852,-1.80142,OverRange,OverRange,OverRange,OverRange,OverRange,OverRange,0,0,0,0,0.78,-1.15,0,0
2025/03/31 04:32:00.140,n,4.858307,98.898992,-0.350252,-0.314719,0.032011,-0.176891,-0.176635,0.059569,-3.493746,-1.801342,-0.244957,-0.050362,5.679587,321.52926,338.24664,-1.886999,OverRange,OverRange,OverRange,OverRange,OverRange,OverRange,0,0,0,0,0.78,-1.16,0,0
2025/03/31 04:33:00.142,n,4.811676,98.902072,-0.245176,-0.279694,0.031337,-0.104597,-0.14664,0.057353,-3.573124,-1.930054,-0.244782,-0.051422,5.678514,321.53916,338.1472,-1.836429,OverRange,OverRange,OverRange,OverRange,OverRange,OverRange,0,0,0,0,0.79,-1.15,0,0
2025/03/31 04:34:00.134,n,4.829987,98.897432,-0.278679,-0.250506,0.025695,-0.247648,-0.194068,0.066519,-3.559418,-1.958656,-0.244782,-0.05265,5.677359,321.53348,338.03244,-1.792893,OverRange,OverRange,OverRange,OverRange,OverRange,OverRange,0,0,0,0,0.78,-1.14,0,0
2025/03/31 04:35:00.145,n,4.84327,98.920432,-0.245176,-0.285785,0.051594,-0.210731,-0.140744,0.086663,-3.546284,-1.844246,-0.24408,-0.050896,5.677359,321.5942,338.18828,-1.895222,OverRange,OverRange,OverRange,OverRange,OverRange,OverRange,0,0,0,0,0.79,-1.16,0,0
2025/03/31 04:36:00.146,n,4.888241,98.94192,-0.210151,-0.251014,0.067977,-0.141513,-0.128951,0.061784,-3.454343,-1.801342,-0.246712,-0.049316,5.680756,321.38314,338.34516,-1.850396,OverRange,OverRange,OverRange,OverRange,OverRange,OverRange,0,0,0,0,0.79,-1.14,0,0
2025/03/31 04:37:00.149,n,4.858307,98.943432,-0.41878,-0.361419,0.068359,-0.176891,-0.223806,0.042934,-3.559418,-1.815643,-0.252876,-0.051064,5.674093,320.8172,338.15732,-1.945587,OverRange,OverRange,OverRange,OverRange,OverRange,OverRange,0,0,0,0,0.79,-1.14,0,0
2025/03/31 04:38:00.151,n,4.854988,98.909736,-0.385277,-0.309389,0.067976,-0.176891,-0.182531,0.072544,-3.546284,-1.772739,-0.260445,-0.051773,5.675183,320.16772,338.09952,-1.982216,OverRange,OverRange,OverRange,OverRange,OverRange,OverRange,0,0,0,0,0.78,-1.15,0,0
2025/03/31 04:39:00.137,n,4.888241,98.951096,-0.278679,-0.27411,0.074827,-0.210731,-0.153049,0.072831,-3.53372,-1.787041,-0.272766,-0.049492,5.675183,319.10184,338.30208,-1.969954,OverRange,OverRange,OverRange,OverRange,OverRange,OverRange,0,0,0,0,0.79,-1.15,0,0
2025/03/31 04:40:00.138,n,4.858307,98.928096,-0.278679,-0.297207,0.037032,-0.247648,-0.229446,0.037406,-3.611956,-1.729836,-0.293022,-0.050896,5.671851,317.33328,338.16112,-2.124247,OverRange,OverRange,OverRange,OverRange,OverRange,OverRange,0,0,0,0,0.78,-1.14,0,0
2025/03/31 04:41:00.134,n,4.84327,98.926632,-0.41878,-0.360912,0.06478,-0.318404,-0.229702,0.066272,-3.7433,-1.829945,-0.321564,-0.052826,5.667415,314.8425,337.96788,-2.182093,OverRange,OverRange,OverRange,OverRange,OverRange,OverRange,0,0,0,0,0.79,-1.15,0,0
2025/03/31 04:42:00.134,n,4.85162,98.946504,-0.490353,-0.407866,0.072793,-0.283026,-0.247135,0.032334,-3.914618,-1.801342,-0.351196,-0.0523,5.662962,312.25726,337.99276,-2.412172,OverRange,OverRange,OverRange,OverRange,OverRange,OverRange,0,0,0,0,0.78,-1.14,0,0
2025/03/31 04:43:00.134,n,4.848297,98.923504,-0.385277,-0.391115,0.051556,-0.283026,-0.241495,0.056842,-4.07223,-1.758438,-0.374146,-0.052475,5.659631,310.25568,337.9608,-2.635462,OverRange,OverRange,OverRange,OverRange,OverRange,OverRange,0,0,0,0,0.78,-1.15,0,0
2025/03/31 04:44:00.134,n,4.858307,98.885176,-0.41878,-0.396445,0.065653,-0.141513,-0.282513,0.080137,-4.229843,-1.715534,-0.387566,-0.054054,5.652967,309.06188,337.78768,-2.84782,OverRange,OverRange,OverRange,OverRange,OverRange,OverRange,0,0,0,0,0.79,-1.15,0,0
2025/03/31 04:45:00.134,n,4.873249,98.925072,-0.455328,-0.419795,0.031338,-0.318404,-0.28277,0.045238,-4.426859,-1.729836,-0.396225,-0.055458,5.644062,308.2692,337.6194,-3.03779,OverRange,OverRange,OverRange,OverRange,OverRange,OverRange,0,0,0,0,0.79,-1.15,0,0
2025/03/31 04:46:00.136,n,4.854988,98.948024,-0.41878,-0.430962,0.056889,-0.318404,-0.265337,0.053654,-4.466833,-1.644028,-0.401619,-0.055817,5.638504,307.7753,337.56028,-3.168607,OverRange,OverRange,OverRange,OverRange,OverRange,OverRange,0,0,0,0,0.79,-1.15,0,0
2025/03/31 04:47:00.136,n,4.87994,98.906608,-0.385277,-0.390861,0.060183,-0.283026,-0.265081,0.037548,-4.506236,-1.543919,-0.403549,-0.05722,5.632963,307.581,337.40828,-3.308646,OverRange,OverRange,OverRange,OverRange,OverRange,OverRange,0,0,0,0,0.78,-1.14,0,0
2025/03/31 04:48:00.138,n,4.85162,98.912808,-0.385277,-0.390861,0.040733,-0.318404,-0.306099,0.04217,-4.453698,-1.529617,-0.409187,-0.057571,5.625211,307.05518,337.339,-3.275697,OverRange,OverRange,OverRange,OverRange,OverRange,OverRange,0,0,0,0,0.79,-1.14,0,0
2025/03/31 04:49:00.135,n,4.844929,98.931176,-0.315227,-0.338069,0.081809,-0.210731,-0.22278,0.069204,-4.611311,-1.529617,-0.423973,-0.059326,5.620775,305.75442,337.16144,-3.446341,OverRange,OverRange,OverRange,OverRange,OverRange,OverRange,0,0,0,0,0.78,-1.16,0,0
2025/03/31 04:50:00.134,n,4.841656,98.923504,-0.350252,-0.349998,0.038925,-0.210731,-0.264824,0.066027,-4.663849,-1.415207,-0.41394,-0.058624,5.614112,306.58944,337.19096,-3.603958,OverRange,OverRange,OverRange,OverRange,OverRange,OverRange,0,0,0,0,0.78,-1.15,0,0
2025/03/31 04:51:00.134,n,4.866608,98.908176,-0.245176,-0.326902,0.081892,-0.247648,-0.217653,0.041454,-4.677554,-1.329399,-0.457985,-0.059151,5.605209,302.7356,337.1004,-3.746989,OverRange,OverRange,OverRange,OverRange,OverRange,OverRange,0,0,0,0,0.79,-1.15,0,0
2025/03/31 04:52:00.135,n,4.838337,98.923504,-0.385277,-0.4368,0.048063,-0.247648,-0.300715,0.048765,-4.835167,-1.3437,-0.451462,-0.061256,5.597455,303.26182,336.87532,-3.881672,OverRange,OverRange,OverRange,OverRange,OverRange,OverRange,0,0,0,0,0.78,-1.14,0,0
2025/03/31 04:53:00.134,n,4.864899,98.905144,-0.523855,-0.419795,0.073037,-0.424539,-0.305843,0.082722,-4.795764,-1.272194,-0.426445,-0.061958,5.588551,305.38226,336.76936,-3.888056,OverRange,OverRange,OverRange,OverRange,OverRange,OverRange,0,0,0,0,0.78,-1.14,0,0
2025/03/31 04:54:00.135,n,4.863339,98.949528,-0.455328,-0.40279,0.061668,-0.389161,-0.323788,0.069035,-4.808327,-1.329399,-0.402321,-0.064072,5.585187,307.45248,336.56504,-3.817177,OverRange,OverRange,OverRange,OverRange,OverRange,OverRange,0,0,0,0,0.78,-1.15,0,0
2025/03/31 04:55:00.135,n,4.856648,98.94192,-0.350252,-0.385277,0.038368,-0.283026,-0.300459,0.036668,-4.571908,-1.329399,-0.375031,-0.064423,5.58192,309.79718,336.51784,-3.553116,OverRange,OverRange,OverRange,OverRange,OverRange,OverRange,0,0,0,0,0.79,-1.16,0,0
2025/03/31 04:56:00.139,n,4.885163,98.904008,-0.455328,-0.425886,0.034494,-0.318404,-0.371472,0.058132,-4.282952,-1.201309,-0.363388,-0.061966,5.600966,310.89786,336.82952,-3.383064,OverRange,OverRange,OverRange,OverRange,OverRange,OverRange,0,0,0,0,0.79,-1.14,0,0
2025/03/31 04:57:00.140,n,4.893463,98.94692,0.140101,0.162943,0.035388,0.141513,0.270464,0.08544,-4.257254,-1.243591,-0.353851,-0.064079,5.599861,311.71744,336.63644,-3.303434,OverRange,OverRange,OverRange,OverRange,OverRange,OverRange,0,0,0,0,0.79,-1.14,0,0
2025/03/31 04:58:00.135,n,4.860165,98.94228,0.035025,0.110406,0.060037,0.175353,0.22278,0.053403,-4.191011,-1.287117,-0.336212,-0.06601,5.599861,313.24328,336.46504,-3.174096,OverRange,OverRange,OverRange,OverRange,OverRange,OverRange,0,0,0,0,0.78,-1.14,0,0
2025/03/31 04:59:00.135,n,4.813534,98.896384,0.173603,0.110659,0.074589,0.316866,0.247391,0.038194,-4.21728,-1.473034,-0.325981,-0.067238,5.596563,314.11218,336.3398,-3.002989,OverRange,OverRange,OverRange,OverRange,OverRange,OverRange,0,0,0,0,0.79,-1.15,0,0
2025/03/31 05:00:07.051,n,4.7836,98.833496,0.140101,0.110152,0.064188,0.175353,0.211757,0.070453,-4.151608,-1.616047,-0.255875,-0.066536,5.596563,320.17676,336.40212,-2.724899,OverRange,OverRange,OverRange,OverRange,OverRange,OverRange,0,0,0,0,0.78,-1.14,0,0
2025/03/31 05:01:00.134,n,4.718609,98.847312,0.068528,0.110406,0.051424,0.175353,0.211244,0.058836,-4.007129,-1.716156,-0.249008,-0.066887,5.593198,320.75422,336.35448,-2.473095,OverRange,OverRange,OverRange,OverRange,OverRange,OverRange,0,0,0,0,0.79,-1.15,0,0
2025/03/31 05:02:00.137,n,4.73531,98.887104,0.173603,0.133502,0.051251,0.141513,0.182019,0.026849,-3.731307,-1.587444,-0.224739,-0.062851,5.599861,322.8863,336.74556,-2.305751,OverRange,OverRange,OverRange,OverRange,OverRange,OverRange,0,0,0,0,0.78,-1.15,0,0
2025/03/31 05:03:00.136,n,4.77525,98.904008,0.140101,0.163197,0.052465,0.247648,0.21791,0.027112,-3.494317,-1.601124,-0.210152,-0.065125,5.602071,324.15914,336.5546,-2.038221,OverRange,OverRange,OverRange,OverRange,OverRange,OverRange,0,0,0,0,0.78,-1.14,0,0
2025/03/31 05:04:00.136,n,4.778622,98.894832,0.140101,0.110406,0.035161,0.141513,0.194068,0.085556,-3.415511,-1.787663,-0.193985,-0.067062,5.605435,325.5741,336.39896,-1.754771,OverRange,OverRange,OverRange,OverRange,OverRange,OverRange,0,0,0,0,0.78,-1.14,0,0
2025/03/31 05:05:00.141,n,4.763581,98.972952,0.208628,0.16269,0.041665,0.175353,0.164073,0.017475,-3.32357,-1.773361,-0.203293,-0.065826,5.609888,324.79086,336.53068,-1.687676,OverRange,OverRange,OverRange,OverRange,OverRange,OverRange,0,0,0,0,0.79,-1.14,0,0
2025/03/31 05:06:00.143,n,4.77359,98.954544,0.208628,0.174111,0.030649,0.247648,0.205604,0.071994,-3.231058,-1.701233,-0.229309,-0.065483,5.613187,322.55646,336.57732,-1.693652,OverRange,OverRange,OverRange,OverRange,OverRange,OverRange,0,0,0,0,0.78,-1.15,0,0
2025/03/31 05:07:00.134,n,4.771931,98.969928,0.280202,0.215227,0.056404,0.175353,0.182019,0.026849,-3.284167,-1.630348,-0.281227,-0.066536,5.612097,318.0599,336.4784,-1.86851,OverRange,OverRange,OverRange,OverRange,OverRange,OverRange,0,0,0,0,0.78,-1.15,0,0
2025/03/31 05:08:00.134,n,4.76524,99.000544,0.313704,0.285278,0.033663,0.21227,0.211244,0.054813,-3.44178,-1.55822,-0.305534,-0.067947,5.605435,315.92454,336.32036,-2.121147,OverRange,OverRange,OverRange,OverRange,OverRange,OverRange,0,0,0,0,0.78,-1.14,0,0
2025/03/31 05:09:00.134,n,4.778622,98.991352,0.350252,0.38477,0.030649,0.21227,0.264568,0.092112,-3.481183,-1.515938,-0.285622,-0.067238,5.602071,317.63062,336.36692,-2.183629,OverRange,OverRange,OverRange,OverRange,OverRange,OverRange,0,0,0,0,0.78,-1.14,0,0
2025/03/31 05:10:00.136,n,4.770272,99.020464,0.350252,0.361419,0.036084,0.175353,0.14664,0.040704,-3.415511,-1.473034,-0.253235,-0.065308,5.600966,320.42666,336.53276,-2.130404,OverRange,OverRange,OverRange,OverRange,OverRange,OverRange,0,0,0,0,0.79,-1.14,0,0
2025/03/31 05:11:00.136,n,4.791901,99.025,0.453805,0.401775,0.087185,0.175353,0.188428,0.042934,-3.32357,-1.501015,-0.246895,-0.064781,5.604329,320.99176,336.5962,-2.004669,OverRange,OverRange,OverRange,OverRange,OverRange,OverRange,0,0,0,0,0.78,-1.14,0,0
2025/03/31 05:12:00.136,n,4.786923,99.017384,0.453805,0.536292,0.07294,0.141513,0.187659,0.065434,-3.139118,-1.458733,-0.223335,-0.064957,5.609888,323.0571,336.60792,-1.838764,OverRange,OverRange,OverRange,OverRange,OverRange,OverRange,0,0,0,0,0.78,-1.14,0,0
2025/03/31 05:13:00.137,n,4.786923,99.00972,0.663956,0.629185,0.058611,0.247648,0.187915,0.065545,-3.047748,-1.55822,-0.297951,-0.067062,5.617655,316.64054,336.45896,-1.720417,OverRange,OverRange,OverRange,OverRange,OverRange,OverRange,0,0,0,0,0.79,-1.16,0,0
2025/03/31 05:14:00.141,n,4.776959,99.04956,0.804057,0.815732,0.0286,0.281488,0.276104,0.040659,-3.192227,-1.64465,-0.34256,-0.070396,5.616551,312.77622,336.15748,-1.81974,OverRange,OverRange,OverRange,OverRange,OverRange,OverRange,0,0,0,0,0.79,-1.14,0,0
2025/03/31 05:15:00.143,n,4.786923,99.058736,0.87563,0.898473,0.052805,0.21227,0.235342,0.048192,-3.205361,-1.573143,-0.269951,-0.071632,5.61985,319.07346,336.06392,-1.830536,OverRange,OverRange,OverRange,OverRange,OverRange,OverRange,0,0,0,0,0.78,-1.14,0,0
2025/03/31 05:16:00.136,n,4.791901,99.015824,0.944158,0.938574,0.060537,0.175353,0.182275,0.041454,-3.060883,-1.573143,-0.254639,-0.070053,5.617655,320.38724,336.19336,-1.672325,OverRange,OverRange,OverRange,OverRange,OverRange,OverRange,0,0,0,0,0.78,-1.14,0,0
2025/03/31 05:17:00.135,n,4.790241,99.017384,1.189334,1.1604,0.081383,0.21227,0.20022,0.036742,-2.889565,-1.530239,-0.285805,-0.070229,5.627682,317.74058,336.22712,-1.574902,OverRange,OverRange,OverRange,OverRange,OverRange,OverRange,0,0,0,0,0.78,-1.15,0,0
2025/03/31 05:18:00.134,n,4.766949,99.055664,1.43451,1.341364,0.075195,0.21227,0.20586,0.04672,-2.823893,-1.587444,-0.32933,-0.071106,5.627682,313.97538,336.1492,-1.494673,3229.8812,3250.6892,17.088006,OverRange,OverRange,OverRange,0,0,0,0,0.78,-1.14,0,0
2025/03/31 05:19:00.136,n,4.76524,99.02808,1.714712,1.603799,0.081138,0.175353,0.229446,0.085937,-2.863867,-1.630348,-0.321045,-0.073921,5.629876,314.70292,335.90996,-1.480642,3215.3584,3260.2754,31.151244,OverRange,OverRange,OverRange,0,0,0,0,0.79,-1.15,0,0
2025/03/31 05:20:00.137,n,4.748638,99.023536,1.959888,1.907351,0.048274,0.106135,0.200477,0.061954,-2.640011,-1.687553,-0.29496,-0.073387,5.633191,316.97562,335.9736,-1.174031,3242.473,3264.5586,29.90652,OverRange,OverRange,OverRange,0,0,0,0,0.79,-1.15,0,0
2025/03/31 05:21:00.139,n,4.77525,99.101616,2.380191,2.269024,0.097486,0.175353,0.282257,0.098091,-2.429861,-1.64465,-0.343269,-0.073036,5.635417,312.80752,336.01568,-1.055445,3272.533,3225.657,46.069512,OverRange,OverRange,OverRange,0,0,0,0,0.79,-1.14,0,0
2025/03/31 05:22:00.140,n,4.778622,99.05108,2.65887,2.583743,0.080558,0.316866,0.317635,0.050256,-2.403592,-1.658329,-0.342911,-0.074966,5.634312,312.83316,335.83888,-1.013208,OverRange,OverRange,OverRange,OverRange,OverRange,OverRange,0,0,0,0,0.78,-1.15,0,0
2025/03/31 05:23:00.142,n,4.758648,99.04956,2.65887,2.671052,0.036267,0.316866,0.264568,0.036374,-2.351055,-1.844868,-0.249886,-0.075676,5.634312,320.88028,335.77584,-0.680397,OverRange,OverRange,OverRange,OverRange,OverRange,OverRange,0,0,0,0,0.79,-1.15,0,0
2025/03/31 05:24:00.145,n,4.746929,99.043456,3.079172,2.846178,0.163618,0.247648,0.246879,0.058836,-1.983292,-1.830566,-0.223152,-0.074448,5.637644,323.20922,335.90132,-0.30143,OverRange,OverRange,OverRange,OverRange,OverRange,OverRange,0,0,0,0,0.78,-1.16,0,0
2025/03/31 05:25:00.135,n,4.760311,99.08628,3.673077,3.40582,0.218548,0.21227,0.264568,0.066274,-1.536723,-1.815643,-0.244782,-0.073563,5.640975,321.3545,335.9962,0.107702,OverRange,OverRange,OverRange,OverRange,OverRange,OverRange,0,0,0,0,0.79,-1.15,0,0
2025/03/31 05:26:00.135,n,4.663727,99.04956,4.023329,3.919523,0.136333,0.247648,0.270464,0.062135,-1.431648,-2.045086,-0.232475,-0.076202,5.638781,322.40842,335.75112,0.457165,3226.501,3255.8672,26.63832,OverRange,OverRange,OverRange,0,0,0,0,0.79,-1.15,0,0
2025/03/31 05:27:00.135,n,4.662068,99.077104,4.268506,4.187288,0.089835,0.247648,0.329941,0.079682,-1.260901,-1.959278,-0.238098,-0.073738,5.645444,321.95472,336.00272,0.534017,3130.4444,3231.6146,56.348912,OverRange,OverRange,OverRange,0,0,0,0,0.78,-1.14,0,0
2025/03/31 05:28:00.136,n,4.760311,99.084816,4.828909,4.589571,0.163401,0.316866,0.276361,0.065003,-0.945105,-1.902073,-0.277878,-0.073219,5.647639,318.52436,336.05956,0.75231,3199.9382,3216.9318,15.697134,OverRange,OverRange,OverRange,0,0,0,0,0.79,-1.16,0,0
2025/03/31 05:29:00.139,n,4.758648,99.142968,5.319262,5.213679,0.138647,0.353783,0.370703,0.058418,-0.74866,-1.887772,-0.262909,-0.073921,5.647639,319.81922,335.99724,0.950124,3193.8328,3221.277,24.673872,OverRange,OverRange,OverRange,0,0,0,0,0.79,-1.15,0,0
2025/03/31 05:30:07.044,n,4.778622,99.118464,5.52789,5.52256,0.074772,0.281488,0.317379,0.089868,-0.512241,-1.87347,-0.168518,-0.073738,5.647639,327.9845,336.01348,1.26645,3278.9348,3238.6708,28.84441,OverRange,OverRange,OverRange,0,0,0,0,0.79,-1.16,0,0
2025/03/31 05:31:00.141,n,4.786923,99.178176,5.703017,5.656317,0.072324,0.353783,0.323788,0.061,-0.288956,-1.902073,-0.140442,-0.073921,5.650952,330.42944,336.01344,1.546596,3230.4148,3261.676,29.86637,OverRange,OverRange,OverRange,0,0,0,0,0.79,-1.15,0,0
2025/03/31 05:32:00.145,n,4.805279,99.153664,6.787275,6.222049,0.357553,0.423001,0.329941,0.082368,0.262117,-1.959278,-0.170624,-0.073738,5.660979,327.86792,336.07904,2.124509,3203.4282,3243.2674,26.63832,OverRange,OverRange,OverRange,0,0,0,0,0.78,-1.14,0,0
2025/03/31 05:33:00.147,n,4.731991,99.138384,8.360363,7.655798,0.495062,0.459917,0.435819,0.029148,0.800626,-1.858547,-0.274002,-0.07251,5.665432,318.94708,336.21004,2.457681,3180.8882,3231.7302,31.368774,OverRange,OverRange,OverRange,0,0,0,0,0.78,-1.15,0,0
2025/03/31 05:34:00.135,n,4.786923,99.149072,9.479648,9.031426,0.332174,0.247648,0.389161,0.086659,1.141549,-1.773361,-0.310471,-0.076027,5.664279,315.78666,335.89196,2.680467,3177.1562,3209.4446,28.185102,OverRange,OverRange,OverRange,0,0,0,0,0.79,-1.15,0,0
2025/03/31 05:35:00.135,n,4.738583,99.153664,10.45883,10.079898,0.299373,0.423001,0.435819,0.029147,1.23349,-1.844868,-0.34697,-0.074791,5.65651,312.59122,335.96364,2.806179,3130.107,3177.5784,27.784888,OverRange,OverRange,OverRange,0,0,0,0,0.79,-1.15,0,0
2025/03/31 05:36:00.137,n,4.743611,99.123104,11.578114,11.07634,0.368217,0.495296,0.470941,0.043107,1.705757,-1.87347,-0.354561,-0.076027,5.644274,311.87438,335.79372,3.300693,3119.9748,3139.2502,29.230122,OverRange,OverRange,OverRange,0,0,0,0,0.79,-1.15,0,0
2025/03/31 05:37:00.138,n,4.595368,99.109272,12.240546,11.996638,0.205128,0.495296,0.483246,0.048039,1.902772,-1.830566,-0.360031,-0.07708,5.632054,311.34106,335.64012,3.450388,3125.8234,3147.6218,27.422618,OverRange,OverRange,OverRange,0,0,0,0,0.79,-1.15,0,0
2025/03/31 05:38:00.141,n,4.655377,99.169,13.009578,12.636736,0.244745,0.60143,0.524265,0.051802,1.915907,-1.630348,-0.395172,-0.077431,5.617655,308.2304,335.53814,3.228514,3134.4504,3162.07,16.804762,OverRange,OverRange,OverRange,0,0,0,0,0.78,-1.15,0,0
2025/03/31 05:39:00.142,n,4.598736,99.176656,14.162364,13.772518,0.373859,0.564514,0.541698,0.061784,2.571484,-1.630348,-0.38369,-0.073921,5.594303,309.10894,335.73512,3.892064,3143.9932,3174.83,19.30803,OverRange,OverRange,OverRange,0,0,0,0,0.79,-1.15,0,0
2025/03/31 05:40:00.145,n,4.617047,99.190432,15.560326,15.07708,0.385117,0.60143,0.547594,0.043712,3.567984,-1.601124,-0.350151,-0.07058,5.574347,311.91224,335.93388,4.889536,3113.689,3176.2958,32.972718,OverRange,OverRange,OverRange,0,0,0,0,0.79,-1.16,0,0
2025/03/31 05:41:00.146,n,4.583748,99.158256,16.259306,15.996366,0.193775,0.529136,0.565027,0.088894,3.882638,-1.458733,-0.377159,-0.065826,5.556553,309.4885,336.2686,5.030038,3149.2276,3168.2226,20.278066,OverRange,OverRange,OverRange,0,0,0,0,0.79,-1.16,0,0
2025/03/31 05:42:00.149,n,4.533749,99.179744,17.342042,16.916154,0.342612,0.60143,0.61271,0.036448,4.236125,-1.400906,-0.391464,-0.06636,5.53655,308.15292,336.12308,5.311927,3176.4878,3199.4368,22.378562,OverRange,OverRange,OverRange,0,0,0,0,0.79,-1.14,0,0
2025/03/31 05:43:00.136,n,4.585358,99.179744,18.87706,18.278334,0.482481,0.670649,0.647832,0.048568,5.206356,-1.158405,-0.453232,-0.064781,5.518805,302.72254,336.17616,5.976311,3185.3178,3185.4572,28.085582,OverRange,OverRange,OverRange,0,0,0,0,0.78,-1.14,0,0
2025/03/31 05:44:00.137,n,4.557038,99.176656,21.494812,20.541266,0.834732,0.742943,0.671418,0.077515,7.131399,-0.858078,-0.375389,-0.064781,5.501011,309.36902,336.08884,7.678869,3144.0228,3193.7448,35.832948,OverRange,OverRange,OverRange,0,0,0,0,0.78,-1.15,0,0
2025/03/31 05:45:00.139,n,4.580426,99.198096,22.19227,21.95471,0.188668,0.636809,0.677571,0.05617,7.904044,-0.78595,-0.30941,-0.060738,5.490985,315.0274,336.39884,8.44132,3210.3902,3228.3566,45.184068,OverRange,OverRange,OverRange,0,0,0,0,0.79,-1.14,0,0
2025/03/31 05:46:00.141,n,4.583748,99.230176,23.275008,22.774756,0.356989,0.670649,0.7009,0.051977,8.44027,-0.843777,-0.325981,-0.063721,5.475418,313.51742,336.0574,9.021786,3178.7776,3195.8584,26.01538,OverRange,OverRange,OverRange,0,0,0,0,0.79,-1.14,0,0
2025/03/31 05:47:00.145,n,4.64703,99.271536,24.28617,23.902922,0.296628,0.776784,0.707309,0.044265,9.042168,-0.65786,-0.315407,-0.062149,5.473192,314.42136,336.18616,9.44677,3152.729,3192.1652,37.661652,OverRange,OverRange,OverRange,0,0,0,0,0.79,-1.14,0,0
2025/03/31 05:48:00.146,n,4.607086,99.2562,23.937438,24.094798,0.193775,0.742943,0.789089,0.052723,8.924528,-0.743668,-0.273651,-0.063896,5.468724,318.01144,336.009,9.458442,3189.4698,3186.082,15.899686,OverRange,OverRange,OverRange,0,0,0,0,0.79,-1.15,0,0
2025/03/31 05:49:00.147,n,4.600399,99.22256,25.018652,24.263326,0.462722,0.707565,0.742431,0.030956,9.369384,-0.715065,-0.37204,-0.064781,5.468724,309.50034,335.9304,9.77719,3236.295,3214.8398,37.008108,OverRange,OverRange,OverRange,0,0,0,0,0.79,-1.14,0,0
2025/03/31 05:50:00.149,n,4.577107,99.257768,27.356204,26.600624,0.686718,0.849078,0.777553,0.049822,10.415566,-0.471943,-0.441414,-0.062492,5.465456,303.4831,336.11764,10.508588,3192.9296,3228.3464,27.466342,OverRange,OverRange,OverRange,0,0,0,0,0.79,-1.16,0,0
2025/03/31 05:51:00.153,n,4.663727,99.231744,28.158738,28.152392,0.201071,0.849078,0.807035,0.041499,10.931234,-0.457642,-0.326683,-0.062317,5.463197,313.39682,336.12216,11.12451,3247.9224,3221.925,21.428954,OverRange,OverRange,OverRange,0,0,0,0,0.78,-1.15,0,0
2025/03/31 05:52:00.137,n,4.627056,99.27456,26.867374,27.466354,0.468646,0.776784,0.712949,0.051941,10.781616,-0.357533,-0.203995,-0.062317,5.467651,324.03182,336.14404,10.997472,3234.6108,3247.5166,21.65179,OverRange,OverRange,OverRange,0,0,0,0,0.79,-1.15,0,0
2025/03/31 05:53:00.138,n,4.650349,99.25928,27.11255,26.78641,0.210097,0.776784,0.742431,0.030956,11.482306,-0.357533,-0.174133,-0.060211,5.48325,326.69152,336.40756,11.725918,3274.4672,3290.7668,10.119288,OverRange,OverRange,OverRange,0,0,0,0,0.78,-1.15,0,0
2025/03/31 05:54:00.141,n,4.645367,99.273096,29.255178,28.207212,0.740434,0.849078,0.771913,0.075847,13.24003,-0.243122,-0.180985,-0.060913,5.494348,326.15336,336.39972,13.363082,OverRange,OverRange,OverRange,OverRange,OverRange,OverRange,0,0,0,0,0.79,-1.14,0,0
2025/03/31 05:55:00.144,n,4.640339,99.236384,31.074966,30.492228,0.511298,0.882918,0.783193,0.067976,14.668822,-0.271725,-0.157639,-0.060913,5.509867,328.24894,336.47576,14.843822,OverRange,OverRange,OverRange,OverRange,OverRange,OverRange,0,0,0,0,0.79,-1.15,0,0
2025/03/31 05:56:00.136,n,4.623688,99.24092,31.074966,31.285118,0.145573,0.882918,0.8419,0.034842,14.957208,-0.228821,-0.116478,-0.059158,5.532098,331.91874,336.7408,15.12871,OverRange,OverRange,OverRange,OverRange,OverRange,OverRange,0,0,0,0,0.79,-1.15,0,0
2025/03/31 05:57:00.135,n,4.660408,99.266944,30.514562,30.53842,0.192384,0.742943,0.789345,0.05702,14.760192,-0.343231,-0.116997,-0.059326,5.548786,331.95582,336.80788,15.045754,OverRange,OverRange,OverRange,OverRange,OverRange,OverRange,0,0,0,0,0.78,-1.14,0,0
2025/03/31 05:58:00.136,n,4.645367,99.314408,31.460244,31.139182,0.284701,0.812162,0.841644,0.047021,15.41577,-0.32893,-0.11454,-0.058098,5.567669,332.26092,337.00956,15.688258,OverRange,OverRange,OverRange,OverRange,OverRange,OverRange,0,0,0,0,0.78,-1.14,0,0
2025/03/31 05:59:00.137,n,4.682038,99.262352,32.055672,31.658716,0.280206,0.882918,0.853693,0.052045,16.005104,-0.171616,-0.106796,-0.057755,5.598772,333.0837,337.19292,16.127678,OverRange,OverRange,OverRange,OverRange,OverRange,OverRange,0,0,0,0,0.78,-1.14,0,0
2025/03/31 06:00:07.038,n,4.662068,99.294488,33.069882,32.876736,0.308885,0.849078,0.878304,0.056649,16.84342,-0.21452,-0.096245,-0.057053,5.623213,334.11642,337.37524,17.018748,OverRange,OverRange,OverRange,OverRange,OverRange,OverRange,0,0,0,0,0.79,-1.15,0,0
2025/03/31 06:01:00.138,n,4.665341,99.266944,32.229274,32.614048,0.291145,1.024431,0.912913,0.068083,16.162146,-0.243122,-0.090614,-0.05687,5.642113,334.69644,337.48448,16.371524,OverRange,OverRange,OverRange,OverRange,OverRange,OverRange,0,0,0,0,0.79,-1.15,0,0
2025/03/31 06:02:00.134,n,4.683697,99.285304,32.194248,32.071914,0.104583,0.990591,0.948291,0.035515,15.704156,-0.343231,-0.108376,-0.056694,5.663173,333.26348,337.60352,15.995706,OverRange,OverRange,OverRange,OverRange,OverRange,OverRange,0,0,0,0,0.79,-1.14,0,0
2025/03/31 06:03:00.134,n,4.65704,99.262352,33.174954,32.4511,0.387928,0.849078,0.90112,0.066357,15.834928,-0.343231,-0.153946,-0.056168,5.68204,329.41416,337.743,16.08038,OverRange,OverRange,OverRange,OverRange,OverRange,OverRange,0,0,0,0,0.79,-1.14,0,0
2025/03/31 06:04:00.134,n,4.670319,99.29756,36.321132,35.17926,0.891584,1.024431,0.977773,0.065986,17.458452,-0.21452,-0.18766,-0.05687,5.706497,326.61804,337.80104,17.542182,OverRange,OverRange,OverRange,OverRange,OverRange,OverRange,0,0,0,0,0.78,-1.15,0,0
2025/03/31 06:05:00.135,n,4.665341,99.228664,41.948004,39.688372,1.795339,1.165944,1.095188,0.067125,20.938492,0.100109,-0.182037,-0.05687,5.724277,327.19184,337.8884,20.713214,OverRange,OverRange,OverRange,OverRange,OverRange,OverRange,0,0,0,0,0.79,-1.14,0,0
2025/03/31 06:06:00.135,n,4.655377,99.24092,46.172352,44.450276,1.318439,1.201323,1.177737,0.042844,23.930848,0.343231,-0.159035,-0.057579,5.740917,329.26346,337.90716,23.48616,OverRange,OverRange,OverRange,OverRange,OverRange,OverRange,0,0,0,0,0.78,-1.14,0,0
2025/03/31 06:07:00.135,n,4.653717,99.230176,46.66118,47.156096,0.361475,1.378214,1.301561,0.047023,24.30946,0.328308,-0.123161,-0.056519,5.765342,332.48696,338.12164,23.914508,OverRange,OverRange,OverRange,OverRange,OverRange,OverRange,0,0,0,0,0.79,-1.15,0,0
2025/03/31 06:08:00.138,n,4.655377,99.262352,45.613468,46.266004,0.346297,1.307458,1.301561,0.047023,23.839478,0.143013,-0.103279,-0.056519,5.784195,334.29956,338.21432,23.649704,OverRange,OverRange,OverRange,OverRange,OverRange,OverRange,0,0,0,0,0.79,-1.15,0,0
2025/03/31 06:09:00.136,n,4.64869,99.265384,41.49268,43.064748,1.31755,1.201323,1.260287,0.061953,21.749398,-0.014301,-0.082176,-0.055992,5.809693,336.25068,338.38664,21.737514,OverRange,OverRange,OverRange,OverRange,OverRange,OverRange,0,0,0,0,0.78,-1.15,0,0
2025/03/31 06:10:00.135,n,4.637066,99.243992,41.842928,41.598264,0.264427,1.130566,1.230805,0.075604,21.51355,-0.029224,-0.086571,-0.055817,5.828561,335.96336,338.49512,21.51202,OverRange,OverRange,OverRange,OverRange,OverRange,OverRange,0,0,0,0,0.78,-1.14,0,0
2025/03/31 06:11:00.134,n,4.652058,99.268456,43.973376,42.925672,0.825497,1.307458,1.301817,0.056904,22.323884,0.042904,-0.095367,-0.054413,5.854109,335.32822,338.74556,22.240026,OverRange,OverRange,OverRange,OverRange,OverRange,OverRange,0,0,0,0,0.79,-1.14,0,0
2025/03/31 06:12:00.136,n,4.640339,99.27764,46.976408,45.80052,0.893007,1.378214,1.396159,0.042958,23.943982,0.314007,-0.106972,-0.054939,5.877413,334.43924,338.81368,23.577942,OverRange,OverRange,OverRange,OverRange,OverRange,OverRange,0,0,0,0,0.79,-1.14,0,0
2025/03/31 06:13:00.136,n,4.688729,99.27456,47.533764,47.667772,0.222732,1.44897,1.407952,0.068375,24.40083,0.471321,-0.101692,-0.05529,5.898474,334.99972,338.88628,23.883106,OverRange,OverRange,OverRange,OverRange,OverRange,OverRange,0,0,0,0,0.79,-1.16,0,0
2025/03/31 06:14:00.135,n,4.68536,99.248592,48.231224,48.087316,0.253491,1.44897,1.454867,0.052074,24.374562,0.228199,-0.114014,-0.055817,5.921829,334.04908,338.95476,24.088166,OverRange,OverRange,OverRange,OverRange,OverRange,OverRange,0,0,0,0,0.78,-1.15,0,0
2025/03/31 06:15:00.135,n,4.708699,99.299128,50.047968,49.308628,0.516335,1.519727,1.44897,0.130468,25.066686,0.200218,-0.122459,-0.056519,5.945102,333.4331,339.00704,24.800528,OverRange,OverRange,OverRange,OverRange,OverRange,OverRange,0,0,0,0,0.79,-1.14,0,0
2025/03/31 06:16:00.135,n,4.688729,99.27612,51.267752,50.5005,0.430752,1.519727,1.537416,0.037109,25.731972,0.257423,-0.104683,-0.056168,5.965027,335.06912,339.13648,25.426034,OverRange,OverRange,OverRange,OverRange,OverRange,OverRange,0,0,0,0,0.79,-1.14,0,0
2025/03/31 06:17:00.136,n,4.746929,99.236384,50.535272,51.210392,0.42089,1.519727,1.572794,0.043322,25.771374,0.286026,-0.08165,-0.055992,5.981653,337.14368,339.23412,25.45969,OverRange,OverRange,OverRange,OverRange,OverRange,OverRange,0,0,0,0,0.79,-1.15,0,0
2025/03/31 06:18:00.138,n,4.751961,99.2792,52.14034,50.890352,0.73341,1.66124,1.614069,0.082719,27.153912,0.428417,-0.07708,-0.055817,6.004991,337.65416,339.36488,26.704232,OverRange,OverRange,OverRange,OverRange,OverRange,OverRange,0,0,0,0,0.79,-1.14,0,0
2025/03/31 06:19:00.134,n,4.763581,99.294488,57.962136,55.644888,1.83616,1.802753,1.808649,0.047025,30.764724,0.928963,-0.080421,-0.056519,6.024981,337.46372,339.40116,29.81186,OverRange,OverRange,OverRange,OverRange,OverRange,OverRange,0,0,0,0,0.79,-1.16,0,0
2025/03/31 06:20:00.136,n,4.810211,99.31748,65.31286,61.510848,2.547977,1.908888,1.908888,0.102531,33.774784,1.24297,-0.095543,-0.054237,6.050481,336.28136,339.72948,32.49051,OverRange,OverRange,OverRange,OverRange,OverRange,OverRange,0,0,0,0,0.79,-1.16,0,0
2025/03/31 06:21:00.135,n,4.810211,99.31748,70.636688,68.886192,1.389413,2.121158,2.044504,0.143996,36.581544,1.514694,-0.105392,-0.055466,6.07148,335.53302,339.72408,35.01692,OverRange,OverRange,OverRange,OverRange,OverRange,OverRange,0,0,0,0,0.79,-1.15,0,0
2025/03/31 06:22:00.134,n,4.858502,99.303664,82.83764,76.675488,4.214744,2.47494,2.386238,0.101761,42.914028,1.871605,-0.155533,-0.054764,6.100312,331.33802,339.9288,40.941656,OverRange,OverRange,OverRange,OverRange,OverRange,OverRange,0,0,0,0,0.78,-1.14,0,0
2025/03/31 06:23:00.134,n,4.831845,99.289936,93.234032,90.518312,2.835462,2.864101,2.710026,0.082984,49.088332,2.471638,-0.195564,-0.054413,6.124708,327.99554,340.08044,46.475544,OverRange,OverRange,OverRange,OverRange,OverRange,OverRange,0,0,0,0,0.79,-1.15,0,0
2025/03/31 06:24:00.134,n,4.858502,99.33276,95.567016,94.191896,0.817294,2.791806,2.827441,0.045015,50.386352,2.614651,-0.190819,-0.053886,6.152435,328.54316,340.26428,47.634768,OverRange,OverRange,OverRange,OverRange,OverRange,OverRange,0,0,0,0,0.79,-1.15,0,0
2025/03/31 06:25:00.138,n,4.865193,99.303664,101.61878,99.045688,2.147855,3.039454,2.927935,0.10761,54.008016,2.857151,-0.21524,-0.054764,6.179041,326.56202,340.3178,50.990388,OverRange,OverRange,OverRange,OverRange,OverRange,OverRange,0,0,0,0,0.79,-1.16,0,0
2025/03/31 06:26:00.136,n,4.863533,99.303664,103.00912,102.969,0.597521,3.145589,3.1279,0.058136,55.192396,2.928658,-0.190819,-0.054237,6.203404,328.79504,340.485,52.127156,OverRange,OverRange,OverRange,OverRange,OverRange,OverRange,0,0,0,0,0.79,-1.16,0,0
2025/03/31 06:27:00.139,n,4.901814,99.308304,97.933504,98.628416,1.669581,3.074832,3.086625,0.07309,52.2126,2.871452,-0.145706,-0.051956,6.224437,332.80148,340.79156,49.2474,OverRange,OverRange,OverRange,OverRange,OverRange,OverRange,0,0,0,0,0.79,-1.15,0,0
2025/03/31 06:28:00.134,n,4.980038,99.352688,97.861928,98.373104,0.559715,3.039454,3.051503,0.073319,52.238872,3.085972,-0.141846,-0.050896,6.235472,333.19006,340.94036,49.061952,OverRange,OverRange,OverRange,OverRange,OverRange,OverRange,0,0,0,0,0.79,-1.14,0,0
2025/03/31 06:29:00.134,n,5.016609,99.33428,108.95122,104.11546,3.929556,3.393237,3.18712,0.145562,57.804424,3.599575,-0.212959,-0.050194,6.256569,327.1427,341.10704,54.042084,OverRange,OverRange,OverRange,OverRange,OverRange,OverRange,0,0,0,0,0.79,-1.15,0,0
2025/03/31 06:30:07.033,n,5.068173,99.386328,110.48014,110.98928,0.676618,3.393237,3.422718,0.047021,57.88266,3.742588,-0.178528,-0.04879,6.272107,330.19802,341.30852,54.010336,OverRange,OverRange,OverRange,OverRange,OverRange,OverRange,0,0,0,0,0.79,-1.15,0,0
2025/03/31 06:31:00.134,n,5.091511,99.38784,109.4035,108.76086,0.579601,3.393237,3.38734,0.041377,57.28476,3.671082,-0.172379,-0.04792,6.282071,330.77938,341.4352,53.48922,OverRange,OverRange,OverRange,OverRange,OverRange,OverRange,0,0,0,0,0.78,-1.16,0,0
2025/03/31 06:32:00.135,n,5.131405,99.393944,114.75018,112.10552,1.51709,3.570128,3.46989,0.052087,60.19374,4.027992,-0.216301,-0.046158,6.297577,327.05658,341.66844,55.995604,OverRange,OverRange,OverRange,OverRange,OverRange,OverRange,0,0,0,0,0.79,-1.15,0,0
2025/03/31 06:33:00.135,n,5.177937,99.377152,127.5435,122.6684,4.084651,3.994667,3.829569,0.115542,67.65864,4.713211,-0.208565,-0.045456,6.317504,327.82444,341.8294,62.78232,OverRange,OverRange,OverRange,OverRange,OverRange,OverRange,0,0,0,0,0.78,-1.15,0,0
2025/03/31 06:34:00.135,n,5.187947,99.398536,133.6379,130.41252,1.996481,4.13618,4.0826,0.076865,72.3636,5.397808,-0.226501,-0.042824,6.339642,326.38238,342.17268,66.782112,OverRange,OverRange,OverRange,OverRange,OverRange,OverRange,0,0,0,0,0.78,-1.14,0,0
2025/03/31 06:35:00.141,n,5.215985,99.356776,148.8099,140.55334,5.336344,4.559181,4.341528,0.163349,83.195472,6.623989,-0.220696,-0.045456,6.319276,326.78382,341.83816,76.39624,OverRange,OverRange,OverRange,OverRange,OverRange,OverRange,0,0,0,0,0.79,-1.14,0,0
2025/03/31 06:36:00.139,n,5.237618,99.315512,162.9753,156.90528,4.792573,4.205398,4.164124,0.127394,92.696768,7.60767,-0.237747,-0.043701,6.343656,325.4295,342.11472,84.895048,OverRange,OverRange,OverRange,OverRange,OverRange,OverRange,0,0,0,0,0.79,-1.15,0,0
2025/03/31 06:37:00.134,n,5.257538,99.286408,165.0159,163.32074,1.209339,4.523803,4.399979,0.069855,94.969592,7.878151,-0.228951,-0.041588,6.370248,326.32208,342.43404,86.904072,OverRange,OverRange,OverRange,OverRange,OverRange,OverRange,0,0,0,0,0.78,-1.13,0,0
2025/03/31 06:38:00.135,n,5.304074,99.268048,155.3261,157.43066,3.36944,4.17002,4.240777,0.074198,85.05484,6.638291,-0.299706,-0.041946,6.394595,320.32208,342.52284,78.158792,OverRange,OverRange,OverRange,OverRange,OverRange,OverRange,0,0,0,0,0.8,-1.15,0,0
2025/03/31 06:39:00.135,n,5.322384,99.246664,150.40582,155.00148,2.66341,4.134642,4.211295,0.056661,82.27892,6.324284,-0.2939,-0.041588,6.413402,320.91744,342.6478,75.70232,OverRange,OverRange,OverRange,OverRange,OverRange,OverRange,0,0,0,0,0.79,-1.14,0,0
2025/03/31 06:40:00.134,n,5.343964,99.229768,133.6379,140.6069,5.237784,3.745481,3.845719,0.123403,72.03924,5.08318,-0.251816,-0.041771,6.433329,324.6567,342.73036,66.746008,OverRange,OverRange,OverRange,OverRange,OverRange,OverRange,0,0,0,0,0.79,-1.14,0,0
2025/03/31 06:41:00.136,n,5.332344,99.188464,131.59576,130.98944,0.560413,3.603968,3.610377,0.027344,68.551776,4.555275,-0.274879,-0.043175,6.458768,322.78776,342.73184,63.764792,OverRange,OverRange,OverRange,OverRange,OverRange,OverRange,0,0,0,0,0.79,-1.14,0,0
2025/03/31 06:42:00.136,n,5.365643,99.16244,126.95416,129.5402,1.713914,3.603968,3.651395,0.069053,65.975724,4.455166,-0.224564,-0.043877,6.472064,327.20626,342.73544,61.339872,OverRange,OverRange,OverRange,OverRange,OverRange,OverRange,0,0,0,0,0.78,-1.13,0,0
2025/03/31 06:43:00.137,n,5.347332,99.130256,126.36636,125.40748,0.655506,3.710103,3.640371,0.107027,65.21222,4.184685,-0.225784,-0.042824,6.492008,327.1995,342.92776,60.844572,OverRange,OverRange,OverRange,OverRange,OverRange,OverRange,0,0,0,0,0.8,-1.16,0,0
2025/03/31 06:44:00.139,n,5.413788,99.133328,123.00546,126.00798,1.857418,3.640885,3.681134,0.040745,63.449352,4.041672,-0.1996,-0.042473,6.50415,329.52478,343.0192,59.250552,OverRange,OverRange,OverRange,OverRange,OverRange,OverRange,0,0,0,0,0.8,-1.15,0,0
2025/03/31 06:45:00.142,n,5.332344,99.070544,125.15266,123.35698,1.150408,3.53475,3.551926,0.028864,63.91648,4.041672,-0.230362,-0.045631,6.50745,326.8801,342.75504,59.69008,OverRange,OverRange,OverRange,OverRange,OverRange,OverRange,0,0,0,0,0.79,-1.15,0,0
2025/03/31 06:46:00.134,n,5.353924,99.030744,139.79166,133.61632,4.921097,4.17002,3.922885,0.167318,71.512728,4.726891,-0.271355,-0.045105,6.519641,323.3946,342.86236,66.559584,OverRange,OverRange,OverRange,OverRange,OverRange,OverRange,0,0,0,0,0.79,-1.15,0,0
2025/03/31 06:47:00.135,n,5.413788,99.016976,142.01196,141.72314,0.340037,4.134642,4.152331,0.05811,72.986064,4.869282,-0.245308,-0.042297,6.551728,325.80692,343.27084,67.913776,OverRange,OverRange,OverRange,OverRange,OverRange,OverRange,0,0,0,0,0.79,-1.16,0,0
2025/03/31 06:48:00.134,n,5.358956,98.96336,143.71298,143.40002,0.37081,4.17002,4.205399,0.074178,74.153304,4.940789,-0.220337,-0.043175,6.563887,328.02734,343.25324,69.035352,OverRange,OverRange,OverRange,OverRange,OverRange,OverRange,0,0,0,0,0.8,-1.16,0,0
2025/03/31 06:49:00.135,n,5.373898,98.865264,140.45106,142.34774,1.30444,4.240777,4.187709,0.066199,72.882128,4.912186,-0.1931,-0.04335,6.572761,330.42756,343.28172,67.820192,OverRange,OverRange,OverRange,OverRange,OverRange,OverRange,0,0,0,0,0.78,-1.18,0,0
2025/03/31 06:50:00.137,n,5.400509,98.807016,144.44088,141.58404,1.791037,4.311533,4.217191,0.094026,74.670688,5.126084,-0.177643,-0.044403,6.583798,331.81948,343.24304,69.41136,OverRange,OverRange,OverRange,OverRange,OverRange,OverRange,0,0,0,0,0.78,-1.14,0,0
2025/03/31 06:51:00.137,n,5.349484,98.660656,156.29462,152.55836,3.870562,4.734534,4.482272,0.161513,81.242448,5.5402,-0.196083,-0.04615,6.567007,330.141,343.00456,75.552312,OverRange,OverRange,OverRange,OverRange,OverRange,OverRange,0,0,0,0,0.79,-1.18,0,0
2025/03/31 06:52:00.142,n,5.391033,98.55016,138.12112,147.09314,6.15541,3.711641,3.829569,0.091334,72.323056,4.683987,-0.144127,-0.045624,6.57915,334.69578,343.1116,67.540576,OverRange,OverRange,OverRange,OverRange,OverRange,OverRange,0,0,0,0,0.79,-1.16,0,0
2025/03/31 06:53:00.142,n,5.427704,98.465832,129.02826,130.34324,2.362467,3.499371,3.522957,0.048333,66.802048,4.098877,-0.135185,-0.044571,6.59469,335.5464,343.28224,62.612556,OverRange,OverRange,OverRange,OverRange,OverRange,OverRange,0,0,0,0,0.79,-1.16,0,0
2025/03/31 06:54:00.145,n,5.462811,98.452064,145.4429,139.22798,5.563554,3.923911,3.705744,0.152449,75.31712,4.797776,-0.168167,-0.043694,6.607954,332.75904,343.42592,70.394872,OverRange,OverRange,OverRange,OverRange,OverRange,OverRange,0,0,0,0,0.79,-1.14,0,0
2025/03/31 06:55:00.134,n,5.399384,98.321552,153.485,151.34136,2.978569,4.134642,4.035429,0.105346,80.040368,5.155308,-0.198898,-0.046326,6.615626,330.13886,343.23036,74.73248,OverRange,OverRange,OverRange,OverRange,OverRange,OverRange,0,0,0,0,0.78,-1.14,0,0
2025/03/31 06:56:00.135,n,5.404415,98.2694,135.56886,143.40282,6.231724,3.817776,3.917758,0.105404,71.031888,4.298474,-0.161148,-0.04615,6.632256,333.487,343.32852,66.618416,OverRange,OverRange,OverRange,OverRange,OverRange,OverRange,0,0,0,0,0.78,-1.14,0,0
2025/03/31 06:57:00.135,n,5.399384,98.1358,127.26178,130.59172,2.142939,3.53475,3.634988,0.098605,65.960876,3.78487,-0.138344,-0.04615,6.63006,335.4488,343.31764,62.083812,OverRange,OverRange,OverRange,OverRange,OverRange,OverRange,0,0,0,0,0.78,-1.14,0,0
2025/03/31 06:58:00.135,n,5.401093,98.062072,113.70552,118.3301,4.147477,3.251724,3.340169,0.082965,58.388048,3.071049,-0.124374,-0.048431,6.63006,336.65724,343.11504,55.241056,OverRange,OverRange,OverRange,OverRange,OverRange,OverRange,0,0,0,0,0.78,-1.18,0,0
2025/03/31 06:59:00.137,n,5.417694,97.959096,110.09486,111.28648,0.959329,3.110211,3.163534,0.048875,56.140356,2.799946,-0.129303,-0.04615,6.627866,336.21992,343.30668,53.257256,OverRange,OverRange,OverRange,OverRange,OverRange,OverRange,0,0,0,0,0.79,-1.17,0,0
2025/03/31 07:00:07.046,n,5.396065,97.784192,110.8243,110.03726,0.391312,3.145589,3.204809,0.065748,56.360784,2.928658,-0.135712,-0.048782,6.622291,335.63784,343.04524,53.345196,OverRange,OverRange,OverRange,OverRange,OverRange,OverRange,0,0,0,0,0.79,-1.15,0,0
2025/03/31 07:01:00.140,n,5.444405,97.800744,120.19126,116.723,2.946396,3.357858,3.375548,0.079902,61.03548,3.185459,-0.159386,-0.047554,6.636726,333.6616,343.226,57.738188,OverRange,OverRange,OverRange,OverRange,OverRange,OverRange,0,0,0,0,0.78,-1.14,0,0
2025/03/31 07:02:00.144,n,5.439423,97.811536,123.31156,122.49124,0.900521,3.605506,3.552439,0.053645,62.799488,3.399357,-0.167816,-0.04615,6.654395,333.02012,343.43844,59.278464,OverRange,OverRange,OverRange,OverRange,OverRange,OverRange,0,0,0,0,0.79,-1.14,0,0
2025/03/31 07:03:00.145,n,5.442745,97.744344,123.76232,124.70926,0.666146,3.640885,3.640885,0.031662,62.708688,3.385677,-0.176064,-0.048607,6.658768,332.3285,343.24208,59.195552,OverRange,OverRange,OverRange,OverRange,OverRange,OverRange,0,0,0,0,0.78,-1.14,0,0
2025/03/31 07:04:00.134,n,5.392742,97.484,128.71608,127.7001,2.358827,3.711641,3.623196,0.07335,64.769072,3.528069,-0.189758,-0.049843,6.655501,331.12748,343.11596,61.101088,OverRange,OverRange,OverRange,OverRange,OverRange,OverRange,0,0,0,0,0.78,-1.22,0,0
2025/03/31 07:05:00.135,n,5.434395,97.433368,105.50962,116.47098,8.186498,3.28864,3.499627,0.165553,53.369572,2.699837,-0.129128,-0.046677,6.646641,336.32836,343.35316,50.587284,OverRange,OverRange,OverRange,OverRange,OverRange,OverRange,0,0,0,0,0.8,-1.16,0,0
2025/03/31 07:06:00.135,n,5.421063,97.224912,100.5741,99.432232,1.697194,3.110211,3.151485,0.052065,49.774172,2.314324,-0.125084,-0.048958,6.643326,336.66164,343.13408,47.383724,OverRange,OverRange,OverRange,OverRange,OverRange,OverRange,0,0,0,0,0.79,-1.15,0,0
2025/03/31 07:07:00.138,n,5.437763,97.15588,109.78116,107.61112,2.733759,3.499371,3.381956,0.093448,54.840048,2.757042,-0.139389,-0.046677,6.631165,335.3638,343.27632,51.990296,OverRange,OverRange,OverRange,OverRange,OverRange,OverRange,0,0,0,0,0.77,-1.15,0,0
2025/03/31 07:08:00.140,n,5.431072,97.069984,107.55934,108.35832,0.75519,3.393237,3.411182,0.082504,53.539176,2.628952,-0.128067,-0.047379,6.625655,336.31584,343.18656,50.829536,OverRange,OverRange,OverRange,OverRange,OverRange,OverRange,0,0,0,0,0.78,-1.13,0,0
2025/03/31 07:09:00.140,n,5.442745,97.178872,110.78928,108.92558,1.159202,3.463993,3.416822,0.053274,55.009084,2.785645,-0.135002,-0.047905,6.616796,335.67196,343.09588,52.13634,OverRange,OverRange,OverRange,OverRange,OverRange,OverRange,0,0,0,0,0.79,-1.16,0,0
2025/03/31 07:10:00.141,n,5.409344,97.014712,117.62528,115.37632,2.153123,3.570128,3.558335,0.085706,58.81634,3.128876,-0.151321,-0.045975,6.612359,334.23828,343.24532,55.58212,OverRange,OverRange,OverRange,OverRange,OverRange,OverRange,0,0,0,0,0.79,-1.22,0,0
2025/03/31 07:11:00.144,n,5.389191,96.661088,112.73394,114.93698,1.81702,3.640885,3.646781,0.052087,56.399616,3.042446,-0.135712,-0.049667,6.563594,335.34646,342.67528,53.271124,OverRange,OverRange,OverRange,OverRange,OverRange,OverRange,0,0,0,0,0.77,-1.12,0,0
2025/03/31 07:12:00.147,n,5.422589,96.8208,112.6974,111.73724,0.556215,2.968697,2.974594,0.052072,56.425884,3.013844,-0.131409,-0.048439,6.574631,335.77336,342.839,53.329072,OverRange,OverRange,OverRange,OverRange,OverRange,OverRange,0,0,0,0,0.8,-1.15,0,0
2025/03/31 07:13:00.134,n,5.43758,97.015728,115.44002,113.94712,0.894427,3.039454,3.027661,0.048326,57.790144,3.113953,-0.130882,-0.047905,6.572388,335.80788,342.87544,54.593216,OverRange,OverRange,OverRange,OverRange,OverRange,OverRange,0,0,0,0,0.79,-1.15,0,0
2025/03/31 07:14:00.135,n,5.480938,97.311768,122.09632,118.45624,2.281036,3.251724,3.1279,0.09156,61.190812,3.227741,-0.141327,-0.04615,6.586757,334.97568,343.10256,57.867892,OverRange,OverRange,OverRange,OverRange,OverRange,OverRange,0,0,0,0,0.79,-1.14,0,0
2025/03/31 07:15:00.135,n,5.414242,97.265768,124.86942,126.36484,1.518634,3.251724,3.286846,0.021854,63.330576,3.499466,-0.145538,-0.046501,6.592332,334.6391,343.09912,59.732072,OverRange,OverRange,OverRange,OverRange,OverRange,OverRange,0,0,0,0,0.79,-1.16,0,0
2025/03/31 07:16:00.137,n,5.450909,97.371584,111.24004,115.31084,4.180311,3.145589,3.110211,0.126571,56.179188,3.127632,-0.122787,-0.043518,6.59677,336.62916,343.38604,52.972288,OverRange,OverRange,OverRange,OverRange,OverRange,OverRange,0,0,0,0,0.79,-1.16,0,0
2025/03/31 07:17:00.141,n,5.430939,97.330176,115.64712,112.07228,1.978399,3.180967,3.063039,0.085693,57.60798,3.141934,-0.130531,-0.047379,6.594527,335.948,343.03192,54.382892,OverRange,OverRange,OverRange,OverRange,OverRange,OverRange,0,0,0,0,0.8,-1.17,0,0
2025/03/31 07:18:00.141,n,5.439289,97.22744,125.14656,123.7486,2.83174,3.427077,3.292742,0.098163,63.083872,3.370754,-0.143082,-0.047737,6.601192,334.89556,343.03332,59.617776,OverRange,OverRange,OverRange,OverRange,OverRange,OverRange,0,0,0,0,0.79,-1.17,0,0
2025/03/31 07:19:00.146,n,5.424252,97.278032,115.89078,119.49658,3.058799,3.145589,3.2689,0.101615,58.426308,3.013844,-0.126129,-0.045799,6.614472,336.42796,343.27132,55.332136,OverRange,OverRange,OverRange,OverRange,OverRange,OverRange,0,0,0,0,0.8,-1.15,0,0
2025/03/31 07:20:00.145,n,5.479279,97.305664,125.87296,120.18364,3.85357,3.53475,3.298895,0.131734,63.045044,3.427338,-0.150627,-0.044395,6.629914,334.38544,343.47268,59.511476,OverRange,OverRange,OverRange,OverRange,OverRange,OverRange,0,0,0,0,0.78,-1.16,0,0
2025/03/31 07:21:00.148,n,5.519318,97.495704,127.4689,128.07928,0.434813,3.56859,3.569872,0.063276,64.652008,3.54237,-0.144661,-0.042641,6.653144,335.01696,343.74392,61.007616,OverRange,OverRange,OverRange,OverRange,OverRange,OverRange,0,0,0,0,0.79,-1.16,0,0
2025/03/31 07:22:00.135,n,5.537678,97.578424,126.53234,126.46356,0.298433,3.674724,3.622426,0.065795,64.172888,3.613255,-0.146416,-0.040001,6.675251,334.9751,344.08828,60.45322,OverRange,OverRange,OverRange,OverRange,OverRange,OverRange,0,0,0,0,0.78,-1.16,0,0
2025/03/31 07:23:00.136,n,5.487629,97.518696,125.87296,126.33564,0.321131,3.605506,3.610633,0.041506,63.900488,3.54237,-0.142906,-0.04615,6.689621,335.34994,343.61344,60.261364,OverRange,OverRange,OverRange,OverRange,OverRange,OverRange,0,0,0,0,0.8,-1.16,0,0
2025/03/31 07:24:00.138,n,5.489289,97.267336,137.4267,130.44856,4.577459,3.922372,3.745994,0.126058,68.923536,3.998768,-0.163612,-0.047379,6.697358,333.5973,343.54288,64.808532,OverRange,OverRange,OverRange,OverRange,OverRange,OverRange,0,0,0,0,0.79,-1.14,0,0
2025/03/31 07:25:00.141,n,5.551007,97.313288,148.35608,145.33224,3.03804,4.276155,4.099264,0.137924,75.122392,4.555275,-0.181511,-0.045975,6.719449,332.15882,343.7774,70.431576,OverRange,OverRange,OverRange,OverRange,OverRange,OverRange,0,0,0,0,0.79,-1.14,0,0
2025/03/31 07:26:00.142,n,5.507649,97.183008,152.06268,150.15734,1.327592,4.134642,4.17002,0.031614,77.052008,4.669064,-0.196266,-0.046326,6.736046,330.96496,343.82876,72.233,OverRange,OverRange,OverRange,OverRange,OverRange,OverRange,0,0,0,0,0.78,-1.15,0,0
2025/03/31 07:27:00.147,n,5.53265,97.141552,152.82562,151.62434,0.728869,4.240777,4.25257,0.053245,76.986904,4.826378,-0.193451,-0.045097,6.751521,331.28546,344.01484,72.012176,OverRange,OverRange,OverRange,OverRange,OverRange,OverRange,0,0,0,0,0.79,-1.15,0,0
2025/03/31 07:28:00.147,n,5.56263,97.048,164.14484,160.16542,3.510698,4.557643,4.452533,0.104327,82.947056,5.354283,-0.215942,-0.046677,6.775824,329.46066,343.9954,77.423504,OverRange,OverRange,OverRange,OverRange,OverRange,OverRange,0,0,0,0,0.79,-1.14,0,0
2025/03/31 07:29:00.148,n,5.547688,96.519728,162.83064,163.5342,0.588961,4.736072,4.676852,0.05786,82.882528,5.45377,-0.216301,-0.04808,6.781334,329.4571,343.8982,77.260544,OverRange,OverRange,OverRange,OverRange,OverRange,OverRange,0,0,0,0,0.81,-1.16,0,0
2025/03/31 07:30:07.048,n,5.616047,96.63804,164.35194,163.5913,0.53033,4.769912,4.706078,0.05194,83.373072,5.368584,-0.217529,-0.045799,6.799037,329.4389,344.18884,77.83276,OverRange,OverRange,OverRange,OverRange,OverRange,OverRange,0,0,0,0,0.79,-1.16,0,0
2025/03/31 07:31:00.137,n,5.601055,96.674904,160.13218,162.52454,1.621149,4.557643,4.682492,0.094754,81.229312,5.126084,-0.201714,-0.044746,6.817781,330.9003,344.37556,75.946256,OverRange,OverRange,OverRange,OverRange,OverRange,OverRange,0,0,0,0,0.79,-1.13,0,0
2025/03/31 07:32:00.140,n,5.594368,96.60732,153.41496,155.93092,2.110243,4.594559,4.599686,0.056201,77.72472,4.997372,-0.184326,-0.047554,6.82555,332.44312,344.16496,72.590568,OverRange,OverRange,OverRange,OverRange,OverRange,OverRange,0,0,0,0,0.8,-1.18,0,0
2025/03/31 07:33:00.139,n,5.602719,96.362896,162.31134,157.37332,3.332604,4.805291,4.641217,0.085403,81.565096,5.425167,-0.199608,-0.048782,6.835484,331.17054,344.10524,75.989104,OverRange,OverRange,OverRange,OverRange,OverRange,OverRange,0,0,0,0,0.81,-1.21,0,0
2025/03/31 07:34:00.142,n,5.639385,96.23828,169.57374,167.47552,1.877498,4.911425,4.911681,0.022097,85.72184,5.782078,-0.209793,-0.048256,6.839921,330.31164,344.1742,79.778224,OverRange,OverRange,OverRange,OverRange,OverRange,OverRange,0,0,0,0,0.79,-1.13,0,0
2025/03/31 07:35:00.143,n,5.661068,96.158304,169.36512,170.43694,0.614919,4.946804,4.988335,0.052057,86.147848,5.853585,-0.206276,-0.047028,6.857592,330.70386,344.37124,80.135016,OverRange,OverRange,OverRange,OverRange,OverRange,OverRange,0,0,0,0,0.79,-1.13,0,0
2025/03/31 07:36:00.146,n,5.684407,96.356688,166.08188,165.7065,1.118034,4.98372,4.936036,0.069373,83.928712,5.681969,-0.191353,-0.045448,6.863103,332.02218,344.53892,78.10084,OverRange,OverRange,OverRange,OverRange,OverRange,OverRange,0,0,0,0,0.8,-1.18,0,0
2025/03/31 07:37:00.148,n,5.694367,96.4874,177.93106,173.17094,3.757908,5.300586,5.147537,0.145803,89.9888,6.309361,-0.211555,-0.044746,6.86203,330.2692,344.59584,83.512624,OverRange,OverRange,OverRange,OverRange,OverRange,OverRange,0,0,0,0,0.79,-1.15,0,0
2025/03/31 07:38:00.135,n,5.749447,96.668704,189.2777,185.64674,3.575087,5.512856,5.435946,0.098264,96.050032,6.765759,-0.227371,-0.042114,6.884106,329.01098,344.93956,89.099016,OverRange,OverRange,OverRange,OverRange,OverRange,OverRange,0,0,0,0,0.79,-1.16,0,0
2025/03/31 07:39:00.136,n,5.678894,96.59372,190.99546,189.60486,0.776611,5.618991,5.612325,0.056038,96.966016,6.666271,-0.224907,-0.045265,6.88274,329.21744,344.653,90.120112,OverRange,OverRange,OverRange,OverRange,OverRange,OverRange,0,0,0,0,0.79,-1.18,0,0
2025/03/31 07:40:00.136,n,5.747204,96.317008,195.73148,193.66906,1.695583,5.265208,5.159074,0.083725,100.2262,6.936753,-0.230354,-0.045792,6.904848,328.8563,344.71632,93.10488,OverRange,OverRange,OverRange,OverRange,OverRange,OverRange,0,0,0,0,0.78,-1.16,0,0
2025/03/31 07:41:00.134,n,5.720547,96.235424,202.12282,199.39998,2.22486,5.337503,5.283922,0.073827,103.44356,7.207855,-0.232468,-0.045097,6.931299,328.80526,344.9098,96.048328,OverRange,OverRange,OverRange,OverRange,OverRange,OverRange,0,0,0,0,0.78,-1.16,0,0
2025/03/31 07:42:00.134,n,5.708874,95.81672,207.57608,204.3492,1.951762,5.689747,5.577716,0.060943,106.01448,7.635651,-0.232819,-0.047897,6.946774,328.85202,344.73824,98.193896,OverRange,OverRange,OverRange,OverRange,OverRange,OverRange,0,0,0,0,0.8,-1.15,0,0
2025/03/31 07:43:00.134,n,5.768837,95.815208,218.47196,215.11106,3.185907,5.866638,5.818955,0.069351,111.94608,8.148632,-0.249527,-0.044914,6.965551,327.50022,345.09672,103.59284,OverRange,OverRange,OverRange,OverRange,OverRange,OverRange,0,0,0,0,0.79,-1.16,0,0
2025/03/31 07:44:00.134,n,5.807217,96.060032,214.75016,217.42018,1.610512,5.972773,5.943035,0.06822,110.30256,7.991318,-0.229828,-0.042465,6.994261,329.34748,345.4574,102.12388,OverRange,OverRange,OverRange,OverRange,OverRange,OverRange,0,0,0,0,0.79,-1.15,0,0
2025/03/31 07:45:00.134,n,5.863858,96.293968,208.9573,209.58928,1.862458,5.760504,5.806906,0.0529,106.93902,7.692234,-0.211723,-0.040703,7.022953,331.05668,345.757,99.075752,OverRange,OverRange,OverRange,OverRange,OverRange,OverRange,0,0,0,0,0.79,-1.15,0,0
2025/03/31 07:46:00.135,n,5.850575,96.367744,227.25112,219.5486,5.997916,6.218883,6.089676,0.131427,115.93208,8.361908,-0.243019,-0.043159,7.061598,328.54218,345.73152,107.3703,OverRange,OverRange,OverRange,OverRange,OverRange,OverRange,0,0,0,0,0.79,-1.15,0,0
2025/03/31 07:47:00.135,n,5.865517,96.107736,233.78408,232.22544,1.557241,6.466531,6.360396,0.083707,119.8227,8.875512,-0.254105,-0.044212,7.094696,327.74844,345.80328,110.7373,OverRange,OverRange,OverRange,OverRange,OverRange,OverRange,0,0,0,0,0.79,-1.16,0,0
2025/03/31 07:48:00.136,n,5.928845,96.292408,234.5394,234.25946,0.223607,6.466531,6.437561,0.041266,120.10538,8.846288,-0.249352,-0.041229,7.131081,328.34124,346.24984,111.05096,OverRange,OverRange,OverRange,OverRange,OverRange,OverRange,0,0,0,0,0.8,-1.16,0,0
2025/03/31 07:49:00.134,n,5.952187,96.15856,230.20846,233.48028,1.957358,6.43269,6.437305,0.052028,117.98788,8.533524,-0.230713,-0.043694,7.155402,330.07508,346.15248,109.26734,OverRange,OverRange,OverRange,OverRange,OverRange,OverRange,0,0,0,0,0.79,-1.16,0,0
2025/03/31 07:50:00.134,n,5.930508,95.98156,226.52776,225.30036,1.81659,6.43269,6.372445,0.062231,115.27706,8.433414,-0.218582,-0.046669,7.17631,331.22886,345.9926,106.67174,OverRange,OverRange,OverRange,OverRange,OverRange,OverRange,0,0,0,0,0.79,-1.15,0,0
2025/03/31 07:51:00.134,n,6.04374,96.321648,249.14794,240.86194,6.979882,6.889532,6.713922,0.133843,126.81934,9.302686,-0.241608,-0.04351,7.216076,329.43576,346.47188,117.31856,OverRange,OverRange,OverRange,OverRange,OverRange,OverRange,0,0,0,0,0.8,-1.17,0,0
2025/03/31 07:52:00.134,n,5.917176,95.122728,252.07484,252.34462,0.689202,7.032583,6.984642,0.036309,129.26176,9.601768,-0.240906,-0.048256,7.235927,329.5958,346.14972,119.46734,OverRange,OverRange,OverRange,OverRange,OverRange,OverRange,0,0,0,0,0.78,-1.13,0,0
2025/03/31 07:53:00.135,n,5.977139,95.192208,236.49928,243.98452,5.233307,6.784935,6.849795,0.075584,122.04184,8.86121,-0.21489,-0.045441,7.254672,331.94,346.49344,113.01118,OverRange,OverRange,OverRange,OverRange,OverRange,OverRange,0,0,0,0,0.79,-1.16,0,0
2025/03/31 07:54:00.134,n,5.977139,95.380488,222.56838,227.27802,4.182553,6.466531,6.543184,0.056607,114.64718,8.333927,-0.18924,-0.044739,7.284426,334.30768,346.7046,106.16876,OverRange,OverRange,OverRange,OverRange,OverRange,OverRange,0,0,0,0,0.79,-1.17,0,0
2025/03/31 07:55:00.135,n,6.07367,95.901432,237.28964,227.63768,5.990096,6.784935,6.572922,0.124216,120.45144,8.7468,-0.198372,-0.043335,7.317462,333.68302,346.9946,111.54962,OverRange,OverRange,OverRange,OverRange,OverRange,OverRange,0,0,0,0,0.78,-1.15,0,0
2025/03/31 07:56:00.137,n,6.097012,96.143136,256.41034,250.8241,5.34322,7.207936,7.073345,0.147095,131.25534,9.673276,-0.215416,-0.042984,7.349475,332.3688,347.18596,121.40962,OverRange,OverRange,OverRange,OverRange,OverRange,OverRange,0,0,0,0,0.8,-1.15,0,0
2025/03/31 07:57:00.138,n,6.055359,95.773648,254.72456,256.0893,0.75,7.278692,7.278693,0.049902,131.2302,9.587468,-0.215416,-0.047028,7.388008,332.56164,347.01968,121.47434,OverRange,OverRange,OverRange,OverRange,OverRange,OverRange,0,0,0,0,0.79,-1.19,0,0
2025/03/31 07:58:00.134,n,6.003109,94.537944,244.01752,248.02336,3.316625,7.101801,7.266899,0.106548,125.46078,8.88857,-0.208031,-0.054222,7.388317,333.20202,346.38228,116.4184,OverRange,OverRange,OverRange,OverRange,OverRange,OverRange,0,0,0,0,0.78,-1.15,0,0
2025/03/31 07:59:00.134,n,6.02142,94.34688,250.48956,246.71856,2.788369,6.783397,6.607275,0.137819,128.14762,8.988678,-0.220345,-0.051933,7.41716,332.28124,346.73,118.99052,OverRange,OverRange,OverRange,OverRange,OverRange,OverRange,0,0,0,0,0.82,-1.09,0,0
2025/03/31 08:00:07.308,n,6.094712,94.599512,252.65808,252.00428,0.403113,6.783397,6.801343,0.029646,129.47762,9.301442,-0.22702,-0.053345,7.421598,331.72608,346.62692,120.0025,OverRange,OverRange,OverRange,OverRange,OverRange,OverRange,0,0,0,0,0.78,-1.18,0,0
2025/03/31 08:01:00.134,n,6.03978,93.773192,262.69812,258.33774,3.271086,7.277154,7.013099,0.149135,134.04952,9.714936,-0.248642,-0.054222,7.439305,329.9444,346.63768,124.14016,OverRange,OverRange,OverRange,OverRange,OverRange,OverRange,0,0,0,0,0.77,-1.12,0,0
2025/03/31 08:02:00.134,n,6.084652,94.083304,266.88898,266.89506,1.247498,7.420205,7.284589,0.081938,136.55934,9.971116,-0.253571,-0.051231,7.467042,329.65704,347.04228,126.38588,OverRange,OverRange,OverRange,OverRange,OverRange,OverRange,0,0,0,0,0.79,-1.14,0,0
2025/03/31 08:03:00.135,n,6.143002,94.644144,271.3189,268.18848,1.895719,7.595558,7.455071,0.099866,138.61858,10.170712,-0.263954,-0.047897,7.493626,328.89202,347.4716,128.2318,OverRange,OverRange,OverRange,OverRange,OverRange,OverRange,0,0,0,0,0.79,-1.15,0,0
2025/03/31 08:04:00.136,n,6.161312,94.974752,278.76098,275.74884,2.140386,7.77245,7.654522,0.091343,142.7582,10.497776,-0.279442,-0.046844,7.534632,327.75794,347.7708,132.02784,OverRange,OverRange,OverRange,OverRange,OverRange,OverRange,0,0,0,0,0.79,-1.16,0,0
2025/03/31 08:05:00.138,n,6.167904,94.445512,285.92136,283.16452,2.094636,8.055476,7.949342,0.070659,146.6871,11.089726,-0.292297,-0.048599,7.564581,326.79602,347.76512,135.35368,OverRange,OverRange,OverRange,OverRange,OverRange,OverRange,0,0,0,0,0.81,-1.16,0,0
2025/03/31 08:06:00.141,n,6.237877,94.784176,290.95434,289.27186,1.466288,8.266207,8.19622,0.058931,149.20946,11.24704,-0.296524,-0.046844,7.603328,326.6249,348.11548,137.71274,OverRange,OverRange,OverRange,OverRange,OverRange,OverRange,0,0,0,0,0.79,-1.12,0,0
2025/03/31 08:07:00.134,n,6.259457,94.691896,296.01624,293.57718,1.675187,8.443098,8.366702,0.061267,151.95912,11.432958,-0.301277,-0.048256,7.638775,326.39158,348.16792,140.27314,OverRange,OverRange,OverRange,OverRange,OverRange,OverRange,0,0,0,0,0.8,-1.2,0,0
2025/03/31 08:08:00.134,n,6.241146,93.873536,302.74106,299.66422,2.188036,8.761502,8.6023,0.096919,155.51454,11.847074,-0.309563,-0.051231,7.662027,325.79166,348.02052,143.40912,OverRange,OverRange,OverRange,OverRange,OverRange,OverRange,0,0,0,0,0.79,-1.2,0,0
2025/03/31 08:09:00.134,n,6.207913,92.958496,311.173,307.72912,2.559297,9.04453,8.849692,0.127992,159.79578,12.004388,-0.31308,-0.060371,7.657473,325.4645,347.18592,147.53868,OverRange,OverRange,OverRange,OverRange,OverRange,OverRange,0,0,0,0,0.79,-1.16,0,0
2025/03/31 08:10:00.134,n,6.211231,93.411672,318.91052,315.32224,2.59567,8.796882,8.648704,0.150783,164.08272,12.304092,-0.316078,-0.059486,7.684058,325.33866,347.398,151.52204,OverRange,OverRange,OverRange,OverRange,OverRange,OverRange,0,0,0,0,0.8,-1.15,0,0
2025/03/31 08:11:00.138,n,6.246193,93.556936,327.7323,324.04606,2.638655,9.042992,8.924808,0.105657,168.74314,12.70453,-0.316078,-0.054749,7.718399,325.5113,347.99144,155.77728,OverRange,OverRange,OverRange,OverRange,OverRange,OverRange,0,0,0,0,0.78,-1.13,0,0
2025/03/31 08:12:00.137,n,6.289406,94.325192,336.64548,333.2706,2.772634,9.430614,9.28423,0.105281,173.4504,13.132946,-0.316254,-0.055283,7.753815,325.6741,348.12196,160.05648,OverRange,OverRange,OverRange,OverRange,OverRange,OverRange,0,0,0,0,0.8,-1.16,0,0
2025/03/31 08:13:00.137,n,6.282715,92.75728,340.5348,339.21524,1.11243,9.465992,9.436768,0.071943,175.67466,13.475556,-0.316078,-0.059669,7.760465,325.72272,347.7658,161.9427,OverRange,OverRange,OverRange,OverRange,OverRange,OverRange,0,0,0,0,0.79,-1.27,0,0
2025/03/31 08:14:00.140,n,6.284424,92.435016,341.72716,341.42692,0.273861,9.572126,9.578024,0.072028,176.46216,13.475556,-0.320129,-0.05703,7.760465,325.37228,348.00024,162.72352,OverRange,OverRange,OverRange,OverRange,OverRange,OverRange,0,0,0,0,0.77,-1.1,0,0
2025/03/31 08:15:00.144,n,6.306057,92.36836,342.4094,342.19948,0.25,9.749018,9.690056,0.079519,177.13488,13.560742,-0.325417,-0.058784,7.784807,325.03732,347.96684,163.3075,OverRange,OverRange,OverRange,OverRange,OverRange,OverRange,0,0,0,0,0.8,-1.16,0,0
2025/03/31 08:16:00.135,n,6.271096,92.216312,342.78552,342.47844,0.223607,9.853614,9.831054,0.042361,177.64312,13.617948,-0.32859,-0.059143,7.790336,324.79052,347.96272,163.75572,OverRange,OverRange,OverRange,OverRange,OverRange,OverRange,0,0,0,0,0.8,-1.29,0,0
2025/03/31 08:17:00.134,n,6.292774,92.211672,344.69516,343.85328,0.622495,9.996666,9.931548,0.069087,178.7601,13.632248,-0.329475,-0.059486,7.802548,324.7754,347.99368,164.85788,OverRange,OverRange,OverRange,OverRange,OverRange,OverRange,0,0,0,0,0.78,-1.2,0,0
2025/03/31 08:18:00.134,n,6.316067,92.35596,349.26064,346.9152,1.487448,10.136642,10.008202,0.079211,181.0295,13.860448,-0.327003,-0.056511,7.832402,325.13932,348.40804,166.89856,OverRange,OverRange,OverRange,OverRange,OverRange,OverRange,0,0,0,0,0.77,-1.07,0,0
2025/03/31 08:19:00.134,n,6.324368,92.438088,355.28192,353.07584,1.802776,10.17202,10.254568,0.076307,184.36164,14.074966,-0.327705,-0.05703,7.85785,325.20672,348.49004,170.016,OverRange,OverRange,OverRange,OverRange,OverRange,OverRange,0,0,0,0,0.8,-1.18,0,0
2025/03/31 08:20:00.137,n,6.348847,92.443144,359.48344,357.9408,1.193734,10.34891,10.343014,0.101201,186.37748,14.032064,-0.328751,-0.054565,7.874486,325.20002,348.79264,172.07122,OverRange,OverRange,OverRange,OverRange,OverRange,OverRange,0,0,0,0,0.77,-1.2,0,0
2025/03/31 08:21:00.140,n,6.3904,92.026544,359.5352,359.73392,0.273861,9.888992,9.907708,0.053787,186.5665,14.089268,-0.324165,-0.055969,7.884436,325.64672,348.718,172.20904,OverRange,OverRange,OverRange,OverRange,OverRange,OverRange,0,0,0,0,0.8,-1.16,0,0
2025/03/31 08:22:00.141,n,6.440304,92.244712,354.06972,356.99028,1.939717,9.784396,9.878482,0.061714,183.64324,13.917652,-0.319405,-0.048592,7.922082,326.24814,349.5628,169.4548,OverRange,OverRange,OverRange,OverRange,OverRange,OverRange,0,0,0,0,0.79,-1.18,0,0
2025/03/31 08:23:00.141,n,6.458615,91.449592,341.67692,347.39084,4.133703,9.607506,9.701846,0.129838,177.3553,13.389748,-0.310951,-0.050346,7.955221,327.14636,349.57396,163.70496,OverRange,OverRange,OverRange,OverRange,OverRange,OverRange,0,0,0,0,0.79,-1.17,0,0
2025/03/31 08:24:00.145,n,6.531807,92.55472,318.21002,328.93688,7.778175,9.042992,9.248852,0.160032,166.1077,12.432804,-0.295799,-0.054039,7.981793,328.59092,349.37984,153.43314,OverRange,OverRange,OverRange,OverRange,OverRange,OverRange,0,0,0,0,0.78,-1.16,0,0
2025/03/31 08:25:00.136,n,6.558369,92.18108,301.42382,307.12024,4.901531,8.795342,8.836618,0.098605,157.01186,11.776188,-0.28524,-0.053688,8.006119,329.62702,349.53368,145.00412,3186.1072,3245.4764,46.242836,OverRange,OverRange,OverRange,0,0,0,0,0.8,-1.07,0,0
2025/03/31 08:26:00.136,n,6.56501,91.813216,302.38474,301.44742,0.661438,8.759966,8.712792,0.053389,157.21572,11.80417,-0.281891,-0.056671,8.034869,330.06168,349.41368,145.18634,3108.9262,3182.6428,97.167896,OverRange,OverRange,OverRange,0,0,0,0,0.78,-1.18,0,0
2025/03/31 08:27:00.135,n,6.573361,91.652376,301.42382,302.11062,0.433013,8.8661,8.77791,0.073537,157.07582,11.79049,-0.278191,-0.051407,8.052548,330.47088,349.97032,145.05852,3124.0208,3161.1452,74.570768,OverRange,OverRange,OverRange,0,0,0,0,0.78,-1.15,0,0
2025/03/31 08:28:00.136,n,6.631466,92.52996,296.34366,299.03982,1.67332,8.726126,8.760222,0.070616,154.53802,11.390676,-0.266579,-0.053513,8.080208,331.61484,349.9228,142.9343,3001.4318,3185.7044,101.97648,OverRange,OverRange,OverRange,0,0,0,0,0.79,-1.08,0,0
2025/03/31 08:29:00.138,n,6.553387,89.980008,278.54172,286.77822,6.011448,8.44156,8.495398,0.127872,144.56332,10.676232,-0.240898,-0.056847,8.082371,333.84726,349.6376,133.70304,3091.8388,3077.2802,27.247018,OverRange,OverRange,OverRange,0,0,0,0,0.8,-1.11,0,0
2025/03/31 08:30:07.047,n,6.593617,90.822784,270.30926,271.65902,2.206524,8.195451,8.178018,0.083085,138.86926,10.018994,-0.226486,-0.062119,8.07767,335.07026,349.14568,128.6859,3017.594,3106.011,97.2872,OverRange,OverRange,OverRange,0,0,0,0,0.78,-1.08,0,0
2025/03/31 08:31:00.144,n,6.608559,91.407064,283.03254,276.11962,4.666369,7.80629,7.724253,0.119329,144.28406,10.43311,-0.231583,-0.061234,8.096454,334.72424,349.31916,133.6806,2936.4528,3048.2188,61.754352,OverRange,OverRange,OverRange,0,0,0,0,0.78,-1.19,0,0
2025/03/31 08:32:00.145,n,6.6069,89.7116,303.07458,294.81344,6.208361,8.547696,8.2357,0.203725,154.1954,11.347772,-0.246712,-0.062294,8.105252,333.4598,349.26928,142.66318,2946.2976,2939.087,23.08246,OverRange,OverRange,OverRange,0,0,0,0,0.79,-1.12,0,0
2025/03/31 08:33:00.147,n,6.618519,89.88748,322.31864,314.21918,5.991661,8.970696,8.759708,0.171502,164.21634,12.218906,-0.254974,-0.061234,8.109723,332.76758,349.386,151.8037,2900.6516,2939.9216,42.37924,OverRange,OverRange,OverRange,0,0,0,0,0.8,-1.14,0,0
2025/03/31 08:34:00.136,n,6.643421,89.5512,340.58808,333.11376,5.665686,9.572126,9.342168,0.165507,173.64798,13.004234,-0.257614,-0.062294,8.127368,332.62836,349.38096,160.44844,2956.1692,2930.5264,54.983636,OverRange,OverRange,OverRange,0,0,0,0,0.78,-1.13,0,0
2025/03/31 08:35:00.135,n,6.673352,89.75208,354.96212,348.83292,4.421539,9.924372,9.806956,0.147365,181.44124,13.76096,-0.258316,-0.055267,8.161633,332.7405,350.17784,167.47724,3031.5964,3052.8,67.462584,OverRange,OverRange,OverRange,0,0,0,0,0.79,-1.15,0,0
2025/03/31 08:36:00.137,n,6.713246,90.5574,364.55596,362.19028,2.768122,10.453506,10.295074,0.119661,187.51674,14.360372,-0.258316,-0.05088,8.20694,332.96936,350.79632,172.94894,2998.3908,3038.9528,49.485352,OverRange,OverRange,OverRange,0,0,0,0,0.79,-1.09,0,0
2025/03/31 08:37:00.138,n,6.746498,90.402088,368.95696,365.20472,1.958954,10.771912,10.54221,0.127848,190.36004,14.745884,-0.268517,-0.053337,8.257759,332.34376,350.83488,175.39898,3023.763,3064.47,55.677644,OverRange,OverRange,OverRange,0,0,0,0,0.79,-1.11,0,0
2025/03/31 08:38:00.141,n,6.799671,91.160776,394.1066,385.85484,7.919122,11.265668,11.048016,0.214353,202.71494,15.730186,-0.273804,-0.053162,8.304158,332.121,351.08512,186.7641,3002.95,3082.0984,62.186816,OverRange,OverRange,OverRange,0,0,0,0,0.79,-1.11,0,0
2025/03/31 08:39:00.141,n,6.796303,89.985528,379.3138,385.55664,5.586815,11.090316,11.130566,0.104874,195.58924,15.230886,-0.262009,-0.059479,8.339498,333.32006,350.7028,180.15584,2918.49,3082.2674,126.95512,OverRange,OverRange,OverRange,0,0,0,0,0.75,-1.06,0,0
2025/03/31 08:40:00.146,n,6.824524,90.141048,375.36352,378.17924,1.753568,10.878046,10.924192,0.065457,193.2342,14.602872,-0.25779,-0.06089,8.362688,333.80242,350.69484,178.43442,2983.4738,3032.4688,39.759276,OverRange,OverRange,OverRange,0,0,0,0,0.8,-1.11,0,0
2025/03/31 08:41:00.148,n,6.857777,91.625272,355.81644,364.82756,6.322579,10.242776,10.471708,0.179518,183.6204,13.504158,-0.239677,-0.055618,8.41234,335.62044,351.41432,169.9322,2979.6966,3047.9454,39.486704,OverRange,OverRange,OverRange,0,0,0,0,0.8,-1.09,0,0
2025/03/31 08:42:00.149,n,6.777706,88.462184,307.83954,330.49548,16.260382,9.253722,9.718766,0.374625,159.42116,11.449124,-0.208038,-0.068077,8.395428,338.27168,350.22212,147.83206,3028.757,3014.0618,44.244772,OverRange,OverRange,OverRange,0,0,0,0,0.78,-1.11,0,0
2025/03/31 08:43:00.135,n,6.791035,90.06252,268.357,281.53762,11.251112,7.807828,8.119567,0.285301,139.26616,9.528398,-0.190475,-0.064743,8.427418,339.95304,350.68028,129.61204,2935.2532,3000.945,67.165464,OverRange,OverRange,OverRange,0,0,0,0,0.78,-1.11,0,0
2025/03/31 08:44:00.137,n,6.817547,90.516224,260.01032,261.07504,2.307596,7.630937,7.648626,0.066245,134.32762,9.20071,-0.189766,-0.063339,8.439566,340.07592,350.86648,125.00048,2925.8816,2969.1032,59.685844,OverRange,OverRange,OverRange,0,0,0,0,0.78,-1.07,0,0
2025/03/31 08:45:00.138,n,6.852413,91.519256,272.68032,267.98336,4.486787,7.843207,7.825262,0.110734,140.55676,9.485494,-0.199425,-0.060707,8.458318,339.33528,351.19508,130.93256,2913.5564,2989.2266,49.436828,OverRange,OverRange,OverRange,0,0,0,0,0.78,-1.05,0,0
2025/03/31 08:46:00.142,n,6.855782,91.523896,258.01542,267.00446,5.776569,7.666315,7.830644,0.150662,133.2649,8.70203,-0.187836,-0.065445,8.47707,340.43288,350.8694,124.44048,2880.3894,2956.2246,54.655284,OverRange,OverRange,OverRange,0,0,0,0,0.8,-1.13,0,0
2025/03/31 08:47:00.143,n,6.766083,90.101384,236.20994,244.31828,6.410441,7.13718,7.377649,0.150297,121.16412,7.748196,-0.18679,-0.071419,8.47598,340.51772,350.33332,113.30056,2934.1594,2916.653,50.453936,OverRange,OverRange,OverRange,0,0,0,0,0.77,-1.09,0,0
2025/03/31 08:48:00.145,n,6.781075,91.511496,212.0517,224.67042,8.249243,6.535749,6.883379,0.223839,107.81902,6.351021,-0.17643,-0.06826,8.483688,341.45296,350.6528,101.35984,2845.9006,2924.8526,84.403792,OverRange,OverRange,OverRange,0,0,0,0,0.79,-1.09,0,0
2025/03/31 08:49:00.149,n,6.756123,91.218816,190.67872,195.24012,6.214399,6.183505,6.212731,0.130973,95.117496,5.381642,-0.173798,-0.071762,8.487022,341.69764,350.3588,89.633816,2848.1896,2882.0798,40.14972,OverRange,OverRange,OverRange,0,0,0,0,0.81,-1.07,0,0
2025/03/31 08:50:00.150,n,6.761105,91.902856,193.75636,194.88578,1.608571,6.218883,6.118644,0.068666,96.459488,5.310135,-0.17099,-0.070007,8.481478,341.91236,350.48648,91.048368,2854.1086,2890.4522,54.27338,OverRange,OverRange,OverRange,0,0,0,0,0.8,-1.08,0,0
2025/03/31 08:51:00.151,n,6.784344,91.980096,193.6528,189.83202,2.300136,6.112748,6.053784,0.096651,95.788488,5.353039,-0.172745,-0.065971,8.504702,341.8782,350.9626,90.32868,2819.3284,2869.5478,57.806576,OverRange,OverRange,OverRange,0,0,0,0,0.8,-1.09,0,0
2025/03/31 08:52:00.138,n,6.754463,91.330392,209.638,205.26722,4.860556,6.535749,6.406542,0.115032,103.86214,5.951828,-0.177658,-0.0737,8.496962,341.41392,350.23692,97.806352,2779.554,2787.7146,71.688216,OverRange,OverRange,OverRange,0,0,0,0,0.79,-1.22,0,0
2025/03/31 08:53:00.140,n,6.70295,90.902656,216.35828,210.505,3.275859,6.889532,6.630347,0.154245,107.3696,5.994732,-0.181519,-0.078445,8.483688,341.01272,349.74828,101.2718,2677.3294,2717.1708,64.881432,OverRange,OverRange,OverRange,0,0,0,0,0.75,-1.15,0,0
2025/03/31 08:54:00.141,n,6.550068,90.392016,235.6602,230.044,5.635823,7.418667,7.195631,0.184911,117.52076,6.607823,-0.18679,-0.084412,8.450576,340.38896,349.05064,110.81056,2673.303,2710.9336,28.719332,OverRange,OverRange,OverRange,0,0,0,0,0.76,-1.24,0,0
2025/03/31 08:55:00.135,n,6.55505,91.084056,229.4379,233.52288,2.588436,7.277154,7.295613,0.057886,114.68144,6.222931,-0.186607,-0.079323,8.434036,340.321,349.41884,108.35124,2603.759,2650.5624,37.884032,OverRange,OverRange,OverRange,0,0,0,0,0.75,-1.07,0,0
2025/03/31 08:56:00.135,n,6.511837,91.156904,213.01566,219.87044,5.254165,6.92491,7.001306,0.112348,106.23946,5.752232,-0.180115,-0.079323,8.405332,340.73744,349.27364,100.38644,2575.1258,2628.2308,52.092224,OverRange,OverRange,OverRange,0,0,0,0,0.79,-1.19,0,0
2025/03/31 08:57:00.135,n,6.519009,91.613056,211.67252,211.06896,0.460977,6.889532,6.871842,0.048852,104.9523,5.437603,-0.179939,-0.080376,8.361193,340.52928,348.95676,99.41512,2656.3782,2649.928,34.140884,OverRange,OverRange,OverRange,0,0,0,0,0.8,-1.19,0,0
2025/03/31 08:58:00.135,n,6.517349,91.529464,221.1415,214.7801,3.68273,6.500371,6.393723,0.104539,110.21576,6.165104,-0.178368,-0.078262,8.34467,340.58156,349.06076,103.95056,2616.3762,2607.6404,31.035464,OverRange,OverRange,OverRange,0,0,0,0,0.69,-1.17,0,0
2025/03/31 08:59:00.136,n,6.52404,90.745432,249.79058,239.87792,9.016652,7.135641,6.976183,0.197008,125.14556,7.46217,-0.185211,-0.07563,8.310436,339.81636,349.12132,117.5738,2589.657,2589.01,43.432704,OverRange,OverRange,OverRange,0,0,0,0,0.76,-1.12,0,0
2025/03/31 09:00:07.036,n,6.567253,90.177072,238.98456,244.86092,4.346694,7.241776,7.282282,0.056065,120.41776,7.362061,-0.177307,-0.072121,8.306028,340.47784,349.41076,112.9505,2542.805,2589.0188,27.480902,OverRange,OverRange,OverRange,0,0,0,0,0.8,-1.19,0,0
2025/03/31 09:01:00.134,n,6.593815,90.534344,245.93476,239.66804,3.640913,7.417129,7.258696,0.115456,123.91606,7.903023,-0.177834,-0.066498,8.310436,340.45456,349.93236,115.9017,2605.2932,2606.5686,23.562684,OverRange,OverRange,OverRange,0,0,0,0,0.79,-1.15,0,0
2025/03/31 09:02:00.134,n,6.632,89.711984,257.42608,255.36872,3.04959,7.629399,7.623503,0.078864,130.66884,8.573318,-0.179237,-0.066849,8.314842,340.35548,349.9236,121.98312,2643.4172,2627.9392,9.165152,OverRange,OverRange,OverRange,0,0,0,0,0.79,-1.16,0,0
2025/03/31 09:03:00.134,n,6.681851,89.34128,261.65348,258.86972,1.713914,8.017021,7.811674,0.138328,132.53166,9.014794,-0.182579,-0.064743,8.322552,340.10528,350.14948,123.39902,2639.7586,2680.0944,47.421512,OverRange,OverRange,OverRange,0,0,0,0,0.79,-1.26,0,0
2025/03/31 09:04:00.134,n,6.68356,87.98508,284.05438,272.45898,7.738702,8.512318,8.188273,0.203935,143.56624,9.94811,-0.186081,-0.070892,8.314842,339.76348,349.56444,133.50294,2711.8982,2727.1298,23.426482,OverRange,OverRange,OverRange,0,0,0,0,0.78,-1.15,0,0
2025/03/31 09:05:00.135,n,6.711785,88.37292,308.5187,301.1601,7.205033,9.041452,8.829438,0.210604,156.61554,10.99086,-0.19223,-0.068779,8.32034,339.25932,349.77992,145.50122,2711.5804,2743.9118,21.147104,OverRange,OverRange,OverRange,0,0,0,0,0.79,-1.2,0,0
2025/03/31 09:06:00.135,n,6.720085,87.384592,309.85574,308.4451,0.782624,9.147588,9.053246,0.073121,157.77478,11.248906,-0.192406,-0.067551,8.32699,339.2778,349.92268,146.40102,2707.5256,2700.2282,40.14972,OverRange,OverRange,OverRange,0,0,0,0,0.8,-1.18,0,0
2025/03/31 09:07:00.136,n,6.736737,87.646752,306.15528,309.17026,1.910497,9.216806,9.200142,0.057886,156.97244,11.276886,-0.192055,-0.063156,8.342441,339.38628,350.39108,145.56668,2658.5822,2679.6796,34.548516,OverRange,OverRange,OverRange,0,0,0,0,0.78,-1.1,0,0
2025/03/31 09:08:00.136,n,6.773308,88.480336,303.41266,303.67532,0.935414,9.182966,9.182452,0.038113,157.30368,11.491406,-0.193115,-0.059647,8.362314,339.395,350.80324,145.6788,2638.571,2678.7662,40.01,OverRange,OverRange,OverRange,0,0,0,0,0.77,-1.09,0,0
2025/03/31 09:09:00.138,n,6.821404,88.747824,322.31256,313.95652,6.493266,9.676724,9.499832,0.17329,167.24812,12.547836,-0.203293,-0.05983,8.376642,338.5872,350.85956,154.55682,2619.9162,2657.2934,24.511222,OverRange,OverRange,OverRange,0,0,0,0,0.79,-1.17,0,0
2025/03/31 09:10:00.134,n,6.904461,89.511104,308.4517,318.9354,6.709136,9.464454,9.68262,0.143971,161.73338,12.134342,-0.192932,-0.054733,8.41748,339.69012,351.51884,149.46086,2670.242,2673.9266,9.121404,OverRange,OverRange,OverRange,0,0,0,0,0.79,-1.06,0,0
2025/03/31 09:11:00.135,n,6.934342,89.14084,298.30352,300.46926,2.302173,9.253722,9.29474,0.068554,155.44258,11.719604,-0.191879,-0.055084,8.449486,339.94332,351.6498,143.58618,2593.9852,2651.5888,42.904544,OverRange,OverRange,OverRange,0,0,0,0,0.78,-1.12,0,0
2025/03/31 09:12:00.136,n,6.862957,88.063008,310.404,303.74844,4.501389,9.570588,9.376778,0.119355,159.97794,11.848316,-0.20224,-0.060699,8.45282,339.06392,351.16796,147.98808,2648.532,2609.1084,33.190362,OverRange,OverRange,OverRange,0,0,0,0,0.79,-1.09,0,0
2025/03/31 09:13:00.134,n,6.806511,86.83288,339.31804,325.6222,9.447884,10.205858,9.88848,0.242339,172.66632,12.80526,-0.216118,-0.068779,8.472662,337.96388,350.55088,159.71372,2501.3738,2532.3406,51.946124,OverRange,OverRange,OverRange,0,0,0,0,0.79,-1.21,0,0
2025/03/31 09:14:00.134,n,6.784928,86.881416,346.40836,350.13728,3.32979,10.276616,10.41172,0.092834,176.3765,13.062062,-0.205925,-0.072823,8.480388,338.88472,350.23088,163.18134,2448.3952,2487.4172,43.322048,OverRange,OverRange,OverRange,0,0,0,0,0.77,-1.11,0,0
2025/03/31 09:15:00.135,n,6.793179,88.13156,309.7522,323.46658,11.666726,9.641346,9.894378,0.249046,158.69192,11.562912,-0.187141,-0.063515,8.510182,340.66068,351.2086,147.00538,2490.9368,2491.9902,16.661334,OverRange,OverRange,OverRange,0,0,0,0,0.8,-1.2,0,0
2025/03/31 09:16:00.137,n,6.814762,88.059928,304.85324,306.33218,0.844097,9.32294,9.423436,0.087625,155.92742,11.276886,-0.183807,-0.068436,8.517892,340.98808,350.81056,144.53516,2415.0246,2467.6472,31.962478,OverRange,OverRange,OverRange,0,0,0,0,0.79,-1.08,0,0
2025/03/31 09:17:00.136,n,6.804802,87.900944,280.6965,291.56498,8.324287,9.006074,9.200142,0.164897,145.6963,10.563066,-0.190651,-0.072121,8.533342,340.47448,350.56172,135.01472,2438.2884,2442.764,40.29888,OverRange,OverRange,OverRange,0,0,0,0,0.77,-1.14,0,0
2025/03/31 09:18:00.140,n,6.730046,88.687176,272.02246,274.61178,2.150581,8.759966,8.859178,0.098108,140.91138,9.833698,-0.186081,-0.069305,8.541084,340.90892,350.85084,130.96092,2362.5544,2400.3006,33.62142,OverRange,OverRange,OverRange,0,0,0,0,0.78,-1.22,0,0
2025/03/31 09:19:00.134,n,6.726773,88.629608,278.60566,273.0907,3.153371,9.006074,8.858922,0.087521,143.962,10.091122,-0.196617,-0.070709,8.537766,339.9808,350.70948,133.74496,2385.2834,2383.342,19.718012,OverRange,OverRange,OverRange,0,0,0,0,0.79,-1.25,0,0
2025/03/31 09:20:00.135,n,6.663639,88.83796,305.36796,294.00988,8.622644,9.641346,9.370368,0.207848,158.04262,11.048688,-0.207687,-0.072121,8.548826,339.07916,350.64012,146.85838,2353.5516,2408.3372,49.282856,OverRange,OverRange,OverRange,0,0,0,0,0.8,-1.11,0,0
2025/03/31 09:21:00.134,n,6.65202,88.797528,312.42478,312.35526,2.043282,9.888992,9.876944,0.028384,161.98808,11.491406,-0.206284,-0.074928,8.525634,339.08308,350.27324,150.3653,2401.8626,2394.8166,21.10924,OverRange,OverRange,OverRange,0,0,0,0,0.81,-1.25,0,0
2025/03/31 09:22:00.135,n,6.607098,88.853488,290.72742,300.0568,7.193748,9.429076,9.641346,0.1467,151.42346,10.762662,-0.200134,-0.072639,8.519014,339.58144,350.44292,140.5333,2377.448,2340.3146,24.314604,OverRange,OverRange,OverRange,0,0,0,0,0.79,-1.18,0,0
2025/03/31 09:23:00.135,n,6.648648,89.122184,290.42132,287.1061,1.947755,9.429076,9.464454,0.038749,150.9432,10.86277,-0.202766,-0.072639,8.531132,339.41516,350.50436,139.9503,2342.7478,2374.4822,26.046112,OverRange,OverRange,OverRange,0,0,0,0,0.77,-1.21,0,0
2025/03/31 09:24:00.135,n,6.643669,88.859736,324.60138,308.87024,11.488038,10.241238,9.941292,0.275838,166.94316,12.105118,-0.21946,-0.07177,8.522332,337.92656,350.53704,154.69034,2313.842,2351.6682,20.909328,OverRange,OverRange,OverRange,0,0,0,0,0.77,-1.16,0,0
2025/03/31 09:25:00.138,n,6.657959,88.822624,338.09064,335.49118,3.148412,10.665776,10.570922,0.133409,174.20246,12.56276,-0.225769,-0.06913,8.51547,337.34596,350.73668,161.48306,2268.8874,2310.1146,28.361946,OverRange,OverRange,OverRange,0,0,0,0,0.8,-1.09,0,0
2025/03/31 09:26:00.138,n,6.726124,88.632976,353.62052,346.08044,5.642473,10.733456,10.522212,0.140799,181.7262,13.433274,-0.233856,-0.066673,8.533148,336.73596,351.04444,168.12574,2293.0002,2296.5384,22.969546,OverRange,OverRange,OverRange,0,0,0,0,0.8,-1.15,0,0
2025/03/31 09:27:00.141,n,6.790871,88.808608,348.3104,353.24208,3.164254,10.627322,10.763194,0.087904,181.10546,13.50478,-0.232452,-0.061409,8.570668,337.04768,351.70224,167.42964,2300.4524,2310.72,21.808256,OverRange,OverRange,OverRange,0,0,0,0,0.78,-1.17,0,0
2025/03/31 09:28:00.135,n,6.882229,89.540976,365.19408,353.8936,7.240511,11.051862,10.858048,0.135362,189.8975,14.21798,-0.249855,-0.061409,8.597098,335.67632,351.83628,175.49106,2270.7396,2315.341,36.556804,OverRange,OverRange,OverRange,0,0,0,0,0.78,-1.07,0,0
2025/03/31 09:29:00.136,n,6.90049,88.838152,386.88684,379.97316,6.154267,11.827106,11.534082,0.233383,201.84978,15.387578,-0.256546,-0.059479,8.635678,335.29324,352.20344,186.26514,2276.8312,2289.1564,16.136914,OverRange,OverRange,OverRange,0,0,0,0,0.8,-1.07,0,0
2025/03/31 09:30:07.034,n,6.90049,87.9838,372.01176,383.17212,6.56125,11.545618,11.739686,0.129509,192.32964,14.831692,-0.237022,-0.061234,8.681966,337.21708,352.28256,177.32216,2274.4798,2300.9466,25.258662,OverRange,OverRange,OverRange,0,0,0,0,0.78,-1.09,0,0
2025/03/31 09:31:00.135,n,6.940285,88.29064,330.33636,344.96316,12.554382,10.558104,10.79883,0.257244,173.42698,13.190774,-0.216637,-0.064041,8.711764,339.1318,352.18444,160.0836,2272.8762,2289.4222,11.54123,OverRange,OverRange,OverRange,0,0,0,0,0.76,-1.1,0,0
2025/03/31 09:32:00.135,n,6.780911,87.757776,340.26828,331.3493,5.276126,10.839592,10.522212,0.182485,176.19662,12.93335,-0.229645,-0.074226,8.72058,338.05132,351.32472,163.10786,2246.0364,2261.791,37.357732,OverRange,OverRange,OverRange,0,0,0,0,0.79,-1.07,0,0
2025/03/31 09:33:00.137,n,6.835743,88.304648,379.94728,364.85316,12.360724,11.827106,11.369752,0.323441,196.01296,14.674378,-0.246696,-0.071419,8.753628,336.74416,351.74192,181.1633,2206.346,2232.8972,21.466254,OverRange,OverRange,OverRange,0,0,0,0,0.8,-1.07,0,0
2025/03/31 09:34:00.140,n,6.853955,88.108456,379.30008,382.27236,1.990603,12.039376,11.939906,0.060414,197.63136,15.16,-0.246696,-0.07019,8.786728,336.91228,352.01912,182.29486,2152.3592,2210.7198,36.57868,OverRange,OverRange,OverRange,0,0,0,0,0.77,-1.07,0,0
2025/03/31 09:35:00.139,n,6.913769,88.68424,403.82684,388.35384,9.53415,12.60389,12.328042,0.215885,210.4294,16.229488,-0.269913,-0.070358,8.804328,334.9935,352.0938,194.00036,2177.9754,2200.0684,20.248456,OverRange,OverRange,OverRange,0,0,0,0,0.8,-1.01,0,0
2025/03/31 09:36:00.141,n,6.905422,87.845128,494.02588,453.49156,29.96039,14.966542,13.926474,0.74956,254.79848,20.290436,-0.319038,-0.060883,8.836272,330.90628,353.09772,234.24988,2236.9002,2234.273,12.63329,OverRange,OverRange,OverRange,0,0,0,0,0.79,-1.09,0,0
2025/03/31 09:37:00.135,n,6.903809,87.205288,555.51032,534.3274,17.715812,16.801596,16.201704,0.525335,287.39688,23.506984,-0.327675,-0.066673,8.859402,330.27688,352.70116,263.6289,2247.4636,2227.1404,10.526158,OverRange,OverRange,OverRange,0,0,0,0,0.79,-1.13,0,0
2025/03/31 09:38:00.134,n,6.976856,87.436344,584.52336,572.90184,9.285742,17.85833,17.423792,0.356031,302.87374,25.19889,-0.329079,-0.05632,8.929898,330.51416,353.97932,277.4021,2222.5984,2232.9676,9.186948,OverRange,OverRange,OverRange,0,0,0,0,0.79,-1.11,0,0
2025/03/31 09:39:00.134,n,7.067887,87.553096,587.14112,588.88984,2.729469,18.070598,18.052398,0.065551,305.0575,25.32698,-0.329079,-0.060875,8.971572,330.72626,353.78688,279.46232,2239.1276,2249.8408,8.3666,OverRange,OverRange,OverRange,0,0,0,0,0.82,-1.1,0,0
2025/03/31 09:40:00.135,n,7.057926,86.270032,581.831,584.399,1.589025,17.329196,17.417638,0.080131,303.53732,25.128006,-0.352348,-0.068771,9.034326,329.03314,353.40544,278.12574,2226.4924,2250.9178,26.899814,OverRange,OverRange,OverRange,0,0,0,0,0.79,-1.1,0,0
2025/03/31 09:41:00.137,n,7.067887,86.67804,603.1126,591.28624,8.860024,18.104438,17.728866,0.283369,311.79544,25.625442,-0.373695,-0.054375,9.098188,327.51196,355.00948,285.8507,2208.4436,2233.009,16.186416,OverRange,OverRange,OverRange,0,0,0,0,0.79,-1.08,0,0
2025/03/31 09:42:00.137,n,7.242058,86.726528,686.45736,648.28548,24.13918,20.325578,19.27423,0.660736,350.73944,29.687012,-0.376518,-0.054375,9.17627,327.6662,355.40788,320.73028,2206.7034,2229.8572,18.42824,OverRange,OverRange,OverRange,0,0,0,0,0.72,-1.13,0,0
2025/03/31 09:43:00.140,n,7.35817,86.524624,841.33576,792.11368,51.349292,25.035502,23.322732,1.639792,426.0046,38.223644,-0.373344,-0.037354,9.282982,328.48572,357.46452,387.44496,2207.5618,2198.9188,6.131884,OverRange,OverRange,OverRange,0,0,0,0,0.81,-1.12,0,0
2025/03/31 09:44:00.142,n,7.570278,86.430624,767.34272,854.1796,84.91584,23.40964,25.671798,2.179752,390.76504,35.395096,-0.408653,-0.030159,9.41153,326.08854,358.76068,354.99144,2224.804,2239.1276,18.08867,OverRange,OverRange,OverRange,0,0,0,0,0.74,-1.11,0,0
2025/03/31 09:45:00.143,n,7.666374,84.916176,692.48472,697.81056,12.443874,21.134664,21.294378,0.478288,356.30388,31.496438,-0.43911,-0.049286,9.498384,323.89852,357.50664,324.4176,2198.5008,2214.1398,15.178934,OverRange,OverRange,OverRange,0,0,0,0,0.73,-1.08,0,0
2025/03/31 09:46:00.135,n,7.734295,83.359096,824.32416,739.37328,47.907204,24.895526,22.49365,1.382702,417.23484,38.081252,-0.429855,-0.063507,9.610396,325.27302,356.81756,378.78728,2156.8806,2185.326,25.892084,OverRange,OverRange,OverRange,0,0,0,0,0.72,-1.11,0,0
2025/03/31 09:47:00.134,n,7.648159,84.233944,826.9876,839.48016,26.021144,25.141636,25.560022,0.798956,421.70852,38.19442,-0.392586,-0.056488,9.712454,329.02072,357.96468,383.178,2134.2894,2142.9058,15.479018,OverRange,OverRange,OverRange,0,0,0,0,0.76,-1.12,0,0
2025/03/31 09:48:00.135,n,7.730973,83.431216,827.94248,910.93336,125.89202,25.460042,27.527106,2.988471,421.99864,38.876528,-0.368401,-0.053673,9.832068,331.72708,358.82888,382.80736,2086.6208,2120.4016,20.069878,OverRange,OverRange,OverRange,0,0,0,0,0.75,-1.03,0,0
2025/03/31 09:49:00.136,n,7.630291,82.526496,657.73976,718.97872,51.787548,20.99469,22.831284,1.45623,346.6678,30.693078,-0.393097,-0.057007,9.897344,329.9264,358.86848,315.63862,2028.6978,2061.2042,22.117866,OverRange,OverRange,OverRange,0,0,0,0,0.74,-1.11,0,0
2025/03/31 09:50:00.137,n,7.7048,83.554184,711.24912,676.7656,23.19267,21.520748,20.751398,0.495142,368.50624,32.107662,-0.379509,-0.066139,9.970496,331.47814,358.43376,336.0852,2026.4252,2043.0552,11.781342,OverRange,OverRange,OverRange,0,0,0,0,0.73,-1.12,0,0
2025/03/31 09:51:00.139,n,7.787613,83.2972,720.2384,729.9848,6.663333,21.802236,22.028094,0.24377,378.4964,33.047196,-0.305458,-0.059998,10.077494,338.43492,359.5302,345.20372,1963.827,1981.7794,21.16601,OverRange,OverRange,OverRange,0,0,0,0,0.73,-1.08,0,0
2025/03/31 09:52:00.141,n,7.784245,83.044664,596.97408,677.56376,57.428216,18.736634,20.824976,1.383938,318.15988,27.072982,-0.290672,-0.073341,10.152424,340.1004,358.73152,290.86954,1951.6668,1957.3154,6.69328,OverRange,OverRange,OverRange,0,0,0,0,0.71,-1.09,0,0
2025/03/31 09:53:00.143,n,7.620327,81.599448,514.95876,536.05304,22.695814,16.410898,17.027966,0.613309,268.39712,21.727406,-0.321838,-0.101631,10.17006,337.49532,356.31004,246.44952,1906.786,1924.452,18.601076,OverRange,OverRange,OverRange,0,0,0,0,0.72,-1.08,0,0
2025/03/31 09:54:00.145,n,7.438069,82.988208,515.70192,516.35924,0.987421,16.37552,16.387312,0.043075,266.54348,20.759892,-0.319557,-0.101089,10.176602,337.72636,356.39188,245.56514,1854.2176,1866.5386,8.83176,OverRange,OverRange,OverRange,0,0,0,0,0.73,-1.17,0,0
2025/03/31 09:55:00.134,n,7.583821,83.776192,524.57696,524.71528,4.502777,15.989436,15.999946,0.072954,270.02578,20.6175,-0.330833,-0.095116,10.196438,336.85324,357.02476,249.17258,1828.782,1846.5936,18.187908,OverRange,OverRange,OverRange,0,0,0,0,0.72,-1.05,0,0
2025/03/31 09:56:00.135,n,7.631867,83.279952,481.17616,497.66212,14.3901,15.000382,15.423896,0.31842,247.69564,18.424428,-0.406517,-0.094589,10.225028,330.45374,357.21904,228.95928,1801.2596,1809.5006,8.074652,OverRange,OverRange,OverRange,0,0,0,0,0.76,-1.13,0,0
2025/03/31 09:57:00.137,n,7.641827,82.88776,487.56144,485.13504,3.49285,15.03576,15.136254,0.112673,247.83212,17.82626,-0.485451,-0.09494,10.226166,323.6314,357.19368,229.61536,1805.6794,1808.8804,10.807406,OverRange,OverRange,OverRange,0,0,0,0,0.73,-1.1,0,0
2025/03/31 09:58:00.139,n,7.708088,83.131024,515.6364,514.44812,8.783508,15.777166,15.635654,0.245317,259.48858,18.880204,-0.584862,-0.090195,10.230576,315.05456,357.63784,240.1137,1805.0412,1804.6408,11.558548,OverRange,OverRange,OverRange,0,0,0,0,0.71,-1.13,0,0
2025/03/31 09:59:00.139,n,7.741192,82.377168,502.0314,502.74056,5.80517,15.741788,15.588738,0.212121,254.9658,18.624024,-0.722405,-0.103554,10.21074,303.0542,356.3492,235.72294,1806.0652,1806.2604,11.933148,OverRange,OverRange,OverRange,0,0,0,0,0.77,-0.88,0,0
2025/03/31 10:00:07.024,n,7.591896,82.846552,476.7828,509.12072,33.836372,15.283408,16.211448,1.27856,230.76084,16.60008,-0.812332,-0.104256,10.131498,294.86624,355.87808,213.4527,1778.2376,1786.1606,8.27043,3289.2242,3307.246,13.20606,0,0,0,0,0.7,-1.12,0,0
2025/03/31 10:01:00.143,n,7.576954,81.923656,460.15496,452.79488,5.212965,14.365112,14.04722,0.190663,221.65188,15.545514,-0.811272,-0.107063,10.11163,294.85556,355.52632,205.40216,1724.2004,1763.1816,24.462216,3205.3262,3253.9206,29.852974,0,0,0,0,0.78,-1.11,0,0
2025/03/31 10:02:00.146,n,7.470948,82.315496,1304.6232,732.99952,293.79626,34.786056,21.437174,6.932255,483.46812,39.003376,-0.7155,-0.103729,10.07637,302.95864,355.64076,443.85296,1727.5856,1715.2896,7.402703,3179.1818,3174.4668,5.215362,0,0,0,0,0.76,-1.1,0,0
2025/03/31 10:03:00.147,n,7.588574,82.54504,1204.0902,1410.3892,103.6031,36.267332,42.111148,3.236541,672.33056,64.683532,-0.595467,-0.056305,10.260386,314.2911,360.80152,607.10792,1766.82,1738.5446,19.068298,3232.572,3198.1238,22.36068,0,0,0,0,0.75,-1.13,0,0
2025/03/31 10:04:00.135,n,7.831982,80.787176,540.40076,660.68388,182.03474,16.903116,20.48555,5.108754,278.04748,21.414642,-0.611916,-0.07386,10.277992,312.95914,359.33336,256.09478,1752.4944,1760.8514,6.511528,3168.1158,3216.076,32.875522,0,0,0,0,0.73,-1.2,0,0
2025/03/31 10:05:00.136,n,7.930031,79.608176,708.85672,584.60896,64.087052,21.396156,18.063422,1.734854,329.33896,26.930592,-0.625008,-0.083694,10.252706,311.6961,358.32948,301.86706,1708.0828,1734.0766,14.113824,3068.521,3121.0804,35.122644,0,0,0,0,0.75,-0.99,0,0
2025/03/31 10:06:00.138,n,7.928322,79.094552,703.84208,887.96304,249.01848,21.431534,26.648802,7.304182,357.81432,30.224244,-0.607498,-0.065956,10.32427,313.58036,360.2744,327.0485,1668.0526,1689.5502,14.93988,2977.566,3003.54,32.2118,0,0,0,0,0.75,-1.12,0,0
2025/03/31 10:07:00.140,n,7.93169,77.818136,695.19688,637.97284,38.606996,21.254642,19.997688,1.111771,339.98124,28.804684,-0.573189,-0.086502,10.277992,316.3092,358.21064,310.68988,1647.912,1658.8948,7.523298,2874.8594,2917.9676,31.57214,0,0,0,0,0.73,-1.14,0,0
2025/03/31 10:08:00.142,n,7.911721,78.28044,1076.2086,741.06568,168.79188,33.126354,23.020224,5.074475,493.11704,45.55586,-0.443863,-0.079826,10.311042,327.66718,358.97416,447.19716,1610.6712,1622.4908,13.243868,2764.5644,2814.6386,41.153368,0,0,0,0,0.73,-1.1,0,0
2025/03/31 10:09:00.145,n,8.076172,78.283664,626.69524,1057.3448,462.119,19.96872,33.413742,13.779478,339.60036,28.90417,-0.356552,-0.058929,10.437642,335.87452,361.48452,310.39852,1604.5086,1608.2008,6.708204,2701.5494,2741.7604,25.091832,0,0,0,0,0.72,-1.14,0,0
2025/03/31 10:10:00.146,n,7.90078,78.317024,538.78656,567.88488,24.439722,17.46763,18.30748,0.648051,285.5198,23.078568,-0.315308,-0.082809,10.395528,339.22456,359.14596,262.20874,1561.8294,1576.3468,10.908712,2545.5792,2603.6988,51.34978,0,0,0,0,0.75,-1.1,0,0
2025/03/31 10:11:00.149,n,8.017086,79.241584,499.25528,512.69304,11.595258,15.457224,15.950212,0.42768,262.06464,20.645482,-0.30439,-0.070518,10.419742,340.29412,360.36264,241.1853,1568.5852,1552.6696,11.891174,2527.211,2524.471,10.807406,0,0,0,0,0.74,-1.09,0,0
2025/03/31 10:12:00.150,n,8.239647,79.529184,547.651,519.58416,19.104318,16.480116,15.83895,0.412749,281.16262,22.239766,-0.304565,-0.067184,10.447228,340.4212,360.801,258.68548,1573.8884,1568.8058,10.079682,2523.879,2530.6064,8.099383,0,0,0,0,0.74,-1.11,0,0
2025/03/31 10:13:00.136,n,8.423874,80.475472,629.4622,581.03132,25.937906,18.770474,17.425074,0.732528,313.92948,26.049508,-0.28714,-0.063316,10.51546,342.28172,361.4976,287.65616,1606.182,1586.8428,11.02724,2549.1822,2537.8772,8.390472,0,0,0,0,0.74,-1.1,0,0
2025/03/31 10:14:00.137,n,8.455318,77.993536,541.60228,567.71076,33.255452,16.62009,17.290228,0.897697,278.77674,22.59481,-0.276054,-0.062973,10.572642,343.53664,361.82412,255.96882,1582.0994,1586.2296,5,2460.2236,2494.9622,27.422618,0,0,0,0,0.75,-1.09,0,0
2025/03/31 10:15:00.139,n,8.366883,77.369408,452.9946,481.51016,24.47703,14.43433,15.16907,0.587612,237.35088,18.766414,-0.286263,-0.08403,10.586638,342.72612,360.0266,218.38222,1533.6732,1535.2964,7.628893,2316.94,2365.4396,35.099856,0,0,0,0,0.71,-1.16,0,0
2025/03/31 10:16:00.142,n,8.167713,78.1242,411.53084,429.33276,12.888948,13.271462,13.629604,0.286837,217.10566,16.529194,-0.314255,-0.095284,10.586638,340.30468,359.02716,200.35748,1507.8508,1499.071,5.674505,2259.7962,2262.3304,8.786354,0,0,0,0,0.73,-1.06,0,0
2025/03/31 10:17:00.145,n,8.179333,79.405056,397.2878,397.67916,4.095729,12.88384,12.918704,0.088939,208.89208,15.531212,-0.395012,-0.091766,10.561382,333.1879,359.2086,193.05762,1500.5486,1480.597,12.099586,2227.448,2215.762,16.637308,0,0,0,0,0.71,-1.07,0,0
2025/03/31 10:18:00.146,n,8.061413,78.683712,477.37824,435.70256,28.240484,14.998844,13.911604,0.758062,246.02584,18.524536,-0.486504,-0.106873,10.529486,325.10828,357.70192,227.12168,1470.0378,1461.0842,6.228965,2160.4704,2174.1582,10.099504,0,0,0,0,0.76,-1.19,0,0
2025/03/31 10:19:00.147,n,8.033242,78.604568,593.10456,547.93904,35.726392,18.347474,16.990794,1.030824,303.36146,23.874466,-0.535728,-0.098442,10.547112,320.9414,358.54196,279.04968,1466.967,1459.9426,15.569202,2228.9266,2185.4344,43.88166,0,0,0,0,0.72,-1.24,0,0
2025/03/31 10:20:00.151,n,8.097988,78.425472,1230.1734,747.21848,239.4575,35.069084,22.521338,6.261786,481.85944,41.713784,-0.540672,-0.089134,10.577916,320.67322,359.52804,439.69412,1483.0222,1454.8558,18.027756,2232.673,2212.0158,17.20465,0,0,0,0,0.73,-1.14,0,0
2025/03/31 10:21:00.135,n,8.235779,78.370048,638.08604,961.99616,406.54236,19.827208,29.721582,12.002966,331.94642,27.469688,-0.510841,-0.056297,10.679058,323.77792,362.96852,304.02218,1479.9652,1454.5606,16.571058,2107.6188,2124.0244,44.9177,0,0,0,0,0.68,-1.04,0,0
2025/03/31 10:22:00.138,n,8.340119,77.121856,666.828,648.05428,12.421756,20.656288,20.10613,0.359986,340.91548,28.235118,-0.457787,-0.077019,10.656958,328.2529,361.01372,312.29962,1453.308,1450.7242,14.289858,2027.7148,2054.2468,14.518954,0,0,0,0,0.76,-1,0,0
2025/03/31 10:23:00.139,n,8.288655,77.357896,577.39952,617.67364,32.861832,17.8168,18.968132,0.908779,302.55454,24.514294,-0.430328,-0.075783,10.682232,330.75918,361.25448,277.6857,1441.7744,1431.7974,8.683318,1954.4106,1975.37,25.432262,0,0,0,0,0.72,-1.13,0,0
2025/03/31 10:24:00.143,n,8.345101,77.055304,507.6994,535.37392,20.987496,15.98482,16.71264,0.59572,265.6235,20.943944,-0.485451,-0.079475,10.692158,326.04238,360.97812,244.2736,1437.5404,1415.4204,15.614098,1935.617,1935.3998,14.240788,0,0,0,0,0.73,-1.13,0,0
2025/03/31 10:25:00.135,n,8.398224,77.818248,464.95344,476.7036,12.26173,14.997306,15.256234,0.27484,242.13352,18.537594,-0.560982,-0.072098,10.709734,319.5998,361.72448,223.10704,1415.437,1412.709,8.590694,1866.8914,1887.9938,16.769018,0,0,0,0,0.73,-1.12,0,0
2025/03/31 10:26:00.135,n,8.491048,77.421176,493.5142,477.6356,10.517842,15.843308,15.396722,0.366305,255.20678,20.175404,-0.614548,-0.080879,10.731736,315.08008,361.05864,234.49772,1454.7876,1429.045,21.647172,1899.117,1875.6666,22.144978,0,0,0,0,0.73,-1.11,0,0
2025/03/31 10:27:00.135,n,8.48512,77.137752,598.32332,540.20888,34.60166,19.015046,17.335348,0.997103,301.48438,24.982506,-0.619659,-0.083855,10.756814,314.76804,360.92452,275.96606,1429.6664,1403.1162,19.442222,1850.2908,1832.8692,14.099646,0,0,0,0,0.73,-1.1,0,0
2025/03/31 10:28:00.135,n,8.518292,76.888984,724.82064,681.65024,27.906092,22.177554,20.98751,0.753021,368.53768,31.796142,-0.583588,-0.072784,10.806288,318.14524,362.16448,336.23076,1425.3878,1391.3844,19.651972,1827.2702,1795.0958,20.009998,0,0,0,0,0.72,-1.1,0,0
2025/03/31 10:29:00.137,n,8.548176,76.033272,906.61816,1044.258,139.98036,27.479678,31.592272,4.290513,464.6808,42.02468,-0.522652,-0.067871,10.898582,323.89612,363.08048,422.20132,1371.2308,1385.0834,10.237188,1724.4144,1752.9112,23.49468,0,0,0,0,0.72,-1.12,0,0
2025/03/31 10:30:07.059,n,8.912778,76.138208,783.85336,901.98832,115.3096,24.015684,28.19032,4.06411,417.43868,37.624856,-0.511009,-0.041023,11.036908,325.62262,366.1842,379.34384,1403.1418,1371.0216,27.770488,1751.7922,1721.0924,29.631066,0,0,0,0,0.73,-1.11,0,0
2025/03/31 10:31:00.136,n,8.745442,74.519944,855.99152,777.644,84.25408,26.136842,24.03363,2.484631,417.25712,37.639156,-0.507126,-0.066818,11.082986,326.19852,364.13332,379.17768,1421.6296,1388.4894,20.871032,1875.347,1778.5492,72.655352,0,0,0,0,0.71,-1,0,0
2025/03/31 10:32:00.135,n,9.01048,75.686496,625.23332,686.18328,81.409768,19.5611,21.40026,2.391126,328.3299,27.780586,-0.477684,-0.054359,11.18611,329.28272,365.77708,300.12598,1449.0658,1414.8024,27.01481,1921.4328,1859.2194,39.678712,0,0,0,0,0.7,-1.12,0,0
2025/03/31 10:33:00.135,n,9.099496,74.165976,687.14872,636.17332,26.090228,21.577662,19.850024,0.860057,350.04788,30.37223,-0.426239,-0.075073,11.232188,333.97326,364.1778,319.3245,1417.9656,1400.1442,15.238112,1976.342,1938.5206,42.482936,0,0,0,0,0.74,-1.06,0,0
2025/03/31 10:34:00.136,n,8.924008,73.611392,600.11568,729.0168,105.85014,19.347294,23.036886,2.831455,331.11154,28.618144,-0.400101,-0.078766,11.29578,336.56624,364.18172,302.17206,1393.6656,1398.1582,4.147288,1921.5458,1954.0224,29.079202,0,0,0,0,0.74,-1.17,0,0
2025/03/31 10:35:00.135,n,8.829122,74.33724,548.66972,558.63288,12.93735,17.956774,18.162122,0.343892,291.36404,24.413562,-0.378052,-0.084023,11.317576,338.58732,363.82864,266.65644,1416.5114,1385.6782,26.157218,1939.3968,1914.1934,31.119126,0,0,0,0,0.73,-1.16,0,0
2025/03/31 10:36:00.136,n,8.928536,74.755456,552.05652,546.68268,3.58469,17.35842,17.440198,0.212408,289.96552,23.532478,-0.372398,-0.079987,11.36691,339.33404,364.44476,266.14062,1400.9178,1369.535,18.209886,1830.7044,1829.1596,19.162464,0,0,0,0,0.78,-1.17,0,0
2025/03/31 10:37:00.136,n,8.986492,74.079288,627.02568,592.92912,25.04396,19.102722,18.314914,0.605658,323.95614,26.346104,-0.380692,-0.084381,11.41073,338.8456,364.28344,297.31372,1407.2372,1413.4606,21.264996,1786.716,1786.4638,6.131884,0,0,0,0,0.72,-1.11,0,0
2025/03/31 10:38:00.137,n,8.9633,74.749104,684.16848,663.39604,16.445364,20.834718,20.274818,0.500927,351.91584,28.816498,-0.370987,-0.083153,11.46005,339.94292,364.65032,322.81152,1377.001,1359.459,11.738826,1767.9686,1746.034,14.669698,0,0,0,0,0.73,-1.05,0,0
2025/03/31 10:39:00.141,n,9.070722,75.156944,702.39992,696.38776,3.73497,21.542284,21.311812,0.146576,360.84948,29.831268,-0.367805,-0.07103,11.532258,340.5958,366.10468,330.72144,1404.2578,1428.751,120.89914,1798.9538,1826.1752,129.09378,0,0,0,0,0.74,-1.11,0,0
2025/03/31 10:40:00.135,n,9.133664,74.850448,760.19448,727.0508,19.983744,23.132766,21.990152,0.683475,387.53512,33.118702,-0.363403,-0.075775,11.611094,341.38928,366.09588,354.1288,1351.5542,1360.6884,7.197222,1737.5378,1757.327,11.83216,0,0,0,0,0.74,-1.11,0,0
2025/03/31 10:41:00.134,n,9.11047,73.130032,1180.0416,1140.4432,265.47278,35.352108,34.69556,7.693976,606.141,59.053176,-0.342072,-0.066643,11.74575,343.94036,367.61272,546.81244,1325.902,1323.6764,8.83176,1787.6398,1734.0272,48.961208,0,0,0,0,0.75,-1.11,0,0
2025/03/31 10:42:00.135,n,9.150266,73.045344,643.73576,876.65968,272.00956,20.482474,27.651696,8.425762,337.78152,27.992618,-0.371689,-0.075592,11.797988,341.65224,367.09184,309.49282,1331.4302,1307.9552,14.233764,1599.2206,1631.4938,56.847164,0,0,0,0,0.73,-1.17,0,0
2025/03/31 10:43:00.135,n,9.279266,73.021368,571.43156,608.6118,30.526218,18.113668,19.109388,0.827624,300.525,24.285472,-0.376976,-0.08947,11.815474,341.28664,365.95112,275.95202,1333.2798,1300.816,27.323982,1760.6916,1601.277,98.755256,0,0,0,0,0.71,-1.2,0,0
2025/03/31 10:44:00.135,n,9.208126,72.262048,559.89912,561.26184,3.248077,17.85064,17.832696,0.065364,292.72944,23.2906,-0.411392,-0.10704,11.824198,338.35524,364.43648,269.13452,1333.3954,1311.675,13.076696,1902.0984,1844.2838,47.307508,0,0,0,0,0.71,-1.16,0,0
2025/03/31 10:45:00.136,n,8.980908,73.070248,578.51884,573.37188,7.317787,18.395156,18.240056,0.242364,302.73898,23.68917,-0.4552,-0.111595,11.79685,334.42218,363.88848,278.7062,1286.5366,1266.5752,14.289858,1589.342,1680.7348,88.136264,0,0,0,0,0.71,-1.06,0,0
2025/03/31 10:46:00.136,n,8.77881,73.64164,599.26744,590.42944,5.854486,18.644342,18.438994,0.165949,311.43966,23.901824,-0.501114,-0.119858,11.76403,330.27828,362.98256,287.15656,1289.0166,1247.9184,25.15154,1564.691,1531.3872,21.526728,0,0,0,0,0.73,-1.14,0,0
2025/03/31 10:47:00.136,n,8.884866,73.89032,631.36732,618.61208,9.84632,19.636472,19.246542,0.333878,326.84228,25.152878,-0.537285,-0.113533,11.782622,327.2468,363.64176,301.26562,1262.3706,1257.5654,12.751472,1522.5904,1521.461,13.364132,0,0,0,0,0.71,-1.12,0,0
2025/03/31 10:48:00.140,n,8.864942,73.63368,646.39916,640.97432,4.123106,20.271742,20.059986,0.220196,334.7806,26.44497,-0.581268,-0.113884,11.766196,323.35586,363.52444,307.86826,1275.9868,1249.587,15.112908,1529.9072,1500.2806,22.631836,0,0,0,0,0.73,-1.2,0,0
2025/03/31 10:49:00.135,n,8.883156,73.300232,1144.5382,756.678,191.19702,32.317272,23.20455,4.525843,430.92028,35.593448,-0.63858,-0.109314,11.726818,318.1915,363.72372,394.79756,1258.916,1227.6412,18.498648,1485.8652,1447.9648,23.086792,0,0,0,0,0.73,-1.11,0,0
2025/03/31 10:50:00.135,n,8.861622,73.705456,686.49088,714.68512,38.512984,21.793006,22.846664,1.389448,354.87276,28.901062,-0.641762,-0.100349,11.751986,318.0483,364.65188,325.4303,1275.8994,1237.6914,27.5318,1501.9976,1455.4242,30.773366,0,0,0,0,0.73,-1.07,0,0
2025/03/31 10:51:00.135,n,9.020428,74.194208,751.54792,740.34032,60.5062,23.983384,23.488344,1.986564,399.28468,33.759152,-0.616097,-0.092445,11.766114,320.3426,365.42796,365.00188,1243.6556,1228.433,14.071248,1461.7646,1436.8644,16.870092,0,0,0,0,0.74,-1.14,0,0
2025/03/31 10:52:00.135,n,9.07507,72.542352,1450.5604,925.95976,295.66754,43.286068,28.283124,8.29959,703.30144,65.257452,-0.595047,-0.094376,11.821904,322.45618,365.54924,637.54332,1228.9022,1218.6584,7.549835,1470.7728,1438.5848,17.96107,0,0,0,0,0.75,-1.12,0,0
2025/03/31 10:53:00.136,n,9.089962,73.3382,756.23976,864.1912,102.33818,24.4433,27.46891,2.981486,413.18716,36.274936,-0.603714,-0.085594,11.899508,322.11396,366.7366,376.39412,1284.5804,1257.8622,46.55964,1623.3132,1605.9822,193.92834,0,0,0,0,0.74,-1.11,0,0
2025/03/31 10:54:00.135,n,9.180978,73.204072,645.49004,677.85592,32.433776,20.733198,21.73353,1.040489,336.41268,27.694156,-0.619637,-0.082436,11.910464,320.79412,367.07468,308.18134,1253.238,1248.2878,8.797728,1467.0316,1481.6816,22.662744,0,0,0,0,0.73,-1.13,0,0
2025/03/31 10:55:00.136,n,9.243866,72.930928,614.13488,623.13788,9.091206,19.88412,20.125102,0.253299,318.57562,26.075622,-0.656097,-0.092796,11.954192,317.86988,366.38432,291.9367,1280.9168,1253.2448,22.481104,1488.8386,1450.6284,29.295052,0,0,0,0,0.74,-1.22,0,0
2025/03/31 10:56:00.138,n,9.250508,71.309224,637.34288,633.99292,23.289482,20.802416,20.555538,0.87684,332.90808,27.580368,-0.717957,-0.112656,11.93319,312.40842,364.51032,304.72242,1224.1272,1207.0434,8.56738,1428.6492,1400.0608,14.818908,0,0,0,0,0.71,-1.13,0,0
2025/03/31 10:57:00.139,n,9.065156,72.312008,652.73116,633.42156,12.571794,21.191578,20.443506,0.490436,333.38836,28.04858,-0.741631,-0.111244,11.92995,310.3435,364.61864,304.70938,1227.3712,1193.0712,19.32356,1419.512,1383.5602,19.38556,0,0,0,0,0.74,-1.12,0,0
2025/03/31 10:58:00.138,n,9.237274,71.707176,655.89708,647.9616,3.974922,21.36847,21.067754,0.177191,335.52926,28.161746,-0.759155,-0.098419,11.963814,309.00538,365.93548,306.70678,1210.9858,1196.8652,12.409674,1400.5066,1379.7588,14.491378,0,0,0,0,0.72,-1.03,0,0
2025/03/31 10:59:00.135,n,9.362958,70.901176,1074.2122,1007.1214,354.09616,34.646084,31.781982,10.527416,632.0368,63.760168,-0.717781,-0.085243,12.075252,313.17066,367.69184,567.64412,1243.4298,1203.384,24.26108,1410.2298,1373.1094,21.895204,0,0,0,0,0.73,-1.21,0,0
2025/03/31 11:00:07.056,n,9.387764,69.710744,1699.1082,1419.2614,376.31688,53.604212,44.235384,11.801996,901.202,91.98036,-0.663178,-0.078575,12.228176,318.69958,369.08948,808.63704,1224.2462,1223.8116,8.294577,1417.116,1404.31,14.656056,0,0,0,0,0.72,-1.04,0,0
2025/03/31 11:01:00.135,n,9.53413,69.500112,1789.3202,1749.646,27.509998,56.102228,54.88834,0.8038,944.88816,95.31816,-0.590447,-0.039787,12.420152,326.00418,373.54724,849.01928,1210.691,1203.4056,13.183324,1395.26,1385.8688,12.529964,0,0,0,0,0.75,-1.14,0,0
2025/03/31 11:02:00.137,n,9.846386,67.769064,1850.2716,1831.5078,18.558018,57.332776,56.75826,0.51387,982.10304,99.213088,-0.542572,-0.027336,12.676572,331.50168,376.00912,882.37472,1262.4056,1230.6798,21.927152,1447.2198,1405.286,26.026908,0,0,0,0,0.76,-1.12,0,0
2025/03/31 11:03:00.138,n,9.755566,66.434396,1425.847,1754.6294,164.20596,45.365696,54.4938,4.605533,828.22056,83.810592,-0.514168,-0.049255,12.89137,335.09756,375.20128,743.94504,1281.7024,1236.1654,26.896098,1560.0514,1466.1792,63.60346,0,0,0,0,0.77,-1.11,0,0
2025/03/31 11:04:00.137,n,9.971874,66.342596,917.7272,1256.0412,426.43804,28.965564,39.229876,12.630376,481.26552,43.043184,-0.499527,-0.059959,13.029334,337.09692,374.98352,437.78276,1272.932,1236.605,26.412118,1607.5366,1524.769,56.961392,0,0,0,0,0.76,-1.11,0,0
2025/03/31 11:05:00.140,n,10.054394,66.159004,747.69664,922.09496,164.0253,24.0203,28.981714,4.576242,412.2198,35.564848,-0.456421,-0.077332,13.097226,341.18688,373.80176,376.27584,1215.845,1207.6162,7.496666,1561.3434,1544.3496,10.029956,0,0,0,0,0.75,-1.14,0,0
2025/03/31 11:06:00.142,n,9.943798,66.621064,590.78528,643.33648,41.492772,19.425742,20.810364,1.113395,315.41538,25.2505,-0.437859,-0.104912,13.099392,342.80416,371.36388,289.83194,1177.283,1146.313,15.65567,1503.3888,1466.8396,20.014994,0,0,0,0,0.77,-1.17,0,0
2025/03/31 11:07:00.135,n,10.048764,66.270804,507.45576,540.9348,23.943684,17.090774,18.0465,0.67474,269.3725,21.127994,-0.419479,-0.110886,13.090534,344.347,370.78628,247.9359,1185.6878,1149.6338,26.265948,1443.899,1412.8192,16.715264,0,0,0,0,0.71,-1.17,0,0
2025/03/31 11:08:00.135,n,10.136262,65.974364,421.8968,453.11488,24.68856,14.252824,15.078318,0.673671,223.78878,16.116322,-0.424606,-0.122299,13.074118,343.81612,369.68532,207.37014,1166.0664,1133.2402,24.568272,1379.099,1365.2096,17.210462,0,0,0,0,0.69,-1.1,0,0
2025/03/31 11:09:00.135,n,9.921436,67.819512,369.64376,389.18836,15.522162,12.666956,13.207884,0.421296,194.91368,13.021646,-0.422485,-0.122131,13.009384,343.65532,369.35592,181.59168,1135.7798,1105.402,17.44133,1335.2078,1298.5512,22.280036,0,0,0,0,0.74,-1.1,0,0
2025/03/31 11:10:00.135,n,9.725002,66.26902,339.66524,350.2294,8.82539,11.714818,12.038094,0.309694,178.8886,11.494514,-0.44368,-0.157303,12.905392,341.26964,365.68008,167.10772,1093.9818,1099.8248,5.394442,1285.0786,1284.5598,5.01996,0,0,0,0,0.64,-1.2,0,0
2025/03/31 11:11:00.135,n,9.371288,67.324976,335.26882,334.64904,1.313393,11.573306,11.643806,0.080207,175.34974,10.3672,-0.453941,-0.159767,12.77061,339.66688,364.74612,164.68836,1077.6336,1078.213,11.891174,1222.8052,1240.0358,13.076696,0,0,0,0,0.72,-1.1,0,0
2025/03/31 11:12:00.138,n,9.350018,67.81176,359.35092,347.12688,8.25303,12.348552,11.990922,0.236036,188.5041,11.809766,-0.47538,-0.151146,12.701224,337.44472,365.1442,176.37008,1091.9788,1078.2562,17.381024,1222.673,1204.4194,15.073156,0,0,0,0,0.71,-1,0,0
2025/03/31 11:13:00.140,n,9.302072,68.34252,407.25624,385.43836,15.611294,13.477578,12.913064,0.400195,213.66558,13.76407,-0.485245,-0.146393,12.602548,336.0688,365.04376,199.56266,1093.956,1076.2088,11.406138,1231.9592,1202.238,16.631296,0,0,0,0,0.72,-1.16,0,0
2025/03/31 11:14:00.140,n,9.221016,68.13192,468.72092,442.75432,19.416488,15.380314,14.59943,0.568802,245.74432,16.686508,-0.484711,-0.144989,12.527958,335.72044,364.77388,228.7181,1101.0824,1066.8824,21.780726,1234.0178,1195.6518,26.563134,0,0,0,0,0.74,-1.1,0,0
2025/03/31 11:15:00.144,n,9.283906,68.413224,527.82976,503.91468,18.362326,16.95234,16.265284,0.520479,276.54272,19.733306,-0.495468,-0.134087,12.499446,334.63922,365.59148,256.44802,1082.876,1056.6436,16.619268,1211.9836,1176.917,20.906936,0,0,0,0,0.71,-1.07,0,0
2025/03/31 11:16:00.135,n,9.13166,67.244664,563.0194,550.88728,9.992498,18.082904,17.723226,0.319148,294.41294,21.32697,-0.496346,-0.134438,12.441156,334.25524,365.25224,272.72406,1056.3812,1037.947,14.686728,1200.5242,1168.271,23.114932,0,0,0,0,0.73,-1.12,0,0
2025/03/31 11:17:00.135,n,9.20689,67.915136,594.804,578.89012,10.40793,19.21501,18.654854,0.396087,311.86224,23.61642,-0.492111,-0.121063,12.411442,334.46456,366.28304,287.87476,1109.286,1062.9758,36.636048,1249.0056,1195.2722,39.56008,0,0,0,0,0.72,-1.11,0,0
2025/03/31 11:18:00.135,n,9.375592,68.750784,629.10436,878.06936,383.1612,20.17176,28.171092,12.142368,349.32836,28.62312,-0.482414,-0.081184,12.493748,335.73828,370.25952,320.30402,1052.8448,1046.048,4.219005,1172.4326,1167.0654,7.106335,0,0,0,0,0.73,-1.1,0,0
2025/03/31 11:19:00.135,n,9.529302,67.236912,636.25868,632.07916,5.389806,20.101004,20.148174,0.129979,336.84724,27.35217,-0.471313,-0.107002,12.468478,336.565,367.83308,309.13076,1084.5284,1068.495,18.563404,1222.4058,1192.328,23.460606,0,0,0,0,0.69,-1.14,0,0
2025/03/31 11:20:00.137,n,9.468122,65.948976,647.9738,643.1972,4.05586,20.419408,20.336348,0.11961,339.30452,27.2104,-0.471497,-0.104546,12.424532,336.317,367.81908,311.7272,1101.3022,1066.4396,25.163466,1254.443,1201.408,34.388952,0,0,0,0,0.74,-1.1,0,0
2025/03/31 11:21:00.139,n,9.597318,67.124368,648.00884,649.15324,0.74162,20.559384,20.47786,0.057622,337.20192,27.11029,-0.461159,-0.107002,12.425964,337.2188,367.60848,309.73746,1095.7866,1059.142,25.260642,1253.5484,1200.4482,34.88266,0,0,0,0,0.71,-1.08,0,0
2025/03/31 11:22:00.140,n,9.61382,66.216752,657.00268,648.82756,9.195108,20.736274,20.259436,0.32037,349.37576,29.02169,-0.442604,-0.103142,12.427154,338.8302,367.95764,320.01462,1090.296,1058.4834,17.787636,1265.5426,1217.354,26.91468,0,0,0,0,0.71,-1.11,0,0
2025/03/31 11:23:00.142,n,9.65508,64.253808,562.73768,586.04692,20.173622,18.119822,18.656134,0.544593,295.62072,24.369416,-0.43766,-0.111046,12.396462,339.09572,367.09356,270.92472,1071.5904,1050.5932,24.320772,1262.1368,1221.2074,34.397676,0,0,0,0,0.71,-1.13,0,0
2025/03/31 11:24:00.145,n,9.57251,65.307028,528.92772,589.95964,74.40044,17.732198,19.298326,2.055955,283.1699,24.86623,-0.421936,-0.114914,12.365966,340.295,366.58904,257.99664,1065.6064,1035.2622,22.523322,1235.8814,1205.3822,25.008,0,0,0,0,0.7,-1.14,0,0
2025/03/31 11:25:00.136,n,9.689796,65.7396,365.95852,512.625,132.5236,12.877688,18.327476,5.102442,202.27122,16.144924,-0.424408,-0.096817,12.375768,340.13284,368.24792,185.7987,1065.229,1038.029,22.324874,1242.2778,1189.9962,32.09673,0,0,0,0,0.72,-1.11,0,0
2025/03/31 11:26:00.135,n,9.61543,64.982232,301.3157,322.63132,18.03053,10.762682,11.48486,0.606453,160.37026,11.766862,-0.441544,-0.109291,12.33215,338.42036,366.90996,148.27116,1086.9034,1054.9372,19.631608,1273.2018,1228.1308,28.569214,0,0,0,0,0.72,-1.09,0,0
2025/03/31 11:27:00.135,n,9.69473,66.5001,284.67874,289.37314,4.403834,10.37506,10.450432,0.125195,149.60292,10.396424,-0.461334,-0.105431,12.325604,336.67376,367.2182,138.8506,1104.2036,1052.122,37.802116,1280.3394,1219.8322,40.890096,0,0,0,0,0.73,-1.12,0,0
2025/03/31 11:28:00.136,n,9.643556,66.411576,288.21322,285.34726,1.637452,10.37506,10.316094,0.069702,150.33044,10.625244,-0.510452,-0.11808,12.226272,331.9009,365.57088,139.31284,1059.5816,1048.0356,19.511536,1247.6222,1223.8302,28.428858,0,0,0,0,0.74,-1.11,0,0
2025/03/31 11:29:00.138,n,9.646878,67.367872,297.64872,293.22284,2.905813,10.727304,10.58579,0.10011,154.41238,10.625244,-0.566574,-0.117554,12.157516,326.68378,365.25536,143.33812,1080.4986,1038.7864,26.434826,1229.9264,1199.2164,23.651638,0,0,0,0,0.73,-1.11,0,0
2025/03/31 11:30:07.047,n,9.498146,67.833352,325.6369,312.3527,9.334078,11.431792,11.079804,0.261853,169.79388,11.781162,-0.64756,-0.121941,12.093078,319.33892,364.52656,157.48712,1082.2734,1047.9486,21.734764,1221.9542,1181.853,26.703932,0,0,0,0,0.72,-1.16,0,0
2025/03/31 11:31:00.141,n,9.484914,68.100392,363.36816,347.08704,11.754254,12.56082,12.078856,0.345026,187.07132,13.392858,-0.704788,-0.118607,12.046108,314.14124,364.57552,173.09228,1064.23,1052.9906,12.485992,1217.2086,1196.4792,17.58977,0,0,0,0,0.72,-1.18,0,0
2025/03/31 11:32:00.145,n,9.494778,68.941944,423.14552,394.77844,19.350388,14.217446,13.400414,0.60479,217.16162,16.031136,-0.714714,-0.11351,12.004578,313.06414,364.80964,200.52928,1045.4918,1025.2466,17.96107,1173.419,1150.3082,16.652328,0,0,0,0,0.74,-1.04,0,0
2025/03/31 11:33:00.146,n,9.512028,69.038488,531.2516,483.13248,34.927784,17.235364,15.91637,0.979938,274.9866,21.454438,-0.680656,-0.101906,11.977846,315.86972,365.69964,252.9534,1052.4254,1013.7638,31.829232,1180.4106,1134.3838,37.310856,0,0,0,0,0.78,-1.11,0,0
2025/03/31 11:34:00.136,n,9.525262,68.47516,667.17828,607.4156,42.812964,20.843946,19.081702,1.229361,347.37304,28.992466,-0.628075,-0.095406,11.987664,320.47,366.32864,317.8479,1069.879,1036.6828,29.802684,1210.5138,1164.701,37.263924,0,0,0,0,0.74,-1.14,0,0
2025/03/31 11:35:00.213,n,9.637616,69.359048,1494.4232,1036.297,335.30524,44.941156,31.93247,10.007054,675.54336,64.110244,-0.544312,-0.060654,12.081632,328.2102,369.9092,610.94948,1048.5168,1021.194,20.96187,1170.676,1147.4072,17.683324,0,0,0,0,0.73,-1.11,0,0
2025/03/31 11:36:00.135,n,9.898552,69.085024,852.28952,1659.7302,395.7532,28.262616,52.954588,12.099894,653.00328,66.24176,-0.486992,0.005257,12.388288,334.78506,377.37916,586.26928,1131.4738,1085.9354,27.828042,1306.715,1322.29,87.09076,0,0,0,0,0.75,-1.13,0,0
2025/03/31 11:37:00.137,n,10.06691,67.111832,991.79032,830.75128,80.359192,30.166888,26.107104,2.032596,464.20168,40.589576,-0.498795,-0.046791,12.449738,334.08872,373.08144,423.16008,1148.1486,1096.62,32.619014,1431.1178,1318.2356,87.087312,0,0,0,0,0.74,-1.13,0,0
2025/03/31 11:38:00.140,n,10.213688,66.730484,741.99216,758.18064,33.817152,23.669594,24.247182,1.350112,398.32932,34.9816,-0.490692,-0.04837,12.579134,335.47372,373.62528,362.9054,1137.3068,1116.7026,19.715476,1429.7268,1402.3944,23.66432,0,0,0,0,0.74,-1.13,0,0
2025/03/31 11:39:00.142,n,10.299332,66.856848,1305.4752,1068.0548,313.21366,43.146096,34.596088,10.271996,733.43288,74.190792,-0.436584,-0.044693,12.788538,341.26348,375.06104,658.85016,1170.7208,1125.6356,27.631504,1462.3312,1408.5786,32.29551,0,0,0,0,0.77,-1.13,0,0
2025/03/31 11:40:00.145,n,10.426774,64.187804,1149.9124,1201.6806,379.00688,40.608088,39.489572,12.002506,787.072,82.667112,-0.427223,-0.027855,13.00538,343.22424,377.7074,704.00544,1145.4768,1111.1002,26.182054,1431.7994,1382.626,30.298516,0,0,0,0,0.74,-1.04,0,0
2025/03/31 11:41:00.148,n,10.661736,61.945472,613.15112,748.56856,186.7734,20.631678,24.946546,5.527316,339.82304,30.1888,-0.448944,-0.071007,13.074328,341.71196,374.24172,309.25632,1147.1638,1125.2186,24.78104,1419.6554,1388.3464,24.87167,0,0,0,0,0.65,-1.1,0,0
2025/03/31 11:42:00.149,n,10.231854,61.61056,592.59892,797.43064,219.89748,20.313272,26.570098,6.599531,335.97812,29.548352,-0.462379,-0.107529,13.060096,340.47392,370.92244,306.07496,1118.0188,1079.9894,22.709028,1409.4314,1356.9324,34.40058,0,0,0,0,0.7,-1.09,0,0
2025/03/31 11:43:00.135,n,10.05866,62.077064,509.05472,541.83832,17.421968,17.626064,18.59871,0.520526,277.3508,22.336144,-0.489983,-0.115784,13.056808,338.06856,370.1718,254.64044,1093.8298,1055.1808,23.492552,1354.9454,1326.6914,17.882954,0,0,0,0,0.79,-1.12,0,0
2025/03/31 11:44:00.137,n,9.997154,61.663704,459.15144,453.86132,16.400458,15.927908,15.916884,0.525033,234.52642,17.526554,-0.504974,-0.129143,13.006518,336.50456,368.71816,216.62402,1022.7932,1019.4994,13.103436,1228.2698,1232.1368,8.497058,0,0,0,0,0.7,-1.12,0,0
2025/03/31 11:45:00.138,n,9.85521,62.83426,351.69108,401.63932,56.741188,12.382392,13.87597,1.719773,183.80542,12.223882,-0.506386,-0.142685,12.9398,336.02788,367.16092,171.21784,1044.083,1024.7094,20.815858,1233.702,1205.6188,22.592034,0,0,0,0,0.72,-1.15,0,0
2025/03/31 11:46:00.143,n,9.85687,64.19378,320.9161,334.2323,9.62354,11.501012,11.759938,0.250122,167.2738,10.168224,-0.489815,-0.139519,12.863086,337.05424,367.035,156.75528,1026.5508,991.49968,20.964254,1199.6162,1152.518,25.224988,0,0,0,0,0.71,-1.19,0,0
2025/03/31 11:47:00.144,n,9.785824,65.017664,290.47312,302.00604,9.368164,10.656548,10.932138,0.246806,150.78674,8.669076,-0.51696,-0.136703,12.765594,334.1889,366.76792,141.73742,1027.4198,995.24752,24.18057,1178.4354,1138.1206,26.166772,0,0,0,0,0.74,-1.14,0,0
2025/03/31 11:48:00.145,n,9.780896,65.670052,292.94314,287.83352,2.934706,10.619632,10.520418,0.139754,150.56972,8.697056,-0.555786,-0.134598,12.694338,330.45266,366.57732,141.45148,1029.8584,985.84248,25.051946,1167.8534,1115.7674,30.848014,0,0,0,0,0.73,-1.08,0,0
2025/03/31 11:49:00.147,n,9.682034,66.524308,315.51462,305.78702,6.953417,11.467172,11.031608,0.258049,162.91034,10.040134,-0.595543,-0.138107,12.545022,326.22318,365.47528,152.41278,1000.9246,978.42192,25.226968,1148.0492,1109.216,32.386726,0,0,0,0,0.74,-1.1,0,0
2025/03/31 11:50:00.150,n,9.658886,67.256872,342.12768,330.75818,8.32316,11.608684,11.325658,0.224179,176.4359,10.953552,-0.626839,-0.133888,12.427676,322.89572,365.22976,164.98938,1031.433,990.04832,25.121704,1177.8472,1134.0516,23.780244,0,0,0,0,0.67,-0.93,0,0
2025/03/31 11:51:00.153,n,9.639112,68.23236,374.23056,360.8806,10.213962,12.559282,12.16602,0.276015,193.18794,12.480682,-0.644707,-0.123337,12.345502,320.9161,365.73292,180.1859,1006.4516,983.61376,22.070344,1157.6612,1116.749,27.626074,0,0,0,0,0.72,-1.09,0,0
2025/03/31 11:52:00.136,n,9.736524,68.161656,401.11924,388.91752,8.49853,13.159174,12.835644,0.226859,207.68432,14.163884,-0.654976,-0.114029,12.28985,319.73426,366.26604,192.97948,1012.6644,1002.1808,19.867058,1160.8564,1132.948,26.903532,0,0,0,0,0.71,-1.08,0,0
2025/03/31 11:53:00.138,n,9.700246,68.362488,444.61748,425.37244,14.084566,14.551232,13.898274,0.452289,230.68718,16.629304,-0.64135,-0.108398,12.2342,320.61948,366.47256,213.52494,1013.0912,988.02368,16.465116,1151.335,1118.3068,20.43771,0,0,0,0,0.73,-1.08,0,0
2025/03/31 11:54:00.142,n,9.68037,68.087688,497.43852,475.96936,16.757834,16.00174,15.352882,0.4521,259.16708,19.64812,-0.619766,-0.104362,12.162108,322.10672,366.45116,239.00354,1016.7026,991.30376,33.17228,1161.4508,1119.5736,39.47024,0,0,0,0,0.75,-1.14,0,0
2025/03/31 11:55:00.142,n,9.655618,68.633928,533.60132,519.41356,10.721474,17.02771,16.555742,0.327716,278.55914,21.724918,-0.594475,-0.100677,12.100988,323.97266,366.45656,256.34042,1043.5272,1001.425,27.509998,1181.0504,1133.4176,28.112274,0,0,0,0,0.7,-1.05,0,0
2025/03/31 11:56:00.146,n,9.739846,68.548824,567.64124,553.53876,10.619558,17.981384,17.56864,0.316922,296.60922,23.47403,-0.560905,-0.089966,12.10205,326.88218,367.41344,272.66424,1027.5322,992.694,29.13932,1153.2862,1116.8724,27.376996,0,0,0,0,0.72,-1.09,0,0
2025/03/31 11:57:00.135,n,9.791066,67.366448,591.63196,583.698,6.996428,18.724328,18.469758,0.218471,310.55796,24.89421,-0.523499,-0.090309,12.088976,330.04932,367.3142,285.23056,1006.4516,997.6412,21.130546,1150.918,1127.0082,28.273662,0,0,0,0,0.73,-1.18,0,0
2025/03/31 11:58:00.150,n,9.72168,66.968156,586.37208,590.3142,2.44949,18.652032,18.729456,0.064424,309.16514,24.937114,-0.494583,-0.086975,12.067142,332.43566,367.49532,283.8204,1026.3432,993.47712,19.56272,1171.2076,1126.4074,25.339694,0,0,0,0,0.7,-1.06,0,0
2025/03/31 11:59:00.151,n,9.634182,66.872888,559.33416,572.38616,9,17.981384,18.211344,0.197271,295.84058,23.842754,-0.467148,-0.086273,12.073688,334.84348,367.59216,271.61694,1039.871,1001.4004,28.948228,1189.561,1137.5792,34.922772,0,0,0,0,0.71,-1.13,0,0
2025/03/31 12:00:07.054,n,9.756348,67.369664,516.95824,534.27948,13.341664,16.707768,17.191268,0.3848,271.36492,21.938194,-0.44117,-0.082588,12.092248,337.18836,368.01708,249.06814,1014.0668,992.91384,31.220186,1169.6456,1133.8846,36.932368,0,0,0,0,0.7,-1.17,0,0
2025/03/31 12:01:00.135,n,9.726662,66.982704,481.41528,496.60124,10.907566,15.717176,16.148126,0.322193,255.5837,20.800308,-0.415207,-0.088211,12.072596,339.33088,367.41432,234.4564,987.12976,973.73672,7.622336,1123.649,1112.1422,8.191459,0,0,0,0,0.72,-1.1,0,0
2025/03/31 12:02:00.135,n,9.876904,67.206872,447.9312,459.8268,10.193136,15.01115,15.193424,0.229799,241.80914,20.43034,-0.395088,-0.080482,12.082446,341.12312,368.1526,221.0642,992.29968,973.5752,14.876156,1120.6836,1092.2586,20.127096,0,0,0,0,0.73,-1.17,0,0
2025/03/31 12:03:00.135,n,9.89341,65.10048,402.41368,463.57424,50.45146,14.091314,15.853306,1.579231,223.04126,18.936164,-0.373398,-0.080307,12.097702,343.0796,368.24828,203.812,1015.789,982.34696,29.958304,1154.9542,1105.2626,40.495676,0,0,0,0,0.71,-1.12,0,0
2025/03/31 12:04:00.135,n,9.93467,65.592956,281.1488,308.36618,27.041636,10.090496,10.902144,0.855738,152.90708,12.10947,-0.362114,-0.082237,12.091124,344.02116,368.04232,140.51774,1029.0258,1007.6258,32.060878,1171.3706,1140.8718,37.881392,0,0,0,0,0.72,-1.09,0,0
2025/03/31 12:05:00.135,n,9.93301,65.888176,262.60526,266.6872,5.020583,9.492142,9.639038,0.192194,141.30598,11.02506,-0.357887,-0.089966,12.083522,344.34676,367.31596,130.013,979.5272,961.41568,11.401754,1108.1504,1086.5244,12.860794,0,0,0,0,0.74,-1.1,0,0
2025/03/31 12:06:00.135,n,9.97754,66.723716,285.25588,272.8963,8.203277,10.056656,9.750814,0.206404,151.79694,11.767484,-0.36335,-0.087685,12.098808,343.95472,367.59904,139.75378,1017.1444,990.05352,32.03748,1145.6372,1107.4182,35.224992,0,0,0,0,0.71,-1.09,0,0
2025/03/31 12:07:00.135,n,9.952832,65.894568,330.85566,311.04788,14.536162,11.07801,10.649626,0.334061,174.6462,13.621678,-0.37957,-0.092949,12.039824,342.2412,366.82112,160.73792,994.02624,988.8528,14.30035,1129.8106,1110.6284,18.905026,0,0,0,0,0.76,-1.43,0,0
2025/03/31 12:08:00.137,n,9.89673,66.210388,375.21888,357.5598,13.676166,12.313172,11.81352,0.398591,197.76384,15.36084,-0.392448,-0.092598,12.013646,340.98936,366.71452,182.10314,977.93104,952.35432,15.836666,1120.4888,1081.7438,22.210358,0,0,0,0,0.7,-1.27,0,0
2025/03/31 12:09:00.138,n,9.911572,67.66288,413.63392,398.28272,11.981236,13.440662,12.958954,0.363563,217.66244,17.156586,-0.402153,-0.088028,11.97757,339.96024,366.93072,200.19172,988.23232,966.54232,18.207142,1115.2534,1085.379,21.08554,0,0,0,0,0.68,-1.1,0,0
2025/03/31 12:10:00.135,n,9.969338,66.795404,441.30228,430.33072,8.432082,14.445098,14.006714,0.324271,232.5968,18.765172,-0.413445,-0.086273,11.981948,339.0064,367.10948,213.50446,1024.855,976.72552,27.903404,1164.672,1098.23,39.81708,0,0,0,0,0.71,-1.16,0,0
2025/03/31 12:11:00.135,n,9.941262,65.402528,468.63716,457.58824,8.687634,15.188042,14.774526,0.267092,247.94462,20.16048,-0.423508,-0.088913,11.956796,338.00368,366.74284,227.44954,1061.664,1022.8984,34.557196,1223.0776,1163.0036,46.381032,0,0,0,0,0.71,-1.13,0,0
2025/03/31 12:12:00.135,n,9.951122,66.012244,485.36552,478.99828,4.939636,15.681798,15.517468,0.15734,257.20722,21.412156,-0.440994,-0.082939,11.960086,336.50832,367.29072,235.43702,1049.5874,1017.238,30.389142,1198.0532,1160.5308,31.383116,0,0,0,0,0.73,-1.07,0,0
2025/03/31 12:13:00.135,n,9.966064,65.991296,495.24872,491.19032,3.08626,16.00174,15.88894,0.12539,262.9441,21.966796,-0.451775,-0.078018,11.952448,335.53568,367.68764,240.60354,973.05992,961.27048,8.40833,1104.7628,1088.224,11.063454,0,0,0,0,0.75,-1.18,0,0
2025/03/31 12:14:00.135,n,10.041944,66.52108,504.12836,500.08604,2.622022,16.320146,16.159918,0.115773,267.82208,22.42133,-0.46273,-0.073639,11.969902,334.67968,368.16832,245.01166,1005.8402,995.51688,19.57294,1144.8458,1126.8122,24.490814,0,0,0,0,0.68,-1.16,0,0
2025/03/31 12:15:00.135,n,10.048534,67.05526,525.52112,515.97144,6.901087,16.813902,16.5842,0.131566,279.3295,23.402524,-0.476074,-0.069427,11.987418,333.6175,368.63444,255.52032,1024.308,997.1072,25.772078,1165.7446,1131.6208,30.64474,0,0,0,0,0.67,-1.07,0,0
2025/03/31 12:16:00.136,n,9.98584,65.344376,551.57836,540.4406,8.320156,17.592224,17.250748,0.278107,293.44784,24.781044,-0.491051,-0.077499,11.972116,332.24142,367.83704,268.25324,1031.6766,988.56616,23.323806,1197.5352,1124.1544,38.475968,0,0,0,0,0.67,-1.09,0,0
2025/03/31 12:17:00.137,n,9.98584,66.241004,573.6214,565.46004,6.582173,18.158276,17.922418,0.172937,305.84726,25.604302,-0.49881,-0.070999,12.003812,331.7369,368.58104,279.81512,1032.2694,1016.5366,26.860752,1256.985,1228.227,38.512336,0,0,0,0,0.74,-1.2,0,0
2025/03/31 12:18:00.141,n,10.000684,65.417032,587.3102,582.30816,4.104875,18.47668,18.399772,0.126938,312.9581,26.499066,-0.509735,-0.075035,11.999434,330.7687,368.19948,286.02436,989.2572,970.9692,16.309508,1137.8336,1138.7174,16.015618,0,0,0,0,0.7,-1.24,0,0
2025/03/31 12:19:00.135,n,10.073242,65.602676,593.80964,589.94036,2.366432,18.830464,18.665108,0.09401,317.05774,26.896392,-0.511681,-0.065559,12.050732,330.87026,369.31088,289.7152,988.95104,977.81136,13.65284,1124.2032,1111.0466,12.949904,0,0,0,0,0.74,-1.11,0,0
2025/03/31 12:20:00.135,n,10.209816,65.76078,616.00648,605.94124,7.293833,19.571868,19.171682,0.28125,328.87412,28.467048,-0.508324,-0.052933,12.100988,331.42518,370.69676,299.95166,1015.7738,1004.6048,21.177818,1150.8276,1130.5326,26.88122,0,0,0,0,0.69,-1.14,0,0
2025/03/31 12:21:00.135,n,10.239602,64.633096,675.66048,644.52388,21.143556,21.339242,20.40864,0.60374,357.48768,31.697898,-0.501633,-0.068726,12.1294,332.15356,369.4438,325.35684,1016.4136,985.54448,22.91506,1169.8834,1122.5144,35.05282,0,0,0,0,0.71,-1.17,0,0
2025/03/31 12:22:00.135,n,10.330666,65.689736,670.62444,681.33856,8.991664,21.37462,21.710714,0.283756,363.21996,32.38063,-0.494759,-0.058014,12.20579,333.15054,370.79744,330.40262,1071.2948,1011.5368,44.71018,1218.4444,1152.06,49.175196,0,0,0,0,0.74,-1,0,0
2025/03/31 12:23:00.135,n,10.152444,65.045496,680.96144,673.73688,4.301163,21.622268,21.404104,0.154205,365.75892,31.98206,-0.502335,-0.069069,12.242928,332.69098,370.01144,333.3436,1053.3988,1008.5304,31.962478,1197.0758,1139.5122,37.927564,0,0,0,0,0.74,-1.17,0,0
2025/03/31 12:24:00.137,n,10.094728,65.365372,756.37072,712.68968,25.077878,23.883402,22.605682,0.738816,395.20048,34.428204,-0.501099,-0.075218,12.272364,332.95318,369.6206,360.3464,1017.4486,975.88768,22.228362,1158.464,1106.9406,28.4271,0,0,0,0,0.75,-1.13,0,0
2025/03/31 12:25:00.138,n,10.211426,65.507408,733.8404,739.23704,13.579396,23.0697,23.306326,0.470777,394.70252,34.413904,-0.50515,-0.066788,12.34983,333.01132,370.77788,359.8502,1034.75,1016.4322,28.33196,1189.8414,1149.868,35.376544,0,0,0,0,0.71,-1.21,0,0
2025/03/31 12:26:00.139,n,10.203224,65.776892,744.78496,741.5076,3.185907,23.4604,23.341958,0.109821,400.26236,34.62718,-0.483833,-0.065918,12.412304,335.18516,371.18496,365.21728,1009.7352,970.70768,23.411536,1146.7418,1097.739,29.685012,0,0,0,0,0.71,-1.1,0,0
2025/03/31 12:27:00.140,n,10.396878,65.983192,749.9504,745.86592,2.133073,23.70651,23.594736,0.102698,401.88704,34.982224,-0.459373,-0.052231,12.481406,337.66624,372.76572,366.49768,1028.142,1000.642,23.16031,1164.4346,1126.7226,31.383116,0,0,0,0,0.71,-1.2,0,0
2025/03/31 12:28:00.136,n,10.350536,66.0912,707.6948,733.0308,16.71975,22.717456,23.423996,0.461612,382.8176,33.5608,-0.424217,-0.062233,12.539502,341.01448,372.18448,348.8948,1038.2152,1001.1372,33.52909,1181.895,1131.8078,40.305088,0,0,0,0,0.71,-1.12,0,0
2025/03/31 12:29:00.136,n,10.415138,65.050332,614.19732,659.48564,32.387496,20.173298,21.427432,0.904632,333.71842,29.192684,-0.400917,-0.058723,12.609714,343.40152,372.8676,304.18354,1045.9984,1007.2378,23.008694,1210.3316,1150.9198,34.165772,0,0,0,0,0.76,-1,0,0
2025/03/31 12:30:07.042,n,10.393604,64.118004,499.29184,560.43544,52.258016,16.673928,18.464374,1.555586,264.08964,22.379048,-0.387329,-0.07592,12.620672,344.63496,371.3984,241.39916,1028.6298,1001.311,29.507626,1175.0714,1144.8312,27.217642,0,0,0,0,0.67,-1.46,0,0
2025/03/31 12:31:00.135,n,10.330666,64.522988,424.8374,454.26088,19.790782,14.37434,15.205472,0.553001,228.29614,18.637082,-0.369698,-0.090309,12.604258,346.07328,370.0336,209.37966,1010.8642,1003.1656,17.880158,1158.4048,1143.2366,19.057806,0,0,0,0,0.68,-1.14,0,0
2025/03/31 12:32:00.136,n,10.3042,64.875724,350.84132,386.915,29.914254,12.100904,13.208398,0.871743,188.11692,14.534474,-0.361053,-0.092422,12.571368,346.64712,369.67204,173.31382,1039.2328,1000.2854,36.948612,1188.8072,1136.6192,42.416976,0,0,0,0,0.73,-1.2,0,0
2025/03/31 12:33:00.136,n,10.267728,65.381532,299.9421,319.83744,15.199918,10.515034,11.172864,0.460434,159.91112,11.952778,-0.353828,-0.089783,12.534048,347.07472,369.70904,147.6943,1017.9516,986.14776,25.58906,1168.589,1126.2788,29.444864,0,0,0,0,0.75,-1.15,0,0
2025/03/31 12:34:00.138,n,10.330666,65.836564,265.45294,278.49576,10.380872,9.421384,9.938472,0.336482,140.24668,10.226052,-0.3452,-0.093468,12.507752,347.68208,369.24272,129.7689,999.38368,952.68704,24.363906,1144.4424,1087.4092,31.308146,0,0,0,0,0.72,-1.2,0,0
2025/03/31 12:35:00.142,n,10.269436,66.255508,241.87642,251.1109,7.17635,8.750736,9.015304,0.186111,127.10086,8.997384,-0.339386,-0.097687,12.460582,347.9356,368.61864,117.86178,1004.0052,986.43464,18.305736,1153.4796,1120.1534,22.501112,0,0,0,0,0.74,-1.19,0,0
2025/03/31 12:36:00.142,n,10.317432,67.148816,229.62064,233.4564,3.373611,8.363113,8.492834,0.08268,120.72898,8.425954,-0.333923,-0.094528,12.423264,348.21096,368.70196,112.06364,1005.58,949.10128,30.338094,1142.4702,1081.0908,33.211444,0,0,0,0,0.72,-1.13,0,0
2025/03/31 12:37:00.135,n,10.259522,66.710876,232.26428,229.76912,1.39866,8.43387,8.410284,0.076427,122.5084,8.526062,-0.342903,-0.101555,12.371634,347.16168,367.80544,113.74098,1001.4652,985.32512,25.351528,1142.0068,1121.4958,29.703536,0,0,0,0,0.74,-1.16,0,0
2025/03/31 12:38:00.135,n,10.183788,66.982704,246.7297,240.38352,4.699069,8.787652,8.687158,0.156932,130.01498,9.06889,-0.347839,-0.098396,12.321502,346.47008,367.82132,120.69666,993.88856,959.90032,24.161952,1147.6368,1095.4646,35.765908,0,0,0,0,0.71,-0.98,0,0
2025/03/31 12:39:00.136,n,10.164014,67.134312,256.45908,253.37712,2.732901,9.209116,9.074524,0.074894,135.2379,9.354916,-0.348717,-0.098213,12.284346,346.19804,367.64148,125.63248,1027.5176,989.5532,34.81666,1193.4746,1135.4364,42.78084,0,0,0,0,0.73,-1.23,0,0
2025/03/31 12:40:00.135,n,10.081544,66.519472,259.58392,258.50196,0.904848,9.386006,9.315764,0.080283,136.96422,9.611718,-0.354179,-0.101021,12.209062,345.32876,366.9954,127.09936,1039.3998,1004.6088,29.753992,1192.8516,1147.4294,34.282648,0,0,0,0,0.71,-1.07,0,0
2025/03/31 12:41:00.135,n,10.06831,66.805116,262.77732,261.29486,1.02774,9.562898,9.410104,0.110816,138.59974,9.797012,-0.355942,-0.104538,12.14034,344.81424,366.32096,128.55132,997.10976,970.384,29.111852,1138.5074,1104.005,30.415456,0,0,0,0,0.74,-1.25,0,0
2025/03/31 12:42:00.137,n,10.061768,67.318104,268.16358,265.77322,1.712089,9.492142,9.50983,0.091443,140.69324,10.226052,-0.354713,-0.095406,12.066036,344.52932,366.74084,130.2079,986.93056,960.68144,17.885748,1140.0332,1101.5664,25.971138,0,0,0,0,0.71,-1.11,0,0
2025/03/31 12:43:00.140,n,10.127686,67.852824,276.8681,272.89962,2.842754,9.738252,9.662366,0.064234,144.48108,10.58234,-0.354713,-0.08522,12.026718,344.32236,367.4384,133.62926,1017.5858,980.39128,26.988886,1166.936,1122.7842,31.05157,0,0,0,0,0.71,-1.08,0,0
2025/03/31 12:44:00.141,n,10.154102,67.453456,287.55842,283.14194,3.369904,9.915142,9.809264,0.094915,148.89938,11.310464,-0.359993,-0.081184,11.9896,343.67052,367.60172,137.3101,1021.664,967.91608,35.442912,1164.731,1106.5262,39.15482,0,0,0,0,0.73,-1.07,0,0
2025/03/31 12:45:00.144,n,10.195362,67.577528,288.82998,289.57284,0.67082,10.021276,9.962312,0.073204,149.58922,11.453476,-0.362289,-0.078728,11.950284,343.2652,367.61324,137.85218,996.04136,977.50088,20.31502,1143.9946,1115.0662,25.508822,0,0,0,0,0.73,-1.14,0,0
2025/03/31 12:46:00.135,n,10.19043,67.637104,272.65442,280.41276,5.564957,9.52752,9.715434,0.13491,142.27508,10.996456,-0.356293,-0.077316,11.919662,343.62292,367.57756,130.99964,1030.808,994.15728,34.69438,1179.316,1131.611,37.569936,0,0,0,0,0.73,-1.12,0,0
2025/03/31 12:47:00.135,n,10.188302,67.428704,260.61338,264.47428,3.459588,9.246032,9.339092,0.069175,136.64384,10.768258,-0.354187,-0.080826,11.866086,343.52376,366.9846,125.60224,994.2704,979.48528,22.070344,1144.9502,1118.974,22.33607,0,0,0,0,0.73,-1.16,0,0
2025/03/31 12:48:00.135,n,10.165158,67.232128,267.23618,262.58596,2.980143,9.352166,9.175018,0.133911,139.90118,11.096566,-0.362816,-0.075562,11.858434,342.73712,367.41188,128.51736,983.56736,950.91552,22.271058,1127.4392,1086.9914,26.474516,0,0,0,0,0.71,-1.05,0,0
2025/03/31 12:49:00.137,n,10.150312,67.932664,287.17922,277.82496,6.45465,9.879764,9.557514,0.203185,149.24316,12.039208,-0.371635,-0.075912,11.839844,341.8766,367.28316,136.90822,978.99704,963.24384,16.876018,1125.0008,1103.0336,18.414668,0,0,0,0,0.72,-1.1,0,0
2025/03/31 12:50:00.138,n,10.15202,67.581776,318.1491,305.09058,9.850128,10.656548,10.262516,0.261853,164.61096,13.3798,-0.384155,-0.075027,11.824574,340.71348,367.28164,150.92202,1039.2842,995.94656,32.388272,1197.7908,1137.2396,39.649716,0,0,0,0,0.73,-1.14,0,0
2025/03/31 12:51:00.138,n,10.178388,67.141792,340.10688,332.35972,6.435255,11.219522,11.020072,0.152254,177.05606,14.577378,-0.398094,-0.07135,11.830028,339.5362,367.63672,162.15194,1040.1802,1006.3276,25.510782,1199.9964,1151.4836,31.932742,0,0,0,0,0.71,-1.11,0,0
2025/03/31 12:52:00.141,n,10.137128,66.851364,346.46776,345.00816,1.577181,11.50255,11.42564,0.0929,181.46578,14.919988,-0.394737,-0.077667,11.813602,339.7404,366.98956,166.22874,968.86368,959.31112,9.555104,1110.6166,1099.641,12.09132,0,0,0,0,0.75,-1.24,0,0
2025/03/31 12:53:00.143,n,10.150312,66.81582,351.14744,348.0502,1.840516,11.784038,11.596378,0.103586,184.7551,15.261354,-0.3965,-0.076439,11.802678,339.53064,367.04128,169.17368,1010.0772,974.49904,28.11761,1152.844,1110.9428,33.686796,0,0,0,0,0.71,-1.11,0,0
2025/03/31 12:54:00.145,n,10.10085,67.020844,369.25696,361.21816,5.907623,12.313172,12.007844,0.18023,193.99656,15.917348,-0.405853,-0.073105,11.804844,338.73288,367.3488,177.74648,1032.9458,975.22544,42.142616,1174.6448,1108.02,45.75478,0,0,0,0,0.78,-0.97,0,0
2025/03/31 12:55:00.135,n,10.18,67.449656,388.37464,380.56068,5.907623,12.877688,12.58979,0.189733,204.48522,17.185188,-0.420509,-0.066437,11.813602,337.511,367.98692,186.94598,1024.8002,991.65568,28.816662,1178.1332,1132.719,40.482092,0,0,0,0,0.73,-1.14,0,0
2025/03/31 12:56:00.135,n,10.239228,66.953024,400.16444,395.81648,3.440567,13.123796,13.000998,0.123477,211.61548,18.039536,-0.424744,-0.062401,11.826738,337.21376,368.4144,193.2136,1013.646,983.7208,18.59301,1150.5046,1122.5856,16.074826,0,0,0,0,0.73,-1.13,0,0
2025/03/31 12:57:00.137,n,10.331906,66.961128,412.306,407.29104,3.691206,13.405284,13.328888,0.095683,219.0324,18.908184,-0.434631,-0.060646,11.848602,336.47316,368.68492,199.75024,1038.495,1017.0648,19.026298,1184.9798,1157.0582,26.527344,0,0,0,0,0.72,-1.09,0,0
2025/03/31 12:58:00.136,n,10.3551,66.008444,427.95464,421.00492,5.03736,13.986718,13.725994,0.157185,227.34248,19.676724,-0.438873,-0.059418,11.874826,336.24384,368.93168,207.2863,999.40568,970.4588,16.917446,1150.907,1111.0482,21.76465,0,0,0,0,0.73,-1.13,0,0
2025/03/31 12:59:00.137,n,10.361692,64.315132,443.73576,437.32644,4.881086,14.3405,14.239494,0.134955,236.33496,20.587654,-0.448769,-0.055733,11.92072,335.62892,369.50004,215.35428,999.58928,991.846,18.212634,1143.7454,1126.1302,15.896542,0,0,0,0,0.75,-1.08,0,0
2025/03/31 13:00:07.057,n,10.331906,64.842864,457.5616,452.02328,4.221967,14.763502,14.581996,0.128847,245.22124,21.440758,-0.456017,-0.063629,11.944766,335.1283,368.92512,223.3881,1006.687,997.25496,21.31666,1167.7152,1138.8726,30.043302,0,0,0,0,0.73,-1.18,0,0
2025/03/31 13:01:00.229,n,10.283856,63.987496,468.66916,464.13188,3.431472,15.258798,14.988334,0.180535,251.01864,21.938194,-0.465561,-0.07486,11.944766,334.30268,367.92772,228.68972,1003.232,975.07536,18.270196,1158.1262,1123.2164,22.687,0,0,0,0,0.68,-1.07,0,0
2025/03/31 13:02:00.145,n,10.230928,64.117424,478.91328,474.68236,3.181981,15.435688,15.28264,0.139317,256.94396,22.236656,-0.464676,-0.077316,11.948038,334.3964,367.72672,234.31996,990.6708,950.63384,27.624264,1135.4426,1089.2076,29.849622,0,0,0,0,0.64,-0.87,0,0
2025/03/31 13:03:00.147,n,10.239228,64.396188,487.01628,483.87696,2.44949,15.75563,15.618732,0.11535,261.62208,22.421952,-0.464493,-0.078369,11.944766,334.39508,367.61604,238.81402,997.43696,958.28464,32.949962,1156.5056,1102.4928,43.555708,0,0,0,0,0.75,-1.08,0,0
2025/03/31 13:04:00.135,n,10.161884,64.023384,492.51524,490.85684,1.620185,15.895606,15.890222,0.074935,265.27056,22.94799,-0.463257,-0.074333,11.94369,334.4964,367.96892,241.93366,1020.3926,973.49392,28.016068,1168.5038,1117.8922,29.344506,0,0,0,0,0.68,-0.81,0,0
2025/03/31 13:05:00.137,n,10.255734,64.925284,493.12132,492.03148,0.591608,15.930984,15.919448,0.035971,266.46524,22.862804,-0.454781,-0.06398,11.974232,335.3902,369.04892,243.21164,996.03264,968.46824,29.2831,1156.3718,1110.979,35.468296,0,0,0,0,0.71,-1.09,0,0
2025/03/31 13:06:00.136,n,10.285564,64.643892,511.72576,503.82456,6.367888,16.390902,16.255542,0.143971,276.71804,23.999446,-0.457962,-0.06398,11.996128,335.23004,369.16396,252.3246,1021.29,977.20536,28.314308,1175.907,1115.713,36.604644,0,0,0,0,0.7,-1.14,0,0
2025/03/31 13:07:00.139,n,10.353436,64.592088,525.78764,519.60748,4.530453,16.886196,16.662134,0.131751,284.37998,24.922814,-0.468742,-0.059761,12.013612,334.38944,369.6306,259.04816,975.1884,960.8608,14.21267,1124.0134,1100.9586,17.64653,0,0,0,0,0.68,-1.03,0,0
2025/03/31 13:08:00.140,n,10.31369,65.051416,538.34032,533.51324,3.744997,17.204602,16.968748,0.168286,290.85236,25.306462,-0.464851,-0.060295,12.040898,334.86954,369.72672,265.14136,1035.9726,978.46152,42.109384,1192.0696,1124.654,48.250388,0,0,0,0,0.73,-1.09,0,0
2025/03/31 13:09:00.144,n,10.469258,65.451996,545.86772,543.07964,2.230471,17.45225,17.340218,0.110596,295.5419,26.087436,-0.470505,-0.055908,12.098776,334.68508,370.42088,269.03988,1013.9668,990.64104,15.990624,1160.5638,1129.2804,18.294808,0,0,0,0,0.71,-1.11,0,0
2025/03/31 13:10:00.145,n,10.431172,65.569816,547.54744,547.39644,0.387298,17.346116,17.469938,0.0625,296.27286,26.087436,-0.456368,-0.056961,12.126062,336.05172,370.47108,269.78602,1026.5464,980.5164,30.940266,1165.8382,1110.2224,37.216932,0,0,0,0,0.7,-1.07,0,0
2025/03/31 13:11:00.147,n,10.540402,64.2957,545.16264,546.3548,0.707107,17.41687,17.45225,0.054799,295.59158,25.959346,-0.45195,-0.05468,12.180636,336.72124,370.96104,269.23498,1055.0912,1007.9114,35.135452,1214.225,1147.6684,48.803688,0,0,0,0,0.73,-1.18,0,0
2025/03/31 13:12:00.149,n,10.553632,63.48808,538.7774,541.58452,2.241651,17.204602,17.281256,0.081789,292.01904,25.675808,-0.453369,-0.06205,12.221028,336.8114,370.51944,265.9519,1014.9726,960.74136,34.058772,1163.637,1101.7938,37.949968,0,0,0,0,0.69,-1.09,0,0
2025/03/31 13:13:00.135,n,10.603242,63.654632,537.50128,538.1784,0.447214,16.921576,17.104362,0.133134,290.05346,25.178372,-0.451599,-0.057312,12.264712,337.19476,371.17048,264.4808,1012.0454,978.31816,32.884648,1172.9808,1125.256,40.827688,0,0,0,0,0.79,-1.26,0,0
2025/03/31 13:14:00.137,n,10.36667,62.537396,525.95512,531.18556,3.911522,16.744684,16.8803,0.153888,283.15278,24.255626,-0.450005,-0.078369,12.266892,337.34416,369.31184,258.52552,981.7436,969.66032,22.680388,1163.7562,1143.8766,40.40668,0,0,0,0,0.7,-1.15,0,0
2025/03/31 13:15:00.138,n,10.43454,63.801656,509.93648,517.3476,5.229723,16.355522,16.538312,0.123329,274.87638,23.35962,-0.42704,-0.065384,12.307254,339.54356,370.67796,251.1551,1008.1382,969.56424,23.227138,1165.6302,1118.4086,26,0,0,0,0,0.71,-1.13,0,0
2025/03/31 13:16:00.140,n,10.451046,63.06738,489.37816,497.51976,6.513448,16.072496,16.14915,0.095938,264.64872,22.791298,-0.42086,-0.069595,12.346542,340.28544,370.5112,241.50614,987.97848,972.4444,25.988458,1147.7458,1121.2682,29.794294,0,0,0,0,0.72,-1.1,0,0
2025/03/31 13:17:00.144,n,10.527168,63.533392,480.83812,483.10616,2.263847,15.789472,15.836642,0.048159,261.26058,22.720414,-0.418213,-0.063271,12.378276,340.68196,371.2404,238.18524,1000.6454,947.04,34.935652,1146.448,1088.9656,35.209372,0,0,0,0,0.72,-1.25,0,0
2025/03/31 13:18:00.147,n,10.565206,63.535004,482.66248,480.91196,1.012423,16.107876,15.96662,0.123921,263.70246,23.004574,-0.412567,-0.072227,12.395828,341.26304,370.53764,240.35754,1006.8246,948.3616,37.857628,1161.826,1089.81,45.396036,0,0,0,0,0.7,-1.24,0,0
2025/03/31 13:19:00.146,n,10.573506,63.588376,493.99848,489.181,3.542598,16.390902,16.255542,0.143886,269.82192,23.274434,-0.413979,-0.066963,12.409032,341.21068,371.07492,246.2005,961.8652,949.2972,13.7659,1112.8104,1093.3934,17.201744,0,0,0,0,0.73,-1.15,0,0
2025/03/31 13:20:00.149,n,10.611542,62.626604,501.78016,499.17024,2.42384,16.744684,16.626758,0.137376,274.11688,23.729588,-0.423859,-0.075912,12.41999,340.41388,370.338,250.03936,999.00728,980.67432,28.395422,1152.8142,1121.139,33.142116,0,0,0,0,0.75,-1.17,0,0
2025/03/31 13:21:00.153,n,10.54372,63.120796,495.44668,499.17024,2.819574,16.461658,16.50883,0.09401,270.2662,23.303036,-0.424217,-0.072929,12.416652,340.36532,370.58536,246.61188,1007.6192,955.18728,31.47221,1181.2474,1109.0574,41.958312,0,0,0,0,0.72,-1.15,0,0
2025/03/31 13:22:00.137,n,10.513986,62.522796,480.77112,487.89244,4.679744,15.930984,16.196322,0.179789,261.40964,22.393348,-0.423157,-0.071526,12.41999,340.4746,370.7276,238.66468,975.81832,933.52872,21.874644,1131.787,1078.984,28.032124,0,0,0,0,0.75,-1.16,0,0
2025/03/31 13:23:00.140,n,10.580098,62.954,449.7266,463.25136,9.97121,15.154202,15.489526,0.231598,244.99682,21.013584,-0.409027,-0.070824,12.415578,341.67364,370.76668,223.64502,1009.497,976.46048,29.827838,1171.8656,1125.841,36.931016,0,0,0,0,0.74,-1.18,0,0
2025/03/31 13:24:00.140,n,10.667794,63.279388,438.38908,438.72108,3.34664,14.763502,14.81657,0.057834,238.16464,20.615634,-0.411507,-0.071526,12.425446,341.51124,370.75644,217.20904,1013.2192,984.02712,26.758176,1169.0544,1129.4638,33.09834,0,0,0,0,0.7,-1.23,0,0
2025/03/31 13:25:00.144,n,10.624776,62.832468,474.78944,457.33544,12.224976,15.718716,15.22393,0.380044,256.68182,22.080586,-0.435341,-0.071877,12.439724,339.52492,370.80072,234.2378,1001.3344,960.05728,26.03075,1161.6034,1110.8562,33.184334,0,0,0,0,0.69,-1,0,0
2025/03/31 13:26:00.135,n,10.570188,62.569868,512.09736,497.93676,11.161318,16.921576,16.414488,0.365304,277.0784,24.141216,-0.457603,-0.081528,12.410074,337.4424,369.78692,252.5611,1000.6454,962.19064,19.728154,1144.238,1107.122,19.498718,0,0,0,0,0.71,-1.08,0,0
2025/03/31 13:27:00.147,n,10.537128,62.691448,535.81856,526.9016,6.976747,17.698358,17.369442,0.246558,289.74392,25.107486,-0.465027,-0.067139,12.415578,336.8294,371.09396,264.23856,996.78072,956.07696,30.875556,1158.617,1114.274,37.604524,0,0,0,0,0.69,-1.13,0,0
2025/03/31 13:28:00.149,n,10.649578,62.63144,554.32708,547.47844,5.634714,18.370546,18.105464,0.226805,300.84078,26.342994,-0.472107,-0.058365,12.455094,336.42576,372.08196,274.08404,995.42232,949.70264,39.791956,1152.263,1092.9924,43.005812,0,0,0,0,0.73,-1.1,0,0
2025/03/31 13:29:00.136,n,10.669454,62.723872,565.65544,561.14812,3.478505,18.936598,18.64255,0.172725,307.8317,27.15195,-0.47422,-0.05661,12.489092,336.42256,372.41744,280.26214,956.34368,949.98752,19.514098,1106.057,1088.3724,20.20396,0,0,0,0,0.71,-1.12,0,0
2025/03/31 13:30:07.057,n,10.821504,62.75468,571.36916,569.53764,1.573213,19.255002,19.101694,0.111585,312.44986,28.082778,-0.478714,-0.051704,12.535154,336.27728,373.0966,283.94006,1009.085,962.43768,28.821866,1200.869,1113.1288,51.228896,0,0,0,0,0.74,-1.17,0,0
2025/03/31 13:31:00.136,n,10.894532,62.591144,575.40008,573.6026,1.234909,19.29038,19.249106,0.093228,314.46058,28.438446,-0.48365,-0.048904,12.581316,336.09456,373.58952,285.5874,979.78024,979.5496,10.03494,1220.1156,1194.645,13.755,0,0,0,0,0.72,-1.05,0,0
2025/03/31 13:32:00.135,n,10.899464,61.842608,585.3244,580.48304,3.546125,19.467272,19.20783,0.157805,319.91418,28.99371,-0.500397,-0.062935,12.604356,334.76782,372.4654,290.483,995.41,970.49856,15.46286,1254.253,1214.1572,22.117866,0,0,0,0,0.74,-1.27,0,0
2025/03/31 13:33:00.135,n,10.9771,62.018148,592.35988,590.24976,2.103568,19.607246,19.549306,0.072618,323.79282,29.1218,-0.513092,-0.055565,12.662454,333.97698,373.42732,294.2135,990.32208,970.99264,10.648944,1255.0894,1220.74,18.105248,0,0,0,0,0.81,-1.12,0,0
2025/03/31 13:34:00.135,n,11.026662,60.981036,586.966,590.26068,2.167948,19.501112,19.601606,0.087834,321.02262,29.022312,-0.526665,-0.056442,12.69756,332.98892,373.53544,291.5301,977.31184,976.59736,16.053038,1214.4512,1216.449,12.837446,0,0,0,0,0.68,-1.17,0,0
2025/03/31 13:35:00.134,n,10.83667,61.493,583.34472,583.6922,1.423025,19.538028,19.525724,0.018488,316.97894,28.153664,-0.528076,-0.065559,12.726042,333.0177,372.8766,288.36276,1032.98,980.18216,39.708944,1282.1148,1217.6384,48.854888,0,0,0,0,0.71,-1.09,0,0
2025/03/31 13:36:00.136,n,10.963868,62.101008,567.83612,592.34636,22.509998,18.971976,19.890784,0.795372,312.60748,27.740792,-0.538315,-0.056969,12.77971,332.41654,373.92408,284.38534,974.1468,957.39544,11.588788,1214.3336,1192.465,15.21841,0,0,0,0,0.71,-1.15,0,0
2025/03/31 13:37:00.135,n,11.133984,61.501156,548.21288,552.91308,4.795832,18.370546,18.565126,0.19453,300.26914,26.61161,-0.56073,-0.056259,12.8192,330.68674,374.19632,273.15308,1015.2806,950.03272,41.459616,1230.879,1160.8752,41.274688,0,0,0,0,0.71,-1.13,0,0
2025/03/31 13:38:00.135,n,10.987012,60.607552,543.00788,545.33576,1.695583,18.26595,18.400284,0.100536,297.03866,26.243508,-0.580689,-0.068726,12.826854,329.00086,373.1298,270.2832,1022.8744,981.832,28.93268,1277.3248,1215.3386,36.21602,0,0,0,0,0.71,-1.24,0,0
2025/03/31 13:39:00.138,n,10.965352,59.922588,536.28304,538.96248,2.133073,18.087518,18.182374,0.080283,293.1092,25.689488,-0.605782,-0.07135,12.827798,326.8352,372.90172,266.88528,982.57504,958.91104,18.477012,1243.005,1205.1362,22.22611,0,0,0,0,0.77,-1.23,0,0
2025/03/31 13:40:00.135,n,10.833126,58.831572,531.1358,533.36804,1.604681,17.982924,18.060346,0.093097,290.16654,25.178372,-0.625587,-0.084511,12.824524,325.10458,371.71564,264.44708,1032.4126,1002.5508,20.54994,1297.0858,1255.6988,32.735302,0,0,0,0,0.75,-1.05,0,0
2025/03/31 13:41:00.136,n,10.791818,59.606576,528.07344,529.29604,0.821584,17.982924,17.895246,0.080131,288.13184,24.823326,-0.640633,-0.085037,12.814656,323.7508,371.61656,262.75292,940.58672,938.19992,3.146427,1178.2074,1174.154,6.268972,0,0,0,0,0.72,-1.26,0,0
2025/03/31 13:42:00.136,n,10.895916,60.38626,527.16432,527.20312,0.158114,17.876788,17.824488,0.058254,287.33862,24.695858,-0.664887,-0.07679,12.803698,321.59464,372.29092,262.05466,952.32304,914.47856,20.20396,1169.2928,1137.9392,18.547238,0,0,0,0,0.72,-1.1,0,0
2025/03/31 13:43:00.135,n,10.965352,60.056036,530.8008,528.75744,1.284523,18.018302,17.913448,0.102221,289.31964,25.178372,-0.691811,-0.07766,12.809202,319.29468,372.2428,263.52714,998.60872,940.94304,30.507376,1201.1654,1138.8574,32.064,0,0,0,0,0.69,-1.05,0,0
2025/03/31 13:44:00.135,n,11.061104,60.64466,539.81444,535.50972,2.983287,18.336706,18.190066,0.148889,294.15082,25.732392,-0.709717,-0.06292,12.820112,317.8035,373.60964,267.77164,942.8348,935.58232,6.066301,1157.5462,1147.2588,7.218033,0,0,0,0,0.73,-1.14,0,0
2025/03/31 13:45:00.136,n,11.15202,60.683672,555.15856,548.37384,4.881086,19.079648,18.779448,0.202884,302.59394,27.038784,-0.733482,-0.060112,12.833284,315.8176,373.92896,274.88178,1028.3916,958.07032,47.228168,1270.536,1176.48,61.613312,0,0,0,0,0.7,-1.2,0,0
2025/03/31 13:46:00.139,n,11.137082,59.679912,561.95192,561.13336,1.746425,19.433432,19.286024,0.14724,308.59292,27.95531,-0.76178,-0.060112,12.857386,313.49762,374.05684,279.93594,978.9656,984.23152,16.780942,1239.7444,1219.2358,18.963122,0,0,0,0,0.74,-1.21,0,0
2025/03/31 13:47:00.138,n,11.259502,60.432064,564.94428,563.24096,1.072381,19.750298,19.580586,0.130728,312.30368,28.468292,-0.782837,-0.055901,12.888146,311.83932,374.59408,283.10846,990.22592,961.07576,22.239604,1226.678,1186.723,28.29841,0,0,0,0,0.71,-1.11,0,0
2025/03/31 13:48:00.138,n,11.29417,59.965216,587.2112,574.24776,7.566373,20.52862,19.940264,0.337153,324.9418,30.276474,-0.800011,-0.052223,12.933058,310.59204,375.15904,293.91752,1038.6962,1009.3176,23.834848,1302.8486,1253.473,39.671148,0,0,0,0,0.72,-1.14,0,0
2025/03/31 13:49:00.135,n,11.370098,59.034404,680.16352,684.39496,61.862348,24.309478,24.091826,2.312458,387.98116,37.653456,-0.807625,-0.048363,13.017364,310.38134,375.94984,349.56844,967.74688,973.80912,16.140014,1218.1434,1220.2748,8.544004,0,0,0,0,0.73,-1.13,0,0
2025/03/31 13:50:00.136,n,11.289242,57.668636,668.19096,648.04488,13.209846,23.780342,23.020736,0.495586,369.87796,35.551788,-0.81134,-0.058708,13.058924,310.28092,375.25204,333.57354,968.55936,948.94096,17.16974,1219.4668,1190.1188,25.079872,0,0,0,0,0.69,-0.99,0,0
2025/03/31 13:51:00.135,n,11.383236,57.032988,780.74672,769.38408,78.29432,28.441044,27.817566,3.060841,453.30016,46.002308,-0.802841,-0.059593,13.150836,311.50512,375.6624,406.5546,933.54472,918.2232,21.617122,1169.4022,1144.9308,24.787094,0,0,0,0,0.76,-1.03,0,0
2025/03/31 13:52:00.135,n,11.304544,56.735584,696.40304,733.01224,21.590508,24.946288,26.358854,0.804407,393.6706,37.921452,-0.795029,-0.066078,13.198504,312.43472,375.34028,355.02016,981.6248,924.03232,31.778924,1199.0248,1142.6722,31.594304,0,0,0,0,0.75,-1.19,0,0
2025/03/31 13:53:00.135,n,11.20054,56.882852,773.3732,740.78976,29.144468,27.48737,26.298096,1.024075,428.89644,41.425272,-0.769722,-0.073982,13.244416,314.86834,374.8828,386.77544,1009.097,989.46976,13.725888,1257.4336,1220.493,26.340084,0,0,0,0,0.77,-1.17,0,0
2025/03/31 13:54:00.137,n,11.288086,56.447352,848.46112,847.08392,37.310856,30.840612,30.29917,1.314136,500.5408,50.579968,-0.749085,-0.070641,13.306708,316.98554,375.51152,449.2824,939.76896,939.97896,11.840608,1164.0146,1161.0306,8.324662,0,0,0,0,0.73,-1.11,0,0
2025/03/31 13:55:00.137,n,11.454784,56.39984,692.52432,835.6804,81.449064,24.73248,30.1633,3.2474,430.36348,42.998412,-0.740028,-0.05468,13.398516,318.25872,377.41876,386.67976,950.08584,908.62064,23.945772,1173.8506,1122.0096,28.755868,0,0,0,0,0.72,-1.09,0,0
2025/03/31 13:56:00.139,n,11.613332,56.223032,1031.3522,964.3392,102.99174,38.880708,34.942952,4.573307,606.23292,65.393632,-0.730263,-0.041702,13.530634,319.80896,379.27676,540.15068,957.34168,954.11392,15.6205,1194.6582,1175.485,20.765356,0,0,0,0,0.76,-1.19,0,0
2025/03/31 13:57:00.140,n,11.822704,55.072884,540.44496,586.38676,66.66352,18.65511,20.557588,3.040996,302.28042,27.285016,-0.747658,-0.057495,13.58194,318.57844,378.1484,274.30526,976.02032,944.54496,29.72541,1179.8526,1141.7796,31.641744,0,0,0,0,0.73,-1.17,0,0
2025/03/31 13:58:00.135,n,11.769924,55.5117,569.20672,545.57256,13.198484,19.68108,18.79688,0.495044,310.5882,28.039876,-0.734703,-0.067665,13.637594,319.99674,377.54288,281.88126,1007.1318,994.45168,17.793256,1225.8662,1207.7294,29.979994,0,0,0,0,0.73,-1.14,0,0
2025/03/31 13:59:00.135,n,11.708984,56.250912,584.34368,578.58404,11.117554,19.856432,19.856946,0.399218,320.7348,29.164704,-0.695862,-0.077492,13.704164,323.7129,377.02636,290.95172,972.4852,925.2244,28.525426,1177.0786,1129.0328,28.05352,0,0,0,0,0.65,-0.95,0,0
2025/03/31 14:00:07.056,n,11.537502,58.461556,650.07836,635.99644,49.819676,22.542102,21.723532,1.795774,358.81084,32.750598,-0.622742,-0.085388,13.758678,330.33002,376.61696,325.52286,990.28888,951.96216,25.52254,1201.9474,1150.9704,32.358924,0,0,0,0,0.72,-1.07,0,0
2025/03/31 14:01:00.136,n,11.498372,59.412128,799.5568,677.23904,61.182516,27.841152,23.196088,2.316666,404.85768,37.523504,-0.553284,-0.089424,13.773014,336.41532,376.3354,366.87032,973.25376,960.4316,19.289894,1202.2134,1171.0918,23.47552,0,0,0,0,0.73,-1.11,0,0
2025/03/31 14:02:00.136,n,11.519756,59.6924,771.19856,894.76344,117.6686,26.464476,31.127486,4.4795,446.25556,42.246664,-0.48909,-0.072746,13.89298,342.61148,378.4596,403.59256,975.87472,966.496,29.029294,1196.459,1176.6448,32.352746,0,0,0,0,0.78,-1.12,0,0
2025/03/31 14:03:00.136,n,11.600568,59.327312,699.25832,703.428,23.17434,23.920316,24.120794,0.90312,391.32012,35.77688,-0.476646,-0.089073,13.943134,343.95708,377.2788,355.15568,1007.0012,997.04744,35.124064,1230.4604,1212.9254,40.360872,0,0,0,0,0.78,-1.32,0,0
2025/03/31 14:04:00.141,n,11.531036,59.524332,887.68016,809.34432,106.13224,29.993072,27.657082,3.577395,541.57552,49.813916,-0.473106,-0.095032,13.9906,344.51808,377.00436,491.38356,1020.2614,982.87008,40.835032,1259.4604,1201.308,50.789764,0,0,0,0,0.59,-1.14,0,0
2025/03/31 14:05:00.140,n,11.267072,59.866372,694.77048,840.46848,78.215088,23.674208,28.400026,2.582109,412.20152,36.544176,-0.48336,-0.109962,14.029842,343.84184,375.88912,375.28392,973.734,951.00408,12.868568,1205.0452,1162.2966,22.704624,0,0,0,0,0.7,-1.01,0,0
2025/03/31 14:06:00.142,n,11.106964,60.507288,606.48572,641.91596,59.831428,20.49478,21.772756,2.318699,332.56946,27.356522,-0.475052,-0.122078,13.999332,344.39668,374.64928,304.85998,1018.1726,958.85792,45.085476,1259.512,1185.5188,54.62234,0,0,0,0,0.71,-1.17,0,0
2025/03/31 14:07:00.136,n,11.021076,61.485464,585.93964,643.86372,64.142028,20.001022,22.361624,2.664024,325.87092,26.65327,-0.449249,-0.117859,13.97102,346.47664,374.87188,298.88626,975.05576,980.01712,22.196846,1222.5002,1222.2482,28.365472,0,0,0,0,0.64,-1.2,0,0
2025/03/31 14:08:00.135,n,11.24709,61.57956,882.12944,707.55344,170.69022,32.148072,24.997048,6.665296,486.91216,48.106464,-0.439003,-0.10083,13.976378,347.3918,376.41304,438.46752,984.35312,989.25104,28.388378,1206.7288,1214.9044,27.195588,0,0,0,0,0.78,-1.16,0,0
2025/03/31 14:09:00.135,n,11.266914,60.097236,670.89244,689.34536,96.876728,24.309478,24.698638,2.603127,371.70536,33.87356,-0.454903,-0.104164,13.980728,346.03984,376.1404,337.48104,1002.0388,984.82864,16.27882,1204.9666,1190.0118,19.157244,0,0,0,0,0.79,-1.3,0,0
2025/03/31 14:10:00.136,n,11.040318,60.818416,460.21892,673.42064,186.65892,17.10308,25.55541,7.302528,267.59424,21.93695,-0.455254,-0.104858,13.940186,345.79176,375.86104,245.30688,1022.7146,1014.7532,14.56022,1223.911,1213.9194,16.136914,0,0,0,0,0.8,-1.24,0,0
2025/03/31 14:11:00.137,n,11.188854,61.601908,680.22592,482.63608,96.971904,25.547718,17.762194,3.820164,319.21064,27.727734,-0.457016,-0.101349,13.89987,345.42304,375.95644,291.12722,999.39896,980.95112,26.817904,1205.1478,1182.9316,26.810446,0,0,0,0,0.73,-1.12,0,0
2025/03/31 14:12:00.139,n,11.111264,61.341608,790.0604,695.83576,99.551744,29.57161,26.35911,3.602083,417.02868,40.1338,-0.464973,-0.113472,13.888988,344.67624,374.82132,376.5434,1051.4698,998.99416,45.851936,1274.355,1205.4952,49.545936,0,0,0,0,0.75,-1.26,0,0
2025/03/31 14:13:00.142,n,11.190514,61.626324,635.44392,852.8088,182.28714,24.84169,33.420662,6.935951,351.02384,34.300112,-0.471687,-0.084145,13.939126,344.36444,377.69488,316.33618,959.13776,976.81704,24.164022,1179.8768,1179.7278,20.842264,0,0,0,0,0.77,-1.34,0,0
2025/03/31 14:14:00.141,n,11.174008,61.489656,335.948,462.79636,141.90156,12.896146,17.891656,5.634545,192.10292,14.691788,-0.48822,-0.098534,13.90207,342.73552,376.21824,177.02146,1059.2804,1027.0476,44.74036,1289.7172,1241.692,59.548296,0,0,0,0,0.68,-1.09,0,0
2025/03/31 14:15:00.145,n,11.23011,62.475688,281.26758,299.8104,16.260766,10.828824,11.507932,0.58338,156.09758,10.684316,-0.488396,-0.10556,13.8497,342.43948,375.31332,145.03044,1037.6032,1038.1888,21.412612,1272.7812,1269.1748,18.038846,0,0,0,0,0.7,-1.13,0,0
2025/03/31 14:16:00.136,n,11.281282,61.86202,266.08948,271.009,4.156321,10.019738,10.307122,0.216506,144.30634,9.656488,-0.499313,-0.11364,13.789742,341.17364,374.2744,134.2642,1042.3536,1032.5582,13.939154,1270.333,1264.7322,15.652476,0,0,0,0,0.63,-1.13,0,0
2025/03/31 14:17:00.135,n,11.130616,61.443876,260.59968,262.29892,1.518634,9.842848,9.907452,0.092834,138.85156,8.87116,-0.513252,-0.120148,13.691752,339.44304,373.1716,129.58732,1000.0416,993.35944,30.724582,1228.1132,1213.3296,32.790242,0,0,0,0,0.73,-1.23,0,0
2025/03/31 14:18:00.135,n,10.996876,62.245044,259.09814,259.4299,0.295804,9.559822,9.542646,0.08231,137.31886,8.443364,-0.511673,-0.127876,13.63064,339.25276,372.15836,128.4917,968.55392,976.65624,18.641352,1154.3692,1174.2644,18.113532,0,0,0,0,0.71,-1.29,0,0
2025/03/31 14:19:00.137,n,10.8168,62.425172,261.63824,260.35678,0.855132,9.596738,9.578024,0.037467,137.77912,8.328953,-0.510963,-0.131042,13.528028,338.7654,371.32844,129.07026,1027.6,1002.7852,34.493476,1213.5948,1181.2608,37.298792,0,0,0,0,0.67,-1.23,0,0
2025/03/31 14:20:00.138,n,10.739114,62.601928,269.6651,265.86942,2.684446,9.77209,9.671852,0.114979,141.42934,8.64296,-0.515373,-0.132622,13.412278,337.76576,370.57,132.40364,995.86112,985.43784,28.915394,1187.1738,1173.045,32.204036,0,0,0,0,0.71,-0.96,0,0
2025/03/31 14:21:00.140,n,10.701122,62.874144,281.10464,276.1625,3.64606,10.088958,9.971798,0.12713,147.25016,8.74307,-0.509552,-0.129456,13.282246,337.576,370.15784,138.12698,945.50656,948.05288,13.091982,1153.8634,1131.1696,16.251154,0,0,0,0,0.76,-1.22,0,0
2025/03/31 14:22:00.143,n,10.643262,62.691088,292.5335,287.91224,3.49285,10.441202,10.200732,0.150276,153.78424,9.557,-0.513252,-0.12542,13.181684,336.72008,369.98048,143.8394,968.12528,957.62088,28.317838,1184.0518,1174.896,28.434134,0,0,0,0,0.54,-0.89,0,0
2025/03/31 14:23:00.144,n,10.52412,62.93572,303.46746,298.93856,3.372685,10.547336,10.441458,0.062889,159.3218,9.885308,-0.509552,-0.119438,13.082178,336.51076,369.98228,149.0464,996.04464,957.71944,38.22434,1187.4698,1151.729,35.597752,0,0,0,0,0.79,-1.31,0,0
2025/03/31 14:24:00.146,n,10.545654,63.277272,314.89634,310.11868,3.540833,10.828824,10.747044,0.10096,165.69768,10.798726,-0.512016,-0.112412,12.971654,335.71004,370.01872,154.49936,1002.4832,973.01904,18.270196,1206.5186,1168.5962,24.263142,0,0,0,0,0.69,-1.25,0,0
2025/03/31 14:25:00.135,n,10.56387,63.458424,326.10134,321.36584,3.531997,11.16261,11.037762,0.080283,172.36994,11.483944,-0.505676,-0.105392,12.909284,335.9272,370.31084,160.48572,1010.9916,970.41016,32.706268,1185.902,1148.8894,28.307244,0,0,0,0,0.71,-1.14,0,0
2025/03/31 14:26:00.136,n,10.613476,62.987524,336.7094,332.28762,3.297727,11.445636,11.295662,0.125876,179.09362,12.710126,-0.506554,-0.103111,12.840272,335.48514,370.14724,165.98004,930.54568,942.96872,22.5211,1117.0396,1120.467,17.355114,0,0,0,0,0.67,-1.22,0,0
2025/03/31 14:27:00.215,n,10.539062,62.947048,346.56828,342.49464,3.043436,11.55177,11.475118,0.078825,184.58606,13.252332,-0.508316,-0.100998,12.74169,334.81,369.81224,170.9264,1012.7142,981.13184,33.331666,1600.1528,1230.466,183.758,0,0,0,0,0.7,-1.18,0,0
2025/03/31 14:28:00.138,n,10.530762,62.68948,355.44484,351.77028,2.73633,11.76404,11.740456,0.096762,190.223,13.83682,-0.509201,-0.10083,12.660646,334.30408,369.3978,175.9778,1030.4022,1094.8364,109.66222,1213.963,1201.2894,31.34645,0,0,0,0,0.73,-1.24,0,0
2025/03/31 14:29:00.140,n,10.489408,62.488404,363.45952,360.18088,2.492489,11.940932,11.881968,0.069439,195.081,14.421928,-0.510078,-0.093452,12.606946,333.94384,369.76868,180.24244,948.53152,974.11784,30.995162,1139.6138,1159.864,26.357162,0,0,0,0,0.74,-1.17,0,0
2025/03/31 14:30:07.053,n,10.51426,62.280788,371.77116,368.36584,2.588436,12.082444,12.07655,0.093359,200.397,14.977192,-0.510254,-0.08783,12.53351,333.54022,369.8796,184.9974,1036.1522,981.76512,48.581892,1230.8188,1171.9546,52.537604,0,0,0,0,0.68,-1.08,0,0
2025/03/31 14:31:00.144,n,10.496044,62.188208,379.15388,376.19424,2.294014,12.330092,12.277024,0.066291,204.4424,15.518776,-0.512901,-0.088013,12.485264,333.05612,369.60824,188.49874,1015.3812,979.3284,23.725514,1212.063,1172.251,24.388522,0,0,0,0,0.7,-1.14,0,0
2025/03/31 14:32:00.146,n,10.547364,62.009644,388.22844,384.213,2.887473,12.471606,12.436226,0.045286,209.8846,16.102642,-0.51149,-0.086426,12.470986,333.10278,369.67372,193.35688,967.4348,946.92312,20.381364,1158.7564,1133.4018,17.801686,0,0,0,0,0.74,-0.96,0,0
2025/03/31 14:33:00.147,n,10.618458,62.550024,398.62944,394.2444,3.312854,12.754632,12.65465,0.112565,216.43696,16.81522,-0.514313,-0.074669,12.472094,332.86454,370.7238,199.1821,947.60568,938.03584,38.324928,1135.6328,1123.4526,43.33936,0,0,0,0,0.73,-1.14,0,0
2025/03/31 14:34:00.136,n,10.643262,61.491088,409.24356,404.86748,3.286335,13.037658,12.978694,0.048286,222.74658,17.82626,-0.522247,-0.075897,12.450162,332.06222,370.4988,204.47396,993.1892,1011.3358,28.55521,1190.026,1198.4144,32.493076,0,0,0,0,0.71,-1.11,0,0
2025/03/31 14:35:00.137,n,10.686184,61.482984,419.05824,415.04044,3.03521,13.179172,13.155586,0.079672,228.4709,18.21053,-0.52066,-0.073967,12.450162,332.1995,370.67024,209.8137,948.9944,931.38312,25.542122,1135.5284,1120.508,23.06946,0,0,0,0,0.71,-1.14,0,0
2025/03/31 14:36:00.137,n,10.68457,61.913796,427.13228,423.87064,2.48998,13.462196,13.385544,0.127322,233.30776,18.950466,-0.518021,-0.07151,12.470986,332.53784,370.9984,213.9108,909.59696,912.366,12.070626,1101.8204,1091.6732,14.159802,0,0,0,0,0.73,-1.11,0,0
2025/03/31 14:37:00.141,n,10.763916,61.199732,433.06224,430.79196,1.760682,13.674466,13.597814,0.041044,237.08248,19.334736,-0.523659,-0.069756,12.489644,332.1488,371.25292,217.29386,956.25168,946.89016,26.517918,1144.6202,1132.0616,27.147744,0,0,0,0,0.72,-1.17,0,0
2025/03/31 14:38:00.142,n,10.742432,60.429908,435.7028,434.89648,0.774597,13.674466,13.58602,0.070052,238.73626,19.534332,-0.523476,-0.072914,12.487432,332.15286,370.96064,218.75138,940.8176,944.13168,18.157642,1133.3004,1130.051,20.181674,0,0,0,0,0.67,-1.13,0,0
2025/03/31 14:39:00.145,n,10.765576,61.307252,434.7206,435.40968,0.41833,13.532954,13.627296,0.061911,238.16008,19.349038,-0.522072,-0.065544,12.519232,332.44238,371.78324,218.35452,1002.452,955.64288,27.856778,1190.9214,1141.5144,29.700168,0,0,0,0,0.71,-1.07,0,0
2025/03/31 14:40:00.147,n,10.82837,61.063112,433.19776,433.48556,0.474342,13.497576,13.497574,0.022643,237.53362,19.406242,-0.527184,-0.072212,12.543362,332.1279,371.31872,217.6724,971.86888,989.96896,17.187204,1167.6938,1173.7678,13.612494,0,0,0,0,0.73,-1.14,0,0
2025/03/31 14:41:00.150,n,10.914558,60.89148,436.48252,434.58556,1.161895,13.639088,13.532954,0.08935,240.10168,20.117576,-0.532127,-0.065201,12.6004,332.00196,372.24312,219.51716,962.66232,958.15216,12.767146,1153.5802,1140.4054,14.380544,0,0,0,0,0.68,-1.11,0,0
2025/03/31 14:42:00.152,n,10.904644,60.444852,446.90632,442.37232,3.213254,14.87425,14.791702,0.103997,245.5159,20.843212,-0.538658,-0.065552,12.608054,331.47754,372.25252,224.19956,996.84352,1089.8042,147.08978,1158.6294,1248.749,162.98956,0,0,0,0,0.73,-1.11,0,0
2025/03/31 14:43:00.137,n,10.878232,59.911304,457.89508,453.3578,3.402205,15.403386,15.133436,0.201799,252.14134,21.468738,-0.54007,-0.075378,12.622332,331.431,371.45536,230.20792,995.72976,965.4836,22.779376,1186.3522,1139.2926,31.200962,0,0,0,0,0.75,-1.03,0,0
2025/03/31 14:44:00.139,n,10.896344,60.560232,472.92244,466.21256,4.972424,15.72333,15.510802,0.128847,260.22128,22.137168,-0.544121,-0.066956,12.631094,331.1269,372.24976,237.60694,1022.9324,1002.8182,26.994444,1199.1802,1184.3268,24.84351,0,0,0,0,0.7,-1.11,0,0
2025/03/31 14:45:00.144,n,10.92286,60.495288,478.02696,476.0554,1.274755,15.72333,15.735122,0.09401,263.32386,22.492214,-0.543953,-0.064148,12.659572,331.29218,372.64984,240.35184,1004.0926,978.40624,18.215378,1201.9756,1155.6608,26.587592,0,0,0,0,0.73,-1.14,0,0
2025/03/31 14:46:00.143,n,11.030182,60.137572,488.99748,483.68204,3.781534,15.96944,15.9115,0.066107,268.84598,23.245208,-0.542007,-0.061691,12.706714,331.7102,373.11776,245.12044,1024.5428,1013.907,14.916434,1210.5816,1199.3498,20.692994,0,0,0,0,0.71,-1.13,0,0
2025/03/31 14:47:00.147,n,11.078084,60.02854,483.59752,489.11448,3.28253,15.72333,16.006098,0.177259,265.99982,22.97535,-0.542183,-0.057304,12.746136,331.90384,373.71616,242.53962,1014.5178,1003.6094,35.250532,1212.026,1189.5512,40.909656,0,0,0,0,0.71,-1.17,0,0
2025/03/31 14:48:00.136,n,11.112752,60.14568,475.729,477.94752,1.930026,15.369546,15.546436,0.11213,260.5953,22.407028,-0.539711,-0.057129,12.788862,332.34412,373.9582,237.7057,1026.5974,991.37272,29.801006,1227.1606,1182.9078,33.328666,0,0,0,0,0.72,-1.13,0,0
2025/03/31 14:49:00.135,n,11.079742,59.976392,468.8656,472.2128,2.302173,15.403386,15.356984,0.068821,255.97828,21.810104,-0.534775,-0.067482,12.810798,332.88748,373.15508,233.7009,1035.7166,998.42776,23.70443,1221.9136,1189.3326,20.12461,0,0,0,0,0.72,-1.22,0,0
2025/03/31 14:50:00.136,n,11.041756,59.515504,459.21692,463.34204,3.008322,14.980386,15.062936,0.065737,250.56464,21.084468,-0.529839,-0.066254,12.839262,333.46554,373.41524,229.01658,976.0388,969.6992,33.309158,1181.2734,1157.8676,31.870048,0,0,0,0,0.71,-1.11,0,0
2025/03/31 14:51:00.136,n,11.068172,59.456812,450.91136,453.83876,2.622022,14.626604,14.791702,0.088664,245.49076,20.587032,-0.530365,-0.072746,12.839262,333.42002,372.83864,224.4461,1029.4022,962.30664,58.734148,1233.0748,1146.2328,64.447656,0,0,0,0,0.75,-1.09,0,0
2025/03/31 14:52:00.137,n,11.068172,59.818532,449.01088,449.75732,0.474342,14.661982,14.697358,0.038906,244.71642,20.501846,-0.525421,-0.073799,12.842534,333.865,372.76244,223.76294,940.65408,954.88016,18.300274,1138.6924,1153.357,17.13476,0,0,0,0,0.72,-1.17,0,0
2025/03/31 14:53:00.136,n,11.10616,60.223756,447.14388,447.93068,0.67082,14.661982,14.673774,0.053446,243.85412,20.316552,-0.514496,-0.069061,12.844734,334.82172,373.19484,223.09214,963.35864,915.936,27.588042,1137.5548,1098.0288,20.823064,0,0,0,0,0.75,-1.2,0,0
2025/03/31 14:54:00.135,n,11.20689,59.513892,446.73728,446.65764,0,14.768116,14.650188,0.082974,244.04142,20.530448,-0.518013,-0.069237,12.852404,334.55822,373.22004,223.0622,922.97048,939.8708,18.90767,1119.5494,1117.6396,15.297058,0,0,0,0,0.7,-1.13,0,0
2025/03/31 14:55:00.135,n,11.168904,59.626292,447.78956,447.303,0.316228,14.732738,14.667878,0.04134,244.9163,20.728802,-0.50779,-0.065552,12.865544,335.5123,373.61696,223.74526,1015.9646,963.824,54.326788,1212.1582,1154.4326,59.00254,0,0,0,0,0.73,-1.19,0,0
2025/03/31 14:56:00.135,n,11.2795,59.388356,448.77332,448.66064,0.158114,14.803494,14.76222,0.068465,246.3902,20.871192,-0.500214,-0.065025,12.885264,336.27228,373.76836,225.08384,932.77416,943.97168,19.674856,1180.1772,1242.1312,145.58022,0,0,0,0,0.7,-1.37,0,0
2025/03/31 14:57:00.135,n,11.215096,57.70608,442.77792,445.59264,1.949359,14.69736,14.691464,0.041926,243.42868,20.871192,-0.500038,-0.079239,12.898406,336.35728,372.57588,222.1367,1031.7772,1003.2552,41.206796,1235.7046,1208.466,37.533984,0,0,0,0,0.69,-1.18,0,0
2025/03/31 14:58:00.136,n,11.14576,58.733864,429.4044,435.5066,4.508326,14.202064,14.455608,0.170949,236.15508,19.960884,-0.484001,-0.075378,12.8929,337.7154,372.88956,215.78558,1018.0204,985.0828,36.470536,1210.11,1176.8398,36.070764,0,0,0,0,0.71,-1.07,0,0
2025/03/31 14:59:00.136,n,11.23824,58.98538,416.07196,421.21384,4.086563,13.954416,14.13131,0.111803,229.13732,19.235248,-0.472946,-0.068359,12.929004,338.86336,373.7046,209.4975,1011.6672,957.4588,34.066112,1205.6836,1142.1614,39.770592,0,0,0,0,0.71,-1.06,0,0
2025/03/31 15:00:07.048,n,11.28941,59.779468,408.66488,410.85144,1.913766,13.672928,13.789574,0.115244,224.77956,18.850978,-0.473473,-0.07029,12.945466,338.9052,373.62048,205.5254,1000.4056,1004.846,15.391556,1203.3204,1200.8532,20.938004,0,0,0,0,0.73,-1.11,0,0
2025/03/31 15:01:00.137,n,11.355378,59.177956,408.32528,408.55144,0.223607,13.742146,13.589098,0.085582,224.41636,18.836678,-0.488762,-0.066254,12.977174,337.75104,374.1474,205.1572,975.48608,967.98488,24.774988,1167.2676,1156.2798,26.776856,0,0,0,0,0.7,-1.16,0,0
2025/03/31 15:02:00.135,n,11.332284,57.963844,406.11412,407.36132,0.74162,13.600634,13.565512,0.045015,222.72204,18.879582,-0.510788,-0.073097,12.980478,335.86316,373.55708,203.40476,995.6072,975.42824,20.064896,1214.9122,1180.1922,29.780866,0,0,0,0,0.74,-1.15,0,0
2025/03/31 15:03:00.135,n,11.221738,58.201832,410.43288,406.04588,2.507489,13.88366,13.689336,0.168431,223.41244,18.679986,-0.502327,-0.07029,12.974992,336.56604,373.7774,204.30042,958.64088,957.4924,31.767908,1178.146,1169.7084,35.424568,0,0,0,0,0.7,-1.19,0,0
2025/03/31 15:04:00.135,n,11.208504,57.585232,385.23912,434.84976,46.288496,13.213012,15.092418,1.805022,213.41546,17.897144,-0.509026,-0.079765,12.959652,335.90504,372.85432,195.08906,982.78976,962.02616,25.955732,1188.0532,1173.0514,21.05944,0,0,0,0,0.68,-1.16,0,0
2025/03/31 15:05:00.135,n,11.127644,57.710964,363.73212,370.527,5.677808,12.327016,12.527494,0.188085,198.61814,15.860764,-0.508675,-0.08503,12.941054,335.83656,372.28796,182.33374,954.9636,967.00736,32.084262,1180.8888,1176.2666,23.893514,0,0,0,0,0.72,-1.07,0,0
2025/03/31 15:06:00.136,n,11.130918,58.675076,352.23624,356.92912,3.512478,11.957852,12.11039,0.098698,192.1726,15.148186,-0.507439,-0.074501,12.938906,335.93208,373.21164,176.59146,997.46896,956.25112,36.551336,1194.4112,1153.693,34.416564,0,0,0,0,0.7,-1.16,0,0
2025/03/31 15:07:00.136,n,11.23658,58.9364,341.54292,345.81444,3.276813,11.640986,11.781986,0.135452,186.46998,14.891384,-0.506027,-0.072044,12.930112,336.00752,373.38316,171.14462,967.91576,981.43896,20.31748,1163.292,1169.526,19.79899,0,0,0,0,0.71,-1.16,0,0
2025/03/31 15:08:00.136,n,11.10616,58.16926,333.26782,336.44392,2.434132,11.428716,11.55895,0.085795,181.76618,14.5923,-0.512024,-0.085732,12.891828,335.28544,371.96428,166.7476,969.60184,955.646,20.405882,1203.8228,1168.3812,28.863472,0,0,0,0,0.74,-1.16,0,0
2025/03/31 15:09:00.140,n,11.031842,58.301196,328.90186,330.39142,1.25,11.32412,11.376676,0.114979,179.31004,14.065018,-0.50885,-0.088013,12.852404,335.3509,371.55256,164.8242,977.37528,967.89912,37.383152,1220.6738,1204.2524,43.611924,0,0,0,0,0.71,-0.91,0,0
2025/03/31 15:10:00.135,n,10.947568,58.100808,332.07392,328.93588,1.624038,11.640986,11.371034,0.138526,180.38648,14.23539,-0.511139,-0.086433,12.795458,334.8509,371.3908,165.72638,909.13744,911.7624,9.869144,1135.9526,1137.8758,7.602631,0,0,0,0,0.7,-1.1,0,0
2025/03/31 15:11:00.135,n,10.853424,58.439624,325.89884,337.17844,12.777422,11.288742,11.790704,0.528624,178.72698,14.036416,-0.50074,-0.090996,12.743968,335.47732,370.71252,164.28086,935.50608,946.69608,33.963216,1174.524,1174.0018,39.484172,0,0,0,0,0.72,-1.11,0,0
2025/03/31 15:12:00.135,n,10.911286,59.456812,332.21096,328.9011,2.556854,11.676364,11.435894,0.16313,182.85462,14.862782,-0.502152,-0.080643,12.75711,335.42492,371.70168,167.57034,942.65504,970.46664,31.613288,1155.3726,1186.402,28.80625,0,0,0,0,0.71,-1.14,0,0
2025/03/31 15:13:00.135,n,11.038484,59.911304,344.24288,340.00156,4.748684,12.028608,11.852742,0.209223,191.47648,15.903668,-0.499336,-0.079941,12.748348,335.62208,371.7176,175.15342,960.94704,959.70456,24.04163,1159.1494,1156.584,23.481908,0,0,0,0,0.75,-1.1,0,0
2025/03/31 15:14:00.135,n,10.998838,58.933132,357.59508,346.4226,5.952941,12.539286,12.122438,0.227825,197.82266,16.94331,-0.504089,-0.07959,12.7341,335.13538,371.67328,180.45484,954.1008,954.26952,16.917446,1154.4498,1148.3512,19.887182,0,0,0,0,0.7,-1.12,0,0
2025/03/31 15:15:00.135,n,11.031842,59.553004,362.50624,356.41188,3.327912,12.64542,12.439304,0.121584,201.50714,17.356182,-0.502853,-0.075203,12.717686,335.1553,371.97588,183.7233,1009.1184,972.77408,35.812008,1229.0602,1174.8652,43.717272,0,0,0,0,0.72,-1.12,0,0
2025/03/31 15:16:00.136,n,10.97398,58.657056,363.69864,363.55676,1.50831,12.6808,12.74002,0.069964,205.26188,17.58376,-0.509727,-0.076958,12.71544,334.54882,371.80816,187.24534,941.7776,940.30856,28.981028,1183.1108,1156.4234,35.884536,0,0,0,0,0.7,-1.09,0,0
2025/03/31 15:17:00.138,n,10.987264,58.547536,351.93016,354.33016,3.316625,12.134744,12.268822,0.137775,197.50686,16.70081,-0.509552,-0.076782,12.709986,334.53506,371.79484,180.3733,1034.6522,974.02248,39.403044,1261.3746,1204.88,35.145412,0,0,0,0,0.73,-1.32,0,0
2025/03/31 15:18:00.141,n,11.033456,59.000028,352.16924,351.92384,0,12.185504,12.22165,0.085009,197.6462,16.772316,-0.513786,-0.072571,12.72096,334.22686,372.22692,180.43268,946.82248,955.37288,23.306652,1184.3546,1185.296,26.940676,0,0,0,0,0.73,-1.18,0,0
2025/03/31 15:19:00.135,n,10.997128,57.958912,357.73064,355.19484,1.85405,12.327016,12.268052,0.079519,200.64998,17.100002,-0.522606,-0.077309,12.700132,333.35364,371.69588,183.10468,939.11304,942.9736,22.86482,1173.0982,1172.776,24.590648,0,0,0,0,0.82,-1.08,0,0
2025/03/31 15:20:00.135,n,11.061532,57.906764,366.76564,362.77784,2.962263,12.539286,12.486218,0.079902,205.9797,17.640964,-0.522957,-0.075554,12.690266,333.27106,371.79948,187.89132,963.15896,965.47432,27.114572,1202.8184,1196.5992,30.705048,0,0,0,0,0.73,-1.17,0,0
2025/03/31 15:21:00.135,n,11.069832,57.732156,376.91072,372.75868,3.170174,12.893068,12.793086,0.144182,211.70114,18.253434,-0.533188,-0.073448,12.666166,332.25836,371.85884,192.98798,963.92704,954.21648,16.392072,1201.0294,1187.5034,17.916474,0,0,0,0,0.73,-0.95,0,0
2025/03/31 15:22:00.135,n,11.059918,57.945872,384.15184,381.14396,2.236068,13.06996,13.016892,0.088733,216.18568,18.822376,-0.537064,-0.071518,12.68258,332.01004,372.1172,196.89776,929.7468,931.40576,15.594872,1160.813,1158.0232,14.512064,0,0,0,0,0.72,-1.13,0,0
2025/03/31 15:23:00.135,n,11.083016,58.027372,390.84468,388.12184,2.009353,13.423742,13.241212,0.10814,220.3607,19.150062,-0.539185,-0.06871,12.6782,331.80328,372.34328,200.74016,926.23656,935.70488,7.402703,1151.9482,1158.5282,7.402703,0,0,0,0,0.73,-1.14,0,0
2025/03/31 15:24:00.136,n,11.117734,57.668528,395.73448,393.64136,1.549193,13.388364,13.376572,0.042216,223.58834,19.818492,-0.550835,-0.070641,12.674928,330.77816,372.15456,203.28964,953.80832,955.41848,17.652194,1190.4024,1179.6246,17.070442,0,0,0,0,0.65,-0.91,0,0
2025/03/31 15:25:00.137,n,11.160652,58.087768,399.17308,397.85152,1.106797,13.423742,13.524238,0.075745,225.63272,19.918602,-0.565308,-0.068008,12.681506,329.5611,372.4232,205.21682,997.5144,955.66824,30.04996,1223.8164,1178.6056,32.307896,0,0,0,0,0.75,-1.14,0,0
2025/03/31 15:26:00.139,n,11.074764,57.240552,402.03296,400.68272,0.961769,13.706768,13.571406,0.169875,227.11178,20.17416,-0.585976,-0.072922,12.66182,327.66898,371.88264,206.42454,970.26096,971.35952,31.271392,1216.9424,1197.6158,37.680232,0,0,0,0,0.71,-1.02,0,0
2025/03/31 15:27:00.142,n,11.125936,57.720728,405.12888,404.05704,1.018577,13.848282,13.783422,0.040745,229.51478,20.600712,-0.607887,-0.066605,12.666166,325.79648,372.4666,208.37278,967.8088,951.9212,23.88305,1206.4512,1188.7416,23.456342,0,0,0,0,0.73,-1,0,0
2025/03/31 15:28:00.135,n,11.137508,56.923368,403.76744,404.65804,0.591608,13.812902,13.824696,0.057622,229.3509,20.643616,-0.628937,-0.070465,12.669438,323.99286,372.14104,208.1488,961.77664,940.24448,24.87167,1198.337,1167.524,23.315232,0,0,0,0,0.77,-1.42,0,0
2025/03/31 15:29:00.135,n,11.134236,56.736844,404.2776,403.22864,0.790569,13.88366,13.854178,0.034233,230.09272,20.515526,-0.642029,-0.07415,12.662878,322.8256,371.77904,209.0093,1005.0408,970.43784,21.047566,1246.2438,1204.7734,28.227646,0,0,0,0,0.68,-1.14,0,0
2025/03/31 15:30:07.053,n,11.091316,55.032888,452.23472,446.4398,27.557212,16.075574,16.0766,1.300193,251.06546,22.98965,-0.659378,-0.074852,12.631094,321.15658,371.54848,227.49128,973.1184,933.95248,27.10166,1207.6318,1166.0364,26.58195,0,0,0,0,0.76,-1.05,0,0
2025/03/31 15:31:00.136,n,11.091316,54.481912,392.09948,400.26112,7.688466,13.529878,13.860074,0.359205,223.66372,19.818492,-0.666634,-0.074677,12.623426,320.48826,371.52336,203.25326,976.2688,958.71696,29.991664,1210.626,1189.8338,31.04835,0,0,0,0,0.69,-1.13,0,0
2025/03/31 15:32:00.136,n,11.109432,54.9657,392.16804,391.29672,0.580948,13.529878,13.435534,0.057834,222.74716,19.705326,-0.66185,-0.068359,12.616846,320.86734,372.04968,202.44834,987.03296,949.76872,31.08215,1216.8546,1174.7724,27.754278,0,0,0,0,0.75,-1.12,0,0
2025/03/31 15:33:00.137,n,11.1045,55.42102,394.09896,393.5256,0.680074,13.352986,13.42964,0.046614,223.68826,20.04607,-0.65654,-0.067657,12.61792,321.33234,372.11764,203.05332,980.35184,923.60352,36.779072,1205.5654,1149.5198,34.383136,0,0,0,0,0.7,-1.24,0,0
2025/03/31 15:34:00.140,n,11.167194,55.563356,391.52388,392.87692,1.083974,13.317608,13.370674,0.062889,221.5919,19.733306,-0.646271,-0.065201,12.620152,322.23248,372.34764,201.27752,992.12576,935.6164,41.046316,1212.792,1158.528,37.765064,0,0,0,0,0.7,-1.13,0,0
2025/03/31 15:35:00.145,n,11.150692,55.907496,390.94672,390.73048,0.193649,13.176094,13.247108,0.083415,220.77528,19.662422,-0.636719,-0.06134,12.644266,323.1864,372.81812,200.53748,964.47928,912.6932,32.810058,1182.3258,1123.7462,33.8851,0,0,0,0,0.72,-1.18,0,0
2025/03/31 15:36:00.145,n,11.211824,56.271608,392.06596,391.63656,0.33541,13.352986,13.288124,0.035286,220.75016,19.690402,-0.631767,-0.063446,12.669438,323.74802,372.7644,200.49146,995.68384,953.41376,23.736048,1218.3106,1176.6268,24.700202,0,0,0,0,0.75,-1.11,0,0
2025/03/31 15:37:00.136,n,11.282772,56.369944,389.99492,391.08732,0.715891,13.176094,13.253262,0.060515,218.67664,19.449146,-0.629112,-0.057129,12.70344,324.15774,373.50548,198.6555,921.20432,923.27536,27.411676,1152.395,1146.692,26.615786,0,0,0,0,0.71,-1.13,0,0
2025/03/31 15:38:00.135,n,11.2795,55.955104,383.77872,386.72312,2.266606,12.963824,13.06996,0.11418,214.54902,18.86528,-0.630524,-0.067307,12.707818,324.05892,372.62492,195.12052,1003.9706,959.7176,34.294316,1235.2496,1184.5874,37.820628,0,0,0,0,0.74,-1.1,0,0
2025/03/31 15:39:00.135,n,11.220074,55.843484,372.41836,377.75972,4.311322,12.327016,12.59261,0.217013,207.85392,18.053836,-0.637253,-0.06871,12.704514,323.45922,372.4826,189.23154,979.63112,946.55832,34.573112,1213.0274,1173.039,37.899868,0,0,0,0,0.73,-0.99,0,0
2025/03/31 15:40:00.135,n,11.259624,55.725268,370.4448,369.77476,0.942072,12.185504,12.291638,0.059293,206.06762,17.82626,-0.648575,-0.068359,12.705588,322.4856,372.5196,187.66114,1000.8342,961.5252,33.46939,1239.857,1193.23,38.249184,0,0,0,0,0.76,-1.01,0,0
2025/03/31 15:41:00.138,n,11.226666,55.892748,356.53828,359.67528,2.539685,11.676364,11.858128,0.11213,197.62108,16.70081,-0.654411,-0.065903,12.717686,322.0448,372.8018,180.33178,985.60912,955.92608,43.830356,1232.796,1188.5832,49.191464,0,0,0,0,0.68,-1.11,0,0
2025/03/31 15:42:00.140,n,11.183746,56.242064,350.80324,353.23244,1.746425,11.571768,11.64714,0.100718,194.10792,16.07404,-0.66079,-0.069412,12.726414,321.53928,372.53636,177.44252,938.23512,918.9912,19.289894,1175.6822,1154.8038,16.87898,0,0,0,0,0.68,-1.16,0,0
2025/03/31 15:43:00.142,n,11.24649,57.122876,344.37996,347.17052,2.021757,11.182606,11.388466,0.122982,190.20986,15.44727,-0.668938,-0.067131,12.708862,320.74142,372.64596,174.1608,998.47536,936.30224,46.881768,1220.5118,1159.1816,45.361876,0,0,0,0,0.68,-1.07,0,0
2025/03/31 15:44:00.143,n,11.233308,56.676196,337.3932,340.26344,2.165064,10.830362,11.059552,0.147282,186.17932,15.205392,-0.676193,-0.071518,12.69906,320.06188,372.20448,170.36924,929.56176,924.3872,18.678866,1175.8452,1161.7756,12.684636,0,0,0,0,0.71,-1.14,0,0
2025/03/31 15:45:00.147,n,11.251424,57.101588,331.25616,333.60312,1.864135,10.724228,10.90112,0.129697,182.2727,15.105282,-0.687004,-0.068359,12.696846,319.11492,372.47324,166.54878,954.4856,961.152,34.61936,1183.3922,1185.2958,35.287392,0,0,0,0,0.72,-1.11,0,0
2025/03/31 15:46:00.135,n,11.256356,56.466624,328.32166,329.4757,0.844097,10.724228,10.677312,0.052872,180.67716,14.94859,-0.688423,-0.069763,12.694678,318.98068,372.33704,165.10992,987.52272,955.14424,18.03053,1226.6602,1193.058,17.686154,0,0,0,0,0.78,-1.18,0,0
2025/03/31 15:47:00.135,n,11.264606,57.379468,326.13638,327.1668,0.74162,10.547336,10.648344,0.096129,179.48706,14.535096,-0.680267,-0.068359,12.68372,319.62818,372.40372,164.34006,914.38304,919.00048,22.829806,1146.9692,1151.6332,19.756012,0,0,0,0,0.68,-1.13,0,0
2025/03/31 15:48:00.137,n,11.192048,56.782644,323.543,324.54932,0.851469,10.478118,10.507088,0.064613,177.59914,14.050096,-0.674782,-0.069763,12.66182,319.98678,372.16312,162.94402,939.89872,937.38008,13.468482,1168.7412,1164.9436,14.293356,0,0,0,0,0.7,-1.08,0,0
2025/03/31 15:49:00.139,n,11.180478,56.1552,321.59528,322.31864,0.60208,10.301226,10.384032,0.079211,176.44502,14.178806,-0.668755,-0.071167,12.637672,320.38022,371.91048,161.66864,977.28248,931.96744,32.127868,1213.9112,1166.1386,32.137208,0,0,0,0,0.66,-1.11,0,0
2025/03/31 15:50:00.140,n,11.152352,56.34866,320.8095,320.8948,0,10.407362,10.366086,0.087904,175.78488,14.22171,-0.654594,-0.076431,12.613572,321.4775,371.31532,160.985,942.67016,920.3096,19.662146,1178.0566,1154.1476,18.926172,0,0,0,0,0.71,-0.99,0,0
2025/03/31 15:51:00.143,n,11.111092,56.641824,320.87802,320.8496,0,10.478118,10.401208,0.12098,175.94992,14.178806,-0.643265,-0.070641,12.605886,322.41706,371.78908,161.1985,928.23168,933.69416,25.282406,1150.2052,1151.501,23.054284,0,0,0,0,0.73,-1.09,0,0
2025/03/31 15:52:00.143,n,11.178768,57.389232,318.75976,319.7052,0.758288,10.371984,10.366086,0.047005,174.8335,14.421308,-0.636894,-0.066605,12.59602,322.91584,372.0952,159.8419,935.62912,917.94288,27.057346,1157.8706,1141.155,28.451714,0,0,0,0,0.73,-1.1,0,0
2025/03/31 15:53:00.144,n,11.192048,57.56072,316.50446,317.58084,0.758288,10.336604,10.295588,0.087765,173.98318,14.421308,-0.617256,-0.071167,12.589426,324.57974,371.65516,159.0158,986.06808,924.56864,39.00128,1209.7998,1141.5458,43.895328,0,0,0,0,0.72,-1.17,0,0
2025/03/31 15:54:00.146,n,11.203522,58.213208,312.05776,314.21866,1.504161,9.948982,10.143306,0.129603,171.29006,14.007812,-0.603821,-0.063095,12.602598,325.81174,372.44176,156.74154,996.08032,957.96584,28.271894,1236.6734,1192.1,38.018416,0,0,0,0,0.71,-1.13,0,0
2025/03/31 15:55:00.135,n,11.28111,57.3468,306.61822,308.8309,1.688194,9.878226,9.93155,0.082901,168.1618,13.950608,-0.586151,-0.063095,12.622332,327.4447,372.54624,153.68814,973.96456,938.4676,23.53083,1183.4512,1152.332,20.474374,0,0,0,0,0.7,-1.09,0,0
2025/03/31 15:56:00.136,n,11.258064,57.369656,300.65784,303.1015,1.830301,9.665956,9.813878,0.096065,164.50588,13.779614,-0.571838,-0.066078,12.626714,328.70596,372.30444,150.2205,1001.9974,972.36648,25.655408,1237.877,1194.9192,30.21258,0,0,0,0,0.73,-1.11,0,0
2025/03/31 15:57:00.135,n,11.274568,58.009448,293.32084,296.4246,2.233271,9.525982,9.567,0.064329,160.2886,13.308914,-0.555771,-0.064674,12.638746,330.15954,372.49276,146.4886,988.65456,937.23392,30.546686,1227.7354,1157.8304,38.251796,0,0,0,0,0.71,-1.1,0,0
2025/03/31 15:58:00.138,n,11.27784,57.449732,284.5691,288.08862,2.721443,9.244494,9.320634,0.112185,155.33864,12.810234,-0.536537,-0.066605,12.655224,331.91058,372.40856,142.05846,941.42312,933.86408,24.861616,1180.3258,1161.4566,26.449954,0,0,0,0,0.71,-1.09,0,0
2025/03/31 15:59:00.140,n,11.307526,57.03782,276.10822,279.61758,2.66927,9.067602,9.079394,0.061961,150.69764,12.439022,-0.522072,-0.063446,12.684778,333.31852,372.84572,137.8,936.29272,937.2668,25.94417,1176.7364,1165.5896,22.930328,0,0,0,0,0.71,-1.12,0,0
2025/03/31 16:00:07.387,n,11.144146,56.342112,267.8834,271.12806,2.560518,8.715358,8.762272,0.101262,145.11438,11.92542,-0.513435,-0.080994,12.633292,333.793,371.01468,132.75654,979.29368,938.30048,30.901456,1214.4264,1171.3152,31.641744,0,0,0,0,0.74,-1.1,0,0
2025/03/31 16:01:00.145,n,11.149078,56.540308,260.36972,263.64026,2.329163,8.503088,8.61512,0.132421,141.11126,11.298028,-0.504265,-0.082397,12.622332,334.52828,370.832,129.39136,925.98904,915.24512,29.524566,1159.045,1148.6874,27.267196,0,0,0,0,0.75,-1.06,0,0
2025/03/31 16:02:00.146,n,11.02525,56.33552,252.8469,255.81214,2.277609,8.186221,8.274155,0.108731,136.52736,10.312482,-0.494568,-0.083977,12.578466,335.13492,370.45952,125.80428,977.22144,928.57536,32.306346,1191.6432,1145.7948,27.591666,0,0,0,0,0.73,-1.32,0,0
2025/03/31 16:03:00.150,n,11.010358,56.442068,245.28148,248.5373,2.383537,7.940112,8.062911,0.119278,132.3826,9.727372,-0.47966,-0.083099,12.541196,336.2274,370.34032,122.25868,887.86056,910.97848,17.2974,1088.5904,1109.572,15.846136,0,0,0,0,0.68,-0.97,0,0
2025/03/31 16:04:00.136,n,11.02354,56.888988,237.50132,240.45714,2.417385,7.657086,7.698361,0.075664,128.3081,9.427666,-0.461281,-0.078712,12.523676,337.72468,370.63732,118.49786,915.57352,866.76808,24.08319,1117.8556,1066.4122,25.731304,0,0,0,0,0.58,-1.22,0,0
2025/03/31 16:05:00.137,n,11.000398,56.785916,232.43636,234.31986,1.449138,7.444816,7.545311,0.068421,126.18946,9.441968,-0.449966,-0.075203,12.505016,338.60472,370.85028,116.37272,913.14624,897.19776,36.73282,1138.8414,1106.3856,42.941824,0,0,0,0,0.7,-1.35,0,0
2025/03/31 16:06:00.139,n,11.003766,56.954468,227.06988,229.29194,1.730246,7.234085,7.363036,0.068954,123.65738,9.185166,-0.434425,-0.075027,12.468852,339.75792,370.67472,114.11282,1007.3168,912.92336,71.227808,1214.1612,1111.2236,70.616568,0,0,0,0,0.61,-1.14,0,0
2025/03/31 16:07:00.141,n,10.944294,57.180104,225.9369,225.91912,0.480885,7.58633,7.357653,0.119355,123.4655,9.542076,-0.427712,-0.076256,12.417272,340.06624,370.29316,113.57196,892.13064,891.7468,34.753416,1103.8218,1092.1526,32.912002,0,0,0,0,0.71,-1.1,0,0
2025/03/31 16:08:00.145,n,10.91285,56.861208,215.72326,219.31182,3.360618,7.023354,7.151792,0.121534,117.8674,8.956346,-0.412712,-0.078537,12.374482,341.13784,369.86464,108.57688,962.03784,931.94024,33.64818,1168.1612,1134.8258,33.013634,0,0,0,0,0.64,-1.2,0,0
2025/03/31 16:09:00.145,n,10.856698,57.248756,245.24644,223.6364,14.65691,9.138358,7.698105,1.062784,140.37116,13.622922,-0.400536,-0.07608,12.351412,342.0694,369.96104,126.42378,948.2732,905.64336,37.61516,1153.631,1107.8358,39.005128,0,0,0,0,0.6,-1.1,0,0
2025/03/31 16:10:00.149,n,10.879842,57.885524,242.56322,260.53116,19.56767,8.784576,10.04281,1.116909,148.60414,13.922006,-0.384834,-0.070641,12.326206,343.2946,370.31108,134.36796,949.72336,927.56736,24.681976,1156.4586,1129.509,26.896098,0,0,0,0,0.67,-0.94,0,0
2025/03/31 16:11:00.150,n,10.878232,58.25886,174.82904,200.06548,26.374646,5.894326,6.998743,1.323129,98.04932,7.456574,-0.377609,-0.069237,12.304162,343.80336,370.31952,90.284368,964.95536,954.04024,40.394308,1192.7218,1162.7468,46.120496,0,0,0,0,0.72,-1.15,0,0
2025/03/31 16:12:00.151,n,10.818708,58.364724,142.43988,161.85118,14.259974,4.694541,5.505421,0.61309,79.178632,5.297699,-0.366852,-0.075027,12.248544,344.44052,369.51188,73.589112,906.23952,919.78888,22.380794,1130.7998,1138.4928,26.353368,0,0,0,0,0.8,-0.94,0,0
2025/03/31 16:13:00.138,n,10.81207,59.313304,123.35724,129.9364,5.411793,3.847001,4.188479,0.224995,65.430932,3.636883,-0.365616,-0.078011,12.202744,344.30616,369.0056,61.506444,976.66872,941.05288,59.85566,1197.8188,1149.839,57.987932,0,0,0,0,0.71,-1.07,0,0
2025/03/31 16:14:00.141,n,10.552548,60.083812,116.2989,118.59458,2.051295,3.705488,3.782397,0.064895,58.73582,2.568016,-0.366852,-0.086258,12.101202,343.66432,367.73828,55.887212,925.63304,914.26584,38.551264,1163.589,1132.8866,35.417512,0,0,0,0,0.73,-1.09,0,0
2025/03/31 16:15:00.142,n,10.357236,60.98074,114.04662,114.79154,0.580948,3.528597,3.629604,0.103909,56.310532,2.111618,-0.363853,-0.088715,12.011642,343.45244,367.0488,53.923776,870.6404,863.20536,12.77889,1074.5884,1073.4962,10.315038,0,0,0,0,0.64,-1.28,0,0
2025/03/31 16:16:00.135,n,10.227966,61.862244,110.54562,112.2786,1.215139,3.317865,3.506037,0.106089,53.882952,1.954304,-0.371277,-0.098389,11.91831,342.31972,365.69912,51.65576,926.62328,895.93312,25.48529,1136.4922,1103.281,25.655408,0,0,0,0,0.64,-1.15,0,0
2025/03/31 16:17:00.135,n,10.096082,62.9558,105.03144,107.84792,2.055101,4.130027,4.182583,0.10202,49.019804,1.226803,-0.360344,-0.092941,11.80577,342.67448,365.59192,47.5256,900.47936,880.7972,11.224972,1103.5126,1072.5492,18.218122,0,0,0,0,0.71,-0.96,0,0
2025/03/31 16:18:00.135,n,9.898132,63.085388,97.255848,100.6236,2.501874,3.599353,3.847001,0.181769,43.690672,0.513603,-0.355591,-0.097687,11.659244,342.31736,364.40216,42.919164,986.49792,964.85416,43.495976,1192.332,1167.8982,49.8989,0,0,0,0,0.8,-1.14,0,0
2025/03/31 16:19:00.135,n,9.744568,64.388368,87.79904,91.740136,2.978045,3.387084,3.488091,0.099206,36.9396,0.057205,-0.32811,-0.082932,11.489562,343.80632,364.82432,36.637216,865.19816,866.74096,10.40673,1065.7152,1062.3088,13.44619,0,0,0,0,0.58,-1.12,0,0
2025/03/31 16:20:00.136,n,9.470304,66.652628,79.793496,83.239672,2.587832,2.928705,3.105852,0.202237,29.36106,-0.256802,-0.273384,-0.094345,11.229974,347.18452,362.4548,29.438822,938.00328,909.056,24.87368,1166.0234,1121.2494,36.668788,0,0,0,0,0.83,-0.97,0,0
2025/03/31 16:21:00.137,n,9.04701,70.13832,70.453952,74.619152,3.083601,2.611838,2.723101,0.122649,21.584362,-0.428417,-0.159729,-0.115074,10.872414,355.15468,358.75228,21.968124,991.77528,997.00808,134.81914,1236.3314,1200.094,106.64614,0,0,0,0,0.61,-1.22,0,0
2025/03/31 16:22:00.135,n,8.609802,74.789976,60.794608,64.576568,2.910984,1.905811,2.07655,0.179088,15.037156,-1.685066,-0.105934,-0.134407,10.56711,358.22432,355.45144,16.750694,1142.0624,1034.5978,76.668112,1511.536,1356.8178,113.45748,0,0,0,0,0.68,-1.21,0,0
2025/03/31 16:23:00.134,n,8.273232,78.621768,53.379928,56.235492,2.188125,1.341298,1.576383,0.160225,11.960856,-1.713669,-0.078545,-0.125793,10.274592,359.08092,354.70368,13.721774,1152.1942,1089.8016,48.558212,1557.6742,1482.2138,60.158128,0,0,0,0,0.68,-1.06,0,0
2025/03/31 16:24:00.135,n,7.99115,79.30004,48.712436,50.483748,1.401799,1.164406,1.258748,0.088563,10.493232,-2.142086,-0.079948,-0.118065,10.014752,357.61948,354.05004,12.673434,1026.5048,1082.827,33.677888,1493.307,1518.7932,24.754796,0,0,0,0,0.74,-1.03,0,0
2025/03/31 16:25:00.135,n,7.886563,80.75692,45.471848,46.644428,0.955964,0.670649,0.888302,0.124924,10.100342,-2.627709,-0.062584,-0.121925,9.786642,357.94848,352.53412,12.787392,1076.9896,1062.3112,22.886676,1542.8608,1526.0898,25.996152,0,0,0,0,0.82,-1.1,0,0
2025/03/31 16:26:00.135,n,7.801846,79.576352,44.42566,44.785044,0.397502,0.741405,0.841387,0.119171,9.654344,-1.670765,-0.071884,-0.116653,9.481126,355.57692,351.43528,11.369878,1035.3842,1051.919,39.78442,1487.5116,1499.4512,38.160192,0,0,0,0,0.78,-1.18,0,0
2025/03/31 16:27:00.136,n,7.692532,81.982216,45.261696,44.785296,0.339174,0.529136,0.56477,0.091903,10.532064,-1.142239,-0.083466,-0.101372,9.279338,353.54296,351.76032,11.692208,1001.2938,1044.3442,60.520244,1448.9574,1468.624,56.605652,0,0,0,0,0.78,-1.13,0,0
2025/03/31 16:28:00.136,n,8.006397,74.827232,48.85254,47.713716,0.845138,1.199784,1.294383,0.053131,12.720366,0.143013,-0.061874,-0.091187,9.095862,354.4742,351.72836,12.606666,983.38168,918.96304,50.989216,1380.9,1318.6246,48.590124,0,0,0,0,0.77,-1.14,0,0
2025/03/31 16:29:00.136,n,7.856983,78.733192,51.988056,50.72842,0.914083,1.236701,1.188761,0.066205,14.671106,0.285404,-0.077843,-0.088203,8.905598,352.12364,351.02412,14.396064,1024.5254,1030.2918,24.732568,1417.4044,1412.1976,29.123872,0,0,0,0,0.78,-1.15,0,0
2025/03/31 16:30:07.053,n,7.616017,81.798088,54.669768,53.5383,0.88565,1.024431,1.047504,0.053339,17.195192,0.2425,-0.083282,-0.082062,8.72845,350.7524,350.66884,16.951472,1071.1636,1058.036,56.78556,1454.647,1441.6636,56.603884,0,0,0,0,0.77,-1.06,0,0
2025/03/31 16:31:00.135,n,7.50298,82.321816,57.21138,56.248188,0.795495,0.84754,0.953418,0.059019,18.763896,0.514225,-0.09523,-0.074867,8.58529,348.9922,350.58116,18.229308,977.52088,1047.4404,112.04196,1350.6182,1430.271,116.8161,0,0,0,0,0.74,-1.08,0,0
2025/03/31 16:32:00.135,n,7.458107,83.369136,59.160608,58.377364,0.606604,0.812162,0.84754,0.031643,20.65753,0.856213,-0.12632,-0.068192,8.44207,345.57696,350.4482,19.743188,1004.102,1039.2148,66.06436,1385.5206,1409.238,68.521528,0,0,0,0,0.79,-1.16,0,0
2025/03/31 16:33:00.135,n,7.485447,83.060712,61.386992,60.493852,0.708487,0.741405,0.712436,0.064526,23.125082,1.327534,-0.135307,-0.056801,8.347386,344.32024,350.98048,21.719042,1055.0292,1029.7292,76.664856,1427.5396,1401.5704,77.826728,0,0,0,0,0.78,-1.18,0,0
2025/03/31 16:34:00.135,n,7.331394,84.8486,64.970224,63.96794,0.765721,1.622785,1.670726,0.079773,24.729188,1.28463,-0.158524,-0.061707,8.237107,341.75424,349.98716,23.347742,1059.3186,1066.9032,49.071376,1455.332,1453.4482,43.155532,0,0,0,0,0.78,-1.02,0,0
2025/03/31 16:35:00.136,n,7.314892,84.5196,67.368688,66.39052,0.74713,1.376676,1.464865,0.073141,26.575428,1.469925,-0.161697,-0.055916,8.136669,340.97244,349.9942,24.999722,1067.9456,1046.0272,66.851324,1567.7994,1533.5454,57.0859,0,0,0,0,0.82,-1.12,0,0
2025/03/31 16:36:00.135,n,7.255173,86.175648,69.506744,68.629344,0.63799,1.305919,1.311816,0.047023,28.130994,1.569412,-0.168373,-0.053635,8.03731,339.89384,349.69568,26.446844,1134.744,1071.7152,38.466868,1530.6416,1484.6938,26.619542,0,0,0,0,0.77,-1.16,0,0
2025/03/31 16:37:00.136,n,7.303219,83.572968,71.634144,70.75116,0.652818,1.164406,1.206194,0.041278,29.176606,2.254631,-0.139526,-0.051537,7.941204,341.9048,349.39756,26.833984,1050.954,982.9172,66.255568,1458.2716,1369.9772,73.65732,0,0,0,0,0.76,-1.14,0,0
2025/03/31 16:38:00.138,n,7.149121,85.449288,74.110272,72.965616,0.787847,0.989053,1.088522,0.081227,30.757302,2.054413,-0.153778,-0.054344,7.852825,340.22696,348.70324,28.603454,1147.2546,1084.2178,66.599548,1538.1904,1475.9184,67.597336,0,0,0,0,0.77,-1.15,0,0
2025/03/31 16:39:00.139,n,7.187226,86.115688,77.352392,75.865352,1.100426,0.741405,0.870613,0.072534,33.393886,2.854042,-0.162415,-0.046631,7.812433,339.27672,349.18508,30.42406,1228.4784,1022.1558,126.3974,1631.3174,1400.5014,136.68358,0,0,0,0,0.78,-1.07,0,0
2025/03/31 16:40:00.136,n,7.097725,86.471056,82.368608,80.777,1.1898,2.013485,2.04835,0.062947,35.715244,2.654446,-0.14605,-0.046974,7.746075,340.3586,348.82084,32.961724,1097.7774,1075.1998,57.268664,1497.092,1462.5308,62.104752,0,0,0,0,0.79,-1.1,0,0
2025/03/31 16:41:00.136,n,7.009785,87.728232,85.849808,84.335088,1.123263,1.871971,1.942472,0.083593,38.008052,2.654446,-0.155548,-0.045578,7.6764,339.18684,348.59476,35.243636,1070.0958,1112.1788,69.126696,1469.5028,1504.0404,72.037488,0,0,0,0,0.78,-1.07,0,0
2025/03/31 16:42:00.135,n,6.941815,86.844832,89.643192,88.11756,1.171271,1.836593,1.84249,0.056674,40.520716,2.882645,-0.158012,-0.041718,7.626644,338.72392,348.68784,37.52178,1049.2628,1001.871,93.030104,1447.2074,1393.7324,87.878328,0,0,0,0,0.77,-1.13,0,0
2025/03/31 16:43:00.135,n,6.965008,87.04952,92.704088,91.7876,0.87366,1.624324,1.700976,0.052079,42.406928,3.19603,-0.17086,-0.041016,7.564646,337.30128,348.43892,39.081056,1166.187,1068.5332,74.951992,1554.7942,1452.412,79.070856,0,0,0,0,0.78,-1.16,0,0
2025/03/31 16:44:00.135,n,6.932522,87.710624,92.981248,92.92364,0.039528,1.553567,1.618427,0.034783,43.615292,3.43853,-0.178627,-0.035583,7.546939,336.5406,348.8326,40.03372,1139.7002,1085.8672,44.223296,1539.1604,1477.7062,45.466472,0,0,0,0,0.8,-1.15,0,0
2025/03/31 16:45:00.136,n,6.877785,88.844952,94.405096,94.057128,0.218303,2.541082,2.565436,0.05721,44.64206,3.552319,-0.191895,-0.037338,7.49491,335.13198,348.4158,40.935184,1308.449,1108.3948,114.24754,1712.9824,1497.9526,119.45376,0,0,0,0,0.79,-1.19,0,0
2025/03/31 16:46:00.138,n,6.891064,87.9428,96.873608,95.633,0.81968,2.259594,2.400851,0.120132,46.447176,3.652428,-0.209969,-0.03611,7.457255,333.3797,348.33612,42.620892,1121.4138,1114.0206,14.76821,1524.1036,1511.506,13.82751,0,0,0,0,0.81,-1.19,0,0
2025/03/31 16:47:00.140,n,6.856251,88.36776,101.18172,99.3868,1.34513,2.259594,2.306765,0.042835,49.00496,3.595223,-0.236839,-0.033829,7.422947,330.88342,348.36688,45.206728,1093.1722,1121.5558,54.507796,1491.7026,1511.8154,52.155536,0,0,0,0,0.79,-1.2,0,0
2025/03/31 16:48:00.142,n,6.871144,88.145248,104.96596,103.45558,1.160213,2.118081,2.182941,0.093377,51.334884,3.894928,-0.268127,-0.035408,7.38526,327.9881,348.03788,47.207236,1153.2416,1103.1412,64.580956,1552.3916,1496.583,70.155544,0,0,0,0,0.79,-1.17,0,0
2025/03/31 16:49:00.135,n,6.857861,88.398856,107.77864,106.79436,0.773587,1.976568,2.082703,0.083716,53.31132,4.166031,-0.300148,-0.029449,7.356482,325.0741,348.42296,48.874592,1063.2742,1132.0564,65.563712,1459.2164,1523.3932,61.388924,0,0,0,0,0.78,-1.15,0,0
2025/03/31 16:50:00.135,n,6.907227,90.250744,108.7837,108.51798,0.295804,1.976568,1.970672,0.041358,54.2747,4.351948,-0.328331,-0.028397,7.3677,322.6923,348.57268,49.622816,1240.7616,1186.1716,46.212552,1642.6842,1586.7886,50.008,0,0,0,0,0.78,-1.11,0,0
2025/03/31 16:51:00.135,n,6.864113,89.267584,109.41264,109.71948,0.230489,2.648755,2.737457,0.079825,54.0537,4.323345,-0.357773,-0.027168,7.343329,320.0234,348.55972,49.399748,1168.4404,1133.3406,27.582604,1584.0504,1533.6836,33.29264,0,0,0,0,0.78,-1.16,0,0
2025/03/31 16:52:00.137,n,6.822609,90.180816,109.48268,109.3837,0.068465,2.50878,2.643371,0.081738,53.781304,4.081467,-0.388992,-0.028923,7.32008,317.20636,348.28748,49.339768,1083.104,1210.7458,108.74834,1496.1334,1633.4486,115.79638,0,0,0,0,0.76,-1.21,0,0
2025/03/31 16:53:00.137,n,6.887356,90.036288,111.98014,110.80094,0.838526,2.50878,2.525956,0.061954,55.197532,4.409153,-0.415474,-0.027863,7.293513,314.78274,348.24884,50.400768,1243.2896,1195.928,83.493712,1659.9824,1601.743,86.500872,0,0,0,0,0.81,-1.17,0,0
2025/03/31 16:54:00.136,n,6.839211,91.130136,116.48772,114.4654,1.458274,2.471864,2.467249,0.03473,57.71648,4.452057,-0.440208,-0.028923,7.280182,312.57638,348.08796,52.853136,1264.3888,1258.894,45.878096,1691.2402,1681.7992,47.68228,0,0,0,0,0.78,-1.24,0,0
2025/03/31 16:55:00.139,n,6.839211,90.59068,121.26942,119.35828,1.450216,2.471864,2.437511,0.030956,60.881296,4.894154,-0.469048,-0.028397,7.25916,309.9765,348.02956,55.546488,1301.9946,1168.7304,81.859632,1705.2818,1570.432,78.263656,0,0,0,0,0.81,-1.16,0,0
2025/03/31 16:56:00.142,n,6.855862,90.829456,125.21662,123.65292,1.159876,2.402645,2.4552,0.03682,63.368836,5.164635,-0.504662,-0.024185,7.240318,306.80158,348.3094,57.723724,1202.9712,1196.9482,60.42516,1610.2236,1611.4146,62.243072,0,0,0,0,0.8,-1.16,0,0
2025/03/31 16:57:00.144,n,6.917057,91.218176,127.76584,126.75038,0.806226,2.296511,2.402645,0.070767,65.701044,5.906437,-0.528671,-0.019989,7.268151,304.86376,348.82124,59.285924,1195.0938,1244.014,37.704112,1623.7422,1666.506,43.886216,0,0,0,0,0.8,-1.21,0,0
2025/03/31 16:58:00.135,n,7.013348,90.447672,129.78208,129.5567,0.303624,3.425538,3.425795,0.06295,67.12412,6.347912,-0.557274,-0.020157,7.257079,302.3341,348.75096,60.239092,1235.1252,1229.2828,40.671856,1653.3326,1646.484,40.254192,0,0,0,0,0.79,-1.2,0,0
2025/03/31 16:59:00.135,n,7.008316,90.60128,129.9907,130.08918,0.068465,3.39016,3.414002,0.036077,67.421648,6.43372,-0.576004,-0.02121,7.250413,300.68058,348.62416,60.433132,1331.651,1291.8236,77.379584,1796.522,1727.2744,93.885032,0,0,0,0,0.79,-1.18,0,0
2025/03/31 17:00:07.037,n,7.038201,90.127648,128.88056,129.39528,0.385276,3.108672,3.226087,0.091197,66.981932,6.518906,-0.585724,-0.016129,7.232708,299.75112,348.9868,59.893432,1240.1618,1220.1054,47.097772,1669.28,1656.6142,47.726304,0,0,0,0,0.78,-1.09,0,0
2025/03/31 17:01:00.135,n,7.013348,91.165488,126.19122,127.32878,0.807194,2.931781,3.066629,0.072128,65.365256,6.205521,-0.597572,-0.020859,7.232708,298.72616,348.56668,58.583024,1323.6496,1322.4684,11.471704,1772.6016,1772.5716,9.444576,0,0,0,0,0.78,-1.13,0,0
2025/03/31 17:02:00.138,n,6.956902,91.603528,124.25266,125.0547,0.595556,2.790268,2.889994,0.081378,63.914768,5.877835,-0.606949,-0.020508,7.229408,297.89856,348.5814,57.450492,1331.5642,1294.5084,72.63608,1792.1524,1750.913,76.51144,0,0,0,0,0.78,-1.13,0,0
2025/03/31 17:03:00.141,n,6.96188,91.812216,122.48618,123.2712,0.575543,2.790268,2.825646,0.059203,62.956528,5.820629,-0.616509,-0.020157,7.225002,297.04968,348.5906,56.539548,1416.8274,1316.8766,52.092224,1872.7598,1771.8594,53.81078,0,0,0,0,0.78,-1.16,0,0
2025/03/31 17:04:00.141,n,6.94196,92.10968,119.36894,120.8004,1.036068,2.613377,2.636962,0.099222,61.25934,5.635334,-0.62429,-0.020683,7.225002,296.3765,348.54384,55.020396,1333.6872,1319.3316,52.706736,1781.0694,1761.3746,53.2879,0,0,0,0,0.79,-1.16,0,0
2025/03/31 17:05:00.145,n,6.983464,91.502944,115.24358,116.9192,1.316957,2.438024,2.419309,0.072922,59.145272,5.59243,-0.633316,-0.021034,7.217166,295.55648,348.47344,52.94056,1410.6994,1326.8088,71.513632,1860.7886,1770.9008,76.702016,0,0,0,0,0.78,-1.17,0,0
2025/03/31 17:06:00.146,n,7.058888,92.345112,112.95628,113.81692,0.657885,2.190376,2.231394,0.103148,58.328656,5.849854,-0.636337,-0.01963,7.255224,295.48542,348.7884,51.862096,1388.7668,1370.2836,34.85972,1849.4576,1824.4424,40.383164,0,0,0,0,0.79,-1.13,0,0
2025/03/31 17:07:00.135,n,7.057228,91.982232,112.22836,113.02048,0.578252,3.108672,3.197118,0.073376,57.432664,5.807572,-0.637405,-0.017883,7.256315,295.3985,348.94904,51.005568,1288.6836,1320.1256,70.12132,1721.9804,1764.7428,79.74208,0,0,0,0,0.79,-1.17,0,0
2025/03/31 17:08:00.135,n,7.07378,91.536864,110.63242,111.25704,0.464354,3.073294,3.061501,0.082721,56.640604,5.907059,-0.639351,-0.018227,7.25742,295.23574,348.92408,50.11242,1375.2574,1355.5006,56.586216,1820.21,1788.5634,61.559728,0,0,0,0,0.8,-1.19,0,0
2025/03/31 17:09:00.136,n,7.078808,91.934136,109.5573,109.91544,0.313748,2.861025,2.967159,0.089495,55.835408,5.650257,-0.643951,-0.019279,7.256315,294.83224,348.82504,49.56048,1487.4464,1416.6212,36.872752,1947.189,1862.3594,42.811216,0,0,0,0,0.77,-1.16,0,0
2025/03/31 17:10:00.138,n,7.043896,92.636328,108.82788,108.99006,0.197642,2.825646,2.855641,0.051947,55.419676,5.550148,-0.64679,-0.019455,7.262981,294.62,348.84276,49.242196,1449.7008,1406.0498,26.381812,1897.04,1857.9522,26.735744,0,0,0,0,0.79,-1.16,0,0
2025/03/31 17:11:00.139,n,7.020703,92.913384,107.37052,108.06468,0.533268,2.791806,2.825902,0.089388,54.70528,5.493565,-0.651924,-0.021736,7.262981,294.17584,348.64012,48.581528,1406.019,1415.9008,31.422922,1864.6802,1870.4824,31.387896,0,0,0,0,0.79,-1.21,0,0
2025/03/31 17:12:00.141,n,7.032326,92.814408,105.4959,106.18398,0.580948,2.685671,2.679262,0.034993,53.729908,5.379154,-0.652809,-0.020859,7.260753,294.08814,348.70692,47.718804,1519.7256,1435.018,53.069768,1972.0034,1883.8004,58.706048,0,0,0,0,0.8,-1.15,0,0
2025/03/31 17:13:00.143,n,7.07544,92.627056,102.6817,103.8982,0.910872,2.544158,2.555695,0.072828,52.313112,5.364853,-0.646965,-0.021561,7.262981,294.60482,348.65572,46.322852,1460.9078,1404.738,70.290824,1926.0352,1855.1312,80.927128,0,0,0,0,0.78,-1.11,0,0
2025/03/31 17:14:00.146,n,7.055519,92.735408,100.3198,101.15406,0.702117,2.190376,2.337785,0.078849,50.673596,5.108673,-0.625366,-0.020332,7.260753,296.4621,348.75368,44.959888,1501.0748,1425.1484,42.544096,1970.419,1887.8338,47.027652,0,0,0,0,0.78,-1.13,0,0
2025/03/31 17:15:00.149,n,7.035645,92.82056,101.11928,100.56344,0.323555,2.190376,2.284718,0.069563,51.024796,4.951359,-0.583435,-0.02121,7.266282,300.11712,348.70352,45.511212,1440.8824,1437.568,23.285188,1912.246,1904.28,24.256958,0,0,0,0,0.78,-1.16,0,0
2025/03/31 17:16:00.135,n,7.025685,93.327736,103.06546,102.21928,0.61935,2.225754,2.237547,0.053271,52.676876,5.108673,-0.541565,-0.022087,7.27293,303.77218,348.65872,47.048724,1412.7554,1466.5212,36.60328,1881.3784,1944.1552,42.680208,0,0,0,0,0.78,-1.16,0,0
2025/03/31 17:17:00.227,n,7.037304,92.911864,103.93348,103.49314,0.290474,2.225754,2.196272,0.034807,54.146212,5.351174,-0.508904,-0.021912,7.279563,306.63086,348.7076,48.308048,1479.816,1441.5852,29.949958,2379.5708,1977.1524,198.29978,0,0,0,0,0.78,-1.15,0,0
2025/03/31 17:18:00.139,n,7.057228,93.188624,103.27256,103.75962,0.279509,2.225754,2.154997,0.059203,54.718416,5.450661,-0.479095,-0.019455,7.287368,309.24832,348.96468,48.808112,1504.6998,1671.0332,173.0838,1979.6928,2054.8792,72.257872,0,0,0,0,0.78,-1.13,0,0
2025/03/31 17:19:00.140,n,7.120125,93.032432,100.45838,101.74998,0.900521,2.084241,2.090137,0.056678,53.873816,5.736065,-0.445984,-0.015251,7.337394,312.36306,349.58844,47.70702,1515.6304,1495.82,39.150988,2007.6558,1978.166,40.1995,0,0,0,0,0.8,-1.14,0,0
2025/03/31 17:20:00.143,n,7.095272,93.634968,98.862432,99.858368,0.810575,2.861025,2.896403,0.05917,52.781948,5.55077,-0.408463,-0.015602,7.351767,315.68078,349.6292,46.838316,1527.165,1521.897,25.643712,2040.0708,2030.6826,33.424542,0,0,0,0,0.78,-1.14,0,0
2025/03/31 17:21:00.145,n,7.096932,93.712168,96.637576,97.726648,0.737924,2.685671,2.755146,0.073915,52.131512,5.450661,-0.363808,-0.010696,7.367277,319.62124,350.14248,46.32774,1370.4922,1492.0004,68.284696,1869.1254,1997.346,74.021624,0,0,0,0,0.76,-1.11,0,0
2025/03/31 17:22:00.148,n,7.226277,92.671784,91.767544,94.196984,1.637691,2.54262,2.613633,0.124759,49.944924,5.450661,-0.34124,-0.015602,7.381716,321.64578,349.77912,44.168624,1554.936,1492.0196,40.231828,2058.6806,1982.914,46.38534,0,0,0,0,0.8,-1.15,0,0
2025/03/31 17:23:00.148,n,7.209675,93.027744,84.352856,87.266296,2.289241,2.261132,2.37906,0.073079,45.415272,4.780987,-0.329247,-0.015434,7.400559,322.77752,349.88828,40.320472,1464.9492,1527.5118,58.487608,1964.8858,2027.9522,65.598776,0,0,0,0,0.76,-1.03,0,0
2025/03/31 17:24:00.152,n,7.236237,92.473544,79.126496,81.2346,1.624038,2.013485,2.137308,0.06228,42.646204,4.581391,-0.316032,-0.012627,7.414964,323.99292,350.20992,37.761404,1566.5846,1517.7084,68.88396,2045.8702,2010.8404,78.48312,0,0,0,0,0.75,-1.11,0,0
2025/03/31 17:25:00.137,n,7.360604,91.27364,76.128032,77.284872,0.918559,2.013485,2.013485,0.038744,41.292788,4.667198,-0.306,-0.01368,7.439369,324.98294,350.2386,36.333272,1567.5972,1509.4594,51.023524,2088.6832,2018.0224,58.767336,0,0,0,0,0.79,-1.23,0,0
2025/03/31 17:26:00.137,n,7.360604,91.2752,75.066616,75.443016,0.302335,2.013485,1.978106,0.050032,40.655488,4.524185,-0.296135,-0.01368,7.45927,325.936,350.33828,35.848848,1551.0444,1560.4912,31.676488,2069.8658,2094.663,34.356948,0,0,0,0,0.8,-1.14,0,0
2025/03/31 17:27:00.141,n,7.385456,91.332528,74.163576,74.522704,0.276699,1.90735,1.877868,0.034769,40.173512,4.46698,-0.316742,-0.015953,7.474781,324.23126,350.21424,35.405744,1610.5826,1595.8806,35.535896,2120.08,2109.7842,34.420924,0,0,0,0,0.78,-1.16,0,0
2025/03/31 17:28:00.144,n,7.367195,91.462552,72.738208,73.369664,0.518034,1.801215,1.760197,0.075483,39.145032,4.33889,-0.339645,-0.017357,7.499154,322.37208,350.2116,34.483852,1690.191,1581.2954,71.466072,2222.1186,2091.7822,81.32404,0,0,0,0,0.78,-1.15,0,0
2025/03/31 17:29:00.143,n,7.344002,91.702304,71.765112,72.240232,0.339462,1.588945,1.648935,0.053339,38.48032,4.253083,-0.352341,-0.016479,7.509122,321.32392,350.3396,33.891376,1609.0518,1566.0036,42.140244,2135.087,2103.6216,44.515168,0,0,0,0,0.78,-1.14,0,0
2025/03/31 17:30:07.047,n,7.370564,91.267488,70.82704,71.145568,0.284358,1.69508,1.68944,0.02712,37.789904,4.310288,-0.354813,-0.01841,7.532404,321.2268,350.28488,33.143216,1555.9248,1557.318,61.502844,2088.9092,2068.3528,58.991524,0,0,0,0,0.78,-1.16,0,0
2025/03/31 17:31:00.149,n,7.443463,90.976184,70.30624,70.4674,0.168866,1.519727,1.595611,0.051978,37.659708,4.396096,-0.352699,-0.018585,7.53681,321.43168,350.2914,32.929496,1544.8188,1594.0372,41.930896,2065.2134,2122.491,42.43112,0,0,0,0,0.78,-1.08,0,0
2025/03/31 17:32:00.150,n,7.433502,91.448592,70.47832,70.369176,0.090571,1.519727,1.577922,0.043111,37.594604,4.310288,-0.350052,-0.019638,7.558955,321.77178,350.309,32.953904,1573.0138,1599.7774,34.899856,2091.0958,2122.8274,31.786788,0,0,0,0,0.78,-1.13,0,0
2025/03/31 17:33:00.153,n,7.484921,91.052112,70.54836,70.420952,0.079057,1.484349,1.519214,0.063466,37.946376,4.396096,-0.346703,-0.018936,7.572256,322.1283,350.43808,33.222516,1725.8564,1579.5404,78.193352,2255.3974,2093.2596,86.408336,0,0,0,0,0.82,-1.1,0,0
2025/03/31 17:34:00.138,n,7.455036,91.04288,70.757,70.670448,0.059293,1.553567,1.548183,0.025963,38.494024,4.652275,-0.344231,-0.015953,7.578858,322.37522,350.73612,33.51347,1657.583,1565.5796,58.942344,2174.4444,2088.522,60.850636,0,0,0,0,0.78,-1.13,0,0
2025/03/31 17:35:00.135,n,7.524666,90.787072,69.818928,70.299888,0.346861,1.484349,1.542543,0.052444,38.20678,4.581391,-0.343704,-0.020164,7.597702,322.51522,350.45656,33.30185,1603.6514,1564.943,58.84046,2140.6084,2087.0618,62.696092,0,0,0,0,0.76,-1.16,0,0
2025/03/31 17:36:00.135,n,7.489849,91.717784,68.28848,68.99,0.484123,1.413592,1.436921,0.057713,37.542636,4.495583,-0.339645,-0.017181,7.608808,322.92212,350.77724,32.72459,1626.9576,1614.893,48.963252,2180.5126,2166.7186,53.661904,0,0,0,0,0.79,-1.19,0,0
2025/03/31 17:37:00.135,n,7.61744,89.823984,66.5159,67.268688,0.552339,1.413592,1.448714,0.044758,36.877352,4.552788,-0.334358,-0.014725,7.61988,323.43508,351.05104,32.004932,1637.9492,1505.3916,68.139568,2136.1846,2019.1014,65.98182,0,0,0,0,0.78,-1.08,0,0
2025/03/31 17:38:00.135,n,7.622418,90.223544,64.948904,65.622,0.560064,1.272079,1.330787,0.06952,35.730664,4.353192,-0.332603,-0.020683,7.632059,323.64802,350.58296,31.065552,1589.958,1588.1286,32.115418,2123.9594,2111.5694,33.710532,0,0,0,0,0.79,-1.15,0,0
2025/03/31 17:39:00.135,n,7.607479,89.674568,63.557028,64.178344,0.489339,1.201323,1.242597,0.093378,35.338916,4.509884,-0.322022,-0.01368,7.646432,324.63552,351.27712,30.52069,1544.0538,1555.8438,49.16706,2074.3594,2085.4048,46.972332,0,0,0,0,0.8,-1.28,0,0
2025/03/31 17:40:00.136,n,7.632382,89.556256,61.782928,62.53064,0.577914,1.236701,1.177737,0.091346,34.504596,4.381794,-0.316391,-0.015434,7.656368,325.17258,351.17128,29.821846,1577.522,1593.2516,36.905284,2113.6674,2119.3934,35.877572,0,0,0,0,0.77,-0.81,0,0
2025/03/31 17:41:00.135,n,7.660504,88.74908,59.379896,60.436232,0.800146,1.05981,1.106981,0.048335,33.172886,4.196499,-0.307579,-0.015778,7.670807,326.00738,351.21328,28.684586,1554.332,1569.1088,72.40856,2070.8232,2094.5848,75.254232,0,0,0,0,0.78,-1.2,0,0
2025/03/31 17:42:00.137,n,7.703671,88.618512,55.932196,57.371784,1.069828,0.84754,0.983157,0.075604,31.880004,4.481903,-0.296135,-0.009636,7.708465,327.1865,351.94788,27.111602,1577.3008,1564.7838,28.160256,2165.1762,2121.2442,37.773008,0,0,0,0,0.69,-1.44,0,0
2025/03/31 17:43:00.135,n,7.758259,87.222128,52.93526,54.492368,1.16676,1.590483,1.695849,0.054218,30.168538,4.539109,-0.286629,-0.011566,7.71066,328.0199,351.78752,25.354366,1614.9366,1556.6946,37.499332,2230.9722,2167.5792,38.641944,0,0,0,0,0.74,-1.15,0,0
2025/03/31 17:44:00.135,n,7.817879,86.4856,49.309392,50.786284,1.139404,1.590483,1.696618,0.077507,28.202378,4.42532,-0.274834,-0.009636,7.723929,329.10694,352.02564,23.51186,1536.4316,1546.8574,36.144156,2182.8414,2194.4122,38.026308,0,0,0,0,0.81,-1.1,0,0
2025/03/31 17:45:00.135,n,7.812947,86.864264,45.890624,47.28656,1.075836,1.519727,1.578691,0.076427,26.651948,4.453301,-0.270966,-0.013496,7.73061,329.4751,351.71636,21.94118,1522.7784,1552.005,55.826516,2178.1592,2208.1902,53.579844,0,0,0,0,0.75,-1.49,0,0
2025/03/31 17:46:00.135,n,7.903912,85.360896,43.379472,44.472868,0.800146,1.44897,1.53152,0.079635,25.517252,4.610615,-0.272545,-0.015076,7.738368,329.3775,351.61512,20.649168,1562.4062,1509.547,45.314456,2238.8082,2175.457,51.338096,0,0,0,0,0.81,-1.02,0,0
2025/03/31 17:47:00.135,n,7.864022,85.14336,41.599276,42.314244,0.588463,1.484349,1.44897,0.067128,24.48706,4.481903,-0.265862,-0.009285,7.740546,329.9665,352.14024,19.74858,1495.8214,1527.0848,42.03094,2149.0854,2196.1242,53.332916,0,0,0,0,0.73,-0.83,0,0
2025/03/31 17:48:00.135,n,7.905575,84.924128,40.481516,40.848016,0.29745,1.378214,1.425385,0.057769,23.912572,4.438999,-0.270264,-0.014374,7.739408,329.58002,351.6826,19.217684,1536.8784,1507.543,38.750484,2186.0884,2161.0242,42.194788,0,0,0,0,0.73,-0.9,0,0
2025/03/31 17:49:00.136,n,7.83775,85.523544,39.714008,40.039388,0.220528,1.307458,1.354629,0.104148,23.495128,4.368115,-0.273605,-0.014549,7.748286,329.33558,351.71172,18.867958,1514.6314,1486.316,22.737634,2140.3222,2113.9436,27.509998,0,0,0,0,0.79,-1.27,0,0
2025/03/31 17:50:00.137,n,7.740093,86.21856,39.260204,39.451828,0.177328,1.342836,1.348732,0.041361,22.94691,3.925396,-0.277123,-0.016655,7.742774,329.00358,351.49692,18.761048,1499.1978,1505.4688,18.793616,2141.4052,2133.7584,19.939908,0,0,0,0,0.8,-1.2,0,0
2025/03/31 17:51:00.140,n,7.692047,87.219,38.876448,38.962996,0.157495,1.272079,1.301561,0.056681,22.29419,3.46962,-0.280815,-0.021561,7.745017,328.69552,351.07264,18.565316,1521.857,1503.2944,40.671856,2164.6806,2139.3542,40.019996,0,0,0,0,0.77,-1.16,0,0
2025/03/31 17:52:00.135,n,7.698639,85.984432,38.734824,38.711732,0.036976,1.167483,1.272592,0.088773,22.333022,3.540505,-0.290672,-0.018227,7.738368,327.80938,351.33528,18.520072,1483.485,1467.1084,17.680498,2100.5864,2093.821,19.68756,0,0,0,0,0.76,-1.1,0,0
2025/03/31 17:53:00.135,n,7.693707,86.582624,38.594724,38.618836,0.069877,1.167483,1.249006,0.068839,22.150282,3.383812,-0.300011,-0.022789,7.731701,326.96792,350.89644,18.489248,1502.5708,1482.5494,19.152024,2145.2978,2109.3116,27.89265,0,0,0,0,0.82,-1.24,0,0
2025/03/31 17:54:00.135,n,7.665585,85.77828,38.526196,38.630764,0.060917,1.130566,1.160048,0.047025,22.528894,3.669216,-0.310043,-0.020508,7.713994,326.0111,351.01012,18.570142,1481.583,1460.8578,21.610184,2095.0494,2083.4432,20.34699,0,0,0,0,0.8,-1.27,0,0
2025/03/31 17:55:00.135,n,7.604256,85.90792,38.245996,38.490916,0.15052,1.061348,1.148768,0.065862,21.810502,3.184216,-0.318855,-0.025772,7.719538,325.27676,350.57052,18.333202,1493.4224,1461.6018,31.603798,2093.3686,2076.7556,23.16031,0,0,0,0,0.79,-1.15,0,0
2025/03/31 17:56:00.135,n,7.645661,85.328032,38.035844,38.118332,0.121031,1.130566,1.12467,0.014442,21.640896,3.326607,-0.328545,-0.018753,7.71287,324.40502,351.16032,18.004498,1466.191,1458.1128,20.474374,2077.3516,2071.1158,16.346252,0,0,0,0,0.77,-1.1,0,0
2025/03/31 17:57:00.135,n,7.642391,84.627888,37.30336,37.6762,0.227074,1.167483,1.149281,0.04855,21.31425,3.397492,-0.338242,-0.02034,7.697391,323.48844,350.9416,17.598856,1431.9132,1448.7046,29.455052,2032.3134,2067.6032,34.502176,0,0,0,0,0.76,-1.07,0,0
2025/03/31 17:58:00.137,n,7.609234,85.568856,36.639404,37.000824,0.240848,1.061348,1.043146,0.030335,20.360578,2.955395,-0.357636,-0.026474,7.688514,321.76614,350.35224,17.074022,1509.645,1468.2804,25.055936,2114.4438,2079.7452,23.571168,0,0,0,0,0.78,-1.19,0,0
2025/03/31 17:59:00.138,n,7.533016,85.85328,35.76682,36.156916,0.302496,0.989053,1.01956,0.078526,19.432606,2.627087,-0.369102,-0.024368,7.674172,320.70214,350.4672,16.460786,1450.13,1450.6586,23.59661,2051.7368,2056.0362,27.813666,0,0,0,0,0.76,-1.15,0,0
2025/03/31 18:00:07.036,n,7.619198,84.800304,34.612512,35.10794,0.395038,0.955213,0.949317,0.068661,18.713642,2.898811,-0.389046,-0.024193,7.656432,318.8879,350.39372,15.449978,1419.3316,1429.2282,26.340084,2014.0356,2019.7884,28.663566,0,0,0,0,0.67,-0.98,0,0
2025/03/31 18:01:00.135,n,7.668854,83.82716,32.760746,33.553128,0.540815,0.989053,0.930858,0.076001,17.719426,3.041203,-0.405998,-0.022095,7.63762,317.32702,350.48568,14.29432,1441.752,1436.0044,6.033242,2040.6548,2026.6592,9.165152,0,0,0,0,0.81,-1.38,0,0
2025/03/31 18:02:00.135,n,7.582772,84.65772,30.94248,31.700342,0.609816,0.707565,0.842926,0.090158,16.018238,2.684292,-0.424019,-0.021736,7.619913,315.67914,350.42848,12.931664,1755.2016,1726.2262,358.41932,2198.0424,2299.54,292.04178,0,0,0,0,0.74,-0.96,0,0
2025/03/31 18:03:00.135,n,7.582772,85.237312,29.019138,29.85289,0.593997,0.849078,0.795498,0.053863,15.219324,2.955395,-0.436111,-0.02314,7.597768,314.52198,350.19276,11.850958,1481.0904,1530.3052,49.606452,2054.1216,2082.716,22.512218,0,0,0,0,0.82,-1.06,0,0
2025/03/31 18:04:00.135,n,7.50816,85.01812,27.374478,28.103918,0.515388,0.742943,0.724998,0.042956,14.001824,2.813004,-0.450554,-0.027527,7.574517,313.15598,349.68648,10.765794,1444.5382,1433.1178,10.430724,2035.4018,2019.4534,15.270888,0,0,0,0,0.8,-1.12,0,0
2025/03/31 18:05:00.135,n,7.504841,85.0776,26.256718,26.739708,0.370942,0.672187,0.701669,0.034783,13.346818,2.898811,-0.453903,-0.028404,7.562353,312.80518,349.54748,10.022508,1440.7324,1421.275,15.836666,2029.0176,2003.9534,17.41264,0,0,0,0,0.77,-1.07,0,0
2025/03/31 18:06:00.135,n,7.499859,85.496976,25.100886,25.649106,0.349386,0.636809,0.630912,0.034785,12.65241,2.698593,-0.452492,-0.026649,7.540175,312.81598,349.59204,9.527974,1445.5748,1423.9474,19.219782,2032.7968,2009.9726,20.425474,0,0,0,0,0.78,-1.13,0,0
2025/03/31 18:07:00.138,n,7.344097,86.58424,24.365356,24.73388,0.264427,0.60143,0.571949,0.041358,12.258948,2.599106,-0.439812,-0.02121,7.527998,313.85178,350.01404,9.241242,1435.8726,1430.8004,10.853572,2009.1006,2012.5392,4.289522,0,0,0,0,0.79,-1.17,0,0
2025/03/31 18:08:00.140,n,7.390484,85.784528,23.351148,23.706986,0.335701,0.495296,0.512216,0.018536,12.04937,2.755798,-0.431084,-0.026649,7.512487,314.52906,349.4532,8.889138,1425.0172,1414.4628,13.42386,1994.483,1994.1972,13.326666,0,0,0,0,0.79,-1.19,0,0
2025/03/31 18:09:00.142,n,7.367291,86.421296,21.90141,22.517396,0.47501,0.459917,0.448125,0.065871,11.44633,2.698593,-0.42614,-0.029633,7.496958,314.87884,349.1104,8.35123,1425.1456,1433.2832,24.240462,1995.3638,2005.2662,27.93564,0,0,0,0,0.76,-1.07,0,0
2025/03/31 18:10:00.135,n,7.40704,84.953864,20.471468,21.069942,0.437667,0.318404,0.371472,0.037105,10.921526,2.783779,-0.415535,-0.019814,7.48148,315.71866,349.90488,7.742026,1408.375,1396.8636,8.988882,1984.543,1978.045,6.69328,0,0,0,0,0.78,-1.09,0,0
2025/03/31 18:11:00.135,n,7.413677,85.288872,19.35523,19.825786,0.421528,0.389161,0.353783,0.08372,10.213412,2.656311,-0.41465,-0.023842,7.460441,315.68982,349.44172,7.166292,1407.1354,1406.5284,10.871984,1995.019,1997.4772,12.441866,0,0,0,0,0.71,-1.24,0,0
2025/03/31 18:12:00.135,n,7.435261,85.492296,18.412596,18.773508,0.286922,0.389161,0.324301,0.041359,9.6098,2.42749,-0.417122,-0.026825,7.452637,315.43682,349.13764,6.792013,1410.4546,1397.4612,20.07984,1976.584,1980.5684,14.57395,0,0,0,0,0.76,-1.08,0,0
2025/03/31 18:13:00.135,n,7.504841,84.48048,17.296358,17.778588,0.327343,0.176891,0.265337,0.053654,9.530994,2.741497,-0.419418,-0.024017,7.432719,315.13836,349.28716,6.394097,1394.1324,1387.1246,9,1968.4556,1945.6598,18.4716,0,0,0,0,0.81,-1.19,0,0
2025/03/31 18:14:00.136,n,7.460114,85.016512,16.458798,16.842552,0.281207,0.21227,0.259441,0.028886,8.664696,2.441792,-0.420662,-0.027,7.41942,314.96424,348.95568,5.829243,1410.0416,1388.9068,17.595454,1974.2426,1954.4834,14.751272,0,0,0,0,0.78,-1.15,0,0
2025/03/31 18:15:00.137,n,7.387215,85.137072,15.586214,15.876822,0.273638,0.247648,0.188684,0.073077,8.107912,2.341683,-0.41536,-0.022438,7.402851,315.33996,349.27788,5.373308,1412.4474,1396.9274,10.788884,1972.4146,1954.3496,12.149074,0,0,0,0,0.78,-1.05,0,0
2025/03/31 18:16:00.140,n,7.461773,84.24976,14.573528,15.009822,0.343039,0.176891,0.153306,0.053264,7.584821,2.227894,-0.407585,-0.021736,7.389504,315.94552,349.27328,4.971079,1412.4332,1382.2726,21.076054,1972.0668,1945.212,20.425474,0,0,0,0,0.76,-1.18,0,0
2025/03/31 18:17:00.142,n,7.340729,85.027496,13.770996,14.11414,0.245715,0,0.076653,0.052075,6.957227,1.94249,-0.397339,-0.022964,7.377309,316.7709,349.1032,4.640363,1393.8608,1390.234,10.761042,1950.7422,1946.4284,11.916376,0,0,0,0,0.74,-0.99,0,0
2025/03/31 18:18:00.145,n,7.307575,85.640832,12.896888,13.29917,0.254692,-0.03384,0.029738,0.051695,6.067515,1.356758,-0.391693,-0.026825,7.369571,317.22048,348.7216,4.345888,1383.0104,1382.1616,21.799082,1936.6752,1931.6508,16.54086,0,0,0,0,0.73,-1.09,0,0
2025/03/31 18:19:00.135,n,7.302593,85.191904,12.12938,12.449684,0.263526,-0.070757,-0.041018,0.100798,5.831667,1.371059,-0.385162,-0.018753,7.347426,317.67454,349.32756,4.094198,1389.3702,1372.626,19.894722,1922.6586,1916.7636,13.92839,0,0,0,0,0.79,-1.21,0,0
2025/03/31 18:20:00.136,n,7.297665,85.013432,11.22177,11.547656,0.271646,-0.070757,-0.081524,0.048192,5.451912,1.428265,-0.386391,-0.024895,7.330761,317.4849,348.69868,3.662151,1432.481,1395.1064,23.039096,1980.0914,1933.9176,27.320322,0,0,0,0,0.76,-1.24,0,0
2025/03/31 18:21:00.135,n,7.281063,84.956992,10.452738,10.744362,0.234687,-0.139975,-0.058195,0.072484,4.784343,1.228046,-0.378983,-0.01683,7.318584,318.06478,349.35396,3.194144,1383.353,1383.89,18.994736,1933.7666,1927.9266,16.958772,0,0,0,0,0.77,-1.19,0,0
2025/03/31 18:22:00.138,n,7.370613,84.265432,9.613656,9.95198,0.227396,-0.139975,-0.105366,0.095277,4.601032,1.328156,-0.388512,-0.024368,7.307479,317.18488,348.62892,2.908733,1398.755,1370.1302,19.728154,1939.8378,1912.4032,16.911536,0,0,0,0,0.77,-1.05,0,0
2025/03/31 18:23:00.137,n,7.264508,85.046296,8.986248,9.276856,0.244345,-0.139975,-0.164586,0.04319,4.011698,1.285252,-0.403519,-0.025948,7.295285,315.8258,348.42776,2.348875,1408.1896,1397.738,10,1957.773,1936.44,17.966636,0,0,0,0,0.78,-1.16,0,0
2025/03/31 18:24:00.139,n,7.295956,84.574568,8.287267,8.554524,0.227356,-0.176891,-0.23483,0.047586,3.409229,1.128559,-0.422249,-0.023842,7.286409,314.1611,348.57036,1.882263,1387.9702,1379.0502,15.703504,1919.8652,1921.9134,11.593102,0,0,0,0,0.71,-1.05,0,0
2025/03/31 18:25:00.144,n,7.334137,83.534672,7.621788,7.925847,0.225361,-0.387623,-0.282257,0.116174,3.631943,1.585579,-0.442635,-0.0177,7.270881,312.31998,349.03812,1.62143,1385.3268,1369.707,13.78405,1916.482,1903.5918,13.841966,0,0,0,0,0.71,-1.19,0,0
2025/03/31 18:26:00.145,n,7.322518,83.783168,6.99438,7.296409,0.209704,-0.387623,-0.335581,0.048995,3.094575,1.570656,-0.461128,-0.021912,7.260932,310.67042,348.61432,1.084703,1379.3736,1386.5246,11.436784,1929.1972,1928.0528,12.263768,0,0,0,0,0.77,-1.12,0,0
2025/03/31 18:27:00.146,n,7.322384,83.774768,6.36545,6.713925,0.243732,-0.387623,-0.370446,0.028866,2.923828,1.885284,-0.47084,-0.015778,7.289189,309.97158,349.3004,0.583481,1392.901,1373.4972,16.976454,1932.7578,1915.4904,16.899704,0,0,0,0,0.77,-1.21,0,0
2025/03/31 18:28:00.135,n,7.332344,84.093856,6.712656,6.974837,0.200874,0.459917,0.489143,0.052045,2.189445,1.72797,-0.472961,-0.018761,7.27815,309.73284,348.98024,0.007274,1381.61,1381.0264,16.291102,1933.9592,1930.845,20.179198,0,0,0,0,0.75,-1.13,0,0
2025/03/31 18:29:00.135,n,7.299191,84.016856,6.083725,6.323064,0.16342,0.459917,0.465301,0.025954,1.796555,1.72797,-0.470665,-0.01683,7.25929,309.83718,349.05736,-0.385249,1363.5006,1368.3038,14.191546,1906.3338,1916.1454,13.236314,0,0,0,0,0.76,-1.14,0,0
2025/03/31 18:30:07.038,n,7.261055,84.49728,5.454794,5.63525,0.135136,0.459917,0.406594,0.048881,1.127844,1.570656,-0.457977,-0.019638,7.243568,310.85614,348.72944,-0.881151,1377.527,1371.156,9.75705,1893.4944,1890.7804,6.870226,0,0,0,0,0.78,-1.11,0,0
2025/03/31 18:31:00.139,n,7.189766,84.911184,4.859366,5.023325,0.154304,0.353783,0.388648,0.031654,0.524233,1.328156,-0.441772,-0.021561,7.233619,312.20822,348.50896,-1.224134,1383.0846,1388.6172,9.176056,1914.1204,1921.6764,8.246211,0,0,0,0,0.79,-1.19,0,0
2025/03/31 18:32:00.142,n,7.125069,85.765536,3.986781,4.411652,0.240515,0.141513,0.312252,0.10087,-0.249553,0.928341,-0.424225,-0.028412,7.213784,313.62702,347.80132,-1.573707,1394.836,1386.6224,21.92259,1925.0842,1918.66,21.596296,0,0,0,0,0.79,-1.13,0,0
2025/03/31 18:33:00.144,n,7.169842,84.716848,3.461403,3.782214,0.206921,0.318404,0.259441,0.048336,-0.170747,1.128559,-0.399315,-0.019814,7.204972,315.73798,348.52104,-1.678808,1395.3522,1365.5646,19.193748,1930.7366,1897.1774,20.503658,0,0,0,0,0.74,-1.34,0,0
2025/03/31 18:34:00.144,n,7.239472,83.994832,3.112674,3.251506,0.153193,0.247648,0.182788,0.041359,0.235848,1.456867,-0.38166,-0.018059,7.192827,317.2044,348.61616,-1.584621,1376.2076,1368.8594,22.973898,1909.0892,1901.3078,13.725888,0,0,0,0,0.77,-1.08,0,0
2025/03/31 18:35:00.147,n,7.259396,83.807768,2.727397,2.837803,0.110947,0.21227,0.182788,0.047023,0.117638,1.413963,-0.367188,-0.018234,7.180715,318.39584,348.54,-1.645278,1398.0986,1375.2588,15.931102,1934.5022,1905.1922,16.321764,0,0,0,0,0.79,-1.14,0,0
2025/03/31 18:36:00.149,n,7.164814,84.288536,2.202019,2.41217,0.198134,0.035378,0.117928,0.079634,-0.643585,0.942642,-0.356079,-0.023842,7.169677,319.30164,347.98684,-1.918464,1394.3066,1372.7252,14.628738,1927.2766,1907.4146,13.281568,0,0,0,0,0.78,-1.12,0,0
2025/03/31 18:37:00.136,n,7.115109,84.788968,1.85329,1.980954,0.136035,0.035378,0.088446,0.048766,-0.905701,0.828232,-0.348137,-0.022446,7.16197,319.95008,348.07224,-2.059624,1396.8258,1366.5846,18.729656,1933.4934,1899.6706,21.090282,0,0,0,0,0.76,-1.05,0,0
2025/03/31 18:38:00.137,n,7.146553,84.440784,1.327912,1.642885,0.182436,-0.035378,0,0.04475,-0.840601,0.942642,-0.342499,-0.018234,7.146526,320.36066,348.36916,-2.107507,1382.2398,1368.3388,8.049845,1908.0368,1903.676,3.286335,0,0,0,0,0.69,-1.1,0,0
2025/03/31 18:39:00.139,n,7.149922,84.368616,1.292887,1.4038,0.124163,-0.106135,-0.005896,0.064914,-0.774929,1.014149,-0.339676,-0.019463,7.136592,320.55532,348.21052,-2.109291,1425.7608,1384.5134,24.23221,1972.826,1919.071,30.639842,0,0,0,0,0.78,-1.11,0,0
2025/03/31 18:40:00.141,n,7.103485,85.182136,1.04771,1.094411,0.075662,-0.106135,-0.046658,0.048041,-1.142691,0.91404,-0.333862,-0.017532,7.12778,321.0142,348.33792,-2.373061,1398.7998,1389.0078,12.529964,1948.802,1937.186,12.930584,0,0,0,0,0.78,-1.14,0,0
2025/03/31 18:41:00.143,n,7.071942,85.166464,0.839082,0.8736,0.043584,0.035378,-0.099982,0.078962,-1.234061,0.828232,-0.332268,-0.021919,7.123374,321.13018,347.92636,-2.372641,1397.8844,1370.851,19.549936,1932.3806,1900.2574,18.08867,0,0,0,0,0.8,-1.21,0,0
2025/03/31 18:42:00.145,n,7.073605,84.716848,0.557358,0.645682,0.082599,-0.176891,-0.153049,0.048863,-1.417942,0.642937,-0.326805,-0.022614,7.115636,321.56406,347.826,-2.365071,1369.9332,1361.9042,22.212608,1882.952,1882.2486,14.93988,0,0,0,0,0.8,-1.15,0,0
2025/03/31 18:43:00.147,n,7.093525,84.420416,0.41878,0.447713,0.074827,-0.21227,-0.200477,0.061954,-1.299733,0.799629,-0.328743,-0.019814,7.102434,321.33056,348.0088,-2.408292,1389.673,1376.7322,17.62952,1895.819,1882.9854,18.46077,0,0,0,0,0.76,-1.21,0,0
2025/03/31 18:44:00.149,n,7.095185,84.343464,0.313704,0.325379,0.047853,-0.21227,-0.21791,0.060431,-1.404237,0.714443,-0.331917,-0.020691,7.094696,321.0173,347.8922,-2.429906,1416.8316,1387.8226,18.606452,1949.0608,1903.4298,28.255972,0,0,0,0,0.77,-1.17,0,0
2025/03/31 18:45:00.154,n,7.081906,84.285408,0.173603,0.196953,0.072348,-0.176891,-0.276617,0.087194,-1.404237,0.728745,-0.332802,-0.019814,7.088048,320.90756,347.93696,-2.44597,1415.8224,1391.5328,15.639694,1947.8064,1927.4654,14.296854,0,0,0,0,0.79,-1.19,0,0
2025/03/31 18:46:00.138,n,7.050362,84.851616,0.033502,0.126903,0.065213,-0.283026,-0.294306,0.042513,-1.719462,0.585732,-0.335442,-0.023499,7.080374,320.64096,347.5714,-2.617137,1393.0024,1384.7204,10.324728,1913.0998,1903.148,11.207142,0,0,0,0,0.79,-1.16,0,0
2025/03/31 18:47:00.140,n,6.984005,85.221248,-0.036548,-0.071319,0.049966,-0.283026,-0.27713,0.103548,-1.680059,0.642937,-0.3358,-0.018761,7.070408,320.56016,347.9424,-2.640035,1375.9498,1381.2604,6.928203,1890.7092,1904.609,11.153476,0,0,0,0,0.76,-1.13,0,0
2025/03/31 18:48:00.135,n,7.078533,84.128376,-0.245176,-0.100253,0.12003,-0.247648,-0.229959,0.079895,-1.089583,1.057053,-0.335617,-0.01017,7.070408,320.57598,348.70536,-2.472083,1365.3584,1363.1268,15.310128,1883.0564,1880.4798,19.183326,0,0,0,0,0.74,-1.32,0,0
2025/03/31 18:49:00.142,n,7.15324,83.377592,-0.245176,-0.252283,0.107213,-0.459917,-0.371215,0.102086,-0.774929,1.343079,-0.341789,-0.013321,7.061598,319.99808,348.38152,-2.446476,1411.0138,1386.3332,23.268004,1936.028,1910.0156,22.917242,0,0,0,0,0.78,-1.1,0,0
2025/03/31 18:50:00.145,n,7.088497,84.189608,-0.350252,-0.315988,0.098638,-0.459917,-0.394288,0.052187,-1.286599,1.02845,-0.348137,-0.021217,7.053891,319.41058,347.64184,-2.641968,1402.7154,1382.6466,15.95619,1936.3376,1906.0888,19.788886,0,0,0,0,0.77,-1.12,0,0
2025/03/31 18:51:00.147,n,7.030438,84.421984,-0.31675,-0.3401,0.114392,-0.495296,-0.412234,0.073428,-1.523018,0.885437,-0.354134,-0.021919,7.049454,318.86956,347.55724,-2.740669,1405.0846,1370.1062,18.873262,1923.1496,1888.9926,17.888544,0,0,0,0,0.77,-1.21,0,0
2025/03/31 18:52:00.135,n,6.992256,84.788968,-0.31675,-0.351013,0.038377,-0.353783,-0.406337,0.053456,-1.706899,0.785328,-0.360664,-0.020332,7.043958,318.27722,347.67076,-2.832559,1379.1754,1377.109,19.667232,1885.6784,1893.4022,16.982344,0,0,0,0,0.79,-1.16,0,0
2025/03/31 18:53:00.136,n,7.02546,84.630624,-0.455328,-0.456343,0.04407,-0.564514,-0.482221,0.079271,-1.942747,0.628635,-0.375664,-0.021919,7.035115,316.93572,347.48588,-2.925127,1407.4522,1366.129,23.78655,1920.8498,1874.8438,26.78059,0,0,0,0,0.81,-1.12,0,0
2025/03/31 18:54:00.137,n,6.960713,84.991072,-0.595428,-0.455835,0.076182,-0.495296,-0.471454,0.029391,-2.271106,0.428417,-0.388725,-0.024902,7.028514,315.77282,347.18792,-3.063347,1375.5044,1378.3254,6.797058,1885.965,1892.6036,11.189282,0,0,0,0,0.8,-1.33,0,0
2025/03/31 18:55:00.135,n,6.934201,85.11636,-0.526901,-0.607865,0.164825,-0.423001,-0.523752,0.061178,-2.52066,0.32893,-0.405144,-0.025772,7.020775,314.314,347.07216,-3.228961,1362.7944,1359.8568,16.876018,1859.618,1862.068,10.373042,0,0,0,0,0.8,-1.04,0,0
2025/03/31 18:56:00.135,n,6.94743,85.202496,-0.665479,-0.595682,0.058247,-0.564514,-0.565539,0.045,-2.441853,0.428417,-0.422813,-0.023499,7.009736,312.7304,347.21896,-3.269585,1373.4526,1373.2988,20.77017,1893.8728,1879.1152,26.63081,0,0,0,0,0.76,-1.31,0,0
2025/03/31 18:57:00.136,n,7.000641,85.039624,-0.595428,-0.613702,0.020018,-0.635271,-0.582972,0.085238,-2.152897,0.771027,-0.438232,-0.021919,7.026401,311.47968,347.44232,-3.340237,1393.4044,1377.2984,23.866294,1922.1492,1889.6008,28.319604,0,0,0,0,0.8,-1.15,0,0
2025/03/31 18:58:00.134,n,6.992291,85.036496,0.245176,0.233501,0.018087,0.389161,0.353783,0.059199,-2.31051,0.813931,-0.454262,-0.01841,7.015394,310.03814,347.69908,-3.560292,1395.91,1375.9108,12.513992,1916.6602,1889.793,14.656056,0,0,0,0,0.78,-1.08,0,0
2025/03/31 18:59:00.135,n,6.939217,85.424736,0.140101,0.192639,0.079098,0.283026,0.324301,0.047023,-2.717676,0.600033,-0.476997,-0.022972,7.002114,308.00516,347.22768,-3.771734,1384.9158,1381.8624,7.949843,1909.5834,1911.596,6.78233,0,0,0,0,0.75,-1.21,0,0
2025/03/31 19:00:07.039,n,6.915974,85.623368,0,0.134263,0.089754,0.176891,0.294819,0.076426,-2.94096,0.557129,-0.495171,-0.024551,6.990017,306.3728,347.02712,-3.968708,1384.7162,1371.9786,12.377398,1911.8296,1896.8212,13.416408,0,0,0,0,0.79,-1.23,0,0
2025/03/31 19:01:00.135,n,6.97237,84.709008,-0.035025,0.052538,0.057552,0.176891,0.188684,0.036539,-2.336778,0.986168,-0.50946,-0.020515,6.974541,305.05958,347.30844,-3.811891,1408.3938,1373.527,24.33516,1917.858,1895.5074,15.569202,0,0,0,0,0.78,-1.1,0,0
2025/03/31 19:02:00.137,n,6.950787,84.975416,-0.07005,0.052538,0.087913,0.141513,0.182788,0.047023,-2.690836,0.78595,-0.521103,-0.022614,6.961292,303.98638,347.05608,-3.975275,1397.9988,1389.5084,9.433982,1922.2534,1911.9508,11.849052,0,0,0,0,0.77,-1.12,0,0
2025/03/31 19:03:00.137,n,6.914315,85.202472,0.035025,-0.023096,0.052262,0.176891,0.170995,0.041359,-2.91412,0.728745,-0.534348,-0.024551,6.943653,302.75274,346.79604,-4.15266,1413.036,1378.9722,20.947554,1944.48,1898.5612,26.359058,0,0,0,0,0.78,-1.12,0,0
2025/03/31 19:04:00.135,n,6.879402,85.14768,-0.140101,-0.02335,0.075663,0,0.106135,0.054808,-2.704541,0.843155,-0.537529,-0.019814,6.918261,302.35102,347.09032,-4.065412,1409.8606,1398.9118,6.957011,1927.2768,1921.7288,11.679042,0,0,0,0,0.78,-1.27,0,0
2025/03/31 19:05:00.135,n,6.84454,85.474784,-0.103553,-0.109898,0.078152,0.035378,0.082549,0.036539,-2.862154,0.728745,-0.547775,-0.024376,6.899517,301.37116,346.59164,-4.114298,1415.8802,1382.7214,22.921606,1927.0826,1909.1192,18.654758,0,0,0,0,0.78,-1.12,0,0
2025/03/31 19:06:00.135,n,6.912606,84.602368,-0.035025,-0.099238,0.128054,0.141513,0.094342,0.042845,-2.323073,1.14286,-0.549194,-0.014023,6.884057,301.17148,347.43416,-4.001104,1363.01,1367.3854,8.449852,1877.4136,1883.227,7.641989,0,0,0,0,0.82,-1.08,0,0
2025/03/31 19:07:00.135,n,6.900982,84.63528,-0.175126,-0.209136,0.058065,0.035378,0.029482,0.060936,-2.231132,1.171463,-0.560852,-0.019287,6.86858,300.086,346.8896,-3.94416,1387.761,1372.7976,19.570384,1891.8736,1871.6334,18.08867,0,0,0,0,0.75,-1.16,0,0
2025/03/31 19:08:00.135,n,6.869442,84.522336,-0.420302,-0.221826,0.110019,0.106135,-0.005896,0.078844,-2.205434,1.271572,-0.560677,-0.016304,6.85421,300.0296,347.08296,-4.021379,1382.5266,1390.5812,18.215378,1907.9078,1910.9278,18.814888,0,0,0,0,0.77,-1.05,0,0
2025/03/31 19:09:00.135,n,6.937557,83.826592,-0.280202,-0.221319,0.048008,-0.106135,-0.058964,0.036539,-1.890209,1.542675,-0.563858,-0.01368,6.839856,299.68284,347.24452,-3.983063,1403.4436,1369.8786,24.170228,1900.02,1870.0688,18.220868,0,0,0,0,0.77,-1.16,0,0
2025/03/31 19:10:00.135,n,6.906014,84.176976,-0.313704,-0.221065,0.092537,-0.070757,-0.041275,0.041359,-2.31051,1.328777,-0.559616,-0.022446,6.825518,299.97854,346.39472,-4.176458,1442.4944,1405.8648,23.405128,1975.8116,1920.494,35.580896,0,0,0,0,0.76,-1.14,0,0
2025/03/31 19:11:00.136,n,6.86612,84.388992,-0.245176,-0.256851,0.018087,-0.070757,-0.076653,0.060936,-2.52066,1.114258,-0.544418,-0.021919,6.812253,301.22712,346.37536,-4.157416,1378.015,1367.901,17.017638,1874.6656,1875.9946,9.444576,0,0,0,0,0.76,-1.14,0,0
2025/03/31 19:12:00.139,n,6.784725,85.210328,-0.280202,-0.285024,0.040867,-0.070757,-0.129464,0.057713,-3.085438,0.743046,-0.519691,-0.024551,6.797883,303.29458,346.07008,-4.323624,1396.6688,1395.0248,14.615062,1914.1904,1900.4864,20.871032,0,0,0,0,0.78,-1.16,0,0
2025/03/31 19:13:00.135,n,6.739899,85.3512,-0.348729,-0.290608,0.052465,-0.21227,-0.123568,0.048658,-3.229916,0.628635,-0.495689,-0.02507,6.785772,305.3106,345.96376,-4.329171,1429.3456,1397.8478,41.354564,2092.8852,2095.7884,218.75466,0,0,0,0,0.79,-1.15,0,0
2025/03/31 19:14:00.135,n,6.695076,85.676488,-0.348729,-0.337308,0.029098,-0.106135,-0.129208,0.053133,-3.334421,0.471321,-0.477875,-0.026299,6.776929,306.80764,345.81064,-4.257318,1412.1536,1396.843,17.67484,1940.3038,1958.3998,26.023068,0,0,0,0,0.78,-1.16,0,0
2025/03/31 19:15:00.136,n,6.695076,85.552952,-0.490353,-0.396445,0.098638,-0.283026,-0.182531,0.081716,-3.124841,0.486244,-0.466949,-0.026131,6.766997,307.70336,345.77616,-4.051904,1412.5526,1378.8952,35.75472,1918.7558,1881.3814,31.029018,0,0,0,0,0.78,-1.15,0,0
2025/03/31 19:16:00.135,n,6.718319,85.0992,-0.593906,-0.459896,0.122332,-0.24611,-0.228933,0.088434,-2.770213,0.657238,-0.455841,-0.022614,6.757049,308.61484,346.03908,-3.860679,1408.222,1389.8994,20.552372,1910.1162,1906.655,18.686894,0,0,0,0,0.79,-1.2,0,0
2025/03/31 19:17:00.135,n,6.763142,84.629032,-0.663956,-0.542129,0.084388,-0.24611,-0.329684,0.065985,-2.415014,0.843155,-0.446159,-0.02227,6.749279,309.41366,346.03084,-3.682058,1390.178,1384.1852,7.523298,1887.2924,1886.6456,8.944272,0,0,0,0,0.77,-1.14,0,0
2025/03/31 19:18:00.135,n,6.72662,85.193096,-0.593906,-0.588322,0.067533,-0.424539,-0.377112,0.053404,-2.389316,0.728745,-0.435059,-0.024376,6.745946,310.3574,345.82732,-3.528743,1421.7728,1397.5378,14.899666,1925.5126,1901.3868,16.370706,0,0,0,0,0.76,-1.14,0,0
2025/03/31 19:19:00.137,n,6.721638,85.00832,-0.698981,-0.594413,0.062489,-0.387623,-0.388648,0.063292,-2.257972,0.671539,-0.419273,-0.022095,6.738273,311.68476,345.9918,-3.32669,1390.7664,1385.777,8.197561,1906.9072,1895.0112,9.09945,0,0,0,0,0.79,-1.15,0,0
2025/03/31 19:20:00.138,n,6.696736,85.110088,-0.593906,-0.606088,0.056889,-0.530674,-0.42941,0.079627,-2.415014,0.528526,-0.410088,-0.024376,6.730504,312.44074,345.75052,-3.329252,1424.1664,1394.295,23.600848,1945.7232,1897.902,32.569924,0,0,0,0,0.78,-1.13,0,0
2025/03/31 19:21:00.140,n,6.729939,84.906472,-0.630454,-0.646951,0.053524,-0.530674,-0.424539,0.111876,-2.441853,0.514225,-0.394722,-0.023674,6.731641,313.77554,345.81848,-3.327126,1405.87,1378.147,28.733256,1912.686,1888.4512,21.990908,0,0,0,0,0.74,-1.1,0,0
2025/03/31 19:22:00.136,n,6.749859,84.677664,-0.735529,-0.722585,0.0724,-0.566052,-0.488887,0.05662,-1.942747,0.771027,-0.385368,-0.020515,6.729414,314.5736,346.08788,-3.078626,1399.157,1374.2056,18.531056,1891.7294,1872.5002,14.394444,0,0,0,0,0.76,-1.17,0,0
2025/03/31 19:23:00.135,n,6.734967,84.655696,-0.698981,-0.682484,0.048286,-0.566052,-0.524521,0.041583,-2.152897,0.628635,-0.374245,-0.019814,6.729414,315.53586,346.15024,-3.135964,1405.5848,1389.3106,16.389022,1899.9424,1892.1406,13.870832,0,0,0,0,0.79,-1.18,0,0
2025/03/31 19:24:00.135,n,6.762001,84.54032,-0.769032,-0.757356,0.047854,-0.599892,-0.547594,0.042959,-1.693193,0.985546,-0.36174,-0.016663,6.766347,316.80136,346.61388,-3.023817,1403.6864,1392.2612,12.814054,1890.6572,1878.569,11.61034,0,0,0,0,0.78,-1.16,0,0
2025/03/31 19:25:00.137,n,6.758679,84.670496,0,0.016751,0.057836,0.387623,0.305073,0.042845,-1.785134,0.928341,-0.354332,-0.01754,6.77628,317.49152,346.58528,-3.050267,1373.789,1378.3766,4.857983,1866.3192,1864.5604,4.472136,0,0,0,0,0.74,-1.09,0,0
2025/03/31 19:26:00.135,n,6.758679,84.758296,0.035025,0.011421,0.029098,0.247648,0.282001,0.030958,-1.811974,0.885437,-0.354332,-0.017189,6.777385,317.49698,346.62192,-3.034554,1386.182,1393.3822,26.1113,1893.4906,1884.041,31.279386,0,0,0,0,0.77,-1.15,0,0
2025/03/31 19:27:00.136,n,6.732067,84.89784,-0.036548,0.052284,0.062102,0.247648,0.282513,0.044514,-1.785134,0.871136,-0.354332,-0.018768,6.78405,317.53024,346.51492,-2.991834,1394.3412,1374.1328,16.601204,1882.4804,1866.9334,9.165152,0,0,0,0,0.78,-1.16,0,0
2025/03/31 19:28:00.137,n,6.725476,84.841448,0,-0.000254,0.022637,0.316866,0.29405,0.042599,-1.929612,0.743046,-0.350449,-0.019821,6.785155,317.87164,346.42688,-3.003286,1375.5692,1374.7478,8.865664,1861.415,1860.1274,7.099296,0,0,0,0,0.79,-1.16,0,0
2025/03/31 19:29:00.139,n,6.695545,84.875912,-0.036548,-0.047462,0.096155,0.141513,0.22355,0.065323,-1.864512,0.728123,-0.344452,-0.017014,6.78626,318.39584,346.68168,-2.920073,1401.352,1380.4804,21.1849,1897.8914,1870.5812,21.789906,0,0,0,0,0.78,-1.12,0,0
2025/03/31 19:30:07.060,n,6.727139,84.810096,-0.105076,-0.099746,0.089797,0.141513,0.164842,0.042765,-1.536152,0.885437,-0.335106,-0.017891,6.794029,319.24304,346.64248,-2.738804,1402.7236,1387.0078,8.899438,1895.3456,1881.0928,9.29516,0,0,0,0,0.78,-1.13,0,0
2025/03/31 19:31:00.135,n,6.75531,84.585832,-0.245176,-0.181471,0.056055,0.175353,0.146897,0.025954,-1.483614,0.856834,-0.326996,-0.018593,6.794029,319.94462,346.58016,-2.648852,1389.2396,1402.391,26.506604,1895.2284,1902.6034,22.785962,0,0,0,0,0.76,-1.02,0,0
2025/03/31 19:32:00.135,n,6.722107,84.974648,-0.140101,-0.123096,0.052518,0.247648,0.146384,0.069088,-1.641227,0.756725,-0.323296,-0.020348,6.802825,320.30844,346.46804,-2.7009,1432.5244,1388.4354,35.938836,1932.7952,1882.746,36.049964,0,0,0,0,0.79,-1.15,0,0
2025/03/31 19:33:00.135,n,6.675625,85.19076,-0.245176,-0.181471,0.092296,0.035378,0.082037,0.029147,-2.311081,0.371212,-0.322235,-0.022621,6.80723,320.42202,346.288,-2.981907,1379.1826,1380.9476,17.193022,1884.1772,1886.4816,13.696716,0,0,0,0,0.79,-1.1,0,0
2025/03/31 19:34:00.136,n,6.650673,85.450576,-0.176649,-0.193146,0.065368,0,0.081524,0.057463,-2.257972,0.314007,-0.323647,-0.023849,6.812773,320.32758,346.20656,-2.871776,1424.4882,1390.2678,32.0406,1926.3422,1883.3192,32.130982,0,0,0,0,0.77,-0.98,0,0
2025/03/31 19:35:00.136,n,6.693836,84.951168,-0.245176,-0.187055,0.068358,0.106135,0.06486,0.047023,-1.877075,0.542828,-0.324707,-0.021576,6.817179,320.25772,346.43032,-2.723034,1391.7192,1386.3578,9.402128,1910.102,1900.1374,11.224972,0,0,0,0,0.78,-1.11,0,0
2025/03/31 19:36:00.136,n,6.685585,85.109368,-0.245176,-0.210405,0.044067,-0.036916,0.069731,0.059753,-1.982721,0.399815,-0.325417,-0.023506,6.821568,320.2182,346.28076,-2.684446,1444.3158,1396.793,31.205768,1942.743,1905.67,25.123694,0,0,0,0,0.77,-1.09,0,0
2025/03/31 19:37:00.139,n,6.665661,85.023232,-0.210151,-0.187309,0.061745,0,0.017433,0.030153,-1.79884,0.527905,-0.33017,-0.021751,6.822674,319.81246,346.44208,-2.635162,1414.5106,1390.2922,15.54992,1918.9618,1900.7928,15.165752,0,0,0,0,0.78,-1.16,0,0
2025/03/31 19:38:00.140,n,6.73544,84.556048,-0.455328,-0.326902,0.095707,0.106135,0.011536,0.101863,-1.628093,0.670918,-0.329109,-0.020172,6.827079,319.92626,346.60436,-2.607947,1375.8988,1364.6454,10.630146,1883.0936,1870.3432,10.15874,0,0,0,0,0.78,-1.13,0,0
2025/03/31 19:39:00.143,n,6.712147,84.50268,-0.210151,-0.269034,0.084923,0,-0.018715,0.030336,-1.745731,0.585732,-0.326996,-0.022453,6.837044,320.1586,346.45128,-2.636005,1417.829,1403.6726,17.349352,1939.349,1912.4112,25.369272,0,0,0,0,0.79,-1.15,0,0
2025/03/31 19:40:00.135,n,6.713806,84.570152,-0.385277,-0.298222,0.10556,-0.106135,-0.029995,0.041454,-1.903915,0.485622,-0.321892,-0.021576,6.841514,320.6225,346.55156,-2.689853,1383.808,1363.243,16.346252,1884.6204,1864.9018,15.78607,0,0,0,0,0.79,-1.18,0,0
2025/03/31 19:41:00.135,n,6.708828,84.45556,-0.385277,-0.35609,0.071495,-0.036916,-0.030251,0.047146,-1.733168,0.570808,-0.318718,-0.020699,6.847025,320.92434,346.65684,-2.601996,1418.604,1396.4932,20.064896,1927.9242,1906.6104,20.493902,0,0,0,0,0.79,-1.29,0,0
2025/03/31 19:42:00.135,n,6.742077,84.309608,-0.210151,-0.315734,0.114922,-0.106135,-0.029995,0.085131,-1.549286,0.700142,-0.315544,-0.018768,6.854779,321.23748,346.86684,-2.546204,1401.4946,1375.2916,13.39403,1903.1312,1875.4648,14.156272,0,0,0,0,0.78,-1.14,0,0
2025/03/31 19:43:00.135,n,6.73544,84.182368,-0.420302,-0.385531,0.132672,-0.106135,-0.053324,0.06238,-1.58869,0.685841,-0.315369,-0.020172,6.859185,321.27472,346.76424,-2.569727,1397.9774,1382.3082,12.34504,1885.951,1876.1586,7.014272,0,0,0,0,0.76,-1.18,0,0
2025/03/31 19:44:00.137,n,6.742077,84.213808,-0.315227,-0.396952,0.078839,-0.141513,-0.124337,0.053048,-1.772571,0.485622,-0.308846,-0.021927,6.866858,321.87714,346.64648,-2.545112,1389.7114,1390.406,12.489996,1892.3402,1890.8102,11.045362,0,0,0,0,0.77,-1.12,0,0
2025/03/31 19:45:00.138,n,6.767029,83.993832,-0.315227,-0.443906,0.090712,-0.036916,-0.10152,0.072042,-1.417942,0.713821,-0.299339,-0.017715,6.873555,322.73292,347.05396,-2.413388,1424.8872,1400.7846,14.993332,1923.304,1900.0552,13.94274,0,0,0,0,0.78,-1.19,0,0
2025/03/31 19:46:00.139,n,6.767029,83.997008,-0.420302,-0.414719,0.116282,-0.106135,-0.042556,0.06061,-1.286599,0.828232,-0.287712,-0.015083,6.882334,323.78234,347.33136,-2.387459,1385.2386,1384.4952,16.739176,1874.4516,1885.3834,18.963122,0,0,0,0,0.77,-1.13,0,0
2025/03/31 19:47:00.142,n,6.733731,84.17616,-0.385277,-0.426648,0.081885,-0.141513,-0.153819,0.057463,-1.286599,0.743046,-0.276619,-0.0214,6.888999,324.77524,346.8036,-2.284863,1416.7426,1399.1754,21.099764,1913.3856,1887.901,21.97271,0,0,0,0,0.76,-1.15,0,0
2025/03/31 19:48:00.144,n,6.738758,84.262488,-0.350252,-0.373602,0.065213,-0.106135,-0.113057,0.079307,-1.601824,0.442719,-0.263596,-0.022453,6.900005,325.95658,346.76484,-2.285685,1392.307,1374.9996,16.558986,1874.137,1857.7568,11.02724,0,0,0,0,0.79,-1.15,0,0
2025/03/31 19:49:00.135,n,6.703896,84.552872,-0.350252,-0.338577,0.028598,-0.072295,-0.118697,0.05286,-1.706899,0.342609,-0.257439,-0.023155,6.90888,326.53338,346.74672,-2.283792,1396.3602,1381.4454,13.453624,1890.0116,1864.6508,18.514858,0,0,0,0,0.78,-1.07,0,0
2025/03/31 19:50:00.135,n,6.705555,84.518352,-0.385277,-0.396952,0.052732,-0.106135,-0.159202,0.058132,-1.496749,0.428417,-0.252342,-0.024384,6.912148,326.99054,346.65392,-2.153125,1402.6522,1378.6228,15.652476,1878.3382,1856.2912,14.268848,0,0,0,0,0.79,-1.13,0,0
2025/03/31 19:51:00.135,n,6.685585,84.803792,-0.420302,-0.44949,0.064266,-0.141513,-0.135873,0.06061,-1.851377,0.143013,-0.249344,-0.027367,6.927624,327.327,346.46608,-2.216367,1391.2318,1382.7728,16.577094,1882.7152,1870.15,23.392308,0,0,0,0,0.79,-1.17,0,0
2025/03/31 19:52:00.136,n,6.703896,84.516784,-0.526901,-0.44416,0.087399,-0.284564,-0.177404,0.123088,-1.733168,0.185295,-0.24794,-0.024734,6.933135,327.47596,346.72736,-2.141668,1390.9448,1385.4608,12.157302,1871.228,1872.749,9.612492,0,0,0,0,0.73,-1.05,0,0
2025/03/31 19:53:00.137,n,6.717175,84.510488,-0.526901,-0.461673,0.106865,-0.247648,-0.218679,0.052221,-1.79884,0.085186,-0.248299,-0.027893,6.941931,327.48874,346.49064,-2.104431,1435.25,1406.3406,25.254702,1942.743,1903.4706,30.82207,0,0,0,0,0.79,-1.13,0,0
2025/03/31 19:54:00.138,n,6.673962,84.576408,-0.595428,-0.543144,0.141372,-0.318404,-0.230728,0.098947,-1.877075,0.057205,-0.24794,-0.026665,6.951911,327.56948,346.64944,-2.155555,1396.6176,1378.017,10.881176,1886.0556,1870.3394,12.24745,0,0,0,0,0.77,-1.12,0,0
2025/03/31 19:55:00.140,n,6.697205,84.476016,-0.455328,-0.44949,0.034437,-0.141513,-0.1833,0.041279,-1.811974,0.070885,-0.248642,-0.027718,6.959617,327.54724,346.5944,-2.103783,1414.6244,1391.8788,15.485478,1906.2548,1887.548,14.505172,0,0,0,0,0.79,-1.12,0,0
2025/03/31 19:56:00.143,n,6.688904,84.604672,-0.770554,-0.625124,0.161529,-0.389161,-0.288922,0.064914,-1.825108,0.085186,-0.249176,-0.024734,6.967356,327.53956,346.89784,-2.134736,1427.0508,1395.2616,16.727222,1934.1542,1898.811,19.758544,0,0,0,0,0.78,-1.14,0,0
2025/03/31 19:57:00.145,n,6.677284,84.68148,-1.224359,-0.921823,0.384072,-0.495296,-0.395314,0.14549,-1.903915,-0.014923,-0.25058,-0.029121,6.973956,327.45112,346.54124,-2.11045,1436.5542,1400.857,36.63878,1947.1722,1900.0118,41.327956,0,0,0,0,0.77,-1.07,0,0
2025/03/31 19:58:00.135,n,6.678944,84.76776,-0.526901,-0.566495,0.074684,-0.106135,-0.236624,0.079775,-1.745731,0.170994,-0.248466,-0.025612,6.986132,327.69464,346.91364,-2.139579,1408.3446,1402.798,17.601138,1900.0956,1894.618,10.620734,0,0,0,0,0.76,-1.17,0,0
2025/03/31 19:59:00.135,n,6.707165,84.584224,-0.700504,-0.607611,0.150999,-0.389161,-0.26585,0.069559,-1.601824,0.256802,-0.251282,-0.027008,6.986132,327.45112,346.78964,-2.082899,1398.6786,1400.3946,15.270888,1885.599,1882.5722,14.818908,0,0,0,0,0.78,-1.16,0,0
2025/03/31 20:00:07.041,n,6.727139,84.012736,-0.87563,-0.654058,0.137463,-0.424539,-0.295332,0.101651,-1.339136,0.45702,-0.250404,-0.02105,6.993838,327.56536,347.35716,-2.025511,1392.1346,1369.1764,19.984994,1894.8104,1859.96,23.605084,0,0,0,0,0.75,-0.97,0,0
2025/03/31 20:01:00.136,n,6.767029,83.795248,-0.595428,-0.659641,0.152538,-0.141513,-0.294819,0.117691,-1.220927,0.570808,-0.251465,-0.023323,6.998244,327.49552,347.17716,-2.019877,1419.956,1396.8436,17.708756,1915.785,1893.2662,16.780942,0,0,0,0,0.76,-0.99,0,0
2025/03/31 20:02:00.139,n,6.763661,83.949848,-0.595428,-0.525886,0.04954,-0.247648,-0.242008,0.046601,-1.377968,0.428417,-0.252167,-0.02578,7.008209,327.48458,347.0088,-2.032773,1442.4912,1390.8062,36.783148,1922.7586,1877.1552,31.924912,0,0,0,0,0.78,-1.13,0,0
2025/03/31 20:03:00.142,n,6.718788,84.15096,-0.490353,-0.560403,0.117217,-0.318404,-0.242521,0.056203,-1.601824,0.185295,-0.253044,-0.027893,7.005999,327.3977,346.81012,-2.01227,1400.98,1398.7998,13.091982,1903.2616,1898.5048,16.625282,0,0,0,0,0.74,-1.11,0,0
2025/03/31 20:04:00.144,n,6.733731,84.144672,-0.420302,-0.490353,0.141841,-0.21227,-0.236111,0.113487,-1.667496,0.213898,-0.25322,-0.028236,7.008209,327.39352,346.7906,-2.106377,1385.4242,1376.7822,29.732138,1879.345,1866.6098,25.314028,0,0,0,0,0.82,-1.21,0,0
2025/03/31 20:05:00.145,n,6.673962,84.461856,-0.455328,-0.443653,0.075663,-0.284564,-0.212782,0.084242,-1.943318,0.027981,-0.250229,-0.026306,7.015882,327.6904,347.0002,-2.195222,1377.8926,1368.7292,11.357818,1846.8646,1846.4208,6.723095,0,0,0,0,0.78,-1.14,0,0
2025/03/31 20:06:00.147,n,6.703896,84.482312,-0.420302,-0.47284,0.053118,-0.21227,-0.242008,0.082115,-2.244838,-0.143013,-0.249176,-0.028946,7.015882,327.7815,346.76576,-2.322055,1395.7592,1373.1122,13.023056,1876.6772,1853.33,13.755,0,0,0,0,0.77,-1.21,0,0
2025/03/31 20:07:00.135,n,6.677284,84.490128,-0.630454,-0.560657,0.073327,-0.21227,-0.283539,0.050039,-2.508096,-0.157314,-0.247414,-0.030876,7.013705,327.92312,346.58352,-2.56732,1418.7002,1390.7192,15.824034,1911.7508,1885.3998,16.346252,0,0,0,0,0.83,-1.24,0,0
2025/03/31 20:08:00.137,n,6.722107,84.4164,-0.490353,-0.508119,0.072706,-0.141513,-0.20663,0.069007,-2.468693,0.228199,-0.248825,-0.024734,7.007104,327.76818,347.09612,-2.920983,1395.272,1388.2954,11.162438,1887.0784,1875.5072,12.016656,0,0,0,0,0.76,-1.03,0,0
2025/03/31 20:09:00.136,n,6.677284,84.708144,-0.560403,-0.502028,0.072348,-0.247648,-0.218422,0.072042,-2.744515,0.185295,-0.239151,-0.026138,6.992732,328.53336,346.89976,-3.142823,1401.1094,1386.1028,17.052858,1883.2768,1876.501,16.852298,0,0,0,0,0.67,-0.95,0,0
2025/03/31 20:10:00.140,n,6.657315,85.232992,-0.420302,-0.531469,0.071472,-0.318404,-0.277642,0.078062,-3.085438,0.100109,-0.229301,-0.028069,6.980556,329.32468,346.66764,-3.38678,1447.4902,1411.2098,25.412596,1940.7558,1895.3426,29.502542,0,0,0,0,0.79,-1.18,0,0
2025/03/31 20:11:00.298,n,6.645691,85.613224,-0.630454,-0.519794,0.071522,-0.318404,-0.265593,0.029789,-3.414369,0.100109,-0.214188,-0.029121,6.948612,330.47284,346.41484,-3.699544,1434.412,1406.127,24.03747,1920.1586,1896.5026,21.697926,0,0,0,0,0.79,-1.23,0,0
2025/03/31 20:12:00.142,n,6.562634,86.30824,-0.490353,-0.572332,0.09556,-0.21227,-0.294819,0.08569,-3.729594,0.213898,-0.215599,-0.026489,6.909986,330.15824,346.45612,-4.132602,1453.5742,1429.3304,14.993332,1946.3958,1922.1582,15.887102,0,0,0,0,0.81,-1.05,0,0
2025/03/31 20:13:00.145,n,6.504433,87.346032,-0.490353,-0.514211,0.052873,-0.178429,-0.265593,0.061855,-4.110491,-0.115032,-0.210503,-0.031052,6.884544,330.47244,345.92428,-4.17491,1427.4922,1414.4956,17.052858,1915.4594,1904.145,15.646086,0,0,0,0,0.78,-1.16,0,0
2025/03/31 20:14:00.148,n,6.466152,88.12128,-0.526901,-0.484769,0.060537,-0.247648,-0.248417,0.038764,-4.28181,-0.157314,-0.215073,-0.030525,6.851414,329.91208,345.806,-4.309043,1471.3812,1422.9336,31.50238,1948.285,1908.6134,29.264312,0,0,0,0,0.76,-1.23,0,0
2025/03/31 20:15:00.149,n,6.407948,88.921032,-0.630454,-0.566495,0.034079,-0.178429,-0.271746,0.072733,-4.294944,-0.314629,-0.207863,-0.031052,6.813864,330.3489,345.5724,-4.157126,1469.142,1423.9732,34.298688,1961.431,1912.0982,32.545352,0,0,0,0,0.78,-1.21,0,0
2025/03/31 20:16:00.135,n,6.369717,89.292232,-0.630454,-0.612941,0.11457,-0.247648,-0.271746,0.061548,-4.202432,-0.286026,-0.208565,-0.03228,6.781854,330.12888,345.304,-4.092691,1482.5316,1437.1648,37.807408,1970.868,1930.6088,31.711196,0,0,0,0,0.78,-1.04,0,0
2025/03/31 20:17:00.136,n,6.299843,89.874408,-0.560403,-0.572078,0.08768,-0.284564,-0.301228,0.036819,-4.242406,-0.414738,-0.198029,-0.032448,6.750839,330.88596,345.13472,-3.993249,1510.5492,1458.6228,31.644906,2018.3212,1958.7972,36.392308,0,0,0,0,0.79,-1.22,0,0
2025/03/31 20:18:00.139,n,6.249939,90.760096,-0.840605,-0.601266,0.129955,-0.389161,-0.330197,0.065871,-4.254969,-0.65786,-0.177315,-0.031921,6.725496,332.55182,345.05552,-3.742503,1488.8086,1469.8234,17.343586,1997.745,1975.8404,19.04731,0,0,0,0,0.82,-1.22,0,0
2025/03/31 20:19:00.141,n,6.221668,91.037736,-0.455328,-0.665479,0.173012,-0.318404,-0.295332,0.085609,-4.334347,-0.614956,-0.157661,-0.031921,6.691213,334.0816,344.88516,-3.845131,1533.2284,1469.5492,33.891004,2038.0898,1969.661,34.905588,0,0,0,0,0.78,-1.11,0,0
2025/03/31 20:20:00.144,n,6.146767,91.90316,-0.700504,-0.612941,0.110204,-0.318404,-0.371728,0.065777,-4.386884,-0.843155,-0.135788,-0.03315,6.667984,335.8582,344.66048,-3.646368,1506.5228,1521.8502,26.099808,2020.3812,2036.5436,27.254358,0,0,0,0,0.79,-1.18,0,0
2025/03/31 20:21:00.145,n,6.126797,92.435688,-0.630454,-0.729438,0.249444,-0.247648,-0.342246,0.113199,-4.334347,-0.685841,-0.123116,-0.031754,6.632662,336.77896,344.60904,-3.739868,1507.6034,1490.2378,19.224984,2008.9534,1990.9454,19.462786,0,0,0,0,0.75,-1.15,0,0
2025/03/31 20:22:00.148,n,6.098522,92.28524,-0.700504,-0.706342,0.056113,-0.247648,-0.33635,0.06203,-4.254969,-0.757969,-0.127869,-0.031578,6.597274,336.192,344.44884,-3.593291,1500.9716,1475.9902,31.04835,2003.1884,1972.5032,33.454444,0,0,0,0,0.79,-1.17,0,0
2025/03/31 20:23:00.151,n,6.106823,92.685144,-0.87563,-0.735529,0.106237,-0.459917,-0.383777,0.097971,-4.216138,-0.886059,-0.130325,-0.03315,6.568536,335.83696,344.16672,-3.427254,1487.2054,1528.7712,43.899888,2010.1532,2038.1408,42.72704,0,0,0,0,0.77,-1.22,0,0
2025/03/31 20:24:00.152,n,6.058583,92.604632,-0.735529,-0.82893,0.195222,-0.424539,-0.412746,0.065871,-4.084794,-0.815174,-0.137543,-0.028069,6.54087,335.07522,344.4806,-3.379094,1501.6328,1514.371,41.2868,1985.3158,2010.3306,51.764856,0,0,0,0,0.77,-1.17,0,0
2025/03/31 20:25:00.139,n,6.068543,92.695936,-0.840605,-0.916239,0.164333,-0.459917,-0.489656,0.082115,-3.979147,-0.757969,-0.137726,-0.031052,6.509921,334.90586,344.06212,-3.327852,1558.3144,1524.4044,38.722088,2075.9978,2027.7296,49.173164,0,0,0,0,0.78,-1.08,0,0
2025/03/31 20:26:00.141,n,6.035244,93.072104,-1.015731,-0.85228,0.093108,-0.60143,-0.47171,0.069567,-3.979147,-0.843155,-0.119072,-0.031754,6.482255,336.3824,343.86268,-3.223311,1568.2904,1539.6766,29.732138,2082.0228,2050.789,33.704596,0,0,0,0,0.82,-1.17,0,0
2025/03/31 20:27:00.135,n,6.054703,93.1578,-0.87563,-0.968777,0.164803,-0.566052,-0.53657,0.093379,-3.663351,-0.471321,-0.057381,-0.025253,6.470113,341.65872,344.37968,-3.224157,1516.9066,1494.4154,39.570192,1997.2304,1991.1888,34.796552,0,0,0,0,0.74,-1.12,0,0
2025/03/31 20:28:00.136,n,6.033074,93.420536,-0.103553,-0.325633,0.184587,0.353783,0.265337,0.079895,-3.690191,-0.45702,-0.057899,-0.025253,6.44687,341.49856,344.26444,-3.265817,1575.1454,1556.7564,13.762268,2069.7482,2050.9148,15.97498,0,0,0,0,0.79,-1.16,0,0
2025/03/31 20:29:00.135,n,6.013104,93.754184,-0.175126,-0.186547,0.084628,0.283026,0.300715,0.048766,-3.755863,-0.585732,-0.074936,-0.029289,6.42031,339.89324,343.7744,-3.215778,1556.5726,1551.6144,22.662744,2066.9992,2056.2822,26.35147,0,0,0,0,0.77,-1.16,0,0
2025/03/31 20:30:07.251,n,6.031365,93.533336,-0.280202,-0.174872,0.08885,0.141513,0.241751,0.075602,-3.611385,-0.600033,-0.090225,-0.027008,6.39263,338.43352,343.83984,-3.074569,1573.5676,1532.1774,32.48384,2055.4406,2026.185,35.665108,0,0,0,0,0.78,-1.1,0,0
2025/03/31 20:31:00.136,n,6.026383,93.541096,-0.175126,-0.221572,0.081808,0.176891,0.176891,0.07751,-3.650788,-0.600033,-0.109222,-0.028763,6.372733,336.6916,343.58544,-3.131215,1624.6848,1601.9688,34.560092,2141.242,2098.2342,42.525288,0,0,0,0,0.76,-1.11,0,0
2025/03/31 20:32:00.137,n,5.961441,94.027272,-0.210151,-0.186547,0.087965,0.106135,0.176891,0.067125,-3.585116,-0.642937,-0.116959,-0.025429,6.349459,335.90704,343.7662,-3.033709,1552.072,1561.496,23.362364,2064.5882,2075.5454,21.881498,0,0,0,0,0.75,-1.09,0,0
2025/03/31 20:33:00.137,n,5.959782,93.899256,-0.243654,-0.249999,0.034651,0.141513,0.106135,0.050032,-3.47947,-0.442719,-0.131035,-0.023499,6.331791,334.60186,343.85012,-3.144287,1530.0388,1581.2152,37.424592,2022.4718,2088.7546,44.077204,0,0,0,0,0.77,-1.1,0,0
2025/03/31 20:34:00.135,n,5.966473,93.718736,-0.243654,-0.233248,0.042338,0.141513,0.135617,0.041359,-3.348697,-0.342609,-0.146072,-0.025085,6.308548,333.18592,343.59404,-3.127075,1638.2796,1615.9452,11.721776,2165.3748,2134.7424,23.435016,0,0,0,0,0.77,-1.07,0,0
2025/03/31 20:35:00.135,n,6.003044,93.28768,-0.175126,-0.256598,0.057262,0.21227,0.100238,0.060936,-3.217353,-0.286026,-0.158699,-0.024551,6.285321,331.9787,343.52656,-3.065475,1734.8118,1601.4566,70.5762,2249.737,2118.6968,67.45072,0,0,0,0,0.77,-1.14,0,0
2025/03/31 20:36:00.135,n,5.953091,93.751104,-0.348729,-0.372841,0.152312,-0.106135,0.006153,0.068479,-3.164816,-0.386135,-0.176239,-0.024551,6.268677,330.37912,343.44424,-2.930368,1698.0036,1647.5438,43.439612,2240.135,2176.5008,44.846404,0,0,0,0,0.78,-1.08,0,0
2025/03/31 20:37:00.135,n,5.953091,93.712488,-0.385277,-0.315227,0.085794,0,0.012305,0.04217,-2.993497,-0.271103,-0.198891,-0.024025,6.241014,328.28284,343.3542,-2.89726,1675.302,1617.7362,66.789224,2214.923,2156.806,67.299328,0,0,0,0,0.76,-1.1,0,0
2025/03/31 20:38:00.135,n,5.928093,93.957896,-0.420302,-0.332486,0.072999,-0.03384,0.012049,0.028386,-2.914691,-0.356911,-0.216637,-0.024376,6.233246,326.70928,343.2846,-2.750041,1677.0022,1638.0832,26.739484,2198.9944,2164.9166,27.327642,0,0,0,0,0.79,-1.17,0,0
2025/03/31 20:39:00.135,n,5.898159,94.159944,-0.385277,-0.396191,0.056828,-0.03384,-0.01128,0.042513,-2.862154,-0.386135,-0.233864,-0.026657,6.215545,325.1315,342.99444,-2.683225,1663.636,1654.7286,18.23184,2204.5486,2190.9226,24.355698,0,0,0,0,0.79,-1.14,0,0
2025/03/31 20:40:00.135,n,5.913151,94.152232,-0.385277,-0.46015,0.097905,-0.21227,-0.129464,0.057524,-2.691407,-0.342609,-0.247231,-0.022095,6.198918,323.89298,343.31744,-2.573933,1587.8948,1626.671,29.492372,2107.6604,2144.686,34.496376,0,0,0,0,0.81,-1.19,0,0
2025/03/31 20:41:00.139,n,5.953091,93.602912,-0.560403,-0.530708,0.100132,-0.141513,-0.21791,0.060611,-2.6126,-0.32893,-0.253387,-0.02227,6.187818,323.30546,343.24692,-2.514788,1660.6976,1646.561,29.271146,2189.2918,2169.5112,28.142494,0,0,0,0,0.8,-1.1,0,0
2025/03/31 20:42:00.138,n,5.93478,93.792752,-0.665479,-0.507865,0.098445,-0.281488,-0.153049,0.082236,-2.678272,-0.399815,-0.258133,-0.021919,6.17345,322.82404,343.20716,-2.514671,1746.7424,1699.2358,35.70434,2289.2542,2234.8582,42.619244,0,0,0,0,0.8,-1.18,0,0
2025/03/31 20:43:00.135,n,5.91647,93.703256,-0.560403,-0.541875,0.048286,-0.21227,-0.188428,0.042934,-2.533794,-0.314007,-0.263939,-0.023499,6.163438,322.2723,343.01744,-2.460228,1743.822,1684.1552,36.342812,2279.7102,2219.555,36.199448,0,0,0,0,0.79,-1.1,0,0
2025/03/31 20:44:00.135,n,5.881462,93.928552,-0.698981,-0.606088,0.122268,-0.21227,-0.265337,0.069866,-2.717676,-0.442719,-0.265526,-0.025429,6.156807,322.10218,342.81316,-2.515054,1720.1198,1702.3102,17.504286,2267.3552,2244.4332,19.969978,0,0,0,0,0.79,-1.15,0,0
2025/03/31 20:45:00.136,n,5.823162,94.327864,-1.015731,-0.83426,0.149193,-0.459917,-0.34763,0.081805,-2.717676,-0.45702,-0.271683,-0.023857,6.150176,321.5368,342.92,-2.508481,1745.0148,1700.2956,38.19948,2281.4406,2237.606,38.930708,0,0,0,0,0.79,-1.12,0,0
2025/03/31 20:46:00.135,n,5.814862,94.652816,-0.734006,-0.857102,0.183792,-0.353783,-0.35327,0.044022,-2.783347,-0.471321,-0.274498,-0.02578,6.139107,321.23856,342.69452,-2.560745,1657.2922,1693.3212,27.770488,2183.3278,2230.6346,35.558404,0,0,0,0,0.78,-1.16,0,0
2025/03/31 20:47:00.135,n,5.819889,94.762096,-0.734006,-0.752027,0.093787,-0.387623,-0.317892,0.049821,-3.006632,-0.628635,-0.2789,-0.025429,6.134703,320.836,342.70392,-2.631468,1730.4236,1698.9346,56.504868,2260.7282,2232.2666,61.738156,0,0,0,0,0.79,-1.15,0,0
2025/03/31 20:48:00.135,n,5.763199,94.965072,-0.839082,-0.903549,0.158787,-0.459917,-0.388648,0.080544,-2.954094,-0.714443,-0.278023,-0.0242,6.125844,320.86822,342.76936,-2.493473,1712.3182,1731.4394,31.862204,2258.8714,2269.523,29.031018,0,0,0,0,0.77,-1.12,0,0
2025/03/31 20:49:00.138,n,5.816521,94.438808,-0.804057,-0.845427,0.074663,-0.459917,-0.447612,0.049088,-2.704541,-0.485622,-0.280663,-0.024902,6.114744,320.585,342.65212,-2.474679,1761.0452,1722.85,46.505912,2280.0008,2244.3066,43.570632,0,0,0,0,0.73,-1.05,0,0
2025/03/31 20:50:00.138,n,5.864811,93.933192,-0.770554,-0.752027,0.072191,-0.495296,-0.412234,0.065765,-2.481257,-0.286026,-0.284355,-0.024025,6.104748,320.21612,342.6806,-2.455561,1786.8508,1728.6274,38.827824,2312.8978,2240.0286,45.479668,0,0,0,0,0.78,-1.13,0,0
2025/03/31 20:51:00.139,n,5.826481,94.13836,-0.944158,-0.89162,0.07263,-0.459917,-0.494783,0.030958,-2.6126,-0.342609,-0.287178,-0.027184,6.101449,319.95562,342.3838,-2.529986,1757.0256,1752.727,16.552946,2304.465,2300.5296,19.349418,0,0,0,0,0.78,-1.12,0,0
2025/03/31 20:52:00.136,n,5.821549,94.13524,-0.944158,-0.851011,0.109794,-0.495296,-0.506832,0.10197,-2.796482,-0.499924,-0.287354,-0.022629,6.087049,319.86932,342.71716,-2.561283,1794.3972,1785.3486,44.425216,2329.489,2317.677,45.055524,0,0,0,0,0.78,-1.18,0,0
2025/03/31 20:53:00.135,n,5.788201,94.409504,-1.015731,-0.897711,0.082327,-0.635271,-0.536058,0.078894,-2.796482,-0.45702,-0.292809,-0.024902,6.081507,319.37014,342.48796,-2.607368,1812.8328,1815.9234,31.88103,2347.3894,2363.5222,34.83102,0,0,0,0,0.78,-1.16,0,0
2025/03/31 20:54:00.136,n,5.746502,94.837488,-0.87563,-0.909894,0.07688,-0.529136,-0.56477,0.059386,-2.914691,-0.542828,-0.294746,-0.027885,6.071512,319.15308,342.1736,-2.638725,1833.0394,1804.8028,19.849434,2390.9832,2343.5852,30.252274,0,0,0,0,0.77,-1.05,0,0
2025/03/31 20:55:00.135,n,5.834831,94.092072,-0.839082,-0.909386,0.091686,-0.635271,-0.571179,0.041498,-2.691407,-0.386135,-0.29792,-0.025253,6.065971,318.85128,342.38012,-2.577938,1853.8552,1780.3438,71.478672,2400.1766,2313.9212,80.508384,0,0,0,0,0.78,-1.14,0,0
2025/03/31 20:56:00.136,n,5.793228,94.153736,-0.979183,-0.991112,0.057323,-0.635271,-0.612454,0.072783,-2.836456,-0.499924,-0.296158,-0.023857,6.061548,318.98188,342.48228,-2.608833,1793.4138,1806.5656,21.688708,2341.8108,2353.9668,22.995652,0,0,0,0,0.8,-1.23,0,0
2025/03/31 20:57:00.136,n,5.786541,94.181528,-1.049233,-1.031974,0.093616,-0.635271,-0.653472,0.037113,-2.743944,-0.429039,-0.298622,-0.023499,6.057112,318.74674,342.49212,-2.590029,1838.2488,1818.1984,32.753624,2385.4426,2359.993,32.61288,0,0,0,0,0.77,-1.13,0,0
2025/03/31 20:58:00.138,n,5.821484,94.11576,-1.084258,-1.026137,0.069287,-0.741405,-0.706283,0.044753,-2.42929,-0.070885,-0.295471,-0.020691,6.080597,319.13532,342.85748,-2.633186,1854.223,1842.644,22.768398,2402.7902,2389.081,23.203448,0,0,0,0,0.79,-1.11,0,0
2025/03/31 20:59:00.138,n,5.796536,94.177432,-0.176649,-0.280963,0.125142,0.178429,0.142282,0.083984,-2.455559,-0.100109,-0.299873,-0.023849,6.069562,318.69992,342.5224,-2.631474,1888.8978,1851.9316,37.741224,2442.6158,2402.2186,36.033316,0,0,0,0,0.8,-1.13,0,0
2025/03/31 21:00:07.041,n,5.753224,94.719664,-0.176649,-0.298222,0.10091,0.21227,0.129977,0.047963,-2.560634,-0.143013,-0.30146,-0.023674,6.062914,318.52996,342.50532,-2.695407,1794.5452,1726.6478,121.97378,2315.3604,2246.2736,131.43972,0,0,0,0,0.8,-1.13,0,0
2025/03/31 21:01:00.135,n,5.763184,94.444032,-0.176649,-0.280709,0.06975,0.106135,0.071269,0.044514,-2.42929,-0.070885,-0.303925,-0.019821,6.060688,318.30584,342.83652,-2.642509,1885.9666,1858.3944,26.076808,2434.5748,2392.1624,31.660702,0,0,0,0,0.79,-1.13,0,0
2025/03/31 21:02:00.135,n,5.818165,94.229872,-0.210151,-0.257359,0.078753,0.178429,0.12408,0.030153,-2.363618,-0.027981,-0.30217,-0.02105,6.05292,318.41918,342.68896,-2.616758,1907.6098,1889.6734,29.502542,2458.2612,2441.7226,30.64637,0,0,0,0,0.78,-1.1,0,0
2025/03/31 21:03:00.135,n,5.803173,93.916744,-0.385277,-0.251522,0.092643,-0.035378,0.000256,0.059386,-2.376753,-0.057205,-0.307976,-0.024208,6.049588,317.90052,342.39204,-2.603315,1855.3832,1852.9848,56.508408,2397.8974,2398.215,59.262132,0,0,0,0,0.78,-1.15,0,0
2025/03/31 21:04:00.136,n,5.799855,93.902872,-0.385277,-0.351013,0.223677,0,-0.017176,0.054265,-2.482399,-0.100109,-0.313087,-0.024376,6.046256,317.4419,342.36068,-2.671001,1950.6014,1908.3448,30.357866,2517.1562,2457.3514,36.033316,0,0,0,0,0.78,-1.13,0,0
2025/03/31 21:05:00.136,n,5.764843,94.31156,-0.281724,-0.39746,0.18698,-0.035378,-0.029226,0.081805,-2.626877,-0.143013,-0.315208,-0.024734,6.042957,317.24218,342.31264,-2.774338,1895.6596,1874.5208,20.851858,2442.8028,2417.1044,22.126908,0,0,0,0,0.78,-1.1,0,0
2025/03/31 21:06:00.138,n,5.749905,94.357752,-0.245176,-0.37411,0.133873,0.036916,-0.010767,0.098828,-2.771355,-0.300327,-0.315735,-0.022797,6.037398,317.16904,342.45712,-2.763966,1894.8626,1906.576,32.790242,2449.6636,2446.0524,33.346664,0,0,0,0,0.78,-1.11,0,0
2025/03/31 21:07:00.139,n,5.778225,94.047888,-0.490353,-0.455581,0.082758,0.036916,-0.069731,0.059753,-2.718818,-0.200218,-0.323669,-0.025078,6.030734,316.44986,342.22172,-2.817191,1964.7538,1946.6788,25.565602,2526.77,2497.8398,23.64741,0,0,0,0,0.78,-1.13,0,0
2025/03/31 21:08:00.140,n,5.733204,94.39628,-0.245176,-0.630454,0.361286,-0.069218,-0.093317,0.099084,-2.771355,-0.2425,-0.327019,-0.025436,6.029629,316.1547,342.18444,-2.830437,1938.9144,1934.584,7.509994,2508.1796,2492.153,11.13553,0,0,0,0,0.79,-1.14,0,0
2025/03/31 21:09:00.143,n,5.694824,94.63656,-0.421825,-0.403551,0.184631,-0.106135,-0.052555,0.119795,-2.994069,-0.428417,-0.324898,-0.023674,6.026298,316.32178,342.3246,-2.866875,1959.826,1930.4038,38.698836,2716.4672,2560.334,178.15498,0,0,0,0,0.8,-1.15,0,0
2025/03/31 21:10:00.135,n,5.781544,94.01088,-0.350252,-0.426648,0.111363,-0.141513,-0.141,0.05865,-2.731952,-0.185295,-0.335304,-0.025436,6.019667,315.38874,342.13524,-2.856525,1933.4974,1933.806,22.280036,2507.3272,2548.324,35.383612,0,0,0,0,0.79,-1.13,0,0
2025/03/31 21:11:00.135,n,5.703175,94.185144,-0.281724,-0.35076,0.065815,-0.035378,-0.08742,0.048548,-3.060312,-0.371212,-0.334419,-0.024551,6.019667,315.4653,342.2138,-2.998968,1958.1512,1930.5352,33.929336,2499.9072,2488.8196,30.410524,0,0,0,0,0.78,-1.17,0,0
2025/03/31 21:12:00.135,n,5.696484,94.394712,-0.525378,-0.368018,0.110061,-0.247648,-0.13536,0.061265,-3.152252,-0.485622,-0.338303,-0.027534,6.010793,315.08566,341.9052,-2.977398,1951.7904,1931.9376,34.721752,2498.3002,2474.9414,36.802172,0,0,0,0,0.78,-1.14,0,0
2025/03/31 21:13:00.136,n,5.673195,94.480992,-0.281724,-0.403297,0.120562,-0.069218,-0.158689,0.091697,-3.033472,-0.371212,-0.337593,-0.02298,6.007494,315.13076,342.29344,-2.976873,1950.8084,1954.5834,9.73653,2508.1334,2508.6584,17.320508,0,0,0,0,0.79,-1.13,0,0
2025/03/31 21:14:00.136,n,5.669873,94.544128,-0.31675,-0.420556,0.103595,-0.035378,-0.135104,0.060342,-3.020908,-0.385513,-0.343414,-0.028763,6.004097,314.61038,341.76304,-2.950047,1947.0834,1934.0416,34.669872,2498.0112,2483.8352,35.065652,0,0,0,0,0.78,-1.15,0,0
2025/03/31 21:15:00.138,n,5.654835,94.474848,-0.560403,-0.478932,0.150998,-0.175353,-0.187146,0.069567,-3.047177,-0.342609,-0.351524,-0.030342,5.999693,313.88712,341.60104,-3.02575,1971.6694,1933.817,43.382024,2531.2592,2479.95,49.461096,0,0,0,0,0.79,-1.14,0,0
2025/03/31 21:16:00.140,n,5.679882,94.282264,-0.87563,-0.625124,0.148954,-0.281488,-0.241239,0.071716,-2.941531,-0.256802,-0.35717,-0.027534,5.993029,313.3659,341.81756,-3.014365,1947.1484,1939.1048,14.3527,2501.8486,2494.4102,13.94274,0,0,0,0,0.78,-1.11,0,0
2025/03/31 21:17:00.142,n,5.733204,93.730016,-0.840605,-0.823092,0.178251,-0.353783,-0.323532,0.035567,-2.705112,-0.100109,-0.358406,-0.025436,5.979768,313.19352,341.9384,-2.937973,1935.8778,1913.2358,57.61944,2460.6782,2450.659,58.158404,0,0,0,0,0.78,-1.1,0,0
2025/03/31 21:18:00.145,n,5.723145,93.496816,-0.770554,-0.706342,0.226358,-0.247648,-0.270464,0.110837,-2.915833,-0.200218,-0.367584,-0.030167,5.980856,312.40496,341.52376,-3.053033,2010.7074,1986.9498,25.861168,2656.4272,2589.3066,68.940552,0,0,0,0,0.78,-1.12,0,0
2025/03/31 21:19:00.135,n,5.696484,93.922992,-1.365983,-0.887305,0.347203,-0.423001,-0.329172,0.093973,-3.244193,-0.356911,-0.372711,-0.031746,5.974226,311.92864,341.35064,-3.228248,2011.9448,2025.9692,13.44619,2649.0874,2663.6934,12.837446,0,0,0,0,0.79,-1.13,0,0
2025/03/31 21:20:00.135,n,5.659817,93.930656,-0.80558,-0.758879,0.159227,-0.423001,-0.323788,0.075366,-3.125412,-0.271103,-0.372711,-0.029823,5.97863,311.9505,341.54324,-3.197197,2014.5204,2001.773,17.343586,2644.7432,2647.0668,15.491934,0,0,0,0,0.78,-1.14,0,0
2025/03/31 21:21:00.136,n,5.659817,93.966152,-0.595428,-0.689083,0.15607,-0.175353,-0.311483,0.072721,-3.20479,-0.314007,-0.376587,-0.030518,5.969772,311.57142,341.4378,-3.236852,2024.3774,2015.1142,7.563069,2663.2906,2646.6456,11.83216,0,0,0,0,0.79,-1.12,0,0
2025/03/31 21:22:00.138,n,5.636524,93.927576,-0.910655,-0.80558,0.123337,-0.458379,-0.417874,0.085281,-3.362402,-0.45702,-0.37677,-0.032097,5.955372,311.48468,341.22664,-3.250056,1989.0228,1991.413,40.024992,2597.7006,2613.9236,33.214454,0,0,0,0,0.78,-1.16,0,0
2025/03/31 21:23:00.137,n,5.643215,93.933776,-1.786285,-1.044918,0.411702,-0.599892,-0.465045,0.108128,-3.322999,-0.414116,-0.376587,-0.033852,5.947605,311.46212,341.03244,-3.251619,2076.7238,2044.964,19.565276,2690.4444,2644.9594,25.907528,0,0,0,0,0.78,-1.13,0,0
2025/03/31 21:24:00.142,n,5.611477,94.16512,-0.770554,-1.237557,0.496156,-0.423001,-0.505807,0.110704,-3.506881,-0.600033,-0.374474,-0.03157,5.942063,311.61774,341.2078,-3.249751,2025.139,2025.6934,6.69328,2621.1338,2626.1658,8.14862,0,0,0,0,0.78,-1.15,0,0
2025/03/31 21:25:00.142,n,5.596485,94.353112,-0.80558,-1.062431,0.463957,-0.458379,-0.517599,0.11291,-3.454343,-0.514225,-0.374474,-0.033676,5.933173,311.5738,340.97684,-3.280916,2081.1838,2053.8448,27.099816,2689.1464,2655.8648,28.635644,0,0,0,0,0.79,-1.15,0,0
2025/03/31 21:26:00.145,n,5.604836,94.132752,-0.770554,-0.992381,0.371113,-0.423001,-0.470941,0.106121,-3.336134,-0.514225,-0.3713,-0.033325,5.923178,311.79916,340.95884,-3.159883,2082.4832,2030.4622,28.1496,2694.0996,2630.6242,33.62142,0,0,0,0,0.78,-1.15,0,0
2025/03/31 21:27:00.147,n,5.636524,93.922992,-0.87563,-0.776392,0.184562,-0.495296,-0.441459,0.086001,-3.217924,-0.385513,-0.371819,-0.029823,5.919879,311.73804,341.25356,-3.174406,2081.739,2045.9738,81.99268,2664.8184,2631.5058,90.505248,0,0,0,0,0.78,-1.13,0,0
2025/03/31 21:28:00.135,n,5.619824,93.75004,-0.94568,-0.788321,0.156007,-0.564514,-0.471197,0.082149,-3.283596,-0.45702,-0.36953,-0.032097,5.914305,311.9085,341.02412,-3.164009,2103.242,2076.5568,41.021944,2697.2304,2669.9314,48.373548,0,0,0,0,0.79,-1.13,0,0
2025/03/31 21:29:00.136,n,5.599854,94.046328,-1.085781,-0.823092,0.215626,-0.564514,-0.482477,0.072733,-3.388671,-0.528526,-0.367943,-0.034554,5.908779,312.01856,340.77876,-3.193534,2057.0886,2078.8002,12.585706,2668.3042,2677.9978,14.057028,0,0,0,0,0.78,-1.15,0,0
2025/03/31 21:30:07.034,n,5.638317,93.870832,-1.155832,-1.441871,0.455283,-0.564514,-0.617581,0.151343,-3.046606,-0.171616,-0.36264,-0.026665,5.926656,312.5654,341.56752,-3.210966,2097.4196,2074.19,51.617824,2695.5718,2665.7996,60.807896,0,0,0,0,0.79,-1.14,0,0
2025/03/31 21:31:00.139,n,5.618298,93.968104,-0.665479,-0.303552,0.306679,0.070757,0.188684,0.08569,-3.164816,-0.228199,-0.363884,-0.031578,5.91892,312.41958,341.09292,-3.268922,2135.1126,2119.927,10.373042,2711.0286,2711.9104,12.680694,0,0,0,0,0.78,-1.12,0,0
2025/03/31 21:32:00.142,n,5.609947,94.03748,-0.280202,-0.262689,0.07263,0.106135,0.176891,0.054808,-3.164816,-0.286026,-0.364059,-0.02877,5.911135,312.36608,341.30392,-3.214079,2129.7678,2112.3074,22.750824,2710.677,2695.423,21.37288,0,0,0,0,0.78,-1.18,0,0
2025/03/31 21:33:00.145,n,5.553307,94.262624,-0.210151,-0.169288,0.084109,0.247648,0.20022,0.069204,-3.139118,-0.314629,-0.362122,-0.03035,5.904471,312.50092,341.13084,-3.156261,2118.281,2128.042,27.480902,2708.5554,2698.5594,30.039974,0,0,0,0,0.78,-1.13,0,0
2025/03/31 21:34:00.145,n,5.583287,94.244128,-0.07005,-0.355836,0.25146,0.247648,0.135617,0.084957,-3.151681,-0.243122,-0.361763,-0.030525,5.904471,312.53192,341.11528,-3.239797,2143.0486,2105.1752,47.585712,2744.6912,2696.3442,52.649788,0,0,0,0,0.79,-1.16,0,0
2025/03/31 21:35:00.147,n,5.546616,94.365896,-0.455328,-0.268527,0.154535,0.176891,0.159202,0.058132,-3.204219,-0.343231,-0.360527,-0.028946,5.894493,312.5897,341.2064,-3.192569,2152.9734,2133.6574,14.071248,2759.1258,2733.135,14.93988,0,0,0,0,0.79,-1.15,0,0
2025/03/31 21:36:00.149,n,5.538265,94.459848,-0.420302,-0.384516,0.115015,0.176891,0.182788,0.098595,-3.217353,-0.386135,-0.357529,-0.029823,5.886741,312.81086,341.09024,-3.158924,2127.614,2098.111,36.304268,2690.7996,2665.987,44.362144,0,0,0,0,0.79,-1.13,0,0
2025/03/31 21:37:00.138,n,5.501599,94.481432,-0.210151,-0.279948,0.129085,0.21227,0.153306,0.057772,-3.296159,-0.457642,-0.355766,-0.030525,5.879005,312.92508,340.98972,-3.163759,2117.5804,2147.4562,27.12932,2686.3074,2714.2796,25.984612,0,0,0,0,0.79,-1.15,0,0
2025/03/31 21:38:00.137,n,5.529919,94.398176,-0.455328,-0.565987,0.177201,0.141513,0.076653,0.052075,-3.231058,-0.428417,-0.356651,-0.032455,5.869027,312.7994,340.76916,-3.126837,2167.9188,2135.3084,36.905284,2747.111,2704.0744,38.976916,0,0,0,0,0.79,-1.14,0,0
2025/03/31 21:39:00.141,n,5.50985,94.276496,-0.909132,-0.61218,0.147792,-0.070757,0.06486,0.075603,-3.178521,-0.428417,-0.355766,-0.031403,5.867905,312.87036,340.85708,-3.074468,2124.4612,2079.905,46.677616,2678.3884,2632.3416,52.069184,0,0,0,0,0.78,-1.13,0,0
2025/03/31 21:40:00.141,n,5.553307,94.093,-0.385277,-0.653804,0.234084,0.070757,0.023586,0.091346,-3.231058,-0.457642,-0.349594,-0.028244,5.859,313.36054,341.0938,-3.094767,2141.0568,2173.0178,54.472012,2709.5672,2739.03,56.69568,0,0,0,0,0.77,-1.14,0,0
2025/03/31 21:41:00.144,n,5.584946,93.730352,-0.455328,-0.677154,0.18753,0,-0.011793,0.065871,-3.020337,-0.271725,-0.35276,-0.032104,5.852337,313.05374,340.71808,-3.069269,2210.257,2076.0652,88.084056,2761.7474,2623.7758,95.385536,0,0,0,0,0.79,-1.13,0,0
2025/03/31 21:42:00.147,n,5.551598,93.876984,-0.490353,-0.671063,0.242608,0.035378,0.011793,0.042845,-3.125984,-0.400436,-0.351532,-0.032982,5.845673,313.12722,340.6074,-3.044097,2244.3752,2298.9582,65.409476,2844.824,2891.1428,61.011476,0,0,0,0,0.79,-1.14,0,0
2025/03/31 21:43:00.148,n,5.583287,93.599104,-0.350252,-0.536799,0.189698,0.21227,0.041275,0.108275,-2.980934,-0.243122,-0.34977,-0.031929,5.841237,313.25788,340.67908,-3.055653,2208.6644,2212.2224,12.569806,2794.2824,2796.8196,13.594116,0,0,0,0,0.78,-1.14,0,0
2025/03/31 21:44:00.151,n,5.563267,93.56204,-0.665479,-0.594921,0.158333,-0.070757,-0.035378,0.038755,-3.007203,-0.257423,-0.351349,-0.031052,5.833517,313.08326,340.719,-3.070077,2211.408,2191.7236,18.920886,2793.1184,2769.2894,22.144978,0,0,0,0,0.78,-1.13,0,0
2025/03/31 21:45:00.153,n,5.541588,93.73192,-0.385277,-0.565987,0.135516,-0.035378,-0.029482,0.093379,-3.139118,-0.428417,-0.350472,-0.028412,5.83238,313.15344,340.94772,-3.03276,2205.2918,2200.299,13.069048,2762.823,2759.215,10.079682,0,0,0,0,0.79,-1.15,0,0
2025/03/31 21:46:00.135,n,5.50819,93.836848,-0.909132,-0.869285,0.338143,-0.141513,-0.141513,0.080675,-3.178521,-0.386135,-0.352943,-0.033684,5.822417,312.89062,340.43056,-3.111646,2216.5936,2197.6136,20.464604,2776.0266,2751.884,19.718012,0,0,0,0,0.78,-1.12,0,0
2025/03/31 21:47:00.135,n,5.4515,94.219464,-0.665479,-0.589083,0.213039,-0.035378,-0.076653,0.093379,-3.362402,-0.528526,-0.352417,-0.031227,5.817949,312.91422,340.62676,-3.155066,2209.951,2228.0576,24.256958,2777.884,2789.791,20.297782,0,0,0,0,0.78,-1.14,0,0
2025/03/31 21:48:00.136,n,5.46986,94.093,-0.735529,-1.13172,0.300531,-0.106135,-0.229702,0.123858,-3.08658,-0.343231,-0.352585,-0.029999,5.815754,312.88886,340.72504,-3.065935,2219.5236,2203.386,16.260382,2776.9178,2763.194,14.254824,0,0,0,0,0.78,-1.13,0,0
2025/03/31 21:49:00.136,n,5.546616,93.65164,-0.665479,-0.571571,0.182262,-0.106135,-0.047171,0.065871,-2.810187,-0.157314,-0.350822,-0.027191,5.813545,313.03034,340.96336,-2.976504,2150.0832,2163.0782,30.4171,2713.7186,2718.7012,30.880414,0,0,0,0,0.79,-1.15,0,0
2025/03/31 21:50:00.135,n,5.553307,93.098176,-0.455328,-0.437561,0.100538,0,-0.053067,0.066187,-2.875859,-0.143013,-0.350822,-0.030525,5.804654,312.98664,340.6236,-3.053143,2204.531,2204.8914,65.635352,2747.0672,2748.6096,66.747284,0,0,0,0,0.79,-1.14,0,0
2025/03/31 21:51:00.134,n,5.596665,92.8784,-0.490353,-0.478424,0.064834,-0.035378,-0.058964,0.057772,-2.823322,-0.100109,-0.35524,-0.031929,5.806881,312.61548,340.50988,-3.046523,2180.3034,2240.6058,32.006248,2749.1888,2787.2604,31.962478,0,0,0,0,0.78,-1.14,0,0
2025/03/31 21:52:00.135,n,5.524887,93.370392,-0.385277,-0.460911,0.109866,-0.21227,-0.106135,0.059199,-3.034043,-0.286026,-0.354881,-0.033333,5.802413,312.62438,340.36308,-3.069565,2213.5374,2240.4026,46.827344,2755.9782,2790.5232,40.841156,0,0,0,0,0.78,-1.13,0,0
2025/03/31 21:53:00.137,n,5.503208,93.72728,-0.385277,-0.47817,0.197469,-0.070757,-0.141513,0.07421,-3.099144,-0.300327,-0.355408,-0.032806,5.796854,312.55152,340.38252,-3.121418,2245.784,2233.1462,38.397916,2888.4006,2814.6736,59.638912,0,0,0,0,0.78,-1.12,0,0
2025/03/31 21:54:00.138,n,5.44154,94.048272,-0.595428,-0.431724,0.108097,-0.176891,-0.106135,0.04475,-3.217353,-0.400436,-0.353996,-0.034035,5.79245,312.652,340.25184,-3.136878,2265.5384,2253.1126,13.71131,2936.783,2915.4182,14.254824,0,0,0,0,0.78,-1.13,0,0
2025/03/31 21:55:00.135,n,5.41317,94.066784,-0.55888,-0.455074,0.090986,-0.141513,-0.112031,0.052075,-3.336134,-0.528526,-0.35524,-0.03772,5.785787,312.51168,339.8918,-3.125127,2234.4436,2261.9436,14.913082,2843.5764,2889.4942,23.099782,0,0,0,0,0.78,-1.13,0,0
2025/03/31 21:56:00.134,n,5.438217,94.094512,-0.385277,-0.413957,0.110013,-0.176891,-0.123824,0.048766,-3.362402,-0.543449,-0.351349,-0.033508,5.780261,312.82108,340.23864,-3.136794,2230.3304,2228.762,35.49648,2820.2048,2808.7834,35.72114,0,0,0,0,0.78,-1.13,0,0
2025/03/31 21:57:00.136,n,5.43319,93.830696,-0.665479,-0.554566,0.102515,-0.21227,-0.170995,0.041359,-3.125984,-0.457642,-0.354172,-0.035965,5.779156,312.57132,340.01488,-2.986549,2230.9046,2247.5288,58.675376,2812.971,2817.6006,59.390236,0,0,0,0,0.78,-1.12,0,0
2025/03/31 21:58:00.135,n,5.424839,93.932552,-0.87563,-0.95101,0.224435,-0.176891,-0.247648,0.063287,-3.204219,-0.471321,-0.355064,-0.035965,5.774688,312.47216,339.99296,-3.051997,2266.652,2251.194,25.13961,2840.4592,2816.949,26.892378,0,0,0,0,0.79,-1.14,0,0
2025/03/31 21:59:00.135,n,5.379772,94.16708,-0.735529,-0.770554,0.054261,-0.283026,-0.229959,0.048766,-3.375537,-0.614334,-0.353645,-0.035088,5.766919,312.55664,340.03264,-3.07976,2141.1936,2065.645,148.53282,2696.5906,2618.8322,151.94736,0,0,0,0,0.79,-1.14,0,0
2025/03/31 22:00:07.048,n,5.361462,94.324304,-0.630454,-0.706088,0.117559,-0.247648,-0.253288,0.068373,-3.375537,-0.600655,-0.352417,-0.035088,5.764693,312.65192,340.02164,-3.092212,2238.6478,2219.6326,34.531148,2816.1296,2788.5008,49.783532,0,0,0,0,0.78,-1.12,0,0
2025/03/31 22:01:00.135,n,5.406479,93.929472,-0.87563,-0.735529,0.112953,-0.247648,-0.247648,0.031643,-3.217353,-0.557751,-0.352234,-0.031052,5.752504,312.60784,340.32016,-2.980785,2257.885,2258.6176,22.917242,2813.777,2816.261,15.874508,0,0,0,0,0.78,-1.12,0,0
2025/03/31 22:02:00.136,n,5.374741,94.048272,-0.735529,-0.82893,0.258966,-0.247648,-0.265081,0.073142,-3.41494,-0.600655,-0.354355,-0.037193,5.748068,312.40258,339.75292,-3.131447,2507.9378,2324.777,91.086768,3118.252,2902.7688,108.45092,0,0,0,0,0.78,-1.15,0,0
2025/03/31 22:03:00.139,n,5.35643,94.16708,-0.630454,-0.612687,0.072852,-0.316866,-0.229446,0.082315,-3.506881,-0.743046,-0.35276,-0.034737,5.743632,312.51858,339.94916,-3.081859,2238.9152,2306.7166,73.261176,2822.9144,2892.7706,77.42868,0,0,0,0,0.78,-1.14,0,0
2025/03/31 22:04:00.136,n,5.354771,94.128448,-1.015731,-0.793905,0.215531,-0.389161,-0.294306,0.057526,-3.453772,-0.643559,-0.356293,-0.037018,5.732532,312.15854,339.69208,-3.129488,2416.5096,2303.2524,63.702436,3001.5344,2882.3948,68.638184,0,0,0,0,0.78,-1.13,0,0
2025/03/31 22:05:00.135,n,5.319809,94.211752,-0.700504,-0.647712,0.105204,-0.247648,-0.224062,0.069567,-3.480612,-0.700764,-0.353996,-0.036491,5.729168,312.34054,339.72216,-3.097353,2318.0574,2307.1592,29.516098,2937.8742,2912.094,32.899848,0,0,0,0,0.79,-1.13,0,0
2025/03/31 22:06:00.137,n,5.346421,94.160872,-0.735529,-0.676646,0.084797,-0.247648,-0.218166,0.060936,-3.598821,-0.828854,-0.355583,-0.038597,5.72361,312.1759,339.50784,-3.086954,2348.2502,2328.6374,10.65833,2967.473,2946.0232,11.313708,0,0,0,0,0.78,-1.13,0,0
2025/03/31 22:07:00.135,n,5.383091,93.878544,-0.700504,-0.712179,0.090435,-0.283026,-0.300715,0.076698,-3.533149,-0.65786,-0.356476,-0.038246,5.716979,312.06614,339.50644,-3.193519,2414.0608,2392.592,16.970562,3052.894,3026.5908,16.946976,0,0,0,0,0.78,-1.13,0,0
2025/03/31 22:08:00.135,n,5.324841,93.78748,-0.490353,-0.49619,0.074848,-0.283026,-0.247648,0.031643,-3.520015,-0.643559,-0.357887,-0.040176,5.716979,311.94404,339.33504,-3.194167,2343.8182,2362.2624,11.61034,2969.7894,2994.8782,14.47757,0,0,0,0,0.79,-1.14,0,0
2025/03/31 22:09:00.135,n,5.321518,93.924832,-0.630454,-0.601266,0.078057,-0.283026,-0.27713,0.014443,-3.690762,-0.814552,-0.357529,-0.040535,5.712544,311.9533,339.2814,-3.193203,2334.3908,2350.1276,20.697826,2969.1458,2980.5726,15.949922,0,0,0,0,0.78,-1.14,0,0
2025/03/31 22:10:00.137,n,5.298229,94.160872,-0.630454,-0.6769,0.082327,-0.459917,-0.353783,0.067126,-3.664493,-0.871758,-0.35894,-0.040703,5.70588,311.79834,339.23364,-3.110973,2356.4846,2323.5166,33.651148,3001.1848,2946.1716,40.919432,0,0,0,0,0.79,-1.14,0,0
2025/03/31 22:11:00.137,n,5.258385,94.310384,-0.630454,-0.688575,0.081459,-0.353783,-0.35327,0.03932,-3.756434,-0.957565,-0.359474,-0.040352,5.692555,311.6867,339.19936,-3.117991,2329.2728,2323.6434,7.456541,2971.5744,2953.2664,18,0,0,0,0,0.78,-1.13,0,0
2025/03/31 22:12:00.139,n,5.281628,94.34276,-0.804057,-0.70025,0.0825,-0.459917,-0.377112,0.048714,-3.808972,-0.971867,-0.359474,-0.041237,5.693676,311.69208,339.12612,-3.155342,2342.4582,2299.8794,22.706828,2961.2214,2928.7562,21.10924,0,0,0,0,0.78,-1.13,0,0
2025/03/31 22:13:00.135,n,5.245053,94.276496,-0.840605,-0.781722,0.095226,-0.495296,-0.400954,0.076426,-3.7433,-0.971867,-0.359474,-0.042107,5.685891,311.65384,339.01064,-3.088801,2336.7962,2339.634,15.046596,2951.6306,2947.3504,14.338758,0,0,0,0,0.78,-1.14,0,0
2025/03/31 22:14:00.135,n,5.2496,94.472984,-0.665479,-0.770047,0.062319,-0.316866,-0.376855,0.070091,-3.611956,-0.771648,-0.354889,-0.040001,5.702646,312.13284,339.28004,-3.155195,2317.4938,2319.491,12.759312,2924.653,2935.3786,13.594116,0,0,0,0,0.78,-1.12,0,0
2025/03/31 22:15:00.135,n,5.26952,94.378992,-0.07005,-0.105076,0.073469,0.355321,0.277386,0.05253,-3.585687,-0.685841,-0.356476,-0.040176,5.698178,311.9737,339.2426,-3.216146,2329.7586,2331.7414,8.50882,2937.6188,2932.9326,15.646086,0,0,0,0,0.79,-1.14,0,0
2025/03/31 22:16:00.135,n,5.176453,94.657752,-0.035025,-0.029188,0.056113,0.318404,0.289179,0.052461,-3.703896,-0.857456,-0.354363,-0.042992,5.688247,312.10758,338.9436,-3.157811,2317.2258,2319.554,32.674148,2916.8978,2923.3984,32.887688,0,0,0,0,0.78,-1.13,0,0
2025/03/31 22:17:00.135,n,5.226258,94.57924,-0.035025,-0.052538,0.036735,0.318404,0.259441,0.048336,-3.690762,-0.800251,-0.353828,-0.039833,5.686006,312.14282,339.2132,-3.204506,2352.6232,2338.1524,29.72541,2963.3934,2938.5848,34.641016,0,0,0,0,0.78,-1.14,0,0
2025/03/31 22:18:00.136,n,5.221325,94.551504,-0.138578,-0.151014,0.036477,0.247648,0.235855,0.053264,-3.743871,-0.90036,-0.351898,-0.040535,5.677083,312.266,339.10704,-3.154874,2379.1746,2360.885,22.099774,2976.2762,2957.8646,16.049924,0,0,0,0,0.78,-1.14,0,0
2025/03/31 22:19:00.139,n,5.201355,94.645504,-0.138578,-0.145177,0.096901,0.318404,0.200477,0.082718,-3.782703,-0.843155,-0.352242,-0.040001,5.675978,312.23074,339.14888,-3.251788,2361.5358,2357.2698,10.217632,2947.035,2944.74,8.246211,0,0,0,0,0.78,-1.14,0,0
2025/03/31 22:20:00.139,n,5.209656,94.594616,-0.07005,-0.075888,0.060327,0.283026,0.241751,0.056679,-3.651359,-0.743046,-0.355949,-0.042282,5.667155,311.8666,338.90296,-3.22198,2391.2814,2376.8064,10.353744,2978.9134,2958.2614,17.66352,0,0,0,0,0.79,-1.14,0,0
2025/03/31 22:21:00.141,n,5.201355,94.62392,-0.628931,-0.367003,0.195191,-0.035378,0.112031,0.081958,-3.782703,-0.871758,-0.354889,-0.043167,5.657128,311.90914,338.77516,-3.222667,2362.4284,2346.8652,9.54987,2957.405,2933.206,15.899686,0,0,0,0,0.78,-1.13,0,0
2025/03/31 22:22:00.136,n,5.216347,94.218688,-0.175126,-0.262181,0.13221,0.176891,0.141513,0.089501,-3.62509,-0.700142,-0.356133,-0.04158,5.65045,311.76874,338.88324,-3.2395,2328.41,2383.2368,27.75608,2927.777,2977.17,26.138094,0,0,0,0,0.78,-1.13,0,0
2025/03/31 22:23:00.135,n,5.25121,94.089152,-0.105076,-0.168527,0.097011,0.141513,0.153562,0.028386,-3.611956,-0.771648,-0.354889,-0.039307,5.647118,311.85996,339.0688,-3.15589,2385.1712,2375.4392,14.615062,2983.0026,2957.6824,19.778776,0,0,0,0,0.78,-1.14,0,0
2025/03/31 22:24:00.135,n,5.271179,93.857704,-0.383754,-0.192131,0.118148,0.107673,0.177404,0.073625,-3.572553,-0.642937,-0.357887,-0.041939,5.643787,311.58422,338.81868,-3.245564,2410.6916,2415.098,10.545142,2982.7864,2998.3906,15.646086,0,0,0,0,0.78,-1.13,0,0
2025/03/31 22:25:00.135,n,5.227967,93.941056,-0.243654,-0.279694,0.094213,0.107673,0.112544,0.041279,-3.677628,-0.814552,-0.358772,-0.044739,5.636051,311.4696,338.53196,-3.177109,2391.9318,2393.2396,9.75705,2948.0042,2957.784,17.708756,0,0,0,0,0.78,-1.14,0,0
2025/03/31 22:26:00.135,n,5.218006,94.019712,-0.175126,-0.279948,0.106238,0.107673,0.112288,0.075581,-3.743871,-0.843155,-0.359833,-0.046501,5.628234,311.33948,338.33704,-3.214048,2434.633,2419.2098,25.596874,2987.3308,2976.239,30.476222,0,0,0,0,0.78,-1.14,0,0
2025/03/31 22:27:00.137,n,5.196327,93.919424,-0.455328,-0.331978,0.076288,0.070757,0.071013,0.022865,-3.743871,-0.800251,-0.361244,-0.044395,5.622726,311.19024,338.49692,-3.260469,2446.6262,2441.8684,16.024982,3015.6478,3008.3812,20.396078,0,0,0,0,0.78,-1.13,0,0
2025/03/31 22:28:00.137,n,5.191395,93.96728,-0.80558,-0.542637,0.329466,0.035378,0.076653,0.121357,-3.743871,-0.814552,-0.36248,-0.046326,5.617135,311.05584,338.298,-3.245473,2421.6102,2427.3128,15.336232,2939.7858,2965.2832,15.491934,0,0,0,0,0.78,-1.14,0,0
2025/03/31 22:29:00.142,n,5.219666,93.737296,-1.749737,-0.868777,0.461297,-0.106135,-0.046915,0.085353,-3.703896,-0.757347,-0.363716,-0.045799,5.609367,310.91088,338.30672,-3.264466,2479.8552,2476.2468,20.976178,3032.716,3010.2266,33.692728,0,0,0,0,0.79,-1.13,0,0
2025/03/31 22:30:07.038,n,5.133145,93.860776,-1.084258,-0.798981,0.263773,-0.21227,-0.111775,0.068532,-3.822106,-0.857456,-0.363892,-0.045799,5.606037,310.87934,338.29036,-3.282742,2504.989,2483.7824,11.063454,3038.1486,3019.2862,10.990906,0,0,0,0,0.79,-1.14,0,0
2025/03/31 22:31:00.135,n,5.168103,94.01664,-0.455328,-0.600505,0.17041,0,-0.064604,0.051624,-3.743871,-0.857456,-0.36319,-0.043335,5.60381,310.92914,338.49828,-3.206269,2526.9558,2553.6052,22.97825,3031.736,3047.7608,10.620734,0,0,0,0,0.78,-1.14,0,0
2025/03/31 22:32:00.135,n,5.199696,93.774304,-0.455328,-0.530962,0.161979,-0.139975,-0.017433,0.093865,-3.664493,-0.728745,-0.363892,-0.044037,5.592711,310.81382,338.38136,-3.255603,2437.6326,2455.041,25.424398,2975.572,2982.2032,16.804762,0,0,0,0,0.78,-1.14,0,0
2025/03/31 22:33:00.135,n,5.218006,93.316976,-0.350252,-0.372841,0.131974,-0.070757,0.047427,0.062249,-3.611956,-0.657238,-0.368134,-0.046501,5.588242,310.42498,338.14064,-3.27635,2491.9012,2515.2458,29.353024,3008.9412,3025.7542,25.565602,0,0,0,0,0.78,-1.14,0,0
2025/03/31 22:34:00.135,n,5.169766,93.23964,-0.48883,-0.396191,0.064891,-0.035378,0.006153,0.069112,-3.62509,-0.757347,-0.369186,-0.04422,5.579386,310.29032,338.2996,-3.192709,2522.4196,2520.3278,38.802064,3069.5926,3046.2248,46.673332,0,0,0,0,0.78,-1.14,0,0
2025/03/31 22:35:00.136,n,5.209656,93.191736,-0.278679,-0.372841,0.081635,-0.035378,-0.041018,0.060431,-3.533149,-0.629257,-0.369011,-0.044571,5.572755,310.27298,338.23592,-3.228332,2442.2508,2463.5518,27.276364,3013.7454,3004.2238,23.698102,0,0,0,0,0.78,-1.13,0,0
2025/03/31 22:36:00.138,n,5.246228,92.685536,-0.243654,-0.262181,0.048285,-0.106135,0.000256,0.081081,-3.480612,-0.514225,-0.374489,-0.046852,5.572755,309.79914,338.03332,-3.294024,2434.446,2425.8812,31.470622,3025.949,2998.2332,40.526536,0,0,0,0,0.78,-1.14,0,0
2025/03/31 22:37:00.141,n,5.199696,92.917808,-0.278679,-0.27944,0.049755,0.070757,0,0.067126,-3.730165,-0.714443,-0.375191,-0.048607,5.566093,309.70572,337.8448,-3.342306,2348.8182,2418.8854,36.834768,2932.1428,3001.2706,35.855264,0,0,0,0,0.79,-1.14,0,0
2025/03/31 22:38:00.143,n,5.272839,92.42816,-0.48883,-0.349237,0.117674,0,-0.035378,0.031643,-3.756434,-0.757347,-0.373779,-0.047203,5.560487,309.80024,337.94188,-3.325663,2420.553,2416.7998,28.927496,2995.8444,2988.2562,27.305678,0,0,0,0,0.78,-1.14,0,0
2025/03/31 22:39:00.143,n,5.352627,91.566592,-0.628931,-0.442637,0.135693,-0.176891,-0.12972,0.036539,-3.493175,-0.471321,-0.3759,-0.044395,5.553824,309.5841,338.1586,-3.353359,2421.199,2414.3772,18.417384,3010.8992,2991.8846,24.478562,0,0,0,0,0.78,-1.14,0,0
2025/03/31 22:40:00.135,n,5.332703,91.512392,-0.593906,-0.40812,0.10986,-0.176891,-0.106135,0.080675,-3.546284,-0.499924,-0.373604,-0.047554,5.548298,309.75562,337.85096,-3.37241,2414.9656,2420.3596,17.2974,3016.68,3006.4914,19.078784,0,0,0,0,0.78,-1.13,0,0
2025/03/31 22:41:00.135,n,5.331043,91.484512,-0.420302,-0.414211,0.063741,-0.139975,-0.082293,0.036044,-3.520015,-0.442719,-0.377312,-0.050537,5.546057,309.4238,337.57496,-3.404071,2420.0008,2418.835,31.138402,3000.947,3013.9724,31.521422,0,0,0,0,0.79,-1.14,0,0
2025/03/31 22:42:00.135,n,5.271179,91.756976,-0.523855,-0.536292,0.068567,-0.035378,-0.093829,0.04217,-3.808972,-0.600033,-0.376953,-0.049133,5.539394,309.42214,337.66696,-3.536759,2424.4388,2427.9322,10.695794,2992.2566,2998.6672,10.03992,0,0,0,0,0.78,-1.13,0,0
2025/03/31 22:43:00.136,n,5.349255,91.507752,-0.628931,-0.63553,0.194388,-0.24611,-0.164586,0.078997,-3.467477,-0.399815,-0.37413,-0.040176,5.537168,309.6554,338.45148,-3.401617,2390.595,2389.6246,10.50714,2955.6922,2941.039,15.874508,0,0,0,0,0.78,-1.13,0,0
2025/03/31 22:44:00.137,n,5.276161,91.4954,-0.455328,-0.570809,0.214224,-0.106135,-0.165099,0.091346,-3.506881,-0.429039,-0.373421,-0.048607,5.529368,309.6784,337.6644,-3.402655,2378.3474,2399.382,20.765356,2945.0734,2963.0682,21.559222,0,0,0,0,0.79,-1.14,0,0
2025/03/31 22:45:00.141,n,5.349255,91.07084,-0.48883,-0.559896,0.13081,-0.070757,-0.087933,0.042577,-3.428074,-0.356911,-0.370781,-0.045441,5.53161,309.91788,337.95668,-3.396504,2401.76,2348.5986,42.478228,2995.1218,2918.6268,57.674948,0,0,0,0,0.78,-1.13,0,0
2025/03/31 22:46:00.141,n,5.2496,91.53564,-0.593906,-0.55355,0.102864,0,-0.141257,0.102112,-3.572553,-0.45702,-0.367775,-0.050537,5.53161,310.17792,337.50408,-3.432771,2295.2352,2356.0984,42.398112,2910.7938,2957.917,32.385182,0,0,0,0,0.78,-1.14,0,0
2025/03/31 22:47:00.143,n,5.392567,90.432896,-0.48883,-0.524617,0.113145,-0.139975,-0.152537,0.075715,-3.467477,-0.386135,-0.36689,-0.04808,5.526101,310.22732,337.69512,-3.400152,2352.4924,2316.0428,51.17812,2966.3996,2914.4786,55.62014,0,0,0,0,0.78,-1.14,0,0
2025/03/31 22:48:00.146,n,5.352627,90.4142,-0.560403,-0.647205,0.126731,-0.070757,-0.170739,0.075148,-3.401235,-0.32893,-0.367065,-0.050018,5.523875,310.20126,337.51212,-3.389352,2329.5916,2363.3738,27.842412,2906.6448,2949.0452,33.262592,0,0,0,0,0.78,-1.14,0,0
2025/03/31 22:49:00.135,n,5.414196,90.025528,-0.48883,-0.472333,0.098232,-0.106135,-0.105878,0.021892,-3.296159,-0.286026,-0.368134,-0.047905,5.520511,310.09234,337.68328,-3.330362,2359.987,2368.1316,10.276186,2956.2322,2964.5646,14.338758,0,0,0,0,0.79,-1.13,0,0
2025/03/31 22:50:00.135,n,5.394226,90.16708,-0.48883,-0.449236,0.071324,-0.139975,-0.094086,0.065653,-3.243622,-0.199596,-0.365837,-0.046669,5.522737,310.30194,337.804,-3.363194,2376.1946,2346.367,15.297058,2969.3508,2934.6458,17.686154,0,0,0,0,0.78,-1.13,0,0
2025/03/31 22:51:00.136,n,5.357605,90.100232,-0.420302,-0.500759,0.087397,-0.106135,-0.147153,0.034841,-3.375537,-0.299706,-0.364426,-0.044037,5.51497,310.38602,337.99972,-3.39622,2407.6984,2376.3732,18.931456,2930.8172,2920.5666,17.041126,0,0,0,0,0.78,-1.14,0,0
2025/03/31 22:52:00.137,n,5.352627,90.171768,-0.48883,-0.565226,0.110013,-0.21227,-0.194068,0.053048,-3.467477,-0.442719,-0.365837,-0.050362,5.512743,310.253,337.42708,-3.340234,2538.1346,2494.6174,45.747132,3035.806,2996.8826,42.03808,0,0,0,0,0.79,-1.14,0,0
2025/03/31 22:53:00.141,n,5.302773,90.381584,-0.700504,-0.594413,0.058977,-0.070757,-0.164842,0.076095,-3.283596,-0.399815,-0.363365,-0.045273,5.512743,310.46682,337.87904,-3.201874,2587.2404,2572.0598,17.686154,3029.3146,3033.9646,21.01428,0,0,0,0,0.78,-1.13,0,0
2025/03/31 22:54:00.142,n,5.25121,90.68764,-0.734006,-0.664464,0.141467,-0.21227,-0.182019,0.064835,-3.401235,-0.471321,-0.36866,-0.052818,5.50938,309.99216,337.19228,-3.245755,2701.9338,2661.6468,30.502458,3113.618,3084.404,27.188232,0,0,0,0,0.79,-1.13,0,0
2025/03/31 22:55:00.144,n,5.226258,90.985536,-0.839082,-0.66421,0.145261,-0.21227,-0.21791,0.034211,-3.520015,-0.514225,-0.369186,-0.050018,5.503855,309.91952,337.41384,-3.324958,2692.0822,2678.697,25.471552,3102.4146,3077.948,29.502542,0,0,0,0,0.78,-1.14,0,0
2025/03/31 22:56:00.145,n,5.116429,91.814136,-0.560403,-0.594413,0.123512,-0.24611,-0.20586,0.051591,-3.665064,-0.600655,-0.369911,-0.051071,5.51965,309.93436,337.39788,-3.383249,2749.6478,2734.633,10.620734,3125.7706,3121.3626,10.392304,0,0,0,0,0.79,-1.14,0,0
2025/03/31 22:57:00.148,n,5.118088,91.852808,-0.490353,-0.361927,0.175359,0.247648,0.235855,0.036538,-3.743871,-0.657238,-0.369377,-0.05072,5.514124,309.9535,337.402,-3.40529,2771.612,2749.7878,17.866168,3092.7564,3087.0402,22,0,0,0,0,0.78,-1.13,0,0
2025/03/31 22:58:00.135,n,5.129711,91.81564,-0.105076,-0.163451,0.116517,0.353783,0.306612,0.076426,-3.717602,-0.629257,-0.373085,-0.049843,5.509656,309.61072,337.45788,-3.411587,2898.2238,2879.2224,41.713308,3152.3826,3150.5364,22.785962,0,0,0,0,0.79,-1.14,0,0
2025/03/31 22:59:00.137,n,5.018284,92.409448,-0.245176,-0.198476,0.118604,0.21227,0.27713,0.068662,-3.86208,-0.828854,-0.376442,-0.053001,5.496363,309.25516,337.1122,-3.356667,2790.2112,2875.8428,44.163332,3047.4726,3125.9554,41.47288,0,0,0,0,0.78,-1.13,0,0
2025/03/31 23:00:07.052,n,5.098118,91.9904,-0.140101,-0.215989,0.122171,0.353783,0.318404,0.063287,-3.585687,-0.557129,-0.376976,-0.049141,5.485233,309.15432,337.40044,-3.356393,2914.5314,2753.1426,88.836928,3109.7718,2954.2322,91.376144,0,0,0,0,0.78,-1.14,0,0
2025/03/31 23:01:00.140,n,4.991623,92.40788,-0.210151,-0.192639,0.061668,0.283026,0.306612,0.036538,-3.796408,-0.714443,-0.377327,-0.052475,5.47857,309.09134,337.07168,-3.406817,2858.7038,2887.6992,48.637436,3085.7026,3109.8506,59.248632,0,0,0,0,0.78,-1.13,0,0
2025/03/31 23:02:00.142,n,5.056565,92.128,-0.245176,-0.256851,0.122672,0.21227,0.271233,0.048336,-3.665064,-0.686462,-0.377327,-0.047913,5.467439,309.03672,337.42224,-3.308016,2935.5848,2921.8372,49.983996,3145.67,3115.9016,42.03808,0,0,0,0,0.78,-1.13,0,0
2025/03/31 23:03:00.146,n,5.038254,92.10788,-0.07005,-0.134263,0.092447,0.318404,0.288922,0.026632,-3.573124,-0.557129,-0.376091,-0.044746,5.460744,309.11084,337.67064,-3.347339,2868.0134,2896.1368,18.417384,3105.435,3122.803,15.205262,0,0,0,0,0.78,-1.13,0,0
2025/03/31 23:04:00.146,n,5.038254,92.12336,-0.350252,-0.268527,0.122672,0.21227,0.294819,0.053264,-3.665064,-0.57143,-0.37944,-0.050896,5.446347,308.75042,337.05388,-3.422178,2912.3416,2852.1136,33.59762,3152.9954,3084.7012,36.899864,0,0,0,0,0.78,-1.13,0,0
2025/03/31 23:05:00.149,n,5.011643,92.186688,-0.245176,-0.186801,0.090435,0.21227,0.235855,0.018269,-3.665064,-0.614334,-0.378563,-0.051773,5.439685,308.79374,336.94336,-3.37752,2870.2204,2880.78,17.41264,3121.6204,3129.8762,17.481418,0,0,0,0,0.78,-1.13,0,0
2025/03/31 23:06:00.152,n,4.95837,92.535024,-0.210151,-0.245176,0.076736,0.176891,0.241751,0.072216,-3.848946,-0.786572,-0.380508,-0.054405,5.430796,308.58172,336.66588,-3.388477,3001.384,2928.8288,56.589752,3180.7796,3131.697,38.220412,0,0,0,0,0.78,-1.13,0,0
2025/03/31 23:07:00.138,n,4.868527,92.925464,-0.07005,-0.221826,0.093108,0.283026,0.229959,0.053654,-4.019693,-0.857456,-0.381386,-0.053886,5.42077,308.45676,336.66292,-3.489736,3107.273,3085.1464,49.185364,3222.19,3195.8466,30.672462,0,0,0,0,0.78,-1.13,0,0
2025/03/31 23:08:00.139,n,4.88015,93.139032,-0.210151,-0.204314,0.095064,0.141513,0.188684,0.042845,-4.019693,-0.857456,-0.384041,-0.053177,5.411848,308.18322,336.68208,-3.4931,2667.3304,2910.6696,194.49422,3050.9992,3156.363,86.80092,0,0,0,0,0.78,-1.13,0,0
2025/03/31 23:09:00.142,n,4.838547,93.264328,-0.350252,-0.274364,0.08114,0.141513,0.200477,0.053264,-4.045962,-0.928963,-0.386505,-0.055634,5.40184,307.92098,336.4148,-3.44787,2431.6272,2509.105,62.462788,2938.3426,2974.0222,27.025914,0,0,0,0,0.78,-1.13,0,0
2025/03/31 23:10:00.143,n,4.815209,93.383368,-0.105076,-0.157613,0.065526,0.21227,0.206373,0.034784,-4.30922,-1.043995,-0.387215,-0.055817,5.387426,307.789,336.32796,-3.596623,2284.3962,2332.1966,32.887688,2821.597,2857.1408,26.35147,0,0,0,0,0.79,-1.13,0,0
2025/03/31 23:11:00.146,n,4.786984,93.471504,-0.280202,-0.262689,0.075933,0.141513,0.153306,0.053264,-4.151036,-1.014771,-0.390572,-0.055817,5.376294,307.444,336.27336,-3.471021,2311.1418,2294.2954,15.205262,2836.5554,2810.6622,18.56879,0,0,0,0,0.78,-1.13,0,0
2025/03/31 23:12:00.135,n,4.788647,93.275168,-0.210151,-0.286039,0.060327,0.141513,0.176891,0.04475,-4.059096,-0.971867,-0.394463,-0.05336,5.360696,307.031,336.41512,-3.428332,2231.237,2279.804,31.093408,2767.95,2817.095,35.743532,0,0,0,0,0.78,-1.13,0,0
2025/03/31 23:13:00.149,n,4.826927,92.772144,-0.245176,-0.262689,0.061668,0.176891,0.106135,0.054808,-3.980861,-0.914661,-0.401001,-0.056519,5.348476,306.40558,336.07476,-3.410682,2284.1428,2257.1884,24.617068,2811.7956,2780.8084,24.265202,0,0,0,0,0.79,-1.13,0,0
2025/03/31 23:14:00.151,n,4.833569,92.531952,-0.455328,-0.315227,0.085794,0.106135,0.088446,0.048766,-4.151036,-1.001091,-0.40303,-0.053886,5.334047,306.15934,336.23784,-3.499089,2263.4368,2301.4968,18.931456,2790.4388,2826.6944,18.26472,0,0,0,0,0.78,-1.12,0,0
2025/03/31 23:15:00.139,n,4.87019,92.047632,-0.245176,-0.315227,0.066456,0.035378,0.117928,0.048336,-4.072801,-0.871758,-0.409187,-0.052658,5.321827,305.56692,336.28712,-3.557573,2263.9822,2255.3738,15.466092,2803.2786,2778.7784,17.843768,0,0,0,0,0.78,-1.14,0,0
2025/03/31 23:16:00.138,n,4.876827,91.888352,-0.315227,-0.321064,0.060327,0,0.047171,0.048336,-4.033398,-0.771648,-0.414825,-0.05423,5.309624,305.01948,336.0878,-3.622346,2316.0534,2288.1846,20.947554,2813.194,2802.0938,11.09955,0,0,0,0,0.78,-1.14,0,0
2025/03/31 23:17:00.137,n,4.92009,91.3946,-0.420302,-0.396952,0.042418,-0.035378,0.023586,0.036539,-3.809543,-0.600655,-0.421516,-0.05336,5.291799,304.35336,336.07776,-3.577045,2393.9236,2369.4542,28.099822,2879.6496,2843.5242,24.03331,0,0,0,0,0.78,-1.12,0,0
2025/03/31 23:18:00.135,n,4.945091,90.948112,-0.490353,-0.44949,0.051555,-0.035378,-0.017689,0.019377,-3.757005,-0.529148,-0.427681,-0.05423,5.281774,303.77094,335.95136,-3.601308,2312.5236,2304.3458,17.843768,2809.987,2806.0254,17.458522,0,0,0,0,0.78,-1.13,0,0
2025/03/31 23:19:00.135,n,4.971653,90.459096,-0.420302,-0.478678,0.042418,0.035378,-0.06486,0.056679,-3.638796,-0.429039,-0.434555,-0.051949,5.267328,303.10562,336.08324,-3.592363,2282.5706,2276.4532,14.282858,2806.7326,2795.3818,9.121404,0,0,0,0,0.78,-1.13,0,0
2025/03/31 23:20:00.135,n,4.971653,90.712272,-0.420302,-0.391115,0.046554,0.035378,0.023586,0.057772,-3.809543,-0.429039,-0.438248,-0.055634,5.25623,302.73188,335.70168,-3.763118,2348.18,2310.159,32.637402,2873.4108,2838.9326,34.011764,0,0,0,0,0.79,-1.14,0,0
2025/03/31 23:21:00.136,n,4.90847,90.732448,-0.385277,-0.396952,0.036174,-0.035378,-0.041275,0.056679,-3.914618,-0.500546,-0.439659,-0.054932,5.242874,302.54434,335.69856,-3.7988,2340.9666,2338.6802,11.730304,2835.1526,2838.8064,12.774976,0,0,0,0,0.78,-1.14,0,0
2025/03/31 23:22:00.135,n,4.895138,90.892304,-0.315227,-0.385277,0.058608,-0.035378,-0.023586,0.048336,-4.098499,-0.557129,-0.443367,-0.059685,5.231744,302.16926,335.2221,-3.925052,2251.4304,2317.637,36.276716,2778.7566,2831.9016,29.556724,0,0,0,0,0.78,-1.14,0,0
2025/03/31 23:23:00.137,n,4.913498,90.780544,-0.350252,-0.431977,0.052732,-0.035378,-0.076653,0.026632,-3.954021,-0.500546,-0.445305,-0.059853,5.220581,301.94696,335.15252,-3.838927,2311.887,2310.2946,30.133038,2850.9372,2833.2858,39.688788,0,0,0,0,0.78,-1.13,0,0
2025/03/31 23:24:00.137,n,4.845238,91.259792,-0.525378,-0.431977,0.057196,-0.070757,-0.076653,0.026632,-4.21728,-0.743668,-0.445122,-0.061615,5.206103,301.89202,334.92526,-3.857119,2277.9582,2296.4686,13.89964,2785.7366,2806.3584,16.804762,0,0,0,0,0.78,-1.13,0,0
2025/03/31 23:25:00.135,n,4.813595,91.42404,-0.595428,-0.519541,0.071495,-0.283026,-0.182788,0.060936,-4.21728,-0.771648,-0.44442,-0.059853,5.195006,301.8984,335.02744,-3.830198,2257.5506,2300.176,23.579652,2758.0076,2799.6922,22.698018,0,0,0,0,0.78,-1.13,0,0
2025/03/31 23:26:00.135,n,4.87019,90.898464,-0.560403,-0.537053,0.061336,-0.21227,-0.19458,0.037105,-4.045962,-0.557129,-0.444771,-0.05687,5.185012,301.8191,335.24344,-3.876734,2252.7458,2256.0012,23.460606,2771.4704,2760.594,24.62519,0,0,0,0,0.79,-1.14,0,0
2025/03/31 23:27:00.135,n,4.89016,90.468432,-0.770554,-0.863955,0.134136,-0.247648,-0.247648,0.038755,-4.138473,-0.529148,-0.449173,-0.061615,5.174987,301.38934,334.77304,-3.996883,2244.4782,2250.7492,11.983322,2746.6302,2758.6048,14.226736,0,0,0,0,0.78,-1.13,0,0
2025/03/31 23:28:00.135,n,4.88015,90.171504,-0.525378,-0.560403,0.049533,-0.141513,-0.147409,0.060936,-4.191011,-0.557129,-0.45993,-0.067589,5.160527,300.38806,334.17178,-4.026223,2272.4998,2266.0672,16.468152,2794.0852,2770.79,22.785962,0,0,0,0,0.78,-1.13,0,0
2025/03/31 23:29:00.135,n,4.878491,89.818328,-0.595428,-0.624616,0.089754,-0.176891,-0.21227,0.054808,-4.203574,-0.557129,-0.462402,-0.058098,5.156058,300.1524,334.99286,-4.050749,2220.048,2232.7746,11.661904,2732.0174,2747.4746,15.152558,0,0,0,0,0.78,-1.13,0,0
2025/03/31 23:30:07.040,n,4.911682,89.8618,-0.630454,-0.677154,0.052732,-0.21227,-0.241751,0.034784,-3.796408,-0.257423,-0.472099,-0.054413,5.155083,299.3088,335.31536,-3.956671,2212.5368,2227.355,9.465728,2757.2126,2758.2264,17.20465,0,0,0,0,0.78,-1.13,0,0
2025/03/31 23:31:00.137,n,4.946644,89.297352,0.141624,0.018274,0.110931,0.210731,0.252006,0.047023,-3.520586,0.01368,-0.479858,-0.052483,5.149526,298.61044,335.45962,-3.961641,2203.0452,2218.1028,16.661334,2727.2366,2748.427,17.2974,0,0,0,0,0.78,-1.12,0,0
2025/03/31 23:32:00.136,n,5.069741,88.43128,-0.035025,-0.005838,0.086977,0.175353,0.252006,0.075602,-3.401806,0.200218,-0.492737,-0.055992,5.1395,297.4473,335.09884,-4.038768,2247.9144,2276.325,23.83275,2795.238,2797.9804,23.949948,0,0,0,0,0.78,-1.13,0,0
2025/03/31 23:33:00.138,n,5.036488,88.326992,0,-0.017259,0.06193,0.247648,0.258671,0.053066,-3.428645,0.256802,-0.501915,-0.058456,5.128339,296.59878,334.8254,-4.128905,2224.3874,2244.5832,15.297058,2773.2884,2778.3636,6.26099,0,0,0,0,0.78,-1.14,0,0
2025/03/31 23:34:00.135,n,5.05143,88.093192,0.036548,-0.040101,0.08443,0.210731,0.240982,0.047146,-3.638224,0.142391,-0.50898,-0.054771,5.114982,295.92246,335.0875,-4.234824,2187.9978,2184.048,7.042727,2716.6634,2720.1888,9.077446,0,0,0,0,0.78,-1.13,0,0
2025/03/31 23:35:00.135,n,5.023205,88.150864,-0.140101,-0.104822,0.13632,0.069218,0.163817,0.076191,-3.585687,0.185295,-0.511276,-0.057579,5.103885,295.6695,334.78388,-4.224679,2202.7136,2186.3606,13.130118,2744.263,2722.4966,13.885244,0,0,0,0,0.78,-1.13,0,0
2025/03/31 23:36:00.135,n,5.026528,88.264576,-0.103553,-0.121827,0.043276,0.175353,0.216884,0.041582,-3.690762,0.185295,-0.514458,-0.061447,5.09386,295.34536,334.39142,-4.329067,2197.1774,2185.2092,17.742604,2753.3952,2735.9668,22.5211,0,0,0,0,0.78,-1.13,0,0
2025/03/31 23:37:00.135,n,4.971596,88.434408,-0.103553,-0.069035,0.083402,0.175353,0.193042,0.019377,-3.875214,0.056583,-0.513214,-0.0625,5.080504,295.3877,334.23266,-4.382512,2184.5042,2170.42,16.334014,2730.7244,2721.8098,8.14862,0,0,0,0,0.79,-1.13,0,0
2025/03/31 23:38:00.135,n,4.981556,88.107264,-0.175126,-0.168527,0.08692,0.175353,0.128695,0.042513,-3.717602,0.142391,-0.510567,-0.06179,5.068253,295.55692,334.23588,-4.308769,2185.3166,2175.8718,14.505172,2724.9084,2715.6714,16.370706,0,0,0,0,0.78,-1.13,0,0
2025/03/31 23:39:00.136,n,4.891712,88.498224,-0.208628,-0.150761,0.084377,0.175353,0.175353,0.031643,-3.743871,0.142391,-0.50827,-0.062851,5.057123,295.70118,334.08732,-4.331682,2284.3958,2264.2264,71.237632,2863.007,2823.343,88.390048,0,0,0,0,0.78,-1.14,0,0
2025/03/31 23:40:00.136,n,4.861782,88.915168,-0.208628,-0.151014,0.042677,0.03384,0.081267,0.036742,-3.98029,-0.029224,-0.505272,-0.063553,5.044872,295.9006,333.96502,-4.392784,2177.4524,2219.868,31.093408,2731.3488,2766.907,33.59762,0,0,0,0,0.79,-1.13,0,0
2025/03/31 23:41:00.136,n,4.956654,87.954472,-0.208628,-0.191623,0.028578,0.106135,0.112031,0.078844,-3.743871,0.142391,-0.500504,-0.060387,5.030411,296.24264,334.17576,-4.326379,2130.6722,2144.486,21.438284,2656.991,2678.6294,25.690466,0,0,0,0,0.78,-1.13,0,0
2025/03/31 23:42:00.140,n,5.054798,87.494072,-0.175126,-0.128172,0.064834,0.106135,0.081267,0.079727,-3.625661,0.256802,-0.499092,-0.06179,5.023717,296.332,334.01834,-4.319764,2158.7298,2155.028,9.121404,2697.4158,2676.2166,11.593102,0,0,0,0,0.78,-1.13,0,0
2025/03/31 23:43:00.135,n,5.069741,87.328496,-0.208628,-0.22741,0.048393,0.069218,0.075627,0.046721,-3.625661,0.342609,-0.499802,-0.064606,5.01262,296.2165,333.7142,-4.403466,2180.4134,2161.6542,11.366618,2747.9426,2715.7664,19.224984,0,0,0,0,0.78,-1.13,0,0
2025/03/31 23:44:00.135,n,5.039807,87.392512,-0.175126,-0.162943,0.036281,0.03384,0.075371,0.041582,-3.612527,0.285404,-0.504211,-0.068115,5.002579,295.78586,333.35336,-4.334028,2172.9422,2163.126,10.469002,2712.533,2715.2998,9.077446,0,0,0,0,0.78,-1.14,0,0
2025/03/31 23:45:00.135,n,4.89674,88.102568,-0.208628,-0.157106,0.036743,0.069218,0.034096,0.044511,-3.888349,0.042904,-0.510391,-0.066887,4.990312,295.19156,333.40274,-4.374757,2152.0652,2165.7916,9.444576,2695.9782,2710.2742,13.505554,0,0,0,0,0.78,-1.14,0,0
